<?xml version="1.0" encoding="utf-8" standalone="yes"?>
<Gesture Name="check9" Subject="4" Number="4" NumPts="141">
  <Point X="43.0" Y="119.0" />
  <Point X="45.0" Y="119.0" />
  <Point X="46.0" Y="119.0" />
  <Point X="47.0" Y="119.0" />
  <Point X="48.0" Y="119.0" />
  <Point X="50.0" Y="119.0" />
  <Point X="51.0" Y="119.0" />
  <Point X="52.0" Y="119.0" />
  <Point X="52.0" Y="120.0" />
  <Point X="53.0" Y="120.0" />
  <Point X="55.0" Y="120.0" />
  <Point X="56.0" Y="120.0" />
  <Point X="57.0" Y="120.0" />
  <Point X="58.0" Y="120.0" />
  <Point X="60.0" Y="120.0" />
  <Point X="61.0" Y="120.0" />
  <Point X="62.0" Y="120.0" />
  <Point X="63.0" Y="120.0" />
  <Point X="65.0" Y="120.0" />
  <Point X="66.0" Y="120.0" />
  <Point X="67.0" Y="120.0" />
  <Point X="68.0" Y="120.0" />
  <Point X="68.0" Y="122.0" />
  <Point X="70.0" Y="122.0" />
  <Point X="71.0" Y="122.0" />
  <Point X="72.0" Y="122.0" />
  <Point X="72.0" Y="123.0" />
  <Point X="73.0" Y="123.0" />
  <Point X="73.0" Y="124.0" />
  <Point X="75.0" Y="124.0" />
  <Point X="75.0" Y="125.0" />
  <Point X="76.0" Y="127.0" />
  <Point X="76.0" Y="128.0" />
  <Point X="77.0" Y="129.0" />
  <Point X="77.0" Y="130.0" />
  <Point X="77.0" Y="132.0" />
  <Point X="78.0" Y="132.0" />
  <Point X="78.0" Y="133.0" />
  <Point X="78.0" Y="134.0" />
  <Point X="78.0" Y="135.0" />
  <Point X="80.0" Y="135.0" />
  <Point X="80.0" Y="137.0" />
  <Point X="80.0" Y="138.0" />
  <Point X="81.0" Y="138.0" />
  <Point X="82.0" Y="138.0" />
  <Point X="82.0" Y="136.0" />
  <Point X="82.0" Y="135.0" />
  <Point X="83.0" Y="135.0" />
  <Point X="83.0" Y="134.0" />
  <Point X="85.0" Y="134.0" />
  <Point X="85.0" Y="133.0" />
  <Point X="86.0" Y="133.0" />
  <Point X="86.0" Y="131.0" />
  <Point X="87.0" Y="131.0" />
  <Point X="87.0" Y="130.0" />
  <Point X="88.0" Y="129.0" />
  <Point X="90.0" Y="128.0" />
  <Point X="91.0" Y="126.0" />
  <Point X="92.0" Y="126.0" />
  <Point X="92.0" Y="125.0" />
  <Point X="93.0" Y="124.0" />
  <Point X="95.0" Y="124.0" />
  <Point X="95.0" Y="123.0" />
  <Point X="96.0" Y="123.0" />
  <Point X="96.0" Y="121.0" />
  <Point X="97.0" Y="121.0" />
  <Point X="97.0" Y="120.0" />
  <Point X="98.0" Y="120.0" />
  <Point X="98.0" Y="119.0" />
  <Point X="100.0" Y="119.0" />
  <Point X="100.0" Y="118.0" />
  <Point X="101.0" Y="118.0" />
  <Point X="101.0" Y="116.0" />
  <Point X="102.0" Y="116.0" />
  <Point X="102.0" Y="115.0" />
  <Point X="103.0" Y="115.0" />
  <Point X="103.0" Y="114.0" />
  <Point X="105.0" Y="114.0" />
  <Point X="105.0" Y="113.0" />
  <Point X="106.0" Y="113.0" />
  <Point X="106.0" Y="111.0" />
  <Point X="107.0" Y="111.0" />
  <Point X="107.0" Y="110.0" />
  <Point X="108.0" Y="110.0" />
  <Point X="108.0" Y="109.0" />
  <Point X="110.0" Y="109.0" />
  <Point X="110.0" Y="108.0" />
  <Point X="111.0" Y="108.0" />
  <Point X="111.0" Y="106.0" />
  <Point X="112.0" Y="106.0" />
  <Point X="112.0" Y="105.0" />
  <Point X="113.0" Y="105.0" />
  <Point X="113.0" Y="104.0" />
  <Point X="115.0" Y="104.0" />
  <Point X="115.0" Y="103.0" />
  <Point X="116.0" Y="103.0" />
  <Point X="116.0" Y="101.0" />
  <Point X="117.0" Y="101.0" />
  <Point X="117.0" Y="100.0" />
  <Point X="118.0" Y="100.0" />
  <Point X="118.0" Y="99.0" />
  <Point X="120.0" Y="99.0" />
  <Point X="120.0" Y="98.0" />
  <Point X="121.0" Y="98.0" />
  <Point X="121.0" Y="96.0" />
  <Point X="122.0" Y="96.0" />
  <Point X="122.0" Y="95.0" />
  <Point X="123.0" Y="95.0" />
  <Point X="123.0" Y="94.0" />
  <Point X="125.0" Y="94.0" />
  <Point X="125.0" Y="93.0" />
  <Point X="126.0" Y="93.0" />
  <Point X="126.0" Y="91.0" />
  <Point X="127.0" Y="90.0" />
  <Point X="128.0" Y="89.0" />
  <Point X="130.0" Y="88.0" />
  <Point X="131.0" Y="86.0" />
  <Point X="131.0" Y="85.0" />
  <Point X="132.0" Y="85.0" />
  <Point X="132.0" Y="84.0" />
  <Point X="133.0" Y="84.0" />
  <Point X="133.0" Y="83.0" />
  <Point X="135.0" Y="83.0" />
  <Point X="135.0" Y="81.0" />
  <Point X="136.0" Y="81.0" />
  <Point X="136.0" Y="80.0" />
  <Point X="137.0" Y="80.0" />
  <Point X="137.0" Y="79.0" />
  <Point X="138.0" Y="79.0" />
  <Point X="138.0" Y="78.0" />
  <Point X="140.0" Y="76.0" />
  <Point X="141.0" Y="75.0" />
  <Point X="142.0" Y="74.0" />
  <Point X="143.0" Y="73.0" />
  <Point X="145.0" Y="71.0" />
  <Point X="146.0" Y="71.0" />
  <Point X="146.0" Y="70.0" />
  <Point X="147.0" Y="70.0" />
  <Point X="147.0" Y="69.0" />
  <Point X="148.0" Y="69.0" />
  <Point X="148.0" Y="68.0" />
</Project_1_Part_4>
