<?xml version="1.0" encoding="utf-8" standalone="yes"?>
<Gesture Name="arrow9" Subject="2" Number="2" NumPts="313">
  <Point X="44.0" Y="153.0" />
  <Point X="45.0" Y="153.0" />
  <Point X="46.0" Y="153.0" />
  <Point X="47.0" Y="153.0" />
  <Point X="48.0" Y="153.0" />
  <Point X="48.3522624316876" Y="153.0" />
  <Point X="49.0" Y="153.0" />
  <Point X="49.0" Y="152.0" />
  <Point X="50.0" Y="152.0" />
  <Point X="50.0" Y="151.0" />
  <Point X="50.7045248633752" Y="151.0" />
  <Point X="51.0" Y="151.0" />
  <Point X="52.0" Y="151.0" />
  <Point X="53.0" Y="151.0" />
  <Point X="53.0" Y="150.0" />
  <Point X="54.0" Y="150.0" />
  <Point X="54.0567872950628" Y="150.0" />
  <Point X="55.0" Y="150.0" />
  <Point X="55.0" Y="149.0" />
  <Point X="56.0" Y="149.0" />
  <Point X="57.0" Y="149.0" />
  <Point X="57.289241835627706" Y="148.7107581643723" />
  <Point X="58.0" Y="148.0" />
  <Point X="59.0" Y="147.0" />
  <Point X="60.0" Y="147.0" />
  <Point X="60.932885033691804" Y="147.0" />
  <Point X="61.0" Y="147.0" />
  <Point X="61.0" Y="146.0" />
  <Point X="62.0" Y="146.0" />
  <Point X="64.0" Y="146.0" />
  <Point X="64.0" Y="145.7148525346206" />
  <Point X="64.0" Y="145.0" />
  <Point X="65.0" Y="145.0" />
  <Point X="66.0" Y="145.0" />
  <Point X="67.0" Y="144.0" />
  <Point X="67.2231963346939" Y="144.0" />
  <Point X="68.0" Y="144.0" />
  <Point X="69.0" Y="143.0" />
  <Point X="70.0" Y="142.0" />
  <Point X="70.7470316416353" Y="142.0" />
  <Point X="71.0" Y="142.0" />
  <Point X="73.0" Y="142.0" />
  <Point X="73.0" Y="141.0" />
  <Point X="74.0" Y="141.0" />
  <Point X="74.07021151257825" Y="140.92978848742175" />
  <Point X="75.0" Y="140.0" />
  <Point X="76.0" Y="140.0" />
  <Point X="77.0" Y="140.0" />
  <Point X="77.92782773428675" Y="139.5360861328566" />
  <Point X="79.0" Y="139.0" />
  <Point X="79.0" Y="138.0" />
  <Point X="80.0" Y="138.0" />
  <Point X="81.0" Y="138.0" />
  <Point X="81.1373280225558" Y="137.93133598872208" />
  <Point X="83.0" Y="137.0" />
  <Point X="84.0" Y="137.0" />
  <Point X="85.0" Y="137.0" />
  <Point X="85.1907292209533" Y="136.8092707790467" />
  <Point X="86.0" Y="136.0" />
  <Point X="87.0" Y="135.0" />
  <Point X="88.0" Y="135.0" />
  <Point X="88.79356715795443" Y="135.0" />
  <Point X="89.0" Y="135.0" />
  <Point X="90.0" Y="134.0" />
  <Point X="91.0" Y="133.0" />
  <Point X="92.31740246489584" Y="133.0" />
  <Point X="93.0" Y="133.0" />
  <Point X="95.0" Y="132.0" />
  <Point X="96.0" Y="132.0" />
  <Point X="96.43359691908364" Y="132.0" />
  <Point X="98.0" Y="132.0" />
  <Point X="99.0" Y="130.0" />
  <Point X="99.54979137327145" Y="130.0" />
  <Point X="100.0" Y="130.0" />
  <Point X="101.0" Y="130.0" />
  <Point X="102.0" Y="130.0" />
  <Point X="103.0" Y="129.0" />
  <Point X="103.48784024258595" Y="129.0" />
  <Point X="104.0" Y="129.0" />
  <Point X="104.0" Y="128.0" />
  <Point X="105.0" Y="128.0" />
  <Point X="106.0" Y="127.0" />
  <Point X="106.42588911190045" Y="127.0" />
  <Point X="108.0" Y="127.0" />
  <Point X="109.0" Y="127.0" />
  <Point X="110.0" Y="127.0" />
  <Point X="110.55023623326188" Y="126.44976376673812" />
  <Point X="111.0" Y="126.0" />
  <Point X="113.0" Y="126.0" />
  <Point X="113.0" Y="125.0" />
  <Point X="113.71620041290255" Y="125.0" />
  <Point X="114.0" Y="125.0" />
  <Point X="116.0" Y="124.0" />
  <Point X="117.0" Y="124.0" />
  <Point X="117.0" Y="123.16760513290964" />
  <Point X="117.0" Y="123.0" />
  <Point X="118.0" Y="123.0" />
  <Point X="119.0" Y="122.0" />
  <Point X="120.0" Y="122.0" />
  <Point X="120.77044373640486" Y="122.0" />
  <Point X="121.0" Y="122.0" />
  <Point X="122.0" Y="121.0" />
  <Point X="124.0" Y="121.0" />
  <Point X="124.70849260571936" Y="121.0" />
  <Point X="125.0" Y="121.0" />
  <Point X="126.0" Y="120.0" />
  <Point X="127.0" Y="120.0" />
  <Point X="128.0" Y="119.0" />
  <Point X="128.23232791266076" Y="119.0" />
  <Point X="129.0" Y="119.0" />
  <Point X="130.0" Y="119.0" />
  <Point X="131.0" Y="118.0" />
  <Point X="132.0" Y="118.0" />
  <Point X="132.17037678197528" Y="118.0" />
  <Point X="133.0" Y="118.0" />
  <Point X="134.0" Y="117.0" />
  <Point X="135.0" Y="117.0" />
  <Point X="135.78377529446811" Y="116.21622470553189" />
  <Point X="136.0" Y="116.0" />
  <Point X="137.0" Y="116.0" />
  <Point X="137.0" Y="115.0" />
  <Point X="138.0" Y="115.0" />
  <Point X="139.0" Y="115.0" />
  <Point X="139.03286244867166" Y="114.96713755132832" />
  <Point X="140.0" Y="114.0" />
  <Point X="141.0" Y="114.0" />
  <Point X="142.0" Y="114.0" />
  <Point X="142.69616316524832" Y="113.30383683475166" />
  <Point X="143.0" Y="113.0" />
  <Point X="144.0" Y="113.0" />
  <Point X="144.0" Y="112.0" />
  <Point X="145.0" Y="112.0" />
  <Point X="145.0" Y="111.07742774076672" />
  <Point X="145.0" Y="111.0" />
  <Point X="146.0" Y="111.0" />
  <Point X="147.0" Y="111.0" />
  <Point X="148.0" Y="111.0" />
  <Point X="148.0" Y="110.0" />
  <Point X="147.72516530907913" Y="110.0" />
  <Point X="147.0" Y="110.0" />
  <Point X="146.0" Y="110.0" />
  <Point X="145.0" Y="110.0" />
  <Point X="144.0" Y="110.0" />
  <Point X="143.37290287739154" Y="110.0" />
  <Point X="143.0" Y="110.0" />
  <Point X="142.0" Y="110.0" />
  <Point X="141.0" Y="110.0" />
  <Point X="140.0" Y="110.0" />
  <Point X="139.02064044570395" Y="110.0" />
  <Point X="139.0" Y="110.0" />
  <Point X="138.0" Y="110.0" />
  <Point X="137.0" Y="110.0" />
  <Point X="136.0" Y="110.0" />
  <Point X="135.0" Y="110.0" />
  <Point X="134.66837801401635" Y="110.0" />
  <Point X="134.0" Y="110.0" />
  <Point X="133.0" Y="110.0" />
  <Point X="132.0" Y="110.0" />
  <Point X="131.0" Y="110.0" />
  <Point X="130.31611558232876" Y="110.0" />
  <Point X="130.0" Y="110.0" />
  <Point X="129.0" Y="110.0" />
  <Point X="128.0" Y="110.0" />
  <Point X="127.0" Y="110.0" />
  <Point X="127.0" Y="111.0" />
  <Point X="126.96385315064117" Y="111.0" />
  <Point X="126.0" Y="111.0" />
  <Point X="125.0" Y="111.0" />
  <Point X="124.0" Y="111.0" />
  <Point X="123.0" Y="111.0" />
  <Point X="123.0" Y="111.38840928104642" />
  <Point X="123.0" Y="112.0" />
  <Point X="122.0" Y="112.0" />
  <Point X="121.0" Y="112.0" />
  <Point X="120.0" Y="112.0" />
  <Point X="119.25932828726599" Y="112.0" />
  <Point X="119.0" Y="112.0" />
  <Point X="119.0" Y="113.0" />
  <Point X="118.0" Y="113.0" />
  <Point X="117.0" Y="113.0" />
  <Point X="116.0" Y="113.0" />
  <Point X="115.9070658555784" Y="113.0" />
  <Point X="115.0" Y="113.0" />
  <Point X="115.0" Y="114.0" />
  <Point X="114.0" Y="114.0" />
  <Point X="113.0" Y="114.0" />
  <Point X="112.5548034238908" Y="114.0" />
  <Point X="112.0" Y="114.0" />
  <Point X="111.0" Y="114.0" />
  <Point X="110.0" Y="114.0" />
  <Point X="111.0" Y="114.0" />
  <Point X="111.79745900779679" Y="114.0" />
  <Point X="112.0" Y="114.0" />
  <Point X="113.0" Y="114.0" />
  <Point X="114.0" Y="114.0" />
  <Point X="115.0" Y="114.0" />
  <Point X="116.0" Y="114.0" />
  <Point X="116.0" Y="113.85027856051562" />
  <Point X="116.0" Y="113.0" />
  <Point X="117.0" Y="113.0" />
  <Point X="118.0" Y="113.0" />
  <Point X="119.0" Y="113.0" />
  <Point X="119.0" Y="112.49801612882803" />
  <Point X="119.0" Y="112.0" />
  <Point X="120.0" Y="112.0" />
  <Point X="121.0" Y="112.0" />
  <Point X="122.0" Y="112.0" />
  <Point X="122.0" Y="111.14575369714044" />
  <Point X="122.0" Y="111.0" />
  <Point X="123.0" Y="111.0" />
  <Point X="124.0" Y="111.0" />
  <Point X="125.0" Y="111.0" />
  <Point X="126.0" Y="111.0" />
  <Point X="126.0" Y="110.79349126545284" />
  <Point X="126.0" Y="110.0" />
  <Point X="127.0" Y="110.0" />
  <Point X="128.0" Y="110.0" />
  <Point X="129.0" Y="110.0" />
  <Point X="129.39511088077612" Y="109.60488911922388" />
  <Point X="130.0" Y="109.0" />
  <Point X="131.0" Y="109.0" />
  <Point X="132.0" Y="108.0" />
  <Point X="133.0" Y="108.0" />
  <Point X="133.08260647317618" Y="108.0" />
  <Point X="134.0" Y="108.0" />
  <Point X="135.0" Y="108.0" />
  <Point X="136.0" Y="108.0" />
  <Point X="137.0" Y="108.0" />
  <Point X="137.43486890486378" Y="108.0" />
  <Point X="138.0" Y="108.0" />
  <Point X="139.0" Y="107.0" />
  <Point X="140.0" Y="107.0" />
  <Point X="141.0" Y="107.0" />
  <Point X="141.3729177741783" Y="107.0" />
  <Point X="142.0" Y="107.0" />
  <Point X="143.0" Y="107.0" />
  <Point X="144.0" Y="107.0" />
  <Point X="145.0" Y="107.0" />
  <Point X="145.72518020586588" Y="107.0" />
  <Point X="146.0" Y="107.0" />
  <Point X="147.0" Y="107.0" />
  <Point X="148.0" Y="107.0" />
  <Point X="149.0" Y="107.0" />
  <Point X="149.0" Y="108.0" />
  <Point X="149.0" Y="108.07744263755347" />
  <Point X="149.0" Y="109.0" />
  <Point X="149.0" Y="110.0" />
  <Point X="149.0" Y="111.0" />
  <Point X="149.0" Y="112.0" />
  <Point X="149.0" Y="112.42970506924107" />
  <Point X="149.0" Y="113.0" />
  <Point X="149.0" Y="114.0" />
  <Point X="149.0" Y="115.0" />
  <Point X="149.0" Y="116.0" />
  <Point X="149.0" Y="116.78196750092866" />
  <Point X="149.0" Y="117.0" />
  <Point X="149.0" Y="118.0" />
  <Point X="149.0" Y="119.0" />
  <Point X="149.0" Y="120.0" />
  <Point X="148.0" Y="120.0" />
  <Point X="148.0" Y="120.13422993261625" />
  <Point X="148.0" Y="121.0" />
  <Point X="148.0" Y="122.0" />
  <Point X="148.0" Y="123.0" />
  <Point X="147.0" Y="124.0" />
  <Point X="147.0" Y="124.07227880193075" />
  <Point X="147.0" Y="125.0" />
  <Point X="146.0" Y="126.0" />
  <Point X="146.0" Y="127.0" />
  <Point X="146.0" Y="128.0" />
  <Point X="146.0" Y="128.01032767124525" />
  <Point X="146.0" Y="129.0" />
  <Point X="146.0" Y="130.0" />
  <Point X="145.0" Y="130.0" />
  <Point X="145.0" Y="131.0" />
  <Point X="145.0" Y="131.36259010293284" />
  <Point X="145.0" Y="132.0" />
  <Point X="145.0" Y="133.0" />
  <Point X="144.0" Y="133.0" />
  <Point X="144.0" Y="134.0" />
  <Point X="144.0" Y="134.71485253462043" />
  <Point X="144.0" Y="135.0" />
  <Point X="143.0" Y="135.0" />
  <Point X="143.0" Y="136.0" />
  <Point X="143.0" Y="137.0" />
  <Point X="142.24543577101792" Y="137.75456422898208" />
  <Point X="142.0" Y="138.0" />
  <Point X="142.0" Y="139.0" />
  <Point X="142.0" Y="140.0" />
  <Point X="141.0" Y="140.0" />
  <Point X="141.0" Y="141.0" />
  <Point X="141.0" Y="141.00516383562257" />
  <Point X="141.0" Y="142.0" />
  <Point X="140.0" Y="143.0" />
  <Point X="140.0" Y="144.0" />
  <Point X="140.0" Y="144.94321270493708" />
  <Point X="140.0" Y="145.0" />
  <Point X="139.0" Y="145.0" />
  <Point X="139.0" Y="146.0" />
  <Point X="138.0" Y="146.0" />
  <Point X="138.0" Y="147.0" />
  <Point X="138.0" Y="147.29547513662467" />
  <Point X="138.0" Y="148.0" />
  <Point X="138.0" Y="147.0" />
  <Point X="138.0" Y="146.0" />
  <Point X="138.0" Y="145.0" />
  <Point X="138.0" Y="144.35226243168773" />
  <Point X="138.0" Y="144.0" />
  <Point X="138.0" Y="143.0" />
  <Point X="138.0" Y="142.0" />
  <Point X="138.0" Y="141.0" />
  <Point X="138.0" Y="140.00000000000014" />
  <Point X="138.0" Y="140.0" />
</Project_1_Part_4>
