<?xml version="1.0" encoding="utf-8" standalone="yes"?>
<Gesture Name="arrow4" Subject="2" Number="2" NumPts="387">
  <Point X="65.0" Y="141.0" />
  <Point X="66.0" Y="141.0" />
  <Point X="67.0" Y="141.0" />
  <Point X="67.0" Y="140.0" />
  <Point X="68.0" Y="140.0" />
  <Point X="68.0" Y="139.0" />
  <Point X="69.0" Y="139.0" />
  <Point X="69.28084832340015" Y="139.0" />
  <Point X="70.0" Y="139.0" />
  <Point X="70.0" Y="138.0" />
  <Point X="71.0" Y="138.0" />
  <Point X="72.0" Y="137.0" />
  <Point X="73.0" Y="136.0" />
  <Point X="73.73326952205412" Y="136.0" />
  <Point X="74.0" Y="136.0" />
  <Point X="75.0" Y="135.0" />
  <Point X="76.0" Y="135.0" />
  <Point X="76.0" Y="134.0" />
  <Point X="77.0" Y="134.0" />
  <Point X="78.0" Y="134.0" />
  <Point X="78.0" Y="133.40009571691883" />
  <Point X="78.0" Y="133.0" />
  <Point X="79.0" Y="133.0" />
  <Point X="79.0" Y="132.0" />
  <Point X="80.0" Y="132.0" />
  <Point X="81.0" Y="131.0" />
  <Point X="82.0" Y="131.0" />
  <Point X="82.0" Y="130.53346095589177" />
  <Point X="82.0" Y="130.0" />
  <Point X="83.0" Y="130.0" />
  <Point X="85.0" Y="129.0" />
  <Point X="85.0" Y="128.0" />
  <Point X="86.0" Y="128.0" />
  <Point X="86.5113193900086" Y="128.0" />
  <Point X="87.0" Y="128.0" />
  <Point X="88.0" Y="127.0" />
  <Point X="89.0" Y="126.0" />
  <Point X="90.0" Y="125.0" />
  <Point X="91.0" Y="125.0" />
  <Point X="91.38857428673455" Y="124.61142571326545" />
  <Point X="92.0" Y="124.0" />
  <Point X="94.0" Y="122.0" />
  <Point X="95.0" Y="121.0" />
  <Point X="95.82980472781496" Y="120.17019527218504" />
  <Point X="96.0" Y="120.0" />
  <Point X="97.0" Y="120.0" />
  <Point X="98.0" Y="119.0" />
  <Point X="99.0" Y="118.0" />
  <Point X="100.0" Y="118.0" />
  <Point X="100.85682160652227" Y="117.14317839347773" />
  <Point X="101.0" Y="117.0" />
  <Point X="102.0" Y="116.0" />
  <Point X="103.0" Y="115.0" />
  <Point X="104.0" Y="115.0" />
  <Point X="105.0" Y="113.0" />
  <Point X="105.01386839525918" Y="113.0" />
  <Point X="106.0" Y="113.0" />
  <Point X="107.0" Y="112.0" />
  <Point X="108.0" Y="111.0" />
  <Point X="109.0" Y="111.0" />
  <Point X="110.0" Y="110.0" />
  <Point X="110.03682331503926" Y="109.96317668496074" />
  <Point X="111.0" Y="109.0" />
  <Point X="112.0" Y="108.0" />
  <Point X="113.0" Y="107.0" />
  <Point X="114.86960654940206" Y="106.06519672529896" />
  <Point X="115.0" Y="106.0" />
  <Point X="116.0" Y="106.0" />
  <Point X="117.0" Y="105.0" />
  <Point X="118.0" Y="104.0" />
  <Point X="119.0" Y="103.0" />
  <Point X="119.79820768919542" Y="102.60089615540228" />
  <Point X="121.0" Y="102.0" />
  <Point X="121.0" Y="101.0" />
  <Point X="123.0" Y="100.0" />
  <Point X="124.0" Y="99.0" />
  <Point X="124.2028845856548" Y="98.7971154143452" />
  <Point X="125.0" Y="98.0" />
  <Point X="126.0" Y="98.0" />
  <Point X="127.0" Y="96.0" />
  <Point X="128.0" Y="96.0" />
  <Point X="128.64876263427792" Y="95.35123736572208" />
  <Point X="130.0" Y="94.0" />
  <Point X="131.0" Y="94.0" />
  <Point X="133.0" Y="92.0" />
  <Point X="133.38288629417178" Y="91.61711370582823" />
  <Point X="134.0" Y="91.0" />
  <Point X="135.0" Y="90.0" />
  <Point X="137.0" Y="89.0" />
  <Point X="137.78612825231912" Y="87.42774349536175" />
  <Point X="138.0" Y="87.0" />
  <Point X="139.0" Y="87.0" />
  <Point X="140.0" Y="86.0" />
  <Point X="141.0" Y="85.0" />
  <Point X="142.76576870849894" Y="84.11711564575053" />
  <Point X="143.0" Y="84.0" />
  <Point X="144.0" Y="83.0" />
  <Point X="145.0" Y="82.0" />
  <Point X="146.0" Y="80.0" />
  <Point X="146.9544746760272" Y="80.0" />
  <Point X="148.0" Y="80.0" />
  <Point X="149.0" Y="79.0" />
  <Point X="150.0" Y="78.0" />
  <Point X="151.70193239459698" Y="76.29806760540303" />
  <Point X="152.0" Y="76.0" />
  <Point X="153.0" Y="76.0" />
  <Point X="154.0" Y="74.0" />
  <Point X="155.0" Y="74.0" />
  <Point X="156.0" Y="73.0" />
  <Point X="156.1478104432201" Y="72.8521895567799" />
  <Point X="157.0" Y="72.0" />
  <Point X="158.0" Y="71.0" />
  <Point X="159.0" Y="70.0" />
  <Point X="161.0" Y="69.0" />
  <Point X="161.0" Y="68.98882480775669" />
  <Point X="161.0" Y="68.0" />
  <Point X="162.0" Y="68.0" />
  <Point X="163.0" Y="67.0" />
  <Point X="164.0" Y="67.0" />
  <Point X="164.83978214086764" Y="65.3204357182647" />
  <Point X="165.0" Y="65.0" />
  <Point X="166.0" Y="64.0" />
  <Point X="167.0" Y="64.0" />
  <Point X="167.0" Y="63.0" />
  <Point X="168.0" Y="62.0" />
  <Point X="169.0" Y="62.0" />
  <Point X="169.06658341917364" Y="61.93341658082636" />
  <Point X="170.0" Y="61.0" />
  <Point X="170.0" Y="60.0" />
  <Point X="171.0" Y="60.0" />
  <Point X="171.0" Y="59.0" />
  <Point X="172.0" Y="59.0" />
  <Point X="172.0" Y="58.03920206454841" />
  <Point X="172.0" Y="58.0" />
  <Point X="173.0" Y="58.0" />
  <Point X="174.0" Y="57.0" />
  <Point X="175.0" Y="56.0" />
  <Point X="176.0" Y="55.0" />
  <Point X="176.0" Y="54.000994428267546" />
  <Point X="176.0" Y="54.0" />
  <Point X="177.0" Y="54.0" />
  <Point X="178.0" Y="53.0" />
  <Point X="179.0" Y="52.0" />
  <Point X="180.0" Y="51.0" />
  <Point X="180.0" Y="50.0" />
  <Point X="180.03721320801333" Y="50.0" />
  <Point X="181.0" Y="50.0" />
  <Point X="181.0" Y="49.0" />
  <Point X="182.0" Y="49.0" />
  <Point X="182.0" Y="48.0" />
  <Point X="183.0" Y="48.0" />
  <Point X="183.0" Y="47.0" />
  <Point X="183.22490346569705" Y="46.77509653430295" />
  <Point X="184.0" Y="46.0" />
  <Point X="184.0" Y="45.0" />
  <Point X="185.0" Y="45.0" />
  <Point X="186.0" Y="45.0" />
  <Point X="186.0" Y="44.0" />
  <Point X="187.0" Y="44.0" />
  <Point X="186.81530370755945" Y="44.0" />
  <Point X="186.0" Y="44.0" />
  <Point X="185.0" Y="44.0" />
  <Point X="184.0" Y="44.0" />
  <Point X="183.0" Y="44.0" />
  <Point X="182.0" Y="44.0" />
  <Point X="181.0" Y="44.0" />
  <Point X="180.67081024519416" Y="44.329189754805846" />
  <Point X="180.0" Y="45.0" />
  <Point X="179.0" Y="45.0" />
  <Point X="178.0" Y="45.0" />
  <Point X="177.0" Y="46.0" />
  <Point X="176.0" Y="46.0" />
  <Point X="176.0" Y="46.91796581449466" />
  <Point X="176.0" Y="47.0" />
  <Point X="175.0" Y="47.0" />
  <Point X="173.0" Y="47.0" />
  <Point X="172.0" Y="48.0" />
  <Point X="171.0" Y="48.0" />
  <Point X="170.21539942447828" Y="48.0" />
  <Point X="170.0" Y="48.0" />
  <Point X="169.0" Y="49.0" />
  <Point X="167.0" Y="50.0" />
  <Point X="166.0" Y="50.0" />
  <Point X="166.0" Y="51.0" />
  <Point X="165.58483264095102" Y="51.0" />
  <Point X="165.0" Y="51.0" />
  <Point X="164.0" Y="51.0" />
  <Point X="163.0" Y="52.0" />
  <Point X="162.0" Y="52.0" />
  <Point X="160.0" Y="52.0" />
  <Point X="160.0" Y="52.28180212007604" />
  <Point X="160.0" Y="53.0" />
  <Point X="159.0" Y="54.0" />
  <Point X="157.0" Y="54.0" />
  <Point X="157.0" Y="55.0" />
  <Point X="155.8515631188969" Y="55.0" />
  <Point X="155.0" Y="55.0" />
  <Point X="155.0" Y="56.0" />
  <Point X="154.0" Y="56.0" />
  <Point X="153.0" Y="56.0" />
  <Point X="151.0" Y="56.0" />
  <Point X="150.69644952083272" Y="56.3035504791673" />
  <Point X="150.0" Y="57.0" />
  <Point X="149.0" Y="57.0" />
  <Point X="148.0" Y="57.0" />
  <Point X="146.0" Y="58.0" />
  <Point X="146.0" Y="59.0" />
  <Point X="145.9401480119695" Y="59.0" />
  <Point X="145.0" Y="59.0" />
  <Point X="144.0" Y="59.0" />
  <Point X="143.0" Y="59.0" />
  <Point X="142.0" Y="60.0" />
  <Point X="141.0" Y="60.0" />
  <Point X="140.07351325094245" Y="60.0" />
  <Point X="140.0" Y="60.0" />
  <Point X="139.0" Y="61.0" />
  <Point X="138.0" Y="61.0" />
  <Point X="137.0" Y="61.0" />
  <Point X="137.0" Y="62.0" />
  <Point X="136.0" Y="62.0" />
  <Point X="135.29061055561343" Y="62.35469472219329" />
  <Point X="134.0" Y="63.0" />
  <Point X="133.0" Y="63.0" />
  <Point X="132.0" Y="63.0" />
  <Point X="130.0" Y="64.0" />
  <Point X="130.0" Y="64.60183387848517" />
  <Point X="130.0" Y="65.0" />
  <Point X="129.0" Y="65.0" />
  <Point X="128.0" Y="65.0" />
  <Point X="127.0" Y="65.0" />
  <Point X="127.0" Y="66.0" />
  <Point X="126.0" Y="66.0" />
  <Point X="125.11731779811468" Y="66.0" />
  <Point X="125.0" Y="66.0" />
  <Point X="124.0" Y="66.0" />
  <Point X="123.0" Y="67.0" />
  <Point X="122.0" Y="67.0" />
  <Point X="122.0" Y="68.0" />
  <Point X="121.0" Y="68.0" />
  <Point X="120.25068303708763" Y="68.0" />
  <Point X="120.0" Y="68.0" />
  <Point X="120.0" Y="69.0" />
  <Point X="119.0" Y="69.0" />
  <Point X="118.0" Y="69.0" />
  <Point X="118.0" Y="70.0" />
  <Point X="119.0" Y="70.0" />
  <Point X="120.0" Y="70.0" />
  <Point X="120.0" Y="69.96983471368748" />
  <Point X="120.0" Y="69.0" />
  <Point X="121.0" Y="69.0" />
  <Point X="121.0" Y="68.0" />
  <Point X="122.0" Y="68.0" />
  <Point X="123.0" Y="68.0" />
  <Point X="124.0" Y="68.0" />
  <Point X="124.0" Y="67.68898639028733" />
  <Point X="124.0" Y="67.0" />
  <Point X="125.0" Y="67.0" />
  <Point X="126.0" Y="66.0" />
  <Point X="127.0" Y="66.0" />
  <Point X="128.0" Y="66.0" />
  <Point X="128.83272314880335" Y="65.16727685119665" />
  <Point X="129.0" Y="65.0" />
  <Point X="130.0" Y="64.0" />
  <Point X="131.0" Y="64.0" />
  <Point X="132.0" Y="64.0" />
  <Point X="134.0" Y="63.0" />
  <Point X="134.3940015918939" Y="63.0" />
  <Point X="135.0" Y="63.0" />
  <Point X="136.0" Y="63.0" />
  <Point X="137.0" Y="62.0" />
  <Point X="138.0" Y="61.0" />
  <Point X="139.84642279054785" Y="61.0" />
  <Point X="140.0" Y="61.0" />
  <Point X="141.0" Y="60.0" />
  <Point X="142.0" Y="60.0" />
  <Point X="143.0" Y="59.0" />
  <Point X="144.0" Y="59.0" />
  <Point X="145.0" Y="59.0" />
  <Point X="145.0" Y="58.701156010798194" />
  <Point X="145.0" Y="58.0" />
  <Point X="147.0" Y="58.0" />
  <Point X="148.0" Y="57.0" />
  <Point X="149.0" Y="57.0" />
  <Point X="149.82411792761565" Y="56.17588207238435" />
  <Point X="150.0" Y="56.0" />
  <Point X="151.0" Y="56.0" />
  <Point X="152.0" Y="56.0" />
  <Point X="153.0" Y="55.0" />
  <Point X="154.0" Y="54.0" />
  <Point X="155.0" Y="54.0" />
  <Point X="155.1440280251364" Y="53.85597197486359" />
  <Point X="156.0" Y="53.0" />
  <Point X="157.0" Y="53.0" />
  <Point X="158.0" Y="53.0" />
  <Point X="159.0" Y="53.0" />
  <Point X="160.0" Y="53.0" />
  <Point X="160.0" Y="52.0" />
  <Point X="160.06289714645922" Y="51.9685514267704" />
  <Point X="162.0" Y="51.0" />
  <Point X="163.0" Y="51.0" />
  <Point X="164.0" Y="50.0" />
  <Point X="165.0" Y="50.0" />
  <Point X="165.4956026089072" Y="49.5043973910928" />
  <Point X="166.0" Y="49.0" />
  <Point X="167.0" Y="49.0" />
  <Point X="168.0" Y="48.0" />
  <Point X="169.0" Y="48.0" />
  <Point X="169.0" Y="47.0" />
  <Point X="170.0" Y="47.0" />
  <Point X="170.15330912971802" Y="47.0" />
  <Point X="171.0" Y="47.0" />
  <Point X="172.0" Y="47.0" />
  <Point X="172.0" Y="46.0" />
  <Point X="173.0" Y="46.0" />
  <Point X="174.0" Y="45.0" />
  <Point X="174.72120924157565" Y="44.278790758424364" />
  <Point X="175.0" Y="44.0" />
  <Point X="176.0" Y="44.0" />
  <Point X="177.0" Y="44.0" />
  <Point X="177.0" Y="43.0" />
  <Point X="178.0" Y="43.0" />
  <Point X="179.0" Y="43.0" />
  <Point X="179.0" Y="42.11342134822786" />
  <Point X="179.0" Y="42.0" />
  <Point X="180.0" Y="42.0" />
  <Point X="180.0" Y="41.0" />
  <Point X="181.0" Y="41.0" />
  <Point X="182.0" Y="41.0" />
  <Point X="182.0" Y="42.0" />
  <Point X="182.0" Y="43.0" />
  <Point X="182.0" Y="43.16742697517229" />
  <Point X="182.0" Y="44.0" />
  <Point X="182.0" Y="45.0" />
  <Point X="182.0" Y="46.0" />
  <Point X="182.0" Y="47.0" />
  <Point X="182.0" Y="48.0" />
  <Point X="182.0" Y="49.0" />
  <Point X="182.0" Y="49.44827529857244" />
  <Point X="182.0" Y="50.0" />
  <Point X="182.0" Y="51.0" />
  <Point X="182.0" Y="52.0" />
  <Point X="182.0" Y="53.0" />
  <Point X="182.0" Y="54.0" />
  <Point X="182.0" Y="55.0" />
  <Point X="182.0" Y="55.72912362197259" />
  <Point X="182.0" Y="56.0" />
  <Point X="182.0" Y="57.0" />
  <Point X="182.0" Y="58.0" />
  <Point X="182.0" Y="59.0" />
  <Point X="182.0" Y="60.0" />
  <Point X="182.0" Y="61.0" />
  <Point X="182.0" Y="62.0" />
  <Point X="182.0" Y="62.00997194537274" />
  <Point X="182.0" Y="63.0" />
  <Point X="182.0" Y="64.0" />
  <Point X="183.0" Y="65.0" />
  <Point X="183.0" Y="66.0" />
  <Point X="183.0" Y="67.0" />
  <Point X="183.0" Y="67.8766067063998" />
  <Point X="183.0" Y="68.0" />
  <Point X="183.0" Y="69.0" />
  <Point X="183.0" Y="70.0" />
  <Point X="183.0" Y="71.0" />
  <Point X="183.0" Y="73.0" />
  <Point X="183.0" Y="74.0" />
  <Point X="183.0" Y="74.15745502979995" />
  <Point X="183.0" Y="75.0" />
  <Point X="183.0" Y="76.0" />
  <Point X="183.0" Y="77.0" />
  <Point X="183.0" Y="78.0" />
  <Point X="183.0" Y="79.0" />
  <Point X="183.0" Y="80.0" />
  <Point X="183.0" Y="80.4383033532001" />
  <Point X="183.0" Y="81.0" />
  <Point X="183.0" Y="82.0" />
  <Point X="183.0" Y="83.0" />
  <Point X="183.0" Y="84.0" />
  <Point X="183.0" Y="85.0" />
  <Point X="183.0" Y="86.0" />
  <Point X="183.0" Y="86.71915167660025" />
  <Point X="183.0" Y="87.0" />
  <Point X="183.0" Y="88.0" />
  <Point X="183.0" Y="89.0" />
  <Point X="183.0" Y="90.0" />
  <Point X="183.0" Y="89.0" />
  <Point X="183.0" Y="88.0" />
  <Point X="183.0" Y="87.0" />
</Project_1_Part_4>
