<?xml version="1.0" encoding="utf-8" standalone="yes"?>
<Gesture Name="arrow10" Subject="2" Number="2" NumPts="375">
  <Point X="75.0" Y="171.0" />
  <Point X="76.0" Y="171.0" />
  <Point X="76.0" Y="170.0" />
  <Point X="77.0" Y="170.0" />
  <Point X="77.0" Y="169.0" />
  <Point X="78.0" Y="169.0" />
  <Point X="78.0" Y="168.57700988382484" />
  <Point X="78.0" Y="168.0" />
  <Point X="79.0" Y="168.0" />
  <Point X="79.0" Y="167.0" />
  <Point X="80.0" Y="167.0" />
  <Point X="80.0" Y="166.0" />
  <Point X="80.84598023235031" Y="166.0" />
  <Point X="81.0" Y="166.0" />
  <Point X="81.0" Y="165.0" />
  <Point X="82.0" Y="165.0" />
  <Point X="82.0" Y="164.0" />
  <Point X="83.0" Y="164.0" />
  <Point X="83.0" Y="163.0" />
  <Point X="83.26897034852547" Y="163.0" />
  <Point X="84.0" Y="163.0" />
  <Point X="84.0" Y="162.0" />
  <Point X="85.0" Y="162.0" />
  <Point X="86.0" Y="161.0" />
  <Point X="86.9035034992759" Y="160.0964965007241" />
  <Point X="87.0" Y="160.0" />
  <Point X="87.0" Y="159.0" />
  <Point X="88.0" Y="159.0" />
  <Point X="88.0" Y="158.0" />
  <Point X="89.0" Y="158.0" />
  <Point X="90.0" Y="158.0" />
  <Point X="90.20260267879823" Y="157.79739732120177" />
  <Point X="91.0" Y="157.0" />
  <Point X="92.0" Y="156.0" />
  <Point X="93.0" Y="155.0" />
  <Point X="94.0" Y="154.0" />
  <Point X="94.05265932281235" Y="154.0" />
  <Point X="95.0" Y="154.0" />
  <Point X="95.0" Y="153.0" />
  <Point X="96.0" Y="153.0" />
  <Point X="96.0" Y="152.0" />
  <Point X="97.0" Y="152.0" />
  <Point X="97.0" Y="151.5243505610125" />
  <Point X="97.0" Y="151.0" />
  <Point X="98.0" Y="150.0" />
  <Point X="99.0" Y="150.0" />
  <Point X="100.0" Y="149.0" />
  <Point X="100.0" Y="148.0" />
  <Point X="100.07021243041645" Y="148.0" />
  <Point X="102.0" Y="148.0" />
  <Point X="102.0" Y="147.0" />
  <Point X="102.0" Y="146.0" />
  <Point X="103.0" Y="146.0" />
  <Point X="103.34874686519339" Y="145.6512531348066" />
  <Point X="104.0" Y="145.0" />
  <Point X="104.0" Y="144.0" />
  <Point X="105.0" Y="144.0" />
  <Point X="106.0" Y="143.0" />
  <Point X="106.0" Y="142.0" />
  <Point X="106.08776553802056" Y="142.0" />
  <Point X="107.0" Y="142.0" />
  <Point X="108.0" Y="142.0" />
  <Point X="108.0" Y="141.0" />
  <Point X="109.0" Y="141.0" />
  <Point X="109.0" Y="140.0" />
  <Point X="109.36115878661116" Y="139.63884121338884" />
  <Point X="110.0" Y="139.0" />
  <Point X="110.0" Y="138.0" />
  <Point X="111.0" Y="138.0" />
  <Point X="112.0" Y="137.0" />
  <Point X="112.78157830969313" Y="136.21842169030685" />
  <Point X="113.0" Y="136.0" />
  <Point X="113.0" Y="135.0" />
  <Point X="114.0" Y="135.0" />
  <Point X="114.0" Y="134.0" />
  <Point X="115.0" Y="134.0" />
  <Point X="115.0" Y="133.0" />
  <Point X="115.11409519942673" Y="133.0" />
  <Point X="116.0" Y="133.0" />
  <Point X="117.0" Y="131.0" />
  <Point X="118.0" Y="131.0" />
  <Point X="118.0" Y="130.0" />
  <Point X="118.30101733810208" Y="130.0" />
  <Point X="119.0" Y="130.0" />
  <Point X="119.0" Y="129.0" />
  <Point X="120.0" Y="128.0" />
  <Point X="120.0" Y="127.0" />
  <Point X="121.0" Y="127.0" />
  <Point X="121.2190573617356" Y="126.7809426382644" />
  <Point X="122.0" Y="126.0" />
  <Point X="123.0" Y="125.0" />
  <Point X="123.0" Y="124.0" />
  <Point X="124.0" Y="124.0" />
  <Point X="124.0" Y="123.09564311666689" />
  <Point X="124.0" Y="123.0" />
  <Point X="125.0" Y="122.0" />
  <Point X="126.0" Y="122.0" />
  <Point X="126.0" Y="121.0" />
  <Point X="127.0" Y="121.0" />
  <Point X="127.0" Y="120.08686656286483" />
  <Point X="127.0" Y="120.0" />
  <Point X="128.0" Y="119.0" />
  <Point X="128.0" Y="118.0" />
  <Point X="129.0" Y="118.0" />
  <Point X="129.85950427727434" Y="116.28099144545133" />
  <Point X="130.0" Y="116.0" />
  <Point X="131.0" Y="114.0" />
  <Point X="133.0" Y="113.0" />
  <Point X="133.0" Y="112.36330382538698" />
  <Point X="133.0" Y="112.0" />
  <Point X="134.0" Y="112.0" />
  <Point X="134.0" Y="111.0" />
  <Point X="134.0" Y="110.0" />
  <Point X="136.0" Y="110.0" />
  <Point X="136.0" Y="109.94031370921182" />
  <Point X="136.0" Y="109.0" />
  <Point X="136.0" Y="108.0" />
  <Point X="137.0" Y="107.0" />
  <Point X="138.0" Y="106.0" />
  <Point X="138.0" Y="105.34575071778286" />
  <Point X="138.0" Y="105.0" />
  <Point X="139.0" Y="105.0" />
  <Point X="140.0" Y="104.0" />
  <Point X="140.0" Y="103.0" />
  <Point X="141.0" Y="102.0" />
  <Point X="141.2488122736461" Y="102.0" />
  <Point X="142.0" Y="102.0" />
  <Point X="142.0" Y="101.0" />
  <Point X="142.0" Y="100.0" />
  <Point X="143.0" Y="99.0" />
  <Point X="144.0" Y="99.0" />
  <Point X="144.0" Y="98.74241117255184" />
  <Point X="144.0" Y="98.0" />
  <Point X="145.0" Y="97.0" />
  <Point X="145.0" Y="96.0" />
  <Point X="146.0" Y="96.0" />
  <Point X="146.0" Y="95.0" />
  <Point X="146.18834876735536" Y="94.81165123264464" />
  <Point X="147.0" Y="94.0" />
  <Point X="148.0" Y="94.0" />
  <Point X="148.0" Y="93.0" />
  <Point X="149.0" Y="92.0" />
  <Point X="149.60876829043735" Y="91.39123170956266" />
  <Point X="150.0" Y="91.0" />
  <Point X="151.0" Y="90.0" />
  <Point X="151.0" Y="89.0" />
  <Point X="152.0" Y="89.0" />
  <Point X="152.0" Y="88.0" />
  <Point X="152.0" Y="87.54450863589186" />
  <Point X="152.0" Y="87.0" />
  <Point X="153.0" Y="87.0" />
  <Point X="153.0" Y="85.0" />
  <Point X="154.0" Y="85.0" />
  <Point X="154.87848148028328" Y="85.0" />
  <Point X="155.0" Y="85.0" />
  <Point X="155.0" Y="84.0" />
  <Point X="155.0" Y="83.0" />
  <Point X="156.0" Y="83.0" />
  <Point X="156.0" Y="82.0" />
  <Point X="157.0" Y="82.0" />
  <Point X="157.0" Y="81.69852840354156" />
  <Point X="157.0" Y="81.0" />
  <Point X="157.0" Y="80.0" />
  <Point X="158.0" Y="80.0" />
  <Point X="158.0" Y="79.0" />
  <Point X="158.0" Y="78.0" />
  <Point X="158.7244617126336" Y="78.0" />
  <Point X="159.0" Y="78.0" />
  <Point X="159.0" Y="77.0" />
  <Point X="160.0" Y="77.0" />
  <Point X="161.0" Y="77.0" />
  <Point X="161.0" Y="76.0" />
  <Point X="162.0" Y="76.0" />
  <Point X="162.0" Y="75.85254817119124" />
  <Point X="162.0" Y="75.0" />
  <Point X="161.0" Y="75.0" />
  <Point X="160.0" Y="75.0" />
  <Point X="159.0" Y="75.0" />
  <Point X="158.0" Y="75.0" />
  <Point X="157.4295580550161" Y="75.0" />
  <Point X="157.0" Y="75.0" />
  <Point X="156.0" Y="75.0" />
  <Point X="155.0" Y="75.0" />
  <Point X="154.0" Y="75.0" />
  <Point X="153.0" Y="75.0" />
  <Point X="152.00656793884093" Y="75.0" />
  <Point X="152.0" Y="75.0" />
  <Point X="152.0" Y="76.0" />
  <Point X="151.0" Y="76.0" />
  <Point X="150.0" Y="76.0" />
  <Point X="149.0" Y="76.0" />
  <Point X="148.0" Y="77.0" />
  <Point X="147.99779138503888" Y="77.0" />
  <Point X="147.0" Y="77.0" />
  <Point X="146.0" Y="78.0" />
  <Point X="145.0" Y="78.0" />
  <Point X="144.0" Y="78.0" />
  <Point X="143.28512553148852" Y="78.71487446851147" />
  <Point X="143.0" Y="79.0" />
  <Point X="142.0" Y="79.0" />
  <Point X="141.0" Y="79.0" />
  <Point X="140.0" Y="79.0" />
  <Point X="139.0" Y="80.0" />
  <Point X="139.0" Y="80.60554816019214" />
  <Point X="139.0" Y="81.0" />
  <Point X="138.0" Y="81.0" />
  <Point X="137.0" Y="81.0" />
  <Point X="137.0" Y="82.0" />
  <Point X="136.0" Y="82.0" />
  <Point X="135.0" Y="82.0" />
  <Point X="134.9798203912573" Y="82.0201796087427" />
  <Point X="134.0" Y="83.0" />
  <Point X="133.0" Y="84.0" />
  <Point X="132.0" Y="84.0" />
  <Point X="131.0" Y="85.0" />
  <Point X="130.8522940869888" Y="85.14770591301122" />
  <Point X="130.0" Y="86.0" />
  <Point X="129.0" Y="86.0" />
  <Point X="129.0" Y="87.0" />
  <Point X="128.0" Y="87.0" />
  <Point X="128.0" Y="88.0" />
  <Point X="127.78233574077478" Y="88.0" />
  <Point X="127.0" Y="88.0" />
  <Point X="126.0" Y="88.0" />
  <Point X="126.0" Y="89.0" />
  <Point X="125.0" Y="89.0" />
  <Point X="125.0" Y="90.0" />
  <Point X="124.35934562459963" Y="90.0" />
  <Point X="124.0" Y="90.0" />
  <Point X="123.0" Y="91.0" />
  <Point X="122.0" Y="91.0" />
  <Point X="122.0" Y="92.0" />
  <Point X="121.0" Y="92.0" />
  <Point X="121.0" Y="92.64943092920242" />
  <Point X="121.0" Y="93.0" />
  <Point X="121.0" Y="94.0" />
  <Point X="120.0" Y="94.0" />
  <Point X="120.0" Y="95.0" />
  <Point X="119.0" Y="95.0" />
  <Point X="119.0" Y="96.0" />
  <Point X="118.92757895462242" Y="96.0" />
  <Point X="118.0" Y="96.0" />
  <Point X="118.0" Y="97.0" />
  <Point X="117.0" Y="97.0" />
  <Point X="117.0" Y="98.0" />
  <Point X="118.0" Y="98.0" />
  <Point X="118.49541116155274" Y="98.0" />
  <Point X="119.0" Y="98.0" />
  <Point X="120.0" Y="98.0" />
  <Point X="121.0" Y="98.0" />
  <Point X="122.0" Y="98.0" />
  <Point X="123.0" Y="97.0" />
  <Point X="123.50418771535479" Y="97.0" />
  <Point X="124.0" Y="97.0" />
  <Point X="125.0" Y="97.0" />
  <Point X="125.0" Y="96.0" />
  <Point X="126.0" Y="96.0" />
  <Point X="127.0" Y="96.0" />
  <Point X="127.92717783152995" Y="96.0" />
  <Point X="128.0" Y="96.0" />
  <Point X="129.0" Y="95.0" />
  <Point X="130.0" Y="95.0" />
  <Point X="131.0" Y="95.0" />
  <Point X="132.0" Y="95.0" />
  <Point X="132.935954385332" Y="95.0" />
  <Point X="133.0" Y="95.0" />
  <Point X="133.0" Y="94.0" />
  <Point X="134.0" Y="94.0" />
  <Point X="135.0" Y="94.0" />
  <Point X="136.0" Y="93.0" />
  <Point X="136.94473093913405" Y="93.0" />
  <Point X="137.0" Y="93.0" />
  <Point X="138.0" Y="93.0" />
  <Point X="139.0" Y="92.0" />
  <Point X="140.0" Y="92.0" />
  <Point X="141.9535074929361" Y="92.0" />
  <Point X="142.0" Y="92.0" />
  <Point X="142.0" Y="91.0" />
  <Point X="144.0" Y="90.0" />
  <Point X="145.0" Y="90.0" />
  <Point X="146.0" Y="90.0" />
  <Point X="146.14042963161145" Y="90.0" />
  <Point X="147.0" Y="90.0" />
  <Point X="147.0" Y="89.0" />
  <Point X="148.0" Y="89.0" />
  <Point X="149.0" Y="89.0" />
  <Point X="150.0" Y="88.0" />
  <Point X="150.1492061854135" Y="88.0" />
  <Point X="151.0" Y="88.0" />
  <Point X="152.0" Y="88.0" />
  <Point X="153.0" Y="87.0" />
  <Point X="154.0" Y="87.0" />
  <Point X="154.8188174473963" Y="86.1811825526037" />
  <Point X="155.0" Y="86.0" />
  <Point X="156.0" Y="86.0" />
  <Point X="157.0" Y="86.0" />
  <Point X="158.0" Y="85.0" />
  <Point X="159.0" Y="85.0" />
  <Point X="159.53213018929173" Y="84.46786981070827" />
  <Point X="160.0" Y="84.0" />
  <Point X="161.0" Y="84.0" />
  <Point X="162.0" Y="84.0" />
  <Point X="162.0" Y="83.0" />
  <Point X="163.0" Y="83.0" />
  <Point X="163.0" Y="82.23867771555341" />
  <Point X="163.0" Y="82.0" />
  <Point X="164.0" Y="82.0" />
  <Point X="165.0" Y="82.0" />
  <Point X="165.0" Y="81.0" />
  <Point X="166.0" Y="81.0" />
  <Point X="167.0" Y="81.0" />
  <Point X="167.0" Y="80.81568759937825" />
  <Point X="167.0" Y="80.0" />
  <Point X="168.0" Y="80.0" />
  <Point X="169.0" Y="80.0" />
  <Point X="169.0" Y="79.0" />
  <Point X="170.0" Y="79.0" />
  <Point X="170.42942772785875" Y="78.57057227214125" />
  <Point X="171.0" Y="78.0" />
  <Point X="172.0" Y="78.0" />
  <Point X="172.0" Y="77.0" />
  <Point X="171.0" Y="77.0" />
  <Point X="170.0" Y="77.0" />
  <Point X="169.38392092940103" Y="77.0" />
  <Point X="169.0" Y="77.0" />
  <Point X="168.0" Y="77.0" />
  <Point X="167.0" Y="77.0" />
  <Point X="167.0" Y="78.0" />
  <Point X="167.0" Y="79.0" />
  <Point X="166.0" Y="79.0" />
  <Point X="166.0" Y="79.03906918677413" />
  <Point X="166.0" Y="80.0" />
  <Point X="166.0" Y="81.0" />
  <Point X="165.0" Y="81.0" />
  <Point X="165.0" Y="82.0" />
  <Point X="165.0" Y="83.0" />
  <Point X="164.53794069705071" Y="83.0" />
  <Point X="164.0" Y="83.0" />
  <Point X="164.0" Y="84.0" />
  <Point X="164.0" Y="85.0" />
  <Point X="164.0" Y="86.0" />
  <Point X="164.0" Y="87.0" />
  <Point X="164.0" Y="87.88504941912444" />
  <Point X="164.0" Y="88.0" />
  <Point X="164.0" Y="89.0" />
  <Point X="164.0" Y="90.0" />
  <Point X="164.0" Y="91.0" />
  <Point X="164.0" Y="92.0" />
  <Point X="164.0" Y="93.0" />
  <Point X="164.0" Y="93.3080395352996" />
  <Point X="164.0" Y="94.0" />
  <Point X="164.0" Y="95.0" />
  <Point X="164.0" Y="96.0" />
  <Point X="163.0" Y="96.0" />
  <Point X="163.0" Y="97.0" />
  <Point X="163.0" Y="97.73102965147476" />
  <Point X="163.0" Y="98.0" />
  <Point X="163.0" Y="99.0" />
  <Point X="163.0" Y="100.0" />
  <Point X="163.0" Y="101.0" />
  <Point X="163.0" Y="102.0" />
  <Point X="163.0" Y="103.0" />
  <Point X="163.0" Y="103.15401976764991" />
  <Point X="163.0" Y="104.0" />
  <Point X="163.0" Y="105.0" />
  <Point X="163.0" Y="106.0" />
  <Point X="163.0" Y="107.0" />
  <Point X="163.0" Y="108.0" />
  <Point X="163.0" Y="108.57700988382507" />
  <Point X="163.0" Y="109.0" />
  <Point X="163.0" Y="110.0" />
  <Point X="163.0" Y="111.0" />
  <Point X="163.0" Y="112.0" />
  <Point X="163.0" Y="113.0" />
  <Point X="163.0" Y="114.0" />
</Project_1_Part_4>
