<?xml version="1.0" encoding="utf-8" standalone="yes"?>
<Gesture Name="caret7" Subject="2" Number="2" NumPts="273">
  <Point X="48.0" Y="152.0" />
  <Point X="49.0" Y="151.0" />
  <Point X="49.0" Y="150.0" />
  <Point X="50.0" Y="150.0" />
  <Point X="50.481107005498934" Y="149.51889299450107" />
  <Point X="51.0" Y="149.0" />
  <Point X="52.0" Y="149.0" />
  <Point X="52.0" Y="148.0" />
  <Point X="52.0" Y="147.0" />
  <Point X="52.3607761042586" Y="147.0" />
  <Point X="53.0" Y="147.0" />
  <Point X="53.0" Y="146.0" />
  <Point X="54.0" Y="146.0" />
  <Point X="55.0" Y="145.0" />
  <Point X="55.02910745412371" Y="144.9708925458763" />
  <Point X="56.0" Y="144.0" />
  <Point X="56.0" Y="143.0" />
  <Point X="57.0" Y="143.0" />
  <Point X="57.0" Y="142.2784477914828" />
  <Point X="57.0" Y="142.0" />
  <Point X="58.0" Y="141.0" />
  <Point X="58.0" Y="140.0" />
  <Point X="59.0" Y="140.0" />
  <Point X="59.0" Y="139.5980597393535" />
  <Point X="59.0" Y="139.0" />
  <Point X="61.0" Y="138.0" />
  <Point X="61.0" Y="137.0" />
  <Point X="61.26047389764912" Y="137.0" />
  <Point X="62.0" Y="137.0" />
  <Point X="62.0" Y="136.0" />
  <Point X="63.0" Y="134.0" />
  <Point X="63.11900753465173" Y="134.0" />
  <Point X="64.0" Y="134.0" />
  <Point X="65.0" Y="133.0" />
  <Point X="65.0" Y="132.0" />
  <Point X="65.71500114918229" Y="131.64249942540886" />
  <Point X="67.0" Y="131.0" />
  <Point X="67.0" Y="130.0" />
  <Point X="68.0" Y="129.0" />
  <Point X="68.24371566141055" Y="129.0" />
  <Point X="69.0" Y="129.0" />
  <Point X="69.0" Y="128.0" />
  <Point X="70.0" Y="127.0" />
  <Point X="70.6534400023637" Y="126.3465599976363" />
  <Point X="71.0" Y="126.0" />
  <Point X="71.0" Y="125.0" />
  <Point X="72.0" Y="125.0" />
  <Point X="72.71755053147497" Y="123.56489893705005" />
  <Point X="73.0" Y="123.0" />
  <Point X="74.0" Y="122.0" />
  <Point X="74.0" Y="121.0" />
  <Point X="75.0" Y="121.0" />
  <Point X="75.03451518327738" Y="120.96548481672262" />
  <Point X="76.0" Y="120.0" />
  <Point X="77.0" Y="118.0" />
  <Point X="77.49313191492817" Y="118.0" />
  <Point X="78.0" Y="118.0" />
  <Point X="78.0" Y="117.0" />
  <Point X="79.0" Y="116.0" />
  <Point X="79.0" Y="115.0" />
  <Point X="79.17351996705747" Y="115.0" />
  <Point X="80.0" Y="115.0" />
  <Point X="81.0" Y="113.0" />
  <Point X="81.7297721019789" Y="112.2702278980211" />
  <Point X="82.0" Y="112.0" />
  <Point X="83.0" Y="111.0" />
  <Point X="84.0" Y="109.0" />
  <Point X="84.04395383976673" Y="108.95604616023327" />
  <Point X="85.0" Y="108.0" />
  <Point X="86.0" Y="107.0" />
  <Point X="86.59404929520879" Y="105.81190140958242" />
  <Point X="87.0" Y="105.0" />
  <Point X="88.0" Y="104.0" />
  <Point X="89.0" Y="103.0" />
  <Point X="89.25345614542661" Y="102.74654385457339" />
  <Point X="90.0" Y="102.0" />
  <Point X="91.0" Y="101.0" />
  <Point X="92.0" Y="100.0" />
  <Point X="92.21040204571223" Y="100.0" />
  <Point X="93.0" Y="100.0" />
  <Point X="93.0" Y="98.0" />
  <Point X="93.92277693761103" Y="97.07722306238897" />
  <Point X="94.0" Y="97.0" />
  <Point X="94.0" Y="96.0" />
  <Point X="95.0" Y="96.0" />
  <Point X="96.0" Y="95.0" />
  <Point X="96.40388394310997" Y="94.59611605689003" />
  <Point X="97.0" Y="94.0" />
  <Point X="98.0" Y="92.0" />
  <Point X="98.90828922449471" Y="91.54585538775265" />
  <Point X="100.0" Y="91.0" />
  <Point X="100.0" Y="90.0" />
  <Point X="101.0" Y="89.0" />
  <Point X="101.32514063749912" Y="88.67485936250088" />
  <Point X="102.0" Y="88.0" />
  <Point X="103.0" Y="87.0" />
  <Point X="104.0" Y="86.0" />
  <Point X="104.22046120537115" Y="85.77953879462885" />
  <Point X="105.0" Y="85.0" />
  <Point X="105.0" Y="83.0" />
  <Point X="105.88742139212751" Y="82.55628930393624" />
  <Point X="107.0" Y="82.0" />
  <Point X="107.0" Y="81.0" />
  <Point X="108.65531722145069" Y="80.17234138927465" />
  <Point X="109.0" Y="80.0" />
  <Point X="109.0" Y="79.0" />
  <Point X="111.0" Y="78.0" />
  <Point X="111.21160652538694" Y="77.57678694922613" />
  <Point X="112.0" Y="76.0" />
  <Point X="113.0" Y="76.0" />
  <Point X="113.59555444004853" Y="74.80889111990295" />
  <Point X="114.0" Y="74.0" />
  <Point X="115.0" Y="74.0" />
  <Point X="116.0" Y="73.0" />
  <Point X="116.0" Y="72.22397971312016" />
  <Point X="116.0" Y="72.0" />
  <Point X="117.0" Y="71.0" />
  <Point X="118.0" Y="71.0" />
  <Point X="119.0" Y="70.0" />
  <Point X="119.0" Y="69.95780522336395" />
  <Point X="119.0" Y="69.0" />
  <Point X="121.0" Y="68.0" />
  <Point X="121.0" Y="67.09927158636134" />
  <Point X="121.0" Y="67.0" />
  <Point X="122.0" Y="67.0" />
  <Point X="123.0" Y="66.0" />
  <Point X="124.0" Y="65.0" />
  <Point X="124.11801817479024" Y="64.88198182520976" />
  <Point X="125.0" Y="64.0" />
  <Point X="125.0" Y="63.0" />
  <Point X="126.0" Y="62.0" />
  <Point X="126.43307739315108" Y="62.0" />
  <Point X="127.0" Y="62.0" />
  <Point X="128.0" Y="61.0" />
  <Point X="129.0" Y="60.0" />
  <Point X="129.62542989743017" Y="59.68728505128492" />
  <Point X="131.0" Y="59.0" />
  <Point X="131.0" Y="58.0" />
  <Point X="132.0" Y="57.0" />
  <Point X="132.1435719575368" Y="57.0" />
  <Point X="133.0" Y="57.0" />
  <Point X="133.0" Y="56.0" />
  <Point X="134.0" Y="56.0" />
  <Point X="135.0" Y="56.0" />
  <Point X="135.0" Y="55.7618264279608" />
  <Point X="135.0" Y="55.0" />
  <Point X="135.0" Y="54.0" />
  <Point X="136.0" Y="54.0" />
  <Point X="136.0" Y="53.0" />
  <Point X="136.3327751865416" Y="53.0" />
  <Point X="137.0" Y="53.0" />
  <Point X="138.0" Y="52.0" />
  <Point X="139.0" Y="52.0" />
  <Point X="139.0" Y="53.0" />
  <Point X="139.0" Y="53.0131632386709" />
  <Point X="139.0" Y="54.0" />
  <Point X="139.0" Y="55.0" />
  <Point X="139.0" Y="56.0" />
  <Point X="139.0" Y="57.0" />
  <Point X="139.0" Y="57.10776485317329" />
  <Point X="139.0" Y="58.0" />
  <Point X="140.0" Y="59.0" />
  <Point X="140.0" Y="60.0" />
  <Point X="140.0" Y="60.788152905302596" />
  <Point X="140.0" Y="61.0" />
  <Point X="140.0" Y="62.0" />
  <Point X="140.0" Y="63.0" />
  <Point X="140.0" Y="64.0" />
  <Point X="140.0" Y="64.88275451980499" />
  <Point X="140.0" Y="65.0" />
  <Point X="141.0" Y="67.0" />
  <Point X="141.0" Y="68.0" />
  <Point X="141.0" Y="68.7412881568076" />
  <Point X="141.0" Y="69.0" />
  <Point X="141.0" Y="70.0" />
  <Point X="141.0" Y="71.0" />
  <Point X="141.0" Y="72.0" />
  <Point X="141.0" Y="72.83588977131" />
  <Point X="141.0" Y="73.0" />
  <Point X="141.0" Y="74.0" />
  <Point X="142.0" Y="75.0" />
  <Point X="142.0" Y="76.0" />
  <Point X="142.0" Y="76.5162778234393" />
  <Point X="142.0" Y="77.0" />
  <Point X="142.0" Y="78.0" />
  <Point X="143.0" Y="78.0" />
  <Point X="143.0" Y="79.0" />
  <Point X="143.0" Y="79.61087943794169" />
  <Point X="143.0" Y="80.0" />
  <Point X="143.0" Y="81.0" />
  <Point X="143.0" Y="82.0" />
  <Point X="143.0" Y="83.0" />
  <Point X="143.0" Y="83.70548105244409" />
  <Point X="143.0" Y="84.0" />
  <Point X="144.0" Y="85.0" />
  <Point X="144.0" Y="86.0" />
  <Point X="144.0" Y="87.0" />
  <Point X="144.0" Y="87.38586910457339" />
  <Point X="144.0" Y="88.0" />
  <Point X="145.0" Y="89.0" />
  <Point X="145.0" Y="90.0" />
  <Point X="145.0" Y="91.0" />
  <Point X="145.0" Y="91.06625715670269" />
  <Point X="145.0" Y="92.0" />
  <Point X="145.0" Y="93.0" />
  <Point X="145.0" Y="94.0" />
  <Point X="145.0" Y="95.0" />
  <Point X="145.11374432793247" Y="95.11374432793245" />
  <Point X="146.0" Y="96.0" />
  <Point X="146.0" Y="97.0" />
  <Point X="146.0" Y="98.0" />
  <Point X="146.0" Y="98.8412468233344" />
  <Point X="146.0" Y="99.0" />
  <Point X="146.0" Y="100.0" />
  <Point X="146.0" Y="101.0" />
  <Point X="146.0" Y="102.0" />
  <Point X="146.0" Y="102.9358484378368" />
  <Point X="146.0" Y="103.0" />
  <Point X="146.0" Y="104.0" />
  <Point X="147.0" Y="105.0" />
  <Point X="147.0" Y="106.0" />
  <Point X="147.0" Y="106.6162364899661" />
  <Point X="147.0" Y="107.0" />
  <Point X="148.0" Y="108.0" />
  <Point X="148.0" Y="110.0" />
  <Point X="148.0" Y="110.2966245420954" />
  <Point X="148.0" Y="111.0" />
  <Point X="148.0" Y="112.0" />
  <Point X="148.0" Y="113.0" />
  <Point X="148.0" Y="114.0" />
  <Point X="148.0" Y="114.3912261565978" />
  <Point X="148.0" Y="116.0" />
  <Point X="148.0" Y="117.0" />
  <Point X="148.0" Y="118.0" />
  <Point X="148.0" Y="118.48582777110019" />
  <Point X="148.0" Y="119.0" />
  <Point X="149.0" Y="119.0" />
  <Point X="149.0" Y="120.0" />
  <Point X="149.0" Y="121.0" />
  <Point X="149.0" Y="121.58042938560259" />
  <Point X="149.0" Y="122.0" />
  <Point X="149.0" Y="123.0" />
  <Point X="149.0" Y="124.0" />
  <Point X="149.0" Y="125.0" />
  <Point X="149.0" Y="125.67503100010498" />
  <Point X="149.0" Y="126.0" />
  <Point X="149.0" Y="127.0" />
  <Point X="150.0" Y="127.0" />
  <Point X="150.0" Y="128.0" />
  <Point X="150.0" Y="128.7696326146074" />
  <Point X="150.0" Y="129.0" />
  <Point X="150.0" Y="130.0" />
  <Point X="150.0" Y="131.0" />
  <Point X="150.0" Y="132.8642342291098" />
  <Point X="150.0" Y="133.0" />
  <Point X="150.0" Y="134.0" />
  <Point X="150.0" Y="135.0" />
  <Point X="150.0" Y="136.0" />
  <Point X="150.0" Y="136.9588358436122" />
  <Point X="150.0" Y="137.0" />
  <Point X="150.0" Y="138.0" />
  <Point X="150.0" Y="139.0" />
  <Point X="151.0" Y="140.0" />
  <Point X="151.0" Y="140.6392238957415" />
  <Point X="151.0" Y="141.0" />
  <Point X="151.0" Y="142.0" />
  <Point X="152.0" Y="142.0" />
  <Point X="152.0" Y="143.0" />
  <Point X="151.48110700549884" Y="142.48110700549884" />
  <Point X="151.0" Y="142.0" />
  <Point X="151.0" Y="141.0" />
  <Point X="150.0" Y="140.0" />
  <Point X="150.0" Y="139.0" />
</Project_1_Part_4>
