<?xml version="1.0" encoding="utf-8" standalone="yes"?>
<Gesture Name="caret3" Subject="2" Number="2" NumPts="262">
  <Point X="34.0" Y="157.0" />
  <Point X="34.0" Y="156.0" />
  <Point X="35.0" Y="156.0" />
  <Point X="35.0" Y="155.0" />
  <Point X="35.571189688252744" Y="155.0" />
  <Point X="36.0" Y="155.0" />
  <Point X="37.0" Y="155.0" />
  <Point X="37.0" Y="154.0" />
  <Point X="38.0" Y="154.0" />
  <Point X="38.0" Y="153.8576206234945" />
  <Point X="38.0" Y="153.0" />
  <Point X="38.0" Y="152.0" />
  <Point X="39.0" Y="152.0" />
  <Point X="39.0" Y="151.28643093524178" />
  <Point X="39.0" Y="151.0" />
  <Point X="40.0" Y="151.0" />
  <Point X="41.0" Y="151.0" />
  <Point X="41.0" Y="150.0" />
  <Point X="41.28475875301096" Y="150.0" />
  <Point X="42.0" Y="150.0" />
  <Point X="42.0" Y="149.0" />
  <Point X="43.0" Y="149.0" />
  <Point X="43.0" Y="148.1440515587363" />
  <Point X="43.0" Y="148.0" />
  <Point X="44.0" Y="148.0" />
  <Point X="44.0" Y="147.0" />
  <Point X="45.0" Y="147.0" />
  <Point X="45.30203226788442" Y="146.6979677321156" />
  <Point X="46.0" Y="146.0" />
  <Point X="47.0" Y="145.0" />
  <Point X="47.0" Y="144.0" />
  <Point X="47.169900693022996" Y="144.0" />
  <Point X="48.0" Y="144.0" />
  <Point X="49.0" Y="144.0" />
  <Point X="49.0" Y="143.0" />
  <Point X="49.74109038127574" Y="143.0" />
  <Point X="50.0" Y="143.0" />
  <Point X="50.0" Y="142.0" />
  <Point X="51.0" Y="142.0" />
  <Point X="51.0" Y="141.0" />
  <Point X="51.220815354793" Y="140.779184645207" />
  <Point X="52.0" Y="140.0" />
  <Point X="53.0" Y="140.0" />
  <Point X="54.0" Y="139.0" />
  <Point X="54.0" Y="138.94495736696499" />
  <Point X="54.0" Y="138.0" />
  <Point X="55.0" Y="138.0" />
  <Point X="55.0" Y="137.0" />
  <Point X="55.442813120980766" Y="136.55718687901924" />
  <Point X="56.0" Y="136.0" />
  <Point X="57.0" Y="136.0" />
  <Point X="57.797475061183626" Y="134.40504987763273" />
  <Point X="58.0" Y="134.0" />
  <Point X="59.0" Y="134.0" />
  <Point X="59.0" Y="133.0" />
  <Point X="60.0" Y="133.0" />
  <Point X="60.0" Y="132.88166984207965" />
  <Point X="60.0" Y="132.0" />
  <Point X="61.0" Y="131.0" />
  <Point X="61.0" Y="130.0" />
  <Point X="61.2753062838" Y="130.0" />
  <Point X="62.0" Y="130.0" />
  <Point X="62.0" Y="129.0" />
  <Point X="63.0" Y="129.0" />
  <Point X="63.0" Y="128.15350402794726" />
  <Point X="63.0" Y="128.0" />
  <Point X="64.0" Y="127.0" />
  <Point X="65.0" Y="126.0" />
  <Point X="65.0" Y="125.41074146444072" />
  <Point X="65.0" Y="125.0" />
  <Point X="66.0" Y="124.0" />
  <Point X="67.0" Y="123.0" />
  <Point X="67.0" Y="122.66797890093417" />
  <Point X="67.0" Y="122.0" />
  <Point X="68.0" Y="121.0" />
  <Point X="68.0" Y="120.0" />
  <Point X="68.48899722494548" Y="120.0" />
  <Point X="70.0" Y="120.0" />
  <Point X="70.0" Y="119.0" />
  <Point X="70.74966535564769" Y="118.25033464435231" />
  <Point X="71.0" Y="118.0" />
  <Point X="71.0" Y="117.0" />
  <Point X="71.0" Y="116.0" />
  <Point X="71.86066423874158" Y="115.13933576125842" />
  <Point X="72.0" Y="115.0" />
  <Point X="73.0" Y="115.0" />
  <Point X="73.0" Y="114.0" />
  <Point X="73.0" Y="113.0" />
  <Point X="73.3741391649575" Y="113.0" />
  <Point X="74.0" Y="113.0" />
  <Point X="74.0" Y="112.0" />
  <Point X="74.0" Y="111.0" />
  <Point X="74.94532885321024" Y="111.0" />
  <Point X="75.0" Y="111.0" />
  <Point X="75.0" Y="110.0" />
  <Point X="76.0" Y="110.0" />
  <Point X="76.0" Y="109.0" />
  <Point X="76.36523376327706" Y="108.63476623672294" />
  <Point X="77.0" Y="108.0" />
  <Point X="77.0" Y="107.0" />
  <Point X="78.0" Y="107.0" />
  <Point X="78.0" Y="106.32650533265738" />
  <Point X="78.0" Y="106.0" />
  <Point X="79.0" Y="105.0" />
  <Point X="79.0" Y="104.0" />
  <Point X="79.0" Y="103.16952920677772" />
  <Point X="79.0" Y="103.0" />
  <Point X="80.0" Y="103.0" />
  <Point X="81.0" Y="103.0" />
  <Point X="81.0" Y="102.0" />
  <Point X="81.28401685018564" Y="101.71598314981436" />
  <Point X="82.0" Y="101.0" />
  <Point X="82.0" Y="100.0" />
  <Point X="83.0" Y="99.0" />
  <Point X="83.0" Y="98.85557695501844" />
  <Point X="83.0" Y="98.0" />
  <Point X="84.0" Y="97.0" />
  <Point X="84.92022817874651" Y="96.07977182125349" />
  <Point X="85.0" Y="96.0" />
  <Point X="85.0" Y="95.0" />
  <Point X="86.0" Y="95.0" />
  <Point X="86.0" Y="94.0" />
  <Point X="86.32412028065386" Y="93.67587971934614" />
  <Point X="87.0" Y="93.0" />
  <Point X="87.0" Y="92.0" />
  <Point X="88.0" Y="91.0" />
  <Point X="88.20113786024741" Y="91.0" />
  <Point X="89.0" Y="91.0" />
  <Point X="89.0" Y="90.0" />
  <Point X="90.0" Y="89.0" />
  <Point X="90.0" Y="88.64188601387293" />
  <Point X="90.0" Y="88.0" />
  <Point X="91.0" Y="87.0" />
  <Point X="91.0" Y="86.0" />
  <Point X="91.51509011200672" Y="86.0" />
  <Point X="92.0" Y="86.0" />
  <Point X="93.0" Y="85.0" />
  <Point X="93.0" Y="84.0" />
  <Point X="93.47522259421598" Y="83.52477740578402" />
  <Point X="94.0" Y="83.0" />
  <Point X="95.0" Y="83.0" />
  <Point X="95.0" Y="82.0" />
  <Point X="95.58622147730986" Y="81.41377852269014" />
  <Point X="96.0" Y="81.0" />
  <Point X="97.0" Y="81.0" />
  <Point X="97.0" Y="80.0" />
  <Point X="97.0" Y="79.01398151035436" />
  <Point X="97.0" Y="79.0" />
  <Point X="98.0" Y="79.0" />
  <Point X="99.0" Y="79.0" />
  <Point X="99.0" Y="78.0" />
  <Point X="99.39400568112455" Y="77.60599431887545" />
  <Point X="100.0" Y="77.0" />
  <Point X="101.0" Y="77.0" />
  <Point X="101.0" Y="76.0" />
  <Point X="101.71418430377804" Y="76.0" />
  <Point X="102.0" Y="76.0" />
  <Point X="102.0" Y="75.0" />
  <Point X="103.0" Y="75.0" />
  <Point X="104.0" Y="75.0" />
  <Point X="104.28537399203078" Y="75.0" />
  <Point X="105.0" Y="75.0" />
  <Point X="105.0" Y="76.0" />
  <Point X="106.0" Y="76.0" />
  <Point X="106.0" Y="76.85656368028353" />
  <Point X="106.0" Y="77.0" />
  <Point X="106.0" Y="78.0" />
  <Point X="106.0" Y="79.0" />
  <Point X="107.0" Y="79.0" />
  <Point X="107.0" Y="79.42775336853627" />
  <Point X="107.0" Y="80.0" />
  <Point X="107.0" Y="81.0" />
  <Point X="107.0" Y="82.0" />
  <Point X="107.99894305678902" Y="82.0" />
  <Point X="108.0" Y="82.0" />
  <Point X="108.0" Y="83.0" />
  <Point X="109.0" Y="85.0" />
  <Point X="109.0" Y="85.33406476754197" />
  <Point X="109.0" Y="86.0" />
  <Point X="110.0" Y="87.0" />
  <Point X="110.0" Y="88.0" />
  <Point X="110.0" Y="88.49104089342163" />
  <Point X="110.0" Y="89.0" />
  <Point X="110.0" Y="90.0" />
  <Point X="111.0" Y="91.0" />
  <Point X="111.0" Y="91.64801701930128" />
  <Point X="111.0" Y="92.0" />
  <Point X="111.0" Y="93.0" />
  <Point X="112.0" Y="94.0" />
  <Point X="112.0" Y="94.80499314518093" />
  <Point X="112.0" Y="95.0" />
  <Point X="113.0" Y="95.0" />
  <Point X="113.0" Y="97.0" />
  <Point X="113.0" Y="97.37618283343367" />
  <Point X="113.0" Y="98.0" />
  <Point X="113.0" Y="99.0" />
  <Point X="113.8708914672012" Y="100.74178293440241" />
  <Point X="114.0" Y="101.0" />
  <Point X="114.0" Y="102.0" />
  <Point X="114.0" Y="103.0" />
  <Point X="114.90686036859051" Y="103.90686036859051" />
  <Point X="115.0" Y="104.0" />
  <Point X="116.0" Y="105.0" />
  <Point X="116.0" Y="106.0" />
  <Point X="116.72496603287095" Y="106.72496603287095" />
  <Point X="117.0" Y="107.0" />
  <Point X="117.0" Y="108.0" />
  <Point X="117.0" Y="109.0" />
  <Point X="117.83596491596484" Y="109.83596491596484" />
  <Point X="118.0" Y="110.0" />
  <Point X="119.0" Y="112.0" />
  <Point X="119.0" Y="113.0" />
  <Point X="119.04612608885027" Y="113.09225217770056" />
  <Point X="120.0" Y="115.0" />
  <Point X="120.64321066954616" Y="116.28642133909231" />
  <Point X="121.0" Y="117.0" />
  <Point X="121.0" Y="118.0" />
  <Point X="122.0" Y="119.0" />
  <Point X="122.0" Y="119.35917092933822" />
  <Point X="122.0" Y="120.0" />
  <Point X="122.0" Y="121.0" />
  <Point X="123.0" Y="122.0" />
  <Point X="123.0" Y="122.51614705521787" />
  <Point X="123.0" Y="123.0" />
  <Point X="123.0" Y="124.0" />
  <Point X="124.0" Y="125.0" />
  <Point X="124.0" Y="125.67312318109752" />
  <Point X="124.0" Y="126.0" />
  <Point X="125.0" Y="126.0" />
  <Point X="125.0" Y="127.0" />
  <Point X="125.0" Y="128.0" />
  <Point X="125.17275528664871" Y="128.1727552866487" />
  <Point X="126.0" Y="129.0" />
  <Point X="126.0" Y="130.0" />
  <Point X="126.0" Y="131.0" />
  <Point X="126.0" Y="131.4012889952299" />
  <Point X="126.0" Y="132.0" />
  <Point X="127.0" Y="133.0" />
  <Point X="127.0" Y="134.0" />
  <Point X="127.0" Y="134.55826512110954" />
  <Point X="127.0" Y="135.0" />
  <Point X="127.0" Y="136.0" />
  <Point X="128.0" Y="136.0" />
  <Point X="128.0" Y="137.0" />
  <Point X="128.0" Y="137.12945480936227" />
  <Point X="128.0" Y="138.0" />
  <Point X="129.0" Y="139.0" />
  <Point X="129.0" Y="140.0" />
  <Point X="129.0" Y="140.28643093524192" />
  <Point X="129.0" Y="141.0" />
  <Point X="130.0" Y="141.0" />
  <Point X="130.0" Y="142.0" />
  <Point X="130.0" Y="142.85762062349465" />
  <Point X="130.0" Y="143.0" />
  <Point X="130.0" Y="144.0" />
  <Point X="130.0" Y="145.0" />
  <Point X="130.0" Y="144.0" />
  <Point X="130.0" Y="143.57118968825262" />
  <Point X="130.0" Y="143.0" />
  <Point X="130.0" Y="142.0" />
  <Point X="130.0" Y="141.0" />
  <Point X="130.0" Y="140.0" />
</Project_1_Part_4>
