<?xml version="1.0" encoding="utf-8" standalone="yes"?>
<Gesture Name="check4" Subject="2" Number="2" NumPts="284">
  <Point X="69.0" Y="106.0" />
  <Point X="69.0" Y="107.0" />
  <Point X="69.0" Y="108.0" />
  <Point X="69.0" Y="109.0" />
  <Point X="70.0" Y="109.0" />
  <Point X="70.0" Y="109.60320565367576" />
  <Point X="70.0" Y="110.0" />
  <Point X="71.0" Y="110.0" />
  <Point X="71.0" Y="111.0" />
  <Point X="71.0" Y="112.0" />
  <Point X="71.0" Y="113.0" />
  <Point X="71.20641130735152" Y="113.0" />
  <Point X="72.0" Y="113.0" />
  <Point X="72.0" Y="114.0" />
  <Point X="72.0" Y="115.0" />
  <Point X="73.0" Y="116.0" />
  <Point X="73.0" Y="116.39540339865418" />
  <Point X="73.0" Y="117.0" />
  <Point X="73.0" Y="118.0" />
  <Point X="74.0" Y="118.0" />
  <Point X="74.0" Y="119.0" />
  <Point X="74.99860905232994" Y="119.0" />
  <Point X="75.0" Y="119.0" />
  <Point X="75.0" Y="120.0" />
  <Point X="75.0" Y="121.0" />
  <Point X="76.0" Y="122.0" />
  <Point X="76.0" Y="123.0" />
  <Point X="76.0" Y="123.1876011436326" />
  <Point X="76.0" Y="124.0" />
  <Point X="77.0" Y="125.0" />
  <Point X="77.0" Y="127.0" />
  <Point X="77.26629163017171" Y="127.26629163017171" />
  <Point X="78.0" Y="128.0" />
  <Point X="79.0" Y="130.0" />
  <Point X="79.0" Y="131.0" />
  <Point X="79.23300395181136" Y="131.23300395181136" />
  <Point X="80.0" Y="132.0" />
  <Point X="80.0" Y="133.0" />
  <Point X="80.0" Y="134.0" />
  <Point X="81.0" Y="135.0" />
  <Point X="81.07374832234865" Y="135.07374832234865" />
  <Point X="82.0" Y="136.0" />
  <Point X="82.0" Y="137.0" />
  <Point X="82.0" Y="138.0" />
  <Point X="82.0" Y="139.0" />
  <Point X="82.26232473424025" Y="139.13116236712014" />
  <Point X="84.0" Y="140.0" />
  <Point X="84.0" Y="141.0" />
  <Point X="84.0" Y="142.0" />
  <Point X="84.4669914521525" Y="142.46699145215248" />
  <Point X="85.0" Y="143.0" />
  <Point X="86.0" Y="144.0" />
  <Point X="86.0" Y="146.0" />
  <Point X="86.19462922346509" Y="146.38925844693017" />
  <Point X="87.0" Y="148.0" />
  <Point X="87.0" Y="149.0" />
  <Point X="88.0" Y="150.0" />
  <Point X="88.0" Y="150.3881282878788" />
  <Point X="88.0" Y="151.0" />
  <Point X="89.0" Y="152.0" />
  <Point X="89.0" Y="153.0" />
  <Point X="89.70530967531" Y="154.41061935062" />
  <Point X="90.0" Y="155.0" />
  <Point X="91.0" Y="156.0" />
  <Point X="92.0" Y="158.0" />
  <Point X="92.20787278760872" Y="158.20787278760872" />
  <Point X="93.0" Y="159.0" />
  <Point X="94.0" Y="161.0" />
  <Point X="94.0" Y="162.0" />
  <Point X="94.0" Y="162.24690062928744" />
  <Point X="94.0" Y="163.0" />
  <Point X="95.0" Y="164.0" />
  <Point X="95.0" Y="165.0" />
  <Point X="95.64215074632732" Y="166.28430149265463" />
  <Point X="96.0" Y="167.0" />
  <Point X="96.0" Y="168.0" />
  <Point X="98.0" Y="169.0" />
  <Point X="98.0" Y="169.56696241926628" />
  <Point X="98.0" Y="170.0" />
  <Point X="98.0" Y="171.0" />
  <Point X="99.0" Y="172.0" />
  <Point X="99.0" Y="173.75595451056893" />
  <Point X="99.0" Y="174.0" />
  <Point X="100.0" Y="175.0" />
  <Point X="100.0" Y="176.0" />
  <Point X="101.0" Y="177.0" />
  <Point X="101.0" Y="177.5307330394985" />
  <Point X="101.0" Y="178.0" />
  <Point X="101.0" Y="180.0" />
  <Point X="102.0" Y="180.0" />
  <Point X="102.80181573939333" Y="180.80181573939333" />
  <Point X="103.0" Y="181.0" />
  <Point X="103.0" Y="182.0" />
  <Point X="103.0" Y="183.0" />
  <Point X="104.0" Y="185.0" />
  <Point X="104.08686280697714" Y="185.0" />
  <Point X="105.0" Y="185.0" />
  <Point X="105.0" Y="186.0" />
  <Point X="105.0" Y="187.0" />
  <Point X="106.0" Y="188.0" />
  <Point X="106.0" Y="188.2758548982798" />
  <Point X="106.0" Y="189.0" />
  <Point X="107.0" Y="190.0" />
  <Point X="107.0" Y="191.0" />
  <Point X="108.0" Y="192.0" />
  <Point X="108.0" Y="192.05063342720936" />
  <Point X="108.0" Y="193.0" />
  <Point X="108.0" Y="194.0" />
  <Point X="109.0" Y="195.0" />
  <Point X="109.0" Y="196.0" />
  <Point X="109.1694408290852" Y="196.1694408290852" />
  <Point X="110.0" Y="197.0" />
  <Point X="110.0" Y="198.0" />
  <Point X="111.0" Y="199.0" />
  <Point X="111.0" Y="200.0" />
  <Point X="111.0101851996225" Y="200.0101851996225" />
  <Point X="112.0" Y="201.0" />
  <Point X="112.0" Y="202.0" />
  <Point X="112.0" Y="201.0" />
  <Point X="112.0" Y="200.0" />
  <Point X="112.20339613874428" Y="200.0" />
  <Point X="113.0" Y="200.0" />
  <Point X="113.0" Y="199.0" />
  <Point X="113.0" Y="198.0" />
  <Point X="113.0" Y="197.0" />
  <Point X="113.0" Y="196.19339820757995" />
  <Point X="113.0" Y="196.0" />
  <Point X="113.0" Y="195.0" />
  <Point X="113.0" Y="194.0" />
  <Point X="113.0" Y="193.0" />
  <Point X="113.0" Y="192.0" />
  <Point X="113.0" Y="191.5901925539042" />
  <Point X="113.0" Y="191.0" />
  <Point X="114.0" Y="189.0" />
  <Point X="114.0" Y="188.0" />
  <Point X="114.54938316456818" Y="187.45061683543182" />
  <Point X="115.0" Y="187.0" />
  <Point X="115.0" Y="186.0" />
  <Point X="115.0" Y="185.0" />
  <Point X="115.0" Y="184.0" />
  <Point X="115.0" Y="183.03406278642555" />
  <Point X="115.0" Y="183.0" />
  <Point X="115.0" Y="182.0" />
  <Point X="116.0" Y="181.0" />
  <Point X="116.0" Y="179.0" />
  <Point X="116.0" Y="178.8450706951229" />
  <Point X="116.0" Y="178.0" />
  <Point X="116.0" Y="176.0" />
  <Point X="117.0" Y="175.0" />
  <Point X="117.0" Y="174.65607860382025" />
  <Point X="117.0" Y="174.0" />
  <Point X="118.0" Y="172.0" />
  <Point X="118.0" Y="170.2889409276443" />
  <Point X="118.0" Y="170.0" />
  <Point X="118.0" Y="168.0" />
  <Point X="119.0" Y="168.0" />
  <Point X="119.0" Y="166.68573527396853" />
  <Point X="119.0" Y="166.0" />
  <Point X="120.0" Y="165.0" />
  <Point X="120.0" Y="163.0" />
  <Point X="120.0" Y="162.49674318266588" />
  <Point X="120.0" Y="162.0" />
  <Point X="121.0" Y="160.0" />
  <Point X="121.0" Y="159.0" />
  <Point X="121.27524290623606" Y="158.17427128129185" />
  <Point X="122.0" Y="156.0" />
  <Point X="123.0" Y="155.0" />
  <Point X="123.0" Y="154.10289107535564" />
  <Point X="123.0" Y="154.0" />
  <Point X="123.0" Y="152.0" />
  <Point X="123.0" Y="151.0" />
  <Point X="123.0" Y="150.0" />
  <Point X="123.22374748145158" Y="149.55250503709684" />
  <Point X="124.0" Y="148.0" />
  <Point X="125.0" Y="147.0" />
  <Point X="125.0" Y="146.0" />
  <Point X="125.0" Y="145.546761307877" />
  <Point X="125.0" Y="144.0" />
  <Point X="125.0" Y="143.0" />
  <Point X="126.0" Y="142.0" />
  <Point X="126.0" Y="141.35776921657435" />
  <Point X="126.0" Y="140.0" />
  <Point X="127.0" Y="139.0" />
  <Point X="127.0" Y="138.0" />
  <Point X="127.58776333139777" Y="137.41223666860225" />
  <Point X="128.0" Y="137.0" />
  <Point X="128.0" Y="136.0" />
  <Point X="129.0" Y="135.0" />
  <Point X="129.0" Y="133.39399859634213" />
  <Point X="129.0" Y="133.0" />
  <Point X="130.0" Y="133.0" />
  <Point X="130.0" Y="131.0" />
  <Point X="130.0" Y="130.0" />
  <Point X="130.14793172891268" Y="129.85206827108732" />
  <Point X="132.0" Y="128.0" />
  <Point X="132.0" Y="127.0" />
  <Point X="132.0" Y="126.01601441373681" />
  <Point X="132.0" Y="126.0" />
  <Point X="132.0" Y="124.0" />
  <Point X="133.0" Y="123.0" />
  <Point X="133.82942046998727" Y="122.17057953001274" />
  <Point X="134.0" Y="122.0" />
  <Point X="134.0" Y="121.0" />
  <Point X="134.0" Y="120.0" />
  <Point X="135.0" Y="118.0" />
  <Point X="135.12590179136873" Y="118.0" />
  <Point X="136.0" Y="118.0" />
  <Point X="136.0" Y="117.0" />
  <Point X="137.0" Y="115.0" />
  <Point X="137.22049395300405" Y="114.5590120939919" />
  <Point X="138.0" Y="113.0" />
  <Point X="138.0" Y="112.0" />
  <Point X="139.0" Y="112.0" />
  <Point X="139.3846829132102" Y="111.23063417357959" />
  <Point X="140.0" Y="110.0" />
  <Point X="141.0" Y="108.0" />
  <Point X="141.44329906441627" Y="107.11340187116744" />
  <Point X="142.0" Y="106.0" />
  <Point X="142.0" Y="105.0" />
  <Point X="143.0" Y="104.0" />
  <Point X="143.94417095619974" Y="104.0" />
  <Point X="144.0" Y="104.0" />
  <Point X="144.0" Y="102.0" />
  <Point X="145.0" Y="102.0" />
  <Point X="145.0" Y="100.4526233901245" />
  <Point X="145.0" Y="100.0" />
  <Point X="147.0" Y="100.0" />
  <Point X="147.0" Y="99.0" />
  <Point X="147.0" Y="98.0" />
  <Point X="147.10647773968353" Y="97.89352226031649" />
  <Point X="148.0" Y="97.0" />
  <Point X="148.0" Y="96.0" />
  <Point X="149.0" Y="96.0" />
  <Point X="149.0" Y="95.0" />
  <Point X="149.33957435485394" Y="95.0" />
  <Point X="150.0" Y="95.0" />
  <Point X="150.0" Y="94.0" />
  <Point X="151.0" Y="93.0" />
  <Point X="151.6835956963463" Y="91.63280860730742" />
  <Point X="152.0" Y="91.0" />
  <Point X="153.0" Y="91.0" />
  <Point X="153.0" Y="90.0" />
  <Point X="154.0" Y="89.0" />
  <Point X="154.0" Y="88.51850944004052" />
  <Point X="154.0" Y="88.0" />
  <Point X="156.0" Y="87.0" />
  <Point X="156.0" Y="85.15137176386455" />
  <Point X="156.0" Y="85.0" />
  <Point X="157.0" Y="85.0" />
  <Point X="158.0" Y="84.0" />
  <Point X="159.0" Y="83.0" />
  <Point X="159.0" Y="82.37659323493497" />
  <Point X="159.0" Y="82.0" />
  <Point X="160.0" Y="82.0" />
  <Point X="160.0" Y="81.0" />
  <Point X="161.0" Y="81.0" />
  <Point X="161.0" Y="80.0" />
  <Point X="161.1602391779927" Y="79.8397608220073" />
  <Point X="162.0" Y="79.0" />
  <Point X="162.0" Y="78.0" />
  <Point X="163.0" Y="78.0" />
  <Point X="164.0" Y="77.0" />
  <Point X="164.0" Y="76.99860905232964" />
  <Point X="164.0" Y="76.0" />
  <Point X="165.0" Y="76.0" />
  <Point X="165.0" Y="75.0" />
  <Point X="166.0" Y="74.0" />
  <Point X="166.190383038973" Y="74.0" />
  <Point X="167.0" Y="74.0" />
  <Point X="167.0" Y="73.0" />
  <Point X="168.0" Y="73.0" />
  <Point X="168.0" Y="72.0" />
  <Point X="168.79358869264877" Y="72.0" />
  <Point X="169.0" Y="72.0" />
  <Point X="169.0" Y="71.0" />
  <Point X="170.0" Y="71.0" />
  <Point X="170.0" Y="70.0" />
  <Point X="171.0" Y="70.0" />
  <Point X="171.39679434632453" Y="70.0" />
  <Point X="172.0" Y="70.0" />
  <Point X="172.0" Y="69.0" />
  <Point X="173.0" Y="69.0" />
  <Point X="173.0" Y="68.0" />
  <Point X="174.0" Y="68.0" />
</Project_1_Part_4>
