<?xml version="1.0" encoding="utf-8" standalone="yes"?>
<Gesture Name="check7" Subject="2" Number="2" NumPts="259">
  <Point X="213.0" Y="25.0" />
  <Point X="206.82187334313144" Y="27.574219440361905" />
  <Point X="200.64374668626286" Y="30.14843888072381" />
  <Point X="194.4656200293943" Y="32.72265832108572" />
  <Point X="188.28749337252572" Y="35.29687776144762" />
  <Point X="182.10936671565713" Y="37.87109720180952" />
  <Point X="175.93124005878855" Y="40.44531664217143" />
  <Point X="169.75311340191996" Y="43.019536082533335" />
  <Point X="163.5749867450514" Y="45.59375552289524" />
  <Point X="157.39686008818285" Y="48.16797496325715" />
  <Point X="151.21873343131426" Y="50.74219440361905" />
  <Point X="145.0406067744457" Y="53.31641384398095" />
  <Point X="138.86248011757712" Y="55.89063328434286" />
  <Point X="132.68435346070856" Y="58.46485272470477" />
  <Point X="126.50622680384" Y="61.03907216506667" />
  <Point X="120.32810014697142" Y="63.61329160542857" />
  <Point X="114.14997349010285" Y="66.18751104579047" />
  <Point X="107.97184683323428" Y="68.76173048615237" />
  <Point X="101.79372017636571" Y="71.33594992651427" />
  <Point X="95.61559351949714" Y="73.91016936687618" />
  <Point X="89.43746686262857" Y="76.48438880723808" />
  <Point X="83.25934020576" Y="79.05860824759998" />
  <Point X="77.08121354889143" Y="81.63282768796188" />
  <Point X="70.90308689202286" Y="84.2070471283238" />
  <Point X="64.72496023515428" Y="86.78126656868571" />
  <Point X="58.546833578285714" Y="89.35548600904761" />
  <Point X="52.36870692141714" Y="91.92970544940952" />
  <Point X="46.19058026454857" Y="94.50392488977143" />
  <Point X="45.0" Y="95.0" />
  <Point X="46.0" Y="95.0" />
  <Point X="47.0" Y="95.0" />
  <Point X="48.0" Y="95.0" />
  <Point X="49.0" Y="95.0" />
  <Point X="50.0" Y="95.0" />
  <Point X="50.403175258346664" Y="95.0" />
  <Point X="51.0" Y="95.0" />
  <Point X="51.0" Y="96.0" />
  <Point X="52.0" Y="96.0" />
  <Point X="53.0" Y="96.0" />
  <Point X="53.0" Y="97.0" />
  <Point X="54.0" Y="97.0" />
  <Point X="54.77509213067385" Y="97.77509213067385" />
  <Point X="55.0" Y="98.0" />
  <Point X="55.0" Y="99.0" />
  <Point X="56.0" Y="100.0" />
  <Point X="57.0" Y="100.0" />
  <Point X="58.0" Y="101.0" />
  <Point X="58.0" Y="102.0" />
  <Point X="58.546475661109284" Y="102.0" />
  <Point X="59.0" Y="102.0" />
  <Point X="59.0" Y="103.0" />
  <Point X="60.0" Y="104.0" />
  <Point X="60.0" Y="105.0" />
  <Point X="61.0" Y="105.0" />
  <Point X="62.0" Y="105.0" />
  <Point X="62.0" Y="105.82523264367714" />
  <Point X="62.0" Y="106.0" />
  <Point X="62.0" Y="107.0" />
  <Point X="63.0" Y="107.0" />
  <Point X="63.0" Y="108.0" />
  <Point X="64.0" Y="109.0" />
  <Point X="65.0" Y="110.0" />
  <Point X="65.0" Y="110.6897760638719" />
  <Point X="65.0" Y="111.0" />
  <Point X="66.0" Y="112.0" />
  <Point X="67.0" Y="113.0" />
  <Point X="68.0" Y="114.0" />
  <Point X="68.0" Y="115.0" />
  <Point X="69.0" Y="115.0" />
  <Point X="69.0" Y="115.14010592169357" />
  <Point X="69.0" Y="116.0" />
  <Point X="69.0" Y="117.0" />
  <Point X="70.0" Y="118.0" />
  <Point X="70.0" Y="119.0" />
  <Point X="71.0" Y="119.0" />
  <Point X="72.0" Y="120.0" />
  <Point X="72.0" Y="120.00464934188834" />
  <Point X="72.0" Y="121.0" />
  <Point X="72.0" Y="122.0" />
  <Point X="73.0" Y="122.0" />
  <Point X="73.0" Y="123.0" />
  <Point X="73.0" Y="124.0" />
  <Point X="74.0" Y="124.0" />
  <Point X="74.0" Y="124.69761988682929" />
  <Point X="74.0" Y="125.0" />
  <Point X="75.0" Y="126.0" />
  <Point X="76.0" Y="126.0" />
  <Point X="76.0" Y="128.0" />
  <Point X="77.0" Y="128.0" />
  <Point X="77.0" Y="128.97637686939714" />
  <Point X="77.0" Y="129.0" />
  <Point X="78.0" Y="130.0" />
  <Point X="78.0" Y="131.0" />
  <Point X="79.0" Y="132.0" />
  <Point X="79.0" Y="133.0" />
  <Point X="80.0" Y="134.0" />
  <Point X="80.0" Y="134.4267067272188" />
  <Point X="80.0" Y="135.0" />
  <Point X="81.0" Y="136.0" />
  <Point X="81.0" Y="137.0" />
  <Point X="82.0" Y="138.0" />
  <Point X="82.0" Y="139.0" />
  <Point X="83.0" Y="139.0" />
  <Point X="83.0" Y="139.29125014741356" />
  <Point X="83.0" Y="140.0" />
  <Point X="83.0" Y="141.0" />
  <Point X="84.0" Y="141.0" />
  <Point X="84.0" Y="142.0" />
  <Point X="84.0" Y="143.0" />
  <Point X="85.0" Y="143.0" />
  <Point X="85.0" Y="143.9842206923545" />
  <Point X="85.0" Y="144.0" />
  <Point X="85.0" Y="145.0" />
  <Point X="85.0" Y="146.0" />
  <Point X="86.0" Y="147.0" />
  <Point X="87.0" Y="147.0" />
  <Point X="87.0" Y="148.0" />
  <Point X="87.0" Y="149.0" />
  <Point X="87.0" Y="149.26297767492238" />
  <Point X="87.0" Y="150.0" />
  <Point X="88.0" Y="150.0" />
  <Point X="88.0" Y="151.0" />
  <Point X="88.0" Y="152.0" />
  <Point X="89.0" Y="152.0" />
  <Point X="89.0" Y="153.0" />
  <Point X="89.95594821986333" Y="153.0" />
  <Point X="90.0" Y="153.0" />
  <Point X="90.0" Y="152.0" />
  <Point X="90.0" Y="151.0" />
  <Point X="90.0" Y="150.0" />
  <Point X="90.0" Y="149.0" />
  <Point X="90.0" Y="148.0" />
  <Point X="90.0" Y="146.35108123519572" />
  <Point X="90.0" Y="146.0" />
  <Point X="91.0" Y="146.0" />
  <Point X="91.0" Y="145.0" />
  <Point X="91.0" Y="144.0" />
  <Point X="91.0" Y="142.0" />
  <Point X="91.0" Y="141.0" />
  <Point X="91.24175224933605" Y="140.75824775066397" />
  <Point X="92.0" Y="140.0" />
  <Point X="92.0" Y="139.0" />
  <Point X="92.0" Y="138.0" />
  <Point X="93.0" Y="137.0" />
  <Point X="93.0" Y="136.0" />
  <Point X="93.53953311888529" Y="134.92093376222942" />
  <Point X="94.0" Y="134.0" />
  <Point X="94.0" Y="133.0" />
  <Point X="94.0" Y="132.0" />
  <Point X="95.0" Y="131.0" />
  <Point X="96.0" Y="130.0" />
  <Point X="96.0" Y="129.16509182736505" />
  <Point X="96.0" Y="128.0" />
  <Point X="96.0" Y="127.0" />
  <Point X="97.0" Y="126.0" />
  <Point X="98.0" Y="124.0" />
  <Point X="98.39247338924119" Y="123.21505322151764" />
  <Point X="99.0" Y="122.0" />
  <Point X="100.0" Y="121.0" />
  <Point X="100.0" Y="120.0" />
  <Point X="101.0" Y="118.0" />
  <Point X="101.48381533275862" Y="117.51618466724138" />
  <Point X="102.0" Y="117.0" />
  <Point X="102.0" Y="116.0" />
  <Point X="103.0" Y="114.0" />
  <Point X="104.0" Y="113.0" />
  <Point X="104.0" Y="112.0" />
  <Point X="104.139840850597" Y="111.720318298806" />
  <Point X="105.0" Y="110.0" />
  <Point X="106.0" Y="109.0" />
  <Point X="106.0" Y="107.0" />
  <Point X="106.9584002650632" Y="106.0415997349368" />
  <Point X="107.0" Y="106.0" />
  <Point X="108.0" Y="106.0" />
  <Point X="108.0" Y="104.0" />
  <Point X="110.0" Y="103.0" />
  <Point X="110.0" Y="102.0" />
  <Point X="110.17802305748661" Y="101.64395388502678" />
  <Point X="111.0" Y="100.0" />
  <Point X="112.0" Y="99.0" />
  <Point X="112.0" Y="97.0" />
  <Point X="113.0" Y="97.0" />
  <Point X="113.31166485380813" Y="96.68833514619187" />
  <Point X="114.0" Y="96.0" />
  <Point X="114.0" Y="95.0" />
  <Point X="116.0" Y="93.0" />
  <Point X="116.0" Y="91.10890947900785" />
  <Point X="116.0" Y="91.0" />
  <Point X="118.0" Y="91.0" />
  <Point X="118.0" Y="89.0" />
  <Point X="119.0" Y="89.0" />
  <Point X="119.0" Y="87.4159389340669" />
  <Point X="119.0" Y="87.0" />
  <Point X="121.0" Y="86.0" />
  <Point X="121.0" Y="85.0" />
  <Point X="122.0" Y="85.0" />
  <Point X="122.0" Y="84.0" />
  <Point X="122.73607244412753" Y="83.26392755587247" />
  <Point X="123.0" Y="83.0" />
  <Point X="123.0" Y="82.0" />
  <Point X="124.0" Y="82.0" />
  <Point X="125.0" Y="81.0" />
  <Point X="125.0" Y="80.0" />
  <Point X="126.0" Y="79.0" />
  <Point X="126.49129349119593" Y="79.0" />
  <Point X="127.0" Y="79.0" />
  <Point X="127.0" Y="78.0" />
  <Point X="128.0" Y="76.0" />
  <Point X="129.0" Y="76.0" />
  <Point X="129.0" Y="75.0" />
  <Point X="129.67047586295664" Y="74.32952413704335" />
  <Point X="130.0" Y="74.0" />
  <Point X="131.0" Y="73.0" />
  <Point X="131.0" Y="72.0" />
  <Point X="132.0" Y="71.0" />
  <Point X="133.0" Y="71.0" />
  <Point X="133.0" Y="70.0" />
  <Point X="133.28180037800658" Y="69.71819962199343" />
  <Point X="134.0" Y="69.0" />
  <Point X="135.0" Y="68.0" />
  <Point X="136.0" Y="68.0" />
  <Point X="136.0" Y="67.0" />
  <Point X="137.0" Y="67.0" />
  <Point X="137.0" Y="66.0" />
  <Point X="137.18601811186994" Y="65.81398188813004" />
  <Point X="138.0" Y="65.0" />
  <Point X="139.0" Y="64.0" />
  <Point X="140.0" Y="64.0" />
  <Point X="140.0" Y="63.0" />
  <Point X="141.0" Y="63.0" />
  <Point X="141.0" Y="62.0" />
  <Point X="141.12761275684827" Y="62.0" />
  <Point X="142.0" Y="62.0" />
  <Point X="143.0" Y="61.0" />
  <Point X="144.0" Y="61.0" />
  <Point X="144.0" Y="60.0" />
  <Point X="145.0" Y="59.0" />
  <Point X="145.70156036078325" Y="58.29843963921675" />
  <Point X="146.0" Y="58.0" />
  <Point X="147.0" Y="58.0" />
  <Point X="148.0" Y="57.0" />
  <Point X="148.0" Y="56.0" />
  <Point X="149.0" Y="56.0" />
  <Point X="150.0" Y="56.0" />
  <Point X="150.0" Y="55.14330040276221" />
  <Point X="150.0" Y="55.0" />
  <Point X="151.0" Y="55.0" />
  <Point X="152.0" Y="54.0" />
  <Point X="153.0" Y="53.0" />
  <Point X="153.0" Y="52.0" />
  <Point X="154.0" Y="52.0" />
  <Point X="154.50999582851" Y="51.49000417148999" />
  <Point X="155.0" Y="51.0" />
  <Point X="156.0" Y="51.0" />
  <Point X="157.0" Y="51.0" />
  <Point X="157.0" Y="50.0" />
  <Point X="158.0" Y="50.0" />
  <Point X="158.0" Y="49.0" />
  <Point X="159.0" Y="49.0" />
</Project_1_Part_4>
