<?xml version="1.0" encoding="utf-8" standalone="yes"?>
<Gesture Name="check1" Subject="2" Number="2" NumPts="238">
  <Point X="57.0" Y="130.0" />
  <Point X="57.0" Y="131.0" />
  <Point X="57.0" Y="132.0" />
  <Point X="57.0" Y="133.0" />
  <Point X="57.3612325300741" Y="133.0" />
  <Point X="58.0" Y="133.0" />
  <Point X="58.0" Y="134.0" />
  <Point X="58.0" Y="135.0" />
  <Point X="58.0" Y="135.72246506014818" />
  <Point X="58.0" Y="136.0" />
  <Point X="58.0" Y="137.0" />
  <Point X="59.0" Y="137.0" />
  <Point X="59.0" Y="138.0" />
  <Point X="59.0" Y="138.08369759022227" />
  <Point X="59.0" Y="139.0" />
  <Point X="60.0" Y="140.0" />
  <Point X="60.0" Y="141.0" />
  <Point X="60.03071655792327" Y="141.0" />
  <Point X="61.0" Y="141.0" />
  <Point X="61.0" Y="142.0" />
  <Point X="61.0" Y="143.0" />
  <Point X="61.0" Y="143.39194908799738" />
  <Point X="61.0" Y="144.0" />
  <Point X="62.0" Y="144.0" />
  <Point X="62.0" Y="145.0" />
  <Point X="62.0" Y="145.75318161807147" />
  <Point X="62.0" Y="146.0" />
  <Point X="63.0" Y="147.0" />
  <Point X="63.0" Y="148.0" />
  <Point X="63.0" Y="148.70020058577248" />
  <Point X="63.0" Y="149.0" />
  <Point X="63.0" Y="150.0" />
  <Point X="64.0" Y="151.0" />
  <Point X="64.0" Y="151.6472195534735" />
  <Point X="64.0" Y="152.0" />
  <Point X="64.0" Y="153.0" />
  <Point X="65.0" Y="153.0" />
  <Point X="65.0" Y="154.0" />
  <Point X="65.0" Y="154.00845208354758" />
  <Point X="65.0" Y="155.0" />
  <Point X="66.0" Y="156.0" />
  <Point X="66.0" Y="156.9554710512486" />
  <Point X="66.0" Y="157.0" />
  <Point X="66.0" Y="158.0" />
  <Point X="67.0" Y="158.0" />
  <Point X="67.0" Y="159.0" />
  <Point X="67.0" Y="159.31670358132268" />
  <Point X="67.0" Y="160.0" />
  <Point X="67.0" Y="161.0" />
  <Point X="67.0" Y="162.0" />
  <Point X="67.67793611139678" Y="162.0" />
  <Point X="68.0" Y="162.0" />
  <Point X="68.0" Y="163.0" />
  <Point X="69.0" Y="164.0" />
  <Point X="69.0" Y="164.6249550790978" />
  <Point X="69.0" Y="165.0" />
  <Point X="69.0" Y="166.0" />
  <Point X="69.0" Y="167.0" />
  <Point X="69.0" Y="167.98618760917188" />
  <Point X="69.0" Y="168.0" />
  <Point X="70.0" Y="168.0" />
  <Point X="70.0" Y="169.0" />
  <Point X="70.0" Y="170.0" />
  <Point X="70.24566313638161" Y="170.2456631363816" />
  <Point X="71.0" Y="171.0" />
  <Point X="71.0" Y="172.0" />
  <Point X="71.0" Y="173.0" />
  <Point X="71.0" Y="173.29443910694698" />
  <Point X="71.0" Y="174.0" />
  <Point X="72.0" Y="174.0" />
  <Point X="72.0" Y="175.0" />
  <Point X="72.0" Y="175.65567163702107" />
  <Point X="72.0" Y="176.0" />
  <Point X="72.0" Y="175.0" />
  <Point X="73.0" Y="175.0" />
  <Point X="73.0" Y="174.0" />
  <Point X="73.0" Y="173.98309583290484" />
  <Point X="73.0" Y="173.0" />
  <Point X="73.0" Y="172.0" />
  <Point X="73.0" Y="171.0" />
  <Point X="73.0" Y="170.62186330283075" />
  <Point X="73.0" Y="170.0" />
  <Point X="74.0" Y="170.0" />
  <Point X="74.0" Y="169.0" />
  <Point X="74.0" Y="168.26063077275666" />
  <Point X="74.0" Y="168.0" />
  <Point X="74.0" Y="167.0" />
  <Point X="75.0" Y="167.0" />
  <Point X="75.0" Y="166.0" />
  <Point X="75.0" Y="165.89939824268257" />
  <Point X="75.0" Y="165.0" />
  <Point X="75.0" Y="164.0" />
  <Point X="76.0" Y="163.0" />
  <Point X="76.04762072501843" Y="163.0" />
  <Point X="77.0" Y="163.0" />
  <Point X="77.0" Y="162.0" />
  <Point X="77.0" Y="161.0" />
  <Point X="77.0" Y="160.59114674490746" />
  <Point X="77.0" Y="160.0" />
  <Point X="78.0" Y="159.0" />
  <Point X="78.60636449179403" Y="157.78727101641195" />
  <Point X="79.0" Y="157.0" />
  <Point X="80.0" Y="156.0" />
  <Point X="80.0" Y="155.0" />
  <Point X="80.0" Y="154.93317678700524" />
  <Point X="80.0" Y="154.0" />
  <Point X="81.0" Y="153.0" />
  <Point X="81.0" Y="152.0" />
  <Point X="81.00978789983638" Y="151.9902121001636" />
  <Point X="82.0" Y="151.0" />
  <Point X="82.0" Y="150.0" />
  <Point X="82.67943143381005" Y="149.32056856618993" />
  <Point X="83.0" Y="149.0" />
  <Point X="83.0" Y="147.0" />
  <Point X="83.90788011609779" Y="147.0" />
  <Point X="84.0" Y="147.0" />
  <Point X="85.0" Y="146.0" />
  <Point X="85.0" Y="144.14510091620122" />
  <Point X="85.0" Y="144.0" />
  <Point X="86.0" Y="142.0" />
  <Point X="86.69300964327375" Y="141.30699035672623" />
  <Point X="87.0" Y="141.0" />
  <Point X="87.0" Y="140.0" />
  <Point X="87.8618175401934" Y="138.2763649196132" />
  <Point X="88.0" Y="138.0" />
  <Point X="89.0" Y="137.0" />
  <Point X="89.0" Y="136.0" />
  <Point X="89.0" Y="135.3619664057247" />
  <Point X="89.0" Y="135.0" />
  <Point X="91.0" Y="134.0" />
  <Point X="91.0" Y="133.23680185315038" />
  <Point X="91.0" Y="132.0" />
  <Point X="92.0" Y="131.0" />
  <Point X="92.50219933781348" Y="130.4978006621865" />
  <Point X="93.0" Y="130.0" />
  <Point X="93.0" Y="129.0" />
  <Point X="94.0" Y="128.0" />
  <Point X="94.0" Y="127.75697748012148" />
  <Point X="94.0" Y="127.0" />
  <Point X="95.0" Y="126.0" />
  <Point X="95.0" Y="124.80995851242048" />
  <Point X="95.0" Y="124.0" />
  <Point X="97.0" Y="123.0" />
  <Point X="97.0" Y="122.68479395984617" />
  <Point X="97.0" Y="122.0" />
  <Point X="98.0" Y="121.0" />
  <Point X="98.56448418409272" Y="119.87103163181456" />
  <Point X="99.0" Y="119.0" />
  <Point X="99.0" Y="118.0" />
  <Point X="99.98103256632686" Y="117.01896743367314" />
  <Point X="100.0" Y="117.0" />
  <Point X="102.0" Y="115.0" />
  <Point X="102.0" Y="114.49401859661606" />
  <Point X="102.0" Y="114.0" />
  <Point X="103.0" Y="113.0" />
  <Point X="104.0" Y="112.0" />
  <Point X="104.0" Y="111.96121319128815" />
  <Point X="104.0" Y="111.0" />
  <Point X="105.0" Y="110.0" />
  <Point X="105.6970699494344" Y="109.3029300505656" />
  <Point X="106.0" Y="109.0" />
  <Point X="107.0" Y="108.0" />
  <Point X="108.0" Y="107.0" />
  <Point X="108.0" Y="106.89560238063234" />
  <Point X="108.0" Y="105.0" />
  <Point X="109.0" Y="105.0" />
  <Point X="109.0" Y="104.53436985055825" />
  <Point X="109.0" Y="104.0" />
  <Point X="111.0" Y="103.0" />
  <Point X="111.0" Y="102.40920529798395" />
  <Point X="111.0" Y="102.0" />
  <Point X="112.0" Y="101.0" />
  <Point X="113.0" Y="100.0" />
  <Point X="113.0" Y="99.87639989265604" />
  <Point X="113.0" Y="99.0" />
  <Point X="115.0" Y="98.0" />
  <Point X="115.0" Y="97.75123534008173" />
  <Point X="115.0" Y="97.0" />
  <Point X="117.0" Y="96.0" />
  <Point X="117.0" Y="95.62607078750743" />
  <Point X="117.0" Y="95.0" />
  <Point X="118.0" Y="94.0" />
  <Point X="118.9340514158109" Y="93.0659485841891" />
  <Point X="119.0" Y="93.0" />
  <Point X="119.0" Y="92.0" />
  <Point X="120.0" Y="92.0" />
  <Point X="120.89658816859802" Y="91.10341183140198" />
  <Point X="121.0" Y="91.0" />
  <Point X="121.0" Y="90.0" />
  <Point X="122.0" Y="89.0" />
  <Point X="122.0" Y="88.19922744677753" />
  <Point X="122.0" Y="88.0" />
  <Point X="124.0" Y="88.0" />
  <Point X="124.0" Y="87.0" />
  <Point X="124.07245087579032" Y="86.85509824841934" />
  <Point X="125.0" Y="85.0" />
  <Point X="126.0" Y="85.0" />
  <Point X="126.20305959687516" Y="84.79694040312484" />
  <Point X="127.0" Y="84.0" />
  <Point X="127.0" Y="83.0" />
  <Point X="128.0" Y="83.0" />
  <Point X="128.0" Y="82.76581139642813" />
  <Point X="128.0" Y="82.0" />
  <Point X="129.0" Y="81.0" />
  <Point X="129.83523988363595" Y="80.16476011636406" />
  <Point X="130.0" Y="80.0" />
  <Point X="130.0" Y="79.0" />
  <Point X="131.0" Y="79.0" />
  <Point X="131.79777663642307" Y="78.20222336357695" />
  <Point X="132.0" Y="78.0" />
  <Point X="132.0" Y="77.0" />
  <Point X="133.0" Y="77.0" />
  <Point X="133.0" Y="76.0" />
  <Point X="133.05320660802363" Y="75.94679339197637" />
  <Point X="134.0" Y="75.0" />
  <Point X="135.0" Y="75.0" />
  <Point X="135.0" Y="74.0" />
  <Point X="135.02226447437587" Y="74.0" />
  <Point X="136.0" Y="74.0" />
  <Point X="136.0" Y="73.0" />
  <Point X="137.0" Y="73.0" />
  <Point X="137.2711733324113" Y="72.72882666758869" />
  <Point X="138.0" Y="72.0" />
  <Point X="139.0" Y="72.0" />
  <Point X="139.0" Y="71.0" />
  <Point X="139.0" Y="70.66948402784902" />
  <Point X="139.0" Y="70.0" />
  <Point X="140.0" Y="70.0" />
  <Point X="140.0" Y="69.0" />
  <Point X="140.69174850222507" Y="69.0" />
  <Point X="141.0" Y="69.0" />
  <Point X="142.0" Y="69.0" />
  <Point X="142.0" Y="68.0" />
  <Point X="143.0" Y="68.0" />
  <Point X="143.05298103229916" Y="68.0" />
  <Point X="144.0" Y="68.0" />
  <Point X="145.0" Y="67.0" />
  <Point X="145.0" Y="66.0" />
</Project_1_Part_4>
