<?xml version="1.0" encoding="utf-8" standalone="yes"?>
<Gesture Name="circle7" Subject="2" Number="2" NumPts="322">
  <Point X="108.0" Y="80.0" />
  <Point X="107.0" Y="80.0" />
  <Point X="107.0" Y="79.0" />
  <Point X="106.0" Y="79.0" />
  <Point X="105.0" Y="79.0" />
  <Point X="105.0" Y="78.47656851829083" />
  <Point X="105.0" Y="78.0" />
  <Point X="104.0" Y="78.0" />
  <Point X="103.0" Y="78.0" />
  <Point X="102.0" Y="78.0" />
  <Point X="101.0" Y="78.0" />
  <Point X="100.95313703658167" Y="78.0" />
  <Point X="100.0" Y="78.0" />
  <Point X="99.0" Y="78.0" />
  <Point X="97.0" Y="78.0" />
  <Point X="96.4297055548725" Y="78.0" />
  <Point X="96.0" Y="78.0" />
  <Point X="95.0" Y="78.0" />
  <Point X="94.0" Y="78.0" />
  <Point X="93.0" Y="79.0" />
  <Point X="92.32048763553642" Y="79.0" />
  <Point X="92.0" Y="79.0" />
  <Point X="91.0" Y="79.0" />
  <Point X="90.0" Y="79.0" />
  <Point X="89.0" Y="79.0" />
  <Point X="88.0" Y="79.0" />
  <Point X="87.79705615382726" Y="79.0" />
  <Point X="87.0" Y="79.0" />
  <Point X="87.0" Y="80.0" />
  <Point X="86.0" Y="80.0" />
  <Point X="85.0" Y="80.0" />
  <Point X="84.4863750799681" Y="80.5136249200319" />
  <Point X="84.0" Y="81.0" />
  <Point X="83.0" Y="82.0" />
  <Point X="82.0" Y="82.0" />
  <Point X="81.0" Y="82.0" />
  <Point X="80.5786203151551" Y="82.0" />
  <Point X="79.0" Y="82.0" />
  <Point X="78.0" Y="83.0" />
  <Point X="77.0" Y="84.0" />
  <Point X="76.88361595819212" Y="84.0" />
  <Point X="76.0" Y="84.0" />
  <Point X="75.0" Y="84.0" />
  <Point X="74.0" Y="85.0" />
  <Point X="73.0" Y="85.0" />
  <Point X="73.0" Y="85.22560196114395" />
  <Point X="73.0" Y="86.0" />
  <Point X="72.0" Y="87.0" />
  <Point X="71.0" Y="88.0" />
  <Point X="70.07939368189307" Y="88.0" />
  <Point X="70.0" Y="88.0" />
  <Point X="69.0" Y="89.0" />
  <Point X="68.0" Y="90.0" />
  <Point X="68.0" Y="91.0" />
  <Point X="67.38438932493008" Y="91.0" />
  <Point X="67.0" Y="91.0" />
  <Point X="67.0" Y="92.0" />
  <Point X="66.0" Y="92.0" />
  <Point X="66.0" Y="93.0" />
  <Point X="65.19457556688415" Y="93.80542443311585" />
  <Point X="65.0" Y="94.0" />
  <Point X="64.0" Y="95.0" />
  <Point X="64.0" Y="96.0" />
  <Point X="63.0" Y="97.0" />
  <Point X="63.0" Y="97.41983295136897" />
  <Point X="63.0" Y="98.0" />
  <Point X="63.0" Y="99.0" />
  <Point X="62.0" Y="99.0" />
  <Point X="62.0" Y="100.0" />
  <Point X="62.0" Y="100.94326443307814" />
  <Point X="62.0" Y="101.0" />
  <Point X="62.0" Y="102.0" />
  <Point X="61.0" Y="102.0" />
  <Point X="61.0" Y="103.0" />
  <Point X="61.0" Y="104.0" />
  <Point X="61.0" Y="104.46669591478731" />
  <Point X="61.0" Y="105.0" />
  <Point X="61.0" Y="106.0" />
  <Point X="61.0" Y="107.0" />
  <Point X="61.0" Y="108.99012739649648" />
  <Point X="61.0" Y="109.0" />
  <Point X="61.0" Y="110.0" />
  <Point X="61.0" Y="111.0" />
  <Point X="61.0" Y="112.0" />
  <Point X="61.0" Y="113.0" />
  <Point X="61.0" Y="113.51355887820564" />
  <Point X="61.0" Y="114.0" />
  <Point X="61.0" Y="115.0" />
  <Point X="61.0" Y="116.0" />
  <Point X="61.0" Y="117.0" />
  <Point X="62.0" Y="117.0" />
  <Point X="62.02615613433429" Y="117.0261561343343" />
  <Point X="63.0" Y="118.0" />
  <Point X="63.0" Y="119.0" />
  <Point X="63.0" Y="120.0" />
  <Point X="64.0" Y="120.0" />
  <Point X="64.0" Y="120.14620827925089" />
  <Point X="64.0" Y="121.0" />
  <Point X="64.0" Y="122.0" />
  <Point X="65.0" Y="122.0" />
  <Point X="65.0" Y="123.0" />
  <Point X="65.66963976096005" Y="123.0" />
  <Point X="66.0" Y="123.0" />
  <Point X="66.0" Y="124.0" />
  <Point X="67.0" Y="125.0" />
  <Point X="68.0" Y="125.0" />
  <Point X="68.0" Y="125.77885768029613" />
  <Point X="68.0" Y="126.0" />
  <Point X="69.0" Y="126.0" />
  <Point X="70.0" Y="127.0" />
  <Point X="71.0" Y="127.0" />
  <Point X="71.8880755996322" Y="127.0" />
  <Point X="72.0" Y="127.0" />
  <Point X="72.0" Y="128.0" />
  <Point X="73.0" Y="128.0" />
  <Point X="74.0" Y="128.0" />
  <Point X="74.0" Y="129.0" />
  <Point X="74.41150708134137" Y="129.0" />
  <Point X="76.0" Y="129.0" />
  <Point X="76.0" Y="130.0" />
  <Point X="77.0" Y="130.0" />
  <Point X="77.93493856305054" Y="130.0" />
  <Point X="78.0" Y="130.0" />
  <Point X="79.0" Y="130.0" />
  <Point X="80.0" Y="131.0" />
  <Point X="81.0" Y="131.0" />
  <Point X="82.0" Y="131.0" />
  <Point X="82.04415648238661" Y="131.0" />
  <Point X="83.0" Y="131.0" />
  <Point X="84.0" Y="131.0" />
  <Point X="85.0" Y="132.0" />
  <Point X="86.0" Y="132.0" />
  <Point X="86.15337440172269" Y="132.0" />
  <Point X="87.0" Y="132.0" />
  <Point X="88.0" Y="132.0" />
  <Point X="89.0" Y="132.0" />
  <Point X="90.0" Y="132.0" />
  <Point X="90.67680588343185" Y="132.0" />
  <Point X="91.0" Y="132.0" />
  <Point X="92.0" Y="132.0" />
  <Point X="93.0" Y="132.0" />
  <Point X="94.0" Y="132.0" />
  <Point X="95.0" Y="132.0" />
  <Point X="95.20023736514102" Y="132.0" />
  <Point X="96.0" Y="132.0" />
  <Point X="97.0" Y="132.0" />
  <Point X="99.0" Y="132.0" />
  <Point X="99.72366884685019" Y="132.0" />
  <Point X="100.0" Y="132.0" />
  <Point X="101.0" Y="132.0" />
  <Point X="102.0" Y="132.0" />
  <Point X="104.0" Y="132.0" />
  <Point X="104.24710032855936" Y="132.0" />
  <Point X="105.0" Y="132.0" />
  <Point X="106.0" Y="132.0" />
  <Point X="107.0" Y="132.0" />
  <Point X="108.0" Y="132.0" />
  <Point X="108.77053181026852" Y="132.0" />
  <Point X="109.0" Y="132.0" />
  <Point X="110.0" Y="132.0" />
  <Point X="111.0" Y="132.0" />
  <Point X="112.0" Y="132.0" />
  <Point X="113.15735595250061" Y="131.4213220237497" />
  <Point X="114.0" Y="131.0" />
  <Point X="115.0" Y="131.0" />
  <Point X="117.0" Y="131.0" />
  <Point X="117.58132679618707" Y="131.0" />
  <Point X="118.0" Y="131.0" />
  <Point X="119.0" Y="130.0" />
  <Point X="120.0" Y="130.0" />
  <Point X="121.0" Y="130.0" />
  <Point X="121.48828885105895" Y="129.51171114894106" />
  <Point X="122.0" Y="129.0" />
  <Point X="123.0" Y="129.0" />
  <Point X="124.0" Y="129.0" />
  <Point X="125.0" Y="128.0" />
  <Point X="125.38554907248611" Y="128.0" />
  <Point X="126.0" Y="128.0" />
  <Point X="128.0" Y="128.0" />
  <Point X="129.0" Y="127.0" />
  <Point X="129.34985309502474" Y="126.65014690497526" />
  <Point X="130.0" Y="126.0" />
  <Point X="131.0" Y="126.0" />
  <Point X="132.0" Y="126.0" />
  <Point X="133.0" Y="126.0" />
  <Point X="133.42708182641437" Y="125.57291817358563" />
  <Point X="134.0" Y="125.0" />
  <Point X="135.0" Y="125.0" />
  <Point X="136.0" Y="124.0" />
  <Point X="137.0" Y="124.0" />
  <Point X="137.29898926812123" Y="124.0" />
  <Point X="138.0" Y="124.0" />
  <Point X="139.0" Y="124.0" />
  <Point X="139.0" Y="123.0" />
  <Point X="140.0" Y="123.0" />
  <Point X="140.0" Y="122.1775792501696" />
  <Point X="140.0" Y="122.0" />
  <Point X="141.0" Y="122.0" />
  <Point X="142.0" Y="122.0" />
  <Point X="143.0" Y="122.0" />
  <Point X="143.0" Y="121.0" />
  <Point X="143.24455445821013" Y="120.75544554178987" />
  <Point X="144.0" Y="120.0" />
  <Point X="145.0" Y="120.0" />
  <Point X="145.0" Y="119.0" />
  <Point X="146.45507015087566" Y="119.0" />
  <Point X="147.0" Y="119.0" />
  <Point X="147.0" Y="118.0" />
  <Point X="148.0" Y="118.0" />
  <Point X="148.0" Y="117.0" />
  <Point X="148.97850163258482" Y="117.0" />
  <Point X="149.0" Y="117.0" />
  <Point X="149.0" Y="116.0" />
  <Point X="150.0" Y="115.0" />
  <Point X="150.0" Y="114.0" />
  <Point X="151.0" Y="114.0" />
  <Point X="151.0" Y="113.9122804480791" />
  <Point X="151.0" Y="113.0" />
  <Point X="152.0" Y="113.0" />
  <Point X="152.0" Y="112.0" />
  <Point X="152.0" Y="111.0" />
  <Point X="152.432149040209" Y="110.56785095979102" />
  <Point X="153.0" Y="110.0" />
  <Point X="153.0" Y="109.0" />
  <Point X="153.0" Y="108.0" />
  <Point X="153.0" Y="107.0" />
  <Point X="153.0" Y="106.27963104703386" />
  <Point X="153.0" Y="106.0" />
  <Point X="153.0" Y="105.0" />
  <Point X="153.0" Y="104.0" />
  <Point X="153.0" Y="103.0" />
  <Point X="153.0" Y="102.0" />
  <Point X="153.0" Y="101.75619956532469" />
  <Point X="153.0" Y="101.0" />
  <Point X="153.0" Y="100.0" />
  <Point X="153.0" Y="99.0" />
  <Point X="153.0" Y="98.0" />
  <Point X="153.0" Y="97.23276808361553" />
  <Point X="153.0" Y="97.0" />
  <Point X="152.0" Y="96.0" />
  <Point X="152.0" Y="95.0" />
  <Point X="151.0" Y="95.0" />
  <Point X="151.0" Y="94.12355016427945" />
  <Point X="151.0" Y="94.0" />
  <Point X="150.0" Y="93.0" />
  <Point X="149.0" Y="93.0" />
  <Point X="149.0" Y="92.0" />
  <Point X="149.0" Y="91.01433224494338" />
  <Point X="149.0" Y="91.0" />
  <Point X="148.0" Y="91.0" />
  <Point X="147.0" Y="91.0" />
  <Point X="147.0" Y="90.0" />
  <Point X="146.0" Y="90.0" />
  <Point X="146.0" Y="89.49090076323421" />
  <Point X="146.0" Y="89.0" />
  <Point X="145.0" Y="89.0" />
  <Point X="144.0" Y="88.0" />
  <Point X="143.0" Y="88.0" />
  <Point X="142.5627837459964" Y="87.56278374599638" />
  <Point X="142.0" Y="87.0" />
  <Point X="142.0" Y="86.0" />
  <Point X="141.0" Y="86.0" />
  <Point X="140.0" Y="85.0" />
  <Point X="139.68667848693516" Y="85.0" />
  <Point X="139.0" Y="85.0" />
  <Point X="138.0" Y="85.0" />
  <Point X="137.0" Y="84.0" />
  <Point X="137.0" Y="83.0" />
  <Point X="136.5774605675991" Y="83.0" />
  <Point X="136.0" Y="83.0" />
  <Point X="135.0" Y="83.0" />
  <Point X="134.0" Y="83.0" />
  <Point X="133.0" Y="82.0" />
  <Point X="132.46824264826304" Y="82.0" />
  <Point X="132.0" Y="82.0" />
  <Point X="131.0" Y="82.0" />
  <Point X="130.0" Y="81.0" />
  <Point X="129.0" Y="81.0" />
  <Point X="128.35902472892698" Y="81.0" />
  <Point X="128.0" Y="81.0" />
  <Point X="127.0" Y="81.0" />
  <Point X="126.0" Y="81.0" />
  <Point X="125.0" Y="81.0" />
  <Point X="124.0" Y="81.0" />
  <Point X="123.88374687023486" Y="80.88374687023486" />
  <Point X="123.0" Y="80.0" />
  <Point X="122.0" Y="80.0" />
  <Point X="121.0" Y="79.0" />
  <Point X="120.14058889025483" Y="79.0" />
  <Point X="120.0" Y="79.0" />
  <Point X="119.0" Y="79.0" />
  <Point X="118.0" Y="79.0" />
  <Point X="117.0" Y="79.0" />
  <Point X="116.0" Y="79.0" />
  <Point X="115.61715740854567" Y="79.0" />
  <Point X="115.0" Y="79.0" />
  <Point X="114.0" Y="79.0" />
  <Point X="113.0" Y="79.0" />
  <Point X="112.0" Y="79.0" />
  <Point X="111.0937259268365" Y="79.0" />
  <Point X="111.0" Y="79.0" />
  <Point X="111.0" Y="78.0" />
  <Point X="110.0" Y="78.0" />
  <Point X="109.0" Y="78.0" />
  <Point X="108.0" Y="78.0" />
  <Point X="107.57029444512733" Y="78.0" />
  <Point X="107.0" Y="78.0" />
  <Point X="106.0" Y="78.0" />
  <Point X="105.0" Y="78.0" />
  <Point X="104.0" Y="78.0" />
  <Point X="103.04686296341816" Y="78.0" />
  <Point X="103.0" Y="78.0" />
  <Point X="102.0" Y="78.0" />
  <Point X="101.0" Y="78.0" />
  <Point X="100.0" Y="78.0" />
  <Point X="99.0" Y="78.0" />
  <Point X="98.523431481709" Y="78.0" />
  <Point X="98.0" Y="78.0" />
  <Point X="97.0" Y="78.0" />
  <Point X="96.0" Y="78.0" />
  <Point X="95.0" Y="78.0" />
  <Point X="94.0" Y="78.0" />
</Project_1_Part_4>
