<?xml version="1.0" encoding="utf-8" standalone="yes"?>
<Gesture Name="delete_mark1" Subject="2" Number="2" NumPts="369">
  <Point X="92.0" Y="70.0" />
  <Point X="93.0" Y="71.0" />
  <Point X="94.0" Y="71.0" />
  <Point X="94.0" Y="72.0" />
  <Point X="95.0" Y="73.0" />
  <Point X="95.60278866178115" Y="73.60278866178115" />
  <Point X="96.0" Y="74.0" />
  <Point X="97.0" Y="75.0" />
  <Point X="98.0" Y="76.0" />
  <Point X="98.0" Y="77.0" />
  <Point X="98.0" Y="78.0" />
  <Point X="98.29073023909815" Y="78.0" />
  <Point X="99.0" Y="78.0" />
  <Point X="99.0" Y="79.0" />
  <Point X="100.0" Y="79.0" />
  <Point X="101.0" Y="80.0" />
  <Point X="102.0" Y="81.0" />
  <Point X="102.0" Y="81.14320213983378" />
  <Point X="102.0" Y="82.0" />
  <Point X="103.0" Y="83.0" />
  <Point X="104.0" Y="83.0" />
  <Point X="105.0" Y="85.0" />
  <Point X="105.12290903585384" Y="85.12290903585384" />
  <Point X="106.0" Y="86.0" />
  <Point X="106.0" Y="87.0" />
  <Point X="107.0" Y="88.0" />
  <Point X="108.0" Y="88.0" />
  <Point X="108.0" Y="89.0" />
  <Point X="108.02629152617833" Y="89.0" />
  <Point X="109.0" Y="89.0" />
  <Point X="109.0" Y="90.0" />
  <Point X="110.0" Y="90.0" />
  <Point X="110.0" Y="91.0" />
  <Point X="111.0" Y="92.0" />
  <Point X="111.20716601585649" Y="92.20716601585649" />
  <Point X="112.0" Y="93.0" />
  <Point X="113.0" Y="94.0" />
  <Point X="114.0" Y="95.0" />
  <Point X="114.0" Y="96.0" />
  <Point X="114.51706145882417" Y="96.51706145882417" />
  <Point X="115.0" Y="97.0" />
  <Point X="116.0" Y="98.0" />
  <Point X="117.0" Y="99.0" />
  <Point X="117.0" Y="100.0" />
  <Point X="117.82695690179186" Y="100.82695690179186" />
  <Point X="118.0" Y="101.0" />
  <Point X="119.0" Y="102.0" />
  <Point X="120.0" Y="103.0" />
  <Point X="120.0" Y="104.0" />
  <Point X="121.0" Y="104.0" />
  <Point X="121.0" Y="104.60775200437462" />
  <Point X="121.0" Y="106.0" />
  <Point X="122.0" Y="106.0" />
  <Point X="122.0" Y="107.0" />
  <Point X="123.0" Y="107.0" />
  <Point X="123.91121388179451" Y="107.91121388179451" />
  <Point X="124.0" Y="108.0" />
  <Point X="124.0" Y="109.0" />
  <Point X="125.0" Y="110.0" />
  <Point X="126.0" Y="111.0" />
  <Point X="126.77229734766377" Y="112.54459469532752" />
  <Point X="127.0" Y="113.0" />
  <Point X="128.0" Y="113.0" />
  <Point X="128.0" Y="114.0" />
  <Point X="129.0" Y="115.0" />
  <Point X="129.0" Y="116.0" />
  <Point X="129.5356523752726" Y="116.5356523752726" />
  <Point X="130.0" Y="117.0" />
  <Point X="131.0" Y="118.0" />
  <Point X="131.0" Y="119.0" />
  <Point X="132.0" Y="120.0" />
  <Point X="132.0" Y="121.19578519219041" />
  <Point X="132.0" Y="122.0" />
  <Point X="133.0" Y="122.0" />
  <Point X="134.0" Y="123.0" />
  <Point X="135.0" Y="124.0" />
  <Point X="135.0" Y="125.0" />
  <Point X="135.03412291764835" Y="125.03412291764835" />
  <Point X="136.0" Y="126.0" />
  <Point X="137.0" Y="127.0" />
  <Point X="137.0" Y="129.0" />
  <Point X="137.90072899366166" Y="129.0" />
  <Point X="138.0" Y="129.0" />
  <Point X="138.0" Y="130.0" />
  <Point X="138.0" Y="131.0" />
  <Point X="139.0" Y="132.0" />
  <Point X="140.0" Y="132.0" />
  <Point X="140.0" Y="133.0" />
  <Point X="140.0" Y="133.1674144567704" />
  <Point X="140.0" Y="134.0" />
  <Point X="141.0" Y="135.0" />
  <Point X="141.0" Y="136.0" />
  <Point X="142.0" Y="136.0" />
  <Point X="142.0" Y="137.0" />
  <Point X="142.0" Y="137.43409991987912" />
  <Point X="142.0" Y="138.0" />
  <Point X="143.0" Y="139.0" />
  <Point X="143.0" Y="140.0" />
  <Point X="144.0" Y="140.0" />
  <Point X="144.0" Y="141.0" />
  <Point X="144.0" Y="141.70078538298785" />
  <Point X="144.0" Y="142.0" />
  <Point X="145.0" Y="143.0" />
  <Point X="145.0" Y="144.0" />
  <Point X="146.0" Y="144.0" />
  <Point X="146.0" Y="145.0" />
  <Point X="146.0" Y="145.96747084609657" />
  <Point X="146.0" Y="146.0" />
  <Point X="147.0" Y="147.0" />
  <Point X="147.0" Y="148.0" />
  <Point X="148.0" Y="148.0" />
  <Point X="148.0" Y="149.0" />
  <Point X="149.0" Y="149.0" />
  <Point X="149.0" Y="149.2341563092053" />
  <Point X="149.0" Y="150.0" />
  <Point X="149.0" Y="151.0" />
  <Point X="150.0" Y="151.0" />
  <Point X="150.0" Y="152.0" />
  <Point X="150.0" Y="153.0" />
  <Point X="150.9150553346871" Y="153.0" />
  <Point X="151.0" Y="153.0" />
  <Point X="152.0" Y="153.0" />
  <Point X="152.0" Y="154.0" />
  <Point X="152.0" Y="155.0" />
  <Point X="153.0" Y="155.0" />
  <Point X="153.0" Y="156.0" />
  <Point X="153.59595436016892" Y="156.0" />
  <Point X="154.0" Y="156.0" />
  <Point X="154.0" Y="157.0" />
  <Point X="155.0" Y="157.0" />
  <Point X="155.0" Y="158.0" />
  <Point X="156.0" Y="158.0" />
  <Point X="156.0" Y="159.0" />
  <Point X="156.27685338565072" Y="159.0" />
  <Point X="157.0" Y="159.0" />
  <Point X="157.0" Y="160.0" />
  <Point X="158.0" Y="160.0" />
  <Point X="158.0" Y="161.0" />
  <Point X="159.0" Y="161.0" />
  <Point X="159.95775241113253" Y="161.0" />
  <Point X="160.0" Y="161.0" />
  <Point X="161.0" Y="162.0" />
  <Point X="162.0" Y="162.0" />
  <Point X="163.0" Y="162.0" />
  <Point X="162.0" Y="162.0" />
  <Point X="161.0" Y="162.0" />
  <Point X="160.77556212575874" Y="162.0" />
  <Point X="160.0" Y="162.0" />
  <Point X="159.0" Y="162.0" />
  <Point X="158.0" Y="162.0" />
  <Point X="157.0" Y="162.0" />
  <Point X="156.0" Y="162.0" />
  <Point X="155.09466310027693" Y="162.0" />
  <Point X="155.0" Y="162.0" />
  <Point X="154.0" Y="162.0" />
  <Point X="153.0" Y="162.0" />
  <Point X="152.0" Y="162.0" />
  <Point X="151.0" Y="162.0" />
  <Point X="150.0" Y="162.0" />
  <Point X="149.41376407479513" Y="162.0" />
  <Point X="149.0" Y="162.0" />
  <Point X="147.0" Y="162.0" />
  <Point X="146.0" Y="162.0" />
  <Point X="144.0" Y="162.0" />
  <Point X="143.73286504931332" Y="162.0" />
  <Point X="143.0" Y="162.0" />
  <Point X="141.0" Y="162.0" />
  <Point X="140.0" Y="162.0" />
  <Point X="138.0519660238315" Y="162.0" />
  <Point X="138.0" Y="162.0" />
  <Point X="137.0" Y="162.0" />
  <Point X="136.0" Y="162.0" />
  <Point X="135.0" Y="162.0" />
  <Point X="134.0" Y="162.0" />
  <Point X="133.0" Y="162.0" />
  <Point X="132.3710669983497" Y="162.0" />
  <Point X="131.0" Y="162.0" />
  <Point X="130.0" Y="162.0" />
  <Point X="129.0" Y="163.0" />
  <Point X="128.0" Y="163.0" />
  <Point X="127.19893449235794" Y="163.40053275382104" />
  <Point X="126.0" Y="164.0" />
  <Point X="124.0" Y="164.0" />
  <Point X="123.0" Y="164.0" />
  <Point X="122.0" Y="164.0" />
  <Point X="121.65955048725895" Y="164.0" />
  <Point X="120.0" Y="164.0" />
  <Point X="119.0" Y="164.0" />
  <Point X="117.0" Y="165.0" />
  <Point X="116.21471943927693" Y="165.0" />
  <Point X="115.0" Y="165.0" />
  <Point X="114.0" Y="166.0" />
  <Point X="113.0" Y="166.0" />
  <Point X="111.0" Y="166.0" />
  <Point X="110.94803397616822" Y="166.0" />
  <Point X="110.0" Y="166.0" />
  <Point X="108.0" Y="166.0" />
  <Point X="107.0" Y="166.0" />
  <Point X="106.0" Y="166.0" />
  <Point X="105.2671349506864" Y="166.0" />
  <Point X="105.0" Y="166.0" />
  <Point X="104.0" Y="167.0" />
  <Point X="103.0" Y="167.0" />
  <Point X="102.0" Y="167.0" />
  <Point X="101.0" Y="167.0" />
  <Point X="100.00044948757768" Y="167.0" />
  <Point X="100.0" Y="167.0" />
  <Point X="99.0" Y="167.0" />
  <Point X="98.0" Y="168.0" />
  <Point X="97.0" Y="168.0" />
  <Point X="96.0" Y="168.0" />
  <Point X="95.0" Y="168.0" />
  <Point X="94.73376402446897" Y="168.0" />
  <Point X="94.0" Y="168.0" />
  <Point X="93.0" Y="168.0" />
  <Point X="92.0" Y="168.0" />
  <Point X="91.0" Y="168.0" />
  <Point X="90.0" Y="168.0" />
  <Point X="89.05286499898715" Y="168.0" />
  <Point X="89.0" Y="168.0" />
  <Point X="88.0" Y="168.0" />
  <Point X="87.0" Y="168.0" />
  <Point X="86.0" Y="168.0" />
  <Point X="85.0" Y="168.0" />
  <Point X="84.0" Y="168.0" />
  <Point X="83.55591288104972" Y="168.44408711895028" />
  <Point X="83.0" Y="169.0" />
  <Point X="82.0" Y="169.0" />
  <Point X="81.0" Y="169.0" />
  <Point X="80.0" Y="169.0" />
  <Point X="80.0" Y="168.0" />
  <Point X="80.0" Y="167.1052805103966" />
  <Point X="80.0" Y="167.0" />
  <Point X="80.0" Y="166.0" />
  <Point X="81.0" Y="166.0" />
  <Point X="81.0" Y="165.0" />
  <Point X="82.0" Y="164.0" />
  <Point X="83.0" Y="164.0" />
  <Point X="83.0" Y="163.83859504728787" />
  <Point X="83.0" Y="163.0" />
  <Point X="84.0" Y="163.0" />
  <Point X="84.0" Y="162.0" />
  <Point X="85.0" Y="162.0" />
  <Point X="85.0" Y="161.0" />
  <Point X="85.84230397819395" Y="161.0" />
  <Point X="86.0" Y="161.0" />
  <Point X="86.0" Y="160.0" />
  <Point X="87.0" Y="160.0" />
  <Point X="88.0" Y="159.0" />
  <Point X="89.0" Y="158.0" />
  <Point X="89.69477587892958" Y="158.0" />
  <Point X="90.0" Y="158.0" />
  <Point X="90.0" Y="157.0" />
  <Point X="91.0" Y="156.0" />
  <Point X="92.0" Y="156.0" />
  <Point X="93.0" Y="155.0" />
  <Point X="93.0" Y="154.4527522203348" />
  <Point X="93.0" Y="154.0" />
  <Point X="94.0" Y="154.0" />
  <Point X="95.0" Y="154.0" />
  <Point X="95.0" Y="153.0" />
  <Point X="96.0" Y="152.0" />
  <Point X="96.57553771539861" Y="151.4244622846014" />
  <Point X="97.0" Y="151.0" />
  <Point X="98.0" Y="151.0" />
  <Point X="98.0" Y="150.0" />
  <Point X="99.0" Y="150.0" />
  <Point X="100.0" Y="149.0" />
  <Point X="100.0" Y="148.33359485649044" />
  <Point X="100.0" Y="148.0" />
  <Point X="101.0" Y="148.0" />
  <Point X="102.0" Y="147.0" />
  <Point X="102.0" Y="146.0" />
  <Point X="103.0" Y="146.0" />
  <Point X="103.0" Y="145.0669093933817" />
  <Point X="103.0" Y="145.0" />
  <Point X="104.0" Y="144.0" />
  <Point X="105.0" Y="144.0" />
  <Point X="105.0" Y="143.0" />
  <Point X="106.0" Y="142.0" />
  <Point X="106.55547657599587" Y="141.44452342400413" />
  <Point X="107.0" Y="141.0" />
  <Point X="108.0" Y="140.0" />
  <Point X="109.0" Y="140.0" />
  <Point X="109.0" Y="139.0" />
  <Point X="109.0" Y="138.0" />
  <Point X="109.63803440808955" Y="138.0" />
  <Point X="110.0" Y="138.0" />
  <Point X="111.0" Y="137.0" />
  <Point X="112.0" Y="135.0" />
  <Point X="113.0" Y="134.0" />
  <Point X="113.17991506947398" Y="133.82008493052604" />
  <Point X="114.0" Y="133.0" />
  <Point X="115.0" Y="132.0" />
  <Point X="115.0" Y="131.0" />
  <Point X="116.0" Y="131.0" />
  <Point X="116.0" Y="130.0" />
  <Point X="116.07559695006857" Y="129.92440304993144" />
  <Point X="117.0" Y="129.0" />
  <Point X="117.0" Y="128.0" />
  <Point X="118.0" Y="127.0" />
  <Point X="119.0" Y="127.0" />
  <Point X="119.0" Y="126.04061786720337" />
  <Point X="119.0" Y="126.0" />
  <Point X="120.0" Y="126.0" />
  <Point X="120.0" Y="125.0" />
  <Point X="120.0" Y="124.0" />
  <Point X="121.0" Y="124.0" />
  <Point X="121.0" Y="123.0" />
  <Point X="121.28634243892458" Y="122.42731512215083" />
  <Point X="122.0" Y="121.0" />
  <Point X="123.0" Y="121.0" />
  <Point X="123.0" Y="120.0" />
  <Point X="123.0" Y="119.0" />
  <Point X="124.0" Y="119.0" />
  <Point X="124.0" Y="118.91488779373952" />
  <Point X="124.0" Y="118.0" />
  <Point X="125.0" Y="117.0" />
  <Point X="125.0" Y="116.0" />
  <Point X="126.0" Y="115.0" />
  <Point X="126.66297207998967" Y="114.33702792001033" />
  <Point X="127.0" Y="114.0" />
  <Point X="127.0" Y="113.0" />
  <Point X="128.0" Y="112.0" />
  <Point X="128.0" Y="111.0" />
  <Point X="129.0" Y="110.0" />
  <Point X="129.0" Y="109.62415755464137" />
  <Point X="129.0" Y="109.0" />
  <Point X="130.0" Y="109.0" />
  <Point X="130.0" Y="108.0" />
  <Point X="130.0" Y="107.0" />
  <Point X="131.0" Y="107.0" />
  <Point X="131.0" Y="106.0" />
  <Point X="131.05674147084045" Y="106.0" />
  <Point X="132.0" Y="106.0" />
  <Point X="132.0" Y="105.0" />
  <Point X="133.0" Y="104.0" />
  <Point X="133.0" Y="103.0" />
  <Point X="133.0" Y="102.0" />
  <Point X="133.22869737821384" Y="101.77130262178616" />
  <Point X="134.0" Y="101.0" />
  <Point X="135.0" Y="101.0" />
  <Point X="135.0" Y="100.0" />
  <Point X="136.0" Y="99.0" />
  <Point X="136.83148603999499" Y="98.16851396000501" />
  <Point X="137.0" Y="98.0" />
  <Point X="137.0" Y="97.0" />
  <Point X="138.0" Y="97.0" />
  <Point X="139.0" Y="96.0" />
  <Point X="140.0" Y="95.0" />
  <Point X="140.0" Y="94.38584282695267" />
  <Point X="140.0" Y="94.0" />
  <Point X="141.0" Y="93.0" />
  <Point X="142.0" Y="92.0" />
  <Point X="143.0" Y="92.0" />
  <Point X="143.0" Y="91.0" />
  <Point X="143.46662907378297" Y="91.0" />
  <Point X="144.0" Y="91.0" />
  <Point X="144.0" Y="90.0" />
  <Point X="144.0" Y="89.0" />
  <Point X="145.0" Y="89.0" />
  <Point X="146.0" Y="88.0" />
  <Point X="146.7333145368917" Y="88.0" />
  <Point X="147.0" Y="88.0" />
  <Point X="147.0" Y="87.0" />
  <Point X="148.0" Y="87.0" />
  <Point X="149.0" Y="86.0" />
  <Point X="149.0" Y="85.0" />
  <Point X="148.0" Y="85.0" />
</Project_1_Part_4>
