<?xml version="1.0" encoding="utf-8" standalone="yes"?>
<Gesture Name="delete_mark2" Subject="2" Number="2" NumPts="374">
  <Point X="74.0" Y="87.0" />
  <Point X="75.0" Y="87.0" />
  <Point X="76.0" Y="87.0" />
  <Point X="77.0" Y="87.0" />
  <Point X="77.0" Y="88.0" />
  <Point X="78.0" Y="88.0" />
  <Point X="78.70834147265288" Y="88.0" />
  <Point X="79.0" Y="88.0" />
  <Point X="80.0" Y="89.0" />
  <Point X="81.0" Y="89.0" />
  <Point X="81.0" Y="90.0" />
  <Point X="82.0" Y="90.0" />
  <Point X="82.70885289860358" Y="90.70885289860358" />
  <Point X="83.0" Y="91.0" />
  <Point X="84.0" Y="91.0" />
  <Point X="84.0" Y="92.0" />
  <Point X="85.0" Y="92.0" />
  <Point X="86.0" Y="93.0" />
  <Point X="86.88238373083935" Y="93.0" />
  <Point X="88.0" Y="93.0" />
  <Point X="88.0" Y="94.0" />
  <Point X="89.0" Y="95.0" />
  <Point X="91.0" Y="95.0" />
  <Point X="91.0" Y="95.17651164111913" />
  <Point X="91.0" Y="96.0" />
  <Point X="92.0" Y="96.0" />
  <Point X="92.0" Y="97.0" />
  <Point X="94.0" Y="98.0" />
  <Point X="94.64878513627222" Y="98.0" />
  <Point X="95.0" Y="98.0" />
  <Point X="95.0" Y="99.0" />
  <Point X="97.0" Y="99.0" />
  <Point X="97.0" Y="100.0" />
  <Point X="97.95963342809965" Y="100.95963342809965" />
  <Point X="98.0" Y="101.0" />
  <Point X="99.0" Y="102.0" />
  <Point X="100.0" Y="102.0" />
  <Point X="101.0" Y="102.0" />
  <Point X="102.0" Y="103.0" />
  <Point X="102.0" Y="103.8228273944587" />
  <Point X="102.0" Y="104.0" />
  <Point X="103.0" Y="104.0" />
  <Point X="104.0" Y="105.0" />
  <Point X="105.0" Y="106.0" />
  <Point X="106.0" Y="106.0" />
  <Point X="106.49691345144942" Y="106.49691345144942" />
  <Point X="107.0" Y="107.0" />
  <Point X="108.0" Y="108.0" />
  <Point X="109.0" Y="109.0" />
  <Point X="110.0" Y="109.0" />
  <Point X="110.0" Y="110.0" />
  <Point X="110.16844252789897" Y="110.0" />
  <Point X="111.0" Y="110.0" />
  <Point X="112.0" Y="111.0" />
  <Point X="112.0" Y="112.0" />
  <Point X="113.0" Y="112.0" />
  <Point X="114.0" Y="113.0" />
  <Point X="114.04835687580567" Y="113.0" />
  <Point X="115.0" Y="113.0" />
  <Point X="115.0" Y="114.0" />
  <Point X="116.0" Y="115.0" />
  <Point X="117.0" Y="115.0" />
  <Point X="117.0" Y="116.0" />
  <Point X="117.24217331469424" Y="116.24217331469424" />
  <Point X="118.0" Y="117.0" />
  <Point X="119.0" Y="117.0" />
  <Point X="119.0" Y="118.0" />
  <Point X="120.0" Y="119.0" />
  <Point X="121.0" Y="119.0" />
  <Point X="121.0" Y="119.22239913399213" />
  <Point X="121.0" Y="120.0" />
  <Point X="122.0" Y="120.0" />
  <Point X="123.0" Y="121.0" />
  <Point X="124.0" Y="122.0" />
  <Point X="124.77945333804401" Y="122.77945333804401" />
  <Point X="125.0" Y="123.0" />
  <Point X="125.0" Y="124.0" />
  <Point X="126.0" Y="124.0" />
  <Point X="127.0" Y="125.0" />
  <Point X="127.0" Y="126.0" />
  <Point X="127.98222782980551" Y="126.0" />
  <Point X="128.0" Y="126.0" />
  <Point X="129.0" Y="127.0" />
  <Point X="129.0" Y="128.0" />
  <Point X="130.0" Y="128.0" />
  <Point X="130.0" Y="129.0" />
  <Point X="130.9025197990207" Y="129.9025197990207" />
  <Point X="131.0" Y="130.0" />
  <Point X="132.0" Y="130.0" />
  <Point X="133.0" Y="131.0" />
  <Point X="133.0" Y="132.0" />
  <Point X="134.0" Y="132.0" />
  <Point X="134.0" Y="133.0" />
  <Point X="134.156270087992" Y="133.0" />
  <Point X="135.0" Y="133.0" />
  <Point X="135.0" Y="134.0" />
  <Point X="135.0" Y="135.0" />
  <Point X="136.0" Y="135.0" />
  <Point X="136.0" Y="136.0" />
  <Point X="136.86461156064487" Y="136.0" />
  <Point X="137.0" Y="136.0" />
  <Point X="137.0" Y="137.0" />
  <Point X="138.0" Y="137.0" />
  <Point X="138.0" Y="138.0" />
  <Point X="139.0" Y="138.0" />
  <Point X="140.0" Y="139.0" />
  <Point X="140.0" Y="139.15873947092467" />
  <Point X="140.0" Y="140.0" />
  <Point X="141.0" Y="140.0" />
  <Point X="141.0" Y="141.0" />
  <Point X="142.0" Y="141.0" />
  <Point X="143.0" Y="141.0" />
  <Point X="143.0" Y="141.86708094357755" />
  <Point X="143.0" Y="142.0" />
  <Point X="144.0" Y="143.0" />
  <Point X="145.0" Y="143.0" />
  <Point X="145.0" Y="144.0" />
  <Point X="146.0" Y="144.0" />
  <Point X="146.82109865493638" Y="144.82109865493638" />
  <Point X="147.0" Y="145.0" />
  <Point X="148.0" Y="145.0" />
  <Point X="148.0" Y="146.0" />
  <Point X="149.0" Y="146.0" />
  <Point X="150.0" Y="146.0" />
  <Point X="151.0" Y="147.0" />
  <Point X="151.0" Y="147.041123201764" />
  <Point X="151.0" Y="148.0" />
  <Point X="152.0" Y="148.0" />
  <Point X="153.0" Y="148.0" />
  <Point X="154.0" Y="149.0" />
  <Point X="155.0" Y="149.0" />
  <Point X="155.0" Y="149.3352511120438" />
  <Point X="155.0" Y="150.0" />
  <Point X="156.0" Y="150.0" />
  <Point X="157.0" Y="150.0" />
  <Point X="157.0" Y="151.0" />
  <Point X="158.0" Y="151.0" />
  <Point X="158.0" Y="152.0" />
  <Point X="158.04359258469668" Y="152.0" />
  <Point X="159.0" Y="152.0" />
  <Point X="159.0" Y="153.0" />
  <Point X="160.0" Y="153.0" />
  <Point X="159.0" Y="154.0" />
  <Point X="158.0" Y="154.0" />
  <Point X="157.66227950502355" Y="154.0" />
  <Point X="157.0" Y="154.0" />
  <Point X="156.0" Y="154.0" />
  <Point X="155.0" Y="154.0" />
  <Point X="154.0" Y="154.0" />
  <Point X="154.0" Y="155.0" />
  <Point X="153.0" Y="155.0" />
  <Point X="152.95393803237067" Y="155.0" />
  <Point X="152.0" Y="155.0" />
  <Point X="151.0" Y="155.0" />
  <Point X="150.0" Y="155.0" />
  <Point X="149.0" Y="155.0" />
  <Point X="148.0" Y="155.0" />
  <Point X="147.2455965597178" Y="155.0" />
  <Point X="146.0" Y="155.0" />
  <Point X="145.0" Y="156.0" />
  <Point X="144.0" Y="156.0" />
  <Point X="142.0" Y="156.0" />
  <Point X="142.0" Y="156.04853135056197" />
  <Point X="142.0" Y="157.0" />
  <Point X="140.0" Y="157.0" />
  <Point X="139.0" Y="157.0" />
  <Point X="138.0" Y="157.0" />
  <Point X="137.24312717678515" Y="157.0" />
  <Point X="137.0" Y="157.0" />
  <Point X="136.0" Y="157.0" />
  <Point X="135.0" Y="157.0" />
  <Point X="133.0" Y="158.0" />
  <Point X="132.0" Y="158.0" />
  <Point X="131.77085368163208" Y="158.0" />
  <Point X="131.0" Y="158.0" />
  <Point X="130.0" Y="158.0" />
  <Point X="128.0" Y="159.0" />
  <Point X="127.0" Y="159.0" />
  <Point X="126.29858018647899" Y="159.0" />
  <Point X="125.0" Y="159.0" />
  <Point X="124.0" Y="159.0" />
  <Point X="123.0" Y="159.0" />
  <Point X="121.0" Y="159.0" />
  <Point X="120.59023871382611" Y="159.0" />
  <Point X="120.0" Y="159.0" />
  <Point X="119.0" Y="159.0" />
  <Point X="118.0" Y="160.0" />
  <Point X="117.0" Y="160.0" />
  <Point X="116.0" Y="160.0" />
  <Point X="115.29611080354633" Y="160.0" />
  <Point X="115.0" Y="160.0" />
  <Point X="113.0" Y="160.0" />
  <Point X="111.0" Y="160.0" />
  <Point X="110.0" Y="160.0" />
  <Point X="109.58776933089345" Y="160.0" />
  <Point X="109.0" Y="160.0" />
  <Point X="108.0" Y="160.0" />
  <Point X="107.0" Y="160.0" />
  <Point X="106.0" Y="161.0" />
  <Point X="105.0" Y="161.0" />
  <Point X="104.29364142061367" Y="161.0" />
  <Point X="104.0" Y="161.0" />
  <Point X="103.0" Y="161.0" />
  <Point X="101.0" Y="161.0" />
  <Point X="100.0" Y="161.0" />
  <Point X="99.0" Y="161.0" />
  <Point X="98.70676278104466" Y="161.29323721895534" />
  <Point X="98.0" Y="162.0" />
  <Point X="97.0" Y="162.0" />
  <Point X="96.0" Y="162.0" />
  <Point X="94.0" Y="162.0" />
  <Point X="93.29117203768101" Y="162.0" />
  <Point X="93.0" Y="162.0" />
  <Point X="92.0" Y="162.0" />
  <Point X="91.0" Y="162.0" />
  <Point X="91.0" Y="163.0" />
  <Point X="89.0" Y="163.0" />
  <Point X="88.58283056502813" Y="163.0" />
  <Point X="88.0" Y="163.0" />
  <Point X="86.0" Y="163.0" />
  <Point X="86.0" Y="164.0" />
  <Point X="85.0" Y="164.0" />
  <Point X="83.87448909237526" Y="164.0" />
  <Point X="83.0" Y="164.0" />
  <Point X="81.0" Y="164.0" />
  <Point X="80.0" Y="164.0" />
  <Point X="79.0" Y="164.0" />
  <Point X="78.16614761972238" Y="164.0" />
  <Point X="78.0" Y="164.0" />
  <Point X="77.0" Y="164.0" />
  <Point X="76.0" Y="164.0" />
  <Point X="75.0" Y="164.0" />
  <Point X="74.0" Y="164.0" />
  <Point X="73.0" Y="164.0" />
  <Point X="72.4578061470695" Y="164.0" />
  <Point X="72.0" Y="164.0" />
  <Point X="71.0" Y="164.0" />
  <Point X="70.0" Y="164.0" />
  <Point X="69.0" Y="164.0" />
  <Point X="68.0" Y="164.0" />
  <Point X="67.0" Y="164.0" />
  <Point X="67.25053532558337" Y="164.0" />
  <Point X="68.0" Y="164.0" />
  <Point X="68.0" Y="163.0" />
  <Point X="69.0" Y="163.0" />
  <Point X="70.0" Y="162.0" />
  <Point X="71.0" Y="162.0" />
  <Point X="71.38513506754184" Y="161.61486493245815" />
  <Point X="72.0" Y="161.0" />
  <Point X="73.0" Y="161.0" />
  <Point X="74.0" Y="160.0" />
  <Point X="75.0" Y="159.0" />
  <Point X="76.0" Y="159.0" />
  <Point X="76.00732846981" Y="158.99267153019" />
  <Point X="77.0" Y="158.0" />
  <Point X="78.0" Y="158.0" />
  <Point X="79.0" Y="157.0" />
  <Point X="80.0" Y="157.0" />
  <Point X="80.62952187207816" Y="156.37047812792184" />
  <Point X="81.0" Y="156.0" />
  <Point X="82.0" Y="156.0" />
  <Point X="82.0" Y="155.0" />
  <Point X="83.0" Y="155.0" />
  <Point X="84.0" Y="154.0" />
  <Point X="84.77019271721012" Y="154.0" />
  <Point X="85.0" Y="154.0" />
  <Point X="86.0" Y="153.0" />
  <Point X="87.0" Y="153.0" />
  <Point X="87.0" Y="152.0" />
  <Point X="88.0" Y="152.0" />
  <Point X="88.0" Y="151.0" />
  <Point X="88.0643206274899" Y="151.0" />
  <Point X="89.0" Y="151.0" />
  <Point X="90.0" Y="151.0" />
  <Point X="90.0" Y="150.0" />
  <Point X="91.0" Y="150.0" />
  <Point X="92.0" Y="150.0" />
  <Point X="92.0" Y="149.22733789985722" />
  <Point X="92.0" Y="149.0" />
  <Point X="93.0" Y="149.0" />
  <Point X="94.0" Y="148.0" />
  <Point X="95.0" Y="147.0" />
  <Point X="96.0" Y="146.0" />
  <Point X="96.23836288567638" Y="146.0" />
  <Point X="97.0" Y="146.0" />
  <Point X="98.0" Y="145.0" />
  <Point X="99.0" Y="145.0" />
  <Point X="99.0" Y="144.0" />
  <Point X="100.0" Y="143.0" />
  <Point X="100.11827723358307" Y="143.0" />
  <Point X="101.0" Y="143.0" />
  <Point X="102.0" Y="142.0" />
  <Point X="102.0" Y="141.0" />
  <Point X="104.0" Y="141.0" />
  <Point X="104.0" Y="140.58759485613714" />
  <Point X="104.0" Y="140.0" />
  <Point X="105.0" Y="140.0" />
  <Point X="105.0" Y="139.0" />
  <Point X="106.0" Y="139.0" />
  <Point X="107.0" Y="138.0" />
  <Point X="107.70653305414264" Y="138.0" />
  <Point X="108.0" Y="138.0" />
  <Point X="108.0" Y="136.0" />
  <Point X="109.0" Y="136.0" />
  <Point X="110.0" Y="135.0" />
  <Point X="110.70757415361176" Y="134.29242584638823" />
  <Point X="111.0" Y="134.0" />
  <Point X="112.0" Y="133.0" />
  <Point X="113.0" Y="132.0" />
  <Point X="114.0" Y="131.0" />
  <Point X="115.0" Y="131.0" />
  <Point X="115.0" Y="130.94785181241707" />
  <Point X="115.0" Y="130.0" />
  <Point X="116.0" Y="129.0" />
  <Point X="116.0" Y="128.0" />
  <Point X="117.0" Y="128.0" />
  <Point X="117.0" Y="127.0" />
  <Point X="117.34627609786271" Y="127.0" />
  <Point X="118.0" Y="127.0" />
  <Point X="119.0" Y="125.0" />
  <Point X="120.0" Y="125.0" />
  <Point X="120.0" Y="124.0" />
  <Point X="120.8185495930158" Y="124.0" />
  <Point X="121.0" Y="124.0" />
  <Point X="122.0" Y="123.0" />
  <Point X="122.0" Y="122.0" />
  <Point X="123.0" Y="122.0" />
  <Point X="123.0" Y="121.0" />
  <Point X="124.0" Y="121.0" />
  <Point X="124.0" Y="120.88732249670441" />
  <Point X="124.0" Y="120.0" />
  <Point X="125.0" Y="120.0" />
  <Point X="126.0" Y="120.0" />
  <Point X="126.0" Y="119.0" />
  <Point X="126.0" Y="118.0" />
  <Point X="126.82101897594846" Y="118.0" />
  <Point X="127.0" Y="118.0" />
  <Point X="127.0" Y="117.0" />
  <Point X="128.0" Y="117.0" />
  <Point X="128.0" Y="116.0" />
  <Point X="129.0" Y="115.0" />
  <Point X="129.78852792527107" Y="114.21147207472895" />
  <Point X="130.0" Y="114.0" />
  <Point X="130.0" Y="113.0" />
  <Point X="131.0" Y="113.0" />
  <Point X="131.0" Y="112.0" />
  <Point X="132.0" Y="112.0" />
  <Point X="132.0" Y="111.0" />
  <Point X="132.0" Y="110.59072520349196" />
  <Point X="132.0" Y="110.0" />
  <Point X="133.0" Y="110.0" />
  <Point X="133.0" Y="109.0" />
  <Point X="134.0" Y="109.0" />
  <Point X="135.0" Y="108.0" />
  <Point X="135.0" Y="107.29659729321217" />
  <Point X="135.0" Y="107.0" />
  <Point X="135.0" Y="106.0" />
  <Point X="135.0" Y="105.0" />
  <Point X="136.0" Y="104.0" />
  <Point X="136.0" Y="103.0" />
  <Point X="136.0" Y="102.00246938293239" />
  <Point X="136.0" Y="102.0" />
  <Point X="136.0" Y="101.0" />
  <Point X="137.0" Y="100.0" />
  <Point X="137.0" Y="99.0" />
  <Point X="138.0" Y="99.0" />
  <Point X="138.0" Y="98.0" />
  <Point X="138.0" Y="97.7083414726526" />
  <Point X="138.0" Y="97.0" />
  <Point X="139.0" Y="97.0" />
  <Point X="139.0" Y="96.0" />
  <Point X="139.0" Y="95.0" />
  <Point X="140.0" Y="95.0" />
  <Point X="141.0" Y="95.0" />
</Project_1_Part_4>
