<?xml version="1.0" encoding="utf-8" standalone="yes"?>
<Gesture Name="left_curly_brace10" Subject="2" Number="2" NumPts="362">
  <Point X="215.0" Y="14.0" />
  <Point X="208.94907916455256" Y="17.02546041772372" />
  <Point X="202.89815832910512" Y="20.050920835447442" />
  <Point X="196.84723749365767" Y="23.076381253171164" />
  <Point X="190.79631665821023" Y="26.101841670894885" />
  <Point X="184.7453958227628" Y="29.127302088618606" />
  <Point X="178.69447498731535" Y="32.15276250634233" />
  <Point X="172.6435541518679" Y="35.17822292406605" />
  <Point X="166.59263331642046" Y="38.20368334178977" />
  <Point X="160.54171248097302" Y="41.22914375951349" />
  <Point X="154.49079164552558" Y="44.25460417723721" />
  <Point X="148.43987081007813" Y="47.28006459496093" />
  <Point X="142.3889499746307" Y="50.305525012684654" />
  <Point X="136.33802913918325" Y="53.330985430408376" />
  <Point X="130.2871083037358" Y="56.3564458481321" />
  <Point X="124.23618746828836" Y="59.38190626585582" />
  <Point X="118.18526663284092" Y="62.40736668357954" />
  <Point X="112.13434579739348" Y="65.43282710130326" />
  <Point X="107.0" Y="68.0" />
  <Point X="106.0" Y="68.0" />
  <Point X="105.97523795421594" Y="68.0" />
  <Point X="105.0" Y="68.0" />
  <Point X="104.0" Y="68.0" />
  <Point X="104.0" Y="69.0" />
  <Point X="103.0" Y="69.0" />
  <Point X="103.0" Y="70.0" />
  <Point X="102.0" Y="70.0" />
  <Point X="102.0" Y="70.78989720304921" />
  <Point X="102.0" Y="71.0" />
  <Point X="102.0" Y="72.0" />
  <Point X="101.0" Y="72.0" />
  <Point X="100.0" Y="73.0" />
  <Point X="100.0" Y="74.0" />
  <Point X="99.0" Y="74.0" />
  <Point X="99.0" Y="75.0" />
  <Point X="99.0" Y="75.14081879794126" />
  <Point X="99.0" Y="76.0" />
  <Point X="98.0" Y="76.0" />
  <Point X="98.0" Y="77.0" />
  <Point X="97.0" Y="77.0" />
  <Point X="97.0" Y="78.0" />
  <Point X="96.0" Y="78.0" />
  <Point X="96.0" Y="78.90595395520641" />
  <Point X="96.0" Y="79.0" />
  <Point X="96.0" Y="80.0" />
  <Point X="95.0" Y="80.0" />
  <Point X="95.0" Y="81.0" />
  <Point X="94.0" Y="81.0" />
  <Point X="94.0" Y="82.0" />
  <Point X="94.0" Y="83.0" />
  <Point X="93.32891088752844" Y="83.0" />
  <Point X="93.0" Y="83.0" />
  <Point X="93.0" Y="84.0" />
  <Point X="93.0" Y="85.0" />
  <Point X="92.0" Y="85.0" />
  <Point X="91.0" Y="85.0" />
  <Point X="91.0" Y="86.0" />
  <Point X="91.0" Y="87.0" />
  <Point X="90.69154286075101" Y="87.30845713924899" />
  <Point X="90.0" Y="88.0" />
  <Point X="90.0" Y="89.0" />
  <Point X="89.0" Y="89.0" />
  <Point X="89.0" Y="90.0" />
  <Point X="89.0" Y="91.0" />
  <Point X="89.0" Y="92.0" />
  <Point X="88.21285413537122" Y="92.0" />
  <Point X="88.0" Y="92.0" />
  <Point X="87.0" Y="92.0" />
  <Point X="87.0" Y="93.0" />
  <Point X="87.0" Y="94.0" />
  <Point X="86.0" Y="94.0" />
  <Point X="86.0" Y="95.0" />
  <Point X="86.0" Y="96.0" />
  <Point X="86.0" Y="96.55228102189393" />
  <Point X="86.0" Y="97.0" />
  <Point X="85.0" Y="97.0" />
  <Point X="85.0" Y="98.0" />
  <Point X="85.0" Y="99.0" />
  <Point X="84.0" Y="99.0" />
  <Point X="83.0" Y="100.0" />
  <Point X="83.0" Y="100.90320261678599" />
  <Point X="83.0" Y="101.0" />
  <Point X="83.0" Y="102.0" />
  <Point X="82.0" Y="102.0" />
  <Point X="82.0" Y="103.0" />
  <Point X="81.0" Y="104.0" />
  <Point X="81.0" Y="105.0" />
  <Point X="81.0" Y="106.0" />
  <Point X="80.74587578832195" Y="106.0" />
  <Point X="80.0" Y="106.0" />
  <Point X="80.0" Y="107.0" />
  <Point X="79.0" Y="107.0" />
  <Point X="79.0" Y="108.0" />
  <Point X="79.0" Y="109.0" />
  <Point X="78.0" Y="109.0" />
  <Point X="78.0" Y="110.0" />
  <Point X="78.0" Y="110.0192593689432" />
  <Point X="78.0" Y="111.0" />
  <Point X="77.0" Y="111.0" />
  <Point X="77.0" Y="112.0" />
  <Point X="77.0" Y="113.0" />
  <Point X="76.0" Y="114.0" />
  <Point X="75.03113574901937" Y="114.96886425098063" />
  <Point X="75.0" Y="115.0" />
  <Point X="75.0" Y="116.0" />
  <Point X="75.0" Y="117.0" />
  <Point X="74.0" Y="117.0" />
  <Point X="74.0" Y="118.0" />
  <Point X="74.0" Y="119.0" />
  <Point X="73.0" Y="119.0" />
  <Point X="73.0" Y="119.72110255872731" />
  <Point X="73.0" Y="120.0" />
  <Point X="73.0" Y="121.0" />
  <Point X="73.0" Y="122.0" />
  <Point X="72.0" Y="122.0" />
  <Point X="72.0" Y="123.0" />
  <Point X="71.0" Y="123.0" />
  <Point X="71.0" Y="124.0" />
  <Point X="71.0" Y="124.48623771599246" />
  <Point X="71.0" Y="125.0" />
  <Point X="71.0" Y="126.0" />
  <Point X="71.0" Y="127.0" />
  <Point X="71.0" Y="128.0" />
  <Point X="71.0" Y="129.0" />
  <Point X="71.0" Y="130.0" />
  <Point X="71.0" Y="131.0" />
  <Point X="71.0" Y="131.25137287325762" />
  <Point X="71.0" Y="132.0" />
  <Point X="71.0" Y="133.0" />
  <Point X="72.0" Y="134.0" />
  <Point X="73.0" Y="135.0" />
  <Point X="74.0" Y="135.0" />
  <Point X="74.0" Y="136.0" />
  <Point X="74.18808090577659" Y="136.0" />
  <Point X="75.0" Y="136.0" />
  <Point X="76.0" Y="136.0" />
  <Point X="76.0" Y="137.0" />
  <Point X="77.0" Y="138.0" />
  <Point X="78.0" Y="138.0" />
  <Point X="78.0" Y="139.0" />
  <Point X="78.53900250066864" Y="139.0" />
  <Point X="79.0" Y="139.0" />
  <Point X="80.0" Y="139.0" />
  <Point X="81.0" Y="139.0" />
  <Point X="81.0" Y="140.0" />
  <Point X="82.0" Y="140.0" />
  <Point X="83.0" Y="140.0" />
  <Point X="84.0" Y="140.0" />
  <Point X="84.3041376579338" Y="140.0" />
  <Point X="85.0" Y="140.0" />
  <Point X="86.0" Y="140.0" />
  <Point X="87.0" Y="140.0" />
  <Point X="88.0" Y="140.0" />
  <Point X="89.0" Y="140.0" />
  <Point X="90.0" Y="140.0" />
  <Point X="91.0" Y="140.0" />
  <Point X="91.06927281519894" Y="140.0" />
  <Point X="92.0" Y="140.0" />
  <Point X="93.0" Y="140.0" />
  <Point X="94.0" Y="140.0" />
  <Point X="95.0" Y="140.0" />
  <Point X="96.0" Y="140.0" />
  <Point X="96.0" Y="139.0" />
  <Point X="96.83440797246409" Y="139.0" />
  <Point X="97.0" Y="139.0" />
  <Point X="98.0" Y="139.0" />
  <Point X="99.0" Y="139.0" />
  <Point X="100.0" Y="139.0" />
  <Point X="101.0" Y="138.0" />
  <Point X="102.0" Y="137.0" />
  <Point X="102.77111600498306" Y="137.0" />
  <Point X="103.0" Y="137.0" />
  <Point X="104.0" Y="137.0" />
  <Point X="105.0" Y="137.0" />
  <Point X="106.0" Y="136.0" />
  <Point X="106.0" Y="137.0" />
  <Point X="106.0" Y="138.0" />
  <Point X="105.0" Y="138.0" />
  <Point X="105.0" Y="138.1220375998751" />
  <Point X="105.0" Y="139.0" />
  <Point X="104.0" Y="139.0" />
  <Point X="104.0" Y="140.0" />
  <Point X="103.0" Y="140.0" />
  <Point X="103.0" Y="141.0" />
  <Point X="102.0" Y="141.0" />
  <Point X="102.0" Y="141.88717275714026" />
  <Point X="102.0" Y="142.0" />
  <Point X="101.0" Y="142.0" />
  <Point X="101.0" Y="143.0" />
  <Point X="100.0" Y="143.0" />
  <Point X="99.0" Y="143.0" />
  <Point X="99.0" Y="144.0" />
  <Point X="98.0" Y="144.0" />
  <Point X="97.34769208559459" Y="144.0" />
  <Point X="97.0" Y="144.0" />
  <Point X="97.0" Y="145.0" />
  <Point X="96.0" Y="145.0" />
  <Point X="96.0" Y="146.0" />
  <Point X="95.0" Y="146.0" />
  <Point X="95.0" Y="147.0" />
  <Point X="94.0" Y="147.0" />
  <Point X="94.0" Y="147.41744307167056" />
  <Point X="94.0" Y="148.0" />
  <Point X="93.0" Y="148.0" />
  <Point X="93.0" Y="149.0" />
  <Point X="93.0" Y="150.0" />
  <Point X="94.0" Y="150.0" />
  <Point X="95.0" Y="150.0" />
  <Point X="96.0" Y="150.0" />
  <Point X="96.0" Y="150.1825782289357" />
  <Point X="96.0" Y="151.0" />
  <Point X="97.0" Y="151.0" />
  <Point X="98.0" Y="151.0" />
  <Point X="98.0" Y="152.0" />
  <Point X="99.0" Y="152.0" />
  <Point X="100.0" Y="152.0" />
  <Point X="100.94771338620086" Y="152.0" />
  <Point X="101.0" Y="152.0" />
  <Point X="102.0" Y="152.0" />
  <Point X="103.0" Y="152.0" />
  <Point X="104.0" Y="152.0" />
  <Point X="105.0" Y="152.0" />
  <Point X="106.0" Y="152.0" />
  <Point X="106.0" Y="153.0" />
  <Point X="106.0" Y="153.712848543466" />
  <Point X="106.0" Y="154.0" />
  <Point X="106.0" Y="155.0" />
  <Point X="105.0" Y="155.0" />
  <Point X="104.0" Y="155.0" />
  <Point X="104.0" Y="156.0" />
  <Point X="104.0" Y="157.0" />
  <Point X="103.0" Y="157.0" />
  <Point X="103.0" Y="157.47798370073116" />
  <Point X="103.0" Y="158.0" />
  <Point X="103.0" Y="159.0" />
  <Point X="102.0" Y="159.0" />
  <Point X="102.0" Y="160.0" />
  <Point X="101.0" Y="160.0" />
  <Point X="101.0" Y="161.0" />
  <Point X="100.0" Y="161.0" />
  <Point X="100.0" Y="161.2431188579963" />
  <Point X="100.0" Y="162.0" />
  <Point X="99.0" Y="163.0" />
  <Point X="99.0" Y="164.0" />
  <Point X="98.0" Y="164.0" />
  <Point X="98.0" Y="165.0" />
  <Point X="97.0" Y="165.0" />
  <Point X="97.0" Y="165.59404045288835" />
  <Point X="97.0" Y="166.0" />
  <Point X="96.0" Y="166.0" />
  <Point X="96.0" Y="167.0" />
  <Point X="95.0" Y="168.0" />
  <Point X="95.0" Y="169.0" />
  <Point X="94.0" Y="169.0" />
  <Point X="94.0" Y="169.9449620477804" />
  <Point X="94.0" Y="170.0" />
  <Point X="93.0" Y="170.0" />
  <Point X="93.0" Y="171.0" />
  <Point X="93.0" Y="172.0" />
  <Point X="92.0" Y="172.0" />
  <Point X="91.0" Y="172.0" />
  <Point X="91.0" Y="173.0" />
  <Point X="91.0" Y="173.71009720504554" />
  <Point X="91.0" Y="174.0" />
  <Point X="91.0" Y="175.0" />
  <Point X="90.0" Y="175.0" />
  <Point X="90.0" Y="176.0" />
  <Point X="90.0" Y="177.0" />
  <Point X="90.0" Y="178.0" />
  <Point X="90.0" Y="179.0" />
  <Point X="90.0" Y="179.4752323623107" />
  <Point X="90.0" Y="180.0" />
  <Point X="90.0" Y="181.0" />
  <Point X="90.0" Y="182.0" />
  <Point X="90.0" Y="183.0" />
  <Point X="90.0" Y="184.0" />
  <Point X="90.0" Y="185.0" />
  <Point X="90.0" Y="186.0" />
  <Point X="90.0" Y="186.24036751957584" />
  <Point X="90.0" Y="187.0" />
  <Point X="90.0" Y="188.0" />
  <Point X="91.0" Y="188.0" />
  <Point X="91.0" Y="189.0" />
  <Point X="92.0" Y="189.0" />
  <Point X="92.0" Y="190.0" />
  <Point X="93.0" Y="190.0" />
  <Point X="93.0" Y="190.005502676841" />
  <Point X="93.0" Y="191.0" />
  <Point X="93.0" Y="192.0" />
  <Point X="94.0" Y="192.0" />
  <Point X="94.0" Y="193.0" />
  <Point X="95.0" Y="193.0" />
  <Point X="95.0" Y="194.0" />
  <Point X="95.77063783410614" Y="194.0" />
  <Point X="96.0" Y="194.0" />
  <Point X="97.0" Y="194.0" />
  <Point X="97.0" Y="195.0" />
  <Point X="98.0" Y="195.0" />
  <Point X="98.0" Y="196.0" />
  <Point X="99.0" Y="196.0" />
  <Point X="100.0" Y="196.0" />
  <Point X="100.0" Y="196.5357729913713" />
  <Point X="100.0" Y="197.0" />
  <Point X="101.0" Y="197.0" />
  <Point X="102.0" Y="197.0" />
  <Point X="102.0" Y="198.0" />
  <Point X="103.0" Y="198.0" />
  <Point X="104.0" Y="198.0" />
  <Point X="105.0" Y="198.0" />
  <Point X="105.21277419241511" Y="198.2127741924151" />
  <Point X="106.0" Y="199.0" />
  <Point X="107.0" Y="200.0" />
  <Point X="108.0" Y="200.0" />
  <Point X="109.0" Y="200.0" />
  <Point X="110.0" Y="200.0" />
  <Point X="111.0" Y="200.0" />
  <Point X="111.16802001301463" Y="200.16802001301463" />
  <Point X="112.0" Y="201.0" />
  <Point X="113.0" Y="201.0" />
  <Point X="114.0" Y="201.0" />
  <Point X="115.0" Y="201.0" />
  <Point X="116.0" Y="202.0" />
  <Point X="117.0" Y="202.0" />
  <Point X="117.17432421367435" Y="202.0" />
  <Point X="118.0" Y="202.0" />
  <Point X="119.0" Y="202.0" />
  <Point X="120.0" Y="202.0" />
  <Point X="121.0" Y="202.0" />
  <Point X="122.0" Y="202.0" />
  <Point X="123.0" Y="202.0" />
  <Point X="123.9394593709395" Y="202.0" />
  <Point X="124.0" Y="202.0" />
  <Point X="125.0" Y="202.0" />
  <Point X="126.0" Y="202.0" />
  <Point X="127.0" Y="202.0" />
  <Point X="128.0" Y="202.0" />
  <Point X="129.0" Y="202.0" />
  <Point X="130.0" Y="202.0" />
  <Point X="130.70459452820467" Y="202.0" />
  <Point X="131.0" Y="202.0" />
  <Point X="132.0" Y="202.0" />
  <Point X="133.0" Y="202.0" />
  <Point X="134.0" Y="202.0" />
  <Point X="135.0" Y="202.0" />
  <Point X="136.0" Y="202.0" />
  <Point X="137.0" Y="202.0" />
  <Point X="137.46972968546982" Y="202.0" />
  <Point X="138.0" Y="202.0" />
  <Point X="139.0" Y="202.0" />
  <Point X="140.0" Y="202.0" />
  <Point X="141.0" Y="202.0" />
  <Point X="142.0" Y="202.0" />
  <Point X="142.0" Y="201.0" />
  <Point X="142.0" Y="200.0" />
  <Point X="142.0" Y="199.76513515726504" />
  <Point X="142.0" Y="199.0" />
  <Point X="142.0" Y="198.0" />
  <Point X="142.0" Y="197.0" />
  <Point X="142.0" Y="196.0" />
  <Point X="142.0" Y="195.0" />
  <Point X="143.0" Y="195.0" />
  <Point X="143.0" Y="194.0" />
</Project_1_Part_4>
