<?xml version="1.0" encoding="utf-8" standalone="yes"?>
<Gesture Name="left_curly_brace3" Subject="2" Number="2" NumPts="487">
  <Point X="130.0" Y="88.0" />
  <Point X="129.0" Y="88.0" />
  <Point X="128.0" Y="88.0" />
  <Point X="127.0" Y="88.0" />
  <Point X="126.0" Y="88.0" />
  <Point X="125.0" Y="88.0" />
  <Point X="124.0" Y="88.0" />
  <Point X="123.0" Y="88.0" />
  <Point X="122.82485546443962" Y="88.0" />
  <Point X="122.0" Y="88.0" />
  <Point X="121.0" Y="88.0" />
  <Point X="120.0" Y="88.0" />
  <Point X="119.0" Y="88.0" />
  <Point X="118.0" Y="88.0" />
  <Point X="118.0" Y="89.0" />
  <Point X="117.0" Y="89.0" />
  <Point X="116.64971092887924" Y="89.0" />
  <Point X="116.0" Y="89.0" />
  <Point X="115.0" Y="89.0" />
  <Point X="114.0" Y="89.0" />
  <Point X="113.0" Y="89.0" />
  <Point X="112.0" Y="89.0" />
  <Point X="111.0" Y="90.0" />
  <Point X="110.0" Y="90.0" />
  <Point X="109.88877995569196" Y="90.0" />
  <Point X="109.0" Y="90.0" />
  <Point X="108.0" Y="90.0" />
  <Point X="107.0" Y="90.0" />
  <Point X="106.0" Y="91.0" />
  <Point X="105.0" Y="91.0" />
  <Point X="104.0" Y="91.0" />
  <Point X="103.12784898250467" Y="91.0" />
  <Point X="103.0" Y="91.0" />
  <Point X="102.0" Y="91.0" />
  <Point X="101.0" Y="91.0" />
  <Point X="101.0" Y="92.0" />
  <Point X="100.0" Y="92.0" />
  <Point X="99.0" Y="92.0" />
  <Point X="98.0" Y="93.0" />
  <Point X="97.36691800931739" Y="93.0" />
  <Point X="97.0" Y="93.0" />
  <Point X="95.0" Y="94.0" />
  <Point X="94.0" Y="94.0" />
  <Point X="93.0" Y="94.0" />
  <Point X="93.0" Y="95.0" />
  <Point X="92.0" Y="95.0" />
  <Point X="91.4278414512568" Y="95.0" />
  <Point X="91.0" Y="95.0" />
  <Point X="90.0" Y="96.0" />
  <Point X="89.0" Y="97.0" />
  <Point X="88.0" Y="97.0" />
  <Point X="87.0" Y="98.0" />
  <Point X="86.0" Y="98.0" />
  <Point X="86.0" Y="98.5046623971843" />
  <Point X="86.0" Y="99.0" />
  <Point X="85.0" Y="99.0" />
  <Point X="84.0" Y="99.0" />
  <Point X="84.0" Y="100.0" />
  <Point X="83.0" Y="101.0" />
  <Point X="82.0" Y="101.0" />
  <Point X="82.0" Y="102.0" />
  <Point X="81.73440662962841" Y="102.0" />
  <Point X="81.0" Y="102.0" />
  <Point X="80.0" Y="102.0" />
  <Point X="80.0" Y="103.0" />
  <Point X="79.0" Y="103.0" />
  <Point X="79.0" Y="104.0" />
  <Point X="78.0" Y="105.0" />
  <Point X="78.0" Y="106.0" />
  <Point X="77.97347565644112" Y="106.0" />
  <Point X="77.0" Y="106.0" />
  <Point X="76.0" Y="106.0" />
  <Point X="75.0" Y="108.0" />
  <Point X="74.0" Y="108.0" />
  <Point X="74.0" Y="109.96560090161947" />
  <Point X="74.0" Y="110.0" />
  <Point X="73.0" Y="110.0" />
  <Point X="73.0" Y="111.0" />
  <Point X="72.0" Y="111.0" />
  <Point X="72.0" Y="112.0" />
  <Point X="72.0" Y="113.0" />
  <Point X="71.0" Y="114.0" />
  <Point X="71.0" Y="114.72653187480675" />
  <Point X="71.0" Y="115.0" />
  <Point X="70.0" Y="115.0" />
  <Point X="70.0" Y="116.0" />
  <Point X="69.0" Y="116.0" />
  <Point X="69.0" Y="117.0" />
  <Point X="69.0" Y="118.0" />
  <Point X="69.0" Y="119.0" />
  <Point X="68.36241849579345" Y="119.63758150420655" />
  <Point X="68.0" Y="120.0" />
  <Point X="68.0" Y="121.0" />
  <Point X="68.0" Y="122.0" />
  <Point X="68.0" Y="123.0" />
  <Point X="68.0" Y="124.0" />
  <Point X="68.0" Y="125.0" />
  <Point X="67.0" Y="126.0" />
  <Point X="67.0" Y="126.24839382118134" />
  <Point X="67.0" Y="127.0" />
  <Point X="67.0" Y="128.0" />
  <Point X="67.0" Y="129.0" />
  <Point X="67.0" Y="130.0" />
  <Point X="67.0" Y="131.0" />
  <Point X="66.0" Y="131.0" />
  <Point X="66.0" Y="132.0" />
  <Point X="66.0" Y="132.42353835674172" />
  <Point X="66.0" Y="134.0" />
  <Point X="66.0" Y="135.0" />
  <Point X="66.0" Y="136.0" />
  <Point X="66.0" Y="137.0" />
  <Point X="66.0" Y="138.0" />
  <Point X="66.0" Y="139.0" />
  <Point X="66.0" Y="139.5986828923021" />
  <Point X="66.0" Y="140.0" />
  <Point X="66.0" Y="141.0" />
  <Point X="66.0" Y="142.0" />
  <Point X="66.0" Y="143.0" />
  <Point X="66.0" Y="144.0" />
  <Point X="67.0" Y="145.0" />
  <Point X="67.0" Y="146.0" />
  <Point X="67.0" Y="146.3596138654894" />
  <Point X="67.0" Y="147.0" />
  <Point X="68.0" Y="147.0" />
  <Point X="68.0" Y="148.0" />
  <Point X="69.0" Y="148.0" />
  <Point X="70.0" Y="148.0" />
  <Point X="70.0" Y="149.0" />
  <Point X="71.0" Y="150.0" />
  <Point X="71.12054483867668" Y="150.0" />
  <Point X="72.0" Y="150.0" />
  <Point X="73.0" Y="150.0" />
  <Point X="74.0" Y="150.0" />
  <Point X="74.0" Y="151.0" />
  <Point X="75.0" Y="151.0" />
  <Point X="76.0" Y="151.0" />
  <Point X="77.0" Y="151.0" />
  <Point X="77.20908396164783" Y="151.20908396164782" />
  <Point X="78.0" Y="152.0" />
  <Point X="79.0" Y="152.0" />
  <Point X="80.0" Y="152.0" />
  <Point X="81.0" Y="153.0" />
  <Point X="82.0" Y="153.0" />
  <Point X="83.0" Y="153.0" />
  <Point X="83.64240678505125" Y="153.0" />
  <Point X="84.0" Y="153.0" />
  <Point X="85.0" Y="153.0" />
  <Point X="86.0" Y="153.0" />
  <Point X="87.0" Y="153.0" />
  <Point X="88.0" Y="154.0" />
  <Point X="89.0" Y="154.0" />
  <Point X="90.40333775823854" Y="154.0" />
  <Point X="91.0" Y="154.0" />
  <Point X="92.0" Y="154.0" />
  <Point X="93.0" Y="154.0" />
  <Point X="94.0" Y="154.0" />
  <Point X="95.0" Y="154.0" />
  <Point X="96.0" Y="154.0" />
  <Point X="97.0" Y="154.0" />
  <Point X="97.57848229379891" Y="154.0" />
  <Point X="98.0" Y="154.0" />
  <Point X="99.0" Y="154.0" />
  <Point X="100.0" Y="154.0" />
  <Point X="101.0" Y="154.0" />
  <Point X="102.0" Y="154.0" />
  <Point X="103.0" Y="154.0" />
  <Point X="104.0" Y="154.0" />
  <Point X="104.75362682935929" Y="154.0" />
  <Point X="105.0" Y="154.0" />
  <Point X="106.0" Y="154.0" />
  <Point X="107.0" Y="154.0" />
  <Point X="108.0" Y="154.0" />
  <Point X="109.0" Y="154.0" />
  <Point X="110.0" Y="154.0" />
  <Point X="110.0" Y="153.0" />
  <Point X="110.92877136491967" Y="153.0" />
  <Point X="111.0" Y="153.0" />
  <Point X="110.0" Y="153.0" />
  <Point X="109.0" Y="153.0" />
  <Point X="108.0" Y="153.0" />
  <Point X="107.0" Y="153.0" />
  <Point X="106.0" Y="153.0" />
  <Point X="105.0" Y="153.0" />
  <Point X="104.0" Y="153.0" />
  <Point X="103.89608409951995" Y="153.0" />
  <Point X="103.0" Y="153.0" />
  <Point X="102.0" Y="153.0" />
  <Point X="101.0" Y="154.0" />
  <Point X="100.0" Y="154.0" />
  <Point X="99.0" Y="154.0" />
  <Point X="98.0" Y="154.0" />
  <Point X="97.13515312633267" Y="154.0" />
  <Point X="97.0" Y="154.0" />
  <Point X="97.0" Y="155.0" />
  <Point X="96.0" Y="155.0" />
  <Point X="95.0" Y="155.0" />
  <Point X="94.0" Y="155.0" />
  <Point X="93.0" Y="155.0" />
  <Point X="93.0" Y="156.0" />
  <Point X="92.0" Y="156.0" />
  <Point X="91.96000859077229" Y="156.0" />
  <Point X="91.0" Y="156.0" />
  <Point X="90.0" Y="156.0" />
  <Point X="89.0" Y="156.0" />
  <Point X="88.0" Y="157.0" />
  <Point X="87.0" Y="157.0" />
  <Point X="86.0" Y="157.0" />
  <Point X="85.199077617585" Y="157.0" />
  <Point X="85.0" Y="157.0" />
  <Point X="84.0" Y="157.0" />
  <Point X="84.0" Y="158.0" />
  <Point X="83.0" Y="158.0" />
  <Point X="82.0" Y="158.0" />
  <Point X="81.0" Y="159.0" />
  <Point X="80.0" Y="159.0" />
  <Point X="79.43814664439772" Y="159.0" />
  <Point X="79.0" Y="159.0" />
  <Point X="79.0" Y="160.0" />
  <Point X="78.0" Y="160.0" />
  <Point X="77.0" Y="160.0" />
  <Point X="76.0" Y="160.0" />
  <Point X="76.0" Y="161.0" />
  <Point X="75.0" Y="161.0" />
  <Point X="74.26300210883734" Y="161.0" />
  <Point X="74.0" Y="161.0" />
  <Point X="73.0" Y="161.0" />
  <Point X="73.0" Y="162.0" />
  <Point X="72.0" Y="163.0" />
  <Point X="71.0" Y="163.0" />
  <Point X="71.0" Y="164.0" />
  <Point X="70.0" Y="164.0" />
  <Point X="70.0" Y="164.49792886434994" />
  <Point X="70.0" Y="165.0" />
  <Point X="69.0" Y="165.0" />
  <Point X="68.0" Y="165.0" />
  <Point X="68.0" Y="166.0" />
  <Point X="67.0" Y="166.0" />
  <Point X="67.0" Y="167.0" />
  <Point X="68.0" Y="167.0" />
  <Point X="68.67307339991032" Y="167.0" />
  <Point X="69.0" Y="167.0" />
  <Point X="69.0" Y="168.0" />
  <Point X="70.0" Y="168.0" />
  <Point X="71.0" Y="168.0" />
  <Point X="72.0" Y="168.0" />
  <Point X="73.0" Y="168.0" />
  <Point X="74.0" Y="168.0" />
  <Point X="74.8482179354707" Y="168.0" />
  <Point X="75.0" Y="168.0" />
  <Point X="76.0" Y="168.0" />
  <Point X="77.0" Y="168.0" />
  <Point X="78.0" Y="168.0" />
  <Point X="79.0" Y="168.0" />
  <Point X="80.0" Y="168.0" />
  <Point X="81.0" Y="168.0" />
  <Point X="82.0" Y="168.0" />
  <Point X="82.02336247103108" Y="168.0" />
  <Point X="83.0" Y="168.0" />
  <Point X="84.0" Y="168.0" />
  <Point X="85.0" Y="168.0" />
  <Point X="86.0" Y="168.0" />
  <Point X="87.0" Y="168.0" />
  <Point X="88.0" Y="168.0" />
  <Point X="89.0" Y="168.0" />
  <Point X="89.19850700659146" Y="168.0" />
  <Point X="90.0" Y="168.0" />
  <Point X="91.0" Y="168.0" />
  <Point X="92.0" Y="168.0" />
  <Point X="93.0" Y="168.0" />
  <Point X="94.0" Y="168.0" />
  <Point X="95.0" Y="168.0" />
  <Point X="96.37365154215183" Y="168.0" />
  <Point X="97.0" Y="168.0" />
  <Point X="98.0" Y="168.0" />
  <Point X="99.0" Y="168.0" />
  <Point X="100.0" Y="168.0" />
  <Point X="101.0" Y="168.0" />
  <Point X="102.0" Y="168.0" />
  <Point X="103.0" Y="168.0" />
  <Point X="103.54879607771221" Y="168.0" />
  <Point X="104.0" Y="168.0" />
  <Point X="105.0" Y="168.0" />
  <Point X="106.0" Y="168.0" />
  <Point X="107.0" Y="168.0" />
  <Point X="108.0" Y="168.0" />
  <Point X="109.0" Y="168.0" />
  <Point X="110.0" Y="168.0" />
  <Point X="110.72394061327259" Y="168.0" />
  <Point X="111.0" Y="168.0" />
  <Point X="112.0" Y="168.0" />
  <Point X="113.0" Y="168.0" />
  <Point X="114.0" Y="168.0" />
  <Point X="115.0" Y="168.0" />
  <Point X="114.0" Y="168.0" />
  <Point X="114.0" Y="169.0" />
  <Point X="113.10091485116703" Y="169.0" />
  <Point X="113.0" Y="169.0" />
  <Point X="112.0" Y="169.0" />
  <Point X="111.0" Y="169.0" />
  <Point X="111.0" Y="170.0" />
  <Point X="110.0" Y="170.0" />
  <Point X="110.0" Y="171.0" />
  <Point X="109.0" Y="171.0" />
  <Point X="108.0" Y="171.0" />
  <Point X="107.92577031560666" Y="171.0" />
  <Point X="107.0" Y="171.0" />
  <Point X="107.0" Y="172.0" />
  <Point X="106.0" Y="172.0" />
  <Point X="105.0" Y="172.0" />
  <Point X="104.0" Y="172.0" />
  <Point X="104.0" Y="173.0" />
  <Point X="103.0" Y="173.0" />
  <Point X="102.75062578004628" Y="173.0" />
  <Point X="102.0" Y="173.0" />
  <Point X="101.0" Y="173.0" />
  <Point X="101.0" Y="174.0" />
  <Point X="100.0" Y="174.0" />
  <Point X="99.0" Y="174.0" />
  <Point X="99.0" Y="175.0" />
  <Point X="98.0" Y="175.0" />
  <Point X="97.5754812444859" Y="175.0" />
  <Point X="97.0" Y="175.0" />
  <Point X="96.0" Y="175.0" />
  <Point X="95.0" Y="176.0" />
  <Point X="94.0" Y="176.0" />
  <Point X="93.0" Y="176.0" />
  <Point X="92.0" Y="177.0" />
  <Point X="91.2287638336717" Y="177.0" />
  <Point X="91.0" Y="177.0" />
  <Point X="90.0" Y="177.0" />
  <Point X="89.0" Y="177.0" />
  <Point X="89.0" Y="178.0" />
  <Point X="88.0" Y="178.0" />
  <Point X="87.0" Y="179.0" />
  <Point X="86.0" Y="179.0" />
  <Point X="85.46783286048442" Y="179.0" />
  <Point X="85.0" Y="179.0" />
  <Point X="84.0" Y="180.0" />
  <Point X="83.0" Y="180.0" />
  <Point X="82.0" Y="180.0" />
  <Point X="81.0" Y="181.0" />
  <Point X="79.12111544967023" Y="181.0" />
  <Point X="79.0" Y="181.0" />
  <Point X="78.0" Y="181.0" />
  <Point X="78.0" Y="182.0" />
  <Point X="77.0" Y="182.0" />
  <Point X="77.0" Y="183.0" />
  <Point X="76.0" Y="183.0" />
  <Point X="75.0" Y="183.0" />
  <Point X="74.0" Y="183.0" />
  <Point X="74.0" Y="183.05402908589016" />
  <Point X="74.0" Y="184.0" />
  <Point X="72.0" Y="184.0" />
  <Point X="71.0" Y="184.0" />
  <Point X="71.0" Y="185.0" />
  <Point X="70.0" Y="185.0" />
  <Point X="69.0" Y="185.0" />
  <Point X="68.83794977820324" Y="185.16205022179676" />
  <Point X="68.0" Y="186.0" />
  <Point X="67.0" Y="187.0" />
  <Point X="66.0" Y="187.0" />
  <Point X="65.0" Y="187.0" />
  <Point X="64.0" Y="187.0" />
  <Point X="64.0" Y="188.0" />
  <Point X="63.42410896773526" Y="188.0" />
  <Point X="63.0" Y="188.0" />
  <Point X="63.0" Y="189.0" />
  <Point X="62.0" Y="189.0" />
  <Point X="61.0" Y="190.0" />
  <Point X="61.0" Y="191.0" />
  <Point X="60.0" Y="191.0" />
  <Point X="60.0" Y="192.0" />
  <Point X="60.0" Y="192.33682200545204" />
  <Point X="60.0" Y="193.0" />
  <Point X="60.0" Y="194.0" />
  <Point X="60.0" Y="195.0" />
  <Point X="60.0" Y="196.0" />
  <Point X="61.0" Y="196.0" />
  <Point X="61.0" Y="197.0" />
  <Point X="62.0" Y="197.0" />
  <Point X="62.3620150128905" Y="197.3620150128905" />
  <Point X="63.0" Y="198.0" />
  <Point X="63.0" Y="199.0" />
  <Point X="64.0" Y="199.0" />
  <Point X="64.0" Y="200.0" />
  <Point X="65.0" Y="200.0" />
  <Point X="66.0" Y="201.0" />
  <Point X="66.85868395182662" Y="201.0" />
  <Point X="67.0" Y="201.0" />
  <Point X="68.0" Y="202.0" />
  <Point X="69.0" Y="203.0" />
  <Point X="70.0" Y="203.0" />
  <Point X="71.0" Y="203.0" />
  <Point X="71.0" Y="204.0" />
  <Point X="72.0" Y="204.0" />
  <Point X="72.20540136264081" Y="204.0" />
  <Point X="73.0" Y="204.0" />
  <Point X="74.0" Y="205.0" />
  <Point X="75.0" Y="206.0" />
  <Point X="76.0" Y="206.0" />
  <Point X="77.0" Y="206.0" />
  <Point X="78.0" Y="206.0" />
  <Point X="78.552118773455" Y="206.0" />
  <Point X="79.0" Y="206.0" />
  <Point X="79.0" Y="207.0" />
  <Point X="80.0" Y="207.0" />
  <Point X="81.0" Y="207.0" />
  <Point X="82.0" Y="208.0" />
  <Point X="83.0" Y="208.0" />
  <Point X="84.0" Y="208.0" />
  <Point X="84.31304974664229" Y="208.0" />
  <Point X="85.0" Y="208.0" />
  <Point X="86.0" Y="208.0" />
  <Point X="87.0" Y="208.0" />
  <Point X="89.0" Y="209.0" />
  <Point X="90.0" Y="209.0" />
  <Point X="91.25212630470288" Y="209.0" />
  <Point X="92.0" Y="209.0" />
  <Point X="92.0" Y="210.0" />
  <Point X="94.0" Y="210.0" />
  <Point X="95.0" Y="210.0" />
  <Point X="96.0" Y="210.0" />
  <Point X="97.0" Y="210.0" />
  <Point X="97.42727084026326" Y="210.0" />
  <Point X="98.0" Y="210.0" />
  <Point X="99.0" Y="210.0" />
  <Point X="100.0" Y="210.0" />
  <Point X="101.0" Y="210.0" />
  <Point X="102.0" Y="210.0" />
  <Point X="104.0" Y="210.0" />
  <Point X="104.60241537582364" Y="210.0" />
  <Point X="105.0" Y="210.0" />
  <Point X="106.0" Y="210.0" />
  <Point X="107.0" Y="210.0" />
  <Point X="108.0" Y="210.0" />
  <Point X="109.0" Y="210.0" />
  <Point X="110.0" Y="210.0" />
  <Point X="111.0" Y="210.0" />
  <Point X="111.77755991138402" Y="210.0" />
  <Point X="112.0" Y="210.0" />
  <Point X="113.0" Y="210.0" />
  <Point X="114.0" Y="210.0" />
  <Point X="115.0" Y="210.0" />
  <Point X="116.0" Y="210.0" />
  <Point X="117.0" Y="210.0" />
  <Point X="118.0" Y="210.0" />
  <Point X="118.9527044469444" Y="210.0" />
  <Point X="119.0" Y="210.0" />
  <Point X="120.0" Y="210.0" />
  <Point X="120.0" Y="209.0" />
  <Point X="121.0" Y="208.0" />
  <Point X="122.0" Y="208.0" />
  <Point X="123.0" Y="208.0" />
  <Point X="124.0" Y="208.0" />
  <Point X="124.71363542013168" Y="208.0" />
  <Point X="125.0" Y="208.0" />
  <Point X="125.0" Y="207.0" />
  <Point X="126.0" Y="207.0" />
  <Point X="127.0" Y="206.0" />
  <Point X="128.0" Y="206.0" />
  <Point X="129.0" Y="206.0" />
  <Point X="129.0" Y="205.0" />
  <Point X="129.0" Y="204.52543360668102" />
  <Point X="129.0" Y="204.0" />
  <Point X="130.0" Y="204.0" />
  <Point X="130.0" Y="203.0" />
  <Point X="130.0" Y="202.0" />
  <Point X="130.0" Y="201.0" />
  <Point X="130.0" Y="200.0" />
  <Point X="130.0" Y="199.0" />
  <Point X="130.0" Y="198.35028907112064" />
  <Point X="130.0" Y="198.0" />
  <Point X="130.0" Y="197.0" />
  <Point X="130.0" Y="196.0" />
  <Point X="129.0" Y="196.0" />
  <Point X="129.0" Y="195.0" />
  <Point X="129.0" Y="194.0" />
  <Point X="129.0" Y="193.0" />
  <Point X="129.0" Y="192.17514453556026" />
  <Point X="129.0" Y="192.0" />
  <Point X="128.0" Y="192.0" />
  <Point X="127.0" Y="192.0" />
  <Point X="127.0" Y="191.0" />
  <Point X="127.0" Y="190.0" />
  <Point X="127.0" Y="189.0" />
  <Point X="126.0" Y="189.0" />
  <Point X="126.0" Y="188.0" />
</Project_1_Part_4>
