<?xml version="1.0" encoding="utf-8" standalone="yes"?>
<Gesture Name="left_sq_bracket8" Subject="2" Number="2" NumPts="230">
  <Point X="104.0" Y="108.0" />
  <Point X="103.0" Y="108.0" />
  <Point X="102.0" Y="108.0" />
  <Point X="101.34535490972827" Y="108.0" />
  <Point X="101.0" Y="108.0" />
  <Point X="100.0" Y="108.0" />
  <Point X="99.0" Y="108.0" />
  <Point X="99.0" Y="108.30929018054346" />
  <Point X="99.0" Y="109.0" />
  <Point X="98.0" Y="109.0" />
  <Point X="97.03606472918482" Y="109.0" />
  <Point X="97.0" Y="109.0" />
  <Point X="97.0" Y="110.0" />
  <Point X="96.0" Y="110.0" />
  <Point X="95.38141963891309" Y="110.0" />
  <Point X="95.0" Y="110.0" />
  <Point X="94.0" Y="110.0" />
  <Point X="93.0" Y="110.0" />
  <Point X="92.72677454864136" Y="110.0" />
  <Point X="92.0" Y="110.0" />
  <Point X="91.0" Y="110.0" />
  <Point X="90.07212945836963" Y="110.0" />
  <Point X="90.0" Y="110.0" />
  <Point X="89.0" Y="110.0" />
  <Point X="88.0" Y="110.0" />
  <Point X="87.4174843680979" Y="110.0" />
  <Point X="87.0" Y="110.0" />
  <Point X="86.0" Y="110.0" />
  <Point X="85.0" Y="110.0" />
  <Point X="84.76283927782617" Y="110.0" />
  <Point X="84.0" Y="110.0" />
  <Point X="83.0" Y="110.0" />
  <Point X="82.10819418755445" Y="110.0" />
  <Point X="82.0" Y="110.0" />
  <Point X="81.0" Y="110.0" />
  <Point X="80.0" Y="110.0" />
  <Point X="79.45354909728272" Y="110.0" />
  <Point X="79.0" Y="110.0" />
  <Point X="78.0" Y="110.0" />
  <Point X="77.0" Y="110.0" />
  <Point X="77.0" Y="110.20109599298901" />
  <Point X="77.0" Y="111.0" />
  <Point X="76.0" Y="111.0" />
  <Point X="75.14425891673926" Y="111.0" />
  <Point X="75.0" Y="111.0" />
  <Point X="74.0" Y="111.0" />
  <Point X="74.0" Y="112.0" />
  <Point X="73.48961382646753" Y="112.0" />
  <Point X="73.0" Y="112.0" />
  <Point X="72.0" Y="112.0" />
  <Point X="71.0" Y="112.0" />
  <Point X="71.0" Y="112.1650312638042" />
  <Point X="71.0" Y="113.0" />
  <Point X="70.0" Y="113.0" />
  <Point X="69.18032364592408" Y="113.0" />
  <Point X="69.0" Y="113.0" />
  <Point X="68.0" Y="113.0" />
  <Point X="68.0" Y="114.0" />
  <Point X="68.0" Y="114.47432144434765" />
  <Point X="68.0" Y="115.0" />
  <Point X="68.0" Y="116.0" />
  <Point X="68.0" Y="117.0" />
  <Point X="68.12896653461938" Y="117.0" />
  <Point X="69.0" Y="117.0" />
  <Point X="69.0" Y="118.0" />
  <Point X="69.0" Y="118.78361162489111" />
  <Point X="69.0" Y="119.0" />
  <Point X="69.0" Y="120.0" />
  <Point X="70.0" Y="120.0" />
  <Point X="70.0" Y="120.43825671516284" />
  <Point X="70.0" Y="121.0" />
  <Point X="70.0" Y="122.0" />
  <Point X="70.0" Y="123.0" />
  <Point X="70.0" Y="123.09290180543456" />
  <Point X="70.0" Y="124.0" />
  <Point X="70.0" Y="125.0" />
  <Point X="70.0" Y="125.7475468957063" />
  <Point X="70.0" Y="126.0" />
  <Point X="70.0" Y="127.0" />
  <Point X="70.0" Y="128.0" />
  <Point X="70.0" Y="128.40219198597802" />
  <Point X="70.0" Y="129.0" />
  <Point X="70.0" Y="130.0" />
  <Point X="70.0" Y="131.0" />
  <Point X="70.0" Y="131.05683707624976" />
  <Point X="70.0" Y="132.0" />
  <Point X="70.0" Y="133.0" />
  <Point X="70.0" Y="133.7114821665215" />
  <Point X="70.0" Y="134.0" />
  <Point X="70.0" Y="135.0" />
  <Point X="70.0" Y="136.0" />
  <Point X="70.0" Y="136.36612725679325" />
  <Point X="70.0" Y="137.0" />
  <Point X="70.0" Y="138.0" />
  <Point X="70.0" Y="139.0" />
  <Point X="70.0" Y="139.020772347065" />
  <Point X="70.0" Y="140.0" />
  <Point X="70.0" Y="141.0" />
  <Point X="70.0" Y="141.67541743733673" />
  <Point X="70.0" Y="142.0" />
  <Point X="70.0" Y="143.0" />
  <Point X="70.0" Y="144.0" />
  <Point X="70.0" Y="144.33006252760848" />
  <Point X="70.0" Y="145.0" />
  <Point X="70.0" Y="146.0" />
  <Point X="70.0" Y="146.98470761788022" />
  <Point X="70.0" Y="147.0" />
  <Point X="70.0" Y="148.0" />
  <Point X="70.0" Y="149.0" />
  <Point X="70.0" Y="149.63935270815196" />
  <Point X="70.0" Y="150.0" />
  <Point X="70.0" Y="151.0" />
  <Point X="70.0" Y="152.0" />
  <Point X="70.0" Y="152.2939977984237" />
  <Point X="70.0" Y="153.0" />
  <Point X="70.0" Y="154.0" />
  <Point X="70.0" Y="154.94864288869545" />
  <Point X="70.0" Y="155.0" />
  <Point X="70.0" Y="156.0" />
  <Point X="70.0" Y="157.0" />
  <Point X="70.0" Y="157.6032879789672" />
  <Point X="70.0" Y="158.0" />
  <Point X="70.0" Y="159.0" />
  <Point X="69.11050699646235" Y="159.88949300353764" />
  <Point X="69.0" Y="160.0" />
  <Point X="69.0" Y="161.0" />
  <Point X="69.0" Y="162.0" />
  <Point X="69.0" Y="162.49836459713757" />
  <Point X="69.0" Y="163.0" />
  <Point X="69.0" Y="164.0" />
  <Point X="69.0" Y="165.0" />
  <Point X="69.0" Y="165.1530096874093" />
  <Point X="69.0" Y="166.0" />
  <Point X="69.0" Y="167.0" />
  <Point X="69.0" Y="167.80765477768105" />
  <Point X="69.0" Y="168.0" />
  <Point X="68.0" Y="168.0" />
  <Point X="68.0" Y="169.0" />
  <Point X="68.0" Y="169.4622998679528" />
  <Point X="68.0" Y="170.0" />
  <Point X="68.0" Y="171.0" />
  <Point X="68.0" Y="172.0" />
  <Point X="68.0" Y="172.11694495822454" />
  <Point X="68.0" Y="173.0" />
  <Point X="68.0" Y="174.0" />
  <Point X="68.0" Y="174.77159004849628" />
  <Point X="68.0" Y="175.0" />
  <Point X="68.0" Y="176.0" />
  <Point X="68.0" Y="177.0" />
  <Point X="68.0" Y="177.42623513876802" />
  <Point X="68.0" Y="178.0" />
  <Point X="67.0" Y="178.0" />
  <Point X="67.0" Y="179.0" />
  <Point X="67.0" Y="179.08088022903976" />
  <Point X="67.0" Y="180.0" />
  <Point X="67.0" Y="181.0" />
  <Point X="67.0" Y="181.7355253193115" />
  <Point X="67.0" Y="182.0" />
  <Point X="67.0" Y="183.0" />
  <Point X="67.0" Y="184.0" />
  <Point X="67.0" Y="184.39017040958325" />
  <Point X="67.0" Y="185.0" />
  <Point X="67.0" Y="186.0" />
  <Point X="66.0" Y="186.0" />
  <Point X="66.04481549985498" Y="186.0" />
  <Point X="67.0" Y="186.0" />
  <Point X="68.0" Y="186.0" />
  <Point X="68.6994605901267" Y="186.0" />
  <Point X="69.0" Y="186.0" />
  <Point X="70.0" Y="186.0" />
  <Point X="70.95749730905295" Y="186.95749730905297" />
  <Point X="71.0" Y="187.0" />
  <Point X="72.0" Y="187.0" />
  <Point X="72.0" Y="188.0" />
  <Point X="72.59453720829708" Y="188.0" />
  <Point X="73.0" Y="188.0" />
  <Point X="74.0" Y="188.0" />
  <Point X="75.0" Y="188.0" />
  <Point X="75.24918229856881" Y="188.0" />
  <Point X="76.0" Y="188.0" />
  <Point X="77.0" Y="188.0" />
  <Point X="77.90382738884054" Y="188.0" />
  <Point X="78.0" Y="188.0" />
  <Point X="79.0" Y="188.0" />
  <Point X="80.0" Y="188.0" />
  <Point X="80.55847247911227" Y="188.0" />
  <Point X="81.0" Y="188.0" />
  <Point X="82.0" Y="188.0" />
  <Point X="83.0" Y="188.0" />
  <Point X="83.213117569384" Y="188.0" />
  <Point X="84.0" Y="188.0" />
  <Point X="85.0" Y="188.0" />
  <Point X="85.86776265965572" Y="188.0" />
  <Point X="86.0" Y="188.0" />
  <Point X="87.0" Y="188.0" />
  <Point X="88.0" Y="188.0" />
  <Point X="88.52240774992745" Y="188.0" />
  <Point X="89.0" Y="188.0" />
  <Point X="90.0" Y="188.0" />
  <Point X="91.0" Y="188.0" />
  <Point X="91.17705284019918" Y="188.0" />
  <Point X="92.0" Y="188.0" />
  <Point X="93.0" Y="188.0" />
  <Point X="93.83169793047091" Y="188.0" />
  <Point X="94.0" Y="188.0" />
  <Point X="95.0" Y="188.0" />
  <Point X="96.0" Y="188.0" />
  <Point X="96.48634302074264" Y="188.0" />
  <Point X="97.0" Y="188.0" />
  <Point X="98.0" Y="188.0" />
  <Point X="99.0" Y="188.0" />
  <Point X="99.14098811101437" Y="188.0" />
  <Point X="100.0" Y="188.0" />
  <Point X="101.0" Y="188.0" />
  <Point X="101.0" Y="187.2043667987139" />
  <Point X="101.0" Y="187.0" />
  <Point X="102.0" Y="187.0" />
  <Point X="103.0" Y="187.0" />
  <Point X="103.45027829155784" Y="187.0" />
  <Point X="104.0" Y="187.0" />
  <Point X="105.0" Y="187.0" />
  <Point X="106.0" Y="187.0" />
  <Point X="106.10492338182956" Y="187.0" />
  <Point X="107.0" Y="187.0" />
  <Point X="108.0" Y="186.0" />
  <Point X="108.3453549097282" Y="186.0" />
  <Point X="109.0" Y="186.0" />
  <Point X="109.0" Y="185.0" />
  <Point X="109.99999999999993" Y="185.0" />
  <Point X="110.0" Y="185.0" />
</Project_1_Part_4>
