<?xml version="1.0" encoding="utf-8" standalone="yes"?>
<Gesture Name="left_sq_bracket4" Subject="2" Number="2" NumPts="268">
  <Point X="106.0" Y="72.0" />
  <Point X="105.0" Y="72.0" />
  <Point X="105.0" Y="71.0" />
  <Point X="104.0" Y="71.0" />
  <Point X="103.72358391170836" Y="71.0" />
  <Point X="103.0" Y="71.0" />
  <Point X="102.0" Y="71.0" />
  <Point X="101.0" Y="71.0" />
  <Point X="100.44716782341672" Y="71.0" />
  <Point X="100.0" Y="71.0" />
  <Point X="99.0" Y="71.0" />
  <Point X="98.0" Y="71.0" />
  <Point X="97.17075173512508" Y="71.0" />
  <Point X="97.0" Y="71.0" />
  <Point X="96.0" Y="71.0" />
  <Point X="95.0" Y="71.0" />
  <Point X="94.0" Y="71.0" />
  <Point X="93.89433564683344" Y="71.0" />
  <Point X="93.0" Y="71.0" />
  <Point X="92.0" Y="71.0" />
  <Point X="91.0" Y="71.0" />
  <Point X="90.6179195585418" Y="71.0" />
  <Point X="90.0" Y="71.0" />
  <Point X="90.0" Y="72.0" />
  <Point X="89.0" Y="72.0" />
  <Point X="88.34150347025016" Y="72.0" />
  <Point X="88.0" Y="72.0" />
  <Point X="87.0" Y="72.0" />
  <Point X="86.0" Y="72.0" />
  <Point X="85.06508738195852" Y="72.0" />
  <Point X="85.0" Y="72.0" />
  <Point X="84.0" Y="72.0" />
  <Point X="84.0" Y="73.0" />
  <Point X="83.0" Y="73.0" />
  <Point X="82.78867129366688" Y="73.0" />
  <Point X="82.0" Y="73.0" />
  <Point X="81.0" Y="73.0" />
  <Point X="80.0" Y="73.0" />
  <Point X="79.51225520537524" Y="73.0" />
  <Point X="79.0" Y="73.0" />
  <Point X="78.0" Y="73.0" />
  <Point X="78.0" Y="74.0" />
  <Point X="77.2358391170836" Y="74.0" />
  <Point X="77.0" Y="74.0" />
  <Point X="76.0" Y="74.0" />
  <Point X="75.0" Y="74.0" />
  <Point X="75.0" Y="75.0" />
  <Point X="74.95942302879196" Y="75.0" />
  <Point X="74.0" Y="75.0" />
  <Point X="73.0" Y="76.0" />
  <Point X="72.09722050287341" Y="76.0" />
  <Point X="72.0" Y="76.0" />
  <Point X="71.0" Y="76.0" />
  <Point X="70.0" Y="76.0" />
  <Point X="70.0" Y="77.0" />
  <Point X="69.82080441458177" Y="77.0" />
  <Point X="69.0" Y="77.0" />
  <Point X="68.0" Y="77.0" />
  <Point X="67.0" Y="77.0" />
  <Point X="67.0" Y="77.45561167370987" />
  <Point X="67.0" Y="78.0" />
  <Point X="66.0" Y="78.0" />
  <Point X="66.0" Y="79.0" />
  <Point X="65.26797223799849" Y="79.0" />
  <Point X="65.0" Y="79.0" />
  <Point X="64.0" Y="79.0" />
  <Point X="64.0" Y="80.0" />
  <Point X="63.0" Y="80.0" />
  <Point X="62.99155614970685" Y="80.0" />
  <Point X="62.0" Y="80.0" />
  <Point X="62.0" Y="81.0" />
  <Point X="62.0" Y="82.0" />
  <Point X="62.0" Y="82.28485993858479" />
  <Point X="62.0" Y="83.0" />
  <Point X="62.0" Y="84.0" />
  <Point X="62.0" Y="85.0" />
  <Point X="62.0" Y="85.56127602687643" />
  <Point X="62.0" Y="86.0" />
  <Point X="62.0" Y="87.0" />
  <Point X="62.0" Y="88.0" />
  <Point X="62.0" Y="88.83769211516807" />
  <Point X="62.0" Y="89.0" />
  <Point X="62.0" Y="90.0" />
  <Point X="62.0" Y="91.0" />
  <Point X="62.0" Y="92.0" />
  <Point X="62.0" Y="92.11410820345971" />
  <Point X="62.0" Y="93.0" />
  <Point X="62.0" Y="94.0" />
  <Point X="62.0" Y="95.0" />
  <Point X="62.0" Y="95.39052429175135" />
  <Point X="62.0" Y="96.0" />
  <Point X="62.0" Y="97.0" />
  <Point X="62.0" Y="98.0" />
  <Point X="62.0" Y="98.66694038004299" />
  <Point X="62.0" Y="99.0" />
  <Point X="62.0" Y="100.0" />
  <Point X="62.0" Y="101.0" />
  <Point X="62.94335646833463" Y="101.0" />
  <Point X="63.0" Y="101.0" />
  <Point X="63.0" Y="102.0" />
  <Point X="63.0" Y="103.0" />
  <Point X="63.0" Y="104.0" />
  <Point X="63.0" Y="104.21977255662627" />
  <Point X="63.0" Y="105.0" />
  <Point X="63.0" Y="106.0" />
  <Point X="63.0" Y="107.0" />
  <Point X="63.0" Y="107.49618864491791" />
  <Point X="63.0" Y="108.0" />
  <Point X="63.0" Y="109.0" />
  <Point X="63.0" Y="110.0" />
  <Point X="63.0" Y="110.77260473320955" />
  <Point X="63.0" Y="111.0" />
  <Point X="63.0" Y="112.0" />
  <Point X="63.0" Y="113.0" />
  <Point X="63.0" Y="114.0" />
  <Point X="63.0" Y="114.04902082150119" />
  <Point X="63.0" Y="115.0" />
  <Point X="63.0" Y="116.0" />
  <Point X="63.0" Y="117.0" />
  <Point X="63.0" Y="117.32543690979283" />
  <Point X="63.0" Y="118.0" />
  <Point X="63.0" Y="119.0" />
  <Point X="63.0" Y="120.0" />
  <Point X="63.0" Y="120.60185299808447" />
  <Point X="63.0" Y="121.0" />
  <Point X="63.0" Y="122.0" />
  <Point X="63.0" Y="123.0" />
  <Point X="63.0" Y="123.87826908637611" />
  <Point X="63.0" Y="125.0" />
  <Point X="63.0" Y="126.0" />
  <Point X="63.0" Y="127.0" />
  <Point X="63.0" Y="127.15468517466775" />
  <Point X="63.0" Y="128.0" />
  <Point X="63.0" Y="129.0" />
  <Point X="63.0" Y="130.0" />
  <Point X="63.0" Y="130.43110126295937" />
  <Point X="63.0" Y="131.0" />
  <Point X="63.0" Y="132.0" />
  <Point X="63.0" Y="133.0" />
  <Point X="63.0" Y="133.707517351251" />
  <Point X="63.0" Y="134.0" />
  <Point X="63.0" Y="135.0" />
  <Point X="63.0" Y="136.0" />
  <Point X="63.0" Y="136.98393343954262" />
  <Point X="63.0" Y="137.0" />
  <Point X="62.0" Y="137.0" />
  <Point X="62.0" Y="138.0" />
  <Point X="62.0" Y="139.0" />
  <Point X="62.0" Y="139.26034952783425" />
  <Point X="62.0" Y="140.0" />
  <Point X="62.0" Y="141.0" />
  <Point X="62.0" Y="142.0" />
  <Point X="62.0" Y="142.53676561612588" />
  <Point X="62.0" Y="143.0" />
  <Point X="62.0" Y="144.0" />
  <Point X="62.0" Y="145.0" />
  <Point X="62.0" Y="145.8131817044175" />
  <Point X="62.0" Y="146.0" />
  <Point X="62.0" Y="147.0" />
  <Point X="62.0" Y="148.0" />
  <Point X="62.0" Y="149.0" />
  <Point X="62.0" Y="149.08959779270913" />
  <Point X="62.0" Y="150.0" />
  <Point X="62.0" Y="151.0" />
  <Point X="62.0" Y="152.0" />
  <Point X="62.0" Y="152.36601388100075" />
  <Point X="62.0" Y="153.0" />
  <Point X="62.0" Y="154.0" />
  <Point X="62.0" Y="155.0" />
  <Point X="61.357570030707606" Y="155.0" />
  <Point X="61.0" Y="155.0" />
  <Point X="61.0" Y="156.0" />
  <Point X="61.0" Y="157.0" />
  <Point X="61.0" Y="157.91884605758403" />
  <Point X="61.0" Y="158.0" />
  <Point X="61.0" Y="159.0" />
  <Point X="61.0" Y="160.0" />
  <Point X="61.0" Y="161.0" />
  <Point X="61.0" Y="161.19526214587566" />
  <Point X="61.0" Y="162.0" />
  <Point X="60.0" Y="162.0" />
  <Point X="60.0" Y="163.0" />
  <Point X="60.0" Y="163.47167823416729" />
  <Point X="60.0" Y="164.0" />
  <Point X="60.0" Y="165.0" />
  <Point X="60.0" Y="166.0" />
  <Point X="60.0" Y="166.7480943224589" />
  <Point X="60.0" Y="167.0" />
  <Point X="60.0" Y="168.0" />
  <Point X="60.0" Y="169.0" />
  <Point X="60.0" Y="170.0" />
  <Point X="60.0" Y="170.02451041075054" />
  <Point X="60.0" Y="171.0" />
  <Point X="60.0" Y="172.0" />
  <Point X="60.0" Y="173.0" />
  <Point X="60.0" Y="173.30092649904216" />
  <Point X="60.0" Y="174.0" />
  <Point X="61.0" Y="174.0" />
  <Point X="62.0" Y="174.0" />
  <Point X="62.0" Y="174.5773425873338" />
  <Point X="62.0" Y="175.0" />
  <Point X="63.0" Y="175.0" />
  <Point X="64.0" Y="175.0" />
  <Point X="64.85375867562543" Y="175.0" />
  <Point X="65.0" Y="175.0" />
  <Point X="65.0" Y="176.0" />
  <Point X="66.0" Y="176.0" />
  <Point X="67.0" Y="176.0" />
  <Point X="67.13017476391707" Y="176.0" />
  <Point X="68.0" Y="176.0" />
  <Point X="69.0" Y="176.0" />
  <Point X="70.0" Y="176.0" />
  <Point X="70.40659085220871" Y="176.0" />
  <Point X="71.0" Y="176.0" />
  <Point X="72.0" Y="176.0" />
  <Point X="73.0" Y="176.0" />
  <Point X="73.68300694050035" Y="176.0" />
  <Point X="74.0" Y="176.0" />
  <Point X="75.0" Y="176.0" />
  <Point X="76.0" Y="176.0" />
  <Point X="76.95942302879199" Y="176.0" />
  <Point X="77.0" Y="176.0" />
  <Point X="78.0" Y="176.0" />
  <Point X="79.0" Y="176.0" />
  <Point X="80.0" Y="176.0" />
  <Point X="80.23583911708363" Y="176.0" />
  <Point X="81.0" Y="176.0" />
  <Point X="82.0" Y="176.0" />
  <Point X="83.0" Y="176.0" />
  <Point X="83.51225520537527" Y="176.0" />
  <Point X="84.0" Y="176.0" />
  <Point X="85.0" Y="176.0" />
  <Point X="86.0" Y="176.0" />
  <Point X="86.78867129366691" Y="176.0" />
  <Point X="87.0" Y="176.0" />
  <Point X="88.0" Y="176.0" />
  <Point X="89.0" Y="176.0" />
  <Point X="90.0" Y="176.0" />
  <Point X="90.06508738195855" Y="176.0" />
  <Point X="91.0" Y="176.0" />
  <Point X="92.0" Y="176.0" />
  <Point X="93.0" Y="176.0" />
  <Point X="93.34150347025019" Y="176.0" />
  <Point X="94.0" Y="176.0" />
  <Point X="95.0" Y="176.0" />
  <Point X="95.0" Y="175.0" />
  <Point X="95.61791955854183" Y="175.0" />
  <Point X="96.0" Y="175.0" />
  <Point X="97.0" Y="175.0" />
  <Point X="98.0" Y="175.0" />
  <Point X="98.89433564683347" Y="175.0" />
  <Point X="99.0" Y="175.0" />
  <Point X="100.0" Y="175.0" />
  <Point X="101.0" Y="175.0" />
  <Point X="102.0" Y="175.0" />
  <Point X="102.17075173512511" Y="175.0" />
  <Point X="103.0" Y="175.0" />
  <Point X="104.0" Y="175.0" />
  <Point X="105.0" Y="175.0" />
  <Point X="105.44716782341675" Y="175.0" />
  <Point X="106.0" Y="175.0" />
  <Point X="107.0" Y="175.0" />
  <Point X="108.0" Y="175.0" />
  <Point X="108.72358391170839" Y="175.0" />
  <Point X="109.0" Y="175.0" />
  <Point X="110.0" Y="175.0" />
  <Point X="110.0" Y="174.0" />
  <Point X="111.0" Y="174.0" />
</Project_1_Part_4>
