<?xml version="1.0" encoding="utf-8" standalone="yes"?>
<Gesture Name="left_sq_bracket1" Subject="2" Number="2" NumPts="317">
  <Point X="119.0" Y="41.0" />
  <Point X="118.0" Y="41.0" />
  <Point X="117.0" Y="41.0" />
  <Point X="116.0" Y="41.0" />
  <Point X="115.0" Y="41.0" />
  <Point X="114.90908060220067" Y="41.0" />
  <Point X="114.0" Y="41.0" />
  <Point X="114.0" Y="42.0" />
  <Point X="113.0" Y="42.0" />
  <Point X="113.0" Y="43.0" />
  <Point X="112.81816120440135" Y="43.0" />
  <Point X="112.0" Y="43.0" />
  <Point X="111.0" Y="43.0" />
  <Point X="111.0" Y="44.0" />
  <Point X="110.0" Y="44.0" />
  <Point X="110.0" Y="44.27275819339798" />
  <Point X="110.0" Y="45.0" />
  <Point X="109.0" Y="45.0" />
  <Point X="109.0" Y="46.0" />
  <Point X="108.0" Y="46.0" />
  <Point X="108.0" Y="46.363677591197316" />
  <Point X="108.0" Y="47.0" />
  <Point X="107.0" Y="47.0" />
  <Point X="106.0" Y="47.0" />
  <Point X="106.0" Y="48.0" />
  <Point X="105.54540301100336" Y="48.0" />
  <Point X="105.0" Y="48.0" />
  <Point X="105.0" Y="49.0" />
  <Point X="105.0" Y="50.0" />
  <Point X="104.0" Y="50.0" />
  <Point X="104.0" Y="50.545516386795974" />
  <Point X="104.0" Y="51.0" />
  <Point X="103.0" Y="51.0" />
  <Point X="103.0" Y="52.0" />
  <Point X="102.0" Y="52.0" />
  <Point X="102.0" Y="52.63643578459531" />
  <Point X="102.0" Y="53.0" />
  <Point X="101.0" Y="53.0" />
  <Point X="101.0" Y="54.0" />
  <Point X="100.0" Y="55.0" />
  <Point X="100.0" Y="55.31314162002154" />
  <Point X="100.0" Y="56.0" />
  <Point X="99.0" Y="56.0" />
  <Point X="99.0" Y="57.0" />
  <Point X="98.00717893309917" Y="57.992821066900824" />
  <Point X="98.0" Y="58.0" />
  <Point X="97.0" Y="58.0" />
  <Point X="97.0" Y="59.0" />
  <Point X="97.0" Y="60.0" />
  <Point X="96.0" Y="60.0" />
  <Point X="96.0" Y="60.08076685324711" />
  <Point X="96.0" Y="61.0" />
  <Point X="96.0" Y="62.0" />
  <Point X="95.0" Y="62.0" />
  <Point X="95.0" Y="63.0" />
  <Point X="95.0" Y="63.171686251046445" />
  <Point X="95.0" Y="64.0" />
  <Point X="94.0" Y="64.0" />
  <Point X="93.0" Y="65.0" />
  <Point X="93.0" Y="65.84839208647269" />
  <Point X="93.0" Y="66.0" />
  <Point X="93.0" Y="67.0" />
  <Point X="92.0" Y="67.0" />
  <Point X="92.0" Y="68.0" />
  <Point X="92.0" Y="68.93931148427201" />
  <Point X="92.0" Y="69.0" />
  <Point X="92.0" Y="70.0" />
  <Point X="91.0" Y="70.0" />
  <Point X="91.0" Y="71.0" />
  <Point X="90.27151675709956" Y="71.72848324290044" />
  <Point X="90.0" Y="72.0" />
  <Point X="90.0" Y="73.0" />
  <Point X="90.0" Y="74.0" />
  <Point X="89.0" Y="74.0" />
  <Point X="89.0" Y="74.70693671749757" />
  <Point X="89.0" Y="75.0" />
  <Point X="88.0" Y="75.0" />
  <Point X="88.0" Y="76.0" />
  <Point X="88.0" Y="77.0" />
  <Point X="88.0" Y="77.7978561152969" />
  <Point X="88.0" Y="78.0" />
  <Point X="88.0" Y="79.0" />
  <Point X="87.0" Y="79.0" />
  <Point X="87.0" Y="80.0" />
  <Point X="87.0" Y="80.88877551309622" />
  <Point X="87.0" Y="81.0" />
  <Point X="86.0" Y="81.0" />
  <Point X="86.0" Y="82.0" />
  <Point X="86.0" Y="83.0" />
  <Point X="85.02030508910445" Y="83.0" />
  <Point X="85.0" Y="83.0" />
  <Point X="85.0" Y="84.0" />
  <Point X="85.0" Y="85.0" />
  <Point X="85.0" Y="86.0" />
  <Point X="85.0" Y="87.0" />
  <Point X="85.0" Y="87.07061430869487" />
  <Point X="85.0" Y="88.0" />
  <Point X="84.0" Y="88.0" />
  <Point X="84.0" Y="89.0" />
  <Point X="84.0" Y="90.0" />
  <Point X="84.0" Y="90.1615337064942" />
  <Point X="84.0" Y="91.0" />
  <Point X="84.0" Y="92.0" />
  <Point X="85.0" Y="92.0" />
  <Point X="85.0" Y="93.0" />
  <Point X="85.25245310429352" Y="93.0" />
  <Point X="86.0" Y="93.0" />
  <Point X="86.0" Y="94.0" />
  <Point X="87.0" Y="95.0" />
  <Point X="87.92915893971976" Y="95.0" />
  <Point X="88.0" Y="95.0" />
  <Point X="88.0" Y="96.0" />
  <Point X="89.0" Y="96.0" />
  <Point X="90.0" Y="96.0" />
  <Point X="91.0" Y="96.0" />
  <Point X="91.02007833751908" Y="96.0" />
  <Point X="92.0" Y="96.0" />
  <Point X="93.0" Y="96.0" />
  <Point X="93.0" Y="97.0" />
  <Point X="94.0" Y="97.0" />
  <Point X="94.1109977353184" Y="97.0" />
  <Point X="95.0" Y="97.0" />
  <Point X="96.0" Y="97.0" />
  <Point X="97.0" Y="97.0" />
  <Point X="98.0" Y="97.0" />
  <Point X="98.20191713311773" Y="97.0" />
  <Point X="99.0" Y="97.0" />
  <Point X="100.0" Y="97.0" />
  <Point X="101.0" Y="97.0" />
  <Point X="102.0" Y="97.0" />
  <Point X="102.0" Y="97.29283653091706" />
  <Point X="102.0" Y="98.0" />
  <Point X="102.0" Y="99.0" />
  <Point X="102.0" Y="100.0" />
  <Point X="101.0" Y="100.0" />
  <Point X="101.0" Y="100.38375592871638" />
  <Point X="101.0" Y="101.0" />
  <Point X="100.0" Y="101.0" />
  <Point X="100.0" Y="102.0" />
  <Point X="100.0" Y="103.0" />
  <Point X="99.52532467348429" Y="103.0" />
  <Point X="99.0" Y="103.0" />
  <Point X="99.0" Y="104.0" />
  <Point X="98.0" Y="104.0" />
  <Point X="97.0" Y="104.0" />
  <Point X="97.0" Y="104.56559472431503" />
  <Point X="97.0" Y="105.0" />
  <Point X="96.0" Y="105.0" />
  <Point X="96.0" Y="106.0" />
  <Point X="95.0" Y="106.0" />
  <Point X="95.0" Y="106.65651412211436" />
  <Point X="95.0" Y="107.0" />
  <Point X="94.0" Y="107.0" />
  <Point X="93.0" Y="107.0" />
  <Point X="93.0" Y="108.0" />
  <Point X="92.25256648008632" Y="108.0" />
  <Point X="92.0" Y="108.0" />
  <Point X="92.0" Y="109.0" />
  <Point X="91.0" Y="109.0" />
  <Point X="91.0" Y="110.0" />
  <Point X="90.16164708228699" Y="110.0" />
  <Point X="90.0" Y="110.0" />
  <Point X="89.0" Y="110.0" />
  <Point X="89.0" Y="111.0" />
  <Point X="89.0" Y="112.0" />
  <Point X="88.07072768448766" Y="112.0" />
  <Point X="88.0" Y="112.0" />
  <Point X="89.0" Y="112.0" />
  <Point X="90.0" Y="112.0" />
  <Point X="91.0" Y="112.0" />
  <Point X="92.0" Y="112.0" />
  <Point X="92.02019171331166" Y="112.0" />
  <Point X="93.0" Y="112.0" />
  <Point X="94.0" Y="111.0" />
  <Point X="95.0" Y="111.0" />
  <Point X="95.6968975487379" Y="111.0" />
  <Point X="96.0" Y="111.0" />
  <Point X="97.0" Y="111.0" />
  <Point X="98.0" Y="111.0" />
  <Point X="98.0" Y="110.0" />
  <Point X="98.78781694653722" Y="110.0" />
  <Point X="99.0" Y="110.0" />
  <Point X="100.0" Y="110.0" />
  <Point X="100.0" Y="111.0" />
  <Point X="100.0" Y="112.0" />
  <Point X="100.0" Y="112.87873634433655" />
  <Point X="100.0" Y="113.0" />
  <Point X="100.0" Y="114.0" />
  <Point X="100.0" Y="115.0" />
  <Point X="99.0" Y="115.0" />
  <Point X="99.0" Y="115.96965574213587" />
  <Point X="99.0" Y="116.0" />
  <Point X="99.0" Y="117.0" />
  <Point X="98.0" Y="117.0" />
  <Point X="97.0" Y="118.0" />
  <Point X="97.0" Y="118.6463615775621" />
  <Point X="97.0" Y="119.0" />
  <Point X="97.0" Y="120.0" />
  <Point X="96.0" Y="120.0" />
  <Point X="96.0" Y="121.0" />
  <Point X="96.0" Y="121.73728097536143" />
  <Point X="96.0" Y="122.0" />
  <Point X="95.0" Y="122.0" />
  <Point X="95.0" Y="123.0" />
  <Point X="95.0" Y="124.0" />
  <Point X="95.0" Y="124.82820037316075" />
  <Point X="95.0" Y="125.0" />
  <Point X="94.0" Y="125.0" />
  <Point X="94.0" Y="126.0" />
  <Point X="93.0" Y="126.0" />
  <Point X="93.0" Y="126.91911977096008" />
  <Point X="93.0" Y="127.0" />
  <Point X="93.0" Y="128.0" />
  <Point X="93.0" Y="129.0" />
  <Point X="93.0" Y="130.0" />
  <Point X="92.0" Y="130.0" />
  <Point X="92.0" Y="130.01003916875942" />
  <Point X="92.0" Y="131.0" />
  <Point X="92.0" Y="132.0" />
  <Point X="92.0" Y="133.0" />
  <Point X="92.0" Y="134.0" />
  <Point X="92.0" Y="134.10095856655875" />
  <Point X="92.0" Y="135.0" />
  <Point X="92.0" Y="136.0" />
  <Point X="91.0" Y="136.0" />
  <Point X="91.0" Y="137.0" />
  <Point X="91.0" Y="137.19187796435807" />
  <Point X="91.0" Y="138.0" />
  <Point X="91.0" Y="139.0" />
  <Point X="91.0" Y="140.0" />
  <Point X="91.0" Y="141.0" />
  <Point X="91.0" Y="141.2827973621574" />
  <Point X="91.0" Y="142.0" />
  <Point X="91.0" Y="143.0" />
  <Point X="91.0" Y="144.0" />
  <Point X="91.0" Y="145.0" />
  <Point X="91.0" Y="145.37371675995672" />
  <Point X="91.0" Y="146.0" />
  <Point X="91.0" Y="147.0" />
  <Point X="91.0" Y="148.0" />
  <Point X="91.0" Y="149.0" />
  <Point X="91.0" Y="149.46463615775605" />
  <Point X="91.0" Y="150.0" />
  <Point X="91.0" Y="152.0" />
  <Point X="91.0" Y="153.0" />
  <Point X="91.0" Y="153.55555555555537" />
  <Point X="91.0" Y="154.0" />
  <Point X="91.0" Y="155.0" />
  <Point X="91.0" Y="156.0" />
  <Point X="91.0" Y="157.0" />
  <Point X="91.0" Y="157.6464749533547" />
  <Point X="91.0" Y="158.0" />
  <Point X="91.0" Y="159.0" />
  <Point X="91.0" Y="160.0" />
  <Point X="91.0" Y="161.0" />
  <Point X="91.0" Y="161.73739435115402" />
  <Point X="91.0" Y="162.0" />
  <Point X="92.0" Y="162.0" />
  <Point X="92.0" Y="163.0" />
  <Point X="93.0" Y="163.0" />
  <Point X="93.58570626883497" Y="163.58570626883497" />
  <Point X="94.0" Y="164.0" />
  <Point X="94.0" Y="165.0" />
  <Point X="95.0" Y="165.0" />
  <Point X="96.0" Y="165.0" />
  <Point X="96.5050195843796" Y="165.0" />
  <Point X="97.0" Y="165.0" />
  <Point X="98.0" Y="165.0" />
  <Point X="98.0" Y="166.0" />
  <Point X="99.0" Y="166.0" />
  <Point X="99.59593898217892" Y="166.0" />
  <Point X="100.0" Y="166.0" />
  <Point X="101.0" Y="166.0" />
  <Point X="102.0" Y="166.0" />
  <Point X="103.0" Y="166.0" />
  <Point X="103.68685837997825" Y="166.0" />
  <Point X="104.0" Y="166.0" />
  <Point X="105.0" Y="166.0" />
  <Point X="106.0" Y="166.0" />
  <Point X="107.0" Y="166.0" />
  <Point X="107.77777777777757" Y="166.0" />
  <Point X="108.0" Y="166.0" />
  <Point X="109.0" Y="166.0" />
  <Point X="110.0" Y="166.0" />
  <Point X="111.0" Y="166.0" />
  <Point X="111.8686971755769" Y="166.0" />
  <Point X="112.0" Y="166.0" />
  <Point X="113.0" Y="166.0" />
  <Point X="113.0" Y="165.0" />
  <Point X="113.0" Y="164.0" />
  <Point X="113.95961657337622" Y="164.0" />
  <Point X="114.0" Y="164.0" />
  <Point X="115.0" Y="164.0" />
  <Point X="116.0" Y="164.0" />
  <Point X="117.0" Y="164.0" />
  <Point X="117.0" Y="163.0" />
  <Point X="117.05053597117555" Y="163.0" />
  <Point X="118.0" Y="163.0" />
  <Point X="119.0" Y="163.0" />
  <Point X="120.0" Y="163.0" />
  <Point X="120.0" Y="162.0" />
  <Point X="120.0" Y="161.85854463102513" />
  <Point X="120.0" Y="161.0" />
  <Point X="120.0" Y="160.0" />
  <Point X="119.0" Y="159.0" />
  <Point X="119.0" Y="158.18183879559888" />
  <Point X="119.0" Y="158.0" />
  <Point X="119.0" Y="157.0" />
  <Point X="118.0" Y="157.0" />
  <Point X="118.0" Y="156.0" />
  <Point X="118.0" Y="155.09091939779955" />
  <Point X="118.0" Y="155.0" />
  <Point X="118.0" Y="154.0" />
  <Point X="118.0" Y="153.0" />
  <Point X="118.0" Y="152.0" />
  <Point X="118.0" Y="151.00000000000023" />
  <Point X="118.0" Y="151.0" />
</Project_1_Part_4>
