<?xml version="1.0" encoding="utf-8" standalone="yes"?>
<Gesture Name="left_curly_brace9" Subject="2" Number="2" NumPts="305">
  <Point X="112.0" Y="65.0" />
  <Point X="111.0" Y="65.0" />
  <Point X="110.0" Y="66.0" />
  <Point X="109.0" Y="66.0" />
  <Point X="108.50719553659958" Y="66.0" />
  <Point X="108.0" Y="66.0" />
  <Point X="108.0" Y="67.0" />
  <Point X="107.0" Y="67.0" />
  <Point X="106.0" Y="67.0" />
  <Point X="106.0" Y="67.39982248917393" />
  <Point X="106.0" Y="68.0" />
  <Point X="105.0" Y="68.0" />
  <Point X="104.0" Y="69.0" />
  <Point X="104.0" Y="69.89262695257435" />
  <Point X="104.0" Y="70.0" />
  <Point X="103.0" Y="70.0" />
  <Point X="103.0" Y="71.0" />
  <Point X="102.0" Y="71.0" />
  <Point X="102.0" Y="71.79964497834786" />
  <Point X="102.0" Y="72.0" />
  <Point X="101.0" Y="72.0" />
  <Point X="100.0" Y="72.0" />
  <Point X="100.0" Y="73.0" />
  <Point X="100.0" Y="73.70666300412137" />
  <Point X="100.0" Y="74.0" />
  <Point X="99.0" Y="74.0" />
  <Point X="99.0" Y="75.0" />
  <Point X="99.0" Y="76.0" />
  <Point X="98.38631897010512" Y="76.0" />
  <Point X="98.0" Y="76.0" />
  <Point X="98.0" Y="77.0" />
  <Point X="98.0" Y="78.0" />
  <Point X="97.0" Y="78.0" />
  <Point X="97.0" Y="78.52069905566839" />
  <Point X="97.0" Y="79.0" />
  <Point X="96.0" Y="79.0" />
  <Point X="96.0" Y="80.0" />
  <Point X="95.0" Y="81.0" />
  <Point X="95.0" Y="81.0135035190688" />
  <Point X="95.0" Y="82.0" />
  <Point X="95.0" Y="83.0" />
  <Point X="94.0" Y="83.0" />
  <Point X="94.0" Y="83.92052154484232" />
  <Point X="94.0" Y="84.0" />
  <Point X="94.0" Y="85.0" />
  <Point X="93.0" Y="86.0" />
  <Point X="93.0" Y="87.0" />
  <Point X="93.0" Y="87.41332600824273" />
  <Point X="93.0" Y="88.0" />
  <Point X="92.0" Y="89.0" />
  <Point X="92.0" Y="90.0" />
  <Point X="92.0" Y="90.90613047164315" />
  <Point X="92.0" Y="91.0" />
  <Point X="91.0" Y="91.0" />
  <Point X="91.0" Y="92.0" />
  <Point X="90.0" Y="93.0" />
  <Point X="90.0" Y="93.39893493504357" />
  <Point X="90.0" Y="94.0" />
  <Point X="90.0" Y="95.0" />
  <Point X="90.0" Y="96.0" />
  <Point X="90.0" Y="97.0" />
  <Point X="89.69404703918292" Y="97.0" />
  <Point X="89.0" Y="97.0" />
  <Point X="89.0" Y="98.0" />
  <Point X="89.0" Y="99.0" />
  <Point X="89.0" Y="100.0" />
  <Point X="89.0" Y="100.21297098659059" />
  <Point X="89.0" Y="101.0" />
  <Point X="89.0" Y="102.0" />
  <Point X="89.0" Y="103.0" />
  <Point X="89.0" Y="104.0" />
  <Point X="89.0" Y="104.1199890123641" />
  <Point X="89.0" Y="105.0" />
  <Point X="89.0" Y="106.0" />
  <Point X="89.0" Y="107.0" />
  <Point X="89.0" Y="108.0" />
  <Point X="89.0" Y="108.02700703813761" />
  <Point X="89.0" Y="109.0" />
  <Point X="89.0" Y="110.0" />
  <Point X="89.0" Y="111.0" />
  <Point X="89.0" Y="111.93402506391112" />
  <Point X="89.0" Y="112.0" />
  <Point X="90.0" Y="112.0" />
  <Point X="90.0" Y="113.0" />
  <Point X="90.0" Y="114.0" />
  <Point X="90.0" Y="114.84104308968463" />
  <Point X="90.0" Y="115.0" />
  <Point X="91.0" Y="115.0" />
  <Point X="91.0" Y="116.0" />
  <Point X="92.0" Y="116.0" />
  <Point X="92.0" Y="116.74806111545814" />
  <Point X="92.0" Y="117.0" />
  <Point X="92.0" Y="118.0" />
  <Point X="92.0" Y="119.0" />
  <Point X="93.0" Y="120.0" />
  <Point X="93.0" Y="120.24086557885856" />
  <Point X="93.0" Y="121.0" />
  <Point X="94.0" Y="121.0" />
  <Point X="94.0" Y="122.0" />
  <Point X="94.0" Y="123.0" />
  <Point X="94.14788360463207" Y="123.0" />
  <Point X="95.0" Y="123.0" />
  <Point X="95.0" Y="124.0" />
  <Point X="95.0" Y="125.0" />
  <Point X="96.0" Y="125.0" />
  <Point X="96.05490163040558" Y="125.0" />
  <Point X="97.0" Y="125.0" />
  <Point X="97.0" Y="126.0" />
  <Point X="97.0" Y="127.0" />
  <Point X="97.0" Y="127.96191965617909" />
  <Point X="97.0" Y="128.0" />
  <Point X="98.0" Y="128.0" />
  <Point X="98.0" Y="129.0" />
  <Point X="99.0" Y="130.0" />
  <Point X="99.0" Y="130.4547241195795" />
  <Point X="99.0" Y="131.0" />
  <Point X="100.0" Y="131.0" />
  <Point X="100.0" Y="132.0" />
  <Point X="101.0" Y="132.0" />
  <Point X="101.0" Y="132.36174214535302" />
  <Point X="101.0" Y="133.0" />
  <Point X="102.0" Y="133.0" />
  <Point X="102.0" Y="134.0" />
  <Point X="103.0" Y="134.0" />
  <Point X="103.26876017112653" Y="134.0" />
  <Point X="104.0" Y="134.0" />
  <Point X="104.0" Y="135.0" />
  <Point X="105.0" Y="135.0" />
  <Point X="105.0" Y="136.0" />
  <Point X="105.0" Y="136.17577819690004" />
  <Point X="105.0" Y="137.0" />
  <Point X="104.0" Y="137.0" />
  <Point X="104.0" Y="138.0" />
  <Point X="103.0" Y="138.0" />
  <Point X="103.0" Y="138.08279622267355" />
  <Point X="103.0" Y="139.0" />
  <Point X="102.0" Y="139.0" />
  <Point X="102.0" Y="140.0" />
  <Point X="101.01018575155294" Y="140.0" />
  <Point X="101.0" Y="140.0" />
  <Point X="100.0" Y="140.0" />
  <Point X="100.0" Y="141.0" />
  <Point X="99.0" Y="141.0" />
  <Point X="99.0" Y="141.89683227422057" />
  <Point X="99.0" Y="142.0" />
  <Point X="98.0" Y="142.0" />
  <Point X="97.0" Y="142.0" />
  <Point X="97.0" Y="143.0" />
  <Point X="97.0" Y="143.80385029999408" />
  <Point X="97.0" Y="144.0" />
  <Point X="96.0" Y="144.0" />
  <Point X="95.0" Y="144.0" />
  <Point X="96.0" Y="144.0" />
  <Point X="96.0" Y="144.7108683257676" />
  <Point X="96.0" Y="145.0" />
  <Point X="97.0" Y="145.0" />
  <Point X="98.0" Y="145.0" />
  <Point X="99.0" Y="145.0" />
  <Point X="99.6178863515411" Y="145.0" />
  <Point X="100.0" Y="145.0" />
  <Point X="101.0" Y="145.0" />
  <Point X="102.0" Y="145.0" />
  <Point X="103.0" Y="145.0" />
  <Point X="103.52490437731461" Y="145.0" />
  <Point X="104.0" Y="145.0" />
  <Point X="105.0" Y="145.0" />
  <Point X="106.0" Y="145.0" />
  <Point X="107.0" Y="145.0" />
  <Point X="107.43192240308812" Y="145.0" />
  <Point X="108.0" Y="145.0" />
  <Point X="108.0" Y="146.0" />
  <Point X="108.0" Y="147.0" />
  <Point X="108.0" Y="148.0" />
  <Point X="107.66105957113837" Y="148.0" />
  <Point X="107.0" Y="148.0" />
  <Point X="107.0" Y="149.0" />
  <Point X="106.0" Y="149.0" />
  <Point X="106.0" Y="150.0" />
  <Point X="105.75404154536486" Y="150.0" />
  <Point X="105.0" Y="150.0" />
  <Point X="104.0" Y="151.0" />
  <Point X="104.0" Y="152.0" />
  <Point X="103.26123708196444" Y="152.0" />
  <Point X="103.0" Y="152.0" />
  <Point X="103.0" Y="153.0" />
  <Point X="102.0" Y="153.0" />
  <Point X="102.0" Y="154.0" />
  <Point X="101.35421905619093" Y="154.0" />
  <Point X="101.0" Y="154.0" />
  <Point X="100.0" Y="154.0" />
  <Point X="100.0" Y="155.0" />
  <Point X="100.0" Y="156.0" />
  <Point X="99.44720103041742" Y="156.0" />
  <Point X="99.0" Y="156.0" />
  <Point X="99.0" Y="157.0" />
  <Point X="98.0" Y="157.0" />
  <Point X="98.0" Y="158.0" />
  <Point X="97.54018300464391" Y="158.0" />
  <Point X="97.0" Y="158.0" />
  <Point X="96.0" Y="158.0" />
  <Point X="96.0" Y="159.0" />
  <Point X="95.0" Y="159.0" />
  <Point X="95.0" Y="159.3668350211296" />
  <Point X="95.0" Y="160.0" />
  <Point X="95.0" Y="161.0" />
  <Point X="94.0" Y="161.0" />
  <Point X="94.0" Y="162.0" />
  <Point X="94.0" Y="162.2738530469031" />
  <Point X="94.0" Y="163.0" />
  <Point X="93.0" Y="163.0" />
  <Point X="93.0" Y="164.0" />
  <Point X="92.16499805680334" Y="164.83500194319666" />
  <Point X="92.0" Y="165.0" />
  <Point X="92.0" Y="166.0" />
  <Point X="91.0" Y="166.0" />
  <Point X="91.0" Y="167.0" />
  <Point X="91.0" Y="167.673675536077" />
  <Point X="91.0" Y="168.0" />
  <Point X="91.0" Y="169.0" />
  <Point X="90.0" Y="169.0" />
  <Point X="90.0" Y="170.0" />
  <Point X="90.0" Y="170.58069356185052" />
  <Point X="90.0" Y="171.0" />
  <Point X="90.0" Y="172.0" />
  <Point X="90.0" Y="173.0" />
  <Point X="90.0" Y="174.0" />
  <Point X="90.0" Y="174.48771158762403" />
  <Point X="90.0" Y="175.0" />
  <Point X="90.0" Y="176.0" />
  <Point X="90.0" Y="177.0" />
  <Point X="90.0" Y="178.0" />
  <Point X="90.0" Y="178.39472961339754" />
  <Point X="90.0" Y="179.0" />
  <Point X="90.0" Y="180.0" />
  <Point X="90.0" Y="181.0" />
  <Point X="90.0" Y="182.0" />
  <Point X="90.0" Y="182.30174763917105" />
  <Point X="90.0" Y="183.0" />
  <Point X="90.0" Y="184.0" />
  <Point X="91.0" Y="184.0" />
  <Point X="91.0" Y="185.0" />
  <Point X="91.0" Y="185.20876566494456" />
  <Point X="91.0" Y="186.0" />
  <Point X="92.0" Y="186.0" />
  <Point X="92.0" Y="187.0" />
  <Point X="92.0" Y="188.0" />
  <Point X="92.11578369071808" Y="188.0" />
  <Point X="93.0" Y="188.0" />
  <Point X="93.0" Y="189.0" />
  <Point X="93.0" Y="190.0" />
  <Point X="94.0" Y="190.0" />
  <Point X="94.02280171649159" Y="190.0" />
  <Point X="95.0" Y="190.0" />
  <Point X="95.0" Y="191.0" />
  <Point X="96.0" Y="191.0" />
  <Point X="96.9298197422651" Y="191.0" />
  <Point X="97.0" Y="191.0" />
  <Point X="98.0" Y="191.0" />
  <Point X="99.0" Y="191.0" />
  <Point X="99.0" Y="192.0" />
  <Point X="99.8368377680386" Y="192.0" />
  <Point X="100.0" Y="192.0" />
  <Point X="101.0" Y="192.0" />
  <Point X="102.0" Y="192.0" />
  <Point X="103.0" Y="192.0" />
  <Point X="103.74385579381212" Y="192.0" />
  <Point X="104.0" Y="192.0" />
  <Point X="104.0" Y="193.0" />
  <Point X="105.0" Y="193.0" />
  <Point X="105.0" Y="194.0" />
  <Point X="105.65087381958563" Y="194.0" />
  <Point X="106.0" Y="194.0" />
  <Point X="107.0" Y="194.0" />
  <Point X="108.0" Y="194.0" />
  <Point X="109.0" Y="194.0" />
  <Point X="109.55789184535914" Y="194.0" />
  <Point X="110.0" Y="194.0" />
  <Point X="110.0" Y="195.0" />
  <Point X="111.0" Y="195.0" />
  <Point X="112.0" Y="195.0" />
  <Point X="112.46490987113265" Y="195.0" />
  <Point X="113.0" Y="195.0" />
  <Point X="113.0" Y="196.0" />
  <Point X="114.0" Y="196.0" />
  <Point X="115.0" Y="196.0" />
  <Point X="115.37192789690616" Y="196.0" />
  <Point X="116.0" Y="196.0" />
  <Point X="117.0" Y="196.0" />
  <Point X="118.0" Y="196.0" />
  <Point X="118.0" Y="197.0" />
  <Point X="118.0" Y="197.27894592267967" />
  <Point X="118.0" Y="198.0" />
  <Point X="119.0" Y="198.0" />
  <Point X="120.0" Y="198.0" />
  <Point X="121.0" Y="198.0" />
  <Point X="121.18596394845318" Y="198.0" />
  <Point X="122.0" Y="198.0" />
  <Point X="123.0" Y="198.0" />
  <Point X="123.0" Y="199.0" />
  <Point X="124.0" Y="199.0" />
  <Point X="124.09298197422669" Y="199.0" />
  <Point X="125.0" Y="199.0" />
  <Point X="125.0" Y="198.0" />
  <Point X="125.0" Y="197.0" />
  <Point X="125.0" Y="196.0" />
</Project_1_Part_4>
