<?xml version="1.0" encoding="utf-8" standalone="yes"?>
<Gesture Name="left_sq_bracket2" Subject="2" Number="2" NumPts="326">
  <Point X="207.0" Y="26.0" />
  <Point X="207.0" Y="27.0" />
  <Point X="202.55311992952844" Y="28.551237233885434" />
  <Point X="197.1620396776111" Y="30.43184662408916" />
  <Point X="191.77095942569375" Y="32.31245601429289" />
  <Point X="186.3798791737764" Y="34.19306540449662" />
  <Point X="180.98879892185906" Y="36.073674794700345" />
  <Point X="175.5977186699417" Y="37.95428418490407" />
  <Point X="170.20663841802437" Y="39.83489357510779" />
  <Point X="164.81555816610702" Y="41.715502965311515" />
  <Point X="159.42447791418968" Y="43.59611235551524" />
  <Point X="154.03339766227234" Y="45.47672174571896" />
  <Point X="148.642317410355" Y="47.357331135922685" />
  <Point X="143.25123715843765" Y="49.23794052612641" />
  <Point X="137.8601569065203" Y="51.11854991633013" />
  <Point X="132.46907665460296" Y="52.999159306533855" />
  <Point X="127.0779964026856" Y="54.87976869673758" />
  <Point X="121.68691615076824" Y="56.76037808694131" />
  <Point X="121.0" Y="57.0" />
  <Point X="120.0" Y="57.0" />
  <Point X="119.0" Y="57.0" />
  <Point X="118.0" Y="57.0" />
  <Point X="117.0" Y="57.0" />
  <Point X="117.0" Y="57.98216818169428" />
  <Point X="117.0" Y="58.0" />
  <Point X="116.0" Y="58.0" />
  <Point X="116.0" Y="59.0" />
  <Point X="115.0" Y="59.0" />
  <Point X="114.0" Y="59.0" />
  <Point X="114.0" Y="60.0" />
  <Point X="113.30815249621278" Y="60.0" />
  <Point X="113.0" Y="60.0" />
  <Point X="112.0" Y="61.0" />
  <Point X="112.0" Y="62.0" />
  <Point X="111.0" Y="62.0" />
  <Point X="111.0" Y="63.0" />
  <Point X="111.0" Y="63.98731326350706" />
  <Point X="111.0" Y="64.0" />
  <Point X="110.0" Y="64.0" />
  <Point X="110.0" Y="65.0" />
  <Point X="109.0" Y="65.0" />
  <Point X="109.0" Y="66.0" />
  <Point X="108.0" Y="66.0" />
  <Point X="108.0" Y="66.6969925856" />
  <Point X="108.0" Y="67.0" />
  <Point X="107.0" Y="68.0" />
  <Point X="107.0" Y="69.0" />
  <Point X="106.0" Y="70.0" />
  <Point X="106.0" Y="71.0" />
  <Point X="106.0" Y="71.57824478294675" />
  <Point X="106.0" Y="72.0" />
  <Point X="105.0" Y="72.0" />
  <Point X="104.0" Y="73.0" />
  <Point X="104.0" Y="74.0" />
  <Point X="103.0" Y="75.0" />
  <Point X="103.0" Y="75.45949698029351" />
  <Point X="103.0" Y="76.0" />
  <Point X="102.0" Y="76.0" />
  <Point X="102.0" Y="77.0" />
  <Point X="101.0" Y="78.0" />
  <Point X="101.0" Y="79.0" />
  <Point X="100.24503725998665" Y="79.0" />
  <Point X="100.0" Y="79.0" />
  <Point X="100.0" Y="80.0" />
  <Point X="99.0" Y="80.0" />
  <Point X="99.0" Y="81.0" />
  <Point X="99.0" Y="82.0" />
  <Point X="99.0" Y="83.0" />
  <Point X="98.5353579378937" Y="83.0" />
  <Point X="98.0" Y="83.0" />
  <Point X="98.0" Y="84.0" />
  <Point X="98.0" Y="85.0" />
  <Point X="97.0" Y="85.0" />
  <Point X="97.0" Y="86.0" />
  <Point X="97.0" Y="87.0" />
  <Point X="96.8767361671269" Y="87.1232638328731" />
  <Point X="96.0" Y="88.0" />
  <Point X="96.0" Y="89.0" />
  <Point X="96.0" Y="90.0" />
  <Point X="96.0" Y="91.0" />
  <Point X="95.0" Y="92.0" />
  <Point X="95.0" Y="92.05557358154599" />
  <Point X="95.0" Y="93.0" />
  <Point X="95.0" Y="94.0" />
  <Point X="95.0" Y="95.0" />
  <Point X="95.0" Y="96.0" />
  <Point X="95.0" Y="97.0" />
  <Point X="95.0" Y="97.76525290363892" />
  <Point X="95.0" Y="98.0" />
  <Point X="95.0" Y="99.0" />
  <Point X="95.0" Y="100.0" />
  <Point X="95.0" Y="101.0" />
  <Point X="95.0" Y="102.0" />
  <Point X="95.0" Y="103.0" />
  <Point X="95.0" Y="103.47493222573186" />
  <Point X="95.0" Y="104.0" />
  <Point X="96.0" Y="104.0" />
  <Point X="96.0" Y="105.0" />
  <Point X="97.0" Y="105.0" />
  <Point X="97.0" Y="106.0" />
  <Point X="98.0" Y="106.0" />
  <Point X="98.1846115478248" Y="106.0" />
  <Point X="99.0" Y="106.0" />
  <Point X="99.0" Y="107.0" />
  <Point X="100.0" Y="107.0" />
  <Point X="101.0" Y="108.0" />
  <Point X="102.0" Y="108.0" />
  <Point X="102.0" Y="108.48007730754465" />
  <Point X="102.0" Y="109.0" />
  <Point X="103.0" Y="109.0" />
  <Point X="104.0" Y="109.0" />
  <Point X="105.0" Y="110.0" />
  <Point X="106.0" Y="110.0" />
  <Point X="106.7755430672645" Y="110.0" />
  <Point X="107.0" Y="110.0" />
  <Point X="108.0" Y="110.0" />
  <Point X="109.0" Y="110.0" />
  <Point X="110.0" Y="110.0" />
  <Point X="111.0" Y="110.0" />
  <Point X="112.0" Y="110.0" />
  <Point X="112.48522238935743" Y="110.0" />
  <Point X="113.0" Y="110.0" />
  <Point X="114.0" Y="110.0" />
  <Point X="114.0" Y="111.0" />
  <Point X="114.0" Y="112.0" />
  <Point X="114.0" Y="113.0" />
  <Point X="114.0" Y="114.0" />
  <Point X="113.80509828854963" Y="114.0" />
  <Point X="113.0" Y="114.0" />
  <Point X="112.0" Y="115.0" />
  <Point X="112.0" Y="116.0" />
  <Point X="111.0" Y="116.0" />
  <Point X="111.0" Y="117.0" />
  <Point X="110.50963252882978" Y="117.0" />
  <Point X="110.0" Y="117.0" />
  <Point X="110.0" Y="118.0" />
  <Point X="109.0" Y="118.0" />
  <Point X="108.0" Y="118.0" />
  <Point X="108.0" Y="119.0" />
  <Point X="107.0" Y="119.0" />
  <Point X="106.79995320673684" Y="119.0" />
  <Point X="106.0" Y="119.0" />
  <Point X="106.0" Y="120.0" />
  <Point X="106.0" Y="121.0" />
  <Point X="105.0" Y="121.0" />
  <Point X="104.0" Y="121.0" />
  <Point X="104.0" Y="121.9097261153561" />
  <Point X="104.0" Y="122.0" />
  <Point X="103.0" Y="122.0" />
  <Point X="103.0" Y="123.0" />
  <Point X="102.0" Y="123.0" />
  <Point X="101.0" Y="124.0" />
  <Point X="100.14780065250287" Y="124.85219934749713" />
  <Point X="100.0" Y="125.0" />
  <Point X="99.0" Y="125.0" />
  <Point X="99.0" Y="126.0" />
  <Point X="98.0" Y="126.0" />
  <Point X="98.0" Y="127.0" />
  <Point X="97.0" Y="127.0" />
  <Point X="97.0" Y="127.5006576347958" />
  <Point X="97.0" Y="128.0" />
  <Point X="96.0" Y="128.0" />
  <Point X="96.0" Y="129.0" />
  <Point X="95.0" Y="129.0" />
  <Point X="95.0" Y="130.0" />
  <Point X="94.0" Y="130.0" />
  <Point X="94.21033695688874" Y="130.0" />
  <Point X="95.0" Y="130.0" />
  <Point X="96.0" Y="130.0" />
  <Point X="97.0" Y="130.0" />
  <Point X="98.0" Y="130.0" />
  <Point X="99.0" Y="130.0" />
  <Point X="99.92001627898168" Y="130.0" />
  <Point X="100.0" Y="130.0" />
  <Point X="101.0" Y="130.0" />
  <Point X="101.0" Y="129.0" />
  <Point X="102.0" Y="129.0" />
  <Point X="103.0" Y="129.0" />
  <Point X="103.0" Y="128.0" />
  <Point X="103.62969560107462" Y="128.0" />
  <Point X="104.0" Y="128.0" />
  <Point X="105.0" Y="128.0" />
  <Point X="106.0" Y="128.0" />
  <Point X="106.0" Y="127.0" />
  <Point X="107.0" Y="127.0" />
  <Point X="108.0" Y="127.0" />
  <Point X="108.0" Y="126.66062507683245" />
  <Point X="108.0" Y="126.0" />
  <Point X="109.0" Y="126.0" />
  <Point X="110.0" Y="126.0" />
  <Point X="111.0" Y="126.0" />
  <Point X="111.0" Y="125.0" />
  <Point X="112.0" Y="125.0" />
  <Point X="112.0" Y="124.95094575473951" />
  <Point X="112.0" Y="124.0" />
  <Point X="113.0" Y="124.0" />
  <Point X="114.0" Y="124.0" />
  <Point X="115.0" Y="124.0" />
  <Point X="116.0" Y="124.0" />
  <Point X="116.0" Y="124.75873356735343" />
  <Point X="116.0" Y="125.0" />
  <Point X="116.0" Y="126.0" />
  <Point X="116.0" Y="127.0" />
  <Point X="116.0" Y="128.0" />
  <Point X="116.0" Y="129.0" />
  <Point X="116.0" Y="130.0" />
  <Point X="115.53158711055363" Y="130.0" />
  <Point X="115.0" Y="130.0" />
  <Point X="115.0" Y="131.0" />
  <Point X="115.0" Y="132.0" />
  <Point X="115.0" Y="133.0" />
  <Point X="115.0" Y="134.0" />
  <Point X="114.0" Y="134.0" />
  <Point X="114.0" Y="134.1780922115393" />
  <Point X="114.0" Y="135.0" />
  <Point X="114.0" Y="136.0" />
  <Point X="113.0" Y="136.0" />
  <Point X="113.0" Y="137.0" />
  <Point X="113.0" Y="138.0" />
  <Point X="112.11222846636775" Y="138.0" />
  <Point X="112.0" Y="138.0" />
  <Point X="112.0" Y="139.0" />
  <Point X="112.0" Y="140.0" />
  <Point X="112.0" Y="141.0" />
  <Point X="111.0" Y="141.0" />
  <Point X="111.0" Y="142.0" />
  <Point X="111.0" Y="142.59745085572519" />
  <Point X="111.0" Y="143.0" />
  <Point X="110.0" Y="143.0" />
  <Point X="110.0" Y="144.0" />
  <Point X="110.0" Y="145.0" />
  <Point X="110.0" Y="146.0" />
  <Point X="109.0" Y="146.0" />
  <Point X="109.0" Y="146.30713017781812" />
  <Point X="109.0" Y="147.0" />
  <Point X="108.0" Y="147.0" />
  <Point X="108.0" Y="148.0" />
  <Point X="108.0" Y="149.0" />
  <Point X="108.0" Y="150.0" />
  <Point X="107.0" Y="150.0" />
  <Point X="107.0" Y="150.01680949991106" />
  <Point X="107.0" Y="151.0" />
  <Point X="107.0" Y="152.0" />
  <Point X="107.0" Y="153.0" />
  <Point X="107.0" Y="154.0" />
  <Point X="107.0" Y="155.0" />
  <Point X="107.0" Y="155.726488822004" />
  <Point X="107.0" Y="156.0" />
  <Point X="107.0" Y="157.0" />
  <Point X="107.0" Y="158.0" />
  <Point X="107.0" Y="159.0" />
  <Point X="107.0" Y="160.0" />
  <Point X="107.0" Y="161.0" />
  <Point X="107.0" Y="161.43616814409694" />
  <Point X="107.0" Y="162.0" />
  <Point X="108.0" Y="162.0" />
  <Point X="108.0" Y="163.0" />
  <Point X="109.0" Y="163.0" />
  <Point X="110.0" Y="164.0" />
  <Point X="110.0" Y="164.73163390381677" />
  <Point X="110.0" Y="165.0" />
  <Point X="111.0" Y="165.0" />
  <Point X="112.0" Y="165.0" />
  <Point X="113.0" Y="165.0" />
  <Point X="113.0" Y="166.0" />
  <Point X="114.0" Y="166.0" />
  <Point X="114.44131322590971" Y="166.0" />
  <Point X="115.0" Y="166.0" />
  <Point X="115.0" Y="167.0" />
  <Point X="116.0" Y="167.0" />
  <Point X="117.0" Y="167.0" />
  <Point X="118.0" Y="167.0" />
  <Point X="119.0" Y="167.0" />
  <Point X="119.15099254800265" Y="167.0" />
  <Point X="120.0" Y="167.0" />
  <Point X="120.0" Y="168.0" />
  <Point X="121.0" Y="168.0" />
  <Point X="122.0" Y="168.0" />
  <Point X="123.0" Y="168.0" />
  <Point X="123.86067187009559" Y="168.0" />
  <Point X="124.0" Y="168.0" />
  <Point X="125.0" Y="169.0" />
  <Point X="126.0" Y="169.0" />
  <Point X="127.0" Y="169.0" />
  <Point X="128.0" Y="169.0" />
  <Point X="128.81751275802745" Y="169.81751275802745" />
  <Point X="129.0" Y="170.0" />
  <Point X="130.0" Y="170.0" />
  <Point X="131.0" Y="170.0" />
  <Point X="132.0" Y="170.0" />
  <Point X="133.0" Y="170.0" />
  <Point X="134.0" Y="170.0" />
  <Point X="134.4516033895353" Y="170.0" />
  <Point X="135.0" Y="170.0" />
  <Point X="136.0" Y="170.0" />
  <Point X="137.0" Y="170.0" />
  <Point X="138.0" Y="170.0" />
  <Point X="139.0" Y="170.0" />
  <Point X="140.0" Y="170.0" />
  <Point X="140.16128271162825" Y="170.0" />
  <Point X="141.0" Y="170.0" />
  <Point X="142.0" Y="170.0" />
  <Point X="143.0" Y="170.0" />
  <Point X="144.0" Y="170.0" />
  <Point X="145.0" Y="170.0" />
  <Point X="145.87096203372118" Y="170.0" />
  <Point X="146.0" Y="170.0" />
  <Point X="147.0" Y="170.0" />
  <Point X="148.0" Y="170.0" />
  <Point X="149.0" Y="170.0" />
  <Point X="150.0" Y="170.0" />
  <Point X="151.0" Y="170.0" />
  <Point X="151.58064135581412" Y="170.0" />
  <Point X="152.0" Y="170.0" />
  <Point X="152.0" Y="169.0" />
  <Point X="152.0" Y="168.0" />
  <Point X="152.0" Y="167.0" />
  <Point X="152.0" Y="166.0" />
  <Point X="152.0" Y="165.0" />
  <Point X="152.0" Y="164.70967932209294" />
  <Point X="152.0" Y="164.0" />
  <Point X="151.0" Y="164.0" />
  <Point X="151.0" Y="163.0" />
  <Point X="151.0" Y="162.0" />
  <Point X="151.0" Y="161.0" />
  <Point X="151.0" Y="160.0" />
</Project_1_Part_4>
