<?xml version="1.0" encoding="utf-8" standalone="yes"?>
<Gesture Name="left_curly_brace8" Subject="2" Number="2" NumPts="287">
  <Point X="127.0" Y="64.0" />
  <Point X="126.0" Y="64.0" />
  <Point X="125.0" Y="64.0" />
  <Point X="125.0" Y="65.0" />
  <Point X="124.40499553374224" Y="65.0" />
  <Point X="124.0" Y="65.0" />
  <Point X="124.0" Y="66.0" />
  <Point X="123.0" Y="66.0" />
  <Point X="122.0" Y="66.0" />
  <Point X="122.0" Y="66.19000893251552" />
  <Point X="122.0" Y="67.0" />
  <Point X="121.0" Y="67.0" />
  <Point X="121.0" Y="68.0" />
  <Point X="120.21498660122671" Y="68.0" />
  <Point X="120.0" Y="68.0" />
  <Point X="119.0" Y="68.0" />
  <Point X="119.0" Y="69.0" />
  <Point X="118.0" Y="69.0" />
  <Point X="117.73128679066451" Y="69.26871320933549" />
  <Point X="117.0" Y="70.0" />
  <Point X="116.0" Y="70.0" />
  <Point X="116.0" Y="71.0" />
  <Point X="115.4391912310843" Y="71.0" />
  <Point X="115.0" Y="71.0" />
  <Point X="115.0" Y="72.0" />
  <Point X="114.0" Y="72.0" />
  <Point X="114.0" Y="73.0" />
  <Point X="113.84418676482653" Y="73.0" />
  <Point X="113.0" Y="73.0" />
  <Point X="112.0" Y="73.0" />
  <Point X="112.0" Y="74.0" />
  <Point X="111.24918229856877" Y="74.0" />
  <Point X="111.0" Y="74.0" />
  <Point X="110.0" Y="75.0" />
  <Point X="110.0" Y="76.0" />
  <Point X="109.06839139468411" Y="76.0" />
  <Point X="109.0" Y="76.0" />
  <Point X="108.0" Y="76.0" />
  <Point X="108.0" Y="77.0" />
  <Point X="107.0" Y="77.0" />
  <Point X="107.0" Y="77.52661307157365" />
  <Point X="107.0" Y="78.0" />
  <Point X="106.0" Y="78.0" />
  <Point X="106.0" Y="79.0" />
  <Point X="106.0" Y="80.0" />
  <Point X="105.87838246216859" Y="80.0" />
  <Point X="105.0" Y="80.0" />
  <Point X="104.0" Y="80.0" />
  <Point X="104.0" Y="81.0" />
  <Point X="104.0" Y="81.71662200408917" />
  <Point X="104.0" Y="82.0" />
  <Point X="103.0" Y="82.0" />
  <Point X="103.0" Y="83.0" />
  <Point X="102.0" Y="83.0" />
  <Point X="102.0" Y="83.31162647034694" />
  <Point X="102.0" Y="84.0" />
  <Point X="102.0" Y="85.0" />
  <Point X="102.0" Y="86.0" />
  <Point X="101.0933690633953" Y="86.0" />
  <Point X="101.0" Y="86.0" />
  <Point X="101.0" Y="87.0" />
  <Point X="100.0" Y="87.0" />
  <Point X="100.0" Y="88.0" />
  <Point X="100.0" Y="88.50163540286246" />
  <Point X="100.0" Y="89.0" />
  <Point X="100.0" Y="90.0" />
  <Point X="100.0" Y="91.0" />
  <Point X="99.0" Y="91.0" />
  <Point X="99.0" Y="91.09663986912022" />
  <Point X="99.0" Y="92.0" />
  <Point X="99.0" Y="93.0" />
  <Point X="99.0" Y="94.0" />
  <Point X="99.0" Y="94.69164433537799" />
  <Point X="99.0" Y="95.0" />
  <Point X="99.0" Y="96.0" />
  <Point X="99.0" Y="97.0" />
  <Point X="98.0" Y="97.0" />
  <Point X="98.0" Y="97.28664880163575" />
  <Point X="98.0" Y="98.0" />
  <Point X="98.0" Y="99.0" />
  <Point X="98.0" Y="100.0" />
  <Point X="98.0" Y="100.88165326789351" />
  <Point X="98.0" Y="101.0" />
  <Point X="98.0" Y="102.0" />
  <Point X="98.0" Y="103.0" />
  <Point X="98.0" Y="104.0" />
  <Point X="98.0" Y="104.47665773415127" />
  <Point X="98.0" Y="105.0" />
  <Point X="98.0" Y="106.0" />
  <Point X="98.0" Y="107.0" />
  <Point X="99.0" Y="107.0" />
  <Point X="99.0" Y="107.07166220040904" />
  <Point X="99.0" Y="108.0" />
  <Point X="99.0" Y="109.0" />
  <Point X="99.0" Y="110.0" />
  <Point X="99.6666666666668" Y="110.0" />
  <Point X="100.0" Y="110.0" />
  <Point X="100.0" Y="111.0" />
  <Point X="100.0" Y="112.0" />
  <Point X="101.0" Y="112.0" />
  <Point X="101.0" Y="112.26167113292456" />
  <Point X="101.0" Y="113.0" />
  <Point X="101.0" Y="114.0" />
  <Point X="102.0" Y="114.0" />
  <Point X="102.0" Y="114.85667559918232" />
  <Point X="102.0" Y="115.0" />
  <Point X="102.0" Y="116.0" />
  <Point X="102.0" Y="117.0" />
  <Point X="103.0" Y="117.0" />
  <Point X="103.0" Y="117.45168006544009" />
  <Point X="103.0" Y="118.0" />
  <Point X="103.0" Y="119.0" />
  <Point X="104.0" Y="119.0" />
  <Point X="105.0" Y="119.0" />
  <Point X="105.0" Y="119.04668453169785" />
  <Point X="105.0" Y="120.0" />
  <Point X="106.0" Y="120.0" />
  <Point X="106.0" Y="121.0" />
  <Point X="106.64168899795561" Y="121.0" />
  <Point X="107.0" Y="121.0" />
  <Point X="107.0" Y="122.0" />
  <Point X="107.0" Y="123.0" />
  <Point X="108.0" Y="123.0" />
  <Point X="108.23669346421337" Y="123.0" />
  <Point X="109.0" Y="123.0" />
  <Point X="109.0" Y="124.0" />
  <Point X="110.0" Y="124.0" />
  <Point X="110.0" Y="124.83169793047114" />
  <Point X="110.0" Y="125.0" />
  <Point X="110.0" Y="126.0" />
  <Point X="111.0" Y="127.0" />
  <Point X="111.0" Y="128.0" />
  <Point X="111.0" Y="128.0124888343558" />
  <Point X="111.0" Y="129.0" />
  <Point X="111.0" Y="130.0" />
  <Point X="112.0" Y="130.0" />
  <Point X="112.42956263238923" Y="130.42956263238923" />
  <Point X="113.0" Y="131.0" />
  <Point X="113.0" Y="132.0" />
  <Point X="113.0" Y="133.0" />
  <Point X="113.0" Y="133.7882842044982" />
  <Point X="113.0" Y="134.0" />
  <Point X="112.0" Y="134.0" />
  <Point X="112.0" Y="135.0" />
  <Point X="111.0" Y="135.0" />
  <Point X="110.61671132924403" Y="135.0" />
  <Point X="110.0" Y="135.0" />
  <Point X="110.0" Y="136.0" />
  <Point X="109.0" Y="136.0" />
  <Point X="109.0" Y="136.97829313701374" />
  <Point X="109.0" Y="137.0" />
  <Point X="108.0" Y="137.0" />
  <Point X="108.0" Y="138.0" />
  <Point X="107.0" Y="138.0" />
  <Point X="107.0" Y="138.5732976032715" />
  <Point X="107.0" Y="139.0" />
  <Point X="106.0" Y="139.0" />
  <Point X="106.0" Y="140.0" />
  <Point X="105.0" Y="140.0" />
  <Point X="104.83169793047074" Y="140.0" />
  <Point X="104.0" Y="140.0" />
  <Point X="104.0" Y="141.0" />
  <Point X="105.0" Y="141.0" />
  <Point X="105.76330653578702" Y="141.0" />
  <Point X="106.0" Y="141.0" />
  <Point X="107.0" Y="141.0" />
  <Point X="108.0" Y="141.0" />
  <Point X="109.0" Y="141.0" />
  <Point X="109.35831100204479" Y="141.0" />
  <Point X="110.0" Y="141.0" />
  <Point X="111.0" Y="141.0" />
  <Point X="112.0" Y="141.0" />
  <Point X="112.95331546830255" Y="141.0" />
  <Point X="113.0" Y="141.0" />
  <Point X="114.0" Y="141.0" />
  <Point X="114.0" Y="142.0" />
  <Point X="114.0" Y="143.0" />
  <Point X="113.45168006543969" Y="143.0" />
  <Point X="113.0" Y="143.0" />
  <Point X="113.0" Y="144.0" />
  <Point X="112.0" Y="144.0" />
  <Point X="112.0" Y="145.0" />
  <Point X="112.0" Y="145.14332440081807" />
  <Point X="112.0" Y="146.0" />
  <Point X="111.0" Y="146.0" />
  <Point X="111.0" Y="147.0" />
  <Point X="111.0" Y="147.73832886707584" />
  <Point X="111.0" Y="148.0" />
  <Point X="110.0" Y="148.0" />
  <Point X="110.0" Y="149.0" />
  <Point X="109.0" Y="149.0" />
  <Point X="109.0" Y="149.3333333333336" />
  <Point X="109.0" Y="150.0" />
  <Point X="109.0" Y="151.0" />
  <Point X="108.0" Y="151.0" />
  <Point X="108.0" Y="151.92833779959136" />
  <Point X="108.0" Y="152.0" />
  <Point X="107.0" Y="152.0" />
  <Point X="107.0" Y="153.0" />
  <Point X="107.0" Y="154.0" />
  <Point X="107.0" Y="154.52334226584912" />
  <Point X="107.0" Y="155.0" />
  <Point X="106.0" Y="155.0" />
  <Point X="106.0" Y="156.0" />
  <Point X="106.0" Y="157.0" />
  <Point X="106.0" Y="157.1183467321069" />
  <Point X="106.0" Y="158.0" />
  <Point X="106.0" Y="159.0" />
  <Point X="105.0" Y="159.0" />
  <Point X="105.0" Y="159.71335119836465" />
  <Point X="105.0" Y="160.0" />
  <Point X="105.0" Y="161.0" />
  <Point X="105.0" Y="162.0" />
  <Point X="105.0" Y="163.0" />
  <Point X="105.0" Y="163.3083556646224" />
  <Point X="105.0" Y="164.0" />
  <Point X="105.0" Y="165.0" />
  <Point X="105.0" Y="166.0" />
  <Point X="105.0" Y="166.90336013088017" />
  <Point X="105.0" Y="167.0" />
  <Point X="105.0" Y="168.0" />
  <Point X="105.0" Y="169.0" />
  <Point X="105.0" Y="170.0" />
  <Point X="105.0" Y="170.49836459713794" />
  <Point X="105.0" Y="171.0" />
  <Point X="105.0" Y="172.0" />
  <Point X="105.0" Y="173.0" />
  <Point X="105.0" Y="174.0" />
  <Point X="105.0" Y="174.0933690633957" />
  <Point X="105.0" Y="175.0" />
  <Point X="105.0" Y="176.0" />
  <Point X="106.0" Y="176.0" />
  <Point X="106.0" Y="176.68837352965346" />
  <Point X="106.0" Y="177.0" />
  <Point X="106.0" Y="178.0" />
  <Point X="106.0" Y="179.0" />
  <Point X="107.0" Y="179.0" />
  <Point X="107.0" Y="179.28337799591122" />
  <Point X="107.0" Y="180.0" />
  <Point X="107.0" Y="181.0" />
  <Point X="108.0" Y="181.0" />
  <Point X="108.87838246216899" Y="181.0" />
  <Point X="109.0" Y="181.0" />
  <Point X="109.0" Y="182.0" />
  <Point X="110.0" Y="182.0" />
  <Point X="110.0" Y="183.0" />
  <Point X="110.47338692842675" Y="183.0" />
  <Point X="111.0" Y="183.0" />
  <Point X="111.0" Y="184.0" />
  <Point X="112.0" Y="184.0" />
  <Point X="113.0" Y="184.0" />
  <Point X="113.0" Y="184.0683913946845" />
  <Point X="113.0" Y="185.0" />
  <Point X="114.0" Y="185.0" />
  <Point X="115.0" Y="185.0" />
  <Point X="115.0" Y="185.66339586094227" />
  <Point X="115.0" Y="186.0" />
  <Point X="116.0" Y="186.0" />
  <Point X="117.0" Y="186.0" />
  <Point X="118.0" Y="186.0" />
  <Point X="118.18271662362396" Y="186.18271662362397" />
  <Point X="119.0" Y="187.0" />
  <Point X="119.0" Y="188.0" />
  <Point X="120.0" Y="188.0" />
  <Point X="120.43919123108469" Y="188.0" />
  <Point X="121.0" Y="188.0" />
  <Point X="122.0" Y="188.0" />
  <Point X="123.0" Y="189.0" />
  <Point X="123.61998213496935" Y="189.0" />
  <Point X="124.0" Y="189.0" />
  <Point X="125.0" Y="189.0" />
  <Point X="126.0" Y="189.0" />
  <Point X="126.0" Y="190.0" />
  <Point X="126.21498660122711" Y="190.0" />
  <Point X="127.0" Y="190.0" />
  <Point X="128.0" Y="190.0" />
  <Point X="129.0" Y="190.0" />
  <Point X="129.0" Y="190.80999106748487" />
  <Point X="129.0" Y="191.0" />
  <Point X="130.0" Y="191.0" />
  <Point X="130.0" Y="192.0" />
  <Point X="131.0" Y="192.0" />
  <Point X="131.40499553374264" Y="192.0" />
  <Point X="132.0" Y="192.0" />
  <Point X="132.0" Y="193.0" />
  <Point X="133.0" Y="193.0" />
  <Point X="134.0" Y="193.0" />
</Project_1_Part_4>
