<?xml version="1.0" encoding="utf-8" standalone="yes"?>
<Gesture Name="pigtail7" Subject="2" Number="2" NumPts="378">
  <Point X="216.0" Y="20.0" />
  <Point X="215.0" Y="20.0" />
  <Point X="214.0" Y="20.0" />
  <Point X="213.0" Y="20.0" />
  <Point X="207.76241563017228" Y="24.48104440529705" />
  <Point X="200.2452745206777" Y="30.912376243420194" />
  <Point X="192.7281334111831" Y="37.34370808154334" />
  <Point X="185.21099230168852" Y="43.77503991966648" />
  <Point X="177.69385119219393" Y="50.206371757789626" />
  <Point X="170.17671008269934" Y="56.63770359591277" />
  <Point X="162.65956897320476" Y="63.06903543403591" />
  <Point X="155.14242786371017" Y="69.50036727215905" />
  <Point X="147.62528675421558" Y="75.9316991102822" />
  <Point X="140.108145644721" Y="82.36303094840534" />
  <Point X="132.5910045352264" Y="88.79436278652848" />
  <Point X="125.07386342573182" Y="95.22569462465162" />
  <Point X="117.55672231623723" Y="101.65702646277477" />
  <Point X="110.03958120674264" Y="108.08835830089791" />
  <Point X="102.52244009724807" Y="114.51969013902105" />
  <Point X="95.00529898775349" Y="120.9510219771442" />
  <Point X="87.4881578782589" Y="127.38235381526734" />
  <Point X="79.97101676876433" Y="133.81368565339048" />
  <Point X="72.45387565926976" Y="140.24501749151364" />
  <Point X="64.93673454977517" Y="146.6763493296368" />
  <Point X="57.419593440280586" Y="153.10768116775995" />
  <Point X="49.902452330786005" Y="159.53901300588308" />
  <Point X="42.385311221291424" Y="165.97034484400623" />
  <Point X="34.868170111796836" Y="172.40167668212936" />
  <Point X="33.0" Y="174.0" />
  <Point X="34.0" Y="174.0" />
  <Point X="35.0" Y="174.0" />
  <Point X="36.0" Y="174.0" />
  <Point X="37.0" Y="174.0" />
  <Point X="38.0" Y="174.0" />
  <Point X="39.0" Y="174.0" />
  <Point X="40.0" Y="174.0" />
  <Point X="40.43430189659148" Y="174.0" />
  <Point X="41.0" Y="174.0" />
  <Point X="42.0" Y="174.0" />
  <Point X="43.0" Y="174.0" />
  <Point X="44.0" Y="174.0" />
  <Point X="45.0" Y="174.0" />
  <Point X="46.0" Y="174.0" />
  <Point X="47.0" Y="174.0" />
  <Point X="48.0" Y="174.0" />
  <Point X="49.0" Y="174.0" />
  <Point X="50.0" Y="174.0" />
  <Point X="50.292656883736036" Y="173.853671558132" />
  <Point X="52.0" Y="173.0" />
  <Point X="53.0" Y="173.0" />
  <Point X="54.0" Y="173.0" />
  <Point X="56.0" Y="173.0" />
  <Point X="57.0" Y="173.0" />
  <Point X="59.0" Y="172.0" />
  <Point X="59.747962834525964" Y="172.0" />
  <Point X="61.0" Y="172.0" />
  <Point X="62.0" Y="171.0" />
  <Point X="63.0" Y="171.0" />
  <Point X="65.0" Y="171.0" />
  <Point X="67.0" Y="171.0" />
  <Point X="68.0" Y="170.0" />
  <Point X="68.72666320024422" Y="169.6366683998779" />
  <Point X="70.0" Y="169.0" />
  <Point X="71.0" Y="169.0" />
  <Point X="73.0" Y="169.0" />
  <Point X="74.0" Y="169.0" />
  <Point X="76.0" Y="168.0" />
  <Point X="77.0" Y="167.0" />
  <Point X="77.81898308534116" Y="167.0" />
  <Point X="78.0" Y="167.0" />
  <Point X="80.0" Y="167.0" />
  <Point X="81.0" Y="167.0" />
  <Point X="82.0" Y="167.0" />
  <Point X="83.0" Y="166.0" />
  <Point X="84.0" Y="166.0" />
  <Point X="85.0" Y="165.0" />
  <Point X="86.883454407062" Y="165.0" />
  <Point X="87.0" Y="165.0" />
  <Point X="89.0" Y="165.0" />
  <Point X="90.0" Y="164.0" />
  <Point X="92.0" Y="163.0" />
  <Point X="93.0" Y="162.0" />
  <Point X="95.0" Y="162.0" />
  <Point X="95.71185775128306" Y="162.0" />
  <Point X="97.0" Y="162.0" />
  <Point X="97.0" Y="160.0" />
  <Point X="99.0" Y="160.0" />
  <Point X="101.0" Y="160.0" />
  <Point X="102.0" Y="159.0" />
  <Point X="102.84184077076678" Y="158.1581592292332" />
  <Point X="103.0" Y="158.0" />
  <Point X="105.0" Y="158.0" />
  <Point X="108.0" Y="156.0" />
  <Point X="109.0" Y="155.0" />
  <Point X="111.0" Y="154.0" />
  <Point X="111.29231419859981" Y="153.7076858014002" />
  <Point X="112.0" Y="153.0" />
  <Point X="114.0" Y="153.0" />
  <Point X="115.0" Y="151.0" />
  <Point X="116.0" Y="151.0" />
  <Point X="118.0" Y="150.0" />
  <Point X="119.0" Y="149.0" />
  <Point X="119.00512513117937" Y="148.99743743441033" />
  <Point X="121.0" Y="148.0" />
  <Point X="122.0" Y="147.0" />
  <Point X="123.0" Y="146.0" />
  <Point X="124.0" Y="146.0" />
  <Point X="125.0" Y="145.0" />
  <Point X="127.0" Y="144.0" />
  <Point X="127.0" Y="143.8161481247965" />
  <Point X="127.0" Y="143.0" />
  <Point X="128.0" Y="142.0" />
  <Point X="130.0" Y="140.0" />
  <Point X="131.0" Y="139.0" />
  <Point X="132.0" Y="139.0" />
  <Point X="133.0" Y="137.0" />
  <Point X="133.18382809467835" Y="137.0" />
  <Point X="134.0" Y="137.0" />
  <Point X="135.0" Y="136.0" />
  <Point X="136.0" Y="135.0" />
  <Point X="137.0" Y="134.0" />
  <Point X="137.0" Y="133.0" />
  <Point X="138.0" Y="133.0" />
  <Point X="139.0" Y="131.0" />
  <Point X="139.42286249576253" Y="130.57713750423747" />
  <Point X="140.0" Y="130.0" />
  <Point X="140.0" Y="129.0" />
  <Point X="141.0" Y="128.0" />
  <Point X="142.0" Y="127.0" />
  <Point X="142.0" Y="126.0" />
  <Point X="143.0" Y="126.0" />
  <Point X="143.0" Y="125.0" />
  <Point X="144.0" Y="123.0" />
  <Point X="144.01220765837428" Y="123.0" />
  <Point X="145.0" Y="123.0" />
  <Point X="146.0" Y="121.0" />
  <Point X="147.0" Y="119.0" />
  <Point X="148.0" Y="118.0" />
  <Point X="148.0" Y="117.0" />
  <Point X="149.0" Y="116.0" />
  <Point X="149.0" Y="115.39545697490445" />
  <Point X="149.0" Y="115.0" />
  <Point X="150.0" Y="114.0" />
  <Point X="151.0" Y="113.0" />
  <Point X="151.0" Y="112.0" />
  <Point X="152.0" Y="110.0" />
  <Point X="152.0" Y="109.0" />
  <Point X="152.0" Y="108.0" />
  <Point X="153.0" Y="107.0" />
  <Point X="153.0132460948204" Y="106.98675390517958" />
  <Point X="154.0" Y="106.0" />
  <Point X="154.0" Y="105.0" />
  <Point X="154.0" Y="104.0" />
  <Point X="154.0" Y="103.0" />
  <Point X="155.0" Y="102.0" />
  <Point X="155.0" Y="101.0" />
  <Point X="155.0" Y="100.0" />
  <Point X="155.0" Y="99.0" />
  <Point X="156.0" Y="99.0" />
  <Point X="156.0" Y="98.91679587133565" />
  <Point X="156.0" Y="98.0" />
  <Point X="156.0" Y="97.0" />
  <Point X="156.0" Y="96.0" />
  <Point X="156.0" Y="95.0" />
  <Point X="156.0" Y="94.0" />
  <Point X="156.0" Y="93.0" />
  <Point X="156.0" Y="92.0" />
  <Point X="156.0" Y="91.0" />
  <Point X="157.0" Y="91.0" />
  <Point X="157.0" Y="90.02389742486862" />
  <Point X="157.0" Y="90.0" />
  <Point X="157.0" Y="89.0" />
  <Point X="157.0" Y="88.0" />
  <Point X="157.0" Y="87.0" />
  <Point X="157.0" Y="86.0" />
  <Point X="157.0" Y="85.0" />
  <Point X="157.0" Y="84.0" />
  <Point X="157.0" Y="83.0" />
  <Point X="157.0" Y="82.0" />
  <Point X="157.0" Y="81.0" />
  <Point X="157.0" Y="80.13099897840159" />
  <Point X="157.0" Y="80.0" />
  <Point X="156.0" Y="80.0" />
  <Point X="156.0" Y="79.0" />
  <Point X="156.0" Y="78.0" />
  <Point X="155.0" Y="77.0" />
  <Point X="155.0" Y="76.0" />
  <Point X="154.0" Y="76.0" />
  <Point X="154.0" Y="75.0" />
  <Point X="153.0" Y="75.0" />
  <Point X="152.0" Y="75.0" />
  <Point X="152.0" Y="74.65231409430766" />
  <Point X="152.0" Y="74.0" />
  <Point X="152.0" Y="73.0" />
  <Point X="151.0" Y="73.0" />
  <Point X="150.0" Y="73.0" />
  <Point X="149.0" Y="72.0" />
  <Point X="148.0" Y="72.0" />
  <Point X="147.0" Y="71.0" />
  <Point X="146.0" Y="71.0" />
  <Point X="145.0" Y="71.0" />
  <Point X="144.5878427725868" Y="71.0" />
  <Point X="144.0" Y="71.0" />
  <Point X="143.0" Y="71.0" />
  <Point X="142.0" Y="71.0" />
  <Point X="142.0" Y="70.0" />
  <Point X="141.0" Y="70.0" />
  <Point X="140.0" Y="70.0" />
  <Point X="139.0" Y="70.0" />
  <Point X="138.0" Y="70.0" />
  <Point X="137.0" Y="70.0" />
  <Point X="136.0" Y="70.0" />
  <Point X="135.69494432611978" Y="70.0" />
  <Point X="135.0" Y="70.0" />
  <Point X="134.0" Y="70.0" />
  <Point X="133.0" Y="70.0" />
  <Point X="132.0" Y="70.0" />
  <Point X="131.0" Y="70.0" />
  <Point X="130.0" Y="70.0" />
  <Point X="129.0" Y="70.0" />
  <Point X="128.0" Y="70.0" />
  <Point X="127.0" Y="70.0" />
  <Point X="125.80204587965275" Y="70.0" />
  <Point X="125.0" Y="70.0" />
  <Point X="124.0" Y="71.0" />
  <Point X="123.0" Y="71.0" />
  <Point X="123.0" Y="72.0" />
  <Point X="122.0" Y="72.0" />
  <Point X="121.0" Y="72.0" />
  <Point X="121.0" Y="73.0" />
  <Point X="120.0" Y="74.0" />
  <Point X="119.0" Y="74.0" />
  <Point X="119.0" Y="74.26242544206809" />
  <Point X="119.0" Y="75.0" />
  <Point X="118.0" Y="75.0" />
  <Point X="117.0" Y="76.0" />
  <Point X="116.0" Y="77.0" />
  <Point X="115.0" Y="78.0" />
  <Point X="115.0" Y="79.0" />
  <Point X="114.0" Y="79.0" />
  <Point X="113.0" Y="80.0" />
  <Point X="113.0" Y="80.49846963904275" />
  <Point X="113.0" Y="81.0" />
  <Point X="112.0" Y="82.0" />
  <Point X="111.0" Y="82.0" />
  <Point X="111.0" Y="83.0" />
  <Point X="111.0" Y="84.0" />
  <Point X="110.0" Y="85.0" />
  <Point X="109.0" Y="86.0" />
  <Point X="108.03905989441651" Y="87.92188021116698" />
  <Point X="108.0" Y="88.0" />
  <Point X="108.0" Y="89.0" />
  <Point X="107.0" Y="90.0" />
  <Point X="106.0" Y="91.0" />
  <Point X="106.0" Y="92.0" />
  <Point X="106.0" Y="93.0" />
  <Point X="106.0" Y="95.0" />
  <Point X="105.0" Y="96.0" />
  <Point X="105.0" Y="96.56291718023847" />
  <Point X="105.0" Y="97.0" />
  <Point X="105.0" Y="98.0" />
  <Point X="105.0" Y="99.0" />
  <Point X="105.0" Y="100.0" />
  <Point X="105.0" Y="101.0" />
  <Point X="105.0" Y="102.0" />
  <Point X="105.0" Y="103.0" />
  <Point X="105.0" Y="104.0" />
  <Point X="105.0" Y="105.0" />
  <Point X="105.0" Y="106.0" />
  <Point X="105.0" Y="106.4558156267055" />
  <Point X="105.0" Y="107.0" />
  <Point X="105.0" Y="108.0" />
  <Point X="105.0" Y="109.0" />
  <Point X="105.0" Y="110.0" />
  <Point X="105.0" Y="112.0" />
  <Point X="105.0" Y="113.0" />
  <Point X="106.0" Y="114.0" />
  <Point X="106.0" Y="115.93450051079944" />
  <Point X="106.0" Y="116.0" />
  <Point X="107.0" Y="117.0" />
  <Point X="107.0" Y="118.0" />
  <Point X="107.0" Y="119.0" />
  <Point X="107.0" Y="120.0" />
  <Point X="108.0" Y="120.0" />
  <Point X="108.0" Y="121.0" />
  <Point X="109.0" Y="122.0" />
  <Point X="109.0" Y="123.0" />
  <Point X="109.70637975698945" Y="123.70637975698945" />
  <Point X="110.0" Y="124.0" />
  <Point X="110.0" Y="126.0" />
  <Point X="111.0" Y="126.0" />
  <Point X="111.0" Y="127.0" />
  <Point X="112.0" Y="128.0" />
  <Point X="112.0" Y="129.0" />
  <Point X="113.0" Y="130.0" />
  <Point X="113.73755789558423" Y="131.47511579116846" />
  <Point X="114.0" Y="132.0" />
  <Point X="114.0" Y="133.0" />
  <Point X="115.0" Y="134.0" />
  <Point X="116.0" Y="135.0" />
  <Point X="117.0" Y="136.0" />
  <Point X="117.0" Y="137.0" />
  <Point X="118.0" Y="137.0" />
  <Point X="118.0" Y="138.0" />
  <Point X="118.75195105039973" Y="138.75195105039973" />
  <Point X="119.0" Y="139.0" />
  <Point X="120.0" Y="139.0" />
  <Point X="120.0" Y="140.0" />
  <Point X="121.0" Y="141.0" />
  <Point X="122.0" Y="142.0" />
  <Point X="123.0" Y="142.0" />
  <Point X="123.0" Y="143.0" />
  <Point X="124.0" Y="144.0" />
  <Point X="125.0" Y="144.0" />
  <Point X="125.0" Y="144.29946357069065" />
  <Point X="125.0" Y="145.0" />
  <Point X="126.0" Y="145.0" />
  <Point X="127.0" Y="146.0" />
  <Point X="127.0" Y="147.0" />
  <Point X="128.0" Y="147.0" />
  <Point X="128.0" Y="148.0" />
  <Point X="129.0" Y="148.0" />
  <Point X="130.0" Y="148.0" />
  <Point X="130.0" Y="149.0" />
  <Point X="130.7781484547846" Y="149.0" />
  <Point X="131.0" Y="149.0" />
  <Point X="131.0" Y="150.0" />
  <Point X="132.0" Y="150.0" />
  <Point X="132.0" Y="151.0" />
  <Point X="133.0" Y="151.0" />
  <Point X="133.0" Y="152.0" />
  <Point X="134.0" Y="152.0" />
  <Point X="135.0" Y="152.0" />
  <Point X="136.0" Y="152.0" />
  <Point X="136.0" Y="153.0" />
  <Point X="136.47450181436926" Y="153.47450181436926" />
  <Point X="137.0" Y="154.0" />
  <Point X="138.0" Y="154.0" />
  <Point X="139.0" Y="154.0" />
  <Point X="139.0" Y="155.0" />
  <Point X="140.0" Y="155.0" />
  <Point X="141.0" Y="156.0" />
  <Point X="142.0" Y="156.0" />
  <Point X="143.0" Y="156.0" />
  <Point X="144.0" Y="156.0" />
  <Point X="144.0" Y="156.7355182229725" />
  <Point X="144.0" Y="157.0" />
  <Point X="145.0" Y="157.0" />
  <Point X="146.0" Y="157.0" />
  <Point X="147.0" Y="157.0" />
  <Point X="148.0" Y="157.0" />
  <Point X="149.0" Y="158.0" />
  <Point X="150.0" Y="158.0" />
  <Point X="151.0" Y="158.0" />
  <Point X="152.0" Y="158.0" />
  <Point X="153.0" Y="158.0" />
  <Point X="153.21420310706645" Y="158.0" />
  <Point X="154.0" Y="158.0" />
  <Point X="155.0" Y="158.0" />
  <Point X="156.0" Y="158.0" />
  <Point X="157.0" Y="158.0" />
  <Point X="158.0" Y="158.0" />
  <Point X="159.0" Y="158.0" />
  <Point X="160.0" Y="158.0" />
  <Point X="161.0" Y="158.0" />
  <Point X="162.0" Y="158.0" />
  <Point X="163.0" Y="158.0" />
  <Point X="163.0" Y="158.10710155353348" />
  <Point X="163.0" Y="159.0" />
  <Point X="164.0" Y="159.0" />
  <Point X="165.0" Y="159.0" />
  <Point X="166.0" Y="159.0" />
  <Point X="166.0" Y="158.0" />
  <Point X="166.0" Y="157.0" />
  <Point X="167.0" Y="157.0" />
  <Point X="167.0" Y="156.0" />
  <Point X="167.0" Y="155.0" />
  <Point X="167.0" Y="154.0" />
</Project_1_Part_4>
