<?xml version="1.0" encoding="utf-8" standalone="yes"?>
<Gesture Name="pigtail1" Subject="2" Number="2" NumPts="300">
  <Point X="81.0" Y="158.0" />
  <Point X="82.0" Y="158.0" />
  <Point X="83.0" Y="157.0" />
  <Point X="84.0" Y="157.0" />
  <Point X="84.0" Y="156.3681006173602" />
  <Point X="84.0" Y="156.0" />
  <Point X="85.0" Y="156.0" />
  <Point X="86.0" Y="155.0" />
  <Point X="87.0" Y="155.0" />
  <Point X="87.0" Y="154.7362012347204" />
  <Point X="87.0" Y="154.0" />
  <Point X="88.0" Y="154.0" />
  <Point X="88.0" Y="153.0" />
  <Point X="89.0" Y="153.0" />
  <Point X="89.21914067191695" Y="152.78085932808307" />
  <Point X="90.0" Y="152.0" />
  <Point X="91.0" Y="152.0" />
  <Point X="91.0" Y="151.0" />
  <Point X="91.94181109293228" Y="151.0" />
  <Point X="92.0" Y="151.0" />
  <Point X="93.0" Y="150.0" />
  <Point X="94.0" Y="149.0" />
  <Point X="95.0" Y="149.0" />
  <Point X="95.0" Y="148.84050308680102" />
  <Point X="95.0" Y="148.0" />
  <Point X="96.0" Y="148.0" />
  <Point X="96.0" Y="147.0" />
  <Point X="97.0" Y="147.0" />
  <Point X="97.14538812502042" Y="146.85461187497958" />
  <Point X="98.0" Y="146.0" />
  <Point X="99.0" Y="145.0" />
  <Point X="100.0" Y="144.0" />
  <Point X="100.0064220258857" Y="143.9935779741143" />
  <Point X="101.0" Y="143.0" />
  <Point X="103.0" Y="143.0" />
  <Point X="103.0" Y="142.35901850125472" />
  <Point X="103.0" Y="141.0" />
  <Point X="104.0" Y="141.0" />
  <Point X="105.0" Y="141.0" />
  <Point X="105.0" Y="140.31290555624184" />
  <Point X="105.0" Y="140.0" />
  <Point X="106.0" Y="139.0" />
  <Point X="107.0" Y="138.0" />
  <Point X="107.63977626017572" Y="137.36022373982428" />
  <Point X="108.0" Y="137.0" />
  <Point X="109.0" Y="136.0" />
  <Point X="110.0" Y="136.0" />
  <Point X="110.79370337985446" Y="135.20629662014554" />
  <Point X="111.0" Y="135.0" />
  <Point X="112.0" Y="134.0" />
  <Point X="113.0" Y="133.0" />
  <Point X="113.0" Y="132.07406165781484" />
  <Point X="113.0" Y="132.0" />
  <Point X="115.0" Y="131.0" />
  <Point X="115.0" Y="130.0" />
  <Point X="115.52041878912776" Y="129.47958121087225" />
  <Point X="116.0" Y="129.0" />
  <Point X="117.0" Y="128.0" />
  <Point X="118.0" Y="128.0" />
  <Point X="118.0" Y="127.04633087003505" />
  <Point X="118.0" Y="127.0" />
  <Point X="119.0" Y="127.0" />
  <Point X="119.0" Y="126.0" />
  <Point X="120.0" Y="125.0" />
  <Point X="120.41405946611214" Y="124.58594053388786" />
  <Point X="121.0" Y="124.0" />
  <Point X="122.0" Y="123.0" />
  <Point X="123.0" Y="123.0" />
  <Point X="123.0" Y="122.19674566712855" />
  <Point X="123.0" Y="122.0" />
  <Point X="123.0" Y="121.0" />
  <Point X="124.0" Y="121.0" />
  <Point X="125.0" Y="120.0" />
  <Point X="125.30770014309653" Y="119.69229985690347" />
  <Point X="126.0" Y="119.0" />
  <Point X="126.0" Y="118.0" />
  <Point X="127.0" Y="117.0" />
  <Point X="127.46162726277527" Y="116.53837273722473" />
  <Point X="128.0" Y="116.0" />
  <Point X="128.0" Y="115.0" />
  <Point X="129.0" Y="115.0" />
  <Point X="129.0" Y="114.0" />
  <Point X="129.2013408200809" Y="113.79865917991908" />
  <Point X="130.0" Y="113.0" />
  <Point X="130.0" Y="112.0" />
  <Point X="131.0" Y="112.0" />
  <Point X="131.0" Y="111.08336169894247" />
  <Point X="131.0" Y="111.0" />
  <Point X="131.0" Y="110.0" />
  <Point X="131.0" Y="109.0" />
  <Point X="132.0" Y="109.0" />
  <Point X="132.0" Y="108.03724875392957" />
  <Point X="132.0" Y="108.0" />
  <Point X="132.0" Y="107.0" />
  <Point X="132.0" Y="106.0" />
  <Point X="132.0" Y="105.0" />
  <Point X="132.0" Y="104.0" />
  <Point X="132.0" Y="103.99113580891668" />
  <Point X="132.0" Y="103.0" />
  <Point X="132.0" Y="102.0" />
  <Point X="132.0" Y="101.0" />
  <Point X="131.0" Y="101.0" />
  <Point X="131.0" Y="100.94502286390379" />
  <Point X="131.0" Y="100.0" />
  <Point X="130.0" Y="100.0" />
  <Point X="130.0" Y="99.0" />
  <Point X="129.0" Y="99.0" />
  <Point X="129.0" Y="98.8989099188909" />
  <Point X="129.0" Y="98.0" />
  <Point X="128.0" Y="98.0" />
  <Point X="127.0" Y="98.0" />
  <Point X="126.0" Y="98.0" />
  <Point X="126.0" Y="97.852796973878" />
  <Point X="126.0" Y="97.0" />
  <Point X="125.0" Y="97.0" />
  <Point X="125.0" Y="96.0" />
  <Point X="124.0" Y="96.0" />
  <Point X="123.8066840288651" Y="96.0" />
  <Point X="123.0" Y="96.0" />
  <Point X="122.0" Y="96.0" />
  <Point X="121.0" Y="96.0" />
  <Point X="120.0" Y="96.0" />
  <Point X="119.76057108385221" Y="96.0" />
  <Point X="119.0" Y="96.0" />
  <Point X="118.0" Y="96.0" />
  <Point X="117.0" Y="96.0" />
  <Point X="116.0" Y="96.0" />
  <Point X="115.71445813883932" Y="96.0" />
  <Point X="115.0" Y="96.0" />
  <Point X="114.0" Y="96.0" />
  <Point X="113.0" Y="96.0" />
  <Point X="112.0" Y="96.0" />
  <Point X="111.66834519382643" Y="96.0" />
  <Point X="111.0" Y="96.0" />
  <Point X="111.0" Y="97.0" />
  <Point X="110.0" Y="97.0" />
  <Point X="110.0" Y="98.0" />
  <Point X="109.62223224881353" Y="98.0" />
  <Point X="109.0" Y="98.0" />
  <Point X="109.0" Y="99.0" />
  <Point X="109.0" Y="100.0" />
  <Point X="108.0" Y="100.0" />
  <Point X="108.0" Y="100.42388069619936" />
  <Point X="108.0" Y="101.0" />
  <Point X="108.0" Y="102.0" />
  <Point X="108.0" Y="103.0" />
  <Point X="108.0" Y="104.0" />
  <Point X="108.0" Y="104.46999364121226" />
  <Point X="108.0" Y="105.0" />
  <Point X="108.0" Y="106.0" />
  <Point X="108.0" Y="107.0" />
  <Point X="108.0" Y="108.0" />
  <Point X="108.0" Y="108.51610658622515" />
  <Point X="108.0" Y="109.0" />
  <Point X="108.0" Y="110.0" />
  <Point X="108.0" Y="111.0" />
  <Point X="108.0" Y="112.0" />
  <Point X="108.0" Y="112.56221953123804" />
  <Point X="108.0" Y="113.0" />
  <Point X="108.0" Y="114.0" />
  <Point X="108.0" Y="115.0" />
  <Point X="108.0" Y="116.0" />
  <Point X="108.0" Y="116.60833247625094" />
  <Point X="108.0" Y="117.0" />
  <Point X="108.0" Y="118.0" />
  <Point X="108.0" Y="119.0" />
  <Point X="108.0" Y="120.0" />
  <Point X="108.0" Y="120.65444542126383" />
  <Point X="108.0" Y="121.0" />
  <Point X="108.0" Y="122.0" />
  <Point X="108.0" Y="123.0" />
  <Point X="108.0" Y="124.0" />
  <Point X="108.49536957141123" Y="124.49536957141123" />
  <Point X="109.0" Y="125.0" />
  <Point X="109.0" Y="126.0" />
  <Point X="109.0" Y="127.0" />
  <Point X="109.94218990990342" Y="127.94218990990342" />
  <Point X="110.0" Y="128.0" />
  <Point X="110.0" Y="129.0" />
  <Point X="110.0" Y="130.0" />
  <Point X="110.0" Y="131.0" />
  <Point X="110.0" Y="131.96435713155628" />
  <Point X="110.0" Y="132.0" />
  <Point X="111.0" Y="132.0" />
  <Point X="111.0" Y="133.0" />
  <Point X="111.0" Y="134.0" />
  <Point X="111.0" Y="135.0" />
  <Point X="111.0" Y="135.01047007656916" />
  <Point X="111.0" Y="136.0" />
  <Point X="112.0" Y="137.0" />
  <Point X="112.0" Y="138.0" />
  <Point X="112.0" Y="138.64236945920896" />
  <Point X="112.0" Y="139.0" />
  <Point X="112.0" Y="140.0" />
  <Point X="112.0" Y="141.0" />
  <Point X="112.0" Y="142.0" />
  <Point X="112.68848240422186" Y="142.0" />
  <Point X="113.0" Y="142.0" />
  <Point X="113.0" Y="143.0" />
  <Point X="114.0" Y="143.0" />
  <Point X="114.0" Y="144.0" />
  <Point X="114.0" Y="144.73459534923475" />
  <Point X="114.0" Y="145.0" />
  <Point X="114.0" Y="146.0" />
  <Point X="114.0" Y="147.0" />
  <Point X="115.0" Y="147.0" />
  <Point X="115.0" Y="147.78070829424763" />
  <Point X="115.0" Y="148.0" />
  <Point X="115.0" Y="149.0" />
  <Point X="115.0" Y="150.0" />
  <Point X="116.0" Y="150.0" />
  <Point X="116.0" Y="150.8268212392605" />
  <Point X="116.0" Y="151.0" />
  <Point X="116.0" Y="152.0" />
  <Point X="116.0" Y="153.0" />
  <Point X="117.0" Y="154.0" />
  <Point X="117.0" Y="154.4587206219003" />
  <Point X="117.0" Y="155.0" />
  <Point X="118.0" Y="155.0" />
  <Point X="118.0" Y="156.0" />
  <Point X="119.0" Y="157.0" />
  <Point X="119.0" Y="157.0906200045401" />
  <Point X="119.0" Y="158.0" />
  <Point X="120.0" Y="158.0" />
  <Point X="120.0" Y="159.0" />
  <Point X="121.0" Y="159.0" />
  <Point X="121.13673294955301" Y="159.0" />
  <Point X="122.0" Y="159.0" />
  <Point X="122.0" Y="160.0" />
  <Point X="123.0" Y="160.0" />
  <Point X="123.0" Y="161.0" />
  <Point X="123.1828458945659" Y="161.0" />
  <Point X="124.0" Y="161.0" />
  <Point X="124.0" Y="162.0" />
  <Point X="125.0" Y="162.0" />
  <Point X="126.0" Y="162.0" />
  <Point X="126.2289588395788" Y="162.0" />
  <Point X="127.0" Y="162.0" />
  <Point X="127.0" Y="163.0" />
  <Point X="128.0" Y="163.0" />
  <Point X="129.0" Y="163.0" />
  <Point X="129.2750717845917" Y="163.0" />
  <Point X="130.0" Y="163.0" />
  <Point X="131.0" Y="163.0" />
  <Point X="132.0" Y="163.0" />
  <Point X="132.0" Y="164.0" />
  <Point X="132.32118472960457" Y="164.0" />
  <Point X="133.0" Y="164.0" />
  <Point X="134.0" Y="164.0" />
  <Point X="135.0" Y="164.0" />
  <Point X="135.9668254576226" Y="164.9668254576226" />
  <Point X="136.0" Y="165.0" />
  <Point X="137.0" Y="165.0" />
  <Point X="138.0" Y="165.0" />
  <Point X="139.0" Y="165.0" />
  <Point X="139.99919705725725" Y="165.0" />
  <Point X="140.0" Y="165.0" />
  <Point X="141.0" Y="165.0" />
  <Point X="142.0" Y="165.0" />
  <Point X="143.0" Y="165.0" />
  <Point X="144.0" Y="165.0" />
  <Point X="144.0" Y="165.04531000227013" />
  <Point X="144.0" Y="166.0" />
  <Point X="145.0" Y="166.0" />
  <Point X="146.0" Y="166.0" />
  <Point X="146.77175256716643" Y="166.77175256716643" />
  <Point X="147.0" Y="167.0" />
  <Point X="148.0" Y="167.0" />
  <Point X="149.0" Y="167.0" />
  <Point X="150.0" Y="167.0" />
  <Point X="150.7233223299228" Y="167.0" />
  <Point X="151.0" Y="167.0" />
  <Point X="152.0" Y="167.0" />
  <Point X="154.0" Y="167.0" />
  <Point X="154.7694352749357" Y="167.0" />
  <Point X="155.0" Y="167.0" />
  <Point X="156.0" Y="167.0" />
  <Point X="157.0" Y="167.0" />
  <Point X="158.0" Y="167.0" />
  <Point X="158.81554821994857" Y="167.0" />
  <Point X="159.0" Y="167.0" />
  <Point X="160.0" Y="167.0" />
  <Point X="160.0" Y="166.0" />
  <Point X="161.0" Y="166.0" />
  <Point X="161.0" Y="165.13833883503855" />
  <Point X="161.0" Y="165.0" />
  <Point X="162.0" Y="165.0" />
  <Point X="162.0" Y="164.0" />
  <Point X="163.0" Y="164.0" />
  <Point X="163.0" Y="163.09222589002567" />
  <Point X="163.0" Y="163.0" />
  <Point X="163.0" Y="162.0" />
  <Point X="164.0" Y="162.0" />
  <Point X="164.0" Y="161.0" />
  <Point X="164.0" Y="160.0461129450128" />
  <Point X="164.0" Y="160.0" />
  <Point X="163.0" Y="160.0" />
  <Point X="162.0" Y="160.0" />
  <Point X="162.0" Y="159.0" />
  <Point X="161.0" Y="159.0" />
</Project_1_Part_4>
