<?xml version="1.0" encoding="utf-8" standalone="yes"?>
<Gesture Name="pigtail3" Subject="2" Number="2" NumPts="387">
  <Point X="48.0" Y="168.0" />
  <Point X="48.0" Y="169.0" />
  <Point X="49.0" Y="169.0" />
  <Point X="50.0" Y="169.0" />
  <Point X="51.0" Y="169.0" />
  <Point X="52.0" Y="169.0" />
  <Point X="52.64953103583614" Y="169.0" />
  <Point X="53.0" Y="169.0" />
  <Point X="54.0" Y="169.0" />
  <Point X="55.0" Y="169.0" />
  <Point X="56.0" Y="169.0" />
  <Point X="57.0" Y="169.0" />
  <Point X="58.0" Y="169.0" />
  <Point X="58.29906207167228" Y="169.0" />
  <Point X="59.0" Y="169.0" />
  <Point X="60.0" Y="169.0" />
  <Point X="61.0" Y="169.0" />
  <Point X="62.0" Y="169.0" />
  <Point X="63.0" Y="169.0" />
  <Point X="63.94859310750842" Y="169.0" />
  <Point X="64.0" Y="169.0" />
  <Point X="66.0" Y="169.0" />
  <Point X="67.0" Y="169.0" />
  <Point X="68.0" Y="169.0" />
  <Point X="69.0" Y="169.0" />
  <Point X="69.59812414334456" Y="169.0" />
  <Point X="70.0" Y="169.0" />
  <Point X="71.0" Y="169.0" />
  <Point X="72.0" Y="169.0" />
  <Point X="73.0" Y="169.0" />
  <Point X="74.0" Y="169.0" />
  <Point X="74.88222543778119" Y="168.1177745622188" />
  <Point X="75.0" Y="168.0" />
  <Point X="77.0" Y="168.0" />
  <Point X="79.0" Y="168.0" />
  <Point X="80.0" Y="167.0" />
  <Point X="80.06875909027065" Y="167.0" />
  <Point X="81.0" Y="167.0" />
  <Point X="83.0" Y="167.0" />
  <Point X="84.0" Y="167.0" />
  <Point X="85.0" Y="166.0" />
  <Point X="85.30407656373369" Y="166.0" />
  <Point X="86.0" Y="166.0" />
  <Point X="87.0" Y="166.0" />
  <Point X="88.0" Y="166.0" />
  <Point X="90.0" Y="165.0" />
  <Point X="90.71753962207003" Y="165.0" />
  <Point X="91.0" Y="165.0" />
  <Point X="92.0" Y="165.0" />
  <Point X="93.0" Y="164.0" />
  <Point X="94.0" Y="164.0" />
  <Point X="95.0" Y="163.0" />
  <Point X="95.53864353315998" Y="163.0" />
  <Point X="97.0" Y="163.0" />
  <Point X="98.0" Y="162.0" />
  <Point X="100.0" Y="162.0" />
  <Point X="100.54727307615711" Y="161.4527269238429" />
  <Point X="101.0" Y="161.0" />
  <Point X="102.0" Y="161.0" />
  <Point X="103.0" Y="161.0" />
  <Point X="104.0" Y="161.0" />
  <Point X="104.89857665343997" Y="159.20284669312005" />
  <Point X="105.0" Y="159.0" />
  <Point X="106.0" Y="159.0" />
  <Point X="107.0" Y="159.0" />
  <Point X="108.0" Y="158.0" />
  <Point X="109.0" Y="158.0" />
  <Point X="110.0" Y="158.0" />
  <Point X="110.00603018969426" Y="157.99396981030574" />
  <Point X="111.0" Y="157.0" />
  <Point X="111.0" Y="156.0" />
  <Point X="112.0" Y="156.0" />
  <Point X="113.0" Y="156.0" />
  <Point X="114.0" Y="156.0" />
  <Point X="114.0" Y="155.75615455048765" />
  <Point X="114.0" Y="155.0" />
  <Point X="115.0" Y="154.0" />
  <Point X="116.0" Y="154.0" />
  <Point X="117.0" Y="154.0" />
  <Point X="117.0" Y="153.0" />
  <Point X="117.0" Y="152.5208370770246" />
  <Point X="117.0" Y="152.0" />
  <Point X="118.0" Y="152.0" />
  <Point X="119.0" Y="152.0" />
  <Point X="120.0" Y="151.0" />
  <Point X="121.0" Y="150.0" />
  <Point X="121.0" Y="149.69973316593465" />
  <Point X="121.0" Y="149.0" />
  <Point X="122.0" Y="149.0" />
  <Point X="123.0" Y="148.0" />
  <Point X="124.0" Y="147.0" />
  <Point X="125.0" Y="147.0" />
  <Point X="125.0" Y="146.8786292548447" />
  <Point X="125.0" Y="145.0" />
  <Point X="126.0" Y="145.0" />
  <Point X="127.0" Y="144.0" />
  <Point X="127.0" Y="143.0" />
  <Point X="127.35668821861834" Y="143.0" />
  <Point X="128.0" Y="143.0" />
  <Point X="128.0" Y="142.0" />
  <Point X="128.0" Y="141.0" />
  <Point X="129.0" Y="141.0" />
  <Point X="129.0" Y="140.0" />
  <Point X="130.0" Y="140.0" />
  <Point X="130.0" Y="139.9937807455455" />
  <Point X="130.0" Y="139.0" />
  <Point X="130.0" Y="138.0" />
  <Point X="131.0" Y="138.0" />
  <Point X="131.0" Y="137.0" />
  <Point X="131.0" Y="136.0" />
  <Point X="131.65575029029063" Y="136.0" />
  <Point X="132.0" Y="136.0" />
  <Point X="132.0" Y="135.0" />
  <Point X="132.0" Y="134.0" />
  <Point X="133.0" Y="133.0" />
  <Point X="134.0" Y="132.0" />
  <Point X="134.0" Y="131.52314579861942" />
  <Point X="134.0" Y="131.0" />
  <Point X="134.0" Y="130.0" />
  <Point X="135.0" Y="130.0" />
  <Point X="135.0" Y="129.0" />
  <Point X="135.0" Y="127.0" />
  <Point X="135.1263852372167" Y="127.0" />
  <Point X="136.0" Y="127.0" />
  <Point X="136.0" Y="126.0" />
  <Point X="136.0" Y="125.0" />
  <Point X="136.0" Y="124.0" />
  <Point X="136.0" Y="123.0" />
  <Point X="136.0" Y="122.22408372694716" />
  <Point X="136.0" Y="122.0" />
  <Point X="137.0" Y="121.0" />
  <Point X="137.0" Y="120.0" />
  <Point X="137.0" Y="119.0" />
  <Point X="137.0" Y="118.0" />
  <Point X="137.0" Y="117.0" />
  <Point X="137.0" Y="116.98876625348412" />
  <Point X="137.0" Y="116.0" />
  <Point X="137.0" Y="115.0" />
  <Point X="137.0" Y="114.0" />
  <Point X="137.0" Y="113.0" />
  <Point X="137.0" Y="112.0" />
  <Point X="137.0" Y="111.33923521764798" />
  <Point X="137.0" Y="111.0" />
  <Point X="137.0" Y="110.0" />
  <Point X="137.0" Y="109.0" />
  <Point X="137.0" Y="108.0" />
  <Point X="136.0" Y="108.0" />
  <Point X="136.0" Y="107.0" />
  <Point X="136.0" Y="106.68970418181185" />
  <Point X="136.0" Y="106.0" />
  <Point X="135.0" Y="106.0" />
  <Point X="135.0" Y="105.0" />
  <Point X="134.0" Y="105.0" />
  <Point X="134.0" Y="104.0" />
  <Point X="133.0401731459757" Y="104.0" />
  <Point X="133.0" Y="104.0" />
  <Point X="132.0" Y="104.0" />
  <Point X="132.0" Y="103.0" />
  <Point X="131.0" Y="103.0" />
  <Point X="130.0" Y="102.0" />
  <Point X="129.0" Y="102.0" />
  <Point X="128.80485567251264" Y="102.0" />
  <Point X="128.0" Y="102.0" />
  <Point X="127.0" Y="102.0" />
  <Point X="126.0" Y="102.0" />
  <Point X="126.0" Y="101.0" />
  <Point X="125.0" Y="101.0" />
  <Point X="124.15532463667651" Y="101.0" />
  <Point X="124.0" Y="101.0" />
  <Point X="123.0" Y="101.0" />
  <Point X="122.0" Y="101.0" />
  <Point X="120.0" Y="101.0" />
  <Point X="119.0" Y="101.0" />
  <Point X="118.50579360084038" Y="101.0" />
  <Point X="118.0" Y="101.0" />
  <Point X="118.0" Y="100.0" />
  <Point X="117.0" Y="100.0" />
  <Point X="116.0" Y="100.0" />
  <Point X="115.0" Y="100.0" />
  <Point X="114.0" Y="100.0" />
  <Point X="113.85626256500424" Y="100.0" />
  <Point X="113.0" Y="100.0" />
  <Point X="112.0" Y="100.0" />
  <Point X="111.0" Y="100.0" />
  <Point X="110.0" Y="100.0" />
  <Point X="109.0" Y="100.0" />
  <Point X="108.20673152916811" Y="100.0" />
  <Point X="108.0" Y="100.0" />
  <Point X="108.0" Y="101.0" />
  <Point X="107.0" Y="101.0" />
  <Point X="106.0" Y="102.0" />
  <Point X="105.0" Y="102.0" />
  <Point X="104.0" Y="102.0" />
  <Point X="103.97141405570507" Y="102.0" />
  <Point X="103.0" Y="102.0" />
  <Point X="103.0" Y="103.0" />
  <Point X="103.0" Y="104.0" />
  <Point X="102.0" Y="104.0" />
  <Point X="101.0" Y="104.0" />
  <Point X="100.52049888491158" Y="104.47950111508842" />
  <Point X="100.0" Y="105.0" />
  <Point X="99.0" Y="105.0" />
  <Point X="99.0" Y="106.0" />
  <Point X="98.0" Y="106.0" />
  <Point X="98.0" Y="107.0" />
  <Point X="97.18299938750927" Y="107.40850030624536" />
  <Point X="96.0" Y="108.0" />
  <Point X="96.0" Y="109.0" />
  <Point X="95.0" Y="109.0" />
  <Point X="95.0" Y="110.0" />
  <Point X="95.0" Y="111.0" />
  <Point X="94.67310248806953" Y="111.0" />
  <Point X="94.0" Y="111.0" />
  <Point X="93.0" Y="111.0" />
  <Point X="93.0" Y="112.0" />
  <Point X="92.0" Y="113.0" />
  <Point X="91.0" Y="114.0" />
  <Point X="91.0" Y="114.14800142302042" />
  <Point X="91.0" Y="115.0" />
  <Point X="91.0" Y="116.0" />
  <Point X="90.0" Y="117.0" />
  <Point X="89.0" Y="117.0" />
  <Point X="89.0" Y="118.38331889648346" />
  <Point X="89.0" Y="119.0" />
  <Point X="89.0" Y="120.0" />
  <Point X="89.0" Y="121.0" />
  <Point X="88.0" Y="121.0" />
  <Point X="88.0" Y="122.0" />
  <Point X="88.0" Y="123.0" />
  <Point X="88.0" Y="123.03284993231959" />
  <Point X="88.0" Y="124.0" />
  <Point X="88.0" Y="125.0" />
  <Point X="88.0" Y="126.0" />
  <Point X="87.0" Y="127.0" />
  <Point X="87.0" Y="128.0" />
  <Point X="87.0" Y="128.26816740578263" />
  <Point X="87.0" Y="129.0" />
  <Point X="87.0" Y="130.0" />
  <Point X="87.0" Y="131.0" />
  <Point X="87.0" Y="132.0" />
  <Point X="87.0" Y="133.0" />
  <Point X="87.0" Y="133.91769844161877" />
  <Point X="87.0" Y="134.0" />
  <Point X="87.0" Y="135.0" />
  <Point X="87.0" Y="136.0" />
  <Point X="87.0" Y="137.0" />
  <Point X="87.0" Y="138.0" />
  <Point X="87.0" Y="139.0" />
  <Point X="87.0" Y="139.5672294774549" />
  <Point X="87.0" Y="140.0" />
  <Point X="87.0" Y="141.0" />
  <Point X="87.0" Y="142.0" />
  <Point X="87.0" Y="143.0" />
  <Point X="88.0" Y="143.0" />
  <Point X="88.0" Y="144.0" />
  <Point X="88.0" Y="144.21676051329104" />
  <Point X="88.0" Y="145.0" />
  <Point X="88.0" Y="146.0" />
  <Point X="88.0" Y="147.0" />
  <Point X="89.0" Y="148.0" />
  <Point X="89.0" Y="149.0" />
  <Point X="89.45207798675408" Y="149.0" />
  <Point X="90.0" Y="149.0" />
  <Point X="90.0" Y="150.0" />
  <Point X="90.0" Y="151.0" />
  <Point X="91.0" Y="151.0" />
  <Point X="91.0" Y="152.0" />
  <Point X="91.0" Y="153.0" />
  <Point X="91.07184842890328" Y="153.07184842890328" />
  <Point X="92.0" Y="154.0" />
  <Point X="93.0" Y="154.0" />
  <Point X="93.0" Y="155.0" />
  <Point X="94.0" Y="155.0" />
  <Point X="94.0" Y="156.0" />
  <Point X="94.0" Y="156.33692649605325" />
  <Point X="94.0" Y="157.0" />
  <Point X="95.0" Y="157.0" />
  <Point X="95.0" Y="158.0" />
  <Point X="96.0" Y="158.0" />
  <Point X="96.0" Y="159.0" />
  <Point X="96.98645753188939" Y="159.0" />
  <Point X="97.0" Y="159.0" />
  <Point X="97.0" Y="160.0" />
  <Point X="98.0" Y="160.0" />
  <Point X="98.0" Y="161.0" />
  <Point X="99.0" Y="161.0" />
  <Point X="99.0" Y="162.0" />
  <Point X="99.63598856772552" Y="162.0" />
  <Point X="100.0" Y="162.0" />
  <Point X="102.0" Y="163.0" />
  <Point X="102.0" Y="164.0" />
  <Point X="103.0" Y="164.0" />
  <Point X="103.0" Y="165.0" />
  <Point X="103.04945162606187" Y="165.0" />
  <Point X="104.0" Y="165.0" />
  <Point X="105.0" Y="166.0" />
  <Point X="106.0" Y="166.0" />
  <Point X="107.0" Y="167.0" />
  <Point X="107.61557572371954" Y="167.61557572371956" />
  <Point X="108.0" Y="168.0" />
  <Point X="109.0" Y="168.0" />
  <Point X="110.0" Y="168.0" />
  <Point X="111.0" Y="169.0" />
  <Point X="112.0" Y="169.0" />
  <Point X="112.0" Y="169.69165944824178" />
  <Point X="112.0" Y="170.0" />
  <Point X="113.0" Y="170.0" />
  <Point X="115.0" Y="171.0" />
  <Point X="116.0" Y="171.0" />
  <Point X="116.0" Y="172.0" />
  <Point X="116.10512250657813" Y="172.0" />
  <Point X="117.0" Y="172.0" />
  <Point X="118.0" Y="172.0" />
  <Point X="119.0" Y="173.0" />
  <Point X="120.0" Y="173.0" />
  <Point X="121.0" Y="173.0" />
  <Point X="121.34043998004117" Y="173.0" />
  <Point X="122.0" Y="173.0" />
  <Point X="122.0" Y="174.0" />
  <Point X="123.0" Y="175.0" />
  <Point X="124.0" Y="175.0" />
  <Point X="125.0" Y="175.0" />
  <Point X="125.40712199969153" Y="175.40712199969153" />
  <Point X="126.0" Y="176.0" />
  <Point X="127.0" Y="176.0" />
  <Point X="128.0" Y="176.0" />
  <Point X="129.0" Y="176.0" />
  <Point X="130.0" Y="177.0" />
  <Point X="130.39686136459417" Y="177.0" />
  <Point X="131.0" Y="177.0" />
  <Point X="132.0" Y="177.0" />
  <Point X="132.0" Y="178.0" />
  <Point X="133.0" Y="178.0" />
  <Point X="134.0" Y="178.0" />
  <Point X="134.73991116212633" Y="178.73991116212633" />
  <Point X="135.0" Y="179.0" />
  <Point X="136.0" Y="179.0" />
  <Point X="137.0" Y="179.0" />
  <Point X="138.0" Y="179.0" />
  <Point X="139.0" Y="179.0" />
  <Point X="140.0" Y="179.0" />
  <Point X="140.28170987389333" Y="179.0" />
  <Point X="141.0" Y="179.0" />
  <Point X="142.0" Y="180.0" />
  <Point X="143.0" Y="180.0" />
  <Point X="144.0" Y="180.0" />
  <Point X="145.0" Y="180.0" />
  <Point X="145.5170273473564" Y="180.0" />
  <Point X="146.0" Y="180.0" />
  <Point X="146.0" Y="181.0" />
  <Point X="147.0" Y="181.0" />
  <Point X="148.0" Y="181.0" />
  <Point X="149.0" Y="181.0" />
  <Point X="150.0" Y="181.0" />
  <Point X="150.16655838319252" Y="181.0" />
  <Point X="151.0" Y="181.0" />
  <Point X="152.0" Y="181.0" />
  <Point X="153.0" Y="181.0" />
  <Point X="154.0" Y="181.0" />
  <Point X="155.0" Y="181.0" />
  <Point X="155.81608941902866" Y="181.0" />
  <Point X="156.0" Y="181.0" />
  <Point X="157.0" Y="181.0" />
  <Point X="158.0" Y="181.0" />
  <Point X="159.0" Y="181.0" />
  <Point X="160.0" Y="181.0" />
  <Point X="161.0" Y="181.0" />
  <Point X="161.4656204548648" Y="181.0" />
  <Point X="162.0" Y="181.0" />
  <Point X="162.0" Y="180.0" />
  <Point X="163.0" Y="180.0" />
  <Point X="164.0" Y="180.0" />
  <Point X="164.0" Y="179.0" />
  <Point X="165.0" Y="179.0" />
  <Point X="165.11515149070092" Y="179.0" />
  <Point X="166.0" Y="179.0" />
  <Point X="167.0" Y="179.0" />
  <Point X="168.0" Y="179.0" />
  <Point X="168.0" Y="178.0" />
  <Point X="169.0" Y="177.0" />
  <Point X="169.35046896416398" Y="177.0" />
  <Point X="170.0" Y="177.0" />
  <Point X="170.0" Y="176.0" />
  <Point X="171.0" Y="176.0" />
  <Point X="171.0" Y="175.0" />
  <Point X="171.0" Y="174.0" />
  <Point X="171.0" Y="173.0" />
</Project_1_Part_4>
