<?xml version="1.0" encoding="utf-8" standalone="yes"?>
<Gesture Name="pigtail6" Subject="2" Number="2" NumPts="401">
  <Point X="56.0" Y="169.0" />
  <Point X="57.0" Y="169.0" />
  <Point X="58.0" Y="169.0" />
  <Point X="59.0" Y="169.0" />
  <Point X="60.0" Y="169.0" />
  <Point X="60.0" Y="168.0" />
  <Point X="61.0" Y="168.0" />
  <Point X="61.07874284775328" Y="167.9212571522467" />
  <Point X="62.0" Y="167.0" />
  <Point X="63.0" Y="167.0" />
  <Point X="63.0" Y="166.0" />
  <Point X="64.0" Y="166.0" />
  <Point X="65.0" Y="165.0" />
  <Point X="65.39429128171896" Y="165.0" />
  <Point X="66.0" Y="165.0" />
  <Point X="67.0" Y="164.0" />
  <Point X="68.0" Y="164.0" />
  <Point X="68.0" Y="163.0" />
  <Point X="69.0" Y="162.0" />
  <Point X="69.67722336020535" Y="162.0" />
  <Point X="70.0" Y="162.0" />
  <Point X="71.0" Y="162.0" />
  <Point X="72.0" Y="161.0" />
  <Point X="74.0" Y="161.0" />
  <Point X="74.0" Y="160.0" />
  <Point X="74.37436900106482" Y="160.0" />
  <Point X="75.0" Y="160.0" />
  <Point X="77.0" Y="159.0" />
  <Point X="77.0" Y="158.0" />
  <Point X="78.0" Y="158.0" />
  <Point X="79.0" Y="158.0" />
  <Point X="79.17653643936116" Y="157.82346356063886" />
  <Point X="80.0" Y="157.0" />
  <Point X="81.0" Y="157.0" />
  <Point X="82.0" Y="156.0" />
  <Point X="83.0" Y="155.0" />
  <Point X="84.0003083574958" Y="154.4998458212521" />
  <Point X="85.0" Y="154.0" />
  <Point X="86.0" Y="154.0" />
  <Point X="87.0" Y="154.0" />
  <Point X="88.0" Y="153.0" />
  <Point X="89.0" Y="152.0" />
  <Point X="89.16524284389747" Y="152.0" />
  <Point X="90.0" Y="152.0" />
  <Point X="91.0" Y="150.0" />
  <Point X="92.0" Y="150.0" />
  <Point X="93.0" Y="150.0" />
  <Point X="93.73576869669118" Y="149.2642313033088" />
  <Point X="94.0" Y="149.0" />
  <Point X="95.0" Y="149.0" />
  <Point X="96.0" Y="148.0" />
  <Point X="97.0" Y="148.0" />
  <Point X="98.0" Y="147.0" />
  <Point X="98.813260236176" Y="146.593369881912" />
  <Point X="100.0" Y="146.0" />
  <Point X="101.0" Y="145.0" />
  <Point X="102.0" Y="144.0" />
  <Point X="103.74960395338009" Y="143.12519802330996" />
  <Point X="104.0" Y="143.0" />
  <Point X="105.0" Y="142.0" />
  <Point X="106.0" Y="142.0" />
  <Point X="107.0" Y="141.0" />
  <Point X="108.79152047958426" Y="140.10423976020786" />
  <Point X="109.0" Y="140.0" />
  <Point X="110.0" Y="139.0" />
  <Point X="112.0" Y="139.0" />
  <Point X="112.0" Y="138.0" />
  <Point X="113.0" Y="137.0" />
  <Point X="113.0352456588096" Y="136.9647543411904" />
  <Point X="114.0" Y="136.0" />
  <Point X="116.0" Y="135.0" />
  <Point X="116.0" Y="134.0" />
  <Point X="117.510922552063" Y="134.0" />
  <Point X="118.0" Y="134.0" />
  <Point X="118.0" Y="133.0" />
  <Point X="120.0" Y="132.0" />
  <Point X="120.0" Y="131.0" />
  <Point X="121.38621377779577" Y="131.0" />
  <Point X="122.0" Y="131.0" />
  <Point X="122.0" Y="129.0" />
  <Point X="123.0" Y="129.0" />
  <Point X="124.0" Y="128.0" />
  <Point X="125.0" Y="128.0" />
  <Point X="125.0372794653356" Y="127.9254410693288" />
  <Point X="126.0" Y="126.0" />
  <Point X="128.0" Y="124.0" />
  <Point X="129.0109026478753" Y="123.49454867606235" />
  <Point X="130.0" Y="123.0" />
  <Point X="130.0" Y="122.0" />
  <Point X="132.0" Y="121.0" />
  <Point X="133.0" Y="120.0" />
  <Point X="133.0" Y="119.64476679449825" />
  <Point X="133.0" Y="119.0" />
  <Point X="135.0" Y="118.0" />
  <Point X="135.0" Y="117.0" />
  <Point X="136.99504170148577" Y="116.00247914925711" />
  <Point X="137.0" Y="116.0" />
  <Point X="137.0" Y="115.0" />
  <Point X="138.0" Y="114.0" />
  <Point X="139.0" Y="113.0" />
  <Point X="140.0" Y="113.0" />
  <Point X="140.0" Y="111.72261146777889" />
  <Point X="140.0" Y="111.0" />
  <Point X="142.0" Y="111.0" />
  <Point X="142.0" Y="110.0" />
  <Point X="143.0" Y="110.0" />
  <Point X="143.0" Y="109.0" />
  <Point X="143.2748861599102" Y="108.72511384008979" />
  <Point X="144.0" Y="108.0" />
  <Point X="145.0" Y="107.0" />
  <Point X="146.0" Y="106.0" />
  <Point X="147.0" Y="104.0" />
  <Point X="147.0" Y="103.97860172593283" />
  <Point X="147.0" Y="103.0" />
  <Point X="148.0" Y="102.0" />
  <Point X="149.0" Y="101.0" />
  <Point X="149.0" Y="100.0" />
  <Point X="150.0" Y="100.0" />
  <Point X="150.0" Y="99.69566964744645" />
  <Point X="150.0" Y="98.0" />
  <Point X="151.0" Y="98.0" />
  <Point X="151.0" Y="97.0" />
  <Point X="151.0" Y="96.0" />
  <Point X="152.0" Y="96.0" />
  <Point X="152.0" Y="95.58431044421388" />
  <Point X="152.0" Y="95.0" />
  <Point X="152.0" Y="94.0" />
  <Point X="153.0" Y="93.0" />
  <Point X="153.0" Y="92.0" />
  <Point X="153.0" Y="91.0" />
  <Point X="153.0" Y="90.0" />
  <Point X="153.1128351966456" Y="90.0" />
  <Point X="154.0" Y="90.0" />
  <Point X="154.0" Y="89.0" />
  <Point X="154.0" Y="88.0" />
  <Point X="154.0" Y="87.0" />
  <Point X="155.0" Y="87.0" />
  <Point X="155.0" Y="86.0" />
  <Point X="155.0" Y="85.77580560012184" />
  <Point X="155.0" Y="85.0" />
  <Point X="155.0" Y="84.0" />
  <Point X="156.0" Y="84.0" />
  <Point X="156.0" Y="83.0" />
  <Point X="156.0" Y="82.0" />
  <Point X="156.0" Y="81.0" />
  <Point X="156.0" Y="80.66444639688928" />
  <Point X="156.0" Y="80.0" />
  <Point X="156.0" Y="79.0" />
  <Point X="156.0" Y="78.0" />
  <Point X="156.0" Y="77.0" />
  <Point X="156.0" Y="76.0" />
  <Point X="156.0" Y="75.0" />
  <Point X="156.0" Y="74.55308719365671" />
  <Point X="156.0" Y="74.0" />
  <Point X="156.0" Y="73.0" />
  <Point X="155.0" Y="72.0" />
  <Point X="155.0" Y="71.0" />
  <Point X="154.0" Y="71.0" />
  <Point X="153.19102851390917" Y="70.19102851390917" />
  <Point X="153.0" Y="70.0" />
  <Point X="152.0" Y="70.0" />
  <Point X="151.0" Y="70.0" />
  <Point X="150.0" Y="70.0" />
  <Point X="149.0" Y="70.0" />
  <Point X="148.0" Y="70.0" />
  <Point X="147.15879591193777" Y="70.0" />
  <Point X="147.0" Y="70.0" />
  <Point X="147.0" Y="69.0" />
  <Point X="146.0" Y="69.0" />
  <Point X="145.0" Y="69.0" />
  <Point X="144.0" Y="69.0" />
  <Point X="143.0" Y="69.0" />
  <Point X="143.0" Y="68.0474367087052" />
  <Point X="143.0" Y="68.0" />
  <Point X="142.0" Y="68.0" />
  <Point X="141.0" Y="68.0" />
  <Point X="140.0" Y="68.0" />
  <Point X="139.0" Y="68.0" />
  <Point X="138.0" Y="68.0" />
  <Point X="137.0" Y="68.0" />
  <Point X="136.93607750547264" Y="68.0" />
  <Point X="136.0" Y="68.0" />
  <Point X="135.0" Y="68.0" />
  <Point X="134.0" Y="68.0" />
  <Point X="133.0" Y="68.0" />
  <Point X="132.0" Y="68.0" />
  <Point X="131.0" Y="68.0" />
  <Point X="130.82471830224006" Y="68.0" />
  <Point X="130.0" Y="68.0" />
  <Point X="129.0" Y="68.0" />
  <Point X="128.0" Y="68.0" />
  <Point X="127.0" Y="68.0" />
  <Point X="126.0" Y="68.0" />
  <Point X="125.0" Y="68.0" />
  <Point X="124.71335909900749" Y="68.0" />
  <Point X="124.0" Y="68.0" />
  <Point X="123.0" Y="68.0" />
  <Point X="122.0" Y="68.0" />
  <Point X="122.0" Y="69.0" />
  <Point X="121.0" Y="69.0" />
  <Point X="120.0" Y="69.0" />
  <Point X="119.60199989577492" Y="69.0" />
  <Point X="119.0" Y="69.0" />
  <Point X="118.0" Y="70.0" />
  <Point X="117.0" Y="71.0" />
  <Point X="116.0" Y="71.0" />
  <Point X="115.0" Y="72.0" />
  <Point X="115.0" Y="72.26671862033837" />
  <Point X="115.0" Y="73.0" />
  <Point X="114.0" Y="73.0" />
  <Point X="113.0" Y="73.0" />
  <Point X="113.0" Y="74.0" />
  <Point X="113.0" Y="75.0" />
  <Point X="112.0" Y="75.0" />
  <Point X="111.73265860713674" Y="75.26734139286326" />
  <Point X="111.0" Y="76.0" />
  <Point X="111.0" Y="77.0" />
  <Point X="110.0" Y="78.0" />
  <Point X="109.0" Y="79.0" />
  <Point X="109.0" Y="80.0" />
  <Point X="108.75320366031578" Y="80.0" />
  <Point X="108.0" Y="80.0" />
  <Point X="108.0" Y="81.0" />
  <Point X="108.0" Y="82.0" />
  <Point X="108.0" Y="83.0" />
  <Point X="107.0" Y="84.0" />
  <Point X="107.0" Y="84.9439419805437" />
  <Point X="107.0" Y="85.0" />
  <Point X="107.0" Y="86.0" />
  <Point X="106.0" Y="86.0" />
  <Point X="106.0" Y="87.0" />
  <Point X="105.0" Y="88.0" />
  <Point X="105.0" Y="89.0" />
  <Point X="105.0" Y="89.64108762140317" />
  <Point X="105.0" Y="90.0" />
  <Point X="105.0" Y="91.0" />
  <Point X="104.0" Y="92.0" />
  <Point X="104.0" Y="93.0" />
  <Point X="104.0" Y="94.0" />
  <Point X="104.0" Y="95.0" />
  <Point X="104.0" Y="95.33823326226265" />
  <Point X="104.0" Y="96.0" />
  <Point X="104.0" Y="97.0" />
  <Point X="104.0" Y="98.0" />
  <Point X="104.0" Y="99.0" />
  <Point X="104.0" Y="100.0" />
  <Point X="104.0" Y="101.0" />
  <Point X="104.0" Y="101.44959246549521" />
  <Point X="104.0" Y="102.0" />
  <Point X="104.0" Y="103.0" />
  <Point X="104.0" Y="104.0" />
  <Point X="104.0" Y="105.0" />
  <Point X="104.0" Y="106.0" />
  <Point X="104.0" Y="107.0" />
  <Point X="104.0" Y="107.56095166872778" />
  <Point X="104.0" Y="108.0" />
  <Point X="104.0" Y="109.0" />
  <Point X="104.0" Y="110.0" />
  <Point X="104.0" Y="111.0" />
  <Point X="104.0" Y="112.0" />
  <Point X="104.0" Y="113.0" />
  <Point X="104.0" Y="113.67231087196035" />
  <Point X="104.0" Y="114.0" />
  <Point X="104.0" Y="115.0" />
  <Point X="104.0" Y="116.0" />
  <Point X="104.0" Y="117.0" />
  <Point X="105.0" Y="118.0" />
  <Point X="105.0" Y="119.0" />
  <Point X="105.0" Y="119.36945651281982" />
  <Point X="105.0" Y="120.0" />
  <Point X="105.0" Y="121.0" />
  <Point X="106.0" Y="122.0" />
  <Point X="106.0" Y="123.0" />
  <Point X="106.0" Y="124.0" />
  <Point X="107.0" Y="124.0" />
  <Point X="107.0" Y="124.0666021536793" />
  <Point X="107.0" Y="125.0" />
  <Point X="107.0" Y="126.0" />
  <Point X="108.0" Y="126.0" />
  <Point X="108.0" Y="127.0" />
  <Point X="109.0" Y="127.0" />
  <Point X="109.0" Y="128.0" />
  <Point X="109.0" Y="128.17796135691188" />
  <Point X="109.0" Y="129.0" />
  <Point X="110.0" Y="129.0" />
  <Point X="110.0" Y="130.0" />
  <Point X="111.0" Y="130.0" />
  <Point X="111.0" Y="131.0" />
  <Point X="111.0" Y="132.0" />
  <Point X="111.28932056014445" Y="132.0" />
  <Point X="112.0" Y="132.0" />
  <Point X="113.0" Y="132.0" />
  <Point X="113.0" Y="133.0" />
  <Point X="113.0" Y="134.0" />
  <Point X="114.0" Y="134.0" />
  <Point X="115.0" Y="134.0" />
  <Point X="115.0" Y="134.400679763377" />
  <Point X="115.0" Y="135.0" />
  <Point X="115.0" Y="136.0" />
  <Point X="116.0" Y="136.0" />
  <Point X="116.0" Y="137.0" />
  <Point X="117.0" Y="137.0" />
  <Point X="118.0" Y="137.0" />
  <Point X="118.0" Y="137.5120389666096" />
  <Point X="118.0" Y="138.0" />
  <Point X="119.0" Y="138.0" />
  <Point X="120.0" Y="139.0" />
  <Point X="121.0" Y="140.0" />
  <Point X="122.0" Y="140.0" />
  <Point X="122.79497104509598" Y="140.0" />
  <Point X="123.0" Y="140.0" />
  <Point X="124.0" Y="140.0" />
  <Point X="125.0" Y="140.0" />
  <Point X="126.0" Y="140.0" />
  <Point X="126.0" Y="141.0" />
  <Point X="127.0" Y="141.0" />
  <Point X="127.90633024832854" Y="141.0" />
  <Point X="128.0" Y="141.0" />
  <Point X="129.0" Y="141.0" />
  <Point X="130.0" Y="141.0" />
  <Point X="131.0" Y="141.0" />
  <Point X="131.0" Y="142.0" />
  <Point X="132.0" Y="142.0" />
  <Point X="133.0" Y="142.0" />
  <Point X="133.01768945156113" Y="142.0" />
  <Point X="134.0" Y="142.0" />
  <Point X="135.0" Y="142.0" />
  <Point X="136.0" Y="142.0" />
  <Point X="136.0" Y="143.0" />
  <Point X="137.0" Y="143.0" />
  <Point X="137.79835796009417" Y="143.79835796009417" />
  <Point X="138.0" Y="144.0" />
  <Point X="139.0" Y="144.0" />
  <Point X="140.0" Y="144.0" />
  <Point X="141.0" Y="144.0" />
  <Point X="142.0" Y="144.0" />
  <Point X="143.0" Y="144.0" />
  <Point X="143.82619429565315" Y="144.0" />
  <Point X="144.0" Y="144.0" />
  <Point X="144.0" Y="145.0" />
  <Point X="145.0" Y="145.0" />
  <Point X="146.0" Y="145.0" />
  <Point X="147.0" Y="145.0" />
  <Point X="148.0" Y="145.0" />
  <Point X="148.93755349888573" Y="145.0" />
  <Point X="149.0" Y="145.0" />
  <Point X="150.0" Y="145.0" />
  <Point X="151.0" Y="145.0" />
  <Point X="152.0" Y="145.0" />
  <Point X="152.0" Y="146.0" />
  <Point X="153.0" Y="146.0" />
  <Point X="154.0" Y="146.0" />
  <Point X="154.04891270211832" Y="146.0" />
  <Point X="155.0" Y="146.0" />
  <Point X="155.0" Y="147.0" />
  <Point X="156.0" Y="147.0" />
  <Point X="156.0" Y="148.0" />
  <Point X="157.0" Y="148.0" />
  <Point X="158.0" Y="148.0" />
  <Point X="158.0" Y="148.1602719053509" />
  <Point X="158.0" Y="149.0" />
  <Point X="159.0" Y="149.0" />
  <Point X="160.0" Y="149.0" />
  <Point X="160.0" Y="150.0" />
  <Point X="161.0" Y="150.0" />
  <Point X="161.89917898004714" Y="150.89917898004714" />
  <Point X="162.0" Y="151.0" />
  <Point X="163.0" Y="151.0" />
  <Point X="163.0" Y="152.0" />
  <Point X="164.0" Y="152.0" />
  <Point X="164.0" Y="153.0" />
  <Point X="165.0" Y="153.0" />
  <Point X="165.96877674944295" Y="153.0" />
  <Point X="166.0" Y="153.0" />
  <Point X="166.0" Y="154.0" />
  <Point X="167.0" Y="154.0" />
  <Point X="168.0" Y="154.0" />
  <Point X="168.0" Y="155.0" />
  <Point X="169.0" Y="156.0" />
  <Point X="169.66592239030243" Y="156.0" />
  <Point X="170.0" Y="156.0" />
  <Point X="171.0" Y="156.0" />
  <Point X="171.0" Y="157.0" />
  <Point X="172.0" Y="157.0" />
  <Point X="172.0" Y="158.0" />
  <Point X="173.0" Y="158.0" />
  <Point X="173.0" Y="158.777281593535" />
  <Point X="173.0" Y="159.0" />
  <Point X="174.0" Y="159.0" />
  <Point X="175.0" Y="159.0" />
  <Point X="175.0" Y="160.0" />
  <Point X="176.0" Y="160.0" />
  <Point X="176.0" Y="161.0" />
  <Point X="176.8886407967676" Y="161.0" />
  <Point X="177.0" Y="161.0" />
  <Point X="177.0" Y="160.0" />
  <Point X="177.0" Y="159.0" />
  <Point X="177.0" Y="158.0" />
  <Point X="177.0" Y="157.0" />
  <Point X="177.0" Y="156.0" />
  <Point X="177.0" Y="155.0" />
</Project_1_Part_4>
