<?xml version="1.0" encoding="utf-8" standalone="yes"?>
<Gesture Name="pigtail2" Subject="2" Number="2" NumPts="367">
  <Point X="204.0" Y="20.0" />
  <Point X="197.5510122408644" Y="25.870232447418317" />
  <Point X="191.1020244817288" Y="31.740464894836634" />
  <Point X="184.65303672259319" Y="37.61069734225495" />
  <Point X="178.20404896345758" Y="43.48092978967327" />
  <Point X="171.75506120432198" Y="49.351162237091586" />
  <Point X="165.30607344518634" Y="55.2213946845099" />
  <Point X="158.8570856860507" Y="61.09162713192822" />
  <Point X="152.4080979269151" Y="66.96185957934654" />
  <Point X="145.9591101677795" Y="72.83209202676485" />
  <Point X="139.51012240864387" Y="78.70232447418317" />
  <Point X="133.06113464950823" Y="84.57255692160149" />
  <Point X="126.61214689037261" Y="90.4427893690198" />
  <Point X="120.163159131237" Y="96.31302181643812" />
  <Point X="113.71417137210138" Y="102.18325426385644" />
  <Point X="107.26518361296576" Y="108.05348671127476" />
  <Point X="100.81619585383014" Y="113.92371915869307" />
  <Point X="94.36720809469452" Y="119.79395160611139" />
  <Point X="87.9182203355589" Y="125.66418405352971" />
  <Point X="81.46923257642328" Y="131.53441650094803" />
  <Point X="75.02024481728766" Y="137.40464894836634" />
  <Point X="68.57125705815204" Y="143.27488139578466" />
  <Point X="62.12226929901642" Y="149.14511384320298" />
  <Point X="55.67328153988081" Y="155.0153462906213" />
  <Point X="49.2242937807452" Y="160.8855787380396" />
  <Point X="48.0" Y="162.0" />
  <Point X="49.0" Y="162.0" />
  <Point X="50.0" Y="162.0" />
  <Point X="51.0" Y="162.0" />
  <Point X="52.0" Y="161.0" />
  <Point X="53.0" Y="161.0" />
  <Point X="54.0" Y="161.0" />
  <Point X="54.65085311810175" Y="161.0" />
  <Point X="55.0" Y="161.0" />
  <Point X="55.0" Y="160.0" />
  <Point X="56.0" Y="160.0" />
  <Point X="57.0" Y="160.0" />
  <Point X="58.0" Y="160.0" />
  <Point X="60.0" Y="159.0" />
  <Point X="61.0" Y="158.0" />
  <Point X="61.72118348933946" Y="158.0" />
  <Point X="62.0" Y="158.0" />
  <Point X="64.0" Y="158.0" />
  <Point X="65.0" Y="157.0" />
  <Point X="67.0" Y="157.0" />
  <Point X="67.0" Y="156.0" />
  <Point X="68.0" Y="156.0" />
  <Point X="69.02758183807696" Y="156.0" />
  <Point X="70.0" Y="156.0" />
  <Point X="70.0" Y="155.0" />
  <Point X="72.0" Y="155.0" />
  <Point X="73.0" Y="155.0" />
  <Point X="75.0" Y="155.0" />
  <Point X="76.0" Y="154.0" />
  <Point X="76.33398018681444" Y="154.0" />
  <Point X="77.0" Y="154.0" />
  <Point X="78.0" Y="153.0" />
  <Point X="79.0" Y="153.0" />
  <Point X="81.0" Y="153.0" />
  <Point X="82.0" Y="152.0" />
  <Point X="83.0" Y="152.0" />
  <Point X="84.09671529266284" Y="151.45164235366857" />
  <Point X="85.0" Y="151.0" />
  <Point X="87.0" Y="151.0" />
  <Point X="88.0" Y="150.0" />
  <Point X="90.0" Y="150.0" />
  <Point X="91.0" Y="149.0" />
  <Point X="91.88228178204345" Y="149.0" />
  <Point X="92.0" Y="149.0" />
  <Point X="93.0" Y="149.0" />
  <Point X="95.0" Y="149.0" />
  <Point X="96.0" Y="148.0" />
  <Point X="97.0" Y="148.0" />
  <Point X="98.0" Y="148.0" />
  <Point X="99.0" Y="147.0" />
  <Point X="99.77446656840785" Y="147.0" />
  <Point X="101.0" Y="147.0" />
  <Point X="103.0" Y="146.0" />
  <Point X="104.0" Y="146.0" />
  <Point X="106.0" Y="146.0" />
  <Point X="107.0" Y="145.0" />
  <Point X="107.84479693964555" Y="145.0" />
  <Point X="108.0" Y="145.0" />
  <Point X="109.0" Y="145.0" />
  <Point X="110.0" Y="145.0" />
  <Point X="112.0" Y="145.0" />
  <Point X="112.0" Y="144.0" />
  <Point X="113.0" Y="144.0" />
  <Point X="114.0" Y="143.0" />
  <Point X="115.0" Y="143.0" />
  <Point X="115.15119528838304" Y="143.0" />
  <Point X="117.0" Y="143.0" />
  <Point X="117.0" Y="141.0" />
  <Point X="119.0" Y="141.0" />
  <Point X="120.0" Y="141.0" />
  <Point X="121.0" Y="141.0" />
  <Point X="121.87180719949363" Y="141.0" />
  <Point X="122.0" Y="141.0" />
  <Point X="122.0" Y="140.0" />
  <Point X="123.0" Y="140.0" />
  <Point X="124.0" Y="140.0" />
  <Point X="125.0" Y="139.0" />
  <Point X="126.0" Y="139.0" />
  <Point X="126.0" Y="138.0" />
  <Point X="127.0" Y="138.0" />
  <Point X="127.83311713278584" Y="137.16688286721416" />
  <Point X="128.0" Y="137.0" />
  <Point X="129.0" Y="137.0" />
  <Point X="130.0" Y="136.0" />
  <Point X="131.0" Y="136.0" />
  <Point X="131.0" Y="135.0" />
  <Point X="132.0" Y="135.0" />
  <Point X="132.0" Y="134.0" />
  <Point X="133.0" Y="134.0" />
  <Point X="133.75688026410904" Y="133.24311973589096" />
  <Point X="134.0" Y="133.0" />
  <Point X="135.0" Y="132.0" />
  <Point X="136.0" Y="132.0" />
  <Point X="136.0" Y="131.0" />
  <Point X="136.0" Y="130.0" />
  <Point X="137.0" Y="130.0" />
  <Point X="138.0" Y="129.0" />
  <Point X="138.0" Y="128.0" />
  <Point X="138.54836155858683" Y="128.0" />
  <Point X="139.0" Y="128.0" />
  <Point X="139.0" Y="127.0" />
  <Point X="140.0" Y="127.0" />
  <Point X="140.0" Y="126.0" />
  <Point X="140.0" Y="125.0" />
  <Point X="141.0" Y="124.0" />
  <Point X="141.0" Y="123.0" />
  <Point X="142.0" Y="123.0" />
  <Point X="142.6044065267554" Y="122.39559347324459" />
  <Point X="143.0" Y="122.0" />
  <Point X="143.0" Y="121.0" />
  <Point X="143.0" Y="120.0" />
  <Point X="144.0" Y="120.0" />
  <Point X="144.0" Y="119.0" />
  <Point X="144.0" Y="118.0" />
  <Point X="144.0" Y="117.0" />
  <Point X="145.0" Y="117.0" />
  <Point X="145.0" Y="116.0" />
  <Point X="145.1611582560618" Y="116.0" />
  <Point X="146.0" Y="116.0" />
  <Point X="146.0" Y="115.0" />
  <Point X="147.0" Y="115.0" />
  <Point X="147.0" Y="114.0" />
  <Point X="147.0" Y="113.0" />
  <Point X="147.0" Y="112.0" />
  <Point X="148.0" Y="112.0" />
  <Point X="148.0" Y="111.0" />
  <Point X="148.0" Y="110.1182298328276" />
  <Point X="148.0" Y="110.0" />
  <Point X="148.0" Y="109.0" />
  <Point X="149.0" Y="108.0" />
  <Point X="149.0" Y="107.0" />
  <Point X="150.0" Y="106.0" />
  <Point X="150.0" Y="105.0" />
  <Point X="151.0" Y="104.0" />
  <Point X="151.0" Y="103.0" />
  <Point X="151.0" Y="102.64025860883629" />
  <Point X="151.0" Y="102.0" />
  <Point X="151.0" Y="101.0" />
  <Point X="151.0" Y="100.0" />
  <Point X="151.0" Y="99.0" />
  <Point X="151.0" Y="98.0" />
  <Point X="151.0" Y="97.0" />
  <Point X="151.0" Y="96.0" />
  <Point X="151.0" Y="95.0" />
  <Point X="151.0" Y="94.0" />
  <Point X="150.9196466977257" Y="94.0" />
  <Point X="150.0" Y="94.0" />
  <Point X="149.0" Y="94.0" />
  <Point X="149.0" Y="93.0" />
  <Point X="149.0" Y="92.0" />
  <Point X="148.0" Y="92.0" />
  <Point X="147.0" Y="92.0" />
  <Point X="146.0" Y="92.0" />
  <Point X="146.0" Y="91.0" />
  <Point X="145.19903478661513" Y="91.0" />
  <Point X="145.0" Y="91.0" />
  <Point X="144.0" Y="91.0" />
  <Point X="143.0" Y="91.0" />
  <Point X="142.0" Y="91.0" />
  <Point X="141.0" Y="91.0" />
  <Point X="140.0" Y="91.0" />
  <Point X="139.0" Y="91.0" />
  <Point X="138.0" Y="91.0" />
  <Point X="137.0" Y="91.0" />
  <Point X="136.47842287550455" Y="91.0" />
  <Point X="136.0" Y="91.0" />
  <Point X="135.0" Y="91.0" />
  <Point X="134.0" Y="91.0" />
  <Point X="133.0" Y="91.0" />
  <Point X="132.0" Y="91.0" />
  <Point X="131.0" Y="91.0" />
  <Point X="130.0" Y="91.0" />
  <Point X="129.0" Y="91.0" />
  <Point X="128.0" Y="91.0" />
  <Point X="127.75781096439395" Y="91.0" />
  <Point X="127.0" Y="91.0" />
  <Point X="126.0" Y="91.0" />
  <Point X="125.0" Y="92.0" />
  <Point X="124.0" Y="92.0" />
  <Point X="123.0" Y="93.0" />
  <Point X="122.0" Y="93.0" />
  <Point X="122.0" Y="94.0" />
  <Point X="121.0" Y="94.0" />
  <Point X="120.86562617802956" Y="94.0" />
  <Point X="120.0" Y="94.0" />
  <Point X="119.0" Y="94.0" />
  <Point X="119.0" Y="95.0" />
  <Point X="118.0" Y="95.0" />
  <Point X="117.0" Y="95.0" />
  <Point X="117.0" Y="96.0" />
  <Point X="116.0" Y="97.0" />
  <Point X="115.0" Y="98.0" />
  <Point X="114.98122022794756" Y="98.01877977205244" />
  <Point X="114.0" Y="99.0" />
  <Point X="113.0" Y="100.0" />
  <Point X="113.0" Y="101.0" />
  <Point X="112.0" Y="102.0" />
  <Point X="112.0" Y="103.0" />
  <Point X="112.0" Y="104.0" />
  <Point X="111.0" Y="104.0" />
  <Point X="111.0" Y="104.50452983232614" />
  <Point X="111.0" Y="105.0" />
  <Point X="111.0" Y="106.0" />
  <Point X="111.0" Y="107.0" />
  <Point X="110.0" Y="107.0" />
  <Point X="110.0" Y="108.0" />
  <Point X="110.0" Y="109.0" />
  <Point X="110.0" Y="110.0" />
  <Point X="110.0" Y="111.0" />
  <Point X="110.0" Y="112.0" />
  <Point X="110.0" Y="112.22514174343674" />
  <Point X="110.0" Y="113.0" />
  <Point X="110.0" Y="114.0" />
  <Point X="110.0" Y="115.0" />
  <Point X="110.0" Y="116.0" />
  <Point X="110.0" Y="117.0" />
  <Point X="110.0" Y="118.0" />
  <Point X="110.0" Y="119.0" />
  <Point X="110.0" Y="120.0" />
  <Point X="110.0" Y="120.94575365454733" />
  <Point X="110.0" Y="121.0" />
  <Point X="110.0" Y="122.0" />
  <Point X="110.0" Y="123.0" />
  <Point X="110.0" Y="124.0" />
  <Point X="110.0" Y="125.0" />
  <Point X="110.0" Y="126.0" />
  <Point X="110.0" Y="127.0" />
  <Point X="110.0" Y="128.0" />
  <Point X="111.0" Y="128.0" />
  <Point X="111.0" Y="128.6663655656579" />
  <Point X="111.0" Y="129.0" />
  <Point X="111.0" Y="130.0" />
  <Point X="111.0" Y="131.0" />
  <Point X="112.0" Y="131.0" />
  <Point X="112.0" Y="133.0" />
  <Point X="112.0" Y="134.0" />
  <Point X="113.0" Y="135.0" />
  <Point X="113.0" Y="135.97276391439541" />
  <Point X="113.0" Y="136.0" />
  <Point X="114.0" Y="136.0" />
  <Point X="114.0" Y="137.0" />
  <Point X="114.0" Y="138.0" />
  <Point X="115.0" Y="139.0" />
  <Point X="115.0" Y="140.0" />
  <Point X="115.0" Y="141.0" />
  <Point X="116.0" Y="141.0" />
  <Point X="116.0" Y="142.0" />
  <Point X="116.0" Y="142.27916226313292" />
  <Point X="116.0" Y="143.0" />
  <Point X="117.0" Y="143.0" />
  <Point X="117.0" Y="144.0" />
  <Point X="117.0" Y="145.0" />
  <Point X="118.0" Y="146.0" />
  <Point X="118.0" Y="147.0" />
  <Point X="119.0" Y="147.0" />
  <Point X="119.0" Y="148.0" />
  <Point X="119.0" Y="148.58556061187042" />
  <Point X="119.0" Y="149.0" />
  <Point X="120.0" Y="149.0" />
  <Point X="120.0" Y="150.0" />
  <Point X="120.0" Y="151.0" />
  <Point X="121.0" Y="151.0" />
  <Point X="122.0" Y="152.0" />
  <Point X="122.0" Y="153.0" />
  <Point X="122.0" Y="154.0" />
  <Point X="122.89195896060792" Y="154.0" />
  <Point X="123.0" Y="154.0" />
  <Point X="123.0" Y="155.0" />
  <Point X="124.0" Y="156.0" />
  <Point X="124.0" Y="157.0" />
  <Point X="124.0" Y="158.0" />
  <Point X="125.0" Y="158.0" />
  <Point X="126.0" Y="158.0" />
  <Point X="126.0" Y="159.0" />
  <Point X="127.0" Y="159.0" />
  <Point X="127.0" Y="159.19835730934543" />
  <Point X="127.0" Y="160.0" />
  <Point X="128.0" Y="161.0" />
  <Point X="128.0" Y="162.0" />
  <Point X="129.0" Y="162.0" />
  <Point X="130.0" Y="162.0" />
  <Point X="130.0" Y="163.0" />
  <Point X="131.0" Y="163.0" />
  <Point X="131.0" Y="164.0" />
  <Point X="131.50475565808293" Y="164.0" />
  <Point X="132.0" Y="164.0" />
  <Point X="133.0" Y="165.0" />
  <Point X="134.0" Y="165.0" />
  <Point X="134.0" Y="166.0" />
  <Point X="135.0" Y="166.0" />
  <Point X="136.0" Y="166.0" />
  <Point X="136.0" Y="167.0" />
  <Point X="137.0" Y="167.0" />
  <Point X="137.81115400682043" Y="167.0" />
  <Point X="138.0" Y="167.0" />
  <Point X="139.0" Y="167.0" />
  <Point X="139.0" Y="168.0" />
  <Point X="140.0" Y="168.0" />
  <Point X="141.0" Y="168.0" />
  <Point X="142.0" Y="168.0" />
  <Point X="143.0" Y="168.0" />
  <Point X="144.0" Y="168.0" />
  <Point X="144.0" Y="169.0" />
  <Point X="144.531765917931" Y="169.0" />
  <Point X="145.0" Y="169.0" />
  <Point X="146.0" Y="169.0" />
  <Point X="147.0" Y="169.0" />
  <Point X="148.0" Y="170.0" />
  <Point X="149.0" Y="170.0" />
  <Point X="150.0" Y="170.0" />
  <Point X="151.0" Y="170.0" />
  <Point X="152.0" Y="170.0" />
  <Point X="152.8381642666685" Y="170.0" />
  <Point X="153.0" Y="170.0" />
  <Point X="154.0" Y="170.0" />
  <Point X="155.0" Y="170.0" />
  <Point X="156.0" Y="170.0" />
  <Point X="157.0" Y="170.0" />
  <Point X="158.0" Y="170.0" />
  <Point X="159.0" Y="170.0" />
  <Point X="160.0" Y="170.0" />
  <Point X="161.0" Y="170.0" />
  <Point X="161.5587761777791" Y="170.0" />
  <Point X="162.0" Y="170.0" />
  <Point X="163.0" Y="170.0" />
  <Point X="164.0" Y="170.0" />
  <Point X="164.0" Y="169.0" />
  <Point X="164.0" Y="168.0" />
  <Point X="165.0" Y="168.0" />
  <Point X="165.0" Y="167.0" />
  <Point X="166.0" Y="167.0" />
  <Point X="166.0" Y="166.0" />
  <Point X="166.27938808888968" Y="166.0" />
  <Point X="167.0" Y="166.0" />
  <Point X="167.0" Y="165.0" />
  <Point X="167.0" Y="164.0" />
  <Point X="167.0" Y="163.0" />
  <Point X="167.0" Y="162.0" />
  <Point X="167.0" Y="161.0" />
  <Point X="167.0" Y="160.0" />
  <Point X="166.0" Y="160.0" />
  <Point X="166.0" Y="159.0" />
</Project_1_Part_4>
