<?xml version="1.0" encoding="utf-8" standalone="yes"?>
<Gesture Name="rectangle3" Subject="2" Number="2" NumPts="377">
  <Point X="208.0" Y="19.0" />
  <Point X="208.0" Y="20.0" />
  <Point X="208.0" Y="21.0" />
  <Point X="208.0" Y="22.0" />
  <Point X="203.78812867071764" Y="24.438451822216106" />
  <Point X="196.9799784849919" Y="28.380012456057326" />
  <Point X="190.17182829926617" Y="32.32157308989854" />
  <Point X="183.36367811354043" Y="36.26313372373976" />
  <Point X="176.5555279278147" Y="40.20469435758098" />
  <Point X="169.74737774208896" Y="44.146254991422204" />
  <Point X="162.93922755636322" Y="48.087815625263424" />
  <Point X="156.13107737063748" Y="52.029376259104644" />
  <Point X="149.32292718491175" Y="55.970936892945865" />
  <Point X="142.514776999186" Y="59.912497526787085" />
  <Point X="135.70662681346028" Y="63.8540581606283" />
  <Point X="128.89847662773454" Y="67.79561879446952" />
  <Point X="122.09032644200879" Y="71.73717942831074" />
  <Point X="115.28217625628304" Y="75.67874006215196" />
  <Point X="108.47402607055729" Y="79.62030069599318" />
  <Point X="101.66587588483154" Y="83.5618613298344" />
  <Point X="94.85772569910579" Y="87.50342196367562" />
  <Point X="88.04957551338003" Y="91.44498259751684" />
  <Point X="81.24142532765428" Y="95.38654323135805" />
  <Point X="75.0" Y="99.0" />
  <Point X="75.0" Y="99.65485052578036" />
  <Point X="75.0" Y="100.0" />
  <Point X="75.0" Y="101.0" />
  <Point X="75.0" Y="102.0" />
  <Point X="75.0" Y="103.0" />
  <Point X="75.0" Y="104.0" />
  <Point X="75.0" Y="105.0" />
  <Point X="75.0" Y="106.0" />
  <Point X="75.0" Y="107.0" />
  <Point X="75.0" Y="107.52166749210443" />
  <Point X="75.0" Y="108.0" />
  <Point X="75.0" Y="109.0" />
  <Point X="75.0" Y="110.0" />
  <Point X="75.0" Y="111.0" />
  <Point X="75.0" Y="112.0" />
  <Point X="75.0" Y="113.0" />
  <Point X="75.0" Y="114.0" />
  <Point X="75.0" Y="115.0" />
  <Point X="75.0" Y="115.3884844584285" />
  <Point X="75.0" Y="116.0" />
  <Point X="75.0" Y="117.0" />
  <Point X="75.0" Y="118.0" />
  <Point X="75.0" Y="119.0" />
  <Point X="75.0" Y="120.0" />
  <Point X="75.0" Y="121.0" />
  <Point X="75.0" Y="122.0" />
  <Point X="75.0" Y="123.0" />
  <Point X="75.0" Y="123.25530142475256" />
  <Point X="75.0" Y="124.0" />
  <Point X="75.0" Y="125.0" />
  <Point X="75.0" Y="126.0" />
  <Point X="75.0" Y="128.0" />
  <Point X="75.0" Y="129.0" />
  <Point X="75.0" Y="130.0" />
  <Point X="75.79345752362443" Y="130.79345752362443" />
  <Point X="76.0" Y="131.0" />
  <Point X="76.0" Y="133.0" />
  <Point X="76.0" Y="134.0" />
  <Point X="76.0" Y="136.0" />
  <Point X="76.0" Y="137.0" />
  <Point X="76.0" Y="138.0" />
  <Point X="76.0" Y="138.5747217950276" />
  <Point X="76.0" Y="139.0" />
  <Point X="76.0" Y="140.0" />
  <Point X="76.0" Y="141.0" />
  <Point X="76.0" Y="142.0" />
  <Point X="76.0" Y="143.0" />
  <Point X="76.0" Y="144.0" />
  <Point X="77.0" Y="145.0" />
  <Point X="77.0" Y="146.0" />
  <Point X="77.0" Y="146.0273251989786" />
  <Point X="77.0" Y="147.0" />
  <Point X="77.0" Y="148.0" />
  <Point X="77.0" Y="149.0" />
  <Point X="77.0" Y="150.0" />
  <Point X="77.0" Y="152.0" />
  <Point X="77.0" Y="153.0" />
  <Point X="77.0" Y="153.89414216530267" />
  <Point X="77.0" Y="154.0" />
  <Point X="77.0" Y="155.0" />
  <Point X="77.0" Y="156.0" />
  <Point X="77.0" Y="157.0" />
  <Point X="77.0" Y="158.0" />
  <Point X="77.0" Y="159.0" />
  <Point X="78.0" Y="161.0" />
  <Point X="78.0" Y="161.52489115412695" />
  <Point X="78.0" Y="162.0" />
  <Point X="78.0" Y="163.0" />
  <Point X="78.0" Y="165.0" />
  <Point X="78.0" Y="166.0" />
  <Point X="78.0" Y="167.0" />
  <Point X="78.0" Y="168.0" />
  <Point X="78.0" Y="169.0" />
  <Point X="78.0" Y="169.39170812045103" />
  <Point X="78.0" Y="170.0" />
  <Point X="78.0" Y="172.0" />
  <Point X="78.0" Y="173.0" />
  <Point X="78.0" Y="175.0" />
  <Point X="78.0" Y="176.0" />
  <Point X="78.0" Y="177.0" />
  <Point X="78.0" Y="177.2585250867751" />
  <Point X="78.0" Y="178.0" />
  <Point X="78.0" Y="179.0" />
  <Point X="79.0" Y="179.0" />
  <Point X="79.0" Y="180.0" />
  <Point X="79.0" Y="181.0" />
  <Point X="79.0" Y="182.0" />
  <Point X="79.0" Y="183.0" />
  <Point X="79.0" Y="184.0" />
  <Point X="79.0" Y="184.1253420530992" />
  <Point X="79.0" Y="185.0" />
  <Point X="79.0" Y="186.0" />
  <Point X="79.0" Y="187.0" />
  <Point X="79.0" Y="188.0" />
  <Point X="79.0" Y="189.0" />
  <Point X="80.0" Y="189.0" />
  <Point X="80.0" Y="190.0" />
  <Point X="80.0" Y="190.99215901942327" />
  <Point X="80.0" Y="191.0" />
  <Point X="80.0" Y="192.0" />
  <Point X="80.0" Y="193.0" />
  <Point X="81.0" Y="193.0" />
  <Point X="82.0" Y="192.0" />
  <Point X="83.0" Y="192.0" />
  <Point X="84.0" Y="192.0" />
  <Point X="85.44476242337424" Y="192.0" />
  <Point X="86.0" Y="192.0" />
  <Point X="86.0" Y="191.0" />
  <Point X="87.0" Y="191.0" />
  <Point X="88.0" Y="191.0" />
  <Point X="88.0" Y="190.0" />
  <Point X="89.0" Y="190.0" />
  <Point X="90.0" Y="190.0" />
  <Point X="91.0" Y="190.0" />
  <Point X="91.31157938969831" Y="190.0" />
  <Point X="92.0" Y="190.0" />
  <Point X="93.0" Y="189.0" />
  <Point X="94.0" Y="189.0" />
  <Point X="95.0" Y="189.0" />
  <Point X="96.0" Y="189.0" />
  <Point X="97.0" Y="189.0" />
  <Point X="98.0" Y="189.0" />
  <Point X="98.0" Y="188.2358172063507" />
  <Point X="98.0" Y="188.0" />
  <Point X="100.0" Y="187.0" />
  <Point X="101.0" Y="187.0" />
  <Point X="102.0" Y="187.0" />
  <Point X="103.0" Y="187.0" />
  <Point X="105.0" Y="187.0" />
  <Point X="105.39493178247358" Y="187.0" />
  <Point X="106.0" Y="187.0" />
  <Point X="108.0" Y="187.0" />
  <Point X="109.0" Y="186.0" />
  <Point X="110.0" Y="186.0" />
  <Point X="111.0" Y="186.0" />
  <Point X="112.0" Y="186.0" />
  <Point X="112.84753518642455" Y="186.0" />
  <Point X="113.0" Y="186.0" />
  <Point X="115.0" Y="186.0" />
  <Point X="116.0" Y="186.0" />
  <Point X="117.0" Y="186.0" />
  <Point X="118.0" Y="186.0" />
  <Point X="119.0" Y="185.0" />
  <Point X="120.0" Y="185.0" />
  <Point X="120.30013859037552" Y="185.0" />
  <Point X="122.0" Y="185.0" />
  <Point X="123.0" Y="184.0" />
  <Point X="125.0" Y="184.0" />
  <Point X="126.0" Y="184.0" />
  <Point X="127.0" Y="184.0" />
  <Point X="127.7527419943265" Y="184.0" />
  <Point X="129.0" Y="184.0" />
  <Point X="130.0" Y="184.0" />
  <Point X="131.0" Y="184.0" />
  <Point X="132.0" Y="184.0" />
  <Point X="133.0" Y="184.0" />
  <Point X="134.0" Y="184.0" />
  <Point X="135.0" Y="184.0" />
  <Point X="135.61955896065058" Y="184.0" />
  <Point X="136.0" Y="184.0" />
  <Point X="137.0" Y="183.0" />
  <Point X="138.0" Y="183.0" />
  <Point X="139.0" Y="183.0" />
  <Point X="140.0" Y="183.0" />
  <Point X="142.0" Y="183.0" />
  <Point X="142.0" Y="182.0" />
  <Point X="142.07216236460155" Y="182.0" />
  <Point X="143.0" Y="182.0" />
  <Point X="144.0" Y="182.0" />
  <Point X="146.0" Y="182.0" />
  <Point X="147.0" Y="182.0" />
  <Point X="148.0" Y="182.0" />
  <Point X="149.0" Y="182.0" />
  <Point X="149.93897933092563" Y="182.0" />
  <Point X="150.0" Y="182.0" />
  <Point X="151.0" Y="182.0" />
  <Point X="152.0" Y="182.0" />
  <Point X="152.0" Y="181.0" />
  <Point X="152.0" Y="180.0" />
  <Point X="152.0" Y="179.0" />
  <Point X="152.0" Y="178.0" />
  <Point X="152.0" Y="177.0" />
  <Point X="152.0" Y="176.1942037027503" />
  <Point X="152.0" Y="176.0" />
  <Point X="152.0" Y="175.0" />
  <Point X="152.0" Y="174.0" />
  <Point X="152.0" Y="173.0" />
  <Point X="152.0" Y="172.0" />
  <Point X="152.0" Y="171.0" />
  <Point X="152.0" Y="170.0" />
  <Point X="152.0" Y="169.0" />
  <Point X="152.0" Y="168.3273867364262" />
  <Point X="152.0" Y="168.0" />
  <Point X="152.0" Y="167.0" />
  <Point X="152.0" Y="166.0" />
  <Point X="151.0" Y="165.0" />
  <Point X="151.0" Y="164.0" />
  <Point X="151.0" Y="163.0" />
  <Point X="151.0" Y="162.0" />
  <Point X="151.0" Y="161.0" />
  <Point X="151.0" Y="160.87478333247523" />
  <Point X="151.0" Y="160.0" />
  <Point X="150.0" Y="159.0" />
  <Point X="150.0" Y="158.0" />
  <Point X="150.0" Y="157.0" />
  <Point X="149.0" Y="156.0" />
  <Point X="149.0" Y="155.0" />
  <Point X="149.0" Y="154.0" />
  <Point X="148.88431272796726" Y="153.88431272796726" />
  <Point X="148.0" Y="153.0" />
  <Point X="148.0" Y="152.0" />
  <Point X="148.0" Y="151.0" />
  <Point X="148.0" Y="150.0" />
  <Point X="147.0" Y="149.0" />
  <Point X="147.0" Y="148.0" />
  <Point X="146.1500602294723" Y="147.1500602294723" />
  <Point X="146.0" Y="147.0" />
  <Point X="146.0" Y="146.0" />
  <Point X="146.0" Y="145.0" />
  <Point X="146.0" Y="144.0" />
  <Point X="146.0" Y="143.0" />
  <Point X="146.0" Y="142.0" />
  <Point X="145.0" Y="142.0" />
  <Point X="145.0" Y="141.0" />
  <Point X="145.0" Y="140.34540024536847" />
  <Point X="145.0" Y="140.0" />
  <Point X="145.0" Y="139.0" />
  <Point X="145.0" Y="138.0" />
  <Point X="144.0" Y="137.0" />
  <Point X="144.0" Y="136.0" />
  <Point X="144.0" Y="135.0" />
  <Point X="144.0" Y="134.0" />
  <Point X="144.0" Y="133.0" />
  <Point X="144.0" Y="132.8927968414175" />
  <Point X="144.0" Y="132.0" />
  <Point X="143.0" Y="132.0" />
  <Point X="143.0" Y="131.0" />
  <Point X="143.0" Y="130.0" />
  <Point X="142.0" Y="129.0" />
  <Point X="142.0" Y="128.0" />
  <Point X="142.0" Y="127.0" />
  <Point X="142.0" Y="126.44019343746652" />
  <Point X="142.0" Y="126.0" />
  <Point X="142.0" Y="124.0" />
  <Point X="142.0" Y="123.0" />
  <Point X="141.0" Y="123.0" />
  <Point X="141.0" Y="122.0" />
  <Point X="141.0" Y="121.0" />
  <Point X="141.0" Y="120.0" />
  <Point X="141.0" Y="119.57337647114245" />
  <Point X="141.0" Y="119.0" />
  <Point X="140.0" Y="119.0" />
  <Point X="140.0" Y="118.0" />
  <Point X="140.0" Y="117.0" />
  <Point X="140.0" Y="116.0" />
  <Point X="140.0" Y="115.0" />
  <Point X="140.0" Y="114.0" />
  <Point X="139.0" Y="114.0" />
  <Point X="139.0" Y="113.70655950481839" />
  <Point X="139.0" Y="113.0" />
  <Point X="139.0" Y="112.0" />
  <Point X="139.0" Y="111.0" />
  <Point X="139.0" Y="110.0" />
  <Point X="139.0" Y="109.0" />
  <Point X="139.0" Y="108.0" />
  <Point X="139.0" Y="107.0" />
  <Point X="139.0" Y="106.0" />
  <Point X="139.0" Y="105.83974253849432" />
  <Point X="139.0" Y="105.0" />
  <Point X="139.0" Y="104.0" />
  <Point X="139.0" Y="103.0" />
  <Point X="139.0" Y="102.0" />
  <Point X="139.0" Y="101.0" />
  <Point X="139.0" Y="100.0" />
  <Point X="139.0" Y="99.0" />
  <Point X="139.0" Y="98.0" />
  <Point X="139.0" Y="97.97292557217025" />
  <Point X="139.0" Y="97.0" />
  <Point X="138.0" Y="97.0" />
  <Point X="137.0" Y="97.0" />
  <Point X="136.0" Y="97.0" />
  <Point X="135.0" Y="97.0" />
  <Point X="134.0" Y="97.0" />
  <Point X="133.0" Y="97.0" />
  <Point X="132.10610860584617" Y="97.0" />
  <Point X="132.0" Y="97.0" />
  <Point X="131.0" Y="97.0" />
  <Point X="130.0" Y="97.0" />
  <Point X="129.0" Y="97.0" />
  <Point X="128.0" Y="97.0" />
  <Point X="127.0" Y="97.0" />
  <Point X="126.0" Y="97.0" />
  <Point X="125.0" Y="97.0" />
  <Point X="124.23929163952211" Y="97.0" />
  <Point X="124.0" Y="97.0" />
  <Point X="123.0" Y="97.0" />
  <Point X="122.0" Y="97.0" />
  <Point X="121.0" Y="97.0" />
  <Point X="120.0" Y="97.0" />
  <Point X="119.0" Y="97.0" />
  <Point X="118.0" Y="97.0" />
  <Point X="117.0" Y="97.0" />
  <Point X="116.37247467319804" Y="97.0" />
  <Point X="116.0" Y="97.0" />
  <Point X="115.0" Y="97.0" />
  <Point X="114.0" Y="97.0" />
  <Point X="113.0" Y="97.0" />
  <Point X="112.0" Y="97.0" />
  <Point X="110.0" Y="97.0" />
  <Point X="109.0" Y="97.0" />
  <Point X="108.50565770687398" Y="97.0" />
  <Point X="108.0" Y="97.0" />
  <Point X="107.0" Y="97.0" />
  <Point X="106.0" Y="97.0" />
  <Point X="105.0" Y="97.0" />
  <Point X="104.0" Y="97.0" />
  <Point X="103.0" Y="97.0" />
  <Point X="102.0" Y="97.0" />
  <Point X="101.03751505736798" Y="97.96248494263202" />
  <Point X="101.0" Y="98.0" />
  <Point X="100.0" Y="98.0" />
  <Point X="99.0" Y="98.0" />
  <Point X="98.0" Y="98.0" />
  <Point X="96.0" Y="98.0" />
  <Point X="95.0" Y="98.0" />
  <Point X="94.0" Y="98.0" />
  <Point X="93.18623733659894" Y="98.0" />
  <Point X="93.0" Y="98.0" />
  <Point X="92.0" Y="98.0" />
  <Point X="91.0" Y="98.0" />
  <Point X="90.0" Y="98.0" />
  <Point X="89.0" Y="98.0" />
  <Point X="88.0" Y="98.0" />
  <Point X="87.0" Y="98.0" />
  <Point X="87.0" Y="99.0" />
  <Point X="86.31942037027487" Y="99.0" />
  <Point X="86.0" Y="99.0" />
  <Point X="85.0" Y="99.0" />
  <Point X="84.0" Y="100.0" />
  <Point X="83.0" Y="100.0" />
  <Point X="82.0" Y="100.0" />
  <Point X="81.0" Y="100.0" />
  <Point X="80.0" Y="100.0" />
  <Point X="79.0" Y="100.0" />
  <Point X="78.8668169663239" Y="100.0" />
  <Point X="78.0" Y="100.0" />
  <Point X="77.0" Y="100.0" />
  <Point X="76.0" Y="100.0" />
  <Point X="75.0" Y="100.0" />
  <Point X="75.0" Y="101.0" />
  <Point X="74.0" Y="101.0" />
  <Point X="75.0" Y="101.0" />
  <Point X="76.0" Y="101.0" />
</Project_1_Part_4>
