<?xml version="1.0" encoding="utf-8" standalone="yes"?>
<Gesture Name="rectangle10" Subject="2" Number="2" NumPts="390">
  <Point X="48.0" Y="110.0" />
  <Point X="48.0" Y="111.0" />
  <Point X="48.0" Y="112.0" />
  <Point X="49.0" Y="112.0" />
  <Point X="49.0" Y="113.0" />
  <Point X="49.0" Y="114.0" />
  <Point X="49.45689482233113" Y="114.45689482233114" />
  <Point X="50.0" Y="115.0" />
  <Point X="50.0" Y="116.0" />
  <Point X="50.0" Y="117.0" />
  <Point X="50.0" Y="118.0" />
  <Point X="50.0" Y="119.0" />
  <Point X="50.62089642584881" Y="119.62089642584881" />
  <Point X="51.0" Y="120.0" />
  <Point X="51.0" Y="121.0" />
  <Point X="51.0" Y="122.0" />
  <Point X="51.0" Y="123.0" />
  <Point X="51.0" Y="124.0" />
  <Point X="51.0" Y="125.0" />
  <Point X="51.0" Y="125.11001343821" />
  <Point X="51.0" Y="126.0" />
  <Point X="52.0" Y="127.0" />
  <Point X="52.0" Y="128.0" />
  <Point X="52.0" Y="129.0" />
  <Point X="52.0" Y="130.0" />
  <Point X="52.15292322666236" Y="130.3058464533247" />
  <Point X="53.0" Y="132.0" />
  <Point X="53.0" Y="133.0" />
  <Point X="53.0" Y="134.0" />
  <Point X="53.0" Y="135.0" />
  <Point X="53.0" Y="135.75202560697457" />
  <Point X="53.0" Y="136.0" />
  <Point X="53.0" Y="137.0" />
  <Point X="53.0" Y="138.0" />
  <Point X="53.0" Y="139.0" />
  <Point X="53.0" Y="140.0" />
  <Point X="53.0" Y="141.0" />
  <Point X="53.0" Y="141.3981724612933" />
  <Point X="53.0" Y="142.0" />
  <Point X="53.0" Y="143.0" />
  <Point X="53.0" Y="144.0" />
  <Point X="53.0" Y="145.0" />
  <Point X="53.0" Y="146.0" />
  <Point X="53.0" Y="147.0" />
  <Point X="53.0" Y="147.04431931561206" />
  <Point X="53.0" Y="148.0" />
  <Point X="53.0" Y="149.0" />
  <Point X="53.0" Y="150.0" />
  <Point X="53.0" Y="151.0" />
  <Point X="53.0" Y="152.0" />
  <Point X="53.0" Y="152.6904661699308" />
  <Point X="53.0" Y="153.0" />
  <Point X="53.0" Y="154.0" />
  <Point X="53.0" Y="155.0" />
  <Point X="53.0" Y="156.0" />
  <Point X="53.0" Y="157.0" />
  <Point X="53.0" Y="158.0" />
  <Point X="53.0" Y="158.33661302424954" />
  <Point X="53.0" Y="159.0" />
  <Point X="53.0" Y="160.0" />
  <Point X="53.0" Y="161.0" />
  <Point X="53.0" Y="162.0" />
  <Point X="53.0" Y="163.0" />
  <Point X="53.0" Y="163.9827598785683" />
  <Point X="53.0" Y="164.0" />
  <Point X="53.0" Y="165.0" />
  <Point X="53.0" Y="166.0" />
  <Point X="53.0" Y="167.0" />
  <Point X="53.0" Y="168.0" />
  <Point X="53.0" Y="169.0" />
  <Point X="53.0" Y="169.62890673288703" />
  <Point X="53.0" Y="170.0" />
  <Point X="53.0" Y="171.0" />
  <Point X="53.0" Y="172.0" />
  <Point X="53.0" Y="173.0" />
  <Point X="53.0" Y="174.0" />
  <Point X="54.0" Y="174.0" />
  <Point X="54.0" Y="174.27505358720578" />
  <Point X="54.0" Y="175.0" />
  <Point X="55.0" Y="175.0" />
  <Point X="55.0" Y="176.0" />
  <Point X="56.0" Y="176.0" />
  <Point X="57.0" Y="176.0" />
  <Point X="57.0" Y="176.92120044152452" />
  <Point X="57.0" Y="177.0" />
  <Point X="57.0" Y="178.0" />
  <Point X="58.0" Y="178.0" />
  <Point X="59.0" Y="178.0" />
  <Point X="59.0" Y="179.0" />
  <Point X="60.0" Y="179.0" />
  <Point X="60.567347295843255" Y="179.0" />
  <Point X="61.0" Y="179.0" />
  <Point X="62.0" Y="179.0" />
  <Point X="63.0" Y="180.0" />
  <Point X="64.0" Y="180.0" />
  <Point X="65.0" Y="180.0" />
  <Point X="65.7992805877889" Y="180.0" />
  <Point X="66.0" Y="180.0" />
  <Point X="67.0" Y="180.0" />
  <Point X="68.0" Y="180.0" />
  <Point X="69.0" Y="181.0" />
  <Point X="70.0" Y="181.0" />
  <Point X="71.0" Y="181.0" />
  <Point X="71.03121387973454" Y="181.0" />
  <Point X="72.0" Y="181.0" />
  <Point X="73.0" Y="181.0" />
  <Point X="74.0" Y="181.0" />
  <Point X="75.0" Y="181.0" />
  <Point X="76.0" Y="181.0" />
  <Point X="76.67736073405327" Y="181.0" />
  <Point X="77.0" Y="181.0" />
  <Point X="78.0" Y="181.0" />
  <Point X="79.0" Y="181.0" />
  <Point X="80.0" Y="181.0" />
  <Point X="81.0" Y="181.0" />
  <Point X="82.0" Y="181.0" />
  <Point X="82.323507588372" Y="181.0" />
  <Point X="84.0" Y="181.0" />
  <Point X="85.0" Y="181.0" />
  <Point X="87.0" Y="181.0" />
  <Point X="87.96965444269073" Y="181.0" />
  <Point X="88.0" Y="181.0" />
  <Point X="89.0" Y="181.0" />
  <Point X="90.0" Y="181.0" />
  <Point X="91.0" Y="181.0" />
  <Point X="92.0" Y="181.0" />
  <Point X="93.0" Y="181.0" />
  <Point X="93.55078942429827" Y="180.72460528785086" />
  <Point X="95.0" Y="180.0" />
  <Point X="96.0" Y="180.0" />
  <Point X="97.0" Y="180.0" />
  <Point X="98.0" Y="179.0" />
  <Point X="98.6116666114553" Y="179.0" />
  <Point X="100.0" Y="179.0" />
  <Point X="101.0" Y="179.0" />
  <Point X="102.0" Y="179.0" />
  <Point X="103.0" Y="179.0" />
  <Point X="104.0" Y="179.0" />
  <Point X="104.25781346577403" Y="179.0" />
  <Point X="105.0" Y="179.0" />
  <Point X="106.0" Y="178.0" />
  <Point X="107.0" Y="178.0" />
  <Point X="109.0" Y="178.0" />
  <Point X="109.48974675771967" Y="178.0" />
  <Point X="110.0" Y="178.0" />
  <Point X="111.0" Y="178.0" />
  <Point X="112.0" Y="177.0" />
  <Point X="113.0" Y="177.0" />
  <Point X="114.0" Y="177.0" />
  <Point X="114.72168004966531" Y="177.0" />
  <Point X="115.0" Y="177.0" />
  <Point X="116.0" Y="177.0" />
  <Point X="117.0" Y="177.0" />
  <Point X="118.0" Y="176.0" />
  <Point X="119.0" Y="176.0" />
  <Point X="119.95361334161095" Y="176.0" />
  <Point X="120.0" Y="176.0" />
  <Point X="121.0" Y="176.0" />
  <Point X="122.0" Y="176.0" />
  <Point X="123.0" Y="176.0" />
  <Point X="124.0" Y="175.0" />
  <Point X="125.0" Y="175.0" />
  <Point X="125.18554663355658" Y="175.0" />
  <Point X="126.0" Y="175.0" />
  <Point X="127.0" Y="175.0" />
  <Point X="128.0" Y="175.0" />
  <Point X="129.0" Y="175.0" />
  <Point X="130.63831646113317" Y="174.1808417694334" />
  <Point X="131.0" Y="174.0" />
  <Point X="132.0" Y="173.0" />
  <Point X="133.0" Y="173.0" />
  <Point X="134.0" Y="173.0" />
  <Point X="135.0" Y="173.0" />
  <Point X="135.8275588023212" Y="173.0" />
  <Point X="136.0" Y="173.0" />
  <Point X="136.0" Y="172.0" />
  <Point X="137.0" Y="172.0" />
  <Point X="138.0" Y="172.0" />
  <Point X="139.0" Y="171.0" />
  <Point X="140.0" Y="171.0" />
  <Point X="140.05949209426683" Y="171.0" />
  <Point X="141.0" Y="171.0" />
  <Point X="142.0" Y="171.0" />
  <Point X="143.0" Y="170.0" />
  <Point X="144.0" Y="169.0" />
  <Point X="144.87721182383936" Y="169.0" />
  <Point X="145.0" Y="169.0" />
  <Point X="146.0" Y="169.0" />
  <Point X="147.0" Y="169.0" />
  <Point X="148.0" Y="168.0" />
  <Point X="149.0" Y="168.0" />
  <Point X="150.0" Y="168.0" />
  <Point X="150.0" Y="167.890854884215" />
  <Point X="150.0" Y="167.0" />
  <Point X="151.0" Y="167.0" />
  <Point X="152.0" Y="166.0" />
  <Point X="153.0" Y="166.0" />
  <Point X="154.0" Y="166.0" />
  <Point X="154.24117885502264" Y="165.75882114497736" />
  <Point X="155.0" Y="165.0" />
  <Point X="156.0" Y="165.0" />
  <Point X="157.0" Y="165.0" />
  <Point X="157.0" Y="164.0" />
  <Point X="158.0" Y="164.0" />
  <Point X="158.0" Y="163.42698830032373" />
  <Point X="158.0" Y="163.0" />
  <Point X="159.0" Y="163.0" />
  <Point X="159.0" Y="162.0" />
  <Point X="159.0" Y="161.0" />
  <Point X="159.0" Y="160.0" />
  <Point X="159.0" Y="159.0" />
  <Point X="159.0" Y="158.78084144600498" />
  <Point X="159.0" Y="158.0" />
  <Point X="159.0" Y="157.0" />
  <Point X="159.0" Y="156.0" />
  <Point X="159.0" Y="155.0" />
  <Point X="159.0" Y="154.0" />
  <Point X="159.0" Y="153.13469459168624" />
  <Point X="159.0" Y="153.0" />
  <Point X="159.0" Y="152.0" />
  <Point X="159.0" Y="151.0" />
  <Point X="159.0" Y="150.0" />
  <Point X="159.0" Y="149.0" />
  <Point X="159.0" Y="148.0" />
  <Point X="159.0" Y="147.4885477373675" />
  <Point X="159.0" Y="147.0" />
  <Point X="159.0" Y="146.0" />
  <Point X="159.0" Y="145.0" />
  <Point X="159.0" Y="144.0" />
  <Point X="159.0" Y="143.0" />
  <Point X="159.0" Y="141.84240088304875" />
  <Point X="159.0" Y="141.0" />
  <Point X="159.0" Y="140.0" />
  <Point X="159.0" Y="139.0" />
  <Point X="159.0" Y="138.0" />
  <Point X="159.0" Y="137.0" />
  <Point X="159.0" Y="136.19625402873" />
  <Point X="159.0" Y="136.0" />
  <Point X="159.0" Y="135.0" />
  <Point X="159.0" Y="134.0" />
  <Point X="159.0" Y="133.0" />
  <Point X="159.0" Y="132.0" />
  <Point X="160.0" Y="132.0" />
  <Point X="160.0" Y="131.55010717441127" />
  <Point X="160.0" Y="131.0" />
  <Point X="160.0" Y="130.0" />
  <Point X="160.0" Y="129.0" />
  <Point X="160.0" Y="128.0" />
  <Point X="160.0" Y="127.0" />
  <Point X="160.0" Y="126.0" />
  <Point X="160.0" Y="125.90396032009254" />
  <Point X="160.0" Y="125.0" />
  <Point X="160.0" Y="124.0" />
  <Point X="161.0" Y="124.0" />
  <Point X="161.0" Y="123.0" />
  <Point X="161.0" Y="122.0" />
  <Point X="161.0" Y="121.25781346577381" />
  <Point X="161.0" Y="121.0" />
  <Point X="161.0" Y="120.0" />
  <Point X="161.0" Y="119.0" />
  <Point X="161.0" Y="118.0" />
  <Point X="161.0" Y="117.0" />
  <Point X="162.0" Y="117.0" />
  <Point X="162.0" Y="116.61166661145508" />
  <Point X="162.0" Y="116.0" />
  <Point X="162.0" Y="115.0" />
  <Point X="163.0" Y="115.0" />
  <Point X="163.0" Y="114.0" />
  <Point X="163.0" Y="113.0" />
  <Point X="163.0" Y="112.0" />
  <Point X="163.0" Y="111.96551975713635" />
  <Point X="163.0" Y="111.0" />
  <Point X="163.0" Y="110.0" />
  <Point X="163.0" Y="109.0" />
  <Point X="162.0" Y="109.0" />
  <Point X="161.0" Y="108.0" />
  <Point X="160.7335864651907" Y="108.0" />
  <Point X="160.0" Y="108.0" />
  <Point X="159.0" Y="108.0" />
  <Point X="158.0" Y="107.0" />
  <Point X="157.0" Y="107.0" />
  <Point X="156.0" Y="107.0" />
  <Point X="155.50165317324507" Y="107.0" />
  <Point X="154.0" Y="107.0" />
  <Point X="153.0" Y="107.0" />
  <Point X="152.0" Y="107.0" />
  <Point X="151.0" Y="107.0" />
  <Point X="149.97633373172013" Y="106.48816686586007" />
  <Point X="149.0" Y="106.0" />
  <Point X="148.0" Y="106.0" />
  <Point X="147.0" Y="106.0" />
  <Point X="146.0" Y="106.0" />
  <Point X="145.0" Y="106.0" />
  <Point X="144.4454274421074" Y="106.0" />
  <Point X="144.0" Y="106.0" />
  <Point X="142.0" Y="106.0" />
  <Point X="141.0" Y="106.0" />
  <Point X="139.0316167179568" Y="105.0158083589784" />
  <Point X="139.0" Y="105.0" />
  <Point X="138.0" Y="105.0" />
  <Point X="137.0" Y="105.0" />
  <Point X="136.0" Y="105.0" />
  <Point X="135.0" Y="105.0" />
  <Point X="133.3892017109697" Y="105.0" />
  <Point X="133.0" Y="105.0" />
  <Point X="132.0" Y="105.0" />
  <Point X="131.0" Y="105.0" />
  <Point X="130.0" Y="105.0" />
  <Point X="128.0" Y="105.0" />
  <Point X="127.74305485665097" Y="105.0" />
  <Point X="127.0" Y="105.0" />
  <Point X="125.0" Y="105.0" />
  <Point X="124.0" Y="105.0" />
  <Point X="123.0" Y="105.0" />
  <Point X="122.09690800233224" Y="105.0" />
  <Point X="122.0" Y="105.0" />
  <Point X="121.0" Y="105.0" />
  <Point X="120.0" Y="105.0" />
  <Point X="119.0" Y="105.0" />
  <Point X="117.0" Y="105.0" />
  <Point X="116.45076114801351" Y="105.0" />
  <Point X="116.0" Y="105.0" />
  <Point X="115.0" Y="105.0" />
  <Point X="114.0" Y="105.0" />
  <Point X="113.0" Y="105.0" />
  <Point X="112.0" Y="105.0" />
  <Point X="111.0" Y="105.0" />
  <Point X="110.80461429369478" Y="105.0" />
  <Point X="110.0" Y="105.0" />
  <Point X="108.0" Y="105.0" />
  <Point X="107.0" Y="105.0" />
  <Point X="105.15846743937605" Y="105.0" />
  <Point X="105.0" Y="105.0" />
  <Point X="104.0" Y="105.0" />
  <Point X="103.0" Y="105.0" />
  <Point X="102.0" Y="105.0" />
  <Point X="101.0" Y="105.0" />
  <Point X="100.0" Y="105.0" />
  <Point X="99.51232058505732" Y="105.0" />
  <Point X="99.0" Y="105.0" />
  <Point X="98.0" Y="105.0" />
  <Point X="97.0" Y="105.0" />
  <Point X="96.0" Y="105.0" />
  <Point X="95.0" Y="105.0" />
  <Point X="94.0" Y="105.0" />
  <Point X="93.90537053750435" Y="105.09462946249565" />
  <Point X="93.0" Y="106.0" />
  <Point X="92.0" Y="106.0" />
  <Point X="91.0" Y="106.0" />
  <Point X="90.0" Y="106.0" />
  <Point X="89.0" Y="106.0" />
  <Point X="88.63424043879294" Y="106.0" />
  <Point X="88.0" Y="106.0" />
  <Point X="87.0" Y="107.0" />
  <Point X="86.0" Y="107.0" />
  <Point X="85.0" Y="107.0" />
  <Point X="84.0" Y="107.0" />
  <Point X="83.4023071468473" Y="107.0" />
  <Point X="83.0" Y="107.0" />
  <Point X="82.0" Y="107.0" />
  <Point X="81.0" Y="107.0" />
  <Point X="80.0" Y="107.0" />
  <Point X="79.0" Y="108.0" />
  <Point X="78.17037385490167" Y="108.0" />
  <Point X="78.0" Y="108.0" />
  <Point X="77.0" Y="108.0" />
  <Point X="76.0" Y="108.0" />
  <Point X="75.0" Y="108.0" />
  <Point X="74.0" Y="108.0" />
  <Point X="73.0" Y="108.0" />
  <Point X="72.52422700058294" Y="108.0" />
  <Point X="72.0" Y="108.0" />
  <Point X="71.0" Y="108.0" />
  <Point X="70.0" Y="108.0" />
  <Point X="69.0" Y="108.0" />
  <Point X="69.0" Y="109.0" />
  <Point X="68.0" Y="109.0" />
  <Point X="67.87808014626421" Y="109.0" />
  <Point X="67.0" Y="109.0" />
  <Point X="66.0" Y="109.0" />
  <Point X="65.0" Y="109.0" />
  <Point X="64.0" Y="109.0" />
  <Point X="63.0" Y="109.0" />
  <Point X="62.456894822331016" Y="109.54310517766898" />
  <Point X="62.0" Y="110.0" />
  <Point X="61.0" Y="110.0" />
  <Point X="60.0" Y="110.0" />
  <Point X="59.0" Y="110.0" />
  <Point X="58.0" Y="110.0" />
  <Point X="57.0" Y="110.0" />
</Project_1_Part_4>
