<?xml version="1.0" encoding="utf-8" standalone="yes"?>
<Gesture Name="rectangle4" Subject="2" Number="2" NumPts="402">
  <Point X="61.0" Y="104.0" />
  <Point X="61.0" Y="105.0" />
  <Point X="61.0" Y="106.0" />
  <Point X="61.0" Y="107.0" />
  <Point X="61.0" Y="108.0" />
  <Point X="61.0" Y="109.0" />
  <Point X="61.0" Y="109.89523993702723" />
  <Point X="61.0" Y="110.0" />
  <Point X="61.0" Y="111.0" />
  <Point X="61.0" Y="112.0" />
  <Point X="61.0" Y="113.0" />
  <Point X="61.0" Y="114.0" />
  <Point X="61.0" Y="115.0" />
  <Point X="61.0" Y="115.79047987405445" />
  <Point X="61.0" Y="116.0" />
  <Point X="61.0" Y="117.0" />
  <Point X="61.0" Y="118.0" />
  <Point X="61.0" Y="119.0" />
  <Point X="61.0" Y="120.0" />
  <Point X="61.0" Y="121.0" />
  <Point X="61.0" Y="121.68571981108168" />
  <Point X="61.0" Y="122.0" />
  <Point X="61.0" Y="123.0" />
  <Point X="61.0" Y="124.0" />
  <Point X="61.0" Y="125.0" />
  <Point X="61.0" Y="126.0" />
  <Point X="61.0" Y="127.0" />
  <Point X="61.0" Y="127.58095974810891" />
  <Point X="61.0" Y="128.0" />
  <Point X="61.0" Y="130.0" />
  <Point X="61.0" Y="131.0" />
  <Point X="62.0" Y="131.0" />
  <Point X="62.0" Y="132.0" />
  <Point X="62.0" Y="132.47619968513612" />
  <Point X="62.0" Y="133.0" />
  <Point X="62.0" Y="134.0" />
  <Point X="62.0" Y="135.0" />
  <Point X="62.0" Y="137.0" />
  <Point X="62.96975425681962" Y="137.9697542568196" />
  <Point X="63.0" Y="138.0" />
  <Point X="63.0" Y="139.0" />
  <Point X="63.0" Y="140.0" />
  <Point X="63.0" Y="141.0" />
  <Point X="63.0" Y="142.0" />
  <Point X="63.0" Y="143.0" />
  <Point X="63.0" Y="143.85246599681747" />
  <Point X="63.0" Y="144.0" />
  <Point X="64.0" Y="144.0" />
  <Point X="64.0" Y="145.0" />
  <Point X="64.0" Y="146.0" />
  <Point X="64.0" Y="147.0" />
  <Point X="64.0" Y="148.0" />
  <Point X="64.0" Y="148.74770593384468" />
  <Point X="64.0" Y="149.0" />
  <Point X="64.0" Y="150.0" />
  <Point X="64.0" Y="151.0" />
  <Point X="64.0" Y="152.0" />
  <Point X="65.0" Y="152.0" />
  <Point X="65.0" Y="153.0" />
  <Point X="65.0" Y="153.6429458708719" />
  <Point X="65.0" Y="154.0" />
  <Point X="65.0" Y="155.0" />
  <Point X="65.0" Y="156.0" />
  <Point X="66.0" Y="156.0" />
  <Point X="66.0" Y="157.0" />
  <Point X="66.0" Y="158.0" />
  <Point X="66.53818580789913" Y="158.0" />
  <Point X="67.0" Y="158.0" />
  <Point X="68.0" Y="158.0" />
  <Point X="68.0" Y="159.0" />
  <Point X="69.0" Y="159.0" />
  <Point X="70.0" Y="159.0" />
  <Point X="71.0" Y="160.0" />
  <Point X="71.01921218255325" Y="160.0" />
  <Point X="72.0" Y="160.0" />
  <Point X="73.0" Y="160.0" />
  <Point X="74.0" Y="160.0" />
  <Point X="75.0" Y="160.0" />
  <Point X="75.0" Y="161.0" />
  <Point X="75.91445211958047" Y="161.0" />
  <Point X="76.0" Y="161.0" />
  <Point X="77.0" Y="161.0" />
  <Point X="78.0" Y="161.0" />
  <Point X="79.0" Y="161.0" />
  <Point X="80.0" Y="161.0" />
  <Point X="81.0" Y="162.0" />
  <Point X="81.3954784942346" Y="162.0" />
  <Point X="82.0" Y="162.0" />
  <Point X="83.0" Y="162.0" />
  <Point X="84.0" Y="162.0" />
  <Point X="85.0" Y="162.0" />
  <Point X="86.0" Y="162.0" />
  <Point X="87.0" Y="162.0" />
  <Point X="87.29071843126182" Y="162.0" />
  <Point X="88.0" Y="162.0" />
  <Point X="89.0" Y="162.0" />
  <Point X="90.0" Y="162.0" />
  <Point X="91.0" Y="162.0" />
  <Point X="92.0" Y="163.0" />
  <Point X="92.77174480591594" Y="163.0" />
  <Point X="93.0" Y="163.0" />
  <Point X="94.0" Y="163.0" />
  <Point X="95.0" Y="163.0" />
  <Point X="96.0" Y="164.0" />
  <Point X="97.0" Y="164.0" />
  <Point X="98.0" Y="164.0" />
  <Point X="98.25277118057006" Y="164.0" />
  <Point X="99.0" Y="164.0" />
  <Point X="100.0" Y="164.0" />
  <Point X="102.0" Y="164.0" />
  <Point X="104.0" Y="164.0" />
  <Point X="104.14801111759729" Y="164.0" />
  <Point X="105.0" Y="164.0" />
  <Point X="106.0" Y="164.0" />
  <Point X="108.0" Y="164.0" />
  <Point X="109.0" Y="164.0" />
  <Point X="110.0" Y="164.0" />
  <Point X="110.04325105462452" Y="164.0" />
  <Point X="111.0" Y="164.0" />
  <Point X="112.0" Y="164.0" />
  <Point X="114.0" Y="164.0" />
  <Point X="115.0" Y="164.0" />
  <Point X="115.83941186144179" Y="164.4197059307209" />
  <Point X="117.0" Y="165.0" />
  <Point X="118.0" Y="165.0" />
  <Point X="120.0" Y="165.0" />
  <Point X="121.0" Y="165.0" />
  <Point X="121.42261152564276" Y="165.42261152564276" />
  <Point X="122.0" Y="166.0" />
  <Point X="123.0" Y="166.0" />
  <Point X="124.0" Y="166.0" />
  <Point X="125.0" Y="166.0" />
  <Point X="126.0" Y="166.0" />
  <Point X="127.0" Y="166.0" />
  <Point X="127.07868932583331" Y="166.0" />
  <Point X="128.0" Y="166.0" />
  <Point X="129.0" Y="166.0" />
  <Point X="130.0" Y="166.0" />
  <Point X="132.0" Y="166.0" />
  <Point X="132.97392926286054" Y="166.0" />
  <Point X="133.0" Y="166.0" />
  <Point X="134.0" Y="166.0" />
  <Point X="135.0" Y="166.0" />
  <Point X="136.0" Y="166.0" />
  <Point X="137.0" Y="166.0" />
  <Point X="138.0" Y="166.0" />
  <Point X="138.86916919988775" Y="166.0" />
  <Point X="139.0" Y="166.0" />
  <Point X="140.0" Y="167.0" />
  <Point X="141.0" Y="167.0" />
  <Point X="142.0" Y="167.0" />
  <Point X="143.0" Y="167.0" />
  <Point X="144.35019557454189" Y="167.0" />
  <Point X="145.0" Y="167.0" />
  <Point X="146.0" Y="167.0" />
  <Point X="147.0" Y="167.0" />
  <Point X="148.0" Y="167.0" />
  <Point X="149.0" Y="167.0" />
  <Point X="150.2454355115691" Y="167.0" />
  <Point X="151.0" Y="167.0" />
  <Point X="152.0" Y="167.0" />
  <Point X="153.0" Y="167.0" />
  <Point X="154.0" Y="167.0" />
  <Point X="155.0" Y="167.0" />
  <Point X="156.0" Y="167.0" />
  <Point X="156.1406754485963" Y="167.0" />
  <Point X="157.0" Y="167.0" />
  <Point X="158.0" Y="167.0" />
  <Point X="159.0" Y="167.0" />
  <Point X="160.0" Y="167.0" />
  <Point X="161.0" Y="167.0" />
  <Point X="162.0" Y="167.0" />
  <Point X="162.03591538562353" Y="167.0" />
  <Point X="163.0" Y="167.0" />
  <Point X="164.0" Y="167.0" />
  <Point X="165.0" Y="167.0" />
  <Point X="166.0" Y="167.0" />
  <Point X="167.0" Y="167.0" />
  <Point X="167.93115532265074" Y="167.0" />
  <Point X="168.0" Y="167.0" />
  <Point X="169.0" Y="167.0" />
  <Point X="170.0" Y="167.0" />
  <Point X="171.0" Y="167.0" />
  <Point X="172.0" Y="167.0" />
  <Point X="173.0" Y="167.0" />
  <Point X="173.5843496920587" Y="166.4156503079413" />
  <Point X="174.0" Y="166.0" />
  <Point X="175.0" Y="166.0" />
  <Point X="176.0" Y="166.0" />
  <Point X="177.0" Y="166.0" />
  <Point X="177.0" Y="165.0" />
  <Point X="178.0" Y="165.0" />
  <Point X="178.3074216343321" Y="165.0" />
  <Point X="179.0" Y="165.0" />
  <Point X="179.0" Y="164.0" />
  <Point X="180.0" Y="164.0" />
  <Point X="181.0" Y="164.0" />
  <Point X="182.0" Y="164.0" />
  <Point X="182.0" Y="163.0" />
  <Point X="182.2026615713593" Y="163.0" />
  <Point X="183.0" Y="163.0" />
  <Point X="184.0" Y="163.0" />
  <Point X="184.0" Y="162.0" />
  <Point X="185.0" Y="161.0" />
  <Point X="185.0" Y="160.0" />
  <Point X="185.0" Y="159.31631205398656" />
  <Point X="185.0" Y="159.0" />
  <Point X="185.0" Y="158.0" />
  <Point X="186.0" Y="158.0" />
  <Point X="186.0" Y="157.0" />
  <Point X="186.0" Y="156.0" />
  <Point X="186.0" Y="155.0" />
  <Point X="186.0" Y="154.42107211695935" />
  <Point X="186.0" Y="154.0" />
  <Point X="186.0" Y="153.0" />
  <Point X="186.0" Y="152.0" />
  <Point X="187.0" Y="152.0" />
  <Point X="187.0" Y="151.0" />
  <Point X="187.0" Y="150.0" />
  <Point X="187.47416782006786" Y="150.0" />
  <Point X="188.0" Y="150.0" />
  <Point X="188.0" Y="149.0" />
  <Point X="188.0" Y="148.0" />
  <Point X="188.0" Y="147.0" />
  <Point X="188.0" Y="146.0" />
  <Point X="188.0" Y="145.0" />
  <Point X="188.0" Y="144.63059224290492" />
  <Point X="188.0" Y="144.0" />
  <Point X="188.0" Y="143.0" />
  <Point X="188.0" Y="142.0" />
  <Point X="188.0" Y="141.0" />
  <Point X="188.0" Y="140.0" />
  <Point X="188.56556764232917" Y="138.8688647153417" />
  <Point X="189.0" Y="138.0" />
  <Point X="189.0" Y="137.0" />
  <Point X="189.0" Y="136.0" />
  <Point X="189.0" Y="135.0" />
  <Point X="189.0" Y="134.0" />
  <Point X="189.0" Y="133.07618034635027" />
  <Point X="189.0" Y="132.0" />
  <Point X="189.0" Y="131.0" />
  <Point X="189.0" Y="129.0" />
  <Point X="189.0" Y="128.0" />
  <Point X="189.0" Y="127.18094040932304" />
  <Point X="189.0" Y="127.0" />
  <Point X="190.0" Y="126.0" />
  <Point X="190.0" Y="124.0" />
  <Point X="190.0" Y="123.0" />
  <Point X="190.91929960221105" Y="122.08070039778893" />
  <Point X="191.0" Y="122.0" />
  <Point X="191.0" Y="121.0" />
  <Point X="191.0" Y="120.0" />
  <Point X="191.0" Y="119.0" />
  <Point X="191.0" Y="118.0" />
  <Point X="191.0" Y="117.0" />
  <Point X="191.55232983247203" Y="116.44767016752797" />
  <Point X="192.0" Y="116.0" />
  <Point X="192.0" Y="115.0" />
  <Point X="192.0" Y="114.0" />
  <Point X="192.0" Y="113.0" />
  <Point X="192.0" Y="112.0" />
  <Point X="192.0" Y="111.0" />
  <Point X="192.26213871463932" Y="111.0" />
  <Point X="193.0" Y="111.0" />
  <Point X="193.0" Y="110.0" />
  <Point X="193.0" Y="109.0" />
  <Point X="193.0" Y="108.0" />
  <Point X="193.0" Y="107.0" />
  <Point X="193.0" Y="106.0" />
  <Point X="193.0" Y="105.84262134833345" />
  <Point X="193.0" Y="105.0" />
  <Point X="192.0" Y="105.0" />
  <Point X="191.0" Y="104.0" />
  <Point X="190.0" Y="104.0" />
  <Point X="189.0" Y="104.0" />
  <Point X="188.36159497367933" Y="104.0" />
  <Point X="188.0" Y="104.0" />
  <Point X="188.0" Y="103.0" />
  <Point X="187.0" Y="103.0" />
  <Point X="186.0" Y="103.0" />
  <Point X="185.0" Y="103.0" />
  <Point X="184.0" Y="103.0" />
  <Point X="183.5226934344415" Y="102.76134671722075" />
  <Point X="182.0" Y="102.0" />
  <Point X="181.0" Y="102.0" />
  <Point X="179.0" Y="102.0" />
  <Point X="178.1565510651208" Y="101.1565510651208" />
  <Point X="178.0" Y="101.0" />
  <Point X="177.0" Y="101.0" />
  <Point X="175.0" Y="100.0" />
  <Point X="174.0" Y="100.0" />
  <Point X="173.0" Y="100.0" />
  <Point X="172.56222467997034" Y="100.0" />
  <Point X="172.0" Y="100.0" />
  <Point X="172.0" Y="99.0" />
  <Point X="170.0" Y="99.0" />
  <Point X="169.0" Y="99.0" />
  <Point X="167.66698474294313" Y="99.0" />
  <Point X="167.0" Y="99.0" />
  <Point X="166.0" Y="99.0" />
  <Point X="165.0" Y="99.0" />
  <Point X="164.0" Y="99.0" />
  <Point X="163.0" Y="98.0" />
  <Point X="162.185958368289" Y="98.0" />
  <Point X="161.0" Y="98.0" />
  <Point X="161.0" Y="97.0" />
  <Point X="160.0" Y="97.0" />
  <Point X="159.0" Y="97.0" />
  <Point X="158.0" Y="97.0" />
  <Point X="157.29071843126178" Y="97.0" />
  <Point X="157.0" Y="97.0" />
  <Point X="156.0" Y="97.0" />
  <Point X="155.0" Y="97.0" />
  <Point X="154.0" Y="97.0" />
  <Point X="153.0" Y="97.0" />
  <Point X="152.0" Y="97.0" />
  <Point X="151.39547849423457" Y="97.0" />
  <Point X="151.0" Y="97.0" />
  <Point X="150.0" Y="96.0" />
  <Point X="149.0" Y="96.0" />
  <Point X="147.0" Y="96.0" />
  <Point X="146.0" Y="96.0" />
  <Point X="145.91445211958043" Y="96.0" />
  <Point X="145.0" Y="96.0" />
  <Point X="144.0" Y="95.0" />
  <Point X="143.0" Y="95.0" />
  <Point X="142.0" Y="95.0" />
  <Point X="141.0" Y="95.0" />
  <Point X="140.4334257449263" Y="95.0" />
  <Point X="140.0" Y="95.0" />
  <Point X="139.0" Y="95.0" />
  <Point X="138.0" Y="95.0" />
  <Point X="137.0" Y="95.0" />
  <Point X="136.0" Y="95.0" />
  <Point X="135.0" Y="95.0" />
  <Point X="134.53818580789908" Y="95.0" />
  <Point X="134.0" Y="95.0" />
  <Point X="133.0" Y="95.0" />
  <Point X="133.0" Y="94.0" />
  <Point X="132.0" Y="94.0" />
  <Point X="131.0" Y="94.0" />
  <Point X="129.64294587087187" Y="94.0" />
  <Point X="129.0" Y="94.0" />
  <Point X="128.0" Y="94.0" />
  <Point X="127.0" Y="94.0" />
  <Point X="126.0" Y="94.0" />
  <Point X="125.0" Y="94.0" />
  <Point X="124.0" Y="94.0" />
  <Point X="123.74770593384464" Y="94.0" />
  <Point X="123.0" Y="94.0" />
  <Point X="121.0" Y="94.0" />
  <Point X="120.0" Y="94.0" />
  <Point X="119.0" Y="94.0" />
  <Point X="118.0" Y="94.0" />
  <Point X="117.85246599681741" Y="94.0" />
  <Point X="117.0" Y="94.0" />
  <Point X="116.0" Y="94.0" />
  <Point X="115.0" Y="94.0" />
  <Point X="114.0" Y="94.0" />
  <Point X="113.0" Y="94.0" />
  <Point X="112.0" Y="94.0" />
  <Point X="111.95722605979019" Y="94.0" />
  <Point X="111.0" Y="94.0" />
  <Point X="111.0" Y="93.0" />
  <Point X="110.0" Y="93.0" />
  <Point X="109.0" Y="93.0" />
  <Point X="108.0" Y="93.0" />
  <Point X="107.06198612276296" Y="93.0" />
  <Point X="107.0" Y="93.0" />
  <Point X="106.0" Y="93.0" />
  <Point X="105.0" Y="93.0" />
  <Point X="104.0" Y="93.0" />
  <Point X="103.0" Y="93.0" />
  <Point X="102.0" Y="93.0" />
  <Point X="101.16674618573573" Y="93.0" />
  <Point X="101.0" Y="93.0" />
  <Point X="100.0" Y="93.0" />
  <Point X="99.0" Y="93.0" />
  <Point X="98.0" Y="93.0" />
  <Point X="97.0" Y="93.0" />
  <Point X="96.0" Y="93.0" />
  <Point X="95.2715062487085" Y="93.0" />
  <Point X="95.0" Y="93.0" />
  <Point X="94.0" Y="93.0" />
  <Point X="93.0" Y="93.0" />
  <Point X="92.0" Y="93.0" />
  <Point X="91.0" Y="93.0" />
  <Point X="90.0" Y="93.0" />
  <Point X="89.37626631168128" Y="93.0" />
  <Point X="89.0" Y="93.0" />
  <Point X="88.0" Y="93.0" />
  <Point X="87.0" Y="93.0" />
  <Point X="86.0" Y="93.0" />
  <Point X="86.0" Y="94.0" />
  <Point X="85.0" Y="95.0" />
  <Point X="84.89523993702716" Y="95.0" />
  <Point X="84.0" Y="95.0" />
  <Point X="83.0" Y="95.0" />
  <Point X="82.0" Y="95.0" />
  <Point X="82.0" Y="96.0" />
  <Point X="81.0" Y="96.0" />
  <Point X="81.0" Y="97.0" />
</Project_1_Part_4>
