<?xml version="1.0" encoding="utf-8" standalone="yes"?>
<Gesture Name="right_curly_brace4" Subject="2" Number="2" NumPts="338">
  <Point X="105.0" Y="80.0" />
  <Point X="105.0" Y="81.0" />
  <Point X="106.0" Y="81.0" />
  <Point X="106.0" Y="82.0" />
  <Point X="106.0" Y="83.0" />
  <Point X="106.53217320531081" Y="83.0" />
  <Point X="107.0" Y="83.0" />
  <Point X="108.0" Y="84.0" />
  <Point X="109.0" Y="84.0" />
  <Point X="110.0" Y="84.0" />
  <Point X="110.0" Y="84.65013284824853" />
  <Point X="110.0" Y="85.0" />
  <Point X="111.0" Y="85.0" />
  <Point X="111.0" Y="86.0" />
  <Point X="112.0" Y="86.0" />
  <Point X="112.0" Y="87.0" />
  <Point X="112.18230605355934" Y="87.0" />
  <Point X="113.0" Y="87.0" />
  <Point X="114.0" Y="87.0" />
  <Point X="114.0" Y="88.0" />
  <Point X="115.0" Y="88.0" />
  <Point X="115.71447925887016" Y="88.0" />
  <Point X="116.0" Y="88.0" />
  <Point X="116.0" Y="89.0" />
  <Point X="117.0" Y="89.0" />
  <Point X="118.0" Y="89.0" />
  <Point X="118.0" Y="90.0" />
  <Point X="118.24665246418097" Y="90.0" />
  <Point X="119.0" Y="90.0" />
  <Point X="119.0" Y="91.0" />
  <Point X="120.0" Y="91.0" />
  <Point X="121.0" Y="91.0" />
  <Point X="121.0" Y="91.77882566949178" />
  <Point X="121.0" Y="92.0" />
  <Point X="122.0" Y="92.0" />
  <Point X="123.0" Y="92.0" />
  <Point X="123.0" Y="93.0" />
  <Point X="124.0" Y="93.0" />
  <Point X="124.31099887480259" Y="93.0" />
  <Point X="125.0" Y="93.0" />
  <Point X="126.0" Y="93.0" />
  <Point X="126.0" Y="94.0" />
  <Point X="127.0" Y="94.0" />
  <Point X="127.0" Y="94.8431720801134" />
  <Point X="127.0" Y="95.0" />
  <Point X="128.0" Y="95.0" />
  <Point X="129.0" Y="95.0" />
  <Point X="130.0" Y="96.0" />
  <Point X="130.96113172305112" Y="96.0" />
  <Point X="131.0" Y="96.0" />
  <Point X="132.0" Y="96.0" />
  <Point X="133.0" Y="96.0" />
  <Point X="134.0" Y="97.0" />
  <Point X="135.0" Y="97.0" />
  <Point X="135.0" Y="97.07909136598884" />
  <Point X="135.0" Y="98.0" />
  <Point X="136.0" Y="98.0" />
  <Point X="137.0" Y="98.0" />
  <Point X="138.0" Y="98.0" />
  <Point X="138.61126457129967" Y="98.0" />
  <Point X="139.0" Y="98.0" />
  <Point X="139.0" Y="99.0" />
  <Point X="140.0" Y="99.0" />
  <Point X="141.0" Y="99.0" />
  <Point X="142.0" Y="99.0" />
  <Point X="142.14343777661048" Y="99.0" />
  <Point X="143.0" Y="99.0" />
  <Point X="143.0" Y="100.0" />
  <Point X="144.0" Y="100.0" />
  <Point X="145.0" Y="100.0" />
  <Point X="145.47772910676065" Y="100.47772910676065" />
  <Point X="146.0" Y="101.0" />
  <Point X="147.0" Y="101.0" />
  <Point X="148.0" Y="101.0" />
  <Point X="149.0" Y="101.0" />
  <Point X="149.793570624859" Y="101.0" />
  <Point X="151.0" Y="101.0" />
  <Point X="151.0" Y="102.0" />
  <Point X="152.0" Y="103.0" />
  <Point X="152.9115302677967" Y="103.0" />
  <Point X="153.0" Y="103.0" />
  <Point X="154.0" Y="103.0" />
  <Point X="155.0" Y="103.0" />
  <Point X="156.0" Y="104.0" />
  <Point X="157.0" Y="104.0" />
  <Point X="157.0294899107344" Y="104.0" />
  <Point X="158.0" Y="104.0" />
  <Point X="158.0" Y="105.0" />
  <Point X="159.0" Y="105.0" />
  <Point X="160.0" Y="105.0" />
  <Point X="160.0" Y="105.56166311604522" />
  <Point X="160.0" Y="106.0" />
  <Point X="161.0" Y="106.0" />
  <Point X="161.0" Y="107.0" />
  <Point X="162.0" Y="107.0" />
  <Point X="163.0" Y="107.0" />
  <Point X="163.0" Y="107.09383632135604" />
  <Point X="163.0" Y="108.0" />
  <Point X="164.0" Y="109.0" />
  <Point X="164.0" Y="110.0" />
  <Point X="164.0" Y="111.0" />
  <Point X="164.0" Y="111.21179596429376" />
  <Point X="164.0" Y="112.0" />
  <Point X="165.0" Y="112.0" />
  <Point X="165.0" Y="113.0" />
  <Point X="165.0" Y="114.0" />
  <Point X="165.0" Y="114.74396916960457" />
  <Point X="165.0" Y="115.0" />
  <Point X="165.0" Y="116.0" />
  <Point X="165.0" Y="117.0" />
  <Point X="165.0" Y="118.0" />
  <Point X="165.0" Y="119.0" />
  <Point X="165.0" Y="119.27614237491538" />
  <Point X="165.0" Y="120.0" />
  <Point X="165.0" Y="121.0" />
  <Point X="165.0" Y="122.0" />
  <Point X="165.0" Y="123.0" />
  <Point X="165.0" Y="123.80831558022619" />
  <Point X="165.0" Y="124.0" />
  <Point X="165.0" Y="125.0" />
  <Point X="165.0" Y="126.0" />
  <Point X="164.0" Y="126.0" />
  <Point X="164.0" Y="127.0" />
  <Point X="164.0" Y="127.340488785537" />
  <Point X="164.0" Y="128.0" />
  <Point X="163.0" Y="128.0" />
  <Point X="163.0" Y="129.0" />
  <Point X="162.0" Y="129.0" />
  <Point X="162.0" Y="129.87266199084783" />
  <Point X="162.0" Y="130.0" />
  <Point X="161.0" Y="131.0" />
  <Point X="161.0" Y="132.0" />
  <Point X="161.0" Y="133.0" />
  <Point X="160.00937836621443" Y="133.0" />
  <Point X="160.0" Y="133.0" />
  <Point X="159.0" Y="134.0" />
  <Point X="158.0" Y="134.0" />
  <Point X="158.0" Y="135.0" />
  <Point X="158.0" Y="136.0" />
  <Point X="157.89141872327673" Y="136.0" />
  <Point X="157.0" Y="136.0" />
  <Point X="157.0" Y="137.0" />
  <Point X="156.0" Y="137.0" />
  <Point X="156.0" Y="138.0" />
  <Point X="155.35924551796592" Y="138.0" />
  <Point X="155.0" Y="138.0" />
  <Point X="155.0" Y="139.0" />
  <Point X="154.0" Y="139.0" />
  <Point X="154.0" Y="140.0" />
  <Point X="153.0" Y="140.0" />
  <Point X="152.8270723126551" Y="140.0" />
  <Point X="152.0" Y="140.0" />
  <Point X="153.0" Y="140.0" />
  <Point X="154.0" Y="140.0" />
  <Point X="155.0" Y="140.0" />
  <Point X="155.7051008926557" Y="140.0" />
  <Point X="156.0" Y="140.0" />
  <Point X="157.0" Y="140.0" />
  <Point X="158.0" Y="140.0" />
  <Point X="159.0" Y="140.0" />
  <Point X="160.0" Y="140.0" />
  <Point X="160.23727409796652" Y="140.0" />
  <Point X="161.0" Y="140.0" />
  <Point X="162.0" Y="140.0" />
  <Point X="163.0" Y="140.0" />
  <Point X="164.0" Y="140.0" />
  <Point X="164.76944730327733" Y="140.0" />
  <Point X="165.0" Y="140.0" />
  <Point X="166.0" Y="140.0" />
  <Point X="167.0" Y="140.0" />
  <Point X="168.0" Y="140.0" />
  <Point X="169.0" Y="140.0" />
  <Point X="169.0" Y="139.69837949141186" />
  <Point X="169.0" Y="139.0" />
  <Point X="170.0" Y="139.0" />
  <Point X="171.0" Y="139.0" />
  <Point X="172.0" Y="139.0" />
  <Point X="172.83379371389896" Y="139.0" />
  <Point X="173.0" Y="139.0" />
  <Point X="174.0" Y="139.0" />
  <Point X="175.0" Y="139.0" />
  <Point X="176.0" Y="139.0" />
  <Point X="177.0" Y="139.0" />
  <Point X="177.36596691920977" Y="139.0" />
  <Point X="178.0" Y="139.0" />
  <Point X="179.0" Y="139.0" />
  <Point X="178.0" Y="139.0" />
  <Point X="177.0" Y="139.0" />
  <Point X="176.10185987547942" Y="139.0" />
  <Point X="176.0" Y="139.0" />
  <Point X="175.0" Y="139.0" />
  <Point X="175.0" Y="140.0" />
  <Point X="174.0" Y="140.0" />
  <Point X="173.0" Y="140.0" />
  <Point X="172.5696866701686" Y="140.0" />
  <Point X="172.0" Y="140.0" />
  <Point X="172.0" Y="141.0" />
  <Point X="171.0" Y="141.0" />
  <Point X="170.0" Y="141.0" />
  <Point X="169.0375134648578" Y="141.0" />
  <Point X="169.0" Y="141.0" />
  <Point X="169.0" Y="142.0" />
  <Point X="168.0" Y="142.0" />
  <Point X="167.0" Y="142.0" />
  <Point X="166.0" Y="143.0" />
  <Point X="165.9195538219201" Y="143.0" />
  <Point X="165.0" Y="143.0" />
  <Point X="165.0" Y="144.0" />
  <Point X="164.0" Y="144.0" />
  <Point X="163.0" Y="144.0" />
  <Point X="162.56681267971808" Y="144.43318732028192" />
  <Point X="162.0" Y="145.0" />
  <Point X="161.0" Y="145.0" />
  <Point X="160.0" Y="145.0" />
  <Point X="160.0" Y="146.0" />
  <Point X="159.26942097367154" Y="146.0" />
  <Point X="159.0" Y="146.0" />
  <Point X="158.0" Y="146.0" />
  <Point X="158.0" Y="147.0" />
  <Point X="159.0" Y="148.0" />
  <Point X="159.0" Y="148.8485386692662" />
  <Point X="159.0" Y="149.0" />
  <Point X="160.0" Y="149.0" />
  <Point X="160.0" Y="150.0" />
  <Point X="161.0" Y="150.0" />
  <Point X="161.0" Y="151.0" />
  <Point X="161.380711874577" Y="151.0" />
  <Point X="162.0" Y="151.0" />
  <Point X="163.0" Y="152.0" />
  <Point X="163.0" Y="153.0" />
  <Point X="164.0" Y="153.0" />
  <Point X="164.0" Y="153.4986715175147" />
  <Point X="164.0" Y="154.0" />
  <Point X="165.0" Y="154.0" />
  <Point X="165.0" Y="155.0" />
  <Point X="166.0" Y="155.0" />
  <Point X="166.0" Y="156.0" />
  <Point X="166.03084472282552" Y="156.0" />
  <Point X="167.0" Y="156.0" />
  <Point X="167.0" Y="157.0" />
  <Point X="168.0" Y="158.0" />
  <Point X="168.0" Y="159.0" />
  <Point X="168.14880436576323" Y="159.0" />
  <Point X="169.0" Y="159.0" />
  <Point X="169.0" Y="160.0" />
  <Point X="170.0" Y="161.0" />
  <Point X="170.8957374207155" Y="161.8957374207155" />
  <Point X="171.0" Y="162.0" />
  <Point X="171.0" Y="163.0" />
  <Point X="172.0" Y="163.0" />
  <Point X="172.0" Y="164.0" />
  <Point X="172.0" Y="165.0" />
  <Point X="172.0" Y="165.3847236516387" />
  <Point X="172.0" Y="166.0" />
  <Point X="172.0" Y="167.0" />
  <Point X="172.0" Y="168.0" />
  <Point X="172.0" Y="169.0" />
  <Point X="171.35165601480236" Y="169.64834398519764" />
  <Point X="171.0" Y="170.0" />
  <Point X="170.0" Y="170.0" />
  <Point X="170.0" Y="171.0" />
  <Point X="170.0" Y="172.0" />
  <Point X="169.0" Y="172.0" />
  <Point X="169.0" Y="172.03485649988724" />
  <Point X="169.0" Y="173.0" />
  <Point X="168.0" Y="174.0" />
  <Point X="168.0" Y="175.0" />
  <Point X="167.0" Y="175.0" />
  <Point X="166.84718385717503" Y="175.0" />
  <Point X="166.0" Y="175.0" />
  <Point X="166.0" Y="176.0" />
  <Point X="166.0" Y="177.0" />
  <Point X="165.0" Y="177.0" />
  <Point X="164.51563938689264" Y="177.48436061310736" />
  <Point X="164.0" Y="178.0" />
  <Point X="163.0" Y="178.0" />
  <Point X="163.0" Y="179.0" />
  <Point X="162.0" Y="179.0" />
  <Point X="161.43222932346504" Y="179.56777067653496" />
  <Point X="161.0" Y="180.0" />
  <Point X="160.0" Y="180.0" />
  <Point X="160.0" Y="181.0" />
  <Point X="159.0" Y="181.0" />
  <Point X="159.0" Y="181.9209086340112" />
  <Point X="159.0" Y="182.0" />
  <Point X="158.0" Y="182.0" />
  <Point X="157.0" Y="182.0" />
  <Point X="157.0" Y="183.0" />
  <Point X="156.0" Y="183.0" />
  <Point X="155.546918160678" Y="183.0" />
  <Point X="155.0" Y="183.0" />
  <Point X="155.0" Y="184.0" />
  <Point X="154.0" Y="185.0" />
  <Point X="153.0" Y="185.0" />
  <Point X="153.0" Y="185.57104148225972" />
  <Point X="153.0" Y="186.0" />
  <Point X="152.0" Y="186.0" />
  <Point X="151.0" Y="186.0" />
  <Point X="151.0" Y="187.0" />
  <Point X="150.0" Y="187.0" />
  <Point X="149.89678531242947" Y="187.0" />
  <Point X="149.0" Y="187.0" />
  <Point X="149.0" Y="188.0" />
  <Point X="148.0" Y="188.0" />
  <Point X="147.0" Y="188.0" />
  <Point X="147.0" Y="188.63538789288134" />
  <Point X="147.0" Y="189.0" />
  <Point X="146.0" Y="189.0" />
  <Point X="145.0" Y="190.0" />
  <Point X="144.0" Y="190.0" />
  <Point X="144.0" Y="190.75334753581905" />
  <Point X="144.0" Y="191.0" />
  <Point X="143.0" Y="191.0" />
  <Point X="142.0" Y="191.0" />
  <Point X="141.0" Y="191.0" />
  <Point X="140.0909995665911" Y="191.9090004334089" />
  <Point X="140.0" Y="192.0" />
  <Point X="139.0" Y="192.0" />
  <Point X="138.0" Y="192.0" />
  <Point X="137.0" Y="192.0" />
  <Point X="137.0" Y="193.0" />
  <Point X="136.5965196159324" Y="193.0" />
  <Point X="136.0" Y="193.0" />
  <Point X="136.0" Y="194.0" />
  <Point X="135.0" Y="194.0" />
  <Point X="134.0" Y="194.0" />
  <Point X="133.0643464106216" Y="194.0" />
  <Point X="133.0" Y="194.0" />
  <Point X="132.0" Y="194.0" />
  <Point X="132.0" Y="193.0" />
  <Point X="132.0" Y="192.0" />
  <Point X="132.0" Y="191.0" />
  <Point X="132.0" Y="190.53217320531078" />
  <Point X="132.0" Y="190.0" />
  <Point X="132.0" Y="189.0" />
  <Point X="132.0" Y="188.0" />
  <Point X="133.0" Y="188.0" />
  <Point X="133.0" Y="187.0" />
</Project_1_Part_4>
