<?xml version="1.0" encoding="utf-8" standalone="yes"?>
<Gesture Name="right_sq_bracket2" Subject="2" Number="2" NumPts="353">
  <Point X="83.0" Y="80.0" />
  <Point X="84.0" Y="80.0" />
  <Point X="85.0" Y="80.0" />
  <Point X="86.0" Y="80.0" />
  <Point X="87.0" Y="80.0" />
  <Point X="88.0" Y="80.0" />
  <Point X="88.09841361930727" Y="80.0" />
  <Point X="89.0" Y="80.0" />
  <Point X="90.0" Y="80.0" />
  <Point X="91.0" Y="80.0" />
  <Point X="92.0" Y="80.0" />
  <Point X="93.0" Y="80.0" />
  <Point X="93.19682723861453" Y="80.0" />
  <Point X="94.0" Y="80.0" />
  <Point X="94.0" Y="81.0" />
  <Point X="95.0" Y="81.0" />
  <Point X="96.0" Y="81.0" />
  <Point X="96.0" Y="82.0" />
  <Point X="96.2952408579218" Y="82.0" />
  <Point X="97.0" Y="82.0" />
  <Point X="98.0" Y="82.0" />
  <Point X="99.0" Y="82.0" />
  <Point X="100.0" Y="82.0" />
  <Point X="101.0" Y="82.0" />
  <Point X="101.39365447722906" Y="82.0" />
  <Point X="102.0" Y="82.0" />
  <Point X="103.0" Y="82.0" />
  <Point X="104.0" Y="82.0" />
  <Point X="105.0" Y="82.0" />
  <Point X="106.0" Y="82.0" />
  <Point X="106.49206809653633" Y="82.0" />
  <Point X="107.0" Y="82.0" />
  <Point X="108.0" Y="82.0" />
  <Point X="109.0" Y="82.0" />
  <Point X="110.0" Y="82.0" />
  <Point X="111.0" Y="82.0" />
  <Point X="111.5904817158436" Y="82.0" />
  <Point X="112.0" Y="82.0" />
  <Point X="113.0" Y="82.0" />
  <Point X="114.0" Y="82.0" />
  <Point X="115.0" Y="82.0" />
  <Point X="116.0" Y="82.0" />
  <Point X="116.68889533515086" Y="82.0" />
  <Point X="117.0" Y="82.0" />
  <Point X="118.0" Y="82.0" />
  <Point X="119.0" Y="82.0" />
  <Point X="120.0" Y="82.0" />
  <Point X="121.0" Y="82.0" />
  <Point X="121.78730895445813" Y="82.0" />
  <Point X="122.0" Y="82.0" />
  <Point X="123.0" Y="82.0" />
  <Point X="124.0" Y="82.0" />
  <Point X="125.0" Y="82.0" />
  <Point X="126.0" Y="82.0" />
  <Point X="126.88572257376539" Y="82.0" />
  <Point X="127.0" Y="82.0" />
  <Point X="128.0" Y="82.0" />
  <Point X="130.0" Y="82.0" />
  <Point X="131.0" Y="82.0" />
  <Point X="131.98413619307266" Y="82.0" />
  <Point X="132.0" Y="82.0" />
  <Point X="133.0" Y="82.0" />
  <Point X="134.0" Y="82.0" />
  <Point X="135.0" Y="82.0" />
  <Point X="136.0" Y="82.0" />
  <Point X="137.0" Y="82.0" />
  <Point X="137.0825498123799" Y="82.0" />
  <Point X="138.0" Y="82.0" />
  <Point X="139.0" Y="82.0" />
  <Point X="141.0" Y="82.0" />
  <Point X="142.0" Y="82.0" />
  <Point X="142.18096343168716" Y="82.0" />
  <Point X="143.0" Y="82.0" />
  <Point X="144.0" Y="82.0" />
  <Point X="145.0" Y="82.0" />
  <Point X="146.0" Y="82.0" />
  <Point X="147.0" Y="82.0" />
  <Point X="147.2793770509944" Y="82.0" />
  <Point X="148.0" Y="82.0" />
  <Point X="149.0" Y="82.0" />
  <Point X="150.0" Y="82.0" />
  <Point X="151.0" Y="82.0" />
  <Point X="152.0" Y="82.0" />
  <Point X="152.37779067030166" Y="82.0" />
  <Point X="153.0" Y="82.0" />
  <Point X="154.0" Y="82.0" />
  <Point X="156.0" Y="82.0" />
  <Point X="157.0" Y="82.0" />
  <Point X="157.47620428960892" Y="82.0" />
  <Point X="158.0" Y="82.0" />
  <Point X="159.0" Y="82.0" />
  <Point X="160.0" Y="82.0" />
  <Point X="161.0" Y="82.0" />
  <Point X="162.0" Y="82.0" />
  <Point X="162.57461790891617" Y="82.0" />
  <Point X="163.0" Y="82.0" />
  <Point X="164.0" Y="82.0" />
  <Point X="165.0" Y="82.0" />
  <Point X="166.0" Y="82.0" />
  <Point X="167.0" Y="82.0" />
  <Point X="167.67303152822342" Y="82.0" />
  <Point X="168.0" Y="82.0" />
  <Point X="169.0" Y="82.0" />
  <Point X="170.0" Y="82.0" />
  <Point X="171.0" Y="82.0" />
  <Point X="171.0" Y="81.0" />
  <Point X="171.77144514753067" Y="81.0" />
  <Point X="172.0" Y="81.0" />
  <Point X="173.0" Y="81.0" />
  <Point X="174.0" Y="81.0" />
  <Point X="175.0" Y="81.0" />
  <Point X="176.0" Y="81.0" />
  <Point X="176.86985876683792" Y="81.0" />
  <Point X="177.0" Y="81.0" />
  <Point X="178.0" Y="81.0" />
  <Point X="179.0" Y="81.0" />
  <Point X="179.0" Y="80.0" />
  <Point X="180.0" Y="80.0" />
  <Point X="180.96827238614517" Y="80.0" />
  <Point X="181.0" Y="80.0" />
  <Point X="182.0" Y="80.0" />
  <Point X="183.0" Y="80.0" />
  <Point X="184.0" Y="80.0" />
  <Point X="185.0" Y="80.0" />
  <Point X="185.0" Y="81.0" />
  <Point X="185.0" Y="81.06668600545244" />
  <Point X="185.0" Y="82.0" />
  <Point X="185.0" Y="83.0" />
  <Point X="186.0" Y="83.0" />
  <Point X="186.0" Y="84.0" />
  <Point X="186.0" Y="85.0" />
  <Point X="186.0" Y="85.1650996247597" />
  <Point X="186.0" Y="86.0" />
  <Point X="186.0" Y="87.0" />
  <Point X="186.0" Y="88.0" />
  <Point X="186.0" Y="89.0" />
  <Point X="187.0" Y="89.0" />
  <Point X="187.0" Y="89.26351324406697" />
  <Point X="187.0" Y="90.0" />
  <Point X="187.0" Y="91.0" />
  <Point X="187.0" Y="92.0" />
  <Point X="187.0" Y="94.0" />
  <Point X="187.2559209393855" Y="94.2559209393855" />
  <Point X="188.0" Y="95.0" />
  <Point X="188.0" Y="96.0" />
  <Point X="188.0" Y="97.0" />
  <Point X="188.0" Y="98.0" />
  <Point X="188.0" Y="99.0" />
  <Point X="188.0461269203084" Y="99.0" />
  <Point X="189.0" Y="99.0" />
  <Point X="189.0" Y="101.0" />
  <Point X="189.0" Y="102.0" />
  <Point X="189.0" Y="103.0" />
  <Point X="189.0" Y="103.14454053961568" />
  <Point X="189.0" Y="104.0" />
  <Point X="189.0" Y="105.0" />
  <Point X="189.0" Y="106.0" />
  <Point X="189.0" Y="108.0" />
  <Point X="189.0" Y="108.24295415892294" />
  <Point X="189.0" Y="109.0" />
  <Point X="189.0" Y="111.0" />
  <Point X="189.0" Y="112.0" />
  <Point X="189.0" Y="113.0" />
  <Point X="189.0" Y="113.34136777823021" />
  <Point X="189.0" Y="114.0" />
  <Point X="189.0" Y="115.0" />
  <Point X="189.0" Y="117.0" />
  <Point X="189.0" Y="118.0" />
  <Point X="189.0" Y="118.43978139753747" />
  <Point X="189.0" Y="119.0" />
  <Point X="189.0" Y="120.0" />
  <Point X="189.0" Y="122.0" />
  <Point X="189.0" Y="123.0" />
  <Point X="189.0" Y="123.53819501684474" />
  <Point X="189.0" Y="124.0" />
  <Point X="189.0" Y="125.0" />
  <Point X="189.0" Y="126.0" />
  <Point X="189.0" Y="127.0" />
  <Point X="189.0" Y="128.0" />
  <Point X="189.0" Y="128.636608636152" />
  <Point X="189.0" Y="129.0" />
  <Point X="189.0" Y="130.0" />
  <Point X="189.0" Y="132.0" />
  <Point X="189.0" Y="133.0" />
  <Point X="189.0" Y="133.73502225545926" />
  <Point X="189.0" Y="134.0" />
  <Point X="189.0" Y="135.0" />
  <Point X="189.0" Y="136.0" />
  <Point X="189.0" Y="138.0" />
  <Point X="189.0" Y="138.8334358747665" />
  <Point X="189.0" Y="139.0" />
  <Point X="189.0" Y="140.0" />
  <Point X="189.0" Y="141.0" />
  <Point X="189.0" Y="142.0" />
  <Point X="189.0" Y="143.0" />
  <Point X="189.0" Y="143.93184949407376" />
  <Point X="189.0" Y="144.0" />
  <Point X="189.0" Y="146.0" />
  <Point X="189.0" Y="147.0" />
  <Point X="188.0" Y="148.0" />
  <Point X="188.0" Y="148.61604955100793" />
  <Point X="188.0" Y="149.0" />
  <Point X="188.0" Y="150.0" />
  <Point X="187.0" Y="151.0" />
  <Point X="187.0" Y="152.0" />
  <Point X="187.0" Y="153.0" />
  <Point X="187.0" Y="153.3002496079421" />
  <Point X="187.0" Y="154.0" />
  <Point X="187.0" Y="155.0" />
  <Point X="187.0" Y="156.0" />
  <Point X="187.0" Y="157.0" />
  <Point X="187.0" Y="158.0" />
  <Point X="186.71810252860226" Y="158.28189747139774" />
  <Point X="186.0" Y="159.0" />
  <Point X="186.0" Y="160.0" />
  <Point X="186.0" Y="161.0" />
  <Point X="186.0" Y="162.0" />
  <Point X="186.0" Y="163.0" />
  <Point X="185.94140680984245" Y="163.05859319015755" />
  <Point X="185.0" Y="164.0" />
  <Point X="185.0" Y="165.0" />
  <Point X="185.0" Y="166.0" />
  <Point X="185.0" Y="167.0" />
  <Point X="185.0" Y="167.76706334111768" />
  <Point X="185.0" Y="168.0" />
  <Point X="185.0" Y="169.0" />
  <Point X="185.0" Y="170.0" />
  <Point X="185.0" Y="171.0" />
  <Point X="185.0" Y="172.0" />
  <Point X="185.0" Y="172.86547696042493" />
  <Point X="185.0" Y="174.0" />
  <Point X="184.0" Y="174.0" />
  <Point X="184.0" Y="175.0" />
  <Point X="184.0" Y="176.0" />
  <Point X="183.03610942026782" Y="176.0" />
  <Point X="183.0" Y="176.0" />
  <Point X="183.0" Y="177.0" />
  <Point X="183.0" Y="178.0" />
  <Point X="183.0" Y="179.0" />
  <Point X="183.0" Y="180.0" />
  <Point X="183.0" Y="181.0" />
  <Point X="183.0" Y="181.06230419903943" />
  <Point X="183.0" Y="182.0" />
  <Point X="183.0" Y="183.0" />
  <Point X="183.0" Y="184.0" />
  <Point X="183.0" Y="185.0" />
  <Point X="182.0" Y="185.0" />
  <Point X="181.83928218165332" Y="185.0" />
  <Point X="181.0" Y="185.0" />
  <Point X="180.0" Y="185.0" />
  <Point X="179.0" Y="185.0" />
  <Point X="178.0" Y="185.0" />
  <Point X="177.0" Y="185.0" />
  <Point X="176.74086856234607" Y="185.0" />
  <Point X="176.0" Y="185.0" />
  <Point X="175.0" Y="185.0" />
  <Point X="174.0" Y="185.0" />
  <Point X="173.0" Y="185.0" />
  <Point X="172.0" Y="185.0" />
  <Point X="171.6424549430388" Y="185.0" />
  <Point X="171.0" Y="185.0" />
  <Point X="169.0" Y="185.0" />
  <Point X="168.0" Y="185.0" />
  <Point X="167.0" Y="185.0" />
  <Point X="166.54404132373156" Y="185.0" />
  <Point X="166.0" Y="185.0" />
  <Point X="165.0" Y="185.0" />
  <Point X="164.0" Y="185.0" />
  <Point X="164.0" Y="184.0" />
  <Point X="163.0" Y="184.0" />
  <Point X="162.4456277044243" Y="184.0" />
  <Point X="162.0" Y="184.0" />
  <Point X="161.0" Y="184.0" />
  <Point X="159.0" Y="184.0" />
  <Point X="158.0" Y="184.0" />
  <Point X="157.34721408511706" Y="184.0" />
  <Point X="156.0" Y="184.0" />
  <Point X="155.0" Y="184.0" />
  <Point X="154.0" Y="184.0" />
  <Point X="153.0" Y="184.0" />
  <Point X="152.2488004658098" Y="184.0" />
  <Point X="151.0" Y="184.0" />
  <Point X="150.0" Y="184.0" />
  <Point X="149.0" Y="184.0" />
  <Point X="148.0" Y="184.0" />
  <Point X="147.15038684650256" Y="184.0" />
  <Point X="147.0" Y="184.0" />
  <Point X="146.0" Y="183.0" />
  <Point X="144.0" Y="183.0" />
  <Point X="143.0" Y="183.0" />
  <Point X="142.46618678956838" Y="183.0" />
  <Point X="142.0" Y="183.0" />
  <Point X="141.0" Y="183.0" />
  <Point X="140.0" Y="183.0" />
  <Point X="139.0" Y="182.0" />
  <Point X="137.7819867326342" Y="182.0" />
  <Point X="137.0" Y="182.0" />
  <Point X="136.0" Y="182.0" />
  <Point X="135.0" Y="182.0" />
  <Point X="134.0" Y="182.0" />
  <Point X="132.68357311332696" Y="182.0" />
  <Point X="132.0" Y="182.0" />
  <Point X="130.0" Y="182.0" />
  <Point X="128.0" Y="182.0" />
  <Point X="127.62895537152305" Y="181.81447768576152" />
  <Point X="126.0" Y="181.0" />
  <Point X="125.0" Y="181.0" />
  <Point X="123.0" Y="181.0" />
  <Point X="122.72281385221221" Y="181.0" />
  <Point X="121.0" Y="181.0" />
  <Point X="120.0" Y="181.0" />
  <Point X="119.0" Y="181.0" />
  <Point X="117.76962616437703" Y="180.38481308218851" />
  <Point X="117.0" Y="180.0" />
  <Point X="116.0" Y="180.0" />
  <Point X="115.0" Y="180.0" />
  <Point X="114.0" Y="180.0" />
  <Point X="113.0" Y="180.0" />
  <Point X="113.0" Y="179.76205459109747" />
  <Point X="113.0" Y="179.0" />
  <Point X="111.0" Y="179.0" />
  <Point X="110.0" Y="179.0" />
  <Point X="109.0" Y="179.0" />
  <Point X="108.6636409717902" Y="179.0" />
  <Point X="108.0" Y="179.0" />
  <Point X="107.0" Y="179.0" />
  <Point X="105.0" Y="179.0" />
  <Point X="104.0" Y="179.0" />
  <Point X="103.56522735248294" Y="179.0" />
  <Point X="103.0" Y="179.0" />
  <Point X="102.0" Y="179.0" />
  <Point X="101.0" Y="179.0" />
  <Point X="100.0" Y="179.0" />
  <Point X="99.0" Y="179.0" />
  <Point X="98.46681373317567" Y="179.0" />
  <Point X="98.0" Y="179.0" />
  <Point X="97.0" Y="178.0" />
  <Point X="96.0" Y="178.0" />
  <Point X="95.0" Y="178.0" />
  <Point X="94.0" Y="178.0" />
  <Point X="93.7826136762415" Y="178.0" />
  <Point X="93.0" Y="178.0" />
  <Point X="92.0" Y="178.0" />
  <Point X="91.0" Y="178.0" />
  <Point X="90.0" Y="178.0" />
  <Point X="89.0" Y="178.0" />
  <Point X="88.68420005693423" Y="178.0" />
  <Point X="88.0" Y="178.0" />
  <Point X="89.0" Y="177.0" />
  <Point X="90.0" Y="177.0" />
  <Point X="91.0" Y="177.0" />
  <Point X="91.0" Y="176.00000000000006" />
  <Point X="91.0" Y="176.0" />
</Project_1_Part_4>
