<?xml version="1.0" encoding="utf-8" standalone="yes"?>
<Gesture Name="right_sq_bracket10" Subject="2" Number="2" NumPts="379">
  <Point X="96.0" Y="85.0" />
  <Point X="97.0" Y="85.0" />
  <Point X="97.0" Y="86.0" />
  <Point X="98.0" Y="86.0" />
  <Point X="99.0" Y="86.0" />
  <Point X="100.0" Y="86.0" />
  <Point X="100.0" Y="86.65036122303337" />
  <Point X="100.0" Y="87.0" />
  <Point X="101.0" Y="87.0" />
  <Point X="102.0" Y="87.0" />
  <Point X="103.0" Y="87.0" />
  <Point X="104.0" Y="87.0" />
  <Point X="105.0" Y="87.0" />
  <Point X="105.30072244606674" Y="87.0" />
  <Point X="106.0" Y="87.0" />
  <Point X="107.0" Y="87.0" />
  <Point X="108.0" Y="88.0" />
  <Point X="109.0" Y="88.0" />
  <Point X="110.0" Y="88.0" />
  <Point X="110.53687010672702" Y="88.0" />
  <Point X="111.0" Y="88.0" />
  <Point X="112.0" Y="88.0" />
  <Point X="113.0" Y="88.0" />
  <Point X="114.0" Y="88.0" />
  <Point X="115.0" Y="88.0" />
  <Point X="116.0" Y="88.0" />
  <Point X="116.1872313297604" Y="88.0" />
  <Point X="117.0" Y="88.0" />
  <Point X="118.0" Y="88.0" />
  <Point X="119.0" Y="88.0" />
  <Point X="120.0" Y="88.0" />
  <Point X="121.0" Y="88.0" />
  <Point X="121.83759255279377" Y="88.0" />
  <Point X="122.0" Y="88.0" />
  <Point X="123.0" Y="88.0" />
  <Point X="124.0" Y="88.0" />
  <Point X="125.0" Y="88.0" />
  <Point X="126.0" Y="88.0" />
  <Point X="127.0" Y="88.0" />
  <Point X="127.48795377582714" Y="88.0" />
  <Point X="128.0" Y="88.0" />
  <Point X="129.0" Y="88.0" />
  <Point X="130.0" Y="88.0" />
  <Point X="131.0" Y="88.0" />
  <Point X="133.0" Y="88.0" />
  <Point X="133.13831499886052" Y="88.0" />
  <Point X="134.0" Y="88.0" />
  <Point X="136.0" Y="88.0" />
  <Point X="137.0" Y="88.0" />
  <Point X="138.0" Y="88.0" />
  <Point X="138.7886762218939" Y="88.0" />
  <Point X="140.0" Y="88.0" />
  <Point X="141.0" Y="88.0" />
  <Point X="143.0" Y="88.0" />
  <Point X="144.0" Y="88.0" />
  <Point X="144.43903744492727" Y="88.0" />
  <Point X="145.0" Y="88.0" />
  <Point X="146.0" Y="88.0" />
  <Point X="147.0" Y="88.0" />
  <Point X="148.0" Y="88.0" />
  <Point X="149.0" Y="88.0" />
  <Point X="150.0" Y="88.0" />
  <Point X="150.08939866796064" Y="88.0" />
  <Point X="151.0" Y="88.0" />
  <Point X="152.0" Y="88.0" />
  <Point X="153.0" Y="88.0" />
  <Point X="154.0" Y="88.0" />
  <Point X="155.0" Y="88.0" />
  <Point X="155.0" Y="87.26024010900599" />
  <Point X="155.0" Y="87.0" />
  <Point X="156.0" Y="87.0" />
  <Point X="158.0" Y="87.0" />
  <Point X="159.0" Y="87.0" />
  <Point X="160.0" Y="87.0" />
  <Point X="160.39012111402738" Y="87.0" />
  <Point X="161.0" Y="87.0" />
  <Point X="162.0" Y="87.0" />
  <Point X="163.0" Y="87.0" />
  <Point X="163.0" Y="86.0" />
  <Point X="164.0" Y="86.0" />
  <Point X="165.0" Y="86.0" />
  <Point X="165.0" Y="85.95951766293925" />
  <Point X="165.0" Y="85.0" />
  <Point X="166.0" Y="85.0" />
  <Point X="167.0" Y="85.0" />
  <Point X="168.0" Y="85.0" />
  <Point X="169.0" Y="85.0" />
  <Point X="169.69084356009412" Y="85.0" />
  <Point X="170.0" Y="85.0" />
  <Point X="171.0" Y="85.0" />
  <Point X="171.0" Y="84.0" />
  <Point X="172.0" Y="84.0" />
  <Point X="173.0" Y="84.0" />
  <Point X="174.0" Y="84.0" />
  <Point X="174.3412047831275" Y="84.0" />
  <Point X="175.0" Y="84.0" />
  <Point X="176.0" Y="83.0" />
  <Point X="177.0" Y="83.0" />
  <Point X="178.0" Y="83.0" />
  <Point X="179.0" Y="83.0" />
  <Point X="179.5773524437878" Y="83.0" />
  <Point X="180.0" Y="83.0" />
  <Point X="181.0" Y="83.0" />
  <Point X="182.0" Y="83.0" />
  <Point X="183.0" Y="83.0" />
  <Point X="183.0" Y="82.0" />
  <Point X="184.0" Y="82.0" />
  <Point X="184.22771366682116" Y="82.0" />
  <Point X="185.0" Y="82.0" />
  <Point X="186.0" Y="82.0" />
  <Point X="187.0" Y="82.0" />
  <Point X="188.0" Y="82.0" />
  <Point X="189.0" Y="82.0" />
  <Point X="189.87807488985453" Y="82.0" />
  <Point X="190.0" Y="82.0" />
  <Point X="191.0" Y="82.0" />
  <Point X="192.0" Y="82.0" />
  <Point X="193.0" Y="82.0" />
  <Point X="194.0" Y="82.0" />
  <Point X="195.0" Y="82.0" />
  <Point X="195.5284361128879" Y="82.0" />
  <Point X="196.0" Y="82.0" />
  <Point X="197.0" Y="82.0" />
  <Point X="198.0" Y="82.0" />
  <Point X="199.0" Y="82.0" />
  <Point X="200.0" Y="82.0" />
  <Point X="201.0" Y="82.0" />
  <Point X="201.17879733592127" Y="82.0" />
  <Point X="202.0" Y="82.0" />
  <Point X="203.0" Y="82.0" />
  <Point X="204.0" Y="82.0" />
  <Point X="205.0" Y="82.0" />
  <Point X="205.0" Y="83.0" />
  <Point X="205.82915855895465" Y="83.0" />
  <Point X="206.0" Y="83.0" />
  <Point X="206.0" Y="84.0" />
  <Point X="207.0" Y="84.0" />
  <Point X="207.0" Y="85.0" />
  <Point X="208.0" Y="86.0" />
  <Point X="208.0" Y="87.0" />
  <Point X="208.04617847074337" Y="87.04617847074337" />
  <Point X="209.0" Y="88.0" />
  <Point X="209.0" Y="89.0" />
  <Point X="209.0" Y="90.0" />
  <Point X="210.0" Y="90.0" />
  <Point X="210.0" Y="91.0" />
  <Point X="210.0" Y="91.3014538802752" />
  <Point X="210.0" Y="92.0" />
  <Point X="211.0" Y="92.0" />
  <Point X="211.0" Y="93.0" />
  <Point X="212.0" Y="93.0" />
  <Point X="212.0" Y="94.0" />
  <Point X="212.0" Y="94.95181510330858" />
  <Point X="212.0" Y="95.0" />
  <Point X="212.0" Y="96.0" />
  <Point X="213.0" Y="96.0" />
  <Point X="213.0" Y="97.0" />
  <Point X="213.0" Y="98.0" />
  <Point X="213.0" Y="99.0" />
  <Point X="213.0" Y="99.60217632634195" />
  <Point X="213.0" Y="100.0" />
  <Point X="214.0" Y="100.0" />
  <Point X="214.0" Y="101.0" />
  <Point X="215.0" Y="103.0" />
  <Point X="215.0" Y="104.0" />
  <Point X="215.01164574595643" Y="104.01164574595643" />
  <Point X="216.0" Y="105.0" />
  <Point X="216.0" Y="106.0" />
  <Point X="216.0" Y="107.0" />
  <Point X="217.0" Y="109.0" />
  <Point X="217.0" Y="109.01654925503603" />
  <Point X="217.0" Y="110.0" />
  <Point X="217.0" Y="111.0" />
  <Point X="217.0" Y="112.0" />
  <Point X="217.0" Y="113.0" />
  <Point X="218.0" Y="113.0" />
  <Point X="218.0" Y="113.6669104780694" />
  <Point X="218.0" Y="114.0" />
  <Point X="219.0" Y="114.0" />
  <Point X="219.0" Y="115.0" />
  <Point X="219.0" Y="116.0" />
  <Point X="219.0" Y="117.0" />
  <Point X="219.0" Y="118.0" />
  <Point X="219.0" Y="118.31727170110277" />
  <Point X="219.0" Y="119.0" />
  <Point X="219.0" Y="120.0" />
  <Point X="220.0" Y="121.0" />
  <Point X="220.0" Y="122.0" />
  <Point X="220.0" Y="123.0" />
  <Point X="220.0" Y="123.55341936176305" />
  <Point X="220.0" Y="124.0" />
  <Point X="220.0" Y="125.0" />
  <Point X="220.0" Y="126.0" />
  <Point X="220.0" Y="128.0" />
  <Point X="220.0" Y="129.0" />
  <Point X="220.0" Y="129.20378058479642" />
  <Point X="220.0" Y="130.0" />
  <Point X="220.0" Y="131.0" />
  <Point X="220.0" Y="132.0" />
  <Point X="220.0" Y="133.0" />
  <Point X="220.0" Y="134.0" />
  <Point X="220.6039694644114" Y="134.6039694644114" />
  <Point X="221.0" Y="135.0" />
  <Point X="221.0" Y="136.0" />
  <Point X="221.0" Y="137.0" />
  <Point X="221.0" Y="138.0" />
  <Point X="221.0" Y="139.0" />
  <Point X="221.0" Y="140.0" />
  <Point X="221.0" Y="140.09028946849008" />
  <Point X="221.0" Y="141.0" />
  <Point X="221.0" Y="142.0" />
  <Point X="221.0" Y="143.0" />
  <Point X="221.0" Y="144.0" />
  <Point X="221.0" Y="145.0" />
  <Point X="221.0" Y="145.74065069152346" />
  <Point X="221.0" Y="146.0" />
  <Point X="221.0" Y="147.0" />
  <Point X="221.0" Y="148.0" />
  <Point X="221.0" Y="149.0" />
  <Point X="221.0" Y="150.0" />
  <Point X="221.0" Y="151.0" />
  <Point X="221.0" Y="151.39101191455683" />
  <Point X="221.0" Y="152.0" />
  <Point X="221.0" Y="153.0" />
  <Point X="221.0" Y="154.0" />
  <Point X="221.0" Y="155.0" />
  <Point X="221.0" Y="156.0" />
  <Point X="221.0" Y="157.0" />
  <Point X="221.0" Y="157.0413731375902" />
  <Point X="221.0" Y="158.0" />
  <Point X="221.0" Y="159.0" />
  <Point X="221.0" Y="160.0" />
  <Point X="220.0" Y="161.0" />
  <Point X="220.0" Y="162.0" />
  <Point X="220.0" Y="162.2775207982505" />
  <Point X="220.0" Y="163.0" />
  <Point X="219.0" Y="163.0" />
  <Point X="219.0" Y="164.0" />
  <Point X="219.0" Y="165.0" />
  <Point X="218.0" Y="165.0" />
  <Point X="218.0" Y="165.92788202128386" />
  <Point X="218.0" Y="166.0" />
  <Point X="218.0" Y="167.0" />
  <Point X="217.0" Y="167.0" />
  <Point X="217.0" Y="168.0" />
  <Point X="217.0" Y="169.0" />
  <Point X="216.0" Y="169.0" />
  <Point X="215.42175675568276" Y="169.0" />
  <Point X="215.0" Y="169.0" />
  <Point X="214.0" Y="169.0" />
  <Point X="214.0" Y="168.0" />
  <Point X="213.0" Y="168.0" />
  <Point X="212.0" Y="168.0" />
  <Point X="210.7713955326494" Y="168.0" />
  <Point X="210.0" Y="168.0" />
  <Point X="209.0" Y="168.0" />
  <Point X="208.0" Y="168.0" />
  <Point X="207.0" Y="168.0" />
  <Point X="206.0" Y="168.0" />
  <Point X="205.12103430961602" Y="168.0" />
  <Point X="205.0" Y="168.0" />
  <Point X="204.0" Y="168.0" />
  <Point X="203.0" Y="168.0" />
  <Point X="202.0" Y="168.0" />
  <Point X="201.0" Y="168.0" />
  <Point X="200.0" Y="168.0" />
  <Point X="199.47067308658265" Y="168.0" />
  <Point X="199.0" Y="168.0" />
  <Point X="198.0" Y="168.0" />
  <Point X="197.0" Y="168.0" />
  <Point X="196.0" Y="168.0" />
  <Point X="194.0" Y="168.0" />
  <Point X="193.82031186354928" Y="168.0" />
  <Point X="193.0" Y="168.0" />
  <Point X="192.0" Y="168.0" />
  <Point X="191.0" Y="168.0" />
  <Point X="190.0" Y="168.0" />
  <Point X="189.0" Y="168.0" />
  <Point X="188.41306646918923" Y="168.58693353081077" />
  <Point X="188.0" Y="169.0" />
  <Point X="186.0" Y="169.0" />
  <Point X="183.0" Y="169.0" />
  <Point X="182.9338029798556" Y="169.0" />
  <Point X="182.0" Y="169.0" />
  <Point X="181.0" Y="169.0" />
  <Point X="179.0" Y="169.0" />
  <Point X="178.0" Y="170.0" />
  <Point X="177.69765531919532" Y="170.0" />
  <Point X="177.0" Y="170.0" />
  <Point X="176.0" Y="170.0" />
  <Point X="175.0" Y="170.0" />
  <Point X="174.0" Y="170.0" />
  <Point X="172.04729409616195" Y="170.0" />
  <Point X="172.0" Y="170.0" />
  <Point X="171.0" Y="170.0" />
  <Point X="169.0" Y="170.0" />
  <Point X="168.0" Y="170.0" />
  <Point X="166.39693287312858" Y="170.0" />
  <Point X="166.0" Y="170.0" />
  <Point X="165.0" Y="170.0" />
  <Point X="164.0" Y="170.0" />
  <Point X="163.0" Y="170.0" />
  <Point X="161.0" Y="170.0" />
  <Point X="160.7733267928749" Y="170.11333660356254" />
  <Point X="159.0" Y="171.0" />
  <Point X="157.0" Y="171.0" />
  <Point X="156.0" Y="171.0" />
  <Point X="155.3322784045616" Y="171.0" />
  <Point X="153.0" Y="171.0" />
  <Point X="151.0" Y="171.0" />
  <Point X="149.68191718152823" Y="171.0" />
  <Point X="149.0" Y="171.0" />
  <Point X="148.0" Y="172.0" />
  <Point X="147.0" Y="172.0" />
  <Point X="145.0" Y="172.0" />
  <Point X="144.44576952086794" Y="172.0" />
  <Point X="144.0" Y="172.0" />
  <Point X="143.0" Y="172.0" />
  <Point X="141.0" Y="172.0" />
  <Point X="140.0" Y="172.0" />
  <Point X="139.0" Y="172.0" />
  <Point X="138.81700761853028" Y="172.09149619073486" />
  <Point X="137.0" Y="173.0" />
  <Point X="135.0" Y="173.0" />
  <Point X="134.0" Y="173.0" />
  <Point X="133.38111505230097" Y="173.0" />
  <Point X="133.0" Y="173.0" />
  <Point X="131.0" Y="173.0" />
  <Point X="130.0" Y="173.0" />
  <Point X="129.0" Y="173.0" />
  <Point X="128.0" Y="173.0" />
  <Point X="127.75917890382433" Y="173.12041054808785" />
  <Point X="126.0" Y="174.0" />
  <Point X="124.0" Y="174.0" />
  <Point X="123.0" Y="174.0" />
  <Point X="122.316460583734" Y="174.0" />
  <Point X="121.0" Y="174.0" />
  <Point X="120.0" Y="174.0" />
  <Point X="119.0" Y="174.0" />
  <Point X="117.0" Y="175.0" />
  <Point X="116.90216733820041" Y="175.0" />
  <Point X="116.0" Y="175.0" />
  <Point X="114.0" Y="175.0" />
  <Point X="113.0" Y="175.0" />
  <Point X="112.0" Y="175.0" />
  <Point X="111.25180611516704" Y="175.0" />
  <Point X="111.0" Y="175.0" />
  <Point X="110.0" Y="175.0" />
  <Point X="109.0" Y="175.0" />
  <Point X="108.0" Y="175.0" />
  <Point X="107.0" Y="175.0" />
  <Point X="107.0" Y="176.0" />
  <Point X="106.60144489213367" Y="176.0" />
  <Point X="105.0" Y="176.0" />
  <Point X="104.0" Y="176.0" />
  <Point X="103.0" Y="176.0" />
  <Point X="102.0" Y="176.0" />
  <Point X="101.0" Y="176.0" />
  <Point X="100.9510836691003" Y="176.0" />
  <Point X="100.0" Y="176.0" />
  <Point X="99.0" Y="176.0" />
  <Point X="98.0" Y="176.0" />
  <Point X="97.0" Y="176.0" />
  <Point X="97.0" Y="177.0" />
  <Point X="96.30072244606693" Y="177.0" />
  <Point X="96.0" Y="177.0" />
  <Point X="95.0" Y="177.0" />
  <Point X="94.0" Y="177.0" />
  <Point X="93.0" Y="177.0" />
  <Point X="92.0" Y="177.0" />
  <Point X="91.0" Y="177.0" />
  <Point X="90.65036122303356" Y="177.0" />
  <Point X="90.0" Y="177.0" />
  <Point X="90.0" Y="178.0" />
  <Point X="89.0" Y="178.0" />
  <Point X="90.0" Y="178.0" />
  <Point X="90.0" Y="177.0" />
  <Point X="90.0" Y="176.00000000000017" />
  <Point X="90.0" Y="176.0" />
</Project_1_Part_4>
