<?xml version="1.0" encoding="utf-8" standalone="yes"?>
<Gesture Name="right_sq_bracket8" Subject="2" Number="2" NumPts="385">
  <Point X="109.0" Y="83.0" />
  <Point X="109.0" Y="84.0" />
  <Point X="110.0" Y="84.0" />
  <Point X="111.0" Y="84.0" />
  <Point X="112.0" Y="84.0" />
  <Point X="113.0" Y="84.0" />
  <Point X="113.73231052244621" Y="84.0" />
  <Point X="114.0" Y="84.0" />
  <Point X="114.0" Y="85.0" />
  <Point X="115.0" Y="85.0" />
  <Point X="116.0" Y="85.0" />
  <Point X="117.0" Y="85.0" />
  <Point X="118.0" Y="85.0" />
  <Point X="118.46462104489243" Y="85.0" />
  <Point X="119.0" Y="85.0" />
  <Point X="120.0" Y="85.0" />
  <Point X="121.0" Y="85.0" />
  <Point X="122.0" Y="85.0" />
  <Point X="123.0" Y="85.0" />
  <Point X="124.19693156733864" Y="85.0" />
  <Point X="125.0" Y="85.0" />
  <Point X="126.0" Y="85.0" />
  <Point X="128.0" Y="86.0" />
  <Point X="129.0" Y="86.0" />
  <Point X="129.69317411228505" Y="86.0" />
  <Point X="130.0" Y="86.0" />
  <Point X="131.0" Y="86.0" />
  <Point X="132.0" Y="86.0" />
  <Point X="134.0" Y="86.0" />
  <Point X="135.0" Y="86.0" />
  <Point X="135.42548463473128" Y="86.0" />
  <Point X="136.0" Y="86.0" />
  <Point X="137.0" Y="86.0" />
  <Point X="138.0" Y="86.0" />
  <Point X="139.0" Y="86.0" />
  <Point X="140.0" Y="86.0" />
  <Point X="141.1577951571775" Y="86.0" />
  <Point X="142.0" Y="86.0" />
  <Point X="142.0" Y="87.0" />
  <Point X="143.0" Y="87.0" />
  <Point X="144.0" Y="87.0" />
  <Point X="145.0" Y="87.0" />
  <Point X="145.89010567962373" Y="87.0" />
  <Point X="146.0" Y="87.0" />
  <Point X="147.0" Y="87.0" />
  <Point X="149.0" Y="87.0" />
  <Point X="151.0" Y="87.0" />
  <Point X="151.62241620206996" Y="87.0" />
  <Point X="152.0" Y="87.0" />
  <Point X="154.0" Y="87.0" />
  <Point X="155.0" Y="87.0" />
  <Point X="157.0" Y="87.0" />
  <Point X="157.35472672451618" Y="87.0" />
  <Point X="158.0" Y="87.0" />
  <Point X="160.0" Y="87.0" />
  <Point X="161.0" Y="87.0" />
  <Point X="162.0" Y="87.0" />
  <Point X="163.0" Y="87.0" />
  <Point X="163.0870372469624" Y="87.0" />
  <Point X="164.0" Y="87.0" />
  <Point X="166.0" Y="87.0" />
  <Point X="167.0" Y="87.0" />
  <Point X="168.0" Y="87.0" />
  <Point X="168.81934776940864" Y="87.0" />
  <Point X="169.0" Y="87.0" />
  <Point X="171.0" Y="87.0" />
  <Point X="172.0" Y="87.0" />
  <Point X="173.0" Y="87.0" />
  <Point X="174.0" Y="87.0" />
  <Point X="174.55165829185486" Y="87.0" />
  <Point X="175.0" Y="87.0" />
  <Point X="176.0" Y="87.0" />
  <Point X="177.0" Y="87.0" />
  <Point X="178.0" Y="87.0" />
  <Point X="179.0" Y="87.0" />
  <Point X="180.0" Y="87.0" />
  <Point X="180.2839688143011" Y="87.0" />
  <Point X="181.0" Y="87.0" />
  <Point X="182.0" Y="87.0" />
  <Point X="183.0" Y="87.0" />
  <Point X="184.0" Y="86.0" />
  <Point X="185.0" Y="86.0" />
  <Point X="185.6020657743742" Y="86.0" />
  <Point X="186.0" Y="86.0" />
  <Point X="188.0" Y="86.0" />
  <Point X="189.0" Y="86.0" />
  <Point X="191.0" Y="86.0" />
  <Point X="191.0" Y="85.66562370317958" />
  <Point X="191.0" Y="85.0" />
  <Point X="193.0" Y="85.0" />
  <Point X="194.0" Y="85.0" />
  <Point X="195.0" Y="85.0" />
  <Point X="196.0" Y="85.0" />
  <Point X="196.06668681926664" Y="85.0" />
  <Point X="197.0" Y="85.0" />
  <Point X="198.0" Y="85.0" />
  <Point X="199.0" Y="85.0" />
  <Point X="200.0" Y="85.0" />
  <Point X="201.0" Y="85.0" />
  <Point X="201.79899734171286" Y="85.0" />
  <Point X="202.0" Y="85.0" />
  <Point X="203.0" Y="85.0" />
  <Point X="204.0" Y="85.0" />
  <Point X="205.0" Y="85.0" />
  <Point X="206.0" Y="85.0" />
  <Point X="207.0" Y="85.0" />
  <Point X="207.5313078641591" Y="85.0" />
  <Point X="208.0" Y="85.0" />
  <Point X="209.0" Y="84.0" />
  <Point X="210.0" Y="84.0" />
  <Point X="211.0" Y="84.0" />
  <Point X="212.0" Y="84.0" />
  <Point X="212.8494048242322" Y="84.0" />
  <Point X="213.0" Y="84.0" />
  <Point X="214.0" Y="84.0" />
  <Point X="214.0" Y="83.0" />
  <Point X="215.0" Y="83.0" />
  <Point X="216.0" Y="83.0" />
  <Point X="217.0" Y="83.0" />
  <Point X="217.58171534667844" Y="83.0" />
  <Point X="218.0" Y="83.0" />
  <Point X="219.0" Y="83.0" />
  <Point X="220.0" Y="83.0" />
  <Point X="221.0" Y="82.0" />
  <Point X="222.0" Y="82.0" />
  <Point X="222.89981230675156" Y="82.0" />
  <Point X="223.0" Y="82.0" />
  <Point X="224.0" Y="82.0" />
  <Point X="225.0" Y="82.0" />
  <Point X="225.0" Y="81.0" />
  <Point X="226.0" Y="81.0" />
  <Point X="227.0" Y="81.0" />
  <Point X="227.63212282919778" Y="81.0" />
  <Point X="228.0" Y="81.0" />
  <Point X="229.0" Y="81.0" />
  <Point X="230.0" Y="81.0" />
  <Point X="231.0" Y="81.0" />
  <Point X="232.0" Y="81.0" />
  <Point X="233.0" Y="81.0" />
  <Point X="233.364433351644" Y="81.0" />
  <Point X="234.0" Y="81.0" />
  <Point X="235.0" Y="81.0" />
  <Point X="236.0" Y="81.0" />
  <Point X="236.0" Y="82.0" />
  <Point X="236.0" Y="83.0" />
  <Point X="236.0" Y="84.0" />
  <Point X="235.93159175059256" Y="84.06840824940745" />
  <Point X="235.0" Y="85.0" />
  <Point X="235.0" Y="86.0" />
  <Point X="235.0" Y="87.0" />
  <Point X="235.0" Y="88.0" />
  <Point X="235.0" Y="89.0" />
  <Point X="235.0" Y="89.41484083416333" />
  <Point X="235.0" Y="90.0" />
  <Point X="235.0" Y="91.0" />
  <Point X="235.0" Y="92.0" />
  <Point X="235.0" Y="93.0" />
  <Point X="234.0" Y="93.0" />
  <Point X="234.0" Y="94.0" />
  <Point X="234.0" Y="94.14715135660954" />
  <Point X="234.0" Y="95.0" />
  <Point X="234.0" Y="96.0" />
  <Point X="234.0" Y="97.0" />
  <Point X="234.0" Y="98.0" />
  <Point X="234.0" Y="99.0" />
  <Point X="234.0" Y="99.87946187905575" />
  <Point X="234.0" Y="100.0" />
  <Point X="234.0" Y="101.0" />
  <Point X="234.0" Y="103.0" />
  <Point X="234.0" Y="104.0" />
  <Point X="234.0" Y="105.0" />
  <Point X="233.38822759849802" Y="105.0" />
  <Point X="233.0" Y="105.0" />
  <Point X="233.0" Y="107.0" />
  <Point X="233.0" Y="108.0" />
  <Point X="233.0" Y="109.0" />
  <Point X="233.0" Y="110.0" />
  <Point X="233.0" Y="110.34408292394819" />
  <Point X="233.0" Y="111.0" />
  <Point X="233.0" Y="112.0" />
  <Point X="233.0" Y="113.0" />
  <Point X="233.0" Y="114.0" />
  <Point X="233.0" Y="116.0" />
  <Point X="233.0" Y="116.0763934463944" />
  <Point X="233.0" Y="117.0" />
  <Point X="232.0" Y="117.0" />
  <Point X="232.0" Y="118.0" />
  <Point X="232.0" Y="119.0" />
  <Point X="232.0" Y="120.0" />
  <Point X="231.42815993966033" Y="120.57184006033968" />
  <Point X="231.0" Y="121.0" />
  <Point X="231.0" Y="122.0" />
  <Point X="231.0" Y="123.0" />
  <Point X="231.0" Y="124.0" />
  <Point X="231.0" Y="125.0" />
  <Point X="231.0" Y="126.12680092891374" />
  <Point X="231.0" Y="127.0" />
  <Point X="231.0" Y="128.0" />
  <Point X="231.0" Y="129.0" />
  <Point X="231.0" Y="130.0" />
  <Point X="231.0" Y="131.0" />
  <Point X="231.0" Y="131.85911145135995" />
  <Point X="231.0" Y="132.0" />
  <Point X="231.0" Y="133.0" />
  <Point X="231.0" Y="134.0" />
  <Point X="231.0" Y="135.0" />
  <Point X="231.0" Y="136.0" />
  <Point X="231.0" Y="137.59142197380618" />
  <Point X="231.0" Y="138.0" />
  <Point X="231.0" Y="139.0" />
  <Point X="231.0" Y="140.0" />
  <Point X="231.0" Y="142.0" />
  <Point X="231.0" Y="143.0" />
  <Point X="231.0" Y="143.3237324962524" />
  <Point X="231.0" Y="144.0" />
  <Point X="231.0" Y="145.0" />
  <Point X="231.0" Y="146.0" />
  <Point X="231.0" Y="147.0" />
  <Point X="231.0" Y="148.0" />
  <Point X="231.0" Y="149.0" />
  <Point X="231.0" Y="149.05604301869863" />
  <Point X="231.0" Y="150.0" />
  <Point X="231.0" Y="151.0" />
  <Point X="231.0" Y="152.0" />
  <Point X="231.0" Y="153.0" />
  <Point X="231.0" Y="154.0" />
  <Point X="231.0" Y="154.78835354114486" />
  <Point X="231.0" Y="155.0" />
  <Point X="231.0" Y="156.0" />
  <Point X="231.0" Y="157.0" />
  <Point X="231.0" Y="158.0" />
  <Point X="230.0" Y="159.0" />
  <Point X="230.0" Y="160.0" />
  <Point X="230.0" Y="160.10645050121798" />
  <Point X="230.0" Y="161.0" />
  <Point X="230.0" Y="162.0" />
  <Point X="230.0" Y="163.0" />
  <Point X="230.0" Y="164.0" />
  <Point X="230.0" Y="165.0" />
  <Point X="230.0" Y="165.8387610236642" />
  <Point X="230.0" Y="166.0" />
  <Point X="230.0" Y="167.0" />
  <Point X="230.0" Y="168.0" />
  <Point X="230.0" Y="169.0" />
  <Point X="229.0" Y="169.0" />
  <Point X="228.0" Y="169.0" />
  <Point X="227.42892845388957" Y="169.0" />
  <Point X="227.0" Y="169.0" />
  <Point X="226.0" Y="169.0" />
  <Point X="225.0" Y="169.0" />
  <Point X="224.0" Y="169.0" />
  <Point X="223.0" Y="169.0" />
  <Point X="222.0" Y="169.0" />
  <Point X="221.69661793144334" Y="169.0" />
  <Point X="221.0" Y="169.0" />
  <Point X="220.0" Y="169.0" />
  <Point X="219.0" Y="169.0" />
  <Point X="218.0" Y="169.0" />
  <Point X="217.0" Y="169.0" />
  <Point X="216.0" Y="169.0" />
  <Point X="215.96430740899712" Y="169.0" />
  <Point X="215.0" Y="169.0" />
  <Point X="214.0" Y="169.0" />
  <Point X="213.0" Y="169.0" />
  <Point X="212.0" Y="169.0" />
  <Point X="211.0" Y="169.0" />
  <Point X="210.2319968865509" Y="169.0" />
  <Point X="210.0" Y="169.0" />
  <Point X="208.0" Y="169.0" />
  <Point X="207.0" Y="169.0" />
  <Point X="206.0" Y="169.0" />
  <Point X="205.0" Y="169.0" />
  <Point X="204.49968636410466" Y="169.0" />
  <Point X="204.0" Y="169.0" />
  <Point X="203.0" Y="169.0" />
  <Point X="202.0" Y="169.0" />
  <Point X="201.0" Y="169.0" />
  <Point X="200.0" Y="169.0" />
  <Point X="199.12840309898232" Y="168.12840309898232" />
  <Point X="199.0" Y="168.0" />
  <Point X="198.0" Y="168.0" />
  <Point X="197.0" Y="168.0" />
  <Point X="196.0" Y="168.0" />
  <Point X="195.0" Y="168.0" />
  <Point X="194.0" Y="168.0" />
  <Point X="193.44927888158531" Y="168.0" />
  <Point X="193.0" Y="168.0" />
  <Point X="191.0" Y="168.0" />
  <Point X="190.0" Y="168.0" />
  <Point X="189.0" Y="168.0" />
  <Point X="188.0" Y="168.0" />
  <Point X="187.7169683591391" Y="168.0" />
  <Point X="187.0" Y="168.0" />
  <Point X="186.0" Y="168.0" />
  <Point X="184.0" Y="168.0" />
  <Point X="183.0" Y="168.0" />
  <Point X="182.0" Y="168.0" />
  <Point X="181.98465783669286" Y="168.0" />
  <Point X="180.0" Y="168.0" />
  <Point X="178.0" Y="168.0" />
  <Point X="177.0" Y="168.0" />
  <Point X="176.25234731424663" Y="168.0" />
  <Point X="176.0" Y="168.0" />
  <Point X="175.0" Y="168.0" />
  <Point X="173.0" Y="168.0" />
  <Point X="172.0" Y="168.0" />
  <Point X="171.0" Y="168.0" />
  <Point X="170.5200367918004" Y="168.0" />
  <Point X="170.0" Y="168.0" />
  <Point X="169.0" Y="168.0" />
  <Point X="168.0" Y="168.0" />
  <Point X="166.0" Y="168.0" />
  <Point X="165.0" Y="168.0" />
  <Point X="164.78772626935418" Y="168.0" />
  <Point X="164.0" Y="168.0" />
  <Point X="162.0" Y="168.0" />
  <Point X="161.0" Y="168.0" />
  <Point X="159.05541574690795" Y="168.0" />
  <Point X="159.0" Y="168.0" />
  <Point X="158.0" Y="168.0" />
  <Point X="157.0" Y="168.0" />
  <Point X="155.0" Y="168.0" />
  <Point X="154.0" Y="168.0" />
  <Point X="153.32310522446173" Y="168.0" />
  <Point X="152.0" Y="168.0" />
  <Point X="151.0" Y="168.0" />
  <Point X="150.0" Y="168.0" />
  <Point X="148.0" Y="168.0" />
  <Point X="147.5907947020155" Y="168.0" />
  <Point X="147.0" Y="168.0" />
  <Point X="146.0" Y="168.0" />
  <Point X="145.0" Y="168.0" />
  <Point X="144.0" Y="168.0" />
  <Point X="142.0" Y="168.0" />
  <Point X="141.85848417956927" Y="168.0" />
  <Point X="141.0" Y="168.0" />
  <Point X="140.0" Y="168.0" />
  <Point X="139.0" Y="168.0" />
  <Point X="138.0" Y="168.0" />
  <Point X="137.0" Y="168.0" />
  <Point X="136.12617365712305" Y="168.0" />
  <Point X="136.0" Y="168.0" />
  <Point X="135.0" Y="168.0" />
  <Point X="134.0" Y="168.0" />
  <Point X="133.0" Y="168.0" />
  <Point X="131.0" Y="168.0" />
  <Point X="130.39386313467682" Y="168.0" />
  <Point X="130.0" Y="168.0" />
  <Point X="129.0" Y="168.0" />
  <Point X="128.0" Y="168.0" />
  <Point X="127.0" Y="168.0" />
  <Point X="125.0" Y="168.0" />
  <Point X="124.66155261223061" Y="168.0" />
  <Point X="124.0" Y="168.0" />
  <Point X="123.0" Y="168.0" />
  <Point X="122.0" Y="168.0" />
  <Point X="121.0" Y="168.0" />
  <Point X="120.0" Y="168.0" />
  <Point X="118.9292420897844" Y="168.0" />
  <Point X="118.0" Y="168.0" />
  <Point X="117.0" Y="168.0" />
  <Point X="116.0" Y="168.0" />
  <Point X="115.0" Y="168.0" />
  <Point X="114.0" Y="168.0" />
  <Point X="113.19693156733818" Y="168.0" />
  <Point X="113.0" Y="168.0" />
  <Point X="112.0" Y="168.0" />
  <Point X="111.0" Y="168.0" />
  <Point X="110.0" Y="168.0" />
  <Point X="109.0" Y="168.0" />
  <Point X="108.0" Y="168.0" />
  <Point X="107.46462104489197" Y="168.0" />
  <Point X="107.0" Y="168.0" />
  <Point X="106.0" Y="168.0" />
  <Point X="105.0" Y="168.0" />
  <Point X="104.0" Y="168.0" />
  <Point X="103.0" Y="168.0" />
  <Point X="102.0" Y="168.0" />
  <Point X="101.73231052244576" Y="168.0" />
  <Point X="101.0" Y="168.0" />
  <Point X="100.0" Y="168.0" />
  <Point X="99.0" Y="168.0" />
  <Point X="98.0" Y="168.0" />
  <Point X="97.0" Y="168.0" />
  <Point X="96.0" Y="168.0" />
</Project_1_Part_4>
