<?xml version="1.0" encoding="utf-8" standalone="yes"?>
<Gesture Name="right_sq_bracket4" Subject="2" Number="2" NumPts="344">
  <Point X="205.0" Y="24.0" />
  <Point X="199.22801958273314" Y="28.188516762972405" />
  <Point X="193.45603916546628" Y="32.37703352594481" />
  <Point X="187.68405874819942" Y="36.565550288917215" />
  <Point X="181.91207833093256" Y="40.75406705188962" />
  <Point X="176.1400979136657" Y="44.942583814862026" />
  <Point X="170.36811749639884" Y="49.13110057783443" />
  <Point X="164.59613707913198" Y="53.31961734080684" />
  <Point X="158.82415666186512" Y="57.508134103779255" />
  <Point X="153.05217624459826" Y="61.69665086675167" />
  <Point X="147.2801958273314" Y="65.88516762972408" />
  <Point X="141.50821541006454" Y="70.07368439269649" />
  <Point X="135.73623499279768" Y="74.2622011556689" />
  <Point X="129.96425457553082" Y="78.45071791864132" />
  <Point X="124.19227415826397" Y="82.63923468161373" />
  <Point X="118.42029374099712" Y="86.82775144458614" />
  <Point X="112.64831332373028" Y="91.01626820755855" />
  <Point X="106.87633290646343" Y="95.20478497053097" />
  <Point X="101.10435248919657" Y="99.39330173350336" />
  <Point X="95.33237207192973" Y="103.58181849647578" />
  <Point X="92.0" Y="106.0" />
  <Point X="93.0" Y="106.0" />
  <Point X="94.0" Y="106.0" />
  <Point X="95.0" Y="106.0" />
  <Point X="95.01426206715408" Y="106.0" />
  <Point X="96.0" Y="106.0" />
  <Point X="97.0" Y="106.0" />
  <Point X="97.0" Y="105.0" />
  <Point X="98.0" Y="105.0" />
  <Point X="99.0" Y="105.0" />
  <Point X="100.0" Y="105.0" />
  <Point X="101.0" Y="105.0" />
  <Point X="101.10312578153685" Y="104.89687421846315" />
  <Point X="102.0" Y="104.0" />
  <Point X="103.0" Y="104.0" />
  <Point X="104.0" Y="104.0" />
  <Point X="105.0" Y="104.0" />
  <Point X="106.0" Y="104.0" />
  <Point X="107.0" Y="104.0" />
  <Point X="107.86320812823229" Y="104.0" />
  <Point X="108.0" Y="104.0" />
  <Point X="109.0" Y="104.0" />
  <Point X="110.0" Y="104.0" />
  <Point X="111.0" Y="104.0" />
  <Point X="111.0" Y="103.0" />
  <Point X="112.0" Y="103.0" />
  <Point X="113.0" Y="103.0" />
  <Point X="113.99478793995794" Y="103.0" />
  <Point X="114.0" Y="103.0" />
  <Point X="115.0" Y="102.0" />
  <Point X="116.0" Y="102.0" />
  <Point X="117.0" Y="102.0" />
  <Point X="118.0" Y="102.0" />
  <Point X="119.0" Y="102.0" />
  <Point X="120.0" Y="102.0" />
  <Point X="120.7121541893105" Y="102.0" />
  <Point X="121.0" Y="102.0" />
  <Point X="122.0" Y="102.0" />
  <Point X="123.0" Y="102.0" />
  <Point X="124.0" Y="102.0" />
  <Point X="125.0" Y="102.0" />
  <Point X="127.0" Y="102.0" />
  <Point X="127.84373400103615" Y="102.0" />
  <Point X="128.0" Y="102.0" />
  <Point X="129.0" Y="102.0" />
  <Point X="130.0" Y="102.0" />
  <Point X="131.0" Y="102.0" />
  <Point X="132.0" Y="102.0" />
  <Point X="134.0" Y="102.0" />
  <Point X="134.9753138127618" Y="102.0" />
  <Point X="136.0" Y="102.0" />
  <Point X="137.0" Y="102.0" />
  <Point X="138.0" Y="102.0" />
  <Point X="140.0" Y="102.0" />
  <Point X="141.0" Y="102.0" />
  <Point X="142.0" Y="102.0" />
  <Point X="142.10689362448747" Y="102.0" />
  <Point X="143.0" Y="102.0" />
  <Point X="145.0" Y="102.0" />
  <Point X="146.0" Y="102.0" />
  <Point X="147.0" Y="102.0" />
  <Point X="148.0" Y="102.0" />
  <Point X="149.0" Y="102.0" />
  <Point X="149.23847343621313" Y="102.0" />
  <Point X="150.0" Y="102.0" />
  <Point X="152.0" Y="102.0" />
  <Point X="153.0" Y="102.0" />
  <Point X="154.0" Y="102.0" />
  <Point X="155.0" Y="102.0" />
  <Point X="156.0" Y="102.0" />
  <Point X="156.37005324793878" Y="102.0" />
  <Point X="157.0" Y="102.0" />
  <Point X="158.0" Y="102.0" />
  <Point X="159.0" Y="102.0" />
  <Point X="160.0" Y="102.0" />
  <Point X="161.0" Y="102.0" />
  <Point X="162.0" Y="102.0" />
  <Point X="163.50163305966444" Y="102.0" />
  <Point X="164.0" Y="102.0" />
  <Point X="165.0" Y="102.0" />
  <Point X="167.0" Y="102.0" />
  <Point X="168.0" Y="102.0" />
  <Point X="169.0" Y="102.0" />
  <Point X="170.0" Y="102.0" />
  <Point X="170.6332128713901" Y="102.0" />
  <Point X="171.0" Y="102.0" />
  <Point X="172.0" Y="102.0" />
  <Point X="173.0" Y="102.0" />
  <Point X="174.0" Y="102.0" />
  <Point X="175.0" Y="102.0" />
  <Point X="176.0" Y="102.0" />
  <Point X="177.0" Y="102.0" />
  <Point X="177.76479268311576" Y="102.0" />
  <Point X="178.0" Y="102.0" />
  <Point X="179.0" Y="102.0" />
  <Point X="180.0" Y="102.0" />
  <Point X="181.0" Y="102.0" />
  <Point X="182.0" Y="102.0" />
  <Point X="183.0" Y="102.0" />
  <Point X="184.0" Y="102.0" />
  <Point X="184.89637249484142" Y="102.0" />
  <Point X="185.0" Y="102.0" />
  <Point X="186.0" Y="102.0" />
  <Point X="187.0" Y="102.0" />
  <Point X="188.0" Y="102.0" />
  <Point X="189.0" Y="102.0" />
  <Point X="190.0" Y="102.0" />
  <Point X="191.0" Y="102.0" />
  <Point X="192.0" Y="102.0" />
  <Point X="192.02795230656707" Y="102.0" />
  <Point X="193.0" Y="102.0" />
  <Point X="194.0" Y="102.0" />
  <Point X="195.0" Y="102.0" />
  <Point X="196.0" Y="102.0" />
  <Point X="197.0" Y="102.0" />
  <Point X="198.0" Y="102.0" />
  <Point X="199.0" Y="102.0" />
  <Point X="199.15953211829273" Y="102.0" />
  <Point X="200.0" Y="102.0" />
  <Point X="201.0" Y="103.0" />
  <Point X="202.0" Y="103.0" />
  <Point X="203.0" Y="103.0" />
  <Point X="204.0" Y="103.0" />
  <Point X="205.0" Y="103.0" />
  <Point X="205.0" Y="103.87689836764528" />
  <Point X="205.0" Y="104.0" />
  <Point X="206.0" Y="104.0" />
  <Point X="206.0" Y="105.0" />
  <Point X="206.0" Y="106.0" />
  <Point X="206.0" Y="107.0" />
  <Point X="206.0" Y="108.0" />
  <Point X="206.0" Y="109.0" />
  <Point X="206.0" Y="110.0" />
  <Point X="206.0" Y="110.00847817937094" />
  <Point X="206.0" Y="111.0" />
  <Point X="206.0" Y="112.0" />
  <Point X="206.0" Y="113.0" />
  <Point X="206.0" Y="114.0" />
  <Point X="206.0" Y="115.0" />
  <Point X="206.0" Y="116.0" />
  <Point X="206.0" Y="117.0" />
  <Point X="206.0" Y="117.1400579910966" />
  <Point X="206.0" Y="118.0" />
  <Point X="206.0" Y="119.0" />
  <Point X="206.0" Y="120.0" />
  <Point X="205.0" Y="121.0" />
  <Point X="205.0" Y="122.0" />
  <Point X="205.0" Y="123.0" />
  <Point X="205.0" Y="123.85742424044915" />
  <Point X="205.0" Y="124.0" />
  <Point X="205.0" Y="125.0" />
  <Point X="204.0" Y="126.0" />
  <Point X="204.0" Y="127.0" />
  <Point X="204.0" Y="128.0" />
  <Point X="204.0" Y="129.0" />
  <Point X="204.0" Y="130.0" />
  <Point X="204.0" Y="130.5747904898017" />
  <Point X="204.0" Y="131.0" />
  <Point X="204.0" Y="132.0" />
  <Point X="204.0" Y="133.0" />
  <Point X="204.0" Y="134.0" />
  <Point X="203.0" Y="135.0" />
  <Point X="203.0" Y="136.0" />
  <Point X="203.0" Y="137.0" />
  <Point X="203.0" Y="137.29215673915425" />
  <Point X="203.0" Y="138.0" />
  <Point X="203.0" Y="139.0" />
  <Point X="202.0" Y="141.0" />
  <Point X="202.0" Y="142.0" />
  <Point X="202.0" Y="143.0" />
  <Point X="202.0" Y="144.0" />
  <Point X="202.0" Y="144.1876685733801" />
  <Point X="202.0" Y="145.0" />
  <Point X="202.0" Y="146.0" />
  <Point X="201.0" Y="148.0" />
  <Point X="201.0" Y="149.0" />
  <Point X="201.0" Y="150.0" />
  <Point X="201.0" Y="151.0" />
  <Point X="201.0" Y="151.08318040760597" />
  <Point X="201.0" Y="152.0" />
  <Point X="201.0" Y="153.0" />
  <Point X="200.0" Y="153.0" />
  <Point X="200.0" Y="155.0" />
  <Point X="200.0" Y="156.0" />
  <Point X="200.0" Y="157.0" />
  <Point X="200.0" Y="157.21476021933162" />
  <Point X="200.0" Y="158.0" />
  <Point X="200.0" Y="159.0" />
  <Point X="200.0" Y="160.0" />
  <Point X="199.0" Y="161.0" />
  <Point X="199.0" Y="162.0" />
  <Point X="199.0" Y="163.93212646868417" />
  <Point X="199.0" Y="164.0" />
  <Point X="199.0" Y="165.0" />
  <Point X="199.0" Y="166.0" />
  <Point X="199.0" Y="167.0" />
  <Point X="199.0" Y="168.0" />
  <Point X="199.0" Y="169.0" />
  <Point X="198.0" Y="169.0" />
  <Point X="198.0" Y="170.0" />
  <Point X="198.0" Y="170.06370628040983" />
  <Point X="198.0" Y="171.0" />
  <Point X="197.0" Y="171.0" />
  <Point X="197.0" Y="172.0" />
  <Point X="197.0" Y="173.0" />
  <Point X="197.0" Y="175.0" />
  <Point X="195.8047139078645" Y="175.0" />
  <Point X="195.0" Y="175.0" />
  <Point X="195.0" Y="176.0" />
  <Point X="196.0" Y="177.0" />
  <Point X="196.0" Y="178.0" />
  <Point X="196.0" Y="179.0" />
  <Point X="196.0" Y="180.0" />
  <Point X="196.0" Y="180.91265234148804" />
  <Point X="196.0" Y="181.0" />
  <Point X="196.0" Y="182.0" />
  <Point X="196.0" Y="183.0" />
  <Point X="196.0" Y="184.0" />
  <Point X="195.0" Y="184.0" />
  <Point X="194.0" Y="184.0" />
  <Point X="194.0" Y="185.0" />
  <Point X="193.0" Y="185.0" />
  <Point X="192.9557678467863" Y="185.0" />
  <Point X="192.0" Y="185.0" />
  <Point X="191.0" Y="185.0" />
  <Point X="190.0" Y="185.0" />
  <Point X="189.0" Y="185.0" />
  <Point X="188.0" Y="185.0" />
  <Point X="187.0" Y="185.0" />
  <Point X="186.0" Y="185.0" />
  <Point X="185.87568216737765" Y="185.12431783262235" />
  <Point X="185.0" Y="186.0" />
  <Point X="184.0" Y="186.0" />
  <Point X="183.0" Y="186.0" />
  <Point X="182.0" Y="186.0" />
  <Point X="181.0" Y="186.0" />
  <Point X="179.1068217857081" Y="186.0" />
  <Point X="179.0" Y="186.0" />
  <Point X="178.0" Y="186.0" />
  <Point X="176.0" Y="186.0" />
  <Point X="175.0" Y="186.0" />
  <Point X="174.0" Y="186.0" />
  <Point X="172.0" Y="186.0" />
  <Point X="171.97524197398243" Y="186.0" />
  <Point X="170.0" Y="186.0" />
  <Point X="169.0" Y="186.0" />
  <Point X="168.0" Y="186.0" />
  <Point X="167.0" Y="186.0" />
  <Point X="166.0" Y="186.0" />
  <Point X="165.0" Y="186.0" />
  <Point X="164.84366216225678" Y="186.0" />
  <Point X="164.0" Y="186.0" />
  <Point X="163.0" Y="186.0" />
  <Point X="161.0" Y="186.0" />
  <Point X="160.0" Y="186.0" />
  <Point X="159.0" Y="186.0" />
  <Point X="158.0" Y="186.0" />
  <Point X="157.74247862554625" Y="186.12876068722687" />
  <Point X="156.0" Y="187.0" />
  <Point X="155.0" Y="187.0" />
  <Point X="153.0" Y="187.0" />
  <Point X="152.0" Y="187.0" />
  <Point X="150.81657051630526" Y="187.0" />
  <Point X="150.0" Y="187.0" />
  <Point X="149.0" Y="187.0" />
  <Point X="147.0" Y="187.0" />
  <Point X="146.0" Y="187.0" />
  <Point X="145.0" Y="187.0" />
  <Point X="144.0" Y="187.0" />
  <Point X="143.6849907045796" Y="187.0" />
  <Point X="143.0" Y="187.0" />
  <Point X="142.0" Y="187.0" />
  <Point X="141.0" Y="187.0" />
  <Point X="140.0" Y="187.0" />
  <Point X="139.0" Y="187.0" />
  <Point X="137.0" Y="187.0" />
  <Point X="137.0" Y="187.44658910714605" />
  <Point X="137.0" Y="188.0" />
  <Point X="136.0" Y="188.0" />
  <Point X="135.0" Y="188.0" />
  <Point X="134.0" Y="188.0" />
  <Point X="133.0" Y="188.0" />
  <Point X="132.0" Y="188.0" />
  <Point X="131.0" Y="188.0" />
  <Point X="130.4218310811283" Y="188.0" />
  <Point X="130.0" Y="188.0" />
  <Point X="129.0" Y="188.0" />
  <Point X="128.0" Y="188.0" />
  <Point X="127.0" Y="188.0" />
  <Point X="126.0" Y="188.0" />
  <Point X="125.0" Y="188.0" />
  <Point X="124.0" Y="188.0" />
  <Point X="123.36518143657605" Y="188.31740928171197" />
  <Point X="122.0" Y="189.0" />
  <Point X="121.0" Y="189.0" />
  <Point X="120.0" Y="189.0" />
  <Point X="119.0" Y="189.0" />
  <Point X="118.0" Y="189.0" />
  <Point X="117.0" Y="189.0" />
  <Point X="116.39473943517679" Y="189.0" />
  <Point X="116.0" Y="189.0" />
  <Point X="115.0" Y="189.0" />
  <Point X="114.0" Y="189.0" />
  <Point X="113.0" Y="189.0" />
  <Point X="112.0" Y="189.0" />
  <Point X="111.0" Y="189.0" />
  <Point X="110.0" Y="189.0" />
  <Point X="109.26315962345113" Y="189.0" />
  <Point X="109.0" Y="189.0" />
  <Point X="109.0" Y="190.0" />
  <Point X="108.0" Y="190.0" />
  <Point X="107.0" Y="190.0" />
  <Point X="106.0" Y="190.0" />
  <Point X="105.0" Y="190.0" />
  <Point X="104.0" Y="190.0" />
  <Point X="103.13157981172547" Y="190.0" />
  <Point X="103.0" Y="190.0" />
  <Point X="102.0" Y="190.0" />
  <Point X="101.0" Y="190.0" />
  <Point X="101.0" Y="191.0" />
  <Point X="100.0" Y="191.0" />
  <Point X="99.0" Y="191.0" />
  <Point X="98.0" Y="191.0" />
  <Point X="99.0" Y="191.0" />
</Project_1_Part_4>
