<?xml version="1.0" encoding="utf-8" standalone="yes"?>
<Gesture Name="star7" Subject="2" Number="2" NumPts="619">
  <Point X="64.0" Y="160.0" />
  <Point X="64.0" Y="159.0" />
  <Point X="64.0" Y="158.0" />
  <Point X="64.0" Y="157.0" />
  <Point X="64.0" Y="156.0" />
  <Point X="64.0" Y="155.0" />
  <Point X="64.0" Y="154.0" />
  <Point X="64.0" Y="153.0" />
  <Point X="64.0" Y="152.0" />
  <Point X="64.0" Y="151.0" />
  <Point X="64.0" Y="150.0" />
  <Point X="64.20132897224676" Y="150.0" />
  <Point X="65.0" Y="150.0" />
  <Point X="65.0" Y="149.0" />
  <Point X="65.0" Y="147.0" />
  <Point X="65.0" Y="146.0" />
  <Point X="66.0" Y="146.0" />
  <Point X="66.0" Y="144.0" />
  <Point X="66.0" Y="143.0" />
  <Point X="66.0" Y="142.0" />
  <Point X="66.28472216305" Y="141.71527783695" />
  <Point X="67.0" Y="141.0" />
  <Point X="68.0" Y="140.0" />
  <Point X="68.0" Y="139.0" />
  <Point X="68.0" Y="138.0" />
  <Point X="69.0" Y="137.0" />
  <Point X="69.0" Y="136.0" />
  <Point X="69.0" Y="134.0" />
  <Point X="70.0" Y="134.0" />
  <Point X="70.0" Y="133.63865377037902" />
  <Point X="70.0" Y="133.0" />
  <Point X="71.0" Y="132.0" />
  <Point X="71.0" Y="131.0" />
  <Point X="71.0" Y="130.0" />
  <Point X="72.0" Y="129.0" />
  <Point X="72.0" Y="128.0" />
  <Point X="72.0" Y="127.0" />
  <Point X="72.0" Y="126.0" />
  <Point X="73.0" Y="125.0" />
  <Point X="73.0" Y="124.67996548525156" />
  <Point X="73.0" Y="124.0" />
  <Point X="74.0" Y="122.0" />
  <Point X="75.0" Y="121.0" />
  <Point X="76.0" Y="120.0" />
  <Point X="76.0" Y="119.0" />
  <Point X="77.0" Y="118.0" />
  <Point X="77.0" Y="117.0" />
  <Point X="77.0" Y="116.0" />
  <Point X="77.03016151415247" Y="115.96983848584753" />
  <Point X="78.0" Y="115.0" />
  <Point X="78.0" Y="114.0" />
  <Point X="79.0" Y="113.0" />
  <Point X="80.0" Y="112.0" />
  <Point X="80.0" Y="111.0" />
  <Point X="80.0" Y="110.0" />
  <Point X="81.0" Y="110.0" />
  <Point X="81.0" Y="108.0" />
  <Point X="81.0" Y="107.9986568924964" />
  <Point X="81.0" Y="107.0" />
  <Point X="82.0" Y="106.0" />
  <Point X="83.0" Y="105.0" />
  <Point X="83.0" Y="104.0" />
  <Point X="84.0" Y="103.0" />
  <Point X="84.0" Y="102.0" />
  <Point X="84.0" Y="101.0" />
  <Point X="85.0" Y="100.0" />
  <Point X="85.38595148906795" Y="99.61404851093205" />
  <Point X="86.0" Y="99.0" />
  <Point X="86.0" Y="98.0" />
  <Point X="87.0" Y="97.0" />
  <Point X="87.0" Y="96.0" />
  <Point X="88.0" Y="95.0" />
  <Point X="89.0" Y="93.0" />
  <Point X="90.0" Y="92.0" />
  <Point X="90.60402799000114" Y="91.39597200999886" />
  <Point X="91.0" Y="91.0" />
  <Point X="91.0" Y="90.0" />
  <Point X="91.0" Y="89.0" />
  <Point X="92.0" Y="89.0" />
  <Point X="92.0" Y="87.0" />
  <Point X="93.0" Y="87.0" />
  <Point X="94.0" Y="85.0" />
  <Point X="94.0" Y="84.0" />
  <Point X="94.36248630360477" Y="83.81875684819761" />
  <Point X="96.0" Y="83.0" />
  <Point X="96.0" Y="82.0" />
  <Point X="96.0" Y="81.0" />
  <Point X="97.0" Y="80.0" />
  <Point X="97.0" Y="79.0" />
  <Point X="98.0" Y="78.0" />
  <Point X="98.0" Y="77.0" />
  <Point X="99.0" Y="76.0" />
  <Point X="99.09043352356169" Y="75.90956647643831" />
  <Point X="100.0" Y="75.0" />
  <Point X="100.0" Y="74.0" />
  <Point X="101.0" Y="73.0" />
  <Point X="101.0" Y="72.0" />
  <Point X="102.0" Y="71.0" />
  <Point X="103.0" Y="71.0" />
  <Point X="103.0" Y="70.0" />
  <Point X="103.0" Y="69.0" />
  <Point X="103.76832851101942" Y="68.23167148898058" />
  <Point X="104.0" Y="68.0" />
  <Point X="104.0" Y="67.0" />
  <Point X="105.0" Y="67.0" />
  <Point X="105.0" Y="66.0" />
  <Point X="105.0" Y="65.0" />
  <Point X="106.0" Y="65.0" />
  <Point X="106.0" Y="64.0" />
  <Point X="107.0" Y="64.0" />
  <Point X="107.0" Y="63.0" />
  <Point X="108.0" Y="62.0" />
  <Point X="108.0" Y="61.540517551857846" />
  <Point X="108.0" Y="61.0" />
  <Point X="109.0" Y="60.0" />
  <Point X="109.0" Y="59.0" />
  <Point X="110.0" Y="59.0" />
  <Point X="110.0" Y="58.0" />
  <Point X="110.0" Y="57.0" />
  <Point X="111.0" Y="57.0" />
  <Point X="111.0" Y="56.0" />
  <Point X="112.0" Y="56.0" />
  <Point X="112.0" Y="55.0" />
  <Point X="112.24659785801582" Y="55.0" />
  <Point X="113.0" Y="55.0" />
  <Point X="113.0" Y="54.0" />
  <Point X="113.0" Y="53.0" />
  <Point X="114.0" Y="53.0" />
  <Point X="114.0" Y="52.0" />
  <Point X="115.0" Y="52.0" />
  <Point X="115.0" Y="51.0" />
  <Point X="116.0" Y="51.0" />
  <Point X="116.0" Y="50.0" />
  <Point X="116.0" Y="51.0" />
  <Point X="116.0" Y="51.447926830262574" />
  <Point X="116.0" Y="52.0" />
  <Point X="116.0" Y="53.0" />
  <Point X="116.0" Y="54.0" />
  <Point X="117.0" Y="54.0" />
  <Point X="117.0" Y="55.0" />
  <Point X="117.0" Y="56.0" />
  <Point X="117.0" Y="57.0" />
  <Point X="117.0" Y="58.0" />
  <Point X="117.0" Y="59.0" />
  <Point X="118.0" Y="60.0" />
  <Point X="118.0" Y="60.23504224013624" />
  <Point X="118.0" Y="61.0" />
  <Point X="118.0" Y="62.0" />
  <Point X="118.0" Y="63.0" />
  <Point X="118.0" Y="65.0" />
  <Point X="119.0" Y="65.0" />
  <Point X="119.0" Y="66.0" />
  <Point X="119.0" Y="67.0" />
  <Point X="120.0" Y="67.0" />
  <Point X="120.0" Y="68.0" />
  <Point X="120.0" Y="68.436371212383" />
  <Point X="120.0" Y="69.0" />
  <Point X="120.0" Y="70.0" />
  <Point X="120.0" Y="71.0" />
  <Point X="120.0" Y="72.0" />
  <Point X="120.0" Y="73.0" />
  <Point X="120.0" Y="74.0" />
  <Point X="121.0" Y="76.0" />
  <Point X="121.0" Y="77.0" />
  <Point X="121.0" Y="78.0" />
  <Point X="121.0" Y="78.40163220712996" />
  <Point X="121.0" Y="79.0" />
  <Point X="121.0" Y="80.0" />
  <Point X="121.0" Y="82.0" />
  <Point X="121.0" Y="83.0" />
  <Point X="121.0" Y="84.0" />
  <Point X="121.0" Y="85.0" />
  <Point X="122.0" Y="86.0" />
  <Point X="122.0" Y="87.0" />
  <Point X="122.0" Y="88.0" />
  <Point X="122.0" Y="88.18874761700363" />
  <Point X="122.0" Y="89.0" />
  <Point X="123.0" Y="89.0" />
  <Point X="123.0" Y="90.0" />
  <Point X="123.0" Y="91.0" />
  <Point X="123.0" Y="92.0" />
  <Point X="123.0" Y="94.0" />
  <Point X="124.0" Y="95.0" />
  <Point X="124.0" Y="96.0" />
  <Point X="124.69003936381417" Y="96.69003936381417" />
  <Point X="125.0" Y="97.0" />
  <Point X="125.0" Y="98.0" />
  <Point X="125.0" Y="99.0" />
  <Point X="125.0" Y="100.0" />
  <Point X="125.0" Y="101.0" />
  <Point X="125.0" Y="102.0" />
  <Point X="125.0" Y="103.0" />
  <Point X="125.0" Y="104.0" />
  <Point X="125.0" Y="106.0" />
  <Point X="125.76297843675096" Y="106.0" />
  <Point X="126.0" Y="106.0" />
  <Point X="126.0" Y="107.0" />
  <Point X="126.0" Y="108.0" />
  <Point X="126.0" Y="109.0" />
  <Point X="127.0" Y="110.0" />
  <Point X="127.0" Y="111.0" />
  <Point X="127.0" Y="112.0" />
  <Point X="127.0" Y="113.0" />
  <Point X="127.0" Y="114.0" />
  <Point X="127.0" Y="115.0" />
  <Point X="127.0" Y="115.55009384662462" />
  <Point X="127.0" Y="117.0" />
  <Point X="127.0" Y="118.0" />
  <Point X="127.0" Y="119.0" />
  <Point X="127.0" Y="120.0" />
  <Point X="127.0" Y="121.0" />
  <Point X="127.0" Y="123.0" />
  <Point X="128.0" Y="123.0" />
  <Point X="128.0" Y="124.0" />
  <Point X="128.0" Y="124.75142281887138" />
  <Point X="128.0" Y="125.0" />
  <Point X="128.0" Y="126.0" />
  <Point X="128.0" Y="127.0" />
  <Point X="129.0" Y="128.0" />
  <Point X="129.0" Y="129.0" />
  <Point X="129.0" Y="130.0" />
  <Point X="129.0" Y="131.0" />
  <Point X="129.0" Y="132.0" />
  <Point X="129.0" Y="134.0" />
  <Point X="129.0" Y="134.53853822874504" />
  <Point X="129.0" Y="135.0" />
  <Point X="129.0" Y="136.0" />
  <Point X="129.0" Y="137.0" />
  <Point X="129.0" Y="138.0" />
  <Point X="129.0" Y="139.0" />
  <Point X="130.0" Y="139.0" />
  <Point X="130.0" Y="140.0" />
  <Point X="130.0" Y="141.0" />
  <Point X="130.0" Y="142.0" />
  <Point X="130.0" Y="143.0" />
  <Point X="130.52316511499882" Y="143.52316511499882" />
  <Point X="131.0" Y="144.0" />
  <Point X="131.0" Y="145.0" />
  <Point X="131.0" Y="146.0" />
  <Point X="131.0" Y="147.0" />
  <Point X="131.0" Y="148.0" />
  <Point X="132.0" Y="148.0" />
  <Point X="132.0" Y="149.0" />
  <Point X="132.0" Y="150.0" />
  <Point X="132.0" Y="151.0" />
  <Point X="133.0" Y="151.0" />
  <Point X="133.0" Y="151.52698261086547" />
  <Point X="133.0" Y="152.0" />
  <Point X="133.0" Y="153.0" />
  <Point X="133.0" Y="154.0" />
  <Point X="134.0" Y="154.0" />
  <Point X="134.0" Y="155.0" />
  <Point X="134.0" Y="156.0" />
  <Point X="134.0" Y="157.0" />
  <Point X="135.0" Y="157.0" />
  <Point X="135.0" Y="158.0" />
  <Point X="135.0" Y="159.0" />
  <Point X="135.0" Y="159.72831158311223" />
  <Point X="135.0" Y="160.0" />
  <Point X="135.0" Y="161.0" />
  <Point X="134.0" Y="161.0" />
  <Point X="134.0" Y="160.0" />
  <Point X="133.0" Y="160.0" />
  <Point X="132.0" Y="160.0" />
  <Point X="132.0" Y="159.0" />
  <Point X="131.0" Y="159.0" />
  <Point X="130.0" Y="158.0" />
  <Point X="129.0" Y="158.0" />
  <Point X="128.6355380780531" Y="157.6355380780531" />
  <Point X="128.0" Y="157.0" />
  <Point X="128.0" Y="156.0" />
  <Point X="127.0" Y="156.0" />
  <Point X="127.0" Y="155.0" />
  <Point X="126.0" Y="155.0" />
  <Point X="125.0" Y="154.0" />
  <Point X="124.0" Y="154.0" />
  <Point X="124.0" Y="153.0" />
  <Point X="123.0" Y="152.0" />
  <Point X="122.6647498717819" Y="151.6647498717819" />
  <Point X="122.0" Y="151.0" />
  <Point X="122.0" Y="150.0" />
  <Point X="121.0" Y="150.0" />
  <Point X="121.0" Y="149.0" />
  <Point X="119.0" Y="148.0" />
  <Point X="119.0" Y="147.0" />
  <Point X="118.0" Y="147.0" />
  <Point X="118.0" Y="146.0" />
  <Point X="117.0" Y="146.0" />
  <Point X="116.98220727678145" Y="145.98220727678145" />
  <Point X="116.0" Y="145.0" />
  <Point X="116.0" Y="144.0" />
  <Point X="115.0" Y="144.0" />
  <Point X="115.0" Y="143.0" />
  <Point X="114.0" Y="142.0" />
  <Point X="114.0" Y="141.0" />
  <Point X="113.0" Y="140.0" />
  <Point X="112.0" Y="140.0" />
  <Point X="112.0" Y="139.0161490043853" />
  <Point X="112.0" Y="138.0" />
  <Point X="111.0" Y="138.0" />
  <Point X="111.0" Y="137.0" />
  <Point X="110.0" Y="136.0" />
  <Point X="109.0" Y="135.0" />
  <Point X="109.0" Y="134.0" />
  <Point X="108.0" Y="133.0" />
  <Point X="107.0" Y="132.0" />
  <Point X="106.76372555589307" Y="131.52745111178615" />
  <Point X="106.0" Y="130.0" />
  <Point X="105.0" Y="130.0" />
  <Point X="105.0" Y="129.0" />
  <Point X="103.0" Y="128.0" />
  <Point X="103.0" Y="127.0" />
  <Point X="102.0" Y="126.0" />
  <Point X="102.0" Y="125.0" />
  <Point X="101.40369319339008" Y="124.40369319339008" />
  <Point X="101.0" Y="124.0" />
  <Point X="100.0" Y="123.0" />
  <Point X="99.0" Y="123.0" />
  <Point X="99.0" Y="122.0" />
  <Point X="98.0" Y="121.0" />
  <Point X="98.0" Y="120.0" />
  <Point X="97.0" Y="119.0" />
  <Point X="96.0" Y="118.0" />
  <Point X="95.31158464355926" Y="117.31158464355926" />
  <Point X="95.0" Y="117.0" />
  <Point X="95.0" Y="116.0" />
  <Point X="94.0" Y="116.0" />
  <Point X="94.0" Y="115.0" />
  <Point X="94.0" Y="114.0" />
  <Point X="93.0" Y="114.0" />
  <Point X="92.0" Y="113.0" />
  <Point X="91.0" Y="112.0" />
  <Point X="91.0" Y="111.0" />
  <Point X="90.34079643728806" Y="110.34079643728806" />
  <Point X="90.0" Y="110.0" />
  <Point X="90.0" Y="109.0" />
  <Point X="89.0" Y="109.0" />
  <Point X="88.0" Y="108.0" />
  <Point X="88.0" Y="107.0" />
  <Point X="87.0" Y="106.0" />
  <Point X="87.0" Y="105.0" />
  <Point X="86.0" Y="104.0" />
  <Point X="86.0" Y="103.0" />
  <Point X="85.52327065849374" Y="103.0" />
  <Point X="85.0" Y="103.0" />
  <Point X="84.0" Y="102.0" />
  <Point X="84.0" Y="101.0" />
  <Point X="83.0" Y="100.0" />
  <Point X="83.0" Y="99.0" />
  <Point X="83.0" Y="98.0" />
  <Point X="82.0" Y="98.0" />
  <Point X="82.0" Y="97.0" />
  <Point X="82.0" Y="96.0" />
  <Point X="81.39922002474569" Y="95.39922002474569" />
  <Point X="81.0" Y="95.0" />
  <Point X="81.0" Y="94.0" />
  <Point X="80.0" Y="94.0" />
  <Point X="80.0" Y="93.0" />
  <Point X="80.0" Y="92.0" />
  <Point X="80.0" Y="91.0" />
  <Point X="80.0" Y="90.0" />
  <Point X="79.0" Y="90.0" />
  <Point X="79.0" Y="89.0" />
  <Point X="79.0" Y="88.0" />
  <Point X="78.54975216203414" Y="87.54975216203414" />
  <Point X="78.0" Y="87.0" />
  <Point X="78.0" Y="86.0" />
  <Point X="78.0" Y="85.0" />
  <Point X="78.0" Y="84.0" />
  <Point X="78.0" Y="83.0" />
  <Point X="78.0" Y="82.0" />
  <Point X="78.0" Y="81.0" />
  <Point X="77.0" Y="80.0" />
  <Point X="77.0" Y="79.0" />
  <Point X="76.0" Y="79.0" />
  <Point X="76.0" Y="78.99035155361895" />
  <Point X="76.0" Y="78.0" />
  <Point X="76.0" Y="77.0" />
  <Point X="76.0" Y="76.0" />
  <Point X="76.0" Y="75.0" />
  <Point X="76.0" Y="74.0" />
  <Point X="75.0" Y="74.0" />
  <Point X="76.0" Y="74.0" />
  <Point X="77.0" Y="74.0" />
  <Point X="78.0" Y="74.0" />
  <Point X="78.0" Y="75.0" />
  <Point X="78.2109774186278" Y="75.0" />
  <Point X="79.0" Y="75.0" />
  <Point X="80.0" Y="75.0" />
  <Point X="81.0" Y="76.0" />
  <Point X="82.0" Y="76.0" />
  <Point X="83.0" Y="76.0" />
  <Point X="84.0" Y="77.0" />
  <Point X="85.0" Y="77.0" />
  <Point X="86.0" Y="77.0" />
  <Point X="87.0" Y="78.0" />
  <Point X="87.16966570375527" Y="78.0" />
  <Point X="88.0" Y="78.0" />
  <Point X="89.0" Y="79.0" />
  <Point X="90.0" Y="79.0" />
  <Point X="91.0" Y="79.0" />
  <Point X="92.0" Y="79.0" />
  <Point X="93.0" Y="79.0" />
  <Point X="94.0" Y="80.0" />
  <Point X="96.0" Y="80.0" />
  <Point X="96.54256755125584" Y="80.0" />
  <Point X="97.0" Y="80.0" />
  <Point X="97.0" Y="81.0" />
  <Point X="99.0" Y="81.0" />
  <Point X="100.0" Y="81.0" />
  <Point X="102.0" Y="82.0" />
  <Point X="103.0" Y="82.0" />
  <Point X="104.0" Y="82.0" />
  <Point X="105.0" Y="83.0" />
  <Point X="105.09361498362972" Y="83.0" />
  <Point X="106.0" Y="83.0" />
  <Point X="107.0" Y="83.0" />
  <Point X="108.0" Y="83.0" />
  <Point X="109.0" Y="83.0" />
  <Point X="110.0" Y="83.0" />
  <Point X="111.0" Y="83.0" />
  <Point X="112.0" Y="84.0" />
  <Point X="114.0" Y="85.0" />
  <Point X="114.6446624160036" Y="85.0" />
  <Point X="115.0" Y="85.0" />
  <Point X="116.0" Y="85.0" />
  <Point X="117.0" Y="85.0" />
  <Point X="118.0" Y="85.0" />
  <Point X="119.0" Y="85.0" />
  <Point X="120.0" Y="85.0" />
  <Point X="121.0" Y="85.0" />
  <Point X="121.0" Y="86.0" />
  <Point X="122.0" Y="86.0" />
  <Point X="123.0" Y="86.0" />
  <Point X="123.84599138825035" Y="86.0" />
  <Point X="124.0" Y="86.0" />
  <Point X="125.0" Y="86.0" />
  <Point X="126.0" Y="86.0" />
  <Point X="127.0" Y="86.0" />
  <Point X="128.0" Y="86.0" />
  <Point X="129.0" Y="86.0" />
  <Point X="130.0" Y="86.0" />
  <Point X="130.0" Y="87.0" />
  <Point X="131.0" Y="87.0" />
  <Point X="132.0" Y="87.0" />
  <Point X="133.0" Y="87.0" />
  <Point X="133.0473203604971" Y="87.0" />
  <Point X="134.0" Y="87.0" />
  <Point X="135.0" Y="87.0" />
  <Point X="136.0" Y="87.0" />
  <Point X="137.0" Y="87.0" />
  <Point X="138.0" Y="87.0" />
  <Point X="139.0" Y="87.0" />
  <Point X="140.0" Y="87.0" />
  <Point X="141.0" Y="87.0" />
  <Point X="142.0" Y="87.0" />
  <Point X="143.0" Y="87.0" />
  <Point X="143.0" Y="87.24864933274387" />
  <Point X="143.0" Y="88.0" />
  <Point X="145.0" Y="88.0" />
  <Point X="146.0" Y="89.0" />
  <Point X="147.0" Y="89.0" />
  <Point X="148.0" Y="89.0" />
  <Point X="149.0" Y="89.0" />
  <Point X="150.0" Y="89.0" />
  <Point X="151.0" Y="89.0" />
  <Point X="152.0" Y="89.0" />
  <Point X="152.03576474261752" Y="89.0" />
  <Point X="153.0" Y="89.0" />
  <Point X="154.0" Y="89.0" />
  <Point X="155.0" Y="89.0" />
  <Point X="156.0" Y="89.0" />
  <Point X="157.0" Y="89.0" />
  <Point X="158.0" Y="89.0" />
  <Point X="159.0" Y="89.0" />
  <Point X="160.0" Y="89.0" />
  <Point X="161.0" Y="89.0" />
  <Point X="162.0" Y="89.0" />
  <Point X="162.23709371486427" Y="89.0" />
  <Point X="163.0" Y="89.0" />
  <Point X="164.0" Y="89.0" />
  <Point X="164.0" Y="90.0" />
  <Point X="165.0" Y="90.0" />
  <Point X="166.0" Y="90.0" />
  <Point X="167.0" Y="90.0" />
  <Point X="168.0" Y="90.0" />
  <Point X="169.0" Y="90.0" />
  <Point X="170.0" Y="91.0" />
  <Point X="171.0" Y="91.0" />
  <Point X="171.0" Y="91.02420912473794" />
  <Point X="171.0" Y="92.0" />
  <Point X="171.0" Y="93.0" />
  <Point X="171.0" Y="94.0" />
  <Point X="171.0" Y="95.0" />
  <Point X="170.0" Y="95.0" />
  <Point X="170.0" Y="96.0" />
  <Point X="169.0" Y="96.0" />
  <Point X="169.0" Y="97.0" />
  <Point X="168.0" Y="98.0" />
  <Point X="167.1886754653884" Y="98.0" />
  <Point X="167.0" Y="98.0" />
  <Point X="167.0" Y="99.0" />
  <Point X="166.0" Y="100.0" />
  <Point X="165.0" Y="101.0" />
  <Point X="164.0" Y="101.0" />
  <Point X="164.0" Y="102.0" />
  <Point X="163.0" Y="102.0" />
  <Point X="162.0" Y="103.0" />
  <Point X="161.0" Y="103.0" />
  <Point X="161.0" Y="103.77001281973907" />
  <Point X="161.0" Y="104.0" />
  <Point X="160.0" Y="104.0" />
  <Point X="160.0" Y="105.0" />
  <Point X="159.0" Y="105.0" />
  <Point X="159.0" Y="106.0" />
  <Point X="158.0" Y="106.0" />
  <Point X="157.0" Y="106.0" />
  <Point X="157.0" Y="107.0" />
  <Point X="156.0" Y="107.0" />
  <Point X="155.0" Y="107.0" />
  <Point X="154.31315763203693" Y="107.68684236796307" />
  <Point X="154.0" Y="108.0" />
  <Point X="154.0" Y="109.0" />
  <Point X="153.0" Y="109.0" />
  <Point X="151.0" Y="110.0" />
  <Point X="150.0" Y="111.0" />
  <Point X="150.0" Y="112.0" />
  <Point X="149.0" Y="112.0" />
  <Point X="147.0" Y="112.0" />
  <Point X="147.0" Y="112.10817566198659" />
  <Point X="147.0" Y="113.0" />
  <Point X="146.0" Y="113.0" />
  <Point X="145.0" Y="114.0" />
  <Point X="144.0" Y="115.0" />
  <Point X="142.0" Y="116.0" />
  <Point X="141.0" Y="116.0" />
  <Point X="140.0" Y="117.0" />
  <Point X="139.1692040303857" Y="117.0" />
  <Point X="139.0" Y="117.0" />
  <Point X="137.0" Y="118.0" />
  <Point X="137.0" Y="119.0" />
  <Point X="136.0" Y="119.0" />
  <Point X="135.0" Y="120.0" />
  <Point X="134.0" Y="120.0" />
  <Point X="133.0" Y="120.0" />
  <Point X="133.0" Y="121.0" />
  <Point X="131.61815659801184" Y="121.0" />
  <Point X="131.0" Y="121.0" />
  <Point X="130.0" Y="122.0" />
  <Point X="129.0" Y="122.0" />
  <Point X="128.0" Y="123.0" />
  <Point X="127.0" Y="123.0" />
  <Point X="126.0" Y="124.0" />
  <Point X="125.0" Y="125.0" />
  <Point X="124.0" Y="126.0" />
  <Point X="123.48789543763056" Y="126.0" />
  <Point X="122.0" Y="126.0" />
  <Point X="121.0" Y="127.0" />
  <Point X="120.0" Y="127.0" />
  <Point X="119.0" Y="128.0" />
  <Point X="117.0" Y="129.0" />
  <Point X="116.0" Y="129.0" />
  <Point X="115.26257231490165" Y="130.4748553701967" />
  <Point X="115.0" Y="131.0" />
  <Point X="114.0" Y="131.0" />
  <Point X="113.0" Y="131.0" />
  <Point X="112.0" Y="131.0" />
  <Point X="110.0" Y="133.0" />
  <Point X="109.0" Y="133.0" />
  <Point X="107.0" Y="133.0" />
  <Point X="107.0" Y="133.78577230237102" />
  <Point X="107.0" Y="135.0" />
  <Point X="105.0" Y="135.0" />
  <Point X="104.0" Y="135.0" />
  <Point X="103.0" Y="136.0" />
  <Point X="102.0" Y="136.0" />
  <Point X="101.0" Y="136.0" />
  <Point X="100.0" Y="137.0" />
  <Point X="98.96365033484615" Y="137.51817483257693" />
  <Point X="98.0" Y="138.0" />
  <Point X="97.0" Y="139.0" />
  <Point X="96.0" Y="139.0" />
  <Point X="95.0" Y="140.0" />
  <Point X="94.0" Y="140.0" />
  <Point X="93.0" Y="140.0" />
  <Point X="92.0" Y="141.0" />
  <Point X="91.0" Y="141.0" />
  <Point X="90.11870554250073" Y="141.0" />
  <Point X="90.0" Y="141.0" />
  <Point X="89.0" Y="142.0" />
  <Point X="88.0" Y="142.0" />
  <Point X="87.0" Y="143.0" />
  <Point X="86.0" Y="143.0" />
  <Point X="85.0" Y="143.0" />
  <Point X="84.0" Y="144.0" />
  <Point X="83.0" Y="144.0" />
  <Point X="82.0" Y="144.0" />
  <Point X="82.0" Y="144.83998274262674" />
  <Point X="82.0" Y="145.0" />
  <Point X="81.0" Y="145.0" />
  <Point X="80.0" Y="145.0" />
  <Point X="80.0" Y="146.0" />
  <Point X="79.0" Y="146.0" />
  <Point X="78.0" Y="146.0" />
  <Point X="78.0" Y="147.0" />
  <Point X="77.0" Y="147.0" />
  <Point X="76.0" Y="148.0" />
  <Point X="75.0" Y="148.0" />
  <Point X="75.0" Y="148.6270981525004" />
  <Point X="75.0" Y="149.0" />
  <Point X="75.0" Y="148.0" />
  <Point X="76.0" Y="148.0" />
  <Point X="76.0" Y="147.0" />
  <Point X="77.0" Y="147.0" />
  <Point X="78.0" Y="146.0" />
  <Point X="79.0" Y="146.0" />
  <Point X="79.0" Y="145.0" />
  <Point X="80.0" Y="145.0" />
  <Point X="81.0" Y="144.0" />
</Project_1_Part_4>
