<?xml version="1.0" encoding="utf-8" standalone="yes"?>
<Gesture Name="star6" Subject="2" Number="2" NumPts="614">
  <Point X="225.0" Y="24.0" />
  <Point X="214.387721009224" Y="32.79702074235379" />
  <Point X="203.77544201844802" Y="41.594041484707574" />
  <Point X="193.16316302767203" Y="50.39106222706136" />
  <Point X="182.55088403689604" Y="59.18808296941515" />
  <Point X="171.93860504612005" Y="67.98510371176894" />
  <Point X="161.32632605534405" Y="76.78212445412272" />
  <Point X="150.71404706456806" Y="85.5791451964765" />
  <Point X="140.10176807379207" Y="94.37616593883028" />
  <Point X="129.48948908301608" Y="103.17318668118406" />
  <Point X="118.87721009224009" Y="111.97020742353784" />
  <Point X="108.26493110146409" Y="120.76722816589162" />
  <Point X="97.65265211068808" Y="129.56424890824542" />
  <Point X="87.04037311991208" Y="138.3612696505992" />
  <Point X="76.42809412913607" Y="147.158290392953" />
  <Point X="73.0" Y="150.0" />
  <Point X="73.0" Y="149.0" />
  <Point X="73.0" Y="148.0" />
  <Point X="74.0" Y="148.0" />
  <Point X="75.0" Y="148.0" />
  <Point X="75.0" Y="147.0" />
  <Point X="75.0" Y="146.0" />
  <Point X="76.0" Y="146.0" />
  <Point X="76.0" Y="145.0" />
  <Point X="76.94156385049664" Y="144.05843614950336" />
  <Point X="77.0" Y="144.0" />
  <Point X="78.0" Y="143.0" />
  <Point X="79.0" Y="143.0" />
  <Point X="79.0" Y="142.0" />
  <Point X="80.0" Y="141.0" />
  <Point X="80.0" Y="140.0" />
  <Point X="81.0" Y="140.0" />
  <Point X="81.0" Y="139.0" />
  <Point X="82.0" Y="138.0" />
  <Point X="83.0" Y="138.0" />
  <Point X="83.0" Y="137.0" />
  <Point X="84.0" Y="137.0" />
  <Point X="84.0" Y="136.0" />
  <Point X="84.0" Y="135.5409415165072" />
  <Point X="84.0" Y="135.0" />
  <Point X="85.0" Y="135.0" />
  <Point X="85.0" Y="134.0" />
  <Point X="86.0" Y="134.0" />
  <Point X="86.0" Y="133.0" />
  <Point X="87.0" Y="133.0" />
  <Point X="87.0" Y="132.0" />
  <Point X="87.0" Y="131.0" />
  <Point X="88.0" Y="131.0" />
  <Point X="89.0" Y="130.0" />
  <Point X="89.0" Y="129.0" />
  <Point X="90.0" Y="129.0" />
  <Point X="91.0" Y="128.0" />
  <Point X="91.0" Y="127.58502827548077" />
  <Point X="91.0" Y="127.0" />
  <Point X="92.0" Y="125.0" />
  <Point X="93.0" Y="124.0" />
  <Point X="94.0" Y="124.0" />
  <Point X="94.0" Y="123.0" />
  <Point X="94.0" Y="122.0" />
  <Point X="95.0" Y="121.0" />
  <Point X="96.0" Y="120.0" />
  <Point X="97.0" Y="120.0" />
  <Point X="97.0" Y="118.0" />
  <Point X="97.72060342567278" Y="118.0" />
  <Point X="98.0" Y="118.0" />
  <Point X="98.0" Y="116.0" />
  <Point X="100.0" Y="116.0" />
  <Point X="101.0" Y="115.0" />
  <Point X="101.0" Y="114.0" />
  <Point X="102.0" Y="113.0" />
  <Point X="102.0" Y="112.0" />
  <Point X="103.0" Y="112.0" />
  <Point X="103.0" Y="111.0" />
  <Point X="103.0" Y="110.0" />
  <Point X="104.49952209286032" Y="109.25023895356985" />
  <Point X="105.0" Y="109.0" />
  <Point X="106.0" Y="108.0" />
  <Point X="106.0" Y="107.0" />
  <Point X="106.0" Y="106.0" />
  <Point X="107.0" Y="106.0" />
  <Point X="108.0" Y="104.0" />
  <Point X="109.0" Y="103.0" />
  <Point X="110.0" Y="102.0" />
  <Point X="110.0" Y="101.0" />
  <Point X="111.0" Y="100.0" />
  <Point X="111.94177206570198" Y="99.05822793429802" />
  <Point X="112.0" Y="99.0" />
  <Point X="113.0" Y="97.0" />
  <Point X="115.0" Y="96.0" />
  <Point X="115.0" Y="95.0" />
  <Point X="116.0" Y="94.0" />
  <Point X="116.0" Y="93.0" />
  <Point X="117.0" Y="92.0" />
  <Point X="118.0" Y="91.0" />
  <Point X="119.0" Y="89.0" />
  <Point X="119.67184810061151" Y="88.66407594969424" />
  <Point X="121.0" Y="88.0" />
  <Point X="121.0" Y="87.0" />
  <Point X="122.0" Y="86.0" />
  <Point X="122.0" Y="85.0" />
  <Point X="123.0" Y="84.0" />
  <Point X="124.0" Y="83.0" />
  <Point X="125.0" Y="82.0" />
  <Point X="126.0" Y="81.0" />
  <Point X="127.0" Y="79.0" />
  <Point X="127.70165188417738" Y="78.29834811582262" />
  <Point X="128.0" Y="78.0" />
  <Point X="129.0" Y="78.0" />
  <Point X="129.0" Y="76.0" />
  <Point X="130.0" Y="76.0" />
  <Point X="130.0" Y="75.0" />
  <Point X="131.0" Y="74.0" />
  <Point X="132.0" Y="73.0" />
  <Point X="133.0" Y="72.0" />
  <Point X="133.0" Y="71.0" />
  <Point X="134.0" Y="70.0" />
  <Point X="135.0" Y="69.0" />
  <Point X="135.20601174387937" Y="68.79398825612063" />
  <Point X="136.0" Y="68.0" />
  <Point X="137.0" Y="67.0" />
  <Point X="137.0" Y="66.0" />
  <Point X="138.0" Y="65.0" />
  <Point X="139.0" Y="65.0" />
  <Point X="139.0" Y="64.0" />
  <Point X="140.0" Y="63.0" />
  <Point X="140.0" Y="62.0" />
  <Point X="141.0" Y="62.0" />
  <Point X="141.0" Y="61.0" />
  <Point X="142.0" Y="61.0" />
  <Point X="143.0" Y="60.0" />
  <Point X="143.0" Y="59.99538284389052" />
  <Point X="143.0" Y="59.0" />
  <Point X="144.0" Y="58.0" />
  <Point X="144.0" Y="57.0" />
  <Point X="145.0" Y="57.0" />
  <Point X="145.0" Y="56.0" />
  <Point X="146.0" Y="55.0" />
  <Point X="146.0" Y="54.0" />
  <Point X="147.0" Y="54.0" />
  <Point X="147.0" Y="53.0" />
  <Point X="148.0" Y="53.0" />
  <Point X="148.0" Y="52.0" />
  <Point X="148.0" Y="53.0" />
  <Point X="148.0" Y="53.96053039713591" />
  <Point X="148.0" Y="54.0" />
  <Point X="148.0" Y="55.0" />
  <Point X="148.0" Y="56.0" />
  <Point X="148.0" Y="57.0" />
  <Point X="148.0" Y="58.0" />
  <Point X="148.0" Y="59.0" />
  <Point X="149.0" Y="60.0" />
  <Point X="149.0" Y="61.0" />
  <Point X="149.0" Y="62.0" />
  <Point X="149.0" Y="63.0" />
  <Point X="149.0" Y="64.0" />
  <Point X="149.0" Y="65.0" />
  <Point X="150.0" Y="66.0" />
  <Point X="150.0" Y="66.91644363816233" />
  <Point X="150.0" Y="67.0" />
  <Point X="150.0" Y="69.0" />
  <Point X="150.0" Y="70.0" />
  <Point X="150.0" Y="71.0" />
  <Point X="150.0" Y="73.0" />
  <Point X="150.0" Y="74.0" />
  <Point X="150.0" Y="75.0" />
  <Point X="150.0" Y="76.0" />
  <Point X="150.0" Y="77.0" />
  <Point X="151.0" Y="78.0" />
  <Point X="151.0" Y="79.0" />
  <Point X="151.0" Y="80.28657044156185" />
  <Point X="151.0" Y="81.0" />
  <Point X="151.0" Y="83.0" />
  <Point X="151.0" Y="84.0" />
  <Point X="151.0" Y="85.0" />
  <Point X="151.0" Y="86.0" />
  <Point X="151.0" Y="88.0" />
  <Point X="151.0" Y="90.0" />
  <Point X="151.0" Y="92.0" />
  <Point X="152.0" Y="93.0" />
  <Point X="152.0" Y="93.65669724496138" />
  <Point X="152.0" Y="94.0" />
  <Point X="152.0" Y="96.0" />
  <Point X="152.0" Y="98.0" />
  <Point X="153.0" Y="99.0" />
  <Point X="153.0" Y="101.0" />
  <Point X="153.0" Y="102.0" />
  <Point X="153.0" Y="104.0" />
  <Point X="153.0" Y="105.0" />
  <Point X="153.0" Y="106.0" />
  <Point X="153.0" Y="107.02682404836091" />
  <Point X="153.0" Y="108.0" />
  <Point X="153.0" Y="109.0" />
  <Point X="153.0" Y="110.0" />
  <Point X="153.0" Y="111.0" />
  <Point X="153.0" Y="113.0" />
  <Point X="153.0" Y="114.0" />
  <Point X="153.0" Y="116.0" />
  <Point X="153.0" Y="118.0" />
  <Point X="153.0" Y="119.0" />
  <Point X="153.0" Y="120.0" />
  <Point X="153.0" Y="120.81116441413353" />
  <Point X="153.0" Y="121.0" />
  <Point X="153.0" Y="123.0" />
  <Point X="153.0" Y="124.0" />
  <Point X="153.0" Y="126.0" />
  <Point X="153.0" Y="127.0" />
  <Point X="153.0" Y="128.0" />
  <Point X="154.0" Y="129.0" />
  <Point X="154.0" Y="131.0" />
  <Point X="154.0" Y="132.0" />
  <Point X="154.0" Y="133.0" />
  <Point X="154.0" Y="134.0" />
  <Point X="154.0" Y="134.18129121753304" />
  <Point X="154.0" Y="135.0" />
  <Point X="154.0" Y="136.0" />
  <Point X="154.0" Y="138.0" />
  <Point X="155.0" Y="138.0" />
  <Point X="155.0" Y="139.0" />
  <Point X="155.0" Y="140.0" />
  <Point X="155.0" Y="141.0" />
  <Point X="155.0" Y="142.0" />
  <Point X="155.0" Y="144.0" />
  <Point X="155.0" Y="145.0" />
  <Point X="155.0" Y="146.0" />
  <Point X="155.0" Y="146.96563158330565" />
  <Point X="155.0" Y="147.0" />
  <Point X="155.0" Y="148.0" />
  <Point X="155.0" Y="149.0" />
  <Point X="155.0" Y="150.0" />
  <Point X="155.0" Y="151.0" />
  <Point X="156.0" Y="152.0" />
  <Point X="156.0" Y="153.0" />
  <Point X="156.0" Y="154.0" />
  <Point X="156.0" Y="155.0" />
  <Point X="156.0" Y="156.0" />
  <Point X="156.0" Y="157.0" />
  <Point X="156.0" Y="158.0" />
  <Point X="156.0" Y="159.0" />
  <Point X="156.0" Y="160.0" />
  <Point X="156.0" Y="160.33575838670518" />
  <Point X="156.0" Y="161.0" />
  <Point X="156.0" Y="162.0" />
  <Point X="156.0" Y="163.0" />
  <Point X="156.0" Y="164.0" />
  <Point X="155.0" Y="164.0" />
  <Point X="154.0" Y="164.0" />
  <Point X="153.0" Y="163.0" />
  <Point X="153.0" Y="162.0" />
  <Point X="152.0" Y="162.0" />
  <Point X="152.0" Y="161.0" />
  <Point X="151.0" Y="161.0" />
  <Point X="150.0" Y="161.0" />
  <Point X="150.0" Y="160.0" />
  <Point X="149.2941148098953" Y="160.0" />
  <Point X="149.0" Y="160.0" />
  <Point X="148.0" Y="159.0" />
  <Point X="147.0" Y="159.0" />
  <Point X="147.0" Y="158.0" />
  <Point X="146.0" Y="158.0" />
  <Point X="146.0" Y="157.0" />
  <Point X="145.0" Y="157.0" />
  <Point X="145.0" Y="156.0" />
  <Point X="144.0" Y="156.0" />
  <Point X="144.0" Y="155.0" />
  <Point X="143.0" Y="155.0" />
  <Point X="142.0" Y="155.0" />
  <Point X="142.0" Y="154.0" />
  <Point X="142.0" Y="153.0" />
  <Point X="141.92398800649576" Y="153.0" />
  <Point X="141.0" Y="153.0" />
  <Point X="141.0" Y="152.0" />
  <Point X="140.0" Y="152.0" />
  <Point X="139.0" Y="151.0" />
  <Point X="139.0" Y="150.0" />
  <Point X="138.0" Y="150.0" />
  <Point X="138.0" Y="149.0" />
  <Point X="137.0" Y="149.0" />
  <Point X="137.0" Y="148.0" />
  <Point X="136.0" Y="148.0" />
  <Point X="136.0" Y="147.0" />
  <Point X="135.0" Y="147.0" />
  <Point X="134.0" Y="146.0" />
  <Point X="133.9774254501724" Y="145.9774254501724" />
  <Point X="133.0" Y="145.0" />
  <Point X="133.0" Y="144.0" />
  <Point X="132.0" Y="143.0" />
  <Point X="131.0" Y="141.0" />
  <Point X="130.0" Y="141.0" />
  <Point X="130.0" Y="140.0" />
  <Point X="129.0" Y="140.0" />
  <Point X="129.0" Y="139.0" />
  <Point X="128.0" Y="138.0" />
  <Point X="128.0" Y="137.0" />
  <Point X="127.0" Y="137.0" />
  <Point X="126.84903994910673" Y="136.69807989821345" />
  <Point X="126.0" Y="135.0" />
  <Point X="125.0" Y="134.0" />
  <Point X="125.0" Y="133.0" />
  <Point X="124.0" Y="132.0" />
  <Point X="123.0" Y="131.0" />
  <Point X="122.0" Y="130.0" />
  <Point X="122.0" Y="129.0" />
  <Point X="121.0" Y="128.0" />
  <Point X="121.0" Y="127.0" />
  <Point X="120.0" Y="126.0" />
  <Point X="119.59945205028156" Y="126.0" />
  <Point X="119.0" Y="126.0" />
  <Point X="119.0" Y="125.0" />
  <Point X="119.0" Y="124.0" />
  <Point X="118.0" Y="124.0" />
  <Point X="117.0" Y="123.0" />
  <Point X="117.0" Y="122.0" />
  <Point X="116.0" Y="122.0" />
  <Point X="116.0" Y="121.0" />
  <Point X="115.0" Y="121.0" />
  <Point X="115.0" Y="120.0" />
  <Point X="115.0" Y="119.0" />
  <Point X="114.0" Y="118.0" />
  <Point X="113.04083709360792" Y="117.04083709360792" />
  <Point X="113.0" Y="117.0" />
  <Point X="112.0" Y="117.0" />
  <Point X="112.0" Y="116.0" />
  <Point X="112.0" Y="115.0" />
  <Point X="111.0" Y="115.0" />
  <Point X="111.0" Y="114.0" />
  <Point X="110.0" Y="113.0" />
  <Point X="110.0" Y="112.0" />
  <Point X="109.0" Y="112.0" />
  <Point X="109.0" Y="111.0" />
  <Point X="108.0" Y="110.0" />
  <Point X="107.0" Y="109.0" />
  <Point X="107.0" Y="108.0" />
  <Point X="107.0" Y="107.51605269297488" />
  <Point X="107.0" Y="107.0" />
  <Point X="106.0" Y="106.0" />
  <Point X="106.0" Y="105.0" />
  <Point X="106.0" Y="104.0" />
  <Point X="105.0" Y="103.0" />
  <Point X="104.0" Y="103.0" />
  <Point X="104.0" Y="102.0" />
  <Point X="104.0" Y="101.0" />
  <Point X="103.0" Y="100.0" />
  <Point X="103.0" Y="99.0" />
  <Point X="103.0" Y="98.0" />
  <Point X="102.0" Y="98.0" />
  <Point X="102.0" Y="97.0" />
  <Point X="101.98186484250978" Y="96.98186484250978" />
  <Point X="101.0" Y="96.0" />
  <Point X="101.0" Y="95.0" />
  <Point X="100.0" Y="95.0" />
  <Point X="100.0" Y="94.0" />
  <Point X="100.0" Y="93.0" />
  <Point X="100.0" Y="92.0" />
  <Point X="99.0" Y="91.0" />
  <Point X="99.0" Y="90.0" />
  <Point X="99.0" Y="89.0" />
  <Point X="98.0" Y="89.0" />
  <Point X="98.0" Y="88.0" />
  <Point X="98.0" Y="87.0" />
  <Point X="98.0" Y="86.01843977329513" />
  <Point X="98.0" Y="86.0" />
  <Point X="97.0" Y="86.0" />
  <Point X="97.0" Y="85.0" />
  <Point X="96.0" Y="84.0" />
  <Point X="96.0" Y="83.0" />
  <Point X="96.0" Y="82.0" />
  <Point X="95.0" Y="82.0" />
  <Point X="95.0" Y="81.0" />
  <Point X="95.0" Y="80.0" />
  <Point X="94.0" Y="80.0" />
  <Point X="94.0" Y="79.0" />
  <Point X="94.0" Y="78.0" />
  <Point X="94.0" Y="77.0" />
  <Point X="93.0" Y="77.0" />
  <Point X="93.0" Y="76.64831296989561" />
  <Point X="93.0" Y="76.0" />
  <Point X="92.0" Y="76.0" />
  <Point X="92.0" Y="75.0" />
  <Point X="93.0" Y="75.0" />
  <Point X="94.0" Y="75.0" />
  <Point X="95.0" Y="75.0" />
  <Point X="96.0" Y="75.0" />
  <Point X="97.0" Y="75.0" />
  <Point X="98.0" Y="75.0" />
  <Point X="99.0" Y="75.0" />
  <Point X="99.0" Y="76.0" />
  <Point X="100.0" Y="76.0" />
  <Point X="101.0" Y="76.0" />
  <Point X="102.0" Y="76.0" />
  <Point X="102.0" Y="76.13602739587701" />
  <Point X="102.0" Y="77.0" />
  <Point X="103.0" Y="77.0" />
  <Point X="104.0" Y="77.0" />
  <Point X="105.0" Y="77.0" />
  <Point X="106.0" Y="77.0" />
  <Point X="107.0" Y="78.0" />
  <Point X="107.0" Y="79.0" />
  <Point X="109.0" Y="79.0" />
  <Point X="110.0" Y="79.0" />
  <Point X="111.0" Y="79.0" />
  <Point X="112.0" Y="80.0" />
  <Point X="113.0" Y="80.0" />
  <Point X="113.08223420560428" Y="80.04111710280215" />
  <Point X="115.0" Y="81.0" />
  <Point X="116.0" Y="81.0" />
  <Point X="118.0" Y="82.0" />
  <Point X="119.0" Y="82.0" />
  <Point X="121.0" Y="83.0" />
  <Point X="122.0" Y="83.0" />
  <Point X="124.0" Y="84.0" />
  <Point X="125.0" Y="84.0" />
  <Point X="125.93200909267689" Y="84.0" />
  <Point X="126.0" Y="84.0" />
  <Point X="127.0" Y="84.0" />
  <Point X="128.0" Y="85.0" />
  <Point X="130.0" Y="86.0" />
  <Point X="131.0" Y="86.0" />
  <Point X="132.0" Y="86.0" />
  <Point X="133.0" Y="86.0" />
  <Point X="135.0" Y="87.0" />
  <Point X="137.0" Y="87.0" />
  <Point X="138.0" Y="88.0" />
  <Point X="138.41578637870373" Y="88.0" />
  <Point X="139.0" Y="88.0" />
  <Point X="140.0" Y="88.0" />
  <Point X="141.0" Y="88.0" />
  <Point X="143.0" Y="89.0" />
  <Point X="144.0" Y="89.0" />
  <Point X="145.0" Y="90.0" />
  <Point X="148.0" Y="90.0" />
  <Point X="149.0" Y="90.0" />
  <Point X="150.0" Y="91.0" />
  <Point X="151.13563164223035" Y="91.0" />
  <Point X="152.0" Y="91.0" />
  <Point X="153.0" Y="91.0" />
  <Point X="154.0" Y="92.0" />
  <Point X="156.0" Y="92.0" />
  <Point X="157.0" Y="92.0" />
  <Point X="158.0" Y="93.0" />
  <Point X="159.0" Y="93.0" />
  <Point X="162.0" Y="93.0" />
  <Point X="163.0" Y="94.0" />
  <Point X="163.6773313208837" Y="94.0" />
  <Point X="164.0" Y="94.0" />
  <Point X="166.0" Y="95.0" />
  <Point X="167.0" Y="95.0" />
  <Point X="168.0" Y="95.0" />
  <Point X="170.0" Y="95.0" />
  <Point X="171.0" Y="96.0" />
  <Point X="172.0" Y="96.0" />
  <Point X="174.0" Y="97.0" />
  <Point X="175.0" Y="97.0" />
  <Point X="176.0" Y="97.0" />
  <Point X="176.57532216928365" Y="97.0" />
  <Point X="177.0" Y="97.0" />
  <Point X="178.0" Y="97.0" />
  <Point X="179.0" Y="97.0" />
  <Point X="181.0" Y="97.0" />
  <Point X="182.0" Y="98.0" />
  <Point X="184.0" Y="99.0" />
  <Point X="186.0" Y="99.0" />
  <Point X="187.0" Y="99.0" />
  <Point X="188.0" Y="99.0" />
  <Point X="189.0" Y="99.0" />
  <Point X="189.70938099518338" Y="99.0" />
  <Point X="190.0" Y="99.0" />
  <Point X="191.0" Y="99.0" />
  <Point X="193.0" Y="99.0" />
  <Point X="194.0" Y="100.0" />
  <Point X="196.0" Y="100.0" />
  <Point X="197.0" Y="100.0" />
  <Point X="198.0" Y="100.0" />
  <Point X="199.0" Y="100.0" />
  <Point X="200.0" Y="100.0" />
  <Point X="201.0" Y="100.0" />
  <Point X="202.0" Y="100.0" />
  <Point X="203.0" Y="100.0" />
  <Point X="203.0795077985829" Y="100.0" />
  <Point X="204.0" Y="100.0" />
  <Point X="205.0" Y="100.0" />
  <Point X="206.0" Y="100.0" />
  <Point X="207.0" Y="100.0" />
  <Point X="208.0" Y="100.0" />
  <Point X="208.0" Y="99.0" />
  <Point X="209.0" Y="99.0" />
  <Point X="210.0" Y="99.0" />
  <Point X="211.0" Y="99.0" />
  <Point X="210.0" Y="99.0" />
  <Point X="209.0" Y="99.0" />
  <Point X="208.0" Y="99.0" />
  <Point X="207.0" Y="99.0" />
  <Point X="206.13615183564448" Y="99.0" />
  <Point X="206.0" Y="99.0" />
  <Point X="206.0" Y="100.0" />
  <Point X="205.0" Y="100.0" />
  <Point X="204.0" Y="100.0" />
  <Point X="203.0" Y="101.0" />
  <Point X="202.0" Y="101.0" />
  <Point X="202.0" Y="102.0" />
  <Point X="201.0" Y="102.0" />
  <Point X="200.0" Y="103.0" />
  <Point X="198.0" Y="103.0" />
  <Point X="198.0" Y="104.0" />
  <Point X="197.0" Y="104.0" />
  <Point X="196.18023859461806" Y="104.0" />
  <Point X="196.0" Y="104.0" />
  <Point X="195.0" Y="104.0" />
  <Point X="195.0" Y="105.0" />
  <Point X="194.0" Y="105.0" />
  <Point X="193.0" Y="106.0" />
  <Point X="192.0" Y="106.0" />
  <Point X="191.0" Y="106.0" />
  <Point X="190.0" Y="107.0" />
  <Point X="189.0" Y="107.0" />
  <Point X="188.0" Y="108.0" />
  <Point X="187.0" Y="109.0" />
  <Point X="186.0" Y="109.0" />
  <Point X="185.05275247833782" Y="109.0" />
  <Point X="185.0" Y="109.0" />
  <Point X="184.0" Y="109.0" />
  <Point X="183.0" Y="110.0" />
  <Point X="182.0" Y="111.0" />
  <Point X="181.0" Y="111.0" />
  <Point X="179.0" Y="111.0" />
  <Point X="179.0" Y="113.0" />
  <Point X="178.0" Y="113.0" />
  <Point X="176.0" Y="113.0" />
  <Point X="176.0" Y="114.0" />
  <Point X="175.0968392373114" Y="114.0" />
  <Point X="174.0" Y="114.0" />
  <Point X="173.0" Y="115.0" />
  <Point X="172.0" Y="116.0" />
  <Point X="170.0" Y="116.0" />
  <Point X="169.0" Y="116.0" />
  <Point X="168.0" Y="116.0" />
  <Point X="167.0" Y="118.0" />
  <Point X="166.0" Y="118.0" />
  <Point X="164.0" Y="119.0" />
  <Point X="163.61306195128455" Y="119.0" />
  <Point X="163.0" Y="119.0" />
  <Point X="162.0" Y="120.0" />
  <Point X="160.0" Y="121.0" />
  <Point X="158.0" Y="122.0" />
  <Point X="157.0" Y="122.0" />
  <Point X="156.0" Y="122.0" />
  <Point X="154.0" Y="123.0" />
  <Point X="153.0" Y="123.0" />
  <Point X="152.0" Y="124.0" />
  <Point X="151.3653526427575" Y="124.0" />
  <Point X="150.0" Y="124.0" />
  <Point X="149.0" Y="125.0" />
  <Point X="148.0" Y="125.0" />
  <Point X="147.0" Y="126.0" />
  <Point X="146.0" Y="126.0" />
  <Point X="145.0" Y="127.0" />
  <Point X="143.0" Y="127.0" />
  <Point X="143.0" Y="128.0" />
  <Point X="141.0" Y="128.0" />
  <Point X="140.16819703388936" Y="128.83180296611064" />
  <Point X="140.0" Y="129.0" />
  <Point X="139.0" Y="129.0" />
  <Point X="138.0" Y="129.0" />
  <Point X="137.0" Y="129.0" />
  <Point X="136.0" Y="130.0" />
  <Point X="135.0" Y="131.0" />
  <Point X="133.0" Y="131.0" />
  <Point X="132.0" Y="132.0" />
  <Point X="131.0" Y="132.0" />
  <Point X="130.0" Y="133.0" />
  <Point X="129.0" Y="133.0" />
  <Point X="128.11038041019702" Y="133.0" />
  <Point X="128.0" Y="133.0" />
  <Point X="127.0" Y="134.0" />
  <Point X="126.0" Y="134.0" />
  <Point X="125.0" Y="134.0" />
  <Point X="124.0" Y="134.0" />
  <Point X="124.0" Y="135.0" />
  <Point X="123.0" Y="135.0" />
  <Point X="122.0" Y="136.0" />
  <Point X="121.0" Y="136.0" />
  <Point X="120.0" Y="136.0" />
  <Point X="119.0" Y="137.0" />
  <Point X="118.0" Y="137.0" />
  <Point X="117.0" Y="137.0" />
  <Point X="116.5686807315437" Y="137.0" />
  <Point X="116.0" Y="137.0" />
  <Point X="115.0" Y="137.0" />
  <Point X="115.0" Y="138.0" />
  <Point X="114.0" Y="138.0" />
  <Point X="113.0" Y="138.0" />
  <Point X="112.0" Y="138.0" />
  <Point X="111.0" Y="138.0" />
  <Point X="111.0" Y="139.0" />
  <Point X="110.0" Y="139.0" />
  <Point X="110.0" Y="140.0" />
  <Point X="109.0" Y="140.0" />
  <Point X="108.0" Y="140.0" />
  <Point X="107.0" Y="140.0" />
  <Point X="106.0" Y="140.0" />
  <Point X="106.0" Y="140.21565963422893" />
  <Point X="106.0" Y="141.0" />
  <Point X="105.0" Y="141.0" />
  <Point X="104.0" Y="141.0" />
  <Point X="104.0" Y="142.0" />
  <Point X="103.0" Y="142.0" />
  <Point X="102.0" Y="142.0" />
  <Point X="101.0" Y="142.0" />
  <Point X="100.0" Y="142.0" />
  <Point X="100.0" Y="143.0" />
  <Point X="99.0" Y="143.0" />
  <Point X="98.0" Y="143.0" />
  <Point X="98.0" Y="144.0" />
  <Point X="97.0" Y="144.0" />
  <Point X="96.0" Y="144.0" />
</Project_1_Part_4>
