<?xml version="1.0" encoding="utf-8" standalone="yes"?>
<Gesture Name="star9" Subject="2" Number="2" NumPts="710">
  <Point X="222.0" Y="19.0" />
  <Point X="209.62130586610363" Y="29.361940595227864" />
  <Point X="197.24261173220725" Y="39.72388119045573" />
  <Point X="184.86391759831088" Y="50.08582178568359" />
  <Point X="172.4852234644145" Y="60.447762380911456" />
  <Point X="160.10652933051813" Y="70.80970297613932" />
  <Point X="147.72783519662175" Y="81.17164357136718" />
  <Point X="135.34914106272538" Y="91.53358416659505" />
  <Point X="122.970446928829" Y="101.89552476182291" />
  <Point X="110.59175279493263" Y="112.25746535705078" />
  <Point X="98.21305866103626" Y="122.61940595227864" />
  <Point X="85.83436452713988" Y="132.98134654750652" />
  <Point X="73.45567039324351" Y="143.34328714273437" />
  <Point X="61.076976259347134" Y="153.70522773796222" />
  <Point X="48.69828212545076" Y="164.0671683331901" />
  <Point X="44.0" Y="168.0" />
  <Point X="45.0" Y="168.0" />
  <Point X="45.0" Y="167.0" />
  <Point X="46.0" Y="167.0" />
  <Point X="47.0" Y="167.0" />
  <Point X="47.0" Y="166.0" />
  <Point X="48.0" Y="166.0" />
  <Point X="49.0" Y="165.0" />
  <Point X="50.0" Y="165.0" />
  <Point X="51.0" Y="165.0" />
  <Point X="51.0" Y="164.39811800407597" />
  <Point X="51.0" Y="164.0" />
  <Point X="52.0" Y="163.0" />
  <Point X="53.0" Y="163.0" />
  <Point X="53.0" Y="162.0" />
  <Point X="55.0" Y="162.0" />
  <Point X="55.0" Y="161.0" />
  <Point X="56.0" Y="160.0" />
  <Point X="57.0" Y="159.0" />
  <Point X="58.0" Y="159.0" />
  <Point X="59.0" Y="158.0" />
  <Point X="60.0" Y="158.0" />
  <Point X="61.0" Y="157.0" />
  <Point X="61.0" Y="156.0" />
  <Point X="61.6739824406181" Y="156.0" />
  <Point X="62.0" Y="156.0" />
  <Point X="63.0" Y="155.0" />
  <Point X="65.0" Y="154.0" />
  <Point X="65.0" Y="153.0" />
  <Point X="67.0" Y="153.0" />
  <Point X="68.0" Y="152.0" />
  <Point X="69.0" Y="151.0" />
  <Point X="70.0" Y="150.0" />
  <Point X="71.0" Y="150.0" />
  <Point X="72.0" Y="149.0" />
  <Point X="73.0" Y="148.0" />
  <Point X="73.77484856219345" Y="147.22515143780655" />
  <Point X="74.0" Y="147.0" />
  <Point X="75.0" Y="147.0" />
  <Point X="76.0" Y="146.0" />
  <Point X="77.0" Y="145.0" />
  <Point X="78.0" Y="144.0" />
  <Point X="79.0" Y="143.0" />
  <Point X="80.0" Y="142.0" />
  <Point X="81.0" Y="142.0" />
  <Point X="81.0" Y="141.0" />
  <Point X="83.0" Y="141.0" />
  <Point X="83.0" Y="140.0" />
  <Point X="85.0" Y="139.0" />
  <Point X="85.0" Y="138.48237974973955" />
  <Point X="85.0" Y="138.0" />
  <Point X="86.0" Y="137.0" />
  <Point X="88.0" Y="137.0" />
  <Point X="88.0" Y="135.0" />
  <Point X="90.0" Y="135.0" />
  <Point X="90.0" Y="134.0" />
  <Point X="92.0" Y="133.0" />
  <Point X="92.0" Y="132.0" />
  <Point X="94.0" Y="132.0" />
  <Point X="94.0" Y="130.0" />
  <Point X="94.0105069669471" Y="130.0" />
  <Point X="95.0" Y="130.0" />
  <Point X="96.0" Y="129.0" />
  <Point X="97.0" Y="129.0" />
  <Point X="97.0" Y="128.0" />
  <Point X="98.0" Y="127.0" />
  <Point X="98.0" Y="126.0" />
  <Point X="100.0" Y="125.0" />
  <Point X="100.0" Y="124.0" />
  <Point X="101.0" Y="123.0" />
  <Point X="102.0" Y="122.0" />
  <Point X="103.0" Y="122.0" />
  <Point X="103.0" Y="121.0" />
  <Point X="103.89148699323664" Y="120.10851300676336" />
  <Point X="104.0" Y="120.0" />
  <Point X="105.0" Y="119.0" />
  <Point X="106.0" Y="118.0" />
  <Point X="107.0" Y="117.0" />
  <Point X="107.0" Y="116.0" />
  <Point X="108.0" Y="116.0" />
  <Point X="108.0" Y="114.0" />
  <Point X="110.0" Y="114.0" />
  <Point X="110.0" Y="113.0" />
  <Point X="111.0" Y="113.0" />
  <Point X="111.0" Y="111.0" />
  <Point X="112.0" Y="111.0" />
  <Point X="112.52825614423328" Y="110.47174385576672" />
  <Point X="113.0" Y="110.0" />
  <Point X="113.0" Y="109.0" />
  <Point X="114.0" Y="108.0" />
  <Point X="114.0" Y="107.0" />
  <Point X="115.0" Y="107.0" />
  <Point X="116.0" Y="105.0" />
  <Point X="117.0" Y="104.0" />
  <Point X="118.0" Y="103.0" />
  <Point X="119.0" Y="101.0" />
  <Point X="120.0" Y="100.0" />
  <Point X="120.0" Y="99.0" />
  <Point X="120.95249510336738" Y="98.04750489663262" />
  <Point X="121.0" Y="98.0" />
  <Point X="122.0" Y="96.0" />
  <Point X="123.0" Y="96.0" />
  <Point X="123.0" Y="95.0" />
  <Point X="124.0" Y="94.0" />
  <Point X="124.0" Y="93.0" />
  <Point X="125.0" Y="93.0" />
  <Point X="125.0" Y="92.0" />
  <Point X="126.0" Y="91.0" />
  <Point X="126.0" Y="90.0" />
  <Point X="127.0" Y="90.0" />
  <Point X="128.0" Y="88.0" />
  <Point X="128.0" Y="87.0" />
  <Point X="128.7754231077168" Y="87.0" />
  <Point X="129.0" Y="87.0" />
  <Point X="129.0" Y="86.0" />
  <Point X="130.0" Y="86.0" />
  <Point X="130.0" Y="84.0" />
  <Point X="131.0" Y="84.0" />
  <Point X="131.0" Y="83.0" />
  <Point X="132.0" Y="83.0" />
  <Point X="132.0" Y="82.0" />
  <Point X="133.0" Y="81.0" />
  <Point X="133.0" Y="80.0" />
  <Point X="134.0" Y="80.0" />
  <Point X="134.0" Y="79.0" />
  <Point X="135.0" Y="78.0" />
  <Point X="135.0" Y="77.0" />
  <Point X="136.0" Y="77.0" />
  <Point X="136.0" Y="76.90983576046986" />
  <Point X="136.0" Y="76.0" />
  <Point X="137.0" Y="75.0" />
  <Point X="137.0" Y="74.0" />
  <Point X="138.0" Y="74.0" />
  <Point X="138.0" Y="73.0" />
  <Point X="139.0" Y="73.0" />
  <Point X="139.0" Y="72.0" />
  <Point X="139.0" Y="71.0" />
  <Point X="140.0" Y="71.0" />
  <Point X="140.0" Y="70.0" />
  <Point X="141.0" Y="69.0" />
  <Point X="141.0" Y="68.0" />
  <Point X="142.0" Y="67.0" />
  <Point X="143.0" Y="67.0" />
  <Point X="143.0" Y="66.0093081910296" />
  <Point X="143.0" Y="66.0" />
  <Point X="144.0" Y="66.0" />
  <Point X="144.0" Y="65.0" />
  <Point X="144.0" Y="64.0" />
  <Point X="145.0" Y="64.0" />
  <Point X="145.0" Y="63.0" />
  <Point X="145.0" Y="62.0" />
  <Point X="146.0" Y="62.0" />
  <Point X="147.0" Y="62.0" />
  <Point X="147.0" Y="61.0" />
  <Point X="147.0" Y="60.0" />
  <Point X="148.0" Y="60.0" />
  <Point X="148.0" Y="59.0" />
  <Point X="149.0" Y="59.0" />
  <Point X="149.0" Y="58.0" />
  <Point X="150.0" Y="58.0" />
  <Point X="150.0" Y="57.0" />
  <Point X="150.13386006552994" Y="57.0" />
  <Point X="151.0" Y="57.0" />
  <Point X="151.0" Y="58.0" />
  <Point X="151.0" Y="59.0" />
  <Point X="152.0" Y="59.0" />
  <Point X="152.0" Y="60.0" />
  <Point X="152.0" Y="61.0" />
  <Point X="153.0" Y="61.0" />
  <Point X="153.0" Y="62.0" />
  <Point X="153.0" Y="63.0" />
  <Point X="153.0" Y="64.0" />
  <Point X="153.0" Y="65.0" />
  <Point X="154.0" Y="65.0" />
  <Point X="154.0" Y="66.0" />
  <Point X="154.0" Y="68.0" />
  <Point X="154.0" Y="69.0" />
  <Point X="154.27702832208948" Y="69.0" />
  <Point X="155.0" Y="69.0" />
  <Point X="155.0" Y="71.0" />
  <Point X="155.0" Y="72.0" />
  <Point X="156.0" Y="74.0" />
  <Point X="156.0" Y="75.0" />
  <Point X="156.0" Y="76.0" />
  <Point X="156.0" Y="77.0" />
  <Point X="156.0" Y="78.0" />
  <Point X="157.0" Y="79.0" />
  <Point X="157.0" Y="80.0" />
  <Point X="157.0" Y="81.0" />
  <Point X="158.0" Y="83.0" />
  <Point X="158.0" Y="83.53384706127635" />
  <Point X="158.0" Y="85.0" />
  <Point X="158.0" Y="86.0" />
  <Point X="159.0" Y="88.0" />
  <Point X="159.0" Y="89.0" />
  <Point X="159.0" Y="90.0" />
  <Point X="159.0" Y="91.0" />
  <Point X="160.0" Y="92.0" />
  <Point X="160.0" Y="93.0" />
  <Point X="160.0" Y="94.0" />
  <Point X="160.0" Y="96.0" />
  <Point X="160.0" Y="97.0" />
  <Point X="160.0" Y="98.0" />
  <Point X="160.4591693044641" Y="98.91833860892818" />
  <Point X="161.0" Y="100.0" />
  <Point X="161.0" Y="101.0" />
  <Point X="161.0" Y="103.0" />
  <Point X="161.0" Y="104.0" />
  <Point X="161.0" Y="105.0" />
  <Point X="161.0" Y="106.0" />
  <Point X="161.0" Y="107.0" />
  <Point X="161.0" Y="108.0" />
  <Point X="161.0" Y="109.0" />
  <Point X="162.0" Y="110.0" />
  <Point X="162.0" Y="112.0" />
  <Point X="163.0" Y="112.0" />
  <Point X="163.0" Y="113.0" />
  <Point X="163.0" Y="113.51962049464967" />
  <Point X="163.0" Y="114.0" />
  <Point X="163.0" Y="115.0" />
  <Point X="163.0" Y="116.0" />
  <Point X="163.0" Y="117.0" />
  <Point X="163.0" Y="118.0" />
  <Point X="163.0" Y="119.0" />
  <Point X="163.0" Y="121.0" />
  <Point X="163.0" Y="122.0" />
  <Point X="163.0" Y="124.0" />
  <Point X="163.0" Y="125.0" />
  <Point X="164.0" Y="126.0" />
  <Point X="164.0" Y="127.0" />
  <Point X="164.0" Y="128.0" />
  <Point X="164.0" Y="129.0" />
  <Point X="164.0" Y="129.24857518883613" />
  <Point X="164.0" Y="130.0" />
  <Point X="164.0" Y="131.0" />
  <Point X="164.0" Y="132.0" />
  <Point X="164.0" Y="133.0" />
  <Point X="165.0" Y="135.0" />
  <Point X="165.0" Y="136.0" />
  <Point X="165.0" Y="137.0" />
  <Point X="165.0" Y="138.0" />
  <Point X="165.0" Y="139.0" />
  <Point X="166.0" Y="139.0" />
  <Point X="166.0" Y="140.0" />
  <Point X="166.0" Y="141.0" />
  <Point X="166.0" Y="142.0" />
  <Point X="166.0" Y="143.0" />
  <Point X="166.8171859602001" Y="143.8171859602001" />
  <Point X="167.0" Y="144.0" />
  <Point X="167.0" Y="145.0" />
  <Point X="167.0" Y="146.0" />
  <Point X="167.0" Y="147.0" />
  <Point X="167.0" Y="148.0" />
  <Point X="167.0" Y="149.0" />
  <Point X="167.0" Y="150.0" />
  <Point X="167.0" Y="151.0" />
  <Point X="168.0" Y="151.0" />
  <Point X="168.0" Y="152.0" />
  <Point X="168.0" Y="153.0" />
  <Point X="168.0" Y="154.0" />
  <Point X="168.0" Y="155.0" />
  <Point X="168.0" Y="156.0" />
  <Point X="168.0" Y="157.0" />
  <Point X="168.0" Y="158.0" />
  <Point X="168.0" Y="158.88463016208232" />
  <Point X="168.0" Y="159.0" />
  <Point X="168.0" Y="160.0" />
  <Point X="168.0" Y="161.0" />
  <Point X="168.0" Y="162.0" />
  <Point X="168.0" Y="163.0" />
  <Point X="168.0" Y="164.0" />
  <Point X="167.0" Y="164.0" />
  <Point X="167.0" Y="165.0" />
  <Point X="166.0" Y="165.0" />
  <Point X="166.0" Y="166.0" />
  <Point X="165.0" Y="167.0" />
  <Point X="164.0" Y="167.0" />
  <Point X="164.0" Y="166.0" />
  <Point X="163.0" Y="166.0" />
  <Point X="162.0" Y="165.0" />
  <Point X="161.0" Y="165.0" />
  <Point X="161.0" Y="164.80062870610433" />
  <Point X="161.0" Y="164.0" />
  <Point X="160.0" Y="164.0" />
  <Point X="159.0" Y="164.0" />
  <Point X="159.0" Y="163.0" />
  <Point X="159.0" Y="162.0" />
  <Point X="158.0" Y="162.0" />
  <Point X="157.0" Y="162.0" />
  <Point X="157.0" Y="161.0" />
  <Point X="156.0" Y="161.0" />
  <Point X="155.0" Y="160.0" />
  <Point X="154.0" Y="159.0" />
  <Point X="153.0" Y="158.0" />
  <Point X="152.0" Y="158.0" />
  <Point X="152.0" Y="157.0" />
  <Point X="151.0" Y="157.0" />
  <Point X="150.92936083630235" Y="156.92936083630235" />
  <Point X="150.0" Y="156.0" />
  <Point X="149.0" Y="155.0" />
  <Point X="149.0" Y="154.0" />
  <Point X="148.0" Y="154.0" />
  <Point X="148.0" Y="153.0" />
  <Point X="147.0" Y="153.0" />
  <Point X="146.0" Y="152.0" />
  <Point X="145.0" Y="151.0" />
  <Point X="144.0" Y="150.0" />
  <Point X="143.0" Y="149.0" />
  <Point X="142.0" Y="148.0" />
  <Point X="141.0" Y="147.0" />
  <Point X="140.07064137908932" Y="147.0" />
  <Point X="140.0" Y="147.0" />
  <Point X="139.0" Y="145.0" />
  <Point X="138.0" Y="145.0" />
  <Point X="137.0" Y="144.0" />
  <Point X="136.0" Y="143.0" />
  <Point X="136.0" Y="142.0" />
  <Point X="134.0" Y="141.0" />
  <Point X="133.0" Y="141.0" />
  <Point X="131.0" Y="139.0" />
  <Point X="130.0" Y="137.0" />
  <Point X="129.49974408794998" Y="136.49974408794998" />
  <Point X="129.0" Y="136.0" />
  <Point X="128.0" Y="135.0" />
  <Point X="127.0" Y="135.0" />
  <Point X="125.0" Y="134.0" />
  <Point X="125.0" Y="133.0" />
  <Point X="123.0" Y="132.0" />
  <Point X="122.0" Y="131.0" />
  <Point X="121.0" Y="131.0" />
  <Point X="121.0" Y="129.0" />
  <Point X="119.0" Y="129.0" />
  <Point X="119.0" Y="127.86413969008086" />
  <Point X="119.0" Y="127.0" />
  <Point X="118.0" Y="127.0" />
  <Point X="117.0" Y="126.0" />
  <Point X="116.0" Y="126.0" />
  <Point X="115.0" Y="124.0" />
  <Point X="113.0" Y="123.0" />
  <Point X="111.0" Y="121.0" />
  <Point X="110.0" Y="120.0" />
  <Point X="109.0" Y="119.0" />
  <Point X="108.0" Y="119.0" />
  <Point X="108.0" Y="118.26417520038638" />
  <Point X="108.0" Y="118.0" />
  <Point X="106.0" Y="117.0" />
  <Point X="106.0" Y="116.0" />
  <Point X="105.0" Y="116.0" />
  <Point X="105.0" Y="115.0" />
  <Point X="104.0" Y="115.0" />
  <Point X="104.0" Y="114.0" />
  <Point X="102.0" Y="113.0" />
  <Point X="102.0" Y="112.0" />
  <Point X="101.0" Y="112.0" />
  <Point X="101.0" Y="111.0" />
  <Point X="100.0" Y="110.0" />
  <Point X="99.0" Y="110.0" />
  <Point X="99.0" Y="109.0073564611995" />
  <Point X="99.0" Y="109.0" />
  <Point X="98.0" Y="109.0" />
  <Point X="98.0" Y="108.0" />
  <Point X="97.0" Y="108.0" />
  <Point X="97.0" Y="106.0" />
  <Point X="96.0" Y="106.0" />
  <Point X="95.0" Y="105.0" />
  <Point X="94.0" Y="105.0" />
  <Point X="94.0" Y="104.0" />
  <Point X="94.0" Y="103.0" />
  <Point X="93.0" Y="103.0" />
  <Point X="92.0" Y="102.0" />
  <Point X="91.0" Y="101.0" />
  <Point X="90.0" Y="100.0" />
  <Point X="90.0" Y="99.52104245413234" />
  <Point X="90.0" Y="99.0" />
  <Point X="89.0" Y="98.0" />
  <Point X="88.0" Y="98.0" />
  <Point X="88.0" Y="97.0" />
  <Point X="87.0" Y="97.0" />
  <Point X="87.0" Y="96.0" />
  <Point X="87.0" Y="95.0" />
  <Point X="87.0" Y="94.0" />
  <Point X="88.0" Y="94.0" />
  <Point X="89.0" Y="94.0" />
  <Point X="90.0" Y="94.0" />
  <Point X="91.0" Y="94.0" />
  <Point X="91.0" Y="95.0" />
  <Point X="92.0" Y="95.0" />
  <Point X="93.0" Y="95.0" />
  <Point X="94.0" Y="95.0" />
  <Point X="94.14701615483395" Y="95.14701615483395" />
  <Point X="95.0" Y="96.0" />
  <Point X="97.0" Y="96.0" />
  <Point X="98.0" Y="96.0" />
  <Point X="99.0" Y="97.0" />
  <Point X="100.0" Y="97.0" />
  <Point X="102.0" Y="97.0" />
  <Point X="103.0" Y="97.0" />
  <Point X="104.0" Y="98.0" />
  <Point X="106.0" Y="98.0" />
  <Point X="107.0" Y="98.0" />
  <Point X="108.0" Y="99.0" />
  <Point X="108.69422624712128" Y="99.0" />
  <Point X="109.0" Y="99.0" />
  <Point X="111.0" Y="99.0" />
  <Point X="112.0" Y="99.0" />
  <Point X="113.0" Y="99.0" />
  <Point X="114.0" Y="99.0" />
  <Point X="115.0" Y="99.0" />
  <Point X="116.0" Y="100.0" />
  <Point X="118.0" Y="100.0" />
  <Point X="119.0" Y="100.0" />
  <Point X="120.0" Y="101.0" />
  <Point X="122.0" Y="101.0" />
  <Point X="123.0" Y="101.0" />
  <Point X="124.00896737893463" Y="101.0" />
  <Point X="125.0" Y="101.0" />
  <Point X="127.0" Y="101.0" />
  <Point X="128.0" Y="101.0" />
  <Point X="130.0" Y="101.0" />
  <Point X="131.0" Y="101.0" />
  <Point X="132.0" Y="102.0" />
  <Point X="133.0" Y="102.0" />
  <Point X="135.0" Y="102.0" />
  <Point X="136.0" Y="103.0" />
  <Point X="137.0" Y="103.0" />
  <Point X="139.0" Y="103.0" />
  <Point X="139.323708510748" Y="103.0" />
  <Point X="141.0" Y="103.0" />
  <Point X="142.0" Y="103.0" />
  <Point X="143.0" Y="103.0" />
  <Point X="144.0" Y="103.0" />
  <Point X="145.0" Y="103.0" />
  <Point X="146.0" Y="103.0" />
  <Point X="148.0" Y="103.0" />
  <Point X="149.0" Y="104.0" />
  <Point X="150.0" Y="104.0" />
  <Point X="152.0" Y="105.0" />
  <Point X="153.0" Y="105.0" />
  <Point X="154.0" Y="105.0" />
  <Point X="154.81659522743465" Y="105.0" />
  <Point X="155.0" Y="105.0" />
  <Point X="156.0" Y="105.0" />
  <Point X="157.0" Y="105.0" />
  <Point X="158.0" Y="105.0" />
  <Point X="160.0" Y="105.0" />
  <Point X="161.0" Y="105.0" />
  <Point X="162.0" Y="105.0" />
  <Point X="163.0" Y="105.0" />
  <Point X="164.0" Y="105.0" />
  <Point X="166.0" Y="105.0" />
  <Point X="167.0" Y="105.0" />
  <Point X="168.0" Y="105.0" />
  <Point X="170.0" Y="105.0" />
  <Point X="170.95976348399418" Y="105.0" />
  <Point X="171.0" Y="105.0" />
  <Point X="173.0" Y="105.0" />
  <Point X="174.0" Y="105.0" />
  <Point X="175.0" Y="105.0" />
  <Point X="176.0" Y="105.0" />
  <Point X="177.0" Y="105.0" />
  <Point X="178.0" Y="105.0" />
  <Point X="179.0" Y="105.0" />
  <Point X="180.0" Y="105.0" />
  <Point X="181.0" Y="105.0" />
  <Point X="182.0" Y="105.0" />
  <Point X="183.0" Y="105.0" />
  <Point X="184.0" Y="105.0" />
  <Point X="185.0" Y="105.0" />
  <Point X="187.0" Y="105.0" />
  <Point X="187.10293174055371" Y="105.0" />
  <Point X="188.0" Y="105.0" />
  <Point X="189.0" Y="105.0" />
  <Point X="190.0" Y="105.0" />
  <Point X="191.0" Y="105.0" />
  <Point X="192.0" Y="105.0" />
  <Point X="193.0" Y="105.0" />
  <Point X="194.0" Y="105.0" />
  <Point X="194.0" Y="104.0" />
  <Point X="195.0" Y="104.0" />
  <Point X="196.0" Y="104.0" />
  <Point X="196.0" Y="103.0" />
  <Point X="197.0" Y="103.0" />
  <Point X="198.0" Y="103.0" />
  <Point X="199.0" Y="103.0" />
  <Point X="200.0" Y="103.0" />
  <Point X="201.0" Y="103.0" />
  <Point X="201.24609999711325" Y="103.0" />
  <Point X="202.0" Y="103.0" />
  <Point X="203.0" Y="102.0" />
  <Point X="204.0" Y="102.0" />
  <Point X="205.0" Y="102.0" />
  <Point X="206.0" Y="102.0" />
  <Point X="206.0" Y="101.0" />
  <Point X="207.0" Y="101.0" />
  <Point X="208.0" Y="101.0" />
  <Point X="209.0" Y="101.0" />
  <Point X="210.0" Y="101.0" />
  <Point X="211.0" Y="100.0" />
  <Point X="212.0" Y="100.0" />
  <Point X="213.0" Y="100.0" />
  <Point X="212.0" Y="100.0" />
  <Point X="211.0" Y="100.0" />
  <Point X="210.4391588710734" Y="100.0" />
  <Point X="210.0" Y="100.0" />
  <Point X="210.0" Y="101.0" />
  <Point X="209.0" Y="101.0" />
  <Point X="208.0" Y="102.0" />
  <Point X="207.0" Y="102.0" />
  <Point X="206.0" Y="102.0" />
  <Point X="206.0" Y="103.0" />
  <Point X="205.0" Y="103.0" />
  <Point X="205.0" Y="104.0" />
  <Point X="204.0" Y="104.0" />
  <Point X="203.0" Y="104.0" />
  <Point X="203.0" Y="105.0" />
  <Point X="202.0" Y="105.0" />
  <Point X="201.0" Y="106.0" />
  <Point X="199.12441773926005" Y="106.0" />
  <Point X="199.0" Y="106.0" />
  <Point X="199.0" Y="107.0" />
  <Point X="198.0" Y="108.0" />
  <Point X="196.0" Y="108.0" />
  <Point X="196.0" Y="109.0" />
  <Point X="195.0" Y="109.0" />
  <Point X="193.0" Y="110.0" />
  <Point X="193.0" Y="111.0" />
  <Point X="192.0" Y="111.0" />
  <Point X="191.0" Y="112.0" />
  <Point X="190.0" Y="112.0" />
  <Point X="189.0" Y="113.0" />
  <Point X="188.0" Y="114.0" />
  <Point X="187.8741717096927" Y="114.0" />
  <Point X="187.0" Y="114.0" />
  <Point X="186.0" Y="114.0" />
  <Point X="186.0" Y="115.0" />
  <Point X="185.0" Y="115.0" />
  <Point X="184.0" Y="115.0" />
  <Point X="183.0" Y="116.0" />
  <Point X="182.0" Y="117.0" />
  <Point X="181.0" Y="117.0" />
  <Point X="180.0" Y="117.0" />
  <Point X="180.0" Y="118.0" />
  <Point X="179.0" Y="118.0" />
  <Point X="178.0" Y="118.0" />
  <Point X="176.0" Y="120.0" />
  <Point X="175.38785770262552" Y="120.0" />
  <Point X="174.0" Y="120.0" />
  <Point X="172.0" Y="121.0" />
  <Point X="172.0" Y="122.0" />
  <Point X="171.0" Y="122.0" />
  <Point X="170.0" Y="122.0" />
  <Point X="170.0" Y="123.0" />
  <Point X="168.0" Y="124.0" />
  <Point X="167.0" Y="124.0" />
  <Point X="166.0" Y="124.0" />
  <Point X="166.0" Y="125.0" />
  <Point X="164.0" Y="125.0" />
  <Point X="163.09265853964712" Y="125.90734146035287" />
  <Point X="163.0" Y="126.0" />
  <Point X="162.0" Y="127.0" />
  <Point X="161.0" Y="127.0" />
  <Point X="160.0" Y="128.0" />
  <Point X="158.0" Y="128.0" />
  <Point X="158.0" Y="129.0" />
  <Point X="157.0" Y="129.0" />
  <Point X="156.0" Y="130.0" />
  <Point X="155.0" Y="130.0" />
  <Point X="153.0" Y="131.0" />
  <Point X="152.0" Y="132.0" />
  <Point X="151.0" Y="132.0" />
  <Point X="150.0" Y="132.0" />
  <Point X="149.91570787517503" Y="132.08429212482497" />
  <Point X="149.0" Y="133.0" />
  <Point X="149.0" Y="134.0" />
  <Point X="147.0" Y="134.0" />
  <Point X="146.0" Y="135.0" />
  <Point X="144.0" Y="135.0" />
  <Point X="143.0" Y="135.0" />
  <Point X="142.0" Y="137.0" />
  <Point X="141.0" Y="137.0" />
  <Point X="139.0" Y="137.0" />
  <Point X="139.0" Y="138.0" />
  <Point X="137.92858335927545" Y="138.5357083203623" />
  <Point X="137.0" Y="139.0" />
  <Point X="136.0" Y="139.0" />
  <Point X="135.0" Y="140.0" />
  <Point X="134.0" Y="140.0" />
  <Point X="133.0" Y="140.0" />
  <Point X="133.0" Y="141.0" />
  <Point X="132.0" Y="141.0" />
  <Point X="131.0" Y="142.0" />
  <Point X="129.0" Y="142.0" />
  <Point X="129.0" Y="143.0" />
  <Point X="128.0" Y="143.0" />
  <Point X="127.0" Y="143.0" />
  <Point X="126.0" Y="143.0" />
  <Point X="125.09734045216356" Y="143.90265954783644" />
  <Point X="125.0" Y="144.0" />
  <Point X="125.0" Y="145.0" />
  <Point X="123.0" Y="145.0" />
  <Point X="123.0" Y="146.0" />
  <Point X="122.0" Y="146.0" />
  <Point X="121.0" Y="146.0" />
  <Point X="119.0" Y="147.0" />
  <Point X="119.0" Y="148.0" />
  <Point X="118.0" Y="148.0" />
  <Point X="117.0" Y="148.0" />
  <Point X="116.0" Y="149.0" />
  <Point X="115.0" Y="149.0" />
  <Point X="114.0" Y="149.0" />
  <Point X="113.0" Y="149.0" />
  <Point X="113.0" Y="149.35522652906943" />
  <Point X="113.0" Y="150.0" />
  <Point X="112.0" Y="150.0" />
  <Point X="111.0" Y="151.0" />
  <Point X="110.0" Y="151.0" />
  <Point X="110.0" Y="152.0" />
  <Point X="109.0" Y="152.0" />
  <Point X="108.0" Y="152.0" />
  <Point X="107.0" Y="153.0" />
  <Point X="106.0" Y="153.0" />
  <Point X="105.0" Y="153.0" />
  <Point X="104.0" Y="153.0" />
  <Point X="103.0" Y="153.0" />
  <Point X="103.0" Y="154.0" />
  <Point X="102.0" Y="154.0" />
  <Point X="101.0" Y="154.0" />
  <Point X="100.5262613238141" Y="154.47373867618592" />
  <Point X="100.0" Y="155.0" />
  <Point X="99.0" Y="155.0" />
  <Point X="98.0" Y="155.0" />
  <Point X="98.0" Y="156.0" />
  <Point X="97.0" Y="156.0" />
  <Point X="96.0" Y="156.0" />
  <Point X="96.0" Y="157.0" />
  <Point X="95.0" Y="157.0" />
  <Point X="95.0" Y="158.0" />
  <Point X="94.0" Y="158.0" />
  <Point X="93.0" Y="158.0" />
  <Point X="93.0" Y="159.0" />
  <Point X="93.0" Y="160.0" />
  <Point X="92.0" Y="160.0" />
  <Point X="91.0" Y="160.0" />
  <Point X="91.0" Y="161.0" />
  <Point X="90.60107764493077" Y="161.0" />
  <Point X="90.0" Y="161.0" />
  <Point X="90.0" Y="162.0" />
  <Point X="89.0" Y="162.0" />
  <Point X="88.0" Y="162.0" />
  <Point X="87.0" Y="162.0" />
  <Point X="87.0" Y="163.0" />
  <Point X="87.0" Y="164.0" />
  <Point X="86.0" Y="164.0" />
  <Point X="85.0" Y="164.0" />
  <Point X="84.0" Y="164.0" />
  <Point X="84.0" Y="165.0" />
  <Point X="83.0" Y="165.0" />
  <Point X="82.0" Y="165.0" />
  <Point X="82.0" Y="166.0" />
  <Point X="81.0" Y="166.0" />
  <Point X="80.0" Y="166.0" />
  <Point X="80.0" Y="166.54209061162877" />
  <Point X="80.0" Y="167.0" />
  <Point X="79.0" Y="167.0" />
  <Point X="79.0" Y="168.0" />
  <Point X="78.0" Y="168.0" />
  <Point X="77.0" Y="168.0" />
  <Point X="77.0" Y="169.0" />
  <Point X="76.0" Y="169.0" />
  <Point X="75.0" Y="170.0" />
  <Point X="74.0" Y="170.0" />
  <Point X="74.0" Y="171.0" />
  <Point X="73.0" Y="171.0" />
  <Point X="72.0" Y="172.0" />
  <Point X="71.0" Y="172.0" />
  <Point X="70.0" Y="172.0" />
  <Point X="70.0" Y="173.0" />
  <Point X="69.14316825655789" Y="173.0" />
  <Point X="69.0" Y="173.0" />
  <Point X="68.0" Y="173.0" />
  <Point X="67.0" Y="173.0" />
  <Point X="66.0" Y="173.0" />
  <Point X="66.0" Y="174.0" />
  <Point X="65.0" Y="174.0" />
  <Point X="65.0" Y="175.0" />
  <Point X="64.0" Y="175.0" />
  <Point X="63.0" Y="175.0" />
  <Point X="63.0" Y="176.0" />
  <Point X="62.0" Y="176.0" />
  <Point X="61.0" Y="176.0" />
  <Point X="61.0" Y="177.0" />
  <Point X="60.0" Y="177.0" />
  <Point X="59.0" Y="177.0" />
  <Point X="58.0" Y="177.0" />
  <Point X="57.0" Y="177.0" />
</Project_1_Part_4>
