<?xml version="1.0" encoding="utf-8" standalone="yes"?>
<Gesture Name="star1" Subject="2" Number="2" NumPts="627">
  <Point X="60.0" Y="157.0" />
  <Point X="60.0" Y="156.0" />
  <Point X="60.0" Y="155.0" />
  <Point X="61.0" Y="154.0" />
  <Point X="62.0" Y="153.0" />
  <Point X="62.0" Y="152.0" />
  <Point X="62.0" Y="151.0" />
  <Point X="63.0" Y="151.0" />
  <Point X="63.0" Y="150.0" />
  <Point X="63.0" Y="149.0" />
  <Point X="64.0" Y="148.0" />
  <Point X="64.0" Y="147.62325115561706" />
  <Point X="64.0" Y="147.0" />
  <Point X="65.0" Y="146.0" />
  <Point X="66.0" Y="145.0" />
  <Point X="66.0" Y="144.0" />
  <Point X="67.0" Y="143.0" />
  <Point X="67.0" Y="142.0" />
  <Point X="68.0" Y="142.0" />
  <Point X="68.0" Y="141.0" />
  <Point X="68.0" Y="140.0" />
  <Point X="69.0" Y="140.0" />
  <Point X="69.53280332533475" Y="139.46719667466525" />
  <Point X="70.0" Y="139.0" />
  <Point X="70.0" Y="138.0" />
  <Point X="71.0" Y="138.0" />
  <Point X="71.0" Y="137.0" />
  <Point X="71.0" Y="136.0" />
  <Point X="72.0" Y="136.0" />
  <Point X="72.0" Y="135.0" />
  <Point X="73.0" Y="134.0" />
  <Point X="74.0" Y="133.0" />
  <Point X="74.0" Y="132.0" />
  <Point X="74.79920498800213" Y="131.20079501199788" />
  <Point X="75.0" Y="131.0" />
  <Point X="75.0" Y="130.0" />
  <Point X="76.0" Y="130.0" />
  <Point X="76.0" Y="129.0" />
  <Point X="77.0" Y="129.0" />
  <Point X="77.0" Y="128.0" />
  <Point X="78.0" Y="127.0" />
  <Point X="78.0" Y="126.0" />
  <Point X="79.0" Y="125.0" />
  <Point X="80.0" Y="124.0" />
  <Point X="80.77271343185605" Y="123.22728656814395" />
  <Point X="81.0" Y="123.0" />
  <Point X="81.0" Y="122.0" />
  <Point X="81.0" Y="121.0" />
  <Point X="83.0" Y="121.0" />
  <Point X="83.0" Y="120.0" />
  <Point X="84.0" Y="119.0" />
  <Point X="84.0" Y="118.0" />
  <Point X="85.0" Y="117.0" />
  <Point X="86.0" Y="116.0" />
  <Point X="87.0" Y="116.0" />
  <Point X="87.0" Y="115.94468290283147" />
  <Point X="87.0" Y="115.0" />
  <Point X="88.0" Y="114.0" />
  <Point X="88.0" Y="113.0" />
  <Point X="89.0" Y="112.0" />
  <Point X="89.0" Y="111.0" />
  <Point X="90.0" Y="111.0" />
  <Point X="90.0" Y="110.0" />
  <Point X="91.0" Y="110.0" />
  <Point X="91.0" Y="109.0" />
  <Point X="92.0" Y="108.0" />
  <Point X="92.3055167571908" Y="107.6944832428092" />
  <Point X="93.0" Y="107.0" />
  <Point X="93.0" Y="106.0" />
  <Point X="94.0" Y="106.0" />
  <Point X="95.0" Y="104.0" />
  <Point X="96.0" Y="104.0" />
  <Point X="97.0" Y="103.0" />
  <Point X="97.0" Y="102.0" />
  <Point X="98.0" Y="101.0" />
  <Point X="98.0" Y="100.0" />
  <Point X="98.57274680843463" Y="100.0" />
  <Point X="99.0" Y="100.0" />
  <Point X="100.0" Y="99.0" />
  <Point X="100.0" Y="98.0" />
  <Point X="101.0" Y="98.0" />
  <Point X="102.0" Y="97.0" />
  <Point X="103.0" Y="96.0" />
  <Point X="104.0" Y="94.0" />
  <Point X="105.0" Y="94.0" />
  <Point X="105.0" Y="93.0" />
  <Point X="105.71342767531779" Y="93.0" />
  <Point X="106.0" Y="93.0" />
  <Point X="106.0" Y="92.0" />
  <Point X="107.0" Y="92.0" />
  <Point X="107.0" Y="91.0" />
  <Point X="107.0" Y="90.0" />
  <Point X="108.0" Y="90.0" />
  <Point X="108.0" Y="89.0" />
  <Point X="109.0" Y="89.0" />
  <Point X="109.0" Y="88.0" />
  <Point X="109.0" Y="87.0" />
  <Point X="110.0" Y="87.0" />
  <Point X="110.0" Y="86.0" />
  <Point X="110.33281720682001" Y="86.0" />
  <Point X="111.0" Y="86.0" />
  <Point X="111.0" Y="85.0" />
  <Point X="112.0" Y="85.0" />
  <Point X="112.0" Y="84.0" />
  <Point X="113.0" Y="84.0" />
  <Point X="113.0" Y="83.0" />
  <Point X="113.0" Y="82.0" />
  <Point X="114.0" Y="82.0" />
  <Point X="114.0" Y="81.0" />
  <Point X="115.0" Y="81.0" />
  <Point X="115.0" Y="80.0" />
  <Point X="115.95220673832225" Y="80.0" />
  <Point X="116.0" Y="80.0" />
  <Point X="116.0" Y="79.0" />
  <Point X="116.0" Y="78.0" />
  <Point X="117.0" Y="78.0" />
  <Point X="117.0" Y="77.0" />
  <Point X="118.0" Y="77.0" />
  <Point X="118.0" Y="78.0" />
  <Point X="119.0" Y="78.0" />
  <Point X="119.0" Y="79.0" />
  <Point X="119.0" Y="80.0" />
  <Point X="120.0" Y="81.0" />
  <Point X="120.0" Y="82.0" />
  <Point X="120.0" Y="82.15738270745138" />
  <Point X="120.0" Y="83.0" />
  <Point X="121.0" Y="84.0" />
  <Point X="121.0" Y="85.0" />
  <Point X="121.0" Y="86.0" />
  <Point X="121.0" Y="87.0" />
  <Point X="121.0" Y="88.0" />
  <Point X="122.0" Y="88.0" />
  <Point X="122.0" Y="90.0" />
  <Point X="123.0" Y="90.0" />
  <Point X="123.0" Y="91.0" />
  <Point X="123.0" Y="91.3625586765805" />
  <Point X="123.0" Y="92.0" />
  <Point X="123.0" Y="93.0" />
  <Point X="124.0" Y="94.0" />
  <Point X="124.0" Y="95.0" />
  <Point X="124.0" Y="96.0" />
  <Point X="125.0" Y="97.0" />
  <Point X="126.0" Y="98.0" />
  <Point X="126.0" Y="99.0" />
  <Point X="126.0" Y="101.0" />
  <Point X="126.33062837463022" Y="101.66125674926045" />
  <Point X="127.0" Y="103.0" />
  <Point X="127.0" Y="104.0" />
  <Point X="128.0" Y="105.0" />
  <Point X="128.0" Y="106.0" />
  <Point X="128.0" Y="107.0" />
  <Point X="128.0" Y="109.0" />
  <Point X="128.0" Y="111.0" />
  <Point X="129.0" Y="112.0" />
  <Point X="129.0" Y="112.2942019502197" />
  <Point X="129.0" Y="113.0" />
  <Point X="129.0" Y="115.0" />
  <Point X="129.0" Y="116.0" />
  <Point X="129.0" Y="117.0" />
  <Point X="131.0" Y="119.0" />
  <Point X="131.0" Y="120.0" />
  <Point X="132.0" Y="122.0" />
  <Point X="132.0" Y="122.84909637947595" />
  <Point X="132.0" Y="124.0" />
  <Point X="132.0" Y="125.0" />
  <Point X="133.0" Y="126.0" />
  <Point X="133.0" Y="128.0" />
  <Point X="133.0" Y="129.0" />
  <Point X="133.0" Y="130.0" />
  <Point X="134.0" Y="131.0" />
  <Point X="134.0" Y="133.0" />
  <Point X="134.640058786232" Y="133.0" />
  <Point X="135.0" Y="133.0" />
  <Point X="135.0" Y="134.0" />
  <Point X="135.0" Y="136.0" />
  <Point X="135.0" Y="137.0" />
  <Point X="135.0" Y="138.0" />
  <Point X="135.0" Y="140.0" />
  <Point X="136.0" Y="141.0" />
  <Point X="136.0" Y="142.0" />
  <Point X="136.82521406948655" Y="143.65042813897307" />
  <Point X="137.0" Y="144.0" />
  <Point X="137.0" Y="145.0" />
  <Point X="137.0" Y="146.0" />
  <Point X="137.0" Y="147.0" />
  <Point X="137.0" Y="148.0" />
  <Point X="137.0" Y="149.0" />
  <Point X="138.0" Y="150.0" />
  <Point X="138.0" Y="151.0" />
  <Point X="138.0" Y="152.0" />
  <Point X="138.0" Y="153.0" />
  <Point X="138.0" Y="154.81434274699046" />
  <Point X="138.0" Y="155.0" />
  <Point X="139.0" Y="155.0" />
  <Point X="139.0" Y="156.0" />
  <Point X="139.0" Y="157.0" />
  <Point X="140.0" Y="158.0" />
  <Point X="140.0" Y="159.0" />
  <Point X="140.0" Y="160.0" />
  <Point X="140.0" Y="161.0" />
  <Point X="140.0" Y="162.0" />
  <Point X="140.0" Y="163.0" />
  <Point X="141.0" Y="163.0" />
  <Point X="141.0" Y="164.0" />
  <Point X="141.0" Y="164.0195187161196" />
  <Point X="141.0" Y="165.0" />
  <Point X="141.0" Y="167.0" />
  <Point X="141.0" Y="168.0" />
  <Point X="141.0" Y="169.0" />
  <Point X="141.0" Y="170.0" />
  <Point X="141.0" Y="171.0" />
  <Point X="142.0" Y="171.0" />
  <Point X="142.0" Y="172.0" />
  <Point X="143.0" Y="173.0" />
  <Point X="143.0" Y="174.0" />
  <Point X="143.0" Y="174.22469468524872" />
  <Point X="143.0" Y="175.0" />
  <Point X="143.0" Y="176.0" />
  <Point X="143.0" Y="177.0" />
  <Point X="143.0" Y="178.0" />
  <Point X="143.0" Y="179.0" />
  <Point X="144.0" Y="179.0" />
  <Point X="144.0" Y="180.0" />
  <Point X="144.0" Y="181.0" />
  <Point X="144.0" Y="182.0" />
  <Point X="144.0" Y="183.0" />
  <Point X="144.0" Y="184.0" />
  <Point X="144.0" Y="184.84408421675096" />
  <Point X="144.0" Y="185.0" />
  <Point X="144.0" Y="186.0" />
  <Point X="144.0" Y="187.0" />
  <Point X="143.0" Y="187.0" />
  <Point X="142.0" Y="186.0" />
  <Point X="141.0" Y="186.0" />
  <Point X="141.0" Y="185.0" />
  <Point X="140.0" Y="185.0" />
  <Point X="139.0" Y="184.0" />
  <Point X="138.0" Y="184.0" />
  <Point X="137.0" Y="184.0" />
  <Point X="137.0" Y="183.364953376493" />
  <Point X="137.0" Y="183.0" />
  <Point X="136.0" Y="182.0" />
  <Point X="135.0" Y="182.0" />
  <Point X="134.0" Y="181.0" />
  <Point X="133.0" Y="181.0" />
  <Point X="133.0" Y="180.0" />
  <Point X="132.0" Y="180.0" />
  <Point X="131.0" Y="180.0" />
  <Point X="130.0" Y="180.0" />
  <Point X="130.0" Y="179.0" />
  <Point X="129.0" Y="178.0" />
  <Point X="128.98944981278865" Y="177.99472490639434" />
  <Point X="127.0" Y="177.0" />
  <Point X="126.0" Y="177.0" />
  <Point X="126.0" Y="176.0" />
  <Point X="125.0" Y="176.0" />
  <Point X="124.0" Y="175.0" />
  <Point X="123.0" Y="175.0" />
  <Point X="122.0" Y="174.0" />
  <Point X="121.0" Y="174.0" />
  <Point X="120.29935497806379" Y="172.59870995612758" />
  <Point X="120.0" Y="172.0" />
  <Point X="119.0" Y="172.0" />
  <Point X="119.0" Y="171.0" />
  <Point X="118.0" Y="171.0" />
  <Point X="117.0" Y="170.0" />
  <Point X="116.0" Y="170.0" />
  <Point X="116.0" Y="169.0" />
  <Point X="115.0" Y="169.0" />
  <Point X="114.0" Y="169.0" />
  <Point X="113.0" Y="168.0" />
  <Point X="112.20692011712828" Y="167.20692011712828" />
  <Point X="112.0" Y="167.0" />
  <Point X="111.0" Y="167.0" />
  <Point X="110.0" Y="166.0" />
  <Point X="109.0" Y="165.0" />
  <Point X="108.0" Y="165.0" />
  <Point X="108.0" Y="164.0" />
  <Point X="107.0" Y="164.0" />
  <Point X="106.0" Y="164.0" />
  <Point X="106.0" Y="163.0" />
  <Point X="104.0" Y="162.0" />
  <Point X="103.81455050335855" Y="161.81455050335853" />
  <Point X="103.0" Y="161.0" />
  <Point X="101.0" Y="160.0" />
  <Point X="100.0" Y="160.0" />
  <Point X="99.0" Y="159.0" />
  <Point X="98.0" Y="158.0" />
  <Point X="97.0" Y="157.0" />
  <Point X="96.0" Y="157.0" />
  <Point X="95.0" Y="157.0" />
  <Point X="95.0" Y="156.01126750220433" />
  <Point X="95.0" Y="156.0" />
  <Point X="94.0" Y="155.0" />
  <Point X="93.0" Y="155.0" />
  <Point X="92.0" Y="153.0" />
  <Point X="90.0" Y="153.0" />
  <Point X="89.0" Y="152.0" />
  <Point X="88.0" Y="151.0" />
  <Point X="87.0" Y="151.0" />
  <Point X="86.20138415107289" Y="150.2013841510729" />
  <Point X="86.0" Y="150.0" />
  <Point X="85.0" Y="149.0" />
  <Point X="84.0" Y="148.0" />
  <Point X="83.0" Y="148.0" />
  <Point X="82.0" Y="148.0" />
  <Point X="82.0" Y="147.0" />
  <Point X="81.0" Y="146.0" />
  <Point X="80.0" Y="146.0" />
  <Point X="79.0" Y="145.0" />
  <Point X="79.0" Y="144.0" />
  <Point X="78.32226491568443" Y="144.0" />
  <Point X="77.0" Y="144.0" />
  <Point X="77.0" Y="143.0" />
  <Point X="75.0" Y="142.0" />
  <Point X="74.0" Y="141.0" />
  <Point X="74.0" Y="140.0" />
  <Point X="73.0" Y="140.0" />
  <Point X="72.0" Y="139.0" />
  <Point X="71.0" Y="139.0" />
  <Point X="71.0" Y="138.0" />
  <Point X="70.83550609344924" Y="137.83550609344923" />
  <Point X="70.0" Y="137.0" />
  <Point X="69.0" Y="136.0" />
  <Point X="68.0" Y="136.0" />
  <Point X="68.0" Y="135.0" />
  <Point X="67.0" Y="135.0" />
  <Point X="66.0" Y="134.0" />
  <Point X="65.0" Y="133.0" />
  <Point X="64.0" Y="133.0" />
  <Point X="64.0" Y="132.0" />
  <Point X="63.0" Y="132.0" />
  <Point X="63.0" Y="131.80483520441834" />
  <Point X="63.0" Y="131.0" />
  <Point X="62.0" Y="130.0" />
  <Point X="61.0" Y="129.0" />
  <Point X="60.0" Y="129.0" />
  <Point X="60.0" Y="128.0" />
  <Point X="59.0" Y="127.0" />
  <Point X="58.0" Y="127.0" />
  <Point X="58.0" Y="126.0" />
  <Point X="57.0" Y="126.0" />
  <Point X="57.0" Y="125.0" />
  <Point X="56.428086360035394" Y="125.0" />
  <Point X="56.0" Y="125.0" />
  <Point X="56.0" Y="124.0" />
  <Point X="55.0" Y="123.0" />
  <Point X="54.0" Y="123.0" />
  <Point X="53.0" Y="122.0" />
  <Point X="53.0" Y="121.0" />
  <Point X="52.0" Y="121.0" />
  <Point X="52.0" Y="120.0" />
  <Point X="51.0" Y="120.0" />
  <Point X="50.0" Y="119.0" />
  <Point X="50.0" Y="118.05133751565245" />
  <Point X="50.0" Y="118.0" />
  <Point X="49.0" Y="118.0" />
  <Point X="49.0" Y="117.0" />
  <Point X="48.0" Y="117.0" />
  <Point X="48.0" Y="116.0" />
  <Point X="47.0" Y="115.0" />
  <Point X="46.0" Y="115.0" />
  <Point X="46.0" Y="114.0" />
  <Point X="45.0" Y="114.0" />
  <Point X="45.0" Y="113.0" />
  <Point X="44.0" Y="113.0" />
  <Point X="44.0" Y="112.0" />
  <Point X="44.0" Y="111.84616154652332" />
  <Point X="44.0" Y="111.0" />
  <Point X="43.0" Y="111.0" />
  <Point X="42.0" Y="111.0" />
  <Point X="42.0" Y="110.0" />
  <Point X="43.0" Y="110.0" />
  <Point X="44.0" Y="110.0" />
  <Point X="45.0" Y="110.0" />
  <Point X="46.0" Y="111.0" />
  <Point X="47.0" Y="111.0" />
  <Point X="48.0" Y="111.0" />
  <Point X="48.96096831395489" Y="111.9609683139549" />
  <Point X="49.0" Y="112.0" />
  <Point X="50.0" Y="112.0" />
  <Point X="51.0" Y="112.0" />
  <Point X="52.0" Y="112.0" />
  <Point X="53.0" Y="112.0" />
  <Point X="54.0" Y="112.0" />
  <Point X="56.0" Y="114.0" />
  <Point X="57.0" Y="114.0" />
  <Point X="58.0" Y="114.0" />
  <Point X="59.0" Y="114.0" />
  <Point X="59.65808667213368" Y="114.32904333606685" />
  <Point X="61.0" Y="115.0" />
  <Point X="62.0" Y="115.0" />
  <Point X="64.0" Y="115.0" />
  <Point X="66.0" Y="116.0" />
  <Point X="67.0" Y="116.0" />
  <Point X="68.0" Y="116.0" />
  <Point X="70.0" Y="116.0" />
  <Point X="70.88301684349142" Y="116.0" />
  <Point X="71.0" Y="116.0" />
  <Point X="72.0" Y="116.0" />
  <Point X="74.0" Y="116.0" />
  <Point X="76.0" Y="116.0" />
  <Point X="78.0" Y="117.0" />
  <Point X="79.0" Y="117.0" />
  <Point X="80.0" Y="117.0" />
  <Point X="82.26633839749385" Y="117.0" />
  <Point X="83.0" Y="117.0" />
  <Point X="84.0" Y="118.0" />
  <Point X="86.0" Y="118.0" />
  <Point X="88.0" Y="118.0" />
  <Point X="90.0" Y="118.0" />
  <Point X="92.0" Y="118.0" />
  <Point X="93.47151436662298" Y="118.0" />
  <Point X="94.0" Y="118.0" />
  <Point X="98.0" Y="118.0" />
  <Point X="100.0" Y="118.0" />
  <Point X="101.0" Y="119.0" />
  <Point X="103.0" Y="119.0" />
  <Point X="104.67669033575211" Y="119.0" />
  <Point X="106.0" Y="119.0" />
  <Point X="108.0" Y="119.0" />
  <Point X="109.0" Y="120.0" />
  <Point X="110.0" Y="120.0" />
  <Point X="113.0" Y="120.0" />
  <Point X="115.0" Y="120.0" />
  <Point X="115.88186630488124" Y="120.0" />
  <Point X="117.0" Y="120.0" />
  <Point X="119.0" Y="120.0" />
  <Point X="121.0" Y="120.0" />
  <Point X="123.0" Y="120.0" />
  <Point X="125.0" Y="120.0" />
  <Point X="127.50125583638348" Y="120.0" />
  <Point X="129.0" Y="120.0" />
  <Point X="131.0" Y="120.0" />
  <Point X="133.0" Y="120.0" />
  <Point X="135.0" Y="120.0" />
  <Point X="137.0" Y="120.0" />
  <Point X="139.12064536788571" Y="120.0" />
  <Point X="140.0" Y="120.0" />
  <Point X="142.0" Y="120.0" />
  <Point X="144.0" Y="120.0" />
  <Point X="147.0" Y="120.0" />
  <Point X="149.0" Y="120.0" />
  <Point X="150.74003489938795" Y="120.0" />
  <Point X="151.0" Y="120.0" />
  <Point X="153.0" Y="120.0" />
  <Point X="154.0" Y="120.0" />
  <Point X="156.0" Y="120.0" />
  <Point X="158.0" Y="120.0" />
  <Point X="161.0" Y="120.0" />
  <Point X="162.3594244308902" Y="120.0" />
  <Point X="163.0" Y="120.0" />
  <Point X="164.0" Y="120.0" />
  <Point X="167.0" Y="120.0" />
  <Point X="168.0" Y="120.0" />
  <Point X="170.0" Y="120.0" />
  <Point X="172.0" Y="120.0" />
  <Point X="173.97881396239242" Y="120.0" />
  <Point X="174.0" Y="120.0" />
  <Point X="175.0" Y="120.0" />
  <Point X="177.0" Y="120.0" />
  <Point X="179.0" Y="120.0" />
  <Point X="181.0" Y="120.0" />
  <Point X="182.0" Y="120.0" />
  <Point X="183.0" Y="120.0" />
  <Point X="185.0" Y="120.0" />
  <Point X="185.59820349389466" Y="120.0" />
  <Point X="187.0" Y="120.0" />
  <Point X="188.0" Y="120.0" />
  <Point X="189.0" Y="120.0" />
  <Point X="191.0" Y="120.0" />
  <Point X="192.0" Y="120.0" />
  <Point X="193.0" Y="120.0" />
  <Point X="195.0" Y="120.0" />
  <Point X="196.0" Y="120.0" />
  <Point X="196.0" Y="119.0" />
  <Point X="196.2175930253969" Y="119.0" />
  <Point X="198.0" Y="119.0" />
  <Point X="199.0" Y="119.0" />
  <Point X="201.0" Y="119.0" />
  <Point X="202.0" Y="119.0" />
  <Point X="204.0" Y="119.0" />
  <Point X="205.0" Y="119.0" />
  <Point X="205.0" Y="118.0" />
  <Point X="206.0" Y="118.0" />
  <Point X="206.83698255689913" Y="118.0" />
  <Point X="207.0" Y="118.0" />
  <Point X="208.0" Y="118.0" />
  <Point X="209.0" Y="118.0" />
  <Point X="210.0" Y="118.0" />
  <Point X="210.0" Y="117.0" />
  <Point X="211.0" Y="117.0" />
  <Point X="212.0" Y="117.0" />
  <Point X="211.0" Y="117.0" />
  <Point X="210.0" Y="117.0" />
  <Point X="209.0" Y="117.0" />
  <Point X="208.0" Y="117.0" />
  <Point X="207.0" Y="117.0" />
  <Point X="206.54362791159863" Y="117.0" />
  <Point X="206.0" Y="117.0" />
  <Point X="205.0" Y="117.0" />
  <Point X="204.0" Y="118.0" />
  <Point X="203.0" Y="118.0" />
  <Point X="202.0" Y="118.0" />
  <Point X="201.0" Y="118.0" />
  <Point X="200.0" Y="119.0" />
  <Point X="199.0" Y="120.0" />
  <Point X="198.0" Y="120.0" />
  <Point X="197.0" Y="121.0" />
  <Point X="196.62531785739392" Y="121.18734107130304" />
  <Point X="195.0" Y="122.0" />
  <Point X="194.0" Y="122.0" />
  <Point X="193.0" Y="122.0" />
  <Point X="192.0" Y="122.0" />
  <Point X="191.0" Y="123.0" />
  <Point X="190.0" Y="123.0" />
  <Point X="188.0" Y="124.0" />
  <Point X="186.07523974566558" Y="124.96238012716721" />
  <Point X="186.0" Y="125.0" />
  <Point X="184.0" Y="126.0" />
  <Point X="183.0" Y="127.0" />
  <Point X="182.0" Y="127.0" />
  <Point X="181.0" Y="127.0" />
  <Point X="179.0" Y="128.0" />
  <Point X="178.0" Y="129.0" />
  <Point X="177.0" Y="129.0" />
  <Point X="176.12693111447356" Y="129.87306888552644" />
  <Point X="176.0" Y="130.0" />
  <Point X="175.0" Y="131.0" />
  <Point X="174.0" Y="132.0" />
  <Point X="173.0" Y="132.0" />
  <Point X="172.0" Y="133.0" />
  <Point X="171.0" Y="134.0" />
  <Point X="170.0" Y="134.0" />
  <Point X="168.0" Y="135.0" />
  <Point X="167.0" Y="135.0" />
  <Point X="166.6132411571442" Y="135.3867588428558" />
  <Point X="166.0" Y="136.0" />
  <Point X="165.0" Y="137.0" />
  <Point X="164.0" Y="138.0" />
  <Point X="163.0" Y="138.0" />
  <Point X="162.0" Y="139.0" />
  <Point X="161.0" Y="139.0" />
  <Point X="159.0" Y="139.0" />
  <Point X="159.0" Y="140.0" />
  <Point X="157.6498667320194" Y="140.6750666339903" />
  <Point X="157.0" Y="141.0" />
  <Point X="156.0" Y="141.0" />
  <Point X="155.0" Y="142.0" />
  <Point X="154.0" Y="143.0" />
  <Point X="153.0" Y="143.0" />
  <Point X="152.0" Y="144.0" />
  <Point X="150.0" Y="144.0" />
  <Point X="150.0" Y="145.0" />
  <Point X="149.0" Y="146.0" />
  <Point X="148.76403781254567" Y="146.0" />
  <Point X="148.0" Y="146.0" />
  <Point X="147.0" Y="146.0" />
  <Point X="146.0" Y="147.0" />
  <Point X="146.0" Y="148.0" />
  <Point X="144.0" Y="148.0" />
  <Point X="143.0" Y="148.0" />
  <Point X="142.0" Y="149.0" />
  <Point X="141.0" Y="149.0" />
  <Point X="141.0" Y="150.0" />
  <Point X="140.0814907198317" Y="150.45925464008417" />
  <Point X="139.0" Y="151.0" />
  <Point X="139.0" Y="152.0" />
  <Point X="137.0" Y="152.0" />
  <Point X="137.0" Y="153.0" />
  <Point X="136.0" Y="153.0" />
  <Point X="135.0" Y="153.0" />
  <Point X="134.0" Y="154.0" />
  <Point X="133.0" Y="154.0" />
  <Point X="132.0" Y="155.0" />
  <Point X="131.41818097653336" Y="155.0" />
  <Point X="131.0" Y="155.0" />
  <Point X="130.0" Y="156.0" />
  <Point X="129.0" Y="156.0" />
  <Point X="128.0" Y="157.0" />
  <Point X="127.0" Y="157.0" />
  <Point X="126.0" Y="157.0" />
  <Point X="126.0" Y="158.0" />
  <Point X="124.0" Y="159.0" />
  <Point X="123.0" Y="159.0" />
  <Point X="121.98329257950925" Y="159.50835371024536" />
  <Point X="121.0" Y="160.0" />
  <Point X="121.0" Y="161.0" />
  <Point X="119.0" Y="161.0" />
  <Point X="118.0" Y="162.0" />
  <Point X="117.0" Y="162.0" />
  <Point X="116.0" Y="163.0" />
  <Point X="115.0" Y="164.0" />
  <Point X="114.0" Y="164.0" />
  <Point X="113.0" Y="164.0" />
  <Point X="112.80385259554394" Y="164.19614740445604" />
  <Point X="112.0" Y="165.0" />
  <Point X="111.0" Y="166.0" />
  <Point X="110.0" Y="166.0" />
  <Point X="109.0" Y="167.0" />
  <Point X="108.0" Y="167.0" />
  <Point X="107.0" Y="168.0" />
  <Point X="107.0" Y="169.0" />
  <Point X="105.0" Y="169.0" />
  <Point X="104.12323737050347" Y="169.8767626294965" />
  <Point X="104.0" Y="170.0" />
  <Point X="102.0" Y="170.0" />
  <Point X="101.0" Y="170.0" />
  <Point X="100.0" Y="171.0" />
  <Point X="98.0" Y="172.0" />
  <Point X="97.0" Y="172.0" />
  <Point X="96.0" Y="172.0" />
  <Point X="95.0" Y="172.0" />
  <Point X="95.0" Y="173.0" />
  <Point X="94.20517596912788" Y="173.0" />
  <Point X="94.0" Y="173.0" />
  <Point X="93.0" Y="174.0" />
  <Point X="92.0" Y="174.0" />
  <Point X="91.0" Y="174.0" />
  <Point X="90.0" Y="174.0" />
  <Point X="90.0" Y="175.0" />
  <Point X="89.0" Y="175.0" />
  <Point X="88.0" Y="175.0" />
  <Point X="88.0" Y="176.0" />
  <Point X="87.0" Y="176.0" />
  <Point X="86.0" Y="176.0" />
  <Point X="87.0" Y="176.0" />
</Project_1_Part_4>
