<?xml version="1.0" encoding="utf-8" standalone="yes"?>
<Gesture Name="triangle2" Subject="2" Number="2" NumPts="342">
  <Point X="77.0" Y="89.0" />
  <Point X="77.0" Y="90.0" />
  <Point X="77.0" Y="91.0" />
  <Point X="77.0" Y="92.0" />
  <Point X="77.0" Y="93.0" />
  <Point X="77.0" Y="93.98933485889572" />
  <Point X="77.0" Y="94.0" />
  <Point X="77.0" Y="95.0" />
  <Point X="77.0" Y="96.0" />
  <Point X="77.0" Y="97.0" />
  <Point X="77.0" Y="98.0" />
  <Point X="77.0" Y="98.97866971779143" />
  <Point X="77.0" Y="99.0" />
  <Point X="77.0" Y="100.0" />
  <Point X="77.0" Y="101.0" />
  <Point X="77.0" Y="102.0" />
  <Point X="77.0" Y="103.0" />
  <Point X="77.0" Y="103.96800457668715" />
  <Point X="77.0" Y="104.0" />
  <Point X="77.0" Y="105.0" />
  <Point X="77.0" Y="106.0" />
  <Point X="77.0" Y="107.0" />
  <Point X="77.0" Y="108.0" />
  <Point X="77.0" Y="108.95733943558287" />
  <Point X="77.0" Y="109.0" />
  <Point X="77.0" Y="110.0" />
  <Point X="77.0" Y="111.0" />
  <Point X="77.0" Y="112.0" />
  <Point X="77.0" Y="113.0" />
  <Point X="77.0" Y="113.94667429447858" />
  <Point X="77.0" Y="114.0" />
  <Point X="77.0" Y="115.0" />
  <Point X="77.0" Y="116.0" />
  <Point X="77.0" Y="117.0" />
  <Point X="77.0" Y="118.0" />
  <Point X="77.0" Y="118.9360091533743" />
  <Point X="77.0" Y="119.0" />
  <Point X="77.0" Y="120.0" />
  <Point X="77.0" Y="121.0" />
  <Point X="77.0" Y="122.0" />
  <Point X="77.0" Y="123.0" />
  <Point X="77.0" Y="123.92534401227002" />
  <Point X="77.0" Y="124.0" />
  <Point X="78.0" Y="125.0" />
  <Point X="78.0" Y="126.0" />
  <Point X="79.0" Y="127.0" />
  <Point X="79.0" Y="128.0" />
  <Point X="79.0" Y="128.08625174641955" />
  <Point X="79.0" Y="129.0" />
  <Point X="79.0" Y="130.0" />
  <Point X="79.0" Y="131.0" />
  <Point X="79.0" Y="132.0" />
  <Point X="79.0" Y="133.0" />
  <Point X="79.0" Y="133.07558660531527" />
  <Point X="79.0" Y="134.0" />
  <Point X="79.0" Y="135.0" />
  <Point X="79.0" Y="136.0" />
  <Point X="79.0" Y="137.0" />
  <Point X="79.0" Y="138.0" />
  <Point X="79.0" Y="138.06492146421098" />
  <Point X="79.0" Y="139.0" />
  <Point X="79.0" Y="140.0" />
  <Point X="79.0" Y="141.0" />
  <Point X="80.0" Y="142.0" />
  <Point X="80.0" Y="142.64004276073362" />
  <Point X="80.0" Y="143.0" />
  <Point X="80.0" Y="144.0" />
  <Point X="80.0" Y="145.0" />
  <Point X="80.0" Y="146.0" />
  <Point X="80.0" Y="147.0" />
  <Point X="80.0" Y="147.62937761962934" />
  <Point X="80.0" Y="148.0" />
  <Point X="80.0" Y="149.0" />
  <Point X="80.0" Y="150.0" />
  <Point X="80.0" Y="151.0" />
  <Point X="80.0" Y="152.0" />
  <Point X="80.0" Y="152.61871247852505" />
  <Point X="80.0" Y="153.0" />
  <Point X="80.0" Y="154.0" />
  <Point X="80.0" Y="155.0" />
  <Point X="80.0" Y="156.0" />
  <Point X="80.0" Y="157.0" />
  <Point X="80.0" Y="157.60804733742077" />
  <Point X="80.0" Y="158.0" />
  <Point X="80.0" Y="159.0" />
  <Point X="80.0" Y="160.0" />
  <Point X="80.0" Y="161.0" />
  <Point X="79.0" Y="161.0" />
  <Point X="79.0" Y="161.5973821963165" />
  <Point X="79.0" Y="162.0" />
  <Point X="79.0" Y="163.0" />
  <Point X="79.0" Y="164.0" />
  <Point X="79.0" Y="165.0" />
  <Point X="79.0" Y="166.0" />
  <Point X="79.0" Y="166.5867170552122" />
  <Point X="79.0" Y="167.0" />
  <Point X="78.0" Y="167.0" />
  <Point X="78.0" Y="168.0" />
  <Point X="78.0" Y="169.0" />
  <Point X="78.0" Y="170.0" />
  <Point X="78.0" Y="170.57605191410792" />
  <Point X="78.0" Y="171.0" />
  <Point X="78.0" Y="172.0" />
  <Point X="78.0" Y="173.0" />
  <Point X="77.0" Y="173.0" />
  <Point X="77.0" Y="174.0" />
  <Point X="77.0" Y="174.56538677300364" />
  <Point X="77.0" Y="175.0" />
  <Point X="78.0" Y="175.0" />
  <Point X="79.0" Y="174.0" />
  <Point X="80.0" Y="174.0" />
  <Point X="81.0" Y="174.0" />
  <Point X="81.14050806952626" Y="174.0" />
  <Point X="82.0" Y="174.0" />
  <Point X="83.0" Y="174.0" />
  <Point X="84.0" Y="174.0" />
  <Point X="84.0" Y="173.0" />
  <Point X="85.0" Y="173.0" />
  <Point X="85.12984292842198" Y="173.0" />
  <Point X="86.0" Y="173.0" />
  <Point X="87.0" Y="173.0" />
  <Point X="88.0" Y="173.0" />
  <Point X="89.0" Y="173.0" />
  <Point X="90.0" Y="173.0" />
  <Point X="90.1191777873177" Y="173.0" />
  <Point X="91.0" Y="173.0" />
  <Point X="93.0" Y="173.0" />
  <Point X="94.0" Y="172.0" />
  <Point X="94.69429908384032" Y="172.0" />
  <Point X="95.0" Y="172.0" />
  <Point X="96.0" Y="172.0" />
  <Point X="97.0" Y="172.0" />
  <Point X="98.0" Y="172.0" />
  <Point X="99.0" Y="172.0" />
  <Point X="99.68363394273604" Y="172.0" />
  <Point X="100.0" Y="172.0" />
  <Point X="101.0" Y="172.0" />
  <Point X="102.0" Y="172.0" />
  <Point X="104.0" Y="172.0" />
  <Point X="104.67296880163175" Y="172.0" />
  <Point X="105.0" Y="172.0" />
  <Point X="106.0" Y="172.0" />
  <Point X="107.0" Y="172.0" />
  <Point X="108.0" Y="172.0" />
  <Point X="109.0" Y="172.0" />
  <Point X="109.66230366052747" Y="172.0" />
  <Point X="110.0" Y="172.0" />
  <Point X="111.0" Y="172.0" />
  <Point X="112.0" Y="172.0" />
  <Point X="113.0" Y="172.0" />
  <Point X="114.65163851942319" Y="172.0" />
  <Point X="115.0" Y="172.0" />
  <Point X="117.0" Y="172.0" />
  <Point X="118.0" Y="172.0" />
  <Point X="119.0" Y="172.0" />
  <Point X="119.6409733783189" Y="172.0" />
  <Point X="121.0" Y="172.0" />
  <Point X="122.0" Y="171.0" />
  <Point X="124.0" Y="171.0" />
  <Point X="124.21609467484153" Y="171.0" />
  <Point X="125.0" Y="171.0" />
  <Point X="126.0" Y="171.0" />
  <Point X="127.0" Y="171.0" />
  <Point X="128.0" Y="171.0" />
  <Point X="129.0" Y="171.0" />
  <Point X="129.20542953373726" Y="171.0" />
  <Point X="131.0" Y="171.0" />
  <Point X="132.0" Y="171.0" />
  <Point X="134.0" Y="171.0" />
  <Point X="134.19476439263298" Y="171.0" />
  <Point X="135.0" Y="171.0" />
  <Point X="136.0" Y="171.0" />
  <Point X="137.0" Y="171.0" />
  <Point X="138.0" Y="171.0" />
  <Point X="139.0" Y="171.0" />
  <Point X="139.1840992515287" Y="171.0" />
  <Point X="140.0" Y="171.0" />
  <Point X="141.0" Y="171.0" />
  <Point X="142.0" Y="171.0" />
  <Point X="144.0" Y="171.0" />
  <Point X="144.1734341104244" Y="171.0" />
  <Point X="145.0" Y="171.0" />
  <Point X="146.0" Y="171.0" />
  <Point X="147.0" Y="171.0" />
  <Point X="148.0" Y="171.0" />
  <Point X="149.0" Y="171.0" />
  <Point X="149.16276896932013" Y="171.0" />
  <Point X="150.0" Y="171.0" />
  <Point X="151.0" Y="171.0" />
  <Point X="152.0" Y="171.0" />
  <Point X="153.0" Y="171.0" />
  <Point X="153.8146604295624" Y="170.1853395704376" />
  <Point X="154.0" Y="170.0" />
  <Point X="155.0" Y="170.0" />
  <Point X="156.0" Y="170.0" />
  <Point X="157.0" Y="170.0" />
  <Point X="158.0" Y="170.0" />
  <Point X="158.72722512473845" Y="170.0" />
  <Point X="159.0" Y="170.0" />
  <Point X="160.0" Y="170.0" />
  <Point X="160.0" Y="169.0" />
  <Point X="161.0" Y="169.0" />
  <Point X="161.0" Y="168.0" />
  <Point X="161.0" Y="167.28344001636583" />
  <Point X="161.0" Y="167.0" />
  <Point X="161.0" Y="166.0" />
  <Point X="160.0" Y="166.0" />
  <Point X="160.0" Y="165.0" />
  <Point X="160.0" Y="164.0" />
  <Point X="159.2941051574701" Y="164.0" />
  <Point X="159.0" Y="164.0" />
  <Point X="158.0" Y="164.0" />
  <Point X="158.0" Y="163.0" />
  <Point X="157.0" Y="163.0" />
  <Point X="157.0" Y="162.0" />
  <Point X="156.3047702985744" Y="162.0" />
  <Point X="156.0" Y="162.0" />
  <Point X="155.0" Y="161.0" />
  <Point X="154.0" Y="161.0" />
  <Point X="154.0" Y="160.0" />
  <Point X="153.10172619486372" Y="159.10172619486372" />
  <Point X="153.0" Y="159.0" />
  <Point X="152.0" Y="159.0" />
  <Point X="151.0" Y="157.0" />
  <Point X="150.0" Y="157.0" />
  <Point X="149.56908607498542" Y="156.56908607498542" />
  <Point X="149.0" Y="156.0" />
  <Point X="148.0" Y="156.0" />
  <Point X="148.0" Y="155.0" />
  <Point X="147.0" Y="154.0" />
  <Point X="146.45530712502293" Y="153.45530712502293" />
  <Point X="146.0" Y="153.0" />
  <Point X="145.0" Y="153.0" />
  <Point X="144.0" Y="152.0" />
  <Point X="144.0" Y="151.0" />
  <Point X="143.06878021472988" Y="151.0" />
  <Point X="143.0" Y="151.0" />
  <Point X="142.0" Y="149.0" />
  <Point X="140.0" Y="148.0" />
  <Point X="140.0" Y="147.55158131083374" />
  <Point X="140.0" Y="147.0" />
  <Point X="139.0" Y="147.0" />
  <Point X="138.0" Y="145.0" />
  <Point X="137.0" Y="145.0" />
  <Point X="136.857386765388" Y="144.857386765388" />
  <Point X="136.0" Y="144.0" />
  <Point X="135.0" Y="144.0" />
  <Point X="135.0" Y="142.0" />
  <Point X="134.22319313291516" Y="142.0" />
  <Point X="134.0" Y="142.0" />
  <Point X="133.0" Y="141.0" />
  <Point X="132.0" Y="140.0" />
  <Point X="131.0" Y="139.0" />
  <Point X="130.47649896113873" Y="139.0" />
  <Point X="130.0" Y="139.0" />
  <Point X="130.0" Y="137.0" />
  <Point X="129.0" Y="137.0" />
  <Point X="128.0" Y="136.0" />
  <Point X="127.9302634778736" Y="135.93026347787358" />
  <Point X="127.0" Y="135.0" />
  <Point X="127.0" Y="134.0" />
  <Point X="125.10937774672455" Y="132.10937774672453" />
  <Point X="125.0" Y="132.0" />
  <Point X="124.0" Y="131.0" />
  <Point X="122.0" Y="129.0" />
  <Point X="121.58138523438895" Y="128.58138523438896" />
  <Point X="121.0" Y="128.0" />
  <Point X="121.0" Y="127.0" />
  <Point X="119.0" Y="126.0" />
  <Point X="118.58361552183192" Y="125.16723104366383" />
  <Point X="118.0" Y="124.0" />
  <Point X="117.0" Y="124.0" />
  <Point X="117.0" Y="123.0" />
  <Point X="116.0" Y="123.0" />
  <Point X="115.51610499463234" Y="122.51610499463234" />
  <Point X="115.0" Y="122.0" />
  <Point X="115.0" Y="121.0" />
  <Point X="114.0" Y="121.0" />
  <Point X="114.0" Y="120.0" />
  <Point X="113.0" Y="120.0" />
  <Point X="113.0" Y="119.74054782412183" />
  <Point X="113.0" Y="119.0" />
  <Point X="112.0" Y="119.0" />
  <Point X="112.0" Y="118.0" />
  <Point X="111.0" Y="117.0" />
  <Point X="110.409867438267" Y="116.409867438267" />
  <Point X="110.0" Y="116.0" />
  <Point X="109.0" Y="115.0" />
  <Point X="109.0" Y="114.0" />
  <Point X="108.0" Y="114.0" />
  <Point X="107.2960884883045" Y="113.2960884883045" />
  <Point X="107.0" Y="113.0" />
  <Point X="106.0" Y="112.0" />
  <Point X="105.0" Y="111.0" />
  <Point X="105.0" Y="110.0" />
  <Point X="104.47520275715546" Y="109.47520275715546" />
  <Point X="104.0" Y="109.0" />
  <Point X="103.0" Y="109.0" />
  <Point X="103.0" Y="108.0" />
  <Point X="102.0" Y="108.0" />
  <Point X="102.0" Y="107.0" />
  <Point X="102.0" Y="106.68270332515061" />
  <Point X="102.0" Y="106.0" />
  <Point X="101.0" Y="106.0" />
  <Point X="101.0" Y="105.0" />
  <Point X="100.0" Y="105.0" />
  <Point X="99.07607198197665" Y="104.07607198197665" />
  <Point X="99.0" Y="104.0" />
  <Point X="98.0" Y="104.0" />
  <Point X="98.0" Y="103.0" />
  <Point X="98.0" Y="102.0" />
  <Point X="97.0" Y="102.0" />
  <Point X="97.0" Y="101.11824716973226" />
  <Point X="97.0" Y="101.0" />
  <Point X="96.0" Y="100.0" />
  <Point X="95.0" Y="100.0" />
  <Point X="94.0" Y="99.0" />
  <Point X="94.0" Y="98.0" />
  <Point X="93.95733943558272" Y="98.0" />
  <Point X="93.0" Y="98.0" />
  <Point X="93.0" Y="97.0" />
  <Point X="92.0" Y="97.0" />
  <Point X="91.0" Y="97.0" />
  <Point X="91.0" Y="96.0" />
  <Point X="90.96800457668701" Y="96.0" />
  <Point X="90.0" Y="96.0" />
  <Point X="90.0" Y="95.0" />
  <Point X="89.0" Y="95.0" />
  <Point X="89.0" Y="94.0" />
  <Point X="88.0" Y="94.0" />
  <Point X="87.97866971779129" Y="94.0" />
  <Point X="87.0" Y="94.0" />
  <Point X="87.0" Y="93.0" />
  <Point X="86.0" Y="93.0" />
  <Point X="86.0" Y="92.0" />
  <Point X="85.0" Y="92.0" />
  <Point X="84.98933485889557" Y="92.0" />
  <Point X="84.0" Y="92.0" />
  <Point X="84.0" Y="91.0" />
  <Point X="83.0" Y="91.0" />
  <Point X="82.0" Y="91.0" />
  <Point X="82.0" Y="90.0" />
</Project_1_Part_4>
