<?xml version="1.0" encoding="utf-8" standalone="yes"?>
<Gesture Name="triangle5" Subject="2" Number="2" NumPts="317">
  <Point X="211.0" Y="23.0" />
  <Point X="209.0" Y="24.0" />
  <Point X="209.0" Y="25.0" />
  <Point X="208.0" Y="25.0" />
  <Point X="207.0" Y="26.0" />
  <Point X="206.08331680923666" Y="26.916683190763344" />
  <Point X="206.0" Y="27.0" />
  <Point X="205.0" Y="27.0" />
  <Point X="203.0" Y="27.0" />
  <Point X="202.0" Y="28.0" />
  <Point X="199.82645205237634" Y="29.051716748850154" />
  <Point X="193.57334517918437" Y="32.0774136229753" />
  <Point X="187.3202383059924" Y="35.103110497100445" />
  <Point X="181.06713143280044" Y="38.12880737122559" />
  <Point X="174.81402455960847" Y="41.154504245350736" />
  <Point X="168.5609176864165" Y="44.18020111947588" />
  <Point X="162.30781081322453" Y="47.20589799360103" />
  <Point X="156.05470394003257" Y="50.23159486772617" />
  <Point X="149.8015970668406" Y="53.25729174185132" />
  <Point X="143.54849019364863" Y="56.282988615976464" />
  <Point X="137.29538332045666" Y="59.30868549010161" />
  <Point X="131.0422764472647" Y="62.334382364226755" />
  <Point X="124.78916957407273" Y="65.3600792383519" />
  <Point X="118.53606270088076" Y="68.38577611247705" />
  <Point X="112.2829558276888" Y="71.41147298660219" />
  <Point X="106.02984895449683" Y="74.43716986072734" />
  <Point X="99.77674208130486" Y="77.46286673485248" />
  <Point X="93.52363520811289" Y="80.48856360897763" />
  <Point X="87.27052833492093" Y="83.51426048310277" />
  <Point X="81.01742146172896" Y="86.53995735722792" />
  <Point X="78.0" Y="88.0" />
  <Point X="79.0" Y="88.0" />
  <Point X="79.0" Y="89.0" />
  <Point X="79.0" Y="90.0" />
  <Point X="79.42042445618996" Y="90.42042445618996" />
  <Point X="80.0" Y="91.0" />
  <Point X="80.0" Y="92.0" />
  <Point X="80.0" Y="93.0" />
  <Point X="80.0" Y="94.0" />
  <Point X="81.0" Y="94.0" />
  <Point X="81.0" Y="95.0" />
  <Point X="81.0" Y="96.0" />
  <Point X="81.0" Y="96.12702374617393" />
  <Point X="81.0" Y="97.0" />
  <Point X="81.0" Y="98.0" />
  <Point X="81.0" Y="99.0" />
  <Point X="82.0" Y="100.0" />
  <Point X="82.0" Y="101.0" />
  <Point X="82.0" Y="102.0" />
  <Point X="82.0" Y="102.6594775244507" />
  <Point X="82.0" Y="103.0" />
  <Point X="82.0" Y="105.0" />
  <Point X="82.0" Y="107.0" />
  <Point X="82.0" Y="108.0" />
  <Point X="82.0" Y="109.0" />
  <Point X="82.0" Y="109.60614486510055" />
  <Point X="82.0" Y="110.0" />
  <Point X="82.0" Y="112.0" />
  <Point X="82.0" Y="113.0" />
  <Point X="82.0" Y="114.0" />
  <Point X="82.0" Y="115.0" />
  <Point X="82.0" Y="116.0" />
  <Point X="82.0" Y="116.5528122057504" />
  <Point X="82.0" Y="117.0" />
  <Point X="83.0" Y="118.0" />
  <Point X="83.0" Y="119.0" />
  <Point X="83.0" Y="120.0" />
  <Point X="83.0" Y="121.0" />
  <Point X="83.0" Y="122.0" />
  <Point X="83.0" Y="123.0" />
  <Point X="83.0" Y="123.08526598402716" />
  <Point X="83.0" Y="125.0" />
  <Point X="83.0" Y="126.0" />
  <Point X="83.0" Y="127.0" />
  <Point X="83.0" Y="128.0" />
  <Point X="83.0" Y="129.0" />
  <Point X="83.0" Y="130.0" />
  <Point X="83.0" Y="130.031933324677" />
  <Point X="83.0" Y="131.0" />
  <Point X="83.0" Y="132.0" />
  <Point X="83.0" Y="133.0" />
  <Point X="83.0" Y="134.0" />
  <Point X="83.0" Y="135.0" />
  <Point X="83.0" Y="136.0" />
  <Point X="83.0" Y="136.97860066532684" />
  <Point X="83.0" Y="138.0" />
  <Point X="83.0" Y="139.0" />
  <Point X="83.0" Y="140.0" />
  <Point X="83.0" Y="141.0" />
  <Point X="83.0" Y="142.0" />
  <Point X="83.0" Y="143.0" />
  <Point X="83.0" Y="143.92526800597668" />
  <Point X="83.0" Y="144.0" />
  <Point X="83.0" Y="145.0" />
  <Point X="83.0" Y="146.0" />
  <Point X="83.0" Y="147.0" />
  <Point X="83.0" Y="148.0" />
  <Point X="83.0" Y="149.0" />
  <Point X="83.0" Y="150.0" />
  <Point X="83.0" Y="150.87193534662651" />
  <Point X="83.0" Y="151.0" />
  <Point X="83.0" Y="152.0" />
  <Point X="83.0" Y="153.0" />
  <Point X="83.0" Y="155.0" />
  <Point X="83.0" Y="156.0" />
  <Point X="83.0" Y="157.0" />
  <Point X="83.0" Y="157.81860268727635" />
  <Point X="83.0" Y="158.0" />
  <Point X="83.0" Y="159.0" />
  <Point X="83.0" Y="160.0" />
  <Point X="83.0" Y="161.0" />
  <Point X="83.0" Y="162.0" />
  <Point X="83.0" Y="163.0" />
  <Point X="83.0" Y="164.0" />
  <Point X="83.0" Y="164.7652700279262" />
  <Point X="83.0" Y="165.0" />
  <Point X="83.0" Y="166.0" />
  <Point X="83.0" Y="167.0" />
  <Point X="83.0" Y="168.0" />
  <Point X="83.0" Y="169.0" />
  <Point X="83.0" Y="170.0" />
  <Point X="83.0" Y="171.0" />
  <Point X="83.0" Y="171.71193736857603" />
  <Point X="83.0" Y="172.0" />
  <Point X="83.0" Y="173.0" />
  <Point X="84.0" Y="173.0" />
  <Point X="84.0" Y="174.0" />
  <Point X="85.0" Y="174.0" />
  <Point X="85.0" Y="173.0" />
  <Point X="85.0" Y="172.0" />
  <Point X="85.65860470922588" Y="172.0" />
  <Point X="86.0" Y="172.0" />
  <Point X="87.0" Y="172.0" />
  <Point X="88.0" Y="171.0" />
  <Point X="89.0" Y="171.0" />
  <Point X="90.0" Y="170.0" />
  <Point X="91.0" Y="170.0" />
  <Point X="91.77684492512955" Y="170.0" />
  <Point X="92.0" Y="170.0" />
  <Point X="92.0" Y="169.0" />
  <Point X="93.0" Y="169.0" />
  <Point X="94.0" Y="169.0" />
  <Point X="95.0" Y="168.0" />
  <Point X="96.0" Y="168.0" />
  <Point X="97.30929870340631" Y="168.0" />
  <Point X="98.0" Y="168.0" />
  <Point X="99.0" Y="168.0" />
  <Point X="100.0" Y="167.0" />
  <Point X="101.0" Y="166.0" />
  <Point X="103.0" Y="166.0" />
  <Point X="103.42753891930997" Y="166.0" />
  <Point X="104.0" Y="166.0" />
  <Point X="106.0" Y="166.0" />
  <Point X="107.0" Y="166.0" />
  <Point X="108.0" Y="165.0" />
  <Point X="109.0" Y="164.0" />
  <Point X="109.54577913521362" Y="164.0" />
  <Point X="110.0" Y="164.0" />
  <Point X="111.0" Y="164.0" />
  <Point X="112.0" Y="164.0" />
  <Point X="113.0" Y="164.0" />
  <Point X="114.0" Y="164.0" />
  <Point X="114.0" Y="163.0" />
  <Point X="115.0" Y="163.0" />
  <Point X="115.49244647586347" Y="163.0" />
  <Point X="117.0" Y="163.0" />
  <Point X="119.0" Y="162.0" />
  <Point X="120.0" Y="161.0" />
  <Point X="121.0" Y="161.0" />
  <Point X="121.78883227664043" Y="161.0" />
  <Point X="122.0" Y="161.0" />
  <Point X="123.0" Y="161.0" />
  <Point X="124.0" Y="161.0" />
  <Point X="125.0" Y="161.0" />
  <Point X="126.0" Y="161.0" />
  <Point X="128.0" Y="161.0" />
  <Point X="128.7354996172903" Y="161.0" />
  <Point X="129.0" Y="161.0" />
  <Point X="130.0" Y="161.0" />
  <Point X="131.0" Y="161.0" />
  <Point X="132.0" Y="161.0" />
  <Point X="133.0" Y="161.0" />
  <Point X="134.0" Y="161.0" />
  <Point X="135.0" Y="161.0" />
  <Point X="135.68216695794013" Y="161.0" />
  <Point X="136.0" Y="161.0" />
  <Point X="137.0" Y="161.0" />
  <Point X="138.0" Y="161.0" />
  <Point X="139.0" Y="161.0" />
  <Point X="140.0" Y="161.0" />
  <Point X="141.0" Y="161.0" />
  <Point X="142.0" Y="161.0" />
  <Point X="142.62883429858996" Y="161.0" />
  <Point X="143.0" Y="161.0" />
  <Point X="144.0" Y="161.0" />
  <Point X="145.0" Y="161.0" />
  <Point X="146.0" Y="161.0" />
  <Point X="147.0" Y="161.0" />
  <Point X="148.0" Y="161.0" />
  <Point X="149.0" Y="161.0" />
  <Point X="149.5755016392398" Y="161.0" />
  <Point X="150.0" Y="161.0" />
  <Point X="151.0" Y="161.0" />
  <Point X="152.0" Y="161.0" />
  <Point X="152.0" Y="162.0" />
  <Point X="153.0" Y="163.0" />
  <Point X="154.0" Y="163.0" />
  <Point X="155.0" Y="163.0" />
  <Point X="155.0" Y="162.89204458248344" />
  <Point X="155.0" Y="162.0" />
  <Point X="155.0" Y="161.0" />
  <Point X="154.0" Y="161.0" />
  <Point X="154.0" Y="160.0" />
  <Point X="154.0" Y="159.0" />
  <Point X="153.0" Y="159.0" />
  <Point X="153.0" Y="158.0" />
  <Point X="153.0" Y="157.9453772418336" />
  <Point X="153.0" Y="157.0" />
  <Point X="152.0" Y="157.0" />
  <Point X="151.0" Y="156.0" />
  <Point X="150.0" Y="155.0" />
  <Point X="149.0" Y="155.0" />
  <Point X="149.0" Y="154.0" />
  <Point X="149.0" Y="153.82713702592994" />
  <Point X="149.0" Y="153.0" />
  <Point X="148.0" Y="153.0" />
  <Point X="147.0" Y="153.0" />
  <Point X="147.0" Y="152.0" />
  <Point X="146.0" Y="152.0" />
  <Point X="146.0" Y="151.0" />
  <Point X="145.20837252271764" Y="150.20837252271764" />
  <Point X="145.0" Y="150.0" />
  <Point X="144.0" Y="149.0" />
  <Point X="143.0" Y="149.0" />
  <Point X="143.0" Y="148.0" />
  <Point X="142.0" Y="148.0" />
  <Point X="141.0" Y="147.0" />
  <Point X="140.41765728305666" Y="146.41765728305666" />
  <Point X="140.0" Y="146.0" />
  <Point X="139.0" Y="145.0" />
  <Point X="138.0" Y="145.0" />
  <Point X="137.0" Y="144.0" />
  <Point X="136.0" Y="143.0" />
  <Point X="135.21272848102257" Y="142.21272848102257" />
  <Point X="135.0" Y="142.0" />
  <Point X="134.0" Y="142.0" />
  <Point X="134.0" Y="141.0" />
  <Point X="133.0" Y="140.0" />
  <Point X="131.0" Y="139.0" />
  <Point X="130.5547799495233" Y="138.10955989904656" />
  <Point X="130.0" Y="137.0" />
  <Point X="129.0" Y="137.0" />
  <Point X="128.0" Y="136.0" />
  <Point X="126.0" Y="135.0" />
  <Point X="126.0" Y="134.0" />
  <Point X="125.96050092958006" Y="133.96050092958006" />
  <Point X="125.0" Y="133.0" />
  <Point X="124.0" Y="132.0" />
  <Point X="123.0" Y="131.0" />
  <Point X="122.0" Y="131.0" />
  <Point X="121.0" Y="130.0" />
  <Point X="120.75557212754597" Y="129.75557212754597" />
  <Point X="120.0" Y="129.0" />
  <Point X="118.0" Y="128.0" />
  <Point X="118.0" Y="127.0" />
  <Point X="117.0" Y="126.0" />
  <Point X="116.0" Y="126.0" />
  <Point X="115.83888893678262" Y="125.83888893678262" />
  <Point X="115.0" Y="125.0" />
  <Point X="114.0" Y="124.0" />
  <Point X="113.0" Y="123.0" />
  <Point X="112.0" Y="122.0" />
  <Point X="111.0" Y="121.0" />
  <Point X="110.926853353562" Y="120.926853353562" />
  <Point X="110.0" Y="120.0" />
  <Point X="108.0" Y="119.0" />
  <Point X="108.0" Y="118.0" />
  <Point X="107.0" Y="118.0" />
  <Point X="106.01017016279864" Y="117.01017016279864" />
  <Point X="106.0" Y="117.0" />
  <Point X="105.0" Y="116.0" />
  <Point X="104.0" Y="114.0" />
  <Point X="102.0" Y="114.0" />
  <Point X="102.0" Y="113.0" />
  <Point X="101.71799698138442" Y="113.0" />
  <Point X="101.0" Y="113.0" />
  <Point X="100.0" Y="111.0" />
  <Point X="99.0" Y="111.0" />
  <Point X="98.0" Y="109.0" />
  <Point X="97.24346559573415" Y="109.0" />
  <Point X="97.0" Y="109.0" />
  <Point X="96.0" Y="108.0" />
  <Point X="95.0" Y="107.0" />
  <Point X="94.0" Y="107.0" />
  <Point X="94.0" Y="106.0" />
  <Point X="93.0" Y="106.0" />
  <Point X="93.0" Y="105.12522537983048" />
  <Point X="93.0" Y="105.0" />
  <Point X="92.0" Y="105.0" />
  <Point X="91.0" Y="103.0" />
  <Point X="90.0" Y="103.0" />
  <Point X="90.0" Y="102.0" />
  <Point X="89.0" Y="102.0" />
  <Point X="88.58607808686455" Y="101.58607808686455" />
  <Point X="88.0" Y="101.0" />
  <Point X="87.0" Y="101.0" />
  <Point X="86.0" Y="99.0" />
  <Point X="85.0" Y="99.0" />
  <Point X="85.0" Y="98.0" />
  <Point X="84.11824021590346" Y="98.0" />
  <Point X="84.0" Y="98.0" />
  <Point X="83.0" Y="97.0" />
  <Point X="82.0" Y="97.0" />
  <Point X="82.0" Y="96.0" />
  <Point X="81.0" Y="95.0" />
  <Point X="80.0" Y="95.0" />
  <Point X="80.0" Y="94.0" />
</Project_1_Part_4>
