<?xml version="1.0" encoding="utf-8" standalone="yes"?>
<Gesture Name="triangle7" Subject="2" Number="2" NumPts="350">
  <Point X="63.0" Y="94.0" />
  <Point X="64.0" Y="94.0" />
  <Point X="64.0" Y="95.0" />
  <Point X="64.0" Y="96.0" />
  <Point X="65.0" Y="97.0" />
  <Point X="65.0" Y="97.86482618063953" />
  <Point X="65.0" Y="98.0" />
  <Point X="65.0" Y="99.0" />
  <Point X="65.0" Y="100.0" />
  <Point X="66.0" Y="100.0" />
  <Point X="66.0" Y="101.0" />
  <Point X="66.0" Y="102.0" />
  <Point X="66.0" Y="102.14386592365214" />
  <Point X="66.0" Y="103.0" />
  <Point X="66.0" Y="104.0" />
  <Point X="66.0" Y="105.0" />
  <Point X="67.0" Y="105.0" />
  <Point X="67.0" Y="106.0" />
  <Point X="67.0" Y="106.42290566666476" />
  <Point X="67.0" Y="107.0" />
  <Point X="67.0" Y="108.0" />
  <Point X="67.0" Y="109.0" />
  <Point X="67.0" Y="110.0" />
  <Point X="67.0" Y="111.70194540967738" />
  <Point X="67.0" Y="112.0" />
  <Point X="68.0" Y="112.0" />
  <Point X="68.0" Y="113.0" />
  <Point X="69.0" Y="115.0" />
  <Point X="69.0" Y="115.74491717519021" />
  <Point X="69.0" Y="116.0" />
  <Point X="69.0" Y="117.0" />
  <Point X="69.0" Y="118.0" />
  <Point X="69.0" Y="119.0" />
  <Point X="69.0" Y="120.0" />
  <Point X="69.0" Y="121.0" />
  <Point X="69.01694009931755" Y="121.01694009931755" />
  <Point X="70.0" Y="122.0" />
  <Point X="70.0" Y="123.0" />
  <Point X="70.0" Y="124.0" />
  <Point X="70.0" Y="125.0" />
  <Point X="70.0" Y="125.88878309884235" />
  <Point X="70.0" Y="126.0" />
  <Point X="70.0" Y="127.0" />
  <Point X="70.0" Y="128.0" />
  <Point X="70.0" Y="129.0" />
  <Point X="71.0" Y="130.0" />
  <Point X="71.0" Y="130.75360927948188" />
  <Point X="71.0" Y="131.0" />
  <Point X="71.0" Y="132.0" />
  <Point X="71.0" Y="133.0" />
  <Point X="71.0" Y="134.0" />
  <Point X="72.0" Y="135.0" />
  <Point X="72.0" Y="135.6184354601214" />
  <Point X="72.0" Y="136.0" />
  <Point X="72.0" Y="137.0" />
  <Point X="72.0" Y="139.0" />
  <Point X="72.0" Y="140.0" />
  <Point X="72.0" Y="140.897475203134" />
  <Point X="72.0" Y="141.0" />
  <Point X="72.0" Y="142.0" />
  <Point X="72.0" Y="143.0" />
  <Point X="72.0" Y="144.0" />
  <Point X="72.0" Y="145.0" />
  <Point X="72.0" Y="146.0" />
  <Point X="72.0" Y="146.17651494614663" />
  <Point X="72.0" Y="147.0" />
  <Point X="72.0" Y="148.0" />
  <Point X="72.0" Y="149.0" />
  <Point X="72.0" Y="150.0" />
  <Point X="72.0" Y="151.0" />
  <Point X="72.0" Y="151.45555468915924" />
  <Point X="72.0" Y="152.0" />
  <Point X="72.0" Y="153.0" />
  <Point X="72.0" Y="154.0" />
  <Point X="72.0" Y="155.0" />
  <Point X="72.0" Y="156.0" />
  <Point X="72.0" Y="156.73459443217186" />
  <Point X="72.0" Y="157.0" />
  <Point X="72.0" Y="158.0" />
  <Point X="72.0" Y="159.0" />
  <Point X="72.0" Y="160.0" />
  <Point X="72.0" Y="161.0" />
  <Point X="72.0" Y="162.0" />
  <Point X="72.0" Y="162.01363417518448" />
  <Point X="72.0" Y="163.0" />
  <Point X="72.0" Y="164.0" />
  <Point X="72.0" Y="165.0" />
  <Point X="72.0" Y="166.0" />
  <Point X="72.0" Y="167.0" />
  <Point X="71.7930482877664" Y="167.2069517122336" />
  <Point X="71.0" Y="168.0" />
  <Point X="71.0" Y="170.0" />
  <Point X="71.0" Y="171.0" />
  <Point X="71.0" Y="172.0" />
  <Point X="71.0" Y="172.1575000988366" />
  <Point X="71.0" Y="173.0" />
  <Point X="71.0" Y="174.0" />
  <Point X="70.0" Y="175.0" />
  <Point X="70.0" Y="176.0" />
  <Point X="70.0" Y="177.0" />
  <Point X="70.0" Y="177.02232627947612" />
  <Point X="70.0" Y="178.0" />
  <Point X="69.0" Y="179.0" />
  <Point X="69.0" Y="180.0" />
  <Point X="68.0" Y="180.0" />
  <Point X="68.0" Y="180.88715246011563" />
  <Point X="68.0" Y="181.0" />
  <Point X="68.0" Y="182.0" />
  <Point X="68.0" Y="183.0" />
  <Point X="68.0" Y="184.0" />
  <Point X="68.0" Y="185.0" />
  <Point X="69.0" Y="185.0" />
  <Point X="69.16619220312825" Y="185.0" />
  <Point X="70.0" Y="185.0" />
  <Point X="71.0" Y="185.0" />
  <Point X="72.0" Y="185.0" />
  <Point X="73.0" Y="185.0" />
  <Point X="74.0" Y="185.0" />
  <Point X="74.44523194614086" Y="185.0" />
  <Point X="75.0" Y="185.0" />
  <Point X="76.0" Y="185.0" />
  <Point X="77.0" Y="185.0" />
  <Point X="79.0" Y="185.0" />
  <Point X="79.51213742282187" Y="184.48786257717813" />
  <Point X="80.0" Y="184.0" />
  <Point X="81.0" Y="184.0" />
  <Point X="82.0" Y="184.0" />
  <Point X="83.0" Y="184.0" />
  <Point X="83.0" Y="183.0" />
  <Point X="83.58909786979301" Y="183.0" />
  <Point X="85.0" Y="183.0" />
  <Point X="86.0" Y="183.0" />
  <Point X="87.0" Y="183.0" />
  <Point X="88.0" Y="183.0" />
  <Point X="88.61386599301795" Y="182.38613400698205" />
  <Point X="89.0" Y="182.0" />
  <Point X="90.0" Y="182.0" />
  <Point X="91.0" Y="181.0" />
  <Point X="92.0" Y="181.0" />
  <Point X="93.17952606480826" Y="180.41023696759586" />
  <Point X="94.0" Y="180.0" />
  <Point X="95.0" Y="180.0" />
  <Point X="96.0" Y="180.0" />
  <Point X="97.0" Y="179.0" />
  <Point X="97.94750843421178" Y="179.0" />
  <Point X="98.0" Y="179.0" />
  <Point X="99.0" Y="179.0" />
  <Point X="100.0" Y="178.0" />
  <Point X="101.0" Y="178.0" />
  <Point X="102.0" Y="178.0" />
  <Point X="102.81233461485131" Y="178.0" />
  <Point X="103.0" Y="178.0" />
  <Point X="105.0" Y="178.0" />
  <Point X="106.0" Y="178.0" />
  <Point X="107.0" Y="178.0" />
  <Point X="107.7717182092587" Y="177.2282817907413" />
  <Point X="108.0" Y="177.0" />
  <Point X="109.0" Y="177.0" />
  <Point X="110.0" Y="177.0" />
  <Point X="111.0" Y="177.0" />
  <Point X="112.0" Y="177.0" />
  <Point X="112.95620053850345" Y="177.0" />
  <Point X="114.0" Y="177.0" />
  <Point X="115.0" Y="176.0" />
  <Point X="117.0" Y="176.0" />
  <Point X="117.82102671914298" Y="176.0" />
  <Point X="118.0" Y="176.0" />
  <Point X="119.0" Y="175.0" />
  <Point X="120.0" Y="175.0" />
  <Point X="121.0" Y="175.0" />
  <Point X="122.6858528997825" Y="175.0" />
  <Point X="123.0" Y="175.0" />
  <Point X="124.0" Y="175.0" />
  <Point X="125.0" Y="175.0" />
  <Point X="126.0" Y="175.0" />
  <Point X="127.0" Y="175.0" />
  <Point X="127.96489264279512" Y="175.0" />
  <Point X="128.0" Y="175.0" />
  <Point X="129.0" Y="175.0" />
  <Point X="131.0" Y="175.0" />
  <Point X="132.0" Y="175.0" />
  <Point X="133.0" Y="175.0" />
  <Point X="133.24393238580774" Y="175.0" />
  <Point X="135.0" Y="175.0" />
  <Point X="136.0" Y="175.0" />
  <Point X="136.0" Y="174.0" />
  <Point X="137.0" Y="174.0" />
  <Point X="137.52297212882036" Y="174.0" />
  <Point X="138.0" Y="174.0" />
  <Point X="139.0" Y="174.0" />
  <Point X="140.0" Y="174.0" />
  <Point X="141.0" Y="174.0" />
  <Point X="142.0" Y="174.0" />
  <Point X="142.80201187183297" Y="174.0" />
  <Point X="143.0" Y="174.0" />
  <Point X="144.0" Y="174.0" />
  <Point X="145.0" Y="174.0" />
  <Point X="146.0" Y="174.0" />
  <Point X="147.0" Y="174.0" />
  <Point X="147.0" Y="173.0" />
  <Point X="147.0" Y="172.9189483851544" />
  <Point X="147.0" Y="172.0" />
  <Point X="146.0" Y="172.0" />
  <Point X="146.0" Y="171.0" />
  <Point X="145.0" Y="171.0" />
  <Point X="145.0" Y="170.0" />
  <Point X="144.6399086421418" Y="170.0" />
  <Point X="144.0" Y="170.0" />
  <Point X="144.0" Y="169.0" />
  <Point X="144.0" Y="168.0" />
  <Point X="143.0" Y="168.0" />
  <Point X="143.0" Y="167.0" />
  <Point X="142.36086889912917" Y="167.0" />
  <Point X="142.0" Y="167.0" />
  <Point X="141.0" Y="167.0" />
  <Point X="141.0" Y="166.0" />
  <Point X="140.0" Y="166.0" />
  <Point X="140.0" Y="165.0" />
  <Point X="139.35075517000223" Y="164.35075517000223" />
  <Point X="139.0" Y="164.0" />
  <Point X="138.0" Y="164.0" />
  <Point X="137.0" Y="163.0" />
  <Point X="136.0" Y="163.0" />
  <Point X="136.0" Y="162.0" />
  <Point X="135.63121653785012" Y="162.0" />
  <Point X="135.0" Y="162.0" />
  <Point X="135.0" Y="161.0" />
  <Point X="134.0" Y="160.0" />
  <Point X="133.0" Y="160.0" />
  <Point X="132.1277062562465" Y="159.1277062562465" />
  <Point X="132.0" Y="159.0" />
  <Point X="131.0" Y="159.0" />
  <Point X="130.0" Y="158.0" />
  <Point X="130.0" Y="157.0" />
  <Point X="129.0" Y="157.0" />
  <Point X="128.51618179936864" Y="156.51618179936864" />
  <Point X="128.0" Y="156.0" />
  <Point X="127.0" Y="155.0" />
  <Point X="126.0" Y="154.0" />
  <Point X="125.0" Y="154.0" />
  <Point X="124.49044378011767" Y="153.4904437801177" />
  <Point X="124.0" Y="153.0" />
  <Point X="122.0" Y="152.0" />
  <Point X="122.0" Y="151.0" />
  <Point X="121.0458445909509" Y="150.0458445909509" />
  <Point X="121.0" Y="150.0" />
  <Point X="119.0" Y="149.0" />
  <Point X="119.0" Y="148.0" />
  <Point X="118.0" Y="148.0" />
  <Point X="117.30835218297068" Y="147.30835218297068" />
  <Point X="117.0" Y="147.0" />
  <Point X="116.0" Y="146.0" />
  <Point X="115.0" Y="146.0" />
  <Point X="114.0" Y="145.0" />
  <Point X="113.28261416371971" Y="144.28261416371973" />
  <Point X="113.0" Y="144.0" />
  <Point X="112.0" Y="143.0" />
  <Point X="111.0" Y="142.0" />
  <Point X="109.16558722216622" Y="141.0827936110831" />
  <Point X="109.0" Y="141.0" />
  <Point X="108.0" Y="139.0" />
  <Point X="107.0" Y="139.0" />
  <Point X="106.0" Y="139.0" />
  <Point X="105.61636245782319" Y="138.23272491564637" />
  <Point X="105.0" Y="137.0" />
  <Point X="104.0" Y="137.0" />
  <Point X="103.0" Y="135.0" />
  <Point X="102.33525658895866" Y="135.0" />
  <Point X="102.0" Y="135.0" />
  <Point X="101.0" Y="135.0" />
  <Point X="100.0" Y="133.0" />
  <Point X="98.47257311160672" Y="132.23628655580336" />
  <Point X="98.0" Y="132.0" />
  <Point X="98.0" Y="131.0" />
  <Point X="96.0" Y="131.0" />
  <Point X="96.0" Y="130.0" />
  <Point X="95.249313057933" Y="130.0" />
  <Point X="95.0" Y="130.0" />
  <Point X="94.0" Y="129.0" />
  <Point X="93.0" Y="128.0" />
  <Point X="93.0" Y="127.0" />
  <Point X="92.0" Y="127.0" />
  <Point X="91.85765971583835" Y="126.85765971583835" />
  <Point X="91.0" Y="126.0" />
  <Point X="90.0" Y="126.0" />
  <Point X="90.0" Y="125.0" />
  <Point X="89.0" Y="125.0" />
  <Point X="89.0" Y="124.0" />
  <Point X="88.95324204014703" Y="123.95324204014703" />
  <Point X="88.0" Y="123.0" />
  <Point X="87.0" Y="122.0" />
  <Point X="86.0" Y="122.0" />
  <Point X="86.0" Y="121.0" />
  <Point X="85.4832616407606" Y="121.0" />
  <Point X="85.0" Y="121.0" />
  <Point X="85.0" Y="119.0" />
  <Point X="83.0" Y="119.0" />
  <Point X="83.0" Y="118.20422189774798" />
  <Point X="83.0" Y="118.0" />
  <Point X="81.0" Y="117.0" />
  <Point X="81.0" Y="116.0" />
  <Point X="80.0" Y="116.0" />
  <Point X="80.0" Y="115.16125013223515" />
  <Point X="80.0" Y="114.0" />
  <Point X="79.0" Y="114.0" />
  <Point X="78.0" Y="114.0" />
  <Point X="78.0" Y="113.0" />
  <Point X="77.0" Y="113.0" />
  <Point X="77.0" Y="112.88221038922254" />
  <Point X="77.0" Y="112.0" />
  <Point X="76.0" Y="112.0" />
  <Point X="76.0" Y="111.0" />
  <Point X="75.0" Y="110.0" />
  <Point X="74.01738420858301" Y="110.0" />
  <Point X="74.0" Y="110.0" />
  <Point X="74.0" Y="109.0" />
  <Point X="73.0" Y="109.0" />
  <Point X="73.0" Y="108.0" />
  <Point X="72.0" Y="108.0" />
  <Point X="72.0" Y="107.0" />
  <Point X="72.0" Y="106.73834446557039" />
  <Point X="72.0" Y="106.0" />
  <Point X="71.0" Y="106.0" />
  <Point X="70.0" Y="105.0" />
  <Point X="69.0" Y="104.0" />
  <Point X="68.49635035920542" Y="103.49635035920542" />
  <Point X="68.0" Y="103.0" />
  <Point X="67.0" Y="103.0" />
  <Point X="67.0" Y="102.0" />
  <Point X="66.0" Y="102.0" />
  <Point X="66.0" Y="101.0" />
  <Point X="65.42290566666445" Y="101.0" />
  <Point X="65.0" Y="101.0" />
  <Point X="65.0" Y="100.0" />
  <Point X="65.0" Y="99.0" />
  <Point X="64.0" Y="99.0" />
  <Point X="63.0" Y="98.0" />
  <Point X="62.55807948602492" Y="98.0" />
  <Point X="62.0" Y="98.0" />
  <Point X="62.0" Y="97.0" />
  <Point X="61.0" Y="97.0" />
  <Point X="61.0" Y="96.0" />
  <Point X="60.0" Y="96.0" />
  <Point X="60.0" Y="95.2790397430123" />
  <Point X="60.0" Y="95.0" />
  <Point X="59.0" Y="95.0" />
  <Point X="58.0" Y="95.0" />
  <Point X="58.0" Y="94.0" />
  <Point X="57.0" Y="94.0" />
  <Point X="56.0" Y="94.0" />
</Project_1_Part_4>
