<?xml version="1.0" encoding="utf-8" standalone="yes"?>
<Gesture Name="triangle8" Subject="2" Number="2" NumPts="390">
  <Point X="215.0" Y="23.0" />
  <Point X="207.01965021506095" Y="26.488099905999853" />
  <Point X="199.0393004301219" Y="29.976199811999706" />
  <Point X="191.05895064518285" Y="33.46429971799956" />
  <Point X="183.0786008602438" Y="36.95239962399941" />
  <Point X="175.09825107530474" Y="40.440499529999265" />
  <Point X="167.1179012903657" Y="43.92859943599912" />
  <Point X="159.13755150542664" Y="47.41669934199897" />
  <Point X="151.1572017204876" Y="50.904799247998824" />
  <Point X="143.17685193554854" Y="54.39289915399868" />
  <Point X="135.1965021506095" Y="57.88099905999853" />
  <Point X="127.21615236567044" Y="61.369098965998376" />
  <Point X="119.23580258073139" Y="64.85719887199822" />
  <Point X="111.25545279579234" Y="68.34529877799807" />
  <Point X="103.27510301085329" Y="71.83339868399791" />
  <Point X="95.29475322591423" Y="75.32149858999776" />
  <Point X="87.31440344097518" Y="78.8095984959976" />
  <Point X="79.33405365603613" Y="82.29769840199745" />
  <Point X="71.35370387109708" Y="85.7857983079973" />
  <Point X="64.0" Y="89.0" />
  <Point X="64.0" Y="89.68388985441054" />
  <Point X="64.0" Y="90.0" />
  <Point X="64.0" Y="91.0" />
  <Point X="64.0" Y="92.0" />
  <Point X="64.0" Y="93.0" />
  <Point X="64.0" Y="94.0" />
  <Point X="64.0" Y="95.0" />
  <Point X="65.0" Y="95.0" />
  <Point X="65.0" Y="96.0" />
  <Point X="65.0" Y="97.0" />
  <Point X="65.0" Y="97.3932425079786" />
  <Point X="65.0" Y="98.0" />
  <Point X="66.0" Y="99.0" />
  <Point X="66.0" Y="100.0" />
  <Point X="67.0" Y="101.0" />
  <Point X="67.0" Y="102.0" />
  <Point X="68.0" Y="103.0" />
  <Point X="68.0" Y="104.0" />
  <Point X="68.0" Y="104.85995447442737" />
  <Point X="68.0" Y="105.0" />
  <Point X="69.0" Y="105.0" />
  <Point X="69.0" Y="106.0" />
  <Point X="69.0" Y="107.0" />
  <Point X="69.0" Y="108.0" />
  <Point X="69.0" Y="109.0" />
  <Point X="70.0" Y="110.0" />
  <Point X="70.0" Y="111.0" />
  <Point X="70.0" Y="112.15509356562234" />
  <Point X="70.0" Y="113.0" />
  <Point X="71.0" Y="113.0" />
  <Point X="71.0" Y="114.0" />
  <Point X="71.0" Y="115.0" />
  <Point X="71.0" Y="116.0" />
  <Point X="71.0" Y="117.0" />
  <Point X="72.0" Y="118.0" />
  <Point X="72.0" Y="119.0" />
  <Point X="72.0" Y="119.4502326568173" />
  <Point X="72.0" Y="120.0" />
  <Point X="72.0" Y="121.0" />
  <Point X="72.0" Y="122.0" />
  <Point X="72.0" Y="123.0" />
  <Point X="73.0" Y="124.0" />
  <Point X="73.0" Y="125.0" />
  <Point X="73.0" Y="127.0" />
  <Point X="73.0" Y="127.74537174801227" />
  <Point X="73.0" Y="128.0" />
  <Point X="73.0" Y="129.0" />
  <Point X="73.0" Y="130.0" />
  <Point X="73.0" Y="131.0" />
  <Point X="73.0" Y="133.0" />
  <Point X="74.0" Y="134.0" />
  <Point X="74.0" Y="135.0" />
  <Point X="74.0" Y="136.0" />
  <Point X="74.0" Y="136.04051083920723" />
  <Point X="74.0" Y="137.0" />
  <Point X="74.0" Y="139.0" />
  <Point X="74.0" Y="140.0" />
  <Point X="74.0" Y="141.0" />
  <Point X="74.0" Y="142.0" />
  <Point X="74.0" Y="143.0" />
  <Point X="75.0" Y="143.0" />
  <Point X="75.0" Y="143.7498634927753" />
  <Point X="75.0" Y="144.0" />
  <Point X="75.0" Y="145.0" />
  <Point X="75.0" Y="146.0" />
  <Point X="75.0" Y="147.0" />
  <Point X="75.0" Y="148.0" />
  <Point X="75.0" Y="150.0" />
  <Point X="75.0" Y="151.0" />
  <Point X="75.0" Y="152.0" />
  <Point X="75.32471485110973" Y="152.32471485110975" />
  <Point X="76.0" Y="153.0" />
  <Point X="76.0" Y="154.0" />
  <Point X="76.0" Y="155.0" />
  <Point X="76.0" Y="156.0" />
  <Point X="76.0" Y="157.0" />
  <Point X="76.0" Y="158.0" />
  <Point X="76.0" Y="159.0" />
  <Point X="77.0" Y="159.0" />
  <Point X="77.0" Y="159.7543552375383" />
  <Point X="77.0" Y="160.0" />
  <Point X="77.0" Y="161.0" />
  <Point X="77.0" Y="162.0" />
  <Point X="77.0" Y="163.0" />
  <Point X="77.0" Y="164.0" />
  <Point X="77.0" Y="165.0" />
  <Point X="77.0" Y="166.0" />
  <Point X="77.0" Y="167.0" />
  <Point X="77.0" Y="168.0" />
  <Point X="77.0" Y="168.46370789110637" />
  <Point X="77.0" Y="169.0" />
  <Point X="77.0" Y="170.0" />
  <Point X="77.0" Y="171.0" />
  <Point X="77.0" Y="172.0" />
  <Point X="77.0" Y="173.0" />
  <Point X="77.0" Y="174.0" />
  <Point X="77.0" Y="175.0" />
  <Point X="77.0" Y="176.0" />
  <Point X="77.0" Y="177.0" />
  <Point X="77.0" Y="177.17306054467443" />
  <Point X="77.0" Y="178.0" />
  <Point X="77.0" Y="179.0" />
  <Point X="77.0" Y="180.0" />
  <Point X="77.0" Y="181.0" />
  <Point X="77.0" Y="182.0" />
  <Point X="77.0" Y="183.0" />
  <Point X="76.0" Y="183.0" />
  <Point X="76.0" Y="184.0" />
  <Point X="76.0" Y="184.8824131982425" />
  <Point X="76.0" Y="185.0" />
  <Point X="75.0" Y="186.0" />
  <Point X="75.0" Y="187.0" />
  <Point X="75.0" Y="188.0" />
  <Point X="74.0" Y="188.0" />
  <Point X="74.0" Y="189.0" />
  <Point X="74.0" Y="190.0" />
  <Point X="74.0" Y="191.0" />
  <Point X="74.0" Y="192.0" />
  <Point X="74.0" Y="192.17755228943744" />
  <Point X="74.0" Y="193.0" />
  <Point X="74.0" Y="194.0" />
  <Point X="74.0" Y="195.0" />
  <Point X="74.0" Y="196.0" />
  <Point X="73.0" Y="196.0" />
  <Point X="73.0" Y="197.0" />
  <Point X="73.0" Y="198.0" />
  <Point X="73.0" Y="199.0" />
  <Point X="73.0" Y="199.8869049430055" />
  <Point X="73.0" Y="200.0" />
  <Point X="73.0" Y="201.0" />
  <Point X="73.0" Y="202.0" />
  <Point X="73.0" Y="201.0" />
  <Point X="74.0" Y="201.0" />
  <Point X="75.0" Y="200.0" />
  <Point X="76.0" Y="200.0" />
  <Point X="76.0" Y="199.0" />
  <Point X="77.0" Y="199.0" />
  <Point X="77.1287245710577" Y="198.87127542894228" />
  <Point X="78.0" Y="198.0" />
  <Point X="79.0" Y="198.0" />
  <Point X="80.0" Y="197.0" />
  <Point X="81.0" Y="197.0" />
  <Point X="82.0" Y="197.0" />
  <Point X="82.0" Y="196.0" />
  <Point X="83.0" Y="196.0" />
  <Point X="83.95074888037249" Y="195.52462555981376" />
  <Point X="85.0" Y="195.0" />
  <Point X="86.0" Y="195.0" />
  <Point X="87.0" Y="195.0" />
  <Point X="88.0" Y="193.0" />
  <Point X="89.0" Y="193.0" />
  <Point X="90.0" Y="193.0" />
  <Point X="91.0" Y="193.0" />
  <Point X="91.21226374118991" Y="192.7877362588101" />
  <Point X="92.0" Y="192.0" />
  <Point X="93.0" Y="192.0" />
  <Point X="94.0" Y="192.0" />
  <Point X="95.0" Y="192.0" />
  <Point X="96.0" Y="192.0" />
  <Point X="97.0" Y="191.0" />
  <Point X="99.0" Y="191.0" />
  <Point X="99.18111179041269" Y="191.0" />
  <Point X="100.0" Y="191.0" />
  <Point X="101.0" Y="191.0" />
  <Point X="103.0" Y="190.0" />
  <Point X="104.0" Y="190.0" />
  <Point X="106.0" Y="190.0" />
  <Point X="107.0" Y="189.0" />
  <Point X="107.24018290410785" Y="189.0" />
  <Point X="108.0" Y="189.0" />
  <Point X="110.0" Y="189.0" />
  <Point X="111.0" Y="189.0" />
  <Point X="113.0" Y="189.0" />
  <Point X="114.0" Y="188.0" />
  <Point X="115.0" Y="188.0" />
  <Point X="115.53532199530282" Y="188.0" />
  <Point X="116.0" Y="188.0" />
  <Point X="117.0" Y="188.0" />
  <Point X="118.0" Y="188.0" />
  <Point X="119.0" Y="188.0" />
  <Point X="120.0" Y="188.0" />
  <Point X="121.0" Y="188.0" />
  <Point X="122.0" Y="188.0" />
  <Point X="123.0" Y="188.0" />
  <Point X="124.0" Y="188.0" />
  <Point X="124.24467464887088" Y="188.0" />
  <Point X="125.0" Y="188.0" />
  <Point X="127.0" Y="188.0" />
  <Point X="127.0" Y="187.0" />
  <Point X="128.0" Y="187.0" />
  <Point X="130.0" Y="187.0" />
  <Point X="130.0" Y="186.0" />
  <Point X="130.95402730243893" Y="186.0" />
  <Point X="131.0" Y="186.0" />
  <Point X="132.0" Y="186.0" />
  <Point X="133.0" Y="186.0" />
  <Point X="134.0" Y="186.0" />
  <Point X="135.0" Y="186.0" />
  <Point X="136.0" Y="186.0" />
  <Point X="137.0" Y="186.0" />
  <Point X="138.0" Y="186.0" />
  <Point X="139.0" Y="186.0" />
  <Point X="139.663379956007" Y="186.0" />
  <Point X="140.0" Y="186.0" />
  <Point X="141.0" Y="186.0" />
  <Point X="142.0" Y="186.0" />
  <Point X="143.0" Y="186.0" />
  <Point X="144.0" Y="186.0" />
  <Point X="145.0" Y="185.0" />
  <Point X="146.0" Y="185.0" />
  <Point X="147.0" Y="185.0" />
  <Point X="147.95851904720195" Y="185.0" />
  <Point X="148.0" Y="185.0" />
  <Point X="149.0" Y="185.0" />
  <Point X="150.0" Y="185.0" />
  <Point X="151.0" Y="185.0" />
  <Point X="152.0" Y="185.0" />
  <Point X="153.0" Y="185.0" />
  <Point X="154.0" Y="185.0" />
  <Point X="155.0" Y="185.0" />
  <Point X="156.0" Y="185.0" />
  <Point X="156.66787170077" Y="185.0" />
  <Point X="157.0" Y="185.0" />
  <Point X="157.0" Y="184.0" />
  <Point X="158.0" Y="184.0" />
  <Point X="159.0" Y="184.0" />
  <Point X="160.0" Y="184.0" />
  <Point X="161.0" Y="184.0" />
  <Point X="162.0" Y="184.0" />
  <Point X="161.0" Y="184.0" />
  <Point X="160.0" Y="184.0" />
  <Point X="159.73326210101882" Y="183.73326210101882" />
  <Point X="159.0" Y="183.0" />
  <Point X="159.0" Y="182.0" />
  <Point X="158.0" Y="181.0" />
  <Point X="158.0" Y="180.0" />
  <Point X="157.0" Y="180.0" />
  <Point X="157.0" Y="179.0" />
  <Point X="156.0" Y="179.0" />
  <Point X="155.11035368586855" Y="178.11035368586855" />
  <Point X="155.0" Y="178.0" />
  <Point X="155.0" Y="177.0" />
  <Point X="154.0" Y="176.0" />
  <Point X="154.0" Y="175.0" />
  <Point X="153.0" Y="175.0" />
  <Point X="153.0" Y="174.0" />
  <Point X="152.0" Y="173.0" />
  <Point X="151.0" Y="173.0" />
  <Point X="150.48744527071827" Y="172.48744527071827" />
  <Point X="150.0" Y="172.0" />
  <Point X="150.0" Y="171.0" />
  <Point X="148.0" Y="170.0" />
  <Point X="147.0" Y="169.0" />
  <Point X="147.0" Y="168.0" />
  <Point X="146.0" Y="167.0" />
  <Point X="145.32435534209253" Y="166.32435534209253" />
  <Point X="145.0" Y="166.0" />
  <Point X="144.0" Y="164.0" />
  <Point X="143.0" Y="164.0" />
  <Point X="142.0" Y="162.0" />
  <Point X="141.0" Y="162.0" />
  <Point X="141.0" Y="161.0" />
  <Point X="140.3036804045434" Y="160.6518402022717" />
  <Point X="139.0" Y="160.0" />
  <Point X="139.0" Y="159.0" />
  <Point X="138.0" Y="159.0" />
  <Point X="137.0" Y="158.0" />
  <Point X="136.0" Y="157.0" />
  <Point X="136.0" Y="156.0" />
  <Point X="134.7269022763193" Y="155.36345113815966" />
  <Point X="134.0" Y="155.0" />
  <Point X="134.0" Y="153.0" />
  <Point X="133.0" Y="153.0" />
  <Point X="132.0" Y="152.0" />
  <Point X="130.0" Y="150.0" />
  <Point X="129.53754472985912" Y="149.53754472985912" />
  <Point X="128.0" Y="148.0" />
  <Point X="127.0" Y="147.0" />
  <Point X="126.0" Y="146.0" />
  <Point X="125.0" Y="144.0" />
  <Point X="124.0" Y="143.0" />
  <Point X="123.94970870314076" Y="142.97485435157037" />
  <Point X="122.0" Y="142.0" />
  <Point X="122.0" Y="141.0" />
  <Point X="120.0" Y="140.0" />
  <Point X="120.0" Y="139.0" />
  <Point X="118.0" Y="138.0" />
  <Point X="118.0" Y="137.94262389970436" />
  <Point X="118.0" Y="137.0" />
  <Point X="117.0" Y="135.0" />
  <Point X="116.0" Y="135.0" />
  <Point X="115.0" Y="133.0" />
  <Point X="113.0" Y="133.0" />
  <Point X="113.0" Y="132.70540720113587" />
  <Point X="113.0" Y="132.0" />
  <Point X="112.0" Y="131.0" />
  <Point X="112.0" Y="130.0" />
  <Point X="110.0" Y="130.0" />
  <Point X="110.0" Y="128.0" />
  <Point X="109.0" Y="128.0" />
  <Point X="108.73626388106568" Y="127.47252776213138" />
  <Point X="108.0" Y="126.0" />
  <Point X="107.0" Y="126.0" />
  <Point X="107.0" Y="125.0" />
  <Point X="106.0" Y="125.0" />
  <Point X="106.0" Y="124.0" />
  <Point X="104.0" Y="123.0" />
  <Point X="104.0" Y="122.17305141137243" />
  <Point X="104.0" Y="122.0" />
  <Point X="103.0" Y="121.0" />
  <Point X="102.0" Y="121.0" />
  <Point X="102.0" Y="120.0" />
  <Point X="101.0" Y="119.0" />
  <Point X="99.0" Y="118.0" />
  <Point X="99.0" Y="117.0" />
  <Point X="98.66638267903615" Y="116.66638267903615" />
  <Point X="98.0" Y="116.0" />
  <Point X="97.0" Y="115.0" />
  <Point X="97.0" Y="114.0" />
  <Point X="96.0" Y="113.0" />
  <Point X="95.0" Y="113.0" />
  <Point X="95.0" Y="112.0" />
  <Point X="94.0" Y="112.0" />
  <Point X="94.0" Y="111.06148189360157" />
  <Point X="94.0" Y="111.0" />
  <Point X="93.0" Y="111.0" />
  <Point X="93.0" Y="110.0" />
  <Point X="92.0" Y="109.0" />
  <Point X="91.0" Y="109.0" />
  <Point X="91.0" Y="108.0" />
  <Point X="90.0" Y="108.0" />
  <Point X="90.0" Y="107.0" />
  <Point X="89.0" Y="107.0" />
  <Point X="89.0" Y="106.7663428024066" />
  <Point X="89.0" Y="106.0" />
  <Point X="89.0" Y="105.0" />
  <Point X="88.0" Y="105.0" />
  <Point X="87.0" Y="105.0" />
  <Point X="87.0" Y="104.0" />
  <Point X="86.0" Y="104.0" />
  <Point X="86.0" Y="103.0" />
  <Point X="85.0" Y="103.0" />
  <Point X="85.0" Y="102.05699014883854" />
  <Point X="85.0" Y="102.0" />
  <Point X="84.0" Y="102.0" />
  <Point X="84.0" Y="101.0" />
  <Point X="83.0" Y="100.0" />
  <Point X="82.0" Y="100.0" />
  <Point X="81.0" Y="99.0" />
  <Point X="81.0" Y="98.0" />
  <Point X="80.0" Y="98.0" />
  <Point X="79.17606462001666" Y="98.0" />
  <Point X="79.0" Y="98.0" />
  <Point X="79.0" Y="97.0" />
  <Point X="79.0" Y="96.0" />
  <Point X="78.0" Y="96.0" />
  <Point X="77.0" Y="96.0" />
  <Point X="77.0" Y="95.0" />
  <Point X="76.0" Y="95.0" />
  <Point X="75.0" Y="94.0" />
  <Point X="74.20869485277707" Y="93.20869485277707" />
  <Point X="74.0" Y="93.0" />
  <Point X="74.0" Y="92.0" />
  <Point X="73.0" Y="92.0" />
  <Point X="72.0" Y="91.0" />
  <Point X="71.0" Y="91.0" />
  <Point X="71.0" Y="90.0" />
  <Point X="70.0" Y="90.0" />
  <Point X="70.0" Y="89.0" />
  <Point X="69.0" Y="89.0" />
</Project_1_Part_4>
