<?xml version="1.0" encoding="utf-8" standalone="yes"?>
<Gesture Name="v10" Subject="2" Number="2" NumPts="245">
  <Point X="81.0" Y="74.0" />
  <Point X="81.0" Y="75.0" />
  <Point X="81.0" Y="76.0" />
  <Point X="81.0" Y="77.0" />
  <Point X="81.55181379068677" Y="77.0" />
  <Point X="82.0" Y="77.0" />
  <Point X="82.0" Y="78.0" />
  <Point X="82.0" Y="79.0" />
  <Point X="83.0" Y="79.0" />
  <Point X="83.0" Y="79.10362758137353" />
  <Point X="83.0" Y="80.0" />
  <Point X="83.0" Y="81.0" />
  <Point X="84.0" Y="81.0" />
  <Point X="84.0" Y="81.6554413720603" />
  <Point X="84.0" Y="82.0" />
  <Point X="85.0" Y="82.0" />
  <Point X="85.0" Y="83.0" />
  <Point X="85.0" Y="84.0" />
  <Point X="85.14655153101437" Y="84.14655153101437" />
  <Point X="86.0" Y="85.0" />
  <Point X="86.0" Y="86.0" />
  <Point X="86.95095636673433" Y="86.95095636673433" />
  <Point X="87.0" Y="87.0" />
  <Point X="87.0" Y="88.0" />
  <Point X="87.0" Y="89.0" />
  <Point X="88.0" Y="90.0" />
  <Point X="88.03051877567587" Y="90.06103755135173" />
  <Point X="89.0" Y="92.0" />
  <Point X="89.0" Y="93.0" />
  <Point X="89.2715204269035" Y="93.2715204269035" />
  <Point X="90.0" Y="94.0" />
  <Point X="90.0" Y="95.0" />
  <Point X="90.0" Y="96.0" />
  <Point X="90.0" Y="96.52158809850194" />
  <Point X="90.0" Y="97.0" />
  <Point X="91.0" Y="98.0" />
  <Point X="92.0" Y="99.0" />
  <Point X="92.0" Y="99.24497476444252" />
  <Point X="92.0" Y="100.0" />
  <Point X="93.0" Y="102.0" />
  <Point X="93.39648932279265" Y="102.39648932279265" />
  <Point X="94.0" Y="103.0" />
  <Point X="94.0" Y="104.0" />
  <Point X="95.0" Y="105.0" />
  <Point X="95.0" Y="105.28410724357006" />
  <Point X="95.0" Y="106.0" />
  <Point X="95.0" Y="107.0" />
  <Point X="95.0" Y="108.0" />
  <Point X="95.59108543185947" Y="108.59108543185947" />
  <Point X="96.0" Y="109.0" />
  <Point X="96.0" Y="110.0" />
  <Point X="97.0" Y="111.0" />
  <Point X="97.0" Y="111.5593077001974" />
  <Point X="97.0" Y="112.0" />
  <Point X="97.0" Y="113.0" />
  <Point X="98.0" Y="113.0" />
  <Point X="98.0" Y="114.11112149088416" />
  <Point X="98.0" Y="115.0" />
  <Point X="99.0" Y="117.0" />
  <Point X="99.0" Y="117.42686730407114" />
  <Point X="99.0" Y="118.0" />
  <Point X="100.0" Y="119.0" />
  <Point X="100.0" Y="120.0" />
  <Point X="100.0" Y="120.56446753238481" />
  <Point X="100.0" Y="122.0" />
  <Point X="101.0" Y="122.0" />
  <Point X="101.0" Y="123.11628132307158" />
  <Point X="101.0" Y="124.0" />
  <Point X="101.0" Y="125.0" />
  <Point X="102.0" Y="125.0" />
  <Point X="102.0" Y="125.66809511375834" />
  <Point X="102.0" Y="127.0" />
  <Point X="103.0" Y="127.0" />
  <Point X="103.0" Y="128.0" />
  <Point X="103.0" Y="128.2199089044451" />
  <Point X="103.0" Y="129.0" />
  <Point X="103.0" Y="130.0" />
  <Point X="103.7923384767188" Y="131.5846769534376" />
  <Point X="104.0" Y="132.0" />
  <Point X="104.0" Y="133.0" />
  <Point X="104.0" Y="134.0" />
  <Point X="104.76895635655907" Y="134.76895635655907" />
  <Point X="105.0" Y="135.0" />
  <Point X="106.0" Y="136.0" />
  <Point X="106.0" Y="137.0" />
  <Point X="106.0" Y="137.81085517425942" />
  <Point X="106.0" Y="138.0" />
  <Point X="107.0" Y="139.0" />
  <Point X="107.0" Y="140.0" />
  <Point X="107.42416215075608" Y="140.84832430151215" />
  <Point X="108.0" Y="142.0" />
  <Point X="108.0" Y="143.0" />
  <Point X="108.0" Y="144.0" />
  <Point X="108.18681847126167" Y="144.1868184712617" />
  <Point X="109.0" Y="145.0" />
  <Point X="109.0" Y="146.0" />
  <Point X="109.99122330698164" Y="146.99122330698165" />
  <Point X="110.0" Y="147.0" />
  <Point X="110.0" Y="148.0" />
  <Point X="110.0" Y="149.0" />
  <Point X="110.0" Y="150.0" />
  <Point X="110.0" Y="150.5394016723874" />
  <Point X="110.0" Y="151.0" />
  <Point X="111.0" Y="151.0" />
  <Point X="111.0" Y="152.0" />
  <Point X="111.0" Y="153.0" />
  <Point X="111.0" Y="153.09121546307418" />
  <Point X="111.0" Y="154.0" />
  <Point X="111.0" Y="155.0" />
  <Point X="112.0" Y="155.0" />
  <Point X="112.0" Y="155.64302925376094" />
  <Point X="112.0" Y="156.0" />
  <Point X="112.0" Y="157.0" />
  <Point X="112.0" Y="158.0" />
  <Point X="112.0" Y="159.0" />
  <Point X="112.0" Y="159.1948430444477" />
  <Point X="112.0" Y="160.0" />
  <Point X="113.0" Y="161.0" />
  <Point X="113.0" Y="162.0" />
  <Point X="113.0" Y="162.33244327276137" />
  <Point X="113.0" Y="163.0" />
  <Point X="113.0" Y="164.0" />
  <Point X="113.0" Y="165.0" />
  <Point X="113.0" Y="165.88425706344813" />
  <Point X="113.0" Y="166.0" />
  <Point X="114.0" Y="166.0" />
  <Point X="114.0" Y="167.0" />
  <Point X="114.0" Y="168.0" />
  <Point X="114.0" Y="168.4360708541349" />
  <Point X="114.0" Y="169.0" />
  <Point X="114.0" Y="170.0" />
  <Point X="114.0" Y="171.0" />
  <Point X="114.0" Y="170.01211535517834" />
  <Point X="114.0" Y="170.0" />
  <Point X="114.0" Y="169.0" />
  <Point X="114.0" Y="168.0" />
  <Point X="114.0" Y="167.0" />
  <Point X="114.0" Y="166.46030156449157" />
  <Point X="114.0" Y="166.0" />
  <Point X="114.0" Y="165.0" />
  <Point X="114.0" Y="164.0" />
  <Point X="114.0" Y="163.0" />
  <Point X="114.09151222619519" Y="163.0" />
  <Point X="115.0" Y="163.0" />
  <Point X="115.0" Y="162.0" />
  <Point X="115.0" Y="161.0" />
  <Point X="115.45490018905096" Y="160.54509981094904" />
  <Point X="116.0" Y="160.0" />
  <Point X="117.0" Y="159.0" />
  <Point X="117.0" Y="158.0" />
  <Point X="117.0" Y="157.63328731717746" />
  <Point X="117.0" Y="157.0" />
  <Point X="117.0" Y="156.0" />
  <Point X="117.0" Y="155.0" />
  <Point X="117.6494962981178" Y="154.35050370188222" />
  <Point X="118.0" Y="154.0" />
  <Point X="118.0" Y="153.0" />
  <Point X="118.0" Y="152.0" />
  <Point X="118.74679435265121" Y="151.2532056473488" />
  <Point X="119.0" Y="151.0" />
  <Point X="119.0" Y="150.0" />
  <Point X="120.0" Y="149.0" />
  <Point X="120.0" Y="148.22048663223646" />
  <Point X="120.0" Y="148.0" />
  <Point X="121.0" Y="146.0" />
  <Point X="121.0" Y="145.0" />
  <Point X="121.06735841282038" Y="144.9326415871796" />
  <Point X="122.0" Y="144.0" />
  <Point X="122.0" Y="143.0" />
  <Point X="122.551351489163" Y="141.897297021674" />
  <Point X="123.0" Y="141.0" />
  <Point X="124.0" Y="141.0" />
  <Point X="124.0" Y="139.4513947775488" />
  <Point X="124.0" Y="139.0" />
  <Point X="125.0" Y="138.0" />
  <Point X="125.0" Y="137.0" />
  <Point X="125.485220527523" Y="136.514779472477" />
  <Point X="126.0" Y="136.0" />
  <Point X="127.56636556428678" Y="133.65045165356983" />
  <Point X="128.0" Y="133.0" />
  <Point X="128.0" Y="132.0" />
  <Point X="128.7915985614536" Y="130.41680287709278" />
  <Point X="129.0" Y="130.0" />
  <Point X="129.0" Y="129.0" />
  <Point X="129.93280438183302" Y="127.13439123633397" />
  <Point X="130.0" Y="127.0" />
  <Point X="131.0" Y="126.0" />
  <Point X="131.8887682656787" Y="124.22246346864259" />
  <Point X="132.0" Y="124.0" />
  <Point X="133.0" Y="123.0" />
  <Point X="133.8447321495244" Y="121.31053570095122" />
  <Point X="134.0" Y="121.0" />
  <Point X="134.0" Y="120.0" />
  <Point X="135.0" Y="119.0" />
  <Point X="135.55890480826926" Y="118.44109519173074" />
  <Point X="136.0" Y="118.0" />
  <Point X="136.0" Y="117.0" />
  <Point X="136.0" Y="116.0" />
  <Point X="136.65620286280267" Y="115.34379713719733" />
  <Point X="137.0" Y="115.0" />
  <Point X="138.0" Y="114.0" />
  <Point X="138.0" Y="113.0" />
  <Point X="138.46060769852264" Y="112.53939230147736" />
  <Point X="140.0" Y="111.0" />
  <Point X="140.0" Y="110.0" />
  <Point X="140.0" Y="109.62521567987525" />
  <Point X="140.0" Y="109.0" />
  <Point X="141.0" Y="109.0" />
  <Point X="141.0" Y="107.07340188918849" />
  <Point X="141.0" Y="107.0" />
  <Point X="142.0" Y="107.0" />
  <Point X="143.0" Y="106.0" />
  <Point X="143.0" Y="104.93580166087482" />
  <Point X="143.0" Y="104.0" />
  <Point X="144.0" Y="103.0" />
  <Point X="144.84979991665628" Y="102.1502000833437" />
  <Point X="145.0" Y="102.0" />
  <Point X="145.0" Y="101.0" />
  <Point X="146.0" Y="101.0" />
  <Point X="146.0" Y="100.0" />
  <Point X="146.15178375575684" Y="99.69643248848632" />
  <Point X="147.0" Y="98.0" />
  <Point X="147.0" Y="97.0" />
  <Point X="147.65514460893948" Y="97.0" />
  <Point X="148.0" Y="97.0" />
  <Point X="148.0" Y="96.0" />
  <Point X="148.0" Y="95.0" />
  <Point X="149.0" Y="95.0" />
  <Point X="149.0" Y="94.79304160037375" />
  <Point X="149.0" Y="94.0" />
  <Point X="150.0" Y="94.0" />
  <Point X="150.0" Y="92.24122780968699" />
  <Point X="150.0" Y="92.0" />
  <Point X="151.0" Y="91.0" />
  <Point X="151.0" Y="90.0" />
  <Point X="151.89637241862667" Y="90.0" />
  <Point X="152.0" Y="90.0" />
  <Point X="152.0" Y="89.0" />
  <Point X="152.0" Y="88.0" />
  <Point X="153.0" Y="88.0" />
  <Point X="153.0" Y="87.55181379068657" />
  <Point X="153.0" Y="87.0" />
  <Point X="153.0" Y="86.0" />
  <Point X="153.0" Y="85.0" />
  <Point X="153.0" Y="84.0" />
</Project_1_Part_4>
