<?xml version="1.0" encoding="utf-8" standalone="yes"?>
<Gesture Name="v5" Subject="2" Number="2" NumPts="287">
  <Point X="85.0" Y="84.0" />
  <Point X="86.0" Y="84.0" />
  <Point X="86.0" Y="85.0" />
  <Point X="86.0" Y="86.0" />
  <Point X="87.0" Y="86.0" />
  <Point X="87.0" Y="86.27154552150469" />
  <Point X="87.0" Y="87.0" />
  <Point X="88.0" Y="87.0" />
  <Point X="88.0" Y="88.0" />
  <Point X="89.0" Y="89.0" />
  <Point X="89.0" Y="89.12887748063628" />
  <Point X="89.0" Y="90.0" />
  <Point X="89.0" Y="91.0" />
  <Point X="90.0" Y="91.0" />
  <Point X="90.0" Y="92.0" />
  <Point X="90.40042300214097" Y="92.0" />
  <Point X="91.0" Y="92.0" />
  <Point X="91.0" Y="93.0" />
  <Point X="92.0" Y="93.0" />
  <Point X="92.0" Y="94.0" />
  <Point X="92.47515349981376" Y="94.47515349981376" />
  <Point X="93.0" Y="95.0" />
  <Point X="94.0" Y="96.0" />
  <Point X="94.0" Y="97.0" />
  <Point X="94.0" Y="98.0" />
  <Point X="94.11508692040415" Y="98.0" />
  <Point X="95.0" Y="98.0" />
  <Point X="96.0" Y="99.0" />
  <Point X="96.0" Y="100.97241887953574" />
  <Point X="96.0" Y="101.0" />
  <Point X="97.0" Y="101.0" />
  <Point X="97.0" Y="102.0" />
  <Point X="98.0" Y="102.0" />
  <Point X="98.0" Y="103.0" />
  <Point X="98.17250888234379" Y="103.17250888234379" />
  <Point X="99.0" Y="104.0" />
  <Point X="99.0" Y="105.0" />
  <Point X="100.0" Y="105.0" />
  <Point X="100.0" Y="106.0" />
  <Point X="100.101296360172" Y="106.0" />
  <Point X="101.0" Y="106.0" />
  <Point X="101.0" Y="107.0" />
  <Point X="102.0" Y="109.0" />
  <Point X="102.13677390417689" Y="109.0" />
  <Point X="103.0" Y="109.0" />
  <Point X="103.0" Y="110.0" />
  <Point X="104.0" Y="111.0" />
  <Point X="104.0" Y="111.99410586330848" />
  <Point X="104.0" Y="112.0" />
  <Point X="104.0" Y="113.0" />
  <Point X="105.0" Y="113.0" />
  <Point X="105.0" Y="115.0" />
  <Point X="105.26565138481317" Y="115.0" />
  <Point X="106.0" Y="115.0" />
  <Point X="106.0" Y="116.0" />
  <Point X="107.0" Y="117.0" />
  <Point X="107.0" Y="118.0" />
  <Point X="107.08696235647633" Y="118.08696235647633" />
  <Point X="108.0" Y="119.0" />
  <Point X="109.0" Y="119.0" />
  <Point X="109.0" Y="120.0" />
  <Point X="109.69318759850623" Y="120.69318759850623" />
  <Point X="110.0" Y="121.0" />
  <Point X="110.0" Y="122.0" />
  <Point X="110.0" Y="123.0" />
  <Point X="111.0" Y="124.0" />
  <Point X="111.0" Y="124.42343369983485" />
  <Point X="111.0" Y="125.0" />
  <Point X="112.0" Y="126.0" />
  <Point X="113.0" Y="127.0" />
  <Point X="113.0" Y="127.86655209659334" />
  <Point X="113.0" Y="128.0" />
  <Point X="113.0" Y="129.0" />
  <Point X="114.0" Y="130.0" />
  <Point X="114.7709443867858" Y="131.5418887735716" />
  <Point X="115.0" Y="132.0" />
  <Point X="116.0" Y="132.0" />
  <Point X="116.0" Y="133.0" />
  <Point X="116.0" Y="134.0" />
  <Point X="116.53694973654163" Y="134.53694973654163" />
  <Point X="117.0" Y="135.0" />
  <Point X="117.0" Y="136.0" />
  <Point X="118.0" Y="138.0" />
  <Point X="118.17022093478" Y="138.34044186956" />
  <Point X="119.0" Y="140.0" />
  <Point X="119.0" Y="142.0" />
  <Point X="119.41610312536655" Y="142.0" />
  <Point X="120.0" Y="142.0" />
  <Point X="120.0" Y="143.0" />
  <Point X="121.0" Y="144.0" />
  <Point X="121.0" Y="145.0" />
  <Point X="121.0" Y="145.27343508449815" />
  <Point X="121.0" Y="146.0" />
  <Point X="122.0" Y="147.0" />
  <Point X="122.0" Y="148.0" />
  <Point X="122.0" Y="149.0" />
  <Point X="122.13076704362973" Y="149.0" />
  <Point X="123.0" Y="149.0" />
  <Point X="124.0" Y="150.0" />
  <Point X="124.0" Y="151.0" />
  <Point X="124.0" Y="151.98809900276132" />
  <Point X="124.0" Y="152.0" />
  <Point X="124.0" Y="153.0" />
  <Point X="125.0" Y="154.0" />
  <Point X="125.0" Y="155.0" />
  <Point X="125.37808822021512" Y="155.75617644043024" />
  <Point X="126.0" Y="157.0" />
  <Point X="126.0" Y="158.0" />
  <Point X="126.0" Y="159.0" />
  <Point X="126.8809085058978" Y="159.0" />
  <Point X="127.0" Y="159.0" />
  <Point X="127.0" Y="161.0" />
  <Point X="128.0" Y="161.0" />
  <Point X="128.0" Y="162.0" />
  <Point X="128.0" Y="162.15245402740248" />
  <Point X="128.0" Y="163.0" />
  <Point X="129.0" Y="164.0" />
  <Point X="129.0" Y="165.0" />
  <Point X="129.0" Y="166.0" />
  <Point X="129.0" Y="166.00978598653407" />
  <Point X="129.0" Y="167.0" />
  <Point X="130.0" Y="167.0" />
  <Point X="130.0" Y="168.0" />
  <Point X="130.0" Y="169.0" />
  <Point X="130.0" Y="169.28133150803876" />
  <Point X="130.0" Y="170.0" />
  <Point X="131.0" Y="170.0" />
  <Point X="131.0" Y="171.0" />
  <Point X="131.0" Y="172.0" />
  <Point X="131.0" Y="172.55287702954345" />
  <Point X="131.0" Y="173.0" />
  <Point X="132.0" Y="174.0" />
  <Point X="132.0" Y="175.0" />
  <Point X="132.0" Y="176.0" />
  <Point X="132.0" Y="176.41020898867504" />
  <Point X="132.0" Y="177.0" />
  <Point X="132.0" Y="178.0" />
  <Point X="132.0" Y="179.0" />
  <Point X="133.0" Y="179.0" />
  <Point X="133.0" Y="179.68175451017973" />
  <Point X="133.0" Y="180.0" />
  <Point X="133.0" Y="181.0" />
  <Point X="133.0" Y="182.0" />
  <Point X="133.0" Y="183.0" />
  <Point X="133.0" Y="183.95330003168442" />
  <Point X="133.0" Y="184.0" />
  <Point X="133.0" Y="185.0" />
  <Point X="133.0" Y="186.0" />
  <Point X="133.0" Y="185.0" />
  <Point X="133.0" Y="184.0" />
  <Point X="133.0" Y="183.7751544468109" />
  <Point X="133.0" Y="183.0" />
  <Point X="133.0" Y="182.0" />
  <Point X="133.0" Y="181.0" />
  <Point X="133.0" Y="180.0" />
  <Point X="133.0" Y="179.5036089253062" />
  <Point X="133.0" Y="179.0" />
  <Point X="133.0" Y="178.0" />
  <Point X="133.0" Y="177.0" />
  <Point X="133.0" Y="176.0" />
  <Point X="133.0" Y="175.2320634038015" />
  <Point X="133.0" Y="175.0" />
  <Point X="133.0" Y="174.0" />
  <Point X="133.0" Y="173.0" />
  <Point X="133.0" Y="171.0" />
  <Point X="133.0" Y="170.9605178822968" />
  <Point X="133.0" Y="170.0" />
  <Point X="133.0" Y="169.0" />
  <Point X="133.0" Y="168.0" />
  <Point X="133.0" Y="167.0" />
  <Point X="133.31102763920788" Y="167.0" />
  <Point X="134.0" Y="167.0" />
  <Point X="134.0" Y="165.0" />
  <Point X="134.0" Y="164.0" />
  <Point X="134.0" Y="163.41742683928743" />
  <Point X="134.0" Y="163.0" />
  <Point X="134.0" Y="161.0" />
  <Point X="135.0" Y="161.0" />
  <Point X="135.0" Y="160.14588131778274" />
  <Point X="135.0" Y="160.0" />
  <Point X="135.0" Y="158.0" />
  <Point X="136.0" Y="158.0" />
  <Point X="136.5034123358721" Y="156.99317532825583" />
  <Point X="137.0" Y="156.0" />
  <Point X="137.0" Y="154.0" />
  <Point X="137.0" Y="153.0" />
  <Point X="137.0" Y="152.83885825227316" />
  <Point X="137.0" Y="151.0" />
  <Point X="138.0" Y="151.0" />
  <Point X="138.0" Y="149.56731273076846" />
  <Point X="138.0" Y="149.0" />
  <Point X="138.0" Y="148.0" />
  <Point X="139.0" Y="146.0" />
  <Point X="139.0" Y="145.53183518676357" />
  <Point X="139.0" Y="145.0" />
  <Point X="139.0" Y="143.0" />
  <Point X="140.0" Y="143.0" />
  <Point X="140.0" Y="142.26028966525888" />
  <Point X="140.0" Y="141.0" />
  <Point X="141.0" Y="140.0" />
  <Point X="141.0" Y="138.4029577061273" />
  <Point X="141.0" Y="138.0" />
  <Point X="142.0" Y="138.0" />
  <Point X="142.0" Y="137.0" />
  <Point X="142.83565787542233" Y="135.32868424915534" />
  <Point X="143.0" Y="135.0" />
  <Point X="143.0" Y="133.0" />
  <Point X="144.0" Y="132.0" />
  <Point X="144.0" Y="131.51014820299082" />
  <Point X="144.0" Y="131.0" />
  <Point X="145.0" Y="131.0" />
  <Point X="145.0" Y="129.0" />
  <Point X="145.34050723241663" Y="128.31898553516677" />
  <Point X="146.0" Y="127.0" />
  <Point X="146.0" Y="126.0" />
  <Point X="147.0" Y="125.0" />
  <Point X="147.0" Y="124.61733869985433" />
  <Point X="147.0" Y="124.0" />
  <Point X="148.0" Y="123.0" />
  <Point X="148.0" Y="121.0" />
  <Point X="148.169700861074" Y="120.83029913892598" />
  <Point X="149.0" Y="120.0" />
  <Point X="149.0" Y="119.0" />
  <Point X="150.0" Y="118.0" />
  <Point X="150.0" Y="117.31688834396424" />
  <Point X="150.0" Y="117.0" />
  <Point X="151.0" Y="116.0" />
  <Point X="151.0" Y="115.0" />
  <Point X="151.0" Y="114.0" />
  <Point X="151.38215134513382" Y="113.6178486548662" />
  <Point X="152.0" Y="113.0" />
  <Point X="153.0" Y="112.0" />
  <Point X="154.0" Y="111.0" />
  <Point X="154.0" Y="110.43065155044724" />
  <Point X="154.0" Y="110.0" />
  <Point X="155.0" Y="109.0" />
  <Point X="155.0" Y="108.0" />
  <Point X="156.0" Y="108.0" />
  <Point X="156.0" Y="107.57331959131565" />
  <Point X="156.0" Y="107.0" />
  <Point X="157.0" Y="106.0" />
  <Point X="157.0" Y="105.0" />
  <Point X="157.90793385241005" Y="104.09206614758996" />
  <Point X="158.0" Y="104.0" />
  <Point X="158.0" Y="103.0" />
  <Point X="159.0" Y="102.0" />
  <Point X="160.0" Y="101.0" />
  <Point X="160.31291720220133" Y="101.0" />
  <Point X="161.0" Y="101.0" />
  <Point X="161.0" Y="100.0" />
  <Point X="161.0" Y="99.0" />
  <Point X="162.0" Y="98.0" />
  <Point X="162.17024916133292" Y="98.0" />
  <Point X="163.0" Y="98.0" />
  <Point X="163.0" Y="97.0" />
  <Point X="163.0" Y="96.0" />
  <Point X="164.0" Y="96.0" />
  <Point X="164.0" Y="95.55820531716239" />
  <Point X="164.0" Y="95.0" />
  <Point X="165.0" Y="94.0" />
  <Point X="165.0" Y="93.0" />
  <Point X="165.91862125815652" Y="92.08137874184347" />
  <Point X="166.0" Y="92.0" />
  <Point X="167.0" Y="92.0" />
  <Point X="167.0" Y="91.0" />
  <Point X="168.0" Y="90.0" />
  <Point X="168.0" Y="89.25775496127231" />
  <Point X="168.0" Y="89.0" />
  <Point X="169.0" Y="89.0" />
  <Point X="169.0" Y="88.0" />
  <Point X="169.0" Y="87.0" />
  <Point X="170.0" Y="87.0" />
  <Point X="170.0" Y="86.98620943976762" />
  <Point X="170.0" Y="86.0" />
  <Point X="171.0" Y="86.0" />
  <Point X="171.0" Y="85.0" />
  <Point X="171.90886985950002" Y="84.09113014049997" />
  <Point X="172.0" Y="84.0" />
  <Point X="172.0" Y="83.0" />
  <Point X="173.0" Y="83.0" />
  <Point X="173.0" Y="82.0" />
  <Point X="173.80798832034338" Y="81.19201167965663" />
  <Point X="174.0" Y="81.0" />
  <Point X="175.0" Y="81.0" />
  <Point X="175.0" Y="80.0" />
  <Point X="175.0" Y="79.0" />
  <Point X="176.0" Y="79.0" />
</Project_1_Part_4>
