<?xml version="1.0" encoding="utf-8" standalone="yes"?>
<Gesture Name="v9" Subject="2" Number="2" NumPts="261">
  <Point X="82.0" Y="76.0" />
  <Point X="83.0" Y="76.0" />
  <Point X="84.0" Y="77.0" />
  <Point X="84.91439804847603" Y="77.91439804847603" />
  <Point X="85.0" Y="78.0" />
  <Point X="86.0" Y="78.0" />
  <Point X="86.0" Y="79.0" />
  <Point X="87.0" Y="79.0" />
  <Point X="87.0" Y="79.58630824312459" />
  <Point X="87.0" Y="80.0" />
  <Point X="88.0" Y="80.0" />
  <Point X="89.0" Y="81.0" />
  <Point X="89.0" Y="81.8794623646869" />
  <Point X="89.0" Y="82.0" />
  <Point X="90.0" Y="82.0" />
  <Point X="90.0" Y="83.0" />
  <Point X="91.0" Y="84.0" />
  <Point X="91.0" Y="84.17261648624921" />
  <Point X="91.0" Y="85.0" />
  <Point X="92.0" Y="86.0" />
  <Point X="93.0" Y="86.0" />
  <Point X="93.0" Y="86.46577060781152" />
  <Point X="93.0" Y="87.0" />
  <Point X="94.0" Y="87.0" />
  <Point X="94.0" Y="88.0" />
  <Point X="95.0" Y="88.0" />
  <Point X="95.0" Y="88.17313829174692" />
  <Point X="95.0" Y="89.0" />
  <Point X="96.0" Y="90.0" />
  <Point X="97.0" Y="90.0" />
  <Point X="97.0" Y="90.46629241330922" />
  <Point X="97.0" Y="91.0" />
  <Point X="98.0" Y="91.0" />
  <Point X="98.0" Y="92.0" />
  <Point X="99.0" Y="92.0" />
  <Point X="99.0" Y="92.17366009724462" />
  <Point X="99.0" Y="94.0" />
  <Point X="100.0" Y="94.0" />
  <Point X="100.62298071848613" Y="94.62298071848613" />
  <Point X="101.0" Y="95.0" />
  <Point X="102.0" Y="96.0" />
  <Point X="102.0" Y="97.0" />
  <Point X="102.53737876696216" Y="97.53737876696216" />
  <Point X="103.0" Y="98.0" />
  <Point X="104.0" Y="99.0" />
  <Point X="104.0" Y="100.0" />
  <Point X="104.4517768154382" Y="100.4517768154382" />
  <Point X="105.0" Y="101.0" />
  <Point X="105.0" Y="102.0" />
  <Point X="106.0" Y="103.0" />
  <Point X="106.36617486391422" Y="103.36617486391422" />
  <Point X="107.0" Y="104.0" />
  <Point X="107.0" Y="105.0" />
  <Point X="108.0" Y="106.0" />
  <Point X="108.0" Y="106.39679001793682" />
  <Point X="108.0" Y="107.0" />
  <Point X="109.0" Y="107.0" />
  <Point X="109.0" Y="109.0" />
  <Point X="109.0" Y="109.10415770187223" />
  <Point X="109.0" Y="110.0" />
  <Point X="110.0" Y="110.0" />
  <Point X="111.0" Y="110.0" />
  <Point X="111.0" Y="110.81152538580763" />
  <Point X="111.0" Y="111.0" />
  <Point X="111.0" Y="112.0" />
  <Point X="111.0" Y="113.0" />
  <Point X="112.0" Y="114.0" />
  <Point X="112.0" Y="114.10467950736992" />
  <Point X="112.0" Y="115.0" />
  <Point X="113.0" Y="116.0" />
  <Point X="113.0" Y="117.0" />
  <Point X="113.28131085680202" Y="117.28131085680202" />
  <Point X="114.0" Y="118.0" />
  <Point X="115.0" Y="119.0" />
  <Point X="115.0" Y="120.0" />
  <Point X="115.12377717981137" Y="120.24755435962273" />
  <Point X="116.0" Y="122.0" />
  <Point X="116.0" Y="123.0" />
  <Point X="116.52896812366991" Y="123.52896812366991" />
  <Point X="117.0" Y="124.0" />
  <Point X="117.0" Y="125.0" />
  <Point X="117.0" Y="126.0" />
  <Point X="117.7362593909594" Y="126.7362593909594" />
  <Point X="118.0" Y="127.0" />
  <Point X="118.0" Y="128.0" />
  <Point X="118.0" Y="129.0" />
  <Point X="119.0" Y="129.0" />
  <Point X="119.0" Y="129.33438213768164" />
  <Point X="119.0" Y="130.0" />
  <Point X="120.0" Y="131.0" />
  <Point X="120.0" Y="132.0" />
  <Point X="120.0" Y="132.62753625924395" />
  <Point X="120.0" Y="133.0" />
  <Point X="121.0" Y="133.0" />
  <Point X="121.0" Y="134.0" />
  <Point X="121.0" Y="135.0" />
  <Point X="121.23681284926823" Y="135.23681284926823" />
  <Point X="122.0" Y="136.0" />
  <Point X="122.0" Y="137.0" />
  <Point X="123.0" Y="138.0" />
  <Point X="123.0" Y="138.21384450236854" />
  <Point X="123.0" Y="139.0" />
  <Point X="123.0" Y="140.0" />
  <Point X="123.85919220955532" Y="141.71838441911063" />
  <Point X="124.0" Y="142.0" />
  <Point X="124.0" Y="143.0" />
  <Point X="125.0" Y="143.0" />
  <Point X="125.0" Y="144.0" />
  <Point X="125.2775478210525" Y="144.2775478210525" />
  <Point X="126.0" Y="145.0" />
  <Point X="126.0" Y="146.0" />
  <Point X="126.0" Y="147.0" />
  <Point X="126.68566601430184" Y="147.0" />
  <Point X="127.0" Y="147.0" />
  <Point X="127.0" Y="148.0" />
  <Point X="127.0" Y="149.0" />
  <Point X="127.0" Y="150.0" />
  <Point X="127.39303369823725" Y="150.0" />
  <Point X="128.0" Y="150.0" />
  <Point X="128.0" Y="151.0" />
  <Point X="129.0" Y="151.0" />
  <Point X="129.0" Y="152.0" />
  <Point X="129.0" Y="152.10040138217263" />
  <Point X="129.0" Y="153.0" />
  <Point X="129.0" Y="154.0" />
  <Point X="129.0" Y="155.0" />
  <Point X="129.80776906610802" Y="155.0" />
  <Point X="130.0" Y="155.0" />
  <Point X="130.0" Y="157.0" />
  <Point X="130.0" Y="158.0" />
  <Point X="130.5151367500434" Y="158.0" />
  <Point X="131.0" Y="158.0" />
  <Point X="131.0" Y="159.0" />
  <Point X="131.0" Y="160.0" />
  <Point X="131.0" Y="161.0" />
  <Point X="131.2225044339788" Y="161.0" />
  <Point X="132.0" Y="161.0" />
  <Point X="132.0" Y="162.0" />
  <Point X="133.0" Y="163.0" />
  <Point X="133.0" Y="163.5156585555411" />
  <Point X="133.0" Y="164.0" />
  <Point X="133.0" Y="165.0" />
  <Point X="134.0" Y="165.0" />
  <Point X="134.0" Y="166.0" />
  <Point X="134.0" Y="166.2230262394765" />
  <Point X="134.0" Y="167.0" />
  <Point X="134.0" Y="168.0" />
  <Point X="134.0" Y="169.0" />
  <Point X="134.0" Y="168.06960607658812" />
  <Point X="134.0" Y="168.0" />
  <Point X="134.0" Y="167.0" />
  <Point X="134.0" Y="166.0" />
  <Point X="134.0" Y="165.0" />
  <Point X="134.0" Y="164.36223839265273" />
  <Point X="134.0" Y="164.0" />
  <Point X="134.0" Y="163.0" />
  <Point X="134.0" Y="162.0" />
  <Point X="134.0" Y="161.0" />
  <Point X="134.0" Y="160.65487070871734" />
  <Point X="134.0" Y="160.0" />
  <Point X="135.0" Y="160.0" />
  <Point X="135.0" Y="159.0" />
  <Point X="135.0" Y="158.0" />
  <Point X="135.0" Y="157.94750302478195" />
  <Point X="135.0" Y="157.0" />
  <Point X="135.0" Y="156.0" />
  <Point X="135.0" Y="154.24013534084656" />
  <Point X="135.0" Y="154.0" />
  <Point X="136.0" Y="153.0" />
  <Point X="136.0" Y="152.0" />
  <Point X="136.0" Y="151.0" />
  <Point X="136.03748993937435" Y="150.96251006062565" />
  <Point X="137.0" Y="150.0" />
  <Point X="137.0" Y="149.0" />
  <Point X="137.0" Y="148.0" />
  <Point X="137.24478120666384" Y="147.75521879333616" />
  <Point X="138.0" Y="147.0" />
  <Point X="138.0" Y="146.0" />
  <Point X="138.0" Y="145.0" />
  <Point X="138.0" Y="144.36067297615963" />
  <Point X="138.0" Y="144.0" />
  <Point X="138.0" Y="143.0" />
  <Point X="138.0" Y="141.0" />
  <Point X="138.0" Y="140.65330529222425" />
  <Point X="138.0" Y="140.0" />
  <Point X="139.0" Y="140.0" />
  <Point X="139.0" Y="138.0" />
  <Point X="139.0382278837861" Y="137.9617721162139" />
  <Point X="140.0" Y="137.0" />
  <Point X="140.0" Y="136.0" />
  <Point X="140.0" Y="135.0" />
  <Point X="140.0" Y="134.65278348672658" />
  <Point X="140.0" Y="133.0" />
  <Point X="140.91883798609115" Y="131.1623240278177" />
  <Point X="141.0" Y="131.0" />
  <Point X="141.0" Y="130.0" />
  <Point X="142.0" Y="129.0" />
  <Point X="142.0" Y="127.88832965872868" />
  <Point X="142.0" Y="127.0" />
  <Point X="143.0" Y="126.0" />
  <Point X="143.0" Y="124.59517553716637" />
  <Point X="143.0" Y="124.0" />
  <Point X="144.0" Y="123.0" />
  <Point X="144.0" Y="122.0" />
  <Point X="144.0" Y="121.30202141560406" />
  <Point X="144.0" Y="121.0" />
  <Point X="144.0" Y="120.0" />
  <Point X="145.0" Y="120.0" />
  <Point X="145.0" Y="118.59465373166866" />
  <Point X="145.0" Y="118.0" />
  <Point X="145.0" Y="117.0" />
  <Point X="145.0" Y="116.0" />
  <Point X="145.0" Y="115.0" />
  <Point X="145.05040721185622" Y="114.89918557628756" />
  <Point X="146.0" Y="113.0" />
  <Point X="146.0" Y="112.0" />
  <Point X="146.58401365870236" Y="112.0" />
  <Point X="147.0" Y="112.0" />
  <Point X="147.0" Y="110.0" />
  <Point X="147.0" Y="109.0" />
  <Point X="147.13030969790265" Y="108.73938060419472" />
  <Point X="148.0" Y="107.0" />
  <Point X="148.0" Y="106.0" />
  <Point X="148.0" Y="105.23731895092662" />
  <Point X="148.0" Y="105.0" />
  <Point X="148.0" Y="104.0" />
  <Point X="149.0" Y="102.0" />
  <Point X="149.0" Y="101.76601924449102" />
  <Point X="149.0" Y="101.0" />
  <Point X="150.0" Y="99.0" />
  <Point X="150.0" Y="98.29471953805542" />
  <Point X="150.0" Y="98.0" />
  <Point X="150.0" Y="97.0" />
  <Point X="150.0" Y="96.0" />
  <Point X="151.0" Y="96.0" />
  <Point X="151.0" Y="95.58735185412002" />
  <Point X="151.0" Y="95.0" />
  <Point X="152.0" Y="94.0" />
  <Point X="152.0" Y="92.2941977325577" />
  <Point X="152.0" Y="92.0" />
  <Point X="152.0" Y="91.0" />
  <Point X="153.0" Y="90.0" />
  <Point X="153.0" Y="89.0010436109954" />
  <Point X="153.0" Y="89.0" />
  <Point X="153.0" Y="88.0" />
  <Point X="153.0" Y="87.0" />
  <Point X="153.0" Y="86.0" />
  <Point X="153.70632407294" Y="86.0" />
  <Point X="154.0" Y="86.0" />
  <Point X="155.0" Y="85.0" />
  <Point X="155.0" Y="84.0" />
  <Point X="155.0" Y="83.0005218054977" />
  <Point X="155.0" Y="83.0" />
  <Point X="155.0" Y="82.0" />
  <Point X="156.0" Y="81.0" />
  <Point X="156.0" Y="80.0" />
  <Point X="156.0" Y="79.70736768393539" />
  <Point X="156.0" Y="79.0" />
  <Point X="157.0" Y="79.0" />
  <Point X="157.0" Y="78.0" />
  <Point X="157.0" Y="77.0" />
</Project_1_Part_4>
