<?xml version="1.0" encoding="utf-8" standalone="yes"?>
<Gesture Name="x1" Subject="2" Number="2" NumPts="403">
  <Point X="215.0" Y="21.0" />
  <Point X="206.45679832652627" Y="24.319333134279603" />
  <Point X="197.91359665305254" Y="27.638666268559206" />
  <Point X="189.3703949795788" Y="30.95799940283881" />
  <Point X="180.82719330610507" Y="34.27733253711841" />
  <Point X="172.28399163263134" Y="37.596665671398014" />
  <Point X="163.7407899591576" Y="40.91599880567762" />
  <Point X="155.19758828568388" Y="44.23533193995722" />
  <Point X="146.65438661221015" Y="47.55466507423682" />
  <Point X="138.11118493873641" Y="50.873998208516426" />
  <Point X="129.56798326526268" Y="54.19333134279603" />
  <Point X="121.02478159178895" Y="57.51266447707563" />
  <Point X="112.48157991831522" Y="60.831997611355234" />
  <Point X="103.93837824484149" Y="64.15133074563484" />
  <Point X="95.39517657136776" Y="67.47066387991444" />
  <Point X="86.85197489789402" Y="70.78999701419404" />
  <Point X="78.30877322442029" Y="74.10933014847365" />
  <Point X="69.76557155094656" Y="77.42866328275325" />
  <Point X="61.22236987747283" Y="80.74799641703285" />
  <Point X="58.0" Y="82.0" />
  <Point X="58.0" Y="83.0" />
  <Point X="58.0" Y="84.0" />
  <Point X="58.0" Y="85.0" />
  <Point X="59.0" Y="85.0" />
  <Point X="59.0" Y="86.0" />
  <Point X="59.708336226525546" Y="86.0" />
  <Point X="60.0" Y="86.0" />
  <Point X="60.0" Y="87.0" />
  <Point X="61.0" Y="87.0" />
  <Point X="61.0" Y="88.0" />
  <Point X="62.0" Y="88.0" />
  <Point X="62.0" Y="89.0" />
  <Point X="63.0" Y="89.0" />
  <Point X="64.0" Y="90.0" />
  <Point X="65.0" Y="91.0" />
  <Point X="65.04529328848811" Y="91.0" />
  <Point X="66.0" Y="91.0" />
  <Point X="67.0" Y="92.0" />
  <Point X="67.0" Y="93.0" />
  <Point X="68.0" Y="93.0" />
  <Point X="69.0" Y="94.0" />
  <Point X="70.0" Y="95.0" />
  <Point X="71.0" Y="95.0" />
  <Point X="71.0" Y="95.96803678807757" />
  <Point X="71.0" Y="96.0" />
  <Point X="72.0" Y="97.0" />
  <Point X="73.0" Y="98.0" />
  <Point X="74.0" Y="99.0" />
  <Point X="75.0" Y="99.0" />
  <Point X="75.0" Y="100.0" />
  <Point X="76.0" Y="101.0" />
  <Point X="77.0" Y="102.0" />
  <Point X="77.06235316292084" Y="102.0" />
  <Point X="78.0" Y="102.0" />
  <Point X="79.0" Y="103.0" />
  <Point X="79.0" Y="104.0" />
  <Point X="80.0" Y="104.0" />
  <Point X="81.0" Y="105.0" />
  <Point X="81.0" Y="106.0" />
  <Point X="82.0" Y="107.0" />
  <Point X="82.9850966625103" Y="107.0" />
  <Point X="83.0" Y="107.0" />
  <Point X="84.0" Y="108.0" />
  <Point X="85.0" Y="108.0" />
  <Point X="85.0" Y="110.0" />
  <Point X="87.0" Y="110.0" />
  <Point X="88.0" Y="112.0" />
  <Point X="88.50019930934616" Y="112.0" />
  <Point X="89.0" Y="112.0" />
  <Point X="89.0" Y="113.0" />
  <Point X="90.0" Y="114.0" />
  <Point X="91.0" Y="115.0" />
  <Point X="92.0" Y="116.0" />
  <Point X="93.0" Y="117.0" />
  <Point X="94.7966620574823" Y="117.89833102874115" />
  <Point X="95.0" Y="118.0" />
  <Point X="97.0" Y="119.0" />
  <Point X="97.0" Y="120.0" />
  <Point X="98.0" Y="121.0" />
  <Point X="99.0" Y="122.0" />
  <Point X="100.0" Y="123.0" />
  <Point X="101.30527050683328" Y="123.65263525341663" />
  <Point X="102.0" Y="124.0" />
  <Point X="103.0" Y="125.0" />
  <Point X="104.0" Y="125.0" />
  <Point X="104.0" Y="127.0" />
  <Point X="106.0" Y="127.0" />
  <Point X="107.0" Y="128.0" />
  <Point X="107.56022587561517" Y="128.0" />
  <Point X="108.0" Y="128.0" />
  <Point X="109.0" Y="130.0" />
  <Point X="110.0" Y="130.0" />
  <Point X="111.0" Y="132.0" />
  <Point X="112.0" Y="132.0" />
  <Point X="113.59344682251735" Y="133.59344682251734" />
  <Point X="114.0" Y="134.0" />
  <Point X="116.0" Y="136.0" />
  <Point X="117.0" Y="136.0" />
  <Point X="118.0" Y="138.0" />
  <Point X="119.0" Y="138.0" />
  <Point X="120.0" Y="139.0" />
  <Point X="120.07899974066176" Y="139.07899974066177" />
  <Point X="121.0" Y="140.0" />
  <Point X="122.0" Y="140.0" />
  <Point X="123.0" Y="142.0" />
  <Point X="124.0" Y="142.0" />
  <Point X="125.0" Y="143.0" />
  <Point X="126.0" Y="144.0" />
  <Point X="126.56455265880618" Y="144.56455265880618" />
  <Point X="127.0" Y="145.0" />
  <Point X="128.0" Y="145.0" />
  <Point X="128.0" Y="146.0" />
  <Point X="129.0" Y="146.0" />
  <Point X="130.0" Y="147.0" />
  <Point X="131.0" Y="147.0" />
  <Point X="131.0" Y="148.0" />
  <Point X="132.0" Y="148.0" />
  <Point X="132.8028172822886" Y="148.8028172822886" />
  <Point X="134.0" Y="150.0" />
  <Point X="135.0" Y="151.0" />
  <Point X="136.0" Y="152.0" />
  <Point X="137.0" Y="152.0" />
  <Point X="139.0" Y="154.0" />
  <Point X="139.72936771994026" Y="154.36468385997014" />
  <Point X="141.0" Y="155.0" />
  <Point X="142.0" Y="155.0" />
  <Point X="143.0" Y="156.0" />
  <Point X="144.0" Y="157.0" />
  <Point X="145.0" Y="157.0" />
  <Point X="145.0" Y="158.0" />
  <Point X="146.0" Y="158.0" />
  <Point X="146.916346985653" Y="158.0" />
  <Point X="147.0" Y="158.0" />
  <Point X="148.0" Y="159.0" />
  <Point X="148.0" Y="160.0" />
  <Point X="149.0" Y="160.0" />
  <Point X="149.0" Y="161.0" />
  <Point X="150.0" Y="161.0" />
  <Point X="151.0" Y="161.0" />
  <Point X="151.0" Y="162.0" />
  <Point X="152.0" Y="162.0" />
  <Point X="152.66751760998866" Y="162.0" />
  <Point X="153.0" Y="162.0" />
  <Point X="153.0" Y="163.0" />
  <Point X="153.0" Y="164.0" />
  <Point X="154.0" Y="164.0" />
  <Point X="155.0" Y="164.0" />
  <Point X="155.0" Y="165.0" />
  <Point X="156.0" Y="166.0" />
  <Point X="156.0" Y="165.0" />
  <Point X="156.0" Y="164.0" />
  <Point X="156.0" Y="163.58131176567568" />
  <Point X="156.0" Y="163.0" />
  <Point X="156.0" Y="162.0" />
  <Point X="156.0" Y="161.0" />
  <Point X="156.0" Y="160.0" />
  <Point X="155.0" Y="159.0" />
  <Point X="155.0" Y="158.0" />
  <Point X="154.0" Y="158.0" />
  <Point X="154.0" Y="157.0" />
  <Point X="154.0" Y="156.0" />
  <Point X="154.0" Y="155.83014114134002" />
  <Point X="154.0" Y="155.0" />
  <Point X="154.0" Y="154.0" />
  <Point X="154.0" Y="153.0" />
  <Point X="154.0" Y="152.0" />
  <Point X="153.0" Y="152.0" />
  <Point X="153.0" Y="151.0" />
  <Point X="153.0" Y="150.0" />
  <Point X="153.0" Y="149.0" />
  <Point X="153.0" Y="148.0" />
  <Point X="152.6647569546313" Y="148.0" />
  <Point X="152.0" Y="148.0" />
  <Point X="152.0" Y="147.0" />
  <Point X="152.0" Y="146.0" />
  <Point X="152.0" Y="145.0" />
  <Point X="152.0" Y="144.0" />
  <Point X="152.0" Y="143.0" />
  <Point X="151.0" Y="142.0" />
  <Point X="151.0" Y="141.0" />
  <Point X="151.0" Y="140.0" />
  <Point X="150.91358633029563" Y="140.0" />
  <Point X="150.0" Y="140.0" />
  <Point X="150.0" Y="139.0" />
  <Point X="150.0" Y="137.0" />
  <Point X="150.0" Y="136.0" />
  <Point X="150.0" Y="135.0" />
  <Point X="150.0" Y="134.0" />
  <Point X="149.0" Y="133.0" />
  <Point X="149.0" Y="132.16241570595997" />
  <Point X="149.0" Y="132.0" />
  <Point X="149.0" Y="131.0" />
  <Point X="149.0" Y="130.0" />
  <Point X="149.0" Y="129.0" />
  <Point X="148.0" Y="128.0" />
  <Point X="148.0" Y="126.0" />
  <Point X="148.0" Y="125.0" />
  <Point X="147.28948720058497" Y="123.57897440116994" />
  <Point X="147.0" Y="123.0" />
  <Point X="147.0" Y="122.0" />
  <Point X="147.0" Y="121.0" />
  <Point X="147.0" Y="120.0" />
  <Point X="147.0" Y="119.0" />
  <Point X="147.0" Y="118.0" />
  <Point X="147.0" Y="117.0" />
  <Point X="147.0" Y="116.0" />
  <Point X="146.0" Y="116.0" />
  <Point X="146.0" Y="115.48192887241537" />
  <Point X="146.0" Y="114.0" />
  <Point X="146.0" Y="113.0" />
  <Point X="146.0" Y="111.0" />
  <Point X="146.0" Y="110.0" />
  <Point X="145.0" Y="109.0" />
  <Point X="145.0" Y="108.0" />
  <Point X="145.0" Y="107.0" />
  <Point X="145.0" Y="106.73075824807971" />
  <Point X="145.0" Y="106.0" />
  <Point X="145.0" Y="105.0" />
  <Point X="145.0" Y="104.0" />
  <Point X="145.0" Y="103.0" />
  <Point X="144.0" Y="103.0" />
  <Point X="144.0" Y="102.0" />
  <Point X="144.0" Y="101.0" />
  <Point X="144.0" Y="100.0" />
  <Point X="144.0" Y="99.0" />
  <Point X="144.0" Y="98.56537406137096" />
  <Point X="144.0" Y="97.0" />
  <Point X="144.0" Y="96.0" />
  <Point X="144.0" Y="95.0" />
  <Point X="144.0" Y="94.0" />
  <Point X="144.0" Y="93.0" />
  <Point X="144.0" Y="92.0" />
  <Point X="144.0" Y="91.0" />
  <Point X="144.0" Y="90.0" />
  <Point X="144.0" Y="89.39998987466221" />
  <Point X="144.0" Y="89.0" />
  <Point X="144.0" Y="88.0" />
  <Point X="143.0" Y="87.0" />
  <Point X="143.0" Y="86.0" />
  <Point X="143.0" Y="85.0" />
  <Point X="143.0" Y="84.0" />
  <Point X="143.0" Y="83.0" />
  <Point X="143.0" Y="82.0" />
  <Point X="143.0" Y="81.0" />
  <Point X="143.0" Y="80.64881925032655" />
  <Point X="143.0" Y="80.0" />
  <Point X="143.0" Y="79.0" />
  <Point X="142.0" Y="79.0" />
  <Point X="142.0" Y="78.0" />
  <Point X="142.0" Y="77.0" />
  <Point X="142.0" Y="76.0" />
  <Point X="142.0" Y="75.0" />
  <Point X="142.0" Y="74.0" />
  <Point X="142.0" Y="73.0" />
  <Point X="142.0" Y="72.4834350636178" />
  <Point X="142.0" Y="72.0" />
  <Point X="142.0" Y="71.0" />
  <Point X="142.0" Y="70.0" />
  <Point X="141.0" Y="69.0" />
  <Point X="141.0" Y="68.0" />
  <Point X="141.0" Y="67.0" />
  <Point X="140.0" Y="67.0" />
  <Point X="140.0" Y="66.0" />
  <Point X="140.0" Y="65.0" />
  <Point X="139.73226443928215" Y="65.0" />
  <Point X="139.0" Y="65.0" />
  <Point X="138.0" Y="65.0" />
  <Point X="137.0" Y="65.0" />
  <Point X="136.0" Y="65.0" />
  <Point X="136.0" Y="66.0" />
  <Point X="135.0" Y="66.0" />
  <Point X="134.0" Y="67.0" />
  <Point X="134.0" Y="68.0" />
  <Point X="133.0" Y="68.0" />
  <Point X="132.9810938149465" Y="68.0" />
  <Point X="132.0" Y="68.0" />
  <Point X="132.0" Y="69.0" />
  <Point X="131.0" Y="69.0" />
  <Point X="130.0" Y="69.0" />
  <Point X="130.0" Y="70.0" />
  <Point X="129.0" Y="70.0" />
  <Point X="128.0" Y="70.0" />
  <Point X="128.0" Y="71.0" />
  <Point X="127.16258024723297" Y="71.83741975276703" />
  <Point X="127.0" Y="72.0" />
  <Point X="126.0" Y="73.0" />
  <Point X="125.0" Y="73.0" />
  <Point X="124.0" Y="74.0" />
  <Point X="123.0" Y="75.0" />
  <Point X="122.0" Y="76.0" />
  <Point X="121.0" Y="76.0" />
  <Point X="120.09588849900436" Y="76.90411150099564" />
  <Point X="120.0" Y="77.0" />
  <Point X="119.0" Y="78.0" />
  <Point X="117.0" Y="80.0" />
  <Point X="116.0" Y="81.0" />
  <Point X="115.0" Y="82.0" />
  <Point X="114.0" Y="82.0" />
  <Point X="114.0" Y="82.95870955907571" />
  <Point X="114.0" Y="83.0" />
  <Point X="113.0" Y="83.0" />
  <Point X="112.0" Y="85.0" />
  <Point X="111.0" Y="85.0" />
  <Point X="111.0" Y="86.0" />
  <Point X="109.0" Y="86.0" />
  <Point X="109.0" Y="87.0" />
  <Point X="108.37207095737752" Y="87.62792904262248" />
  <Point X="108.0" Y="88.0" />
  <Point X="106.0" Y="89.0" />
  <Point X="106.0" Y="90.0" />
  <Point X="105.0" Y="91.0" />
  <Point X="104.0" Y="92.0" />
  <Point X="103.0" Y="93.0" />
  <Point X="102.17941125804654" Y="93.82058874195346" />
  <Point X="102.0" Y="94.0" />
  <Point X="101.0" Y="94.0" />
  <Point X="100.0" Y="95.0" />
  <Point X="100.0" Y="96.0" />
  <Point X="99.0" Y="97.0" />
  <Point X="98.0" Y="97.0" />
  <Point X="97.0" Y="99.0" />
  <Point X="96.40096512108867" Y="99.59903487891133" />
  <Point X="96.0" Y="100.0" />
  <Point X="95.0" Y="101.0" />
  <Point X="94.0" Y="102.0" />
  <Point X="93.0" Y="102.0" />
  <Point X="93.0" Y="103.0" />
  <Point X="91.0" Y="104.0" />
  <Point X="91.0" Y="105.0" />
  <Point X="90.6225189841308" Y="105.3774810158692" />
  <Point X="90.0" Y="106.0" />
  <Point X="89.0" Y="107.0" />
  <Point X="88.0" Y="107.0" />
  <Point X="87.0" Y="109.0" />
  <Point X="86.0" Y="110.0" />
  <Point X="85.0" Y="111.0" />
  <Point X="85.0" Y="111.80630073189717" />
  <Point X="85.0" Y="112.0" />
  <Point X="84.0" Y="112.0" />
  <Point X="84.0" Y="113.0" />
  <Point X="83.0" Y="113.0" />
  <Point X="82.0" Y="115.0" />
  <Point X="81.0" Y="115.0" />
  <Point X="81.0" Y="116.0" />
  <Point X="80.0" Y="116.0" />
  <Point X="79.47984027258815" Y="116.52015972741185" />
  <Point X="79.0" Y="117.0" />
  <Point X="79.0" Y="118.0" />
  <Point X="78.0" Y="118.0" />
  <Point X="78.0" Y="119.0" />
  <Point X="77.0" Y="119.0" />
  <Point X="77.0" Y="120.0" />
  <Point X="76.0" Y="120.0" />
  <Point X="76.0" Y="121.0" />
  <Point X="75.0" Y="122.0" />
  <Point X="74.94868243029228" Y="122.05131756970772" />
  <Point X="74.0" Y="123.0" />
  <Point X="73.0" Y="124.0" />
  <Point X="73.0" Y="125.0" />
  <Point X="72.0" Y="125.0" />
  <Point X="71.0" Y="126.0" />
  <Point X="70.0" Y="127.0" />
  <Point X="70.0" Y="128.0" />
  <Point X="69.41889605971494" Y="128.0" />
  <Point X="69.0" Y="128.0" />
  <Point X="69.0" Y="129.0" />
  <Point X="68.0" Y="130.0" />
  <Point X="67.0" Y="130.0" />
  <Point X="67.0" Y="131.0" />
  <Point X="66.0" Y="131.0" />
  <Point X="66.0" Y="132.0" />
  <Point X="65.0" Y="133.0" />
  <Point X="65.0" Y="133.9180610022476" />
  <Point X="65.0" Y="134.0" />
  <Point X="64.0" Y="134.0" />
  <Point X="64.0" Y="135.0" />
  <Point X="63.0" Y="135.0" />
  <Point X="63.0" Y="136.0" />
  <Point X="62.0" Y="136.0" />
  <Point X="62.0" Y="137.0" />
  <Point X="61.0" Y="138.0" />
  <Point X="61.0" Y="139.0" />
  <Point X="60.33076837341673" Y="139.0" />
  <Point X="60.0" Y="139.0" />
  <Point X="60.0" Y="140.0" />
  <Point X="59.0" Y="140.0" />
  <Point X="59.0" Y="141.0" />
  <Point X="58.0" Y="141.0" />
  <Point X="58.0" Y="142.0" />
  <Point X="57.0" Y="142.0" />
  <Point X="57.0" Y="143.0" />
  <Point X="56.0" Y="143.0" />
  <Point X="56.0" Y="143.83461581329203" />
  <Point X="56.0" Y="144.0" />
  <Point X="55.0" Y="144.0" />
  <Point X="55.0" Y="145.0" />
  <Point X="55.0" Y="146.0" />
  <Point X="54.0" Y="146.0" />
  <Point X="54.0" Y="147.0" />
  <Point X="53.0" Y="147.0" />
  <Point X="53.0" Y="146.0" />
  <Point X="53.0" Y="145.0" />
  <Point X="53.0" Y="144.0" />
</Project_1_Part_4>
