<?xml version="1.0" encoding="utf-8" standalone="yes"?>
<Gesture Name="x10" Subject="2" Number="2" NumPts="440">
  <Point X="62.0" Y="50.0" />
  <Point X="63.0" Y="50.0" />
  <Point X="64.0" Y="50.0" />
  <Point X="65.0" Y="50.0" />
  <Point X="65.0" Y="51.0" />
  <Point X="66.0" Y="51.0" />
  <Point X="66.0" Y="52.0" />
  <Point X="67.0" Y="52.0" />
  <Point X="67.09209718438551" Y="52.09209718438551" />
  <Point X="68.0" Y="53.0" />
  <Point X="69.0" Y="53.0" />
  <Point X="69.0" Y="54.0" />
  <Point X="70.0" Y="54.0" />
  <Point X="70.0" Y="55.0" />
  <Point X="71.0" Y="56.0" />
  <Point X="71.43206304968254" Y="56.0" />
  <Point X="72.0" Y="56.0" />
  <Point X="72.0" Y="57.0" />
  <Point X="73.0" Y="57.0" />
  <Point X="73.0" Y="58.0" />
  <Point X="74.0" Y="58.0" />
  <Point X="74.0" Y="59.0" />
  <Point X="75.0" Y="60.0" />
  <Point X="75.14809457452381" Y="60.0" />
  <Point X="76.0" Y="60.0" />
  <Point X="76.0" Y="61.0" />
  <Point X="77.0" Y="61.0" />
  <Point X="77.0" Y="62.0" />
  <Point X="78.0" Y="63.0" />
  <Point X="79.0" Y="63.0" />
  <Point X="79.0" Y="63.86412609936508" />
  <Point X="79.0" Y="64.0" />
  <Point X="80.0" Y="65.0" />
  <Point X="80.0" Y="66.0" />
  <Point X="81.0" Y="66.0" />
  <Point X="82.0" Y="67.0" />
  <Point X="82.96863963154424" Y="68.93727926308847" />
  <Point X="83.0" Y="69.0" />
  <Point X="84.0" Y="69.0" />
  <Point X="84.0" Y="70.0" />
  <Point X="85.0" Y="71.0" />
  <Point X="88.0" Y="72.0" />
  <Point X="88.0" Y="72.48362994900636" />
  <Point X="88.0" Y="73.0" />
  <Point X="88.0" Y="74.0" />
  <Point X="89.0" Y="74.0" />
  <Point X="90.0" Y="75.0" />
  <Point X="91.0" Y="76.0" />
  <Point X="91.0" Y="77.0" />
  <Point X="91.78544791147453" Y="77.0" />
  <Point X="92.0" Y="77.0" />
  <Point X="93.0" Y="78.0" />
  <Point X="94.0" Y="79.0" />
  <Point X="95.0" Y="80.0" />
  <Point X="95.0" Y="81.0" />
  <Point X="96.0" Y="82.0" />
  <Point X="96.1830266347907" Y="82.1830266347907" />
  <Point X="97.0" Y="83.0" />
  <Point X="98.0" Y="83.0" />
  <Point X="98.0" Y="84.0" />
  <Point X="100.0" Y="85.0" />
  <Point X="100.0" Y="86.0" />
  <Point X="100.52241211383821" Y="86.52241211383821" />
  <Point X="101.0" Y="87.0" />
  <Point X="101.0" Y="88.0" />
  <Point X="103.0" Y="89.0" />
  <Point X="103.0" Y="90.0" />
  <Point X="104.0" Y="91.0" />
  <Point X="104.71961343716033" Y="91.35980671858016" />
  <Point X="106.0" Y="92.0" />
  <Point X="106.0" Y="93.0" />
  <Point X="107.0" Y="94.0" />
  <Point X="108.0" Y="95.0" />
  <Point X="108.0" Y="96.0" />
  <Point X="108.87030226647477" Y="96.0" />
  <Point X="109.0" Y="96.0" />
  <Point X="110.0" Y="97.0" />
  <Point X="111.0" Y="97.0" />
  <Point X="111.0" Y="98.0" />
  <Point X="112.0" Y="99.0" />
  <Point X="112.0" Y="100.0" />
  <Point X="112.82881416225148" Y="100.82881416225148" />
  <Point X="113.0" Y="101.0" />
  <Point X="114.0" Y="101.0" />
  <Point X="114.0" Y="102.0" />
  <Point X="115.0" Y="103.0" />
  <Point X="116.0" Y="104.0" />
  <Point X="117.0" Y="105.0" />
  <Point X="117.45644525256972" Y="105.45644525256972" />
  <Point X="118.0" Y="106.0" />
  <Point X="119.0" Y="107.0" />
  <Point X="119.0" Y="108.0" />
  <Point X="120.0" Y="109.0" />
  <Point X="121.0" Y="109.0" />
  <Point X="121.0" Y="110.0" />
  <Point X="121.37696956170142" Y="110.37696956170142" />
  <Point X="122.0" Y="111.0" />
  <Point X="122.0" Y="112.0" />
  <Point X="123.0" Y="112.0" />
  <Point X="124.0" Y="113.0" />
  <Point X="124.0" Y="114.0" />
  <Point X="125.0" Y="115.0" />
  <Point X="125.29749387083311" Y="115.29749387083311" />
  <Point X="126.0" Y="116.0" />
  <Point X="126.0" Y="117.0" />
  <Point X="127.0" Y="118.0" />
  <Point X="128.0" Y="119.0" />
  <Point X="129.0" Y="120.0" />
  <Point X="129.0" Y="120.89411070457703" />
  <Point X="129.0" Y="121.0" />
  <Point X="130.0" Y="122.0" />
  <Point X="131.0" Y="123.0" />
  <Point X="132.0" Y="124.0" />
  <Point X="132.0" Y="125.0" />
  <Point X="132.0" Y="126.0" />
  <Point X="132.5527560514696" Y="126.5527560514696" />
  <Point X="133.0" Y="127.0" />
  <Point X="133.0" Y="128.0" />
  <Point X="134.0" Y="128.0" />
  <Point X="135.0" Y="129.0" />
  <Point X="135.0" Y="130.0" />
  <Point X="136.0" Y="131.0" />
  <Point X="136.4732803606013" Y="131.4732803606013" />
  <Point X="137.0" Y="132.0" />
  <Point X="137.0" Y="133.0" />
  <Point X="137.0" Y="134.0" />
  <Point X="138.0" Y="134.0" />
  <Point X="138.0" Y="135.0" />
  <Point X="139.0" Y="135.0" />
  <Point X="139.0" Y="136.0" />
  <Point X="139.0" Y="136.38535102960847" />
  <Point X="139.0" Y="137.0" />
  <Point X="140.0" Y="137.0" />
  <Point X="140.0" Y="138.0" />
  <Point X="140.0" Y="139.0" />
  <Point X="141.0" Y="140.0" />
  <Point X="141.0" Y="141.0" />
  <Point X="141.77879507293198" Y="141.77879507293198" />
  <Point X="142.0" Y="142.0" />
  <Point X="142.0" Y="143.0" />
  <Point X="143.0" Y="143.0" />
  <Point X="143.0" Y="144.0" />
  <Point X="143.0" Y="145.0" />
  <Point X="144.0" Y="145.0" />
  <Point X="144.0" Y="146.0" />
  <Point X="144.0" Y="146.817414079291" />
  <Point X="144.0" Y="147.0" />
  <Point X="144.0" Y="148.0" />
  <Point X="145.0" Y="148.0" />
  <Point X="145.0" Y="149.0" />
  <Point X="146.0" Y="150.0" />
  <Point X="146.0" Y="151.0" />
  <Point X="146.0" Y="152.0" />
  <Point X="146.53344560413228" Y="152.0" />
  <Point X="147.0" Y="152.0" />
  <Point X="147.0" Y="153.0" />
  <Point X="148.0" Y="153.0" />
  <Point X="148.0" Y="154.0" />
  <Point X="148.0" Y="155.0" />
  <Point X="148.0" Y="156.0" />
  <Point X="148.0" Y="157.0" />
  <Point X="148.0" Y="157.66369069134663" />
  <Point X="148.0" Y="158.0" />
  <Point X="148.0" Y="159.0" />
  <Point X="148.0" Y="160.0" />
  <Point X="149.0" Y="160.0" />
  <Point X="149.0" Y="161.0" />
  <Point X="149.0" Y="162.0" />
  <Point X="148.0" Y="161.0" />
  <Point X="148.0" Y="160.6202777838121" />
  <Point X="148.0" Y="160.0" />
  <Point X="148.0" Y="159.0" />
  <Point X="147.0" Y="158.0" />
  <Point X="147.0" Y="157.0" />
  <Point X="146.0" Y="157.0" />
  <Point X="146.0" Y="156.0" />
  <Point X="146.0" Y="155.0" />
  <Point X="146.0" Y="154.90424625897083" />
  <Point X="146.0" Y="154.0" />
  <Point X="146.0" Y="153.0" />
  <Point X="146.0" Y="152.0" />
  <Point X="145.0" Y="151.0" />
  <Point X="145.0" Y="150.0" />
  <Point X="145.0" Y="149.0" />
  <Point X="145.0" Y="148.18821473412956" />
  <Point X="145.0" Y="148.0" />
  <Point X="145.0" Y="147.0" />
  <Point X="144.0" Y="146.0" />
  <Point X="144.0" Y="144.0" />
  <Point X="143.0" Y="143.0" />
  <Point X="143.0" Y="142.0" />
  <Point X="143.0" Y="141.8863967716614" />
  <Point X="143.0" Y="141.0" />
  <Point X="143.0" Y="140.0" />
  <Point X="143.0" Y="139.0" />
  <Point X="143.0" Y="138.0" />
  <Point X="143.0" Y="137.0" />
  <Point X="142.0" Y="136.0" />
  <Point X="142.0" Y="135.17036524682013" />
  <Point X="142.0" Y="135.0" />
  <Point X="142.0" Y="134.0" />
  <Point X="142.0" Y="132.0" />
  <Point X="142.0" Y="130.0" />
  <Point X="142.0" Y="129.0" />
  <Point X="141.57072868532936" Y="128.14145737065874" />
  <Point X="141.0" Y="127.0" />
  <Point X="141.0" Y="126.0" />
  <Point X="141.0" Y="125.0" />
  <Point X="141.0" Y="124.0" />
  <Point X="141.0" Y="122.0" />
  <Point X="141.0" Y="121.14594304989119" />
  <Point X="141.0" Y="121.0" />
  <Point X="141.0" Y="120.0" />
  <Point X="141.0" Y="118.0" />
  <Point X="141.0" Y="117.0" />
  <Point X="141.0" Y="116.0" />
  <Point X="140.0" Y="115.0" />
  <Point X="140.0" Y="114.42991152504992" />
  <Point X="140.0" Y="114.0" />
  <Point X="140.0" Y="112.0" />
  <Point X="140.0" Y="111.0" />
  <Point X="140.0" Y="110.0" />
  <Point X="140.0" Y="109.0" />
  <Point X="140.0" Y="108.0" />
  <Point X="140.0" Y="107.29966643783555" />
  <Point X="140.0" Y="107.0" />
  <Point X="140.0" Y="106.0" />
  <Point X="140.0" Y="105.0" />
  <Point X="140.0" Y="104.0" />
  <Point X="140.0" Y="103.0" />
  <Point X="140.0" Y="102.0" />
  <Point X="140.0" Y="101.0" />
  <Point X="140.0" Y="100.16942135062119" />
  <Point X="140.0" Y="100.0" />
  <Point X="139.0" Y="98.0" />
  <Point X="139.0" Y="96.0" />
  <Point X="139.0" Y="95.0" />
  <Point X="139.0" Y="94.0" />
  <Point X="139.0" Y="93.27524424090662" />
  <Point X="139.0" Y="92.0" />
  <Point X="139.0" Y="91.0" />
  <Point X="139.0" Y="90.0" />
  <Point X="139.0" Y="89.0" />
  <Point X="139.0" Y="88.0" />
  <Point X="139.0" Y="87.0" />
  <Point X="139.0" Y="86.14499915369225" />
  <Point X="139.0" Y="85.0" />
  <Point X="139.0" Y="84.0" />
  <Point X="139.0" Y="83.0" />
  <Point X="139.0" Y="82.0" />
  <Point X="139.0" Y="81.0" />
  <Point X="139.0" Y="80.0" />
  <Point X="139.0" Y="79.01475406647789" />
  <Point X="139.0" Y="79.0" />
  <Point X="139.0" Y="78.0" />
  <Point X="139.0" Y="77.0" />
  <Point X="139.0" Y="76.0" />
  <Point X="139.0" Y="75.0" />
  <Point X="139.0" Y="74.0" />
  <Point X="139.0" Y="73.0" />
  <Point X="139.0" Y="72.0" />
  <Point X="139.0" Y="71.88450897926353" />
  <Point X="139.0" Y="71.0" />
  <Point X="139.0" Y="70.0" />
  <Point X="139.0" Y="69.0" />
  <Point X="139.0" Y="68.0" />
  <Point X="139.0" Y="67.0" />
  <Point X="139.0" Y="66.0" />
  <Point X="139.0" Y="65.0" />
  <Point X="139.0" Y="64.75426389204917" />
  <Point X="139.0" Y="64.0" />
  <Point X="139.0" Y="63.0" />
  <Point X="139.0" Y="62.0" />
  <Point X="139.0" Y="61.0" />
  <Point X="139.0" Y="60.0" />
  <Point X="139.0" Y="59.0" />
  <Point X="139.0" Y="58.0" />
  <Point X="139.0" Y="57.624018804834805" />
  <Point X="139.0" Y="57.0" />
  <Point X="139.0" Y="56.0" />
  <Point X="138.0" Y="57.0" />
  <Point X="137.0" Y="57.0" />
  <Point X="137.0" Y="58.0" />
  <Point X="136.0" Y="59.0" />
  <Point X="136.0" Y="59.677799157633366" />
  <Point X="136.0" Y="60.0" />
  <Point X="135.0" Y="60.0" />
  <Point X="135.0" Y="61.0" />
  <Point X="134.0" Y="62.0" />
  <Point X="133.0" Y="63.0" />
  <Point X="133.0" Y="64.0" />
  <Point X="132.02038287989845" Y="64.0" />
  <Point X="132.0" Y="64.0" />
  <Point X="132.0" Y="65.0" />
  <Point X="131.0" Y="66.0" />
  <Point X="131.0" Y="67.0" />
  <Point X="130.0" Y="67.0" />
  <Point X="129.0" Y="68.0" />
  <Point X="129.0" Y="69.0" />
  <Point X="128.74827680964833" Y="69.12586159517583" />
  <Point X="127.0" Y="70.0" />
  <Point X="127.0" Y="71.0" />
  <Point X="126.0" Y="72.0" />
  <Point X="126.0" Y="73.0" />
  <Point X="125.0" Y="74.0" />
  <Point X="124.84473411764239" Y="74.31053176471522" />
  <Point X="124.0" Y="76.0" />
  <Point X="123.0" Y="77.0" />
  <Point X="123.0" Y="78.0" />
  <Point X="122.0" Y="79.0" />
  <Point X="121.0009040429965" Y="79.9990959570035" />
  <Point X="121.0" Y="80.0" />
  <Point X="120.0" Y="81.0" />
  <Point X="120.0" Y="82.0" />
  <Point X="118.0" Y="83.0" />
  <Point X="118.0" Y="84.0" />
  <Point X="117.0" Y="85.0" />
  <Point X="117.0" Y="85.06447147510177" />
  <Point X="117.0" Y="87.0" />
  <Point X="115.0" Y="88.0" />
  <Point X="115.0" Y="90.0" />
  <Point X="114.04135141518366" Y="90.0" />
  <Point X="114.0" Y="90.0" />
  <Point X="113.0" Y="92.0" />
  <Point X="112.0" Y="93.0" />
  <Point X="112.0" Y="94.0" />
  <Point X="110.0" Y="95.0" />
  <Point X="110.0" Y="95.20254415465803" />
  <Point X="110.0" Y="96.0" />
  <Point X="109.0" Y="97.0" />
  <Point X="109.0" Y="98.0" />
  <Point X="108.0" Y="99.0" />
  <Point X="107.0" Y="100.0" />
  <Point X="106.22914856443336" Y="100.77085143556664" />
  <Point X="106.0" Y="101.0" />
  <Point X="106.0" Y="102.0" />
  <Point X="106.0" Y="103.0" />
  <Point X="104.0" Y="103.0" />
  <Point X="104.0" Y="104.0" />
  <Point X="103.0" Y="105.0" />
  <Point X="102.72283781767476" Y="105.27716218232524" />
  <Point X="102.0" Y="106.0" />
  <Point X="102.0" Y="107.0" />
  <Point X="101.0" Y="108.0" />
  <Point X="100.0" Y="109.0" />
  <Point X="99.0" Y="111.0" />
  <Point X="98.96923877625416" Y="111.03076122374584" />
  <Point X="98.0" Y="112.0" />
  <Point X="97.0" Y="113.0" />
  <Point X="96.0" Y="114.0" />
  <Point X="96.0" Y="115.0" />
  <Point X="95.0" Y="115.0" />
  <Point X="95.0" Y="115.93110733991163" />
  <Point X="95.0" Y="116.0" />
  <Point X="95.0" Y="117.0" />
  <Point X="94.0" Y="117.0" />
  <Point X="93.0" Y="119.0" />
  <Point X="92.0" Y="119.0" />
  <Point X="92.0" Y="120.0" />
  <Point X="91.4164357692615" Y="120.5835642307385" />
  <Point X="91.0" Y="121.0" />
  <Point X="91.0" Y="122.0" />
  <Point X="89.0" Y="122.0" />
  <Point X="89.0" Y="123.0" />
  <Point X="89.0" Y="124.0" />
  <Point X="87.62140508251376" Y="124.68929745874313" />
  <Point X="87.0" Y="125.0" />
  <Point X="87.0" Y="126.0" />
  <Point X="86.0" Y="127.0" />
  <Point X="85.0" Y="129.0" />
  <Point X="84.0" Y="129.0" />
  <Point X="84.0" Y="129.78521154430916" />
  <Point X="84.0" Y="130.0" />
  <Point X="83.0" Y="131.0" />
  <Point X="83.0" Y="132.0" />
  <Point X="82.0" Y="132.0" />
  <Point X="81.0" Y="133.0" />
  <Point X="81.0" Y="134.0" />
  <Point X="80.0" Y="134.0" />
  <Point X="80.0" Y="134.08702950677733" />
  <Point X="80.0" Y="135.0" />
  <Point X="79.0" Y="136.0" />
  <Point X="78.0" Y="138.0" />
  <Point X="77.0" Y="138.0" />
  <Point X="77.0" Y="139.0" />
  <Point X="77.0" Y="139.5669930541188" />
  <Point X="77.0" Y="140.0" />
  <Point X="76.0" Y="140.0" />
  <Point X="76.0" Y="141.0" />
  <Point X="76.0" Y="142.0" />
  <Point X="75.0" Y="142.0" />
  <Point X="75.0" Y="143.0" />
  <Point X="74.0" Y="143.0" />
  <Point X="74.0" Y="143.69723814133314" />
  <Point X="74.0" Y="144.0" />
  <Point X="74.0" Y="145.0" />
  <Point X="73.0" Y="145.0" />
  <Point X="73.0" Y="146.0" />
  <Point X="73.0" Y="147.0" />
  <Point X="72.0" Y="147.0" />
  <Point X="72.0" Y="148.0" />
  <Point X="72.0" Y="148.8274832285475" />
  <Point X="72.0" Y="149.0" />
  <Point X="72.0" Y="150.0" />
  <Point X="71.0" Y="151.0" />
  <Point X="71.0" Y="152.0" />
  <Point X="70.0" Y="152.0" />
  <Point X="70.0" Y="153.0" />
  <Point X="70.0" Y="154.0" />
  <Point X="69.45648524661124" Y="154.0" />
  <Point X="69.0" Y="154.0" />
  <Point X="69.0" Y="155.0" />
  <Point X="68.0" Y="155.0" />
  <Point X="68.0" Y="156.0" />
  <Point X="67.0" Y="156.0" />
  <Point X="67.0" Y="157.0" />
  <Point X="67.0" Y="158.0" />
  <Point X="67.0" Y="157.3262401593969" />
  <Point X="67.0" Y="157.0" />
  <Point X="67.0" Y="156.0" />
  <Point X="67.0" Y="155.0" />
  <Point X="67.0" Y="154.0" />
  <Point X="67.0" Y="153.0" />
  <Point X="67.0" Y="152.0" />
  <Point X="67.0" Y="151.0" />
  <Point X="67.0" Y="150.19599507218254" />
  <Point X="67.0" Y="150.0" />
  <Point X="67.0" Y="149.0" />
  <Point X="67.0" Y="148.0" />
  <Point X="68.0" Y="148.0" />
  <Point X="68.0" Y="147.0" />
  <Point X="69.0" Y="147.0" />
  <Point X="69.0" Y="146.0" />
  <Point X="69.66061452095263" Y="145.33938547904737" />
  <Point X="70.0" Y="145.0" />
  <Point X="70.0" Y="144.0" />
  <Point X="72.0" Y="143.0" />
  <Point X="72.0" Y="142.0" />
  <Point X="73.0" Y="141.0" />
  <Point X="73.0" Y="140.0" />
</Project_1_Part_4>
