<?xml version="1.0" encoding="utf-8" standalone="yes"?>
<Gesture Name="x8" Subject="2" Number="2" NumPts="420">
  <Point X="221.0" Y="17.0" />
  <Point X="221.0" Y="18.0" />
  <Point X="213.19569164583928" Y="20.38603057961602" />
  <Point X="204.43507901769945" Y="23.064434440448576" />
  <Point X="195.67446638955963" Y="25.742838301281132" />
  <Point X="186.9138537614198" Y="28.42124216211369" />
  <Point X="178.15324113327998" Y="31.099646022946246" />
  <Point X="169.39262850514015" Y="33.778049883778806" />
  <Point X="160.63201587700033" Y="36.456453744611366" />
  <Point X="151.8714032488605" Y="39.134857605443926" />
  <Point X="143.11079062072068" Y="41.81326146627649" />
  <Point X="134.35017799258085" Y="44.49166532710904" />
  <Point X="125.58956536444103" Y="47.17006918794159" />
  <Point X="116.8289527363012" Y="49.84847304877415" />
  <Point X="108.06834010816138" Y="52.52687690960671" />
  <Point X="99.30772748002155" Y="55.205280770439266" />
  <Point X="90.54711485188173" Y="57.88368463127183" />
  <Point X="81.7865022237419" Y="60.56208849210438" />
  <Point X="73.02588959560208" Y="63.24049235293694" />
  <Point X="64.26527696746226" Y="65.9188962137695" />
  <Point X="64.0" Y="66.0" />
  <Point X="65.0" Y="66.0" />
  <Point X="66.0" Y="66.0" />
  <Point X="67.0" Y="67.0" />
  <Point X="68.0" Y="67.0" />
  <Point X="68.0" Y="68.0" />
  <Point X="69.0" Y="68.0" />
  <Point X="70.0" Y="68.0" />
  <Point X="71.0" Y="69.0" />
  <Point X="71.0389473153331" Y="69.0389473153331" />
  <Point X="72.0" Y="70.0" />
  <Point X="73.0" Y="70.0" />
  <Point X="74.0" Y="71.0" />
  <Point X="75.0" Y="71.0" />
  <Point X="75.0" Y="72.0" />
  <Point X="76.0" Y="72.0" />
  <Point X="78.0" Y="73.0" />
  <Point X="78.0" Y="73.15148974349609" />
  <Point X="78.0" Y="74.0" />
  <Point X="79.0" Y="74.0" />
  <Point X="80.0" Y="75.0" />
  <Point X="81.0" Y="76.0" />
  <Point X="82.0" Y="76.0" />
  <Point X="82.0" Y="77.0" />
  <Point X="83.0" Y="77.0" />
  <Point X="84.0" Y="78.0" />
  <Point X="84.04932358337712" Y="78.04932358337712" />
  <Point X="85.0" Y="79.0" />
  <Point X="86.0" Y="80.0" />
  <Point X="87.0" Y="80.0" />
  <Point X="87.0" Y="81.0" />
  <Point X="89.0" Y="82.0" />
  <Point X="90.0" Y="83.0" />
  <Point X="90.67256491992558" Y="83.33628245996279" />
  <Point X="92.0" Y="84.0" />
  <Point X="92.0" Y="85.0" />
  <Point X="93.0" Y="85.0" />
  <Point X="94.0" Y="86.0" />
  <Point X="94.0" Y="87.0" />
  <Point X="95.0" Y="87.0" />
  <Point X="96.0" Y="88.0" />
  <Point X="96.59988136489658" Y="88.59988136489658" />
  <Point X="97.0" Y="89.0" />
  <Point X="97.0" Y="90.0" />
  <Point X="98.0" Y="90.0" />
  <Point X="99.0" Y="91.0" />
  <Point X="100.0" Y="92.0" />
  <Point X="101.0" Y="93.0" />
  <Point X="102.0" Y="94.0" />
  <Point X="102.66340586692705" Y="94.66340586692705" />
  <Point X="103.0" Y="95.0" />
  <Point X="104.0" Y="96.0" />
  <Point X="106.0" Y="97.0" />
  <Point X="106.0" Y="98.0" />
  <Point X="107.0" Y="99.0" />
  <Point X="108.0" Y="100.0" />
  <Point X="108.85289832005988" Y="100.85289832005988" />
  <Point X="109.0" Y="101.0" />
  <Point X="110.0" Y="102.0" />
  <Point X="111.0" Y="103.0" />
  <Point X="111.0" Y="104.0" />
  <Point X="113.0" Y="105.0" />
  <Point X="113.0" Y="106.0" />
  <Point X="114.0" Y="107.0" />
  <Point X="114.0" Y="107.4741631687417" />
  <Point X="114.0" Y="108.0" />
  <Point X="115.0" Y="108.0" />
  <Point X="116.0" Y="109.0" />
  <Point X="117.0" Y="110.0" />
  <Point X="117.0" Y="111.0" />
  <Point X="118.0" Y="112.0" />
  <Point X="119.0" Y="113.0" />
  <Point X="119.69170171285008" Y="113.69170171285008" />
  <Point X="120.0" Y="114.0" />
  <Point X="120.0" Y="115.0" />
  <Point X="122.0" Y="116.0" />
  <Point X="122.0" Y="117.0" />
  <Point X="123.0" Y="118.0" />
  <Point X="124.0" Y="118.0" />
  <Point X="124.0" Y="119.0" />
  <Point X="124.75987382242326" Y="119.75987382242326" />
  <Point X="125.0" Y="120.0" />
  <Point X="125.0" Y="121.0" />
  <Point X="126.0" Y="121.0" />
  <Point X="127.0" Y="122.0" />
  <Point X="128.0" Y="123.0" />
  <Point X="128.0" Y="124.0" />
  <Point X="129.0" Y="125.0" />
  <Point X="129.0" Y="126.0" />
  <Point X="129.40918476208063" Y="126.40918476208063" />
  <Point X="130.0" Y="127.0" />
  <Point X="131.0" Y="127.0" />
  <Point X="131.0" Y="128.0" />
  <Point X="132.0" Y="129.0" />
  <Point X="132.0" Y="130.0" />
  <Point X="133.0" Y="131.0" />
  <Point X="133.0" Y="132.0" />
  <Point X="134.0" Y="132.0" />
  <Point X="134.35138892055144" Y="132.35138892055144" />
  <Point X="135.0" Y="133.0" />
  <Point X="135.0" Y="134.0" />
  <Point X="136.0" Y="135.0" />
  <Point X="136.0" Y="136.0" />
  <Point X="137.0" Y="136.0" />
  <Point X="137.0" Y="137.0" />
  <Point X="138.0" Y="138.0" />
  <Point X="138.0" Y="139.0" />
  <Point X="138.41520331417217" Y="139.0" />
  <Point X="139.0" Y="139.0" />
  <Point X="139.0" Y="140.0" />
  <Point X="140.0" Y="141.0" />
  <Point X="140.0" Y="142.0" />
  <Point X="140.0" Y="143.0" />
  <Point X="141.0" Y="143.0" />
  <Point X="141.0" Y="144.0" />
  <Point X="141.0" Y="145.0" />
  <Point X="141.82158367512" Y="145.82158367512" />
  <Point X="142.0" Y="146.0" />
  <Point X="143.0" Y="147.0" />
  <Point X="143.0" Y="148.0" />
  <Point X="143.0" Y="149.0" />
  <Point X="143.0" Y="150.0" />
  <Point X="144.0" Y="151.0" />
  <Point X="144.0" Y="152.0" />
  <Point X="144.0" Y="153.0" />
  <Point X="145.0" Y="153.0" />
  <Point X="145.0" Y="153.0801591130397" />
  <Point X="145.0" Y="154.0" />
  <Point X="145.0" Y="155.0" />
  <Point X="146.0" Y="155.0" />
  <Point X="146.0" Y="156.0" />
  <Point X="146.0" Y="157.0" />
  <Point X="147.0" Y="157.0" />
  <Point X="147.0" Y="158.0" />
  <Point X="147.0" Y="159.0" />
  <Point X="148.0" Y="159.0" />
  <Point X="148.0" Y="159.24106413721967" />
  <Point X="148.0" Y="160.0" />
  <Point X="148.0" Y="161.0" />
  <Point X="149.0" Y="161.0" />
  <Point X="149.0" Y="160.0" />
  <Point X="149.0" Y="159.0" />
  <Point X="149.0" Y="158.0" />
  <Point X="149.0" Y="157.0" />
  <Point X="149.0" Y="156.0" />
  <Point X="149.0" Y="155.0" />
  <Point X="149.0" Y="154.59803083860038" />
  <Point X="149.0" Y="154.0" />
  <Point X="148.0" Y="153.0" />
  <Point X="148.0" Y="152.0" />
  <Point X="148.0" Y="151.0" />
  <Point X="147.0" Y="150.0" />
  <Point X="147.0" Y="149.0" />
  <Point X="147.0" Y="148.0" />
  <Point X="147.0" Y="147.0" />
  <Point X="147.0" Y="146.2655529391666" />
  <Point X="147.0" Y="146.0" />
  <Point X="147.0" Y="145.0" />
  <Point X="147.0" Y="144.0" />
  <Point X="147.0" Y="143.0" />
  <Point X="147.0" Y="142.0" />
  <Point X="147.0" Y="141.0" />
  <Point X="147.0" Y="140.0" />
  <Point X="147.0" Y="139.0" />
  <Point X="147.0" Y="138.0" />
  <Point X="147.0" Y="137.10464791498666" />
  <Point X="147.0" Y="137.0" />
  <Point X="147.0" Y="136.0" />
  <Point X="147.0" Y="135.0" />
  <Point X="147.0" Y="134.0" />
  <Point X="147.0" Y="133.0" />
  <Point X="147.0" Y="132.0" />
  <Point X="147.0" Y="131.0" />
  <Point X="147.0" Y="130.0" />
  <Point X="147.0" Y="128.0" />
  <Point X="147.0" Y="127.9437428908067" />
  <Point X="147.0" Y="127.0" />
  <Point X="147.0" Y="126.0" />
  <Point X="147.0" Y="124.0" />
  <Point X="146.0" Y="122.0" />
  <Point X="146.0" Y="121.0" />
  <Point X="146.0" Y="120.0" />
  <Point X="146.0" Y="119.01890584412654" />
  <Point X="146.0" Y="119.0" />
  <Point X="146.0" Y="118.0" />
  <Point X="146.0" Y="117.0" />
  <Point X="146.0" Y="116.0" />
  <Point X="146.0" Y="115.0" />
  <Point X="146.0" Y="114.0" />
  <Point X="146.0" Y="112.0" />
  <Point X="146.0" Y="110.0" />
  <Point X="146.0" Y="109.85800081994657" />
  <Point X="146.0" Y="109.0" />
  <Point X="146.0" Y="108.0" />
  <Point X="146.0" Y="107.0" />
  <Point X="146.0" Y="106.0" />
  <Point X="146.0" Y="105.0" />
  <Point X="146.0" Y="104.0" />
  <Point X="146.0" Y="102.0" />
  <Point X="147.0" Y="102.0" />
  <Point X="147.0" Y="101.69709579576661" />
  <Point X="147.0" Y="101.0" />
  <Point X="147.0" Y="100.0" />
  <Point X="147.0" Y="99.0" />
  <Point X="147.0" Y="98.0" />
  <Point X="147.0" Y="97.0" />
  <Point X="147.0" Y="96.0" />
  <Point X="147.0" Y="95.0" />
  <Point X="148.0" Y="95.0" />
  <Point X="148.0" Y="94.0" />
  <Point X="148.0" Y="93.53619077158666" />
  <Point X="148.0" Y="93.0" />
  <Point X="148.0" Y="92.0" />
  <Point X="148.0" Y="91.0" />
  <Point X="148.0" Y="90.0" />
  <Point X="149.0" Y="88.0" />
  <Point X="149.0" Y="87.0" />
  <Point X="149.0" Y="86.0" />
  <Point X="149.0" Y="85.0" />
  <Point X="149.0" Y="84.6113537249065" />
  <Point X="149.0" Y="84.0" />
  <Point X="150.0" Y="84.0" />
  <Point X="150.0" Y="83.0" />
  <Point X="150.0" Y="82.0" />
  <Point X="150.0" Y="81.0" />
  <Point X="151.0" Y="80.0" />
  <Point X="151.0" Y="79.0" />
  <Point X="152.0" Y="79.0" />
  <Point X="152.0" Y="78.0" />
  <Point X="152.0" Y="77.86466226309963" />
  <Point X="152.0" Y="77.0" />
  <Point X="152.0" Y="76.0" />
  <Point X="152.0" Y="75.0" />
  <Point X="153.0" Y="75.0" />
  <Point X="153.0" Y="74.0" />
  <Point X="153.0" Y="73.0" />
  <Point X="154.0" Y="73.0" />
  <Point X="154.0" Y="72.0" />
  <Point X="154.0" Y="71.0" />
  <Point X="154.0" Y="70.70375723891968" />
  <Point X="154.0" Y="70.0" />
  <Point X="154.0" Y="69.0" />
  <Point X="155.0" Y="69.0" />
  <Point X="154.0" Y="69.0" />
  <Point X="153.0" Y="69.0" />
  <Point X="152.0" Y="69.0" />
  <Point X="151.0" Y="69.0" />
  <Point X="151.0" Y="70.0" />
  <Point X="150.0" Y="70.0" />
  <Point X="150.0" Y="70.45714778526028" />
  <Point X="150.0" Y="71.0" />
  <Point X="149.0" Y="71.0" />
  <Point X="149.0" Y="72.0" />
  <Point X="148.0" Y="72.0" />
  <Point X="147.0" Y="72.0" />
  <Point X="147.0" Y="73.0" />
  <Point X="146.0" Y="73.0" />
  <Point X="145.0" Y="74.0" />
  <Point X="144.14875710494033" Y="74.85124289505968" />
  <Point X="144.0" Y="75.0" />
  <Point X="143.0" Y="75.0" />
  <Point X="142.0" Y="76.0" />
  <Point X="142.0" Y="77.0" />
  <Point X="141.0" Y="77.0" />
  <Point X="141.0" Y="78.0" />
  <Point X="139.0" Y="78.0" />
  <Point X="139.0" Y="79.0" />
  <Point X="138.6207665088426" Y="79.37923349115741" />
  <Point X="138.0" Y="80.0" />
  <Point X="137.0" Y="81.0" />
  <Point X="135.0" Y="82.0" />
  <Point X="135.0" Y="83.0" />
  <Point X="134.0" Y="83.0" />
  <Point X="134.0" Y="84.0" />
  <Point X="133.0" Y="84.0" />
  <Point X="132.5525943992694" Y="84.44740560073059" />
  <Point X="132.0" Y="85.0" />
  <Point X="131.0" Y="86.0" />
  <Point X="131.0" Y="87.0" />
  <Point X="131.0" Y="88.0" />
  <Point X="130.0" Y="88.0" />
  <Point X="130.0" Y="89.0" />
  <Point X="128.0" Y="90.0" />
  <Point X="127.67392002492512" Y="90.65215995014977" />
  <Point X="127.0" Y="92.0" />
  <Point X="125.0" Y="94.0" />
  <Point X="124.0" Y="95.0" />
  <Point X="124.0" Y="96.0" />
  <Point X="123.0" Y="96.0" />
  <Point X="122.36883253812891" Y="97.26233492374217" />
  <Point X="122.0" Y="98.0" />
  <Point X="121.0" Y="98.0" />
  <Point X="120.0" Y="99.0" />
  <Point X="120.0" Y="100.0" />
  <Point X="119.0" Y="100.0" />
  <Point X="119.0" Y="101.0" />
  <Point X="118.0" Y="103.0" />
  <Point X="117.31411114326296" Y="103.0" />
  <Point X="117.0" Y="103.0" />
  <Point X="117.0" Y="104.0" />
  <Point X="116.0" Y="104.0" />
  <Point X="116.0" Y="105.0" />
  <Point X="115.0" Y="106.0" />
  <Point X="114.0" Y="107.0" />
  <Point X="113.0" Y="108.0" />
  <Point X="112.0" Y="109.0" />
  <Point X="112.0" Y="109.18993963142462" />
  <Point X="112.0" Y="111.0" />
  <Point X="111.0" Y="111.0" />
  <Point X="110.0" Y="112.0" />
  <Point X="109.0" Y="113.0" />
  <Point X="109.0" Y="114.0" />
  <Point X="108.0" Y="114.0" />
  <Point X="107.0" Y="115.0" />
  <Point X="107.0" Y="115.1082039684853" />
  <Point X="107.0" Y="116.0" />
  <Point X="106.0" Y="116.0" />
  <Point X="106.0" Y="117.0" />
  <Point X="105.0" Y="118.0" />
  <Point X="105.0" Y="119.0" />
  <Point X="104.0" Y="120.0" />
  <Point X="103.0" Y="120.0" />
  <Point X="103.0" Y="121.0" />
  <Point X="102.68839086284846" Y="121.31160913715154" />
  <Point X="102.0" Y="122.0" />
  <Point X="102.0" Y="123.0" />
  <Point X="101.0" Y="123.0" />
  <Point X="101.0" Y="124.0" />
  <Point X="100.0" Y="125.0" />
  <Point X="99.0" Y="125.0" />
  <Point X="99.0" Y="126.0" />
  <Point X="98.0" Y="126.0" />
  <Point X="98.0" Y="126.77315976735285" />
  <Point X="98.0" Y="127.0" />
  <Point X="97.0" Y="128.0" />
  <Point X="97.0" Y="129.0" />
  <Point X="96.0" Y="129.0" />
  <Point X="95.0" Y="130.0" />
  <Point X="95.0" Y="131.0" />
  <Point X="94.0" Y="131.0" />
  <Point X="94.0" Y="132.0" />
  <Point X="93.0" Y="132.0" />
  <Point X="93.0" Y="132.10563766678663" />
  <Point X="93.0" Y="133.0" />
  <Point X="93.0" Y="134.0" />
  <Point X="92.0" Y="134.0" />
  <Point X="91.0" Y="135.0" />
  <Point X="90.0" Y="135.0" />
  <Point X="90.0" Y="136.0" />
  <Point X="89.0" Y="136.0" />
  <Point X="89.0" Y="137.0" />
  <Point X="89.0" Y="137.8523291285935" />
  <Point X="89.0" Y="138.0" />
  <Point X="88.0" Y="138.0" />
  <Point X="87.0" Y="138.0" />
  <Point X="87.0" Y="139.0" />
  <Point X="86.0" Y="139.0" />
  <Point X="86.0" Y="140.0" />
  <Point X="85.0" Y="141.0" />
  <Point X="85.0" Y="142.0" />
  <Point X="84.0" Y="142.0" />
  <Point X="83.57642847845753" Y="142.42357152154247" />
  <Point X="83.0" Y="143.0" />
  <Point X="83.0" Y="144.0" />
  <Point X="82.0" Y="144.0" />
  <Point X="81.0" Y="145.0" />
  <Point X="81.0" Y="146.0" />
  <Point X="80.0" Y="146.0" />
  <Point X="80.0" Y="147.0" />
  <Point X="80.0" Y="148.0" />
  <Point X="79.06850151016586" Y="148.0" />
  <Point X="79.0" Y="148.0" />
  <Point X="78.0" Y="148.0" />
  <Point X="77.0" Y="149.0" />
  <Point X="77.0" Y="150.0" />
  <Point X="76.0" Y="150.0" />
  <Point X="76.0" Y="151.0" />
  <Point X="76.0" Y="152.0" />
  <Point X="75.0" Y="152.0" />
  <Point X="74.0" Y="152.0" />
  <Point X="74.0" Y="152.678189951641" />
  <Point X="74.0" Y="153.0" />
  <Point X="74.0" Y="152.0" />
  <Point X="74.0" Y="151.0" />
  <Point X="74.0" Y="150.0" />
  <Point X="74.0" Y="149.0" />
  <Point X="74.0" Y="148.0" />
  <Point X="74.0" Y="147.0" />
  <Point X="74.0" Y="146.0" />
  <Point X="74.0" Y="145.0" />
  <Point X="74.0" Y="144.16090502417904" />
  <Point X="74.0" Y="144.0" />
  <Point X="74.0" Y="143.0" />
  <Point X="75.0" Y="143.0" />
  <Point X="75.0" Y="141.0" />
  <Point X="76.0" Y="141.0" />
  <Point X="76.0" Y="140.0" />
  <Point X="76.0" Y="139.0" />
  <Point X="76.0" Y="138.0" />
  <Point X="77.0" Y="138.0" />
</Project_1_Part_4>
