<?xml version="1.0" encoding="utf-8" standalone="yes"?>
<Gesture Name="zig_zag7" Subject="2" Number="2" NumPts="499">
  <Point X="49.0" Y="161.0" />
  <Point X="49.0" Y="160.0" />
  <Point X="49.0" Y="159.0" />
  <Point X="49.0" Y="158.0" />
  <Point X="50.0" Y="158.0" />
  <Point X="50.0" Y="157.0" />
  <Point X="50.0" Y="156.0" />
  <Point X="51.0" Y="156.0" />
  <Point X="51.0" Y="155.0" />
  <Point X="51.37436431790697" Y="154.62563568209302" />
  <Point X="52.0" Y="154.0" />
  <Point X="52.0" Y="153.0" />
  <Point X="53.0" Y="153.0" />
  <Point X="53.0" Y="152.0" />
  <Point X="54.0" Y="151.0" />
  <Point X="55.0" Y="150.0" />
  <Point X="55.0" Y="149.0" />
  <Point X="55.8162215041859" Y="149.0" />
  <Point X="56.0" Y="149.0" />
  <Point X="56.0" Y="148.0" />
  <Point X="57.0" Y="147.0" />
  <Point X="57.0" Y="146.0" />
  <Point X="58.0" Y="145.0" />
  <Point X="59.0" Y="144.0" />
  <Point X="59.0" Y="143.0" />
  <Point X="60.0" Y="143.0" />
  <Point X="60.0" Y="142.8969880872808" />
  <Point X="60.0" Y="142.0" />
  <Point X="60.0" Y="141.0" />
  <Point X="62.0" Y="140.0" />
  <Point X="62.0" Y="139.0" />
  <Point X="63.0" Y="138.0" />
  <Point X="64.0" Y="138.0" />
  <Point X="64.0" Y="137.0178385315011" />
  <Point X="64.0" Y="137.0" />
  <Point X="65.0" Y="135.0" />
  <Point X="66.0" Y="134.0" />
  <Point X="67.0" Y="133.0" />
  <Point X="67.0" Y="132.0" />
  <Point X="68.0" Y="131.0" />
  <Point X="68.73035920953777" Y="130.26964079046223" />
  <Point X="69.0" Y="130.0" />
  <Point X="69.0" Y="129.0" />
  <Point X="71.0" Y="128.0" />
  <Point X="72.0" Y="127.0" />
  <Point X="73.0" Y="126.0" />
  <Point X="73.0" Y="125.0" />
  <Point X="73.76622538447982" Y="124.23377461552018" />
  <Point X="74.0" Y="124.0" />
  <Point X="75.0" Y="122.0" />
  <Point X="76.0" Y="122.0" />
  <Point X="77.0" Y="120.0" />
  <Point X="78.0" Y="120.0" />
  <Point X="78.0" Y="118.27331209115418" />
  <Point X="78.0" Y="118.0" />
  <Point X="79.0" Y="117.0" />
  <Point X="80.0" Y="115.0" />
  <Point X="81.0" Y="115.0" />
  <Point X="82.0" Y="114.0" />
  <Point X="82.98012400530996" Y="112.0397519893801" />
  <Point X="83.0" Y="112.0" />
  <Point X="83.0" Y="111.0" />
  <Point X="85.0" Y="109.0" />
  <Point X="85.0" Y="108.0" />
  <Point X="86.0" Y="107.0" />
  <Point X="87.0" Y="105.0" />
  <Point X="87.00627835578615" Y="105.0" />
  <Point X="88.0" Y="105.0" />
  <Point X="89.0" Y="103.0" />
  <Point X="90.0" Y="102.0" />
  <Point X="90.0" Y="101.0" />
  <Point X="91.0" Y="100.0" />
  <Point X="91.0" Y="99.0" />
  <Point X="91.21073346335366" Y="98.57853307329268" />
  <Point X="92.0" Y="97.0" />
  <Point X="93.0" Y="97.0" />
  <Point X="94.0" Y="96.0" />
  <Point X="95.0" Y="95.0" />
  <Point X="95.0" Y="94.0" />
  <Point X="95.86587275614234" Y="92.26825448771534" />
  <Point X="96.0" Y="92.0" />
  <Point X="97.0" Y="91.0" />
  <Point X="98.0" Y="90.0" />
  <Point X="98.0" Y="89.0" />
  <Point X="99.0" Y="88.0" />
  <Point X="100.0" Y="86.0" />
  <Point X="100.75080479613307" Y="86.0" />
  <Point X="101.0" Y="86.0" />
  <Point X="101.0" Y="85.0" />
  <Point X="102.0" Y="84.0" />
  <Point X="103.0" Y="83.0" />
  <Point X="103.0" Y="82.0" />
  <Point X="103.0" Y="81.0" />
  <Point X="104.0" Y="81.0" />
  <Point X="104.0" Y="80.0" />
  <Point X="104.31947704297313" Y="79.68052295702687" />
  <Point X="105.0" Y="79.0" />
  <Point X="106.0" Y="78.0" />
  <Point X="106.0" Y="77.0" />
  <Point X="107.0" Y="77.0" />
  <Point X="107.0" Y="76.0" />
  <Point X="108.0" Y="76.0" />
  <Point X="108.96276712497487" Y="74.07446575005025" />
  <Point X="109.0" Y="74.0" />
  <Point X="110.0" Y="72.0" />
  <Point X="110.0" Y="71.0" />
  <Point X="111.0" Y="71.0" />
  <Point X="112.0" Y="70.0" />
  <Point X="112.0" Y="69.0" />
  <Point X="113.0" Y="68.0" />
  <Point X="113.26988904929762" Y="67.73011095070238" />
  <Point X="114.0" Y="67.0" />
  <Point X="114.0" Y="66.0" />
  <Point X="115.0" Y="66.0" />
  <Point X="115.0" Y="65.0" />
  <Point X="116.0" Y="65.0" />
  <Point X="116.0" Y="64.0" />
  <Point X="117.0" Y="63.0" />
  <Point X="117.0" Y="64.0" />
  <Point X="117.0" Y="64.08268472475906" />
  <Point X="117.0" Y="65.0" />
  <Point X="117.0" Y="66.0" />
  <Point X="117.0" Y="67.0" />
  <Point X="117.0" Y="68.0" />
  <Point X="117.0" Y="69.0" />
  <Point X="117.0" Y="70.0" />
  <Point X="117.0" Y="71.0" />
  <Point X="117.0" Y="72.0" />
  <Point X="117.0" Y="72.61211582041165" />
  <Point X="117.0" Y="74.0" />
  <Point X="117.0" Y="75.0" />
  <Point X="117.0" Y="76.0" />
  <Point X="117.0" Y="77.0" />
  <Point X="117.0" Y="78.0" />
  <Point X="117.0" Y="79.0" />
  <Point X="117.0" Y="80.0" />
  <Point X="117.0" Y="81.0" />
  <Point X="117.0" Y="81.14154691606423" />
  <Point X="117.0" Y="82.0" />
  <Point X="117.0" Y="83.0" />
  <Point X="116.0" Y="84.0" />
  <Point X="116.0" Y="85.0" />
  <Point X="116.0" Y="86.0" />
  <Point X="116.0" Y="87.0" />
  <Point X="116.0" Y="89.0" />
  <Point X="115.74323555065628" Y="89.0" />
  <Point X="115.0" Y="89.0" />
  <Point X="115.0" Y="90.0" />
  <Point X="115.0" Y="92.0" />
  <Point X="115.0" Y="94.0" />
  <Point X="114.0" Y="95.0" />
  <Point X="114.0" Y="96.37198198262321" />
  <Point X="114.0" Y="97.0" />
  <Point X="114.0" Y="98.0" />
  <Point X="114.0" Y="99.0" />
  <Point X="114.0" Y="100.0" />
  <Point X="113.0" Y="102.0" />
  <Point X="113.0" Y="103.0" />
  <Point X="113.0" Y="104.0" />
  <Point X="113.0" Y="104.66534510077601" />
  <Point X="113.0" Y="105.0" />
  <Point X="112.0" Y="107.0" />
  <Point X="112.0" Y="108.0" />
  <Point X="112.0" Y="109.0" />
  <Point X="112.0" Y="110.0" />
  <Point X="112.0" Y="111.0" />
  <Point X="112.0" Y="112.0" />
  <Point X="112.0" Y="112.9587082189288" />
  <Point X="112.0" Y="113.0" />
  <Point X="112.0" Y="114.0" />
  <Point X="111.0" Y="114.0" />
  <Point X="111.0" Y="115.0" />
  <Point X="111.0" Y="116.0" />
  <Point X="111.0" Y="117.0" />
  <Point X="111.0" Y="118.0" />
  <Point X="110.0" Y="119.0" />
  <Point X="110.0" Y="120.0" />
  <Point X="110.0" Y="120.0739257522083" />
  <Point X="110.0" Y="121.0" />
  <Point X="110.0" Y="122.0" />
  <Point X="110.0" Y="123.0" />
  <Point X="109.0" Y="124.0" />
  <Point X="109.0" Y="126.0" />
  <Point X="109.0" Y="127.0" />
  <Point X="109.0" Y="128.0" />
  <Point X="109.0" Y="128.18914328548777" />
  <Point X="109.0" Y="129.0" />
  <Point X="109.0" Y="130.0" />
  <Point X="108.0" Y="131.0" />
  <Point X="108.0" Y="132.0" />
  <Point X="108.0" Y="133.0" />
  <Point X="108.0" Y="134.0" />
  <Point X="108.0" Y="135.0" />
  <Point X="107.0" Y="135.0" />
  <Point X="107.0" Y="135.30436081876726" />
  <Point X="107.0" Y="136.0" />
  <Point X="107.0" Y="137.0" />
  <Point X="107.0" Y="138.0" />
  <Point X="107.0" Y="139.0" />
  <Point X="107.0" Y="140.0" />
  <Point X="107.0" Y="141.0" />
  <Point X="107.0" Y="142.0" />
  <Point X="107.0" Y="143.0" />
  <Point X="107.0" Y="143.83379191441986" />
  <Point X="107.0" Y="144.0" />
  <Point X="107.0" Y="145.0" />
  <Point X="107.0" Y="146.0" />
  <Point X="107.0" Y="145.0" />
  <Point X="107.0" Y="144.0" />
  <Point X="107.0" Y="143.0" />
  <Point X="108.0" Y="143.0" />
  <Point X="108.0" Y="142.0" />
  <Point X="108.0" Y="141.0" />
  <Point X="108.36322301007245" Y="141.0" />
  <Point X="109.0" Y="141.0" />
  <Point X="109.0" Y="140.0" />
  <Point X="110.0" Y="139.0" />
  <Point X="110.0" Y="138.0" />
  <Point X="111.0" Y="138.0" />
  <Point X="111.0" Y="137.0" />
  <Point X="112.0" Y="136.0" />
  <Point X="112.75252211497182" Y="135.24747788502816" />
  <Point X="113.0" Y="135.0" />
  <Point X="114.0" Y="133.0" />
  <Point X="115.0" Y="132.0" />
  <Point X="116.0" Y="132.0" />
  <Point X="116.0" Y="131.0" />
  <Point X="116.0" Y="130.0" />
  <Point X="117.0" Y="129.0" />
  <Point X="117.08128150872734" Y="128.91871849127264" />
  <Point X="118.0" Y="128.0" />
  <Point X="118.0" Y="127.0" />
  <Point X="119.0" Y="127.0" />
  <Point X="120.0" Y="126.0" />
  <Point X="121.0" Y="125.0" />
  <Point X="121.0" Y="124.0" />
  <Point X="121.99117973256705" Y="123.00882026743295" />
  <Point X="122.0" Y="123.0" />
  <Point X="123.0" Y="121.0" />
  <Point X="124.0" Y="121.0" />
  <Point X="125.0" Y="119.0" />
  <Point X="126.0" Y="119.0" />
  <Point X="126.0" Y="117.0" />
  <Point X="126.04482139882556" Y="117.0" />
  <Point X="127.0" Y="117.0" />
  <Point X="127.0" Y="116.0" />
  <Point X="128.0" Y="115.0" />
  <Point X="129.0" Y="114.0" />
  <Point X="130.0" Y="113.0" />
  <Point X="131.0" Y="112.0" />
  <Point X="131.0" Y="111.08260175501424" />
  <Point X="131.0" Y="111.0" />
  <Point X="132.0" Y="110.0" />
  <Point X="133.0" Y="109.0" />
  <Point X="134.0" Y="108.0" />
  <Point X="135.0" Y="107.0" />
  <Point X="136.0" Y="106.0" />
  <Point X="136.0" Y="105.0" />
  <Point X="136.26570352510433" Y="104.73429647489567" />
  <Point X="137.0" Y="104.0" />
  <Point X="138.0" Y="103.0" />
  <Point X="139.0" Y="102.0" />
  <Point X="140.0" Y="100.0" />
  <Point X="141.0" Y="99.0" />
  <Point X="141.0" Y="98.0" />
  <Point X="141.0122703974333" Y="98.0" />
  <Point X="142.0" Y="98.0" />
  <Point X="142.0" Y="96.0" />
  <Point X="143.0" Y="96.0" />
  <Point X="143.0" Y="95.0" />
  <Point X="144.0" Y="95.0" />
  <Point X="145.0" Y="94.0" />
  <Point X="145.0" Y="93.0" />
  <Point X="145.1274879307128" Y="93.0" />
  <Point X="146.0" Y="93.0" />
  <Point X="146.0" Y="92.0" />
  <Point X="146.0" Y="91.0" />
  <Point X="148.0" Y="91.0" />
  <Point X="148.0" Y="90.0" />
  <Point X="148.0" Y="89.0" />
  <Point X="149.0" Y="89.0" />
  <Point X="149.0" Y="88.34308097363463" />
  <Point X="149.0" Y="88.0" />
  <Point X="150.0" Y="88.0" />
  <Point X="150.0" Y="87.0" />
  <Point X="151.0" Y="86.0" />
  <Point X="152.0" Y="86.0" />
  <Point X="152.0" Y="85.0" />
  <Point X="153.0" Y="85.0" />
  <Point X="153.0" Y="84.0" />
  <Point X="153.0" Y="83.22786344035514" />
  <Point X="153.0" Y="83.0" />
  <Point X="154.0" Y="83.0" />
  <Point X="154.0" Y="82.0" />
  <Point X="154.0" Y="83.0" />
  <Point X="154.0" Y="84.0" />
  <Point X="154.0" Y="85.0" />
  <Point X="154.0" Y="86.0" />
  <Point X="154.0" Y="87.0" />
  <Point X="154.0" Y="88.0" />
  <Point X="154.0" Y="88.30156765529745" />
  <Point X="154.0" Y="89.0" />
  <Point X="154.0" Y="90.0" />
  <Point X="154.0" Y="91.0" />
  <Point X="154.0" Y="92.0" />
  <Point X="154.0" Y="93.0" />
  <Point X="154.0" Y="94.0" />
  <Point X="154.0" Y="95.0" />
  <Point X="154.0" Y="96.0" />
  <Point X="154.0" Y="96.83099875095003" />
  <Point X="154.0" Y="97.0" />
  <Point X="154.0" Y="98.0" />
  <Point X="154.0" Y="99.0" />
  <Point X="154.0" Y="100.0" />
  <Point X="154.0" Y="101.0" />
  <Point X="154.0" Y="102.0" />
  <Point X="154.0" Y="103.0" />
  <Point X="154.0" Y="104.0" />
  <Point X="154.0" Y="105.0" />
  <Point X="154.0" Y="105.36042984660261" />
  <Point X="154.0" Y="106.0" />
  <Point X="154.0" Y="107.0" />
  <Point X="154.0" Y="108.0" />
  <Point X="154.0" Y="109.0" />
  <Point X="154.0" Y="110.0" />
  <Point X="154.0" Y="111.0" />
  <Point X="154.0" Y="112.0" />
  <Point X="154.0" Y="113.0" />
  <Point X="154.0" Y="113.8898609422552" />
  <Point X="154.0" Y="114.0" />
  <Point X="154.0" Y="115.0" />
  <Point X="154.0" Y="116.0" />
  <Point X="154.0" Y="118.0" />
  <Point X="154.0" Y="119.0" />
  <Point X="154.0" Y="120.0" />
  <Point X="154.0" Y="121.0" />
  <Point X="153.0" Y="122.0" />
  <Point X="153.0" Y="122.00507847553469" />
  <Point X="153.0" Y="123.0" />
  <Point X="153.0" Y="124.0" />
  <Point X="152.0" Y="125.0" />
  <Point X="152.0" Y="126.0" />
  <Point X="152.0" Y="127.0" />
  <Point X="152.0" Y="129.0" />
  <Point X="151.20783109523126" Y="129.79216890476874" />
  <Point X="151.0" Y="130.0" />
  <Point X="151.0" Y="131.0" />
  <Point X="151.0" Y="132.0" />
  <Point X="150.0" Y="133.0" />
  <Point X="150.0" Y="134.0" />
  <Point X="150.0" Y="135.0" />
  <Point X="149.0" Y="135.0" />
  <Point X="149.0" Y="136.0" />
  <Point X="149.0" Y="136.8212999797206" />
  <Point X="149.0" Y="137.0" />
  <Point X="149.0" Y="138.0" />
  <Point X="148.0" Y="138.0" />
  <Point X="148.0" Y="139.0" />
  <Point X="148.0" Y="140.0" />
  <Point X="148.0" Y="141.0" />
  <Point X="148.0" Y="142.0" />
  <Point X="148.0" Y="143.0" />
  <Point X="147.0" Y="143.0" />
  <Point X="147.0" Y="143.3507310753732" />
  <Point X="147.0" Y="144.0" />
  <Point X="147.0" Y="145.0" />
  <Point X="147.0" Y="146.0" />
  <Point X="147.0" Y="147.0" />
  <Point X="147.0" Y="148.0" />
  <Point X="147.0" Y="147.0" />
  <Point X="147.0" Y="146.0" />
  <Point X="147.0" Y="145.0" />
  <Point X="147.0" Y="144.1198378289742" />
  <Point X="147.0" Y="144.0" />
  <Point X="148.0" Y="144.0" />
  <Point X="148.0" Y="143.0" />
  <Point X="148.0" Y="142.0" />
  <Point X="149.0" Y="142.0" />
  <Point X="149.0" Y="141.0" />
  <Point X="150.0" Y="141.0" />
  <Point X="150.0" Y="140.0" />
  <Point X="150.9967329575832" Y="139.0032670424168" />
  <Point X="151.0" Y="139.0" />
  <Point X="151.0" Y="138.0" />
  <Point X="151.0" Y="137.0" />
  <Point X="152.0" Y="137.0" />
  <Point X="152.0" Y="136.0" />
  <Point X="153.0" Y="136.0" />
  <Point X="154.0" Y="134.0" />
  <Point X="154.0" Y="133.0" />
  <Point X="154.20417200777905" Y="132.79582799222095" />
  <Point X="155.0" Y="132.0" />
  <Point X="155.0" Y="131.0" />
  <Point X="156.0" Y="131.0" />
  <Point X="157.0" Y="130.0" />
  <Point X="157.0" Y="129.0" />
  <Point X="158.0" Y="128.0" />
  <Point X="158.0" Y="127.0" />
  <Point X="158.40696345043222" Y="126.5930365495678" />
  <Point X="159.0" Y="126.0" />
  <Point X="160.0" Y="125.0" />
  <Point X="160.0" Y="124.0" />
  <Point X="161.0" Y="123.0" />
  <Point X="162.0" Y="122.0" />
  <Point X="162.0" Y="121.0" />
  <Point X="162.64761451428268" Y="119.70477097143464" />
  <Point X="163.0" Y="119.0" />
  <Point X="164.0" Y="119.0" />
  <Point X="164.0" Y="118.0" />
  <Point X="165.0" Y="117.0" />
  <Point X="166.0" Y="115.0" />
  <Point X="166.0" Y="113.0" />
  <Point X="166.0911916554315" Y="113.0" />
  <Point X="167.0" Y="113.0" />
  <Point X="168.0" Y="111.0" />
  <Point X="169.0" Y="108.0" />
  <Point X="170.987665076176" Y="107.006167461912" />
  <Point X="171.0" Y="107.0" />
  <Point X="171.0" Y="106.0" />
  <Point X="171.0" Y="105.0" />
  <Point X="172.0" Y="103.0" />
  <Point X="173.0" Y="102.0" />
  <Point X="175.0" Y="100.0" />
  <Point X="175.0" Y="99.96306843305037" />
  <Point X="175.0" Y="99.0" />
  <Point X="175.0" Y="98.0" />
  <Point X="177.0" Y="97.0" />
  <Point X="177.0" Y="96.0" />
  <Point X="178.0" Y="94.0" />
  <Point X="178.77373512510127" Y="93.22626487489875" />
  <Point X="179.0" Y="93.0" />
  <Point X="179.0" Y="92.0" />
  <Point X="180.0" Y="91.0" />
  <Point X="181.0" Y="90.0" />
  <Point X="182.0" Y="88.0" />
  <Point X="182.959250416454" Y="86.08149916709198" />
  <Point X="183.0" Y="86.0" />
  <Point X="185.0" Y="85.0" />
  <Point X="185.0" Y="83.0" />
  <Point X="186.0" Y="82.0" />
  <Point X="186.0" Y="81.0" />
  <Point X="186.0" Y="80.0" />
  <Point X="186.70483610055288" Y="79.64758194972356" />
  <Point X="188.0" Y="79.0" />
  <Point X="188.0" Y="78.0" />
  <Point X="189.0" Y="77.0" />
  <Point X="190.0" Y="76.0" />
  <Point X="190.0" Y="75.0" />
  <Point X="191.0" Y="73.0" />
  <Point X="191.0119492085725" Y="72.98805079142748" />
  <Point X="192.0" Y="72.0" />
  <Point X="193.0" Y="72.0" />
  <Point X="193.0" Y="70.0" />
  <Point X="194.0" Y="69.0" />
  <Point X="195.0" Y="67.0" />
  <Point X="195.48183472622947" Y="67.0" />
  <Point X="196.0" Y="67.0" />
  <Point X="196.0" Y="66.0" />
  <Point X="197.0" Y="65.0" />
  <Point X="197.0" Y="64.0" />
  <Point X="198.0" Y="64.0" />
  <Point X="199.0" Y="62.0" />
  <Point X="199.0" Y="61.0" />
  <Point X="199.36098428200916" Y="61.0" />
  <Point X="200.0" Y="61.0" />
  <Point X="200.0" Y="60.0" />
  <Point X="200.0" Y="59.0" />
  <Point X="201.0" Y="59.0" />
  <Point X="202.0" Y="58.0" />
  <Point X="202.0" Y="57.0" />
  <Point X="203.0" Y="57.0" />
  <Point X="203.0" Y="56.0" />
  <Point X="203.21296392599885" Y="55.574072148002315" />
  <Point X="204.0" Y="54.0" />
  <Point X="204.0" Y="53.0" />
  <Point X="204.0" Y="52.0" />
  <Point X="205.0" Y="52.0" />
  <Point X="206.0" Y="51.0" />
  <Point X="206.0" Y="50.0" />
  <Point X="207.0" Y="50.0" />
  <Point X="207.0" Y="49.64464862893165" />
  <Point X="207.0" Y="49.0" />
  <Point X="207.0" Y="48.0" />
  <Point X="208.0" Y="48.0" />
  <Point X="208.0" Y="47.0" />
  <Point X="208.0" Y="46.0" />
  <Point X="209.0" Y="46.0" />
  <Point X="209.0" Y="45.0" />
  <Point X="210.0" Y="44.0" />
  <Point X="210.0" Y="43.52943109565216" />
  <Point X="210.0" Y="43.0" />
  <Point X="211.0" Y="43.0" />
  <Point X="211.0" Y="42.0" />
  <Point X="211.0" Y="41.0" />
  <Point X="212.0" Y="41.0" />
  <Point X="212.0" Y="40.0" />
  <Point X="212.0" Y="39.0" />
  <Point X="213.0" Y="39.0" />
  <Point X="213.0" Y="38.0" />
</Project_1_Part_4>
