<?xml version="1.0" encoding="utf-8" standalone="yes"?>
<Gesture Name="arrow5" Subject="1" Number="1" NumPts="423">
  <Point X="139.0" Y="73.0" />
  <Point X="138.0" Y="73.0" />
  <Point X="138.0" Y="74.0" />
  <Point X="137.8106518700296" Y="74.18934812997038" />
  <Point X="137.0" Y="75.0" />
  <Point X="137.0" Y="76.0" />
  <Point X="136.87865617554488" Y="76.0" />
  <Point X="136.0" Y="76.0" />
  <Point X="136.0" Y="77.0" />
  <Point X="135.8880112065914" Y="77.0" />
  <Point X="135.61087748213077" Y="77.0" />
  <Point X="135.0" Y="77.0" />
  <Point X="135.0" Y="78.0" />
  <Point X="135.0" Y="78.65690121128333" />
  <Point X="135.0" Y="79.0" />
  <Point X="134.0" Y="79.0" />
  <Point X="134.0" Y="79.92467990469743" />
  <Point X="134.0" Y="80.0" />
  <Point X="133.0" Y="80.0" />
  <Point X="133.0" Y="80.63819114919033" />
  <Point X="133.0" Y="81.0" />
  <Point X="133.0" Y="81.19245859811153" />
  <Point X="133.0" Y="82.0" />
  <Point X="132.0" Y="82.0" />
  <Point X="131.6745630902073" Y="82.32543690979271" />
  <Point X="131.0" Y="83.0" />
  <Point X="131.0" Y="84.0" />
  <Point X="130.77810817905035" Y="84.22189182094964" />
  <Point X="130.0" Y="85.0" />
  <Point X="130.0" Y="85.33596638022587" />
  <Point X="130.0" Y="86.0" />
  <Point X="129.83263244639235" Y="86.0" />
  <Point X="129.0" Y="86.0" />
  <Point X="129.0" Y="87.0" />
  <Point X="128.69230513792303" Y="87.30769486207696" />
  <Point X="128.0" Y="88.0" />
  <Point X="127.0" Y="88.0" />
  <Point X="127.0" Y="88.28871137806277" />
  <Point X="127.0" Y="89.0" />
  <Point X="127.0" Y="89.4479551736345" />
  <Point X="127.0" Y="90.0" />
  <Point X="126.44350992852313" Y="90.0" />
  <Point X="126.0" Y="90.0" />
  <Point X="126.0" Y="91.0" />
  <Point X="126.0" Y="91.82426876489097" />
  <Point X="126.0" Y="92.0" />
  <Point X="125.0" Y="92.0" />
  <Point X="125.0" Y="93.0" />
  <Point X="124.90795254169493" Y="93.0" />
  <Point X="124.02584247058378" Y="93.0" />
  <Point X="124.0" Y="93.0" />
  <Point X="124.0" Y="94.0" />
  <Point X="123.64017384828082" Y="94.0" />
  <Point X="123.0" Y="94.0" />
  <Point X="123.0" Y="95.0" />
  <Point X="122.55621635810073" Y="95.44378364189927" />
  <Point X="122.0" Y="96.0" />
  <Point X="122.0" Y="97.0" />
  <Point X="121.51883002382571" Y="97.0" />
  <Point X="121.0" Y="97.0" />
  <Point X="121.0" Y="97.08614632282485" />
  <Point X="121.0" Y="98.0" />
  <Point X="120.25105133041161" Y="98.0" />
  <Point X="120.0" Y="98.0" />
  <Point X="120.0" Y="99.0" />
  <Point X="119.0" Y="99.0" />
  <Point X="119.0" Y="99.01672736300249" />
  <Point X="119.0" Y="100.0" />
  <Point X="119.0" Y="101.0" />
  <Point X="118.71549394358341" Y="101.0" />
  <Point X="118.38765132139343" Y="101.0" />
  <Point X="118.0" Y="101.0" />
  <Point X="118.0" Y="102.0" />
  <Point X="117.6094757082488" Y="102.3905242917512" />
  <Point X="117.0" Y="103.0" />
  <Point X="116.0059140159053" Y="103.9940859840947" />
  <Point X="116.0" Y="104.0" />
  <Point X="116.0" Y="105.0" />
  <Point X="115.0" Y="105.0" />
  <Point X="114.81656588593492" Y="105.18343411406508" />
  <Point X="114.78070928048399" Y="105.21929071951601" />
  <Point X="114.0" Y="106.0" />
  <Point X="114.0" Y="107.0" />
  <Point X="113.88701985704625" Y="107.0" />
  <Point X="113.0" Y="107.0" />
  <Point X="113.0" Y="108.0" />
  <Point X="112.61924116363215" Y="108.0" />
  <Point X="112.0" Y="108.0" />
  <Point X="112.0" Y="109.0" />
  <Point X="111.70152124524785" Y="109.29847875475215" />
  <Point X="111.5414147148372" Y="109.4585852851628" />
  <Point X="111.0" Y="110.0" />
  <Point X="110.0" Y="110.0" />
  <Point X="110.0" Y="110.50210266082297" />
  <Point X="110.0" Y="111.0" />
  <Point X="110.0" Y="112.0" />
  <Point X="109.23011864576293" Y="112.0" />
  <Point X="109.0" Y="112.0" />
  <Point X="109.0" Y="113.0" />
  <Point X="108.46589850354064" Y="113.0" />
  <Point X="108.0" Y="113.0" />
  <Point X="107.97337032492604" Y="113.02662967507396" />
  <Point X="107.0" Y="114.0" />
  <Point X="106.36980863258255" Y="114.63019136741745" />
  <Point X="106.0" Y="115.0" />
  <Point X="106.0" Y="116.0" />
  <Point X="105.47335372142561" Y="116.52664627857439" />
  <Point X="105.0" Y="117.0" />
  <Point X="104.18233683487821" Y="117.0" />
  <Point X="104.0" Y="117.0" />
  <Point X="104.0" Y="117.59835544077423" />
  <Point X="104.0" Y="118.0" />
  <Point X="103.0" Y="119.0" />
  <Point X="102.68044389911174" Y="119.31955610088826" />
  <Point X="102.0" Y="120.0" />
  <Point X="101.0" Y="120.0" />
  <Point X="101.0" Y="120.30548570285626" />
  <Point X="101.0" Y="121.0" />
  <Point X="100.63553001479325" Y="121.36446998520675" />
  <Point X="100.0" Y="122.0" />
  <Point X="99.84094916610273" Y="122.0" />
  <Point X="99.0" Y="122.0" />
  <Point X="99.0" Y="123.0" />
  <Point X="98.57317047268863" Y="123.0" />
  <Point X="98.0" Y="123.0" />
  <Point X="98.0" Y="124.0" />
  <Point X="97.30539177927453" Y="124.0" />
  <Point X="97.0" Y="124.0" />
  <Point X="97.0" Y="124.62742718956594" />
  <Point X="97.0" Y="125.0" />
  <Point X="96.03761308586043" Y="125.0" />
  <Point X="96.0" Y="125.0" />
  <Point X="96.0" Y="126.0" />
  <Point X="95.0" Y="126.0" />
  <Point X="94.76983439244633" Y="126.0" />
  <Point X="94.0" Y="126.0" />
  <Point X="94.0" Y="127.0" />
  <Point X="94.0" Y="127.49794430096777" />
  <Point X="94.0" Y="128.0" />
  <Point X="93.84637045465234" Y="128.0" />
  <Point X="93.0" Y="128.0" />
  <Point X="93.0" Y="128.7657229943819" />
  <Point X="93.0" Y="129.0" />
  <Point X="92.0" Y="129.0" />
  <Point X="92.0" Y="130.0" />
  <Point X="91.96649831220401" Y="130.0" />
  <Point X="91.0" Y="130.0" />
  <Point X="90.0" Y="130.0" />
  <Point X="90.0" Y="130.3012803812101" />
  <Point X="90.0" Y="130.67983190112938" />
  <Point X="90.0" Y="131.0" />
  <Point X="89.0" Y="131.0" />
  <Point X="89.0" Y="131.5690590746242" />
  <Point X="89.0" Y="132.0" />
  <Point X="89.0" Y="133.0" />
  <Point X="88.1631622319617" Y="133.0" />
  <Point X="88.0" Y="133.0" />
  <Point X="88.0" Y="134.0" />
  <Point X="87.0" Y="134.0" />
  <Point X="87.0" Y="134.1046164614524" />
  <Point X="87.0" Y="134.2060342569111" />
  <Point X="87.0" Y="135.0" />
  <Point X="86.0" Y="135.0" />
  <Point X="85.73667686071288" Y="135.2633231392871" />
  <Point X="85.0" Y="136.0" />
  <Point X="85.0" Y="137.0" />
  <Point X="84.77403971409248" Y="137.0" />
  <Point X="84.0" Y="137.0" />
  <Point X="84.0" Y="138.0" />
  <Point X="83.68197694968028" Y="138.0" />
  <Point X="83.50626102067838" Y="138.0" />
  <Point X="83.0" Y="138.0" />
  <Point X="82.0" Y="138.0" />
  <Point X="82.0" Y="138.76151767273572" />
  <Point X="82.0" Y="139.0" />
  <Point X="81.0" Y="139.0" />
  <Point X="81.0" Y="140.0" />
  <Point X="80.97070363385018" Y="140.0" />
  <Point X="80.0" Y="140.0" />
  <Point X="80.0" Y="140.84422540610143" />
  <Point X="80.0" Y="141.0" />
  <Point X="79.70292494043608" Y="141.0" />
  <Point X="79.0" Y="141.0" />
  <Point X="79.0" Y="142.0" />
  <Point X="78.43514624702198" Y="142.0" />
  <Point X="78.0" Y="142.0" />
  <Point X="77.0" Y="142.0" />
  <Point X="77.0" Y="142.83263244639213" />
  <Point X="77.0" Y="143.0" />
  <Point X="76.03096123644612" Y="143.96903876355387" />
  <Point X="76.0" Y="144.0" />
  <Point X="76.0" Y="144.68619757743315" />
  <Point X="76.0" Y="145.0" />
  <Point X="75.0" Y="145.0" />
  <Point X="74.04602372915275" Y="145.0" />
  <Point X="74.0" Y="145.0" />
  <Point X="74.0" Y="146.0" />
  <Point X="73.13608877982247" Y="146.86391122017753" />
  <Point X="73.0" Y="147.0" />
  <Point X="72.0" Y="147.0" />
  <Point X="72.0" Y="147.06820299291869" />
  <Point X="72.0" Y="148.0" />
  <Point X="72.0" Y="148.07532009530237" />
  <Point X="72.0" Y="149.0" />
  <Point X="71.0" Y="149.0" />
  <Point X="71.0" Y="149.34309878871647" />
  <Point X="71.0" Y="150.0" />
  <Point X="71.0" Y="149.0" />
  <Point X="71.0" Y="148.38912251786942" />
  <Point X="71.0" Y="148.0" />
  <Point X="71.0" Y="147.4055946512996" />
  <Point X="71.0" Y="147.0" />
  <Point X="71.0" Y="146.12134382445532" />
  <Point X="71.0" Y="146.0" />
  <Point X="71.0" Y="145.0" />
  <Point X="72.0" Y="145.0" />
  <Point X="72.0" Y="144.85356513104122" />
  <Point X="72.0" Y="144.0" />
  <Point X="72.99999999999986" Y="143.00000000000014" />
  <Point X="73.0" Y="143.0" />
  <Point X="73.47411450285414" Y="142.4763511461014" />
  <Point X="77.85434219868263" Y="137.638487720858" />
  <Point X="82.23456989451113" Y="132.8006242956146" />
  <Point X="86.61479759033962" Y="127.96276087037118" />
  <Point X="90.99502528616812" Y="123.12489744512777" />
  <Point X="95.37525298199661" Y="118.28703401988436" />
  <Point X="99.7554806778251" Y="113.44917059464095" />
  <Point X="104.1357083736536" Y="108.61130716939753" />
  <Point X="108.5159360694821" Y="103.77344374415412" />
  <Point X="112.89616376531059" Y="98.93558031891071" />
  <Point X="117.27639146113908" Y="94.0977168936673" />
  <Point X="121.65661915696758" Y="89.25985346842388" />
  <Point X="126.03684685279607" Y="84.42199004318047" />
  <Point X="130.41707454862456" Y="79.58412661793706" />
  <Point X="134.79730224445305" Y="74.74626319269365" />
  <Point X="139.17752994028154" Y="69.90839976745023" />
  <Point X="140.0" Y="69.0" />
  <Point X="139.0" Y="69.0" />
  <Point X="138.0" Y="69.0" />
  <Point X="137.0" Y="69.0" />
  <Point X="137.0" Y="70.0" />
  <Point X="136.0" Y="70.0" />
  <Point X="135.69921477182706" Y="70.0" />
  <Point X="135.0" Y="70.0" />
  <Point X="134.0" Y="70.0" />
  <Point X="133.0" Y="71.0" />
  <Point X="133.0" Y="72.0" />
  <Point X="132.0" Y="72.0" />
  <Point X="131.0" Y="72.0" />
  <Point X="130.58722597841845" Y="72.0" />
  <Point X="130.0" Y="72.0" />
  <Point X="129.0" Y="73.0" />
  <Point X="128.0" Y="73.0" />
  <Point X="127.0" Y="73.0" />
  <Point X="127.0" Y="74.0" />
  <Point X="126.0" Y="74.0" />
  <Point X="125.6289366550059" Y="74.3710633449941" />
  <Point X="125.0" Y="75.0" />
  <Point X="125.0" Y="76.0" />
  <Point X="124.0" Y="76.0" />
  <Point X="123.0" Y="76.0" />
  <Point X="122.0" Y="76.0" />
  <Point X="121.0" Y="77.0" />
  <Point X="120.7774619539743" Y="77.0" />
  <Point X="120.0" Y="77.0" />
  <Point X="119.0" Y="77.0" />
  <Point X="118.0" Y="78.0" />
  <Point X="117.0" Y="78.0" />
  <Point X="117.0" Y="79.0" />
  <Point X="116.0" Y="79.0" />
  <Point X="115.66547316056567" Y="79.0" />
  <Point X="115.0" Y="79.0" />
  <Point X="115.0" Y="80.0" />
  <Point X="114.0" Y="80.0" />
  <Point X="113.0" Y="80.0" />
  <Point X="112.0" Y="81.0" />
  <Point X="111.0" Y="81.0" />
  <Point X="110.55348436715704" Y="81.0" />
  <Point X="110.0" Y="81.0" />
  <Point X="109.0" Y="81.0" />
  <Point X="109.0" Y="82.0" />
  <Point X="108.0" Y="82.0" />
  <Point X="107.0" Y="82.0" />
  <Point X="107.0" Y="83.0" />
  <Point X="106.02728201137532" Y="83.0" />
  <Point X="106.0" Y="83.0" />
  <Point X="105.0" Y="83.0" />
  <Point X="105.0" Y="84.0" />
  <Point X="104.0" Y="84.0" />
  <Point X="103.0" Y="84.0" />
  <Point X="102.0" Y="84.0" />
  <Point X="102.0" Y="85.0" />
  <Point X="101.5010796555936" Y="85.0" />
  <Point X="101.0" Y="85.0" />
  <Point X="100.0" Y="85.0" />
  <Point X="100.0" Y="86.0" />
  <Point X="99.0" Y="86.0" />
  <Point X="100.0" Y="86.0" />
  <Point X="101.0" Y="86.0" />
  <Point X="101.72487121285128" Y="85.27512878714872" />
  <Point X="102.0" Y="85.0" />
  <Point X="103.0" Y="85.0" />
  <Point X="104.0" Y="85.0" />
  <Point X="105.0" Y="84.0" />
  <Point X="106.0" Y="84.0" />
  <Point X="107.0" Y="83.0" />
  <Point X="107.30868436885055" Y="83.0" />
  <Point X="108.0" Y="83.0" />
  <Point X="109.0" Y="82.0" />
  <Point X="110.0" Y="82.0" />
  <Point X="111.0" Y="82.0" />
  <Point X="111.0" Y="81.0" />
  <Point X="112.0" Y="81.0" />
  <Point X="112.42067316225918" Y="81.0" />
  <Point X="113.0" Y="81.0" />
  <Point X="113.0" Y="80.0" />
  <Point X="114.0" Y="80.0" />
  <Point X="115.0" Y="80.0" />
  <Point X="115.0" Y="79.0" />
  <Point X="116.0" Y="79.0" />
  <Point X="116.9468755180409" Y="79.0" />
  <Point X="117.0" Y="79.0" />
  <Point X="118.0" Y="78.0" />
  <Point X="119.0" Y="78.0" />
  <Point X="120.0" Y="78.0" />
  <Point X="120.0" Y="77.0" />
  <Point X="121.0" Y="77.0" />
  <Point X="122.0" Y="77.0" />
  <Point X="122.04162335379583" Y="76.95837664620417" />
  <Point X="123.0" Y="76.0" />
  <Point X="123.0" Y="75.0" />
  <Point X="124.0" Y="75.0" />
  <Point X="125.0" Y="74.0" />
  <Point X="126.0" Y="74.0" />
  <Point X="126.75663954248505" Y="74.0" />
  <Point X="127.0" Y="74.0" />
  <Point X="127.0" Y="73.0" />
  <Point X="128.0" Y="73.0" />
  <Point X="128.0" Y="72.0" />
  <Point X="129.0" Y="72.0" />
  <Point X="129.0" Y="71.0" />
  <Point X="130.0" Y="71.0" />
  <Point X="130.28284189826675" Y="71.0" />
  <Point X="131.0" Y="71.0" />
  <Point X="131.0" Y="70.0" />
  <Point X="132.0" Y="70.0" />
  <Point X="133.0" Y="70.0" />
  <Point X="133.0" Y="69.0" />
  <Point X="134.0" Y="69.0" />
  <Point X="134.5720806783177" Y="68.42791932168231" />
  <Point X="135.0" Y="68.0" />
  <Point X="136.0" Y="67.0" />
  <Point X="137.0" Y="67.0" />
  <Point X="137.0" Y="66.0" />
  <Point X="138.0" Y="66.0" />
  <Point X="138.0" Y="67.0" />
  <Point X="138.0" Y="67.50681948508401" />
  <Point X="138.0" Y="68.0" />
  <Point X="139.0" Y="68.0" />
  <Point X="139.0" Y="69.0" />
  <Point X="140.0" Y="70.0" />
  <Point X="140.0" Y="71.0" />
  <Point X="140.0" Y="72.0" />
  <Point X="140.61880827849262" Y="72.0" />
  <Point X="141.0" Y="72.0" />
  <Point X="141.0" Y="73.0" />
  <Point X="141.0" Y="74.0" />
  <Point X="141.0" Y="75.0" />
  <Point X="141.0" Y="76.0" />
  <Point X="141.0" Y="77.0" />
  <Point X="142.0" Y="77.0" />
  <Point X="142.0" Y="77.14501063427434" />
  <Point X="142.0" Y="78.0" />
  <Point X="142.0" Y="79.0" />
  <Point X="142.0" Y="80.0" />
  <Point X="142.0" Y="81.0" />
  <Point X="143.0" Y="82.0" />
  <Point X="143.0" Y="83.0" />
  <Point X="143.0" Y="83.25699942768297" />
  <Point X="143.0" Y="84.0" />
  <Point X="143.0" Y="85.0" />
  <Point X="144.0" Y="85.0" />
  <Point X="144.0" Y="86.0" />
  <Point X="144.0" Y="87.0" />
  <Point X="144.0" Y="88.0" />
  <Point X="144.0" Y="88.78320178346469" />
  <Point X="144.0" Y="89.0" />
  <Point X="144.0" Y="90.0" />
  <Point X="144.0" Y="91.0" />
  <Point X="144.0" Y="92.0" />
  <Point X="144.0" Y="93.0" />
  <Point X="145.0" Y="94.0" />
  <Point X="145.0" Y="94.89519057687332" />
  <Point X="145.0" Y="95.0" />
  <Point X="145.0" Y="96.0" />
  <Point X="145.0" Y="97.0" />
  <Point X="145.0" Y="98.0" />
  <Point X="145.0" Y="99.0" />
  <Point X="146.0" Y="99.0" />
  <Point X="146.0" Y="100.0" />
  <Point X="146.0" Y="100.42139293265504" />
  <Point X="146.0" Y="101.0" />
  <Point X="146.0" Y="102.0" />
  <Point X="146.0" Y="103.0" />
  <Point X="146.0" Y="104.0" />
  <Point X="146.0" Y="105.0" />
  <Point X="146.0" Y="106.0" />
  <Point X="146.94759528843676" Y="106.0" />
  <Point X="147.0" Y="106.0" />
  <Point X="147.0" Y="107.0" />
  <Point X="147.0" Y="108.0" />
  <Point X="148.0" Y="108.0" />
  <Point X="148.0" Y="109.0" />
  <Point X="148.0" Y="110.0" />
  <Point X="148.0" Y="111.0" />
  <Point X="148.0" Y="111.47379764421848" />
  <Point X="148.0" Y="112.0" />
  <Point X="148.0" Y="113.0" />
  <Point X="148.0" Y="114.0" />
  <Point X="149.0" Y="114.0" />
  <Point X="149.0" Y="115.0" />
  <Point X="149.0" Y="116.0" />
  <Point X="149.0" Y="117.0" />
</Project_1_Part_4>
