<?xml version="1.0" encoding="utf-8" standalone="yes"?>
<Gesture Name="arrow6" Subject="1" Number="1" NumPts="399">
  <Point X="54.0" Y="169.0" />
  <Point X="55.0" Y="168.0" />
  <Point X="55.0" Y="167.0" />
  <Point X="56.0" Y="167.0" />
  <Point X="56.0" Y="166.0" />
  <Point X="57.0" Y="166.0" />
  <Point X="57.0" Y="165.77228107676902" />
  <Point X="57.0" Y="165.0" />
  <Point X="58.0" Y="165.0" />
  <Point X="58.0" Y="164.0" />
  <Point X="59.0" Y="164.0" />
  <Point X="59.0" Y="163.0" />
  <Point X="59.61493640845571" Y="162.38506359154428" />
  <Point X="60.0" Y="162.0" />
  <Point X="61.0" Y="162.0" />
  <Point X="61.0" Y="161.0" />
  <Point X="62.0" Y="161.0" />
  <Point X="62.0" Y="160.0" />
  <Point X="62.77595800327685" Y="159.22404199672314" />
  <Point X="63.0" Y="159.0" />
  <Point X="63.0" Y="158.0" />
  <Point X="64.0" Y="158.0" />
  <Point X="64.0" Y="157.0" />
  <Point X="65.0" Y="157.0" />
  <Point X="65.0" Y="156.0" />
  <Point X="65.32508925529706" Y="156.0" />
  <Point X="66.0" Y="156.0" />
  <Point X="66.0" Y="155.0" />
  <Point X="67.0" Y="155.0" />
  <Point X="67.0" Y="154.0" />
  <Point X="68.0" Y="153.0" />
  <Point X="68.39089441173257" Y="152.60910558826743" />
  <Point X="69.0" Y="152.0" />
  <Point X="70.0" Y="152.0" />
  <Point X="70.0" Y="151.0" />
  <Point X="71.0" Y="150.0" />
  <Point X="71.9661295689268" Y="149.0338704310732" />
  <Point X="72.0" Y="149.0" />
  <Point X="73.0" Y="148.0" />
  <Point X="74.0" Y="148.0" />
  <Point X="74.0" Y="146.0" />
  <Point X="75.0" Y="146.0" />
  <Point X="75.17981890024384" Y="146.0" />
  <Point X="76.0" Y="146.0" />
  <Point X="76.0" Y="145.0" />
  <Point X="77.0" Y="144.0" />
  <Point X="77.0" Y="143.0" />
  <Point X="78.0" Y="143.0" />
  <Point X="78.28817275856906" Y="142.71182724143094" />
  <Point X="79.0" Y="142.0" />
  <Point X="80.0" Y="142.0" />
  <Point X="80.0" Y="141.0" />
  <Point X="81.0" Y="141.0" />
  <Point X="81.0" Y="140.0" />
  <Point X="81.4491943533902" Y="139.5508056466098" />
  <Point X="82.0" Y="139.0" />
  <Point X="83.0" Y="139.0" />
  <Point X="83.0" Y="138.0" />
  <Point X="84.0" Y="138.0" />
  <Point X="84.0" Y="137.0" />
  <Point X="84.61021594821133" Y="136.38978405178867" />
  <Point X="85.0" Y="136.0" />
  <Point X="86.0" Y="135.0" />
  <Point X="87.0" Y="135.0" />
  <Point X="88.0" Y="134.0" />
  <Point X="88.89255788659212" Y="133.1074421134079" />
  <Point X="89.0" Y="133.0" />
  <Point X="90.0" Y="132.0" />
  <Point X="90.0" Y="131.0" />
  <Point X="91.0" Y="131.0" />
  <Point X="91.0" Y="130.0" />
  <Point X="91.96220046984652" Y="129.51889976507675" />
  <Point X="93.0" Y="129.0" />
  <Point X="94.0" Y="128.0" />
  <Point X="94.0" Y="127.0" />
  <Point X="95.0" Y="127.0" />
  <Point X="95.75478258970983" Y="126.24521741029017" />
  <Point X="96.0" Y="126.0" />
  <Point X="96.0" Y="125.0" />
  <Point X="97.0" Y="125.0" />
  <Point X="97.0" Y="124.0" />
  <Point X="99.0" Y="123.0" />
  <Point X="99.04177213563332" Y="122.95822786436668" />
  <Point X="100.0" Y="122.0" />
  <Point X="101.0" Y="121.0" />
  <Point X="102.0" Y="120.0" />
  <Point X="103.0" Y="119.0" />
  <Point X="103.0" Y="118.95584704314636" />
  <Point X="103.0" Y="118.0" />
  <Point X="104.0" Y="118.0" />
  <Point X="105.0" Y="117.0" />
  <Point X="106.0" Y="116.0" />
  <Point X="106.60645601239487" Y="115.39354398760513" />
  <Point X="107.0" Y="115.0" />
  <Point X="108.0" Y="115.0" />
  <Point X="108.0" Y="114.0" />
  <Point X="110.0" Y="113.0" />
  <Point X="110.0" Y="112.15069073655727" />
  <Point X="110.0" Y="112.0" />
  <Point X="111.0" Y="111.0" />
  <Point X="112.0" Y="110.0" />
  <Point X="113.0" Y="110.0" />
  <Point X="113.0" Y="109.0" />
  <Point X="113.0" Y="108.33718537569936" />
  <Point X="113.0" Y="108.0" />
  <Point X="114.0" Y="108.0" />
  <Point X="116.0" Y="107.0" />
  <Point X="116.0" Y="106.0" />
  <Point X="116.75567026143608" Y="105.24432973856392" />
  <Point X="117.0" Y="105.0" />
  <Point X="117.0" Y="104.0" />
  <Point X="118.0" Y="104.0" />
  <Point X="118.0" Y="103.0" />
  <Point X="119.0" Y="103.0" />
  <Point X="119.91669185625722" Y="102.08330814374278" />
  <Point X="120.0" Y="102.0" />
  <Point X="120.0" Y="101.0" />
  <Point X="121.0" Y="101.0" />
  <Point X="121.0" Y="100.0" />
  <Point X="122.0" Y="100.0" />
  <Point X="122.0" Y="99.0" />
  <Point X="122.52411697886691" Y="99.0" />
  <Point X="123.0" Y="99.0" />
  <Point X="124.0" Y="98.0" />
  <Point X="124.0" Y="97.0" />
  <Point X="125.0" Y="97.0" />
  <Point X="125.0" Y="96.0" />
  <Point X="125.75183590209791" Y="96.0" />
  <Point X="126.0" Y="96.0" />
  <Point X="126.0" Y="95.0" />
  <Point X="127.0" Y="95.0" />
  <Point X="127.0" Y="94.0" />
  <Point X="127.0" Y="93.0" />
  <Point X="128.0" Y="93.0" />
  <Point X="128.39376838770198" Y="93.0" />
  <Point X="129.0" Y="93.0" />
  <Point X="129.0" Y="92.0" />
  <Point X="130.0" Y="92.0" />
  <Point X="130.0" Y="91.0" />
  <Point X="131.0" Y="91.0" />
  <Point X="131.0" Y="90.0" />
  <Point X="131.0" Y="89.96429912669393" />
  <Point X="131.0" Y="89.0" />
  <Point X="132.0" Y="89.0" />
  <Point X="133.0" Y="89.0" />
  <Point X="133.0" Y="88.0" />
  <Point X="134.0" Y="88.0" />
  <Point X="134.0" Y="87.32236664108984" />
  <Point X="134.0" Y="87.0" />
  <Point X="135.0" Y="87.0" />
  <Point X="135.0" Y="86.0" />
  <Point X="136.0" Y="86.0" />
  <Point X="136.0" Y="85.0" />
  <Point X="137.0" Y="85.0" />
  <Point X="137.0" Y="84.68043415548576" />
  <Point X="137.0" Y="84.0" />
  <Point X="138.0" Y="84.0" />
  <Point X="138.0" Y="83.0" />
  <Point X="139.0" Y="83.0" />
  <Point X="139.0" Y="82.0" />
  <Point X="139.96149833011833" Y="82.0" />
  <Point X="140.0" Y="82.0" />
  <Point X="141.0" Y="82.0" />
  <Point X="141.0" Y="81.0" />
  <Point X="141.0" Y="80.0" />
  <Point X="142.0" Y="80.0" />
  <Point X="142.0" Y="79.0" />
  <Point X="142.60343081572242" Y="79.0" />
  <Point X="143.0" Y="79.0" />
  <Point X="142.0" Y="79.0" />
  <Point X="141.0" Y="79.0" />
  <Point X="140.0" Y="79.0" />
  <Point X="139.0" Y="79.0" />
  <Point X="138.0" Y="79.0" />
  <Point X="137.7546366986735" Y="79.0" />
  <Point X="137.0" Y="79.0" />
  <Point X="136.0" Y="79.0" />
  <Point X="135.0" Y="79.0" />
  <Point X="134.0" Y="79.0" />
  <Point X="133.0" Y="79.0" />
  <Point X="132.1127042130694" Y="79.0" />
  <Point X="132.0" Y="79.0" />
  <Point X="131.0" Y="79.0" />
  <Point X="131.0" Y="80.0" />
  <Point X="130.0" Y="80.0" />
  <Point X="129.0" Y="80.0" />
  <Point X="128.0" Y="80.0" />
  <Point X="127.47077172746532" Y="80.0" />
  <Point X="127.0" Y="80.0" />
  <Point X="127.0" Y="81.0" />
  <Point X="126.0" Y="81.0" />
  <Point X="125.0" Y="81.0" />
  <Point X="124.0" Y="81.0" />
  <Point X="123.0" Y="81.0" />
  <Point X="123.0" Y="81.17116075813877" />
  <Point X="123.0" Y="82.0" />
  <Point X="122.0" Y="82.0" />
  <Point X="121.0" Y="82.0" />
  <Point X="120.0" Y="82.0" />
  <Point X="119.0" Y="82.0" />
  <Point X="118.18690675625714" Y="82.0" />
  <Point X="118.0" Y="82.0" />
  <Point X="118.0" Y="83.0" />
  <Point X="117.0" Y="83.0" />
  <Point X="116.0" Y="83.0" />
  <Point X="115.0" Y="83.0" />
  <Point X="114.0" Y="83.0" />
  <Point X="114.0" Y="83.45502572934694" />
  <Point X="114.0" Y="84.0" />
  <Point X="113.0" Y="84.0" />
  <Point X="112.0" Y="84.0" />
  <Point X="111.0" Y="84.0" />
  <Point X="111.0" Y="85.0" />
  <Point X="110.0" Y="85.0" />
  <Point X="109.90304178504897" Y="85.0" />
  <Point X="109.0" Y="85.0" />
  <Point X="108.0" Y="85.0" />
  <Point X="107.0" Y="85.0" />
  <Point X="106.0" Y="85.0" />
  <Point X="106.0" Y="86.0" />
  <Point X="105.26110929944488" Y="86.0" />
  <Point X="105.0" Y="86.0" />
  <Point X="104.0" Y="86.0" />
  <Point X="103.0" Y="86.0" />
  <Point X="102.0" Y="87.0" />
  <Point X="101.0" Y="87.0" />
  <Point X="100.03339037621389" Y="87.0" />
  <Point X="100.0" Y="87.0" />
  <Point X="99.0" Y="87.0" />
  <Point X="98.0" Y="87.0" />
  <Point X="97.0" Y="87.0" />
  <Point X="97.0" Y="88.0" />
  <Point X="96.0" Y="88.0" />
  <Point X="95.3914578906098" Y="88.0" />
  <Point X="95.0" Y="88.0" />
  <Point X="94.0" Y="88.0" />
  <Point X="93.0" Y="88.0" />
  <Point X="93.0" Y="89.0" />
  <Point X="92.0" Y="89.0" />
  <Point X="91.0" Y="89.0" />
  <Point X="91.0" Y="89.25047459499429" />
  <Point X="91.0" Y="90.0" />
  <Point X="90.0" Y="90.0" />
  <Point X="91.0" Y="90.0" />
  <Point X="92.0" Y="90.0" />
  <Point X="93.0" Y="90.0" />
  <Point X="93.89240708059837" Y="90.0" />
  <Point X="94.0" Y="90.0" />
  <Point X="95.0" Y="90.0" />
  <Point X="96.0" Y="90.0" />
  <Point X="97.0" Y="90.0" />
  <Point X="98.0" Y="90.0" />
  <Point X="98.0" Y="89.0" />
  <Point X="98.53433956620246" Y="89.0" />
  <Point X="99.0" Y="89.0" />
  <Point X="100.0" Y="89.0" />
  <Point X="101.0" Y="89.0" />
  <Point X="102.0" Y="89.0" />
  <Point X="103.0" Y="88.0" />
  <Point X="103.76205848943346" Y="88.0" />
  <Point X="104.0" Y="88.0" />
  <Point X="105.0" Y="88.0" />
  <Point X="106.0" Y="88.0" />
  <Point X="107.0" Y="88.0" />
  <Point X="108.0" Y="88.0" />
  <Point X="109.0" Y="88.0" />
  <Point X="109.40399097503754" Y="88.0" />
  <Point X="110.0" Y="88.0" />
  <Point X="111.0" Y="87.0" />
  <Point X="112.0" Y="87.0" />
  <Point X="113.0" Y="87.0" />
  <Point X="114.0" Y="87.0" />
  <Point X="114.63170989826854" Y="87.0" />
  <Point X="115.0" Y="87.0" />
  <Point X="116.0" Y="87.0" />
  <Point X="117.0" Y="87.0" />
  <Point X="118.0" Y="87.0" />
  <Point X="118.0" Y="86.0" />
  <Point X="119.0" Y="86.0" />
  <Point X="119.27364238387263" Y="86.0" />
  <Point X="120.0" Y="86.0" />
  <Point X="121.0" Y="86.0" />
  <Point X="122.0" Y="86.0" />
  <Point X="123.0" Y="86.0" />
  <Point X="124.0" Y="86.0" />
  <Point X="124.0" Y="85.08442513052329" />
  <Point X="124.0" Y="85.0" />
  <Point X="125.0" Y="85.0" />
  <Point X="126.0" Y="85.0" />
  <Point X="126.0" Y="84.0" />
  <Point X="127.0" Y="84.0" />
  <Point X="128.0" Y="84.0" />
  <Point X="128.5575073550808" Y="84.0" />
  <Point X="129.0" Y="84.0" />
  <Point X="130.0" Y="84.0" />
  <Point X="131.0" Y="84.0" />
  <Point X="132.0" Y="83.0" />
  <Point X="133.0" Y="83.0" />
  <Point X="133.78522627831177" Y="83.0" />
  <Point X="134.0" Y="83.0" />
  <Point X="135.0" Y="83.0" />
  <Point X="135.0" Y="82.0" />
  <Point X="136.0" Y="82.0" />
  <Point X="137.0" Y="82.0" />
  <Point X="138.0" Y="82.0" />
  <Point X="138.0" Y="81.57284123608414" />
  <Point X="138.0" Y="81.0" />
  <Point X="139.0" Y="81.0" />
  <Point X="140.0" Y="81.0" />
  <Point X="141.0" Y="81.0" />
  <Point X="141.0" Y="80.0" />
  <Point X="142.0" Y="80.0" />
  <Point X="142.06909124951994" Y="80.0" />
  <Point X="143.0" Y="80.0" />
  <Point X="144.0" Y="80.0" />
  <Point X="145.0" Y="80.0" />
  <Point X="145.0" Y="79.0" />
  <Point X="146.0" Y="79.0" />
  <Point X="146.71102373512403" Y="79.0" />
  <Point X="147.0" Y="79.0" />
  <Point X="147.0" Y="80.0" />
  <Point X="147.0" Y="81.0" />
  <Point X="147.0" Y="82.0" />
  <Point X="147.0" Y="83.0" />
  <Point X="147.0" Y="84.0" />
  <Point X="147.0" Y="84.35295622072812" />
  <Point X="147.0" Y="85.0" />
  <Point X="147.0" Y="86.0" />
  <Point X="148.0" Y="86.0" />
  <Point X="148.0" Y="87.0" />
  <Point X="148.0" Y="88.0" />
  <Point X="148.0" Y="88.9948887063322" />
  <Point X="148.0" Y="89.0" />
  <Point X="148.0" Y="90.0" />
  <Point X="148.0" Y="91.0" />
  <Point X="148.0" Y="92.0" />
  <Point X="148.0" Y="93.0" />
  <Point X="148.0" Y="94.0" />
  <Point X="148.0" Y="94.63682119193629" />
  <Point X="148.0" Y="95.0" />
  <Point X="149.0" Y="96.0" />
  <Point X="149.0" Y="97.0" />
  <Point X="149.0" Y="98.0" />
  <Point X="149.0" Y="99.0" />
  <Point X="149.0" Y="99.86454011516729" />
  <Point X="149.0" Y="100.0" />
  <Point X="149.0" Y="101.0" />
  <Point X="149.0" Y="102.0" />
  <Point X="149.0" Y="103.0" />
  <Point X="150.0" Y="103.0" />
  <Point X="150.0" Y="104.0" />
  <Point X="150.0" Y="104.50647260077137" />
  <Point X="150.0" Y="105.0" />
  <Point X="150.0" Y="106.0" />
  <Point X="150.0" Y="107.0" />
  <Point X="150.0" Y="108.0" />
  <Point X="151.0" Y="108.0" />
  <Point X="151.0" Y="109.0" />
  <Point X="151.0" Y="109.14840508637546" />
  <Point X="151.0" Y="110.0" />
  <Point X="151.0" Y="111.0" />
  <Point X="151.0" Y="112.0" />
  <Point X="151.0" Y="113.0" />
  <Point X="152.0" Y="113.0" />
  <Point X="152.0" Y="113.79033757197955" />
  <Point X="152.0" Y="114.0" />
  <Point X="152.0" Y="115.0" />
  <Point X="153.0" Y="115.0" />
  <Point X="153.0" Y="116.0" />
  <Point X="153.0" Y="117.0" />
  <Point X="153.0" Y="118.0" />
  <Point X="153.0" Y="118.43227005758364" />
  <Point X="153.0" Y="119.0" />
  <Point X="154.0" Y="119.0" />
  <Point X="154.0" Y="120.0" />
  <Point X="154.0" Y="121.0" />
  <Point X="154.0" Y="122.0" />
  <Point X="154.0" Y="123.0" />
  <Point X="154.0" Y="123.07420254318772" />
  <Point X="154.0" Y="124.0" />
  <Point X="154.0" Y="125.0" />
  <Point X="155.0" Y="125.0" />
  <Point X="155.0" Y="126.0" />
  <Point X="155.0" Y="127.0" />
  <Point X="155.0" Y="126.28386497120819" />
  <Point X="155.0" Y="126.0" />
  <Point X="155.0" Y="125.0" />
  <Point X="156.0" Y="125.0" />
  <Point X="156.0" Y="124.0" />
  <Point X="156.0" Y="123.0" />
  <Point X="156.0" Y="122.0" />
  <Point X="156.35806751439588" Y="122.0" />
  <Point X="157.0" Y="122.0" />
  <Point X="157.0" Y="121.0" />
  <Point X="158.0" Y="121.0" />
  <Point X="158.0" Y="120.0" />
  <Point X="158.0" Y="119.0" />
  <Point X="158.0" Y="118.00000000000003" />
  <Point X="158.0" Y="118.0" />
</Project_1_Part_4>
