<?xml version="1.0" encoding="utf-8" standalone="yes"?>
<Gesture Name="arrow2" Subject="1" Number="1" NumPts="416">
  <Point X="225.0" Y="17.0" />
  <Point X="220.49426447884858" Y="24.786610900630603" />
  <Point X="215.98852895769716" Y="32.573221801261205" />
  <Point X="211.48279343654573" Y="40.359832701891804" />
  <Point X="206.9770579153943" Y="48.1464436025224" />
  <Point X="202.4713223942429" Y="55.933054503153" />
  <Point X="197.96558687309147" Y="63.7196654037836" />
  <Point X="193.45985135194005" Y="71.5062763044142" />
  <Point X="188.95411583078862" Y="79.2928872050448" />
  <Point X="184.4483803096372" Y="87.07949810567541" />
  <Point X="179.94264478848578" Y="94.86610900630602" />
  <Point X="175.43690926733436" Y="102.65271990693662" />
  <Point X="170.93117374618294" Y="110.43933080756723" />
  <Point X="166.4254382250315" Y="118.22594170819784" />
  <Point X="161.9197027038801" Y="126.01255260882844" />
  <Point X="157.41396718272867" Y="133.79916350945905" />
  <Point X="152.90823166157725" Y="141.58577441008967" />
  <Point X="148.40249614042585" Y="149.3723853107203" />
  <Point X="143.89676061927443" Y="157.15899621135088" />
  <Point X="139.39102509812304" Y="164.9456071119815" />
  <Point X="134.88528957697162" Y="172.7322180126121" />
  <Point X="130.37955405582022" Y="180.51882891324271" />
  <Point X="125.87381853466881" Y="188.3054398138733" />
  <Point X="122.0" Y="195.0" />
  <Point X="122.0" Y="194.0" />
  <Point X="122.0" Y="193.7382972454442" />
  <Point X="122.0" Y="193.0" />
  <Point X="122.0" Y="192.0" />
  <Point X="122.0" Y="191.0" />
  <Point X="122.0" Y="190.0" />
  <Point X="122.0" Y="189.0" />
  <Point X="122.0" Y="188.0" />
  <Point X="122.0" Y="187.0" />
  <Point X="122.0" Y="186.0" />
  <Point X="122.0" Y="185.0" />
  <Point X="122.0" Y="184.74202235500286" />
  <Point X="122.0" Y="184.0" />
  <Point X="122.0" Y="183.0" />
  <Point X="122.0" Y="182.0" />
  <Point X="122.0" Y="181.0" />
  <Point X="122.0" Y="180.0" />
  <Point X="122.0" Y="179.0" />
  <Point X="122.0" Y="178.0" />
  <Point X="122.0" Y="177.0" />
  <Point X="122.0" Y="176.0" />
  <Point X="122.0" Y="175.74574746456153" />
  <Point X="122.0" Y="175.0" />
  <Point X="122.0" Y="174.0" />
  <Point X="122.0" Y="173.0" />
  <Point X="122.0" Y="172.0" />
  <Point X="122.0" Y="171.0" />
  <Point X="122.0" Y="170.0" />
  <Point X="122.0" Y="169.0" />
  <Point X="122.0" Y="168.0" />
  <Point X="122.0" Y="167.0" />
  <Point X="122.0" Y="166.7494725741202" />
  <Point X="122.0" Y="166.0" />
  <Point X="122.0" Y="165.0" />
  <Point X="122.0" Y="164.0" />
  <Point X="122.0" Y="163.0" />
  <Point X="122.0" Y="162.0" />
  <Point X="122.0" Y="161.0" />
  <Point X="122.0" Y="160.0" />
  <Point X="122.0" Y="159.0" />
  <Point X="122.0" Y="158.0" />
  <Point X="122.0" Y="157.75319768367888" />
  <Point X="122.0" Y="157.0" />
  <Point X="122.0" Y="156.0" />
  <Point X="122.0" Y="155.0" />
  <Point X="122.0" Y="154.0" />
  <Point X="121.0" Y="153.0" />
  <Point X="121.0" Y="152.0" />
  <Point X="121.0" Y="151.0" />
  <Point X="121.0" Y="150.0" />
  <Point X="121.0" Y="149.17113635561066" />
  <Point X="121.0" Y="149.0" />
  <Point X="121.0" Y="148.0" />
  <Point X="121.0" Y="147.0" />
  <Point X="121.0" Y="146.0" />
  <Point X="121.0" Y="145.0" />
  <Point X="121.0" Y="144.0" />
  <Point X="121.0" Y="143.0" />
  <Point X="121.0" Y="142.0" />
  <Point X="121.0" Y="141.0" />
  <Point X="121.0" Y="140.17486146516933" />
  <Point X="121.0" Y="140.0" />
  <Point X="121.0" Y="139.0" />
  <Point X="121.0" Y="138.0" />
  <Point X="121.0" Y="137.0" />
  <Point X="121.0" Y="136.0" />
  <Point X="121.0" Y="135.0" />
  <Point X="121.0" Y="134.0" />
  <Point X="121.0" Y="133.0" />
  <Point X="121.0" Y="132.0" />
  <Point X="121.0" Y="131.178586574728" />
  <Point X="121.0" Y="131.0" />
  <Point X="121.0" Y="130.0" />
  <Point X="121.0" Y="129.0" />
  <Point X="121.0" Y="128.0" />
  <Point X="121.0" Y="127.0" />
  <Point X="121.0" Y="126.0" />
  <Point X="121.0" Y="125.0" />
  <Point X="121.0" Y="124.0" />
  <Point X="121.0" Y="123.0" />
  <Point X="121.0" Y="122.18231168428669" />
  <Point X="121.0" Y="122.0" />
  <Point X="121.0" Y="121.0" />
  <Point X="121.0" Y="120.0" />
  <Point X="121.0" Y="119.0" />
  <Point X="121.0" Y="118.0" />
  <Point X="121.0" Y="117.0" />
  <Point X="121.0" Y="116.0" />
  <Point X="121.0" Y="115.0" />
  <Point X="121.0" Y="114.0" />
  <Point X="121.0" Y="113.18603679384537" />
  <Point X="121.0" Y="113.0" />
  <Point X="121.0" Y="112.0" />
  <Point X="121.0" Y="111.0" />
  <Point X="121.0" Y="110.0" />
  <Point X="121.0" Y="109.0" />
  <Point X="121.0" Y="108.0" />
  <Point X="121.0" Y="107.0" />
  <Point X="121.0" Y="106.0" />
  <Point X="121.0" Y="105.0" />
  <Point X="121.0" Y="104.18976190340406" />
  <Point X="121.0" Y="104.0" />
  <Point X="121.0" Y="103.0" />
  <Point X="121.0" Y="102.0" />
  <Point X="121.0" Y="101.0" />
  <Point X="121.0" Y="100.0" />
  <Point X="121.0" Y="99.0" />
  <Point X="121.0" Y="98.0" />
  <Point X="121.0" Y="97.0" />
  <Point X="121.0" Y="96.0" />
  <Point X="121.0" Y="95.19348701296275" />
  <Point X="121.0" Y="95.0" />
  <Point X="121.0" Y="94.0" />
  <Point X="120.0" Y="94.0" />
  <Point X="120.0" Y="93.0" />
  <Point X="120.0" Y="92.0" />
  <Point X="120.0" Y="91.0" />
  <Point X="120.0" Y="90.0" />
  <Point X="120.0" Y="89.0" />
  <Point X="120.0" Y="88.0" />
  <Point X="120.0" Y="87.19721212252144" />
  <Point X="120.0" Y="87.0" />
  <Point X="120.0" Y="86.0" />
  <Point X="120.0" Y="85.0" />
  <Point X="120.0" Y="84.0" />
  <Point X="120.0" Y="83.0" />
  <Point X="120.0" Y="82.0" />
  <Point X="120.0" Y="81.0" />
  <Point X="120.0" Y="80.0" />
  <Point X="120.0" Y="79.0" />
  <Point X="120.0" Y="78.20093723208012" />
  <Point X="120.0" Y="78.0" />
  <Point X="120.0" Y="77.0" />
  <Point X="120.0" Y="76.0" />
  <Point X="120.0" Y="75.0" />
  <Point X="120.0" Y="74.0" />
  <Point X="120.0" Y="73.0" />
  <Point X="120.0" Y="72.0" />
  <Point X="120.0" Y="71.0" />
  <Point X="120.0" Y="70.0" />
  <Point X="120.0" Y="69.20466234163881" />
  <Point X="120.0" Y="69.0" />
  <Point X="120.0" Y="68.0" />
  <Point X="120.0" Y="67.0" />
  <Point X="120.0" Y="66.0" />
  <Point X="120.0" Y="65.0" />
  <Point X="120.0" Y="64.0" />
  <Point X="120.0" Y="63.0" />
  <Point X="120.0" Y="62.0" />
  <Point X="120.0" Y="63.0" />
  <Point X="120.0" Y="63.791612548802505" />
  <Point X="120.0" Y="64.0" />
  <Point X="119.0" Y="64.0" />
  <Point X="119.0" Y="65.0" />
  <Point X="119.0" Y="66.0" />
  <Point X="118.0" Y="66.0" />
  <Point X="118.0" Y="67.0" />
  <Point X="118.0" Y="68.0" />
  <Point X="117.0" Y="68.0" />
  <Point X="117.0" Y="69.0" />
  <Point X="116.21211256075618" Y="69.0" />
  <Point X="116.0" Y="69.0" />
  <Point X="116.0" Y="70.0" />
  <Point X="115.0" Y="70.0" />
  <Point X="115.0" Y="71.0" />
  <Point X="115.0" Y="72.0" />
  <Point X="114.0" Y="72.0" />
  <Point X="114.0" Y="73.0" />
  <Point X="113.0" Y="73.0" />
  <Point X="113.0" Y="74.0" />
  <Point X="113.0" Y="74.78416232968513" />
  <Point X="113.0" Y="75.0" />
  <Point X="112.0" Y="76.0" />
  <Point X="111.0" Y="77.0" />
  <Point X="111.0" Y="78.0" />
  <Point X="110.0" Y="78.0" />
  <Point X="110.0" Y="79.0" />
  <Point X="109.0" Y="80.0" />
  <Point X="109.0" Y="81.0" />
  <Point X="108.46220346699283" Y="81.0" />
  <Point X="108.0" Y="81.0" />
  <Point X="107.0" Y="82.0" />
  <Point X="107.0" Y="83.0" />
  <Point X="106.0" Y="83.0" />
  <Point X="106.0" Y="84.0" />
  <Point X="106.0" Y="85.0" />
  <Point X="105.0" Y="85.0" />
  <Point X="105.0" Y="86.0" />
  <Point X="105.0" Y="87.0" />
  <Point X="104.88014213892461" Y="87.0" />
  <Point X="104.0" Y="87.0" />
  <Point X="104.0" Y="88.0" />
  <Point X="103.0" Y="88.0" />
  <Point X="103.0" Y="89.0" />
  <Point X="102.0" Y="89.0" />
  <Point X="102.0" Y="90.0" />
  <Point X="101.0" Y="90.0" />
  <Point X="101.0" Y="91.0" />
  <Point X="101.0" Y="92.0" />
  <Point X="100.8838672484833" Y="92.0" />
  <Point X="100.0" Y="92.0" />
  <Point X="100.0" Y="93.0" />
  <Point X="99.0" Y="93.0" />
  <Point X="98.0" Y="94.0" />
  <Point X="98.0" Y="95.0" />
  <Point X="97.0" Y="96.0" />
  <Point X="97.0" Y="97.0" />
  <Point X="96.0" Y="97.0" />
  <Point X="96.0" Y="97.28398051721183" />
  <Point X="96.0" Y="98.0" />
  <Point X="96.0" Y="99.0" />
  <Point X="95.0" Y="99.0" />
  <Point X="95.0" Y="100.0" />
  <Point X="94.0" Y="100.0" />
  <Point X="94.0" Y="101.0" />
  <Point X="93.0" Y="101.0" />
  <Point X="93.0" Y="102.0" />
  <Point X="92.0" Y="102.0" />
  <Point X="92.0" Y="102.28025540765314" />
  <Point X="92.0" Y="103.0" />
  <Point X="92.0" Y="104.0" />
  <Point X="92.0" Y="105.0" />
  <Point X="91.0" Y="105.0" />
  <Point X="91.0" Y="106.0" />
  <Point X="90.0" Y="106.0" />
  <Point X="90.0" Y="105.0" />
  <Point X="91.0" Y="105.0" />
  <Point X="91.0" Y="104.0" />
  <Point X="91.27653029809446" Y="104.0" />
  <Point X="92.0" Y="104.0" />
  <Point X="92.0" Y="103.0" />
  <Point X="93.0" Y="102.0" />
  <Point X="93.0" Y="101.0" />
  <Point X="94.0" Y="101.0" />
  <Point X="95.0" Y="100.0" />
  <Point X="95.0" Y="99.0" />
  <Point X="96.0" Y="99.0" />
  <Point X="96.0" Y="98.55562193621041" />
  <Point X="96.0" Y="98.0" />
  <Point X="96.0" Y="97.0" />
  <Point X="97.0" Y="97.0" />
  <Point X="97.0" Y="96.0" />
  <Point X="98.0" Y="95.0" />
  <Point X="99.0" Y="95.0" />
  <Point X="99.0" Y="94.0" />
  <Point X="100.0" Y="94.0" />
  <Point X="100.0" Y="93.0" />
  <Point X="100.0264393918578" Y="93.0" />
  <Point X="101.0" Y="93.0" />
  <Point X="101.0" Y="92.0" />
  <Point X="102.0" Y="91.0" />
  <Point X="103.0" Y="91.0" />
  <Point X="103.0" Y="90.0" />
  <Point X="104.0" Y="90.0" />
  <Point X="104.0" Y="89.0" />
  <Point X="105.0" Y="88.0" />
  <Point X="105.13738176660314" Y="87.86261823339686" />
  <Point X="106.0" Y="87.0" />
  <Point X="106.0" Y="86.0" />
  <Point X="107.0" Y="85.0" />
  <Point X="108.0" Y="85.0" />
  <Point X="108.0" Y="84.0" />
  <Point X="108.0" Y="83.0" />
  <Point X="109.0" Y="83.0" />
  <Point X="109.0" Y="82.0" />
  <Point X="109.0" Y="81.63786507675194" />
  <Point X="109.0" Y="81.0" />
  <Point X="110.0" Y="81.0" />
  <Point X="110.0" Y="80.0" />
  <Point X="111.0" Y="80.0" />
  <Point X="111.0" Y="79.0" />
  <Point X="111.0" Y="78.0" />
  <Point X="112.0" Y="78.0" />
  <Point X="113.0" Y="77.0" />
  <Point X="113.0" Y="76.05580374868372" />
  <Point X="113.0" Y="76.0" />
  <Point X="113.0" Y="75.0" />
  <Point X="114.0" Y="75.0" />
  <Point X="114.0" Y="74.0" />
  <Point X="114.0" Y="73.0" />
  <Point X="114.0" Y="72.0" />
  <Point X="115.0" Y="72.0" />
  <Point X="116.0" Y="72.0" />
  <Point X="116.0" Y="71.0" />
  <Point X="116.0" Y="70.0595288582424" />
  <Point X="116.0" Y="70.0" />
  <Point X="116.0" Y="69.0" />
  <Point X="117.0" Y="69.0" />
  <Point X="117.0" Y="68.0" />
  <Point X="117.0" Y="67.0" />
  <Point X="117.0" Y="66.0" />
  <Point X="118.0" Y="66.0" />
  <Point X="118.0" Y="65.0" />
  <Point X="118.0" Y="64.0" />
  <Point X="118.93674603219891" Y="64.0" />
  <Point X="119.0" Y="64.0" />
  <Point X="119.0" Y="63.0" />
  <Point X="119.0" Y="62.0" />
  <Point X="120.0" Y="62.0" />
  <Point X="120.0" Y="61.0" />
  <Point X="121.0" Y="61.0" />
  <Point X="121.0" Y="60.0" />
  <Point X="121.0" Y="59.0" />
  <Point X="121.0" Y="58.0" />
  <Point X="121.0" Y="57.066979077359775" />
  <Point X="121.0" Y="57.0" />
  <Point X="122.0" Y="57.0" />
  <Point X="122.0" Y="58.0" />
  <Point X="123.0" Y="58.0" />
  <Point X="123.0" Y="59.0" />
  <Point X="124.0" Y="59.0" />
  <Point X="124.0" Y="60.0" />
  <Point X="124.0" Y="61.0" />
  <Point X="125.0" Y="61.0" />
  <Point X="125.0" Y="61.92929581308154" />
  <Point X="125.0" Y="62.0" />
  <Point X="125.0" Y="63.0" />
  <Point X="125.0" Y="64.0" />
  <Point X="126.0" Y="64.0" />
  <Point X="126.0" Y="65.0" />
  <Point X="126.0" Y="66.0" />
  <Point X="127.0" Y="67.0" />
  <Point X="128.0" Y="68.0" />
  <Point X="128.0" Y="69.0" />
  <Point X="128.0" Y="69.09714357877667" />
  <Point X="128.0" Y="70.0" />
  <Point X="129.0" Y="70.0" />
  <Point X="129.0" Y="71.0" />
  <Point X="129.0" Y="72.0" />
  <Point X="130.0" Y="72.0" />
  <Point X="130.0" Y="73.0" />
  <Point X="130.0" Y="74.0" />
  <Point X="131.0" Y="74.0" />
  <Point X="131.0" Y="75.0" />
  <Point X="131.093418469218" Y="75.0" />
  <Point X="132.0" Y="75.0" />
  <Point X="132.0" Y="76.0" />
  <Point X="132.0" Y="77.0" />
  <Point X="133.0" Y="77.0" />
  <Point X="133.0" Y="78.0" />
  <Point X="133.0" Y="79.0" />
  <Point X="134.0" Y="79.0" />
  <Point X="134.0" Y="80.0" />
  <Point X="134.0" Y="81.0" />
  <Point X="134.08969335965932" Y="81.0" />
  <Point X="135.0" Y="81.0" />
  <Point X="135.0" Y="82.0" />
  <Point X="136.0" Y="83.0" />
  <Point X="136.0" Y="84.0" />
  <Point X="137.0" Y="85.0" />
  <Point X="137.0" Y="86.0" />
  <Point X="137.0" Y="87.0" />
  <Point X="138.0" Y="87.0" />
  <Point X="138.0" Y="87.25754112535445" />
  <Point X="138.0" Y="88.0" />
  <Point X="138.0" Y="89.0" />
  <Point X="139.0" Y="89.0" />
  <Point X="139.0" Y="90.0" />
  <Point X="139.0" Y="91.0" />
  <Point X="140.0" Y="92.0" />
  <Point X="140.0" Y="93.0" />
  <Point X="141.0" Y="93.0" />
  <Point X="141.0" Y="93.83960245342267" />
  <Point X="141.0" Y="94.0" />
  <Point X="141.0" Y="95.0" />
  <Point X="142.0" Y="95.0" />
  <Point X="142.0" Y="96.0" />
  <Point X="142.0" Y="97.0" />
  <Point X="143.0" Y="97.0" />
  <Point X="143.0" Y="98.0" />
  <Point X="144.0" Y="98.0" />
  <Point X="144.0" Y="99.0" />
  <Point X="144.59105453808644" Y="99.59105453808642" />
  <Point X="145.0" Y="100.0" />
  <Point X="145.0" Y="101.0" />
  <Point X="146.0" Y="102.0" />
  <Point X="146.0" Y="103.0" />
  <Point X="146.0" Y="104.0" />
  <Point X="147.0" Y="104.0" />
  <Point X="147.0" Y="105.0" />
  <Point X="148.0" Y="105.0" />
  <Point X="148.0" Y="106.0" />
  <Point X="148.0" Y="106.00372510955913" />
  <Point X="148.0" Y="107.0" />
  <Point X="149.0" Y="107.0" />
  <Point X="149.0" Y="108.0" />
  <Point X="149.0" Y="109.0" />
  <Point X="150.0" Y="109.0" />
  <Point X="150.0" Y="110.0" />
  <Point X="151.0" Y="110.0" />
  <Point X="151.0" Y="111.0" />
  <Point X="151.0" Y="112.0" />
</Project_1_Part_4>
