<?xml version="1.0" encoding="utf-8" standalone="yes"?>
<Gesture Name="caret9" Subject="1" Number="1" NumPts="263">
  <Point X="90.0" Y="174.0" />
  <Point X="90.0" Y="173.0" />
  <Point X="91.0" Y="172.0" />
  <Point X="92.0" Y="172.0" />
  <Point X="92.0" Y="171.92454074577293" />
  <Point X="92.0" Y="171.0" />
  <Point X="93.0" Y="170.0" />
  <Point X="93.81382228192103" Y="169.18617771807897" />
  <Point X="94.0" Y="169.0" />
  <Point X="95.0" Y="169.0" />
  <Point X="95.0" Y="168.0" />
  <Point X="96.0" Y="168.0" />
  <Point X="96.16007325110174" Y="167.83992674889828" />
  <Point X="97.0" Y="167.0" />
  <Point X="97.0" Y="166.0" />
  <Point X="98.0" Y="166.0" />
  <Point X="98.21343100146898" Y="165.786568998531" />
  <Point X="99.0" Y="165.0" />
  <Point X="100.0" Y="165.0" />
  <Point X="100.0" Y="164.0" />
  <Point X="100.37729627113539" Y="164.0" />
  <Point X="101.0" Y="164.0" />
  <Point X="102.0" Y="164.0" />
  <Point X="102.0" Y="163.0" />
  <Point X="102.86696908773557" Y="163.0" />
  <Point X="103.0" Y="163.0" />
  <Point X="104.0" Y="163.0" />
  <Point X="104.0" Y="162.0" />
  <Point X="105.0" Y="162.0" />
  <Point X="105.0" Y="161.64335809566427" />
  <Point X="105.0" Y="161.0" />
  <Point X="106.0" Y="161.0" />
  <Point X="107.0" Y="160.0" />
  <Point X="107.43210115856282" Y="160.0" />
  <Point X="108.0" Y="160.0" />
  <Point X="109.0" Y="160.0" />
  <Point X="109.0" Y="159.0" />
  <Point X="109.92177397516299" Y="159.0" />
  <Point X="110.0" Y="159.0" />
  <Point X="110.0" Y="158.0" />
  <Point X="111.0" Y="158.0" />
  <Point X="111.0" Y="157.0" />
  <Point X="111.41144679176317" Y="157.0" />
  <Point X="112.0" Y="157.0" />
  <Point X="113.0" Y="157.0" />
  <Point X="114.0" Y="156.0" />
  <Point X="114.48690604599025" Y="156.0" />
  <Point X="115.0" Y="156.0" />
  <Point X="116.0" Y="155.0" />
  <Point X="117.0" Y="155.0" />
  <Point X="117.56236530021734" Y="155.0" />
  <Point X="118.0" Y="155.0" />
  <Point X="118.0" Y="154.0" />
  <Point X="119.0" Y="154.0" />
  <Point X="119.74390328646838" Y="153.2560967135316" />
  <Point X="120.0" Y="153.0" />
  <Point X="121.0" Y="153.0" />
  <Point X="122.0" Y="152.0" />
  <Point X="122.71328380867149" Y="152.0" />
  <Point X="123.0" Y="152.0" />
  <Point X="124.0" Y="151.0" />
  <Point X="125.0" Y="151.0" />
  <Point X="125.70547324216903" Y="150.64726337891548" />
  <Point X="127.0" Y="150.0" />
  <Point X="127.0" Y="149.0" />
  <Point X="128.0" Y="149.0" />
  <Point X="128.04234790199897" Y="149.0" />
  <Point X="129.0" Y="149.0" />
  <Point X="130.0" Y="149.0" />
  <Point X="131.0" Y="148.0" />
  <Point X="131.11780715622604" Y="148.0" />
  <Point X="132.0" Y="148.0" />
  <Point X="133.0" Y="146.0" />
  <Point X="133.3714119953264" Y="146.0" />
  <Point X="134.0" Y="146.0" />
  <Point X="135.0" Y="146.0" />
  <Point X="136.0" Y="145.0" />
  <Point X="136.44687124955348" Y="145.0" />
  <Point X="137.0" Y="145.0" />
  <Point X="138.0" Y="144.0" />
  <Point X="139.0" Y="143.0" />
  <Point X="139.10811694140747" Y="143.0" />
  <Point X="140.0" Y="143.0" />
  <Point X="141.0" Y="143.0" />
  <Point X="142.0" Y="142.0" />
  <Point X="142.1298079727976" Y="141.8701920272024" />
  <Point X="143.0" Y="141.0" />
  <Point X="144.0" Y="140.0" />
  <Point X="144.59737928553795" Y="139.40262071446205" />
  <Point X="145.0" Y="139.0" />
  <Point X="146.0" Y="139.0" />
  <Point X="147.0" Y="138.0" />
  <Point X="147.5060675793425" Y="138.0" />
  <Point X="148.0" Y="138.0" />
  <Point X="149.0" Y="137.0" />
  <Point X="150.0" Y="136.0" />
  <Point X="150.1673132711965" Y="136.0" />
  <Point X="151.0" Y="136.0" />
  <Point X="152.0" Y="135.0" />
  <Point X="153.0" Y="135.0" />
  <Point X="153.0" Y="134.75722747457644" />
  <Point X="153.0" Y="134.0" />
  <Point X="154.0" Y="134.0" />
  <Point X="155.0" Y="134.0" />
  <Point X="155.0" Y="133.26755465797626" />
  <Point X="155.0" Y="133.0" />
  <Point X="156.0" Y="133.0" />
  <Point X="156.0" Y="132.0" />
  <Point X="157.09309571168797" Y="131.45345214415602" />
  <Point X="158.0" Y="131.0" />
  <Point X="159.0" Y="131.0" />
  <Point X="159.0" Y="130.0" />
  <Point X="159.4757229977243" Y="130.0" />
  <Point X="160.0" Y="130.0" />
  <Point X="160.0" Y="129.0" />
  <Point X="161.7579034574092" Y="128.1210482712954" />
  <Point X="162.0" Y="128.0" />
  <Point X="163.0" Y="128.0" />
  <Point X="164.0" Y="127.0" />
  <Point X="164.5690704094941" Y="126.43092959050591" />
  <Point X="165.0" Y="126.0" />
  <Point X="166.0" Y="125.0" />
  <Point X="167.0" Y="124.0" />
  <Point X="167.05181922053265" Y="124.0" />
  <Point X="168.0" Y="124.0" />
  <Point X="168.0" Y="123.0" />
  <Point X="169.0" Y="123.0" />
  <Point X="169.38289269141515" Y="122.61710730858486" />
  <Point X="170.0" Y="122.0" />
  <Point X="171.0" Y="121.0" />
  <Point X="172.0" Y="121.0" />
  <Point X="172.0" Y="120.79726227101318" />
  <Point X="172.0" Y="120.0" />
  <Point X="173.0" Y="120.0" />
  <Point X="173.0" Y="119.0" />
  <Point X="173.61931081930808" Y="118.69034459034596" />
  <Point X="175.0" Y="118.0" />
  <Point X="175.0" Y="117.0" />
  <Point X="175.94601538468737" Y="117.0" />
  <Point X="176.0" Y="117.0" />
  <Point X="177.0" Y="116.0" />
  <Point X="178.0" Y="116.0" />
  <Point X="178.0" Y="115.0" />
  <Point X="178.0" Y="114.97852536108554" />
  <Point X="178.0" Y="114.0" />
  <Point X="179.0" Y="114.0" />
  <Point X="179.0" Y="113.0" />
  <Point X="179.51114745551462" Y="113.0" />
  <Point X="180.0" Y="113.0" />
  <Point X="180.0" Y="112.0" />
  <Point X="181.0" Y="112.0" />
  <Point X="182.0" Y="112.0" />
  <Point X="182.0" Y="111.9991797278852" />
  <Point X="182.0" Y="111.0" />
  <Point X="183.0" Y="111.0" />
  <Point X="183.0" Y="110.0" />
  <Point X="183.49049308871497" Y="110.0" />
  <Point X="184.0" Y="110.0" />
  <Point X="184.0" Y="109.0" />
  <Point X="185.0" Y="109.0" />
  <Point X="185.98016590531515" Y="109.0" />
  <Point X="186.0" Y="109.0" />
  <Point X="186.0" Y="110.0" />
  <Point X="186.0" Y="111.0" />
  <Point X="185.0" Y="111.0" />
  <Point X="185.0" Y="111.46983872191532" />
  <Point X="185.0" Y="112.0" />
  <Point X="185.0" Y="113.0" />
  <Point X="185.0" Y="114.0" />
  <Point X="185.0" Y="114.9595115385155" />
  <Point X="185.0" Y="115.0" />
  <Point X="185.0" Y="116.0" />
  <Point X="185.0" Y="117.0" />
  <Point X="184.0" Y="117.0" />
  <Point X="184.0" Y="117.44918435511568" />
  <Point X="184.0" Y="118.0" />
  <Point X="184.0" Y="119.0" />
  <Point X="184.0" Y="120.0" />
  <Point X="184.0" Y="120.93885717171585" />
  <Point X="184.0" Y="121.0" />
  <Point X="184.0" Y="122.0" />
  <Point X="184.0" Y="123.0" />
  <Point X="183.0" Y="123.0" />
  <Point X="183.0" Y="123.42852998831603" />
  <Point X="183.0" Y="124.0" />
  <Point X="183.0" Y="125.0" />
  <Point X="183.0" Y="126.0" />
  <Point X="183.0" Y="126.9182028049162" />
  <Point X="183.0" Y="127.0" />
  <Point X="183.0" Y="128.0" />
  <Point X="183.0" Y="129.0" />
  <Point X="183.0" Y="130.0" />
  <Point X="182.7115883821451" Y="130.2884116178549" />
  <Point X="182.0" Y="131.0" />
  <Point X="182.0" Y="132.0" />
  <Point X="181.0" Y="132.0" />
  <Point X="181.0" Y="132.48333487574345" />
  <Point X="181.0" Y="133.0" />
  <Point X="181.0" Y="134.0" />
  <Point X="181.0" Y="135.0" />
  <Point X="181.0" Y="135.97300769234363" />
  <Point X="181.0" Y="136.0" />
  <Point X="181.0" Y="137.0" />
  <Point X="181.0" Y="138.0" />
  <Point X="180.0" Y="139.0" />
  <Point X="180.0" Y="139.0484669465707" />
  <Point X="180.0" Y="140.0" />
  <Point X="180.0" Y="141.0" />
  <Point X="180.0" Y="142.0" />
  <Point X="179.46186023682912" Y="142.0" />
  <Point X="179.0" Y="142.0" />
  <Point X="179.0" Y="144.0" />
  <Point X="179.0" Y="145.0" />
  <Point X="179.0" Y="145.02781257977105" />
  <Point X="179.0" Y="146.0" />
  <Point X="179.0" Y="147.0" />
  <Point X="178.0" Y="147.0" />
  <Point X="178.0" Y="147.51748539637123" />
  <Point X="178.0" Y="148.0" />
  <Point X="178.0" Y="149.0" />
  <Point X="177.0" Y="149.0" />
  <Point X="177.0" Y="150.0" />
  <Point X="177.0" Y="150.0071582129714" />
  <Point X="177.0" Y="151.0" />
  <Point X="177.0" Y="152.0" />
  <Point X="177.0" Y="153.0" />
  <Point X="176.64868740988604" Y="153.35131259011396" />
  <Point X="176.0" Y="154.0" />
  <Point X="176.0" Y="155.0" />
  <Point X="176.0" Y="156.0" />
  <Point X="175.42770971620132" Y="156.0" />
  <Point X="175.0" Y="156.0" />
  <Point X="175.0" Y="157.0" />
  <Point X="175.0" Y="158.0" />
  <Point X="175.0" Y="159.0" />
  <Point X="175.0" Y="159.06196310039886" />
  <Point X="175.0" Y="160.0" />
  <Point X="174.0" Y="160.0" />
  <Point X="174.0" Y="161.0" />
  <Point X="173.44836408300097" Y="161.0" />
  <Point X="173.0" Y="161.0" />
  <Point X="173.0" Y="162.0" />
  <Point X="173.0" Y="163.0" />
  <Point X="173.0" Y="164.0" />
  <Point X="173.0" Y="164.0413087335992" />
  <Point X="173.0" Y="165.0" />
  <Point X="173.0" Y="166.0" />
  <Point X="173.0" Y="167.0" />
  <Point X="173.0" Y="167.53098155019939" />
  <Point X="173.0" Y="168.0" />
  <Point X="172.0" Y="168.0" />
  <Point X="171.0" Y="168.0" />
  <Point X="171.0" Y="167.0" />
  <Point X="171.0" Y="166.97934563320044" />
  <Point X="171.0" Y="166.0" />
  <Point X="171.0" Y="165.0" />
  <Point X="171.0" Y="164.0" />
  <Point X="171.0" Y="163.48967281660026" />
  <Point X="171.0" Y="163.0" />
  <Point X="170.0" Y="163.0" />
  <Point X="170.0" Y="162.0" />
  <Point X="170.0" Y="161.00000000000009" />
  <Point X="170.0" Y="161.0" />
</Project_1_Part_4>
