<?xml version="1.0" encoding="utf-8" standalone="yes"?>
<Gesture Name="caret2" Subject="1" Number="1" NumPts="262">
  <Point X="47.0" Y="171.0" />
  <Point X="47.0" Y="170.0" />
  <Point X="47.0" Y="169.0" />
  <Point X="47.0" Y="168.0" />
  <Point X="47.0" Y="167.63200371136392" />
  <Point X="47.0" Y="167.0" />
  <Point X="47.0" Y="166.0" />
  <Point X="47.0" Y="164.26400742272784" />
  <Point X="47.0" Y="164.0" />
  <Point X="48.0" Y="164.0" />
  <Point X="48.0" Y="163.0" />
  <Point X="48.0" Y="162.0" />
  <Point X="48.10398886590824" Y="162.0" />
  <Point X="49.0" Y="162.0" />
  <Point X="49.0" Y="161.0" />
  <Point X="49.0" Y="160.0" />
  <Point X="49.0" Y="159.52801484545566" />
  <Point X="49.0" Y="159.0" />
  <Point X="50.0" Y="158.0" />
  <Point X="50.0" Y="157.0" />
  <Point X="50.0" Y="156.57423211919266" />
  <Point X="50.0" Y="156.0" />
  <Point X="51.0" Y="155.0" />
  <Point X="51.0" Y="154.0" />
  <Point X="51.379550607070335" Y="154.0" />
  <Point X="52.0" Y="154.0" />
  <Point X="52.0" Y="153.0" />
  <Point X="52.0" Y="152.0" />
  <Point X="52.0" Y="151.25245310429358" />
  <Point X="52.0" Y="151.0" />
  <Point X="53.0" Y="150.0" />
  <Point X="54.0" Y="150.0" />
  <Point X="54.0" Y="149.29867037803058" />
  <Point X="54.0" Y="149.0" />
  <Point X="54.0" Y="148.0" />
  <Point X="55.0" Y="147.0" />
  <Point X="55.0" Y="146.34488765176758" />
  <Point X="55.0" Y="146.0" />
  <Point X="56.0" Y="146.0" />
  <Point X="56.0" Y="145.0" />
  <Point X="56.0" Y="144.0" />
  <Point X="56.02310863686851" Y="144.0" />
  <Point X="57.0" Y="144.0" />
  <Point X="57.0" Y="143.0" />
  <Point X="57.98365972616631" Y="142.0163402738337" />
  <Point X="58.0" Y="142.0" />
  <Point X="58.0" Y="141.0" />
  <Point X="59.0" Y="141.0" />
  <Point X="59.0" Y="140.0" />
  <Point X="59.0" Y="139.65511234823242" />
  <Point X="59.0" Y="139.0" />
  <Point X="60.0" Y="139.0" />
  <Point X="60.0" Y="138.0" />
  <Point X="60.712883940403664" Y="138.0" />
  <Point X="61.0" Y="138.0" />
  <Point X="61.0" Y="137.0" />
  <Point X="62.0" Y="136.0" />
  <Point X="62.0" Y="135.33333333333334" />
  <Point X="62.0" Y="135.0" />
  <Point X="63.0" Y="135.0" />
  <Point X="63.0" Y="134.0" />
  <Point X="63.0" Y="133.0" />
  <Point X="63.03466295530274" Y="133.0" />
  <Point X="64.0" Y="133.0" />
  <Point X="64.0" Y="132.0" />
  <Point X="64.99182986308314" Y="131.00817013691685" />
  <Point X="65.0" Y="131.0" />
  <Point X="65.0" Y="130.0" />
  <Point X="66.0" Y="130.0" />
  <Point X="66.95914931541576" Y="129.04085068458426" />
  <Point X="67.0" Y="129.0" />
  <Point X="67.0" Y="128.0" />
  <Point X="68.0" Y="127.0" />
  <Point X="68.0" Y="126.10398886590828" />
  <Point X="68.0" Y="126.0" />
  <Point X="69.0" Y="126.0" />
  <Point X="70.0" Y="125.0" />
  <Point X="70.0" Y="124.15020613964528" />
  <Point X="70.0" Y="124.0" />
  <Point X="71.0" Y="124.0" />
  <Point X="71.0" Y="123.0" />
  <Point X="71.86110767241358" Y="122.13889232758642" />
  <Point X="72.0" Y="122.0" />
  <Point X="72.0" Y="121.0" />
  <Point X="73.0" Y="121.0" />
  <Point X="74.0" Y="121.0" />
  <Point X="74.0" Y="120.82842712474618" />
  <Point X="74.0" Y="120.0" />
  <Point X="75.0" Y="119.0" />
  <Point X="75.0" Y="118.0" />
  <Point X="75.08863979589225" Y="117.91136020410775" />
  <Point X="76.0" Y="117.0" />
  <Point X="77.0" Y="117.0" />
  <Point X="77.0" Y="116.0" />
  <Point X="77.07913832777979" Y="116.0" />
  <Point X="78.0" Y="116.0" />
  <Point X="78.0" Y="115.0" />
  <Point X="79.0" Y="114.0" />
  <Point X="79.0" Y="113.96707894595721" />
  <Point X="79.0" Y="113.0" />
  <Point X="80.0" Y="113.0" />
  <Point X="80.0" Y="112.0" />
  <Point X="80.40091734267888" Y="112.0" />
  <Point X="81.0" Y="112.0" />
  <Point X="81.0" Y="111.0" />
  <Point X="82.0" Y="111.0" />
  <Point X="82.54370404284958" Y="110.45629595715042" />
  <Point X="83.0" Y="110.0" />
  <Point X="83.0" Y="109.0" />
  <Point X="84.0" Y="109.0" />
  <Point X="84.0" Y="108.27730364242204" />
  <Point X="84.0" Y="108.0" />
  <Point X="85.0" Y="107.0" />
  <Point X="86.0" Y="107.0" />
  <Point X="86.4783429475148" Y="106.5216570524852" />
  <Point X="87.0" Y="106.0" />
  <Point X="87.0" Y="105.0" />
  <Point X="88.0" Y="105.0" />
  <Point X="88.63026181010395" Y="105.0" />
  <Point X="89.0" Y="105.0" />
  <Point X="89.0" Y="104.0" />
  <Point X="89.0" Y="103.0" />
  <Point X="89.99825809874004" Y="103.0" />
  <Point X="90.0" Y="103.0" />
  <Point X="91.0" Y="102.0" />
  <Point X="92.0" Y="101.0" />
  <Point X="92.38030130451263" Y="100.61969869548737" />
  <Point X="93.0" Y="100.0" />
  <Point X="94.0" Y="100.0" />
  <Point X="94.0" Y="99.0" />
  <Point X="94.0" Y="98.50839001110707" />
  <Point X="94.0" Y="98.0" />
  <Point X="95.0" Y="98.0" />
  <Point X="96.0" Y="97.0" />
  <Point X="96.0" Y="96.55460728484407" />
  <Point X="96.0" Y="96.0" />
  <Point X="97.0" Y="96.0" />
  <Point X="97.0" Y="95.0" />
  <Point X="97.81338900379203" Y="95.0" />
  <Point X="98.0" Y="95.0" />
  <Point X="98.0" Y="94.0" />
  <Point X="99.0" Y="94.0" />
  <Point X="100.0" Y="94.0" />
  <Point X="100.0" Y="93.81861470757188" />
  <Point X="100.0" Y="93.0" />
  <Point X="101.0" Y="93.0" />
  <Point X="101.0" Y="92.0" />
  <Point X="101.54938158106421" Y="92.0" />
  <Point X="102.0" Y="92.0" />
  <Point X="103.0" Y="92.0" />
  <Point X="103.0" Y="93.0" />
  <Point X="103.0" Y="93.9173778697003" />
  <Point X="103.0" Y="94.0" />
  <Point X="103.0" Y="95.0" />
  <Point X="104.0" Y="95.0" />
  <Point X="104.0" Y="96.0" />
  <Point X="104.0" Y="96.2853741583364" />
  <Point X="104.0" Y="97.0" />
  <Point X="104.0" Y="98.0" />
  <Point X="105.0" Y="99.0" />
  <Point X="105.0" Y="99.2391568845994" />
  <Point X="105.0" Y="100.0" />
  <Point X="105.0" Y="101.0" />
  <Point X="106.0" Y="102.0" />
  <Point X="106.0" Y="102.1929396108624" />
  <Point X="106.0" Y="103.0" />
  <Point X="106.0" Y="104.0" />
  <Point X="107.0" Y="104.0" />
  <Point X="107.0" Y="104.56093589949849" />
  <Point X="107.0" Y="105.0" />
  <Point X="107.0" Y="106.0" />
  <Point X="107.0" Y="107.0" />
  <Point X="107.65685424949241" Y="107.65685424949241" />
  <Point X="108.0" Y="108.0" />
  <Point X="108.0" Y="109.0" />
  <Point X="108.0" Y="110.0" />
  <Point X="108.0" Y="110.88271491439757" />
  <Point X="108.0" Y="111.0" />
  <Point X="108.0" Y="112.0" />
  <Point X="109.0" Y="112.0" />
  <Point X="109.0" Y="113.0" />
  <Point X="109.0" Y="113.25071120303366" />
  <Point X="109.0" Y="114.0" />
  <Point X="110.0" Y="114.0" />
  <Point X="110.0" Y="115.0" />
  <Point X="110.0" Y="115.61870749166975" />
  <Point X="110.0" Y="116.0" />
  <Point X="110.0" Y="117.0" />
  <Point X="111.0" Y="117.0" />
  <Point X="111.0" Y="117.98670378030585" />
  <Point X="111.0" Y="118.0" />
  <Point X="111.0" Y="119.0" />
  <Point X="111.0" Y="120.0" />
  <Point X="111.0" Y="121.0" />
  <Point X="111.35470006894194" Y="121.0" />
  <Point X="112.0" Y="121.0" />
  <Point X="112.0" Y="122.0" />
  <Point X="112.0" Y="123.0" />
  <Point X="112.0" Y="123.72269635757803" />
  <Point X="112.0" Y="124.0" />
  <Point X="113.0" Y="125.0" />
  <Point X="113.0" Y="126.0" />
  <Point X="113.0" Y="126.67647908384103" />
  <Point X="113.0" Y="127.0" />
  <Point X="113.0" Y="128.0" />
  <Point X="114.0" Y="128.0" />
  <Point X="114.0" Y="129.0" />
  <Point X="114.04447537247712" Y="129.0" />
  <Point X="115.0" Y="129.0" />
  <Point X="115.0" Y="130.0" />
  <Point X="115.0" Y="131.0" />
  <Point X="115.0" Y="131.41247166111322" />
  <Point X="115.0" Y="132.0" />
  <Point X="115.0" Y="133.0" />
  <Point X="116.0" Y="133.0" />
  <Point X="116.0" Y="133.7804679497493" />
  <Point X="116.0" Y="134.0" />
  <Point X="116.0" Y="135.0" />
  <Point X="117.0" Y="135.0" />
  <Point X="117.0" Y="136.0" />
  <Point X="117.0" Y="136.14846423838537" />
  <Point X="117.0" Y="137.0" />
  <Point X="118.0" Y="138.0" />
  <Point X="118.77940630324515" Y="138.77940630324514" />
  <Point X="119.0" Y="139.0" />
  <Point X="119.0" Y="140.0" />
  <Point X="119.0" Y="141.0" />
  <Point X="120.0" Y="141.0" />
  <Point X="120.0" Y="141.05602969091134" />
  <Point X="120.0" Y="142.0" />
  <Point X="120.0" Y="143.0" />
  <Point X="120.0" Y="144.0" />
  <Point X="120.42402597954744" Y="144.0" />
  <Point X="121.0" Y="144.0" />
  <Point X="121.0" Y="145.0" />
  <Point X="121.0" Y="146.0" />
  <Point X="121.79202226818353" Y="146.0" />
  <Point X="122.0" Y="146.0" />
  <Point X="123.0" Y="146.0" />
  <Point X="123.0" Y="147.0" />
  <Point X="123.0" Y="148.0" />
  <Point X="123.16001855681962" Y="148.0" />
  <Point X="124.0" Y="148.0" />
  <Point X="124.0" Y="149.0" />
  <Point X="124.0" Y="150.0" />
  <Point X="124.0" Y="150.52801484545571" />
  <Point X="124.0" Y="151.0" />
  <Point X="125.0" Y="151.0" />
  <Point X="125.0" Y="152.0" />
  <Point X="125.89601113409181" Y="152.0" />
  <Point X="126.0" Y="152.0" />
  <Point X="126.0" Y="151.0" />
  <Point X="126.0" Y="150.0" />
  <Point X="127.0" Y="150.0" />
  <Point X="127.0" Y="149.7359925772721" />
  <Point X="127.0" Y="149.0" />
  <Point X="127.0" Y="148.0" />
  <Point X="127.0" Y="147.0" />
  <Point X="127.63200371136399" Y="147.0" />
  <Point X="128.0" Y="147.0" />
  <Point X="128.0" Y="146.0" />
  <Point X="128.0" Y="144.0" />
</Project_1_Part_4>
