<?xml version="1.0" encoding="utf-8" standalone="yes"?>
<Gesture Name="caret10" Subject="1" Number="1" NumPts="264">
  <Point X="87.0" Y="148.0" />
  <Point X="87.0" Y="147.0" />
  <Point X="88.0" Y="147.0" />
  <Point X="88.0" Y="146.0" />
  <Point X="88.0" Y="145.5581897186675" />
  <Point X="88.0" Y="145.0" />
  <Point X="89.0" Y="145.0" />
  <Point X="89.0" Y="144.0" />
  <Point X="89.88362056266497" Y="144.0" />
  <Point X="90.0" Y="144.0" />
  <Point X="91.0" Y="143.0" />
  <Point X="92.0" Y="142.0" />
  <Point X="92.0" Y="141.50299628074873" />
  <Point X="92.0" Y="141.0" />
  <Point X="93.0" Y="141.0" />
  <Point X="93.0" Y="140.0" />
  <Point X="93.93881400058375" Y="140.0" />
  <Point X="94.0" Y="140.0" />
  <Point X="95.0" Y="140.0" />
  <Point X="95.0" Y="139.0" />
  <Point X="96.0" Y="139.0" />
  <Point X="96.0" Y="138.61937571808377" />
  <Point X="96.0" Y="138.0" />
  <Point X="97.0" Y="138.0" />
  <Point X="97.0" Y="137.0" />
  <Point X="97.8224345632487" Y="137.0" />
  <Point X="98.0" Y="137.0" />
  <Point X="98.0" Y="136.0" />
  <Point X="99.0" Y="136.0" />
  <Point X="99.89395610268349" Y="135.1060438973165" />
  <Point X="100.0" Y="135.0" />
  <Point X="101.0" Y="134.0" />
  <Point X="101.0" Y="133.0" />
  <Point X="101.87762800116748" Y="133.0" />
  <Point X="102.0" Y="133.0" />
  <Point X="102.0" Y="132.0" />
  <Point X="103.0" Y="132.0" />
  <Point X="103.93298375691286" Y="131.06701624308715" />
  <Point X="104.0" Y="131.0" />
  <Point X="105.0" Y="130.0" />
  <Point X="105.0" Y="129.0" />
  <Point X="105.93282143908625" Y="129.0" />
  <Point X="106.0" Y="129.0" />
  <Point X="106.0" Y="128.0" />
  <Point X="107.0" Y="128.0" />
  <Point X="107.97201141114222" Y="127.02798858885778" />
  <Point X="108.0" Y="127.0" />
  <Point X="108.0" Y="126.0" />
  <Point X="109.0" Y="126.0" />
  <Point X="109.0" Y="125.0" />
  <Point X="109.28441845707036" Y="124.71558154292964" />
  <Point X="110.0" Y="124.0" />
  <Point X="110.0" Y="123.0" />
  <Point X="111.42982515833752" Y="123.0" />
  <Point X="112.0" Y="123.0" />
  <Point X="112.0" Y="122.0" />
  <Point X="112.0" Y="121.0" />
  <Point X="112.87163543967" Y="121.0" />
  <Point X="113.0" Y="121.0" />
  <Point X="113.0" Y="120.0" />
  <Point X="114.0" Y="120.0" />
  <Point X="114.92874637604132" Y="119.07125362395868" />
  <Point X="115.0" Y="119.0" />
  <Point X="116.0" Y="118.0" />
  <Point X="117.0" Y="117.0" />
  <Point X="117.0" Y="116.4873846847843" />
  <Point X="117.0" Y="116.0" />
  <Point X="118.0" Y="115.0" />
  <Point X="119.0" Y="114.0" />
  <Point X="119.12599847180199" Y="114.0" />
  <Point X="120.0" Y="114.0" />
  <Point X="120.0" Y="113.0" />
  <Point X="121.0" Y="112.0" />
  <Point X="121.0" Y="111.84640480923862" />
  <Point X="121.0" Y="111.0" />
  <Point X="122.0" Y="111.0" />
  <Point X="122.7134870174554" Y="109.57302596508919" />
  <Point X="123.0" Y="109.0" />
  <Point X="124.0" Y="109.0" />
  <Point X="124.0" Y="108.0" />
  <Point X="124.80114777592657" Y="108.0" />
  <Point X="125.0" Y="108.0" />
  <Point X="125.0" Y="107.0" />
  <Point X="126.0" Y="106.0" />
  <Point X="126.0" Y="105.17125550511405" />
  <Point X="126.0" Y="105.0" />
  <Point X="127.0" Y="105.0" />
  <Point X="127.0" Y="104.0" />
  <Point X="127.0" Y="103.0" />
  <Point X="127.27055477621843" Y="103.0" />
  <Point X="128.0" Y="103.0" />
  <Point X="128.0" Y="102.0" />
  <Point X="129.0" Y="102.0" />
  <Point X="129.5037181628746" Y="101.49628183712541" />
  <Point X="130.0" Y="101.0" />
  <Point X="130.0" Y="100.0" />
  <Point X="131.0" Y="100.0" />
  <Point X="131.52323198998928" Y="99.47676801001072" />
  <Point X="132.0" Y="99.0" />
  <Point X="132.0" Y="98.0" />
  <Point X="133.0" Y="97.0" />
  <Point X="133.24985259829052" Y="96.75014740170948" />
  <Point X="134.0" Y="96.0" />
  <Point X="134.0" Y="95.0" />
  <Point X="135.0" Y="95.0" />
  <Point X="135.0" Y="94.619058347944" />
  <Point X="135.0" Y="94.0" />
  <Point X="136.0" Y="94.0" />
  <Point X="136.0" Y="93.0" />
  <Point X="136.82275193338847" Y="93.0" />
  <Point X="137.0" Y="93.0" />
  <Point X="137.0" Y="92.0" />
  <Point X="137.0" Y="91.0" />
  <Point X="138.0" Y="91.0" />
  <Point X="138.0" Y="90.73543778527905" />
  <Point X="138.0" Y="90.0" />
  <Point X="138.0" Y="89.0" />
  <Point X="139.0" Y="89.0" />
  <Point X="139.49948078200305" Y="88.50051921799695" />
  <Point X="140.0" Y="88.0" />
  <Point X="140.0" Y="87.0" />
  <Point X="141.0" Y="87.0" />
  <Point X="141.0" Y="86.26603078498718" />
  <Point X="141.0" Y="86.0" />
  <Point X="141.0" Y="85.0" />
  <Point X="142.0" Y="85.0" />
  <Point X="142.0" Y="86.0" />
  <Point X="142.0" Y="86.1757794963453" />
  <Point X="142.0" Y="87.0" />
  <Point X="142.0" Y="88.0" />
  <Point X="143.0" Y="88.0" />
  <Point X="143.0" Y="88.61758977767778" />
  <Point X="143.0" Y="89.0" />
  <Point X="143.0" Y="90.0" />
  <Point X="143.0" Y="91.0" />
  <Point X="143.74910896571558" Y="91.74910896571558" />
  <Point X="144.0" Y="92.0" />
  <Point X="144.0" Y="93.0" />
  <Point X="144.0" Y="94.0" />
  <Point X="145.0" Y="94.0" />
  <Point X="145.0" Y="94.08699677796965" />
  <Point X="145.0" Y="95.0" />
  <Point X="145.0" Y="96.0" />
  <Point X="145.0" Y="97.0" />
  <Point X="145.0" Y="97.52880705930212" />
  <Point X="145.0" Y="98.0" />
  <Point X="146.0" Y="99.0" />
  <Point X="146.0" Y="100.0" />
  <Point X="146.0" Y="100.55640377826151" />
  <Point X="146.0" Y="101.0" />
  <Point X="146.0" Y="102.0" />
  <Point X="146.0" Y="103.0" />
  <Point X="146.0" Y="103.99821405959399" />
  <Point X="146.0" Y="104.0" />
  <Point X="146.0" Y="105.0" />
  <Point X="147.0" Y="106.0" />
  <Point X="147.0" Y="107.02581077855338" />
  <Point X="147.0" Y="108.0" />
  <Point X="147.0" Y="109.0" />
  <Point X="147.0" Y="110.0" />
  <Point X="147.0" Y="110.46762105988586" />
  <Point X="147.0" Y="111.0" />
  <Point X="147.0" Y="112.0" />
  <Point X="147.0" Y="113.0" />
  <Point X="147.0" Y="113.90943134121834" />
  <Point X="147.0" Y="114.0" />
  <Point X="147.0" Y="115.0" />
  <Point X="148.0" Y="115.0" />
  <Point X="148.0" Y="116.0" />
  <Point X="148.0" Y="116.35124162255082" />
  <Point X="148.0" Y="117.0" />
  <Point X="148.0" Y="118.0" />
  <Point X="148.0" Y="119.0" />
  <Point X="148.0" Y="119.7930519038833" />
  <Point X="148.0" Y="120.0" />
  <Point X="148.0" Y="121.0" />
  <Point X="149.0" Y="121.0" />
  <Point X="149.0" Y="122.0" />
  <Point X="149.0" Y="122.23486218521577" />
  <Point X="149.0" Y="123.0" />
  <Point X="149.0" Y="124.0" />
  <Point X="149.0" Y="125.0" />
  <Point X="149.0" Y="125.67667246654825" />
  <Point X="149.0" Y="126.0" />
  <Point X="149.0" Y="127.0" />
  <Point X="149.0" Y="128.0" />
  <Point X="149.79088673566665" Y="128.79088673566665" />
  <Point X="150.0" Y="129.0" />
  <Point X="150.0" Y="130.0" />
  <Point X="150.0" Y="131.0" />
  <Point X="150.0" Y="132.0" />
  <Point X="150.0" Y="132.14607946684015" />
  <Point X="150.0" Y="133.0" />
  <Point X="150.0" Y="134.0" />
  <Point X="150.0" Y="135.0" />
  <Point X="150.0" Y="135.58788974817264" />
  <Point X="150.0" Y="136.0" />
  <Point X="150.0" Y="137.0" />
  <Point X="150.0" Y="138.0" />
  <Point X="150.0" Y="139.0" />
  <Point X="150.02970002950514" Y="139.0" />
  <Point X="151.0" Y="139.0" />
  <Point X="151.0" Y="140.0" />
  <Point X="151.0" Y="141.0" />
  <Point X="151.0" Y="141.47151031083763" />
  <Point X="151.0" Y="142.0" />
  <Point X="151.0" Y="143.0" />
  <Point X="151.0" Y="144.0" />
  <Point X="151.0" Y="144.91332059217012" />
  <Point X="151.0" Y="145.0" />
  <Point X="151.0" Y="146.0" />
  <Point X="151.0" Y="147.0" />
  <Point X="151.95822223004893" Y="147.95822223004893" />
  <Point X="152.0" Y="148.0" />
  <Point X="152.0" Y="149.0" />
  <Point X="152.0" Y="150.0" />
  <Point X="152.0" Y="151.0" />
  <Point X="152.0" Y="151.38272759246198" />
  <Point X="152.0" Y="152.0" />
  <Point X="152.0" Y="153.0" />
  <Point X="152.0" Y="154.0" />
  <Point X="152.5830363219052" Y="154.5830363219052" />
  <Point X="153.0" Y="155.0" />
  <Point X="153.0" Y="156.0" />
  <Point X="153.0" Y="157.0" />
  <Point X="153.0" Y="157.85213459275386" />
  <Point X="153.0" Y="158.0" />
  <Point X="153.0" Y="159.0" />
  <Point X="153.0" Y="160.0" />
  <Point X="154.0" Y="160.0" />
  <Point X="154.0" Y="160.29394487408635" />
  <Point X="154.0" Y="161.0" />
  <Point X="154.0" Y="162.0" />
  <Point X="154.0" Y="163.0" />
  <Point X="154.0" Y="163.73575515541884" />
  <Point X="154.0" Y="164.0" />
  <Point X="154.0" Y="165.0" />
  <Point X="154.0" Y="166.0" />
  <Point X="154.0" Y="167.0" />
  <Point X="154.0" Y="167.17756543675134" />
  <Point X="154.0" Y="168.0" />
  <Point X="154.0" Y="169.0" />
  <Point X="154.0" Y="168.0" />
  <Point X="153.38062428191617" Y="168.0" />
  <Point X="153.0" Y="168.0" />
  <Point X="153.0" Y="167.0" />
  <Point X="152.0" Y="167.0" />
  <Point X="152.0" Y="166.0" />
  <Point X="152.0" Y="165.93881400058368" />
  <Point X="152.0" Y="165.0" />
  <Point X="151.0" Y="164.0" />
  <Point X="151.0" Y="163.0" />
  <Point X="150.93722113778435" Y="162.93722113778435" />
  <Point X="150.0" Y="162.0" />
  <Point X="150.0" Y="161.0" />
  <Point X="150.0" Y="160.0" />
  <Point X="149.88362056266487" Y="160.0" />
  <Point X="149.0" Y="160.0" />
  <Point X="149.0" Y="159.0" />
  <Point X="148.0" Y="159.0" />
  <Point X="148.0" Y="158.44181028133238" />
  <Point X="148.0" Y="158.0" />
  <Point X="148.0" Y="156.0" />
  <Point X="147.0" Y="156.0" />
</Project_1_Part_4>
