<?xml version="1.0" encoding="utf-8" standalone="yes"?>
<Gesture Name="caret7" Subject="1" Number="1" NumPts="215">
  <Point X="67.0" Y="134.0" />
  <Point X="68.0" Y="134.0" />
  <Point X="69.0" Y="134.0" />
  <Point X="69.57038972678309" Y="134.0" />
  <Point X="70.0" Y="134.0" />
  <Point X="71.0" Y="134.0" />
  <Point X="72.0" Y="134.0" />
  <Point X="72.09954610626839" Y="133.90045389373162" />
  <Point X="73.0" Y="133.0" />
  <Point X="74.0" Y="133.0" />
  <Point X="74.0" Y="132.70304438202382" />
  <Point X="74.0" Y="132.0" />
  <Point X="75.0" Y="132.0" />
  <Point X="75.86734534475927" Y="132.0" />
  <Point X="76.0" Y="132.0" />
  <Point X="76.0" Y="131.0" />
  <Point X="77.0" Y="131.0" />
  <Point X="77.0" Y="130.56226492845764" />
  <Point X="77.0" Y="130.0" />
  <Point X="78.0" Y="130.0" />
  <Point X="79.0" Y="130.0" />
  <Point X="79.0057450999917" Y="129.9942549000083" />
  <Point X="80.0" Y="129.0" />
  <Point X="81.0" Y="129.0" />
  <Point X="81.0" Y="128.83569903726453" />
  <Point X="81.0" Y="128.0" />
  <Point X="82.0" Y="128.0" />
  <Point X="82.5195047686332" Y="127.4804952313668" />
  <Point X="83.0" Y="127.0" />
  <Point X="84.0" Y="127.0" />
  <Point X="84.62993799354722" Y="126.37006200645278" />
  <Point X="85.0" Y="126.0" />
  <Point X="86.0" Y="126.0" />
  <Point X="86.74037121846123" Y="125.25962878153877" />
  <Point X="87.0" Y="125.0" />
  <Point X="88.0" Y="125.0" />
  <Point X="88.85080444337525" Y="124.14919555662475" />
  <Point X="89.0" Y="124.0" />
  <Point X="89.0" Y="123.0" />
  <Point X="90.0" Y="123.0" />
  <Point X="90.35939534715857" Y="123.0" />
  <Point X="91.0" Y="123.0" />
  <Point X="92.0" Y="122.0" />
  <Point X="92.36456411201674" Y="121.63543588798326" />
  <Point X="93.0" Y="121.0" />
  <Point X="94.0" Y="121.0" />
  <Point X="94.47499733693076" Y="120.52500266306924" />
  <Point X="95.0" Y="120.0" />
  <Point X="95.0" Y="119.0" />
  <Point X="95.82792384038858" Y="119.0" />
  <Point X="96.0" Y="119.0" />
  <Point X="97.0" Y="118.0" />
  <Point X="97.69586378675879" Y="117.30413621324121" />
  <Point X="98.0" Y="117.0" />
  <Point X="99.9143212019893" Y="116.04283939900536" />
  <Point X="100.0" Y="116.0" />
  <Point X="100.0" Y="115.0" />
  <Point X="101.0" Y="115.0" />
  <Point X="101.0" Y="114.52540208150812" />
  <Point X="101.0" Y="114.0" />
  <Point X="102.0" Y="114.0" />
  <Point X="102.7389178502301" Y="113.2610821497699" />
  <Point X="103.0" Y="113.0" />
  <Point X="104.0" Y="112.0" />
  <Point X="104.0" Y="111.21304975268812" />
  <Point X="104.0" Y="111.0" />
  <Point X="105.0" Y="111.0" />
  <Point X="106.0" Y="111.0" />
  <Point X="106.0" Y="110.64266002590503" />
  <Point X="106.0" Y="110.0" />
  <Point X="107.0" Y="110.0" />
  <Point X="107.65600396259904" Y="109.34399603740096" />
  <Point X="108.0" Y="109.0" />
  <Point X="109.0" Y="108.0" />
  <Point X="109.0" Y="107.33030769708503" />
  <Point X="109.0" Y="107.0" />
  <Point X="110.0" Y="107.0" />
  <Point X="110.87687041242708" Y="106.12312958757292" />
  <Point X="111.0" Y="106.0" />
  <Point X="112.0" Y="106.0" />
  <Point X="112.0" Y="105.0" />
  <Point X="112.39625819410807" Y="105.0" />
  <Point X="113.0" Y="105.0" />
  <Point X="113.0" Y="104.0" />
  <Point X="113.96664792089116" Y="104.0" />
  <Point X="114.0" Y="104.0" />
  <Point X="115.0" Y="103.0" />
  <Point X="115.0" Y="102.0" />
  <Point X="115.12282408530116" Y="102.0" />
  <Point X="116.0" Y="102.0" />
  <Point X="117.0" Y="101.0" />
  <Point X="117.0" Y="100.72099975028884" />
  <Point X="117.0" Y="100.0" />
  <Point X="118.0" Y="100.0" />
  <Point X="118.84938997649425" Y="100.0" />
  <Point X="119.0" Y="100.0" />
  <Point X="119.0" Y="99.0" />
  <Point X="120.0" Y="99.0" />
  <Point X="120.0" Y="98.58022029672266" />
  <Point X="120.0" Y="98.0" />
  <Point X="121.0" Y="98.0" />
  <Point X="121.70015551851935" Y="97.29984448148065" />
  <Point X="122.0" Y="97.0" />
  <Point X="123.0" Y="97.0" />
  <Point X="123.0" Y="96.0" />
  <Point X="123.14634559447043" Y="96.0" />
  <Point X="124.0" Y="96.0" />
  <Point X="124.0" Y="95.0" />
  <Point X="124.71673532125352" Y="95.0" />
  <Point X="125.0" Y="95.0" />
  <Point X="125.0" Y="94.0" />
  <Point X="126.0" Y="94.0" />
  <Point X="126.28712504803661" Y="94.0" />
  <Point X="127.0" Y="94.0" />
  <Point X="127.0" Y="93.0" />
  <Point X="127.8575147748197" Y="93.0" />
  <Point X="128.0" Y="93.0" />
  <Point X="128.0" Y="92.0" />
  <Point X="129.0" Y="91.0" />
  <Point X="129.0136909392297" Y="91.0" />
  <Point X="130.0" Y="91.0" />
  <Point X="131.0" Y="91.0" />
  <Point X="131.0" Y="90.41591933398722" />
  <Point X="131.0" Y="90.0" />
  <Point X="132.0" Y="90.0" />
  <Point X="132.0" Y="89.0" />
  <Point X="132.15447039279587" Y="89.0" />
  <Point X="133.0" Y="89.0" />
  <Point X="133.0" Y="88.0" />
  <Point X="133.72486011957898" Y="88.0" />
  <Point X="134.0" Y="88.0" />
  <Point X="135.0" Y="88.0" />
  <Point X="136.0" Y="88.0" />
  <Point X="136.0" Y="88.29524984636207" />
  <Point X="136.0" Y="89.0" />
  <Point X="136.0" Y="90.0" />
  <Point X="136.0" Y="90.86563957314516" />
  <Point X="136.0" Y="91.0" />
  <Point X="136.0" Y="92.0" />
  <Point X="136.0" Y="93.0" />
  <Point X="136.0" Y="93.43602929992825" />
  <Point X="136.0" Y="94.0" />
  <Point X="136.0" Y="95.0" />
  <Point X="136.0" Y="96.0" />
  <Point X="136.0" Y="96.00641902671134" />
  <Point X="136.0" Y="97.0" />
  <Point X="136.0" Y="98.0" />
  <Point X="136.0" Y="98.57680875349443" />
  <Point X="136.0" Y="99.0" />
  <Point X="136.0" Y="100.0" />
  <Point X="136.0" Y="101.0" />
  <Point X="136.0" Y="101.14719848027752" />
  <Point X="136.0" Y="102.0" />
  <Point X="136.0" Y="103.0" />
  <Point X="136.0" Y="103.71758820706061" />
  <Point X="136.0" Y="104.0" />
  <Point X="136.0" Y="105.0" />
  <Point X="136.0" Y="106.0" />
  <Point X="136.0" Y="106.2879779338437" />
  <Point X="136.0" Y="107.0" />
  <Point X="136.0" Y="108.0" />
  <Point X="136.0" Y="108.8583676606268" />
  <Point X="136.0" Y="109.0" />
  <Point X="136.0" Y="110.0" />
  <Point X="136.0" Y="111.0" />
  <Point X="136.0" Y="111.42875738740989" />
  <Point X="136.0" Y="112.0" />
  <Point X="136.0" Y="113.0" />
  <Point X="136.0" Y="113.99914711419298" />
  <Point X="136.0" Y="114.0" />
  <Point X="136.0" Y="115.0" />
  <Point X="136.0" Y="116.0" />
  <Point X="136.0" Y="116.56953684097607" />
  <Point X="136.0" Y="117.0" />
  <Point X="136.0" Y="118.0" />
  <Point X="136.0" Y="119.0" />
  <Point X="136.0" Y="119.13992656775916" />
  <Point X="136.0" Y="120.0" />
  <Point X="136.0" Y="121.0" />
  <Point X="136.0" Y="121.71031629454225" />
  <Point X="136.0" Y="122.0" />
  <Point X="136.0" Y="123.0" />
  <Point X="136.0" Y="124.0" />
  <Point X="136.0" Y="124.28070602132534" />
  <Point X="136.0" Y="125.0" />
  <Point X="135.0" Y="126.0" />
  <Point X="135.0" Y="126.43688218573534" />
  <Point X="135.0" Y="127.0" />
  <Point X="135.0" Y="128.0" />
  <Point X="134.0" Y="128.0" />
  <Point X="134.0" Y="128.00727191251843" />
  <Point X="134.0" Y="129.0" />
  <Point X="134.0" Y="130.0" />
  <Point X="134.0" Y="130.57766163930154" />
  <Point X="134.0" Y="131.0" />
  <Point X="134.0" Y="132.0" />
  <Point X="134.0" Y="133.0" />
  <Point X="134.0" Y="133.14805136608464" />
  <Point X="134.0" Y="134.0" />
  <Point X="134.0" Y="135.0" />
  <Point X="134.0" Y="135.71844109286775" />
  <Point X="134.0" Y="136.0" />
  <Point X="134.0" Y="137.0" />
  <Point X="134.0" Y="138.0" />
  <Point X="134.0" Y="138.28883081965085" />
  <Point X="134.0" Y="139.0" />
  <Point X="134.0" Y="140.0" />
  <Point X="133.14077945356604" Y="140.0" />
  <Point X="133.0" Y="140.0" />
  <Point X="133.0" Y="139.0" />
  <Point X="133.0" Y="138.0" />
  <Point X="133.0" Y="137.57038972678293" />
  <Point X="133.0" Y="137.0" />
  <Point X="133.0" Y="136.0" />
  <Point X="133.0" Y="135.0" />
</Project_1_Part_4>
