<?xml version="1.0" encoding="utf-8" standalone="yes"?>
<Gesture Name="caret8" Subject="1" Number="1" NumPts="281">
  <Point X="111.0" Y="173.0" />
  <Point X="111.0" Y="172.0" />
  <Point X="111.0" Y="171.0" />
  <Point X="110.0" Y="171.0" />
  <Point X="110.0" Y="170.32281785954456" />
  <Point X="110.0" Y="170.0" />
  <Point X="110.0" Y="169.0" />
  <Point X="109.0" Y="169.0" />
  <Point X="108.0" Y="169.0" />
  <Point X="108.0" Y="168.6456357190891" />
  <Point X="108.0" Y="168.0" />
  <Point X="108.0" Y="167.0" />
  <Point X="107.0" Y="167.0" />
  <Point X="107.0" Y="166.0" />
  <Point X="106.96845357863367" Y="166.0" />
  <Point X="106.0" Y="166.0" />
  <Point X="106.0" Y="165.0" />
  <Point X="105.0" Y="165.0" />
  <Point X="105.0" Y="164.29127143817823" />
  <Point X="105.0" Y="164.0" />
  <Point X="104.0" Y="163.0" />
  <Point X="104.0" Y="162.0" />
  <Point X="103.02830286009588" Y="162.0" />
  <Point X="103.0" Y="162.0" />
  <Point X="103.0" Y="161.0" />
  <Point X="102.0" Y="160.0" />
  <Point X="102.0" Y="159.0" />
  <Point X="101.76533428201353" Y="159.0" />
  <Point X="101.0" Y="159.0" />
  <Point X="101.0" Y="158.0" />
  <Point X="100.0" Y="158.0" />
  <Point X="100.0" Y="157.08815214155808" />
  <Point X="100.0" Y="157.0" />
  <Point X="99.0" Y="157.0" />
  <Point X="99.0" Y="156.0" />
  <Point X="99.0" Y="155.0" />
  <Point X="98.41097000110264" Y="155.0" />
  <Point X="98.0" Y="155.0" />
  <Point X="98.0" Y="154.0" />
  <Point X="97.0" Y="153.0" />
  <Point X="96.14800142302029" Y="153.0" />
  <Point X="96.0" Y="153.0" />
  <Point X="96.0" Y="152.0" />
  <Point X="96.0" Y="151.0" />
  <Point X="95.0" Y="151.0" />
  <Point X="95.0" Y="150.47081928256486" />
  <Point X="95.0" Y="150.0" />
  <Point X="94.0" Y="149.0" />
  <Point X="94.0" Y="148.0" />
  <Point X="93.43986586142744" Y="147.43986586142745" />
  <Point X="93.0" Y="147.0" />
  <Point X="92.0" Y="146.0" />
  <Point X="92.0" Y="145.0" />
  <Point X="91.35909568877327" Y="145.0" />
  <Point X="91.0" Y="145.0" />
  <Point X="91.0" Y="144.0" />
  <Point X="90.0" Y="143.0" />
  <Point X="90.0" Y="142.09612711069093" />
  <Point X="90.0" Y="142.0" />
  <Point X="89.0" Y="142.0" />
  <Point X="89.0" Y="141.0" />
  <Point X="88.0" Y="141.0" />
  <Point X="88.0" Y="140.4189449702355" />
  <Point X="88.0" Y="140.0" />
  <Point X="87.0" Y="139.0" />
  <Point X="87.0" Y="138.0" />
  <Point X="87.0" Y="137.15597639215315" />
  <Point X="87.0" Y="137.0" />
  <Point X="86.0" Y="137.0" />
  <Point X="86.0" Y="136.0" />
  <Point X="85.0" Y="136.0" />
  <Point X="85.0" Y="135.4787942516977" />
  <Point X="85.0" Y="135.0" />
  <Point X="84.0" Y="134.0" />
  <Point X="84.0" Y="133.0" />
  <Point X="84.0" Y="132.21582567361537" />
  <Point X="84.0" Y="132.0" />
  <Point X="83.0" Y="132.0" />
  <Point X="83.0" Y="131.0" />
  <Point X="83.0" Y="130.0" />
  <Point X="82.53864353315993" Y="130.0" />
  <Point X="82.0" Y="130.0" />
  <Point X="82.0" Y="129.0" />
  <Point X="82.0" Y="128.0" />
  <Point X="81.0" Y="128.0" />
  <Point X="81.0" Y="127.86146139270448" />
  <Point X="81.0" Y="127.0" />
  <Point X="80.0" Y="127.0" />
  <Point X="80.0" Y="126.0" />
  <Point X="80.0" Y="125.18427925224904" />
  <Point X="80.0" Y="125.0" />
  <Point X="79.0" Y="125.0" />
  <Point X="79.0" Y="124.0" />
  <Point X="79.0" Y="123.0" />
  <Point X="79.0" Y="122.5070971117936" />
  <Point X="79.0" Y="122.0" />
  <Point X="78.0" Y="122.0" />
  <Point X="78.0" Y="121.0" />
  <Point X="78.0" Y="120.0" />
  <Point X="77.82991497133816" Y="120.0" />
  <Point X="77.0" Y="120.0" />
  <Point X="77.0" Y="119.0" />
  <Point X="77.0" Y="118.0" />
  <Point X="76.15273283088271" Y="118.0" />
  <Point X="76.0" Y="118.0" />
  <Point X="76.0" Y="117.0" />
  <Point X="76.0" Y="116.0" />
  <Point X="75.0" Y="116.0" />
  <Point X="75.0" Y="115.47555069042727" />
  <Point X="75.0" Y="115.0" />
  <Point X="75.0" Y="114.0" />
  <Point X="74.0" Y="114.0" />
  <Point X="74.0" Y="113.0" />
  <Point X="74.0" Y="112.79836854997183" />
  <Point X="74.0" Y="112.0" />
  <Point X="73.0" Y="112.0" />
  <Point X="73.0" Y="111.0" />
  <Point X="73.0" Y="110.12118640951638" />
  <Point X="73.0" Y="110.0" />
  <Point X="72.0" Y="109.0" />
  <Point X="71.0" Y="109.0" />
  <Point X="71.0" Y="108.0" />
  <Point X="71.0" Y="107.85821783143403" />
  <Point X="71.0" Y="107.0" />
  <Point X="71.0" Y="106.0" />
  <Point X="71.0" Y="105.0" />
  <Point X="70.18103569097859" Y="105.0" />
  <Point X="70.0" Y="105.0" />
  <Point X="70.0" Y="104.0" />
  <Point X="70.0" Y="103.0" />
  <Point X="70.0" Y="102.0" />
  <Point X="69.50385355052315" Y="102.0" />
  <Point X="69.0" Y="102.0" />
  <Point X="70.0" Y="102.0" />
  <Point X="71.0" Y="102.0" />
  <Point X="72.0" Y="102.0" />
  <Point X="72.1733285899323" Y="102.0" />
  <Point X="73.0" Y="102.0" />
  <Point X="73.0" Y="103.0" />
  <Point X="74.0" Y="103.0" />
  <Point X="74.85051073038774" Y="103.0" />
  <Point X="75.0" Y="103.0" />
  <Point X="76.0" Y="103.0" />
  <Point X="77.0" Y="104.0" />
  <Point X="78.0" Y="104.0" />
  <Point X="78.11347930847009" Y="104.0" />
  <Point X="79.0" Y="104.0" />
  <Point X="79.0" Y="105.0" />
  <Point X="80.0" Y="105.0" />
  <Point X="80.79066144892553" Y="105.0" />
  <Point X="81.0" Y="105.0" />
  <Point X="82.0" Y="105.0" />
  <Point X="82.0" Y="106.0" />
  <Point X="83.0" Y="106.0" />
  <Point X="83.0" Y="106.46784358938098" />
  <Point X="83.0" Y="107.0" />
  <Point X="84.0" Y="107.0" />
  <Point X="85.0" Y="107.0" />
  <Point X="86.0" Y="107.0" />
  <Point X="86.0" Y="107.14502572983642" />
  <Point X="86.0" Y="108.0" />
  <Point X="87.0" Y="108.0" />
  <Point X="88.0" Y="109.0" />
  <Point X="88.40799430791877" Y="109.0" />
  <Point X="89.0" Y="109.0" />
  <Point X="90.0" Y="109.0" />
  <Point X="90.0" Y="110.0" />
  <Point X="91.0" Y="110.0" />
  <Point X="91.0" Y="110.08517644837421" />
  <Point X="91.0" Y="111.0" />
  <Point X="92.0" Y="111.0" />
  <Point X="93.0" Y="111.0" />
  <Point X="93.53906892785726" Y="111.53906892785726" />
  <Point X="94.0" Y="112.0" />
  <Point X="95.0" Y="112.0" />
  <Point X="96.0" Y="113.0" />
  <Point X="96.61111360453891" Y="113.0" />
  <Point X="97.0" Y="113.0" />
  <Point X="98.0" Y="113.0" />
  <Point X="98.0" Y="114.0" />
  <Point X="98.91096265745928" Y="114.91096265745928" />
  <Point X="99.0" Y="115.0" />
  <Point X="100.0" Y="115.0" />
  <Point X="101.0" Y="115.0" />
  <Point X="101.0" Y="116.0" />
  <Point X="101.5512643230767" Y="116.0" />
  <Point X="102.0" Y="116.0" />
  <Point X="103.0" Y="117.0" />
  <Point X="104.0" Y="117.0" />
  <Point X="104.81423290115904" Y="117.0" />
  <Point X="105.0" Y="117.0" />
  <Point X="105.0" Y="118.0" />
  <Point X="106.0" Y="119.0" />
  <Point X="107.0" Y="119.0" />
  <Point X="107.0" Y="119.0772014792414" />
  <Point X="107.0" Y="120.0" />
  <Point X="108.0" Y="120.0" />
  <Point X="109.0" Y="120.0" />
  <Point X="109.75438361969684" Y="120.0" />
  <Point X="110.0" Y="120.0" />
  <Point X="110.0" Y="121.0" />
  <Point X="111.0" Y="121.0" />
  <Point X="112.0" Y="122.0" />
  <Point X="112.01226985671815" Y="122.01226985671815" />
  <Point X="113.0" Y="123.0" />
  <Point X="114.0" Y="123.0" />
  <Point X="114.90532350270571" Y="123.90532350270571" />
  <Point X="115.0" Y="124.0" />
  <Point X="116.0" Y="124.0" />
  <Point X="117.0" Y="125.0" />
  <Point X="118.0" Y="125.0" />
  <Point X="118.0" Y="125.12907579157078" />
  <Point X="118.0" Y="126.0" />
  <Point X="119.0" Y="126.0" />
  <Point X="119.0" Y="127.0" />
  <Point X="119.80625793202623" Y="127.0" />
  <Point X="120.0" Y="127.0" />
  <Point X="121.0" Y="128.0" />
  <Point X="122.0" Y="128.0" />
  <Point X="123.0" Y="128.0" />
  <Point X="123.0" Y="128.06922651010856" />
  <Point X="123.0" Y="129.0" />
  <Point X="124.0" Y="129.0" />
  <Point X="125.0" Y="129.0" />
  <Point X="125.52779061835011" Y="129.5277906183501" />
  <Point X="126.0" Y="130.0" />
  <Point X="126.0" Y="131.0" />
  <Point X="127.0" Y="131.0" />
  <Point X="127.90281443927744" Y="131.45140721963872" />
  <Point X="129.0" Y="132.0" />
  <Point X="130.0" Y="132.0" />
  <Point X="130.0" Y="133.0" />
  <Point X="130.45049139160201" Y="133.0" />
  <Point X="131.0" Y="133.0" />
  <Point X="132.0" Y="133.0" />
  <Point X="133.0" Y="134.0" />
  <Point X="133.50449238266896" Y="134.50449238266896" />
  <Point X="134.0" Y="135.0" />
  <Point X="135.0" Y="135.0" />
  <Point X="136.0" Y="136.0" />
  <Point X="136.5622149853936" Y="136.0" />
  <Point X="137.0" Y="136.0" />
  <Point X="137.0" Y="137.0" />
  <Point X="138.0" Y="137.0" />
  <Point X="139.0" Y="137.0" />
  <Point X="139.16927933108443" Y="137.16927933108443" />
  <Point X="140.0" Y="138.0" />
  <Point X="140.0" Y="139.0" />
  <Point X="141.0" Y="139.0" />
  <Point X="141.5023657039314" Y="139.0" />
  <Point X="142.0" Y="139.0" />
  <Point X="143.0" Y="140.0" />
  <Point X="144.0" Y="140.0" />
  <Point X="144.0" Y="140.76533428201373" />
  <Point X="144.0" Y="141.0" />
  <Point X="145.0" Y="141.0" />
  <Point X="146.0" Y="141.0" />
  <Point X="147.0" Y="142.0" />
  <Point X="147.0" Y="142.02830286009606" />
  <Point X="147.0" Y="143.0" />
  <Point X="148.0" Y="143.0" />
  <Point X="149.0" Y="143.0" />
  <Point X="149.7054850005515" Y="143.0" />
  <Point X="150.0" Y="143.0" />
  <Point X="150.0" Y="144.0" />
  <Point X="151.0" Y="144.0" />
  <Point X="151.0" Y="145.0" />
  <Point X="151.38266714100695" Y="145.0" />
  <Point X="152.0" Y="145.0" />
  <Point X="153.0" Y="145.0" />
  <Point X="154.0" Y="145.0" />
  <Point X="154.0" Y="146.0" />
  <Point X="154.0" Y="146.0598492814624" />
  <Point X="154.0" Y="147.0" />
  <Point X="155.0" Y="147.0" />
  <Point X="156.0" Y="147.0" />
  <Point X="156.52115991638567" Y="147.52115991638567" />
  <Point X="157.0" Y="148.0" />
  <Point X="158.0" Y="148.0" />
  <Point X="157.0" Y="148.0" />
  <Point X="157.0" Y="147.0" />
</Project_1_Part_4>
