<?xml version="1.0" encoding="utf-8" standalone="yes"?>
<Gesture Name="caret3" Subject="1" Number="1" NumPts="273">
  <Point X="54.0" Y="165.0" />
  <Point X="54.0" Y="164.0" />
  <Point X="55.0" Y="164.0" />
  <Point X="55.0" Y="163.0" />
  <Point X="55.0" Y="162.45627247625492" />
  <Point X="55.0" Y="162.0" />
  <Point X="56.0" Y="162.0" />
  <Point X="56.0" Y="161.0" />
  <Point X="56.0" Y="160.0" />
  <Point X="56.08745504749014" Y="160.0" />
  <Point X="57.0" Y="160.0" />
  <Point X="57.0" Y="159.0" />
  <Point X="57.0" Y="158.0" />
  <Point X="57.6311825712352" Y="158.0" />
  <Point X="58.0" Y="158.0" />
  <Point X="58.0" Y="157.0" />
  <Point X="59.0" Y="157.0" />
  <Point X="59.0" Y="156.0" />
  <Point X="59.0" Y="155.82508990501972" />
  <Point X="59.0" Y="155.0" />
  <Point X="60.0" Y="155.0" />
  <Point X="60.0" Y="154.0" />
  <Point X="60.0" Y="153.28136238127465" />
  <Point X="60.0" Y="153.0" />
  <Point X="61.0" Y="153.0" />
  <Point X="61.0" Y="152.0" />
  <Point X="62.0" Y="152.0" />
  <Point X="62.0" Y="151.73763485752957" />
  <Point X="62.0" Y="151.0" />
  <Point X="62.0" Y="150.0" />
  <Point X="63.0" Y="150.0" />
  <Point X="63.0" Y="149.1939073337845" />
  <Point X="63.0" Y="149.0" />
  <Point X="64.0" Y="149.0" />
  <Point X="64.0" Y="148.0" />
  <Point X="64.95446700970363" Y="147.04553299029638" />
  <Point X="65.0" Y="147.0" />
  <Point X="65.0" Y="146.0" />
  <Point X="66.0" Y="145.0" />
  <Point X="66.0" Y="144.0" />
  <Point X="66.06512058895945" Y="144.0" />
  <Point X="67.0" Y="144.0" />
  <Point X="67.0" Y="143.0" />
  <Point X="68.0" Y="142.0" />
  <Point X="68.13762741039254" Y="141.86237258960747" />
  <Point X="69.0" Y="141.0" />
  <Point X="69.0" Y="140.0" />
  <Point X="70.0" Y="140.0" />
  <Point X="70.0" Y="139.67585148829662" />
  <Point X="70.0" Y="139.0" />
  <Point X="71.0" Y="138.0" />
  <Point X="72.0" Y="137.0" />
  <Point X="72.0" Y="136.96055108929775" />
  <Point X="72.0" Y="136.0" />
  <Point X="73.0" Y="135.0" />
  <Point X="73.0" Y="134.0" />
  <Point X="73.16896287207422" Y="134.0" />
  <Point X="74.0" Y="134.0" />
  <Point X="74.0" Y="133.0" />
  <Point X="74.0" Y="132.0" />
  <Point X="74.71269039581928" Y="132.0" />
  <Point X="75.0" Y="132.0" />
  <Point X="76.0" Y="131.0" />
  <Point X="76.0" Y="130.0" />
  <Point X="76.0" Y="129.15779564280874" />
  <Point X="76.0" Y="129.0" />
  <Point X="77.0" Y="129.0" />
  <Point X="77.0" Y="128.0" />
  <Point X="77.9800018312727" Y="127.0199981687273" />
  <Point X="78.0" Y="127.0" />
  <Point X="78.0" Y="126.0" />
  <Point X="79.0" Y="125.0" />
  <Point X="80.0" Y="125.0" />
  <Point X="80.0" Y="124.8987677200648" />
  <Point X="80.0" Y="124.0" />
  <Point X="80.0" Y="123.0" />
  <Point X="81.0" Y="122.0" />
  <Point X="81.0" Y="121.76925375869283" />
  <Point X="81.0" Y="121.0" />
  <Point X="82.0" Y="121.0" />
  <Point X="82.0" Y="120.0" />
  <Point X="82.77447376505224" Y="120.0" />
  <Point X="83.0" Y="120.0" />
  <Point X="83.0" Y="119.0" />
  <Point X="84.0" Y="118.0" />
  <Point X="84.0" Y="117.0960122735758" />
  <Point X="84.0" Y="117.0" />
  <Point X="85.0" Y="117.0" />
  <Point X="85.0" Y="116.0" />
  <Point X="85.0" Y="115.0" />
  <Point X="85.44771525016927" Y="115.0" />
  <Point X="86.0" Y="115.0" />
  <Point X="87.0" Y="115.0" />
  <Point X="87.0" Y="114.0" />
  <Point X="87.0" Y="113.00855722608567" />
  <Point X="87.0" Y="113.0" />
  <Point X="87.0" Y="112.0" />
  <Point X="88.0" Y="111.0" />
  <Point X="88.79263610893767" Y="110.20736389106233" />
  <Point X="89.0" Y="110.0" />
  <Point X="89.0" Y="109.0" />
  <Point X="89.0" Y="108.0" />
  <Point X="90.0" Y="108.0" />
  <Point X="90.17710952809557" Y="107.82289047190443" />
  <Point X="91.0" Y="107.0" />
  <Point X="91.0" Y="106.0" />
  <Point X="92.0" Y="106.0" />
  <Point X="92.0" Y="105.62001534196978" />
  <Point X="92.0" Y="105.0" />
  <Point X="92.0" Y="104.0" />
  <Point X="93.0" Y="103.0" />
  <Point X="93.0" Y="102.4905013805978" />
  <Point X="93.0" Y="102.0" />
  <Point X="94.0" Y="102.0" />
  <Point X="94.0" Y="101.0" />
  <Point X="94.74474334794238" Y="100.25525665205762" />
  <Point X="95.0" Y="100.0" />
  <Point X="95.0" Y="99.0" />
  <Point X="96.0" Y="99.0" />
  <Point X="96.0" Y="98.0" />
  <Point X="96.18274010451923" Y="98.0" />
  <Point X="97.0" Y="98.0" />
  <Point X="97.0" Y="97.0" />
  <Point X="97.0" Y="96.0" />
  <Point X="97.72646762826429" Y="96.0" />
  <Point X="98.0" Y="96.0" />
  <Point X="98.0" Y="95.0" />
  <Point X="99.0" Y="94.0" />
  <Point X="99.60527038660264" Y="93.39472961339736" />
  <Point X="100.0" Y="93.0" />
  <Point X="100.0" Y="92.0" />
  <Point X="100.0" Y="91.0" />
  <Point X="100.98549555100823" Y="91.0" />
  <Point X="101.0" Y="91.0" />
  <Point X="101.0" Y="90.0" />
  <Point X="101.0" Y="89.0" />
  <Point X="102.0" Y="89.0" />
  <Point X="102.0" Y="88.47077692524671" />
  <Point X="102.0" Y="88.0" />
  <Point X="103.0" Y="87.0" />
  <Point X="104.0" Y="87.0" />
  <Point X="104.0" Y="86.34126296387474" />
  <Point X="104.0" Y="86.0" />
  <Point X="104.0" Y="85.0" />
  <Point X="105.0" Y="85.0" />
  <Point X="105.0" Y="84.0" />
  <Point X="105.20246455987032" Y="84.0" />
  <Point X="106.0" Y="84.0" />
  <Point X="106.0" Y="83.0" />
  <Point X="107.0" Y="83.0" />
  <Point X="107.0" Y="82.25380791638462" />
  <Point X="107.0" Y="82.0" />
  <Point X="108.0" Y="82.0" />
  <Point X="109.0" Y="82.0" />
  <Point X="109.91211090155007" Y="82.91211090155007" />
  <Point X="110.0" Y="83.0" />
  <Point X="110.0" Y="84.0" />
  <Point X="110.0" Y="85.0" />
  <Point X="111.0" Y="85.0" />
  <Point X="111.0" Y="85.41943356873243" />
  <Point X="111.0" Y="86.0" />
  <Point X="112.0" Y="86.0" />
  <Point X="112.0" Y="87.0" />
  <Point X="112.0" Y="87.96316109247749" />
  <Point X="112.0" Y="88.0" />
  <Point X="113.0" Y="88.0" />
  <Point X="113.0" Y="89.0" />
  <Point X="113.0" Y="90.0" />
  <Point X="113.50688861622255" Y="90.0" />
  <Point X="114.0" Y="90.0" />
  <Point X="114.0" Y="91.0" />
  <Point X="114.0" Y="92.0" />
  <Point X="115.0" Y="92.0" />
  <Point X="115.0" Y="92.05061613996762" />
  <Point X="115.0" Y="93.0" />
  <Point X="116.0" Y="93.0" />
  <Point X="116.0" Y="94.0" />
  <Point X="116.0" Y="94.59434366371268" />
  <Point X="116.0" Y="95.0" />
  <Point X="116.0" Y="96.0" />
  <Point X="117.0" Y="97.0" />
  <Point X="117.0" Y="97.72385762508465" />
  <Point X="117.0" Y="98.0" />
  <Point X="117.0" Y="99.0" />
  <Point X="118.0" Y="99.0" />
  <Point X="118.0" Y="100.0" />
  <Point X="118.0" Y="100.26758514882971" />
  <Point X="118.0" Y="101.0" />
  <Point X="118.0" Y="102.0" />
  <Point X="119.0" Y="103.0" />
  <Point X="119.0" Y="103.39709911020168" />
  <Point X="119.0" Y="104.0" />
  <Point X="120.0" Y="104.0" />
  <Point X="120.0" Y="105.0" />
  <Point X="120.0" Y="105.94082663394674" />
  <Point X="120.0" Y="106.0" />
  <Point X="120.0" Y="107.0" />
  <Point X="121.0" Y="107.0" />
  <Point X="121.0" Y="108.0" />
  <Point X="121.0" Y="108.4845541576918" />
  <Point X="121.0" Y="109.0" />
  <Point X="121.0" Y="110.0" />
  <Point X="121.0" Y="111.0" />
  <Point X="121.72710494991392" Y="111.72710494991392" />
  <Point X="122.0" Y="112.0" />
  <Point X="122.0" Y="113.0" />
  <Point X="122.0" Y="114.0" />
  <Point X="122.0" Y="115.0" />
  <Point X="122.11157836907182" Y="115.11157836907182" />
  <Point X="123.0" Y="116.0" />
  <Point X="123.0" Y="117.0" />
  <Point X="123.91026535060283" Y="117.91026535060283" />
  <Point X="124.0" Y="118.0" />
  <Point X="124.0" Y="119.0" />
  <Point X="124.0" Y="120.0" />
  <Point X="124.0" Y="121.0" />
  <Point X="124.41682356555279" Y="121.0" />
  <Point X="125.0" Y="121.0" />
  <Point X="125.0" Y="122.0" />
  <Point X="125.0" Y="123.0" />
  <Point X="125.0" Y="123.96055108929785" />
  <Point X="125.0" Y="124.0" />
  <Point X="125.0" Y="125.0" />
  <Point X="125.0" Y="126.0" />
  <Point X="126.0" Y="126.0" />
  <Point X="126.0" Y="126.50427861304291" />
  <Point X="126.0" Y="127.0" />
  <Point X="126.0" Y="128.0" />
  <Point X="126.0" Y="129.0" />
  <Point X="126.0" Y="130.0" />
  <Point X="126.04800613678798" Y="130.0" />
  <Point X="127.0" Y="130.0" />
  <Point X="127.0" Y="131.0" />
  <Point X="128.0" Y="131.0" />
  <Point X="128.0" Y="131.59173366053304" />
  <Point X="128.0" Y="132.0" />
  <Point X="128.0" Y="133.0" />
  <Point X="128.0" Y="134.0" />
  <Point X="128.0" Y="135.0" />
  <Point X="128.09578552199062" Y="135.09578552199062" />
  <Point X="129.0" Y="136.0" />
  <Point X="129.0" Y="137.0" />
  <Point X="129.0" Y="138.0" />
  <Point X="129.0" Y="138.26497514565008" />
  <Point X="129.0" Y="139.0" />
  <Point X="129.0" Y="140.0" />
  <Point X="130.0" Y="141.0" />
  <Point X="130.0" Y="141.39448910702205" />
  <Point X="130.0" Y="142.0" />
  <Point X="130.0" Y="143.0" />
  <Point X="131.0" Y="143.0" />
  <Point X="131.0" Y="143.93821663076713" />
  <Point X="131.0" Y="144.0" />
  <Point X="131.0" Y="145.0" />
  <Point X="132.0" Y="146.0" />
  <Point X="132.0" Y="147.0" />
  <Point X="132.0" Y="147.0677305921391" />
  <Point X="132.0" Y="148.0" />
  <Point X="133.0" Y="149.0" />
  <Point X="133.0" Y="150.0" />
  <Point X="133.0" Y="150.19724455351107" />
  <Point X="133.0" Y="151.0" />
  <Point X="134.0" Y="151.0" />
  <Point X="134.0" Y="152.0" />
  <Point X="134.0" Y="152.74097207725615" />
  <Point X="134.0" Y="153.0" />
  <Point X="134.0" Y="154.0" />
  <Point X="135.0" Y="154.0" />
  <Point X="135.0" Y="155.0" />
  <Point X="135.0" Y="155.28469960100122" />
  <Point X="135.0" Y="156.0" />
  <Point X="136.0" Y="157.0" />
  <Point X="137.0" Y="158.0" />
</Project_1_Part_4>
