<?xml version="1.0" encoding="utf-8" standalone="yes"?>
<Gesture Name="caret4" Subject="1" Number="1" NumPts="248">
  <Point X="71.0" Y="159.0" />
  <Point X="72.0" Y="159.0" />
  <Point X="72.0" Y="158.0" />
  <Point X="72.0" Y="157.0" />
  <Point X="72.01540575791233" Y="157.0" />
  <Point X="73.0" Y="157.0" />
  <Point X="74.0" Y="157.0" />
  <Point X="74.0" Y="156.0" />
  <Point X="74.0" Y="155.96918848417533" />
  <Point X="74.0" Y="155.0" />
  <Point X="75.0" Y="155.0" />
  <Point X="76.0" Y="155.0" />
  <Point X="76.0" Y="154.953782726263" />
  <Point X="76.0" Y="154.0" />
  <Point X="77.0" Y="154.0" />
  <Point X="77.0" Y="153.0" />
  <Point X="77.06162303164933" Y="153.0" />
  <Point X="78.0" Y="153.0" />
  <Point X="78.0" Y="152.0" />
  <Point X="79.0" Y="152.0" />
  <Point X="79.0" Y="151.92297121043833" />
  <Point X="79.0" Y="151.0" />
  <Point X="80.0" Y="151.0" />
  <Point X="80.0" Y="150.0" />
  <Point X="80.092434547474" Y="150.0" />
  <Point X="81.0" Y="150.0" />
  <Point X="81.0" Y="149.0" />
  <Point X="82.0" Y="149.0" />
  <Point X="82.0" Y="148.89215969461367" />
  <Point X="82.0" Y="148.0" />
  <Point X="83.0" Y="148.0" />
  <Point X="84.0" Y="148.0" />
  <Point X="84.0" Y="147.87675393670133" />
  <Point X="84.0" Y="147.0" />
  <Point X="85.0" Y="147.0" />
  <Point X="85.0" Y="146.0" />
  <Point X="85.138651821211" Y="146.0" />
  <Point X="86.0" Y="146.0" />
  <Point X="87.0" Y="145.0" />
  <Point X="87.0" Y="144.26015598324977" />
  <Point X="87.0" Y="144.0" />
  <Point X="88.0" Y="144.0" />
  <Point X="89.0" Y="144.0" />
  <Point X="89.0" Y="143.24475022533744" />
  <Point X="89.0" Y="143.0" />
  <Point X="90.0" Y="143.0" />
  <Point X="90.0" Y="142.0" />
  <Point X="90.77065553257489" Y="142.0" />
  <Point X="91.0" Y="142.0" />
  <Point X="92.0" Y="142.0" />
  <Point X="93.0" Y="141.0" />
  <Point X="93.37184772811413" Y="141.0" />
  <Point X="94.0" Y="141.0" />
  <Point X="94.0" Y="140.0" />
  <Point X="94.98093634719399" Y="139.019063652806" />
  <Point X="95.0" Y="139.0" />
  <Point X="96.0" Y="139.0" />
  <Point X="96.0" Y="138.0" />
  <Point X="96.98844568156571" Y="138.0" />
  <Point X="97.0" Y="138.0" />
  <Point X="97.0" Y="137.0" />
  <Point X="98.0" Y="137.0" />
  <Point X="98.0" Y="136.0" />
  <Point X="98.00385143947804" Y="136.0" />
  <Point X="99.0" Y="136.0" />
  <Point X="100.0" Y="135.0" />
  <Point X="100.60504363501728" Y="135.0" />
  <Point X="101.0" Y="135.0" />
  <Point X="101.0" Y="134.0" />
  <Point X="102.0" Y="134.0" />
  <Point X="102.0" Y="133.37955060707037" />
  <Point X="102.0" Y="133.0" />
  <Point X="102.0" Y="132.0" />
  <Point X="103.63585515084196" Y="132.0" />
  <Point X="104.0" Y="132.0" />
  <Point X="104.0" Y="131.0" />
  <Point X="105.0" Y="131.0" />
  <Point X="105.46051100490187" Y="130.5394889950981" />
  <Point X="106.0" Y="130.0" />
  <Point X="107.0" Y="129.0" />
  <Point X="107.83823954192044" Y="129.0" />
  <Point X="108.0" Y="129.0" />
  <Point X="109.0" Y="128.0" />
  <Point X="109.0" Y="127.0" />
  <Point X="109.43943173745969" Y="127.0" />
  <Point X="110.0" Y="127.0" />
  <Point X="111.0" Y="127.0" />
  <Point X="111.0" Y="126.0" />
  <Point X="111.45483749537202" Y="126.0" />
  <Point X="112.0" Y="126.0" />
  <Point X="112.0" Y="125.0" />
  <Point X="113.0" Y="125.0" />
  <Point X="113.47024325328435" Y="125.0" />
  <Point X="114.0" Y="125.0" />
  <Point X="114.0" Y="124.0" />
  <Point X="114.0" Y="123.0" />
  <Point X="114.48564901119668" Y="123.0" />
  <Point X="115.0" Y="123.0" />
  <Point X="116.0" Y="123.0" />
  <Point X="116.0" Y="122.0" />
  <Point X="116.50105476910902" Y="122.0" />
  <Point X="117.0" Y="122.0" />
  <Point X="118.0" Y="121.0" />
  <Point X="119.0" Y="121.0" />
  <Point X="119.0" Y="120.89775303535174" />
  <Point X="119.0" Y="120.0" />
  <Point X="120.0" Y="120.0" />
  <Point X="120.0" Y="119.0" />
  <Point X="120.11765272256059" Y="119.0" />
  <Point X="121.0" Y="119.0" />
  <Point X="121.0" Y="118.0" />
  <Point X="122.0" Y="118.0" />
  <Point X="122.0" Y="117.86694151952707" />
  <Point X="122.0" Y="117.0" />
  <Point X="123.0" Y="117.0" />
  <Point X="124.0" Y="117.0" />
  <Point X="124.0" Y="116.85153576161474" />
  <Point X="124.0" Y="116.0" />
  <Point X="125.0" Y="115.0" />
  <Point X="125.7496564339245" Y="115.0" />
  <Point X="126.0" Y="115.0" />
  <Point X="126.0" Y="114.0" />
  <Point X="127.0" Y="114.0" />
  <Point X="127.0" Y="113.23493780816317" />
  <Point X="127.0" Y="113.0" />
  <Point X="128.0" Y="113.0" />
  <Point X="129.0" Y="113.0" />
  <Point X="129.5518741797664" Y="112.4481258202336" />
  <Point X="130.0" Y="112.0" />
  <Point X="130.0" Y="111.0" />
  <Point X="131.0" Y="111.0" />
  <Point X="131.3816601452884" Y="111.0" />
  <Point X="132.0" Y="111.0" />
  <Point X="132.0" Y="110.0" />
  <Point X="133.0" Y="110.0" />
  <Point X="133.39706590320074" Y="110.0" />
  <Point X="134.0" Y="110.0" />
  <Point X="135.0" Y="110.0" />
  <Point X="135.0" Y="109.0" />
  <Point X="135.0" Y="108.58752833888693" />
  <Point X="135.0" Y="108.0" />
  <Point X="136.0" Y="108.0" />
  <Point X="137.0" Y="108.0" />
  <Point X="137.0" Y="107.5721225809746" />
  <Point X="137.0" Y="107.0" />
  <Point X="138.0" Y="107.0" />
  <Point X="139.0" Y="107.0" />
  <Point X="139.0" Y="107.44328317693774" />
  <Point X="139.0" Y="108.0" />
  <Point X="140.0" Y="108.0" />
  <Point X="140.0" Y="109.0" />
  <Point X="140.0" Y="109.45868893485007" />
  <Point X="140.0" Y="110.0" />
  <Point X="141.0" Y="111.0" />
  <Point X="141.0" Y="112.0" />
  <Point X="141.0" Y="112.05988113038931" />
  <Point X="141.0" Y="113.0" />
  <Point X="141.0" Y="114.0" />
  <Point X="141.0" Y="115.0" />
  <Point X="141.0" Y="115.07528688830165" />
  <Point X="141.0" Y="116.0" />
  <Point X="141.0" Y="117.0" />
  <Point X="141.0" Y="118.0" />
  <Point X="141.0" Y="118.09069264621398" />
  <Point X="141.0" Y="119.0" />
  <Point X="141.0" Y="120.0" />
  <Point X="141.0" Y="121.0" />
  <Point X="141.0" Y="121.10609840412631" />
  <Point X="141.0" Y="122.0" />
  <Point X="141.0" Y="123.0" />
  <Point X="141.0" Y="124.0" />
  <Point X="141.0" Y="124.12150416203865" />
  <Point X="141.0" Y="125.0" />
  <Point X="141.0" Y="126.0" />
  <Point X="142.0" Y="126.0" />
  <Point X="142.0" Y="126.13690991995098" />
  <Point X="142.0" Y="127.0" />
  <Point X="142.0" Y="128.0" />
  <Point X="142.0" Y="129.0" />
  <Point X="142.0" Y="129.15231567786333" />
  <Point X="142.0" Y="130.0" />
  <Point X="142.0" Y="131.0" />
  <Point X="142.0" Y="132.0" />
  <Point X="142.0" Y="132.16772143577566" />
  <Point X="142.0" Y="133.0" />
  <Point X="142.0" Y="134.0" />
  <Point X="142.0" Y="135.0" />
  <Point X="142.0" Y="135.183127193688" />
  <Point X="142.0" Y="136.0" />
  <Point X="142.0" Y="137.0" />
  <Point X="142.0" Y="138.0" />
  <Point X="142.0" Y="138.19853295160033" />
  <Point X="142.0" Y="139.0" />
  <Point X="142.0" Y="140.0" />
  <Point X="142.85838429344125" Y="140.85838429344125" />
  <Point X="143.0" Y="141.0" />
  <Point X="143.0" Y="142.0" />
  <Point X="143.0" Y="143.0" />
  <Point X="143.0" Y="143.8151309050519" />
  <Point X="143.0" Y="144.0" />
  <Point X="143.0" Y="145.0" />
  <Point X="143.0" Y="146.0" />
  <Point X="143.0" Y="146.83053666296422" />
  <Point X="143.0" Y="147.0" />
  <Point X="143.0" Y="148.0" />
  <Point X="143.0" Y="149.0" />
  <Point X="143.0" Y="149.84594242087655" />
  <Point X="143.0" Y="150.0" />
  <Point X="143.0" Y="151.0" />
  <Point X="143.0" Y="152.0" />
  <Point X="143.0" Y="152.8613481787889" />
  <Point X="143.0" Y="153.0" />
  <Point X="143.0" Y="154.0" />
  <Point X="143.0" Y="155.0" />
  <Point X="143.0" Y="155.87675393670122" />
  <Point X="143.0" Y="156.0" />
  <Point X="143.0" Y="157.0" />
  <Point X="143.0" Y="158.0" />
  <Point X="143.0" Y="158.89215969461355" />
  <Point X="143.0" Y="159.0" />
  <Point X="143.0" Y="160.0" />
  <Point X="143.0" Y="161.0" />
  <Point X="143.0" Y="161.9075654525259" />
  <Point X="143.0" Y="162.0" />
  <Point X="142.0" Y="162.0" />
  <Point X="142.0" Y="163.0" />
  <Point X="142.0" Y="163.92297121043822" />
  <Point X="142.0" Y="164.0" />
  <Point X="142.0" Y="165.0" />
  <Point X="142.0" Y="166.0" />
  <Point X="142.0" Y="166.93837696835055" />
  <Point X="142.0" Y="167.0" />
  <Point X="142.0" Y="168.0" />
  <Point X="142.0" Y="169.0" />
  <Point X="142.0" Y="169.9537827262629" />
  <Point X="142.0" Y="170.0" />
  <Point X="142.0" Y="171.0" />
  <Point X="142.0" Y="172.0" />
  <Point X="142.0" Y="172.96918848417522" />
  <Point X="142.0" Y="173.0" />
  <Point X="142.0" Y="174.0" />
  <Point X="142.0" Y="175.0" />
  <Point X="142.0" Y="175.98459424208755" />
  <Point X="142.0" Y="176.0" />
  <Point X="142.0" Y="177.0" />
  <Point X="142.0" Y="176.0" />
  <Point X="142.0" Y="175.0000000000001" />
  <Point X="142.0" Y="175.0" />
</Project_1_Part_4>
