<?xml version="1.0" encoding="utf-8" standalone="yes"?>
<Gesture Name="check5" Subject="1" Number="1" NumPts="253">
  <Point X="81.0" Y="115.0" />
  <Point X="81.0" Y="116.0" />
  <Point X="81.0" Y="117.0" />
  <Point X="81.0" Y="118.0" />
  <Point X="81.19718786561468" Y="118.19718786561468" />
  <Point X="82.0" Y="119.0" />
  <Point X="82.0" Y="120.0" />
  <Point X="83.0" Y="120.0" />
  <Point X="83.0" Y="120.14351794540227" />
  <Point X="83.0" Y="121.0" />
  <Point X="83.0" Y="122.0" />
  <Point X="84.0" Y="123.0" />
  <Point X="84.0" Y="123.00817013691686" />
  <Point X="84.0" Y="124.0" />
  <Point X="84.0" Y="125.0" />
  <Point X="85.0" Y="125.0" />
  <Point X="85.0" Y="125.28703589080455" />
  <Point X="85.0" Y="126.0" />
  <Point X="85.0" Y="127.0" />
  <Point X="85.0" Y="128.0" />
  <Point X="85.56590164469223" Y="128.0" />
  <Point X="86.0" Y="128.0" />
  <Point X="86.0" Y="129.0" />
  <Point X="87.0" Y="130.0" />
  <Point X="87.30444753724773" Y="130.3044475372477" />
  <Point X="88.0" Y="131.0" />
  <Point X="88.0" Y="132.0" />
  <Point X="88.0" Y="133.0" />
  <Point X="88.29520602772139" Y="133.0" />
  <Point X="89.0" Y="133.0" />
  <Point X="89.0" Y="134.0" />
  <Point X="89.0" Y="135.0" />
  <Point X="89.57407178160908" Y="135.0" />
  <Point X="90.0" Y="135.0" />
  <Point X="90.0" Y="136.0" />
  <Point X="90.0" Y="137.0" />
  <Point X="90.85293753549676" Y="137.0" />
  <Point X="91.0" Y="137.0" />
  <Point X="91.0" Y="138.0" />
  <Point X="92.0" Y="138.0" />
  <Point X="92.0" Y="139.0" />
  <Point X="92.09319899970643" Y="139.09319899970643" />
  <Point X="93.0" Y="140.0" />
  <Point X="93.0" Y="141.0" />
  <Point X="93.0" Y="141.99645548089902" />
  <Point X="93.0" Y="142.0" />
  <Point X="94.0" Y="142.0" />
  <Point X="94.0" Y="143.0" />
  <Point X="94.90178829330887" Y="143.90178829330887" />
  <Point X="95.0" Y="144.0" />
  <Point X="96.0" Y="145.0" />
  <Point X="96.0" Y="146.0" />
  <Point X="96.51318972129664" Y="146.51318972129664" />
  <Point X="97.0" Y="147.0" />
  <Point X="97.0" Y="148.0" />
  <Point X="98.0" Y="149.0" />
  <Point X="98.0" Y="149.17619849306968" />
  <Point X="98.0" Y="150.0" />
  <Point X="98.0" Y="151.0" />
  <Point X="99.0" Y="151.0" />
  <Point X="99.0" Y="151.45506424695736" />
  <Point X="99.0" Y="152.0" />
  <Point X="100.0" Y="152.0" />
  <Point X="100.0" Y="153.0" />
  <Point X="100.0" Y="153.73393000084505" />
  <Point X="100.0" Y="154.0" />
  <Point X="101.0" Y="154.0" />
  <Point X="101.0" Y="155.0" />
  <Point X="101.0" Y="156.0" />
  <Point X="101.01279575473274" Y="156.0" />
  <Point X="102.0" Y="156.0" />
  <Point X="102.0" Y="157.0" />
  <Point X="102.0" Y="158.0" />
  <Point X="102.0" Y="158.29166150862042" />
  <Point X="102.0" Y="159.0" />
  <Point X="103.0" Y="159.0" />
  <Point X="103.0" Y="160.0" />
  <Point X="103.57052726250811" Y="160.0" />
  <Point X="104.0" Y="160.0" />
  <Point X="104.0" Y="161.0" />
  <Point X="104.0" Y="162.0" />
  <Point X="104.60061156178595" Y="162.60061156178597" />
  <Point X="105.0" Y="163.0" />
  <Point X="105.0" Y="164.0" />
  <Point X="106.0" Y="165.0" />
  <Point X="106.0" Y="165.2998316455373" />
  <Point X="106.0" Y="166.0" />
  <Point X="106.0" Y="167.0" />
  <Point X="107.0" Y="167.0" />
  <Point X="107.57869739942498" Y="167.0" />
  <Point X="108.0" Y="167.0" />
  <Point X="108.0" Y="168.0" />
  <Point X="108.0" Y="167.0" />
  <Point X="108.0" Y="166.14243684668733" />
  <Point X="108.0" Y="166.0" />
  <Point X="108.0" Y="165.0" />
  <Point X="108.0" Y="164.0" />
  <Point X="108.0" Y="163.0" />
  <Point X="108.0" Y="162.86357109279965" />
  <Point X="108.0" Y="162.0" />
  <Point X="108.0" Y="161.0" />
  <Point X="108.0" Y="160.0" />
  <Point X="108.41529466108804" Y="160.0" />
  <Point X="109.0" Y="160.0" />
  <Point X="109.0" Y="159.0" />
  <Point X="109.0" Y="158.0" />
  <Point X="109.0" Y="157.30583958502427" />
  <Point X="109.0" Y="157.0" />
  <Point X="109.0" Y="156.0" />
  <Point X="110.0" Y="155.0" />
  <Point X="110.0" Y="154.4411873935097" />
  <Point X="110.0" Y="154.0" />
  <Point X="110.0" Y="153.0" />
  <Point X="110.0" Y="152.0" />
  <Point X="110.5923280490765" Y="151.4076719509235" />
  <Point X="111.0" Y="151.0" />
  <Point X="111.0" Y="150.0" />
  <Point X="112.0" Y="150.0" />
  <Point X="112.0" Y="149.29766944810743" />
  <Point X="112.0" Y="149.0" />
  <Point X="112.0" Y="148.0" />
  <Point X="112.0" Y="147.0" />
  <Point X="112.0" Y="146.01880369421974" />
  <Point X="112.0" Y="146.0" />
  <Point X="113.0" Y="146.0" />
  <Point X="113.0" Y="145.0" />
  <Point X="113.0" Y="144.0" />
  <Point X="113.0" Y="143.73993794033206" />
  <Point X="113.0" Y="143.0" />
  <Point X="114.0" Y="143.0" />
  <Point X="114.0" Y="142.0" />
  <Point X="114.0" Y="141.46107218644437" />
  <Point X="114.0" Y="141.0" />
  <Point X="115.0" Y="140.0" />
  <Point X="115.0" Y="139.0" />
  <Point X="115.28537415833645" Y="138.71462584166355" />
  <Point X="116.0" Y="138.0" />
  <Point X="116.0" Y="137.0" />
  <Point X="117.0" Y="137.0" />
  <Point X="117.0" Y="136.73176780341518" />
  <Point X="117.0" Y="136.0" />
  <Point X="117.0" Y="135.0" />
  <Point X="118.0" Y="134.0" />
  <Point X="118.0" Y="133.8671156119006" />
  <Point X="118.0" Y="133.0" />
  <Point X="118.0" Y="132.0" />
  <Point X="119.0" Y="132.0" />
  <Point X="119.29115131755358" Y="131.70884868244642" />
  <Point X="120.0" Y="131.0" />
  <Point X="120.0" Y="130.0" />
  <Point X="120.90255274554136" Y="129.09744725445864" />
  <Point X="121.0" Y="129.0" />
  <Point X="121.0" Y="128.0" />
  <Point X="122.0" Y="128.0" />
  <Point X="122.0" Y="127.0" />
  <Point X="122.09974061115604" Y="126.90025938884396" />
  <Point X="123.0" Y="126.0" />
  <Point X="123.0" Y="125.0" />
  <Point X="124.0" Y="125.0" />
  <Point X="124.0" Y="124.99429328346916" />
  <Point X="124.0" Y="124.0" />
  <Point X="125.0" Y="124.0" />
  <Point X="125.0" Y="123.0" />
  <Point X="125.20122312357195" Y="122.79877687642805" />
  <Point X="126.0" Y="122.0" />
  <Point X="126.0" Y="121.0" />
  <Point X="126.0" Y="120.0" />
  <Point X="126.14922466193312" Y="120.0" />
  <Point X="127.0" Y="120.0" />
  <Point X="128.0" Y="120.0" />
  <Point X="128.0" Y="119.0" />
  <Point X="128.30270563598785" Y="118.69729436401214" />
  <Point X="129.0" Y="118.0" />
  <Point X="129.0" Y="117.0" />
  <Point X="130.0" Y="117.0" />
  <Point X="130.0" Y="116.70725739266462" />
  <Point X="130.0" Y="116.0" />
  <Point X="131.0" Y="116.0" />
  <Point X="132.0" Y="115.0" />
  <Point X="132.0" Y="114.84260520115002" />
  <Point X="132.0" Y="114.0" />
  <Point X="133.0" Y="113.0" />
  <Point X="133.7226963575781" Y="112.27730364242191" />
  <Point X="134.0" Y="112.0" />
  <Point X="135.0" Y="111.0" />
  <Point X="136.0" Y="111.0" />
  <Point X="136.0" Y="110.52751438049394" />
  <Point X="136.0" Y="110.0" />
  <Point X="137.0" Y="109.0" />
  <Point X="137.94549921355363" Y="108.05450078644637" />
  <Point X="138.0" Y="108.0" />
  <Point X="139.0" Y="107.0" />
  <Point X="140.0" Y="107.0" />
  <Point X="140.0" Y="106.21242355983787" />
  <Point X="140.0" Y="106.0" />
  <Point X="141.0" Y="105.0" />
  <Point X="142.0" Y="104.0" />
  <Point X="142.16830206952918" Y="103.83169793047082" />
  <Point X="143.0" Y="103.0" />
  <Point X="144.0" Y="103.0" />
  <Point X="144.77970349751695" Y="102.22029650248305" />
  <Point X="145.0" Y="102.0" />
  <Point X="145.0" Y="101.0" />
  <Point X="146.0" Y="101.0" />
  <Point X="146.0" Y="100.03268054766721" />
  <Point X="146.0" Y="100.0" />
  <Point X="147.0" Y="100.0" />
  <Point X="148.0" Y="99.0" />
  <Point X="148.83197164384737" Y="99.0" />
  <Point X="149.0" Y="99.0" />
  <Point X="149.0" Y="98.0" />
  <Point X="150.0" Y="98.0" />
  <Point X="150.0" Y="97.0" />
  <Point X="150.07837387554753" Y="96.92162612445247" />
  <Point X="151.0" Y="96.0" />
  <Point X="152.0" Y="96.0" />
  <Point X="152.6897753035353" Y="95.3102246964647" />
  <Point X="153.0" Y="95.0" />
  <Point X="154.0" Y="95.0" />
  <Point X="154.0" Y="94.0" />
  <Point X="154.8401417807642" Y="94.0" />
  <Point X="155.0" Y="94.0" />
  <Point X="155.0" Y="93.0" />
  <Point X="156.0" Y="93.0" />
  <Point X="156.79125781595118" Y="92.2087421840488" />
  <Point X="157.0" Y="92.0" />
  <Point X="157.0" Y="91.0" />
  <Point X="158.0" Y="91.0" />
  <Point X="158.69555246275243" Y="90.30444753724758" />
  <Point X="159.0" Y="90.0" />
  <Point X="160.0" Y="90.0" />
  <Point X="160.0" Y="89.0" />
  <Point X="160.84831191768106" Y="89.0" />
  <Point X="161.0" Y="89.0" />
  <Point X="161.0" Y="88.0" />
  <Point X="162.0" Y="88.0" />
  <Point X="162.0" Y="87.0" />
  <Point X="162.08992819398176" Y="86.91007180601822" />
  <Point X="163.0" Y="86.0" />
  <Point X="164.0" Y="86.0" />
  <Point X="164.0" Y="85.00817013691668" />
  <Point X="164.0" Y="85.0" />
  <Point X="165.0" Y="84.0" />
  <Point X="166.0" Y="84.0" />
  <Point X="166.0" Y="83.14351794540208" />
  <Point X="166.0" Y="83.0" />
  <Point X="167.0" Y="83.0" />
  <Point X="167.0" Y="82.0" />
  <Point X="167.80281213438545" Y="81.19718786561455" />
  <Point X="168.0" Y="81.0" />
  <Point X="169.0" Y="81.0" />
  <Point X="169.0" Y="80.0" />
  <Point X="169.0" Y="79.0" />
</Project_1_Part_4>
