<?xml version="1.0" encoding="utf-8" standalone="yes"?>
<Gesture Name="circle2" Subject="1" Number="1" NumPts="315">
  <Point X="208.0" Y="23.0" />
  <Point X="203.5635032871406" Y="26.560872361637138" />
  <Point X="199.1270065742812" Y="30.121744723274276" />
  <Point X="194.69050986142182" Y="33.68261708491141" />
  <Point X="190.25401314856242" Y="37.24348944654855" />
  <Point X="185.81751643570303" Y="40.80436180818569" />
  <Point X="181.38101972284363" Y="44.36523416982283" />
  <Point X="176.94452300998424" Y="47.926106531459965" />
  <Point X="172.50802629712484" Y="51.4869788930971" />
  <Point X="168.07152958426548" Y="55.04785125473424" />
  <Point X="163.6350328714061" Y="58.60872361637138" />
  <Point X="159.19853615854672" Y="62.169595978008516" />
  <Point X="154.76203944568732" Y="65.73046833964565" />
  <Point X="150.32554273282796" Y="69.29134070128279" />
  <Point X="145.8890460199686" Y="72.85221306291993" />
  <Point X="141.4525493071092" Y="76.41308542455707" />
  <Point X="137.01605259424983" Y="79.9739577861942" />
  <Point X="132.57955588139046" Y="83.53483014783134" />
  <Point X="132.0" Y="84.0" />
  <Point X="131.0" Y="84.0" />
  <Point X="130.0" Y="84.0" />
  <Point X="129.0" Y="84.0" />
  <Point X="128.0" Y="84.0" />
  <Point X="127.05435882775735" Y="84.0" />
  <Point X="127.0" Y="84.0" />
  <Point X="126.0" Y="84.0" />
  <Point X="125.0" Y="84.0" />
  <Point X="124.0" Y="84.0" />
  <Point X="123.0" Y="84.0" />
  <Point X="122.0" Y="84.0" />
  <Point X="121.3655702872082" Y="84.0" />
  <Point X="121.0" Y="84.0" />
  <Point X="120.0" Y="84.0" />
  <Point X="119.0" Y="84.0" />
  <Point X="118.0" Y="84.0" />
  <Point X="117.0" Y="84.0" />
  <Point X="116.0" Y="84.0" />
  <Point X="116.0" Y="84.32321825334095" />
  <Point X="116.0" Y="85.0" />
  <Point X="115.0" Y="85.0" />
  <Point X="114.0" Y="85.0" />
  <Point X="113.0" Y="85.0" />
  <Point X="113.0" Y="86.0" />
  <Point X="112.0" Y="86.0" />
  <Point X="111.98799320610989" Y="86.0" />
  <Point X="111.0" Y="86.0" />
  <Point X="110.0" Y="86.0" />
  <Point X="110.0" Y="87.0" />
  <Point X="109.0" Y="87.0" />
  <Point X="108.0" Y="87.0" />
  <Point X="107.29920466556074" Y="87.0" />
  <Point X="107.0" Y="87.0" />
  <Point X="107.0" Y="88.0" />
  <Point X="106.0" Y="88.0" />
  <Point X="105.0" Y="88.0" />
  <Point X="104.0" Y="89.0" />
  <Point X="103.02462968738467" Y="89.0" />
  <Point X="103.0" Y="89.0" />
  <Point X="103.0" Y="90.0" />
  <Point X="102.0" Y="90.0" />
  <Point X="101.0" Y="90.0" />
  <Point X="101.0" Y="91.0" />
  <Point X="100.0" Y="91.0" />
  <Point X="99.53036877114232" Y="91.46963122885768" />
  <Point X="99.0" Y="92.0" />
  <Point X="98.0" Y="92.0" />
  <Point X="97.0" Y="92.0" />
  <Point X="97.0" Y="93.0" />
  <Point X="96.0" Y="94.0" />
  <Point X="95.62910816094333" Y="94.37089183905667" />
  <Point X="95.0" Y="95.0" />
  <Point X="94.0" Y="96.0" />
  <Point X="93.0" Y="96.0" />
  <Point X="93.0" Y="97.0" />
  <Point X="93.0" Y="98.0" />
  <Point X="92.6151183152296" Y="98.0" />
  <Point X="92.0" Y="98.0" />
  <Point X="92.0" Y="99.0" />
  <Point X="91.0" Y="99.0" />
  <Point X="91.0" Y="100.0" />
  <Point X="90.0" Y="100.0" />
  <Point X="90.0" Y="101.0" />
  <Point X="89.947907284105" Y="101.052092715895" />
  <Point X="89.0" Y="102.0" />
  <Point X="89.0" Y="103.0" />
  <Point X="88.0" Y="103.0" />
  <Point X="88.0" Y="104.0" />
  <Point X="87.04664667390601" Y="104.95335332609399" />
  <Point X="87.0" Y="105.0" />
  <Point X="86.0" Y="105.0" />
  <Point X="86.0" Y="106.0" />
  <Point X="86.0" Y="107.0" />
  <Point X="85.0" Y="107.0" />
  <Point X="85.0" Y="108.0" />
  <Point X="85.0" Y="108.62282018167167" />
  <Point X="85.0" Y="109.0" />
  <Point X="84.0" Y="110.0" />
  <Point X="84.0" Y="111.0" />
  <Point X="84.0" Y="112.0" />
  <Point X="83.0" Y="112.0" />
  <Point X="83.0" Y="112.89739515984773" />
  <Point X="83.0" Y="113.0" />
  <Point X="82.0" Y="114.0" />
  <Point X="82.0" Y="115.0" />
  <Point X="82.0" Y="116.0" />
  <Point X="82.0" Y="117.0" />
  <Point X="82.0" Y="118.0" />
  <Point X="82.0" Y="118.1719701380238" />
  <Point X="82.0" Y="119.0" />
  <Point X="82.0" Y="120.0" />
  <Point X="82.0" Y="121.0" />
  <Point X="81.0" Y="121.0" />
  <Point X="81.0" Y="122.0" />
  <Point X="81.0" Y="122.86075867857295" />
  <Point X="81.0" Y="123.0" />
  <Point X="81.0" Y="124.0" />
  <Point X="81.0" Y="125.0" />
  <Point X="81.0" Y="126.0" />
  <Point X="81.0" Y="127.0" />
  <Point X="81.0" Y="128.0" />
  <Point X="81.0" Y="128.5495472191221" />
  <Point X="81.0" Y="129.0" />
  <Point X="81.0" Y="130.0" />
  <Point X="81.0" Y="131.0" />
  <Point X="81.0" Y="132.0" />
  <Point X="81.0" Y="133.0" />
  <Point X="81.0" Y="134.0" />
  <Point X="81.0" Y="134.23833575967126" />
  <Point X="81.0" Y="135.0" />
  <Point X="81.0" Y="136.0" />
  <Point X="82.0" Y="136.0" />
  <Point X="82.0" Y="137.0" />
  <Point X="83.0" Y="138.0" />
  <Point X="83.0" Y="138.5129107378473" />
  <Point X="83.0" Y="139.0" />
  <Point X="84.0" Y="140.0" />
  <Point X="84.0" Y="141.0" />
  <Point X="85.0" Y="141.0" />
  <Point X="85.0" Y="142.0" />
  <Point X="85.78748571602337" Y="142.0" />
  <Point X="86.0" Y="142.0" />
  <Point X="86.0" Y="143.0" />
  <Point X="87.0" Y="144.0" />
  <Point X="88.0" Y="144.0" />
  <Point X="88.0" Y="145.0" />
  <Point X="89.0" Y="145.0" />
  <Point X="89.0" Y="145.06206069419943" />
  <Point X="89.0" Y="146.0" />
  <Point X="90.0" Y="146.0" />
  <Point X="91.0" Y="146.0" />
  <Point X="91.0" Y="147.0" />
  <Point X="92.0" Y="147.0" />
  <Point X="92.53093058553945" Y="147.53093058553947" />
  <Point X="93.0" Y="148.0" />
  <Point X="94.0" Y="148.0" />
  <Point X="95.0" Y="148.0" />
  <Point X="95.0" Y="149.0" />
  <Point X="96.0" Y="149.0" />
  <Point X="97.0" Y="149.0" />
  <Point X="97.02542421292465" Y="149.0" />
  <Point X="98.0" Y="149.0" />
  <Point X="99.0" Y="149.0" />
  <Point X="99.0" Y="150.0" />
  <Point X="100.0" Y="150.0" />
  <Point X="101.0" Y="150.0" />
  <Point X="101.7142127534738" Y="150.0" />
  <Point X="102.0" Y="150.0" />
  <Point X="103.0" Y="150.0" />
  <Point X="104.0" Y="150.0" />
  <Point X="105.0" Y="150.0" />
  <Point X="106.0" Y="151.0" />
  <Point X="106.98878773164986" Y="151.0" />
  <Point X="107.0" Y="151.0" />
  <Point X="108.0" Y="151.0" />
  <Point X="109.0" Y="151.0" />
  <Point X="110.0" Y="151.0" />
  <Point X="111.0" Y="151.0" />
  <Point X="112.0" Y="151.0" />
  <Point X="112.67757627219902" Y="151.0" />
  <Point X="113.0" Y="151.0" />
  <Point X="114.0" Y="151.0" />
  <Point X="115.0" Y="151.0" />
  <Point X="116.0" Y="151.0" />
  <Point X="117.0" Y="151.0" />
  <Point X="118.0" Y="151.0" />
  <Point X="118.36636481274817" Y="151.0" />
  <Point X="119.0" Y="151.0" />
  <Point X="120.0" Y="151.0" />
  <Point X="121.0" Y="151.0" />
  <Point X="122.0" Y="151.0" />
  <Point X="123.0" Y="151.0" />
  <Point X="123.0" Y="150.0" />
  <Point X="123.05515335329733" Y="150.0" />
  <Point X="124.0" Y="150.0" />
  <Point X="125.0" Y="150.0" />
  <Point X="125.0" Y="149.0" />
  <Point X="126.0" Y="149.0" />
  <Point X="127.0" Y="149.0" />
  <Point X="127.0" Y="148.25605810615352" />
  <Point X="127.0" Y="148.0" />
  <Point X="128.0" Y="148.0" />
  <Point X="128.0" Y="147.0" />
  <Point X="129.0" Y="147.0" />
  <Point X="129.0" Y="146.0" />
  <Point X="130.0" Y="146.0" />
  <Point X="130.43273043439564" Y="146.0" />
  <Point X="131.0" Y="146.0" />
  <Point X="131.0" Y="145.0" />
  <Point X="132.0" Y="145.0" />
  <Point X="132.0" Y="144.0" />
  <Point X="133.0" Y="144.0" />
  <Point X="133.0" Y="143.0" />
  <Point X="133.1215189749448" Y="143.0" />
  <Point X="134.0" Y="143.0" />
  <Point X="134.0" Y="142.0" />
  <Point X="135.0" Y="142.0" />
  <Point X="135.0" Y="141.0" />
  <Point X="136.0" Y="141.0" />
  <Point X="136.0" Y="140.18969248450605" />
  <Point X="136.0" Y="140.0" />
  <Point X="137.0" Y="139.0" />
  <Point X="137.0" Y="138.0" />
  <Point X="137.0" Y="137.0" />
  <Point X="138.0" Y="137.0" />
  <Point X="138.0" Y="136.0" />
  <Point X="138.08488249367" Y="136.0" />
  <Point X="139.0" Y="136.0" />
  <Point X="139.0" Y="135.0" />
  <Point X="139.0" Y="134.0" />
  <Point X="140.0" Y="133.0" />
  <Point X="140.0" Y="132.0" />
  <Point X="140.35945747184604" Y="132.0" />
  <Point X="141.0" Y="132.0" />
  <Point X="141.0" Y="131.0" />
  <Point X="141.0" Y="130.0" />
  <Point X="141.0" Y="129.0" />
  <Point X="142.0" Y="128.0" />
  <Point X="142.0" Y="127.3659675499779" />
  <Point X="142.0" Y="127.0" />
  <Point X="142.0" Y="126.0" />
  <Point X="143.0" Y="125.0" />
  <Point X="144.0" Y="124.0" />
  <Point X="144.0" Y="123.0" />
  <Point X="144.0" Y="122.50560613417494" />
  <Point X="144.0" Y="122.0" />
  <Point X="145.0" Y="121.0" />
  <Point X="145.0" Y="120.0" />
  <Point X="145.0" Y="119.0" />
  <Point X="146.0" Y="119.0" />
  <Point X="146.0" Y="118.23103115599888" />
  <Point X="146.0" Y="118.0" />
  <Point X="146.0" Y="117.0" />
  <Point X="146.0" Y="116.0" />
  <Point X="146.0" Y="115.0" />
  <Point X="147.0" Y="115.0" />
  <Point X="147.0" Y="114.0" />
  <Point X="147.45775738455026" Y="114.0" />
  <Point X="148.0" Y="114.0" />
  <Point X="148.0" Y="113.0" />
  <Point X="148.0" Y="112.0" />
  <Point X="148.0" Y="111.0" />
  <Point X="149.0" Y="110.0" />
  <Point X="149.0" Y="109.26766763727368" />
  <Point X="149.0" Y="109.0" />
  <Point X="149.0" Y="108.0" />
  <Point X="149.0" Y="107.0" />
  <Point X="149.0" Y="106.0" />
  <Point X="149.0" Y="105.0" />
  <Point X="149.0" Y="104.0" />
  <Point X="149.0" Y="103.57887909672452" />
  <Point X="149.0" Y="103.0" />
  <Point X="149.0" Y="102.0" />
  <Point X="149.0" Y="101.0" />
  <Point X="148.0" Y="101.0" />
  <Point X="147.0" Y="101.0" />
  <Point X="147.0" Y="100.0" />
  <Point X="146.89009055617538" Y="100.0" />
  <Point X="146.0" Y="100.0" />
  <Point X="146.0" Y="99.0" />
  <Point X="146.0" Y="98.0" />
  <Point X="145.0" Y="98.0" />
  <Point X="145.0" Y="97.0" />
  <Point X="144.20130201562623" Y="97.0" />
  <Point X="144.0" Y="97.0" />
  <Point X="143.0" Y="97.0" />
  <Point X="142.0" Y="97.0" />
  <Point X="142.0" Y="96.0" />
  <Point X="141.0" Y="95.0" />
  <Point X="140.24108141011683" Y="94.24108141011683" />
  <Point X="140.0" Y="94.0" />
  <Point X="139.0" Y="93.0" />
  <Point X="138.0" Y="93.0" />
  <Point X="137.0" Y="93.0" />
  <Point X="137.0" Y="92.0" />
  <Point X="136.0663656216472" Y="92.0" />
  <Point X="136.0" Y="92.0" />
  <Point X="136.0" Y="91.0" />
  <Point X="135.0" Y="91.0" />
  <Point X="134.0" Y="91.0" />
  <Point X="134.0" Y="90.0" />
  <Point X="134.0" Y="89.0" />
  <Point X="133.37757708109805" Y="89.0" />
  <Point X="133.0" Y="89.0" />
  <Point X="133.0" Y="88.0" />
  <Point X="133.0" Y="87.0" />
  <Point X="132.0" Y="87.0" />
  <Point X="132.0" Y="86.0" />
  <Point X="132.0" Y="85.0" />
  <Point X="132.0" Y="84.6887885405489" />
  <Point X="132.0" Y="84.0" />
  <Point X="131.0" Y="84.0" />
  <Point X="130.0" Y="84.0" />
  <Point X="130.0" Y="83.0" />
  <Point X="130.0" Y="82.0" />
  <Point X="129.0" Y="82.0" />
</Project_1_Part_4>
