<?xml version="1.0" encoding="utf-8" standalone="yes"?>
<Gesture Name="circle5" Subject="1" Number="1" NumPts="322">
  <Point X="204.0" Y="85.0" />
  <Point X="204.0" Y="84.0" />
  <Point X="203.0" Y="84.0" />
  <Point X="202.0" Y="84.0" />
  <Point X="201.0" Y="84.0" />
  <Point X="200.7310932460801" Y="84.0" />
  <Point X="200.0" Y="84.0" />
  <Point X="199.0" Y="84.0" />
  <Point X="199.0" Y="83.0" />
  <Point X="198.0" Y="83.0" />
  <Point X="197.46218649216019" Y="83.0" />
  <Point X="197.0" Y="83.0" />
  <Point X="196.0" Y="83.0" />
  <Point X="195.0" Y="83.0" />
  <Point X="194.0" Y="83.0" />
  <Point X="193.19327973824028" Y="83.0" />
  <Point X="193.0" Y="83.0" />
  <Point X="192.0" Y="83.0" />
  <Point X="191.0" Y="83.0" />
  <Point X="190.0" Y="83.0" />
  <Point X="189.0" Y="83.0" />
  <Point X="188.92437298432037" Y="83.0" />
  <Point X="188.0" Y="83.0" />
  <Point X="187.0" Y="83.0" />
  <Point X="186.0" Y="83.0" />
  <Point X="185.0" Y="83.0" />
  <Point X="184.65546623040046" Y="83.0" />
  <Point X="184.0" Y="83.0" />
  <Point X="183.0" Y="83.0" />
  <Point X="182.0" Y="83.0" />
  <Point X="181.0" Y="83.0" />
  <Point X="180.38655947648056" Y="83.0" />
  <Point X="180.0" Y="83.0" />
  <Point X="179.0" Y="83.0" />
  <Point X="179.0" Y="84.0" />
  <Point X="178.0" Y="84.0" />
  <Point X="177.11765272256065" Y="84.0" />
  <Point X="177.0" Y="84.0" />
  <Point X="176.0" Y="84.0" />
  <Point X="176.0" Y="85.0" />
  <Point X="175.0" Y="85.0" />
  <Point X="174.0" Y="85.0" />
  <Point X="174.0" Y="85.15125403135926" />
  <Point X="174.0" Y="86.0" />
  <Point X="173.0" Y="86.0" />
  <Point X="173.0" Y="87.0" />
  <Point X="172.0" Y="87.0" />
  <Point X="172.0" Y="87.42016078527917" />
  <Point X="172.0" Y="88.0" />
  <Point X="171.0" Y="88.0" />
  <Point X="170.0" Y="89.0" />
  <Point X="170.0" Y="90.0" />
  <Point X="169.725146023174" Y="90.0" />
  <Point X="169.0" Y="90.0" />
  <Point X="168.0" Y="91.0" />
  <Point X="167.0" Y="91.0" />
  <Point X="167.0" Y="92.0" />
  <Point X="166.90839631876008" Y="92.09160368123993" />
  <Point X="166.0" Y="93.0" />
  <Point X="165.0" Y="94.0" />
  <Point X="165.0" Y="95.0" />
  <Point X="164.42997320245348" Y="95.0" />
  <Point X="164.0" Y="95.0" />
  <Point X="163.0" Y="95.0" />
  <Point X="163.0" Y="96.0" />
  <Point X="163.0" Y="97.0" />
  <Point X="162.16106644853357" Y="97.0" />
  <Point X="162.0" Y="97.0" />
  <Point X="162.0" Y="98.0" />
  <Point X="161.0" Y="99.0" />
  <Point X="161.0" Y="100.0" />
  <Point X="160.509531826403" Y="100.49046817359701" />
  <Point X="160.0" Y="101.0" />
  <Point X="159.0" Y="101.0" />
  <Point X="159.0" Y="102.0" />
  <Point X="158.0" Y="102.0" />
  <Point X="158.0" Y="102.54831993456007" />
  <Point X="158.0" Y="103.0" />
  <Point X="157.0" Y="104.0" />
  <Point X="157.0" Y="105.0" />
  <Point X="156.00791990443608" Y="105.99208009556392" />
  <Point X="156.0" Y="106.0" />
  <Point X="155.0" Y="106.0" />
  <Point X="155.0" Y="107.0" />
  <Point X="154.0" Y="108.0" />
  <Point X="154.0" Y="108.84349275528061" />
  <Point X="154.0" Y="109.0" />
  <Point X="154.0" Y="110.0" />
  <Point X="153.0" Y="110.0" />
  <Point X="153.0" Y="111.0" />
  <Point X="152.21341476365572" Y="111.78658523634428" />
  <Point X="152.0" Y="112.0" />
  <Point X="152.0" Y="113.0" />
  <Point X="151.0" Y="113.0" />
  <Point X="151.0" Y="114.0" />
  <Point X="150.31616219326554" Y="114.68383780673446" />
  <Point X="150.0" Y="115.0" />
  <Point X="150.0" Y="116.0" />
  <Point X="150.0" Y="117.0" />
  <Point X="149.0" Y="117.0" />
  <Point X="149.0" Y="117.82178589229416" />
  <Point X="149.0" Y="118.0" />
  <Point X="149.0" Y="119.0" />
  <Point X="148.0" Y="119.0" />
  <Point X="148.0" Y="120.0" />
  <Point X="147.0" Y="120.0" />
  <Point X="147.0" Y="120.09069264621407" />
  <Point X="147.0" Y="121.0" />
  <Point X="147.0" Y="122.0" />
  <Point X="147.0" Y="123.0" />
  <Point X="147.0" Y="124.0" />
  <Point X="147.0" Y="124.35959940013397" />
  <Point X="147.0" Y="125.0" />
  <Point X="147.0" Y="126.0" />
  <Point X="147.0" Y="127.0" />
  <Point X="146.0" Y="127.0" />
  <Point X="146.0" Y="127.62850615405388" />
  <Point X="146.0" Y="128.0" />
  <Point X="146.0" Y="129.0" />
  <Point X="146.0" Y="130.0" />
  <Point X="146.0" Y="131.0" />
  <Point X="146.0" Y="131.8974129079738" />
  <Point X="146.0" Y="132.0" />
  <Point X="146.0" Y="133.0" />
  <Point X="146.0" Y="134.0" />
  <Point X="146.0" Y="135.0" />
  <Point X="146.0" Y="136.0" />
  <Point X="146.0" Y="136.1663196618937" />
  <Point X="146.0" Y="137.0" />
  <Point X="147.0" Y="137.0" />
  <Point X="147.0" Y="138.0" />
  <Point X="148.0" Y="138.0" />
  <Point X="148.0" Y="138.43522641581362" />
  <Point X="148.0" Y="139.0" />
  <Point X="148.0" Y="140.0" />
  <Point X="149.0" Y="140.0" />
  <Point X="149.0" Y="141.0" />
  <Point X="149.0" Y="141.70413316973352" />
  <Point X="149.0" Y="142.0" />
  <Point X="150.0" Y="142.0" />
  <Point X="151.0" Y="142.0" />
  <Point X="152.0" Y="142.0" />
  <Point X="152.0" Y="142.97303992365343" />
  <Point X="152.0" Y="143.0" />
  <Point X="153.0" Y="143.0" />
  <Point X="154.0" Y="143.0" />
  <Point X="154.0" Y="144.0" />
  <Point X="155.0" Y="144.0" />
  <Point X="155.24194667757334" Y="144.0" />
  <Point X="156.0" Y="144.0" />
  <Point X="157.0" Y="144.0" />
  <Point X="158.0" Y="144.0" />
  <Point X="158.0" Y="145.0" />
  <Point X="158.51085343149325" Y="145.0" />
  <Point X="159.0" Y="145.0" />
  <Point X="160.0" Y="145.0" />
  <Point X="161.0" Y="145.0" />
  <Point X="161.0" Y="146.0" />
  <Point X="161.77976018541315" Y="146.0" />
  <Point X="162.0" Y="146.0" />
  <Point X="163.0" Y="146.0" />
  <Point X="164.0" Y="146.0" />
  <Point X="165.0" Y="146.0" />
  <Point X="166.0" Y="146.0" />
  <Point X="166.034412722822" Y="145.965587277178" />
  <Point X="167.0" Y="145.0" />
  <Point X="168.0" Y="145.0" />
  <Point X="169.0" Y="145.0" />
  <Point X="169.90336013087986" Y="145.0" />
  <Point X="170.0" Y="145.0" />
  <Point X="171.0" Y="145.0" />
  <Point X="172.0" Y="144.0" />
  <Point X="173.0" Y="144.0" />
  <Point X="173.7580533224267" Y="144.0" />
  <Point X="174.0" Y="144.0" />
  <Point X="175.0" Y="143.0" />
  <Point X="176.0" Y="143.0" />
  <Point X="177.0" Y="143.0" />
  <Point X="177.4332772151791" Y="142.5667227848209" />
  <Point X="178.0" Y="142.0" />
  <Point X="179.0" Y="142.0" />
  <Point X="180.0" Y="142.0" />
  <Point X="180.0" Y="141.0" />
  <Point X="180.46743970552032" Y="141.0" />
  <Point X="181.0" Y="141.0" />
  <Point X="182.0" Y="141.0" />
  <Point X="183.0" Y="141.0" />
  <Point X="184.0" Y="141.0" />
  <Point X="184.0" Y="140.26365354055977" />
  <Point X="184.0" Y="140.0" />
  <Point X="185.0" Y="140.0" />
  <Point X="186.0" Y="140.0" />
  <Point X="187.0" Y="140.0" />
  <Point X="188.0" Y="140.0" />
  <Point X="188.00525321336013" Y="140.0" />
  <Point X="189.0" Y="140.0" />
  <Point X="190.0" Y="140.0" />
  <Point X="191.0" Y="140.0" />
  <Point X="192.0" Y="140.0" />
  <Point X="192.27415996728004" Y="140.0" />
  <Point X="193.0" Y="140.0" />
  <Point X="194.0" Y="140.0" />
  <Point X="195.0" Y="140.0" />
  <Point X="196.0" Y="140.0" />
  <Point X="196.0" Y="139.45693327880005" />
  <Point X="196.0" Y="139.0" />
  <Point X="197.0" Y="139.0" />
  <Point X="198.0" Y="139.0" />
  <Point X="198.0" Y="138.0" />
  <Point X="198.57415195040085" Y="137.42584804959915" />
  <Point X="199.0" Y="137.0" />
  <Point X="200.0" Y="137.0" />
  <Point X="201.0" Y="136.0" />
  <Point X="201.0" Y="135.0" />
  <Point X="201.25245310429355" Y="135.0" />
  <Point X="202.0" Y="135.0" />
  <Point X="203.0" Y="135.0" />
  <Point X="203.0" Y="134.0" />
  <Point X="204.0" Y="134.0" />
  <Point X="204.3686570911812" Y="133.6313429088188" />
  <Point X="205.0" Y="133.0" />
  <Point X="206.0" Y="132.0" />
  <Point X="207.0" Y="132.0" />
  <Point X="207.0" Y="131.0381605126128" />
  <Point X="207.0" Y="131.0" />
  <Point X="208.0" Y="131.0" />
  <Point X="209.0" Y="131.0" />
  <Point X="209.0" Y="130.0" />
  <Point X="209.0" Y="129.0" />
  <Point X="209.23074624130712" Y="129.0" />
  <Point X="210.0" Y="129.0" />
  <Point X="210.0" Y="128.0" />
  <Point X="211.0" Y="128.0" />
  <Point X="211.0" Y="127.0" />
  <Point X="211.49965299522702" Y="127.0" />
  <Point X="212.0" Y="127.0" />
  <Point X="212.0" Y="126.0" />
  <Point X="213.0" Y="125.0" />
  <Point X="213.95766737274192" Y="124.04233262725808" />
  <Point X="214.0" Y="124.0" />
  <Point X="214.0" Y="123.0" />
  <Point X="215.0" Y="123.0" />
  <Point X="215.0" Y="122.0" />
  <Point X="216.0" Y="122.0" />
  <Point X="216.0" Y="121.79096062167935" />
  <Point X="216.0" Y="121.0" />
  <Point X="216.0" Y="120.0" />
  <Point X="217.0" Y="120.0" />
  <Point X="217.0" Y="119.0" />
  <Point X="217.0" Y="118.52205386775944" />
  <Point X="217.0" Y="118.0" />
  <Point X="218.0" Y="117.0" />
  <Point X="218.0" Y="116.0" />
  <Point X="218.0" Y="115.0" />
  <Point X="218.0" Y="114.66736067621262" />
  <Point X="218.0" Y="114.0" />
  <Point X="219.0" Y="114.0" />
  <Point X="219.0" Y="113.0" />
  <Point X="220.0" Y="112.0" />
  <Point X="220.0" Y="111.81266748466581" />
  <Point X="220.0" Y="111.0" />
  <Point X="220.0" Y="110.0" />
  <Point X="220.0" Y="109.0" />
  <Point X="220.0" Y="108.0" />
  <Point X="220.0" Y="107.5437607307459" />
  <Point X="220.0" Y="107.0" />
  <Point X="220.0" Y="106.0" />
  <Point X="220.0" Y="105.0" />
  <Point X="220.0" Y="104.0" />
  <Point X="220.0" Y="103.274853976826" />
  <Point X="220.0" Y="103.0" />
  <Point X="220.0" Y="102.0" />
  <Point X="220.0" Y="101.0" />
  <Point X="220.0" Y="100.0" />
  <Point X="220.0" Y="99.00594722290609" />
  <Point X="220.0" Y="99.0" />
  <Point X="220.0" Y="98.0" />
  <Point X="219.0" Y="98.0" />
  <Point X="219.0" Y="97.0" />
  <Point X="219.0" Y="96.0" />
  <Point X="219.0" Y="95.73704046898618" />
  <Point X="219.0" Y="95.0" />
  <Point X="218.0" Y="95.0" />
  <Point X="218.0" Y="94.0" />
  <Point X="217.0" Y="94.0" />
  <Point X="217.0" Y="93.46813371506627" />
  <Point X="217.0" Y="93.0" />
  <Point X="217.0" Y="92.0" />
  <Point X="216.0" Y="92.0" />
  <Point X="215.0" Y="92.0" />
  <Point X="215.0" Y="91.19922696114637" />
  <Point X="215.0" Y="91.0" />
  <Point X="214.0" Y="91.0" />
  <Point X="213.0" Y="91.0" />
  <Point X="213.0" Y="90.0" />
  <Point X="212.0" Y="90.0" />
  <Point X="211.93032020722646" Y="90.0" />
  <Point X="211.0" Y="90.0" />
  <Point X="211.0" Y="89.0" />
  <Point X="210.0" Y="88.0" />
  <Point X="209.07562701567963" Y="88.0" />
  <Point X="209.0" Y="88.0" />
  <Point X="209.0" Y="87.0" />
  <Point X="208.0" Y="87.0" />
  <Point X="207.0" Y="87.0" />
  <Point X="207.0" Y="86.0" />
  <Point X="206.80672026175972" Y="86.0" />
  <Point X="206.0" Y="86.0" />
  <Point X="205.0" Y="86.0" />
  <Point X="205.0" Y="85.0" />
  <Point X="204.0" Y="85.0" />
  <Point X="204.0" Y="84.53781350783981" />
  <Point X="204.0" Y="84.0" />
  <Point X="203.0" Y="84.0" />
  <Point X="202.0" Y="84.0" />
  <Point X="202.0" Y="83.0" />
  <Point X="201.2689067539199" Y="83.0" />
  <Point X="201.0" Y="83.0" />
  <Point X="200.0" Y="83.0" />
  <Point X="200.0" Y="82.0" />
  <Point X="199.0" Y="82.0" />
  <Point X="198.0" Y="82.0" />
</Project_1_Part_4>
