<?xml version="1.0" encoding="utf-8" standalone="yes"?>
<Gesture Name="circle3" Subject="1" Number="1" NumPts="336">
  <Point X="210.0" Y="28.0" />
  <Point X="204.94865668114582" Y="31.678695677861196" />
  <Point X="199.89731336229164" Y="35.35739135572239" />
  <Point X="194.84597004343746" Y="39.036087033583584" />
  <Point X="189.79462672458328" Y="42.714782711444784" />
  <Point X="184.7432834057291" Y="46.393478389305976" />
  <Point X="179.69194008687492" Y="50.07217406716717" />
  <Point X="174.64059676802074" Y="53.75086974502837" />
  <Point X="169.58925344916656" Y="57.42956542288957" />
  <Point X="164.53791013031238" Y="61.10826110075077" />
  <Point X="159.4865668114582" Y="64.78695677861197" />
  <Point X="154.43522349260402" Y="68.46565245647317" />
  <Point X="149.38388017374984" Y="72.14434813433436" />
  <Point X="144.33253685489566" Y="75.82304381219556" />
  <Point X="139.28119353604149" Y="79.50173949005676" />
  <Point X="134.2298502171873" Y="83.18043516791796" />
  <Point X="129.17850689833313" Y="86.85913084577915" />
  <Point X="124.12716357947895" Y="90.53782652364035" />
  <Point X="119.07582026062477" Y="94.21652220150153" />
  <Point X="118.0" Y="95.0" />
  <Point X="117.0" Y="95.0" />
  <Point X="116.0" Y="95.0" />
  <Point X="115.0" Y="95.0" />
  <Point X="114.0" Y="95.0" />
  <Point X="113.08196480741594" Y="95.0" />
  <Point X="113.0" Y="95.0" />
  <Point X="112.0" Y="95.0" />
  <Point X="111.0" Y="95.0" />
  <Point X="110.0" Y="95.0" />
  <Point X="109.0" Y="95.0" />
  <Point X="108.0" Y="95.0" />
  <Point X="107.0" Y="95.0" />
  <Point X="107.0" Y="95.16694479468644" />
  <Point X="107.0" Y="96.0" />
  <Point X="106.0" Y="96.0" />
  <Point X="105.0" Y="96.0" />
  <Point X="104.0" Y="96.0" />
  <Point X="104.0" Y="97.0" />
  <Point X="103.0" Y="97.0" />
  <Point X="103.0" Y="97.41585439678883" />
  <Point X="103.0" Y="98.0" />
  <Point X="102.0" Y="98.0" />
  <Point X="101.0" Y="98.0" />
  <Point X="101.0" Y="99.0" />
  <Point X="100.0" Y="99.0" />
  <Point X="100.0" Y="100.0" />
  <Point X="99.33523600110878" Y="100.0" />
  <Point X="99.0" Y="100.0" />
  <Point X="99.0" Y="101.0" />
  <Point X="98.0" Y="101.0" />
  <Point X="97.0" Y="101.0" />
  <Point X="97.0" Y="102.0" />
  <Point X="96.0" Y="102.0" />
  <Point X="96.0" Y="102.9136736009936" />
  <Point X="96.0" Y="103.0" />
  <Point X="95.0" Y="104.0" />
  <Point X="94.0" Y="104.0" />
  <Point X="94.0" Y="105.0" />
  <Point X="93.0" Y="105.0" />
  <Point X="93.0" Y="106.0" />
  <Point X="92.2516303592771" Y="106.0" />
  <Point X="92.0" Y="106.0" />
  <Point X="92.0" Y="107.0" />
  <Point X="91.0" Y="107.0" />
  <Point X="91.0" Y="108.0" />
  <Point X="91.0" Y="109.0" />
  <Point X="90.0" Y="109.0" />
  <Point X="89.29481708466166" Y="109.70518291533834" />
  <Point X="89.0" Y="110.0" />
  <Point X="89.0" Y="111.0" />
  <Point X="88.0" Y="111.0" />
  <Point X="88.0" Y="112.0" />
  <Point X="88.0" Y="113.0" />
  <Point X="87.0" Y="113.0" />
  <Point X="87.0" Y="113.83197528255457" />
  <Point X="87.0" Y="114.0" />
  <Point X="86.0" Y="114.0" />
  <Point X="86.0" Y="115.0" />
  <Point X="85.0" Y="116.0" />
  <Point X="85.0" Y="117.0" />
  <Point X="85.0" Y="118.0" />
  <Point X="84.33332867771614" Y="118.0" />
  <Point X="84.0" Y="118.0" />
  <Point X="84.0" Y="119.0" />
  <Point X="84.0" Y="120.0" />
  <Point X="84.0" Y="121.0" />
  <Point X="83.0" Y="122.0" />
  <Point X="83.0" Y="123.0" />
  <Point X="83.0" Y="123.50136736201316" />
  <Point X="83.0" Y="124.0" />
  <Point X="83.0" Y="125.0" />
  <Point X="83.0" Y="126.0" />
  <Point X="82.0" Y="126.0" />
  <Point X="82.0" Y="127.0" />
  <Point X="82.0" Y="128.0" />
  <Point X="82.0" Y="128.75027696411553" />
  <Point X="82.0" Y="129.0" />
  <Point X="82.0" Y="130.0" />
  <Point X="82.0" Y="131.0" />
  <Point X="82.0" Y="132.0" />
  <Point X="81.0" Y="132.0" />
  <Point X="81.0" Y="133.0" />
  <Point X="81.0" Y="133.9991865662179" />
  <Point X="81.0" Y="134.0" />
  <Point X="81.0" Y="135.0" />
  <Point X="81.0" Y="136.0" />
  <Point X="81.0" Y="137.0" />
  <Point X="81.0" Y="138.0" />
  <Point X="81.0" Y="139.0" />
  <Point X="81.0" Y="140.0" />
  <Point X="81.0" Y="140.24809616832027" />
  <Point X="81.0" Y="141.0" />
  <Point X="81.0" Y="142.0" />
  <Point X="81.0" Y="143.0" />
  <Point X="81.0" Y="144.0" />
  <Point X="82.0" Y="144.0" />
  <Point X="82.0" Y="145.0" />
  <Point X="82.0" Y="145.49700577042265" />
  <Point X="82.0" Y="146.0" />
  <Point X="82.0" Y="147.0" />
  <Point X="83.0" Y="147.0" />
  <Point X="83.0" Y="148.0" />
  <Point X="83.0" Y="149.0" />
  <Point X="83.0" Y="150.0" />
  <Point X="83.74591537252503" Y="150.0" />
  <Point X="84.0" Y="150.0" />
  <Point X="84.0" Y="151.0" />
  <Point X="85.0" Y="151.0" />
  <Point X="85.0" Y="152.0" />
  <Point X="85.0" Y="153.0" />
  <Point X="86.0" Y="154.0" />
  <Point X="86.41055426683933" Y="154.41055426683934" />
  <Point X="87.0" Y="155.0" />
  <Point X="87.0" Y="156.0" />
  <Point X="88.0" Y="157.0" />
  <Point X="89.0" Y="157.0" />
  <Point X="89.0" Y="158.0" />
  <Point X="90.0" Y="158.0" />
  <Point X="90.0" Y="158.00109388961053" />
  <Point X="90.0" Y="159.0" />
  <Point X="91.0" Y="159.0" />
  <Point X="92.0" Y="160.0" />
  <Point X="93.0" Y="161.0" />
  <Point X="94.0" Y="161.0" />
  <Point X="94.0" Y="161.42157636696672" />
  <Point X="94.0" Y="162.0" />
  <Point X="95.0" Y="162.0" />
  <Point X="96.0" Y="162.0" />
  <Point X="96.0" Y="163.0" />
  <Point X="97.0" Y="163.0" />
  <Point X="98.0" Y="163.0" />
  <Point X="98.6704859690691" Y="163.0" />
  <Point X="99.0" Y="163.0" />
  <Point X="99.0" Y="164.0" />
  <Point X="100.0" Y="164.0" />
  <Point X="101.0" Y="164.0" />
  <Point X="102.0" Y="165.0" />
  <Point X="103.0" Y="165.0" />
  <Point X="103.0" Y="165.50518200879839" />
  <Point X="103.0" Y="166.0" />
  <Point X="104.0" Y="166.0" />
  <Point X="105.0" Y="166.0" />
  <Point X="106.0" Y="166.0" />
  <Point X="106.0" Y="167.0" />
  <Point X="107.0" Y="167.0" />
  <Point X="107.75409161090077" Y="167.0" />
  <Point X="108.0" Y="167.0" />
  <Point X="109.0" Y="167.0" />
  <Point X="110.0" Y="167.0" />
  <Point X="111.0" Y="167.0" />
  <Point X="111.0" Y="168.0" />
  <Point X="112.0" Y="168.0" />
  <Point X="113.0" Y="168.0" />
  <Point X="113.00300121300316" Y="168.0" />
  <Point X="114.0" Y="168.0" />
  <Point X="115.0" Y="168.0" />
  <Point X="116.0" Y="168.0" />
  <Point X="117.0" Y="168.0" />
  <Point X="118.0" Y="168.0" />
  <Point X="119.0" Y="168.0" />
  <Point X="119.25191081510555" Y="168.0" />
  <Point X="120.0" Y="168.0" />
  <Point X="121.0" Y="168.0" />
  <Point X="122.0" Y="168.0" />
  <Point X="123.0" Y="168.0" />
  <Point X="124.0" Y="168.0" />
  <Point X="125.0" Y="168.0" />
  <Point X="125.50082041720793" Y="168.0" />
  <Point X="126.0" Y="168.0" />
  <Point X="127.0" Y="168.0" />
  <Point X="127.0" Y="167.0" />
  <Point X="128.0" Y="167.0" />
  <Point X="129.0" Y="167.0" />
  <Point X="130.0" Y="167.0" />
  <Point X="130.53013918071343" Y="166.46986081928657" />
  <Point X="131.0" Y="166.0" />
  <Point X="131.0" Y="165.0" />
  <Point X="132.0" Y="165.0" />
  <Point X="133.0" Y="164.0" />
  <Point X="134.0" Y="164.0" />
  <Point X="135.0" Y="164.0" />
  <Point X="135.0" Y="163.8297875033335" />
  <Point X="135.0" Y="163.0" />
  <Point X="136.0" Y="163.0" />
  <Point X="136.0" Y="162.0" />
  <Point X="137.0" Y="162.0" />
  <Point X="137.0" Y="161.0" />
  <Point X="138.0" Y="160.0" />
  <Point X="138.0049085363958" Y="160.0" />
  <Point X="139.0" Y="160.0" />
  <Point X="139.0" Y="159.0" />
  <Point X="140.0" Y="159.0" />
  <Point X="141.0" Y="158.0" />
  <Point X="142.0" Y="158.0" />
  <Point X="142.0" Y="157.16039542387492" />
  <Point X="142.0" Y="157.0" />
  <Point X="143.0" Y="156.0" />
  <Point X="144.0" Y="155.0" />
  <Point X="144.0" Y="154.0" />
  <Point X="145.0" Y="154.0" />
  <Point X="145.0" Y="153.0" />
  <Point X="145.26008705348127" Y="153.0" />
  <Point X="146.0" Y="153.0" />
  <Point X="146.0" Y="152.0" />
  <Point X="147.0" Y="152.0" />
  <Point X="147.0" Y="151.0" />
  <Point X="148.0" Y="151.0" />
  <Point X="148.0" Y="150.0" />
  <Point X="148.35991498676447" Y="149.64008501323553" />
  <Point X="149.0" Y="149.0" />
  <Point X="149.0" Y="148.0" />
  <Point X="149.0" Y="147.0" />
  <Point X="149.0" Y="146.0" />
  <Point X="150.0" Y="146.0" />
  <Point X="150.0" Y="145.0" />
  <Point X="150.0" Y="144.65630730468706" />
  <Point X="150.0" Y="144.0" />
  <Point X="151.0" Y="144.0" />
  <Point X="151.0" Y="143.0" />
  <Point X="151.0" Y="142.0" />
  <Point X="151.0" Y="141.0" />
  <Point X="151.0" Y="140.0" />
  <Point X="151.0" Y="139.4073977025847" />
  <Point X="151.0" Y="139.0" />
  <Point X="151.0" Y="138.0" />
  <Point X="151.0" Y="137.0" />
  <Point X="151.0" Y="136.0" />
  <Point X="151.0" Y="135.0" />
  <Point X="151.0" Y="134.0" />
  <Point X="151.0" Y="133.15848810048232" />
  <Point X="151.0" Y="133.0" />
  <Point X="151.0" Y="132.0" />
  <Point X="151.0" Y="131.0" />
  <Point X="151.0" Y="130.0" />
  <Point X="151.0" Y="129.0" />
  <Point X="151.0" Y="128.0" />
  <Point X="151.0" Y="127.0" />
  <Point X="151.0" Y="126.90957849837993" />
  <Point X="151.0" Y="126.0" />
  <Point X="151.0" Y="125.0" />
  <Point X="150.0" Y="125.0" />
  <Point X="150.0" Y="124.0" />
  <Point X="150.0" Y="123.0" />
  <Point X="150.0" Y="122.0" />
  <Point X="149.66066889627754" Y="122.0" />
  <Point X="149.0" Y="122.0" />
  <Point X="149.0" Y="121.0" />
  <Point X="149.0" Y="120.0" />
  <Point X="149.0" Y="119.0" />
  <Point X="148.0" Y="119.0" />
  <Point X="148.0" Y="118.0" />
  <Point X="148.0" Y="117.41175929417516" />
  <Point X="148.0" Y="117.0" />
  <Point X="147.0" Y="117.0" />
  <Point X="147.0" Y="116.0" />
  <Point X="146.0" Y="115.0" />
  <Point X="146.0" Y="114.0" />
  <Point X="145.0" Y="114.0" />
  <Point X="145.0" Y="113.57706325444586" />
  <Point X="145.0" Y="113.0" />
  <Point X="145.0" Y="112.0" />
  <Point X="144.0" Y="112.0" />
  <Point X="144.0" Y="111.0" />
  <Point X="143.0" Y="111.0" />
  <Point X="143.0" Y="110.0" />
  <Point X="142.32815365234347" Y="110.0" />
  <Point X="142.0" Y="110.0" />
  <Point X="142.0" Y="109.0" />
  <Point X="141.0" Y="109.0" />
  <Point X="141.0" Y="108.0" />
  <Point X="141.0" Y="107.0" />
  <Point X="140.0" Y="107.0" />
  <Point X="140.0" Y="106.07924405024109" />
  <Point X="140.0" Y="106.0" />
  <Point X="139.0" Y="106.0" />
  <Point X="138.0" Y="106.0" />
  <Point X="138.0" Y="105.0" />
  <Point X="137.0" Y="105.0" />
  <Point X="137.0" Y="104.0" />
  <Point X="136.0" Y="104.0" />
  <Point X="136.0" Y="103.8303344481387" />
  <Point X="136.0" Y="103.0" />
  <Point X="135.0" Y="103.0" />
  <Point X="134.0" Y="103.0" />
  <Point X="134.0" Y="102.0" />
  <Point X="133.0" Y="102.0" />
  <Point X="132.0" Y="102.0" />
  <Point X="132.0" Y="101.58142484603631" />
  <Point X="132.0" Y="101.0" />
  <Point X="131.0" Y="101.0" />
  <Point X="130.0" Y="101.0" />
  <Point X="129.0" Y="101.0" />
  <Point X="129.0" Y="100.0" />
  <Point X="128.0" Y="100.0" />
  <Point X="127.33251524393393" Y="100.0" />
  <Point X="127.0" Y="100.0" />
  <Point X="127.0" Y="99.0" />
  <Point X="126.0" Y="99.0" />
  <Point X="125.0" Y="99.0" />
  <Point X="125.0" Y="98.0" />
  <Point X="124.0" Y="98.0" />
  <Point X="123.08360564183154" Y="98.0" />
  <Point X="123.0" Y="98.0" />
  <Point X="123.0" Y="97.0" />
  <Point X="122.0" Y="97.0" />
  <Point X="121.0" Y="97.0" />
  <Point X="120.0" Y="97.0" />
  <Point X="119.0" Y="97.0" />
  <Point X="118.0" Y="97.0" />
  <Point X="117.88311244873549" Y="96.88311244873549" />
  <Point X="117.0" Y="96.0" />
  <Point X="116.0" Y="96.0" />
  <Point X="115.0" Y="96.0" />
  <Point X="115.0" Y="95.0" />
  <Point X="114.0" Y="95.0" />
  <Point X="113.0" Y="95.0" />
</Project_1_Part_4>
