<?xml version="1.0" encoding="utf-8" standalone="yes"?>
<Gesture Name="circle9" Subject="1" Number="1" NumPts="260">
  <Point X="62.0" Y="56.0" />
  <Point X="61.0" Y="56.0" />
  <Point X="60.0" Y="56.0" />
  <Point X="59.0" Y="56.0" />
  <Point X="58.74264756451434" Y="56.0" />
  <Point X="58.0" Y="56.0" />
  <Point X="57.0" Y="56.0" />
  <Point X="56.0" Y="56.0" />
  <Point X="55.485295129028685" Y="56.0" />
  <Point X="55.0" Y="56.0" />
  <Point X="54.0" Y="56.0" />
  <Point X="53.0" Y="56.0" />
  <Point X="52.22794269354303" Y="56.0" />
  <Point X="52.0" Y="56.0" />
  <Point X="51.0" Y="56.0" />
  <Point X="50.0" Y="56.0" />
  <Point X="49.0" Y="56.0" />
  <Point X="48.97059025805737" Y="56.0" />
  <Point X="48.0" Y="56.0" />
  <Point X="47.0" Y="56.0" />
  <Point X="47.0" Y="57.0" />
  <Point X="46.71323782257171" Y="57.0" />
  <Point X="46.0" Y="57.0" />
  <Point X="45.0" Y="57.0" />
  <Point X="44.0" Y="57.0" />
  <Point X="44.0" Y="57.544114612913944" />
  <Point X="44.0" Y="58.0" />
  <Point X="43.0" Y="58.0" />
  <Point X="42.0" Y="59.0" />
  <Point X="41.61274651397349" Y="59.0" />
  <Point X="41.0" Y="59.0" />
  <Point X="40.0" Y="60.0" />
  <Point X="40.0" Y="61.0" />
  <Point X="39.769607640860926" Y="61.0" />
  <Point X="39.0" Y="61.0" />
  <Point X="38.0" Y="61.0" />
  <Point X="38.0" Y="62.0" />
  <Point X="37.51225520537527" Y="62.0" />
  <Point X="37.0" Y="62.0" />
  <Point X="36.0" Y="62.0" />
  <Point X="36.0" Y="63.0" />
  <Point X="35.473136695945634" Y="63.526863304054366" />
  <Point X="35.0" Y="64.0" />
  <Point X="35.0" Y="65.0" />
  <Point X="34.0" Y="65.0" />
  <Point X="34.0" Y="65.58823610322295" />
  <Point X="34.0" Y="66.0" />
  <Point X="33.0" Y="67.0" />
  <Point X="32.0" Y="67.0" />
  <Point X="32.0" Y="67.43137497633552" />
  <Point X="32.0" Y="68.0" />
  <Point X="32.0" Y="69.0" />
  <Point X="31.0" Y="69.0" />
  <Point X="31.0" Y="69.68872741182118" />
  <Point X="31.0" Y="70.0" />
  <Point X="30.0" Y="71.0" />
  <Point X="30.0" Y="72.0" />
  <Point X="29.468133715066262" Y="72.0" />
  <Point X="29.0" Y="72.0" />
  <Point X="29.0" Y="73.0" />
  <Point X="28.0" Y="73.0" />
  <Point X="28.0" Y="73.7892187204194" />
  <Point X="28.0" Y="74.0" />
  <Point X="28.0" Y="75.0" />
  <Point X="28.0" Y="76.0" />
  <Point X="28.0" Y="77.0" />
  <Point X="27.953428844094944" Y="77.0" />
  <Point X="27.0" Y="77.0" />
  <Point X="27.0" Y="78.0" />
  <Point X="27.0" Y="79.0" />
  <Point X="27.0" Y="79.30392359139071" />
  <Point X="27.0" Y="80.0" />
  <Point X="27.0" Y="81.0" />
  <Point X="27.0" Y="82.0" />
  <Point X="26.603117915278276" Y="82.39688208472172" />
  <Point X="26.0" Y="83.0" />
  <Point X="26.0" Y="84.0" />
  <Point X="26.0" Y="85.0" />
  <Point X="26.0" Y="85.40441489998894" />
  <Point X="26.0" Y="86.0" />
  <Point X="26.0" Y="87.0" />
  <Point X="26.0" Y="88.0" />
  <Point X="26.0" Y="88.6617673354746" />
  <Point X="26.0" Y="89.0" />
  <Point X="26.0" Y="90.0" />
  <Point X="26.0" Y="91.0" />
  <Point X="26.0" Y="91.91911977096025" />
  <Point X="26.0" Y="92.0" />
  <Point X="27.0" Y="93.0" />
  <Point X="27.0" Y="94.0" />
  <Point X="27.0" Y="94.76225864407282" />
  <Point X="27.0" Y="95.0" />
  <Point X="28.0" Y="96.0" />
  <Point X="29.0" Y="96.0" />
  <Point X="29.0" Y="96.60539751718538" />
  <Point X="29.0" Y="97.0" />
  <Point X="29.0" Y="98.0" />
  <Point X="30.0" Y="98.0" />
  <Point X="30.0" Y="98.86274995267104" />
  <Point X="30.0" Y="99.0" />
  <Point X="30.0" Y="100.0" />
  <Point X="31.0" Y="100.0" />
  <Point X="31.0" Y="101.0" />
  <Point X="31.120102388156695" Y="101.0" />
  <Point X="32.0" Y="101.0" />
  <Point X="32.0" Y="102.0" />
  <Point X="33.0" Y="102.0" />
  <Point X="33.0" Y="102.37745482364235" />
  <Point X="33.0" Y="103.0" />
  <Point X="34.0" Y="103.0" />
  <Point X="35.0" Y="104.0" />
  <Point X="35.15598329886241" Y="104.15598329886241" />
  <Point X="36.0" Y="105.0" />
  <Point X="37.0" Y="106.0" />
  <Point X="37.64951900749438" Y="106.0" />
  <Point X="38.0" Y="106.0" />
  <Point X="38.0" Y="107.0" />
  <Point X="39.0" Y="107.0" />
  <Point X="39.90687144298004" Y="107.0" />
  <Point X="40.0" Y="107.0" />
  <Point X="41.0" Y="107.0" />
  <Point X="42.0" Y="107.0" />
  <Point X="42.0" Y="108.0" />
  <Point X="42.1642238784657" Y="108.0" />
  <Point X="43.0" Y="108.0" />
  <Point X="44.0" Y="108.0" />
  <Point X="45.0" Y="108.0" />
  <Point X="45.421576313951356" Y="108.0" />
  <Point X="46.0" Y="108.0" />
  <Point X="47.0" Y="108.0" />
  <Point X="48.0" Y="108.0" />
  <Point X="48.67892874943701" Y="108.0" />
  <Point X="50.0" Y="108.0" />
  <Point X="51.0" Y="108.0" />
  <Point X="51.93628118492267" Y="108.0" />
  <Point X="52.0" Y="108.0" />
  <Point X="53.0" Y="108.0" />
  <Point X="54.0" Y="108.0" />
  <Point X="55.0" Y="108.0" />
  <Point X="55.19363362040833" Y="108.0" />
  <Point X="56.0" Y="108.0" />
  <Point X="57.0" Y="108.0" />
  <Point X="58.0" Y="108.0" />
  <Point X="58.450986055893985" Y="108.0" />
  <Point X="59.0" Y="108.0" />
  <Point X="60.0" Y="108.0" />
  <Point X="61.0" Y="107.0" />
  <Point X="61.29412492900655" Y="107.0" />
  <Point X="62.0" Y="107.0" />
  <Point X="63.0" Y="107.0" />
  <Point X="63.0" Y="106.0" />
  <Point X="63.55147736449221" Y="106.0" />
  <Point X="64.0" Y="106.0" />
  <Point X="64.0" Y="105.0" />
  <Point X="65.0" Y="105.0" />
  <Point X="65.80882979997787" Y="105.0" />
  <Point X="66.0" Y="105.0" />
  <Point X="67.0" Y="105.0" />
  <Point X="67.0" Y="104.0" />
  <Point X="68.0" Y="104.0" />
  <Point X="68.06618223546353" Y="104.0" />
  <Point X="69.0" Y="104.0" />
  <Point X="70.0" Y="103.0" />
  <Point X="70.9093211085761" Y="103.0" />
  <Point X="71.0" Y="103.0" />
  <Point X="71.0" Y="102.0" />
  <Point X="72.0" Y="101.0" />
  <Point X="72.75245998168866" Y="101.0" />
  <Point X="73.0" Y="101.0" />
  <Point X="74.0" Y="100.0" />
  <Point X="74.0" Y="99.0" />
  <Point X="74.59559885480122" Y="99.0" />
  <Point X="75.0" Y="99.0" />
  <Point X="75.0" Y="98.0" />
  <Point X="76.0" Y="98.0" />
  <Point X="76.0" Y="97.14704870971312" />
  <Point X="76.0" Y="97.0" />
  <Point X="76.0" Y="96.0" />
  <Point X="77.0" Y="96.0" />
  <Point X="77.0" Y="95.0" />
  <Point X="77.11030372577254" Y="95.0" />
  <Point X="78.0" Y="95.0" />
  <Point X="78.0" Y="94.0" />
  <Point X="78.0" Y="93.0" />
  <Point X="78.0" Y="92.6323438387418" />
  <Point X="78.0" Y="92.0" />
  <Point X="79.0" Y="92.0" />
  <Point X="79.0" Y="91.0" />
  <Point X="79.0" Y="90.37499140325615" />
  <Point X="79.0" Y="90.0" />
  <Point X="79.0" Y="89.0" />
  <Point X="80.0" Y="89.0" />
  <Point X="80.0" Y="88.11763896777049" />
  <Point X="80.0" Y="88.0" />
  <Point X="80.0" Y="87.0" />
  <Point X="80.0" Y="86.0" />
  <Point X="80.0" Y="85.0" />
  <Point X="80.13971346771517" Y="85.0" />
  <Point X="81.0" Y="85.0" />
  <Point X="81.0" Y="84.0" />
  <Point X="81.0" Y="83.0" />
  <Point X="81.39706590320083" Y="83.0" />
  <Point X="82.0" Y="83.0" />
  <Point X="82.0" Y="82.0" />
  <Point X="82.0" Y="81.0" />
  <Point X="82.0" Y="80.34558166131352" />
  <Point X="82.0" Y="80.0" />
  <Point X="82.0" Y="79.0" />
  <Point X="82.0" Y="78.0" />
  <Point X="82.0" Y="77.08822922582786" />
  <Point X="82.0" Y="77.0" />
  <Point X="82.0" Y="76.0" />
  <Point X="81.0" Y="76.0" />
  <Point X="81.0" Y="75.0" />
  <Point X="81.0" Y="74.8308767903422" />
  <Point X="81.0" Y="74.0" />
  <Point X="81.0" Y="73.0" />
  <Point X="80.0" Y="73.0" />
  <Point X="80.0" Y="72.57352435485654" />
  <Point X="80.0" Y="72.0" />
  <Point X="79.0" Y="72.0" />
  <Point X="79.0" Y="71.0" />
  <Point X="78.31617191937089" Y="71.0" />
  <Point X="78.0" Y="71.0" />
  <Point X="78.0" Y="70.0" />
  <Point X="77.0" Y="70.0" />
  <Point X="77.0" Y="69.05881948388523" />
  <Point X="77.0" Y="69.0" />
  <Point X="76.0" Y="69.0" />
  <Point X="76.0" Y="68.0" />
  <Point X="75.0" Y="68.0" />
  <Point X="75.0" Y="67.80146704839957" />
  <Point X="75.0" Y="67.0" />
  <Point X="73.0" Y="67.0" />
  <Point X="73.0" Y="66.54411461291392" />
  <Point X="73.0" Y="66.0" />
  <Point X="73.0" Y="65.0" />
  <Point X="72.0" Y="65.0" />
  <Point X="72.0" Y="64.28676217742826" />
  <Point X="72.0" Y="64.0" />
  <Point X="71.0" Y="64.0" />
  <Point X="71.0" Y="63.0" />
  <Point X="70.0294097419426" Y="63.0" />
  <Point X="70.0" Y="63.0" />
  <Point X="70.0" Y="62.0" />
  <Point X="69.0" Y="62.0" />
  <Point X="69.0" Y="61.0" />
  <Point X="68.77205730645694" Y="61.0" />
  <Point X="68.0" Y="61.0" />
  <Point X="68.0" Y="60.0" />
  <Point X="67.0" Y="60.0" />
  <Point X="67.0" Y="59.514704870971286" />
  <Point X="67.0" Y="59.0" />
  <Point X="66.0" Y="59.0" />
  <Point X="65.0" Y="59.0" />
  <Point X="65.0" Y="58.25735243548563" />
  <Point X="65.0" Y="58.0" />
  <Point X="64.0" Y="58.0" />
  <Point X="63.0" Y="58.0" />
  <Point X="62.0" Y="58.0" />
</Project_1_Part_4>
