<?xml version="1.0" encoding="utf-8" standalone="yes"?>
<Gesture Name="circle8" Subject="1" Number="1" NumPts="327">
  <Point X="194.0" Y="56.0" />
  <Point X="193.0" Y="56.0" />
  <Point X="192.0" Y="56.0" />
  <Point X="192.0" Y="55.0" />
  <Point X="191.0" Y="55.0" />
  <Point X="190.69117707741722" Y="55.0" />
  <Point X="190.0" Y="55.0" />
  <Point X="189.0" Y="55.0" />
  <Point X="188.0" Y="55.0" />
  <Point X="187.0" Y="55.0" />
  <Point X="186.38235415483445" Y="55.0" />
  <Point X="186.0" Y="55.0" />
  <Point X="185.0" Y="55.0" />
  <Point X="184.0" Y="55.0" />
  <Point X="184.0" Y="56.0" />
  <Point X="183.07353123225167" Y="56.0" />
  <Point X="183.0" Y="56.0" />
  <Point X="182.0" Y="56.0" />
  <Point X="182.0" Y="57.0" />
  <Point X="181.0" Y="57.0" />
  <Point X="180.12651686902348" Y="57.87348313097653" />
  <Point X="180.0" Y="58.0" />
  <Point X="179.0" Y="58.0" />
  <Point X="178.0" Y="59.0" />
  <Point X="177.0" Y="59.0" />
  <Point X="177.0" Y="59.71568748816772" />
  <Point X="177.0" Y="60.0" />
  <Point X="176.0" Y="61.0" />
  <Point X="175.0" Y="61.0" />
  <Point X="175.0" Y="62.0" />
  <Point X="174.3897031516226" Y="62.0" />
  <Point X="174.0" Y="62.0" />
  <Point X="174.0" Y="63.0" />
  <Point X="173.0" Y="63.0" />
  <Point X="173.0" Y="64.0" />
  <Point X="172.08088022903982" Y="64.0" />
  <Point X="172.0" Y="64.0" />
  <Point X="172.0" Y="65.0" />
  <Point X="171.0" Y="65.0" />
  <Point X="171.0" Y="66.0" />
  <Point X="170.0" Y="66.0" />
  <Point X="170.0" Y="66.22794269354297" />
  <Point X="170.0" Y="67.0" />
  <Point X="169.0" Y="67.0" />
  <Point X="169.0" Y="68.0" />
  <Point X="169.0" Y="69.0" />
  <Point X="168.46323438387424" Y="69.0" />
  <Point X="168.0" Y="69.0" />
  <Point X="167.0" Y="69.0" />
  <Point X="167.0" Y="70.0" />
  <Point X="167.0" Y="71.0" />
  <Point X="166.15441146129146" Y="71.0" />
  <Point X="166.0" Y="71.0" />
  <Point X="166.0" Y="72.0" />
  <Point X="165.0" Y="72.0" />
  <Point X="165.0" Y="73.0" />
  <Point X="165.0" Y="74.0" />
  <Point X="164.84558853870868" Y="74.0" />
  <Point X="164.0" Y="74.0" />
  <Point X="163.0" Y="75.0" />
  <Point X="163.0" Y="76.0" />
  <Point X="162.0" Y="76.0" />
  <Point X="162.0" Y="76.04902082150102" />
  <Point X="162.0" Y="77.0" />
  <Point X="162.0" Y="78.0" />
  <Point X="161.0" Y="78.0" />
  <Point X="161.0" Y="79.0" />
  <Point X="160.74696626195316" Y="79.25303373804684" />
  <Point X="160.0" Y="80.0" />
  <Point X="159.0" Y="80.0" />
  <Point X="159.0" Y="81.0" />
  <Point X="159.0" Y="82.0" />
  <Point X="158.7475468957065" Y="82.0" />
  <Point X="158.0" Y="82.0" />
  <Point X="158.0" Y="83.0" />
  <Point X="158.0" Y="84.0" />
  <Point X="157.0" Y="84.0" />
  <Point X="157.0" Y="84.56127602687629" />
  <Point X="157.0" Y="85.0" />
  <Point X="157.0" Y="86.0" />
  <Point X="156.0" Y="86.0" />
  <Point X="156.0" Y="87.0" />
  <Point X="155.3847471325342" Y="87.6152528674658" />
  <Point X="155.0" Y="88.0" />
  <Point X="155.0" Y="89.0" />
  <Point X="154.0" Y="90.0" />
  <Point X="154.0" Y="91.0" />
  <Point X="154.0" Y="91.35049474729568" />
  <Point X="154.0" Y="92.0" />
  <Point X="153.0" Y="92.0" />
  <Point X="153.0" Y="93.0" />
  <Point X="153.0" Y="94.0" />
  <Point X="153.0" Y="94.65931766987848" />
  <Point X="153.0" Y="95.0" />
  <Point X="153.0" Y="96.0" />
  <Point X="152.0" Y="97.0" />
  <Point X="152.0" Y="98.0" />
  <Point X="152.0" Y="98.55392703008818" />
  <Point X="152.0" Y="99.0" />
  <Point X="152.0" Y="100.0" />
  <Point X="152.0" Y="101.0" />
  <Point X="152.0" Y="102.0" />
  <Point X="152.0" Y="102.86274995267097" />
  <Point X="152.0" Y="103.0" />
  <Point X="152.0" Y="104.0" />
  <Point X="152.0" Y="105.0" />
  <Point X="152.0" Y="106.0" />
  <Point X="152.0" Y="107.0" />
  <Point X="151.82842712474624" Y="107.0" />
  <Point X="151.0" Y="107.0" />
  <Point X="151.0" Y="108.0" />
  <Point X="151.0" Y="109.0" />
  <Point X="151.0" Y="110.0" />
  <Point X="151.0" Y="110.48039579783655" />
  <Point X="151.0" Y="111.0" />
  <Point X="151.0" Y="112.0" />
  <Point X="151.0" Y="113.0" />
  <Point X="151.0" Y="114.0" />
  <Point X="151.0" Y="114.78921872041934" />
  <Point X="151.0" Y="115.0" />
  <Point X="151.0" Y="116.0" />
  <Point X="151.0" Y="117.0" />
  <Point X="151.0" Y="118.0" />
  <Point X="151.0" Y="119.0" />
  <Point X="151.0" Y="119.09804164300213" />
  <Point X="151.0" Y="120.0" />
  <Point X="152.0" Y="120.0" />
  <Point X="152.0" Y="121.0" />
  <Point X="152.0" Y="122.0" />
  <Point X="152.0" Y="122.40686456558493" />
  <Point X="152.0" Y="123.0" />
  <Point X="153.0" Y="123.0" />
  <Point X="153.0" Y="124.0" />
  <Point X="153.0" Y="125.0" />
  <Point X="153.7156874881677" Y="125.0" />
  <Point X="154.0" Y="125.0" />
  <Point X="154.0" Y="126.0" />
  <Point X="154.0" Y="127.0" />
  <Point X="155.0" Y="127.0" />
  <Point X="155.7244382588379" Y="127.72443825883789" />
  <Point X="156.0" Y="128.0" />
  <Point X="156.0" Y="129.0" />
  <Point X="157.0" Y="129.0" />
  <Point X="157.0" Y="130.0" />
  <Point X="157.64991582276858" Y="130.64991582276858" />
  <Point X="158.0" Y="131.0" />
  <Point X="159.0" Y="131.0" />
  <Point X="160.0" Y="132.0" />
  <Point X="161.0" Y="132.0" />
  <Point X="161.0" Y="132.3995155687968" />
  <Point X="161.0" Y="133.0" />
  <Point X="162.0" Y="133.0" />
  <Point X="163.0" Y="133.0" />
  <Point X="164.0" Y="134.0" />
  <Point X="164.2079777318165" Y="134.2079777318165" />
  <Point X="165.0" Y="135.0" />
  <Point X="166.0" Y="135.0" />
  <Point X="167.0" Y="135.0" />
  <Point X="168.0" Y="135.0" />
  <Point X="168.13345529574718" Y="135.13345529574718" />
  <Point X="169.0" Y="136.0" />
  <Point X="170.0" Y="136.0" />
  <Point X="172.0" Y="136.0" />
  <Point X="172.08334364942587" Y="136.0" />
  <Point X="173.0" Y="136.0" />
  <Point X="174.0" Y="136.0" />
  <Point X="175.0" Y="136.0" />
  <Point X="176.0" Y="136.0" />
  <Point X="176.39216657200865" Y="136.0" />
  <Point X="177.0" Y="136.0" />
  <Point X="178.0" Y="136.0" />
  <Point X="179.0" Y="136.0" />
  <Point X="180.0" Y="136.0" />
  <Point X="180.70098949459143" Y="136.0" />
  <Point X="181.0" Y="136.0" />
  <Point X="182.0" Y="136.0" />
  <Point X="183.0" Y="136.0" />
  <Point X="184.0" Y="136.0" />
  <Point X="185.0" Y="136.0" />
  <Point X="185.0098124171742" Y="136.0" />
  <Point X="186.0" Y="136.0" />
  <Point X="187.0" Y="136.0" />
  <Point X="188.0" Y="136.0" />
  <Point X="189.0" Y="136.0" />
  <Point X="189.0" Y="135.68136466024302" />
  <Point X="189.0" Y="135.0" />
  <Point X="190.0" Y="135.0" />
  <Point X="190.0" Y="134.0" />
  <Point X="191.0" Y="134.0" />
  <Point X="191.62745826233976" Y="134.0" />
  <Point X="192.0" Y="134.0" />
  <Point X="193.0" Y="134.0" />
  <Point X="194.0" Y="133.0" />
  <Point X="195.0" Y="133.0" />
  <Point X="195.52206762254946" Y="133.0" />
  <Point X="196.0" Y="133.0" />
  <Point X="196.0" Y="132.0" />
  <Point X="197.0" Y="132.0" />
  <Point X="198.0" Y="132.0" />
  <Point X="198.0" Y="131.16910945486777" />
  <Point X="198.0" Y="131.0" />
  <Point X="199.0" Y="131.0" />
  <Point X="199.0" Y="130.0" />
  <Point X="200.0" Y="130.0" />
  <Point X="200.0" Y="129.0" />
  <Point X="200.139713467715" Y="129.0" />
  <Point X="201.0" Y="129.0" />
  <Point X="201.0" Y="128.0" />
  <Point X="202.0" Y="128.0" />
  <Point X="203.0" Y="128.0" />
  <Point X="203.0" Y="127.5514636097022" />
  <Point X="203.0" Y="127.0" />
  <Point X="203.0" Y="126.0" />
  <Point X="204.0" Y="126.0" />
  <Point X="204.0" Y="125.0" />
  <Point X="204.7573593128806" Y="125.0" />
  <Point X="205.0" Y="125.0" />
  <Point X="205.0" Y="124.0" />
  <Point X="206.0" Y="123.0" />
  <Point X="206.0" Y="122.0" />
  <Point X="206.6519686730903" Y="122.0" />
  <Point X="207.0" Y="122.0" />
  <Point X="207.0" Y="121.0" />
  <Point X="208.0" Y="120.0" />
  <Point X="208.0" Y="119.0" />
  <Point X="208.0" Y="118.4534219667" />
  <Point X="208.0" Y="118.0" />
  <Point X="208.0" Y="117.0" />
  <Point X="209.0" Y="117.0" />
  <Point X="209.0" Y="116.0" />
  <Point X="209.0" Y="115.14459904411721" />
  <Point X="209.0" Y="115.0" />
  <Point X="209.0" Y="114.0" />
  <Point X="209.0" Y="113.0" />
  <Point X="210.0" Y="113.0" />
  <Point X="210.0" Y="112.0" />
  <Point X="210.0" Y="111.83577612153442" />
  <Point X="210.0" Y="111.0" />
  <Point X="210.0" Y="110.0" />
  <Point X="211.0" Y="110.0" />
  <Point X="211.0" Y="109.0" />
  <Point X="211.0" Y="108.52695319895163" />
  <Point X="211.0" Y="108.0" />
  <Point X="211.0" Y="107.0" />
  <Point X="211.0" Y="106.0" />
  <Point X="211.0" Y="105.0" />
  <Point X="211.0" Y="104.21813027636884" />
  <Point X="211.0" Y="104.0" />
  <Point X="211.0" Y="103.0" />
  <Point X="211.0" Y="102.0" />
  <Point X="211.0" Y="101.0" />
  <Point X="211.0" Y="100.0" />
  <Point X="211.0" Y="99.90930735378605" />
  <Point X="211.0" Y="99.0" />
  <Point X="211.0" Y="98.0" />
  <Point X="211.0" Y="97.0" />
  <Point X="211.0" Y="96.0" />
  <Point X="211.0" Y="95.60048443120326" />
  <Point X="211.0" Y="95.0" />
  <Point X="211.0" Y="94.0" />
  <Point X="211.0" Y="93.0" />
  <Point X="211.0" Y="92.0" />
  <Point X="211.0" Y="91.29166150862046" />
  <Point X="211.0" Y="91.0" />
  <Point X="211.0" Y="90.0" />
  <Point X="211.0" Y="89.0" />
  <Point X="211.0" Y="88.0" />
  <Point X="211.0" Y="87.0" />
  <Point X="211.0" Y="86.98283858603767" />
  <Point X="211.0" Y="86.0" />
  <Point X="211.0" Y="85.0" />
  <Point X="211.0" Y="84.0" />
  <Point X="211.0" Y="83.0" />
  <Point X="211.0" Y="82.67401566345488" />
  <Point X="211.0" Y="82.0" />
  <Point X="211.0" Y="81.0" />
  <Point X="211.0" Y="80.0" />
  <Point X="211.0" Y="79.0" />
  <Point X="211.0" Y="78.36519274087209" />
  <Point X="211.0" Y="78.0" />
  <Point X="211.0" Y="77.0" />
  <Point X="211.0" Y="76.0" />
  <Point X="211.0" Y="75.0" />
  <Point X="211.0" Y="74.0563698182893" />
  <Point X="211.0" Y="74.0" />
  <Point X="210.0" Y="74.0" />
  <Point X="210.0" Y="73.0" />
  <Point X="210.0" Y="72.0" />
  <Point X="210.0" Y="71.0" />
  <Point X="210.0" Y="70.7475468957065" />
  <Point X="210.0" Y="70.0" />
  <Point X="209.0" Y="70.0" />
  <Point X="209.0" Y="69.0" />
  <Point X="209.0" Y="68.0" />
  <Point X="208.43872397312373" Y="68.0" />
  <Point X="208.0" Y="68.0" />
  <Point X="207.0" Y="68.0" />
  <Point X="207.0" Y="67.0" />
  <Point X="206.0" Y="67.0" />
  <Point X="206.0" Y="66.12990105054094" />
  <Point X="206.0" Y="66.0" />
  <Point X="205.0" Y="66.0" />
  <Point X="205.0" Y="65.0" />
  <Point X="205.0" Y="64.0" />
  <Point X="204.0" Y="64.0" />
  <Point X="204.0" Y="63.821078127958145" />
  <Point X="204.0" Y="63.0" />
  <Point X="203.0" Y="63.0" />
  <Point X="202.0" Y="63.0" />
  <Point X="201.0" Y="63.0" />
  <Point X="201.0" Y="62.512255205375354" />
  <Point X="201.0" Y="62.0" />
  <Point X="200.0" Y="62.0" />
  <Point X="199.0" Y="62.0" />
  <Point X="198.0" Y="62.0" />
  <Point X="197.20343228279256" Y="62.0" />
  <Point X="197.0" Y="62.0" />
  <Point X="196.0" Y="61.0" />
  <Point X="196.0" Y="60.0" />
  <Point X="195.0" Y="60.0" />
  <Point X="194.30882292258286" Y="60.0" />
  <Point X="194.0" Y="60.0" />
  <Point X="193.0" Y="60.0" />
  <Point X="192.0" Y="60.0" />
  <Point X="192.0" Y="59.0" />
  <Point X="192.99999999999991" Y="59.0" />
  <Point X="193.0" Y="59.0" />
</Project_1_Part_4>
