<?xml version="1.0" encoding="utf-8" standalone="yes"?>
<Gesture Name="circle10" Subject="1" Number="1" NumPts="326">
  <Point X="129.0" Y="66.0" />
  <Point X="128.0" Y="66.0" />
  <Point X="127.0" Y="66.0" />
  <Point X="126.0" Y="66.0" />
  <Point X="125.0" Y="66.0" />
  <Point X="124.68732563793913" Y="66.0" />
  <Point X="124.0" Y="66.0" />
  <Point X="124.0" Y="65.0" />
  <Point X="123.0" Y="65.0" />
  <Point X="122.0" Y="65.0" />
  <Point X="121.37465127587825" Y="65.0" />
  <Point X="121.0" Y="65.0" />
  <Point X="120.0" Y="65.0" />
  <Point X="119.0" Y="65.0" />
  <Point X="118.0" Y="65.0" />
  <Point X="117.06197691381738" Y="65.0" />
  <Point X="117.0" Y="65.0" />
  <Point X="116.0" Y="65.0" />
  <Point X="115.0" Y="65.0" />
  <Point X="114.0" Y="65.0" />
  <Point X="113.0" Y="65.0" />
  <Point X="112.7493025517565" Y="65.0" />
  <Point X="112.0" Y="65.0" />
  <Point X="111.0" Y="65.0" />
  <Point X="110.0" Y="65.0" />
  <Point X="109.0" Y="65.0" />
  <Point X="108.43662818969563" Y="65.0" />
  <Point X="108.0" Y="65.0" />
  <Point X="107.0" Y="65.0" />
  <Point X="106.0" Y="65.0" />
  <Point X="105.0" Y="65.0" />
  <Point X="104.12395382763475" Y="65.0" />
  <Point X="104.0" Y="65.0" />
  <Point X="103.0" Y="65.0" />
  <Point X="102.0" Y="65.0" />
  <Point X="101.0" Y="65.0" />
  <Point X="100.0" Y="65.0" />
  <Point X="99.86655443035814" Y="65.13344556964186" />
  <Point X="99.0" Y="66.0" />
  <Point X="98.0" Y="66.0" />
  <Point X="97.0" Y="66.0" />
  <Point X="96.0" Y="66.0" />
  <Point X="95.91281866588609" Y="66.0" />
  <Point X="95.0" Y="66.0" />
  <Point X="95.0" Y="67.0" />
  <Point X="94.0" Y="67.0" />
  <Point X="93.0" Y="67.0" />
  <Point X="92.71725932573874" Y="67.28274067426126" />
  <Point X="92.0" Y="68.0" />
  <Point X="91.0" Y="68.0" />
  <Point X="90.0" Y="68.0" />
  <Point X="90.0" Y="69.0" />
  <Point X="90.0" Y="69.29831649586257" />
  <Point X="90.0" Y="70.0" />
  <Point X="89.0" Y="70.0" />
  <Point X="88.0" Y="70.0" />
  <Point X="87.0" Y="71.0" />
  <Point X="86.80322270444965" Y="71.0" />
  <Point X="86.0" Y="71.0" />
  <Point X="86.0" Y="72.0" />
  <Point X="85.0" Y="72.0" />
  <Point X="85.0" Y="73.0" />
  <Point X="84.49054834238878" Y="73.0" />
  <Point X="84.0" Y="73.0" />
  <Point X="84.0" Y="74.0" />
  <Point X="83.0" Y="74.0" />
  <Point X="82.0" Y="75.0" />
  <Point X="81.7115623353134" Y="75.2884376646866" />
  <Point X="81.0" Y="76.0" />
  <Point X="81.0" Y="77.0" />
  <Point X="80.0" Y="78.0" />
  <Point X="79.1078403053863" Y="78.0" />
  <Point X="79.0" Y="78.0" />
  <Point X="79.0" Y="79.0" />
  <Point X="79.0" Y="80.0" />
  <Point X="78.0" Y="80.0" />
  <Point X="78.0" Y="81.0" />
  <Point X="78.0" Y="81.20483405667457" />
  <Point X="78.0" Y="82.0" />
  <Point X="77.0" Y="82.0" />
  <Point X="77.0" Y="83.0" />
  <Point X="77.0" Y="84.0" />
  <Point X="77.0" Y="84.51750841873545" />
  <Point X="77.0" Y="85.0" />
  <Point X="76.0" Y="86.0" />
  <Point X="76.0" Y="87.0" />
  <Point X="76.0" Y="88.0" />
  <Point X="76.0" Y="88.41596921842323" />
  <Point X="76.0" Y="89.0" />
  <Point X="75.0" Y="89.0" />
  <Point X="75.0" Y="90.0" />
  <Point X="75.0" Y="91.0" />
  <Point X="75.0" Y="91.7286435804841" />
  <Point X="75.0" Y="92.0" />
  <Point X="75.0" Y="93.0" />
  <Point X="75.0" Y="94.0" />
  <Point X="75.0" Y="95.0" />
  <Point X="75.0" Y="96.0" />
  <Point X="75.0" Y="96.04131794254498" />
  <Point X="75.0" Y="97.0" />
  <Point X="75.0" Y="98.0" />
  <Point X="75.0" Y="99.0" />
  <Point X="75.0" Y="100.0" />
  <Point X="75.0" Y="100.35399230460585" />
  <Point X="75.0" Y="101.0" />
  <Point X="75.0" Y="102.0" />
  <Point X="76.0" Y="102.0" />
  <Point X="76.0" Y="103.0" />
  <Point X="76.0" Y="103.66666666666673" />
  <Point X="76.0" Y="104.0" />
  <Point X="77.0" Y="104.0" />
  <Point X="77.0" Y="105.0" />
  <Point X="77.0" Y="106.0" />
  <Point X="77.69249868250749" Y="106.69249868250749" />
  <Point X="78.0" Y="107.0" />
  <Point X="78.0" Y="108.0" />
  <Point X="79.0" Y="108.0" />
  <Point X="79.0" Y="109.0" />
  <Point X="79.87780182841537" Y="109.0" />
  <Point X="80.0" Y="109.0" />
  <Point X="80.0" Y="110.0" />
  <Point X="81.0" Y="110.0" />
  <Point X="81.0" Y="111.0" />
  <Point X="82.0" Y="111.0" />
  <Point X="82.0" Y="111.19047619047625" />
  <Point X="82.0" Y="112.0" />
  <Point X="83.0" Y="112.0" />
  <Point X="84.0" Y="112.0" />
  <Point X="84.0" Y="113.0" />
  <Point X="84.50315055253712" Y="113.0" />
  <Point X="85.0" Y="113.0" />
  <Point X="86.0" Y="114.0" />
  <Point X="86.0" Y="115.0" />
  <Point X="87.0" Y="115.0" />
  <Point X="87.4016113522249" Y="115.0" />
  <Point X="88.0" Y="115.0" />
  <Point X="89.0" Y="116.0" />
  <Point X="90.0" Y="116.0" />
  <Point X="90.0" Y="117.0" />
  <Point X="90.30007215191269" Y="117.0" />
  <Point X="91.0" Y="117.0" />
  <Point X="92.0" Y="117.0" />
  <Point X="92.0" Y="118.0" />
  <Point X="93.0" Y="118.0" />
  <Point X="93.61274651397356" Y="118.0" />
  <Point X="94.0" Y="118.0" />
  <Point X="94.0" Y="119.0" />
  <Point X="95.0" Y="119.0" />
  <Point X="96.0" Y="119.0" />
  <Point X="96.92542087603444" Y="119.0" />
  <Point X="97.0" Y="119.0" />
  <Point X="98.0" Y="120.0" />
  <Point X="99.0" Y="120.0" />
  <Point X="100.0" Y="120.0" />
  <Point X="100.58257231979852" Y="120.58257231979852" />
  <Point X="101.0" Y="121.0" />
  <Point X="102.0" Y="121.0" />
  <Point X="103.0" Y="121.0" />
  <Point X="103.0" Y="122.0" />
  <Point X="103.72234247541" Y="122.0" />
  <Point X="104.0" Y="122.0" />
  <Point X="105.0" Y="122.0" />
  <Point X="106.0" Y="122.0" />
  <Point X="107.0" Y="123.0" />
  <Point X="107.62080327509778" Y="123.0" />
  <Point X="108.0" Y="123.0" />
  <Point X="109.0" Y="123.0" />
  <Point X="110.0" Y="123.0" />
  <Point X="111.0" Y="124.0" />
  <Point X="111.51926407478557" Y="124.0" />
  <Point X="112.0" Y="124.0" />
  <Point X="113.0" Y="124.0" />
  <Point X="114.0" Y="124.0" />
  <Point X="115.0" Y="124.0" />
  <Point X="115.83193843684644" Y="124.0" />
  <Point X="116.0" Y="124.0" />
  <Point X="117.0" Y="124.0" />
  <Point X="118.0" Y="124.0" />
  <Point X="119.0" Y="124.0" />
  <Point X="120.0" Y="124.0" />
  <Point X="120.14461279890732" Y="124.0" />
  <Point X="121.0" Y="124.0" />
  <Point X="122.0" Y="124.0" />
  <Point X="123.0" Y="124.0" />
  <Point X="124.0" Y="124.0" />
  <Point X="124.45728716096819" Y="124.0" />
  <Point X="125.0" Y="124.0" />
  <Point X="126.0" Y="124.0" />
  <Point X="127.0" Y="124.0" />
  <Point X="128.0" Y="124.0" />
  <Point X="128.0" Y="123.23003847697093" />
  <Point X="128.0" Y="123.0" />
  <Point X="129.0" Y="123.0" />
  <Point X="130.0" Y="123.0" />
  <Point X="130.0" Y="122.0" />
  <Point X="131.0" Y="122.0" />
  <Point X="131.0" Y="121.91736411491006" />
  <Point X="131.0" Y="121.0" />
  <Point X="132.0" Y="121.0" />
  <Point X="132.0" Y="120.0" />
  <Point X="133.0" Y="120.0" />
  <Point X="133.0" Y="119.60468975284918" />
  <Point X="133.0" Y="119.0" />
  <Point X="134.0" Y="119.0" />
  <Point X="135.0" Y="118.0" />
  <Point X="135.0" Y="117.0" />
  <Point X="135.2937710468386" Y="117.0" />
  <Point X="136.0" Y="117.0" />
  <Point X="136.0" Y="116.0" />
  <Point X="137.0" Y="115.0" />
  <Point X="138.0" Y="115.0" />
  <Point X="138.0" Y="114.80776815347362" />
  <Point X="138.0" Y="114.0" />
  <Point X="138.0" Y="113.0" />
  <Point X="139.0" Y="113.0" />
  <Point X="139.0" Y="112.0" />
  <Point X="139.35702260395524" Y="111.64297739604476" />
  <Point X="140.0" Y="111.0" />
  <Point X="141.0" Y="111.0" />
  <Point X="141.0" Y="110.0" />
  <Point X="141.0" Y="109.0" />
  <Point X="141.40336700827504" Y="109.0" />
  <Point X="142.0" Y="109.0" />
  <Point X="142.0" Y="108.0" />
  <Point X="143.0" Y="108.0" />
  <Point X="143.0" Y="107.0" />
  <Point X="143.71604137033592" Y="107.0" />
  <Point X="144.0" Y="107.0" />
  <Point X="144.0" Y="106.0" />
  <Point X="145.0" Y="106.0" />
  <Point X="145.0" Y="105.0" />
  <Point X="145.0" Y="104.0" />
  <Point X="145.0287157323968" Y="104.0" />
  <Point X="146.0" Y="104.0" />
  <Point X="147.0" Y="104.0" />
  <Point X="147.0" Y="103.0" />
  <Point X="147.0" Y="102.0" />
  <Point X="147.34139009445767" Y="102.0" />
  <Point X="148.0" Y="102.0" />
  <Point X="148.0" Y="101.0" />
  <Point X="148.0" Y="100.0" />
  <Point X="149.0" Y="100.0" />
  <Point X="149.0" Y="99.34593554348146" />
  <Point X="149.0" Y="99.0" />
  <Point X="149.0" Y="98.0" />
  <Point X="150.0" Y="98.0" />
  <Point X="150.0" Y="97.0" />
  <Point X="150.96673881857942" Y="97.0" />
  <Point X="151.0" Y="97.0" />
  <Point X="151.0" Y="96.0" />
  <Point X="151.0" Y="95.0" />
  <Point X="151.0" Y="94.0" />
  <Point X="151.0" Y="93.0" />
  <Point X="151.0" Y="92.72058681935971" />
  <Point X="151.0" Y="92.0" />
  <Point X="151.0" Y="91.0" />
  <Point X="151.0" Y="90.0" />
  <Point X="151.0" Y="89.0" />
  <Point X="151.0" Y="88.40791245729883" />
  <Point X="151.0" Y="88.0" />
  <Point X="151.0" Y="87.0" />
  <Point X="151.0" Y="86.0" />
  <Point X="150.0" Y="86.0" />
  <Point X="150.0" Y="85.09523809523796" />
  <Point X="150.0" Y="85.0" />
  <Point X="150.0" Y="84.0" />
  <Point X="149.0" Y="84.0" />
  <Point X="149.0" Y="83.0" />
  <Point X="148.0" Y="83.0" />
  <Point X="147.84624934125364" Y="82.84624934125362" />
  <Point X="147.0" Y="82.0" />
  <Point X="146.0" Y="82.0" />
  <Point X="146.0" Y="81.0" />
  <Point X="145.0" Y="81.0" />
  <Point X="144.88410293348932" Y="81.0" />
  <Point X="144.0" Y="81.0" />
  <Point X="144.0" Y="80.0" />
  <Point X="143.0" Y="80.0" />
  <Point X="142.0" Y="80.0" />
  <Point X="142.0" Y="79.57142857142844" />
  <Point X="142.0" Y="79.0" />
  <Point X="141.0" Y="79.0" />
  <Point X="140.0" Y="79.0" />
  <Point X="139.0" Y="79.0" />
  <Point X="138.47586007491782" Y="78.47586007491782" />
  <Point X="138.0" Y="78.0" />
  <Point X="137.0" Y="78.0" />
  <Point X="136.0" Y="78.0" />
  <Point X="135.0" Y="78.0" />
  <Point X="134.36029340967977" Y="78.0" />
  <Point X="134.0" Y="78.0" />
  <Point X="133.0" Y="78.0" />
  <Point X="132.0" Y="78.0" />
  <Point X="132.0" Y="77.0" />
  <Point X="131.0476190476189" Y="77.0" />
  <Point X="131.0" Y="77.0" />
  <Point X="130.0" Y="77.0" />
  <Point X="129.0" Y="76.0" />
  <Point X="128.0" Y="76.0" />
  <Point X="127.14915824793111" Y="76.0" />
  <Point X="127.0" Y="76.0" />
  <Point X="126.0" Y="76.0" />
  <Point X="125.0" Y="76.0" />
  <Point X="124.0" Y="76.0" />
  <Point X="123.0" Y="76.0" />
  <Point X="122.88437664686558" Y="75.88437664686558" />
  <Point X="122.0" Y="75.0" />
  <Point X="121.0" Y="75.0" />
  <Point X="120.0" Y="75.0" />
  <Point X="119.0" Y="75.0" />
  <Point X="118.93802308618247" Y="75.0" />
  <Point X="118.0" Y="75.0" />
  <Point X="117.0" Y="75.0" />
  <Point X="117.0" Y="74.0" />
  <Point X="116.0" Y="74.0" />
  <Point X="115.6253487241216" Y="74.0" />
  <Point X="115.0" Y="74.0" />
  <Point X="114.0" Y="74.0" />
  <Point X="113.0" Y="74.0" />
  <Point X="112.0" Y="74.0" />
  <Point X="112.0" Y="73.31267436206072" />
  <Point X="112.0" Y="73.0" />
  <Point X="111.0" Y="73.0" />
  <Point X="110.0" Y="73.0" />
  <Point X="110.0" Y="72.0" />
  <Point X="110.0" Y="71.0" />
</Project_1_Part_4>
