<?xml version="1.0" encoding="utf-8" standalone="yes"?>
<Gesture Name="delete_mark8" Subject="1" Number="1" NumPts="483">
  <Point X="216.0" Y="19.0" />
  <Point X="217.0" Y="19.0" />
  <Point X="208.4160046561952" Y="22.15435973477164" />
  <Point X="198.89337690862527" Y="25.653638605866618" />
  <Point X="189.37074916105533" Y="29.152917476961598" />
  <Point X="179.8481214134854" Y="32.65219634805658" />
  <Point X="170.32549366591545" Y="36.15147521915156" />
  <Point X="160.8028659183455" Y="39.65075409024654" />
  <Point X="151.28023817077556" Y="43.150032961341516" />
  <Point X="141.75761042320562" Y="46.649311832436496" />
  <Point X="132.23498267563568" Y="50.148590703531475" />
  <Point X="122.71235492806574" Y="53.647869574626455" />
  <Point X="113.1897271804958" Y="57.147148445721434" />
  <Point X="103.66709943292585" Y="60.646427316816414" />
  <Point X="94.14447168535591" Y="64.14570618791139" />
  <Point X="84.62184393778597" Y="67.64498505900636" />
  <Point X="75.09921619021603" Y="71.14426393010135" />
  <Point X="65.57658844264608" Y="74.64354280119632" />
  <Point X="56.05396069507614" Y="78.14282167229129" />
  <Point X="51.0" Y="80.0" />
  <Point X="52.0" Y="80.0" />
  <Point X="53.0" Y="80.0" />
  <Point X="53.0" Y="81.0" />
  <Point X="54.0" Y="81.0" />
  <Point X="54.0" Y="81.76082759828931" />
  <Point X="54.0" Y="82.0" />
  <Point X="55.0" Y="82.0" />
  <Point X="56.0" Y="82.0" />
  <Point X="56.0" Y="83.0" />
  <Point X="57.0" Y="83.0" />
  <Point X="58.0" Y="83.0" />
  <Point X="58.0" Y="84.0" />
  <Point X="59.0" Y="84.0" />
  <Point X="59.0" Y="85.0" />
  <Point X="60.0" Y="85.0" />
  <Point X="60.0" Y="85.90604281712429" />
  <Point X="60.0" Y="86.0" />
  <Point X="61.0" Y="86.0" />
  <Point X="62.0" Y="87.0" />
  <Point X="63.0" Y="87.0" />
  <Point X="63.0" Y="88.0" />
  <Point X="64.0" Y="88.0" />
  <Point X="64.0" Y="89.0" />
  <Point X="65.0" Y="89.0" />
  <Point X="65.0" Y="90.0" />
  <Point X="66.0" Y="90.0" />
  <Point X="66.63704447358617" Y="90.0" />
  <Point X="67.0" Y="90.0" />
  <Point X="67.0" Y="91.0" />
  <Point X="68.0" Y="91.0" />
  <Point X="68.0" Y="92.0" />
  <Point X="69.0" Y="92.0" />
  <Point X="69.0" Y="93.0" />
  <Point X="70.0" Y="93.0" />
  <Point X="71.0" Y="94.0" />
  <Point X="72.0" Y="95.0" />
  <Point X="72.95383256767497" Y="95.0" />
  <Point X="73.0" Y="95.0" />
  <Point X="73.0" Y="96.0" />
  <Point X="74.0" Y="96.0" />
  <Point X="75.0" Y="96.0" />
  <Point X="75.0" Y="97.0" />
  <Point X="76.0" Y="98.0" />
  <Point X="77.0" Y="98.0" />
  <Point X="77.0" Y="99.0" />
  <Point X="78.0" Y="99.0" />
  <Point X="78.0" Y="100.0" />
  <Point X="78.68483422413685" Y="100.0" />
  <Point X="79.0" Y="100.0" />
  <Point X="80.0" Y="100.0" />
  <Point X="80.0" Y="101.0" />
  <Point X="81.0" Y="102.0" />
  <Point X="82.0" Y="102.0" />
  <Point X="83.0" Y="103.0" />
  <Point X="84.0" Y="104.0" />
  <Point X="85.0" Y="105.0" />
  <Point X="85.0" Y="106.0" />
  <Point X="85.17319519347944" Y="106.0" />
  <Point X="86.0" Y="106.0" />
  <Point X="87.0" Y="106.0" />
  <Point X="87.0" Y="107.0" />
  <Point X="88.0" Y="107.0" />
  <Point X="89.0" Y="109.0" />
  <Point X="90.0" Y="109.0" />
  <Point X="91.0" Y="110.0" />
  <Point X="92.0" Y="110.0" />
  <Point X="92.0" Y="110.66812887244153" />
  <Point X="92.0" Y="111.0" />
  <Point X="93.0" Y="112.0" />
  <Point X="94.0" Y="113.0" />
  <Point X="95.0" Y="113.0" />
  <Point X="96.0" Y="114.0" />
  <Point X="97.0" Y="115.0" />
  <Point X="98.0" Y="116.0" />
  <Point X="99.0" Y="116.0" />
  <Point X="99.52486859068546" Y="116.52486859068546" />
  <Point X="100.0" Y="117.0" />
  <Point X="101.0" Y="117.0" />
  <Point X="102.0" Y="118.0" />
  <Point X="103.0" Y="119.0" />
  <Point X="104.0" Y="120.0" />
  <Point X="105.0" Y="120.0" />
  <Point X="106.0" Y="121.0" />
  <Point X="107.0" Y="122.0" />
  <Point X="107.40221012400742" Y="122.0" />
  <Point X="108.0" Y="122.0" />
  <Point X="108.0" Y="123.0" />
  <Point X="110.0" Y="123.0" />
  <Point X="110.0" Y="124.0" />
  <Point X="112.0" Y="124.0" />
  <Point X="112.0" Y="125.0" />
  <Point X="113.0" Y="126.0" />
  <Point X="114.0" Y="126.0" />
  <Point X="114.09419495330378" Y="126.09419495330378" />
  <Point X="115.0" Y="127.0" />
  <Point X="116.0" Y="127.0" />
  <Point X="117.0" Y="128.0" />
  <Point X="117.0" Y="129.0" />
  <Point X="118.0" Y="129.0" />
  <Point X="119.0" Y="129.0" />
  <Point X="120.0" Y="130.0" />
  <Point X="121.0" Y="130.0" />
  <Point X="121.0" Y="131.0" />
  <Point X="121.035786312185" Y="131.0" />
  <Point X="122.0" Y="131.0" />
  <Point X="123.0" Y="132.0" />
  <Point X="124.0" Y="132.0" />
  <Point X="125.0" Y="132.0" />
  <Point X="125.0" Y="133.0" />
  <Point X="126.0" Y="134.0" />
  <Point X="127.0" Y="134.0" />
  <Point X="128.0" Y="135.0" />
  <Point X="128.93836084390068" Y="135.0" />
  <Point X="129.0" Y="135.0" />
  <Point X="130.0" Y="136.0" />
  <Point X="131.0" Y="136.0" />
  <Point X="132.0" Y="136.0" />
  <Point X="132.0" Y="137.0" />
  <Point X="133.0" Y="137.0" />
  <Point X="133.0" Y="138.0" />
  <Point X="134.0" Y="138.0" />
  <Point X="134.0" Y="139.0" />
  <Point X="135.0" Y="139.0" />
  <Point X="135.66936250036255" Y="139.0" />
  <Point X="136.0" Y="139.0" />
  <Point X="136.0" Y="140.0" />
  <Point X="137.0" Y="140.0" />
  <Point X="138.0" Y="140.0" />
  <Point X="138.0" Y="141.0" />
  <Point X="139.0" Y="142.0" />
  <Point X="140.0" Y="142.0" />
  <Point X="140.0" Y="143.0" />
  <Point X="141.0" Y="143.0" />
  <Point X="142.0" Y="143.0" />
  <Point X="142.0" Y="143.40036415682442" />
  <Point X="142.0" Y="144.0" />
  <Point X="143.0" Y="145.0" />
  <Point X="144.0" Y="145.0" />
  <Point X="144.0" Y="146.0" />
  <Point X="144.0" Y="147.0" />
  <Point X="145.0" Y="147.0" />
  <Point X="146.0" Y="148.0" />
  <Point X="147.0" Y="148.0" />
  <Point X="147.0" Y="149.0" />
  <Point X="147.71715225091322" Y="149.0" />
  <Point X="148.0" Y="149.0" />
  <Point X="148.0" Y="150.0" />
  <Point X="149.0" Y="150.0" />
  <Point X="149.0" Y="151.0" />
  <Point X="150.0" Y="151.0" />
  <Point X="150.0" Y="152.0" />
  <Point X="151.0" Y="152.0" />
  <Point X="151.0" Y="153.0" />
  <Point X="151.0" Y="154.0" />
  <Point X="152.0" Y="154.0" />
  <Point X="152.8623674697482" Y="154.0" />
  <Point X="153.0" Y="154.0" />
  <Point X="153.0" Y="155.0" />
  <Point X="154.0" Y="155.0" />
  <Point X="154.0" Y="156.0" />
  <Point X="155.0" Y="156.0" />
  <Point X="155.0" Y="157.0" />
  <Point X="155.0" Y="158.0" />
  <Point X="156.0" Y="158.0" />
  <Point X="156.0" Y="159.0" />
  <Point X="156.0" Y="160.0" />
  <Point X="155.0" Y="160.0" />
  <Point X="154.99241731141683" Y="160.0" />
  <Point X="154.0" Y="160.0" />
  <Point X="153.0" Y="160.0" />
  <Point X="152.0" Y="161.0" />
  <Point X="151.0" Y="161.0" />
  <Point X="150.0" Y="161.0" />
  <Point X="149.0" Y="161.0" />
  <Point X="148.0" Y="161.0" />
  <Point X="147.0" Y="162.0" />
  <Point X="146.0" Y="162.0" />
  <Point X="145.67562921732804" Y="162.0" />
  <Point X="145.0" Y="162.0" />
  <Point X="144.0" Y="162.0" />
  <Point X="143.0" Y="162.0" />
  <Point X="142.0" Y="162.0" />
  <Point X="141.0" Y="162.0" />
  <Point X="140.0" Y="163.0" />
  <Point X="139.0" Y="163.0" />
  <Point X="138.0" Y="163.0" />
  <Point X="137.0" Y="163.0" />
  <Point X="136.0" Y="163.0" />
  <Point X="135.94462756086617" Y="163.0" />
  <Point X="135.0" Y="163.0" />
  <Point X="134.0" Y="163.0" />
  <Point X="133.0" Y="163.0" />
  <Point X="132.0" Y="164.0" />
  <Point X="131.0" Y="164.0" />
  <Point X="130.0" Y="164.0" />
  <Point X="129.0" Y="164.0" />
  <Point X="127.0" Y="164.0" />
  <Point X="126.44394954445484" Y="164.55605045554518" />
  <Point X="126.0" Y="165.0" />
  <Point X="125.0" Y="165.0" />
  <Point X="124.0" Y="165.0" />
  <Point X="122.0" Y="165.0" />
  <Point X="121.0" Y="165.0" />
  <Point X="120.0" Y="165.0" />
  <Point X="119.0" Y="165.0" />
  <Point X="118.0" Y="166.0" />
  <Point X="117.0" Y="166.0" />
  <Point X="116.8968378103155" Y="166.0" />
  <Point X="116.0" Y="166.0" />
  <Point X="115.0" Y="166.0" />
  <Point X="114.0" Y="166.0" />
  <Point X="113.0" Y="166.0" />
  <Point X="112.0" Y="166.0" />
  <Point X="111.0" Y="166.0" />
  <Point X="110.0" Y="166.0" />
  <Point X="109.0" Y="166.0" />
  <Point X="108.0" Y="166.0" />
  <Point X="107.0" Y="166.0" />
  <Point X="107.0" Y="166.24837740851947" />
  <Point X="107.0" Y="167.0" />
  <Point X="105.0" Y="167.0" />
  <Point X="104.0" Y="167.0" />
  <Point X="103.0" Y="167.0" />
  <Point X="101.0" Y="168.0" />
  <Point X="100.0" Y="168.0" />
  <Point X="99.0" Y="168.0" />
  <Point X="98.0" Y="168.0" />
  <Point X="97.84247535014534" Y="168.0" />
  <Point X="97.0" Y="168.0" />
  <Point X="96.0" Y="168.0" />
  <Point X="95.0" Y="168.0" />
  <Point X="94.0" Y="168.0" />
  <Point X="93.0" Y="168.0" />
  <Point X="92.0" Y="168.0" />
  <Point X="91.0" Y="168.0" />
  <Point X="90.0" Y="168.0" />
  <Point X="89.0" Y="168.0" />
  <Point X="88.0" Y="168.0" />
  <Point X="87.69726013131036" Y="168.0" />
  <Point X="87.0" Y="168.0" />
  <Point X="86.0" Y="168.0" />
  <Point X="85.0" Y="168.0" />
  <Point X="83.0" Y="168.0" />
  <Point X="82.0" Y="168.0" />
  <Point X="81.0" Y="168.0" />
  <Point X="80.0" Y="168.0" />
  <Point X="79.0" Y="168.0" />
  <Point X="78.0" Y="168.0" />
  <Point X="77.55204491247538" Y="168.0" />
  <Point X="77.0" Y="168.0" />
  <Point X="76.0" Y="168.0" />
  <Point X="75.0" Y="168.0" />
  <Point X="74.0" Y="168.0" />
  <Point X="73.0" Y="168.0" />
  <Point X="72.0" Y="168.0" />
  <Point X="71.0" Y="168.0" />
  <Point X="70.0" Y="168.0" />
  <Point X="69.0" Y="168.0" />
  <Point X="68.0" Y="168.0" />
  <Point X="67.4068296936404" Y="168.0" />
  <Point X="67.0" Y="168.0" />
  <Point X="66.0" Y="168.0" />
  <Point X="65.0" Y="168.0" />
  <Point X="64.0" Y="168.0" />
  <Point X="63.0" Y="168.0" />
  <Point X="62.0" Y="168.0" />
  <Point X="61.0" Y="168.0" />
  <Point X="60.0" Y="168.0" />
  <Point X="59.0" Y="168.0" />
  <Point X="58.0" Y="168.0" />
  <Point X="57.26161447480543" Y="168.0" />
  <Point X="57.0" Y="168.0" />
  <Point X="56.0" Y="168.0" />
  <Point X="55.0" Y="168.0" />
  <Point X="54.0" Y="168.0" />
  <Point X="54.0" Y="167.0" />
  <Point X="53.0" Y="167.0" />
  <Point X="53.0" Y="166.0" />
  <Point X="53.0" Y="165.0" />
  <Point X="53.0" Y="164.0" />
  <Point X="53.0" Y="163.0" />
  <Point X="53.0" Y="162.11639925597046" />
  <Point X="53.0" Y="162.0" />
  <Point X="54.0" Y="162.0" />
  <Point X="54.0" Y="161.0" />
  <Point X="54.0" Y="160.0" />
  <Point X="55.0" Y="160.0" />
  <Point X="55.0" Y="159.0" />
  <Point X="56.0" Y="159.0" />
  <Point X="56.0" Y="158.0" />
  <Point X="57.0" Y="158.0" />
  <Point X="57.0" Y="157.0" />
  <Point X="58.0" Y="157.0" />
  <Point X="58.0" Y="156.9711840371355" />
  <Point X="58.0" Y="156.0" />
  <Point X="58.0" Y="155.0" />
  <Point X="59.0" Y="155.0" />
  <Point X="60.0" Y="155.0" />
  <Point X="60.0" Y="154.0" />
  <Point X="61.0" Y="154.0" />
  <Point X="61.0" Y="153.0" />
  <Point X="62.0" Y="153.0" />
  <Point X="63.0" Y="152.0" />
  <Point X="63.537272191090715" Y="151.46272780890928" />
  <Point X="64.0" Y="151.0" />
  <Point X="65.0" Y="151.0" />
  <Point X="65.0" Y="150.0" />
  <Point X="66.0" Y="150.0" />
  <Point X="66.0" Y="149.0" />
  <Point X="67.0" Y="149.0" />
  <Point X="68.0" Y="149.0" />
  <Point X="69.0" Y="148.0" />
  <Point X="69.0" Y="147.0" />
  <Point X="70.0" Y="147.0" />
  <Point X="70.07660571341519" Y="147.0" />
  <Point X="71.0" Y="147.0" />
  <Point X="71.0" Y="146.0" />
  <Point X="72.0" Y="146.0" />
  <Point X="73.0" Y="146.0" />
  <Point X="73.0" Y="145.0" />
  <Point X="74.0" Y="145.0" />
  <Point X="75.0" Y="144.0" />
  <Point X="76.0" Y="143.0" />
  <Point X="77.0" Y="143.0" />
  <Point X="77.0" Y="142.60660619249603" />
  <Point X="77.0" Y="142.0" />
  <Point X="78.0" Y="142.0" />
  <Point X="79.0" Y="142.0" />
  <Point X="80.0" Y="141.0" />
  <Point X="81.0" Y="140.0" />
  <Point X="82.0" Y="140.0" />
  <Point X="82.0" Y="139.0" />
  <Point X="83.0" Y="139.0" />
  <Point X="84.0" Y="139.0" />
  <Point X="84.0" Y="138.28981809840724" />
  <Point X="84.0" Y="138.0" />
  <Point X="85.0" Y="138.0" />
  <Point X="87.0" Y="136.0" />
  <Point X="88.0" Y="136.0" />
  <Point X="89.0" Y="136.0" />
  <Point X="89.0" Y="135.0" />
  <Point X="90.0" Y="135.0" />
  <Point X="90.0" Y="134.0" />
  <Point X="91.02696999568155" Y="134.0" />
  <Point X="92.0" Y="134.0" />
  <Point X="92.0" Y="133.0" />
  <Point X="93.0" Y="133.0" />
  <Point X="94.0" Y="132.0" />
  <Point X="95.0" Y="132.0" />
  <Point X="95.0" Y="131.0" />
  <Point X="96.0" Y="131.0" />
  <Point X="97.0" Y="130.0" />
  <Point X="98.0" Y="130.0" />
  <Point X="98.34375808977035" Y="130.0" />
  <Point X="99.0" Y="130.0" />
  <Point X="99.0" Y="129.0" />
  <Point X="100.0" Y="128.0" />
  <Point X="101.0" Y="127.0" />
  <Point X="103.0" Y="127.0" />
  <Point X="104.0" Y="126.0" />
  <Point X="104.0" Y="125.0" />
  <Point X="105.0" Y="125.0" />
  <Point X="105.24633262148603" Y="125.0" />
  <Point X="106.0" Y="125.0" />
  <Point X="106.0" Y="124.0" />
  <Point X="107.0" Y="124.0" />
  <Point X="108.0" Y="124.0" />
  <Point X="108.0" Y="123.0" />
  <Point X="110.0" Y="123.0" />
  <Point X="110.0" Y="122.0" />
  <Point X="111.0" Y="121.0" />
  <Point X="111.97733427794792" Y="121.0" />
  <Point X="112.0" Y="121.0" />
  <Point X="113.0" Y="120.0" />
  <Point X="114.0" Y="120.0" />
  <Point X="115.0" Y="119.0" />
  <Point X="116.0" Y="118.0" />
  <Point X="117.0" Y="118.0" />
  <Point X="118.0" Y="118.0" />
  <Point X="119.0" Y="117.0" />
  <Point X="120.0" Y="117.0" />
  <Point X="120.32929626732547" Y="116.67070373267453" />
  <Point X="121.0" Y="116.0" />
  <Point X="121.0" Y="115.0" />
  <Point X="122.0" Y="115.0" />
  <Point X="123.0" Y="114.0" />
  <Point X="124.0" Y="114.0" />
  <Point X="125.0" Y="113.0" />
  <Point X="126.0" Y="113.0" />
  <Point X="126.0" Y="112.0" />
  <Point X="126.96751283922791" Y="111.03248716077209" />
  <Point X="127.0" Y="111.0" />
  <Point X="128.0" Y="111.0" />
  <Point X="129.0" Y="110.0" />
  <Point X="130.0" Y="110.0" />
  <Point X="130.0" Y="109.0" />
  <Point X="132.0" Y="109.0" />
  <Point X="132.0" Y="108.0" />
  <Point X="132.0" Y="107.0" />
  <Point X="133.0" Y="107.0" />
  <Point X="133.0" Y="106.31494212690501" />
  <Point X="133.0" Y="106.0" />
  <Point X="134.0" Y="106.0" />
  <Point X="135.0" Y="105.0" />
  <Point X="136.0" Y="105.0" />
  <Point X="136.0" Y="104.0" />
  <Point X="137.0" Y="104.0" />
  <Point X="137.0" Y="103.0" />
  <Point X="138.0" Y="103.0" />
  <Point X="138.0" Y="102.0" />
  <Point X="139.0" Y="102.0" />
  <Point X="139.0" Y="101.58394047044312" />
  <Point X="139.0" Y="101.0" />
  <Point X="140.0" Y="101.0" />
  <Point X="141.0" Y="100.0" />
  <Point X="141.0" Y="99.0" />
  <Point X="142.0" Y="99.0" />
  <Point X="142.0" Y="98.0" />
  <Point X="143.0" Y="98.0" />
  <Point X="143.0" Y="97.0" />
  <Point X="144.0" Y="97.0" />
  <Point X="144.0" Y="96.0" />
  <Point X="144.1039879618832" Y="95.89601203811681" />
  <Point X="145.0" Y="95.0" />
  <Point X="146.0" Y="95.0" />
  <Point X="146.0" Y="94.0" />
  <Point X="147.0" Y="94.0" />
  <Point X="147.0" Y="93.0" />
  <Point X="148.0" Y="92.0" />
  <Point X="148.0" Y="91.0" />
  <Point X="149.0" Y="91.0" />
  <Point X="149.0" Y="90.0" />
  <Point X="149.46384928010755" Y="90.0" />
  <Point X="150.0" Y="90.0" />
  <Point X="150.0" Y="89.0" />
  <Point X="150.0" Y="88.0" />
  <Point X="151.0" Y="87.0" />
  <Point X="151.0" Y="86.0" />
  <Point X="152.0" Y="86.0" />
  <Point X="152.0" Y="85.0" />
  <Point X="153.0" Y="85.0" />
  <Point X="153.0" Y="84.0" />
  <Point X="153.84488719975533" Y="83.15511280024465" />
  <Point X="154.0" Y="83.0" />
  <Point X="154.0" Y="82.0" />
  <Point X="155.0" Y="81.0" />
  <Point X="155.0" Y="80.0" />
  <Point X="156.0" Y="80.0" />
  <Point X="157.0" Y="79.0" />
  <Point X="157.0" Y="78.0" />
  <Point X="158.0" Y="78.0" />
  <Point X="158.0" Y="77.0" />
  <Point X="159.0" Y="77.0" />
  <Point X="159.0" Y="76.90257453171488" />
  <Point X="159.0" Y="76.0" />
  <Point X="160.0" Y="76.0" />
  <Point X="160.0" Y="75.0" />
  <Point X="161.0" Y="74.0" />
  <Point X="162.0" Y="73.0" />
  <Point X="162.0" Y="72.0" />
  <Point X="163.0" Y="72.0" />
  <Point X="163.0" Y="71.0" />
  <Point X="164.0" Y="70.0" />
</Project_1_Part_4>
