<?xml version="1.0" encoding="utf-8" standalone="yes"?>
<Gesture Name="left_curly_brace5" Subject="1" Number="1" NumPts="297">
  <Point X="86.0" Y="65.0" />
  <Point X="86.0" Y="64.0" />
  <Point X="85.0" Y="64.0" />
  <Point X="84.0" Y="64.0" />
  <Point X="83.17394237205805" Y="64.0" />
  <Point X="83.0" Y="64.0" />
  <Point X="82.0" Y="64.0" />
  <Point X="82.0" Y="63.0" />
  <Point X="81.0" Y="63.0" />
  <Point X="80.3478847441161" Y="63.0" />
  <Point X="80.0" Y="63.0" />
  <Point X="79.0" Y="63.0" />
  <Point X="78.0" Y="63.0" />
  <Point X="77.0" Y="63.0" />
  <Point X="76.52182711617415" Y="63.0" />
  <Point X="76.0" Y="63.0" />
  <Point X="75.0" Y="63.0" />
  <Point X="74.0" Y="63.0" />
  <Point X="73.0" Y="63.0" />
  <Point X="72.6957694882322" Y="63.0" />
  <Point X="72.0" Y="63.0" />
  <Point X="71.0" Y="63.0" />
  <Point X="70.0" Y="63.0" />
  <Point X="69.0" Y="63.0" />
  <Point X="69.0" Y="62.86971186029025" />
  <Point X="69.0" Y="62.0" />
  <Point X="68.0" Y="62.0" />
  <Point X="67.0" Y="62.0" />
  <Point X="66.0436542323483" Y="62.0" />
  <Point X="66.0" Y="62.0" />
  <Point X="65.0" Y="62.0" />
  <Point X="64.0" Y="62.0" />
  <Point X="63.0" Y="62.0" />
  <Point X="63.0" Y="62.78240339559365" />
  <Point X="63.0" Y="63.0" />
  <Point X="63.0" Y="64.0" />
  <Point X="62.0" Y="65.0" />
  <Point X="62.0" Y="66.0" />
  <Point X="61.8057525388375" Y="66.0" />
  <Point X="61.0" Y="66.0" />
  <Point X="61.0" Y="67.0" />
  <Point X="61.0" Y="68.0" />
  <Point X="60.0" Y="68.0" />
  <Point X="60.0" Y="68.02030508910444" />
  <Point X="60.0" Y="69.0" />
  <Point X="60.0" Y="70.0" />
  <Point X="60.0" Y="71.0" />
  <Point X="59.40153118343303" Y="71.59846881656698" />
  <Point X="59.0" Y="72.0" />
  <Point X="59.0" Y="73.0" />
  <Point X="59.0" Y="74.0" />
  <Point X="59.0" Y="75.0" />
  <Point X="59.0" Y="75.25820678261525" />
  <Point X="59.0" Y="76.0" />
  <Point X="58.0" Y="76.0" />
  <Point X="58.0" Y="77.0" />
  <Point X="58.0" Y="78.0" />
  <Point X="57.915735589442804" Y="78.0" />
  <Point X="57.0" Y="78.0" />
  <Point X="57.0" Y="79.0" />
  <Point X="57.0" Y="80.0" />
  <Point X="57.0" Y="80.91032203849915" />
  <Point X="57.0" Y="81.0" />
  <Point X="56.0" Y="81.0" />
  <Point X="56.0" Y="82.0" />
  <Point X="56.0" Y="83.0" />
  <Point X="56.0" Y="83.7363796664411" />
  <Point X="56.0" Y="84.0" />
  <Point X="55.0" Y="84.0" />
  <Point X="55.0" Y="85.0" />
  <Point X="55.0" Y="86.0" />
  <Point X="55.0" Y="86.56243729438305" />
  <Point X="55.0" Y="87.0" />
  <Point X="55.0" Y="88.0" />
  <Point X="55.0" Y="89.0" />
  <Point X="55.0" Y="90.0" />
  <Point X="55.0" Y="90.388494922325" />
  <Point X="55.0" Y="91.0" />
  <Point X="55.0" Y="92.0" />
  <Point X="55.0" Y="93.0" />
  <Point X="55.0" Y="94.0" />
  <Point X="55.0" Y="94.21455255026694" />
  <Point X="55.0" Y="95.0" />
  <Point X="55.0" Y="96.0" />
  <Point X="55.0" Y="97.0" />
  <Point X="55.0" Y="98.0" />
  <Point X="55.0" Y="98.0406101782089" />
  <Point X="55.0" Y="99.0" />
  <Point X="55.0" Y="100.0" />
  <Point X="55.0" Y="101.0" />
  <Point X="55.0" Y="101.86666780615084" />
  <Point X="55.0" Y="102.0" />
  <Point X="56.0" Y="103.0" />
  <Point X="57.0" Y="104.0" />
  <Point X="57.0" Y="104.8642983093466" />
  <Point X="57.0" Y="105.0" />
  <Point X="57.0" Y="106.0" />
  <Point X="58.0" Y="106.0" />
  <Point X="58.0" Y="107.0" />
  <Point X="58.0" Y="107.69035593728854" />
  <Point X="58.0" Y="108.0" />
  <Point X="58.0" Y="109.0" />
  <Point X="59.0" Y="109.0" />
  <Point X="59.0" Y="110.0" />
  <Point X="59.0" Y="110.5164135652305" />
  <Point X="59.0" Y="111.0" />
  <Point X="60.0" Y="111.0" />
  <Point X="60.0" Y="112.0" />
  <Point X="61.0" Y="112.0" />
  <Point X="61.0" Y="112.34247119317244" />
  <Point X="61.0" Y="113.0" />
  <Point X="61.0" Y="114.0" />
  <Point X="62.0" Y="114.0" />
  <Point X="62.0" Y="115.0" />
  <Point X="62.0" Y="115.16852882111439" />
  <Point X="62.0" Y="116.0" />
  <Point X="62.0" Y="117.0" />
  <Point X="63.0" Y="117.0" />
  <Point X="63.0" Y="117.99458644905634" />
  <Point X="63.0" Y="118.0" />
  <Point X="63.0" Y="119.0" />
  <Point X="64.0" Y="119.0" />
  <Point X="64.0" Y="120.0" />
  <Point X="64.58028299178606" Y="120.58028299178606" />
  <Point X="65.0" Y="121.0" />
  <Point X="65.0" Y="122.0" />
  <Point X="65.0" Y="123.0" />
  <Point X="66.0" Y="123.0" />
  <Point X="66.0" Y="123.23248814256714" />
  <Point X="66.0" Y="124.0" />
  <Point X="66.0" Y="125.0" />
  <Point X="66.0" Y="126.0" />
  <Point X="66.0" Y="127.0" />
  <Point X="66.05854577050908" Y="127.0" />
  <Point X="67.0" Y="127.0" />
  <Point X="67.0" Y="128.0" />
  <Point X="67.0" Y="129.0" />
  <Point X="67.0" Y="129.88460339845102" />
  <Point X="67.0" Y="130.0" />
  <Point X="67.0" Y="131.0" />
  <Point X="67.0" Y="132.0" />
  <Point X="67.0" Y="133.0" />
  <Point X="67.0" Y="133.71066102639296" />
  <Point X="67.0" Y="134.0" />
  <Point X="67.0" Y="135.0" />
  <Point X="67.0" Y="136.0" />
  <Point X="67.0" Y="137.0" />
  <Point X="66.4632813456651" Y="137.0" />
  <Point X="66.0" Y="137.0" />
  <Point X="66.0" Y="138.0" />
  <Point X="65.0" Y="138.0" />
  <Point X="65.0" Y="139.0" />
  <Point X="64.63722371772315" Y="139.0" />
  <Point X="64.0" Y="139.0" />
  <Point X="63.0" Y="139.0" />
  <Point X="63.0" Y="140.0" />
  <Point X="62.0" Y="140.0" />
  <Point X="61.811166089781196" Y="140.0" />
  <Point X="61.0" Y="140.0" />
  <Point X="61.0" Y="141.0" />
  <Point X="60.0" Y="141.0" />
  <Point X="59.0" Y="141.0" />
  <Point X="58.98947009238423" Y="141.01052990761576" />
  <Point X="58.0" Y="142.0" />
  <Point X="57.0" Y="142.0" />
  <Point X="57.0" Y="143.0" />
  <Point X="56.573264396270396" Y="143.0" />
  <Point X="56.0" Y="143.0" />
  <Point X="55.0" Y="143.0" />
  <Point X="56.0" Y="143.0" />
  <Point X="57.0" Y="143.0" />
  <Point X="57.25279323167155" Y="143.0" />
  <Point X="58.0" Y="143.0" />
  <Point X="59.0" Y="143.0" />
  <Point X="60.0" Y="143.0" />
  <Point X="61.0" Y="143.0" />
  <Point X="61.0788508596135" Y="143.0" />
  <Point X="62.0" Y="143.0" />
  <Point X="62.0" Y="144.0" />
  <Point X="63.0" Y="144.0" />
  <Point X="63.90490848755545" Y="144.0" />
  <Point X="64.0" Y="144.0" />
  <Point X="65.0" Y="144.0" />
  <Point X="66.0" Y="144.0" />
  <Point X="66.0" Y="145.0" />
  <Point X="66.0" Y="145.7309661154974" />
  <Point X="66.0" Y="146.0" />
  <Point X="65.0" Y="146.0" />
  <Point X="64.0" Y="146.0" />
  <Point X="64.0" Y="147.0" />
  <Point X="63.44297625656064" Y="147.0" />
  <Point X="63.0" Y="147.0" />
  <Point X="63.0" Y="148.0" />
  <Point X="62.0" Y="148.0" />
  <Point X="62.0" Y="149.0" />
  <Point X="62.0" Y="149.3830813713813" />
  <Point X="62.0" Y="150.0" />
  <Point X="61.0" Y="150.0" />
  <Point X="61.0" Y="151.0" />
  <Point X="60.0" Y="151.0" />
  <Point X="60.0" Y="151.20913899932324" />
  <Point X="60.0" Y="152.0" />
  <Point X="60.0" Y="153.0" />
  <Point X="59.0" Y="153.0" />
  <Point X="59.0" Y="154.0" />
  <Point X="59.0" Y="154.03519662726518" />
  <Point X="59.0" Y="155.0" />
  <Point X="59.0" Y="156.0" />
  <Point X="59.0" Y="157.0" />
  <Point X="59.0" Y="157.86125425520711" />
  <Point X="59.0" Y="158.0" />
  <Point X="59.0" Y="159.0" />
  <Point X="59.0" Y="160.0" />
  <Point X="59.0" Y="161.0" />
  <Point X="59.0" Y="161.68731188314905" />
  <Point X="59.0" Y="162.0" />
  <Point X="59.0" Y="163.0" />
  <Point X="59.0" Y="164.0" />
  <Point X="59.0" Y="165.0" />
  <Point X="59.0" Y="165.51336951109099" />
  <Point X="59.0" Y="166.0" />
  <Point X="59.0" Y="167.0" />
  <Point X="60.0" Y="167.0" />
  <Point X="60.0" Y="168.0" />
  <Point X="60.339427139032935" Y="168.0" />
  <Point X="61.0" Y="168.0" />
  <Point X="61.0" Y="169.0" />
  <Point X="62.0" Y="170.0" />
  <Point X="62.0" Y="170.75127120460178" />
  <Point X="62.0" Y="171.0" />
  <Point X="63.0" Y="171.0" />
  <Point X="63.0" Y="172.0" />
  <Point X="64.0" Y="172.0" />
  <Point X="64.0" Y="172.5773288325437" />
  <Point X="64.0" Y="173.0" />
  <Point X="65.0" Y="173.0" />
  <Point X="66.0" Y="174.0" />
  <Point X="66.0" Y="174.98917289811257" />
  <Point X="66.0" Y="175.0" />
  <Point X="67.0" Y="175.0" />
  <Point X="67.0" Y="176.0" />
  <Point X="68.0" Y="176.0" />
  <Point X="68.0" Y="176.8152305260545" />
  <Point X="68.0" Y="177.0" />
  <Point X="69.0" Y="177.0" />
  <Point X="70.0" Y="177.0" />
  <Point X="70.0" Y="178.0" />
  <Point X="70.4534592023855" Y="178.4534592023855" />
  <Point X="71.0" Y="179.0" />
  <Point X="72.0" Y="179.0" />
  <Point X="73.0" Y="180.0" />
  <Point X="73.6389186571922" Y="180.0" />
  <Point X="74.0" Y="180.0" />
  <Point X="75.0" Y="181.0" />
  <Point X="76.0" Y="182.0" />
  <Point X="76.63654916038797" Y="182.0" />
  <Point X="77.0" Y="182.0" />
  <Point X="78.0" Y="183.0" />
  <Point X="79.0" Y="183.0" />
  <Point X="79.74132595942412" Y="183.7413259594241" />
  <Point X="80.0" Y="184.0" />
  <Point X="81.0" Y="184.0" />
  <Point X="82.0" Y="185.0" />
  <Point X="83.0" Y="185.0" />
  <Point X="83.04602372915258" Y="185.0" />
  <Point X="84.0" Y="185.0" />
  <Point X="84.0" Y="186.0" />
  <Point X="85.0" Y="186.0" />
  <Point X="85.0" Y="186.87208135709452" />
  <Point X="85.0" Y="187.0" />
  <Point X="86.0" Y="187.0" />
  <Point X="87.0" Y="188.0" />
  <Point X="87.0" Y="189.0" />
  <Point X="87.28392542266337" Y="189.0" />
  <Point X="88.0" Y="189.0" />
  <Point X="89.0" Y="189.0" />
  <Point X="90.0" Y="189.0" />
  <Point X="91.0" Y="189.0" />
  <Point X="91.0" Y="189.1099830506053" />
  <Point X="91.0" Y="190.0" />
  <Point X="92.0" Y="190.0" />
  <Point X="92.0" Y="191.0" />
  <Point X="92.93604067854726" Y="191.0" />
  <Point X="93.0" Y="191.0" />
  <Point X="94.0" Y="191.0" />
  <Point X="94.0" Y="192.0" />
  <Point X="95.0" Y="192.0" />
  <Point X="95.76209830648921" Y="192.0" />
  <Point X="96.0" Y="192.0" />
  <Point X="96.0" Y="193.0" />
  <Point X="97.0" Y="193.0" />
  <Point X="98.0" Y="193.0" />
  <Point X="98.58815593443116" Y="193.0" />
  <Point X="99.0" Y="193.0" />
  <Point X="100.0" Y="194.0" />
  <Point X="101.0" Y="194.0" />
  <Point X="102.0" Y="194.0" />
</Project_1_Part_4>
