<?xml version="1.0" encoding="utf-8" standalone="yes"?>
<Gesture Name="left_sq_bracket5" Subject="1" Number="1" NumPts="330">
  <Point X="100.0" Y="92.0" />
  <Point X="99.0" Y="92.0" />
  <Point X="98.0" Y="92.0" />
  <Point X="97.0" Y="92.0" />
  <Point X="96.68300694050036" Y="92.0" />
  <Point X="96.0" Y="92.0" />
  <Point X="96.0" Y="93.0" />
  <Point X="95.07591542352621" Y="93.0" />
  <Point X="95.0" Y="93.0" />
  <Point X="94.36601388100073" Y="93.0" />
  <Point X="94.0" Y="93.0" />
  <Point X="93.0" Y="93.0" />
  <Point X="92.0" Y="93.0" />
  <Point X="92.0" Y="93.95097917849891" />
  <Point X="92.0" Y="94.0" />
  <Point X="91.0" Y="94.0" />
  <Point X="90.15183084705242" Y="94.0" />
  <Point X="90.0" Y="94.0" />
  <Point X="89.0" Y="94.0" />
  <Point X="88.73202776200145" Y="94.0" />
  <Point X="88.0" Y="94.0" />
  <Point X="88.0" Y="95.0" />
  <Point X="87.0" Y="95.0" />
  <Point X="86.41503470250181" Y="95.0" />
  <Point X="86.0" Y="95.0" />
  <Point X="85.22774627057863" Y="95.0" />
  <Point X="85.0" Y="95.0" />
  <Point X="84.0" Y="95.0" />
  <Point X="83.09804164300218" Y="95.0" />
  <Point X="83.0" Y="95.0" />
  <Point X="82.0" Y="95.0" />
  <Point X="81.0" Y="95.0" />
  <Point X="81.0" Y="96.0" />
  <Point X="80.78104858350254" Y="96.0" />
  <Point X="80.30366169410485" Y="96.0" />
  <Point X="80.0" Y="96.0" />
  <Point X="79.0" Y="97.0" />
  <Point X="78.0" Y="97.0" />
  <Point X="77.878269086376" Y="97.0" />
  <Point X="77.0" Y="97.0" />
  <Point X="76.0" Y="97.0" />
  <Point X="75.0" Y="97.0" />
  <Point X="74.85418799148707" Y="97.14581200851293" />
  <Point X="74.68977530353517" Y="97.31022469646483" />
  <Point X="74.0" Y="98.0" />
  <Point X="73.0" Y="98.0" />
  <Point X="72.0" Y="98.0" />
  <Point X="71.65849652974983" Y="98.0" />
  <Point X="71.0" Y="98.0" />
  <Point X="71.0" Y="99.0" />
  <Point X="70.28391966590345" Y="99.0" />
  <Point X="70.0" Y="99.0" />
  <Point X="69.5343726384261" Y="99.4656273615739" />
  <Point X="69.0" Y="100.0" />
  <Point X="68.0" Y="100.0" />
  <Point X="67.0" Y="100.0" />
  <Point X="66.43872397312366" Y="100.0" />
  <Point X="66.0" Y="100.0" />
  <Point X="65.13312148828494" Y="100.86687851171506" />
  <Point X="65.0" Y="101.0" />
  <Point X="64.0" Y="101.0" />
  <Point X="63.53594447599711" Y="101.0" />
  <Point X="63.0" Y="101.0" />
  <Point X="62.0" Y="101.0" />
  <Point X="61.0" Y="102.0" />
  <Point X="60.63316497887057" Y="102.0" />
  <Point X="60.0" Y="102.0" />
  <Point X="59.67839120007517" Y="102.0" />
  <Point X="59.0" Y="102.0" />
  <Point X="58.0" Y="103.0" />
  <Point X="57.73038548174402" Y="103.0" />
  <Point X="57.0" Y="103.0" />
  <Point X="56.0" Y="104.0" />
  <Point X="55.0" Y="104.0" />
  <Point X="54.82760598461748" Y="104.0" />
  <Point X="54.58273374834757" Y="104.0" />
  <Point X="54.0" Y="104.0" />
  <Point X="53.0" Y="104.0" />
  <Point X="53.0" Y="105.0" />
  <Point X="52.51061292511784" Y="105.0" />
  <Point X="52.0" Y="105.0" />
  <Point X="51.0" Y="105.0" />
  <Point X="51.0" Y="106.0" />
  <Point X="50.65864917187379" Y="106.0" />
  <Point X="50.1936198656182" Y="106.0" />
  <Point X="50.0" Y="106.0" />
  <Point X="49.0" Y="106.0" />
  <Point X="48.0" Y="106.0" />
  <Point X="48.0" Y="107.0" />
  <Point X="48.0" Y="107.12337319388143" />
  <Point X="48.0" Y="108.0" />
  <Point X="48.0" Y="109.0" />
  <Point X="47.81230882544035" Y="109.18769117455965" />
  <Point X="47.0" Y="110.0" />
  <Point X="47.0" Y="110.02615269100798" />
  <Point X="47.0" Y="111.0" />
  <Point X="47.0" Y="112.0" />
  <Point X="47.0" Y="113.0" />
  <Point X="47.0" Y="113.34314575050762" />
  <Point X="47.0" Y="114.0" />
  <Point X="47.0" Y="114.77530641870068" />
  <Point X="47.0" Y="115.0" />
  <Point X="47.0" Y="116.0" />
  <Point X="47.0" Y="116.66013881000725" />
  <Point X="47.0" Y="117.0" />
  <Point X="47.0" Y="118.0" />
  <Point X="47.0" Y="119.0" />
  <Point X="47.0" Y="119.97713186950689" />
  <Point X="47.0" Y="120.0" />
  <Point X="47.0" Y="120.69939099517447" />
  <Point X="47.0" Y="121.0" />
  <Point X="47.0" Y="122.0" />
  <Point X="47.0" Y="123.0" />
  <Point X="47.0" Y="123.29412492900653" />
  <Point X="47.0" Y="124.0" />
  <Point X="47.0" Y="125.0" />
  <Point X="47.0" Y="126.0" />
  <Point X="47.0" Y="126.61111798850617" />
  <Point X="47.0" Y="126.62347557164826" />
  <Point X="47.0" Y="127.0" />
  <Point X="47.0" Y="128.0" />
  <Point X="47.0" Y="129.0" />
  <Point X="47.0" Y="129.9281110480058" />
  <Point X="47.0" Y="130.0" />
  <Point X="47.0" Y="131.0" />
  <Point X="48.0" Y="132.0" />
  <Point X="48.0" Y="132.13334658574894" />
  <Point X="48.0" Y="132.83089054513235" />
  <Point X="48.0" Y="133.0" />
  <Point X="48.0" Y="134.0" />
  <Point X="48.0" Y="135.0" />
  <Point X="48.0" Y="136.0" />
  <Point X="48.0" Y="136.14788360463197" />
  <Point X="48.0" Y="137.0" />
  <Point X="49.0" Y="137.0" />
  <Point X="49.0" Y="137.0574311622227" />
  <Point X="49.0" Y="138.0" />
  <Point X="49.0" Y="138.4648766641316" />
  <Point X="49.0" Y="139.0" />
  <Point X="49.0" Y="140.0" />
  <Point X="49.0" Y="141.0" />
  <Point X="49.0" Y="141.78186972363122" />
  <Point X="49.0" Y="142.0" />
  <Point X="49.69403643467362" Y="142.69403643467362" />
  <Point X="50.0" Y="143.0" />
  <Point X="50.0" Y="144.0" />
  <Point X="50.0" Y="144.68464922075776" />
  <Point X="50.0" Y="145.0" />
  <Point X="51.0" Y="145.0" />
  <Point X="51.0" Y="146.0" />
  <Point X="51.0" Y="147.0" />
  <Point X="51.0" Y="147.00164228025739" />
  <Point X="51.0" Y="147.49138675279718" />
  <Point X="51.0" Y="148.0" />
  <Point X="51.0" Y="149.0" />
  <Point X="52.0" Y="149.0" />
  <Point X="52.0" Y="149.318635339757" />
  <Point X="52.0" Y="150.0" />
  <Point X="52.0" Y="151.0" />
  <Point X="53.0" Y="151.0" />
  <Point X="53.0" Y="151.41547132927096" />
  <Point X="53.0" Y="151.63562839925663" />
  <Point X="53.0" Y="152.0" />
  <Point X="53.0" Y="153.0" />
  <Point X="54.0" Y="153.0" />
  <Point X="54.0" Y="153.95262145875625" />
  <Point X="54.0" Y="154.0" />
  <Point X="54.0" Y="155.0" />
  <Point X="54.0" Y="156.0" />
  <Point X="54.24010228354405" Y="156.24010228354405" />
  <Point X="54.897753035351634" Y="156.89775303535163" />
  <Point X="55.0" Y="157.0" />
  <Point X="55.0" Y="158.0" />
  <Point X="56.0" Y="158.0" />
  <Point X="56.0" Y="159.0" />
  <Point X="56.0" Y="159.17239401538242" />
  <Point X="56.0" Y="160.0" />
  <Point X="56.84942691984543" Y="160.0" />
  <Point X="57.0" Y="160.0" />
  <Point X="57.0" Y="161.0" />
  <Point X="57.48938707488206" Y="161.0" />
  <Point X="58.0" Y="161.0" />
  <Point X="58.0" Y="162.0" />
  <Point X="59.0" Y="163.0" />
  <Point X="59.0" Y="163.3921665720086" />
  <Point X="59.0" Y="164.0" />
  <Point X="59.35929793394612" Y="164.0" />
  <Point X="60.0" Y="164.0" />
  <Point X="60.0" Y="165.0" />
  <Point X="60.0" Y="165.70915963150821" />
  <Point X="60.0" Y="166.0" />
  <Point X="61.0" Y="166.0" />
  <Point X="61.0" Y="167.0" />
  <Point X="61.0" Y="168.0" />
  <Point X="61.02615269100785" Y="168.0" />
  <Point X="61.2833825104199" Y="168.0" />
  <Point X="62.0" Y="168.0" />
  <Point X="62.0" Y="169.0" />
  <Point X="63.0" Y="169.0" />
  <Point X="63.0" Y="169.3431457505075" />
  <Point X="63.0" Y="170.0" />
  <Point X="64.0" Y="170.0" />
  <Point X="65.0" Y="170.0" />
  <Point X="65.0" Y="170.20746708689367" />
  <Point X="65.0" Y="170.6601388100071" />
  <Point X="65.0" Y="171.0" />
  <Point X="65.0" Y="172.0" />
  <Point X="66.0" Y="172.0" />
  <Point X="66.97713186950675" Y="172.0" />
  <Point X="67.0" Y="172.0" />
  <Point X="67.0" Y="173.0" />
  <Point X="68.0" Y="173.0" />
  <Point X="68.13155166336746" Y="173.0" />
  <Point X="69.0" Y="173.0" />
  <Point X="69.0" Y="173.2941249290064" />
  <Point X="69.0" Y="174.0" />
  <Point X="70.0" Y="174.0" />
  <Point X="71.0" Y="174.0" />
  <Point X="71.0" Y="174.611117988506" />
  <Point X="71.0" Y="175.0" />
  <Point X="72.0" Y="175.0" />
  <Point X="72.0" Y="175.05563623984125" />
  <Point X="72.0" Y="176.0" />
  <Point X="72.92811104800565" Y="176.0" />
  <Point X="73.0" Y="176.0" />
  <Point X="74.0" Y="176.0" />
  <Point X="75.0" Y="176.0" />
  <Point X="75.0" Y="177.0" />
  <Point X="75.24510410750528" Y="177.0" />
  <Point X="75.97972081631504" Y="177.0" />
  <Point X="76.0" Y="177.0" />
  <Point X="77.0" Y="177.0" />
  <Point X="78.0" Y="177.0" />
  <Point X="78.56209716700492" Y="177.0" />
  <Point X="79.0" Y="177.0" />
  <Point X="80.0" Y="177.0" />
  <Point X="80.0" Y="178.0" />
  <Point X="80.87909022650456" Y="178.0" />
  <Point X="80.90380539278883" Y="178.0" />
  <Point X="81.0" Y="178.0" />
  <Point X="82.0" Y="178.0" />
  <Point X="83.0" Y="178.0" />
  <Point X="84.0" Y="178.0" />
  <Point X="84.1960832860042" Y="178.0" />
  <Point X="85.0" Y="178.0" />
  <Point X="86.0" Y="178.0" />
  <Point X="86.82788996926261" Y="178.0" />
  <Point X="87.0" Y="178.0" />
  <Point X="87.51307634550383" Y="178.0" />
  <Point X="88.0" Y="178.0" />
  <Point X="89.0" Y="178.0" />
  <Point X="90.0" Y="178.0" />
  <Point X="90.83006940500347" Y="178.0" />
  <Point X="91.0" Y="178.0" />
  <Point X="92.0" Y="178.0" />
  <Point X="92.7519745457364" Y="178.0" />
  <Point X="93.0" Y="178.0" />
  <Point X="94.0" Y="178.0" />
  <Point X="94.14706246450311" Y="178.0" />
  <Point X="95.0" Y="178.0" />
  <Point X="96.0" Y="178.0" />
  <Point X="97.0" Y="178.0" />
  <Point X="97.46405552400275" Y="178.0" />
  <Point X="98.0" Y="178.0" />
  <Point X="98.67605912221019" Y="178.0" />
  <Point X="99.0" Y="178.0" />
  <Point X="100.0" Y="178.0" />
  <Point X="100.78104858350238" Y="178.0" />
  <Point X="101.0" Y="178.0" />
  <Point X="102.0" Y="178.0" />
  <Point X="103.0" Y="178.0" />
  <Point X="104.0" Y="178.0" />
  <Point X="104.09804164300202" Y="178.0" />
  <Point X="104.60014369868398" Y="178.0" />
  <Point X="105.0" Y="178.0" />
  <Point X="106.0" Y="178.0" />
  <Point X="107.0" Y="178.0" />
  <Point X="107.41503470250166" Y="178.0" />
  <Point X="108.0" Y="178.0" />
  <Point X="109.0" Y="178.0" />
  <Point X="110.0" Y="178.0" />
  <Point X="110.52422827515777" Y="178.0" />
  <Point X="110.7320277620013" Y="178.0" />
  <Point X="111.0" Y="178.0" />
  <Point X="112.0" Y="178.0" />
  <Point X="113.0" Y="178.0" />
  <Point X="114.04902082150093" Y="178.0" />
  <Point X="115.0" Y="178.0" />
  <Point X="116.0" Y="178.0" />
  <Point X="116.44831285163156" Y="178.0" />
  <Point X="117.0" Y="178.0" />
  <Point X="117.36601388100057" Y="178.0" />
  <Point X="118.0" Y="178.0" />
  <Point X="119.0" Y="178.0" />
  <Point X="120.0" Y="178.0" />
  <Point X="120.6830069405002" Y="178.0" />
  <Point X="121.0" Y="178.0" />
  <Point X="122.0" Y="178.0" />
  <Point X="122.0" Y="177.62760257189467" />
  <Point X="122.0" Y="177.0" />
  <Point X="122.99999999999984" Y="177.0" />
  <Point X="123.0" Y="177.0" />
  <Point X="125.06653736641402" Y="173.23314707894153" />
  <Point X="127.91592487136165" Y="168.03932681675852" />
  <Point X="130.76531237630928" Y="162.8455065545755" />
  <Point X="133.6146998812569" Y="157.6516862923925" />
  <Point X="136.46408738620454" Y="152.4578660302095" />
  <Point X="139.31347489115217" Y="147.26404576802648" />
  <Point X="142.1628623960998" Y="142.07022550584347" />
  <Point X="145.01224990104743" Y="136.87640524366046" />
  <Point X="147.86163740599505" Y="131.68258498147745" />
  <Point X="150.71102491094268" Y="126.48876471929442" />
  <Point X="153.5604124158903" Y="121.2949444571114" />
  <Point X="156.40979992083794" Y="116.10112419492837" />
  <Point X="159.25918742578557" Y="110.90730393274535" />
  <Point X="162.1085749307332" Y="105.71348367056233" />
  <Point X="164.95796243568083" Y="100.5196634083793" />
  <Point X="167.80734994062846" Y="95.32584314619628" />
  <Point X="170.65673744557608" Y="90.13202288401325" />
  <Point X="173.5061249505237" Y="84.93820262183023" />
  <Point X="176.35551245547134" Y="79.7443823596472" />
  <Point X="179.20489996041897" Y="74.55056209746418" />
  <Point X="182.0542874653666" Y="69.35674183528116" />
  <Point X="184.90367497031423" Y="64.16292157309813" />
  <Point X="187.75306247526186" Y="58.96910131091511" />
  <Point X="190.60244998020949" Y="53.77528104873208" />
  <Point X="193.4518374851571" Y="48.58146078654906" />
  <Point X="196.30122499010474" Y="43.387640524366034" />
  <Point X="199.15061249505237" Y="38.19382026218301" />
  <Point X="202.0" Y="33.0" />
</Project_1_Part_4>
