<?xml version="1.0" encoding="utf-8" standalone="yes"?>
<Gesture Name="left_sq_bracket2" Subject="1" Number="1" NumPts="286">
  <Point X="89.0" Y="65.0" />
  <Point X="88.0" Y="65.0" />
  <Point X="87.0" Y="65.0" />
  <Point X="86.0" Y="65.0" />
  <Point X="85.434018186516" Y="65.0" />
  <Point X="85.0" Y="65.0" />
  <Point X="85.0" Y="66.0" />
  <Point X="84.0" Y="66.0" />
  <Point X="84.0" Y="67.0" />
  <Point X="83.868036373032" Y="67.0" />
  <Point X="83.0" Y="67.0" />
  <Point X="82.0" Y="67.0" />
  <Point X="81.0" Y="67.0" />
  <Point X="80.302054559548" Y="67.0" />
  <Point X="80.0" Y="67.0" />
  <Point X="79.0" Y="67.0" />
  <Point X="79.0" Y="68.0" />
  <Point X="78.0" Y="68.0" />
  <Point X="77.736072746064" Y="68.0" />
  <Point X="77.0" Y="68.0" />
  <Point X="76.0" Y="69.0" />
  <Point X="75.0" Y="69.0" />
  <Point X="74.58430449495309" Y="69.0" />
  <Point X="74.0" Y="69.0" />
  <Point X="73.0" Y="69.0" />
  <Point X="72.0" Y="69.0" />
  <Point X="71.01832268146909" Y="69.0" />
  <Point X="71.0" Y="69.0" />
  <Point X="71.0" Y="70.0" />
  <Point X="70.0" Y="70.0" />
  <Point X="69.0" Y="70.0" />
  <Point X="68.45234086798509" Y="70.0" />
  <Point X="68.0" Y="70.0" />
  <Point X="67.0" Y="70.0" />
  <Point X="66.0" Y="70.0" />
  <Point X="66.0" Y="71.0" />
  <Point X="65.88635905450109" Y="71.0" />
  <Point X="65.0" Y="71.0" />
  <Point X="64.0" Y="72.0" />
  <Point X="63.0" Y="72.0" />
  <Point X="62.73459080339018" Y="72.0" />
  <Point X="62.0" Y="72.0" />
  <Point X="61.0" Y="72.0" />
  <Point X="60.0" Y="72.0" />
  <Point X="59.16860898990617" Y="72.0" />
  <Point X="59.0" Y="72.0" />
  <Point X="59.0" Y="73.0" />
  <Point X="58.0" Y="73.0" />
  <Point X="57.0" Y="73.0" />
  <Point X="56.60262717642216" Y="73.0" />
  <Point X="56.0" Y="73.0" />
  <Point X="55.0" Y="73.0" />
  <Point X="55.0" Y="74.0" />
  <Point X="54.03664536293815" Y="74.0" />
  <Point X="54.0" Y="74.0" />
  <Point X="53.0" Y="74.0" />
  <Point X="52.0" Y="74.0" />
  <Point X="51.0" Y="74.0" />
  <Point X="50.470663549454144" Y="74.0" />
  <Point X="50.0" Y="74.0" />
  <Point X="50.0" Y="75.0" />
  <Point X="49.0" Y="75.0" />
  <Point X="49.0" Y="76.0" />
  <Point X="48.90468173597014" Y="76.0" />
  <Point X="48.0" Y="76.0" />
  <Point X="47.0" Y="76.0" />
  <Point X="46.0" Y="76.0" />
  <Point X="45.33869992248613" Y="76.0" />
  <Point X="45.0" Y="76.0" />
  <Point X="44.0" Y="76.0" />
  <Point X="43.0" Y="76.0" />
  <Point X="43.0" Y="77.0" />
  <Point X="42.77271810900212" Y="77.0" />
  <Point X="42.0" Y="77.0" />
  <Point X="42.0" Y="78.0" />
  <Point X="42.0" Y="79.0" />
  <Point X="42.0" Y="79.79326370448189" />
  <Point X="42.0" Y="80.0" />
  <Point X="42.0" Y="81.0" />
  <Point X="42.0" Y="82.0" />
  <Point X="42.0" Y="83.0" />
  <Point X="42.0" Y="83.35924551796589" />
  <Point X="42.0" Y="84.0" />
  <Point X="42.0" Y="85.0" />
  <Point X="42.0" Y="86.0" />
  <Point X="42.0" Y="86.92522733144989" />
  <Point X="42.0" Y="87.0" />
  <Point X="42.0" Y="88.0" />
  <Point X="42.0" Y="89.0" />
  <Point X="42.0" Y="90.0" />
  <Point X="42.0" Y="90.49120914493389" />
  <Point X="42.0" Y="91.0" />
  <Point X="42.0" Y="92.0" />
  <Point X="42.0" Y="93.0" />
  <Point X="42.0" Y="94.0" />
  <Point X="42.0" Y="94.05719095841789" />
  <Point X="42.0" Y="95.0" />
  <Point X="42.0" Y="96.0" />
  <Point X="42.0" Y="97.0" />
  <Point X="42.0" Y="97.62317277190189" />
  <Point X="42.0" Y="98.0" />
  <Point X="42.0" Y="99.0" />
  <Point X="42.0" Y="100.0" />
  <Point X="42.0" Y="101.0" />
  <Point X="42.0" Y="101.1891545853859" />
  <Point X="42.0" Y="102.0" />
  <Point X="42.0" Y="104.0" />
  <Point X="42.0" Y="104.7551363988699" />
  <Point X="42.0" Y="105.0" />
  <Point X="42.0" Y="106.0" />
  <Point X="42.0" Y="107.0" />
  <Point X="42.0" Y="108.0" />
  <Point X="42.0" Y="108.3211182123539" />
  <Point X="42.0" Y="109.0" />
  <Point X="42.0" Y="110.0" />
  <Point X="41.0" Y="110.0" />
  <Point X="41.0" Y="110.8871000258379" />
  <Point X="41.0" Y="111.0" />
  <Point X="41.0" Y="112.0" />
  <Point X="41.0" Y="113.0" />
  <Point X="41.0" Y="114.0" />
  <Point X="41.0" Y="114.4530818393219" />
  <Point X="41.0" Y="115.0" />
  <Point X="41.0" Y="116.0" />
  <Point X="41.0" Y="117.0" />
  <Point X="41.0" Y="118.0" />
  <Point X="41.0" Y="118.0190636528059" />
  <Point X="41.0" Y="119.0" />
  <Point X="41.0" Y="120.0" />
  <Point X="41.0" Y="121.0" />
  <Point X="41.0" Y="121.5850454662899" />
  <Point X="41.0" Y="122.0" />
  <Point X="41.0" Y="123.0" />
  <Point X="41.0" Y="124.0" />
  <Point X="41.0" Y="125.0" />
  <Point X="41.0" Y="125.1510272797739" />
  <Point X="41.0" Y="126.0" />
  <Point X="41.0" Y="127.0" />
  <Point X="41.0" Y="128.0" />
  <Point X="41.0" Y="128.7170090932579" />
  <Point X="41.0" Y="129.0" />
  <Point X="41.0" Y="130.0" />
  <Point X="41.0" Y="131.0" />
  <Point X="41.0" Y="132.0" />
  <Point X="41.0" Y="132.2829909067419" />
  <Point X="41.0" Y="133.0" />
  <Point X="41.0" Y="134.0" />
  <Point X="41.0" Y="135.0" />
  <Point X="41.0" Y="135.8489727202259" />
  <Point X="41.0" Y="136.0" />
  <Point X="42.0" Y="136.0" />
  <Point X="42.0" Y="137.0" />
  <Point X="42.0" Y="138.0" />
  <Point X="42.0" Y="138.4149545337099" />
  <Point X="42.0" Y="139.0" />
  <Point X="42.0" Y="140.0" />
  <Point X="42.0" Y="141.0" />
  <Point X="42.98093634719391" Y="141.0" />
  <Point X="43.0" Y="141.0" />
  <Point X="43.0" Y="142.0" />
  <Point X="43.0" Y="143.0" />
  <Point X="43.0" Y="144.0" />
  <Point X="43.54691816067792" Y="144.0" />
  <Point X="44.0" Y="144.0" />
  <Point X="44.0" Y="145.0" />
  <Point X="44.0" Y="146.0" />
  <Point X="44.0" Y="147.0" />
  <Point X="44.0" Y="147.11289997416193" />
  <Point X="44.0" Y="148.0" />
  <Point X="44.0" Y="149.0" />
  <Point X="44.0" Y="150.0" />
  <Point X="44.48004191566849" Y="150.4800419156685" />
  <Point X="45.0" Y="151.0" />
  <Point X="45.0" Y="152.0" />
  <Point X="45.0" Y="153.0" />
  <Point X="45.0" Y="153.83065003875686" />
  <Point X="45.0" Y="154.0" />
  <Point X="45.0" Y="155.0" />
  <Point X="45.0" Y="156.0" />
  <Point X="45.0" Y="157.0" />
  <Point X="45.0" Y="157.39663185224086" />
  <Point X="45.0" Y="158.0" />
  <Point X="45.0" Y="159.0" />
  <Point X="45.0" Y="160.0" />
  <Point X="45.0" Y="160.96261366572486" />
  <Point X="45.0" Y="161.0" />
  <Point X="45.0" Y="162.0" />
  <Point X="45.0" Y="163.0" />
  <Point X="45.0" Y="164.0" />
  <Point X="45.0" Y="164.52859547920886" />
  <Point X="45.0" Y="165.0" />
  <Point X="45.0" Y="166.0" />
  <Point X="45.0" Y="167.0" />
  <Point X="45.0" Y="168.0" />
  <Point X="45.0" Y="168.09457729269286" />
  <Point X="45.0" Y="169.0" />
  <Point X="45.0" Y="170.0" />
  <Point X="46.0" Y="170.0" />
  <Point X="46.0" Y="170.66055910617686" />
  <Point X="46.0" Y="171.0" />
  <Point X="46.0" Y="172.0" />
  <Point X="46.0" Y="173.0" />
  <Point X="46.0" Y="174.0" />
  <Point X="46.0" Y="174.22654091966086" />
  <Point X="46.0" Y="175.0" />
  <Point X="46.0" Y="176.0" />
  <Point X="46.0" Y="177.0" />
  <Point X="46.0" Y="177.79252273314486" />
  <Point X="46.0" Y="178.0" />
  <Point X="46.0" Y="179.0" />
  <Point X="46.0" Y="180.0" />
  <Point X="46.0" Y="181.0" />
  <Point X="46.0" Y="181.35850454662886" />
  <Point X="46.0" Y="182.0" />
  <Point X="46.0" Y="183.0" />
  <Point X="47.0" Y="183.0" />
  <Point X="47.92448636011287" Y="183.0" />
  <Point X="48.0" Y="183.0" />
  <Point X="49.0" Y="183.0" />
  <Point X="50.0" Y="183.0" />
  <Point X="50.0" Y="184.0" />
  <Point X="50.49046817359688" Y="184.0" />
  <Point X="51.0" Y="184.0" />
  <Point X="52.0" Y="184.0" />
  <Point X="53.0" Y="184.0" />
  <Point X="54.0" Y="184.0" />
  <Point X="54.05644998708089" Y="184.0" />
  <Point X="55.0" Y="184.0" />
  <Point X="56.0" Y="184.0" />
  <Point X="57.0" Y="184.0" />
  <Point X="57.44012574700559" Y="184.4401257470056" />
  <Point X="58.0" Y="185.0" />
  <Point X="59.0" Y="185.0" />
  <Point X="60.0" Y="185.0" />
  <Point X="60.774200051675805" Y="185.0" />
  <Point X="61.0" Y="185.0" />
  <Point X="62.0" Y="185.0" />
  <Point X="63.0" Y="185.0" />
  <Point X="64.0" Y="185.0" />
  <Point X="64.3401818651598" Y="185.0" />
  <Point X="65.0" Y="185.0" />
  <Point X="66.0" Y="185.0" />
  <Point X="67.0" Y="185.0" />
  <Point X="67.90616367864381" Y="185.0" />
  <Point X="68.0" Y="185.0" />
  <Point X="69.0" Y="185.0" />
  <Point X="70.0" Y="185.0" />
  <Point X="71.0" Y="185.0" />
  <Point X="71.47214549212781" Y="185.0" />
  <Point X="72.0" Y="185.0" />
  <Point X="73.0" Y="185.0" />
  <Point X="74.0" Y="185.0" />
  <Point X="74.0" Y="186.0" />
  <Point X="74.03812730561181" Y="186.0" />
  <Point X="75.0" Y="186.0" />
  <Point X="76.0" Y="186.0" />
  <Point X="77.0" Y="186.0" />
  <Point X="77.60410911909581" Y="186.0" />
  <Point X="78.0" Y="186.0" />
  <Point X="79.0" Y="186.0" />
  <Point X="80.0" Y="186.0" />
  <Point X="81.0" Y="186.0" />
  <Point X="81.17009093257981" Y="186.0" />
  <Point X="82.0" Y="186.0" />
  <Point X="83.0" Y="186.0" />
  <Point X="84.0" Y="186.0" />
  <Point X="84.73607274606381" Y="186.0" />
  <Point X="85.0" Y="186.0" />
  <Point X="86.0" Y="186.0" />
  <Point X="86.0" Y="187.0" />
  <Point X="87.0" Y="187.0" />
  <Point X="87.30205455954781" Y="187.0" />
  <Point X="88.0" Y="187.0" />
  <Point X="89.0" Y="187.0" />
  <Point X="90.0" Y="187.0" />
  <Point X="90.86803637303181" Y="187.0" />
  <Point X="91.0" Y="187.0" />
  <Point X="92.0" Y="187.0" />
  <Point X="93.0" Y="187.0" />
  <Point X="94.0" Y="187.0" />
  <Point X="94.43401818651581" Y="187.0" />
  <Point X="95.0" Y="187.0" />
  <Point X="96.0" Y="187.0" />
  <Point X="97.0" Y="187.0" />
  <Point X="97.99999999999982" Y="187.0" />
  <Point X="98.0" Y="187.0" />
</Project_1_Part_4>
