<?xml version="1.0" encoding="utf-8" standalone="yes"?>
<Gesture Name="left_curly_brace6" Subject="1" Number="1" NumPts="332">
  <Point X="210.0" Y="24.0" />
  <Point X="204.12365167841918" Y="26.78877547464853" />
  <Point X="198.24730335683836" Y="29.577550949297063" />
  <Point X="192.37095503525754" Y="32.366326423945594" />
  <Point X="186.49460671367672" Y="35.155101898594125" />
  <Point X="180.6182583920959" Y="37.94387737324266" />
  <Point X="174.74191007051508" Y="40.73265284789119" />
  <Point X="168.86556174893425" Y="43.52142832253972" />
  <Point X="162.98921342735343" Y="46.31020379718825" />
  <Point X="157.11286510577258" Y="49.09897927183678" />
  <Point X="151.23651678419174" Y="51.887754746485314" />
  <Point X="145.36016846261091" Y="54.676530221133845" />
  <Point X="139.4838201410301" Y="57.46530569578237" />
  <Point X="133.60747181944927" Y="60.254081170430894" />
  <Point X="127.73112349786844" Y="63.04285664507942" />
  <Point X="121.8547751762876" Y="65.83163211972794" />
  <Point X="115.97842685470677" Y="68.62040759437647" />
  <Point X="110.10207853312593" Y="71.409183069025" />
  <Point X="104.2257302115451" Y="74.19795854367354" />
  <Point X="98.34938188996426" Y="76.98673401832205" />
  <Point X="92.47303356838343" Y="79.77550949297057" />
  <Point X="92.0" Y="80.0" />
  <Point X="91.0" Y="80.0" />
  <Point X="90.0" Y="80.0" />
  <Point X="89.0" Y="80.0" />
  <Point X="88.0" Y="80.0" />
  <Point X="87.0" Y="80.0" />
  <Point X="86.01908303708554" Y="80.0" />
  <Point X="86.0" Y="80.0" />
  <Point X="85.0" Y="80.0" />
  <Point X="84.0" Y="80.0" />
  <Point X="83.0" Y="80.0" />
  <Point X="82.0" Y="80.0" />
  <Point X="81.0" Y="80.0" />
  <Point X="80.0" Y="80.0" />
  <Point X="79.51456627989695" Y="80.0" />
  <Point X="79.0" Y="80.0" />
  <Point X="78.0" Y="80.0" />
  <Point X="77.0" Y="80.0" />
  <Point X="76.0" Y="80.0" />
  <Point X="75.0" Y="80.0" />
  <Point X="74.0" Y="80.0" />
  <Point X="73.01004952270837" Y="80.0" />
  <Point X="73.0" Y="80.0" />
  <Point X="72.0" Y="80.0" />
  <Point X="71.0" Y="80.0" />
  <Point X="70.0" Y="80.0" />
  <Point X="69.0" Y="80.0" />
  <Point X="68.0" Y="80.0" />
  <Point X="67.0" Y="81.0" />
  <Point X="66.9197463278929" Y="81.0" />
  <Point X="66.0" Y="81.0" />
  <Point X="66.0" Y="82.0" />
  <Point X="65.0" Y="82.0" />
  <Point X="65.0" Y="83.0" />
  <Point X="64.0" Y="83.0" />
  <Point X="64.0" Y="84.0" />
  <Point X="63.41522957070432" Y="84.0" />
  <Point X="63.0" Y="84.0" />
  <Point X="62.0" Y="84.0" />
  <Point X="62.0" Y="85.0" />
  <Point X="62.0" Y="86.0" />
  <Point X="61.0" Y="86.0" />
  <Point X="61.0" Y="87.0" />
  <Point X="60.22975764377737" Y="87.77024235622264" />
  <Point X="60.0" Y="88.0" />
  <Point X="60.0" Y="89.0" />
  <Point X="60.0" Y="90.0" />
  <Point X="59.0" Y="90.0" />
  <Point X="59.0" Y="91.0" />
  <Point X="58.0" Y="91.0" />
  <Point X="58.0" Y="92.0" />
  <Point X="58.0" Y="92.17959038129975" />
  <Point X="58.0" Y="93.0" />
  <Point X="58.0" Y="94.0" />
  <Point X="58.0" Y="95.0" />
  <Point X="58.0" Y="96.0" />
  <Point X="58.0" Y="97.0" />
  <Point X="58.0" Y="98.0" />
  <Point X="58.0" Y="98.68410713848833" />
  <Point X="58.0" Y="99.0" />
  <Point X="58.0" Y="100.0" />
  <Point X="58.0" Y="101.0" />
  <Point X="58.0" Y="102.0" />
  <Point X="58.0" Y="103.0" />
  <Point X="58.0" Y="104.0" />
  <Point X="58.0" Y="105.0" />
  <Point X="58.0" Y="105.18862389567691" />
  <Point X="58.0" Y="106.0" />
  <Point X="58.0" Y="107.0" />
  <Point X="58.0" Y="108.0" />
  <Point X="58.0" Y="109.0" />
  <Point X="59.0" Y="109.0" />
  <Point X="59.0" Y="110.0" />
  <Point X="59.0" Y="110.6931406528655" />
  <Point X="59.0" Y="111.0" />
  <Point X="59.0" Y="112.0" />
  <Point X="60.0" Y="112.0" />
  <Point X="60.0" Y="113.0" />
  <Point X="60.0" Y="114.0" />
  <Point X="61.0" Y="114.0" />
  <Point X="61.0" Y="115.0" />
  <Point X="61.0" Y="115.19765741005408" />
  <Point X="61.0" Y="116.0" />
  <Point X="62.0" Y="117.0" />
  <Point X="63.0" Y="118.0" />
  <Point X="63.0" Y="119.0" />
  <Point X="64.0" Y="119.0" />
  <Point X="64.0" Y="119.87374704249646" />
  <Point X="64.0" Y="120.0" />
  <Point X="65.0" Y="120.0" />
  <Point X="65.0" Y="121.0" />
  <Point X="65.0" Y="122.0" />
  <Point X="66.0" Y="122.0" />
  <Point X="67.0" Y="123.0" />
  <Point X="67.68168646020777" Y="123.68168646020777" />
  <Point X="68.0" Y="124.0" />
  <Point X="70.0" Y="125.0" />
  <Point X="71.0" Y="126.0" />
  <Point X="72.0" Y="127.0" />
  <Point X="72.98985832988144" Y="127.0" />
  <Point X="73.0" Y="127.0" />
  <Point X="73.0" Y="128.0" />
  <Point X="74.0" Y="128.0" />
  <Point X="75.0" Y="128.0" />
  <Point X="75.0" Y="129.0" />
  <Point X="76.0" Y="129.0" />
  <Point X="77.0" Y="129.0" />
  <Point X="77.3495759765169" Y="129.3495759765169" />
  <Point X="78.0" Y="130.0" />
  <Point X="79.0" Y="130.0" />
  <Point X="79.0" Y="131.0" />
  <Point X="80.0" Y="131.0" />
  <Point X="81.0" Y="131.0" />
  <Point X="81.0" Y="132.0" />
  <Point X="81.58467828188549" Y="132.0" />
  <Point X="82.0" Y="132.0" />
  <Point X="83.0" Y="132.0" />
  <Point X="83.0" Y="133.0" />
  <Point X="84.0" Y="133.0" />
  <Point X="85.0" Y="133.0" />
  <Point X="85.0" Y="134.0" />
  <Point X="85.0" Y="135.0" />
  <Point X="85.0" Y="135.08919503907407" />
  <Point X="85.0" Y="136.0" />
  <Point X="85.0" Y="137.0" />
  <Point X="85.0" Y="138.0" />
  <Point X="84.0" Y="138.0" />
  <Point X="84.0" Y="139.0" />
  <Point X="83.0" Y="139.0" />
  <Point X="82.40628820373735" Y="139.0" />
  <Point X="82.0" Y="139.0" />
  <Point X="82.0" Y="140.0" />
  <Point X="81.0" Y="140.0" />
  <Point X="81.0" Y="141.0" />
  <Point X="80.0" Y="141.0" />
  <Point X="80.0" Y="142.0" />
  <Point X="79.0" Y="142.0" />
  <Point X="79.0" Y="142.09822855345124" />
  <Point X="79.0" Y="143.0" />
  <Point X="78.0" Y="143.0" />
  <Point X="77.0" Y="144.0" />
  <Point X="76.0" Y="144.0" />
  <Point X="76.0" Y="145.0" />
  <Point X="75.0" Y="145.0" />
  <Point X="74.86668792233165" Y="145.13331207766836" />
  <Point X="74.0" Y="146.0" />
  <Point X="73.0" Y="146.0" />
  <Point X="72.0" Y="146.0" />
  <Point X="72.0" Y="147.0" />
  <Point X="72.0" Y="148.0" />
  <Point X="71.0" Y="148.0" />
  <Point X="70.7211650569178" Y="148.0" />
  <Point X="70.0" Y="148.0" />
  <Point X="69.0" Y="149.0" />
  <Point X="68.0" Y="149.0" />
  <Point X="68.0" Y="150.0" />
  <Point X="67.0" Y="150.0" />
  <Point X="66.0" Y="150.0" />
  <Point X="65.63086186210232" Y="150.0" />
  <Point X="65.0" Y="150.0" />
  <Point X="65.0" Y="151.0" />
  <Point X="64.0" Y="151.0" />
  <Point X="64.0" Y="152.0" />
  <Point X="63.0" Y="152.0" />
  <Point X="62.0" Y="152.0" />
  <Point X="62.0" Y="152.87365489508625" />
  <Point X="62.0" Y="153.0" />
  <Point X="63.0" Y="153.0" />
  <Point X="64.0" Y="153.0" />
  <Point X="65.0" Y="153.0" />
  <Point X="66.0" Y="153.0" />
  <Point X="67.0" Y="153.0" />
  <Point X="68.0" Y="153.0" />
  <Point X="68.37817165227483" Y="153.0" />
  <Point X="69.0" Y="153.0" />
  <Point X="70.0" Y="153.0" />
  <Point X="71.0" Y="153.0" />
  <Point X="72.0" Y="153.0" />
  <Point X="73.0" Y="153.0" />
  <Point X="74.0" Y="153.0" />
  <Point X="74.88268840946341" Y="153.0" />
  <Point X="75.0" Y="153.0" />
  <Point X="76.0" Y="153.0" />
  <Point X="77.0" Y="153.0" />
  <Point X="78.0" Y="153.0" />
  <Point X="79.0" Y="153.0" />
  <Point X="80.0" Y="153.0" />
  <Point X="81.0" Y="153.0" />
  <Point X="81.387205166652" Y="153.0" />
  <Point X="82.0" Y="153.0" />
  <Point X="83.0" Y="153.0" />
  <Point X="84.0" Y="153.0" />
  <Point X="83.0" Y="153.0" />
  <Point X="82.0" Y="153.0" />
  <Point X="81.0" Y="153.0" />
  <Point X="80.10827807615942" Y="153.0" />
  <Point X="80.0" Y="153.0" />
  <Point X="80.0" Y="154.0" />
  <Point X="79.0" Y="154.0" />
  <Point X="78.0" Y="154.0" />
  <Point X="77.0" Y="155.0" />
  <Point X="77.0" Y="156.0" />
  <Point X="76.01797488134395" Y="156.0" />
  <Point X="76.0" Y="156.0" />
  <Point X="75.0" Y="156.0" />
  <Point X="75.0" Y="157.0" />
  <Point X="74.0" Y="157.0" />
  <Point X="73.0" Y="158.0" />
  <Point X="72.0" Y="158.0" />
  <Point X="72.0" Y="159.0" />
  <Point X="72.0" Y="159.07232831347153" />
  <Point X="72.0" Y="160.0" />
  <Point X="71.0" Y="160.0" />
  <Point X="70.0" Y="161.0" />
  <Point X="69.0" Y="161.0" />
  <Point X="68.0" Y="162.0" />
  <Point X="68.0" Y="162.74841794591393" />
  <Point X="68.0" Y="163.0" />
  <Point X="67.0" Y="163.0" />
  <Point X="67.0" Y="164.0" />
  <Point X="66.0" Y="164.0" />
  <Point X="66.0" Y="165.0" />
  <Point X="65.0" Y="165.0" />
  <Point X="65.0" Y="166.0" />
  <Point X="64.74706529689749" Y="166.0" />
  <Point X="64.0" Y="166.0" />
  <Point X="64.0" Y="167.0" />
  <Point X="64.0" Y="168.0" />
  <Point X="63.0" Y="168.0" />
  <Point X="63.0" Y="169.0" />
  <Point X="63.0" Y="170.0" />
  <Point X="62.24254853970891" Y="170.0" />
  <Point X="62.0" Y="170.0" />
  <Point X="62.0" Y="171.0" />
  <Point X="61.0" Y="172.0" />
  <Point X="61.0" Y="173.0" />
  <Point X="61.0" Y="174.0" />
  <Point X="61.0" Y="175.0" />
  <Point X="61.0" Y="175.84775465510657" />
  <Point X="61.0" Y="176.0" />
  <Point X="61.0" Y="177.0" />
  <Point X="61.0" Y="178.0" />
  <Point X="61.0" Y="179.0" />
  <Point X="62.0" Y="180.0" />
  <Point X="62.0" Y="181.0" />
  <Point X="62.93805784992205" Y="181.0" />
  <Point X="63.0" Y="181.0" />
  <Point X="63.0" Y="182.0" />
  <Point X="64.0" Y="182.0" />
  <Point X="64.0" Y="183.0" />
  <Point X="65.0" Y="183.0" />
  <Point X="66.0" Y="184.0" />
  <Point X="66.0" Y="185.0" />
  <Point X="66.02836104473754" Y="185.0" />
  <Point X="67.0" Y="185.0" />
  <Point X="68.0" Y="185.0" />
  <Point X="68.0" Y="186.0" />
  <Point X="69.0" Y="186.0" />
  <Point X="70.0" Y="187.0" />
  <Point X="70.0" Y="188.0" />
  <Point X="70.11866423955301" Y="188.0" />
  <Point X="71.0" Y="188.0" />
  <Point X="72.0" Y="188.0" />
  <Point X="72.0" Y="189.0" />
  <Point X="73.0" Y="189.0" />
  <Point X="74.0" Y="189.0" />
  <Point X="74.0" Y="190.0" />
  <Point X="74.6231809967416" Y="190.0" />
  <Point X="75.0" Y="190.0" />
  <Point X="76.0" Y="190.0" />
  <Point X="77.0" Y="190.0" />
  <Point X="78.0" Y="190.0" />
  <Point X="78.0" Y="191.0" />
  <Point X="79.0" Y="191.0" />
  <Point X="80.0" Y="191.0" />
  <Point X="80.12769775393018" Y="191.0" />
  <Point X="81.0" Y="191.0" />
  <Point X="82.0" Y="192.0" />
  <Point X="83.0" Y="192.0" />
  <Point X="84.0" Y="192.0" />
  <Point X="85.0" Y="192.0" />
  <Point X="86.0" Y="192.0" />
  <Point X="86.21800094874565" Y="192.0" />
  <Point X="87.0" Y="192.0" />
  <Point X="88.0" Y="192.0" />
  <Point X="89.0" Y="192.0" />
  <Point X="90.0" Y="192.0" />
  <Point X="91.0" Y="192.0" />
  <Point X="92.54066667316637" Y="192.77033333658318" />
  <Point X="93.0" Y="193.0" />
  <Point X="94.0" Y="193.0" />
  <Point X="95.0" Y="193.0" />
  <Point X="96.0" Y="193.0" />
  <Point X="97.0" Y="193.0" />
  <Point X="98.0" Y="193.0" />
  <Point X="98.990966485623" Y="193.0" />
  <Point X="99.0" Y="193.0" />
  <Point X="100.0" Y="193.0" />
  <Point X="101.0" Y="193.0" />
  <Point X="102.0" Y="193.0" />
  <Point X="103.0" Y="193.0" />
  <Point X="104.0" Y="193.0" />
  <Point X="105.0" Y="193.0" />
  <Point X="105.49548324281159" Y="193.0" />
  <Point X="106.0" Y="193.0" />
  <Point X="107.0" Y="193.0" />
  <Point X="108.0" Y="193.0" />
  <Point X="109.0" Y="193.0" />
  <Point X="110.0" Y="193.0" />
  <Point X="110.0" Y="192.0" />
  <Point X="110.0" Y="191.0" />
</Project_1_Part_4>
