<?xml version="1.0" encoding="utf-8" standalone="yes"?>
<Gesture Name="left_curly_brace9" Subject="1" Number="1" NumPts="449">
  <Point X="219.0" Y="25.0" />
  <Point X="220.0" Y="25.0" />
  <Point X="212.96633307872222" Y="27.155478572649645" />
  <Point X="204.97655433258245" Y="29.60395915614409" />
  <Point X="196.9867755864427" Y="32.05243973963854" />
  <Point X="188.99699684030293" Y="34.50092032313298" />
  <Point X="181.00721809416316" Y="36.949400906627424" />
  <Point X="173.0174393480234" Y="39.39788149012187" />
  <Point X="165.02766060188364" Y="41.84636207361631" />
  <Point X="157.03788185574388" Y="44.294842657110756" />
  <Point X="149.0481031096041" Y="46.7433232406052" />
  <Point X="141.05832436346435" Y="49.191803824099644" />
  <Point X="133.0685456173246" Y="51.64028440759409" />
  <Point X="125.07876687118483" Y="54.08876499108853" />
  <Point X="117.08898812504506" Y="56.537245574582975" />
  <Point X="109.0992093789053" Y="58.98572615807742" />
  <Point X="101.10943063276554" Y="61.434206741571856" />
  <Point X="96.0" Y="63.0" />
  <Point X="95.0" Y="63.0" />
  <Point X="94.0" Y="63.0" />
  <Point X="93.0" Y="63.0" />
  <Point X="92.98743594789237" Y="63.0" />
  <Point X="92.0" Y="63.0" />
  <Point X="91.0" Y="63.0" />
  <Point X="90.0" Y="62.0" />
  <Point X="89.0" Y="62.0" />
  <Point X="88.0" Y="62.0" />
  <Point X="87.0" Y="62.0" />
  <Point X="87.0" Y="61.0" />
  <Point X="86.045117838572" Y="61.0" />
  <Point X="86.0" Y="61.0" />
  <Point X="85.0" Y="61.0" />
  <Point X="84.0" Y="61.0" />
  <Point X="83.0" Y="61.0" />
  <Point X="82.0" Y="61.0" />
  <Point X="81.0" Y="61.0" />
  <Point X="80.0" Y="61.0" />
  <Point X="79.0" Y="61.0" />
  <Point X="78.0" Y="61.0" />
  <Point X="77.68858616687852" Y="61.0" />
  <Point X="77.0" Y="61.0" />
  <Point X="77.0" Y="62.0" />
  <Point X="76.0" Y="62.0" />
  <Point X="75.0" Y="62.0" />
  <Point X="75.0" Y="63.0" />
  <Point X="74.0" Y="63.0" />
  <Point X="73.0" Y="63.0" />
  <Point X="72.0" Y="63.0" />
  <Point X="72.0" Y="63.667945504814945" />
  <Point X="72.0" Y="64.0" />
  <Point X="71.0" Y="64.0" />
  <Point X="70.0" Y="64.0" />
  <Point X="69.0" Y="64.0" />
  <Point X="69.0" Y="65.0" />
  <Point X="68.0" Y="65.0" />
  <Point X="68.0" Y="66.0" />
  <Point X="67.0" Y="66.0" />
  <Point X="66.0" Y="66.0" />
  <Point X="66.0" Y="66.02447717650841" />
  <Point X="66.0" Y="67.0" />
  <Point X="65.0" Y="67.0" />
  <Point X="64.0" Y="67.0" />
  <Point X="63.0" Y="67.0" />
  <Point X="63.0" Y="68.0" />
  <Point X="62.0" Y="68.0" />
  <Point X="61.0" Y="68.0" />
  <Point X="60.0" Y="68.0" />
  <Point X="59.61899115179812" Y="68.0" />
  <Point X="59.0" Y="68.0" />
  <Point X="59.0" Y="69.0" />
  <Point X="58.0" Y="69.0" />
  <Point X="58.0" Y="70.0" />
  <Point X="57.0" Y="70.0" />
  <Point X="56.0" Y="70.0" />
  <Point X="55.0" Y="70.0" />
  <Point X="55.0" Y="71.0" />
  <Point X="54.26245948010465" Y="71.0" />
  <Point X="54.0" Y="71.0" />
  <Point X="53.0" Y="71.0" />
  <Point X="53.0" Y="72.0" />
  <Point X="52.0" Y="72.0" />
  <Point X="51.0" Y="72.0" />
  <Point X="50.0" Y="72.0" />
  <Point X="50.0" Y="73.0" />
  <Point X="50.0" Y="74.0" />
  <Point X="49.0" Y="74.0" />
  <Point X="48.905927808411185" Y="74.0" />
  <Point X="48.0" Y="74.0" />
  <Point X="47.0" Y="75.0" />
  <Point X="46.0" Y="75.0" />
  <Point X="46.0" Y="76.0" />
  <Point X="45.0" Y="76.0" />
  <Point X="44.0" Y="76.0" />
  <Point X="44.0" Y="77.0" />
  <Point X="43.0" Y="77.0" />
  <Point X="43.0" Y="77.03639030090919" />
  <Point X="43.0" Y="78.0" />
  <Point X="42.0" Y="78.0" />
  <Point X="41.0" Y="78.0" />
  <Point X="41.0" Y="79.0" />
  <Point X="40.0" Y="79.0" />
  <Point X="39.0" Y="79.0" />
  <Point X="39.0" Y="80.0" />
  <Point X="38.01505542750892" Y="80.98494457249109" />
  <Point X="38.0" Y="81.0" />
  <Point X="37.0" Y="81.0" />
  <Point X="37.0" Y="82.0" />
  <Point X="36.0" Y="83.0" />
  <Point X="35.0" Y="84.0" />
  <Point X="34.0" Y="84.0" />
  <Point X="34.0" Y="85.0" />
  <Point X="33.0" Y="85.0" />
  <Point X="33.0" Y="85.50681295717685" />
  <Point X="33.0" Y="86.0" />
  <Point X="32.0" Y="86.0" />
  <Point X="32.0" Y="87.0" />
  <Point X="32.0" Y="88.0" />
  <Point X="31.0" Y="88.0" />
  <Point X="31.0" Y="89.0" />
  <Point X="31.0" Y="90.0" />
  <Point X="30.0" Y="90.0" />
  <Point X="30.0" Y="90.86334462887032" />
  <Point X="30.0" Y="91.0" />
  <Point X="30.0" Y="92.0" />
  <Point X="29.0" Y="92.0" />
  <Point X="29.0" Y="93.0" />
  <Point X="29.0" Y="94.0" />
  <Point X="29.0" Y="95.0" />
  <Point X="30.0" Y="95.0" />
  <Point X="30.0" Y="96.0" />
  <Point X="30.0" Y="97.0" />
  <Point X="30.21987630056379" Y="97.0" />
  <Point X="31.0" Y="97.0" />
  <Point X="31.0" Y="98.0" />
  <Point X="31.0" Y="99.0" />
  <Point X="31.0" Y="100.0" />
  <Point X="31.0" Y="101.0" />
  <Point X="31.0" Y="102.0" />
  <Point X="31.0" Y="103.0" />
  <Point X="32.0" Y="103.0" />
  <Point X="32.0" Y="103.57640797225726" />
  <Point X="32.0" Y="104.0" />
  <Point X="32.0" Y="105.0" />
  <Point X="33.0" Y="105.0" />
  <Point X="33.0" Y="106.0" />
  <Point X="34.0" Y="106.0" />
  <Point X="34.0" Y="107.0" />
  <Point X="34.0" Y="108.0" />
  <Point X="35.0" Y="108.0" />
  <Point X="35.65968794867532" Y="108.65968794867533" />
  <Point X="36.0" Y="109.0" />
  <Point X="37.0" Y="109.0" />
  <Point X="38.0" Y="110.0" />
  <Point X="38.0" Y="111.0" />
  <Point X="39.0" Y="111.0" />
  <Point X="40.0" Y="111.0" />
  <Point X="40.0" Y="112.0" />
  <Point X="41.0" Y="112.0" />
  <Point X="41.46104419089801" Y="112.0" />
  <Point X="42.0" Y="112.0" />
  <Point X="42.0" Y="113.0" />
  <Point X="43.0" Y="113.0" />
  <Point X="44.0" Y="113.0" />
  <Point X="44.0" Y="114.0" />
  <Point X="45.0" Y="114.0" />
  <Point X="46.0" Y="114.0" />
  <Point X="46.0" Y="115.0" />
  <Point X="46.817575862591475" Y="115.0" />
  <Point X="47.0" Y="115.0" />
  <Point X="48.0" Y="116.0" />
  <Point X="49.0" Y="116.0" />
  <Point X="50.0" Y="116.0" />
  <Point X="51.0" Y="117.0" />
  <Point X="52.0" Y="117.0" />
  <Point X="53.0" Y="117.0" />
  <Point X="53.951539742894745" Y="117.95153974289474" />
  <Point X="54.0" Y="118.0" />
  <Point X="55.0" Y="118.0" />
  <Point X="55.0" Y="119.0" />
  <Point X="56.0" Y="119.0" />
  <Point X="57.0" Y="119.0" />
  <Point X="58.0" Y="119.0" />
  <Point X="58.0" Y="120.0" />
  <Point X="59.0" Y="120.0" />
  <Point X="60.0" Y="120.0" />
  <Point X="60.287998518859126" Y="120.0" />
  <Point X="61.0" Y="120.0" />
  <Point X="62.0" Y="120.0" />
  <Point X="63.0" Y="121.0" />
  <Point X="64.0" Y="121.0" />
  <Point X="66.0" Y="121.0" />
  <Point X="67.0" Y="121.0" />
  <Point X="67.86996523079229" Y="121.86996523079229" />
  <Point X="68.0" Y="122.0" />
  <Point X="69.0" Y="122.0" />
  <Point X="70.0" Y="122.0" />
  <Point X="71.0" Y="122.0" />
  <Point X="71.0" Y="123.0" />
  <Point X="72.0" Y="123.0" />
  <Point X="73.0" Y="123.0" />
  <Point X="74.0" Y="123.0" />
  <Point X="75.0" Y="123.0" />
  <Point X="75.17263473749986" Y="123.0" />
  <Point X="76.0" Y="123.0" />
  <Point X="77.0" Y="123.0" />
  <Point X="78.0" Y="123.0" />
  <Point X="79.0" Y="123.0" />
  <Point X="80.0" Y="123.0" />
  <Point X="81.0" Y="123.0" />
  <Point X="82.0" Y="123.0" />
  <Point X="83.0" Y="123.0" />
  <Point X="83.52916640919334" Y="123.0" />
  <Point X="84.0" Y="123.0" />
  <Point X="85.0" Y="123.0" />
  <Point X="86.0" Y="123.0" />
  <Point X="87.0" Y="123.0" />
  <Point X="88.0" Y="123.0" />
  <Point X="88.0" Y="124.0" />
  <Point X="88.0" Y="125.0" />
  <Point X="87.0" Y="125.0" />
  <Point X="87.0" Y="125.88569808088681" />
  <Point X="87.0" Y="126.0" />
  <Point X="86.0" Y="126.0" />
  <Point X="86.0" Y="127.0" />
  <Point X="85.0" Y="127.0" />
  <Point X="85.0" Y="128.0" />
  <Point X="84.0" Y="128.0" />
  <Point X="83.0" Y="128.0" />
  <Point X="83.0" Y="129.0" />
  <Point X="82.0" Y="129.0" />
  <Point X="81.82871769934535" Y="129.17128230065467" />
  <Point X="81.0" Y="130.0" />
  <Point X="81.0" Y="131.0" />
  <Point X="80.0" Y="131.0" />
  <Point X="79.0" Y="132.0" />
  <Point X="78.0" Y="132.0" />
  <Point X="78.0" Y="133.0" />
  <Point X="77.0" Y="133.0" />
  <Point X="76.45529139302347" Y="133.54470860697654" />
  <Point X="76.0" Y="134.0" />
  <Point X="76.0" Y="135.0" />
  <Point X="75.0" Y="135.0" />
  <Point X="74.0" Y="136.0" />
  <Point X="73.0" Y="136.0" />
  <Point X="73.0" Y="137.0" />
  <Point X="72.0" Y="137.0" />
  <Point X="72.0" Y="138.0" />
  <Point X="71.70156115352515" Y="138.0" />
  <Point X="71.0" Y="138.0" />
  <Point X="71.0" Y="139.0" />
  <Point X="70.0" Y="139.0" />
  <Point X="69.0" Y="140.0" />
  <Point X="68.0" Y="140.0" />
  <Point X="68.0" Y="141.0" />
  <Point X="67.0" Y="141.0" />
  <Point X="66.12265234275282" Y="141.87734765724718" />
  <Point X="66.0" Y="142.0" />
  <Point X="65.0" Y="142.0" />
  <Point X="65.0" Y="143.0" />
  <Point X="64.0" Y="143.0" />
  <Point X="64.0" Y="144.0" />
  <Point X="63.0" Y="144.0" />
  <Point X="63.0" Y="145.0" />
  <Point X="62.0" Y="145.0" />
  <Point X="61.0" Y="145.0" />
  <Point X="61.0" Y="145.18307506511562" />
  <Point X="61.0" Y="146.0" />
  <Point X="60.0" Y="146.0" />
  <Point X="61.0" Y="146.0" />
  <Point X="62.0" Y="146.0" />
  <Point X="63.0" Y="146.0" />
  <Point X="64.0" Y="146.0" />
  <Point X="65.0" Y="146.0" />
  <Point X="66.0" Y="146.0" />
  <Point X="66.53960673680909" Y="146.0" />
  <Point X="67.0" Y="146.0" />
  <Point X="68.0" Y="146.0" />
  <Point X="69.0" Y="146.0" />
  <Point X="70.0" Y="146.0" />
  <Point X="71.0" Y="146.0" />
  <Point X="72.0" Y="146.0" />
  <Point X="73.0" Y="146.0" />
  <Point X="74.0" Y="146.0" />
  <Point X="74.89613840850257" Y="146.0" />
  <Point X="75.0" Y="146.0" />
  <Point X="76.0" Y="146.0" />
  <Point X="77.0" Y="146.0" />
  <Point X="78.0" Y="146.0" />
  <Point X="79.0" Y="146.0" />
  <Point X="80.0" Y="146.0" />
  <Point X="81.0" Y="146.0" />
  <Point X="82.0" Y="146.0" />
  <Point X="83.0" Y="146.0" />
  <Point X="83.25267008019604" Y="146.0" />
  <Point X="84.0" Y="146.0" />
  <Point X="85.0" Y="146.0" />
  <Point X="86.0" Y="146.0" />
  <Point X="87.0" Y="146.0" />
  <Point X="88.0" Y="146.0" />
  <Point X="89.0" Y="146.0" />
  <Point X="89.0" Y="145.0" />
  <Point X="90.0" Y="145.0" />
  <Point X="89.39079824811049" Y="145.0" />
  <Point X="89.0" Y="145.0" />
  <Point X="88.0" Y="145.0" />
  <Point X="88.0" Y="146.0" />
  <Point X="87.0" Y="146.0" />
  <Point X="86.0" Y="147.0" />
  <Point X="86.0" Y="148.0" />
  <Point X="85.0" Y="148.0" />
  <Point X="84.0" Y="148.0" />
  <Point X="84.0" Y="148.5515198612099" />
  <Point X="84.0" Y="149.0" />
  <Point X="83.0" Y="149.0" />
  <Point X="83.0" Y="150.0" />
  <Point X="82.0" Y="150.0" />
  <Point X="82.0" Y="151.0" />
  <Point X="81.0" Y="151.0" />
  <Point X="81.0" Y="152.0" />
  <Point X="80.0" Y="152.0" />
  <Point X="80.0" Y="152.90805153290336" />
  <Point X="80.0" Y="153.0" />
  <Point X="79.0" Y="153.0" />
  <Point X="79.0" Y="154.0" />
  <Point X="78.0" Y="154.0" />
  <Point X="78.0" Y="155.0" />
  <Point X="77.0" Y="155.0" />
  <Point X="77.0" Y="156.0" />
  <Point X="76.0" Y="156.0" />
  <Point X="76.0" Y="157.0" />
  <Point X="75.73541679540317" Y="157.0" />
  <Point X="75.0" Y="157.0" />
  <Point X="75.0" Y="158.0" />
  <Point X="74.0" Y="158.0" />
  <Point X="73.0" Y="159.0" />
  <Point X="73.0" Y="160.0" />
  <Point X="72.0" Y="160.0" />
  <Point X="72.0" Y="161.0" />
  <Point X="71.0" Y="161.0" />
  <Point X="71.0" Y="161.2069013139172" />
  <Point X="71.0" Y="162.0" />
  <Point X="70.0" Y="162.0" />
  <Point X="70.0" Y="163.0" />
  <Point X="69.0" Y="164.0" />
  <Point X="69.0" Y="165.0" />
  <Point X="68.0" Y="165.0" />
  <Point X="68.0" Y="166.0" />
  <Point X="67.0" Y="166.0" />
  <Point X="67.0" Y="166.14921942323758" />
  <Point X="67.0" Y="167.0" />
  <Point X="67.0" Y="168.0" />
  <Point X="66.0" Y="169.0" />
  <Point X="66.0" Y="170.0" />
  <Point X="66.0" Y="171.0" />
  <Point X="66.0" Y="172.0" />
  <Point X="65.0" Y="172.0" />
  <Point X="65.0" Y="173.0" />
  <Point X="65.0" Y="173.09153753255796" />
  <Point X="65.0" Y="174.0" />
  <Point X="65.0" Y="175.0" />
  <Point X="64.0" Y="176.0" />
  <Point X="64.0" Y="177.0" />
  <Point X="64.0" Y="178.0" />
  <Point X="64.0" Y="179.0" />
  <Point X="64.0" Y="180.0" />
  <Point X="64.0" Y="181.0" />
  <Point X="64.0" Y="181.03385564187835" />
  <Point X="64.0" Y="182.0" />
  <Point X="64.0" Y="183.0" />
  <Point X="65.0" Y="183.0" />
  <Point X="65.0" Y="184.0" />
  <Point X="65.0" Y="185.0" />
  <Point X="65.0" Y="186.0" />
  <Point X="65.0" Y="187.0" />
  <Point X="65.0" Y="188.0" />
  <Point X="65.0" Y="188.3903873135718" />
  <Point X="65.0" Y="189.0" />
  <Point X="65.0" Y="190.0" />
  <Point X="66.0" Y="191.0" />
  <Point X="66.0" Y="192.0" />
  <Point X="66.0" Y="193.0" />
  <Point X="66.0" Y="194.0" />
  <Point X="66.0" Y="195.0" />
  <Point X="67.0" Y="195.0" />
  <Point X="67.0" Y="195.3327054228922" />
  <Point X="67.0" Y="196.0" />
  <Point X="67.0" Y="197.0" />
  <Point X="67.0" Y="198.0" />
  <Point X="68.0" Y="198.0" />
  <Point X="68.0" Y="199.0" />
  <Point X="69.0" Y="200.0" />
  <Point X="69.0" Y="201.0" />
  <Point X="70.0" Y="201.0" />
  <Point X="70.19447100461338" Y="201.19447100461338" />
  <Point X="71.0" Y="202.0" />
  <Point X="71.0" Y="203.0" />
  <Point X="72.0" Y="203.0" />
  <Point X="72.0" Y="204.0" />
  <Point X="73.0" Y="204.0" />
  <Point X="74.0" Y="204.0" />
  <Point X="74.0" Y="205.0" />
  <Point X="75.0" Y="205.0" />
  <Point X="75.0" Y="205.21734164153293" />
  <Point X="75.0" Y="206.0" />
  <Point X="76.0" Y="206.0" />
  <Point X="76.0" Y="207.0" />
  <Point X="77.0" Y="207.0" />
  <Point X="78.0" Y="207.0" />
  <Point X="78.0" Y="208.0" />
  <Point X="79.0" Y="208.0" />
  <Point X="80.0" Y="208.0" />
  <Point X="80.0" Y="208.5738733132264" />
  <Point X="80.0" Y="209.0" />
  <Point X="81.0" Y="209.0" />
  <Point X="81.0" Y="210.0" />
  <Point X="82.0" Y="210.0" />
  <Point X="83.0" Y="210.0" />
  <Point X="83.0" Y="211.0" />
  <Point X="84.0" Y="211.0" />
  <Point X="85.0" Y="211.0" />
  <Point X="85.93040498491986" Y="211.0" />
  <Point X="86.0" Y="211.0" />
  <Point X="86.0" Y="212.0" />
  <Point X="87.0" Y="212.0" />
  <Point X="88.0" Y="212.0" />
  <Point X="89.0" Y="212.0" />
  <Point X="90.0" Y="212.0" />
  <Point X="90.0" Y="213.0" />
  <Point X="91.0" Y="213.0" />
  <Point X="92.0" Y="213.0" />
  <Point X="92.0" Y="213.28693665661334" />
  <Point X="92.0" Y="214.0" />
  <Point X="93.0" Y="214.0" />
  <Point X="94.0" Y="214.0" />
  <Point X="95.0" Y="214.0" />
  <Point X="96.0" Y="214.0" />
  <Point X="97.0" Y="214.0" />
  <Point X="97.0" Y="213.0" />
  <Point X="97.0" Y="212.0" />
  <Point X="97.64346832830681" Y="212.0" />
  <Point X="98.0" Y="212.0" />
  <Point X="99.0" Y="212.0" />
  <Point X="99.0" Y="211.0" />
  <Point X="100.0" Y="211.0" />
  <Point X="100.0" Y="210.0" />
  <Point X="100.0" Y="209.0" />
  <Point X="101.0" Y="209.0" />
  <Point X="101.0" Y="208.0" />
  <Point X="101.0" Y="207.0" />
</Project_1_Part_4>
