<?xml version="1.0" encoding="utf-8" standalone="yes"?>
<Gesture Name="left_curly_brace2" Subject="1" Number="1" NumPts="455">
  <Point X="116.0" Y="41.0" />
  <Point X="115.0" Y="41.0" />
  <Point X="114.0" Y="41.0" />
  <Point X="113.0" Y="41.0" />
  <Point X="112.0" Y="41.0" />
  <Point X="111.0" Y="41.0" />
  <Point X="110.0" Y="41.0" />
  <Point X="110.0" Y="41.38001786503102" />
  <Point X="110.0" Y="42.0" />
  <Point X="109.0" Y="42.0" />
  <Point X="108.0" Y="43.0" />
  <Point X="107.0" Y="43.0" />
  <Point X="106.0" Y="43.0" />
  <Point X="105.04836001895596" Y="43.95163998104403" />
  <Point X="105.0" Y="44.0" />
  <Point X="104.0" Y="44.0" />
  <Point X="103.0" Y="44.0" />
  <Point X="102.0" Y="44.0" />
  <Point X="102.0" Y="45.0" />
  <Point X="101.0" Y="45.0" />
  <Point X="100.0" Y="45.0" />
  <Point X="100.0" Y="45.31162647034688" />
  <Point X="100.0" Y="46.0" />
  <Point X="99.0" Y="46.0" />
  <Point X="98.0" Y="46.0" />
  <Point X="98.0" Y="47.0" />
  <Point X="97.0" Y="47.0" />
  <Point X="97.0" Y="48.0" />
  <Point X="96.3083556646221" Y="48.0" />
  <Point X="96.0" Y="48.0" />
  <Point X="95.0" Y="48.0" />
  <Point X="94.0" Y="48.0" />
  <Point X="94.0" Y="49.0" />
  <Point X="93.0" Y="49.0" />
  <Point X="93.0" Y="50.0" />
  <Point X="92.0" Y="50.0" />
  <Point X="91.9493271721361" Y="50.0506728278639" />
  <Point X="91.0" Y="51.0" />
  <Point X="91.0" Y="52.0" />
  <Point X="90.0" Y="52.0" />
  <Point X="89.0" Y="52.0" />
  <Point X="89.0" Y="53.0" />
  <Point X="88.0" Y="53.0" />
  <Point X="87.96253349693315" Y="53.0" />
  <Point X="87.0" Y="53.0" />
  <Point X="87.0" Y="54.0" />
  <Point X="87.0" Y="55.0" />
  <Point X="86.0" Y="55.0" />
  <Point X="85.0" Y="55.0" />
  <Point X="85.0" Y="56.0" />
  <Point X="85.0" Y="56.417484368097874" />
  <Point X="85.0" Y="57.0" />
  <Point X="84.0" Y="57.0" />
  <Point X="84.0" Y="58.0" />
  <Point X="83.0" Y="58.0" />
  <Point X="83.0" Y="59.0" />
  <Point X="83.0" Y="60.0" />
  <Point X="82.2024977668711" Y="60.0" />
  <Point X="82.0" Y="60.0" />
  <Point X="82.0" Y="61.0" />
  <Point X="81.0" Y="61.0" />
  <Point X="81.0" Y="62.0" />
  <Point X="80.0" Y="62.0" />
  <Point X="80.0" Y="63.0" />
  <Point X="80.0" Y="64.0" />
  <Point X="79.87447433479421" Y="64.12552566520579" />
  <Point X="79.0" Y="65.0" />
  <Point X="79.0" Y="66.0" />
  <Point X="78.0" Y="66.0" />
  <Point X="78.0" Y="67.0" />
  <Point X="77.0" Y="67.0" />
  <Point X="77.0" Y="68.0" />
  <Point X="77.0" Y="68.14332440081786" />
  <Point X="77.0" Y="69.0" />
  <Point X="77.0" Y="70.0" />
  <Point X="76.0" Y="70.0" />
  <Point X="76.0" Y="71.0" />
  <Point X="76.0" Y="72.0" />
  <Point X="76.0" Y="73.0" />
  <Point X="75.47665773415112" Y="73.0" />
  <Point X="75.0" Y="73.0" />
  <Point X="75.0" Y="74.0" />
  <Point X="75.0" Y="75.0" />
  <Point X="75.0" Y="76.0" />
  <Point X="75.0" Y="77.0" />
  <Point X="75.0" Y="78.0" />
  <Point X="75.0" Y="78.9033601308799" />
  <Point X="75.0" Y="79.0" />
  <Point X="75.0" Y="80.0" />
  <Point X="75.0" Y="81.0" />
  <Point X="75.0" Y="82.0" />
  <Point X="75.0" Y="83.0" />
  <Point X="75.0" Y="84.0" />
  <Point X="75.0" Y="85.0" />
  <Point X="75.0" Y="85.28337799591093" />
  <Point X="75.0" Y="86.0" />
  <Point X="76.0" Y="86.0" />
  <Point X="76.0" Y="87.0" />
  <Point X="77.0" Y="87.0" />
  <Point X="77.0" Y="88.0" />
  <Point X="77.0" Y="89.0" />
  <Point X="77.66339586094195" Y="89.0" />
  <Point X="78.0" Y="89.0" />
  <Point X="79.0" Y="90.0" />
  <Point X="79.0" Y="91.0" />
  <Point X="80.0" Y="91.0" />
  <Point X="80.0" Y="92.0" />
  <Point X="80.0" Y="93.0" />
  <Point X="80.62920016359988" Y="93.0" />
  <Point X="81.0" Y="93.0" />
  <Point X="82.0" Y="93.0" />
  <Point X="82.0" Y="94.0" />
  <Point X="83.0" Y="95.0" />
  <Point X="83.0" Y="96.0" />
  <Point X="84.0" Y="96.0" />
  <Point X="84.0" Y="96.5950044662578" />
  <Point X="84.0" Y="97.0" />
  <Point X="85.0" Y="97.0" />
  <Point X="86.0" Y="97.0" />
  <Point X="86.0" Y="98.0" />
  <Point X="87.0" Y="98.0" />
  <Point X="88.0" Y="98.0" />
  <Point X="88.0" Y="98.97502233128883" />
  <Point X="88.0" Y="99.0" />
  <Point X="89.0" Y="99.0" />
  <Point X="89.0" Y="100.0" />
  <Point X="90.0" Y="100.0" />
  <Point X="90.0" Y="101.0" />
  <Point X="91.0" Y="101.0" />
  <Point X="92.0" Y="101.0" />
  <Point X="92.0" Y="101.35504019631985" />
  <Point X="92.0" Y="102.0" />
  <Point X="93.0" Y="102.0" />
  <Point X="94.0" Y="102.0" />
  <Point X="94.0" Y="103.0" />
  <Point X="95.0" Y="103.0" />
  <Point X="95.0" Y="104.0" />
  <Point X="95.73505806135087" Y="104.0" />
  <Point X="96.0" Y="104.0" />
  <Point X="97.0" Y="105.0" />
  <Point X="98.0" Y="105.0" />
  <Point X="98.0" Y="106.0" />
  <Point X="99.0" Y="106.0" />
  <Point X="100.0" Y="106.0" />
  <Point X="100.7008623640088" Y="106.0" />
  <Point X="101.0" Y="106.0" />
  <Point X="102.0" Y="106.0" />
  <Point X="103.0" Y="106.0" />
  <Point X="103.0" Y="107.0" />
  <Point X="104.0" Y="107.0" />
  <Point X="105.0" Y="107.0" />
  <Point X="106.0" Y="107.0" />
  <Point X="106.08088022903982" Y="107.0" />
  <Point X="107.0" Y="107.0" />
  <Point X="107.0" Y="108.0" />
  <Point X="108.0" Y="108.0" />
  <Point X="109.0" Y="108.0" />
  <Point X="110.0" Y="108.0" />
  <Point X="111.0" Y="108.0" />
  <Point X="111.46089809407084" Y="108.0" />
  <Point X="112.0" Y="108.0" />
  <Point X="113.0" Y="108.0" />
  <Point X="114.0" Y="108.0" />
  <Point X="115.0" Y="108.0" />
  <Point X="114.0" Y="108.0" />
  <Point X="114.0" Y="109.0" />
  <Point X="114.0" Y="109.84091595910186" />
  <Point X="114.0" Y="110.0" />
  <Point X="113.0" Y="110.0" />
  <Point X="112.0" Y="110.0" />
  <Point X="112.0" Y="111.0" />
  <Point X="111.0" Y="111.0" />
  <Point X="110.0" Y="111.0" />
  <Point X="109.13666941357562" Y="111.86333058642438" />
  <Point X="109.0" Y="112.0" />
  <Point X="108.0" Y="112.0" />
  <Point X="108.0" Y="113.0" />
  <Point X="107.0" Y="113.0" />
  <Point X="106.0" Y="113.0" />
  <Point X="106.0" Y="114.0" />
  <Point X="105.0" Y="114.0" />
  <Point X="104.8132618732092" Y="114.0" />
  <Point X="104.0" Y="114.0" />
  <Point X="104.0" Y="115.0" />
  <Point X="103.0" Y="115.0" />
  <Point X="102.0" Y="115.0" />
  <Point X="101.0" Y="116.0" />
  <Point X="100.0" Y="116.0" />
  <Point X="99.89213621371813" Y="116.10786378628187" />
  <Point X="99.0" Y="117.0" />
  <Point X="98.0" Y="117.0" />
  <Point X="98.0" Y="118.0" />
  <Point X="97.0" Y="118.0" />
  <Point X="96.0" Y="118.0" />
  <Point X="96.0" Y="119.0" />
  <Point X="95.88165326789334" Y="119.0" />
  <Point X="95.0" Y="119.0" />
  <Point X="94.0" Y="119.0" />
  <Point X="93.0" Y="119.0" />
  <Point X="93.0" Y="120.0" />
  <Point X="92.0" Y="120.0" />
  <Point X="91.0" Y="120.0" />
  <Point X="91.0" Y="120.49836459713768" />
  <Point X="91.0" Y="121.0" />
  <Point X="90.0" Y="121.0" />
  <Point X="89.0" Y="122.0" />
  <Point X="88.0" Y="122.0" />
  <Point X="88.0" Y="123.0" />
  <Point X="87.0" Y="123.0" />
  <Point X="86.53583110020439" Y="123.0" />
  <Point X="86.0" Y="123.0" />
  <Point X="85.0" Y="123.0" />
  <Point X="85.0" Y="124.0" />
  <Point X="84.0" Y="124.0" />
  <Point X="84.0" Y="125.0" />
  <Point X="85.0" Y="125.0" />
  <Point X="85.84418676482663" Y="125.0" />
  <Point X="86.0" Y="125.0" />
  <Point X="87.0" Y="125.0" />
  <Point X="88.0" Y="125.0" />
  <Point X="89.0" Y="125.0" />
  <Point X="90.0" Y="125.0" />
  <Point X="91.0" Y="125.0" />
  <Point X="92.0" Y="125.0" />
  <Point X="92.22420462985765" Y="125.0" />
  <Point X="93.0" Y="125.0" />
  <Point X="94.0" Y="125.0" />
  <Point X="95.0" Y="124.0" />
  <Point X="96.0" Y="124.0" />
  <Point X="97.0" Y="124.0" />
  <Point X="98.0" Y="124.0" />
  <Point X="98.19000893251558" Y="124.0" />
  <Point X="99.0" Y="124.0" />
  <Point X="100.0" Y="124.0" />
  <Point X="101.0" Y="124.0" />
  <Point X="102.0" Y="124.0" />
  <Point X="102.0" Y="123.0" />
  <Point X="103.0" Y="123.0" />
  <Point X="103.5700267975466" Y="123.0" />
  <Point X="104.0" Y="123.0" />
  <Point X="105.0" Y="123.0" />
  <Point X="106.0" Y="123.0" />
  <Point X="107.0" Y="123.0" />
  <Point X="108.0" Y="123.0" />
  <Point X="108.0" Y="122.0" />
  <Point X="108.95004466257762" Y="122.0" />
  <Point X="109.0" Y="122.0" />
  <Point X="109.0" Y="121.0" />
  <Point X="110.0" Y="121.0" />
  <Point X="111.0" Y="121.0" />
  <Point X="111.0" Y="120.0" />
  <Point X="112.0" Y="120.0" />
  <Point X="113.0" Y="120.0" />
  <Point X="113.23338945148765" Y="119.76661054851235" />
  <Point X="114.0" Y="119.0" />
  <Point X="115.0" Y="119.0" />
  <Point X="116.0" Y="119.0" />
  <Point X="116.0" Y="118.0" />
  <Point X="117.0" Y="118.0" />
  <Point X="117.0" Y="117.0" />
  <Point X="117.29586683026659" Y="117.0" />
  <Point X="118.0" Y="117.0" />
  <Point X="117.0" Y="117.0" />
  <Point X="117.0" Y="118.0" />
  <Point X="116.0" Y="118.0" />
  <Point X="116.0" Y="119.0" />
  <Point X="115.0" Y="119.0" />
  <Point X="114.52207734865486" Y="119.47792265134514" />
  <Point X="114.0" Y="120.0" />
  <Point X="114.0" Y="121.0" />
  <Point X="113.0" Y="121.0" />
  <Point X="113.0" Y="122.0" />
  <Point X="112.0" Y="122.0" />
  <Point X="112.0" Y="123.0" />
  <Point X="111.35831100204447" Y="123.0" />
  <Point X="111.0" Y="123.0" />
  <Point X="110.0" Y="123.0" />
  <Point X="110.0" Y="124.0" />
  <Point X="109.0" Y="124.0" />
  <Point X="109.0" Y="125.0" />
  <Point X="108.0" Y="126.0" />
  <Point X="107.39250669938654" Y="126.0" />
  <Point X="107.0" Y="126.0" />
  <Point X="107.0" Y="127.0" />
  <Point X="106.0" Y="127.0" />
  <Point X="106.0" Y="128.0" />
  <Point X="105.0" Y="128.0" />
  <Point X="104.0" Y="128.0" />
  <Point X="104.0" Y="128.9875111656445" />
  <Point X="104.0" Y="129.0" />
  <Point X="104.0" Y="130.0" />
  <Point X="103.0" Y="130.0" />
  <Point X="102.0" Y="130.0" />
  <Point X="102.0" Y="131.0" />
  <Point X="101.0" Y="131.0" />
  <Point X="101.0" Y="132.0" />
  <Point X="100.63247096932449" Y="132.0" />
  <Point X="100.0" Y="132.0" />
  <Point X="100.0" Y="133.0" />
  <Point X="99.0" Y="133.0" />
  <Point X="99.0" Y="134.0" />
  <Point X="98.0" Y="134.0" />
  <Point X="98.0" Y="135.0" />
  <Point X="97.25245310429347" Y="135.0" />
  <Point X="97.0" Y="135.0" />
  <Point X="96.0" Y="135.0" />
  <Point X="96.0" Y="136.0" />
  <Point X="95.0" Y="136.0" />
  <Point X="94.0" Y="137.0" />
  <Point X="94.0" Y="138.0" />
  <Point X="93.28664880163554" Y="138.0" />
  <Point X="93.0" Y="138.0" />
  <Point X="92.0" Y="139.0" />
  <Point X="91.0" Y="139.0" />
  <Point X="91.0" Y="140.0" />
  <Point X="90.0" Y="140.0" />
  <Point X="89.0" Y="140.0" />
  <Point X="89.0" Y="140.6791555010224" />
  <Point X="89.0" Y="141.0" />
  <Point X="88.0" Y="141.0" />
  <Point X="88.0" Y="142.0" />
  <Point X="87.0" Y="143.0" />
  <Point X="86.0" Y="144.0" />
  <Point X="85.0" Y="144.0" />
  <Point X="85.0" Y="144.23074624130723" />
  <Point X="85.0" Y="145.0" />
  <Point X="84.0" Y="145.0" />
  <Point X="84.0" Y="146.0" />
  <Point X="84.0" Y="147.0" />
  <Point X="83.0" Y="147.0" />
  <Point X="83.0" Y="148.0" />
  <Point X="83.0" Y="148.61076410633825" />
  <Point X="83.0" Y="149.0" />
  <Point X="83.0" Y="150.0" />
  <Point X="83.0" Y="151.0" />
  <Point X="84.0" Y="151.0" />
  <Point X="84.0" Y="152.0" />
  <Point X="84.0" Y="153.0" />
  <Point X="84.99078197136927" Y="153.0" />
  <Point X="85.0" Y="153.0" />
  <Point X="86.0" Y="154.0" />
  <Point X="86.0" Y="155.0" />
  <Point X="87.0" Y="155.0" />
  <Point X="87.0" Y="156.0" />
  <Point X="88.0" Y="156.0" />
  <Point X="88.0" Y="156.9565862740272" />
  <Point X="88.0" Y="157.0" />
  <Point X="89.0" Y="157.0" />
  <Point X="90.0" Y="157.0" />
  <Point X="90.0" Y="158.0" />
  <Point X="90.0" Y="159.0" />
  <Point X="91.0" Y="159.0" />
  <Point X="91.0" Y="160.0" />
  <Point X="91.33660413905821" Y="160.0" />
  <Point X="92.0" Y="160.0" />
  <Point X="93.0" Y="160.0" />
  <Point X="93.0" Y="161.0" />
  <Point X="94.0" Y="161.0" />
  <Point X="95.0" Y="161.0" />
  <Point X="95.0" Y="162.0" />
  <Point X="95.71662200408923" Y="162.0" />
  <Point X="96.0" Y="162.0" />
  <Point X="96.0" Y="163.0" />
  <Point X="97.0" Y="163.0" />
  <Point X="98.0" Y="163.0" />
  <Point X="99.0" Y="164.0" />
  <Point X="100.0" Y="164.0" />
  <Point X="100.482548269161" Y="164.48254826916101" />
  <Point X="101.0" Y="165.0" />
  <Point X="102.0" Y="165.0" />
  <Point X="103.0" Y="165.0" />
  <Point X="104.0" Y="165.0" />
  <Point X="104.0" Y="166.0" />
  <Point X="105.0" Y="166.0" />
  <Point X="105.0" Y="166.6482306094051" />
  <Point X="105.0" Y="167.0" />
  <Point X="106.0" Y="167.0" />
  <Point X="107.0" Y="167.0" />
  <Point X="108.0" Y="167.0" />
  <Point X="109.0" Y="167.0" />
  <Point X="109.0" Y="168.0" />
  <Point X="110.0" Y="168.0" />
  <Point X="110.02824847443611" Y="168.0" />
  <Point X="111.0" Y="168.0" />
  <Point X="111.0" Y="169.0" />
  <Point X="112.0" Y="169.0" />
  <Point X="113.0" Y="169.0" />
  <Point X="114.0" Y="169.0" />
  <Point X="114.0" Y="170.0" />
  <Point X="114.40826633946713" Y="170.0" />
  <Point X="115.0" Y="170.0" />
  <Point X="116.0" Y="170.0" />
  <Point X="117.0" Y="170.0" />
  <Point X="117.0" Y="171.0" />
  <Point X="118.0" Y="171.0" />
  <Point X="119.0" Y="172.0" />
  <Point X="119.37407064212506" Y="172.0" />
  <Point X="120.0" Y="172.0" />
  <Point X="121.0" Y="172.0" />
  <Point X="121.0" Y="173.0" />
  <Point X="122.0" Y="173.0" />
  <Point X="123.0" Y="173.0" />
  <Point X="123.0" Y="174.0" />
  <Point X="123.75408850715608" Y="174.0" />
  <Point X="124.0" Y="174.0" />
  <Point X="125.0" Y="174.0" />
  <Point X="126.0" Y="174.0" />
  <Point X="127.0" Y="174.0" />
  <Point X="128.0" Y="174.0" />
  <Point X="128.0" Y="175.0" />
  <Point X="128.80193430636038" Y="175.80193430636038" />
  <Point X="129.0" Y="176.0" />
  <Point X="130.0" Y="176.0" />
  <Point X="131.0" Y="176.0" />
  <Point X="132.0" Y="176.0" />
  <Point X="133.0" Y="176.0" />
  <Point X="133.0" Y="177.0" />
  <Point X="134.0" Y="177.0" />
  <Point X="134.09991067484503" Y="177.0" />
  <Point X="135.0" Y="177.0" />
  <Point X="136.0" Y="177.0" />
  <Point X="136.0" Y="178.0" />
  <Point X="137.0" Y="178.0" />
  <Point X="138.0" Y="178.0" />
  <Point X="139.0" Y="178.0" />
  <Point X="139.47992853987606" Y="178.0" />
  <Point X="140.0" Y="178.0" />
  <Point X="141.0" Y="178.0" />
  <Point X="142.0" Y="178.0" />
  <Point X="143.0" Y="178.0" />
  <Point X="144.0" Y="178.0" />
  <Point X="145.0" Y="178.0" />
  <Point X="145.85994640490708" Y="178.0" />
  <Point X="146.0" Y="178.0" />
  <Point X="147.0" Y="178.0" />
  <Point X="148.0" Y="178.0" />
  <Point X="149.0" Y="178.0" />
  <Point X="150.0" Y="178.0" />
  <Point X="150.0" Y="179.0" />
  <Point X="151.0" Y="179.0" />
  <Point X="151.0" Y="179.2399642699381" />
  <Point X="151.0" Y="180.0" />
  <Point X="152.0" Y="180.0" />
  <Point X="153.0" Y="180.0" />
  <Point X="153.0" Y="181.0" />
  <Point X="154.0" Y="181.0" />
  <Point X="155.0" Y="181.0" />
  <Point X="155.61998213496912" Y="181.0" />
  <Point X="156.0" Y="181.0" />
  <Point X="155.0" Y="181.0" />
  <Point X="155.0" Y="180.0" />
  <Point X="154.0" Y="180.0" />
  <Point X="154.0" Y="179.0" />
  <Point X="154.0" Y="178.0" />
  <Point X="153.0" Y="178.0" />
</Project_1_Part_4>
