<?xml version="1.0" encoding="utf-8" standalone="yes"?>
<Gesture Name="left_sq_bracket1" Subject="1" Number="1" NumPts="305">
  <Point X="84.0" Y="62.0" />
  <Point X="83.0" Y="62.0" />
  <Point X="82.0" Y="62.0" />
  <Point X="81.0" Y="62.0" />
  <Point X="80.14558052182943" Y="62.0" />
  <Point X="80.0" Y="62.0" />
  <Point X="79.0" Y="62.0" />
  <Point X="78.0" Y="62.0" />
  <Point X="77.0" Y="62.0" />
  <Point X="76.29116104365886" Y="62.0" />
  <Point X="76.0" Y="62.0" />
  <Point X="75.0" Y="62.0" />
  <Point X="74.0" Y="62.0" />
  <Point X="73.0" Y="62.0" />
  <Point X="72.43674156548829" Y="62.0" />
  <Point X="72.0" Y="62.0" />
  <Point X="72.0" Y="63.0" />
  <Point X="71.0" Y="63.0" />
  <Point X="70.0" Y="63.0" />
  <Point X="70.0" Y="63.41767791268229" />
  <Point X="70.0" Y="64.0" />
  <Point X="69.0" Y="64.0" />
  <Point X="68.0" Y="64.0" />
  <Point X="67.0" Y="64.0" />
  <Point X="66.72790260914714" Y="64.0" />
  <Point X="66.0" Y="64.0" />
  <Point X="65.0" Y="64.0" />
  <Point X="65.0" Y="65.0" />
  <Point X="64.0" Y="65.0" />
  <Point X="63.87348313097656" Y="65.0" />
  <Point X="63.0" Y="65.0" />
  <Point X="62.0" Y="65.0" />
  <Point X="62.0" Y="66.0" />
  <Point X="61.01906365280598" Y="66.0" />
  <Point X="61.0" Y="66.0" />
  <Point X="60.0" Y="66.0" />
  <Point X="59.0" Y="66.0" />
  <Point X="58.0" Y="66.0" />
  <Point X="58.0" Y="66.83535582536459" />
  <Point X="58.0" Y="67.0" />
  <Point X="57.0" Y="67.0" />
  <Point X="56.0" Y="67.0" />
  <Point X="55.0" Y="67.0" />
  <Point X="55.0" Y="67.68977530353516" />
  <Point X="55.0" Y="68.0" />
  <Point X="54.0" Y="68.0" />
  <Point X="53.0" Y="68.0" />
  <Point X="53.0" Y="69.0" />
  <Point X="52.455805218294266" Y="69.0" />
  <Point X="52.0" Y="69.0" />
  <Point X="51.0" Y="69.0" />
  <Point X="50.0" Y="69.0" />
  <Point X="50.0" Y="70.0" />
  <Point X="49.60138574012369" Y="70.0" />
  <Point X="49.0" Y="70.0" />
  <Point X="48.0" Y="70.0" />
  <Point X="48.0" Y="71.0" />
  <Point X="47.0" Y="71.0" />
  <Point X="46.74696626195311" Y="71.0" />
  <Point X="46.0" Y="71.0" />
  <Point X="46.0" Y="72.0" />
  <Point X="45.0" Y="72.0" />
  <Point X="45.0" Y="73.0" />
  <Point X="45.0" Y="73.10745321621746" />
  <Point X="45.0" Y="74.0" />
  <Point X="44.0" Y="74.0" />
  <Point X="44.0" Y="75.0" />
  <Point X="43.03812730561196" Y="75.0" />
  <Point X="43.0" Y="75.0" />
  <Point X="43.0" Y="76.0" />
  <Point X="43.0" Y="77.0" />
  <Point X="43.0" Y="78.0" />
  <Point X="42.18370782744138" Y="78.0" />
  <Point X="42.0" Y="78.0" />
  <Point X="42.0" Y="79.0" />
  <Point X="41.0" Y="79.0" />
  <Point X="41.0" Y="80.0" />
  <Point X="41.0" Y="80.67071165072919" />
  <Point X="41.0" Y="81.0" />
  <Point X="41.0" Y="82.0" />
  <Point X="41.0" Y="83.0" />
  <Point X="41.0" Y="84.0" />
  <Point X="41.0" Y="84.52513112889976" />
  <Point X="41.0" Y="85.0" />
  <Point X="41.0" Y="86.0" />
  <Point X="41.0" Y="87.0" />
  <Point X="41.0" Y="88.0" />
  <Point X="41.0" Y="88.37955060707033" />
  <Point X="41.0" Y="89.0" />
  <Point X="41.0" Y="90.0" />
  <Point X="40.0" Y="90.0" />
  <Point X="40.0" Y="91.0" />
  <Point X="40.0" Y="91.2339700852409" />
  <Point X="40.0" Y="92.0" />
  <Point X="40.0" Y="93.0" />
  <Point X="40.0" Y="94.0" />
  <Point X="40.0" Y="95.0" />
  <Point X="40.0" Y="95.08838956341147" />
  <Point X="40.0" Y="96.0" />
  <Point X="40.0" Y="97.0" />
  <Point X="39.0" Y="97.0" />
  <Point X="39.0" Y="97.94280904158204" />
  <Point X="39.0" Y="98.0" />
  <Point X="39.0" Y="99.0" />
  <Point X="39.0" Y="100.0" />
  <Point X="39.0" Y="101.0" />
  <Point X="39.0" Y="101.79722851975261" />
  <Point X="39.0" Y="102.0" />
  <Point X="39.0" Y="103.0" />
  <Point X="39.0" Y="104.0" />
  <Point X="39.0" Y="105.0" />
  <Point X="39.0" Y="105.65164799792318" />
  <Point X="39.0" Y="106.0" />
  <Point X="39.0" Y="107.0" />
  <Point X="38.0" Y="107.0" />
  <Point X="38.0" Y="108.0" />
  <Point X="38.0" Y="108.50606747609375" />
  <Point X="38.0" Y="109.0" />
  <Point X="38.0" Y="110.0" />
  <Point X="38.0" Y="111.0" />
  <Point X="37.037990448923864" Y="111.96200955107614" />
  <Point X="37.0" Y="112.0" />
  <Point X="37.0" Y="113.0" />
  <Point X="37.0" Y="114.0" />
  <Point X="37.0" Y="115.0" />
  <Point X="37.0" Y="115.80069287006181" />
  <Point X="37.0" Y="116.0" />
  <Point X="37.0" Y="117.0" />
  <Point X="37.0" Y="118.0" />
  <Point X="36.0" Y="118.0" />
  <Point X="36.0" Y="118.65511234823238" />
  <Point X="36.0" Y="119.0" />
  <Point X="36.0" Y="120.0" />
  <Point X="36.0" Y="121.0" />
  <Point X="36.0" Y="122.0" />
  <Point X="36.0" Y="122.50953182640295" />
  <Point X="36.0" Y="123.0" />
  <Point X="36.0" Y="124.0" />
  <Point X="36.0" Y="125.0" />
  <Point X="36.0" Y="126.0" />
  <Point X="36.0" Y="126.36395130457352" />
  <Point X="36.0" Y="127.0" />
  <Point X="35.0" Y="127.0" />
  <Point X="35.0" Y="128.0" />
  <Point X="35.0" Y="129.0" />
  <Point X="35.0" Y="129.2183707827441" />
  <Point X="35.0" Y="130.0" />
  <Point X="35.0" Y="131.0" />
  <Point X="35.0" Y="132.0" />
  <Point X="34.0" Y="132.0" />
  <Point X="34.0" Y="132.07279026091467" />
  <Point X="34.0" Y="133.0" />
  <Point X="34.0" Y="134.0" />
  <Point X="34.0" Y="135.0" />
  <Point X="34.0" Y="135.92720973908524" />
  <Point X="34.0" Y="136.0" />
  <Point X="34.0" Y="137.0" />
  <Point X="34.0" Y="138.0" />
  <Point X="34.0" Y="139.0" />
  <Point X="34.0" Y="139.7816292172558" />
  <Point X="34.0" Y="140.0" />
  <Point X="34.0" Y="141.0" />
  <Point X="34.0" Y="142.0" />
  <Point X="34.0" Y="143.0" />
  <Point X="34.0" Y="143.63604869542638" />
  <Point X="34.0" Y="144.0" />
  <Point X="34.0" Y="145.0" />
  <Point X="34.0" Y="146.0" />
  <Point X="34.0" Y="147.0" />
  <Point X="34.0" Y="147.49046817359695" />
  <Point X="34.0" Y="148.0" />
  <Point X="34.0" Y="149.0" />
  <Point X="34.0" Y="150.0" />
  <Point X="34.0" Y="151.0" />
  <Point X="34.0" Y="151.34488765176752" />
  <Point X="34.0" Y="152.0" />
  <Point X="34.0" Y="153.0" />
  <Point X="34.0" Y="154.0" />
  <Point X="34.0" Y="155.0" />
  <Point X="34.0" Y="155.1993071299381" />
  <Point X="34.0" Y="156.0" />
  <Point X="34.0" Y="157.0" />
  <Point X="34.0" Y="158.0" />
  <Point X="34.0" Y="159.0" />
  <Point X="34.0" Y="159.05372660810866" />
  <Point X="34.0" Y="160.0" />
  <Point X="34.0" Y="161.0" />
  <Point X="34.0" Y="162.0" />
  <Point X="34.0" Y="162.90814608627923" />
  <Point X="34.0" Y="163.0" />
  <Point X="34.0" Y="164.0" />
  <Point X="34.0" Y="165.0" />
  <Point X="34.0" Y="166.0" />
  <Point X="34.0" Y="166.7625655644498" />
  <Point X="34.0" Y="167.0" />
  <Point X="34.0" Y="168.0" />
  <Point X="34.0" Y="169.0" />
  <Point X="34.0" Y="170.0" />
  <Point X="34.0" Y="170.61698504262037" />
  <Point X="34.0" Y="171.0" />
  <Point X="34.0" Y="172.0" />
  <Point X="34.0" Y="173.0" />
  <Point X="34.0" Y="174.0" />
  <Point X="34.0" Y="174.47140452079094" />
  <Point X="34.0" Y="175.0" />
  <Point X="34.0" Y="176.0" />
  <Point X="34.0" Y="177.0" />
  <Point X="34.0" Y="178.0" />
  <Point X="34.0" Y="178.3258239989615" />
  <Point X="34.0" Y="179.0" />
  <Point X="34.0" Y="180.0" />
  <Point X="34.0" Y="181.0" />
  <Point X="34.0" Y="182.0" />
  <Point X="34.0" Y="182.18024347713208" />
  <Point X="34.0" Y="183.0" />
  <Point X="34.0" Y="184.0" />
  <Point X="34.0" Y="185.0" />
  <Point X="34.0" Y="186.0" />
  <Point X="34.0" Y="186.03466295530265" />
  <Point X="34.0" Y="187.0" />
  <Point X="35.0" Y="188.0" />
  <Point X="35.0" Y="189.0" />
  <Point X="35.0" Y="189.47486887110014" />
  <Point X="35.0" Y="190.0" />
  <Point X="36.0" Y="190.0" />
  <Point X="36.0" Y="191.0" />
  <Point X="36.0" Y="192.0" />
  <Point X="36.32928834927072" Y="192.0" />
  <Point X="37.0" Y="192.0" />
  <Point X="37.0" Y="193.0" />
  <Point X="38.0" Y="193.0" />
  <Point X="39.0" Y="193.0" />
  <Point X="39.183707827441296" Y="193.0" />
  <Point X="40.0" Y="193.0" />
  <Point X="41.0" Y="193.0" />
  <Point X="42.0" Y="193.0" />
  <Point X="43.0" Y="193.0" />
  <Point X="43.03812730561187" Y="193.0" />
  <Point X="44.0" Y="193.0" />
  <Point X="45.0" Y="193.0" />
  <Point X="45.0" Y="194.0" />
  <Point X="45.89254678378245" Y="194.0" />
  <Point X="46.0" Y="194.0" />
  <Point X="47.0" Y="194.0" />
  <Point X="48.0" Y="194.0" />
  <Point X="49.0" Y="194.0" />
  <Point X="49.74696626195303" Y="194.0" />
  <Point X="50.0" Y="194.0" />
  <Point X="51.0" Y="194.0" />
  <Point X="52.0" Y="194.0" />
  <Point X="53.601385740123604" Y="194.0" />
  <Point X="54.0" Y="194.0" />
  <Point X="55.0" Y="194.0" />
  <Point X="56.0" Y="194.0" />
  <Point X="57.0" Y="194.0" />
  <Point X="57.45580521829418" Y="194.0" />
  <Point X="58.0" Y="194.0" />
  <Point X="59.0" Y="194.0" />
  <Point X="60.0" Y="194.0" />
  <Point X="61.0" Y="194.0" />
  <Point X="61.31022469646476" Y="194.0" />
  <Point X="62.0" Y="194.0" />
  <Point X="63.0" Y="194.0" />
  <Point X="64.0" Y="194.0" />
  <Point X="65.0" Y="194.0" />
  <Point X="65.16464417463533" Y="194.0" />
  <Point X="66.0" Y="194.0" />
  <Point X="67.0" Y="194.0" />
  <Point X="68.0" Y="194.0" />
  <Point X="69.0" Y="194.0" />
  <Point X="69.0190636528059" Y="194.0" />
  <Point X="70.0" Y="194.0" />
  <Point X="71.0" Y="194.0" />
  <Point X="72.0" Y="194.0" />
  <Point X="72.87348313097647" Y="194.0" />
  <Point X="73.0" Y="194.0" />
  <Point X="74.0" Y="194.0" />
  <Point X="75.0" Y="194.0" />
  <Point X="76.0" Y="194.0" />
  <Point X="76.72790260914704" Y="194.0" />
  <Point X="77.0" Y="194.0" />
  <Point X="78.0" Y="194.0" />
  <Point X="79.0" Y="194.0" />
  <Point X="80.0" Y="194.0" />
  <Point X="80.5823220873176" Y="194.0" />
  <Point X="81.0" Y="194.0" />
  <Point X="82.0" Y="194.0" />
  <Point X="83.0" Y="194.0" />
  <Point X="84.0" Y="194.0" />
  <Point X="84.43674156548818" Y="194.0" />
  <Point X="85.0" Y="194.0" />
  <Point X="86.0" Y="194.0" />
  <Point X="87.0" Y="194.0" />
  <Point X="88.0" Y="194.0" />
  <Point X="88.29116104365875" Y="194.0" />
  <Point X="89.0" Y="194.0" />
  <Point X="90.0" Y="194.0" />
  <Point X="90.0" Y="193.0" />
  <Point X="91.0" Y="193.0" />
  <Point X="91.14558052182932" Y="193.0" />
  <Point X="92.0" Y="193.0" />
  <Point X="93.0" Y="193.0" />
  <Point X="94.0" Y="193.0" />
  <Point X="94.0" Y="192.0000000000001" />
  <Point X="94.0" Y="192.0" />
</Project_1_Part_4>
