<?xml version="1.0" encoding="utf-8" standalone="yes"?>
<Gesture Name="pigtail5" Subject="1" Number="1" NumPts="367">
  <Point X="35.0" Y="134.0" />
  <Point X="36.0" Y="134.0" />
  <Point X="37.0" Y="134.0" />
  <Point X="38.0" Y="134.0" />
  <Point X="39.0" Y="134.0" />
  <Point X="40.0" Y="134.0" />
  <Point X="40.07185574499336" Y="134.0" />
  <Point X="41.0" Y="134.0" />
  <Point X="42.0" Y="134.0" />
  <Point X="43.0" Y="134.0" />
  <Point X="44.0" Y="134.0" />
  <Point X="45.0" Y="134.0" />
  <Point X="45.143711489986714" Y="134.0" />
  <Point X="46.0" Y="134.0" />
  <Point X="47.0" Y="134.0" />
  <Point X="48.0" Y="134.0" />
  <Point X="49.0" Y="134.0" />
  <Point X="49.0" Y="133.0" />
  <Point X="49.21556723498007" Y="133.0" />
  <Point X="50.0" Y="133.0" />
  <Point X="51.0" Y="133.0" />
  <Point X="52.0" Y="133.0" />
  <Point X="53.0" Y="132.0" />
  <Point X="53.87320941760033" Y="132.0" />
  <Point X="54.0" Y="132.0" />
  <Point X="56.0" Y="132.0" />
  <Point X="56.0" Y="131.0" />
  <Point X="57.0" Y="131.0" />
  <Point X="57.945065162593686" Y="131.0" />
  <Point X="58.0" Y="131.0" />
  <Point X="59.0" Y="130.0" />
  <Point X="60.0" Y="130.0" />
  <Point X="61.0" Y="130.0" />
  <Point X="62.0" Y="130.0" />
  <Point X="62.60270734521394" Y="130.0" />
  <Point X="63.0" Y="130.0" />
  <Point X="64.0" Y="129.0" />
  <Point X="65.0" Y="129.0" />
  <Point X="65.0" Y="128.0" />
  <Point X="66.26034952783421" Y="128.0" />
  <Point X="67.0" Y="128.0" />
  <Point X="68.0" Y="128.0" />
  <Point X="69.0" Y="128.0" />
  <Point X="70.0" Y="127.0" />
  <Point X="70.91799171045447" Y="127.0" />
  <Point X="72.0" Y="127.0" />
  <Point X="72.0" Y="126.0" />
  <Point X="73.0" Y="126.0" />
  <Point X="74.0" Y="126.0" />
  <Point X="74.0" Y="125.01015254455217" />
  <Point X="74.0" Y="125.0" />
  <Point X="76.0" Y="125.0" />
  <Point X="77.0" Y="125.0" />
  <Point X="78.0" Y="124.0" />
  <Point X="78.6474896380681" Y="124.0" />
  <Point X="79.0" Y="124.0" />
  <Point X="80.0" Y="124.0" />
  <Point X="80.0" Y="123.0" />
  <Point X="81.0" Y="123.0" />
  <Point X="82.0" Y="123.0" />
  <Point X="82.71934538306145" Y="123.0" />
  <Point X="83.0" Y="123.0" />
  <Point X="84.0" Y="123.0" />
  <Point X="84.0" Y="122.0" />
  <Point X="85.0" Y="122.0" />
  <Point X="85.0" Y="121.0" />
  <Point X="85.79120112805481" Y="121.0" />
  <Point X="86.0" Y="121.0" />
  <Point X="87.0" Y="121.0" />
  <Point X="88.0" Y="121.0" />
  <Point X="89.0" Y="120.0" />
  <Point X="90.0" Y="120.0" />
  <Point X="90.44884331067507" Y="120.0" />
  <Point X="91.0" Y="120.0" />
  <Point X="92.0" Y="120.0" />
  <Point X="92.0" Y="119.0" />
  <Point X="93.0" Y="119.0" />
  <Point X="93.0" Y="118.0" />
  <Point X="93.52069905566843" Y="118.0" />
  <Point X="94.0" Y="118.0" />
  <Point X="95.0" Y="118.0" />
  <Point X="95.0" Y="117.0" />
  <Point X="96.0" Y="117.0" />
  <Point X="97.0" Y="117.0" />
  <Point X="97.0" Y="116.40744519933821" />
  <Point X="97.0" Y="116.0" />
  <Point X="98.0" Y="116.0" />
  <Point X="99.0" Y="116.0" />
  <Point X="99.0" Y="115.0" />
  <Point X="100.0" Y="115.0" />
  <Point X="100.0" Y="114.33558945434486" />
  <Point X="100.0" Y="114.0" />
  <Point X="101.0" Y="114.0" />
  <Point X="102.0" Y="113.0" />
  <Point X="103.0" Y="113.0" />
  <Point X="103.93483244924971" Y="112.06516755075029" />
  <Point X="104.0" Y="112.0" />
  <Point X="105.0" Y="112.0" />
  <Point X="106.0" Y="111.0" />
  <Point X="107.0" Y="110.0" />
  <Point X="108.0" Y="110.0" />
  <Point X="108.0" Y="109.84873221385052" />
  <Point X="108.0" Y="109.0" />
  <Point X="109.0" Y="109.0" />
  <Point X="109.0" Y="108.0" />
  <Point X="110.0" Y="108.0" />
  <Point X="111.0" Y="108.0" />
  <Point X="111.0" Y="107.77687646885717" />
  <Point X="111.0" Y="107.0" />
  <Point X="112.0" Y="107.0" />
  <Point X="112.0" Y="106.0" />
  <Point X="113.0" Y="106.0" />
  <Point X="113.0" Y="105.0" />
  <Point X="113.29497927613619" Y="105.0" />
  <Point X="114.0" Y="105.0" />
  <Point X="114.0" Y="104.0" />
  <Point X="115.0" Y="104.0" />
  <Point X="116.0" Y="104.0" />
  <Point X="116.0" Y="103.0" />
  <Point X="116.36683502112955" Y="103.0" />
  <Point X="117.0" Y="103.0" />
  <Point X="117.0" Y="102.0" />
  <Point X="118.0" Y="102.0" />
  <Point X="118.0" Y="101.0" />
  <Point X="118.0" Y="100.0" />
  <Point X="118.4386907661229" Y="100.0" />
  <Point X="119.0" Y="100.0" />
  <Point X="120.0" Y="100.0" />
  <Point X="120.0" Y="99.0" />
  <Point X="121.0" Y="99.0" />
  <Point X="121.0" Y="98.0" />
  <Point X="121.51054651111626" Y="98.0" />
  <Point X="122.0" Y="98.0" />
  <Point X="122.0" Y="97.0" />
  <Point X="122.0" Y="96.0" />
  <Point X="123.0" Y="96.0" />
  <Point X="124.0" Y="96.0" />
  <Point X="124.0" Y="95.41759774389038" />
  <Point X="124.0" Y="95.0" />
  <Point X="125.0" Y="95.0" />
  <Point X="125.0" Y="94.0" />
  <Point X="125.0" Y="93.0" />
  <Point X="126.0" Y="93.0" />
  <Point X="126.0" Y="92.34574199889703" />
  <Point X="126.0" Y="92.0" />
  <Point X="126.0" Y="91.0" />
  <Point X="127.0" Y="90.0" />
  <Point X="128.0" Y="90.0" />
  <Point X="128.0" Y="89.0" />
  <Point X="128.0" Y="88.68809981627676" />
  <Point X="128.0" Y="88.0" />
  <Point X="128.0" Y="87.0" />
  <Point X="128.0" Y="86.0" />
  <Point X="129.0" Y="86.0" />
  <Point X="129.0" Y="85.0" />
  <Point X="129.0" Y="84.6162440712834" />
  <Point X="129.0" Y="84.0" />
  <Point X="129.0" Y="83.0" />
  <Point X="129.0" Y="82.0" />
  <Point X="129.0" Y="81.0" />
  <Point X="128.0" Y="81.0" />
  <Point X="127.54438832629005" Y="81.0" />
  <Point X="127.0" Y="81.0" />
  <Point X="127.0" Y="80.0" />
  <Point X="126.0" Y="80.0" />
  <Point X="125.0" Y="80.0" />
  <Point X="124.0" Y="80.0" />
  <Point X="123.47253258129669" Y="80.0" />
  <Point X="123.0" Y="80.0" />
  <Point X="123.0" Y="79.0" />
  <Point X="122.0" Y="79.0" />
  <Point X="121.0" Y="79.0" />
  <Point X="120.0" Y="79.0" />
  <Point X="119.40067683630333" Y="79.0" />
  <Point X="119.0" Y="79.0" />
  <Point X="118.0" Y="79.0" />
  <Point X="118.0" Y="78.0" />
  <Point X="117.0" Y="78.0" />
  <Point X="116.0" Y="78.0" />
  <Point X="115.32882109130998" Y="78.0" />
  <Point X="115.0" Y="78.0" />
  <Point X="114.0" Y="78.0" />
  <Point X="113.0" Y="78.0" />
  <Point X="112.0" Y="78.0" />
  <Point X="111.0" Y="78.0" />
  <Point X="110.25696534631662" Y="78.0" />
  <Point X="110.0" Y="78.0" />
  <Point X="109.0" Y="78.0" />
  <Point X="108.0" Y="78.0" />
  <Point X="107.0" Y="78.0" />
  <Point X="106.0" Y="79.0" />
  <Point X="105.59932316369635" Y="79.0" />
  <Point X="105.0" Y="79.0" />
  <Point X="105.0" Y="80.0" />
  <Point X="104.0" Y="80.0" />
  <Point X="104.0" Y="81.0" />
  <Point X="103.0" Y="81.0" />
  <Point X="103.0" Y="81.472532581297" />
  <Point X="103.0" Y="82.0" />
  <Point X="102.0" Y="82.0" />
  <Point X="102.0" Y="83.0" />
  <Point X="101.0" Y="83.0" />
  <Point X="101.0" Y="84.0" />
  <Point X="101.0" Y="84.54438832629036" />
  <Point X="101.0" Y="85.0" />
  <Point X="100.0" Y="86.0" />
  <Point X="100.0" Y="87.0" />
  <Point X="99.0" Y="88.0" />
  <Point X="99.0" Y="88.78781694653752" />
  <Point X="99.0" Y="89.0" />
  <Point X="98.0" Y="89.0" />
  <Point X="98.0" Y="90.0" />
  <Point X="98.0" Y="91.0" />
  <Point X="98.0" Y="92.0" />
  <Point X="98.0" Y="92.85967269153087" />
  <Point X="98.0" Y="93.0" />
  <Point X="97.0" Y="93.0" />
  <Point X="97.0" Y="94.0" />
  <Point X="97.0" Y="95.0" />
  <Point X="97.0" Y="96.0" />
  <Point X="96.34130992566561" Y="96.65869007433439" />
  <Point X="96.0" Y="97.0" />
  <Point X="96.0" Y="98.0" />
  <Point X="96.0" Y="99.0" />
  <Point X="96.0" Y="100.0" />
  <Point X="95.0" Y="100.0" />
  <Point X="95.0" Y="100.5891706191445" />
  <Point X="95.0" Y="101.0" />
  <Point X="95.0" Y="102.0" />
  <Point X="94.0" Y="102.0" />
  <Point X="94.0" Y="103.0" />
  <Point X="94.0" Y="104.0" />
  <Point X="94.0" Y="104.66102636413785" />
  <Point X="94.0" Y="105.0" />
  <Point X="94.0" Y="106.0" />
  <Point X="93.0" Y="106.0" />
  <Point X="93.0" Y="107.0" />
  <Point X="93.0" Y="108.0" />
  <Point X="93.0" Y="108.73288210913121" />
  <Point X="93.0" Y="109.0" />
  <Point X="93.0" Y="110.0" />
  <Point X="93.0" Y="111.0" />
  <Point X="92.0" Y="111.0" />
  <Point X="92.0" Y="112.80473785412457" />
  <Point X="92.0" Y="113.0" />
  <Point X="92.0" Y="114.0" />
  <Point X="92.0" Y="115.0" />
  <Point X="92.0" Y="116.0" />
  <Point X="92.0" Y="117.0" />
  <Point X="92.0" Y="117.87659359911792" />
  <Point X="92.0" Y="118.0" />
  <Point X="92.0" Y="119.0" />
  <Point X="92.0" Y="120.0" />
  <Point X="92.0" Y="121.0" />
  <Point X="92.0" Y="122.0" />
  <Point X="92.0" Y="122.94844934411128" />
  <Point X="92.0" Y="123.0" />
  <Point X="92.0" Y="124.0" />
  <Point X="92.0" Y="125.0" />
  <Point X="92.0" Y="126.0" />
  <Point X="92.0" Y="127.0" />
  <Point X="92.0" Y="128.0" />
  <Point X="92.0" Y="128.02030508910462" />
  <Point X="92.0" Y="129.0" />
  <Point X="92.0" Y="130.0" />
  <Point X="92.0" Y="131.0" />
  <Point X="92.0" Y="132.0" />
  <Point X="92.0" Y="133.0" />
  <Point X="92.0" Y="133.09216083409797" />
  <Point X="92.0" Y="134.0" />
  <Point X="93.0" Y="135.0" />
  <Point X="93.0" Y="136.0" />
  <Point X="93.0" Y="137.0" />
  <Point X="93.0" Y="137.74980301671823" />
  <Point X="93.0" Y="138.0" />
  <Point X="94.0" Y="138.0" />
  <Point X="94.0" Y="139.0" />
  <Point X="95.0" Y="139.0" />
  <Point X="95.0" Y="140.0" />
  <Point X="95.0" Y="140.82165876171157" />
  <Point X="95.0" Y="141.0" />
  <Point X="96.0" Y="141.0" />
  <Point X="96.0" Y="142.0" />
  <Point X="96.0" Y="143.0" />
  <Point X="97.0" Y="143.0" />
  <Point X="97.0" Y="143.89351450670492" />
  <Point X="97.0" Y="144.0" />
  <Point X="97.0" Y="145.0" />
  <Point X="98.0" Y="145.0" />
  <Point X="99.0" Y="146.0" />
  <Point X="100.0" Y="147.0" />
  <Point X="100.0" Y="147.13694312695208" />
  <Point X="100.0" Y="148.0" />
  <Point X="101.0" Y="148.0" />
  <Point X="101.0" Y="149.0" />
  <Point X="102.0" Y="150.0" />
  <Point X="102.79458530957234" Y="150.0" />
  <Point X="103.0" Y="150.0" />
  <Point X="104.0" Y="151.0" />
  <Point X="105.0" Y="152.0" />
  <Point X="105.0" Y="153.0" />
  <Point X="106.0" Y="153.0" />
  <Point X="106.0380139298195" Y="153.0" />
  <Point X="107.0" Y="153.0" />
  <Point X="108.0" Y="153.0" />
  <Point X="109.0" Y="154.0" />
  <Point X="110.0" Y="154.0" />
  <Point X="110.0" Y="154.69565611243976" />
  <Point X="110.0" Y="155.0" />
  <Point X="111.0" Y="155.0" />
  <Point X="112.0" Y="155.0" />
  <Point X="112.0" Y="156.0" />
  <Point X="113.0" Y="156.0" />
  <Point X="113.76751185743312" Y="156.0" />
  <Point X="114.0" Y="156.0" />
  <Point X="115.0" Y="157.0" />
  <Point X="116.0" Y="157.0" />
  <Point X="117.0" Y="157.0" />
  <Point X="117.0" Y="158.0" />
  <Point X="117.42515404005339" Y="158.0" />
  <Point X="118.0" Y="158.0" />
  <Point X="119.0" Y="158.0" />
  <Point X="120.0" Y="158.0" />
  <Point X="121.0" Y="158.0" />
  <Point X="122.0" Y="158.0" />
  <Point X="122.49700978504674" Y="158.0" />
  <Point X="123.0" Y="158.0" />
  <Point X="123.0" Y="159.0" />
  <Point X="124.0" Y="159.0" />
  <Point X="125.0" Y="159.0" />
  <Point X="126.0" Y="159.0" />
  <Point X="126.5688655300401" Y="159.0" />
  <Point X="127.0" Y="159.0" />
  <Point X="128.0" Y="159.0" />
  <Point X="129.0" Y="159.0" />
  <Point X="130.0" Y="159.0" />
  <Point X="131.0" Y="159.0" />
  <Point X="131.64072127503346" Y="159.0" />
  <Point X="132.0" Y="159.0" />
  <Point X="133.0" Y="159.0" />
  <Point X="134.0" Y="159.0" />
  <Point X="135.0" Y="159.0" />
  <Point X="136.0" Y="159.0" />
  <Point X="136.7125770200268" Y="159.0" />
  <Point X="137.0" Y="159.0" />
  <Point X="137.0" Y="158.0" />
  <Point X="139.0" Y="158.0" />
  <Point X="140.0" Y="158.0" />
  <Point X="140.0" Y="157.21556723497986" />
  <Point X="140.0" Y="157.0" />
  <Point X="141.0" Y="157.0" />
  <Point X="141.0" Y="156.0" />
  <Point X="142.0" Y="156.0" />
  <Point X="143.0" Y="156.0" />
  <Point X="143.0" Y="155.14371148998652" />
  <Point X="143.0" Y="155.0" />
  <Point X="144.0" Y="155.0" />
  <Point X="145.0" Y="155.0" />
  <Point X="145.0" Y="154.0" />
  <Point X="145.0" Y="153.0" />
  <Point X="145.92814425500683" Y="153.0" />
  <Point X="146.0" Y="153.0" />
  <Point X="146.0" Y="152.0" />
  <Point X="147.0" Y="152.0" />
  <Point X="147.0" Y="151.0" />
  <Point X="147.0" Y="150.0" />
  <Point X="147.0" Y="149.0" />
</Project_1_Part_4>
