<?xml version="1.0" encoding="utf-8" standalone="yes"?>
<Gesture Name="pigtail6" Subject="1" Number="1" NumPts="344">
  <Point X="58.0" Y="162.0" />
  <Point X="59.0" Y="162.0" />
  <Point X="60.0" Y="162.0" />
  <Point X="61.0" Y="162.0" />
  <Point X="62.0" Y="162.0" />
  <Point X="62.56807970499054" Y="161.43192029500946" />
  <Point X="63.0" Y="161.0" />
  <Point X="64.0" Y="161.0" />
  <Point X="65.0" Y="161.0" />
  <Point X="66.0" Y="161.0" />
  <Point X="66.0" Y="160.0" />
  <Point X="66.19255848423995" Y="160.0" />
  <Point X="67.0" Y="160.0" />
  <Point X="68.0" Y="160.0" />
  <Point X="69.0" Y="160.0" />
  <Point X="70.0" Y="159.0" />
  <Point X="70.58173094517339" Y="159.0" />
  <Point X="71.0" Y="159.0" />
  <Point X="72.0" Y="159.0" />
  <Point X="74.0" Y="158.0" />
  <Point X="74.81250033343761" Y="157.1874996665624" />
  <Point X="75.0" Y="157.0" />
  <Point X="76.0" Y="157.0" />
  <Point X="77.0" Y="157.0" />
  <Point X="78.0" Y="157.0" />
  <Point X="79.0" Y="156.0" />
  <Point X="79.1109160283035" Y="155.94454198584825" />
  <Point X="81.0" Y="155.0" />
  <Point X="82.0" Y="155.0" />
  <Point X="83.0" Y="155.0" />
  <Point X="83.48884125689415" Y="154.51115874310585" />
  <Point X="84.0" Y="154.0" />
  <Point X="85.0" Y="154.0" />
  <Point X="87.0" Y="153.0" />
  <Point X="87.84443041878086" Y="153.0" />
  <Point X="88.0" Y="153.0" />
  <Point X="89.0" Y="153.0" />
  <Point X="89.0" Y="152.0" />
  <Point X="90.0" Y="152.0" />
  <Point X="91.0" Y="152.0" />
  <Point X="91.64781644208739" Y="152.0" />
  <Point X="92.0" Y="152.0" />
  <Point X="92.0" Y="151.0" />
  <Point X="93.0" Y="151.0" />
  <Point X="94.0" Y="151.0" />
  <Point X="94.0" Y="150.0" />
  <Point X="94.45120246539392" Y="150.0" />
  <Point X="95.0" Y="150.0" />
  <Point X="96.0" Y="150.0" />
  <Point X="97.0" Y="150.0" />
  <Point X="98.0" Y="150.0" />
  <Point X="99.0" Y="150.0" />
  <Point X="99.0" Y="149.74541151129955" />
  <Point X="99.0" Y="148.0" />
  <Point X="101.0" Y="148.0" />
  <Point X="101.94628117092391" Y="147.52685941453805" />
  <Point X="103.0" Y="147.0" />
  <Point X="104.0" Y="147.0" />
  <Point X="105.0" Y="147.0" />
  <Point X="106.0" Y="146.0" />
  <Point X="106.21107899544063" Y="146.0" />
  <Point X="107.0" Y="146.0" />
  <Point X="108.0" Y="145.0" />
  <Point X="109.0" Y="145.0" />
  <Point X="110.0" Y="145.0" />
  <Point X="110.4244418752192" Y="144.5755581247808" />
  <Point X="111.0" Y="144.0" />
  <Point X="112.0" Y="144.0" />
  <Point X="113.0" Y="143.0" />
  <Point X="114.0" Y="142.0" />
  <Point X="114.1609967925613" Y="142.0" />
  <Point X="115.0" Y="142.0" />
  <Point X="116.0" Y="142.0" />
  <Point X="117.0" Y="141.0" />
  <Point X="118.0" Y="141.0" />
  <Point X="118.38902840994648" Y="140.61097159005354" />
  <Point X="119.0" Y="140.0" />
  <Point X="120.0" Y="140.0" />
  <Point X="121.0" Y="140.0" />
  <Point X="122.0" Y="139.0" />
  <Point X="122.52512815205507" Y="139.0" />
  <Point X="123.0" Y="139.0" />
  <Point X="123.0" Y="138.0" />
  <Point X="124.0" Y="138.0" />
  <Point X="125.0" Y="138.0" />
  <Point X="126.0" Y="138.0" />
  <Point X="126.0" Y="137.6714858246384" />
  <Point X="126.0" Y="137.0" />
  <Point X="127.0" Y="137.0" />
  <Point X="128.0" Y="137.0" />
  <Point X="129.0" Y="137.0" />
  <Point X="129.80037430610463" Y="136.19962569389537" />
  <Point X="130.0" Y="136.0" />
  <Point X="131.0" Y="136.0" />
  <Point X="131.0" Y="135.0" />
  <Point X="132.0" Y="135.0" />
  <Point X="133.0" Y="135.0" />
  <Point X="133.0" Y="134.47892734039846" />
  <Point X="133.0" Y="134.0" />
  <Point X="134.0" Y="134.0" />
  <Point X="135.0" Y="134.0" />
  <Point X="135.0" Y="133.0" />
  <Point X="136.0" Y="133.0" />
  <Point X="136.32445868290807" Y="133.0" />
  <Point X="137.0" Y="133.0" />
  <Point X="138.0" Y="133.0" />
  <Point X="138.0" Y="132.0" />
  <Point X="139.0" Y="132.0" />
  <Point X="139.7975066398897" Y="131.2024933601103" />
  <Point X="140.0" Y="131.0" />
  <Point X="141.0" Y="130.0" />
  <Point X="142.0" Y="130.0" />
  <Point X="142.0" Y="129.0" />
  <Point X="143.0" Y="129.0" />
  <Point X="143.10280360477495" Y="129.0" />
  <Point X="144.0" Y="129.0" />
  <Point X="144.0" Y="128.0" />
  <Point X="145.0" Y="128.0" />
  <Point X="146.0" Y="127.0" />
  <Point X="146.49197606570837" Y="127.0" />
  <Point X="147.0" Y="127.0" />
  <Point X="147.0" Y="126.0" />
  <Point X="148.0" Y="125.0" />
  <Point X="149.0" Y="124.0" />
  <Point X="149.46693496426872" Y="124.0" />
  <Point X="150.0" Y="124.0" />
  <Point X="151.0" Y="123.0" />
  <Point X="151.0" Y="122.0" />
  <Point X="152.0" Y="122.0" />
  <Point X="152.0" Y="121.14389257479785" />
  <Point X="152.0" Y="121.0" />
  <Point X="153.0" Y="121.0" />
  <Point X="154.0" Y="120.0" />
  <Point X="155.0" Y="120.0" />
  <Point X="155.0" Y="119.0" />
  <Point X="155.0" Y="118.75472011386441" />
  <Point X="155.0" Y="118.0" />
  <Point X="156.0" Y="118.0" />
  <Point X="156.0" Y="117.0" />
  <Point X="157.0" Y="117.0" />
  <Point X="157.0" Y="116.0" />
  <Point X="157.04866590944212" Y="116.0" />
  <Point X="158.0" Y="116.0" />
  <Point X="158.0" Y="115.0" />
  <Point X="158.0" Y="114.0" />
  <Point X="159.0" Y="114.0" />
  <Point X="159.0" Y="113.14794806725135" />
  <Point X="159.0" Y="113.0" />
  <Point X="160.0" Y="112.0" />
  <Point X="160.0" Y="111.0" />
  <Point X="161.0" Y="110.0" />
  <Point X="161.827010831309" Y="110.0" />
  <Point X="162.0" Y="110.0" />
  <Point X="162.0" Y="109.0" />
  <Point X="162.0" Y="108.0" />
  <Point X="163.0" Y="107.0" />
  <Point X="163.0" Y="106.0" />
  <Point X="163.21618329224242" Y="106.0" />
  <Point X="164.0" Y="106.0" />
  <Point X="164.0" Y="105.0" />
  <Point X="164.0" Y="104.0" />
  <Point X="165.0" Y="104.0" />
  <Point X="165.0" Y="103.0" />
  <Point X="165.0" Y="102.98043068445105" />
  <Point X="165.0" Y="102.0" />
  <Point X="166.0" Y="101.0" />
  <Point X="166.0" Y="100.0" />
  <Point X="166.0" Y="99.0" />
  <Point X="166.0" Y="98.59125822351761" />
  <Point X="166.0" Y="98.0" />
  <Point X="166.0" Y="97.0" />
  <Point X="166.0" Y="96.0" />
  <Point X="166.0" Y="95.0" />
  <Point X="166.0" Y="94.0" />
  <Point X="166.0" Y="93.78787220021108" />
  <Point X="166.0" Y="93.0" />
  <Point X="166.0" Y="92.0" />
  <Point X="166.0" Y="91.0" />
  <Point X="166.0" Y="90.0" />
  <Point X="166.0" Y="89.0" />
  <Point X="165.98448617690457" Y="89.0" />
  <Point X="165.0" Y="89.0" />
  <Point X="165.0" Y="88.0" />
  <Point X="164.0" Y="88.0" />
  <Point X="164.0" Y="87.0" />
  <Point X="163.18110015359804" Y="87.0" />
  <Point X="163.0" Y="87.0" />
  <Point X="163.0" Y="86.0" />
  <Point X="162.0" Y="86.0" />
  <Point X="161.0" Y="85.0" />
  <Point X="160.0" Y="85.0" />
  <Point X="159.79192769266461" Y="85.0" />
  <Point X="159.0" Y="85.0" />
  <Point X="159.0" Y="84.0" />
  <Point X="158.0" Y="84.0" />
  <Point X="157.0" Y="84.0" />
  <Point X="156.0" Y="84.0" />
  <Point X="155.98854166935809" Y="84.0" />
  <Point X="155.0" Y="84.0" />
  <Point X="154.0" Y="84.0" />
  <Point X="153.0" Y="84.0" />
  <Point X="152.0" Y="84.0" />
  <Point X="151.18515564605156" Y="84.0" />
  <Point X="151.0" Y="84.0" />
  <Point X="150.0" Y="84.0" />
  <Point X="149.0" Y="84.0" />
  <Point X="148.0" Y="84.0" />
  <Point X="147.0" Y="84.0" />
  <Point X="146.38176962274503" Y="84.0" />
  <Point X="146.0" Y="84.0" />
  <Point X="145.0" Y="84.0" />
  <Point X="144.0" Y="84.0" />
  <Point X="144.0" Y="85.0" />
  <Point X="143.0" Y="85.0" />
  <Point X="143.0" Y="85.4216164005615" />
  <Point X="143.0" Y="86.0" />
  <Point X="143.0" Y="87.0" />
  <Point X="142.0" Y="87.0" />
  <Point X="141.0" Y="87.0" />
  <Point X="141.0" Y="88.0" />
  <Point X="140.77499757613197" Y="88.0" />
  <Point X="140.0" Y="88.0" />
  <Point X="140.0" Y="89.0" />
  <Point X="139.0" Y="90.0" />
  <Point X="139.0" Y="91.0" />
  <Point X="138.38582511519854" Y="91.0" />
  <Point X="138.0" Y="91.0" />
  <Point X="138.0" Y="92.0" />
  <Point X="138.0" Y="93.0" />
  <Point X="137.0" Y="93.0" />
  <Point X="137.0" Y="94.0" />
  <Point X="137.0" Y="94.41756090810799" />
  <Point X="137.0" Y="95.0" />
  <Point X="136.0" Y="95.0" />
  <Point X="136.0" Y="96.0" />
  <Point X="135.0" Y="96.0" />
  <Point X="135.0" Y="97.0" />
  <Point X="135.0" Y="97.22094693141452" />
  <Point X="135.0" Y="98.0" />
  <Point X="135.0" Y="99.0" />
  <Point X="135.0" Y="100.0" />
  <Point X="134.0" Y="100.0" />
  <Point X="134.0" Y="101.0" />
  <Point X="134.0" Y="101.02433295472105" />
  <Point X="134.0" Y="102.0" />
  <Point X="134.0" Y="103.0" />
  <Point X="134.0" Y="104.0" />
  <Point X="134.0" Y="105.0" />
  <Point X="134.0" Y="105.82771897802758" />
  <Point X="134.0" Y="107.0" />
  <Point X="134.0" Y="108.0" />
  <Point X="134.0" Y="109.0" />
  <Point X="134.0" Y="110.0" />
  <Point X="134.0" Y="110.6311050013341" />
  <Point X="134.0" Y="111.0" />
  <Point X="134.0" Y="112.0" />
  <Point X="134.0" Y="113.0" />
  <Point X="134.0" Y="114.0" />
  <Point X="134.0" Y="115.0" />
  <Point X="134.0" Y="115.43449102464064" />
  <Point X="134.0" Y="116.0" />
  <Point X="134.0" Y="117.0" />
  <Point X="134.0" Y="118.0" />
  <Point X="134.0" Y="119.0" />
  <Point X="134.0" Y="120.0" />
  <Point X="134.0" Y="120.23787704794717" />
  <Point X="134.0" Y="121.0" />
  <Point X="134.0" Y="122.0" />
  <Point X="134.0" Y="123.0" />
  <Point X="134.0" Y="124.0" />
  <Point X="134.0" Y="125.0412630712537" />
  <Point X="134.0" Y="126.0" />
  <Point X="134.0" Y="127.0" />
  <Point X="134.0" Y="128.0" />
  <Point X="134.0" Y="129.0" />
  <Point X="134.0" Y="129.84464909456022" />
  <Point X="134.0" Y="130.0" />
  <Point X="134.0" Y="131.0" />
  <Point X="134.0" Y="132.0" />
  <Point X="134.0" Y="133.0" />
  <Point X="134.0" Y="134.0" />
  <Point X="134.0" Y="134.64803511786675" />
  <Point X="134.0" Y="135.0" />
  <Point X="134.0" Y="136.0" />
  <Point X="134.0" Y="137.0" />
  <Point X="134.0" Y="138.0" />
  <Point X="134.0" Y="139.0" />
  <Point X="134.3192029500946" Y="139.3192029500946" />
  <Point X="135.0" Y="140.0" />
  <Point X="135.0" Y="141.0" />
  <Point X="135.0" Y="142.0" />
  <Point X="136.0" Y="142.0" />
  <Point X="136.8405936021067" Y="142.0" />
  <Point X="137.0" Y="142.0" />
  <Point X="137.0" Y="143.0" />
  <Point X="138.0" Y="144.0" />
  <Point X="139.0" Y="145.0" />
  <Point X="139.0" Y="145.81555250066705" />
  <Point X="139.0" Y="146.0" />
  <Point X="140.0" Y="146.0" />
  <Point X="140.0" Y="147.0" />
  <Point X="141.0" Y="147.0" />
  <Point X="142.0" Y="147.0" />
  <Point X="142.0" Y="147.61893852397358" />
  <Point X="142.0" Y="148.0" />
  <Point X="143.0" Y="148.0" />
  <Point X="144.0" Y="149.0" />
  <Point X="145.0" Y="149.0" />
  <Point X="146.0" Y="149.0" />
  <Point X="146.0" Y="149.008110984907" />
  <Point X="146.0" Y="150.0" />
  <Point X="147.0" Y="150.0" />
  <Point X="148.0" Y="151.0" />
  <Point X="149.0" Y="151.0" />
  <Point X="149.39728344584043" Y="151.0" />
  <Point X="150.0" Y="151.0" />
  <Point X="150.0" Y="152.0" />
  <Point X="151.0" Y="152.0" />
  <Point X="152.0" Y="152.0" />
  <Point X="153.0" Y="152.0" />
  <Point X="153.20066946914696" Y="152.0" />
  <Point X="154.0" Y="152.0" />
  <Point X="155.0" Y="152.0" />
  <Point X="156.0" Y="153.0" />
  <Point X="157.0" Y="153.0" />
  <Point X="157.58984193008038" Y="153.0" />
  <Point X="158.0" Y="153.0" />
  <Point X="159.0" Y="153.0" />
  <Point X="160.0" Y="153.0" />
  <Point X="161.0" Y="153.0" />
  <Point X="162.0" Y="153.0" />
  <Point X="162.3932279533869" Y="153.0" />
  <Point X="163.0" Y="153.0" />
  <Point X="164.0" Y="153.0" />
  <Point X="165.0" Y="153.0" />
  <Point X="166.0" Y="153.0" />
  <Point X="167.0" Y="153.0" />
  <Point X="167.19661397669344" Y="153.0" />
  <Point X="168.0" Y="153.0" />
  <Point X="169.0" Y="153.0" />
  <Point X="170.0" Y="153.0" />
  <Point X="171.0" Y="153.0" />
  <Point X="171.99999999999997" Y="153.0" />
  <Point X="172.0" Y="153.0" />
</Project_1_Part_4>
