<?xml version="1.0" encoding="utf-8" standalone="yes"?>
<Gesture Name="pigtail7" Subject="1" Number="1" NumPts="358">
  <Point X="59.0" Y="147.0" />
  <Point X="60.0" Y="147.0" />
  <Point X="61.0" Y="147.0" />
  <Point X="62.0" Y="147.0" />
  <Point X="63.0" Y="148.0" />
  <Point X="63.78403961005579" Y="148.0" />
  <Point X="64.0" Y="148.0" />
  <Point X="65.0" Y="148.0" />
  <Point X="66.0" Y="148.0" />
  <Point X="67.0" Y="148.0" />
  <Point X="68.0" Y="148.0" />
  <Point X="68.98229278248468" Y="148.0" />
  <Point X="69.0" Y="148.0" />
  <Point X="70.0" Y="148.0" />
  <Point X="71.0" Y="148.0" />
  <Point X="72.0" Y="148.0" />
  <Point X="73.0" Y="148.0" />
  <Point X="74.0" Y="148.0" />
  <Point X="74.18054595491357" Y="148.0" />
  <Point X="75.0" Y="148.0" />
  <Point X="76.0" Y="148.0" />
  <Point X="77.0" Y="148.0" />
  <Point X="78.0" Y="148.0" />
  <Point X="79.0" Y="148.0" />
  <Point X="79.37879912734246" Y="148.0" />
  <Point X="80.0" Y="148.0" />
  <Point X="81.0" Y="148.0" />
  <Point X="82.0" Y="148.0" />
  <Point X="83.0" Y="148.0" />
  <Point X="84.0" Y="148.0" />
  <Point X="84.57705229977135" Y="148.0" />
  <Point X="86.0" Y="148.0" />
  <Point X="86.0" Y="147.0" />
  <Point X="88.0" Y="146.0" />
  <Point X="88.53923749470044" Y="146.0" />
  <Point X="89.0" Y="146.0" />
  <Point X="90.0" Y="146.0" />
  <Point X="91.0" Y="146.0" />
  <Point X="92.0" Y="145.0" />
  <Point X="92.93569821416203" Y="144.06430178583796" />
  <Point X="93.0" Y="144.0" />
  <Point X="94.0" Y="144.0" />
  <Point X="95.0" Y="143.0" />
  <Point X="96.0" Y="143.0" />
  <Point X="97.0" Y="143.0" />
  <Point X="97.49009793915134" Y="142.50990206084865" />
  <Point X="98.0" Y="142.0" />
  <Point X="99.0" Y="142.0" />
  <Point X="100.0" Y="141.0" />
  <Point X="101.0" Y="140.0" />
  <Point X="101.64871563774854" Y="140.0" />
  <Point X="102.0" Y="140.0" />
  <Point X="103.0" Y="140.0" />
  <Point X="104.0" Y="139.0" />
  <Point X="105.0" Y="138.0" />
  <Point X="106.0" Y="138.0" />
  <Point X="106.01854168543123" Y="138.0" />
  <Point X="107.0" Y="138.0" />
  <Point X="108.0" Y="137.0" />
  <Point X="109.0" Y="137.0" />
  <Point X="110.0" Y="137.0" />
  <Point X="110.56751067649236" Y="136.43248932350764" />
  <Point X="111.0" Y="136.0" />
  <Point X="112.0" Y="136.0" />
  <Point X="113.0" Y="135.0" />
  <Point X="114.94306019765888" Y="134.02846990117055" />
  <Point X="115.0" Y="134.0" />
  <Point X="116.0" Y="133.0" />
  <Point X="117.0" Y="133.0" />
  <Point X="118.0" Y="132.0" />
  <Point X="118.92359842113297" Y="131.07640157886703" />
  <Point X="119.0" Y="131.0" />
  <Point X="120.0" Y="131.0" />
  <Point X="122.0" Y="129.0" />
  <Point X="123.0" Y="129.0" />
  <Point X="123.18510492730881" Y="128.81489507269117" />
  <Point X="124.0" Y="128.0" />
  <Point X="125.0" Y="128.0" />
  <Point X="126.0" Y="127.0" />
  <Point X="127.0" Y="126.0" />
  <Point X="127.1944398704863" Y="125.90278006475684" />
  <Point X="129.0" Y="125.0" />
  <Point X="130.0" Y="125.0" />
  <Point X="130.0" Y="124.0" />
  <Point X="130.83408589076288" Y="123.16591410923711" />
  <Point X="131.0" Y="123.0" />
  <Point X="132.0" Y="123.0" />
  <Point X="133.0" Y="122.0" />
  <Point X="134.0" Y="121.0" />
  <Point X="135.0" Y="121.0" />
  <Point X="135.09559239693874" Y="120.90440760306126" />
  <Point X="136.0" Y="120.0" />
  <Point X="137.0" Y="120.0" />
  <Point X="138.0" Y="119.0" />
  <Point X="139.0" Y="119.0" />
  <Point X="139.0" Y="118.49498588810678" />
  <Point X="139.0" Y="117.0" />
  <Point X="141.0" Y="117.0" />
  <Point X="141.0" Y="116.0" />
  <Point X="141.4972850657308" Y="115.50271493426919" />
  <Point X="142.0" Y="115.0" />
  <Point X="143.0" Y="114.0" />
  <Point X="144.0" Y="114.0" />
  <Point X="145.0" Y="113.0" />
  <Point X="145.4658983530932" Y="112.53410164690679" />
  <Point X="146.0" Y="112.0" />
  <Point X="146.0" Y="111.0" />
  <Point X="147.0" Y="111.0" />
  <Point X="148.0" Y="110.0" />
  <Point X="149.0" Y="110.0" />
  <Point X="149.0" Y="109.97129418268561" />
  <Point X="149.0" Y="109.0" />
  <Point X="150.0" Y="109.0" />
  <Point X="150.0" Y="108.0" />
  <Point X="151.0" Y="107.0" />
  <Point X="151.81274542737017" Y="107.0" />
  <Point X="152.0" Y="107.0" />
  <Point X="152.0" Y="106.0" />
  <Point X="152.0" Y="105.0" />
  <Point X="153.0" Y="105.0" />
  <Point X="153.0" Y="104.0" />
  <Point X="154.0" Y="104.0" />
  <Point X="154.0" Y="103.98900140020093" />
  <Point X="154.0" Y="103.0" />
  <Point X="155.0" Y="103.0" />
  <Point X="155.0" Y="102.0" />
  <Point X="156.0" Y="102.0" />
  <Point X="156.0" Y="101.0" />
  <Point X="156.20925177222796" Y="101.0" />
  <Point X="157.0" Y="101.0" />
  <Point X="157.0" Y="100.0" />
  <Point X="158.0" Y="99.0" />
  <Point X="158.0" Y="98.0" />
  <Point X="158.99329138228376" Y="98.0" />
  <Point X="159.0" Y="98.0" />
  <Point X="160.0" Y="97.0" />
  <Point X="160.0" Y="96.0" />
  <Point X="160.0" Y="95.0" />
  <Point X="161.0" Y="95.0" />
  <Point X="161.0" Y="94.22266900766046" />
  <Point X="161.0" Y="94.0" />
  <Point X="162.0" Y="94.0" />
  <Point X="162.0" Y="93.0" />
  <Point X="163.0" Y="93.0" />
  <Point X="163.0" Y="92.0" />
  <Point X="163.0" Y="91.02441583523157" />
  <Point X="163.0" Y="91.0" />
  <Point X="164.0" Y="91.0" />
  <Point X="164.0" Y="90.0" />
  <Point X="165.0" Y="89.0" />
  <Point X="165.0" Y="88.0" />
  <Point X="165.0" Y="87.24037622517578" />
  <Point X="165.0" Y="87.0" />
  <Point X="166.0" Y="87.0" />
  <Point X="166.0" Y="86.0" />
  <Point X="166.0" Y="85.0" />
  <Point X="167.0" Y="85.0" />
  <Point X="167.0" Y="84.04212305274689" />
  <Point X="167.0" Y="84.0" />
  <Point X="167.0" Y="83.0" />
  <Point X="168.0" Y="83.0" />
  <Point X="168.0" Y="82.0" />
  <Point X="168.0" Y="81.0" />
  <Point X="168.0" Y="80.0" />
  <Point X="168.0" Y="79.843869880318" />
  <Point X="168.0" Y="79.0" />
  <Point X="168.0" Y="78.0" />
  <Point X="168.0" Y="77.0" />
  <Point X="168.0" Y="76.0" />
  <Point X="168.0" Y="75.0" />
  <Point X="168.0" Y="74.6456167078891" />
  <Point X="168.0" Y="74.0" />
  <Point X="167.0" Y="74.0" />
  <Point X="166.0" Y="74.0" />
  <Point X="165.0" Y="73.0" />
  <Point X="164.0" Y="73.0" />
  <Point X="163.8615770978333" Y="73.0" />
  <Point X="163.0" Y="73.0" />
  <Point X="163.0" Y="72.0" />
  <Point X="162.0" Y="72.0" />
  <Point X="161.0" Y="72.0" />
  <Point X="160.0" Y="72.0" />
  <Point X="159.66332392540443" Y="72.0" />
  <Point X="159.0" Y="72.0" />
  <Point X="159.0" Y="71.0" />
  <Point X="158.0" Y="71.0" />
  <Point X="157.0" Y="71.0" />
  <Point X="156.0" Y="71.0" />
  <Point X="155.46507075297555" Y="71.0" />
  <Point X="155.0" Y="71.0" />
  <Point X="154.0" Y="71.0" />
  <Point X="153.0" Y="71.0" />
  <Point X="152.0" Y="71.0" />
  <Point X="151.0" Y="71.0" />
  <Point X="150.48156173935777" Y="71.51843826064221" />
  <Point X="150.0" Y="72.0" />
  <Point X="149.0" Y="72.0" />
  <Point X="148.0" Y="72.0" />
  <Point X="148.0" Y="73.0" />
  <Point X="147.0" Y="73.0" />
  <Point X="146.48277797049087" Y="73.0" />
  <Point X="146.0" Y="73.0" />
  <Point X="146.0" Y="74.0" />
  <Point X="145.0" Y="75.0" />
  <Point X="144.0" Y="75.0" />
  <Point X="143.07986907056574" Y="75.92013092943428" />
  <Point X="143.0" Y="76.0" />
  <Point X="142.0" Y="77.0" />
  <Point X="141.0" Y="77.0" />
  <Point X="141.0" Y="79.0" />
  <Point X="140.3289123127524" Y="79.0" />
  <Point X="140.0" Y="79.0" />
  <Point X="139.0" Y="79.0" />
  <Point X="139.0" Y="80.0" />
  <Point X="138.0" Y="80.0" />
  <Point X="138.0" Y="81.0" />
  <Point X="137.38528318296022" Y="81.61471681703978" />
  <Point X="137.0" Y="82.0" />
  <Point X="137.0" Y="83.0" />
  <Point X="136.0" Y="83.0" />
  <Point X="136.0" Y="84.0" />
  <Point X="135.0" Y="84.0" />
  <Point X="134.53799023915747" Y="84.46200976084253" />
  <Point X="134.0" Y="85.0" />
  <Point X="134.0" Y="86.0" />
  <Point X="134.0" Y="87.0" />
  <Point X="133.0" Y="87.0" />
  <Point X="133.0" Y="88.0" />
  <Point X="132.56257992021196" Y="88.0" />
  <Point X="132.0" Y="88.0" />
  <Point X="131.0" Y="89.0" />
  <Point X="130.0" Y="90.0" />
  <Point X="130.0" Y="91.0" />
  <Point X="130.0" Y="91.80724612747073" />
  <Point X="130.0" Y="92.0" />
  <Point X="129.0" Y="92.0" />
  <Point X="129.0" Y="93.0" />
  <Point X="128.0" Y="93.0" />
  <Point X="128.0" Y="95.0" />
  <Point X="127.99450070010037" Y="95.0" />
  <Point X="127.0" Y="95.0" />
  <Point X="127.0" Y="96.0" />
  <Point X="126.0" Y="97.0" />
  <Point X="126.0" Y="98.0" />
  <Point X="126.0" Y="98.78953890995541" />
  <Point X="126.0" Y="99.0" />
  <Point X="125.0" Y="99.0" />
  <Point X="125.0" Y="100.0" />
  <Point X="125.0" Y="101.0" />
  <Point X="124.0" Y="102.0" />
  <Point X="124.0" Y="102.5735785200112" />
  <Point X="124.0" Y="103.0" />
  <Point X="123.0" Y="103.0" />
  <Point X="123.0" Y="104.0" />
  <Point X="123.0" Y="105.0" />
  <Point X="123.0" Y="106.0" />
  <Point X="122.45423257634093" Y="106.54576742365907" />
  <Point X="122.0" Y="107.0" />
  <Point X="122.0" Y="108.0" />
  <Point X="122.0" Y="109.0" />
  <Point X="122.0" Y="110.0" />
  <Point X="122.0" Y="111.0" />
  <Point X="122.0" Y="111.55587130249587" />
  <Point X="122.0" Y="112.0" />
  <Point X="122.0" Y="113.0" />
  <Point X="122.0" Y="114.0" />
  <Point X="122.0" Y="115.0" />
  <Point X="122.0" Y="116.0" />
  <Point X="122.0" Y="116.75412447492477" />
  <Point X="122.0" Y="117.0" />
  <Point X="122.0" Y="118.0" />
  <Point X="122.0" Y="119.0" />
  <Point X="122.0" Y="120.0" />
  <Point X="123.0" Y="120.0" />
  <Point X="123.67343269269426" Y="120.67343269269426" />
  <Point X="124.0" Y="121.0" />
  <Point X="124.0" Y="122.0" />
  <Point X="124.0" Y="123.0" />
  <Point X="124.0" Y="124.0" />
  <Point X="125.0" Y="124.0" />
  <Point X="125.0" Y="124.73641725740944" />
  <Point X="125.0" Y="125.0" />
  <Point X="126.0" Y="125.0" />
  <Point X="126.0" Y="126.0" />
  <Point X="126.0" Y="127.0" />
  <Point X="127.0" Y="128.0" />
  <Point X="127.52045686746523" Y="128.0" />
  <Point X="128.0" Y="128.0" />
  <Point X="128.0" Y="129.0" />
  <Point X="128.0" Y="130.0" />
  <Point X="129.0" Y="131.0" />
  <Point X="129.92241830528909" Y="131.92241830528909" />
  <Point X="130.0" Y="132.0" />
  <Point X="131.0" Y="133.0" />
  <Point X="132.0" Y="134.0" />
  <Point X="133.0" Y="135.0" />
  <Point X="133.84589540045752" Y="135.0" />
  <Point X="134.0" Y="135.0" />
  <Point X="134.0" Y="136.0" />
  <Point X="135.0" Y="136.0" />
  <Point X="135.0" Y="137.0" />
  <Point X="136.0" Y="137.0" />
  <Point X="136.0" Y="138.0" />
  <Point X="136.0441485728864" Y="138.0" />
  <Point X="137.0" Y="138.0" />
  <Point X="137.0" Y="139.0" />
  <Point X="138.0" Y="139.0" />
  <Point X="139.0" Y="139.0" />
  <Point X="139.87851069907043" Y="139.87851069907043" />
  <Point X="140.0" Y="140.0" />
  <Point X="140.0" Y="141.0" />
  <Point X="141.0" Y="141.0" />
  <Point X="142.0" Y="141.0" />
  <Point X="142.0" Y="142.0" />
  <Point X="143.0" Y="142.0" />
  <Point X="143.02644135537108" Y="142.0" />
  <Point X="144.0" Y="142.0" />
  <Point X="145.0" Y="142.0" />
  <Point X="145.0" Y="143.0" />
  <Point X="146.0" Y="143.0" />
  <Point X="147.0" Y="143.0" />
  <Point X="147.22469452779995" Y="143.0" />
  <Point X="148.0" Y="143.0" />
  <Point X="148.0" Y="144.0" />
  <Point X="149.0" Y="144.0" />
  <Point X="150.0" Y="144.0" />
  <Point X="151.0" Y="144.0" />
  <Point X="151.0" Y="144.42294770022883" />
  <Point X="151.0" Y="145.0" />
  <Point X="152.0" Y="145.0" />
  <Point X="153.0" Y="145.0" />
  <Point X="154.0" Y="145.0" />
  <Point X="155.0" Y="145.0" />
  <Point X="155.6212008726577" Y="145.0" />
  <Point X="156.0" Y="145.0" />
  <Point X="156.0" Y="146.0" />
  <Point X="157.0" Y="146.0" />
  <Point X="158.0" Y="146.0" />
  <Point X="159.0" Y="146.0" />
  <Point X="159.8194540450866" Y="146.0" />
  <Point X="160.0" Y="146.0" />
  <Point X="161.0" Y="147.0" />
  <Point X="162.0" Y="147.0" />
  <Point X="163.0" Y="147.0" />
  <Point X="164.0" Y="147.0" />
  <Point X="164.6034936551424" Y="147.0" />
  <Point X="165.0" Y="147.0" />
  <Point X="166.0" Y="147.0" />
  <Point X="167.0" Y="147.0" />
  <Point X="168.0" Y="147.0" />
  <Point X="169.0" Y="147.0" />
  <Point X="169.80174682757126" Y="147.0" />
  <Point X="170.0" Y="147.0" />
  <Point X="171.0" Y="147.0" />
  <Point X="171.0" Y="146.0" />
  <Point X="171.0" Y="145.0" />
  <Point X="171.0" Y="144.0" />
  <Point X="171.0" Y="143.0" />
</Project_1_Part_4>
