<?xml version="1.0" encoding="utf-8" standalone="yes"?>
<Gesture Name="pigtail3" Subject="1" Number="1" NumPts="374">
  <Point X="207.0" Y="24.0" />
  <Point X="207.0" Y="25.0" />
  <Point X="207.0" Y="26.0" />
  <Point X="202.18525239967485" Y="30.625190608186365" />
  <Point X="195.92818413073894" Y="36.635917606691734" />
  <Point X="189.67111586180303" Y="42.646644605197096" />
  <Point X="183.41404759286712" Y="48.65737160370246" />
  <Point X="177.1569793239312" Y="54.66809860220782" />
  <Point X="170.8999110549953" Y="60.67882560071318" />
  <Point X="164.6428427860594" Y="66.68955259921854" />
  <Point X="158.38577451712348" Y="72.7002795977239" />
  <Point X="152.12870624818757" Y="78.71100659622927" />
  <Point X="145.87163797925166" Y="84.72173359473463" />
  <Point X="139.61456971031575" Y="90.73246059323999" />
  <Point X="133.35750144137984" Y="96.74318759174535" />
  <Point X="127.10043317244393" Y="102.75391459025072" />
  <Point X="120.84336490350802" Y="108.76464158875608" />
  <Point X="114.58629663457211" Y="114.77536858726144" />
  <Point X="108.3292283656362" Y="120.7860955857668" />
  <Point X="102.07216009670029" Y="126.79682258427216" />
  <Point X="95.81509182776438" Y="132.80754958277754" />
  <Point X="89.55802355882847" Y="138.8182765812829" />
  <Point X="83.30095528989256" Y="144.82900357978826" />
  <Point X="80.0" Y="148.0" />
  <Point X="80.0" Y="147.0" />
  <Point X="81.0" Y="147.0" />
  <Point X="82.0" Y="147.0" />
  <Point X="83.0" Y="147.0" />
  <Point X="83.0991064516751" Y="147.0" />
  <Point X="84.0" Y="147.0" />
  <Point X="85.0" Y="147.0" />
  <Point X="86.0" Y="147.0" />
  <Point X="87.0" Y="147.0" />
  <Point X="88.0" Y="147.0" />
  <Point X="89.0" Y="147.0" />
  <Point X="90.0" Y="147.0" />
  <Point X="91.0" Y="147.0" />
  <Point X="91.77549639062356" Y="147.0" />
  <Point X="92.0" Y="147.0" />
  <Point X="93.0" Y="147.0" />
  <Point X="94.0" Y="147.0" />
  <Point X="95.0" Y="147.0" />
  <Point X="96.0" Y="147.0" />
  <Point X="97.0" Y="147.0" />
  <Point X="98.0" Y="147.0" />
  <Point X="99.0" Y="147.0" />
  <Point X="100.45188632957202" Y="147.0" />
  <Point X="101.0" Y="147.0" />
  <Point X="102.0" Y="147.0" />
  <Point X="103.0" Y="147.0" />
  <Point X="104.0" Y="147.0" />
  <Point X="105.0" Y="147.0" />
  <Point X="107.0" Y="146.0" />
  <Point X="108.89220829102068" Y="146.0" />
  <Point X="109.0" Y="146.0" />
  <Point X="110.0" Y="146.0" />
  <Point X="112.0" Y="146.0" />
  <Point X="113.0" Y="146.0" />
  <Point X="114.0" Y="146.0" />
  <Point X="115.0" Y="145.0" />
  <Point X="117.0" Y="145.0" />
  <Point X="117.15438466759603" Y="145.0" />
  <Point X="118.0" Y="145.0" />
  <Point X="118.0" Y="144.0" />
  <Point X="120.0" Y="144.0" />
  <Point X="121.0" Y="144.0" />
  <Point X="123.0" Y="144.0" />
  <Point X="124.0" Y="144.0" />
  <Point X="124.8307746065445" Y="144.0" />
  <Point X="126.0" Y="144.0" />
  <Point X="126.0" Y="143.0" />
  <Point X="128.0" Y="143.0" />
  <Point X="129.0" Y="142.0" />
  <Point X="130.0" Y="142.0" />
  <Point X="131.0" Y="142.0" />
  <Point X="131.77283305166856" Y="141.22716694833144" />
  <Point X="132.0" Y="141.0" />
  <Point X="133.0" Y="141.0" />
  <Point X="134.0" Y="140.0" />
  <Point X="134.0" Y="139.0" />
  <Point X="135.0" Y="139.0" />
  <Point X="137.0" Y="139.0" />
  <Point X="138.0" Y="139.0" />
  <Point X="138.66532652659845" Y="138.33467347340155" />
  <Point X="139.0" Y="138.0" />
  <Point X="140.0" Y="138.0" />
  <Point X="141.0" Y="137.0" />
  <Point X="142.0" Y="137.0" />
  <Point X="142.0" Y="136.0" />
  <Point X="143.0" Y="136.0" />
  <Point X="143.0" Y="135.0" />
  <Point X="144.7888766115244" Y="135.0" />
  <Point X="145.0" Y="135.0" />
  <Point X="146.0" Y="134.0" />
  <Point X="147.0" Y="134.0" />
  <Point X="148.0" Y="133.0" />
  <Point X="149.0" Y="132.0" />
  <Point X="150.0" Y="131.0" />
  <Point X="151.0" Y="131.0" />
  <Point X="151.5716338200179" Y="130.4283661799821" />
  <Point X="152.0" Y="130.0" />
  <Point X="153.0" Y="129.0" />
  <Point X="154.0" Y="129.0" />
  <Point X="155.0" Y="128.0" />
  <Point X="157.0" Y="127.0" />
  <Point X="158.0" Y="126.0" />
  <Point X="158.41852237079635" Y="125.58147762920366" />
  <Point X="159.0" Y="125.0" />
  <Point X="160.0" Y="124.0" />
  <Point X="162.0" Y="123.0" />
  <Point X="162.0" Y="122.0" />
  <Point X="163.0" Y="122.0" />
  <Point X="164.0" Y="121.0" />
  <Point X="164.55830414038826" Y="120.44169585961176" />
  <Point X="165.0" Y="120.0" />
  <Point X="166.0" Y="120.0" />
  <Point X="166.0" Y="119.0" />
  <Point X="167.0" Y="117.0" />
  <Point X="168.0" Y="117.0" />
  <Point X="169.0" Y="116.0" />
  <Point X="170.0" Y="116.0" />
  <Point X="170.28387234760706" Y="115.71612765239294" />
  <Point X="171.0" Y="115.0" />
  <Point X="172.0" Y="114.0" />
  <Point X="173.0" Y="113.0" />
  <Point X="173.0" Y="112.0" />
  <Point X="174.0" Y="112.0" />
  <Point X="175.0" Y="111.0" />
  <Point X="175.0" Y="110.0" />
  <Point X="175.37654652511537" Y="109.81172673744231" />
  <Point X="177.0" Y="109.0" />
  <Point X="177.0" Y="108.0" />
  <Point X="178.0" Y="108.0" />
  <Point X="179.0" Y="106.0" />
  <Point X="180.0" Y="106.0" />
  <Point X="180.0" Y="105.0" />
  <Point X="180.4421155432312" Y="104.55788445676879" />
  <Point X="181.0" Y="104.0" />
  <Point X="181.0" Y="103.0" />
  <Point X="182.0" Y="103.0" />
  <Point X="183.0" Y="102.0" />
  <Point X="183.0" Y="101.0" />
  <Point X="184.0" Y="100.0" />
  <Point X="184.0" Y="99.0" />
  <Point X="184.7488225805342" Y="98.25117741946579" />
  <Point X="185.0" Y="98.0" />
  <Point X="186.0" Y="97.0" />
  <Point X="186.0" Y="96.0" />
  <Point X="187.0" Y="96.0" />
  <Point X="187.0" Y="95.0" />
  <Point X="187.0" Y="94.0" />
  <Point X="188.0" Y="93.0" />
  <Point X="188.0" Y="92.0" />
  <Point X="188.34842283665066" Y="91.65157716334934" />
  <Point X="189.0" Y="91.0" />
  <Point X="189.0" Y="90.0" />
  <Point X="190.0" Y="90.0" />
  <Point X="190.0" Y="88.0" />
  <Point X="191.0" Y="88.0" />
  <Point X="191.0" Y="87.0" />
  <Point X="191.0" Y="86.0" />
  <Point X="191.53380953039402" Y="85.46619046960599" />
  <Point X="192.0" Y="85.0" />
  <Point X="192.0" Y="84.0" />
  <Point X="193.0" Y="83.0" />
  <Point X="193.0" Y="82.0" />
  <Point X="193.0" Y="81.0" />
  <Point X="194.0" Y="80.0" />
  <Point X="194.0" Y="79.0" />
  <Point X="194.0" Y="78.0" />
  <Point X="194.0" Y="77.8113300705636" />
  <Point X="194.0" Y="77.0" />
  <Point X="195.0" Y="77.0" />
  <Point X="195.0" Y="76.0" />
  <Point X="195.0" Y="75.0" />
  <Point X="196.0" Y="73.0" />
  <Point X="196.0" Y="71.0" />
  <Point X="196.0" Y="70.37100810911494" />
  <Point X="196.0" Y="70.0" />
  <Point X="197.0" Y="70.0" />
  <Point X="197.0" Y="69.0" />
  <Point X="197.0" Y="68.0" />
  <Point X="197.0" Y="67.0" />
  <Point X="197.0" Y="66.0" />
  <Point X="197.0" Y="65.0" />
  <Point X="197.0" Y="64.0" />
  <Point X="197.0" Y="63.0" />
  <Point X="197.0" Y="62.694618170166486" />
  <Point X="197.0" Y="62.0" />
  <Point X="197.0" Y="61.0" />
  <Point X="196.0" Y="61.0" />
  <Point X="196.0" Y="60.0" />
  <Point X="195.0" Y="60.0" />
  <Point X="195.0" Y="59.0" />
  <Point X="194.0" Y="58.0" />
  <Point X="193.0" Y="58.0" />
  <Point X="192.43244179359112" Y="58.0" />
  <Point X="192.0" Y="58.0" />
  <Point X="191.0" Y="58.0" />
  <Point X="190.0" Y="58.0" />
  <Point X="189.0" Y="58.0" />
  <Point X="188.0" Y="58.0" />
  <Point X="188.0" Y="57.0" />
  <Point X="187.0" Y="57.0" />
  <Point X="186.0" Y="57.0" />
  <Point X="185.0" Y="57.0" />
  <Point X="184.75605185464266" Y="57.0" />
  <Point X="184.0" Y="57.0" />
  <Point X="183.0" Y="57.0" />
  <Point X="182.0" Y="57.0" />
  <Point X="181.0" Y="57.0" />
  <Point X="180.0" Y="57.0" />
  <Point X="179.0" Y="57.0" />
  <Point X="178.0" Y="57.0" />
  <Point X="177.0" Y="57.0" />
  <Point X="176.0796619156942" Y="57.0" />
  <Point X="176.0" Y="57.0" />
  <Point X="175.0" Y="58.0" />
  <Point X="174.0" Y="58.0" />
  <Point X="173.0" Y="58.0" />
  <Point X="172.0" Y="59.0" />
  <Point X="171.0" Y="60.0" />
  <Point X="170.0" Y="60.0" />
  <Point X="169.0" Y="60.0" />
  <Point X="168.64591266386503" Y="60.0" />
  <Point X="168.0" Y="60.0" />
  <Point X="168.0" Y="61.0" />
  <Point X="167.0" Y="62.0" />
  <Point X="166.0" Y="62.0" />
  <Point X="165.0" Y="63.0" />
  <Point X="163.0" Y="64.0" />
  <Point X="163.0" Y="64.96598217283744" />
  <Point X="163.0" Y="65.0" />
  <Point X="162.0" Y="65.0" />
  <Point X="161.0" Y="65.0" />
  <Point X="160.0" Y="67.0" />
  <Point X="159.0" Y="67.0" />
  <Point X="158.0" Y="68.0" />
  <Point X="157.0" Y="68.0" />
  <Point X="156.29848602904906" Y="68.70151397095093" />
  <Point X="156.0" Y="69.0" />
  <Point X="156.0" Y="70.0" />
  <Point X="155.0" Y="70.0" />
  <Point X="154.0" Y="71.0" />
  <Point X="153.0" Y="73.0" />
  <Point X="152.0" Y="73.0" />
  <Point X="151.0" Y="74.0" />
  <Point X="150.8658110406437" Y="74.1341889593563" />
  <Point X="150.0" Y="75.0" />
  <Point X="150.0" Y="76.0" />
  <Point X="149.0" Y="77.0" />
  <Point X="148.0" Y="78.0" />
  <Point X="148.0" Y="79.0" />
  <Point X="147.0" Y="79.0" />
  <Point X="147.0" Y="80.0" />
  <Point X="146.72115288786134" Y="80.55769422427734" />
  <Point X="146.0" Y="82.0" />
  <Point X="145.0" Y="82.0" />
  <Point X="144.0" Y="83.0" />
  <Point X="144.0" Y="84.0" />
  <Point X="144.0" Y="85.0" />
  <Point X="144.0" Y="86.0" />
  <Point X="143.0" Y="87.0" />
  <Point X="142.8947187933717" Y="87.21056241325657" />
  <Point X="142.0" Y="89.0" />
  <Point X="142.0" Y="90.0" />
  <Point X="142.0" Y="91.0" />
  <Point X="142.0" Y="92.0" />
  <Point X="141.0" Y="93.0" />
  <Point X="141.0" Y="95.0" />
  <Point X="141.0" Y="95.26152433384962" />
  <Point X="141.0" Y="96.0" />
  <Point X="140.0" Y="98.0" />
  <Point X="140.0" Y="100.0" />
  <Point X="140.0" Y="101.0" />
  <Point X="140.0" Y="102.0" />
  <Point X="140.0" Y="103.0" />
  <Point X="139.5037197252439" Y="103.49628027475607" />
  <Point X="139.0" Y="104.0" />
  <Point X="139.0" Y="105.0" />
  <Point X="139.0" Y="107.0" />
  <Point X="139.0" Y="109.0" />
  <Point X="139.0" Y="110.0" />
  <Point X="139.0" Y="111.0" />
  <Point X="139.0" Y="111.96402267187366" />
  <Point X="139.0" Y="113.0" />
  <Point X="139.0" Y="114.0" />
  <Point X="139.0" Y="115.0" />
  <Point X="139.0" Y="116.0" />
  <Point X="139.0" Y="117.0" />
  <Point X="139.0" Y="118.0" />
  <Point X="139.0" Y="119.0" />
  <Point X="139.0" Y="120.0" />
  <Point X="139.0" Y="120.64041261082212" />
  <Point X="139.0" Y="121.0" />
  <Point X="139.0" Y="122.0" />
  <Point X="139.0" Y="123.0" />
  <Point X="139.0" Y="125.0" />
  <Point X="139.0" Y="126.0" />
  <Point X="139.0" Y="128.0" />
  <Point X="139.0" Y="129.0" />
  <Point X="139.0" Y="129.31680254977059" />
  <Point X="139.0" Y="130.0" />
  <Point X="139.0" Y="131.0" />
  <Point X="140.0" Y="132.0" />
  <Point X="140.0" Y="133.0" />
  <Point X="140.0" Y="134.0" />
  <Point X="140.0" Y="135.0" />
  <Point X="140.0" Y="136.0" />
  <Point X="140.0" Y="137.0" />
  <Point X="140.40939992498332" Y="137.40939992498332" />
  <Point X="141.0" Y="138.0" />
  <Point X="141.0" Y="140.0" />
  <Point X="141.0" Y="141.0" />
  <Point X="142.0" Y="142.0" />
  <Point X="143.0" Y="143.0" />
  <Point X="143.0" Y="144.0" />
  <Point X="143.0" Y="145.0" />
  <Point X="143.0127281781751" Y="145.0" />
  <Point X="144.0" Y="145.0" />
  <Point X="144.0" Y="146.0" />
  <Point X="144.0" Y="147.0" />
  <Point X="145.0" Y="148.0" />
  <Point X="145.0" Y="149.0" />
  <Point X="146.0" Y="149.0" />
  <Point X="147.0" Y="150.0" />
  <Point X="147.0" Y="150.86069099237739" />
  <Point X="147.0" Y="151.0" />
  <Point X="148.0" Y="151.0" />
  <Point X="148.0" Y="152.0" />
  <Point X="149.0" Y="152.0" />
  <Point X="149.0" Y="153.0" />
  <Point X="150.0" Y="153.0" />
  <Point X="151.0" Y="153.0" />
  <Point X="152.0" Y="153.0" />
  <Point X="152.0" Y="154.0" />
  <Point X="152.53708093132585" Y="154.0" />
  <Point X="153.0" Y="154.0" />
  <Point X="153.0" Y="155.0" />
  <Point X="154.0" Y="155.0" />
  <Point X="155.0" Y="155.0" />
  <Point X="156.0" Y="155.0" />
  <Point X="157.0" Y="155.0" />
  <Point X="158.0" Y="155.0" />
  <Point X="159.0" Y="155.0" />
  <Point X="160.0" Y="155.0" />
  <Point X="160.2134708702743" Y="155.0" />
  <Point X="161.0" Y="155.0" />
  <Point X="162.0" Y="155.0" />
  <Point X="163.0" Y="155.0" />
  <Point X="164.0" Y="155.0" />
  <Point X="165.0" Y="155.0" />
  <Point X="165.0" Y="154.0" />
  <Point X="166.0" Y="154.0" />
  <Point X="167.0" Y="154.0" />
  <Point X="167.62922661251358" Y="153.37077338748642" />
  <Point X="168.0" Y="153.0" />
  <Point X="169.0" Y="153.0" />
  <Point X="169.0" Y="152.0" />
  <Point X="170.0" Y="152.0" />
  <Point X="170.0" Y="151.0" />
  <Point X="170.0" Y="150.0" />
  <Point X="171.0" Y="150.0" />
  <Point X="171.0" Y="149.0" />
  <Point X="171.0" Y="148.0" />
  <Point X="171.0" Y="147.84796281420185" />
  <Point X="171.0" Y="147.0" />
  <Point X="171.0" Y="146.0" />
  <Point X="171.0" Y="145.0" />
  <Point X="171.0" Y="144.0" />
  <Point X="170.0" Y="143.0" />
  <Point X="170.0" Y="142.0" />
  <Point X="169.0" Y="141.0" />
  <Point X="169.0" Y="140.0" />
</Project_1_Part_4>
