<?xml version="1.0" encoding="utf-8" standalone="yes"?>
<Gesture Name="pigtail2" Subject="1" Number="1" NumPts="339">
  <Point X="218.0" Y="13.0" />
  <Point X="217.0" Y="13.0" />
  <Point X="211.8117510354977" Y="18.15271301269062" />
  <Point X="205.91396955902965" Y="24.010098725621233" />
  <Point X="200.0161880825616" Y="29.86748443855185" />
  <Point X="194.11840660609354" Y="35.72487015148246" />
  <Point X="188.2206251296255" Y="41.58225586441307" />
  <Point X="182.32284365315743" Y="47.43964157734368" />
  <Point X="176.42506217668938" Y="53.297027290274286" />
  <Point X="170.52728070022133" Y="59.154413003204894" />
  <Point X="164.62949922375327" Y="65.0117987161355" />
  <Point X="158.73171774728522" Y="70.86918442906611" />
  <Point X="152.83393627081716" Y="76.72657014199672" />
  <Point X="146.9361547943491" Y="82.58395585492732" />
  <Point X="141.03837331788105" Y="88.44134156785793" />
  <Point X="135.140591841413" Y="94.29872728078854" />
  <Point X="129.24281036494494" Y="100.15611299371915" />
  <Point X="123.34502888847688" Y="106.01349870664976" />
  <Point X="117.4472474120088" Y="111.87088441958036" />
  <Point X="111.54946593554074" Y="117.72827013251097" />
  <Point X="105.65168445907267" Y="123.58565584544158" />
  <Point X="99.7539029826046" Y="129.4430415583722" />
  <Point X="93.85612150613653" Y="135.3004272713028" />
  <Point X="87.95834002966846" Y="141.1578129842334" />
  <Point X="82.0605585532004" Y="147.015198697164" />
  <Point X="76.16277707673233" Y="152.87258441009462" />
  <Point X="71.0" Y="158.0" />
  <Point X="72.0" Y="158.0" />
  <Point X="72.0" Y="158.03589953573712" />
  <Point X="72.0" Y="159.0" />
  <Point X="73.0" Y="159.0" />
  <Point X="74.0" Y="159.0" />
  <Point X="75.0" Y="159.0" />
  <Point X="76.0" Y="159.0" />
  <Point X="77.0" Y="159.0" />
  <Point X="79.0" Y="159.0" />
  <Point X="79.34810704843875" Y="159.0" />
  <Point X="80.0" Y="159.0" />
  <Point X="81.0" Y="159.0" />
  <Point X="82.0" Y="159.0" />
  <Point X="83.0" Y="159.0" />
  <Point X="84.0" Y="159.0" />
  <Point X="85.0" Y="159.0" />
  <Point X="86.0" Y="159.0" />
  <Point X="87.0" Y="158.0" />
  <Point X="87.24610099876729" Y="158.0" />
  <Point X="88.0" Y="158.0" />
  <Point X="89.0" Y="157.0" />
  <Point X="90.0" Y="157.0" />
  <Point X="91.0" Y="156.0" />
  <Point X="92.0" Y="156.0" />
  <Point X="93.0" Y="156.0" />
  <Point X="94.54725294948945" Y="155.22637352525527" />
  <Point X="95.0" Y="155.0" />
  <Point X="96.0" Y="154.0" />
  <Point X="97.0" Y="153.0" />
  <Point X="98.0" Y="153.0" />
  <Point X="99.0" Y="153.0" />
  <Point X="100.0" Y="153.0" />
  <Point X="101.0" Y="152.0" />
  <Point X="101.50390260088177" Y="151.74804869955912" />
  <Point X="103.0" Y="151.0" />
  <Point X="104.0" Y="150.0" />
  <Point X="105.0" Y="149.0" />
  <Point X="106.0" Y="149.0" />
  <Point X="107.0" Y="148.0" />
  <Point X="108.0" Y="148.0" />
  <Point X="108.2806358908211" Y="147.7193641091789" />
  <Point X="109.0" Y="147.0" />
  <Point X="110.0" Y="147.0" />
  <Point X="111.0" Y="146.0" />
  <Point X="112.0" Y="145.0" />
  <Point X="114.0" Y="145.0" />
  <Point X="114.65581454733316" Y="143.68837090533367" />
  <Point X="115.0" Y="143.0" />
  <Point X="116.0" Y="143.0" />
  <Point X="117.0" Y="142.0" />
  <Point X="118.0" Y="142.0" />
  <Point X="119.0" Y="142.0" />
  <Point X="119.0" Y="141.0" />
  <Point X="120.0" Y="140.0" />
  <Point X="120.71415831892587" Y="140.0" />
  <Point X="121.0" Y="140.0" />
  <Point X="122.0" Y="140.0" />
  <Point X="122.0" Y="139.0" />
  <Point X="123.0" Y="139.0" />
  <Point X="123.0" Y="138.0" />
  <Point X="124.0" Y="138.0" />
  <Point X="126.0" Y="137.0" />
  <Point X="126.0" Y="136.20970214587228" />
  <Point X="126.0" Y="136.0" />
  <Point X="127.0" Y="136.0" />
  <Point X="128.0" Y="135.0" />
  <Point X="129.0" Y="135.0" />
  <Point X="130.0" Y="133.0" />
  <Point X="131.0" Y="132.0" />
  <Point X="131.73398409702816" Y="131.26601590297184" />
  <Point X="132.0" Y="131.0" />
  <Point X="133.0" Y="131.0" />
  <Point X="134.0" Y="129.0" />
  <Point X="136.0" Y="129.0" />
  <Point X="136.0" Y="128.0" />
  <Point X="137.0" Y="128.0" />
  <Point X="137.49492965987233" Y="127.50507034012769" />
  <Point X="138.0" Y="127.0" />
  <Point X="139.0" Y="126.0" />
  <Point X="140.0" Y="126.0" />
  <Point X="141.0" Y="124.0" />
  <Point X="142.0" Y="123.0" />
  <Point X="143.0" Y="122.0" />
  <Point X="143.08430234746268" Y="121.91569765253733" />
  <Point X="144.0" Y="121.0" />
  <Point X="145.0" Y="120.0" />
  <Point X="145.0" Y="119.0" />
  <Point X="146.0" Y="119.0" />
  <Point X="147.0" Y="118.0" />
  <Point X="148.0" Y="117.0" />
  <Point X="148.0" Y="116.22542521366914" />
  <Point X="148.0" Y="116.0" />
  <Point X="149.0" Y="115.0" />
  <Point X="150.0" Y="115.0" />
  <Point X="150.0" Y="114.0" />
  <Point X="150.0" Y="113.0" />
  <Point X="151.0" Y="113.0" />
  <Point X="151.0" Y="112.0" />
  <Point X="152.0" Y="111.0" />
  <Point X="152.0" Y="110.74164482571369" />
  <Point X="152.0" Y="110.0" />
  <Point X="153.0" Y="109.0" />
  <Point X="154.0" Y="107.0" />
  <Point X="154.0" Y="106.0" />
  <Point X="154.0" Y="105.0" />
  <Point X="155.0" Y="105.0" />
  <Point X="155.0" Y="104.07971885288494" />
  <Point X="155.0" Y="104.0" />
  <Point X="155.0" Y="103.0" />
  <Point X="155.0" Y="102.0" />
  <Point X="155.0" Y="100.0" />
  <Point X="156.0" Y="100.0" />
  <Point X="156.0" Y="99.0" />
  <Point X="156.0" Y="98.0" />
  <Point X="156.0" Y="97.0" />
  <Point X="156.0" Y="96.7675113401833" />
  <Point X="156.0" Y="96.0" />
  <Point X="156.0" Y="95.0" />
  <Point X="156.0" Y="94.0" />
  <Point X="156.0" Y="93.0" />
  <Point X="156.0" Y="92.0" />
  <Point X="156.0" Y="91.0" />
  <Point X="156.0" Y="90.0" />
  <Point X="156.0" Y="89.0" />
  <Point X="156.0" Y="88.45530382748167" />
  <Point X="156.0" Y="88.0" />
  <Point X="156.0" Y="87.0" />
  <Point X="156.0" Y="86.0" />
  <Point X="156.0" Y="85.0" />
  <Point X="156.0" Y="84.0" />
  <Point X="156.0" Y="83.0" />
  <Point X="155.0" Y="83.0" />
  <Point X="155.0" Y="81.14309631478004" />
  <Point X="155.0" Y="81.0" />
  <Point X="155.0" Y="80.0" />
  <Point X="155.0" Y="79.0" />
  <Point X="155.0" Y="78.0" />
  <Point X="155.0" Y="77.0" />
  <Point X="154.0" Y="77.0" />
  <Point X="154.0" Y="76.0" />
  <Point X="154.0" Y="75.0" />
  <Point X="154.0" Y="74.0" />
  <Point X="154.0" Y="73.8308888020784" />
  <Point X="154.0" Y="73.0" />
  <Point X="153.0" Y="73.0" />
  <Point X="153.0" Y="72.0" />
  <Point X="152.0" Y="72.0" />
  <Point X="152.0" Y="71.0" />
  <Point X="152.0" Y="70.0" />
  <Point X="152.0" Y="69.0" />
  <Point X="151.0" Y="69.0" />
  <Point X="151.0" Y="68.51868128937677" />
  <Point X="151.0" Y="68.0" />
  <Point X="150.0" Y="68.0" />
  <Point X="150.0" Y="67.0" />
  <Point X="149.0" Y="67.0" />
  <Point X="148.0" Y="67.0" />
  <Point X="147.0" Y="67.0" />
  <Point X="146.0" Y="67.0" />
  <Point X="145.0" Y="67.0" />
  <Point X="144.20647377667513" Y="67.0" />
  <Point X="144.0" Y="67.0" />
  <Point X="143.0" Y="67.0" />
  <Point X="142.0" Y="67.0" />
  <Point X="141.0" Y="67.0" />
  <Point X="140.0" Y="67.0" />
  <Point X="139.0" Y="67.0" />
  <Point X="138.0" Y="67.0" />
  <Point X="137.0" Y="67.0" />
  <Point X="136.21812817706893" Y="67.78187182293108" />
  <Point X="136.0" Y="68.0" />
  <Point X="135.0" Y="68.0" />
  <Point X="135.0" Y="69.0" />
  <Point X="135.0" Y="70.0" />
  <Point X="134.0" Y="70.0" />
  <Point X="133.0" Y="71.0" />
  <Point X="132.0" Y="71.0" />
  <Point X="132.0" Y="72.0" />
  <Point X="131.58315056532712" Y="72.41684943467288" />
  <Point X="131.0" Y="73.0" />
  <Point X="130.0" Y="74.0" />
  <Point X="129.0" Y="75.0" />
  <Point X="128.0" Y="75.0" />
  <Point X="128.0" Y="77.0" />
  <Point X="126.3409190504357" Y="77.0" />
  <Point X="126.0" Y="77.0" />
  <Point X="126.0" Y="78.0" />
  <Point X="125.0" Y="79.0" />
  <Point X="124.0" Y="80.0" />
  <Point X="124.0" Y="81.0" />
  <Point X="123.0" Y="82.0" />
  <Point X="122.0" Y="83.0" />
  <Point X="121.77766143591077" Y="83.22233856408923" />
  <Point X="121.0" Y="84.0" />
  <Point X="120.0" Y="86.0" />
  <Point X="119.0" Y="87.0" />
  <Point X="118.0" Y="88.0" />
  <Point X="118.0" Y="89.0" />
  <Point X="117.0" Y="89.0" />
  <Point X="117.0" Y="89.1479330608561" />
  <Point X="117.0" Y="90.0" />
  <Point X="116.0" Y="91.0" />
  <Point X="116.0" Y="92.0" />
  <Point X="115.0" Y="93.0" />
  <Point X="114.0" Y="93.0" />
  <Point X="114.0" Y="94.0" />
  <Point X="114.0" Y="95.0" />
  <Point X="114.0" Y="95.63171344881155" />
  <Point X="114.0" Y="96.0" />
  <Point X="113.0" Y="97.0" />
  <Point X="113.0" Y="98.0" />
  <Point X="112.0" Y="99.0" />
  <Point X="111.0" Y="101.0" />
  <Point X="111.0" Y="102.0" />
  <Point X="111.0" Y="102.8794258592672" />
  <Point X="111.0" Y="103.0" />
  <Point X="111.0" Y="104.0" />
  <Point X="110.0" Y="105.0" />
  <Point X="110.0" Y="106.0" />
  <Point X="110.0" Y="107.0" />
  <Point X="110.0" Y="108.0" />
  <Point X="110.0" Y="109.0" />
  <Point X="109.0" Y="110.0" />
  <Point X="109.0" Y="110.36320624722265" />
  <Point X="109.0" Y="111.0" />
  <Point X="109.0" Y="112.0" />
  <Point X="109.0" Y="113.0" />
  <Point X="109.0" Y="114.0" />
  <Point X="109.0" Y="115.0" />
  <Point X="109.0" Y="116.0" />
  <Point X="108.0" Y="117.0" />
  <Point X="108.0" Y="118.0" />
  <Point X="108.0" Y="118.26120019755119" />
  <Point X="108.0" Y="120.0" />
  <Point X="108.0" Y="121.0" />
  <Point X="108.0" Y="122.0" />
  <Point X="108.0" Y="123.0" />
  <Point X="108.0" Y="124.0" />
  <Point X="108.0" Y="125.0" />
  <Point X="108.0" Y="126.57340771025282" />
  <Point X="108.0" Y="127.0" />
  <Point X="108.0" Y="128.0" />
  <Point X="108.0" Y="129.0" />
  <Point X="108.0" Y="130.0" />
  <Point X="108.0" Y="131.0" />
  <Point X="108.0" Y="132.0" />
  <Point X="108.0" Y="133.0" />
  <Point X="108.0" Y="134.0" />
  <Point X="108.0" Y="134.88561522295447" />
  <Point X="108.0" Y="135.0" />
  <Point X="109.0" Y="135.0" />
  <Point X="109.0" Y="136.0" />
  <Point X="109.0" Y="137.0" />
  <Point X="110.0" Y="138.0" />
  <Point X="110.0" Y="139.0" />
  <Point X="111.0" Y="140.0" />
  <Point X="111.0" Y="141.0" />
  <Point X="111.0" Y="141.36939561090992" />
  <Point X="111.0" Y="142.0" />
  <Point X="112.0" Y="142.0" />
  <Point X="112.0" Y="143.0" />
  <Point X="113.0" Y="143.0" />
  <Point X="114.0" Y="144.0" />
  <Point X="114.0" Y="145.0" />
  <Point X="115.0" Y="145.0" />
  <Point X="115.0" Y="146.0" />
  <Point X="115.26738956123846" Y="146.0" />
  <Point X="116.0" Y="146.0" />
  <Point X="116.0" Y="147.0" />
  <Point X="117.0" Y="147.0" />
  <Point X="118.0" Y="148.0" />
  <Point X="119.0" Y="148.0" />
  <Point X="119.0" Y="149.0" />
  <Point X="120.0" Y="149.0" />
  <Point X="120.0" Y="150.0" />
  <Point X="120.165383511567" Y="150.0" />
  <Point X="121.0" Y="150.0" />
  <Point X="122.0" Y="150.0" />
  <Point X="123.0" Y="150.0" />
  <Point X="124.0" Y="150.0" />
  <Point X="125.0" Y="150.0" />
  <Point X="126.0" Y="150.0" />
  <Point X="127.0" Y="150.0" />
  <Point X="128.0" Y="150.0" />
  <Point X="128.47759102426863" Y="150.0" />
  <Point X="129.0" Y="150.0" />
  <Point X="130.0" Y="150.0" />
  <Point X="131.0" Y="150.0" />
  <Point X="132.0" Y="150.0" />
  <Point X="133.0" Y="150.0" />
  <Point X="134.0" Y="150.0" />
  <Point X="135.0" Y="150.0" />
  <Point X="136.0" Y="150.0" />
  <Point X="136.78979853697027" Y="150.0" />
  <Point X="137.0" Y="150.0" />
  <Point X="138.0" Y="150.0" />
  <Point X="139.0" Y="150.0" />
  <Point X="140.0" Y="150.0" />
  <Point X="141.0" Y="151.0" />
  <Point X="142.0" Y="151.0" />
  <Point X="143.0" Y="151.0" />
  <Point X="144.0" Y="151.0" />
  <Point X="144.6877924872988" Y="151.0" />
  <Point X="145.0" Y="151.0" />
  <Point X="146.0" Y="151.0" />
  <Point X="146.0" Y="152.0" />
  <Point X="147.0" Y="152.0" />
  <Point X="148.0" Y="152.0" />
  <Point X="149.0" Y="152.0" />
  <Point X="149.0" Y="151.0" />
  <Point X="149.0" Y="150.0" />
  <Point X="149.0" Y="149.0" />
</Project_1_Part_4>
