<?xml version="1.0" encoding="utf-8" standalone="yes"?>
<Gesture Name="rectangle6" Subject="1" Number="1" NumPts="322">
  <Point X="215.0" Y="17.0" />
  <Point X="209.1753236347302" Y="20.791903405578317" />
  <Point X="203.3506472694604" Y="24.583806811156634" />
  <Point X="197.52597090419061" Y="28.37571021673495" />
  <Point X="191.70129453892082" Y="32.16761362231327" />
  <Point X="185.87661817365102" Y="35.959517027891586" />
  <Point X="180.05194180838123" Y="39.7514204334699" />
  <Point X="174.22726544311143" Y="43.54332383904822" />
  <Point X="168.40258907784164" Y="47.33522724462654" />
  <Point X="162.57791271257184" Y="51.127130650204855" />
  <Point X="156.75323634730205" Y="54.91903405578317" />
  <Point X="150.92855998203225" Y="58.71093746136149" />
  <Point X="145.10388361676246" Y="62.502840866939806" />
  <Point X="139.27920725149266" Y="66.29474427251813" />
  <Point X="133.45453088622287" Y="70.08664767809645" />
  <Point X="127.62985452095309" Y="73.87855108367478" />
  <Point X="121.80517815568331" Y="77.6704544892531" />
  <Point X="115.98050179041353" Y="81.46235789483143" />
  <Point X="110.15582542514375" Y="85.25426130040975" />
  <Point X="104.33114905987397" Y="89.04616470598808" />
  <Point X="98.50647269460418" Y="92.8380681115664" />
  <Point X="92.6817963293344" Y="96.62997151714472" />
  <Point X="86.85711996406462" Y="100.42187492272303" />
  <Point X="81.03244359879483" Y="104.21377832830134" />
  <Point X="75.20776723352505" Y="108.00568173387967" />
  <Point X="69.38309086825527" Y="111.79758513945798" />
  <Point X="66.0" Y="114.0" />
  <Point X="66.0" Y="115.0" />
  <Point X="67.0" Y="115.0" />
  <Point X="67.0" Y="115.91338524298337" />
  <Point X="67.0" Y="116.0" />
  <Point X="67.0" Y="117.0" />
  <Point X="68.0" Y="118.0" />
  <Point X="68.0" Y="119.0" />
  <Point X="68.0" Y="120.0" />
  <Point X="68.0" Y="121.0" />
  <Point X="68.0" Y="122.0" />
  <Point X="68.0" Y="122.44937931760708" />
  <Point X="68.0" Y="123.0" />
  <Point X="68.0" Y="124.0" />
  <Point X="68.0" Y="125.0" />
  <Point X="69.0" Y="125.0" />
  <Point X="69.0" Y="126.0" />
  <Point X="69.0" Y="127.0" />
  <Point X="69.0" Y="128.0" />
  <Point X="69.0" Y="128.3995869546039" />
  <Point X="69.0" Y="129.0" />
  <Point X="69.0" Y="130.0" />
  <Point X="69.0" Y="131.0" />
  <Point X="69.0" Y="132.0" />
  <Point X="69.0" Y="133.0" />
  <Point X="69.0" Y="134.0" />
  <Point X="69.0" Y="135.0" />
  <Point X="69.0" Y="135.34979459160073" />
  <Point X="69.0" Y="136.0" />
  <Point X="69.0" Y="137.0" />
  <Point X="69.0" Y="138.0" />
  <Point X="69.0" Y="139.0" />
  <Point X="69.0" Y="140.0" />
  <Point X="69.0" Y="141.0" />
  <Point X="69.0" Y="142.0" />
  <Point X="69.0" Y="142.30000222859755" />
  <Point X="69.0" Y="143.0" />
  <Point X="69.0" Y="144.0" />
  <Point X="69.0" Y="145.0" />
  <Point X="69.0" Y="146.0" />
  <Point X="69.0" Y="147.0" />
  <Point X="69.0" Y="148.0" />
  <Point X="69.0" Y="149.0" />
  <Point X="69.0" Y="149.25020986559437" />
  <Point X="69.0" Y="150.0" />
  <Point X="69.0" Y="151.0" />
  <Point X="69.0" Y="152.0" />
  <Point X="69.0" Y="153.0" />
  <Point X="69.0" Y="154.0" />
  <Point X="69.0" Y="155.0" />
  <Point X="69.0" Y="156.0" />
  <Point X="69.0" Y="156.2004175025912" />
  <Point X="69.0" Y="157.0" />
  <Point X="68.0" Y="157.0" />
  <Point X="68.0" Y="158.0" />
  <Point X="68.0" Y="159.0" />
  <Point X="68.0" Y="160.0" />
  <Point X="67.0" Y="160.0" />
  <Point X="67.0" Y="161.0" />
  <Point X="67.0" Y="161.15062513958802" />
  <Point X="67.0" Y="162.0" />
  <Point X="67.0" Y="163.0" />
  <Point X="67.0" Y="164.0" />
  <Point X="67.0" Y="165.0" />
  <Point X="67.0" Y="166.0" />
  <Point X="68.0" Y="166.0" />
  <Point X="69.0" Y="166.0" />
  <Point X="69.10083277658484" Y="166.0" />
  <Point X="70.0" Y="166.0" />
  <Point X="70.0" Y="167.0" />
  <Point X="70.0" Y="168.0" />
  <Point X="71.0" Y="168.0" />
  <Point X="72.0" Y="168.0" />
  <Point X="73.0" Y="168.0" />
  <Point X="73.0" Y="169.0" />
  <Point X="73.0" Y="169.05104041358166" />
  <Point X="73.0" Y="170.0" />
  <Point X="74.0" Y="170.0" />
  <Point X="75.0" Y="170.0" />
  <Point X="76.0" Y="170.0" />
  <Point X="77.0" Y="170.0" />
  <Point X="78.0" Y="170.0" />
  <Point X="79.0" Y="170.0" />
  <Point X="79.00124805057848" Y="170.0" />
  <Point X="80.0" Y="170.0" />
  <Point X="80.0" Y="171.0" />
  <Point X="81.0" Y="171.0" />
  <Point X="82.0" Y="171.0" />
  <Point X="83.0" Y="171.0" />
  <Point X="84.0" Y="171.0" />
  <Point X="84.9514556875753" Y="171.0" />
  <Point X="85.0" Y="171.0" />
  <Point X="86.0" Y="171.0" />
  <Point X="87.0" Y="171.0" />
  <Point X="88.0" Y="171.0" />
  <Point X="89.0" Y="171.0" />
  <Point X="90.0" Y="171.0" />
  <Point X="91.0" Y="171.0" />
  <Point X="91.90166332457213" Y="171.0" />
  <Point X="92.0" Y="171.0" />
  <Point X="93.0" Y="171.0" />
  <Point X="94.0" Y="171.0" />
  <Point X="95.0" Y="171.0" />
  <Point X="96.0" Y="171.0" />
  <Point X="97.0" Y="171.0" />
  <Point X="98.0" Y="171.0" />
  <Point X="98.85187096156895" Y="171.0" />
  <Point X="99.0" Y="171.0" />
  <Point X="100.0" Y="171.0" />
  <Point X="101.0" Y="171.0" />
  <Point X="101.0" Y="170.0" />
  <Point X="102.0" Y="170.0" />
  <Point X="103.0" Y="170.0" />
  <Point X="104.0" Y="170.0" />
  <Point X="104.80207859856577" Y="170.0" />
  <Point X="105.0" Y="170.0" />
  <Point X="106.0" Y="170.0" />
  <Point X="106.0" Y="169.0" />
  <Point X="107.0" Y="169.0" />
  <Point X="107.0" Y="168.0" />
  <Point X="108.0" Y="168.0" />
  <Point X="109.0" Y="168.0" />
  <Point X="109.7522862355626" Y="168.0" />
  <Point X="110.0" Y="168.0" />
  <Point X="110.0" Y="167.0" />
  <Point X="111.0" Y="167.0" />
  <Point X="112.0" Y="167.0" />
  <Point X="113.0" Y="167.0" />
  <Point X="113.0" Y="166.0" />
  <Point X="114.0" Y="166.0" />
  <Point X="114.0" Y="165.29750612744058" />
  <Point X="114.0" Y="165.0" />
  <Point X="115.0" Y="165.0" />
  <Point X="116.0" Y="165.0" />
  <Point X="117.0" Y="165.0" />
  <Point X="117.0" Y="164.0" />
  <Point X="118.0" Y="164.0" />
  <Point X="119.0" Y="164.0" />
  <Point X="119.0" Y="163.34729849044376" />
  <Point X="119.0" Y="163.0" />
  <Point X="120.0" Y="163.0" />
  <Point X="121.0" Y="163.0" />
  <Point X="122.0" Y="163.0" />
  <Point X="123.0" Y="163.0" />
  <Point X="124.0" Y="163.0" />
  <Point X="124.0" Y="162.0" />
  <Point X="124.60290914655306" Y="162.0" />
  <Point X="125.0" Y="162.0" />
  <Point X="125.0" Y="161.0" />
  <Point X="126.0" Y="161.0" />
  <Point X="127.0" Y="161.0" />
  <Point X="128.0" Y="161.0" />
  <Point X="129.0" Y="161.0" />
  <Point X="130.0" Y="160.0" />
  <Point X="130.13890322117678" Y="160.0" />
  <Point X="131.0" Y="160.0" />
  <Point X="132.0" Y="160.0" />
  <Point X="133.0" Y="160.0" />
  <Point X="134.0" Y="160.0" />
  <Point X="134.0" Y="159.0" />
  <Point X="135.0" Y="159.0" />
  <Point X="136.0" Y="159.0" />
  <Point X="136.0891108581736" Y="159.0" />
  <Point X="137.0" Y="159.0" />
  <Point X="138.0" Y="159.0" />
  <Point X="139.0" Y="159.0" />
  <Point X="140.0" Y="159.0" />
  <Point X="141.0" Y="159.0" />
  <Point X="142.0" Y="159.0" />
  <Point X="143.0" Y="159.0" />
  <Point X="143.03931849517042" Y="159.0" />
  <Point X="144.0" Y="159.0" />
  <Point X="145.0" Y="159.0" />
  <Point X="146.0" Y="159.0" />
  <Point X="147.0" Y="159.0" />
  <Point X="148.0" Y="159.0" />
  <Point X="149.0" Y="159.0" />
  <Point X="149.0" Y="158.01047386783276" />
  <Point X="149.0" Y="158.0" />
  <Point X="149.0" Y="157.0" />
  <Point X="149.0" Y="156.0" />
  <Point X="149.0" Y="155.0" />
  <Point X="149.0" Y="154.0" />
  <Point X="149.0" Y="153.0" />
  <Point X="148.0" Y="153.0" />
  <Point X="148.0" Y="152.06026623083594" />
  <Point X="148.0" Y="152.0" />
  <Point X="148.0" Y="151.0" />
  <Point X="148.0" Y="150.0" />
  <Point X="148.0" Y="149.0" />
  <Point X="147.0" Y="148.0" />
  <Point X="147.0" Y="147.0" />
  <Point X="147.0" Y="146.0" />
  <Point X="147.0" Y="145.52427215621222" />
  <Point X="147.0" Y="145.0" />
  <Point X="147.0" Y="144.0" />
  <Point X="147.0" Y="143.0" />
  <Point X="146.0" Y="143.0" />
  <Point X="146.0" Y="142.0" />
  <Point X="146.0" Y="141.0" />
  <Point X="146.0" Y="140.0" />
  <Point X="146.0" Y="139.5740645192154" />
  <Point X="146.0" Y="139.0" />
  <Point X="146.0" Y="138.0" />
  <Point X="146.0" Y="137.0" />
  <Point X="146.0" Y="136.0" />
  <Point X="146.0" Y="135.0" />
  <Point X="145.0" Y="135.0" />
  <Point X="145.0" Y="134.0" />
  <Point X="145.0" Y="133.62385688221858" />
  <Point X="145.0" Y="133.0" />
  <Point X="145.0" Y="132.0" />
  <Point X="145.0" Y="131.0" />
  <Point X="145.0" Y="130.0" />
  <Point X="145.0" Y="129.0" />
  <Point X="145.0" Y="128.0" />
  <Point X="145.0" Y="127.0" />
  <Point X="145.0" Y="126.67364924522175" />
  <Point X="145.0" Y="126.0" />
  <Point X="145.0" Y="125.0" />
  <Point X="145.0" Y="124.0" />
  <Point X="145.0" Y="123.0" />
  <Point X="145.0" Y="122.0" />
  <Point X="145.0" Y="121.0" />
  <Point X="145.0" Y="120.0" />
  <Point X="145.0" Y="119.72344160822493" />
  <Point X="145.0" Y="119.0" />
  <Point X="145.0" Y="118.0" />
  <Point X="145.0" Y="117.0" />
  <Point X="145.0" Y="116.0" />
  <Point X="145.0" Y="115.0" />
  <Point X="145.0" Y="114.0" />
  <Point X="144.0" Y="114.0" />
  <Point X="143.7732339712281" Y="114.0" />
  <Point X="143.0" Y="114.0" />
  <Point X="143.0" Y="113.0" />
  <Point X="142.0" Y="113.0" />
  <Point X="142.0" Y="112.0" />
  <Point X="141.0" Y="112.0" />
  <Point X="140.0" Y="112.0" />
  <Point X="139.0" Y="112.0" />
  <Point X="138.8230263342313" Y="112.0" />
  <Point X="138.0" Y="112.0" />
  <Point X="138.0" Y="111.0" />
  <Point X="137.0" Y="111.0" />
  <Point X="136.0" Y="111.0" />
  <Point X="135.0" Y="111.0" />
  <Point X="134.0" Y="111.0" />
  <Point X="133.0" Y="111.0" />
  <Point X="132.91006923837435" Y="110.91006923837435" />
  <Point X="132.0" Y="110.0" />
  <Point X="131.0" Y="110.0" />
  <Point X="130.0" Y="110.0" />
  <Point X="129.0" Y="110.0" />
  <Point X="128.0" Y="110.0" />
  <Point X="127.0" Y="110.0" />
  <Point X="126.33682462261073" Y="110.0" />
  <Point X="126.0" Y="110.0" />
  <Point X="125.0" Y="110.0" />
  <Point X="124.0" Y="110.0" />
  <Point X="123.0" Y="110.0" />
  <Point X="122.0" Y="110.0" />
  <Point X="121.0" Y="109.0" />
  <Point X="120.0" Y="109.0" />
  <Point X="119.800830547987" Y="109.0" />
  <Point X="119.0" Y="109.0" />
  <Point X="118.0" Y="109.0" />
  <Point X="117.0" Y="109.0" />
  <Point X="116.0" Y="109.0" />
  <Point X="115.0" Y="109.0" />
  <Point X="114.0" Y="109.0" />
  <Point X="113.0" Y="109.0" />
  <Point X="112.85062291099018" Y="109.0" />
  <Point X="112.0" Y="109.0" />
  <Point X="111.0" Y="109.0" />
  <Point X="110.0" Y="109.0" />
  <Point X="109.0" Y="109.0" />
  <Point X="108.0" Y="109.0" />
  <Point X="107.0" Y="109.0" />
  <Point X="106.0" Y="109.0" />
  <Point X="105.90041527399336" Y="109.0" />
  <Point X="105.0" Y="109.0" />
  <Point X="104.0" Y="109.0" />
  <Point X="103.0" Y="109.0" />
  <Point X="102.0" Y="109.0" />
  <Point X="101.0" Y="109.0" />
  <Point X="100.0" Y="109.0" />
  <Point X="99.0" Y="109.0" />
  <Point X="98.95020763699654" Y="109.0" />
  <Point X="98.0" Y="109.0" />
  <Point X="97.0" Y="109.0" />
  <Point X="96.0" Y="109.0" />
  <Point X="95.0" Y="109.0" />
  <Point X="94.0" Y="109.0" />
  <Point X="93.0" Y="109.0" />
  <Point X="92.0" Y="109.0" />
</Project_1_Part_4>
