<?xml version="1.0" encoding="utf-8" standalone="yes"?>
<Gesture Name="rectangle4" Subject="1" Number="1" NumPts="331">
  <Point X="221.0" Y="18.0" />
  <Point X="214.62708951000485" Y="21.54050582777508" />
  <Point X="208.2541790200097" Y="25.081011655550157" />
  <Point X="201.88126853001455" Y="28.621517483325235" />
  <Point X="195.5083580400194" Y="32.16202331110031" />
  <Point X="189.13544755002425" Y="35.70252913887539" />
  <Point X="182.7625370600291" Y="39.24303496665047" />
  <Point X="176.38962657003395" Y="42.78354079442555" />
  <Point X="170.0167160800388" Y="46.324046622200626" />
  <Point X="163.64380559004366" Y="49.864552449975704" />
  <Point X="157.2708951000485" Y="53.40505827775078" />
  <Point X="150.89798461005336" Y="56.94556410552586" />
  <Point X="144.5250741200582" Y="60.48606993330094" />
  <Point X="138.15216363006306" Y="64.02657576107602" />
  <Point X="131.7792531400679" Y="67.5670815888511" />
  <Point X="125.40634265007277" Y="71.10758741662617" />
  <Point X="119.03343216007764" Y="74.64809324440125" />
  <Point X="112.6605216700825" Y="78.18859907217633" />
  <Point X="106.28761118008737" Y="81.72910489995141" />
  <Point X="99.91470069009223" Y="85.26961072772649" />
  <Point X="93.5417902000971" Y="88.81011655550157" />
  <Point X="87.16887971010196" Y="92.35062238327664" />
  <Point X="80.79596922010683" Y="95.89112821105172" />
  <Point X="74.42305873011169" Y="99.43163403882681" />
  <Point X="68.05014824011656" Y="102.97213986660189" />
  <Point X="61.67723775012142" Y="106.51264569437699" />
  <Point X="59.0" Y="108.0" />
  <Point X="59.0" Y="109.0" />
  <Point X="59.0" Y="110.0" />
  <Point X="59.0" Y="111.0" />
  <Point X="59.0" Y="112.0" />
  <Point X="59.0" Y="112.22769773909643" />
  <Point X="59.0" Y="113.0" />
  <Point X="58.0" Y="113.0" />
  <Point X="58.0" Y="114.0" />
  <Point X="58.0" Y="115.0" />
  <Point X="58.0" Y="116.0" />
  <Point X="58.0" Y="117.0" />
  <Point X="58.0" Y="118.0" />
  <Point X="58.0" Y="118.51804544205267" />
  <Point X="58.0" Y="119.0" />
  <Point X="58.0" Y="120.0" />
  <Point X="58.0" Y="121.0" />
  <Point X="58.0" Y="122.0" />
  <Point X="58.0" Y="123.0" />
  <Point X="58.0" Y="124.0" />
  <Point X="58.0" Y="125.0" />
  <Point X="58.0" Y="125.8083931450089" />
  <Point X="58.0" Y="126.0" />
  <Point X="58.0" Y="127.0" />
  <Point X="58.0" Y="128.0" />
  <Point X="58.0" Y="129.0" />
  <Point X="58.0" Y="130.0" />
  <Point X="58.0" Y="131.0" />
  <Point X="58.0" Y="132.0" />
  <Point X="58.0" Y="133.0" />
  <Point X="58.0" Y="133.09874084796516" />
  <Point X="58.0" Y="134.0" />
  <Point X="58.0" Y="135.0" />
  <Point X="58.0" Y="136.0" />
  <Point X="58.0" Y="137.0" />
  <Point X="58.0" Y="138.0" />
  <Point X="58.0" Y="139.0" />
  <Point X="58.0" Y="140.0" />
  <Point X="58.0" Y="140.3890885509214" />
  <Point X="58.0" Y="141.0" />
  <Point X="58.0" Y="142.0" />
  <Point X="58.0" Y="143.0" />
  <Point X="58.0" Y="144.0" />
  <Point X="58.0" Y="145.0" />
  <Point X="58.0" Y="146.0" />
  <Point X="58.0" Y="147.0" />
  <Point X="58.0" Y="147.67943625387764" />
  <Point X="58.0" Y="148.0" />
  <Point X="58.0" Y="149.0" />
  <Point X="58.0" Y="150.0" />
  <Point X="58.0" Y="151.0" />
  <Point X="59.0" Y="152.0" />
  <Point X="59.0" Y="153.0" />
  <Point X="60.0" Y="153.0" />
  <Point X="60.0" Y="153.5555703944608" />
  <Point X="60.0" Y="154.0" />
  <Point X="61.0" Y="154.0" />
  <Point X="61.0" Y="155.0" />
  <Point X="61.0" Y="156.0" />
  <Point X="62.0" Y="156.0" />
  <Point X="63.0" Y="157.0" />
  <Point X="63.0" Y="158.0" />
  <Point X="63.43170453504395" Y="158.0" />
  <Point X="64.0" Y="158.0" />
  <Point X="64.0" Y="159.0" />
  <Point X="64.0" Y="160.0" />
  <Point X="65.0" Y="160.0" />
  <Point X="65.0" Y="161.0" />
  <Point X="65.0" Y="162.0" />
  <Point X="65.0" Y="163.0" />
  <Point X="65.0" Y="163.7220522380002" />
  <Point X="65.0" Y="164.0" />
  <Point X="65.0" Y="165.0" />
  <Point X="66.0" Y="165.0" />
  <Point X="66.0" Y="166.0" />
  <Point X="67.0" Y="166.0" />
  <Point X="68.0" Y="166.0" />
  <Point X="68.0" Y="167.0" />
  <Point X="69.0" Y="167.0" />
  <Point X="69.01239994095644" Y="167.0" />
  <Point X="70.0" Y="167.0" />
  <Point X="71.0" Y="167.0" />
  <Point X="72.0" Y="167.0" />
  <Point X="73.0" Y="167.0" />
  <Point X="74.0" Y="167.0" />
  <Point X="75.0" Y="167.0" />
  <Point X="76.0" Y="167.0" />
  <Point X="76.30274764391268" Y="167.0" />
  <Point X="77.0" Y="167.0" />
  <Point X="78.0" Y="167.0" />
  <Point X="79.0" Y="167.0" />
  <Point X="80.0" Y="167.0" />
  <Point X="81.0" Y="167.0" />
  <Point X="82.0" Y="167.0" />
  <Point X="83.0" Y="167.0" />
  <Point X="83.59309534686892" Y="167.0" />
  <Point X="84.0" Y="167.0" />
  <Point X="85.0" Y="167.0" />
  <Point X="86.0" Y="167.0" />
  <Point X="87.0" Y="167.0" />
  <Point X="88.0" Y="167.0" />
  <Point X="89.0" Y="167.0" />
  <Point X="90.0" Y="167.0" />
  <Point X="90.88344304982516" Y="167.0" />
  <Point X="91.0" Y="167.0" />
  <Point X="92.0" Y="167.0" />
  <Point X="93.0" Y="167.0" />
  <Point X="94.0" Y="167.0" />
  <Point X="95.0" Y="167.0" />
  <Point X="96.0" Y="167.0" />
  <Point X="98.0" Y="167.0" />
  <Point X="98.1737907527814" Y="167.0" />
  <Point X="100.0" Y="167.0" />
  <Point X="101.0" Y="167.0" />
  <Point X="102.0" Y="167.0" />
  <Point X="103.0" Y="167.0" />
  <Point X="104.0" Y="167.0" />
  <Point X="105.0" Y="167.0" />
  <Point X="105.46413845573764" Y="167.0" />
  <Point X="106.0" Y="167.0" />
  <Point X="107.0" Y="167.0" />
  <Point X="108.0" Y="167.0" />
  <Point X="109.0" Y="167.0" />
  <Point X="110.0" Y="167.0" />
  <Point X="111.0" Y="167.0" />
  <Point X="111.0" Y="166.0" />
  <Point X="111.75448615869388" Y="166.0" />
  <Point X="112.0" Y="166.0" />
  <Point X="113.0" Y="166.0" />
  <Point X="114.0" Y="166.0" />
  <Point X="115.0" Y="166.0" />
  <Point X="116.0" Y="166.0" />
  <Point X="117.0" Y="165.0" />
  <Point X="118.0" Y="165.0" />
  <Point X="118.63062029927703" Y="165.0" />
  <Point X="119.0" Y="165.0" />
  <Point X="120.0" Y="164.0" />
  <Point X="120.0" Y="163.0" />
  <Point X="121.0" Y="163.0" />
  <Point X="122.0" Y="163.0" />
  <Point X="122.0" Y="162.0" />
  <Point X="123.0" Y="162.0" />
  <Point X="123.0" Y="161.49324556013983" />
  <Point X="123.0" Y="161.0" />
  <Point X="124.0" Y="161.0" />
  <Point X="124.0" Y="160.0" />
  <Point X="125.0" Y="160.0" />
  <Point X="125.0" Y="159.0" />
  <Point X="126.0" Y="159.0" />
  <Point X="126.0" Y="158.0" />
  <Point X="126.79710214281641" Y="158.0" />
  <Point X="127.0" Y="158.0" />
  <Point X="127.0" Y="157.0" />
  <Point X="128.0" Y="157.0" />
  <Point X="128.0" Y="156.0" />
  <Point X="128.0" Y="155.0" />
  <Point X="129.0" Y="154.0" />
  <Point X="130.0" Y="154.0" />
  <Point X="130.0" Y="153.32676371660045" />
  <Point X="130.0" Y="153.0" />
  <Point X="131.0" Y="153.0" />
  <Point X="131.0" Y="152.0" />
  <Point X="131.0" Y="151.0" />
  <Point X="132.0" Y="151.0" />
  <Point X="132.0" Y="150.0" />
  <Point X="132.0" Y="149.0" />
  <Point X="132.9635839863558" Y="149.0" />
  <Point X="133.0" Y="149.0" />
  <Point X="133.0" Y="148.0" />
  <Point X="133.0" Y="147.0" />
  <Point X="134.0" Y="147.0" />
  <Point X="134.0" Y="146.0" />
  <Point X="135.0" Y="146.0" />
  <Point X="135.0" Y="145.0" />
  <Point X="135.88666360065724" Y="144.11333639934276" />
  <Point X="136.0" Y="144.0" />
  <Point X="136.0" Y="143.0" />
  <Point X="136.0" Y="142.0" />
  <Point X="137.0" Y="142.0" />
  <Point X="137.0" Y="141.0" />
  <Point X="137.0" Y="140.0" />
  <Point X="138.0" Y="139.0" />
  <Point X="138.0" Y="138.28414773247792" />
  <Point X="138.0" Y="138.0" />
  <Point X="139.0" Y="137.0" />
  <Point X="140.0" Y="137.0" />
  <Point X="140.0" Y="136.0" />
  <Point X="140.0" Y="135.0" />
  <Point X="140.0" Y="134.0" />
  <Point X="141.0" Y="134.0" />
  <Point X="141.0" Y="133.40801359189476" />
  <Point X="141.0" Y="133.0" />
  <Point X="142.0" Y="132.0" />
  <Point X="143.0" Y="131.0" />
  <Point X="143.0" Y="130.0" />
  <Point X="144.0" Y="130.0" />
  <Point X="144.0" Y="129.0" />
  <Point X="144.74522477676342" Y="128.25477522323658" />
  <Point X="145.0" Y="128.0" />
  <Point X="145.0" Y="127.0" />
  <Point X="145.0" Y="126.0" />
  <Point X="146.0" Y="126.0" />
  <Point X="146.0" Y="125.0" />
  <Point X="146.0" Y="124.0" />
  <Point X="146.0" Y="123.0" />
  <Point X="146.93004112689843" Y="123.0" />
  <Point X="147.0" Y="123.0" />
  <Point X="147.0" Y="122.0" />
  <Point X="147.0" Y="121.0" />
  <Point X="148.0" Y="121.0" />
  <Point X="148.0" Y="120.0" />
  <Point X="148.0" Y="119.0" />
  <Point X="148.0" Y="118.0" />
  <Point X="148.0" Y="117.0" />
  <Point X="148.0" Y="116.77961117014533" />
  <Point X="148.0" Y="116.0" />
  <Point X="148.0" Y="115.0" />
  <Point X="148.0" Y="114.0" />
  <Point X="148.0" Y="113.0" />
  <Point X="148.0" Y="112.0" />
  <Point X="148.0" Y="111.0" />
  <Point X="147.0" Y="111.0" />
  <Point X="147.0" Y="110.48926346718909" />
  <Point X="147.0" Y="110.0" />
  <Point X="146.0" Y="110.0" />
  <Point X="145.0" Y="109.0" />
  <Point X="144.0" Y="109.0" />
  <Point X="144.0" Y="108.0" />
  <Point X="143.0" Y="108.0" />
  <Point X="142.0" Y="108.0" />
  <Point X="142.0" Y="107.61312932660594" />
  <Point X="142.0" Y="107.0" />
  <Point X="141.0" Y="107.0" />
  <Point X="141.0" Y="106.0" />
  <Point X="140.0" Y="106.0" />
  <Point X="139.0" Y="106.0" />
  <Point X="138.0" Y="106.0" />
  <Point X="137.0" Y="106.0" />
  <Point X="136.3227816236497" Y="106.0" />
  <Point X="136.0" Y="106.0" />
  <Point X="135.0" Y="106.0" />
  <Point X="134.0" Y="106.0" />
  <Point X="133.0" Y="106.0" />
  <Point X="132.0" Y="106.0" />
  <Point X="131.0" Y="106.0" />
  <Point X="130.0" Y="106.0" />
  <Point X="129.03243392069345" Y="106.0" />
  <Point X="129.0" Y="106.0" />
  <Point X="128.0" Y="106.0" />
  <Point X="127.0" Y="106.0" />
  <Point X="126.0" Y="106.0" />
  <Point X="125.0" Y="106.0" />
  <Point X="124.0" Y="106.0" />
  <Point X="123.0" Y="106.0" />
  <Point X="122.0" Y="106.0" />
  <Point X="121.74208621773721" Y="106.0" />
  <Point X="121.0" Y="106.0" />
  <Point X="120.0" Y="106.0" />
  <Point X="119.0" Y="106.0" />
  <Point X="118.0" Y="106.0" />
  <Point X="117.0" Y="106.0" />
  <Point X="116.0" Y="106.0" />
  <Point X="115.0" Y="106.0" />
  <Point X="114.45173851478097" Y="106.0" />
  <Point X="114.0" Y="106.0" />
  <Point X="113.0" Y="106.0" />
  <Point X="113.0" Y="107.0" />
  <Point X="112.0" Y="107.0" />
  <Point X="111.0" Y="107.0" />
  <Point X="110.0" Y="107.0" />
  <Point X="109.0" Y="107.0" />
  <Point X="108.16139081182473" Y="107.0" />
  <Point X="108.0" Y="107.0" />
  <Point X="107.0" Y="107.0" />
  <Point X="106.0" Y="107.0" />
  <Point X="105.0" Y="107.0" />
  <Point X="104.0" Y="107.0" />
  <Point X="103.0" Y="107.0" />
  <Point X="102.0" Y="107.0" />
  <Point X="101.0" Y="107.0" />
  <Point X="101.0" Y="107.12895689113151" />
  <Point X="101.0" Y="108.0" />
  <Point X="100.0" Y="108.0" />
  <Point X="99.0" Y="108.0" />
  <Point X="98.0" Y="108.0" />
  <Point X="97.0" Y="108.0" />
  <Point X="96.0" Y="108.0" />
  <Point X="95.0" Y="108.0" />
  <Point X="94.58069540591225" Y="108.0" />
  <Point X="94.0" Y="108.0" />
  <Point X="93.0" Y="108.0" />
  <Point X="93.0" Y="109.0" />
  <Point X="92.0" Y="109.0" />
  <Point X="91.0" Y="109.0" />
  <Point X="90.0" Y="109.0" />
  <Point X="89.0" Y="109.0" />
  <Point X="88.29034770295601" Y="109.0" />
  <Point X="88.0" Y="109.0" />
  <Point X="89.0" Y="109.0" />
  <Point X="90.0" Y="109.0" />
  <Point X="91.0" Y="109.0" />
  <Point X="92.0" Y="109.0" />
  <Point X="92.0" Y="108.0" />
  <Point X="93.0" Y="108.0" />
  <Point X="94.0" Y="108.0" />
</Project_1_Part_4>
