<?xml version="1.0" encoding="utf-8" standalone="yes"?>
<Gesture Name="rectangle9" Subject="1" Number="1" NumPts="354">
  <Point X="56.0" Y="115.0" />
  <Point X="56.0" Y="116.0" />
  <Point X="56.0" Y="117.0" />
  <Point X="56.0" Y="118.0" />
  <Point X="56.0" Y="119.0" />
  <Point X="56.0" Y="119.78116195929518" />
  <Point X="56.0" Y="120.0" />
  <Point X="56.0" Y="121.0" />
  <Point X="56.0" Y="122.0" />
  <Point X="56.0" Y="123.0" />
  <Point X="56.0" Y="124.0" />
  <Point X="56.397623056058634" Y="124.39762305605863" />
  <Point X="57.0" Y="125.0" />
  <Point X="57.0" Y="126.0" />
  <Point X="57.0" Y="127.0" />
  <Point X="57.0" Y="128.0" />
  <Point X="57.0" Y="128.92927231551243" />
  <Point X="57.0" Y="129.0" />
  <Point X="57.0" Y="130.0" />
  <Point X="57.0" Y="131.0" />
  <Point X="57.0" Y="132.0" />
  <Point X="57.0" Y="133.0" />
  <Point X="57.0" Y="133.71043427480762" />
  <Point X="57.0" Y="134.0" />
  <Point X="57.0" Y="135.0" />
  <Point X="57.0" Y="136.0" />
  <Point X="57.0" Y="137.0" />
  <Point X="57.0" Y="138.0" />
  <Point X="57.0" Y="138.49159623410281" />
  <Point X="57.0" Y="139.0" />
  <Point X="57.0" Y="140.0" />
  <Point X="57.0" Y="141.0" />
  <Point X="57.0" Y="142.0" />
  <Point X="57.0" Y="143.0" />
  <Point X="57.0" Y="143.272758193398" />
  <Point X="57.0" Y="144.0" />
  <Point X="57.0" Y="145.0" />
  <Point X="57.0" Y="146.0" />
  <Point X="57.0" Y="147.0" />
  <Point X="57.0" Y="148.0" />
  <Point X="57.0" Y="148.0539201526932" />
  <Point X="57.0" Y="149.0" />
  <Point X="57.0" Y="150.0" />
  <Point X="57.0" Y="151.0" />
  <Point X="57.0" Y="152.0" />
  <Point X="57.0" Y="152.83508211198838" />
  <Point X="57.0" Y="153.0" />
  <Point X="57.0" Y="154.0" />
  <Point X="57.0" Y="155.0" />
  <Point X="57.0" Y="156.0" />
  <Point X="57.0" Y="157.0" />
  <Point X="57.0" Y="157.61624407128357" />
  <Point X="57.0" Y="158.0" />
  <Point X="57.0" Y="159.0" />
  <Point X="57.0" Y="161.0" />
  <Point X="57.0" Y="162.0" />
  <Point X="57.0" Y="162.39740603057876" />
  <Point X="57.0" Y="163.0" />
  <Point X="57.0" Y="164.0" />
  <Point X="57.0" Y="165.0" />
  <Point X="57.0" Y="166.0" />
  <Point X="57.0" Y="167.0" />
  <Point X="57.0" Y="167.17856798987395" />
  <Point X="57.0" Y="168.0" />
  <Point X="57.0" Y="169.0" />
  <Point X="57.0" Y="170.0" />
  <Point X="57.0" Y="171.0" />
  <Point X="57.0" Y="171.95972994916914" />
  <Point X="57.0" Y="172.0" />
  <Point X="57.0" Y="173.0" />
  <Point X="57.0" Y="174.0" />
  <Point X="57.0" Y="175.0" />
  <Point X="57.0" Y="176.0" />
  <Point X="57.0" Y="176.74089190846433" />
  <Point X="57.0" Y="177.0" />
  <Point X="57.0" Y="178.0" />
  <Point X="57.0" Y="179.0" />
  <Point X="57.0" Y="180.0" />
  <Point X="57.0" Y="181.0" />
  <Point X="57.0" Y="181.52205386775952" />
  <Point X="57.0" Y="182.0" />
  <Point X="57.0" Y="183.0" />
  <Point X="57.0" Y="184.0" />
  <Point X="57.0" Y="185.0" />
  <Point X="57.0" Y="186.0" />
  <Point X="57.0" Y="186.30321582705471" />
  <Point X="57.0" Y="187.0" />
  <Point X="58.0" Y="187.0" />
  <Point X="59.0" Y="187.0" />
  <Point X="60.0" Y="187.0" />
  <Point X="61.0" Y="187.0" />
  <Point X="61.0" Y="186.9156222136501" />
  <Point X="61.0" Y="186.0" />
  <Point X="62.0" Y="186.0" />
  <Point X="63.0" Y="186.0" />
  <Point X="64.0" Y="186.0" />
  <Point X="64.86553974564508" Y="186.0" />
  <Point X="65.0" Y="186.0" />
  <Point X="66.0" Y="186.0" />
  <Point X="66.0" Y="185.0" />
  <Point X="67.0" Y="185.0" />
  <Point X="68.0" Y="185.0" />
  <Point X="68.64670170494026" Y="185.0" />
  <Point X="69.0" Y="185.0" />
  <Point X="70.0" Y="185.0" />
  <Point X="71.0" Y="185.0" />
  <Point X="72.0" Y="185.0" />
  <Point X="73.0" Y="185.0" />
  <Point X="73.0" Y="184.57213633576455" />
  <Point X="73.0" Y="184.0" />
  <Point X="74.0" Y="184.0" />
  <Point X="75.0" Y="184.0" />
  <Point X="76.0" Y="183.0" />
  <Point X="76.79481206115753" Y="183.0" />
  <Point X="77.0" Y="183.0" />
  <Point X="78.0" Y="183.0" />
  <Point X="79.0" Y="183.0" />
  <Point X="79.0" Y="182.0" />
  <Point X="80.0" Y="182.0" />
  <Point X="80.5759740204527" Y="182.0" />
  <Point X="81.0" Y="182.0" />
  <Point X="83.0" Y="182.0" />
  <Point X="84.0" Y="181.0" />
  <Point X="84.94292241737479" Y="181.0" />
  <Point X="85.0" Y="181.0" />
  <Point X="86.0" Y="181.0" />
  <Point X="87.0" Y="181.0" />
  <Point X="88.0" Y="181.0" />
  <Point X="89.0" Y="181.0" />
  <Point X="89.51200497289457" Y="180.48799502710543" />
  <Point X="90.0" Y="180.0" />
  <Point X="92.0" Y="180.0" />
  <Point X="93.0" Y="180.0" />
  <Point X="93.77147667270371" Y="179.22852332729627" />
  <Point X="94.0" Y="179.0" />
  <Point X="95.0" Y="179.0" />
  <Point X="96.0" Y="179.0" />
  <Point X="97.0" Y="179.0" />
  <Point X="97.0" Y="178.0" />
  <Point X="97.45798117051416" Y="178.0" />
  <Point X="98.0" Y="178.0" />
  <Point X="99.0" Y="178.0" />
  <Point X="100.0" Y="178.0" />
  <Point X="101.0" Y="178.0" />
  <Point X="101.8762065099489" Y="177.1237934900511" />
  <Point X="102.0" Y="177.0" />
  <Point X="103.0" Y="177.0" />
  <Point X="104.0" Y="177.0" />
  <Point X="105.0" Y="177.0" />
  <Point X="106.0" Y="177.0" />
  <Point X="106.42857142857149" Y="176.5714285714285" />
  <Point X="107.0" Y="176.0" />
  <Point X="108.0" Y="176.0" />
  <Point X="109.0" Y="176.0" />
  <Point X="110.0" Y="176.0" />
  <Point X="110.9730399236535" Y="176.0" />
  <Point X="112.0" Y="176.0" />
  <Point X="113.0" Y="176.0" />
  <Point X="113.0" Y="175.0" />
  <Point X="114.0" Y="175.0" />
  <Point X="114.75420188294868" Y="175.0" />
  <Point X="115.0" Y="175.0" />
  <Point X="116.0" Y="174.0" />
  <Point X="117.0" Y="174.0" />
  <Point X="118.0" Y="174.0" />
  <Point X="119.0" Y="174.0" />
  <Point X="119.08566618443926" Y="173.91433381556072" />
  <Point X="120.0" Y="173.0" />
  <Point X="121.0" Y="173.0" />
  <Point X="122.0" Y="173.0" />
  <Point X="123.0" Y="173.0" />
  <Point X="123.0" Y="172.51190132320716" />
  <Point X="123.0" Y="172.0" />
  <Point X="124.0" Y="172.0" />
  <Point X="124.0" Y="171.0" />
  <Point X="124.0" Y="170.0" />
  <Point X="124.0" Y="169.0" />
  <Point X="124.0" Y="168.73073936391197" />
  <Point X="124.0" Y="168.0" />
  <Point X="124.0" Y="167.0" />
  <Point X="124.0" Y="166.0" />
  <Point X="124.0" Y="165.0" />
  <Point X="123.0" Y="165.0" />
  <Point X="123.0" Y="164.94957740461678" />
  <Point X="123.0" Y="164.0" />
  <Point X="123.0" Y="163.0" />
  <Point X="122.0" Y="163.0" />
  <Point X="122.0" Y="162.0" />
  <Point X="122.0" Y="161.16841544532159" />
  <Point X="122.0" Y="161.0" />
  <Point X="122.0" Y="160.0" />
  <Point X="122.0" Y="159.0" />
  <Point X="121.0" Y="159.0" />
  <Point X="121.0" Y="158.0" />
  <Point X="121.0" Y="157.3872534860264" />
  <Point X="121.0" Y="157.0" />
  <Point X="121.0" Y="156.0" />
  <Point X="120.0" Y="155.0" />
  <Point X="120.0" Y="154.0" />
  <Point X="120.0" Y="153.0203050891043" />
  <Point X="120.0" Y="153.0" />
  <Point X="120.0" Y="152.0" />
  <Point X="120.0" Y="151.0" />
  <Point X="119.0" Y="151.0" />
  <Point X="119.0" Y="150.0" />
  <Point X="119.0" Y="149.23914312980912" />
  <Point X="119.0" Y="149.0" />
  <Point X="118.0" Y="149.0" />
  <Point X="118.0" Y="148.0" />
  <Point X="118.0" Y="147.0" />
  <Point X="118.0" Y="146.0" />
  <Point X="118.0" Y="145.45798117051393" />
  <Point X="118.0" Y="145.0" />
  <Point X="118.0" Y="144.0" />
  <Point X="118.0" Y="143.0" />
  <Point X="117.0" Y="143.0" />
  <Point X="117.0" Y="142.0" />
  <Point X="117.0" Y="141.67681921121874" />
  <Point X="117.0" Y="141.0" />
  <Point X="117.0" Y="140.0" />
  <Point X="117.0" Y="139.0" />
  <Point X="117.0" Y="138.0" />
  <Point X="117.0" Y="137.0" />
  <Point X="117.0" Y="136.89565725192355" />
  <Point X="117.0" Y="136.0" />
  <Point X="117.0" Y="135.0" />
  <Point X="116.0" Y="135.0" />
  <Point X="116.0" Y="134.0" />
  <Point X="116.0" Y="133.11449529262836" />
  <Point X="116.0" Y="133.0" />
  <Point X="116.0" Y="132.0" />
  <Point X="116.0" Y="131.0" />
  <Point X="116.0" Y="130.0" />
  <Point X="116.0" Y="129.0" />
  <Point X="116.0" Y="128.33333333333317" />
  <Point X="116.0" Y="128.0" />
  <Point X="116.0" Y="127.0" />
  <Point X="116.0" Y="126.0" />
  <Point X="116.0" Y="125.0" />
  <Point X="116.0" Y="124.0" />
  <Point X="116.31666265822719" Y="123.68333734177281" />
  <Point X="117.0" Y="123.0" />
  <Point X="117.0" Y="122.0" />
  <Point X="117.0" Y="121.0" />
  <Point X="117.0" Y="120.0" />
  <Point X="117.81477702288409" Y="120.0" />
  <Point X="118.0" Y="120.0" />
  <Point X="119.0" Y="119.0" />
  <Point X="119.0" Y="118.0" />
  <Point X="119.0" Y="117.0" />
  <Point X="119.0" Y="116.0" />
  <Point X="119.0" Y="115.81827458019383" />
  <Point X="119.0" Y="115.0" />
  <Point X="120.0" Y="115.0" />
  <Point X="120.0" Y="114.0" />
  <Point X="120.0" Y="113.0" />
  <Point X="120.0" Y="112.03711262089865" />
  <Point X="120.0" Y="112.0" />
  <Point X="121.0" Y="112.0" />
  <Point X="121.0" Y="111.0" />
  <Point X="121.0" Y="110.0" />
  <Point X="121.0" Y="109.0" />
  <Point X="120.47387766728245" Y="108.47387766728245" />
  <Point X="120.0" Y="108.0" />
  <Point X="119.0" Y="108.0" />
  <Point X="118.0" Y="108.0" />
  <Point X="117.0" Y="108.0" />
  <Point X="117.0" Y="107.0" />
  <Point X="116.88900226468138" Y="107.0" />
  <Point X="116.0" Y="107.0" />
  <Point X="115.0" Y="107.0" />
  <Point X="114.0" Y="107.0" />
  <Point X="113.0" Y="107.0" />
  <Point X="112.1078403053862" Y="107.0" />
  <Point X="112.0" Y="107.0" />
  <Point X="111.0" Y="107.0" />
  <Point X="110.0" Y="107.0" />
  <Point X="109.0" Y="107.0" />
  <Point X="108.0" Y="107.0" />
  <Point X="107.32667834609103" Y="107.0" />
  <Point X="107.0" Y="107.0" />
  <Point X="106.0" Y="107.0" />
  <Point X="105.0" Y="107.0" />
  <Point X="104.0" Y="107.0" />
  <Point X="103.0" Y="107.0" />
  <Point X="102.54551638679585" Y="107.0" />
  <Point X="102.0" Y="107.0" />
  <Point X="101.0" Y="107.0" />
  <Point X="100.0" Y="107.0" />
  <Point X="99.0" Y="107.0" />
  <Point X="98.0" Y="107.0" />
  <Point X="97.76435442750068" Y="107.0" />
  <Point X="97.0" Y="107.0" />
  <Point X="96.0" Y="107.0" />
  <Point X="95.0" Y="107.0" />
  <Point X="94.0" Y="107.0" />
  <Point X="93.0" Y="107.0" />
  <Point X="92.9831924682055" Y="107.0" />
  <Point X="92.0" Y="107.0" />
  <Point X="91.0" Y="107.0" />
  <Point X="90.0" Y="107.0" />
  <Point X="89.0" Y="107.0" />
  <Point X="88.20203050891033" Y="107.0" />
  <Point X="88.0" Y="107.0" />
  <Point X="87.0" Y="107.0" />
  <Point X="86.0" Y="107.0" />
  <Point X="85.0" Y="108.0" />
  <Point X="84.0" Y="108.0" />
  <Point X="83.83508211198824" Y="108.0" />
  <Point X="83.0" Y="108.0" />
  <Point X="82.0" Y="108.0" />
  <Point X="81.0" Y="108.0" />
  <Point X="80.0" Y="109.0" />
  <Point X="79.46813371506616" Y="109.0" />
  <Point X="79.0" Y="109.0" />
  <Point X="78.0" Y="109.0" />
  <Point X="77.0" Y="109.0" />
  <Point X="76.0" Y="109.0" />
  <Point X="75.0" Y="109.0" />
  <Point X="74.68697175577098" Y="109.0" />
  <Point X="74.0" Y="109.0" />
  <Point X="73.0" Y="109.0" />
  <Point X="72.0" Y="109.0" />
  <Point X="71.0" Y="109.0" />
  <Point X="71.0" Y="110.0" />
  <Point X="70.90580979647581" Y="110.0" />
  <Point X="70.0" Y="110.0" />
  <Point X="69.0" Y="110.0" />
  <Point X="68.0" Y="110.0" />
  <Point X="67.0" Y="110.0" />
  <Point X="66.12464783718063" Y="110.0" />
  <Point X="66.0" Y="110.0" />
  <Point X="65.0" Y="110.0" />
  <Point X="64.0" Y="110.0" />
  <Point X="63.0" Y="110.0" />
  <Point X="62.0" Y="110.0" />
  <Point X="62.0" Y="110.65651412211454" />
  <Point X="62.0" Y="111.0" />
  <Point X="61.0" Y="111.0" />
  <Point X="60.0" Y="111.0" />
  <Point X="59.0" Y="111.0" />
  <Point X="58.0" Y="111.0" />
  <Point X="57.56232391859027" Y="111.0" />
  <Point X="57.0" Y="111.0" />
  <Point X="56.0" Y="111.0" />
  <Point X="55.0" Y="111.0" />
  <Point X="55.0" Y="112.0" />
  <Point X="54.0" Y="112.0" />
  <Point X="53.78116195929509" Y="112.0" />
  <Point X="53.0" Y="112.0" />
  <Point X="52.0" Y="112.0" />
  <Point X="51.0" Y="112.0" />
  <Point X="51.0" Y="113.0" />
  <Point X="50.0" Y="113.0" />
</Project_1_Part_4>
