<?xml version="1.0" encoding="utf-8" standalone="yes"?>
<Gesture Name="right_sq_bracket9" Subject="1" Number="1" NumPts="349">
  <Point X="116.0" Y="69.0" />
  <Point X="117.0" Y="69.0" />
  <Point X="117.0" Y="70.0" />
  <Point X="118.0" Y="70.0" />
  <Point X="119.0" Y="70.0" />
  <Point X="119.0" Y="70.76076158853516" />
  <Point X="119.0" Y="71.0" />
  <Point X="120.0" Y="71.0" />
  <Point X="120.0" Y="72.0" />
  <Point X="121.0" Y="72.0" />
  <Point X="122.0" Y="72.0" />
  <Point X="122.0" Y="72.52152317707032" />
  <Point X="122.0" Y="73.0" />
  <Point X="123.0" Y="73.0" />
  <Point X="124.0" Y="73.0" />
  <Point X="124.0" Y="74.0" />
  <Point X="125.0" Y="74.0" />
  <Point X="125.28228476560548" Y="74.0" />
  <Point X="126.0" Y="74.0" />
  <Point X="127.0" Y="74.0" />
  <Point X="128.0" Y="74.0" />
  <Point X="129.0" Y="74.0" />
  <Point X="129.73754515010475" Y="74.73754515010475" />
  <Point X="130.0" Y="75.0" />
  <Point X="131.0" Y="75.0" />
  <Point X="132.0" Y="75.0" />
  <Point X="132.0" Y="76.0" />
  <Point X="133.0" Y="76.0" />
  <Point X="133.3895943803027" Y="76.0" />
  <Point X="134.0" Y="76.0" />
  <Point X="135.0" Y="76.0" />
  <Point X="136.0" Y="76.0" />
  <Point X="137.0" Y="76.0" />
  <Point X="138.0" Y="76.0" />
  <Point X="138.15035596883786" Y="76.0" />
  <Point X="140.0" Y="76.0" />
  <Point X="141.0" Y="76.0" />
  <Point X="142.0" Y="76.0" />
  <Point X="142.91111755737302" Y="76.0" />
  <Point X="143.0" Y="76.0" />
  <Point X="144.0" Y="76.0" />
  <Point X="145.0" Y="76.0" />
  <Point X="146.0" Y="77.0" />
  <Point X="147.0" Y="77.0" />
  <Point X="147.2576655835351" Y="77.0" />
  <Point X="148.0" Y="77.0" />
  <Point X="149.0" Y="77.0" />
  <Point X="150.0" Y="77.0" />
  <Point X="151.0" Y="77.0" />
  <Point X="152.0" Y="77.0" />
  <Point X="152.01842717207026" Y="77.0" />
  <Point X="153.0" Y="77.0" />
  <Point X="154.0" Y="77.0" />
  <Point X="155.0" Y="77.0" />
  <Point X="156.0" Y="77.0" />
  <Point X="156.77918876060542" Y="77.0" />
  <Point X="157.0" Y="77.0" />
  <Point X="158.0" Y="77.0" />
  <Point X="159.0" Y="77.0" />
  <Point X="161.0" Y="78.0" />
  <Point X="161.3038823716408" Y="78.0" />
  <Point X="162.0" Y="78.0" />
  <Point X="163.0" Y="78.0" />
  <Point X="164.0" Y="78.0" />
  <Point X="165.0" Y="78.0" />
  <Point X="166.0" Y="78.0" />
  <Point X="166.06464396017597" Y="78.0" />
  <Point X="167.0" Y="78.0" />
  <Point X="168.0" Y="78.0" />
  <Point X="169.0" Y="78.0" />
  <Point X="170.82540554871113" Y="78.0" />
  <Point X="171.0" Y="78.0" />
  <Point X="172.0" Y="78.0" />
  <Point X="173.0" Y="78.0" />
  <Point X="174.0" Y="79.0" />
  <Point X="175.0" Y="79.0" />
  <Point X="175.1719535748732" Y="79.0" />
  <Point X="176.0" Y="79.0" />
  <Point X="177.0" Y="79.0" />
  <Point X="178.0" Y="79.0" />
  <Point X="179.0" Y="79.0" />
  <Point X="179.93271516340837" Y="79.0" />
  <Point X="180.0" Y="79.0" />
  <Point X="181.0" Y="79.0" />
  <Point X="182.0" Y="79.0" />
  <Point X="183.0" Y="79.0" />
  <Point X="184.0" Y="79.0" />
  <Point X="184.69347675194354" Y="79.0" />
  <Point X="185.0" Y="79.0" />
  <Point X="186.0" Y="79.0" />
  <Point X="187.0" Y="79.0" />
  <Point X="188.0" Y="79.0" />
  <Point X="189.0" Y="79.0" />
  <Point X="189.4542383404787" Y="79.0" />
  <Point X="190.0" Y="79.0" />
  <Point X="191.0" Y="79.0" />
  <Point X="192.0" Y="79.0" />
  <Point X="193.0" Y="79.0" />
  <Point X="194.0" Y="79.0" />
  <Point X="194.21499992901386" Y="79.0" />
  <Point X="195.0" Y="79.0" />
  <Point X="196.0" Y="79.0" />
  <Point X="197.0" Y="79.0" />
  <Point X="198.0" Y="79.0" />
  <Point X="198.97576151754902" Y="79.0" />
  <Point X="199.0" Y="79.0" />
  <Point X="199.0" Y="80.0" />
  <Point X="200.0" Y="80.0" />
  <Point X="201.0" Y="80.0" />
  <Point X="201.0" Y="81.0" />
  <Point X="201.0" Y="81.73652310608418" />
  <Point X="201.0" Y="82.0" />
  <Point X="201.0" Y="83.0" />
  <Point X="201.0" Y="84.0" />
  <Point X="202.0" Y="84.0" />
  <Point X="202.0" Y="85.0" />
  <Point X="202.0" Y="85.49728469461934" />
  <Point X="202.0" Y="86.0" />
  <Point X="202.0" Y="87.0" />
  <Point X="202.0" Y="88.0" />
  <Point X="202.0" Y="89.0" />
  <Point X="202.0" Y="90.0" />
  <Point X="202.0" Y="90.2580462831545" />
  <Point X="202.0" Y="91.0" />
  <Point X="203.0" Y="91.0" />
  <Point X="203.0" Y="92.0" />
  <Point X="203.0" Y="93.0" />
  <Point X="203.0" Y="94.0" />
  <Point X="203.0" Y="94.01880787168966" />
  <Point X="203.0" Y="95.0" />
  <Point X="203.0" Y="96.0" />
  <Point X="203.0" Y="97.0" />
  <Point X="203.0" Y="98.0" />
  <Point X="203.0" Y="98.77956946022482" />
  <Point X="203.0" Y="99.0" />
  <Point X="203.0" Y="100.0" />
  <Point X="203.0" Y="101.0" />
  <Point X="203.0" Y="102.0" />
  <Point X="203.0" Y="103.0" />
  <Point X="203.0" Y="103.54033104875998" />
  <Point X="203.0" Y="104.0" />
  <Point X="203.0" Y="105.0" />
  <Point X="203.0" Y="106.0" />
  <Point X="203.0" Y="107.0" />
  <Point X="203.0" Y="108.30109263729514" />
  <Point X="203.0" Y="109.0" />
  <Point X="203.0" Y="110.0" />
  <Point X="203.0" Y="111.0" />
  <Point X="203.0" Y="112.0" />
  <Point X="203.0" Y="113.0" />
  <Point X="203.0" Y="113.0618542258303" />
  <Point X="203.0" Y="114.0" />
  <Point X="203.0" Y="115.0" />
  <Point X="203.0" Y="116.0" />
  <Point X="202.0" Y="116.0" />
  <Point X="202.0" Y="116.82261581436546" />
  <Point X="202.0" Y="117.0" />
  <Point X="202.0" Y="118.0" />
  <Point X="202.0" Y="119.0" />
  <Point X="202.0" Y="120.0" />
  <Point X="201.0" Y="121.0" />
  <Point X="200.88038310123142" Y="121.11961689876858" />
  <Point X="200.0" Y="122.0" />
  <Point X="200.0" Y="123.0" />
  <Point X="200.0" Y="124.0" />
  <Point X="200.0" Y="125.0" />
  <Point X="199.6353366419254" Y="125.3646633580746" />
  <Point X="199.0" Y="126.0" />
  <Point X="199.0" Y="127.0" />
  <Point X="199.0" Y="128.0" />
  <Point X="199.0" Y="129.0" />
  <Point X="199.0" Y="129.86225989285168" />
  <Point X="199.0" Y="130.0" />
  <Point X="198.0" Y="130.0" />
  <Point X="197.0" Y="131.0" />
  <Point X="197.0" Y="132.0" />
  <Point X="197.0" Y="133.0" />
  <Point X="196.85235050449992" Y="133.14764949550008" />
  <Point X="196.0" Y="134.0" />
  <Point X="196.0" Y="135.0" />
  <Point X="196.0" Y="136.0" />
  <Point X="196.0" Y="137.0" />
  <Point X="195.5032745419513" Y="137.24836272902436" />
  <Point X="194.0" Y="138.0" />
  <Point X="194.0" Y="139.0" />
  <Point X="194.0" Y="140.0" />
  <Point X="193.23628963478555" Y="140.76371036521445" />
  <Point X="193.0" Y="141.0" />
  <Point X="193.0" Y="142.0" />
  <Point X="193.0" Y="143.0" />
  <Point X="193.0" Y="144.0" />
  <Point X="192.0" Y="144.0" />
  <Point X="192.0" Y="144.42659758237326" />
  <Point X="192.0" Y="145.0" />
  <Point X="192.0" Y="146.0" />
  <Point X="191.0" Y="147.0" />
  <Point X="190.0" Y="148.0" />
  <Point X="190.0" Y="148.35893204616224" />
  <Point X="190.0" Y="149.0" />
  <Point X="189.0" Y="150.0" />
  <Point X="189.0" Y="151.0" />
  <Point X="189.0" Y="152.0" />
  <Point X="188.5011502568675" Y="152.4988497431325" />
  <Point X="188.0" Y="153.0" />
  <Point X="187.0" Y="153.0" />
  <Point X="187.0" Y="154.0" />
  <Point X="187.0" Y="155.0" />
  <Point X="186.25610379756148" Y="155.74389620243852" />
  <Point X="186.0" Y="156.0" />
  <Point X="186.0" Y="157.0" />
  <Point X="186.0" Y="158.0" />
  <Point X="186.0" Y="159.0" />
  <Point X="186.0" Y="160.0" />
  <Point X="185.60142387535154" Y="160.0" />
  <Point X="185.0" Y="160.0" />
  <Point X="185.0" Y="161.0" />
  <Point X="185.0" Y="162.0" />
  <Point X="185.0" Y="163.0" />
  <Point X="185.0" Y="164.0" />
  <Point X="185.0" Y="164.15933771318362" />
  <Point X="185.0" Y="165.0" />
  <Point X="185.0" Y="166.0" />
  <Point X="185.0" Y="167.0" />
  <Point X="185.0" Y="168.0" />
  <Point X="185.0" Y="168.92009930171878" />
  <Point X="185.0" Y="169.0" />
  <Point X="185.0" Y="170.0" />
  <Point X="185.0" Y="171.0" />
  <Point X="185.0" Y="172.0" />
  <Point X="185.0" Y="173.0" />
  <Point X="185.0" Y="173.68086089025394" />
  <Point X="185.0" Y="174.0" />
  <Point X="186.0" Y="174.0" />
  <Point X="186.0" Y="175.0" />
  <Point X="185.0" Y="175.0" />
  <Point X="185.0" Y="176.0" />
  <Point X="184.5583775212109" Y="176.0" />
  <Point X="184.0" Y="176.0" />
  <Point X="184.0" Y="177.0" />
  <Point X="183.0" Y="177.0" />
  <Point X="182.0" Y="177.0" />
  <Point X="182.0" Y="178.0" />
  <Point X="181.79761593267574" Y="178.0" />
  <Point X="181.0" Y="178.0" />
  <Point X="180.0" Y="178.0" />
  <Point X="179.0" Y="178.0" />
  <Point X="178.0" Y="179.0" />
  <Point X="177.45106790651366" Y="179.0" />
  <Point X="177.0" Y="179.0" />
  <Point X="176.0" Y="179.0" />
  <Point X="175.0" Y="179.0" />
  <Point X="174.0" Y="179.0" />
  <Point X="173.07390671616542" Y="179.92609328383458" />
  <Point X="173.0" Y="180.0" />
  <Point X="172.0" Y="180.0" />
  <Point X="171.0" Y="180.0" />
  <Point X="170.0" Y="180.0" />
  <Point X="170.0" Y="181.0" />
  <Point X="169.34375829181644" Y="181.0" />
  <Point X="169.0" Y="181.0" />
  <Point X="168.0" Y="181.0" />
  <Point X="167.0" Y="181.0" />
  <Point X="166.0" Y="181.0" />
  <Point X="165.0" Y="181.0" />
  <Point X="164.58299670328128" Y="181.0" />
  <Point X="164.0" Y="181.0" />
  <Point X="163.0" Y="181.0" />
  <Point X="162.0" Y="181.0" />
  <Point X="161.0" Y="181.0" />
  <Point X="160.0" Y="181.0" />
  <Point X="159.82223511474612" Y="181.0" />
  <Point X="158.0" Y="181.0" />
  <Point X="157.0" Y="181.0" />
  <Point X="156.0" Y="181.0" />
  <Point X="155.06147352621096" Y="181.0" />
  <Point X="155.0" Y="181.0" />
  <Point X="154.0" Y="182.0" />
  <Point X="153.0" Y="182.0" />
  <Point X="152.0" Y="182.0" />
  <Point X="151.0" Y="182.0" />
  <Point X="150.71492550004888" Y="182.0" />
  <Point X="150.0" Y="182.0" />
  <Point X="149.0" Y="182.0" />
  <Point X="148.0" Y="182.0" />
  <Point X="147.0" Y="182.0" />
  <Point X="146.0" Y="182.0" />
  <Point X="145.95416391151372" Y="182.0" />
  <Point X="145.0" Y="182.0" />
  <Point X="144.0" Y="182.0" />
  <Point X="143.0" Y="182.0" />
  <Point X="142.0" Y="182.0" />
  <Point X="141.19340232297856" Y="182.0" />
  <Point X="141.0" Y="182.0" />
  <Point X="140.0" Y="182.0" />
  <Point X="139.0" Y="182.0" />
  <Point X="138.0" Y="182.0" />
  <Point X="137.0" Y="182.0" />
  <Point X="136.4326407344434" Y="182.0" />
  <Point X="136.0" Y="182.0" />
  <Point X="135.0" Y="182.0" />
  <Point X="134.0" Y="182.0" />
  <Point X="133.0" Y="182.0" />
  <Point X="132.0" Y="182.0" />
  <Point X="131.67187914590824" Y="182.0" />
  <Point X="131.0" Y="182.0" />
  <Point X="130.0" Y="182.0" />
  <Point X="129.0" Y="182.0" />
  <Point X="128.0" Y="182.0" />
  <Point X="127.0" Y="182.0" />
  <Point X="126.91111755737307" Y="182.0" />
  <Point X="126.0" Y="182.0" />
  <Point X="125.0" Y="182.0" />
  <Point X="124.0" Y="182.0" />
  <Point X="123.0" Y="182.0" />
  <Point X="122.15035596883791" Y="182.0" />
  <Point X="122.0" Y="182.0" />
  <Point X="121.0" Y="182.0" />
  <Point X="120.0" Y="182.0" />
  <Point X="118.0" Y="182.0" />
  <Point X="117.38959438030275" Y="182.0" />
  <Point X="117.0" Y="182.0" />
  <Point X="116.0" Y="182.0" />
  <Point X="115.0" Y="182.0" />
  <Point X="114.0" Y="182.0" />
  <Point X="113.0" Y="182.0" />
  <Point X="112.62883279176759" Y="182.0" />
  <Point X="112.0" Y="182.0" />
  <Point X="111.0" Y="182.0" />
  <Point X="111.0" Y="181.0" />
  <Point X="110.0" Y="181.0" />
  <Point X="109.0" Y="181.0" />
  <Point X="108.86807120323243" Y="181.0" />
  <Point X="108.0" Y="181.0" />
  <Point X="107.0" Y="181.0" />
  <Point X="106.0" Y="181.0" />
  <Point X="106.0" Y="180.0" />
  <Point X="106.0" Y="179.10730961469727" />
  <Point X="106.0" Y="179.0" />
  <Point X="107.0" Y="179.0" />
  <Point X="107.0" Y="178.0" />
  <Point X="108.0" Y="178.0" />
  <Point X="109.0" Y="177.0" />
  <Point X="109.0" Y="176.7607615885352" />
  <Point X="109.0" Y="176.0" />
  <Point X="110.0" Y="176.0" />
  <Point X="111.0" Y="176.0" />
  <Point X="111.0" Y="175.0" />
  <Point X="111.99999999999997" Y="175.0" />
  <Point X="112.0" Y="175.0" />
</Project_1_Part_4>
