<?xml version="1.0" encoding="utf-8" standalone="yes"?>
<Gesture Name="right_sq_bracket3" Subject="1" Number="1" NumPts="377">
  <Point X="130.0" Y="82.0" />
  <Point X="131.0" Y="82.0" />
  <Point X="132.0" Y="82.0" />
  <Point X="133.0" Y="82.0" />
  <Point X="133.0" Y="81.0" />
  <Point X="134.0" Y="81.0" />
  <Point X="134.0607686845198" Y="81.0" />
  <Point X="135.0" Y="81.0" />
  <Point X="136.0" Y="81.0" />
  <Point X="137.0" Y="81.0" />
  <Point X="138.0" Y="81.0" />
  <Point X="139.0" Y="81.0" />
  <Point X="139.12153736903957" Y="81.0" />
  <Point X="140.0" Y="81.0" />
  <Point X="141.0" Y="81.0" />
  <Point X="142.0" Y="81.0" />
  <Point X="143.0" Y="81.0" />
  <Point X="144.0" Y="81.0" />
  <Point X="144.18230605355936" Y="81.0" />
  <Point X="145.0" Y="81.0" />
  <Point X="146.0" Y="81.0" />
  <Point X="146.0" Y="80.0" />
  <Point X="147.0" Y="80.0" />
  <Point X="148.0" Y="80.0" />
  <Point X="148.24307473807914" Y="80.0" />
  <Point X="149.0" Y="80.0" />
  <Point X="150.0" Y="80.0" />
  <Point X="151.0" Y="80.0" />
  <Point X="152.0" Y="80.0" />
  <Point X="153.0" Y="80.0" />
  <Point X="153.30384342259893" Y="80.0" />
  <Point X="154.0" Y="80.0" />
  <Point X="155.0" Y="80.0" />
  <Point X="156.0" Y="80.0" />
  <Point X="157.0" Y="80.0" />
  <Point X="157.9649264746329" Y="79.0350735253671" />
  <Point X="158.0" Y="79.0" />
  <Point X="159.0" Y="79.0" />
  <Point X="160.0" Y="79.0" />
  <Point X="160.0" Y="78.0" />
  <Point X="161.0" Y="78.0" />
  <Point X="162.0" Y="78.0" />
  <Point X="162.0111672292654" Y="78.0" />
  <Point X="163.0" Y="78.0" />
  <Point X="164.0" Y="78.0" />
  <Point X="165.0" Y="78.0" />
  <Point X="166.0" Y="78.0" />
  <Point X="167.0" Y="78.0" />
  <Point X="167.07193591378518" Y="78.0" />
  <Point X="168.0" Y="78.0" />
  <Point X="169.0" Y="78.0" />
  <Point X="170.0" Y="78.0" />
  <Point X="171.0" Y="78.0" />
  <Point X="172.0" Y="78.0" />
  <Point X="172.13270459830497" Y="78.0" />
  <Point X="173.0" Y="78.0" />
  <Point X="174.0" Y="78.0" />
  <Point X="174.0" Y="79.0" />
  <Point X="174.0" Y="80.0" />
  <Point X="174.0" Y="81.0" />
  <Point X="174.0" Y="81.19347328282475" />
  <Point X="174.0" Y="82.0" />
  <Point X="174.0" Y="83.0" />
  <Point X="174.0" Y="84.0" />
  <Point X="174.0" Y="85.0" />
  <Point X="173.0" Y="85.0" />
  <Point X="173.0" Y="85.25424196734454" />
  <Point X="173.0" Y="86.0" />
  <Point X="173.0" Y="87.0" />
  <Point X="173.0" Y="88.0" />
  <Point X="173.0" Y="89.0" />
  <Point X="173.0" Y="90.0" />
  <Point X="173.0" Y="90.31501065186433" />
  <Point X="173.0" Y="91.0" />
  <Point X="173.0" Y="92.0" />
  <Point X="172.0" Y="92.0" />
  <Point X="172.0" Y="93.0" />
  <Point X="172.0" Y="94.0" />
  <Point X="172.0" Y="94.37577933638411" />
  <Point X="172.0" Y="95.0" />
  <Point X="172.0" Y="96.0" />
  <Point X="171.0" Y="96.0" />
  <Point X="171.0" Y="97.0" />
  <Point X="171.0" Y="98.0" />
  <Point X="171.0" Y="98.4365480209039" />
  <Point X="171.0" Y="99.0" />
  <Point X="170.0" Y="99.0" />
  <Point X="170.0" Y="100.0" />
  <Point X="169.0" Y="100.0" />
  <Point X="169.0" Y="101.0" />
  <Point X="169.0" Y="101.49731670542369" />
  <Point X="169.0" Y="102.0" />
  <Point X="168.0" Y="102.0" />
  <Point X="168.0" Y="103.0" />
  <Point X="168.0" Y="104.0" />
  <Point X="167.0" Y="104.0" />
  <Point X="167.0" Y="104.55808538994347" />
  <Point X="167.0" Y="105.0" />
  <Point X="167.0" Y="106.0" />
  <Point X="166.0" Y="106.0" />
  <Point X="165.0" Y="107.0" />
  <Point X="165.0" Y="108.0" />
  <Point X="165.0" Y="108.20464051209015" />
  <Point X="165.0" Y="109.0" />
  <Point X="164.0" Y="109.0" />
  <Point X="164.0" Y="110.0" />
  <Point X="164.0" Y="111.0" />
  <Point X="164.0" Y="112.0" />
  <Point X="163.73459080339006" Y="112.0" />
  <Point X="163.0" Y="112.0" />
  <Point X="163.0" Y="113.0" />
  <Point X="163.0" Y="114.0" />
  <Point X="162.0" Y="114.0" />
  <Point X="162.0" Y="115.0" />
  <Point X="162.0" Y="115.32617788112972" />
  <Point X="162.0" Y="116.0" />
  <Point X="161.0" Y="116.0" />
  <Point X="161.0" Y="117.0" />
  <Point X="161.0" Y="118.0" />
  <Point X="161.0" Y="119.0" />
  <Point X="161.0" Y="119.38694656564951" />
  <Point X="161.0" Y="120.0" />
  <Point X="160.0" Y="120.0" />
  <Point X="160.0" Y="121.0" />
  <Point X="160.0" Y="122.0" />
  <Point X="159.0" Y="122.0" />
  <Point X="159.0" Y="122.4477152501693" />
  <Point X="159.0" Y="123.0" />
  <Point X="159.0" Y="124.0" />
  <Point X="159.0" Y="125.0" />
  <Point X="158.0" Y="125.0" />
  <Point X="158.0" Y="126.0" />
  <Point X="158.0" Y="126.50848393468908" />
  <Point X="158.0" Y="127.0" />
  <Point X="158.0" Y="128.0" />
  <Point X="158.0" Y="129.0" />
  <Point X="157.0" Y="129.0" />
  <Point X="157.0" Y="130.0" />
  <Point X="156.43074738079113" Y="130.0" />
  <Point X="156.0" Y="130.0" />
  <Point X="156.0" Y="131.0" />
  <Point X="156.0" Y="132.0" />
  <Point X="156.0" Y="133.0" />
  <Point X="156.0" Y="134.0" />
  <Point X="156.0" Y="134.63002130372865" />
  <Point X="156.0" Y="135.0" />
  <Point X="156.0" Y="136.0" />
  <Point X="156.0" Y="137.0" />
  <Point X="156.0" Y="138.0" />
  <Point X="156.0" Y="139.0" />
  <Point X="156.0" Y="139.69078998824844" />
  <Point X="156.0" Y="140.0" />
  <Point X="156.0" Y="141.0" />
  <Point X="156.0" Y="142.0" />
  <Point X="156.0" Y="143.0" />
  <Point X="156.0" Y="144.0" />
  <Point X="156.0" Y="144.75155867276823" />
  <Point X="156.0" Y="145.0" />
  <Point X="156.0" Y="146.0" />
  <Point X="156.0" Y="147.0" />
  <Point X="156.0" Y="148.0" />
  <Point X="156.0" Y="149.0" />
  <Point X="156.0" Y="149.812327357288" />
  <Point X="156.0" Y="150.0" />
  <Point X="156.0" Y="151.0" />
  <Point X="156.0" Y="152.0" />
  <Point X="156.0" Y="153.0" />
  <Point X="155.0" Y="153.0" />
  <Point X="155.0" Y="153.8730960418078" />
  <Point X="155.0" Y="154.0" />
  <Point X="155.0" Y="155.0" />
  <Point X="155.0" Y="156.0" />
  <Point X="155.0" Y="157.0" />
  <Point X="155.0" Y="158.0" />
  <Point X="155.0" Y="158.93386472632758" />
  <Point X="155.0" Y="159.0" />
  <Point X="154.0" Y="159.0" />
  <Point X="154.0" Y="160.0" />
  <Point X="154.0" Y="161.0" />
  <Point X="154.0" Y="162.0" />
  <Point X="154.0" Y="162.99463341084737" />
  <Point X="154.0" Y="163.0" />
  <Point X="154.0" Y="164.0" />
  <Point X="154.0" Y="165.0" />
  <Point X="153.0" Y="165.0" />
  <Point X="153.0" Y="166.0" />
  <Point X="153.0" Y="167.0" />
  <Point X="152.94459790463284" Y="167.0" />
  <Point X="152.0" Y="167.0" />
  <Point X="152.0" Y="168.0" />
  <Point X="152.0" Y="169.0" />
  <Point X="152.0" Y="170.0" />
  <Point X="152.0" Y="171.0" />
  <Point X="151.88382922011306" Y="171.0" />
  <Point X="151.0" Y="171.0" />
  <Point X="151.0" Y="172.0" />
  <Point X="151.0" Y="173.0" />
  <Point X="151.0" Y="174.0" />
  <Point X="150.0" Y="174.0" />
  <Point X="150.0" Y="174.17693946440673" />
  <Point X="150.0" Y="175.0" />
  <Point X="150.0" Y="176.0" />
  <Point X="150.0" Y="177.0" />
  <Point X="150.0" Y="178.0" />
  <Point X="149.0" Y="178.0" />
  <Point X="149.0" Y="178.23770814892652" />
  <Point X="149.0" Y="179.0" />
  <Point X="148.0" Y="179.0" />
  <Point X="148.0" Y="180.0" />
  <Point X="148.0" Y="181.0" />
  <Point X="147.0" Y="181.0" />
  <Point X="147.0" Y="181.2984768334463" />
  <Point X="147.0" Y="182.0" />
  <Point X="147.0" Y="183.0" />
  <Point X="146.0" Y="183.0" />
  <Point X="146.0" Y="184.0" />
  <Point X="145.0" Y="184.0" />
  <Point X="144.6407544820339" Y="184.0" />
  <Point X="144.0" Y="184.0" />
  <Point X="143.0" Y="184.0" />
  <Point X="142.0" Y="184.0" />
  <Point X="141.0" Y="184.0" />
  <Point X="140.0" Y="184.0" />
  <Point X="139.57998579751413" Y="184.0" />
  <Point X="139.0" Y="184.0" />
  <Point X="138.0" Y="184.0" />
  <Point X="137.0" Y="184.0" />
  <Point X="136.0" Y="184.0" />
  <Point X="135.0" Y="184.0" />
  <Point X="134.51921711299434" Y="184.0" />
  <Point X="134.0" Y="184.0" />
  <Point X="133.0" Y="184.0" />
  <Point X="132.0" Y="184.0" />
  <Point X="131.0" Y="184.0" />
  <Point X="130.0" Y="184.0" />
  <Point X="129.45844842847455" Y="184.0" />
  <Point X="129.0" Y="184.0" />
  <Point X="128.0" Y="184.0" />
  <Point X="127.0" Y="184.0" />
  <Point X="126.0" Y="184.0" />
  <Point X="125.0" Y="184.0" />
  <Point X="124.39767974395477" Y="184.0" />
  <Point X="124.0" Y="184.0" />
  <Point X="123.0" Y="184.0" />
  <Point X="122.0" Y="184.0" />
  <Point X="121.0" Y="184.0" />
  <Point X="120.0" Y="184.0" />
  <Point X="119.33691105943498" Y="184.0" />
  <Point X="119.0" Y="184.0" />
  <Point X="118.0" Y="184.0" />
  <Point X="116.0" Y="184.0" />
  <Point X="115.0" Y="184.0" />
  <Point X="114.2761423749152" Y="184.0" />
  <Point X="114.0" Y="184.0" />
  <Point X="113.0" Y="184.0" />
  <Point X="112.0" Y="184.0" />
  <Point X="111.0" Y="184.0" />
  <Point X="110.0" Y="184.0" />
  <Point X="109.21537369039541" Y="184.0" />
  <Point X="109.0" Y="184.0" />
  <Point X="108.0" Y="184.0" />
  <Point X="107.0" Y="184.0" />
  <Point X="106.0" Y="184.0" />
  <Point X="105.0" Y="184.0" />
  <Point X="104.15460500587562" Y="184.0" />
  <Point X="104.0" Y="184.0" />
  <Point X="103.0" Y="184.0" />
  <Point X="101.0" Y="184.0" />
  <Point X="100.0" Y="184.0" />
  <Point X="99.09383632135584" Y="184.0" />
  <Point X="99.0" Y="184.0" />
  <Point X="97.0" Y="184.0" />
  <Point X="96.0" Y="184.0" />
  <Point X="95.0" Y="184.0" />
  <Point X="94.03306763683605" Y="184.0" />
  <Point X="94.0" Y="184.0" />
  <Point X="93.0" Y="184.0" />
  <Point X="92.0" Y="184.0" />
  <Point X="91.0" Y="184.0" />
  <Point X="90.0" Y="184.0" />
  <Point X="89.0" Y="184.0" />
  <Point X="88.97229895231627" Y="184.0" />
  <Point X="88.0" Y="184.0" />
  <Point X="87.0" Y="184.0" />
  <Point X="86.0" Y="184.0" />
  <Point X="85.0" Y="184.0" />
  <Point X="84.0" Y="184.0" />
  <Point X="83.91153026779648" Y="184.0" />
  <Point X="83.0" Y="184.0" />
  <Point X="82.0" Y="184.0" />
  <Point X="81.0" Y="184.0" />
  <Point X="80.0" Y="184.0" />
  <Point X="79.0" Y="184.0" />
  <Point X="78.8507615832767" Y="184.0" />
  <Point X="78.0" Y="184.0" />
  <Point X="77.0" Y="184.0" />
  <Point X="76.0" Y="184.0" />
  <Point X="75.0" Y="184.0" />
  <Point X="74.0" Y="184.0" />
  <Point X="73.7899928987569" Y="184.0" />
  <Point X="73.0" Y="184.0" />
  <Point X="72.0" Y="184.0" />
  <Point X="71.0" Y="184.0" />
  <Point X="70.0" Y="184.0" />
  <Point X="69.0" Y="184.0" />
  <Point X="68.72922421423712" Y="184.0" />
  <Point X="68.0" Y="184.0" />
  <Point X="67.0" Y="184.0" />
  <Point X="66.0" Y="184.0" />
  <Point X="65.0" Y="184.0" />
  <Point X="64.0" Y="184.0" />
  <Point X="63.66845552971734" Y="184.0" />
  <Point X="63.0" Y="184.0" />
  <Point X="62.0" Y="184.0" />
  <Point X="61.0" Y="184.0" />
  <Point X="60.0" Y="184.0" />
  <Point X="58.60768684519756" Y="184.0" />
  <Point X="58.0" Y="184.0" />
  <Point X="57.0" Y="184.0" />
  <Point X="56.0" Y="184.0" />
  <Point X="55.0" Y="184.0" />
  <Point X="54.0" Y="184.0" />
  <Point X="53.546918160677784" Y="184.0" />
  <Point X="53.0" Y="184.0" />
  <Point X="52.0" Y="184.0" />
  <Point X="51.0" Y="184.0" />
  <Point X="50.0" Y="184.0" />
  <Point X="49.0" Y="184.0" />
  <Point X="48.486149476158005" Y="184.0" />
  <Point X="48.0" Y="184.0" />
  <Point X="47.0" Y="184.0" />
  <Point X="46.0" Y="184.0" />
  <Point X="45.0" Y="184.0" />
  <Point X="44.0" Y="184.0" />
  <Point X="43.425380791638226" Y="184.0" />
  <Point X="43.0" Y="184.0" />
  <Point X="42.0" Y="184.0" />
  <Point X="41.0" Y="184.0" />
  <Point X="40.0" Y="184.0" />
  <Point X="39.0" Y="184.0" />
  <Point X="38.36461210711845" Y="184.0" />
  <Point X="38.0" Y="184.0" />
  <Point X="37.0" Y="184.0" />
  <Point X="36.0" Y="184.0" />
  <Point X="35.0" Y="184.0" />
  <Point X="34.0" Y="184.0" />
  <Point X="33.30384342259867" Y="184.0" />
  <Point X="33.0" Y="184.0" />
  <Point X="32.0" Y="184.0" />
  <Point X="31.0" Y="184.0" />
  <Point X="30.0" Y="184.0" />
  <Point X="29.0" Y="184.0" />
  <Point X="28.24307473807889" Y="184.0" />
  <Point X="28.0" Y="184.0" />
  <Point X="27.0" Y="184.0" />
  <Point X="26.0" Y="184.0" />
  <Point X="25.0" Y="184.0" />
  <Point X="24.0" Y="184.0" />
  <Point X="23.18230605355911" Y="184.0" />
  <Point X="23.0" Y="184.0" />
  <Point X="22.0" Y="184.0" />
  <Point X="21.0" Y="184.0" />
  <Point X="20.0" Y="184.0" />
  <Point X="19.0" Y="184.0" />
  <Point X="18.12153736903933" Y="184.0" />
  <Point X="18.0" Y="184.0" />
  <Point X="17.0" Y="184.0" />
  <Point X="16.0" Y="184.0" />
  <Point X="15.0" Y="184.0" />
  <Point X="14.0" Y="184.0" />
  <Point X="13.06076868451955" Y="184.0" />
  <Point X="13.0" Y="184.0" />
  <Point X="12.0" Y="184.0" />
  <Point X="11.0" Y="184.0" />
  <Point X="10.0" Y="184.0" />
  <Point X="9.0" Y="184.0" />
  <Point X="8.0" Y="184.0" />
</Project_1_Part_4>
