<?xml version="1.0" encoding="utf-8" standalone="yes"?>
<Gesture Name="right_curly_brace8" Subject="1" Number="1" NumPts="500">
  <Point X="117.0" Y="96.0" />
  <Point X="118.0" Y="96.0" />
  <Point X="119.0" Y="96.0" />
  <Point X="120.0" Y="96.0" />
  <Point X="121.0" Y="96.0" />
  <Point X="122.0" Y="96.0" />
  <Point X="123.0" Y="96.0" />
  <Point X="124.0" Y="96.0" />
  <Point X="124.69534610754047" Y="96.0" />
  <Point X="125.0" Y="96.0" />
  <Point X="126.0" Y="96.0" />
  <Point X="127.0" Y="96.0" />
  <Point X="128.0" Y="96.0" />
  <Point X="130.0" Y="96.0" />
  <Point X="131.0" Y="95.0" />
  <Point X="131.97647865270784" Y="95.0" />
  <Point X="132.0" Y="95.0" />
  <Point X="133.0" Y="95.0" />
  <Point X="134.0" Y="95.0" />
  <Point X="136.0" Y="95.0" />
  <Point X="137.0" Y="95.0" />
  <Point X="138.0" Y="95.0" />
  <Point X="139.0" Y="95.0" />
  <Point X="139.6718247602483" Y="95.0" />
  <Point X="140.0" Y="95.0" />
  <Point X="142.0" Y="95.0" />
  <Point X="143.0" Y="95.0" />
  <Point X="145.0" Y="95.0" />
  <Point X="146.0" Y="95.0" />
  <Point X="147.0" Y="95.0" />
  <Point X="147.3671708677888" Y="95.0" />
  <Point X="149.0" Y="95.0" />
  <Point X="150.0" Y="95.0" />
  <Point X="151.0" Y="95.0" />
  <Point X="152.0" Y="95.0" />
  <Point X="153.0" Y="95.0" />
  <Point X="154.0" Y="95.0" />
  <Point X="155.0" Y="95.0" />
  <Point X="155.06251697532926" Y="95.0" />
  <Point X="156.0" Y="95.0" />
  <Point X="157.0" Y="95.0" />
  <Point X="158.0" Y="95.0" />
  <Point X="159.0" Y="95.0" />
  <Point X="160.0" Y="95.0" />
  <Point X="161.0" Y="95.0" />
  <Point X="162.0" Y="95.0" />
  <Point X="162.75786308286973" Y="95.0" />
  <Point X="163.0" Y="95.0" />
  <Point X="164.0" Y="95.0" />
  <Point X="165.0" Y="95.0" />
  <Point X="166.0" Y="95.0" />
  <Point X="167.0" Y="95.0" />
  <Point X="168.0" Y="95.0" />
  <Point X="169.0" Y="95.0" />
  <Point X="170.0" Y="95.0" />
  <Point X="170.4532091904102" Y="95.0" />
  <Point X="171.0" Y="95.0" />
  <Point X="172.0" Y="95.0" />
  <Point X="173.0" Y="95.0" />
  <Point X="174.0" Y="95.0" />
  <Point X="175.0" Y="95.0" />
  <Point X="176.0" Y="95.0" />
  <Point X="177.0" Y="95.0" />
  <Point X="177.0" Y="96.0" />
  <Point X="176.85144470204932" Y="96.0" />
  <Point X="176.0" Y="96.0" />
  <Point X="175.0" Y="96.0" />
  <Point X="174.0" Y="97.0" />
  <Point X="174.0" Y="98.0" />
  <Point X="173.0" Y="98.0" />
  <Point X="172.0" Y="98.0" />
  <Point X="171.0" Y="98.0" />
  <Point X="170.57031215688195" Y="98.0" />
  <Point X="170.0" Y="98.0" />
  <Point X="170.0" Y="99.0" />
  <Point X="169.0" Y="99.0" />
  <Point X="168.0" Y="99.0" />
  <Point X="167.0" Y="99.0" />
  <Point X="166.0" Y="100.0" />
  <Point X="165.0" Y="101.0" />
  <Point X="164.70339317408767" Y="101.0" />
  <Point X="164.0" Y="101.0" />
  <Point X="162.0" Y="102.0" />
  <Point X="161.0" Y="102.0" />
  <Point X="159.0" Y="102.0" />
  <Point X="159.0" Y="103.0" />
  <Point X="158.244115044047" Y="103.0" />
  <Point X="158.0" Y="103.0" />
  <Point X="157.0" Y="104.0" />
  <Point X="156.0" Y="104.0" />
  <Point X="155.0" Y="104.0" />
  <Point X="154.0" Y="104.0" />
  <Point X="153.0" Y="104.0" />
  <Point X="151.17803615845523" Y="104.91098192077239" />
  <Point X="151.0" Y="105.0" />
  <Point X="149.0" Y="106.0" />
  <Point X="148.0" Y="106.0" />
  <Point X="147.0" Y="106.0" />
  <Point X="146.0" Y="107.0" />
  <Point X="145.0" Y="107.0" />
  <Point X="144.15398590871183" Y="107.0" />
  <Point X="144.0" Y="107.0" />
  <Point X="143.0" Y="107.0" />
  <Point X="143.0" Y="108.0" />
  <Point X="141.0" Y="108.0" />
  <Point X="140.0" Y="109.0" />
  <Point X="139.0" Y="109.0" />
  <Point X="138.0" Y="109.0" />
  <Point X="138.0" Y="109.12714663645554" />
  <Point X="138.0" Y="110.0" />
  <Point X="137.0" Y="110.0" />
  <Point X="136.0" Y="110.0" />
  <Point X="135.0" Y="110.0" />
  <Point X="135.0" Y="111.0" />
  <Point X="134.0" Y="112.0" />
  <Point X="133.0" Y="112.0" />
  <Point X="132.5917208183771" Y="112.0" />
  <Point X="132.0" Y="112.0" />
  <Point X="132.0" Y="113.0" />
  <Point X="131.0" Y="113.0" />
  <Point X="130.0" Y="113.0" />
  <Point X="130.0" Y="114.0" />
  <Point X="129.0" Y="114.0" />
  <Point X="128.0" Y="114.0" />
  <Point X="128.0" Y="115.0" />
  <Point X="127.89637471083662" Y="115.0" />
  <Point X="127.0" Y="115.0" />
  <Point X="127.0" Y="116.0" />
  <Point X="126.0" Y="116.0" />
  <Point X="126.0" Y="117.0" />
  <Point X="126.0" Y="118.0" />
  <Point X="127.0" Y="118.0" />
  <Point X="128.0" Y="118.0" />
  <Point X="128.0" Y="118.79897139670385" />
  <Point X="128.0" Y="119.0" />
  <Point X="129.0" Y="119.0" />
  <Point X="130.0" Y="119.0" />
  <Point X="131.0" Y="119.0" />
  <Point X="132.0" Y="119.0" />
  <Point X="133.0" Y="119.0" />
  <Point X="133.0" Y="120.0" />
  <Point X="134.0" Y="120.0" />
  <Point X="134.0" Y="120.49431750424432" />
  <Point X="134.0" Y="121.0" />
  <Point X="135.0" Y="121.0" />
  <Point X="136.0" Y="121.0" />
  <Point X="137.0" Y="121.0" />
  <Point X="138.0" Y="121.0" />
  <Point X="139.0" Y="121.0" />
  <Point X="140.0" Y="121.0" />
  <Point X="141.0" Y="121.0" />
  <Point X="141.0" Y="121.1896636117848" />
  <Point X="141.0" Y="122.0" />
  <Point X="142.0" Y="122.0" />
  <Point X="143.0" Y="122.0" />
  <Point X="144.0" Y="122.0" />
  <Point X="146.0" Y="123.0" />
  <Point X="147.0" Y="123.0" />
  <Point X="147.64894174182547" Y="123.0" />
  <Point X="148.0" Y="123.0" />
  <Point X="150.0" Y="124.0" />
  <Point X="151.0" Y="124.0" />
  <Point X="152.0" Y="124.0" />
  <Point X="153.0" Y="125.0" />
  <Point X="154.0" Y="125.0" />
  <Point X="154.69400630949306" Y="125.0" />
  <Point X="155.0" Y="125.0" />
  <Point X="156.0" Y="125.0" />
  <Point X="157.0" Y="125.0" />
  <Point X="158.0" Y="125.0" />
  <Point X="159.0" Y="125.0" />
  <Point X="160.0" Y="125.0" />
  <Point X="160.0" Y="126.0" />
  <Point X="161.0" Y="126.0" />
  <Point X="161.38935241703354" Y="126.0" />
  <Point X="162.0" Y="126.0" />
  <Point X="163.0" Y="126.0" />
  <Point X="164.0" Y="126.0" />
  <Point X="165.0" Y="126.0" />
  <Point X="166.0" Y="126.0" />
  <Point X="167.0" Y="126.0" />
  <Point X="168.0" Y="126.0" />
  <Point X="169.0" Y="126.0" />
  <Point X="169.084698524574" Y="126.0" />
  <Point X="170.0" Y="126.0" />
  <Point X="171.0" Y="126.0" />
  <Point X="172.0" Y="126.0" />
  <Point X="172.0" Y="127.0" />
  <Point X="173.0" Y="127.0" />
  <Point X="173.0" Y="128.0" />
  <Point X="173.0" Y="129.0" />
  <Point X="172.21995536788552" Y="129.0" />
  <Point X="172.0" Y="129.0" />
  <Point X="172.0" Y="130.0" />
  <Point X="171.0" Y="130.0" />
  <Point X="171.0" Y="131.0" />
  <Point X="170.0" Y="132.0" />
  <Point X="169.0" Y="133.0" />
  <Point X="168.0" Y="133.0" />
  <Point X="168.0" Y="133.64696361490877" />
  <Point X="168.0" Y="134.0" />
  <Point X="167.0" Y="134.0" />
  <Point X="166.0" Y="135.0" />
  <Point X="166.0" Y="136.0" />
  <Point X="165.0" Y="136.0" />
  <Point X="164.0" Y="136.0" />
  <Point X="164.0" Y="137.0" />
  <Point X="163.07190383992386" Y="137.0" />
  <Point X="163.0" Y="137.0" />
  <Point X="162.0" Y="137.0" />
  <Point X="162.0" Y="138.0" />
  <Point X="160.0" Y="138.0" />
  <Point X="160.0" Y="139.0" />
  <Point X="159.0" Y="140.0" />
  <Point X="158.0" Y="140.0" />
  <Point X="158.0" Y="140.2092287052435" />
  <Point X="158.0" Y="141.0" />
  <Point X="157.0" Y="141.0" />
  <Point X="156.0" Y="141.0" />
  <Point X="156.0" Y="142.0" />
  <Point X="155.0" Y="142.0" />
  <Point X="154.0" Y="142.0" />
  <Point X="154.0" Y="143.0" />
  <Point X="153.3603690157899" Y="143.6396309842101" />
  <Point X="153.0" Y="144.0" />
  <Point X="152.0" Y="144.0" />
  <Point X="151.0" Y="145.0" />
  <Point X="150.0" Y="145.0" />
  <Point X="150.0" Y="146.0" />
  <Point X="149.0" Y="146.0" />
  <Point X="148.0" Y="146.0" />
  <Point X="148.0" Y="146.77149379557827" />
  <Point X="148.0" Y="147.0" />
  <Point X="147.0" Y="148.0" />
  <Point X="146.0" Y="148.0" />
  <Point X="145.0" Y="149.0" />
  <Point X="144.0" Y="150.0" />
  <Point X="142.0" Y="150.0" />
  <Point X="142.0" Y="150.22419921599945" />
  <Point X="142.0" Y="151.0" />
  <Point X="141.0" Y="151.0" />
  <Point X="140.0" Y="152.0" />
  <Point X="139.0" Y="152.0" />
  <Point X="138.0" Y="153.0" />
  <Point X="138.0" Y="154.0" />
  <Point X="136.90888180120626" Y="154.0" />
  <Point X="136.0" Y="154.0" />
  <Point X="135.0" Y="155.0" />
  <Point X="134.0" Y="156.0" />
  <Point X="133.0" Y="157.0" />
  <Point X="132.0" Y="157.0" />
  <Point X="131.0" Y="157.0" />
  <Point X="130.61545863108373" Y="157.38454136891627" />
  <Point X="130.0" Y="158.0" />
  <Point X="129.0" Y="158.0" />
  <Point X="128.0" Y="159.0" />
  <Point X="127.0" Y="160.0" />
  <Point X="126.0" Y="160.0" />
  <Point X="125.0" Y="161.0" />
  <Point X="124.58824077723746" Y="161.41175922276256" />
  <Point X="124.0" Y="162.0" />
  <Point X="123.0" Y="162.0" />
  <Point X="123.0" Y="163.0" />
  <Point X="122.0" Y="163.0" />
  <Point X="121.0" Y="164.0" />
  <Point X="120.0" Y="164.0" />
  <Point X="120.0" Y="165.0" />
  <Point X="119.55076553994272" Y="165.0" />
  <Point X="119.0" Y="165.0" />
  <Point X="119.0" Y="166.0" />
  <Point X="118.0" Y="166.0" />
  <Point X="118.0" Y="167.0" />
  <Point X="117.0" Y="167.0" />
  <Point X="117.0" Y="168.0" />
  <Point X="116.0" Y="168.0" />
  <Point X="116.0" Y="169.0" />
  <Point X="116.0" Y="169.14458056759776" />
  <Point X="116.0" Y="170.0" />
  <Point X="116.0" Y="171.0" />
  <Point X="116.0" Y="172.0" />
  <Point X="117.0" Y="172.0" />
  <Point X="118.0" Y="172.0" />
  <Point X="119.0" Y="173.0" />
  <Point X="119.0" Y="174.0" />
  <Point X="119.42571311276512" Y="174.0" />
  <Point X="120.0" Y="174.0" />
  <Point X="121.0" Y="174.0" />
  <Point X="122.0" Y="174.0" />
  <Point X="123.0" Y="174.0" />
  <Point X="123.0" Y="175.0" />
  <Point X="124.0" Y="175.0" />
  <Point X="125.0" Y="175.0" />
  <Point X="126.0" Y="175.0" />
  <Point X="126.1210592203056" Y="175.0" />
  <Point X="127.0" Y="175.0" />
  <Point X="127.0" Y="176.0" />
  <Point X="129.0" Y="176.0" />
  <Point X="130.0" Y="176.0" />
  <Point X="131.0" Y="176.0" />
  <Point X="132.0" Y="177.0" />
  <Point X="132.40219176547296" Y="177.0" />
  <Point X="133.0" Y="177.0" />
  <Point X="135.0" Y="178.0" />
  <Point X="136.0" Y="178.0" />
  <Point X="137.0" Y="178.0" />
  <Point X="138.0" Y="178.0" />
  <Point X="139.86146989551364" Y="178.0" />
  <Point X="140.0" Y="178.0" />
  <Point X="141.0" Y="178.0" />
  <Point X="142.0" Y="178.0" />
  <Point X="143.0" Y="178.0" />
  <Point X="144.0" Y="178.0" />
  <Point X="145.0" Y="178.0" />
  <Point X="146.0" Y="178.0" />
  <Point X="147.0" Y="178.0" />
  <Point X="147.5568160030541" Y="178.0" />
  <Point X="149.0" Y="178.0" />
  <Point X="151.0" Y="178.0" />
  <Point X="152.0" Y="179.0" />
  <Point X="154.83794854822148" Y="179.0" />
  <Point X="155.0" Y="179.0" />
  <Point X="156.0" Y="180.0" />
  <Point X="157.0" Y="180.0" />
  <Point X="159.0" Y="180.0" />
  <Point X="161.0" Y="180.0" />
  <Point X="162.0" Y="180.0" />
  <Point X="162.11908109338884" Y="180.0" />
  <Point X="163.0" Y="180.0" />
  <Point X="165.0" Y="180.0" />
  <Point X="166.0" Y="180.0" />
  <Point X="167.0" Y="180.0" />
  <Point X="169.0" Y="180.0" />
  <Point X="169.81442720092932" Y="180.0" />
  <Point X="171.0" Y="180.0" />
  <Point X="172.0" Y="180.0" />
  <Point X="174.0" Y="180.0" />
  <Point X="176.0" Y="181.0" />
  <Point X="177.0" Y="181.0" />
  <Point X="177.27370533097" Y="181.0" />
  <Point X="178.0" Y="181.0" />
  <Point X="179.0" Y="181.0" />
  <Point X="180.0" Y="181.0" />
  <Point X="181.0" Y="181.0" />
  <Point X="182.0" Y="182.0" />
  <Point X="183.0" Y="182.0" />
  <Point X="184.0" Y="182.0" />
  <Point X="184.55483787613736" Y="182.0" />
  <Point X="186.0" Y="182.0" />
  <Point X="187.0" Y="182.0" />
  <Point X="188.0" Y="182.0" />
  <Point X="189.0" Y="182.0" />
  <Point X="190.0" Y="182.0" />
  <Point X="191.0" Y="182.0" />
  <Point X="192.0" Y="182.0" />
  <Point X="192.25018398367783" Y="182.0" />
  <Point X="193.0" Y="182.0" />
  <Point X="194.0" Y="182.0" />
  <Point X="195.0" Y="182.0" />
  <Point X="196.0" Y="182.0" />
  <Point X="195.0" Y="182.0" />
  <Point X="194.0" Y="182.0" />
  <Point X="193.0" Y="182.0" />
  <Point X="192.0544699087817" Y="182.0" />
  <Point X="192.0" Y="182.0" />
  <Point X="191.0" Y="182.0" />
  <Point X="190.0" Y="182.0" />
  <Point X="189.0" Y="182.0" />
  <Point X="188.0" Y="183.0" />
  <Point X="187.0" Y="183.0" />
  <Point X="186.0" Y="183.0" />
  <Point X="185.0" Y="183.0" />
  <Point X="184.77333736361433" Y="183.0" />
  <Point X="184.0" Y="183.0" />
  <Point X="183.0" Y="183.0" />
  <Point X="182.0" Y="183.0" />
  <Point X="181.0" Y="183.0" />
  <Point X="180.0" Y="183.0" />
  <Point X="179.0" Y="183.0" />
  <Point X="178.0" Y="183.0" />
  <Point X="177.07799125607386" Y="183.0" />
  <Point X="177.0" Y="183.0" />
  <Point X="176.0" Y="183.0" />
  <Point X="176.0" Y="184.0" />
  <Point X="175.0" Y="184.0" />
  <Point X="174.0" Y="184.0" />
  <Point X="173.0" Y="184.0" />
  <Point X="172.0" Y="184.0" />
  <Point X="171.0" Y="184.0" />
  <Point X="170.38264514853338" Y="184.0" />
  <Point X="170.0" Y="184.0" />
  <Point X="169.0" Y="184.0" />
  <Point X="168.0" Y="184.0" />
  <Point X="167.0" Y="184.0" />
  <Point X="166.0" Y="184.0" />
  <Point X="165.0" Y="184.0" />
  <Point X="164.0" Y="184.0" />
  <Point X="163.0" Y="184.0" />
  <Point X="162.6872990409929" Y="184.0" />
  <Point X="162.0" Y="184.0" />
  <Point X="161.0" Y="184.0" />
  <Point X="160.0" Y="184.0" />
  <Point X="159.0" Y="184.0" />
  <Point X="158.0" Y="184.0" />
  <Point X="157.0" Y="184.0" />
  <Point X="156.0" Y="184.0" />
  <Point X="155.0" Y="184.0" />
  <Point X="154.99195293345244" Y="184.0" />
  <Point X="154.0" Y="184.0" />
  <Point X="153.0" Y="184.0" />
  <Point X="153.0" Y="185.0" />
  <Point X="152.0" Y="185.0" />
  <Point X="151.0" Y="185.0" />
  <Point X="150.0" Y="185.0" />
  <Point X="149.0" Y="185.0" />
  <Point X="148.29660682591197" Y="185.0" />
  <Point X="148.0" Y="185.0" />
  <Point X="147.0" Y="185.0" />
  <Point X="146.0" Y="185.0" />
  <Point X="145.0" Y="185.0" />
  <Point X="144.0" Y="186.0" />
  <Point X="143.0" Y="186.0" />
  <Point X="142.0" Y="186.0" />
  <Point X="141.0154742807446" Y="186.0" />
  <Point X="141.0" Y="186.0" />
  <Point X="140.0" Y="186.0" />
  <Point X="139.0" Y="186.0" />
  <Point X="138.0" Y="186.0" />
  <Point X="138.0" Y="187.0" />
  <Point X="137.0" Y="187.0" />
  <Point X="136.0" Y="187.0" />
  <Point X="135.0" Y="187.0" />
  <Point X="134.32012817320413" Y="187.0" />
  <Point X="134.0" Y="187.0" />
  <Point X="133.0" Y="187.0" />
  <Point X="132.0" Y="187.0" />
  <Point X="131.0" Y="187.0" />
  <Point X="130.0" Y="187.0" />
  <Point X="130.0" Y="188.0" />
  <Point X="129.0" Y="188.0" />
  <Point X="128.0" Y="188.0" />
  <Point X="127.62478206566365" Y="188.0" />
  <Point X="127.0" Y="188.0" />
  <Point X="126.0" Y="188.0" />
  <Point X="126.0" Y="189.0" />
  <Point X="125.0" Y="189.0" />
  <Point X="125.0" Y="190.0" />
  <Point X="124.0" Y="190.0" />
  <Point X="123.0" Y="190.0" />
  <Point X="123.0" Y="191.0" />
  <Point X="122.92943595812318" Y="191.0" />
  <Point X="122.0" Y="191.0" />
  <Point X="121.0" Y="191.0" />
  <Point X="120.0" Y="191.0" />
  <Point X="119.0" Y="191.0" />
  <Point X="118.0" Y="192.0" />
  <Point X="117.0" Y="192.0" />
  <Point X="116.0" Y="192.0" />
  <Point X="115.64830341295581" Y="192.0" />
  <Point X="115.0" Y="192.0" />
  <Point X="115.0" Y="193.0" />
  <Point X="114.0" Y="193.0" />
  <Point X="114.0" Y="194.0" />
  <Point X="113.0" Y="194.0" />
  <Point X="112.0" Y="194.0" />
  <Point X="111.0" Y="194.0" />
  <Point X="110.0" Y="194.0" />
  <Point X="109.9667357916539" Y="194.0332642083461" />
  <Point X="109.0" Y="195.0" />
  <Point X="108.0" Y="195.0" />
  <Point X="107.0" Y="195.0" />
  <Point X="106.0" Y="195.0" />
  <Point X="106.0" Y="196.0" />
  <Point X="105.0" Y="196.0" />
  <Point X="104.0" Y="196.0" />
  <Point X="103.67182476024796" Y="196.0" />
  <Point X="103.0" Y="196.0" />
  <Point X="102.0" Y="197.0" />
  <Point X="101.0" Y="197.0" />
  <Point X="101.0" Y="198.0" />
  <Point X="100.0" Y="198.0" />
  <Point X="100.0" Y="197.0" />
  <Point X="101.0" Y="197.0" />
  <Point X="101.0" Y="196.39069221508058" />
  <Point X="101.0" Y="196.0" />
  <Point X="102.0" Y="196.0" />
  <Point X="103.0" Y="196.0" />
  <Point X="103.0" Y="195.0" />
  <Point X="104.0" Y="195.0" />
  <Point X="105.0" Y="195.0" />
  <Point X="105.0" Y="194.0" />
  <Point X="106.0" Y="194.0" />
  <Point X="106.0" Y="193.6953461075401" />
  <Point X="106.0" Y="193.0" />
  <Point X="107.0" Y="193.0" />
  <Point X="108.0" Y="193.0" />
  <Point X="108.0" Y="192.0" />
  <Point X="109.0" Y="192.0" />
  <Point X="110.0" Y="192.0" />
  <Point X="110.0" Y="191.0" />
  <Point X="111.0" Y="191.0" />
</Project_1_Part_4>
