<?xml version="1.0" encoding="utf-8" standalone="yes"?>
<Gesture Name="right_sq_bracket1" Subject="1" Number="1" NumPts="380">
  <Point X="107.0" Y="61.0" />
  <Point X="108.0" Y="61.0" />
  <Point X="108.0" Y="62.0" />
  <Point X="109.0" Y="62.0" />
  <Point X="110.0" Y="62.0" />
  <Point X="111.0" Y="62.0" />
  <Point X="111.0" Y="62.11449529262852" />
  <Point X="111.0" Y="63.0" />
  <Point X="112.0" Y="63.0" />
  <Point X="113.0" Y="64.0" />
  <Point X="114.0" Y="64.0" />
  <Point X="114.81477702288394" Y="64.0" />
  <Point X="115.0" Y="64.0" />
  <Point X="116.0" Y="64.0" />
  <Point X="116.0" Y="65.0" />
  <Point X="117.0" Y="65.0" />
  <Point X="117.0" Y="66.0" />
  <Point X="117.92927231551246" Y="66.0" />
  <Point X="118.0" Y="66.0" />
  <Point X="119.0" Y="66.0" />
  <Point X="120.0" Y="66.0" />
  <Point X="121.0" Y="66.0" />
  <Point X="122.0" Y="66.0" />
  <Point X="123.0" Y="66.0" />
  <Point X="123.04376760814098" Y="66.0" />
  <Point X="124.0" Y="66.0" />
  <Point X="124.0" Y="67.0" />
  <Point X="125.0" Y="67.0" />
  <Point X="126.0" Y="67.0" />
  <Point X="127.0" Y="67.0" />
  <Point X="127.0" Y="67.1582629007695" />
  <Point X="127.0" Y="68.0" />
  <Point X="128.0" Y="68.0" />
  <Point X="129.0" Y="68.0" />
  <Point X="130.0" Y="68.0" />
  <Point X="131.0" Y="68.0" />
  <Point X="131.19286916817592" Y="68.19286916817593" />
  <Point X="132.0" Y="69.0" />
  <Point X="133.0" Y="69.0" />
  <Point X="134.0" Y="69.0" />
  <Point X="135.0" Y="69.0" />
  <Point X="135.97303992365343" Y="69.0" />
  <Point X="136.0" Y="69.0" />
  <Point X="136.0" Y="70.0" />
  <Point X="137.0" Y="70.0" />
  <Point X="137.0" Y="71.0" />
  <Point X="138.0" Y="71.0" />
  <Point X="139.0" Y="71.0" />
  <Point X="139.08753521628194" Y="71.0" />
  <Point X="140.0" Y="71.0" />
  <Point X="141.0" Y="71.0" />
  <Point X="142.0" Y="72.0" />
  <Point X="143.0" Y="72.0" />
  <Point X="143.78781694653736" Y="72.0" />
  <Point X="144.0" Y="72.0" />
  <Point X="145.0" Y="72.0" />
  <Point X="145.0" Y="73.0" />
  <Point X="146.0" Y="73.0" />
  <Point X="147.0" Y="73.0" />
  <Point X="147.90231223916587" Y="73.0" />
  <Point X="148.0" Y="73.0" />
  <Point X="149.0" Y="73.0" />
  <Point X="150.0" Y="73.0" />
  <Point X="151.0" Y="73.0" />
  <Point X="152.0" Y="73.0" />
  <Point X="153.0" Y="73.0" />
  <Point X="153.01680753179437" Y="73.0" />
  <Point X="154.0" Y="73.0" />
  <Point X="155.0" Y="73.0" />
  <Point X="156.0" Y="73.0" />
  <Point X="157.0" Y="73.0" />
  <Point X="158.0" Y="73.0" />
  <Point X="158.13130282442287" Y="73.0" />
  <Point X="159.0" Y="73.0" />
  <Point X="160.0" Y="73.0" />
  <Point X="161.0" Y="73.0" />
  <Point X="162.0" Y="73.0" />
  <Point X="163.0" Y="73.0" />
  <Point X="163.24579811705138" Y="73.0" />
  <Point X="164.0" Y="73.0" />
  <Point X="165.0" Y="73.0" />
  <Point X="166.0" Y="73.0" />
  <Point X="167.0" Y="73.0" />
  <Point X="168.0" Y="73.0" />
  <Point X="168.36029340967988" Y="73.0" />
  <Point X="169.0" Y="73.0" />
  <Point X="170.0" Y="73.0" />
  <Point X="171.0" Y="73.0" />
  <Point X="172.0" Y="73.0" />
  <Point X="173.0" Y="73.0" />
  <Point X="173.4747887023084" Y="73.0" />
  <Point X="174.0" Y="73.0" />
  <Point X="174.0" Y="74.0" />
  <Point X="175.0" Y="74.0" />
  <Point X="175.0" Y="75.0" />
  <Point X="176.0" Y="75.0" />
  <Point X="176.0" Y="75.5892839949369" />
  <Point X="176.0" Y="76.0" />
  <Point X="177.0" Y="76.0" />
  <Point X="177.0" Y="77.0" />
  <Point X="178.0" Y="77.0" />
  <Point X="179.0" Y="77.0" />
  <Point X="179.0" Y="77.70377928756542" />
  <Point X="179.0" Y="78.0" />
  <Point X="180.0" Y="78.0" />
  <Point X="180.0" Y="79.0" />
  <Point X="181.0" Y="79.0" />
  <Point X="182.0" Y="79.0" />
  <Point X="182.0" Y="79.81827458019394" />
  <Point X="182.0" Y="80.0" />
  <Point X="183.0" Y="80.0" />
  <Point X="183.0" Y="81.0" />
  <Point X="184.0" Y="81.0" />
  <Point X="185.0" Y="81.0" />
  <Point X="185.0" Y="81.93276987282246" />
  <Point X="185.0" Y="82.0" />
  <Point X="186.0" Y="82.0" />
  <Point X="186.0" Y="83.0" />
  <Point X="187.0" Y="83.0" />
  <Point X="188.0" Y="83.0" />
  <Point X="188.0" Y="84.0" />
  <Point X="188.04726516545097" Y="84.0" />
  <Point X="189.0" Y="84.0" />
  <Point X="190.0" Y="85.0" />
  <Point X="191.0" Y="85.0" />
  <Point X="191.0" Y="86.0" />
  <Point X="191.0" Y="86.74754689570639" />
  <Point X="191.0" Y="87.0" />
  <Point X="192.0" Y="87.0" />
  <Point X="193.0" Y="88.0" />
  <Point X="194.0" Y="88.0" />
  <Point X="194.0" Y="89.0" />
  <Point X="194.44782862596182" Y="89.0" />
  <Point X="195.0" Y="89.0" />
  <Point X="195.0" Y="90.0" />
  <Point X="196.0" Y="90.0" />
  <Point X="196.0" Y="91.0" />
  <Point X="196.0" Y="92.0" />
  <Point X="196.56232391859032" Y="92.0" />
  <Point X="197.0" Y="92.0" />
  <Point X="198.0" Y="92.0" />
  <Point X="198.0" Y="93.0" />
  <Point X="199.0" Y="93.0" />
  <Point X="199.0" Y="94.0" />
  <Point X="199.47858345389017" Y="94.47858345389017" />
  <Point X="200.0" Y="95.0" />
  <Point X="200.0" Y="96.0" />
  <Point X="201.0" Y="96.0" />
  <Point X="202.0" Y="96.0" />
  <Point X="202.0" Y="97.0" />
  <Point X="202.37710094147425" Y="97.0" />
  <Point X="203.0" Y="97.0" />
  <Point X="203.0" Y="98.0" />
  <Point X="204.0" Y="99.0" />
  <Point X="205.0" Y="100.0" />
  <Point X="205.66316910935657" Y="100.0" />
  <Point X="206.0" Y="100.0" />
  <Point X="206.0" Y="101.0" />
  <Point X="207.0" Y="101.0" />
  <Point X="207.0" Y="102.0" />
  <Point X="208.0" Y="102.0" />
  <Point X="208.0" Y="102.77766440198509" />
  <Point X="208.0" Y="103.0" />
  <Point X="209.0" Y="104.0" />
  <Point X="210.0" Y="104.0" />
  <Point X="210.0" Y="105.0" />
  <Point X="211.0" Y="105.0" />
  <Point X="211.0" Y="105.47794613224052" />
  <Point X="211.0" Y="106.0" />
  <Point X="212.0" Y="106.0" />
  <Point X="212.0" Y="107.0" />
  <Point X="212.0" Y="108.0" />
  <Point X="212.0" Y="109.0" />
  <Point X="212.41891934898072" Y="109.41891934898071" />
  <Point X="213.0" Y="110.0" />
  <Point X="213.0" Y="111.0" />
  <Point X="213.0" Y="112.0" />
  <Point X="213.0" Y="113.0" />
  <Point X="213.0" Y="114.0" />
  <Point X="212.70727684487554" Y="114.0" />
  <Point X="212.0" Y="114.0" />
  <Point X="212.0" Y="115.0" />
  <Point X="212.0" Y="116.0" />
  <Point X="211.0" Y="116.0" />
  <Point X="211.0" Y="117.0" />
  <Point X="210.59278155224703" Y="117.0" />
  <Point X="210.0" Y="117.0" />
  <Point X="210.0" Y="118.0" />
  <Point X="209.0" Y="118.0" />
  <Point X="209.0" Y="119.0" />
  <Point X="209.0" Y="120.0" />
  <Point X="208.47828625961853" Y="120.0" />
  <Point X="208.0" Y="120.0" />
  <Point X="208.0" Y="121.0" />
  <Point X="207.0" Y="121.0" />
  <Point X="207.0" Y="122.0" />
  <Point X="206.0" Y="122.0" />
  <Point X="205.36379096699002" Y="122.0" />
  <Point X="205.0" Y="122.0" />
  <Point X="205.0" Y="123.0" />
  <Point X="205.0" Y="124.0" />
  <Point X="204.0" Y="124.0" />
  <Point X="204.0" Y="125.0" />
  <Point X="203.24929567436152" Y="125.0" />
  <Point X="203.0" Y="125.0" />
  <Point X="203.0" Y="126.0" />
  <Point X="202.0" Y="126.0" />
  <Point X="201.0" Y="126.0" />
  <Point X="201.0" Y="127.0" />
  <Point X="201.0" Y="127.865199618267" />
  <Point X="201.0" Y="128.0" />
  <Point X="200.0" Y="128.0" />
  <Point X="200.0" Y="129.0" />
  <Point X="199.0" Y="129.0" />
  <Point X="199.0" Y="130.0" />
  <Point X="198.02030508910448" Y="130.0" />
  <Point X="198.0" Y="130.0" />
  <Point X="198.0" Y="131.0" />
  <Point X="197.0" Y="131.0" />
  <Point X="197.0" Y="132.0" />
  <Point X="196.0" Y="132.0" />
  <Point X="196.0" Y="133.0" />
  <Point X="195.90580979647598" Y="133.0" />
  <Point X="195.0" Y="133.0" />
  <Point X="195.0" Y="134.0" />
  <Point X="194.0" Y="134.0" />
  <Point X="194.0" Y="135.0" />
  <Point X="193.0" Y="135.0" />
  <Point X="192.85243707053527" Y="135.14756292946473" />
  <Point X="192.0" Y="136.0" />
  <Point X="192.0" Y="137.0" />
  <Point X="191.0" Y="137.0" />
  <Point X="190.0" Y="138.0" />
  <Point X="190.0" Y="138.49475366403485" />
  <Point X="190.0" Y="139.0" />
  <Point X="189.0" Y="139.0" />
  <Point X="188.0" Y="139.0" />
  <Point X="188.0" Y="140.0" />
  <Point X="188.0" Y="141.0" />
  <Point X="187.39075104333665" Y="141.0" />
  <Point X="187.0" Y="141.0" />
  <Point X="187.0" Y="142.0" />
  <Point X="186.0" Y="142.0" />
  <Point X="186.0" Y="143.0" />
  <Point X="185.0" Y="143.0" />
  <Point X="184.48823553348095" Y="143.51176446651905" />
  <Point X="184.0" Y="144.0" />
  <Point X="184.0" Y="145.0" />
  <Point X="183.0" Y="145.0" />
  <Point X="183.0" Y="146.0" />
  <Point X="182.0" Y="146.0" />
  <Point X="182.0" Y="146.4240259795473" />
  <Point X="182.0" Y="147.0" />
  <Point X="181.0" Y="147.0" />
  <Point X="181.0" Y="148.0" />
  <Point X="180.0" Y="148.0" />
  <Point X="180.0" Y="149.0" />
  <Point X="179.4614787278242" Y="149.0" />
  <Point X="179.0" Y="149.0" />
  <Point X="179.0" Y="150.0" />
  <Point X="178.0" Y="150.0" />
  <Point X="178.0" Y="151.0" />
  <Point X="177.0" Y="151.0" />
  <Point X="176.34698343519568" Y="151.0" />
  <Point X="176.0" Y="151.0" />
  <Point X="176.0" Y="152.0" />
  <Point X="175.0" Y="152.0" />
  <Point X="175.0" Y="153.0" />
  <Point X="175.0" Y="154.0" />
  <Point X="174.23248814256718" Y="154.0" />
  <Point X="174.0" Y="154.0" />
  <Point X="174.0" Y="155.0" />
  <Point X="173.0" Y="155.0" />
  <Point X="172.0" Y="155.0" />
  <Point X="172.0" Y="156.0" />
  <Point X="172.0" Y="156.88200715006133" />
  <Point X="172.0" Y="157.0" />
  <Point X="171.0" Y="157.0" />
  <Point X="171.0" Y="158.0" />
  <Point X="170.0" Y="158.0" />
  <Point X="170.0" Y="159.0" />
  <Point X="169.00349755731017" Y="159.0" />
  <Point X="169.0" Y="159.0" />
  <Point X="168.0" Y="159.0" />
  <Point X="168.0" Y="160.0" />
  <Point X="167.0" Y="160.0" />
  <Point X="167.0" Y="161.0" />
  <Point X="166.0" Y="161.0" />
  <Point X="166.0" Y="161.11099773531834" />
  <Point X="166.0" Y="162.0" />
  <Point X="166.0" Y="163.0" />
  <Point X="165.0" Y="163.0" />
  <Point X="164.0" Y="163.0" />
  <Point X="163.0" Y="163.0" />
  <Point X="163.0" Y="163.22549302794684" />
  <Point X="163.0" Y="164.0" />
  <Point X="162.0" Y="164.0" />
  <Point X="161.0" Y="164.0" />
  <Point X="161.0" Y="165.0" />
  <Point X="160.0" Y="165.0" />
  <Point X="160.0" Y="165.33998832057534" />
  <Point X="160.0" Y="166.0" />
  <Point X="159.0" Y="166.0" />
  <Point X="159.0" Y="167.0" />
  <Point X="158.0" Y="167.0" />
  <Point X="157.0" Y="167.0" />
  <Point X="157.0" Y="167.45448361320385" />
  <Point X="157.0" Y="168.0" />
  <Point X="156.0" Y="168.0" />
  <Point X="155.0" Y="168.0" />
  <Point X="155.0" Y="169.0" />
  <Point X="154.0" Y="169.0" />
  <Point X="153.59767115733382" Y="169.40232884266618" />
  <Point X="153.0" Y="170.0" />
  <Point X="152.0" Y="170.0" />
  <Point X="151.0" Y="171.0" />
  <Point X="150.0" Y="171.0" />
  <Point X="149.1449529262853" Y="171.0" />
  <Point X="149.0" Y="171.0" />
  <Point X="148.0" Y="171.0" />
  <Point X="147.0" Y="171.0" />
  <Point X="147.0" Y="172.0" />
  <Point X="146.0" Y="172.0" />
  <Point X="145.0304576336568" Y="172.0" />
  <Point X="145.0" Y="172.0" />
  <Point X="145.0" Y="173.0" />
  <Point X="144.0" Y="173.0" />
  <Point X="143.0" Y="173.0" />
  <Point X="143.0" Y="174.0" />
  <Point X="142.0" Y="174.0" />
  <Point X="141.9159623410283" Y="174.0" />
  <Point X="141.0" Y="174.0" />
  <Point X="140.0" Y="174.0" />
  <Point X="139.0" Y="174.0" />
  <Point X="138.0" Y="174.0" />
  <Point X="137.0" Y="174.0" />
  <Point X="137.0" Y="174.1985329516002" />
  <Point X="137.0" Y="175.0" />
  <Point X="136.0" Y="175.0" />
  <Point X="135.0" Y="175.0" />
  <Point X="134.0" Y="175.0" />
  <Point X="133.0" Y="175.0" />
  <Point X="132.68697175577128" Y="175.0" />
  <Point X="132.0" Y="175.0" />
  <Point X="131.0" Y="175.0" />
  <Point X="130.0" Y="175.0" />
  <Point X="129.0" Y="175.0" />
  <Point X="128.0" Y="175.0" />
  <Point X="127.57247646314276" Y="175.0" />
  <Point X="127.0" Y="175.0" />
  <Point X="126.0" Y="175.0" />
  <Point X="125.0" Y="175.0" />
  <Point X="124.0" Y="175.0" />
  <Point X="123.0" Y="175.0" />
  <Point X="122.45798117051424" Y="175.0" />
  <Point X="122.0" Y="175.0" />
  <Point X="121.0" Y="175.0" />
  <Point X="120.0" Y="175.0" />
  <Point X="119.0" Y="175.0" />
  <Point X="118.0" Y="175.0" />
  <Point X="117.34348587788573" Y="175.0" />
  <Point X="117.0" Y="175.0" />
  <Point X="117.0" Y="174.0" />
  <Point X="117.0" Y="173.0" />
  <Point X="116.0" Y="173.0" />
  <Point X="115.0" Y="173.0" />
  <Point X="114.22899058525721" Y="173.0" />
  <Point X="114.0" Y="173.0" />
  <Point X="114.0" Y="172.0" />
  <Point X="113.0" Y="172.0" />
  <Point X="112.0" Y="172.0" />
  <Point X="111.0" Y="172.0" />
  <Point X="110.11449529262869" Y="172.0" />
  <Point X="110.0" Y="172.0" />
  <Point X="109.0" Y="172.0" />
  <Point X="109.0" Y="171.0" />
  <Point X="108.0" Y="171.0" />
  <Point X="107.0" Y="171.0" />
  <Point X="106.00000000000017" Y="171.0" />
  <Point X="106.0" Y="171.0" />
</Project_1_Part_4>
