<?xml version="1.0" encoding="utf-8" standalone="yes"?>
<Gesture Name="star4" Subject="1" Number="1" NumPts="618">
  <Point X="219.0" Y="16.0" />
  <Point X="208.27531483718772" Y="25.682858604139074" />
  <Point X="197.55062967437544" Y="35.36571720827815" />
  <Point X="186.8259445115632" Y="45.048575812417226" />
  <Point X="176.10125934875094" Y="54.7314344165563" />
  <Point X="165.3765741859387" Y="64.41429302069537" />
  <Point X="154.65188902312642" Y="74.09715162483444" />
  <Point X="143.92720386031414" Y="83.78001022897351" />
  <Point X="133.2025186975019" Y="93.46286883311258" />
  <Point X="122.47783353468962" Y="103.14572743725165" />
  <Point X="111.75314837187736" Y="112.82858604139072" />
  <Point X="101.0284632090651" Y="122.51144464552979" />
  <Point X="90.30377804625283" Y="132.19430324966888" />
  <Point X="79.57909288344057" Y="141.87716185380796" />
  <Point X="68.8544077206283" Y="151.56002045794702" />
  <Point X="58.12972255781604" Y="161.2428790620861" />
  <Point X="47.40503739500377" Y="170.92573766622516" />
  <Point X="44.0" Y="174.0" />
  <Point X="44.0" Y="173.0" />
  <Point X="44.0" Y="172.0" />
  <Point X="44.0" Y="171.0" />
  <Point X="44.0" Y="170.0" />
  <Point X="45.0" Y="170.0" />
  <Point X="45.0" Y="169.0" />
  <Point X="45.0" Y="168.0" />
  <Point X="46.0" Y="168.0" />
  <Point X="46.0" Y="167.0" />
  <Point X="46.86158142031267" Y="167.0" />
  <Point X="47.0" Y="167.0" />
  <Point X="47.0" Y="166.0" />
  <Point X="48.0" Y="166.0" />
  <Point X="48.0" Y="165.0" />
  <Point X="49.0" Y="164.0" />
  <Point X="50.0" Y="163.0" />
  <Point X="51.0" Y="162.0" />
  <Point X="52.0" Y="162.0" />
  <Point X="52.0" Y="161.0" />
  <Point X="53.0" Y="160.0" />
  <Point X="54.0" Y="159.0" />
  <Point X="55.0" Y="158.0" />
  <Point X="55.58364919426038" Y="157.41635080573963" />
  <Point X="56.0" Y="157.0" />
  <Point X="57.0" Y="156.0" />
  <Point X="58.0" Y="156.0" />
  <Point X="58.0" Y="155.0" />
  <Point X="59.0" Y="154.0" />
  <Point X="61.0" Y="153.0" />
  <Point X="61.0" Y="152.0" />
  <Point X="62.0" Y="151.0" />
  <Point X="63.0" Y="150.0" />
  <Point X="64.0" Y="149.0" />
  <Point X="65.0" Y="149.0" />
  <Point X="65.0" Y="148.44684018543015" />
  <Point X="65.0" Y="148.0" />
  <Point X="66.0" Y="147.0" />
  <Point X="67.0" Y="146.0" />
  <Point X="68.0" Y="146.0" />
  <Point X="69.0" Y="144.0" />
  <Point X="70.0" Y="143.0" />
  <Point X="71.0" Y="142.0" />
  <Point X="72.0" Y="142.0" />
  <Point X="73.0" Y="141.0" />
  <Point X="73.0" Y="140.0" />
  <Point X="74.0" Y="140.0" />
  <Point X="74.49153013647755" Y="139.50846986352246" />
  <Point X="75.0" Y="139.0" />
  <Point X="76.0" Y="139.0" />
  <Point X="76.0" Y="138.0" />
  <Point X="77.0" Y="138.0" />
  <Point X="78.0" Y="137.0" />
  <Point X="79.0" Y="136.0" />
  <Point X="79.0" Y="135.0" />
  <Point X="80.0" Y="134.0" />
  <Point X="81.0" Y="133.0" />
  <Point X="82.0" Y="133.0" />
  <Point X="83.0" Y="132.0" />
  <Point X="84.0" Y="131.0" />
  <Point X="84.17305604707704" Y="130.82694395292296" />
  <Point X="85.0" Y="130.0" />
  <Point X="87.0" Y="129.0" />
  <Point X="87.0" Y="128.0" />
  <Point X="89.0" Y="127.0" />
  <Point X="90.0" Y="126.0" />
  <Point X="92.0" Y="125.0" />
  <Point X="93.0" Y="124.0" />
  <Point X="94.0" Y="124.0" />
  <Point X="94.0" Y="122.25700185067457" />
  <Point X="94.0" Y="122.0" />
  <Point X="96.0" Y="121.0" />
  <Point X="97.0" Y="120.0" />
  <Point X="98.0" Y="119.0" />
  <Point X="98.0" Y="118.0" />
  <Point X="100.0" Y="118.0" />
  <Point X="100.0" Y="117.0" />
  <Point X="101.0" Y="116.0" />
  <Point X="101.0" Y="115.0" />
  <Point X="102.0" Y="115.0" />
  <Point X="103.0" Y="115.0" />
  <Point X="103.0" Y="114.28660595517658" />
  <Point X="103.0" Y="114.0" />
  <Point X="104.0" Y="114.0" />
  <Point X="104.0" Y="113.0" />
  <Point X="105.0" Y="113.0" />
  <Point X="105.0" Y="112.0" />
  <Point X="106.0" Y="111.0" />
  <Point X="107.0" Y="111.0" />
  <Point X="108.0" Y="110.0" />
  <Point X="108.0" Y="109.0" />
  <Point X="109.0" Y="109.0" />
  <Point X="110.0" Y="109.0" />
  <Point X="110.0" Y="108.0" />
  <Point X="111.0" Y="107.0" />
  <Point X="111.0" Y="106.08014208217881" />
  <Point X="111.0" Y="106.0" />
  <Point X="112.0" Y="106.0" />
  <Point X="113.0" Y="105.0" />
  <Point X="114.0" Y="105.0" />
  <Point X="114.0" Y="104.0" />
  <Point X="114.0" Y="103.0" />
  <Point X="115.0" Y="103.0" />
  <Point X="115.0" Y="102.0" />
  <Point X="116.0" Y="102.0" />
  <Point X="116.0" Y="100.0" />
  <Point X="117.0" Y="100.0" />
  <Point X="118.0" Y="100.0" />
  <Point X="118.0" Y="99.0" />
  <Point X="118.95474891556515" Y="99.0" />
  <Point X="119.0" Y="99.0" />
  <Point X="119.0" Y="98.0" />
  <Point X="120.0" Y="98.0" />
  <Point X="120.0" Y="97.0" />
  <Point X="121.0" Y="96.0" />
  <Point X="122.0" Y="96.0" />
  <Point X="122.0" Y="95.0" />
  <Point X="123.0" Y="95.0" />
  <Point X="123.0" Y="94.0" />
  <Point X="124.0" Y="94.0" />
  <Point X="124.0" Y="93.0" />
  <Point X="125.0" Y="93.0" />
  <Point X="125.0" Y="92.0" />
  <Point X="125.0" Y="91.0" />
  <Point X="125.9896399133091" Y="91.0" />
  <Point X="126.0" Y="91.0" />
  <Point X="127.0" Y="91.0" />
  <Point X="127.0" Y="92.0" />
  <Point X="127.0" Y="93.0" />
  <Point X="127.0" Y="94.0" />
  <Point X="127.0" Y="95.0" />
  <Point X="127.0" Y="96.0" />
  <Point X="127.0" Y="97.0" />
  <Point X="128.0" Y="97.0" />
  <Point X="128.0" Y="98.0" />
  <Point X="128.0" Y="99.0" />
  <Point X="128.0" Y="100.0" />
  <Point X="128.0" Y="101.0" />
  <Point X="128.0" Y="102.0" />
  <Point X="128.0" Y="103.0" />
  <Point X="128.0" Y="103.43874447342617" />
  <Point X="128.0" Y="104.0" />
  <Point X="129.0" Y="105.0" />
  <Point X="129.0" Y="106.0" />
  <Point X="129.0" Y="107.0" />
  <Point X="129.0" Y="108.0" />
  <Point X="129.0" Y="109.0" />
  <Point X="129.0" Y="110.0" />
  <Point X="130.0" Y="110.0" />
  <Point X="130.0" Y="111.0" />
  <Point X="130.0" Y="112.0" />
  <Point X="130.0" Y="113.0" />
  <Point X="131.0" Y="113.0" />
  <Point X="131.0" Y="114.0" />
  <Point X="131.0" Y="115.47363547117013" />
  <Point X="131.0" Y="116.0" />
  <Point X="131.0" Y="117.0" />
  <Point X="132.0" Y="118.0" />
  <Point X="132.0" Y="119.0" />
  <Point X="132.0" Y="120.0" />
  <Point X="132.0" Y="121.0" />
  <Point X="132.0" Y="122.0" />
  <Point X="132.0" Y="123.0" />
  <Point X="132.0" Y="124.0" />
  <Point X="133.0" Y="124.0" />
  <Point X="133.0" Y="125.0" />
  <Point X="133.0" Y="126.0" />
  <Point X="133.0" Y="127.0" />
  <Point X="133.0" Y="128.0" />
  <Point X="133.0" Y="128.50852646891408" />
  <Point X="133.0" Y="129.0" />
  <Point X="134.0" Y="130.0" />
  <Point X="134.0" Y="131.0" />
  <Point X="135.0" Y="131.0" />
  <Point X="135.0" Y="132.0" />
  <Point X="135.0" Y="133.0" />
  <Point X="135.0" Y="134.0" />
  <Point X="135.0" Y="135.0" />
  <Point X="136.0" Y="135.0" />
  <Point X="136.0" Y="137.0" />
  <Point X="136.0" Y="138.0" />
  <Point X="137.0" Y="139.0" />
  <Point X="137.0" Y="140.0" />
  <Point X="137.0" Y="140.12920390428496" />
  <Point X="137.0" Y="141.0" />
  <Point X="137.0" Y="142.0" />
  <Point X="137.0" Y="143.0" />
  <Point X="138.0" Y="143.0" />
  <Point X="139.0" Y="144.0" />
  <Point X="139.0" Y="145.0" />
  <Point X="139.0" Y="146.0" />
  <Point X="140.0" Y="146.0" />
  <Point X="140.0" Y="147.0" />
  <Point X="140.0" Y="148.0" />
  <Point X="141.0" Y="149.0" />
  <Point X="141.0" Y="150.0" />
  <Point X="142.0" Y="150.0" />
  <Point X="142.0" Y="150.74988133965584" />
  <Point X="142.0" Y="151.0" />
  <Point X="143.0" Y="151.0" />
  <Point X="143.0" Y="152.0" />
  <Point X="143.0" Y="153.0" />
  <Point X="144.0" Y="153.0" />
  <Point X="144.0" Y="154.0" />
  <Point X="145.0" Y="154.0" />
  <Point X="145.0" Y="155.0" />
  <Point X="145.0" Y="156.0" />
  <Point X="146.0" Y="156.0" />
  <Point X="146.0" Y="157.0" />
  <Point X="147.0" Y="157.0" />
  <Point X="147.0" Y="158.0" />
  <Point X="148.0" Y="158.0" />
  <Point X="148.0" Y="159.0" />
  <Point X="148.14070427908993" Y="159.14070427908993" />
  <Point X="149.0" Y="160.0" />
  <Point X="149.0" Y="161.0" />
  <Point X="150.0" Y="162.0" />
  <Point X="151.0" Y="162.0" />
  <Point X="151.0" Y="163.0" />
  <Point X="152.0" Y="163.0" />
  <Point X="152.0" Y="164.0" />
  <Point X="152.0" Y="165.0" />
  <Point X="153.0" Y="165.0" />
  <Point X="153.0" Y="166.0" />
  <Point X="154.0" Y="166.0" />
  <Point X="155.0" Y="167.0" />
  <Point X="156.0" Y="167.0" />
  <Point X="156.0" Y="167.40544977277068" />
  <Point X="156.0" Y="168.0" />
  <Point X="156.0" Y="169.0" />
  <Point X="157.0" Y="169.0" />
  <Point X="157.0" Y="170.0" />
  <Point X="157.0" Y="171.0" />
  <Point X="156.0" Y="171.0" />
  <Point X="155.0" Y="171.0" />
  <Point X="154.0" Y="171.0" />
  <Point X="153.0" Y="171.0" />
  <Point X="152.0" Y="171.0" />
  <Point X="151.0" Y="171.0" />
  <Point X="150.0" Y="171.0" />
  <Point X="149.0" Y="171.0" />
  <Point X="149.0" Y="170.0" />
  <Point X="148.14544566711226" Y="170.0" />
  <Point X="148.0" Y="170.0" />
  <Point X="147.0" Y="170.0" />
  <Point X="146.0" Y="170.0" />
  <Point X="145.0" Y="169.0" />
  <Point X="144.0" Y="168.0" />
  <Point X="143.0" Y="168.0" />
  <Point X="142.0" Y="168.0" />
  <Point X="141.0" Y="168.0" />
  <Point X="141.0" Y="167.0" />
  <Point X="140.0" Y="167.0" />
  <Point X="139.0" Y="167.0" />
  <Point X="138.0" Y="166.0" />
  <Point X="137.0" Y="166.0" />
  <Point X="136.24974683165595" Y="165.24974683165595" />
  <Point X="136.0" Y="165.0" />
  <Point X="135.0" Y="165.0" />
  <Point X="133.0" Y="164.0" />
  <Point X="131.0" Y="163.0" />
  <Point X="130.0" Y="162.0" />
  <Point X="128.0" Y="162.0" />
  <Point X="128.0" Y="161.0" />
  <Point X="126.0" Y="160.0" />
  <Point X="125.0" Y="160.0" />
  <Point X="124.31163741130902" Y="159.31163741130902" />
  <Point X="124.0" Y="159.0" />
  <Point X="123.0" Y="158.0" />
  <Point X="122.0" Y="158.0" />
  <Point X="121.0" Y="157.0" />
  <Point X="119.0" Y="156.0" />
  <Point X="117.0" Y="155.0" />
  <Point X="115.0" Y="154.0" />
  <Point X="114.0" Y="154.0" />
  <Point X="113.0" Y="153.0" />
  <Point X="112.0" Y="153.0" />
  <Point X="111.959314428589" Y="152.95931442858898" />
  <Point X="111.0" Y="152.0" />
  <Point X="110.0" Y="152.0" />
  <Point X="108.0" Y="151.0" />
  <Point X="107.0" Y="150.0" />
  <Point X="106.0" Y="150.0" />
  <Point X="105.0" Y="149.0" />
  <Point X="104.0" Y="148.0" />
  <Point X="102.0" Y="147.0" />
  <Point X="101.0" Y="146.0" />
  <Point X="100.03656111986564" Y="146.0" />
  <Point X="100.0" Y="146.0" />
  <Point X="99.0" Y="145.0" />
  <Point X="98.0" Y="144.0" />
  <Point X="96.0" Y="144.0" />
  <Point X="95.0" Y="143.0" />
  <Point X="95.0" Y="142.0" />
  <Point X="93.0" Y="141.0" />
  <Point X="92.0" Y="140.0" />
  <Point X="91.0" Y="140.0" />
  <Point X="90.0" Y="140.0" />
  <Point X="89.0" Y="139.0" />
  <Point X="88.89459234911385" Y="139.0" />
  <Point X="88.0" Y="139.0" />
  <Point X="87.0" Y="138.0" />
  <Point X="86.0" Y="137.0" />
  <Point X="85.0" Y="137.0" />
  <Point X="84.0" Y="136.0" />
  <Point X="83.0" Y="135.0" />
  <Point X="82.0" Y="135.0" />
  <Point X="80.0" Y="134.0" />
  <Point X="79.0" Y="134.0" />
  <Point X="78.0" Y="133.0" />
  <Point X="77.1179716735676" Y="132.1179716735676" />
  <Point X="77.0" Y="132.0" />
  <Point X="76.0" Y="132.0" />
  <Point X="75.0" Y="131.0" />
  <Point X="74.0" Y="131.0" />
  <Point X="73.0" Y="131.0" />
  <Point X="72.0" Y="131.0" />
  <Point X="71.0" Y="130.0" />
  <Point X="71.0" Y="129.0" />
  <Point X="70.0" Y="129.0" />
  <Point X="69.0" Y="128.0" />
  <Point X="67.0" Y="128.0" />
  <Point X="66.0" Y="128.0" />
  <Point X="66.0" Y="127.0" />
  <Point X="65.96037326773738" Y="127.0" />
  <Point X="65.0" Y="127.0" />
  <Point X="64.0" Y="126.0" />
  <Point X="63.0" Y="126.0" />
  <Point X="62.0" Y="125.0" />
  <Point X="61.0" Y="125.0" />
  <Point X="60.0" Y="125.0" />
  <Point X="59.0" Y="124.0" />
  <Point X="58.0" Y="124.0" />
  <Point X="58.0" Y="123.0" />
  <Point X="57.0" Y="123.0" />
  <Point X="56.0" Y="123.0" />
  <Point X="55.0" Y="122.0" />
  <Point X="54.1681229571127" Y="122.0" />
  <Point X="54.0" Y="122.0" />
  <Point X="53.0" Y="122.0" />
  <Point X="53.0" Y="121.0" />
  <Point X="52.0" Y="121.0" />
  <Point X="53.0" Y="121.0" />
  <Point X="54.0" Y="121.0" />
  <Point X="55.0" Y="121.0" />
  <Point X="56.0" Y="121.0" />
  <Point X="57.0" Y="121.0" />
  <Point X="58.0" Y="121.0" />
  <Point X="59.0" Y="121.0" />
  <Point X="60.0" Y="121.0" />
  <Point X="60.0" Y="122.0" />
  <Point X="61.0" Y="122.0" />
  <Point X="62.0" Y="122.0" />
  <Point X="62.28098160300436" Y="122.0" />
  <Point X="64.0" Y="122.0" />
  <Point X="64.0" Y="123.0" />
  <Point X="66.0" Y="123.0" />
  <Point X="67.0" Y="123.0" />
  <Point X="68.0" Y="123.0" />
  <Point X="69.0" Y="123.0" />
  <Point X="70.0" Y="123.0" />
  <Point X="72.0" Y="124.0" />
  <Point X="73.0" Y="124.0" />
  <Point X="74.0" Y="124.0" />
  <Point X="75.0" Y="124.0" />
  <Point X="75.49401818562163" Y="124.0" />
  <Point X="76.0" Y="124.0" />
  <Point X="77.0" Y="125.0" />
  <Point X="79.0" Y="125.0" />
  <Point X="81.0" Y="125.0" />
  <Point X="82.0" Y="125.0" />
  <Point X="83.0" Y="125.0" />
  <Point X="84.0" Y="125.0" />
  <Point X="85.0" Y="125.0" />
  <Point X="87.0" Y="125.0" />
  <Point X="89.0" Y="125.0" />
  <Point X="89.52890918336558" Y="125.0" />
  <Point X="91.0" Y="125.0" />
  <Point X="92.0" Y="125.0" />
  <Point X="94.0" Y="126.0" />
  <Point X="96.0" Y="126.0" />
  <Point X="97.0" Y="126.0" />
  <Point X="99.0" Y="126.0" />
  <Point X="100.0" Y="126.0" />
  <Point X="103.0" Y="127.0" />
  <Point X="103.57966810581448" Y="127.0" />
  <Point X="105.0" Y="127.0" />
  <Point X="106.0" Y="127.0" />
  <Point X="108.0" Y="127.0" />
  <Point X="110.0" Y="127.0" />
  <Point X="112.0" Y="127.0" />
  <Point X="114.0" Y="127.0" />
  <Point X="115.0" Y="127.0" />
  <Point X="116.0" Y="128.0" />
  <Point X="117.61455910355843" Y="128.0" />
  <Point X="118.0" Y="128.0" />
  <Point X="122.0" Y="128.0" />
  <Point X="123.0" Y="128.0" />
  <Point X="126.0" Y="128.0" />
  <Point X="127.0" Y="128.0" />
  <Point X="128.0" Y="128.0" />
  <Point X="129.0" Y="128.0" />
  <Point X="131.0" Y="128.0" />
  <Point X="132.0" Y="128.0" />
  <Point X="132.0636636636755" Y="128.0" />
  <Point X="133.0" Y="128.0" />
  <Point X="135.0" Y="128.0" />
  <Point X="136.0" Y="128.0" />
  <Point X="138.0" Y="128.0" />
  <Point X="139.0" Y="128.0" />
  <Point X="140.0" Y="128.0" />
  <Point X="141.0" Y="128.0" />
  <Point X="143.0" Y="128.0" />
  <Point X="144.0" Y="128.0" />
  <Point X="145.0" Y="128.0" />
  <Point X="146.0" Y="128.0" />
  <Point X="146.51276822379256" Y="128.0" />
  <Point X="147.0" Y="128.0" />
  <Point X="149.0" Y="128.0" />
  <Point X="150.0" Y="128.0" />
  <Point X="151.0" Y="128.0" />
  <Point X="152.0" Y="128.0" />
  <Point X="153.0" Y="128.0" />
  <Point X="154.0" Y="128.0" />
  <Point X="155.0" Y="128.0" />
  <Point X="156.0" Y="128.0" />
  <Point X="157.0" Y="128.0" />
  <Point X="158.0" Y="128.0" />
  <Point X="159.0" Y="128.0" />
  <Point X="160.0" Y="128.0" />
  <Point X="160.96187278390963" Y="128.0" />
  <Point X="161.0" Y="128.0" />
  <Point X="162.0" Y="128.0" />
  <Point X="163.0" Y="128.0" />
  <Point X="164.0" Y="128.0" />
  <Point X="165.0" Y="128.0" />
  <Point X="166.0" Y="128.0" />
  <Point X="167.0" Y="128.0" />
  <Point X="168.0" Y="128.0" />
  <Point X="169.0" Y="128.0" />
  <Point X="170.0" Y="128.0" />
  <Point X="171.0" Y="128.0" />
  <Point X="172.0" Y="128.0" />
  <Point X="173.0" Y="128.0" />
  <Point X="174.0" Y="128.0" />
  <Point X="175.0" Y="128.0" />
  <Point X="175.4109773440267" Y="128.0" />
  <Point X="176.0" Y="128.0" />
  <Point X="177.0" Y="128.0" />
  <Point X="178.0" Y="128.0" />
  <Point X="178.0" Y="127.0" />
  <Point X="179.0" Y="127.0" />
  <Point X="180.0" Y="127.0" />
  <Point X="181.0" Y="127.0" />
  <Point X="182.0" Y="127.0" />
  <Point X="181.0" Y="127.0" />
  <Point X="180.0" Y="127.0" />
  <Point X="179.0" Y="128.0" />
  <Point X="179.0" Y="129.0" />
  <Point X="178.0" Y="129.0" />
  <Point X="177.0" Y="129.0" />
  <Point X="176.68472347201757" Y="129.31527652798243" />
  <Point X="176.0" Y="130.0" />
  <Point X="175.0" Y="130.0" />
  <Point X="175.0" Y="131.0" />
  <Point X="174.0" Y="131.0" />
  <Point X="173.0" Y="131.0" />
  <Point X="172.0" Y="131.0" />
  <Point X="172.0" Y="132.0" />
  <Point X="172.0" Y="133.0" />
  <Point X="171.0" Y="133.0" />
  <Point X="170.0" Y="133.0" />
  <Point X="170.0" Y="134.0" />
  <Point X="169.0" Y="134.0" />
  <Point X="168.0" Y="134.0" />
  <Point X="167.0" Y="135.0" />
  <Point X="166.93345422285847" Y="135.0" />
  <Point X="166.0" Y="135.0" />
  <Point X="166.0" Y="136.0" />
  <Point X="164.0" Y="137.0" />
  <Point X="163.0" Y="137.0" />
  <Point X="162.0" Y="138.0" />
  <Point X="161.0" Y="138.0" />
  <Point X="161.0" Y="139.0" />
  <Point X="160.0" Y="140.0" />
  <Point X="159.0" Y="140.0" />
  <Point X="158.0" Y="141.0" />
  <Point X="157.0" Y="141.0" />
  <Point X="156.0" Y="141.0" />
  <Point X="155.97387829276823" Y="141.02612170723177" />
  <Point X="155.0" Y="142.0" />
  <Point X="154.0" Y="143.0" />
  <Point X="153.0" Y="143.0" />
  <Point X="152.0" Y="144.0" />
  <Point X="151.0" Y="144.0" />
  <Point X="150.0" Y="145.0" />
  <Point X="149.0" Y="146.0" />
  <Point X="148.0" Y="147.0" />
  <Point X="147.0" Y="147.0" />
  <Point X="147.0" Y="148.0" />
  <Point X="146.0" Y="148.0" />
  <Point X="145.0" Y="148.0" />
  <Point X="144.99945916335528" Y="148.00054083664472" />
  <Point X="144.0" Y="149.0" />
  <Point X="144.0" Y="150.0" />
  <Point X="143.0" Y="150.0" />
  <Point X="142.0" Y="151.0" />
  <Point X="141.0" Y="151.0" />
  <Point X="140.0" Y="152.0" />
  <Point X="139.0" Y="152.0" />
  <Point X="138.0" Y="153.0" />
  <Point X="138.0" Y="154.0" />
  <Point X="136.0" Y="154.0" />
  <Point X="135.0" Y="155.0" />
  <Point X="134.62119839323043" Y="155.0" />
  <Point X="134.0" Y="155.0" />
  <Point X="133.0" Y="156.0" />
  <Point X="132.0" Y="156.0" />
  <Point X="132.0" Y="158.0" />
  <Point X="131.0" Y="158.0" />
  <Point X="130.0" Y="158.0" />
  <Point X="129.0" Y="159.0" />
  <Point X="128.0" Y="159.0" />
  <Point X="127.0" Y="160.0" />
  <Point X="125.0" Y="161.0" />
  <Point X="124.0" Y="161.0" />
  <Point X="124.0" Y="161.34919750226754" />
  <Point X="124.0" Y="162.0" />
  <Point X="123.0" Y="162.0" />
  <Point X="122.0" Y="163.0" />
  <Point X="121.0" Y="163.0" />
  <Point X="119.0" Y="164.0" />
  <Point X="117.0" Y="165.0" />
  <Point X="116.0" Y="165.0" />
  <Point X="114.0" Y="167.0" />
  <Point X="113.0" Y="167.0" />
  <Point X="112.0" Y="167.0" />
  <Point X="111.94093860892865" Y="167.05906139107137" />
  <Point X="110.0" Y="169.0" />
  <Point X="109.0" Y="169.0" />
  <Point X="108.0" Y="169.0" />
  <Point X="107.0" Y="169.0" />
  <Point X="105.0" Y="171.0" />
  <Point X="103.0" Y="171.0" />
  <Point X="102.0" Y="171.0" />
  <Point X="101.0" Y="172.0" />
  <Point X="101.0" Y="173.0" />
  <Point X="100.53843783148268" Y="173.0" />
  <Point X="100.0" Y="173.0" />
  <Point X="98.0" Y="174.0" />
  <Point X="97.0" Y="174.0" />
  <Point X="96.0" Y="175.0" />
  <Point X="94.0" Y="176.0" />
  <Point X="93.0" Y="176.0" />
  <Point X="92.0" Y="177.0" />
  <Point X="91.0" Y="178.0" />
  <Point X="90.0" Y="178.0" />
  <Point X="89.0" Y="178.0" />
  <Point X="88.0" Y="178.0" />
  <Point X="87.86148479145766" Y="178.13851520854234" />
  <Point X="87.0" Y="179.0" />
  <Point X="85.0" Y="180.0" />
  <Point X="84.0" Y="181.0" />
  <Point X="83.0" Y="181.0" />
  <Point X="82.0" Y="181.0" />
  <Point X="81.0" Y="182.0" />
  <Point X="80.0" Y="182.0" />
  <Point X="79.0" Y="182.0" />
  <Point X="78.0" Y="182.0" />
  <Point X="76.0" Y="183.0" />
  <Point X="76.0" Y="183.9302180045137" />
  <Point X="76.0" Y="184.0" />
  <Point X="75.0" Y="184.0" />
  <Point X="74.0" Y="184.0" />
  <Point X="73.0" Y="184.0" />
  <Point X="72.0" Y="184.0" />
  <Point X="72.0" Y="185.0" />
  <Point X="71.0" Y="185.0" />
  <Point X="70.0" Y="185.0" />
  <Point X="69.0" Y="186.0" />
  <Point X="68.0" Y="186.0" />
  <Point X="67.0" Y="186.0" />
  <Point X="66.0" Y="187.0" />
  <Point X="65.0" Y="187.0" />
  <Point X="64.0" Y="187.0" />
  <Point X="64.0" Y="187.55089543988458" />
  <Point X="64.0" Y="188.0" />
  <Point X="63.0" Y="188.0" />
  <Point X="62.0" Y="188.0" />
  <Point X="62.0" Y="189.0" />
  <Point X="61.0" Y="189.0" />
  <Point X="60.0" Y="189.0" />
  <Point X="59.0" Y="189.0" />
  <Point X="58.0" Y="189.0" />
  <Point X="57.0" Y="189.0" />
  <Point X="57.0" Y="188.0" />
  <Point X="56.0" Y="188.0" />
  <Point X="56.0" Y="187.0" />
  <Point X="56.0" Y="186.0" />
  <Point X="56.0" Y="185.0" />
  <Point X="56.0" Y="184.0" />
</Project_1_Part_4>
