<?xml version="1.0" encoding="utf-8" standalone="yes"?>
<Gesture Name="triangle10" Subject="1" Number="1" NumPts="314">
  <Point X="60.0" Y="93.0" />
  <Point X="60.0" Y="94.0" />
  <Point X="59.0" Y="94.0" />
  <Point X="59.0" Y="95.0" />
  <Point X="59.0" Y="96.0" />
  <Point X="59.0" Y="96.45915917408406" />
  <Point X="59.0" Y="97.0" />
  <Point X="58.0" Y="97.0" />
  <Point X="58.0" Y="98.0" />
  <Point X="58.0" Y="99.0" />
  <Point X="58.0" Y="99.91831834816813" />
  <Point X="58.0" Y="100.0" />
  <Point X="58.0" Y="101.0" />
  <Point X="57.0" Y="101.0" />
  <Point X="57.0" Y="102.0" />
  <Point X="56.025976303083425" Y="102.97402369691657" />
  <Point X="56.0" Y="103.0" />
  <Point X="56.0" Y="104.0" />
  <Point X="56.0" Y="105.0" />
  <Point X="56.0" Y="106.0" />
  <Point X="55.0" Y="107.0" />
  <Point X="55.0" Y="107.00820957159009" />
  <Point X="55.0" Y="108.0" />
  <Point X="55.0" Y="109.0" />
  <Point X="54.0" Y="109.0" />
  <Point X="54.0" Y="110.0" />
  <Point X="54.0" Y="110.46736874567415" />
  <Point X="54.0" Y="111.0" />
  <Point X="54.0" Y="112.0" />
  <Point X="53.0" Y="112.0" />
  <Point X="53.0" Y="113.0" />
  <Point X="52.07347208024178" Y="113.0" />
  <Point X="52.0" Y="113.0" />
  <Point X="52.0" Y="114.0" />
  <Point X="52.0" Y="115.0" />
  <Point X="52.0" Y="116.0" />
  <Point X="51.02017125934144" Y="116.97982874065856" />
  <Point X="51.0" Y="117.0" />
  <Point X="51.0" Y="118.0" />
  <Point X="50.0" Y="119.0" />
  <Point X="50.0" Y="120.0" />
  <Point X="50.0" Y="121.0" />
  <Point X="50.0" Y="121.01641914318017" />
  <Point X="50.0" Y="122.0" />
  <Point X="49.0" Y="122.0" />
  <Point X="48.0" Y="123.0" />
  <Point X="48.0" Y="124.0" />
  <Point X="48.0" Y="124.06136475489114" />
  <Point X="48.0" Y="125.0" />
  <Point X="48.0" Y="126.0" />
  <Point X="47.0" Y="127.0" />
  <Point X="47.0" Y="128.0" />
  <Point X="47.0" Y="128.10631036660212" />
  <Point X="47.0" Y="129.0" />
  <Point X="47.0" Y="130.0" />
  <Point X="46.0" Y="130.0" />
  <Point X="46.0" Y="131.0" />
  <Point X="46.0" Y="131.5654695406862" />
  <Point X="46.0" Y="132.0" />
  <Point X="45.0" Y="132.0" />
  <Point X="45.0" Y="133.0" />
  <Point X="44.0" Y="134.0" />
  <Point X="44.0" Y="134.61041515239717" />
  <Point X="44.0" Y="135.0" />
  <Point X="43.0" Y="135.0" />
  <Point X="43.0" Y="136.0" />
  <Point X="43.0" Y="137.0" />
  <Point X="43.0" Y="138.0" />
  <Point X="42.95080352194863" Y="138.04919647805136" />
  <Point X="42.0" Y="139.0" />
  <Point X="42.0" Y="140.0" />
  <Point X="42.0" Y="141.0" />
  <Point X="41.21191539393668" Y="141.7880846060633" />
  <Point X="41.0" Y="142.0" />
  <Point X="41.0" Y="143.0" />
  <Point X="40.0" Y="143.0" />
  <Point X="40.0" Y="144.0" />
  <Point X="40.0" Y="145.0" />
  <Point X="40.0" Y="145.15946554990316" />
  <Point X="40.0" Y="146.0" />
  <Point X="39.0" Y="146.0" />
  <Point X="39.0" Y="147.0" />
  <Point X="39.0" Y="148.0" />
  <Point X="39.0" Y="148.61862472398724" />
  <Point X="39.0" Y="149.0" />
  <Point X="39.0" Y="150.0" />
  <Point X="38.0" Y="150.0" />
  <Point X="38.0" Y="151.0" />
  <Point X="38.0" Y="152.0" />
  <Point X="38.0" Y="152.07778389807132" />
  <Point X="38.0" Y="153.0" />
  <Point X="38.0" Y="154.0" />
  <Point X="37.0" Y="154.0" />
  <Point X="37.0" Y="155.0" />
  <Point X="37.0" Y="155.5369430721554" />
  <Point X="37.0" Y="156.0" />
  <Point X="36.0" Y="156.0" />
  <Point X="36.0" Y="157.0" />
  <Point X="36.0" Y="158.0" />
  <Point X="36.0" Y="158.99610224623947" />
  <Point X="36.0" Y="159.0" />
  <Point X="37.0" Y="159.0" />
  <Point X="38.0" Y="159.0" />
  <Point X="38.0" Y="160.0" />
  <Point X="39.0" Y="160.0" />
  <Point X="39.455261420323545" Y="160.0" />
  <Point X="40.0" Y="160.0" />
  <Point X="41.0" Y="160.0" />
  <Point X="41.0" Y="161.0" />
  <Point X="42.0" Y="161.0" />
  <Point X="42.914420594407616" Y="161.0" />
  <Point X="43.0" Y="161.0" />
  <Point X="43.0" Y="162.0" />
  <Point X="44.0" Y="162.0" />
  <Point X="45.0" Y="162.0" />
  <Point X="46.0" Y="162.0" />
  <Point X="46.37357976849169" Y="162.0" />
  <Point X="47.0" Y="162.0" />
  <Point X="48.0" Y="163.0" />
  <Point X="49.0" Y="163.0" />
  <Point X="50.0" Y="163.0" />
  <Point X="50.41852538020266" Y="163.0" />
  <Point X="51.0" Y="163.0" />
  <Point X="52.0" Y="163.0" />
  <Point X="53.0" Y="163.0" />
  <Point X="54.0" Y="163.0" />
  <Point X="54.78502493047469" Y="163.39251246523736" />
  <Point X="56.0" Y="164.0" />
  <Point X="57.0" Y="164.0" />
  <Point X="59.0" Y="164.0" />
  <Point X="59.0" Y="164.100775750871" />
  <Point X="59.0" Y="165.0" />
  <Point X="60.0" Y="165.0" />
  <Point X="62.0" Y="165.0" />
  <Point X="62.55993492495508" Y="165.0" />
  <Point X="64.0" Y="165.0" />
  <Point X="65.0" Y="165.0" />
  <Point X="66.0" Y="165.0" />
  <Point X="67.01909409903915" Y="165.0" />
  <Point X="68.0" Y="165.0" />
  <Point X="70.0" Y="166.0" />
  <Point X="71.0" Y="166.0" />
  <Point X="71.24218529562343" Y="166.0" />
  <Point X="73.0" Y="166.0" />
  <Point X="74.0" Y="166.0" />
  <Point X="75.0" Y="167.0" />
  <Point X="75.2871309073344" Y="167.0" />
  <Point X="76.0" Y="167.0" />
  <Point X="77.0" Y="167.0" />
  <Point X="78.0" Y="167.0" />
  <Point X="78.0" Y="168.0" />
  <Point X="78.74629008141846" Y="168.0" />
  <Point X="80.0" Y="168.0" />
  <Point X="81.0" Y="168.0" />
  <Point X="82.0" Y="168.0" />
  <Point X="83.0" Y="168.0" />
  <Point X="83.20544925550253" Y="168.0" />
  <Point X="84.0" Y="168.0" />
  <Point X="84.0" Y="169.0" />
  <Point X="85.0" Y="169.0" />
  <Point X="86.0" Y="170.0" />
  <Point X="86.2503948672135" Y="170.0" />
  <Point X="87.0" Y="170.0" />
  <Point X="88.0" Y="170.0" />
  <Point X="89.0" Y="170.0" />
  <Point X="90.0" Y="170.0" />
  <Point X="90.70955404129757" Y="170.0" />
  <Point X="91.0" Y="170.0" />
  <Point X="92.0" Y="170.0" />
  <Point X="93.0" Y="170.0" />
  <Point X="93.0" Y="171.0" />
  <Point X="94.0" Y="171.0" />
  <Point X="94.16871321538163" Y="171.0" />
  <Point X="95.0" Y="171.0" />
  <Point X="96.0" Y="171.0" />
  <Point X="97.0" Y="171.0" />
  <Point X="98.0" Y="171.0" />
  <Point X="98.6278723894657" Y="171.0" />
  <Point X="99.0" Y="171.0" />
  <Point X="100.0" Y="171.0" />
  <Point X="100.0" Y="172.0" />
  <Point X="101.0" Y="172.0" />
  <Point X="102.0" Y="172.0" />
  <Point X="102.08703156354976" Y="172.0" />
  <Point X="103.0" Y="172.0" />
  <Point X="104.0" Y="172.0" />
  <Point X="105.0" Y="172.0" />
  <Point X="106.0" Y="172.0" />
  <Point X="106.54619073763382" Y="172.0" />
  <Point X="107.0" Y="172.0" />
  <Point X="108.0" Y="172.0" />
  <Point X="109.0" Y="172.0" />
  <Point X="109.0" Y="171.0" />
  <Point X="108.0" Y="171.0" />
  <Point X="107.99465008828211" Y="171.0" />
  <Point X="107.0" Y="171.0" />
  <Point X="107.0" Y="170.0" />
  <Point X="107.0" Y="169.0" />
  <Point X="106.0" Y="169.0" />
  <Point X="105.67154247550667" Y="168.67154247550667" />
  <Point X="105.0" Y="168.0" />
  <Point X="104.0" Y="167.0" />
  <Point X="103.0" Y="166.0" />
  <Point X="103.0" Y="165.31897242723326" />
  <Point X="103.0" Y="165.0" />
  <Point X="102.0" Y="165.0" />
  <Point X="102.0" Y="164.0" />
  <Point X="101.0" Y="164.0" />
  <Point X="101.0" Y="163.0" />
  <Point X="100.8598132531492" Y="163.0" />
  <Point X="100.0" Y="163.0" />
  <Point X="99.0" Y="162.0" />
  <Point X="99.0" Y="161.0" />
  <Point X="98.0" Y="161.0" />
  <Point X="98.0" Y="160.8148676414382" />
  <Point X="98.0" Y="160.0" />
  <Point X="97.0" Y="160.0" />
  <Point X="97.0" Y="159.0" />
  <Point X="96.0" Y="158.0" />
  <Point X="95.8373103070185" Y="157.8373103070185" />
  <Point X="95.0" Y="157.0" />
  <Point X="94.0" Y="157.0" />
  <Point X="94.0" Y="156.0" />
  <Point X="93.09842217900655" Y="155.09842217900655" />
  <Point X="93.0" Y="155.0" />
  <Point X="92.0" Y="155.0" />
  <Point X="92.0" Y="154.0" />
  <Point X="92.0" Y="153.0" />
  <Point X="91.0" Y="153.0" />
  <Point X="91.0" Y="152.6800308063053" />
  <Point X="91.0" Y="152.0" />
  <Point X="89.0" Y="151.0" />
  <Point X="89.0" Y="149.45693960972102" />
  <Point X="89.0" Y="149.0" />
  <Point X="88.0" Y="149.0" />
  <Point X="87.0" Y="148.0" />
  <Point X="86.0" Y="147.0" />
  <Point X="85.92227765820823" Y="146.84455531641646" />
  <Point X="85.0" Y="145.0" />
  <Point X="84.0" Y="144.0" />
  <Point X="83.3051473271271" Y="143.3051473271271" />
  <Point X="83.0" Y="143.0" />
  <Point X="82.0" Y="142.0" />
  <Point X="82.0" Y="141.0" />
  <Point X="81.0" Y="140.0" />
  <Point X="81.0" Y="139.80081143920717" />
  <Point X="81.0" Y="139.0" />
  <Point X="80.0" Y="139.0" />
  <Point X="79.0" Y="138.0" />
  <Point X="79.0" Y="137.0" />
  <Point X="78.82737107110319" Y="136.8273710711032" />
  <Point X="78.0" Y="136.0" />
  <Point X="77.0" Y="136.0" />
  <Point X="77.0" Y="134.0" />
  <Point X="76.71092021578521" Y="134.0" />
  <Point X="76.0" Y="134.0" />
  <Point X="76.0" Y="133.0" />
  <Point X="75.0" Y="132.0" />
  <Point X="74.0" Y="132.0" />
  <Point X="74.0" Y="131.66597460407422" />
  <Point X="74.0" Y="131.0" />
  <Point X="74.0" Y="130.0" />
  <Point X="73.0" Y="129.0" />
  <Point X="72.02492024944041" Y="128.0249202494404" />
  <Point X="72.0" Y="128.0" />
  <Point X="72.0" Y="127.0" />
  <Point X="71.0" Y="126.0" />
  <Point X="71.0" Y="125.0" />
  <Point X="70.0" Y="125.0" />
  <Point X="70.0" Y="124.99029694302538" />
  <Point X="70.0" Y="124.0" />
  <Point X="69.0" Y="123.0" />
  <Point X="69.0" Y="122.0" />
  <Point X="68.0" Y="122.0" />
  <Point X="68.0" Y="121.94535133131441" />
  <Point X="68.0" Y="121.0" />
  <Point X="67.0" Y="120.0" />
  <Point X="67.0" Y="119.0" />
  <Point X="66.22246942777765" Y="118.22246942777765" />
  <Point X="66.0" Y="118.0" />
  <Point X="65.0" Y="118.0" />
  <Point X="65.0" Y="117.0" />
  <Point X="65.0" Y="116.0" />
  <Point X="64.19068808095224" Y="115.19068808095224" />
  <Point X="64.0" Y="115.0" />
  <Point X="64.0" Y="114.0" />
  <Point X="63.0" Y="113.0" />
  <Point X="62.0" Y="112.0" />
  <Point X="61.74469317175374" Y="111.74469317175374" />
  <Point X="61.0" Y="111.0" />
  <Point X="61.0" Y="110.0" />
  <Point X="60.0" Y="109.0" />
  <Point X="59.0082095715898" Y="109.0" />
  <Point X="59.0" Y="109.0" />
  <Point X="59.0" Y="108.0" />
  <Point X="59.0" Y="107.0" />
  <Point X="58.0" Y="106.0" />
  <Point X="57.0" Y="106.0" />
  <Point X="57.0" Y="105.96326395987883" />
  <Point X="57.0" Y="105.0" />
  <Point X="56.0" Y="105.0" />
  <Point X="56.0" Y="104.0" />
  <Point X="55.0" Y="104.0" />
  <Point X="55.0" Y="103.50410478579477" />
  <Point X="55.0" Y="103.0" />
  <Point X="55.0" Y="102.0" />
  <Point X="54.0" Y="102.0" />
  <Point X="53.0" Y="101.0" />
  <Point X="53.0" Y="100.4591591740838" />
  <Point X="53.0" Y="100.0" />
  <Point X="52.0" Y="100.0" />
  <Point X="52.0" Y="99.0" />
  <Point X="52.0" Y="98.0" />
  <Point X="51.0" Y="98.0" />
</Project_1_Part_4>
