<?xml version="1.0" encoding="utf-8" standalone="yes"?>
<Gesture Name="triangle9" Subject="1" Number="1" NumPts="508">
  <Point X="37.0" Y="119.0" />
  <Point X="38.0" Y="119.0" />
  <Point X="38.0" Y="120.0" />
  <Point X="39.0" Y="120.0" />
  <Point X="39.0" Y="121.0" />
  <Point X="40.0" Y="122.0" />
  <Point X="40.0" Y="123.0" />
  <Point X="41.0" Y="123.0" />
  <Point X="41.0" Y="123.025325485084" />
  <Point X="41.0" Y="124.0" />
  <Point X="42.0" Y="124.0" />
  <Point X="42.0" Y="125.0" />
  <Point X="42.0" Y="126.0" />
  <Point X="43.0" Y="126.0" />
  <Point X="43.0" Y="127.0" />
  <Point X="44.0" Y="127.0" />
  <Point X="44.0" Y="127.46486453254109" />
  <Point X="44.0" Y="128.0" />
  <Point X="44.0" Y="129.0" />
  <Point X="45.0" Y="129.0" />
  <Point X="46.0" Y="130.0" />
  <Point X="46.0" Y="131.0" />
  <Point X="47.0" Y="131.0" />
  <Point X="47.0" Y="132.0" />
  <Point X="47.0" Y="132.49019001762508" />
  <Point X="47.0" Y="133.0" />
  <Point X="48.0" Y="133.0" />
  <Point X="48.0" Y="134.0" />
  <Point X="48.0" Y="135.0" />
  <Point X="49.0" Y="135.0" />
  <Point X="49.0" Y="136.0" />
  <Point X="50.0" Y="136.0" />
  <Point X="50.0" Y="136.92972906508217" />
  <Point X="50.0" Y="137.0" />
  <Point X="50.0" Y="138.0" />
  <Point X="51.0" Y="138.0" />
  <Point X="51.0" Y="139.0" />
  <Point X="52.0" Y="140.0" />
  <Point X="52.0" Y="141.0" />
  <Point X="52.0" Y="142.0" />
  <Point X="52.95505455016617" Y="142.0" />
  <Point X="53.0" Y="142.0" />
  <Point X="53.0" Y="143.0" />
  <Point X="53.0" Y="144.0" />
  <Point X="54.0" Y="144.0" />
  <Point X="54.0" Y="145.0" />
  <Point X="55.0" Y="145.0" />
  <Point X="55.0" Y="146.0" />
  <Point X="55.0" Y="147.0" />
  <Point X="55.394593597623256" Y="147.0" />
  <Point X="56.0" Y="147.0" />
  <Point X="56.0" Y="148.0" />
  <Point X="56.0" Y="149.0" />
  <Point X="57.0" Y="149.0" />
  <Point X="57.0" Y="150.0" />
  <Point X="57.0" Y="151.0" />
  <Point X="58.0" Y="151.0" />
  <Point X="58.0" Y="151.83413264508033" />
  <Point X="58.0" Y="152.0" />
  <Point X="59.0" Y="152.0" />
  <Point X="59.0" Y="153.0" />
  <Point X="59.0" Y="154.0" />
  <Point X="60.0" Y="154.0" />
  <Point X="60.0" Y="155.0" />
  <Point X="60.0" Y="156.0" />
  <Point X="61.0" Y="156.0" />
  <Point X="61.0" Y="156.27367169253742" />
  <Point X="61.0" Y="157.0" />
  <Point X="61.0" Y="158.0" />
  <Point X="62.0" Y="158.0" />
  <Point X="62.0" Y="159.0" />
  <Point X="63.0" Y="159.0" />
  <Point X="63.0" Y="160.0" />
  <Point X="63.0" Y="161.0" />
  <Point X="63.0" Y="161.7132107399945" />
  <Point X="63.0" Y="162.0" />
  <Point X="64.0" Y="162.0" />
  <Point X="64.0" Y="163.0" />
  <Point X="64.0" Y="164.0" />
  <Point X="65.0" Y="164.0" />
  <Point X="65.0" Y="165.0" />
  <Point X="65.0" Y="166.0" />
  <Point X="66.0" Y="166.0" />
  <Point X="66.1527497874516" Y="166.0" />
  <Point X="67.0" Y="166.0" />
  <Point X="67.0" Y="167.0" />
  <Point X="67.0" Y="168.0" />
  <Point X="68.0" Y="169.0" />
  <Point X="68.0" Y="170.0" />
  <Point X="69.0" Y="171.0" />
  <Point X="69.0" Y="171.7638617101625" />
  <Point X="69.0" Y="172.0" />
  <Point X="70.0" Y="172.0" />
  <Point X="70.0" Y="173.0" />
  <Point X="71.0" Y="173.0" />
  <Point X="71.0" Y="174.0" />
  <Point X="72.0" Y="174.0" />
  <Point X="72.0" Y="175.0" />
  <Point X="72.85093283619784" Y="175.85093283619784" />
  <Point X="73.0" Y="176.0" />
  <Point X="74.0" Y="176.0" />
  <Point X="74.0" Y="177.0" />
  <Point X="75.0" Y="177.0" />
  <Point X="75.0" Y="178.0" />
  <Point X="76.0" Y="178.0" />
  <Point X="76.0" Y="179.0" />
  <Point X="77.0" Y="179.0" />
  <Point X="77.0" Y="179.22872624270357" />
  <Point X="77.0" Y="180.0" />
  <Point X="78.0" Y="180.0" />
  <Point X="79.0" Y="180.0" />
  <Point X="80.0" Y="180.0" />
  <Point X="81.0" Y="180.0" />
  <Point X="82.0" Y="180.0" />
  <Point X="82.0" Y="179.0" />
  <Point X="82.66826529016066" Y="179.0" />
  <Point X="83.0" Y="179.0" />
  <Point X="84.0" Y="179.0" />
  <Point X="85.0" Y="179.0" />
  <Point X="86.0" Y="179.0" />
  <Point X="87.0" Y="179.0" />
  <Point X="88.0" Y="179.0" />
  <Point X="89.0" Y="179.0" />
  <Point X="90.0" Y="179.0" />
  <Point X="90.10780433761775" Y="179.0" />
  <Point X="91.0" Y="179.0" />
  <Point X="92.0" Y="179.0" />
  <Point X="93.0" Y="179.0" />
  <Point X="94.0" Y="179.0" />
  <Point X="94.0" Y="180.0" />
  <Point X="95.0" Y="180.0" />
  <Point X="96.0" Y="180.0" />
  <Point X="96.38703021922402" Y="180.38703021922402" />
  <Point X="97.0" Y="181.0" />
  <Point X="98.0" Y="181.0" />
  <Point X="99.0" Y="181.0" />
  <Point X="100.0" Y="181.0" />
  <Point X="101.0" Y="181.0" />
  <Point X="101.0" Y="182.0" />
  <Point X="102.0" Y="182.0" />
  <Point X="102.57266887015882" Y="182.0" />
  <Point X="103.0" Y="182.0" />
  <Point X="103.0" Y="183.0" />
  <Point X="104.0" Y="183.0" />
  <Point X="105.0" Y="183.0" />
  <Point X="106.0" Y="183.0" />
  <Point X="107.0" Y="183.0" />
  <Point X="108.0" Y="183.0" />
  <Point X="109.0" Y="183.0" />
  <Point X="109.00863230133038" Y="183.00863230133038" />
  <Point X="110.0" Y="184.0" />
  <Point X="111.0" Y="184.0" />
  <Point X="112.0" Y="184.0" />
  <Point X="113.0" Y="184.0" />
  <Point X="114.0" Y="184.0" />
  <Point X="115.0" Y="184.0" />
  <Point X="116.0" Y="184.0" />
  <Point X="116.0375334026999" Y="184.0" />
  <Point X="117.0" Y="184.0" />
  <Point X="118.0" Y="184.0" />
  <Point X="119.0" Y="184.0" />
  <Point X="119.0" Y="185.0" />
  <Point X="120.0" Y="185.0" />
  <Point X="121.0" Y="185.0" />
  <Point X="122.0" Y="185.0" />
  <Point X="122.477072450157" Y="185.0" />
  <Point X="123.0" Y="185.0" />
  <Point X="124.0" Y="185.0" />
  <Point X="125.0" Y="185.0" />
  <Point X="126.0" Y="185.0" />
  <Point X="127.0" Y="185.0" />
  <Point X="128.0" Y="185.0" />
  <Point X="129.0" Y="185.0" />
  <Point X="129.91661149761407" Y="185.0" />
  <Point X="130.0" Y="185.0" />
  <Point X="131.0" Y="185.0" />
  <Point X="132.0" Y="185.0" />
  <Point X="133.0" Y="185.0" />
  <Point X="134.0" Y="186.0" />
  <Point X="135.0" Y="186.0" />
  <Point X="136.0" Y="186.0" />
  <Point X="136.94193698269805" Y="186.0" />
  <Point X="137.0" Y="186.0" />
  <Point X="138.0" Y="186.0" />
  <Point X="139.0" Y="186.0" />
  <Point X="140.0" Y="186.0" />
  <Point X="141.0" Y="186.0" />
  <Point X="142.0" Y="187.0" />
  <Point X="143.0" Y="187.0" />
  <Point X="143.96726246778204" Y="187.0" />
  <Point X="144.0" Y="187.0" />
  <Point X="145.0" Y="187.0" />
  <Point X="146.0" Y="187.0" />
  <Point X="147.0" Y="187.0" />
  <Point X="148.0" Y="187.0" />
  <Point X="149.0" Y="187.0" />
  <Point X="150.0" Y="187.0" />
  <Point X="150.9947588912091" Y="187.9947588912091" />
  <Point X="151.0" Y="188.0" />
  <Point X="152.0" Y="188.0" />
  <Point X="153.0" Y="188.0" />
  <Point X="154.0" Y="188.0" />
  <Point X="155.0" Y="188.0" />
  <Point X="156.0" Y="188.0" />
  <Point X="157.0" Y="188.0" />
  <Point X="158.0" Y="188.0" />
  <Point X="158.43212700032313" Y="188.0" />
  <Point X="159.0" Y="188.0" />
  <Point X="160.0" Y="188.0" />
  <Point X="161.0" Y="188.0" />
  <Point X="161.0" Y="189.0" />
  <Point X="162.0" Y="189.0" />
  <Point X="163.0" Y="189.0" />
  <Point X="164.0" Y="189.0" />
  <Point X="164.87166604778022" Y="189.0" />
  <Point X="165.0" Y="189.0" />
  <Point X="166.0" Y="189.0" />
  <Point X="167.0" Y="189.0" />
  <Point X="168.0" Y="189.0" />
  <Point X="169.0" Y="189.0" />
  <Point X="170.0" Y="189.0" />
  <Point X="171.0" Y="189.0" />
  <Point X="172.0" Y="189.0" />
  <Point X="172.3112050952373" Y="189.0" />
  <Point X="173.0" Y="189.0" />
  <Point X="174.0" Y="189.0" />
  <Point X="175.0" Y="189.0" />
  <Point X="176.0" Y="189.0" />
  <Point X="177.0" Y="189.0" />
  <Point X="178.0" Y="189.0" />
  <Point X="179.0" Y="189.0" />
  <Point X="179.7507441426944" Y="189.0" />
  <Point X="180.0" Y="189.0" />
  <Point X="181.0" Y="189.0" />
  <Point X="182.0" Y="189.0" />
  <Point X="183.0" Y="189.0" />
  <Point X="184.0" Y="189.0" />
  <Point X="185.0" Y="189.0" />
  <Point X="186.0" Y="189.0" />
  <Point X="187.0" Y="189.0" />
  <Point X="187.1902831901515" Y="189.0" />
  <Point X="188.0" Y="189.0" />
  <Point X="189.0" Y="189.0" />
  <Point X="190.0" Y="189.0" />
  <Point X="191.0" Y="189.0" />
  <Point X="192.0" Y="189.0" />
  <Point X="193.0" Y="189.0" />
  <Point X="194.0" Y="189.0" />
  <Point X="194.62982223760858" Y="189.0" />
  <Point X="195.0" Y="189.0" />
  <Point X="196.0" Y="189.0" />
  <Point X="197.0" Y="189.0" />
  <Point X="198.0" Y="189.0" />
  <Point X="199.0" Y="189.0" />
  <Point X="200.0" Y="189.0" />
  <Point X="201.0" Y="189.0" />
  <Point X="202.0" Y="189.0" />
  <Point X="202.06936128506567" Y="189.0" />
  <Point X="203.0" Y="189.0" />
  <Point X="204.0" Y="189.0" />
  <Point X="205.0" Y="189.0" />
  <Point X="206.0" Y="189.0" />
  <Point X="207.0" Y="189.0" />
  <Point X="208.0" Y="189.0" />
  <Point X="209.0" Y="189.0" />
  <Point X="209.50890033252276" Y="189.0" />
  <Point X="210.0" Y="189.0" />
  <Point X="211.0" Y="189.0" />
  <Point X="212.0" Y="189.0" />
  <Point X="213.0" Y="189.0" />
  <Point X="214.0" Y="189.0" />
  <Point X="214.0" Y="188.0" />
  <Point X="213.0" Y="188.0" />
  <Point X="213.0" Y="187.05156062002015" />
  <Point X="213.0" Y="187.0" />
  <Point X="212.0" Y="187.0" />
  <Point X="211.0" Y="187.0" />
  <Point X="211.0" Y="186.0" />
  <Point X="210.0" Y="185.0" />
  <Point X="209.0" Y="185.0" />
  <Point X="208.0" Y="185.0" />
  <Point X="208.0" Y="184.02623513493617" />
  <Point X="208.0" Y="184.0" />
  <Point X="207.0" Y="184.0" />
  <Point X="206.0" Y="184.0" />
  <Point X="205.0" Y="183.0" />
  <Point X="204.0" Y="183.0" />
  <Point X="204.0" Y="182.0" />
  <Point X="203.0" Y="182.0" />
  <Point X="202.29353643839244" Y="181.29353643839244" />
  <Point X="202.0" Y="181.0" />
  <Point X="201.0" Y="181.0" />
  <Point X="200.0" Y="181.0" />
  <Point X="200.0" Y="180.0" />
  <Point X="199.0" Y="180.0" />
  <Point X="198.0" Y="180.0" />
  <Point X="197.0" Y="180.0" />
  <Point X="197.0" Y="179.0" />
  <Point X="196.97558416476818" Y="179.0" />
  <Point X="196.0" Y="179.0" />
  <Point X="195.0" Y="179.0" />
  <Point X="194.0" Y="178.0" />
  <Point X="193.0" Y="178.0" />
  <Point X="193.0" Y="177.0" />
  <Point X="192.0" Y="177.0" />
  <Point X="190.9502586796842" Y="177.0" />
  <Point X="190.0" Y="177.0" />
  <Point X="189.0" Y="176.0" />
  <Point X="188.0" Y="176.0" />
  <Point X="187.0" Y="175.0" />
  <Point X="186.0" Y="175.0" />
  <Point X="185.0" Y="174.0" />
  <Point X="184.7533603193464" Y="174.0" />
  <Point X="184.0" Y="174.0" />
  <Point X="182.0" Y="173.0" />
  <Point X="181.0" Y="172.0" />
  <Point X="180.0" Y="172.0" />
  <Point X="179.0" Y="172.0" />
  <Point X="179.0" Y="171.0" />
  <Point X="178.9641028117622" Y="171.0" />
  <Point X="178.0" Y="171.0" />
  <Point X="176.0" Y="170.0" />
  <Point X="175.0" Y="169.0" />
  <Point X="174.0" Y="169.0" />
  <Point X="173.0" Y="168.0" />
  <Point X="172.58905886655108" Y="168.0" />
  <Point X="172.0" Y="168.0" />
  <Point X="171.0" Y="167.0" />
  <Point X="170.0" Y="167.0" />
  <Point X="169.0" Y="166.0" />
  <Point X="168.0" Y="166.0" />
  <Point X="167.0" Y="166.0" />
  <Point X="166.0858479559261" Y="165.54292397796306" />
  <Point X="165.0" Y="165.0" />
  <Point X="164.0" Y="164.0" />
  <Point X="163.0" Y="164.0" />
  <Point X="162.0" Y="164.0" />
  <Point X="161.0" Y="163.0" />
  <Point X="160.0" Y="163.0" />
  <Point X="159.7192100175418" Y="162.7192100175418" />
  <Point X="159.0" Y="162.0" />
  <Point X="158.0" Y="162.0" />
  <Point X="157.0" Y="162.0" />
  <Point X="157.0" Y="161.0" />
  <Point X="156.0" Y="161.0" />
  <Point X="155.0" Y="160.0" />
  <Point X="154.0" Y="160.0" />
  <Point X="153.9917910759182" Y="160.0" />
  <Point X="153.0" Y="160.0" />
  <Point X="152.0" Y="159.0" />
  <Point X="151.0" Y="159.0" />
  <Point X="150.0" Y="158.0" />
  <Point X="149.0" Y="158.0" />
  <Point X="148.0" Y="157.0" />
  <Point X="147.7948927155804" Y="157.0" />
  <Point X="147.0" Y="157.0" />
  <Point X="147.0" Y="156.0" />
  <Point X="146.0" Y="156.0" />
  <Point X="145.0" Y="155.0" />
  <Point X="144.0" Y="155.0" />
  <Point X="143.0" Y="155.0" />
  <Point X="143.0" Y="154.0" />
  <Point X="142.76956723049642" Y="154.0" />
  <Point X="142.0" Y="154.0" />
  <Point X="141.0" Y="153.0" />
  <Point X="140.0" Y="153.0" />
  <Point X="139.0" Y="153.0" />
  <Point X="139.0" Y="152.0" />
  <Point X="138.0" Y="152.0" />
  <Point X="137.0" Y="152.0" />
  <Point X="136.74424174541244" Y="152.0" />
  <Point X="136.0" Y="152.0" />
  <Point X="136.0" Y="151.0" />
  <Point X="135.0" Y="151.0" />
  <Point X="134.0" Y="151.0" />
  <Point X="134.0" Y="150.0" />
  <Point X="133.0" Y="150.0" />
  <Point X="132.0" Y="150.0" />
  <Point X="131.30470269795535" Y="150.0" />
  <Point X="131.0" Y="150.0" />
  <Point X="130.0" Y="150.0" />
  <Point X="130.0" Y="149.0" />
  <Point X="129.0" Y="149.0" />
  <Point X="128.0" Y="148.0" />
  <Point X="127.0" Y="148.0" />
  <Point X="126.0" Y="148.0" />
  <Point X="125.27937721287135" Y="148.0" />
  <Point X="125.0" Y="148.0" />
  <Point X="124.0" Y="147.0" />
  <Point X="123.0" Y="147.0" />
  <Point X="121.0" Y="147.0" />
  <Point X="121.0" Y="146.0" />
  <Point X="120.0" Y="146.0" />
  <Point X="119.25405172778736" Y="146.0" />
  <Point X="119.0" Y="146.0" />
  <Point X="118.0" Y="145.0" />
  <Point X="117.0" Y="145.0" />
  <Point X="116.0" Y="145.0" />
  <Point X="115.0" Y="145.0" />
  <Point X="115.0" Y="144.0" />
  <Point X="114.0" Y="144.0" />
  <Point X="113.22872624270336" Y="144.0" />
  <Point X="113.0" Y="144.0" />
  <Point X="112.0" Y="144.0" />
  <Point X="112.0" Y="143.0" />
  <Point X="111.0" Y="143.0" />
  <Point X="110.0" Y="143.0" />
  <Point X="109.0" Y="143.0" />
  <Point X="108.0" Y="143.0" />
  <Point X="108.0" Y="142.0" />
  <Point X="107.78918719524627" Y="142.0" />
  <Point X="107.0" Y="142.0" />
  <Point X="106.0" Y="142.0" />
  <Point X="105.0" Y="142.0" />
  <Point X="104.0" Y="142.0" />
  <Point X="104.0" Y="141.0" />
  <Point X="103.0" Y="141.0" />
  <Point X="102.0" Y="141.0" />
  <Point X="102.0" Y="140.3496481477892" />
  <Point X="102.0" Y="140.0" />
  <Point X="101.0" Y="140.0" />
  <Point X="100.0" Y="140.0" />
  <Point X="99.0" Y="139.0" />
  <Point X="98.0" Y="139.0" />
  <Point X="97.0" Y="139.0" />
  <Point X="96.0" Y="139.0" />
  <Point X="95.52222397290478" Y="138.52222397290478" />
  <Point X="95.0" Y="138.0" />
  <Point X="94.0" Y="138.0" />
  <Point X="93.0" Y="138.0" />
  <Point X="92.0" Y="138.0" />
  <Point X="91.0" Y="137.0" />
  <Point X="90.0" Y="137.0" />
  <Point X="89.0" Y="137.0" />
  <Point X="88.71321073999431" Y="137.0" />
  <Point X="88.0" Y="137.0" />
  <Point X="87.0" Y="136.0" />
  <Point X="86.0" Y="136.0" />
  <Point X="85.0" Y="136.0" />
  <Point X="84.0" Y="136.0" />
  <Point X="84.0" Y="135.0" />
  <Point X="83.0" Y="135.0" />
  <Point X="82.68788525491031" Y="135.0" />
  <Point X="82.0" Y="135.0" />
  <Point X="81.0" Y="135.0" />
  <Point X="80.0" Y="135.0" />
  <Point X="79.0" Y="135.0" />
  <Point X="78.0" Y="135.0" />
  <Point X="76.0" Y="135.0" />
  <Point X="76.0" Y="134.24834620745324" />
  <Point X="76.0" Y="134.0" />
  <Point X="75.0" Y="134.0" />
  <Point X="74.0" Y="134.0" />
  <Point X="73.0" Y="134.0" />
  <Point X="72.0" Y="134.0" />
  <Point X="71.0" Y="134.0" />
  <Point X="70.0" Y="133.0" />
  <Point X="69.22302072236924" Y="133.0" />
  <Point X="69.0" Y="133.0" />
  <Point X="69.0" Y="132.0" />
  <Point X="68.0" Y="132.0" />
  <Point X="67.0" Y="132.0" />
  <Point X="66.0" Y="132.0" />
  <Point X="65.0" Y="131.0" />
  <Point X="64.0" Y="131.0" />
  <Point X="63.197695237285245" Y="131.0" />
  <Point X="63.0" Y="131.0" />
  <Point X="63.0" Y="130.0" />
  <Point X="62.0" Y="130.0" />
  <Point X="61.0" Y="130.0" />
  <Point X="60.0" Y="130.0" />
  <Point X="60.0" Y="129.0" />
  <Point X="59.0" Y="129.0" />
  <Point X="58.0" Y="129.0" />
  <Point X="58.0" Y="128.75815618982816" />
  <Point X="58.0" Y="128.0" />
  <Point X="57.0" Y="128.0" />
  <Point X="56.0" Y="128.0" />
  <Point X="56.0" Y="127.0" />
  <Point X="55.0" Y="127.0" />
  <Point X="54.0" Y="127.0" />
  <Point X="54.0" Y="126.0" />
  <Point X="53.31861714237107" Y="126.0" />
  <Point X="53.0" Y="126.0" />
  <Point X="53.0" Y="125.0" />
  <Point X="52.0" Y="125.0" />
  <Point X="51.0" Y="125.0" />
  <Point X="51.0" Y="124.0" />
  <Point X="50.0" Y="124.0" />
  <Point X="49.0" Y="124.0" />
  <Point X="49.0" Y="123.0" />
  <Point X="48.87907809491398" Y="123.0" />
  <Point X="48.0" Y="123.0" />
  <Point X="47.0" Y="123.0" />
  <Point X="47.0" Y="122.0" />
  <Point X="46.0" Y="122.0" />
  <Point X="45.0" Y="122.0" />
  <Point X="44.0" Y="122.0" />
  <Point X="44.0" Y="121.0" />
  <Point X="43.43953904745689" Y="121.0" />
  <Point X="43.0" Y="121.0" />
  <Point X="42.0" Y="121.0" />
  <Point X="42.0" Y="120.0" />
  <Point X="42.0" Y="119.0" />
  <Point X="41.0" Y="119.0" />
  <Point X="41.0" Y="118.0" />
  <Point X="40.0" Y="118.0" />
  <Point X="39.0" Y="118.0" />
</Project_1_Part_4>
