<?xml version="1.0" encoding="utf-8" standalone="yes"?>
<Gesture Name="triangle6" Subject="1" Number="1" NumPts="372">
  <Point X="111.0" Y="85.0" />
  <Point X="111.0" Y="86.0" />
  <Point X="111.0" Y="87.0" />
  <Point X="111.0" Y="88.0" />
  <Point X="110.0" Y="88.0" />
  <Point X="110.0" Y="89.0" />
  <Point X="110.0" Y="89.93356539169643" />
  <Point X="110.0" Y="90.0" />
  <Point X="109.0" Y="90.0" />
  <Point X="108.0" Y="91.0" />
  <Point X="108.0" Y="92.0" />
  <Point X="107.0" Y="93.0" />
  <Point X="106.26552559932766" Y="93.73447440067234" />
  <Point X="106.0" Y="94.0" />
  <Point X="106.0" Y="95.0" />
  <Point X="105.0" Y="96.0" />
  <Point X="105.0" Y="97.0" />
  <Point X="104.0" Y="97.0" />
  <Point X="103.19118161780494" Y="97.80881838219506" />
  <Point X="103.0" Y="98.0" />
  <Point X="103.0" Y="99.0" />
  <Point X="103.0" Y="100.0" />
  <Point X="102.0" Y="100.0" />
  <Point X="102.0" Y="101.0" />
  <Point X="101.0" Y="102.0" />
  <Point X="100.75101980745285" Y="102.0" />
  <Point X="100.0" Y="102.0" />
  <Point X="100.0" Y="103.0" />
  <Point X="99.0" Y="104.0" />
  <Point X="99.0" Y="106.0" />
  <Point X="98.23166797812951" Y="106.0" />
  <Point X="98.0" Y="106.0" />
  <Point X="97.0" Y="106.0" />
  <Point X="97.0" Y="107.0" />
  <Point X="96.0" Y="109.0" />
  <Point X="95.0" Y="109.0" />
  <Point X="94.7916747430067" Y="109.41665051398661" />
  <Point X="94.0" Y="111.0" />
  <Point X="93.0" Y="112.0" />
  <Point X="93.0" Y="113.0" />
  <Point X="92.0" Y="114.0" />
  <Point X="91.76319013306899" Y="114.23680986693101" />
  <Point X="91.0" Y="115.0" />
  <Point X="90.0" Y="116.0" />
  <Point X="90.0" Y="117.0" />
  <Point X="88.0" Y="118.0" />
  <Point X="88.0" Y="118.20397001496806" />
  <Point X="88.0" Y="119.0" />
  <Point X="87.0" Y="120.0" />
  <Point X="86.0" Y="120.0" />
  <Point X="86.0" Y="121.0" />
  <Point X="85.0" Y="122.0" />
  <Point X="85.0" Y="122.30910828191831" />
  <Point X="85.0" Y="123.0" />
  <Point X="84.0" Y="123.0" />
  <Point X="83.0" Y="124.0" />
  <Point X="83.0" Y="125.0" />
  <Point X="82.0" Y="125.0" />
  <Point X="81.41419023739847" Y="125.58580976260153" />
  <Point X="81.0" Y="126.0" />
  <Point X="81.0" Y="127.0" />
  <Point X="80.0" Y="128.0" />
  <Point X="79.0" Y="129.0" />
  <Point X="79.0" Y="130.0" />
  <Point X="78.53544809813918" Y="130.23227595093041" />
  <Point X="77.0" Y="131.0" />
  <Point X="76.0" Y="133.0" />
  <Point X="75.0" Y="133.0" />
  <Point X="75.0" Y="133.98081425251564" />
  <Point X="75.0" Y="134.0" />
  <Point X="73.0" Y="135.0" />
  <Point X="72.0" Y="136.0" />
  <Point X="71.0" Y="138.0" />
  <Point X="70.9719698731606" Y="138.0" />
  <Point X="70.0" Y="138.0" />
  <Point X="70.0" Y="140.0" />
  <Point X="68.0" Y="140.0" />
  <Point X="68.0" Y="140.96159551853583" />
  <Point X="68.0" Y="141.0" />
  <Point X="67.0" Y="142.0" />
  <Point X="67.0" Y="143.0" />
  <Point X="66.0" Y="144.0" />
  <Point X="65.0" Y="145.0" />
  <Point X="64.34747977688701" Y="145.0" />
  <Point X="64.0" Y="145.0" />
  <Point X="63.0" Y="146.0" />
  <Point X="62.0" Y="147.0" />
  <Point X="61.0" Y="148.0" />
  <Point X="61.0" Y="149.0" />
  <Point X="60.75714776266618" Y="149.2428522373338" />
  <Point X="60.0" Y="150.0" />
  <Point X="59.0" Y="151.0" />
  <Point X="58.0" Y="152.0" />
  <Point X="57.090202242177824" Y="153.81959551564435" />
  <Point X="57.0" Y="154.0" />
  <Point X="56.0" Y="154.0" />
  <Point X="55.0" Y="156.0" />
  <Point X="54.0" Y="156.0" />
  <Point X="54.0" Y="157.0" />
  <Point X="53.649417116229486" Y="157.35058288377053" />
  <Point X="53.0" Y="158.0" />
  <Point X="51.0" Y="160.0" />
  <Point X="50.02206739886937" Y="161.95586520226126" />
  <Point X="50.0" Y="162.0" />
  <Point X="49.0" Y="162.0" />
  <Point X="49.0" Y="163.0" />
  <Point X="48.0" Y="163.0" />
  <Point X="48.0" Y="164.0" />
  <Point X="47.0" Y="165.0" />
  <Point X="47.0" Y="165.47000762536484" />
  <Point X="47.0" Y="166.0" />
  <Point X="46.0" Y="166.0" />
  <Point X="45.0" Y="167.0" />
  <Point X="44.0" Y="168.0" />
  <Point X="44.0" Y="169.0" />
  <Point X="43.59331043937242" Y="169.4066895606276" />
  <Point X="43.0" Y="170.0" />
  <Point X="42.0" Y="171.0" />
  <Point X="41.0" Y="172.0" />
  <Point X="41.0" Y="173.0" />
  <Point X="40.0" Y="173.0" />
  <Point X="40.0" Y="173.26607059689223" />
  <Point X="40.0" Y="174.0" />
  <Point X="39.0" Y="175.0" />
  <Point X="38.0" Y="177.0" />
  <Point X="38.0" Y="178.0" />
  <Point X="37.45064555128422" Y="178.0" />
  <Point X="37.0" Y="178.0" />
  <Point X="36.0" Y="178.0" />
  <Point X="36.0" Y="179.0" />
  <Point X="36.0" Y="180.0" />
  <Point X="35.0" Y="180.0" />
  <Point X="35.0" Y="181.0" />
  <Point X="35.0" Y="181.48291984041222" />
  <Point X="35.0" Y="182.0" />
  <Point X="34.0" Y="182.0" />
  <Point X="34.0" Y="183.0" />
  <Point X="33.0" Y="184.0" />
  <Point X="33.0" Y="185.0" />
  <Point X="33.0" Y="186.0" />
  <Point X="33.0" Y="186.00227166973556" />
  <Point X="33.0" Y="187.0" />
  <Point X="33.0" Y="188.0" />
  <Point X="33.0" Y="189.0" />
  <Point X="34.0" Y="189.0" />
  <Point X="35.0" Y="189.0" />
  <Point X="35.935837061432" Y="189.0" />
  <Point X="36.0" Y="189.0" />
  <Point X="37.0" Y="189.0" />
  <Point X="38.0" Y="189.0" />
  <Point X="39.0" Y="189.0" />
  <Point X="40.0" Y="189.0" />
  <Point X="41.0" Y="189.0" />
  <Point X="41.86940245312843" Y="189.0" />
  <Point X="42.0" Y="189.0" />
  <Point X="43.0" Y="189.0" />
  <Point X="44.0" Y="189.0" />
  <Point X="45.0" Y="189.0" />
  <Point X="46.0" Y="189.0" />
  <Point X="47.0" Y="189.0" />
  <Point X="47.80296784482486" Y="189.0" />
  <Point X="48.0" Y="189.0" />
  <Point X="49.0" Y="189.0" />
  <Point X="50.0" Y="189.0" />
  <Point X="51.0" Y="189.0" />
  <Point X="53.0" Y="189.0" />
  <Point X="53.736533236521296" Y="189.0" />
  <Point X="54.0" Y="189.0" />
  <Point X="55.0" Y="189.0" />
  <Point X="56.0" Y="188.0" />
  <Point X="57.0" Y="188.0" />
  <Point X="58.0" Y="188.0" />
  <Point X="59.0" Y="188.0" />
  <Point X="59.25588506584464" Y="188.0" />
  <Point X="61.0" Y="188.0" />
  <Point X="62.0" Y="188.0" />
  <Point X="63.0" Y="188.0" />
  <Point X="65.0" Y="188.0" />
  <Point X="65.0" Y="187.81054954245892" />
  <Point X="65.0" Y="187.0" />
  <Point X="66.0" Y="187.0" />
  <Point X="68.0" Y="187.0" />
  <Point X="69.0" Y="187.0" />
  <Point X="70.0" Y="187.0" />
  <Point X="70.12301584923752" Y="187.0" />
  <Point X="71.0" Y="187.0" />
  <Point X="73.0" Y="187.0" />
  <Point X="74.0" Y="187.0" />
  <Point X="75.0" Y="187.0" />
  <Point X="76.0" Y="187.0" />
  <Point X="76.05060780039184" Y="186.97469609980408" />
  <Point X="78.0" Y="186.0" />
  <Point X="79.0" Y="186.0" />
  <Point X="80.0" Y="186.0" />
  <Point X="81.7540786551306" Y="186.0" />
  <Point X="82.0" Y="186.0" />
  <Point X="83.0" Y="186.0" />
  <Point X="84.0" Y="186.0" />
  <Point X="86.0" Y="186.0" />
  <Point X="87.0" Y="186.0" />
  <Point X="87.68764404682703" Y="186.0" />
  <Point X="88.0" Y="186.0" />
  <Point X="89.0" Y="185.0" />
  <Point X="91.0" Y="185.0" />
  <Point X="93.0" Y="185.0" />
  <Point X="93.20699587615037" Y="185.0" />
  <Point X="94.0" Y="185.0" />
  <Point X="95.0" Y="185.0" />
  <Point X="96.0" Y="185.0" />
  <Point X="98.0" Y="185.0" />
  <Point X="99.0" Y="185.0" />
  <Point X="99.1405612678468" Y="185.0" />
  <Point X="101.0" Y="185.0" />
  <Point X="102.0" Y="185.0" />
  <Point X="103.0" Y="185.0" />
  <Point X="104.0" Y="185.0" />
  <Point X="105.07412665954324" Y="185.0" />
  <Point X="106.0" Y="185.0" />
  <Point X="107.0" Y="185.0" />
  <Point X="109.0" Y="185.0" />
  <Point X="110.0" Y="184.0" />
  <Point X="110.59347848886658" Y="184.0" />
  <Point X="111.0" Y="184.0" />
  <Point X="113.0" Y="184.0" />
  <Point X="113.0" Y="183.0" />
  <Point X="114.0" Y="183.0" />
  <Point X="115.0" Y="183.0" />
  <Point X="115.52704388056301" Y="183.0" />
  <Point X="116.0" Y="183.0" />
  <Point X="117.0" Y="183.0" />
  <Point X="118.0" Y="183.0" />
  <Point X="119.0" Y="183.0" />
  <Point X="120.0" Y="182.0" />
  <Point X="121.0" Y="182.0" />
  <Point X="121.04639570988635" Y="182.0" />
  <Point X="122.0" Y="182.0" />
  <Point X="122.0" Y="181.0" />
  <Point X="123.0" Y="181.0" />
  <Point X="124.0" Y="181.0" />
  <Point X="125.0" Y="181.0" />
  <Point X="125.97996110158279" Y="181.0" />
  <Point X="126.0" Y="181.0" />
  <Point X="127.0" Y="181.0" />
  <Point X="128.0" Y="181.0" />
  <Point X="129.0" Y="181.0" />
  <Point X="130.0" Y="180.0" />
  <Point X="131.0" Y="180.0" />
  <Point X="131.49931293090611" Y="180.0" />
  <Point X="132.0" Y="180.0" />
  <Point X="133.0" Y="180.0" />
  <Point X="134.0" Y="179.0" />
  <Point X="135.0" Y="179.0" />
  <Point X="136.0" Y="179.0" />
  <Point X="137.0" Y="179.0" />
  <Point X="137.01866476022946" Y="179.0" />
  <Point X="138.0" Y="179.0" />
  <Point X="138.0" Y="178.0" />
  <Point X="139.0" Y="178.0" />
  <Point X="140.0" Y="178.0" />
  <Point X="140.0" Y="177.0" />
  <Point X="140.0" Y="176.0477698480741" />
  <Point X="140.0" Y="176.0" />
  <Point X="140.0" Y="175.0" />
  <Point X="139.0" Y="174.0" />
  <Point X="139.0" Y="173.0" />
  <Point X="139.0" Y="172.0" />
  <Point X="138.0" Y="172.0" />
  <Point X="138.0" Y="171.52841801875076" />
  <Point X="138.0" Y="171.0" />
  <Point X="137.0" Y="171.0" />
  <Point X="137.0" Y="170.0" />
  <Point X="137.0" Y="169.0" />
  <Point X="137.0" Y="168.0" />
  <Point X="136.0" Y="168.0" />
  <Point X="135.7135175452102" Y="167.7135175452102" />
  <Point X="135.0" Y="167.0" />
  <Point X="135.0" Y="166.0" />
  <Point X="134.0" Y="166.0" />
  <Point X="134.0" Y="165.0" />
  <Point X="134.0" Y="164.0" />
  <Point X="133.34628034487403" Y="163.34628034487403" />
  <Point X="133.0" Y="163.0" />
  <Point X="133.0" Y="162.0" />
  <Point X="132.0" Y="162.0" />
  <Point X="132.0" Y="161.0" />
  <Point X="131.0" Y="160.0" />
  <Point X="131.0" Y="159.0" />
  <Point X="131.0" Y="158.97036253078076" />
  <Point X="131.0" Y="158.0" />
  <Point X="130.0" Y="156.0" />
  <Point X="129.0" Y="155.0" />
  <Point X="129.0" Y="154.0" />
  <Point X="128.7787312119128" Y="153.7787312119128" />
  <Point X="128.0" Y="153.0" />
  <Point X="128.0" Y="152.0" />
  <Point X="128.0" Y="151.0" />
  <Point X="127.0" Y="150.0" />
  <Point X="127.0" Y="149.0" />
  <Point X="126.70438723039008" Y="148.70438723039007" />
  <Point X="126.0" Y="148.0" />
  <Point X="125.0" Y="147.0" />
  <Point X="125.0" Y="145.0" />
  <Point X="124.0" Y="144.0" />
  <Point X="124.0" Y="143.89101570742983" />
  <Point X="124.0" Y="143.0" />
  <Point X="123.0" Y="142.0" />
  <Point X="123.0" Y="141.0" />
  <Point X="123.0" Y="140.0" />
  <Point X="122.0" Y="139.0" />
  <Point X="122.0" Y="138.7858774404796" />
  <Point X="122.0" Y="138.0" />
  <Point X="121.0" Y="136.0" />
  <Point X="120.0" Y="135.0" />
  <Point X="120.0" Y="134.0" />
  <Point X="119.64828055353303" Y="133.64828055353303" />
  <Point X="119.0" Y="133.0" />
  <Point X="119.0" Y="131.0" />
  <Point X="118.0" Y="130.0" />
  <Point X="117.0" Y="129.0" />
  <Point X="117.0" Y="128.8116688840789" />
  <Point X="117.0" Y="128.0" />
  <Point X="117.0" Y="126.0" />
  <Point X="116.0" Y="126.0" />
  <Point X="116.0" Y="125.0" />
  <Point X="115.20669937167413" Y="124.20669937167413" />
  <Point X="115.0" Y="124.0" />
  <Point X="115.0" Y="123.0" />
  <Point X="115.0" Y="122.0" />
  <Point X="114.0" Y="122.0" />
  <Point X="114.0" Y="121.0" />
  <Point X="113.0" Y="120.0" />
  <Point X="113.0" Y="119.77296522543222" />
  <Point X="113.0" Y="119.0" />
  <Point X="113.0" Y="118.0" />
  <Point X="112.0" Y="118.0" />
  <Point X="112.0" Y="117.0" />
  <Point X="112.0" Y="116.0" />
  <Point X="112.0" Y="115.0" />
  <Point X="111.83939983373578" Y="115.0" />
  <Point X="111.0" Y="115.0" />
  <Point X="111.0" Y="114.0" />
  <Point X="111.0" Y="113.0" />
  <Point X="111.0" Y="112.0" />
  <Point X="110.0" Y="111.0" />
  <Point X="109.32004800441244" Y="111.0" />
  <Point X="109.0" Y="111.0" />
  <Point X="109.0" Y="110.0" />
  <Point X="109.0" Y="109.0" />
  <Point X="109.0" Y="108.0" />
  <Point X="109.0" Y="107.0" />
  <Point X="109.0" Y="106.0" />
  <Point X="108.38648261271601" Y="106.0" />
  <Point X="108.0" Y="106.0" />
  <Point X="108.0" Y="105.0" />
  <Point X="108.0" Y="104.0" />
  <Point X="108.0" Y="103.0" />
  <Point X="108.0" Y="102.0" />
  <Point X="107.0" Y="102.0" />
  <Point X="107.0" Y="101.45291722101958" />
  <Point X="107.0" Y="101.0" />
  <Point X="107.0" Y="100.0" />
  <Point X="107.0" Y="99.0" />
  <Point X="107.0" Y="98.0" />
  <Point X="106.0" Y="97.0" />
  <Point X="106.0" Y="96.0" />
  <Point X="105.93356539169623" Y="96.0" />
  <Point X="105.0" Y="96.0" />
  <Point X="105.0" Y="95.0" />
  <Point X="105.0" Y="94.0" />
  <Point X="104.0" Y="94.0" />
  <Point X="104.0" Y="93.0" />
  <Point X="104.0" Y="92.0" />
</Project_1_Part_4>
