<?xml version="1.0" encoding="utf-8" standalone="yes"?>
<Gesture Name="v3" Subject="1" Number="1" NumPts="275">
  <Point X="55.0" Y="79.0" />
  <Point X="56.0" Y="79.0" />
  <Point X="56.0" Y="78.0" />
  <Point X="57.0" Y="78.0" />
  <Point X="58.0" Y="78.0" />
  <Point X="58.80376489018045" Y="78.0" />
  <Point X="59.0" Y="78.0" />
  <Point X="59.0" Y="79.0" />
  <Point X="60.0" Y="79.0" />
  <Point X="61.0" Y="80.0" />
  <Point X="61.843801989839065" Y="80.84380198983906" />
  <Point X="62.0" Y="81.0" />
  <Point X="62.0" Y="82.0" />
  <Point X="63.0" Y="82.0" />
  <Point X="64.0" Y="83.0" />
  <Point X="64.82636315653842" Y="83.82636315653842" />
  <Point X="65.0" Y="84.0" />
  <Point X="65.0" Y="85.0" />
  <Point X="66.0" Y="86.0" />
  <Point X="67.91764451745657" Y="86.95882225872829" />
  <Point X="68.0" Y="87.0" />
  <Point X="69.0" Y="89.0" />
  <Point X="70.0" Y="90.0" />
  <Point X="70.0" Y="91.0" />
  <Point X="70.04342139214184" Y="91.04342139214184" />
  <Point X="71.0" Y="92.0" />
  <Point X="72.0" Y="93.0" />
  <Point X="73.0" Y="94.0" />
  <Point X="73.44019612121429" Y="94.44019612121429" />
  <Point X="74.0" Y="95.0" />
  <Point X="75.0" Y="96.0" />
  <Point X="76.0" Y="97.0" />
  <Point X="76.83697085028673" Y="97.83697085028673" />
  <Point X="77.0" Y="98.0" />
  <Point X="78.0" Y="100.0" />
  <Point X="79.0" Y="100.0" />
  <Point X="79.5979866853552" Y="101.1959733707104" />
  <Point X="80.0" Y="102.0" />
  <Point X="81.0" Y="103.0" />
  <Point X="83.0" Y="104.0" />
  <Point X="83.17999703699252" Y="104.17999703699252" />
  <Point X="84.0" Y="105.0" />
  <Point X="84.0" Y="107.0" />
  <Point X="85.47053273447212" Y="107.73526636723605" />
  <Point X="86.0" Y="108.0" />
  <Point X="88.0" Y="110.0" />
  <Point X="88.97819410268012" Y="110.97819410268012" />
  <Point X="89.0" Y="111.0" />
  <Point X="90.0" Y="112.0" />
  <Point X="91.0" Y="114.0" />
  <Point X="91.79383000166838" Y="114.79383000166838" />
  <Point X="92.0" Y="115.0" />
  <Point X="93.0" Y="116.0" />
  <Point X="95.0" Y="118.0" />
  <Point X="95.19060473074083" Y="118.19060473074083" />
  <Point X="96.0" Y="119.0" />
  <Point X="97.0" Y="120.0" />
  <Point X="99.0" Y="121.0" />
  <Point X="99.00394692079554" Y="121.00789384159107" />
  <Point X="100.0" Y="123.0" />
  <Point X="101.82187652871734" Y="124.82187652871734" />
  <Point X="102.0" Y="125.0" />
  <Point X="103.0" Y="126.0" />
  <Point X="104.0" Y="127.0" />
  <Point X="104.77074272960895" Y="128.5414854592179" />
  <Point X="105.0" Y="129.0" />
  <Point X="106.0" Y="129.0" />
  <Point X="107.0" Y="131.0" />
  <Point X="107.74604154550732" Y="131.74604154550732" />
  <Point X="108.0" Y="132.0" />
  <Point X="109.0" Y="133.0" />
  <Point X="110.0" Y="134.0" />
  <Point X="111.0" Y="135.0" />
  <Point X="111.14281627457977" Y="135.14281627457976" />
  <Point X="113.0" Y="137.0" />
  <Point X="113.0" Y="138.0" />
  <Point X="114.05301850365832" Y="138.52650925182917" />
  <Point X="115.0" Y="139.0" />
  <Point X="115.0" Y="140.0" />
  <Point X="116.0" Y="141.0" />
  <Point X="116.0" Y="142.0" />
  <Point X="116.23390655908082" Y="142.23390655908082" />
  <Point X="117.0" Y="143.0" />
  <Point X="118.0" Y="144.0" />
  <Point X="119.0" Y="145.0" />
  <Point X="119.63068128815327" Y="145.63068128815326" />
  <Point X="120.0" Y="146.0" />
  <Point X="121.0" Y="147.0" />
  <Point X="121.0" Y="148.0" />
  <Point X="122.0" Y="148.0" />
  <Point X="122.61324245485261" Y="148.6132424548526" />
  <Point X="123.0" Y="149.0" />
  <Point X="123.0" Y="150.0" />
  <Point X="124.0" Y="151.0" />
  <Point X="125.0" Y="152.0" />
  <Point X="125.3029104027385" Y="152.30291040273852" />
  <Point X="126.0" Y="153.0" />
  <Point X="126.0" Y="154.0" />
  <Point X="127.0" Y="154.0" />
  <Point X="128.0" Y="155.0" />
  <Point X="128.28547156943787" Y="155.28547156943787" />
  <Point X="129.0" Y="156.0" />
  <Point X="129.0" Y="157.0" />
  <Point X="130.0" Y="157.0" />
  <Point X="130.0" Y="158.0" />
  <Point X="130.79326909297833" Y="158.0" />
  <Point X="131.0" Y="158.0" />
  <Point X="131.0" Y="159.0" />
  <Point X="132.0" Y="160.0" />
  <Point X="133.0" Y="161.0" />
  <Point X="133.7686068584126" Y="161.0" />
  <Point X="134.0" Y="161.0" />
  <Point X="134.0" Y="162.0" />
  <Point X="135.0" Y="162.0" />
  <Point X="135.0" Y="163.0" />
  <Point X="136.0" Y="163.0" />
  <Point X="136.0" Y="163.57237174859304" />
  <Point X="136.0" Y="164.0" />
  <Point X="137.0" Y="164.0" />
  <Point X="137.0" Y="165.0" />
  <Point X="138.0" Y="165.0" />
  <Point X="138.0" Y="166.0" />
  <Point X="138.3761366387735" Y="166.0" />
  <Point X="139.0" Y="166.0" />
  <Point X="140.0" Y="166.0" />
  <Point X="141.0" Y="167.0" />
  <Point X="141.0" Y="168.0" />
  <Point X="141.76568796658086" Y="168.0" />
  <Point X="142.0" Y="168.0" />
  <Point X="143.0" Y="168.0" />
  <Point X="144.0" Y="168.0" />
  <Point X="145.0" Y="168.0" />
  <Point X="145.0" Y="169.0" />
  <Point X="145.5694528567613" Y="169.0" />
  <Point X="146.0" Y="169.0" />
  <Point X="147.0" Y="169.0" />
  <Point X="148.0" Y="169.0" />
  <Point X="149.0" Y="169.0" />
  <Point X="150.0" Y="169.0" />
  <Point X="150.37321774694175" Y="169.0" />
  <Point X="152.0" Y="169.0" />
  <Point X="153.0" Y="169.0" />
  <Point X="153.0" Y="168.0" />
  <Point X="154.0" Y="168.0" />
  <Point X="154.1769826371222" Y="168.0" />
  <Point X="155.0" Y="168.0" />
  <Point X="156.0" Y="167.0" />
  <Point X="157.0" Y="167.0" />
  <Point X="158.0" Y="166.0" />
  <Point X="158.10770678956072" Y="165.89229321043928" />
  <Point X="159.0" Y="165.0" />
  <Point X="160.0" Y="165.0" />
  <Point X="161.0" Y="164.0" />
  <Point X="161.0" Y="163.0" />
  <Point X="161.1276581679907" Y="163.0" />
  <Point X="163.0" Y="163.0" />
  <Point X="163.0" Y="161.0" />
  <Point X="163.93142305817113" Y="161.0" />
  <Point X="164.0" Y="161.0" />
  <Point X="165.0" Y="160.0" />
  <Point X="166.0" Y="159.0" />
  <Point X="167.0" Y="158.0" />
  <Point X="167.3482835084722" Y="157.6517164915278" />
  <Point X="168.0" Y="157.0" />
  <Point X="169.0" Y="157.0" />
  <Point X="170.0" Y="155.0" />
  <Point X="170.64603061153986" Y="155.0" />
  <Point X="171.0" Y="155.0" />
  <Point X="172.0" Y="154.0" />
  <Point X="173.0" Y="153.0" />
  <Point X="174.0" Y="152.0" />
  <Point X="174.0" Y="151.792845185399" />
  <Point X="174.0" Y="151.0" />
  <Point X="175.0" Y="150.0" />
  <Point X="176.0" Y="149.0" />
  <Point X="176.8361485220457" Y="148.1638514779543" />
  <Point X="177.0" Y="148.0" />
  <Point X="178.0" Y="147.0" />
  <Point X="179.0" Y="145.0" />
  <Point X="179.0" Y="144.07823763203027" />
  <Point X="179.0" Y="144.0" />
  <Point X="181.0" Y="143.0" />
  <Point X="181.0" Y="142.0" />
  <Point X="181.66610644025045" Y="140.6677871194991" />
  <Point X="182.0" Y="140.0" />
  <Point X="184.0" Y="139.0" />
  <Point X="184.0" Y="138.0" />
  <Point X="184.58059704536666" Y="137.41940295463334" />
  <Point X="187.0" Y="135.0" />
  <Point X="187.61814418559757" Y="133.76371162880483" />
  <Point X="188.0" Y="133.0" />
  <Point X="188.0" Y="132.0" />
  <Point X="190.0" Y="131.0" />
  <Point X="190.0" Y="130.2861586459267" />
  <Point X="190.0" Y="129.0" />
  <Point X="191.0" Y="128.0" />
  <Point X="191.94066580401216" Y="126.1186683919757" />
  <Point X="192.0" Y="126.0" />
  <Point X="193.0" Y="125.0" />
  <Point X="194.0" Y="124.0" />
  <Point X="194.82406370841886" Y="122.35187258316229" />
  <Point X="195.0" Y="122.0" />
  <Point X="195.0" Y="121.0" />
  <Point X="196.0" Y="120.0" />
  <Point X="196.89270354935928" Y="118.21459290128143" />
  <Point X="197.0" Y="118.0" />
  <Point X="197.0" Y="117.0" />
  <Point X="198.0" Y="116.0" />
  <Point X="198.9613433902997" Y="114.07731321940058" />
  <Point X="199.0" Y="114.0" />
  <Point X="199.0" Y="113.0" />
  <Point X="200.0" Y="112.0" />
  <Point X="201.0" Y="110.0" />
  <Point X="201.04740765116517" Y="109.95259234883483" />
  <Point X="202.0" Y="109.0" />
  <Point X="203.0" Y="107.0" />
  <Point X="203.0" Y="106.0" />
  <Point X="203.15593676896688" Y="105.84406323103312" />
  <Point X="204.0" Y="105.0" />
  <Point X="205.0" Y="104.0" />
  <Point X="205.0" Y="102.0" />
  <Point X="205.13849793566624" Y="101.86150206433376" />
  <Point X="206.0" Y="101.0" />
  <Point X="207.0" Y="99.0" />
  <Point X="207.426701622784" Y="97.719895131648" />
  <Point X="208.0" Y="96.0" />
  <Point X="209.0" Y="95.0" />
  <Point X="209.70508709609504" Y="93.58982580780994" />
  <Point X="210.0" Y="93.0" />
  <Point X="210.0" Y="91.0" />
  <Point X="212.0" Y="91.0" />
  <Point X="212.06454168256926" Y="90.87091663486149" />
  <Point X="213.0" Y="89.0" />
  <Point X="213.0" Y="88.0" />
  <Point X="213.0" Y="87.0" />
  <Point X="213.71201650228772" Y="87.0" />
  <Point X="214.0" Y="87.0" />
  <Point X="214.0" Y="85.0" />
  <Point X="215.0" Y="84.0" />
  <Point X="215.7789260825972" Y="83.22107391740282" />
  <Point X="216.0" Y="83.0" />
  <Point X="216.0" Y="81.0" />
  <Point X="217.0" Y="80.0" />
  <Point X="217.0" Y="79.0" />
  <Point X="217.05438046811" Y="78.94561953189" />
  <Point X="218.0" Y="78.0" />
  <Point X="218.0" Y="77.0" />
  <Point X="219.0" Y="76.0" />
  <Point X="219.7440484159959" Y="75.25595158400411" />
  <Point X="220.0" Y="75.0" />
  <Point X="220.0" Y="74.0" />
  <Point X="221.0" Y="73.0" />
  <Point X="221.0" Y="72.0" />
  <Point X="221.0" Y="71.0" />
  <Point X="221.0195028015087" Y="70.98049719849129" />
  <Point X="222.0" Y="70.0" />
  <Point X="223.0" Y="69.0" />
  <Point X="223.0" Y="68.0" />
  <Point X="223.0" Y="67.0" />
  <Point X="223.00291889183214" Y="67.0" />
  <Point X="224.0" Y="67.0" />
  <Point X="224.0" Y="65.0" />
  <Point X="224.0" Y="64.0" />
  <Point X="224.5704115725343" Y="63.42958842746569" />
  <Point X="225.0" Y="63.0" />
  <Point X="225.0" Y="62.0" />
  <Point X="225.0" Y="61.0" />
  <Point X="226.0" Y="61.0" />
  <Point X="226.0" Y="60.0" />
  <Point X="226.0" Y="59.803764890180055" />
  <Point X="226.0" Y="59.0" />
  <Point X="226.0" Y="58.0" />
  <Point X="227.0" Y="58.0" />
  <Point X="227.0" Y="57.0" />
  <Point X="227.0" Y="56.0" />
</Project_1_Part_4>
