<?xml version="1.0" encoding="utf-8" standalone="yes"?>
<Gesture Name="v7" Subject="1" Number="1" NumPts="274">
  <Point X="207.0" Y="18.0" />
  <Point X="207.0" Y="17.0" />
  <Point X="202.17136013321377" Y="19.149978334846427" />
  <Point X="196.42918390245185" Y="21.70671373686451" />
  <Point X="190.68700767168994" Y="24.263449138882596" />
  <Point X="184.94483144092803" Y="26.820184540900676" />
  <Point X="179.2026552101661" Y="29.37691994291876" />
  <Point X="173.4604789794042" Y="31.93365534493684" />
  <Point X="167.7183027486423" Y="34.49039074695492" />
  <Point X="161.97612651788037" Y="37.04712614897301" />
  <Point X="156.23395028711846" Y="39.603861550991084" />
  <Point X="150.49177405635655" Y="42.16059695300917" />
  <Point X="144.74959782559463" Y="44.71733235502725" />
  <Point X="139.00742159483272" Y="47.27406775704533" />
  <Point X="133.2652453640708" Y="49.83080315906341" />
  <Point X="127.52306913330888" Y="52.387538561081485" />
  <Point X="121.78089290254695" Y="54.94427396309956" />
  <Point X="116.03871667178502" Y="57.50100936511764" />
  <Point X="110.2965404410231" Y="60.057744767135716" />
  <Point X="104.55436421026117" Y="62.614480169153794" />
  <Point X="98.81218797949924" Y="65.17121557117187" />
  <Point X="93.07001174873731" Y="67.72795097318995" />
  <Point X="87.32783551797539" Y="70.28468637520803" />
  <Point X="81.58565928721346" Y="72.84142177722612" />
  <Point X="75.84348305645153" Y="75.39815717924421" />
  <Point X="70.1013068256896" Y="77.95489258126229" />
  <Point X="70.0" Y="78.0" />
  <Point X="71.0" Y="78.0" />
  <Point X="72.0" Y="78.0" />
  <Point X="73.0" Y="78.0" />
  <Point X="74.0" Y="78.0" />
  <Point X="75.0" Y="78.0" />
  <Point X="75.0" Y="79.0" />
  <Point X="75.0" Y="79.17476175827683" />
  <Point X="75.0" Y="80.0" />
  <Point X="76.0" Y="80.0" />
  <Point X="77.0" Y="80.0" />
  <Point X="77.0" Y="81.0" />
  <Point X="77.0" Y="82.0" />
  <Point X="78.0" Y="82.0" />
  <Point X="78.0" Y="82.4604187470935" />
  <Point X="78.0" Y="83.0" />
  <Point X="78.0" Y="84.0" />
  <Point X="79.0" Y="84.0" />
  <Point X="79.0" Y="85.0" />
  <Point X="79.0" Y="86.0" />
  <Point X="80.0" Y="86.0" />
  <Point X="80.0" Y="86.74607573591017" />
  <Point X="80.0" Y="87.0" />
  <Point X="81.0" Y="88.0" />
  <Point X="81.0" Y="89.0" />
  <Point X="82.0" Y="90.0" />
  <Point X="82.0" Y="91.0" />
  <Point X="82.0" Y="92.0" />
  <Point X="82.0" Y="92.20330559998064" />
  <Point X="82.0" Y="93.0" />
  <Point X="83.0" Y="93.0" />
  <Point X="83.0" Y="94.0" />
  <Point X="83.0" Y="95.0" />
  <Point X="84.0" Y="95.0" />
  <Point X="84.0" Y="96.0" />
  <Point X="84.0" Y="96.4889625887973" />
  <Point X="84.0" Y="97.0" />
  <Point X="85.0" Y="98.0" />
  <Point X="85.0" Y="99.0" />
  <Point X="85.0" Y="100.0" />
  <Point X="86.0" Y="100.0" />
  <Point X="86.0" Y="101.36040601524088" />
  <Point X="86.0" Y="102.0" />
  <Point X="87.0" Y="103.0" />
  <Point X="87.0" Y="104.0" />
  <Point X="87.0" Y="105.0" />
  <Point X="87.0" Y="106.0" />
  <Point X="88.0" Y="106.0" />
  <Point X="88.0" Y="106.23184944168446" />
  <Point X="88.0" Y="107.0" />
  <Point X="89.0" Y="107.0" />
  <Point X="89.0" Y="108.0" />
  <Point X="90.0" Y="109.0" />
  <Point X="90.0" Y="110.0" />
  <Point X="90.0" Y="111.10329286812804" />
  <Point X="90.0" Y="112.0" />
  <Point X="91.0" Y="112.0" />
  <Point X="92.0" Y="113.0" />
  <Point X="92.0" Y="114.0" />
  <Point X="92.0" Y="115.0" />
  <Point X="92.97473629457161" Y="115.0" />
  <Point X="93.0" Y="115.0" />
  <Point X="93.0" Y="116.0" />
  <Point X="93.0" Y="117.0" />
  <Point X="94.0" Y="118.0" />
  <Point X="94.0" Y="119.0" />
  <Point X="95.0" Y="120.0" />
  <Point X="95.0" Y="120.43196615864208" />
  <Point X="95.0" Y="121.0" />
  <Point X="96.0" Y="121.0" />
  <Point X="96.0" Y="122.0" />
  <Point X="96.0" Y="123.0" />
  <Point X="97.0" Y="124.0" />
  <Point X="97.0" Y="125.0" />
  <Point X="97.30340958508566" Y="125.0" />
  <Point X="98.0" Y="125.0" />
  <Point X="98.0" Y="126.0" />
  <Point X="98.0" Y="127.0" />
  <Point X="99.0" Y="127.0" />
  <Point X="99.0" Y="128.0" />
  <Point X="100.0" Y="129.0" />
  <Point X="100.0" Y="129.17485301152922" />
  <Point X="100.0" Y="130.0" />
  <Point X="101.0" Y="131.0" />
  <Point X="101.0" Y="132.0" />
  <Point X="102.0" Y="132.0" />
  <Point X="102.0" Y="133.0" />
  <Point X="102.0" Y="134.0" />
  <Point X="102.0462964379728" Y="134.0" />
  <Point X="103.0" Y="134.0" />
  <Point X="104.0" Y="135.0" />
  <Point X="104.0" Y="136.0" />
  <Point X="104.0" Y="137.0" />
  <Point X="105.0" Y="137.0" />
  <Point X="105.0" Y="137.91773986441638" />
  <Point X="105.0" Y="138.0" />
  <Point X="106.0" Y="138.0" />
  <Point X="106.0" Y="139.0" />
  <Point X="106.0" Y="140.0" />
  <Point X="107.0" Y="140.0" />
  <Point X="107.0" Y="141.0" />
  <Point X="108.0" Y="141.0" />
  <Point X="108.0" Y="141.20339685323304" />
  <Point X="108.0" Y="142.0" />
  <Point X="109.0" Y="142.0" />
  <Point X="110.0" Y="142.0" />
  <Point X="111.0" Y="142.0" />
  <Point X="111.0" Y="143.0" />
  <Point X="112.0" Y="143.0" />
  <Point X="112.0" Y="143.4890538420497" />
  <Point X="112.0" Y="144.0" />
  <Point X="113.0" Y="144.0" />
  <Point X="113.0" Y="143.0" />
  <Point X="114.0" Y="143.0" />
  <Point X="114.0" Y="142.0" />
  <Point X="115.0" Y="142.0" />
  <Point X="115.0" Y="141.22528916913362" />
  <Point X="115.0" Y="141.0" />
  <Point X="116.0" Y="141.0" />
  <Point X="117.0" Y="140.0" />
  <Point X="117.0" Y="139.0" />
  <Point X="117.0" Y="138.0" />
  <Point X="118.0" Y="138.0" />
  <Point X="118.0" Y="137.35384574269005" />
  <Point X="118.0" Y="137.0" />
  <Point X="119.0" Y="137.0" />
  <Point X="119.0" Y="136.0" />
  <Point X="119.0" Y="135.0" />
  <Point X="120.0" Y="134.0" />
  <Point X="121.0" Y="133.0" />
  <Point X="121.0" Y="132.89661587861957" />
  <Point X="121.0" Y="132.0" />
  <Point X="122.0" Y="132.0" />
  <Point X="122.0" Y="131.0" />
  <Point X="122.0" Y="130.0" />
  <Point X="123.0" Y="130.0" />
  <Point X="123.98220038836726" Y="129.01779961163274" />
  <Point X="124.0" Y="129.0" />
  <Point X="124.0" Y="128.0" />
  <Point X="124.0" Y="127.0" />
  <Point X="125.0" Y="127.0" />
  <Point X="126.0" Y="125.0" />
  <Point X="126.72437189572831" Y="124.27562810427169" />
  <Point X="127.0" Y="124.0" />
  <Point X="127.0" Y="123.0" />
  <Point X="129.0" Y="122.0" />
  <Point X="129.0" Y="121.0" />
  <Point X="129.0" Y="120.0" />
  <Point X="129.0" Y="119.34020799191534" />
  <Point X="129.0" Y="119.0" />
  <Point X="130.0" Y="119.0" />
  <Point X="130.0" Y="117.0" />
  <Point X="131.0" Y="116.0" />
  <Point X="132.0" Y="115.0" />
  <Point X="132.05233377219864" Y="114.89533245560273" />
  <Point X="133.0" Y="113.0" />
  <Point X="134.0" Y="112.0" />
  <Point X="134.0" Y="111.0" />
  <Point X="135.0" Y="110.0" />
  <Point X="135.0" Y="109.66181624127418" />
  <Point X="135.0" Y="109.0" />
  <Point X="135.0" Y="108.0" />
  <Point X="137.0" Y="107.0" />
  <Point X="137.0" Y="106.0" />
  <Point X="137.0" Y="104.61222722995731" />
  <Point X="137.0" Y="104.0" />
  <Point X="139.0" Y="104.0" />
  <Point X="139.0" Y="102.0" />
  <Point X="140.0" Y="101.0" />
  <Point X="140.0" Y="100.74078380351374" />
  <Point X="140.0" Y="100.0" />
  <Point X="141.0" Y="98.0" />
  <Point X="142.0" Y="96.0" />
  <Point X="142.0" Y="95.0" />
  <Point X="142.06505815658133" Y="94.96747092170934" />
  <Point X="144.0" Y="94.0" />
  <Point X="144.0" Y="93.0" />
  <Point X="144.0" Y="91.0" />
  <Point X="145.12232624162021" Y="91.0" />
  <Point X="146.0" Y="91.0" />
  <Point X="146.0" Y="89.0" />
  <Point X="146.0" Y="88.0" />
  <Point X="147.0" Y="87.0" />
  <Point X="147.0" Y="86.00623033193621" />
  <Point X="147.0" Y="86.0" />
  <Point X="147.0" Y="85.0" />
  <Point X="148.0" Y="83.0" />
  <Point X="149.0" Y="83.0" />
  <Point X="149.0" Y="82.0" />
  <Point X="149.73776599739992" Y="81.2622340026001" />
  <Point X="150.0" Y="81.0" />
  <Point X="150.0" Y="80.0" />
  <Point X="150.0" Y="79.0" />
  <Point X="151.0" Y="77.0" />
  <Point X="152.0" Y="76.0" />
  <Point X="152.0" Y="75.73547943404864" />
  <Point X="152.0" Y="75.0" />
  <Point X="153.0" Y="74.0" />
  <Point X="154.0" Y="72.0" />
  <Point X="154.0" Y="70.10010398510487" />
  <Point X="154.0" Y="70.0" />
  <Point X="155.0" Y="70.0" />
  <Point X="155.0" Y="69.0" />
  <Point X="156.0" Y="68.0" />
  <Point X="157.0" Y="67.0" />
  <Point X="157.0" Y="66.0" />
  <Point X="157.0" Y="65.6428741210344" />
  <Point X="157.0" Y="65.0" />
  <Point X="158.0" Y="64.0" />
  <Point X="158.0" Y="63.0" />
  <Point X="159.0" Y="62.0" />
  <Point X="159.0" Y="61.0" />
  <Point X="159.0" Y="60.18564425696392" />
  <Point X="159.0" Y="60.0" />
  <Point X="160.0" Y="60.0" />
  <Point X="160.0" Y="59.0" />
  <Point X="161.0" Y="59.0" />
  <Point X="161.0" Y="58.0" />
  <Point X="161.0" Y="57.0" />
  <Point X="162.0" Y="57.0" />
  <Point X="162.0" Y="56.89998726814726" />
  <Point X="162.0" Y="56.0" />
  <Point X="162.0" Y="55.0" />
  <Point X="163.0" Y="55.0" />
  <Point X="163.0" Y="54.0" />
  <Point X="164.0" Y="53.0" />
  <Point X="164.97145615829632" Y="53.0" />
  <Point X="165.0" Y="53.0" />
  <Point X="165.0" Y="52.0" />
  <Point X="165.0" Y="51.0" />
  <Point X="166.0" Y="51.0" />
  <Point X="166.0" Y="50.0" />
  <Point X="167.0" Y="49.0" />
  <Point X="167.0" Y="48.15710041526011" />
  <Point X="167.0" Y="48.0" />
  <Point X="168.0" Y="48.0" />
  <Point X="168.0" Y="47.0" />
  <Point X="169.0" Y="47.0" />
  <Point X="169.0" Y="46.0" />
  <Point X="170.0" Y="46.0" />
  <Point X="170.0" Y="45.0" />
  <Point X="170.09090322492796" Y="44.90909677507205" />
  <Point X="171.0" Y="44.0" />
  <Point X="171.0" Y="43.0" />
  <Point X="171.0" Y="42.0" />
  <Point X="172.0" Y="42.0" />
  <Point X="173.0" Y="42.0" />
  <Point X="173.0" Y="41.0" />
</Project_1_Part_4>
