<?xml version="1.0" encoding="utf-8" standalone="yes"?>
<Gesture Name="x3" Subject="1" Number="1" NumPts="366">
  <Point X="85.0" Y="85.0" />
  <Point X="85.0" Y="86.0" />
  <Point X="85.0" Y="87.0" />
  <Point X="85.0" Y="88.0" />
  <Point X="85.0" Y="89.0" />
  <Point X="85.0" Y="90.0" />
  <Point X="85.38158295776991" Y="90.0" />
  <Point X="86.0" Y="90.0" />
  <Point X="86.0" Y="91.0" />
  <Point X="86.0" Y="92.0" />
  <Point X="87.0" Y="93.0" />
  <Point X="87.95385335642175" Y="93.95385335642175" />
  <Point X="88.0" Y="94.0" />
  <Point X="88.0" Y="95.0" />
  <Point X="89.0" Y="95.0" />
  <Point X="89.0" Y="96.0" />
  <Point X="89.0" Y="97.0" />
  <Point X="89.93078003463262" Y="97.93078003463262" />
  <Point X="90.0" Y="98.0" />
  <Point X="91.0" Y="99.0" />
  <Point X="91.0" Y="100.0" />
  <Point X="92.0" Y="101.0" />
  <Point X="93.0" Y="102.0" />
  <Point X="93.0" Y="102.04105045684108" />
  <Point X="93.0" Y="103.0" />
  <Point X="93.0" Y="104.0" />
  <Point X="94.0" Y="104.0" />
  <Point X="94.0" Y="105.0" />
  <Point X="94.0" Y="106.0" />
  <Point X="94.42263341461098" Y="106.0" />
  <Point X="95.0" Y="106.0" />
  <Point X="95.0" Y="107.0" />
  <Point X="96.0" Y="108.0" />
  <Point X="96.0" Y="109.0" />
  <Point X="97.0" Y="109.0" />
  <Point X="97.0" Y="109.3900028100078" />
  <Point X="97.0" Y="111.0" />
  <Point X="98.0" Y="112.0" />
  <Point X="99.0" Y="114.0" />
  <Point X="99.0" Y="114.12130422790483" />
  <Point X="99.0" Y="115.0" />
  <Point X="100.0" Y="116.0" />
  <Point X="100.0" Y="117.0" />
  <Point X="101.0" Y="118.0" />
  <Point X="101.47691528272208" Y="118.47691528272208" />
  <Point X="102.0" Y="119.0" />
  <Point X="102.0" Y="120.0" />
  <Point X="103.0" Y="121.0" />
  <Point X="103.0" Y="122.0" />
  <Point X="103.0" Y="123.0" />
  <Point X="103.1609487421195" Y="123.1609487421195" />
  <Point X="104.0" Y="124.0" />
  <Point X="105.0" Y="126.0" />
  <Point X="106.0" Y="127.0" />
  <Point X="106.0" Y="127.54470374947621" />
  <Point X="106.0" Y="128.0" />
  <Point X="106.0" Y="129.0" />
  <Point X="107.0" Y="129.0" />
  <Point X="108.0" Y="130.0" />
  <Point X="108.0" Y="131.0" />
  <Point X="108.0" Y="131.51207314487303" />
  <Point X="108.0" Y="132.0" />
  <Point X="109.0" Y="133.0" />
  <Point X="109.0" Y="134.0" />
  <Point X="110.0" Y="135.0" />
  <Point X="110.0" Y="136.0" />
  <Point X="110.04612385260066" Y="136.04612385260066" />
  <Point X="111.0" Y="137.0" />
  <Point X="112.0" Y="139.0" />
  <Point X="112.0" Y="140.0" />
  <Point X="112.56323204428698" Y="140.563232044287" />
  <Point X="113.0" Y="141.0" />
  <Point X="113.0" Y="142.0" />
  <Point X="114.0" Y="143.0" />
  <Point X="115.0" Y="143.0" />
  <Point X="115.0" Y="144.0" />
  <Point X="115.0" Y="144.3496862288175" />
  <Point X="115.0" Y="145.0" />
  <Point X="116.0" Y="146.0" />
  <Point X="116.0" Y="147.0" />
  <Point X="117.0" Y="147.0" />
  <Point X="117.0" Y="148.0" />
  <Point X="117.22419218189528" Y="148.22419218189526" />
  <Point X="118.0" Y="149.0" />
  <Point X="118.0" Y="150.0" />
  <Point X="119.0" Y="151.0" />
  <Point X="120.0" Y="152.0" />
  <Point X="120.0" Y="152.45599789486494" />
  <Point X="120.0" Y="153.0" />
  <Point X="121.0" Y="154.0" />
  <Point X="121.0" Y="155.0" />
  <Point X="122.0" Y="155.0" />
  <Point X="123.0" Y="155.0" />
  <Point X="123.0" Y="155.42336729026175" />
  <Point X="123.0" Y="156.0" />
  <Point X="123.0" Y="157.0" />
  <Point X="124.0" Y="158.0" />
  <Point X="125.0" Y="159.0" />
  <Point X="125.69050612246062" Y="159.69050612246062" />
  <Point X="126.0" Y="160.0" />
  <Point X="127.0" Y="160.0" />
  <Point X="127.0" Y="161.0" />
  <Point X="128.0" Y="162.0" />
  <Point X="128.0" Y="163.0" />
  <Point X="128.5296789563092" Y="163.0" />
  <Point X="129.0" Y="163.0" />
  <Point X="130.0" Y="164.0" />
  <Point X="131.0" Y="165.0" />
  <Point X="131.0" Y="166.0" />
  <Point X="132.0" Y="166.0" />
  <Point X="132.0828347893329" Y="166.0" />
  <Point X="133.0" Y="166.0" />
  <Point X="133.0" Y="167.0" />
  <Point X="134.0" Y="167.0" />
  <Point X="135.0" Y="167.0" />
  <Point X="135.0" Y="168.0" />
  <Point X="135.0" Y="167.53558225289717" />
  <Point X="135.0" Y="167.0" />
  <Point X="135.0" Y="166.0" />
  <Point X="135.0" Y="165.0" />
  <Point X="135.0" Y="164.0" />
  <Point X="135.0" Y="163.0" />
  <Point X="135.0" Y="162.15399929512725" />
  <Point X="135.0" Y="162.0" />
  <Point X="135.0" Y="161.0" />
  <Point X="135.0" Y="160.0" />
  <Point X="136.0" Y="160.0" />
  <Point X="136.0" Y="159.0" />
  <Point X="136.0" Y="158.0" />
  <Point X="136.0" Y="157.77241633735733" />
  <Point X="136.0" Y="157.0" />
  <Point X="136.0" Y="156.0" />
  <Point X="136.0" Y="155.0" />
  <Point X="137.0" Y="155.0" />
  <Point X="137.0" Y="154.0" />
  <Point X="137.0" Y="153.3908333795874" />
  <Point X="137.0" Y="153.0" />
  <Point X="137.0" Y="152.0" />
  <Point X="137.0" Y="151.0" />
  <Point X="137.0" Y="150.0" />
  <Point X="137.0" Y="149.0" />
  <Point X="137.0" Y="148.00925042181748" />
  <Point X="137.0" Y="148.0" />
  <Point X="138.0" Y="148.0" />
  <Point X="138.0" Y="147.0" />
  <Point X="138.0" Y="146.0" />
  <Point X="138.0" Y="145.0" />
  <Point X="138.0" Y="144.0" />
  <Point X="138.0" Y="143.62766746404756" />
  <Point X="138.0" Y="142.0" />
  <Point X="139.0" Y="141.0" />
  <Point X="139.0" Y="140.0" />
  <Point X="139.94731232042577" Y="139.05268767957423" />
  <Point X="140.0" Y="139.0" />
  <Point X="140.0" Y="138.0" />
  <Point X="140.0" Y="137.0" />
  <Point X="140.0" Y="135.0" />
  <Point X="140.0" Y="134.0" />
  <Point X="140.0" Y="133.69292867325393" />
  <Point X="140.0" Y="132.0" />
  <Point X="141.0" Y="132.0" />
  <Point X="141.0" Y="131.0" />
  <Point X="141.0" Y="130.0" />
  <Point X="141.0" Y="129.311345715484" />
  <Point X="141.0" Y="129.0" />
  <Point X="141.0" Y="128.0" />
  <Point X="142.0" Y="128.0" />
  <Point X="142.0" Y="127.0" />
  <Point X="142.0" Y="126.0" />
  <Point X="142.75677201149875" Y="125.24322798850125" />
  <Point X="143.0" Y="125.0" />
  <Point X="143.0" Y="124.0" />
  <Point X="143.0" Y="123.0" />
  <Point X="143.0" Y="122.0" />
  <Point X="144.0" Y="121.0" />
  <Point X="144.0" Y="120.37660692469038" />
  <Point X="144.0" Y="119.0" />
  <Point X="144.0" Y="118.0" />
  <Point X="144.0" Y="117.0" />
  <Point X="144.0" Y="116.0" />
  <Point X="144.7106253679205" Y="115.2893746320795" />
  <Point X="145.0" Y="115.0" />
  <Point X="145.0" Y="114.0" />
  <Point X="146.0" Y="113.0" />
  <Point X="146.0" Y="112.0" />
  <Point X="146.0" Y="111.0" />
  <Point X="146.0" Y="110.44186813389673" />
  <Point X="146.0" Y="110.0" />
  <Point X="146.0" Y="109.0" />
  <Point X="146.0" Y="108.0" />
  <Point X="147.0" Y="107.0" />
  <Point X="147.0" Y="106.0" />
  <Point X="147.0" Y="105.47449873849992" />
  <Point X="147.0" Y="105.0" />
  <Point X="147.0" Y="104.0" />
  <Point X="147.0" Y="103.0" />
  <Point X="147.0" Y="102.0" />
  <Point X="147.0" Y="101.0" />
  <Point X="147.0" Y="100.09291578073001" />
  <Point X="147.0" Y="100.0" />
  <Point X="147.0" Y="99.0" />
  <Point X="148.0" Y="98.0" />
  <Point X="148.0" Y="97.0" />
  <Point X="148.0" Y="96.0" />
  <Point X="148.0" Y="95.1255463853332" />
  <Point X="148.0" Y="95.0" />
  <Point X="148.0" Y="94.0" />
  <Point X="148.0" Y="93.0" />
  <Point X="148.0" Y="92.0" />
  <Point X="148.0" Y="91.0" />
  <Point X="148.0" Y="90.0" />
  <Point X="148.0" Y="89.74396342756329" />
  <Point X="148.0" Y="89.0" />
  <Point X="148.0" Y="88.0" />
  <Point X="148.0" Y="87.0" />
  <Point X="147.0" Y="87.0" />
  <Point X="146.0" Y="88.0" />
  <Point X="145.77659403216646" Y="88.0" />
  <Point X="145.0" Y="88.0" />
  <Point X="145.0" Y="89.0" />
  <Point X="144.0" Y="89.0" />
  <Point X="144.0" Y="90.0" />
  <Point X="143.0" Y="90.0" />
  <Point X="143.0" Y="90.60498892560345" />
  <Point X="143.0" Y="91.0" />
  <Point X="142.0" Y="91.0" />
  <Point X="141.0" Y="91.0" />
  <Point X="141.0" Y="92.0" />
  <Point X="140.0" Y="93.0" />
  <Point X="139.42764167899972" Y="93.0" />
  <Point X="139.0" Y="93.0" />
  <Point X="139.0" Y="94.0" />
  <Point X="138.0" Y="94.0" />
  <Point X="137.0" Y="94.0" />
  <Point X="137.0" Y="95.0" />
  <Point X="136.0460587212298" Y="95.0" />
  <Point X="136.0" Y="95.0" />
  <Point X="136.0" Y="96.0" />
  <Point X="135.0" Y="96.0" />
  <Point X="135.0" Y="97.0" />
  <Point X="134.0" Y="97.0" />
  <Point X="133.0556417559035" Y="97.9443582440965" />
  <Point X="133.0" Y="98.0" />
  <Point X="132.0" Y="98.0" />
  <Point X="132.0" Y="99.0" />
  <Point X="131.0" Y="99.0" />
  <Point X="131.0" Y="100.0" />
  <Point X="130.0" Y="100.0" />
  <Point X="130.0" Y="100.30289363193693" />
  <Point X="130.0" Y="101.0" />
  <Point X="129.0" Y="101.0" />
  <Point X="128.0" Y="102.0" />
  <Point X="127.0" Y="102.0" />
  <Point X="126.10178839948176" Y="102.89821160051824" />
  <Point X="126.0" Y="103.0" />
  <Point X="125.0" Y="104.0" />
  <Point X="124.0" Y="104.0" />
  <Point X="124.0" Y="105.0" />
  <Point X="123.0" Y="105.0" />
  <Point X="122.41775494008434" Y="105.58224505991566" />
  <Point X="122.0" Y="106.0" />
  <Point X="122.0" Y="107.0" />
  <Point X="121.0" Y="107.0" />
  <Point X="120.0" Y="107.0" />
  <Point X="119.0" Y="108.0" />
  <Point X="119.0" Y="108.37657469338119" />
  <Point X="119.0" Y="109.0" />
  <Point X="118.0" Y="109.0" />
  <Point X="117.0" Y="109.0" />
  <Point X="117.0" Y="110.0" />
  <Point X="116.0" Y="110.0" />
  <Point X="116.0" Y="110.7581576511511" />
  <Point X="116.0" Y="111.0" />
  <Point X="115.0" Y="111.0" />
  <Point X="114.0" Y="111.0" />
  <Point X="114.0" Y="112.0" />
  <Point X="113.0" Y="113.0" />
  <Point X="112.27447295345209" Y="113.0" />
  <Point X="112.0" Y="113.0" />
  <Point X="111.0" Y="114.0" />
  <Point X="110.0" Y="115.0" />
  <Point X="109.0" Y="115.0" />
  <Point X="108.09583466486775" Y="115.90416533513225" />
  <Point X="108.0" Y="116.0" />
  <Point X="107.0" Y="116.0" />
  <Point X="107.0" Y="117.0" />
  <Point X="106.0" Y="118.0" />
  <Point X="104.36155364592842" Y="118.81922317703578" />
  <Point X="104.0" Y="119.0" />
  <Point X="104.0" Y="120.0" />
  <Point X="103.0" Y="120.0" />
  <Point X="103.0" Y="121.0" />
  <Point X="102.0" Y="121.0" />
  <Point X="101.3089065761571" Y="121.6910934238429" />
  <Point X="101.0" Y="122.0" />
  <Point X="100.0" Y="122.0" />
  <Point X="100.0" Y="123.0" />
  <Point X="99.0" Y="123.0" />
  <Point X="99.0" Y="124.0" />
  <Point X="98.05527691173769" Y="124.0" />
  <Point X="98.0" Y="124.0" />
  <Point X="97.0" Y="125.0" />
  <Point X="96.0" Y="126.0" />
  <Point X="95.0" Y="126.0" />
  <Point X="95.0" Y="127.0" />
  <Point X="94.50212107871397" Y="127.0" />
  <Point X="94.0" Y="127.0" />
  <Point X="93.0" Y="128.0" />
  <Point X="92.0" Y="128.0" />
  <Point X="92.0" Y="129.0" />
  <Point X="92.0" Y="130.0" />
  <Point X="91.53475168331715" Y="130.0" />
  <Point X="91.0" Y="130.0" />
  <Point X="91.0" Y="131.0" />
  <Point X="90.0" Y="131.0" />
  <Point X="89.0" Y="132.0" />
  <Point X="88.0" Y="132.0" />
  <Point X="88.0" Y="132.43261771207966" />
  <Point X="88.0" Y="133.0" />
  <Point X="87.0" Y="134.0" />
  <Point X="86.0" Y="135.0" />
  <Point X="85.0" Y="136.0" />
  <Point X="84.42844001726971" Y="136.0" />
  <Point X="84.0" Y="136.0" />
  <Point X="84.0" Y="137.0" />
  <Point X="83.0" Y="137.0" />
  <Point X="83.0" Y="138.0" />
  <Point X="82.0" Y="139.0" />
  <Point X="81.46107062187289" Y="139.0" />
  <Point X="81.0" Y="139.0" />
  <Point X="80.0" Y="140.0" />
  <Point X="80.0" Y="141.0" />
  <Point X="79.0" Y="141.0" />
  <Point X="79.0" Y="142.0" />
  <Point X="78.49370122647608" Y="142.0" />
  <Point X="78.0" Y="142.0" />
  <Point X="78.0" Y="143.0" />
  <Point X="77.0" Y="143.0" />
  <Point X="76.0" Y="144.0" />
  <Point X="75.0" Y="144.0" />
  <Point X="75.0" Y="144.47366816892074" />
  <Point X="75.0" Y="145.0" />
  <Point X="75.0" Y="146.0" />
  <Point X="74.0" Y="146.0" />
  <Point X="73.0" Y="146.0" />
  <Point X="73.0" Y="147.0" />
  <Point X="72.14474887330935" Y="147.0" />
  <Point X="72.0" Y="147.0" />
  <Point X="72.0" Y="148.0" />
  <Point X="71.0" Y="148.0" />
  <Point X="71.0" Y="149.0" />
  <Point X="70.0" Y="149.0" />
  <Point X="70.0" Y="150.0" />
  <Point X="69.76316591553945" Y="150.0" />
  <Point X="69.0" Y="150.0" />
  <Point X="69.0" Y="149.0" />
  <Point X="69.0" Y="148.0" />
  <Point X="69.0" Y="147.0" />
  <Point X="69.0" Y="146.0" />
  <Point X="69.0" Y="145.38158295776952" />
  <Point X="69.0" Y="145.0" />
  <Point X="69.0" Y="144.0" />
  <Point X="70.0" Y="144.0" />
  <Point X="70.0" Y="143.0" />
  <Point X="70.0" Y="142.0" />
  <Point X="70.0" Y="141.0" />
</Project_1_Part_4>
