<?xml version="1.0" encoding="utf-8" standalone="yes"?>
<Gesture Name="x6" Subject="1" Number="1" NumPts="434">
  <Point X="77.0" Y="67.0" />
  <Point X="77.0" Y="68.0" />
  <Point X="77.0" Y="69.0" />
  <Point X="77.0" Y="70.0" />
  <Point X="78.0" Y="70.0" />
  <Point X="79.0" Y="71.0" />
  <Point X="79.72835278345583" Y="71.72835278345583" />
  <Point X="80.0" Y="72.0" />
  <Point X="81.0" Y="73.0" />
  <Point X="81.0" Y="74.0" />
  <Point X="82.0" Y="74.0" />
  <Point X="83.0" Y="74.0" />
  <Point X="83.0" Y="75.0" />
  <Point X="83.64587920673777" Y="75.0" />
  <Point X="84.0" Y="75.0" />
  <Point X="84.0" Y="76.0" />
  <Point X="85.0" Y="76.0" />
  <Point X="86.0" Y="77.0" />
  <Point X="87.0" Y="78.0" />
  <Point X="88.0" Y="78.0" />
  <Point X="88.0" Y="78.26171202892012" />
  <Point X="88.0" Y="79.0" />
  <Point X="89.0" Y="79.0" />
  <Point X="89.0" Y="80.0" />
  <Point X="90.0" Y="80.0" />
  <Point X="91.0" Y="80.0" />
  <Point X="91.0" Y="81.0" />
  <Point X="91.70597197584864" Y="81.0" />
  <Point X="92.0" Y="81.0" />
  <Point X="92.0" Y="82.0" />
  <Point X="93.0" Y="82.0" />
  <Point X="93.0" Y="83.0" />
  <Point X="94.0" Y="83.0" />
  <Point X="95.0" Y="84.0" />
  <Point X="95.73601836040407" Y="84.0" />
  <Point X="96.0" Y="84.0" />
  <Point X="96.0" Y="85.0" />
  <Point X="97.0" Y="86.0" />
  <Point X="98.0" Y="87.0" />
  <Point X="99.0" Y="87.0" />
  <Point X="99.0" Y="88.0" />
  <Point X="99.35185118258642" Y="88.0" />
  <Point X="100.0" Y="88.0" />
  <Point X="101.0" Y="89.0" />
  <Point X="101.0" Y="90.0" />
  <Point X="102.0" Y="90.0" />
  <Point X="103.0" Y="91.0" />
  <Point X="103.0" Y="91.96768400476876" />
  <Point X="103.0" Y="92.0" />
  <Point X="104.0" Y="92.0" />
  <Point X="105.0" Y="93.0" />
  <Point X="106.0" Y="94.0" />
  <Point X="107.0" Y="95.0" />
  <Point X="107.82682226764668" Y="95.82682226764668" />
  <Point X="108.0" Y="96.0" />
  <Point X="109.0" Y="97.0" />
  <Point X="109.0" Y="98.0" />
  <Point X="110.0" Y="98.0" />
  <Point X="110.0" Y="99.0" />
  <Point X="111.0" Y="99.0" />
  <Point X="111.0" Y="99.78513608676035" />
  <Point X="111.0" Y="100.0" />
  <Point X="112.0" Y="101.0" />
  <Point X="112.0" Y="102.0" />
  <Point X="113.0" Y="102.0" />
  <Point X="114.0" Y="102.0" />
  <Point X="114.0" Y="103.0" />
  <Point X="114.0" Y="103.81518247131578" />
  <Point X="114.0" Y="104.0" />
  <Point X="115.0" Y="104.0" />
  <Point X="115.0" Y="105.0" />
  <Point X="116.0" Y="106.0" />
  <Point X="117.0" Y="107.0" />
  <Point X="118.0" Y="108.0" />
  <Point X="118.0" Y="108.01680173112503" />
  <Point X="118.0" Y="109.0" />
  <Point X="119.0" Y="110.0" />
  <Point X="120.0" Y="110.0" />
  <Point X="121.0" Y="111.0" />
  <Point X="121.0" Y="112.0" />
  <Point X="121.0" Y="112.63263455330737" />
  <Point X="121.0" Y="113.0" />
  <Point X="122.0" Y="113.0" />
  <Point X="123.0" Y="114.0" />
  <Point X="124.0" Y="115.0" />
  <Point X="124.0" Y="116.0" />
  <Point X="125.0" Y="116.0" />
  <Point X="125.1756929661124" Y="116.1756929661124" />
  <Point X="126.0" Y="117.0" />
  <Point X="126.0" Y="118.0" />
  <Point X="127.0" Y="118.0" />
  <Point X="127.0" Y="119.0" />
  <Point X="128.0" Y="119.0" />
  <Point X="128.90404574956824" Y="119.90404574956823" />
  <Point X="129.0" Y="120.0" />
  <Point X="129.0" Y="121.0" />
  <Point X="130.0" Y="121.0" />
  <Point X="131.0" Y="122.0" />
  <Point X="132.0" Y="122.0" />
  <Point X="132.0" Y="123.0" />
  <Point X="132.63239853302406" Y="123.63239853302407" />
  <Point X="133.0" Y="124.0" />
  <Point X="134.0" Y="124.0" />
  <Point X="134.0" Y="125.0" />
  <Point X="135.0" Y="125.0" />
  <Point X="135.0" Y="126.0" />
  <Point X="136.0" Y="126.0" />
  <Point X="136.65364453529335" Y="126.65364453529335" />
  <Point X="137.0" Y="127.0" />
  <Point X="138.0" Y="127.0" />
  <Point X="138.0" Y="128.0" />
  <Point X="139.0" Y="129.0" />
  <Point X="140.0" Y="130.0" />
  <Point X="141.0" Y="130.0" />
  <Point X="141.0" Y="130.12601222659217" />
  <Point X="141.0" Y="131.0" />
  <Point X="142.0" Y="131.0" />
  <Point X="143.0" Y="132.0" />
  <Point X="143.0" Y="133.0" />
  <Point X="144.0" Y="133.0" />
  <Point X="144.0" Y="134.0" />
  <Point X="144.1560586111476" Y="134.0" />
  <Point X="145.0" Y="134.0" />
  <Point X="146.0" Y="135.0" />
  <Point X="146.0" Y="136.0" />
  <Point X="146.0" Y="137.0" />
  <Point X="147.0" Y="137.0" />
  <Point X="147.0" Y="138.0" />
  <Point X="147.18610499570306" Y="138.0" />
  <Point X="148.0" Y="138.0" />
  <Point X="148.0" Y="139.0" />
  <Point X="148.0" Y="140.0" />
  <Point X="148.0" Y="141.0" />
  <Point X="148.0" Y="142.0" />
  <Point X="149.0" Y="142.0" />
  <Point X="149.6303649426316" Y="142.0" />
  <Point X="150.0" Y="142.0" />
  <Point X="150.0" Y="143.0" />
  <Point X="150.0" Y="144.0" />
  <Point X="150.0" Y="145.0" />
  <Point X="150.0" Y="146.0" />
  <Point X="151.0" Y="146.0" />
  <Point X="151.0" Y="147.0" />
  <Point X="151.0" Y="147.0746248895601" />
  <Point X="151.0" Y="148.0" />
  <Point X="152.0" Y="148.0" />
  <Point X="152.0" Y="149.0" />
  <Point X="152.0" Y="150.0" />
  <Point X="153.0" Y="150.0" />
  <Point X="153.0" Y="151.0" />
  <Point X="153.0" Y="151.51888483648864" />
  <Point X="153.0" Y="152.0" />
  <Point X="154.0" Y="152.0" />
  <Point X="154.0" Y="153.0" />
  <Point X="155.0" Y="153.0" />
  <Point X="155.0" Y="154.0" />
  <Point X="155.0" Y="155.0" />
  <Point X="155.96314478341716" Y="155.0" />
  <Point X="156.0" Y="155.0" />
  <Point X="156.0" Y="156.0" />
  <Point X="156.0" Y="157.0" />
  <Point X="157.0" Y="157.0" />
  <Point X="157.0" Y="158.0" />
  <Point X="157.0" Y="159.0" />
  <Point X="158.0" Y="159.0" />
  <Point X="158.0" Y="159.4074047303457" />
  <Point X="158.0" Y="160.0" />
  <Point X="159.0" Y="160.0" />
  <Point X="159.0" Y="159.0" />
  <Point X="159.0" Y="158.0" />
  <Point X="159.0" Y="157.0" />
  <Point X="159.0" Y="156.0" />
  <Point X="159.0" Y="155.14833532272579" />
  <Point X="159.0" Y="155.0" />
  <Point X="159.0" Y="154.0" />
  <Point X="159.0" Y="153.0" />
  <Point X="159.0" Y="152.0" />
  <Point X="159.0" Y="151.0" />
  <Point X="159.0" Y="150.0" />
  <Point X="159.0" Y="149.0" />
  <Point X="159.0" Y="148.70407537579726" />
  <Point X="159.0" Y="148.0" />
  <Point X="159.0" Y="147.0" />
  <Point X="159.0" Y="146.0" />
  <Point X="159.0" Y="145.0" />
  <Point X="159.0" Y="144.0" />
  <Point X="159.0" Y="143.0" />
  <Point X="159.0" Y="142.25981542886873" />
  <Point X="159.0" Y="142.0" />
  <Point X="159.0" Y="141.0" />
  <Point X="159.0" Y="140.0" />
  <Point X="159.0" Y="139.0" />
  <Point X="159.0" Y="138.0" />
  <Point X="159.0" Y="137.0" />
  <Point X="158.0" Y="137.0" />
  <Point X="158.0" Y="136.8155554819402" />
  <Point X="158.0" Y="136.0" />
  <Point X="158.0" Y="135.0" />
  <Point X="158.0" Y="134.0" />
  <Point X="158.0" Y="133.0" />
  <Point X="158.0" Y="132.0" />
  <Point X="158.0" Y="130.37129553501168" />
  <Point X="158.0" Y="130.0" />
  <Point X="158.0" Y="129.0" />
  <Point X="158.0" Y="128.0" />
  <Point X="158.0" Y="127.0" />
  <Point X="158.0" Y="126.0" />
  <Point X="158.0" Y="125.0" />
  <Point X="158.0" Y="124.0" />
  <Point X="158.0" Y="123.92703558808316" />
  <Point X="158.0" Y="123.0" />
  <Point X="158.0" Y="122.0" />
  <Point X="158.0" Y="121.0" />
  <Point X="158.0" Y="120.0" />
  <Point X="158.0" Y="119.0" />
  <Point X="157.0" Y="118.0" />
  <Point X="157.0" Y="117.89698920352772" />
  <Point X="157.0" Y="117.0" />
  <Point X="157.0" Y="115.0" />
  <Point X="157.0" Y="114.0" />
  <Point X="157.0" Y="113.0" />
  <Point X="157.0" Y="112.0" />
  <Point X="157.0" Y="111.4527292565992" />
  <Point X="157.0" Y="111.0" />
  <Point X="157.0" Y="110.0" />
  <Point X="157.0" Y="109.0" />
  <Point X="157.0" Y="107.0" />
  <Point X="157.0" Y="106.0" />
  <Point X="157.0" Y="105.00846930967067" />
  <Point X="157.0" Y="105.0" />
  <Point X="157.0" Y="104.0" />
  <Point X="157.0" Y="103.0" />
  <Point X="156.0" Y="102.0" />
  <Point X="156.0" Y="101.0" />
  <Point X="156.0" Y="100.0" />
  <Point X="156.0" Y="99.0" />
  <Point X="155.97842292511524" Y="99.0" />
  <Point X="155.0" Y="99.0" />
  <Point X="155.0" Y="97.0" />
  <Point X="155.0" Y="96.0" />
  <Point X="155.0" Y="95.0" />
  <Point X="155.0" Y="94.0" />
  <Point X="155.0" Y="93.53416297818671" />
  <Point X="155.0" Y="93.0" />
  <Point X="155.0" Y="92.0" />
  <Point X="155.0" Y="91.0" />
  <Point X="155.0" Y="90.0" />
  <Point X="155.0" Y="89.0" />
  <Point X="155.0" Y="88.0" />
  <Point X="154.0899030312582" Y="88.0" />
  <Point X="154.0" Y="88.0" />
  <Point X="154.0" Y="87.0" />
  <Point X="154.0" Y="86.0" />
  <Point X="154.0" Y="85.0" />
  <Point X="154.0" Y="84.0" />
  <Point X="154.0" Y="83.0" />
  <Point X="154.0" Y="82.0" />
  <Point X="154.0" Y="81.64564308432966" />
  <Point X="154.0" Y="81.0" />
  <Point X="154.0" Y="80.0" />
  <Point X="154.0" Y="79.0" />
  <Point X="154.0" Y="78.0" />
  <Point X="154.0" Y="77.0" />
  <Point X="154.0" Y="76.0" />
  <Point X="154.0" Y="75.20138313740114" />
  <Point X="154.0" Y="75.0" />
  <Point X="153.0" Y="75.0" />
  <Point X="153.0" Y="74.0" />
  <Point X="153.0" Y="73.0" />
  <Point X="153.0" Y="72.0" />
  <Point X="153.0" Y="71.0" />
  <Point X="153.0" Y="70.0" />
  <Point X="153.0" Y="69.75712319047261" />
  <Point X="153.0" Y="69.0" />
  <Point X="153.0" Y="68.0" />
  <Point X="153.0" Y="67.0" />
  <Point X="153.0" Y="66.0" />
  <Point X="153.0" Y="65.0" />
  <Point X="153.0" Y="64.0" />
  <Point X="153.0" Y="63.31286324354408" />
  <Point X="153.0" Y="63.0" />
  <Point X="153.0" Y="62.0" />
  <Point X="153.0" Y="63.0" />
  <Point X="152.0" Y="63.0" />
  <Point X="152.0" Y="64.0" />
  <Point X="151.0" Y="64.0" />
  <Point X="150.19998171882474" Y="64.80001828117526" />
  <Point X="150.0" Y="65.0" />
  <Point X="150.0" Y="66.0" />
  <Point X="149.0" Y="66.0" />
  <Point X="149.0" Y="67.0" />
  <Point X="148.0" Y="67.0" />
  <Point X="148.0" Y="68.0" />
  <Point X="147.17873571655545" Y="68.82126428344455" />
  <Point X="147.0" Y="69.0" />
  <Point X="146.0" Y="69.0" />
  <Point X="145.0" Y="70.0" />
  <Point X="145.0" Y="71.0" />
  <Point X="144.0" Y="71.0" />
  <Point X="144.0" Y="72.0" />
  <Point X="143.4503829330996" Y="72.54961706690038" />
  <Point X="143.0" Y="73.0" />
  <Point X="142.0" Y="73.0" />
  <Point X="142.0" Y="74.0" />
  <Point X="141.0" Y="74.0" />
  <Point X="141.0" Y="75.0" />
  <Point X="140.0" Y="76.0" />
  <Point X="140.0" Y="76.3931087323046" />
  <Point X="140.0" Y="77.0" />
  <Point X="139.0" Y="77.0" />
  <Point X="138.0" Y="77.0" />
  <Point X="138.0" Y="78.0" />
  <Point X="137.0" Y="79.0" />
  <Point X="136.0" Y="80.0" />
  <Point X="136.0" Y="80.00894155448694" />
  <Point X="136.0" Y="81.0" />
  <Point X="135.0" Y="81.0" />
  <Point X="134.0" Y="82.0" />
  <Point X="133.0" Y="83.0" />
  <Point X="132.0" Y="84.0" />
  <Point X="131.851111020359" Y="84.14888897964099" />
  <Point X="131.0" Y="85.0" />
  <Point X="130.0" Y="86.0" />
  <Point X="130.0" Y="87.0" />
  <Point X="129.0" Y="87.0" />
  <Point X="128.0" Y="88.0" />
  <Point X="128.0" Y="88.41218007410542" />
  <Point X="128.0" Y="89.0" />
  <Point X="127.0" Y="89.0" />
  <Point X="126.0" Y="90.0" />
  <Point X="126.0" Y="91.0" />
  <Point X="125.0" Y="91.0" />
  <Point X="124.0" Y="91.0" />
  <Point X="124.0" Y="91.44222645866085" />
  <Point X="124.0" Y="92.0" />
  <Point X="123.0" Y="93.0" />
  <Point X="122.0" Y="94.0" />
  <Point X="121.0" Y="95.0" />
  <Point X="120.0" Y="96.0" />
  <Point X="119.83762554524532" Y="96.16237445475468" />
  <Point X="119.0" Y="97.0" />
  <Point X="118.0" Y="97.0" />
  <Point X="118.0" Y="98.0" />
  <Point X="117.0" Y="98.0" />
  <Point X="117.0" Y="99.0" />
  <Point X="116.0" Y="99.0" />
  <Point X="115.81637954297602" Y="99.18362045702398" />
  <Point X="115.0" Y="100.0" />
  <Point X="114.0" Y="101.0" />
  <Point X="114.0" Y="102.0" />
  <Point X="113.0" Y="102.0" />
  <Point X="111.1244886371652" Y="102.0" />
  <Point X="111.0" Y="102.0" />
  <Point X="111.0" Y="104.0" />
  <Point X="110.0" Y="104.0" />
  <Point X="109.0" Y="106.0" />
  <Point X="108.0" Y="106.0" />
  <Point X="107.91629666773646" Y="106.0" />
  <Point X="107.0" Y="106.0" />
  <Point X="107.0" Y="107.0" />
  <Point X="106.0" Y="107.0" />
  <Point X="105.0" Y="108.0" />
  <Point X="104.0" Y="108.0" />
  <Point X="104.0" Y="109.0" />
  <Point X="103.91956680387925" Y="109.08043319612075" />
  <Point X="103.0" Y="110.0" />
  <Point X="102.0" Y="110.0" />
  <Point X="101.0" Y="111.0" />
  <Point X="100.0" Y="111.0" />
  <Point X="100.0" Y="112.0" />
  <Point X="99.48410723923686" Y="112.51589276076314" />
  <Point X="99.0" Y="113.0" />
  <Point X="99.0" Y="114.0" />
  <Point X="98.0" Y="114.0" />
  <Point X="97.0" Y="114.0" />
  <Point X="97.0" Y="115.0" />
  <Point X="96.0" Y="115.0" />
  <Point X="96.0" Y="115.75962892355676" />
  <Point X="96.0" Y="116.0" />
  <Point X="95.0" Y="116.0" />
  <Point X="94.0" Y="117.0" />
  <Point X="94.0" Y="118.0" />
  <Point X="93.0" Y="118.0" />
  <Point X="92.0" Y="118.0" />
  <Point X="92.0" Y="118.7896753081122" />
  <Point X="92.0" Y="119.0" />
  <Point X="91.0" Y="120.0" />
  <Point X="90.0" Y="120.0" />
  <Point X="90.0" Y="121.0" />
  <Point X="89.0" Y="122.0" />
  <Point X="88.0" Y="122.0" />
  <Point X="88.0" Y="122.40550813029454" />
  <Point X="88.0" Y="123.0" />
  <Point X="87.0" Y="123.0" />
  <Point X="87.0" Y="124.0" />
  <Point X="86.0" Y="124.0" />
  <Point X="86.0" Y="125.0" />
  <Point X="85.0" Y="126.0" />
  <Point X="84.56444548515003" Y="126.0" />
  <Point X="84.0" Y="126.0" />
  <Point X="83.0" Y="127.0" />
  <Point X="83.0" Y="128.0" />
  <Point X="82.0" Y="128.0" />
  <Point X="81.0" Y="128.0" />
  <Point X="80.0" Y="129.0" />
  <Point X="80.0" Y="129.0513873370323" />
  <Point X="80.0" Y="130.0" />
  <Point X="79.0" Y="130.0" />
  <Point X="79.0" Y="131.0" />
  <Point X="78.0" Y="131.0" />
  <Point X="78.0" Y="132.0" />
  <Point X="77.0" Y="132.0" />
  <Point X="76.50435271603916" Y="132.0" />
  <Point X="76.0" Y="132.0" />
  <Point X="76.0" Y="133.0" />
  <Point X="76.0" Y="134.0" />
  <Point X="75.0" Y="134.0" />
  <Point X="74.0" Y="134.0" />
  <Point X="74.0" Y="135.0" />
  <Point X="73.06009276911064" Y="135.0" />
  <Point X="73.0" Y="135.0" />
  <Point X="73.0" Y="136.0" />
  <Point X="72.0" Y="136.0" />
  <Point X="71.0" Y="136.0" />
  <Point X="71.0" Y="137.0" />
  <Point X="70.0" Y="138.0" />
  <Point X="70.0" Y="138.9699536154448" />
  <Point X="70.0" Y="139.0" />
  <Point X="69.0" Y="139.0" />
  <Point X="68.0" Y="140.0" />
  <Point X="67.0" Y="140.0" />
  <Point X="67.0" Y="141.0" />
  <Point X="66.0" Y="141.0" />
  <Point X="66.0" Y="142.0" />
</Project_1_Part_4>
