<?xml version="1.0" encoding="utf-8" standalone="yes"?>
<Gesture Name="question_mark6" Subject="1" Number="1" NumPts="359">
  <Point X="27.0" Y="151.0" />
  <Point X="28.0" Y="151.0" />
  <Point X="29.0" Y="151.0" />
  <Point X="29.0" Y="150.0" />
  <Point X="30.0" Y="150.0" />
  <Point X="30.0" Y="149.0519528579216" />
  <Point X="30.0" Y="149.0" />
  <Point X="31.0" Y="149.0" />
  <Point X="32.0" Y="148.0" />
  <Point X="33.0" Y="148.0" />
  <Point X="33.0" Y="147.0" />
  <Point X="33.48188072178369" Y="147.0" />
  <Point X="34.0" Y="147.0" />
  <Point X="34.0" Y="146.0" />
  <Point X="35.0" Y="145.0" />
  <Point X="36.0" Y="145.0" />
  <Point X="36.0" Y="144.0" />
  <Point X="36.015714301488984" Y="144.0" />
  <Point X="37.0" Y="144.0" />
  <Point X="38.0" Y="143.0" />
  <Point X="39.0" Y="143.0" />
  <Point X="39.0" Y="142.0" />
  <Point X="39.54954788119428" Y="142.0" />
  <Point X="40.0" Y="142.0" />
  <Point X="40.0" Y="141.0" />
  <Point X="41.0" Y="141.0" />
  <Point X="41.0" Y="140.0" />
  <Point X="42.0" Y="140.0" />
  <Point X="42.0" Y="139.50240497672732" />
  <Point X="42.0" Y="139.0" />
  <Point X="43.0" Y="139.0" />
  <Point X="44.0" Y="138.0" />
  <Point X="44.0" Y="137.0" />
  <Point X="45.0" Y="137.0" />
  <Point X="45.02222337828895" Y="136.97777662171106" />
  <Point X="46.0" Y="136.0" />
  <Point X="46.0" Y="135.0" />
  <Point X="47.0" Y="135.0" />
  <Point X="47.7000065286179" Y="133.59998694276422" />
  <Point X="48.0" Y="133.0" />
  <Point X="49.0" Y="132.0" />
  <Point X="49.0" Y="131.0" />
  <Point X="50.666342708392854" Y="130.16682864580358" />
  <Point X="51.0" Y="130.0" />
  <Point X="51.0" Y="129.0" />
  <Point X="52.0" Y="129.0" />
  <Point X="52.0" Y="128.0" />
  <Point X="53.0" Y="127.0" />
  <Point X="53.0" Y="126.83920661290573" />
  <Point X="53.0" Y="126.0" />
  <Point X="54.0" Y="126.0" />
  <Point X="54.0" Y="125.0" />
  <Point X="55.0" Y="124.0" />
  <Point X="55.0" Y="123.30537303320042" />
  <Point X="55.0" Y="123.0" />
  <Point X="56.0" Y="123.0" />
  <Point X="56.0" Y="122.0" />
  <Point X="56.0" Y="121.0" />
  <Point X="57.0" Y="121.0" />
  <Point X="57.0" Y="120.35732589112203" />
  <Point X="57.0" Y="120.0" />
  <Point X="57.0" Y="119.0" />
  <Point X="58.0" Y="119.0" />
  <Point X="59.0" Y="118.0" />
  <Point X="59.0" Y="117.0" />
  <Point X="59.176507688583264" Y="117.0" />
  <Point X="60.0" Y="117.0" />
  <Point X="60.0" Y="116.0" />
  <Point X="61.0" Y="115.0" />
  <Point X="61.0" Y="114.0" />
  <Point X="61.71034126828856" Y="114.0" />
  <Point X="62.0" Y="114.0" />
  <Point X="62.0" Y="113.0" />
  <Point X="63.0" Y="113.0" />
  <Point X="63.0" Y="112.0" />
  <Point X="63.0" Y="111.0" />
  <Point X="63.65838841036695" Y="111.0" />
  <Point X="64.0" Y="111.0" />
  <Point X="64.0" Y="110.0" />
  <Point X="65.0" Y="110.0" />
  <Point X="65.0" Y="109.0" />
  <Point X="65.0" Y="108.0" />
  <Point X="65.60643555244535" Y="108.0" />
  <Point X="66.0" Y="108.0" />
  <Point X="67.0" Y="108.0" />
  <Point X="68.0" Y="108.0" />
  <Point X="69.0" Y="108.0" />
  <Point X="69.0" Y="109.0" />
  <Point X="69.55448269452374" Y="109.0" />
  <Point X="70.0" Y="109.0" />
  <Point X="70.0" Y="110.0" />
  <Point X="71.0" Y="110.0" />
  <Point X="71.0" Y="111.0" />
  <Point X="71.0" Y="112.0" />
  <Point X="71.35534225520993" Y="112.35534225520993" />
  <Point X="72.0" Y="113.0" />
  <Point X="72.0" Y="114.0" />
  <Point X="72.0" Y="115.0" />
  <Point X="73.0" Y="116.0" />
  <Point X="73.0" Y="116.62214985393433" />
  <Point X="73.0" Y="117.0" />
  <Point X="73.0" Y="118.0" />
  <Point X="74.0" Y="118.0" />
  <Point X="74.0" Y="119.0" />
  <Point X="75.0" Y="120.0" />
  <Point X="75.0" Y="120.15598343363963" />
  <Point X="75.0" Y="121.0" />
  <Point X="75.0" Y="122.0" />
  <Point X="76.0" Y="123.0" />
  <Point X="76.0" Y="124.0" />
  <Point X="76.0" Y="124.68981701334494" />
  <Point X="76.0" Y="125.0" />
  <Point X="77.0" Y="126.0" />
  <Point X="77.0" Y="127.0" />
  <Point X="77.0" Y="128.0" />
  <Point X="77.0" Y="129.0" />
  <Point X="77.22365059305024" Y="129.0" />
  <Point X="78.0" Y="129.0" />
  <Point X="78.0" Y="130.0" />
  <Point X="79.0" Y="131.0" />
  <Point X="79.0" Y="132.0" />
  <Point X="79.0" Y="132.75748417275554" />
  <Point X="79.0" Y="133.0" />
  <Point X="80.0" Y="134.0" />
  <Point X="80.0" Y="135.0" />
  <Point X="80.0" Y="136.0" />
  <Point X="80.0" Y="137.0" />
  <Point X="80.29131775246084" Y="137.0" />
  <Point X="81.0" Y="137.0" />
  <Point X="81.0" Y="138.0" />
  <Point X="81.0" Y="139.0" />
  <Point X="81.0" Y="140.0" />
  <Point X="82.0" Y="140.0" />
  <Point X="82.0" Y="140.23936489453922" />
  <Point X="82.0" Y="141.0" />
  <Point X="82.0" Y="142.0" />
  <Point X="83.0" Y="142.0" />
  <Point X="83.0" Y="143.0" />
  <Point X="83.83962710315484" Y="143.83962710315484" />
  <Point X="84.0" Y="144.0" />
  <Point X="84.0" Y="145.0" />
  <Point X="84.0" Y="144.0" />
  <Point X="84.0" Y="143.0" />
  <Point X="84.0" Y="142.0" />
  <Point X="84.0" Y="141.2787543836771" />
  <Point X="84.0" Y="141.0" />
  <Point X="85.0" Y="141.0" />
  <Point X="85.0" Y="140.0" />
  <Point X="85.0" Y="139.0" />
  <Point X="85.0" Y="138.0" />
  <Point X="85.0" Y="137.3307072415987" />
  <Point X="85.0" Y="137.0" />
  <Point X="86.0" Y="136.0" />
  <Point X="86.0" Y="135.0" />
  <Point X="86.0" Y="134.0" />
  <Point X="86.85073879229931" Y="133.14926120770068" />
  <Point X="87.0" Y="133.0" />
  <Point X="87.0" Y="132.0" />
  <Point X="88.0" Y="132.0" />
  <Point X="88.0" Y="131.0" />
  <Point X="88.0" Y="130.0" />
  <Point X="88.52110935534748" Y="129.47889064465252" />
  <Point X="89.0" Y="129.0" />
  <Point X="89.0" Y="128.0" />
  <Point X="89.0" Y="127.0" />
  <Point X="89.0" Y="126.0" />
  <Point X="90.0" Y="126.0" />
  <Point X="90.0" Y="125.7292065024828" />
  <Point X="90.0" Y="125.0" />
  <Point X="90.0" Y="124.0" />
  <Point X="90.0" Y="123.0" />
  <Point X="91.0" Y="123.0" />
  <Point X="91.0" Y="122.0" />
  <Point X="91.2188406395956" Y="122.0" />
  <Point X="92.0" Y="122.0" />
  <Point X="92.0" Y="121.0" />
  <Point X="92.0" Y="120.0" />
  <Point X="93.0" Y="119.0" />
  <Point X="93.0" Y="118.2473257806991" />
  <Point X="93.0" Y="118.0" />
  <Point X="93.0" Y="117.0" />
  <Point X="94.0" Y="117.0" />
  <Point X="94.0" Y="116.0" />
  <Point X="94.0" Y="115.0" />
  <Point X="94.0" Y="114.2992786386207" />
  <Point X="94.0" Y="114.0" />
  <Point X="95.0" Y="114.0" />
  <Point X="95.0" Y="113.0" />
  <Point X="96.0" Y="113.0" />
  <Point X="96.0" Y="112.0" />
  <Point X="96.0" Y="111.35123149654231" />
  <Point X="96.0" Y="111.0" />
  <Point X="96.0" Y="110.0" />
  <Point X="97.0" Y="110.0" />
  <Point X="97.0" Y="109.0" />
  <Point X="98.0" Y="108.0" />
  <Point X="98.0" Y="107.81739791683701" />
  <Point X="98.0" Y="107.0" />
  <Point X="98.0" Y="106.0" />
  <Point X="99.0" Y="106.0" />
  <Point X="100.0" Y="106.0" />
  <Point X="100.0" Y="105.0" />
  <Point X="100.0" Y="104.86935077475862" />
  <Point X="100.0" Y="104.0" />
  <Point X="101.0" Y="104.0" />
  <Point X="101.0" Y="103.0" />
  <Point X="101.0" Y="102.0" />
  <Point X="102.0" Y="102.0" />
  <Point X="102.0" Y="102.07869636731978" />
  <Point X="102.0" Y="103.0" />
  <Point X="103.0" Y="103.0" />
  <Point X="103.0" Y="104.0" />
  <Point X="103.0" Y="105.0" />
  <Point X="104.0" Y="105.0" />
  <Point X="104.0" Y="105.02674350939817" />
  <Point X="104.0" Y="106.0" />
  <Point X="104.0" Y="107.0" />
  <Point X="105.0" Y="107.0" />
  <Point X="105.0" Y="108.0" />
  <Point X="105.0" Y="108.97479065147657" />
  <Point X="105.0" Y="109.0" />
  <Point X="105.0" Y="110.0" />
  <Point X="105.0" Y="111.0" />
  <Point X="105.0" Y="112.0" />
  <Point X="106.0" Y="112.0" />
  <Point X="106.0" Y="112.92283779355496" />
  <Point X="106.0" Y="113.0" />
  <Point X="106.0" Y="114.0" />
  <Point X="106.0" Y="115.0" />
  <Point X="106.0" Y="116.0" />
  <Point X="106.0" Y="117.0" />
  <Point X="106.0" Y="117.87088493563336" />
  <Point X="106.0" Y="118.0" />
  <Point X="106.0" Y="119.0" />
  <Point X="106.0" Y="120.0" />
  <Point X="106.0" Y="121.0" />
  <Point X="106.0" Y="122.0" />
  <Point X="106.57907242548117" Y="122.57907242548117" />
  <Point X="107.0" Y="123.0" />
  <Point X="107.0" Y="124.0" />
  <Point X="107.0" Y="125.0" />
  <Point X="107.0" Y="126.0" />
  <Point X="107.95654976971588" Y="126.95654976971588" />
  <Point X="108.0" Y="127.0" />
  <Point X="108.0" Y="128.0" />
  <Point X="108.0" Y="129.0" />
  <Point X="108.0" Y="130.0" />
  <Point X="108.0" Y="131.0" />
  <Point X="108.0" Y="131.88659923712234" />
  <Point X="108.0" Y="132.0" />
  <Point X="109.0" Y="132.0" />
  <Point X="109.0" Y="133.0" />
  <Point X="109.0" Y="134.0" />
  <Point X="109.0" Y="135.0" />
  <Point X="109.0" Y="135.83464637920073" />
  <Point X="109.0" Y="136.0" />
  <Point X="110.0" Y="136.0" />
  <Point X="110.0" Y="137.0" />
  <Point X="110.0" Y="138.0" />
  <Point X="111.0" Y="138.0" />
  <Point X="111.78269352127913" Y="138.0" />
  <Point X="112.0" Y="138.0" />
  <Point X="112.0" Y="139.0" />
  <Point X="112.0" Y="140.0" />
  <Point X="113.0" Y="140.0" />
  <Point X="113.0" Y="141.0" />
  <Point X="113.73074066335752" Y="141.0" />
  <Point X="114.0" Y="141.0" />
  <Point X="114.0" Y="140.0" />
  <Point X="115.0" Y="139.0" />
  <Point X="115.0" Y="138.0" />
  <Point X="116.0" Y="138.0" />
  <Point X="116.0" Y="137.7354257569372" />
  <Point X="116.0" Y="137.0" />
  <Point X="117.0" Y="137.0" />
  <Point X="117.0" Y="136.0" />
  <Point X="117.0" Y="135.0" />
  <Point X="118.0" Y="135.0" />
  <Point X="118.0" Y="134.7873786148588" />
  <Point X="118.0" Y="134.0" />
  <Point X="119.0" Y="134.0" />
  <Point X="119.0" Y="133.0" />
  <Point X="119.0" Y="132.0" />
  <Point X="119.82071658630679" Y="131.1792834136932" />
  <Point X="120.0" Y="131.0" />
  <Point X="121.0" Y="131.0" />
  <Point X="121.0" Y="130.0" />
  <Point X="121.0" Y="129.0" />
  <Point X="122.0" Y="129.0" />
  <Point X="122.0" Y="128.30549789307508" />
  <Point X="122.0" Y="128.0" />
  <Point X="122.0" Y="127.0" />
  <Point X="123.0" Y="127.0" />
  <Point X="123.0" Y="126.0" />
  <Point X="123.0" Y="125.0" />
  <Point X="123.64254924900331" Y="125.0" />
  <Point X="124.0" Y="125.0" />
  <Point X="124.0" Y="124.0" />
  <Point X="124.0" Y="123.0" />
  <Point X="125.0" Y="123.0" />
  <Point X="125.0" Y="122.0" />
  <Point X="125.41761471307818" Y="121.58238528692182" />
  <Point X="126.0" Y="121.0" />
  <Point X="126.0" Y="120.0" />
  <Point X="126.0" Y="119.0" />
  <Point X="127.0" Y="119.0" />
  <Point X="127.0" Y="118.0" />
  <Point X="127.124429970787" Y="118.0" />
  <Point X="128.0" Y="118.0" />
  <Point X="128.0" Y="117.0" />
  <Point X="129.0" Y="117.0" />
  <Point X="129.0" Y="116.0" />
  <Point X="129.0" Y="115.0" />
  <Point X="129.07247711286539" Y="115.0" />
  <Point X="130.0" Y="115.0" />
  <Point X="130.0" Y="114.0" />
  <Point X="131.0" Y="114.0" />
  <Point X="131.0" Y="113.0" />
  <Point X="131.0" Y="112.0" />
  <Point X="131.02052425494378" Y="112.0" />
  <Point X="132.0" Y="112.0" />
  <Point X="132.0" Y="111.0" />
  <Point X="133.0" Y="111.0" />
  <Point X="133.0" Y="110.0" />
  <Point X="133.96857139702217" Y="110.0" />
  <Point X="134.0" Y="110.0" />
  <Point X="134.0" Y="109.0" />
  <Point X="135.0" Y="109.0" />
  <Point X="136.0" Y="109.0" />
  <Point X="136.0" Y="108.0" />
  <Point X="136.64814718475932" Y="107.35185281524068" />
  <Point X="137.0" Y="107.0" />
  <Point X="138.0" Y="107.0" />
  <Point X="138.0" Y="106.0" />
  <Point X="139.0" Y="105.0" />
  <Point X="140.0" Y="105.0" />
  <Point X="140.02562452899403" Y="104.97437547100597" />
  <Point X="141.0" Y="104.0" />
  <Point X="142.0" Y="104.0" />
  <Point X="142.0" Y="103.0" />
  <Point X="143.0" Y="103.0" />
  <Point X="143.0" Y="102.42992786386192" />
  <Point X="143.0" Y="102.0" />
  <Point X="144.0" Y="102.0" />
  <Point X="145.0" Y="101.0" />
  <Point X="146.0" Y="101.0" />
  <Point X="147.0" Y="101.0" />
  <Point X="147.0" Y="100.89609428415662" />
  <Point X="147.0" Y="100.0" />
  <Point X="148.0" Y="100.0" />
  <Point X="149.0" Y="100.0" />
  <Point X="150.0" Y="100.0" />
  <Point X="150.0" Y="99.0" />
  <Point X="150.05195285792178" Y="99.0" />
  <Point X="151.0" Y="99.0" />
  <Point X="152.0" Y="99.0" />
  <Point X="152.0" Y="98.0" />
  <Point X="153.0" Y="98.0" />
  <Point X="154.0" Y="98.0" />
</Project_1_Part_4>
