<?xml version="1.0" encoding="utf-8" standalone="yes"?>
<Gesture Name="question_mark10" Subject="1" Number="1" NumPts="397">
  <Point X="214.0" Y="15.0" />
  <Point X="213.0" Y="15.0" />
  <Point X="213.0" Y="14.0" />
  <Point X="207.02235094985716" Y="18.35605276526367" />
  <Point X="199.42834582752022" Y="23.889982029945372" />
  <Point X="191.83434070518328" Y="29.423911294627075" />
  <Point X="184.24033558284634" Y="34.95784055930878" />
  <Point X="176.6463304605094" Y="40.49176982399048" />
  <Point X="169.05232533817247" Y="46.025699088672184" />
  <Point X="161.45832021583553" Y="51.55962835335389" />
  <Point X="153.8643150934986" Y="57.09355761803559" />
  <Point X="146.27030997116165" Y="62.62748688271729" />
  <Point X="138.6763048488247" Y="68.161416147399" />
  <Point X="131.08229972648778" Y="73.6953454120807" />
  <Point X="123.48829460415084" Y="79.2292746767624" />
  <Point X="115.8942894818139" Y="84.7632039414441" />
  <Point X="108.30028435947696" Y="90.2971332061258" />
  <Point X="100.70627923714002" Y="95.83106247080751" />
  <Point X="93.11227411480309" Y="101.36499173548921" />
  <Point X="85.51826899246615" Y="106.89892100017092" />
  <Point X="77.92426387012921" Y="112.43285026485262" />
  <Point X="70.33025874779227" Y="117.96677952953432" />
  <Point X="62.73625362545533" Y="123.50070879421602" />
  <Point X="55.142248503118395" Y="129.03463805889774" />
  <Point X="47.54824338078146" Y="134.56856732357946" />
  <Point X="39.95423825844452" Y="140.10249658826118" />
  <Point X="32.36023313610758" Y="145.6364258529429" />
  <Point X="25.0" Y="151.0" />
  <Point X="25.0" Y="150.71074197047184" />
  <Point X="25.0" Y="150.0" />
  <Point X="26.0" Y="150.0" />
  <Point X="27.0" Y="150.0" />
  <Point X="27.0" Y="149.0" />
  <Point X="28.0" Y="149.0" />
  <Point X="28.0" Y="148.0" />
  <Point X="29.0" Y="148.0" />
  <Point X="29.0" Y="147.0" />
  <Point X="30.0" Y="147.0" />
  <Point X="30.685708790564487" Y="147.0" />
  <Point X="31.0" Y="147.0" />
  <Point X="31.0" Y="146.0" />
  <Point X="32.0" Y="146.0" />
  <Point X="33.0" Y="145.0" />
  <Point X="33.0" Y="144.0" />
  <Point X="34.0" Y="144.0" />
  <Point X="34.0" Y="143.0" />
  <Point X="35.0" Y="143.0" />
  <Point X="36.0" Y="143.0" />
  <Point X="36.0" Y="142.33205401077228" />
  <Point X="36.0" Y="142.0" />
  <Point X="37.0" Y="142.0" />
  <Point X="38.0" Y="141.0" />
  <Point X="38.0" Y="140.0" />
  <Point X="39.0" Y="140.0" />
  <Point X="40.0" Y="139.0" />
  <Point X="41.0" Y="139.0" />
  <Point X="41.0" Y="138.0" />
  <Point X="42.0" Y="138.0" />
  <Point X="42.16685572235773" Y="137.83314427764228" />
  <Point X="43.0" Y="137.0" />
  <Point X="43.0" Y="136.0" />
  <Point X="44.0" Y="136.0" />
  <Point X="45.0" Y="135.0" />
  <Point X="46.0" Y="135.0" />
  <Point X="46.0" Y="134.0" />
  <Point X="47.0" Y="134.0" />
  <Point X="47.0" Y="133.0" />
  <Point X="47.568509087452725" Y="132.43149091254728" />
  <Point X="48.0" Y="132.0" />
  <Point X="49.0" Y="132.0" />
  <Point X="49.0" Y="131.0" />
  <Point X="50.0" Y="131.0" />
  <Point X="50.0" Y="130.0" />
  <Point X="51.0" Y="130.0" />
  <Point X="52.0" Y="129.0" />
  <Point X="52.0" Y="128.0" />
  <Point X="53.0" Y="128.0" />
  <Point X="53.0" Y="127.62798310190186" />
  <Point X="53.0" Y="127.0" />
  <Point X="54.0" Y="127.0" />
  <Point X="55.0" Y="126.0" />
  <Point X="55.0" Y="125.0" />
  <Point X="56.0" Y="124.0" />
  <Point X="57.0" Y="123.0" />
  <Point X="58.0" Y="122.0" />
  <Point X="59.0" Y="122.0" />
  <Point X="59.0" Y="121.88838659035791" />
  <Point X="59.0" Y="121.0" />
  <Point X="60.0" Y="120.0" />
  <Point X="61.0" Y="119.0" />
  <Point X="62.0" Y="117.0" />
  <Point X="63.0" Y="116.0" />
  <Point X="64.0" Y="115.0" />
  <Point X="64.0" Y="114.38485805631375" />
  <Point X="64.0" Y="114.0" />
  <Point X="65.0" Y="114.0" />
  <Point X="65.0" Y="113.0" />
  <Point X="66.0" Y="112.0" />
  <Point X="67.0" Y="112.0" />
  <Point X="67.0" Y="111.0" />
  <Point X="68.0" Y="110.0" />
  <Point X="69.0" Y="109.0" />
  <Point X="69.0" Y="108.2310479823967" />
  <Point X="69.0" Y="108.0" />
  <Point X="70.0" Y="108.0" />
  <Point X="71.0" Y="107.0" />
  <Point X="72.0" Y="106.0" />
  <Point X="72.0" Y="105.0" />
  <Point X="72.0" Y="104.0" />
  <Point X="73.0" Y="104.0" />
  <Point X="74.0" Y="104.0" />
  <Point X="74.0" Y="103.0" />
  <Point X="74.33697565389343" Y="103.0" />
  <Point X="75.0" Y="103.0" />
  <Point X="75.0" Y="102.0" />
  <Point X="76.0" Y="102.0" />
  <Point X="76.0" Y="103.0" />
  <Point X="76.0" Y="104.0" />
  <Point X="77.0" Y="105.0" />
  <Point X="77.0" Y="106.0" />
  <Point X="77.0" Y="107.0" />
  <Point X="77.0" Y="108.0" />
  <Point X="77.0" Y="108.31921285255666" />
  <Point X="77.0" Y="109.0" />
  <Point X="77.0" Y="110.0" />
  <Point X="77.0" Y="111.0" />
  <Point X="77.0" Y="113.0" />
  <Point X="77.0" Y="114.0" />
  <Point X="77.0" Y="115.0" />
  <Point X="78.0" Y="116.0" />
  <Point X="78.0" Y="117.0" />
  <Point X="78.0" Y="117.30145005121989" />
  <Point X="78.0" Y="118.0" />
  <Point X="78.0" Y="119.0" />
  <Point X="79.0" Y="120.0" />
  <Point X="79.0" Y="121.0" />
  <Point X="79.0" Y="122.0" />
  <Point X="79.0" Y="123.0" />
  <Point X="79.0" Y="124.0" />
  <Point X="79.0" Y="125.0" />
  <Point X="79.0" Y="126.0" />
  <Point X="79.0" Y="126.28368724988312" />
  <Point X="79.0" Y="127.0" />
  <Point X="79.0" Y="128.0" />
  <Point X="79.0" Y="129.0" />
  <Point X="79.0" Y="130.0" />
  <Point X="79.0" Y="131.0" />
  <Point X="79.0" Y="132.0" />
  <Point X="79.0" Y="134.0" />
  <Point X="79.0" Y="135.0" />
  <Point X="79.0" Y="135.68013801091945" />
  <Point X="79.0" Y="136.0" />
  <Point X="79.0" Y="137.0" />
  <Point X="79.0" Y="138.0" />
  <Point X="79.0" Y="139.0" />
  <Point X="79.0" Y="140.0" />
  <Point X="79.0" Y="141.0" />
  <Point X="79.0" Y="142.0" />
  <Point X="79.0" Y="143.0" />
  <Point X="79.0" Y="144.0" />
  <Point X="79.0" Y="145.0" />
  <Point X="79.0" Y="145.07658877195578" />
  <Point X="79.0" Y="146.0" />
  <Point X="79.0" Y="147.0" />
  <Point X="79.0" Y="148.0" />
  <Point X="79.0" Y="149.0" />
  <Point X="79.0" Y="150.0" />
  <Point X="79.0" Y="151.0" />
  <Point X="79.0" Y="152.0" />
  <Point X="79.0" Y="153.0" />
  <Point X="79.0" Y="154.0" />
  <Point X="79.47303953299212" Y="154.0" />
  <Point X="80.0" Y="154.0" />
  <Point X="80.0" Y="153.0" />
  <Point X="80.0" Y="152.0" />
  <Point X="80.0" Y="151.0" />
  <Point X="81.0" Y="151.0" />
  <Point X="81.0" Y="150.0" />
  <Point X="81.0" Y="149.0" />
  <Point X="81.0" Y="148.0" />
  <Point X="81.0" Y="147.0" />
  <Point X="81.6148224830834" Y="146.3851775169166" />
  <Point X="82.0" Y="146.0" />
  <Point X="82.0" Y="145.0" />
  <Point X="83.0" Y="144.0" />
  <Point X="83.0" Y="143.0" />
  <Point X="83.0" Y="142.0" />
  <Point X="83.0" Y="141.0" />
  <Point X="84.0" Y="140.0" />
  <Point X="84.0" Y="139.0" />
  <Point X="84.0" Y="138.0" />
  <Point X="84.01042024132538" Y="137.97915951734925" />
  <Point X="85.0" Y="136.0" />
  <Point X="85.0" Y="135.0" />
  <Point X="85.0" Y="134.0" />
  <Point X="86.0" Y="133.0" />
  <Point X="87.0" Y="133.0" />
  <Point X="87.0" Y="132.0" />
  <Point X="87.0" Y="131.0" />
  <Point X="87.0" Y="130.23053041089105" />
  <Point X="87.0" Y="130.0" />
  <Point X="88.0" Y="129.0" />
  <Point X="88.0" Y="128.0" />
  <Point X="89.0" Y="128.0" />
  <Point X="89.0" Y="127.0" />
  <Point X="90.0" Y="126.0" />
  <Point X="90.0" Y="125.0" />
  <Point X="90.0" Y="124.0" />
  <Point X="91.0" Y="124.0" />
  <Point X="91.0" Y="123.66250677460091" />
  <Point X="91.0" Y="123.0" />
  <Point X="91.0" Y="122.0" />
  <Point X="92.0" Y="122.0" />
  <Point X="92.0" Y="121.0" />
  <Point X="92.0" Y="120.0" />
  <Point X="93.0" Y="119.0" />
  <Point X="94.0" Y="118.0" />
  <Point X="94.0" Y="117.0" />
  <Point X="94.64029711337922" Y="116.35970288662078" />
  <Point X="95.0" Y="116.0" />
  <Point X="95.0" Y="115.0" />
  <Point X="96.0" Y="115.0" />
  <Point X="96.0" Y="114.0" />
  <Point X="96.0" Y="113.0" />
  <Point X="97.0" Y="113.0" />
  <Point X="97.0" Y="112.0" />
  <Point X="98.0" Y="111.0" />
  <Point X="99.0" Y="111.0" />
  <Point X="99.0" Y="110.52645950202063" />
  <Point X="99.0" Y="110.0" />
  <Point X="99.0" Y="109.0" />
  <Point X="100.0" Y="109.0" />
  <Point X="100.0" Y="108.0" />
  <Point X="100.0" Y="107.0" />
  <Point X="100.0" Y="106.0" />
  <Point X="101.0" Y="106.0" />
  <Point X="102.0" Y="106.0" />
  <Point X="102.0" Y="104.1300087409843" />
  <Point X="102.0" Y="104.0" />
  <Point X="103.0" Y="104.0" />
  <Point X="103.0" Y="103.0" />
  <Point X="103.0" Y="102.0" />
  <Point X="104.0" Y="102.0" />
  <Point X="105.0" Y="101.0" />
  <Point X="105.0" Y="100.0" />
  <Point X="106.0" Y="99.0" />
  <Point X="106.0" Y="98.0" />
  <Point X="106.43801489530584" Y="98.0" />
  <Point X="107.0" Y="98.0" />
  <Point X="107.0" Y="97.0" />
  <Point X="107.0" Y="96.0" />
  <Point X="108.0" Y="96.0" />
  <Point X="109.0" Y="96.0" />
  <Point X="109.0" Y="95.0" />
  <Point X="110.0" Y="94.0" />
  <Point X="111.0" Y="95.0" />
  <Point X="111.0" Y="96.0" />
  <Point X="111.0" Y="96.00603853159598" />
  <Point X="111.0" Y="97.0" />
  <Point X="111.0" Y="98.0" />
  <Point X="112.0" Y="98.0" />
  <Point X="112.0" Y="99.0" />
  <Point X="112.0" Y="100.0" />
  <Point X="112.0" Y="101.0" />
  <Point X="112.0" Y="102.0" />
  <Point X="112.0" Y="103.0" />
  <Point X="112.99170968936183" Y="103.99170968936183" />
  <Point X="113.0" Y="104.0" />
  <Point X="113.0" Y="105.0" />
  <Point X="113.0" Y="106.0" />
  <Point X="114.0" Y="106.0" />
  <Point X="114.0" Y="107.0" />
  <Point X="114.0" Y="108.0" />
  <Point X="114.0" Y="109.0" />
  <Point X="114.0" Y="110.0" />
  <Point X="114.0" Y="111.0" />
  <Point X="114.0" Y="112.0" />
  <Point X="114.0" Y="112.38472649129554" />
  <Point X="114.0" Y="113.0" />
  <Point X="114.0" Y="114.0" />
  <Point X="115.0" Y="115.0" />
  <Point X="115.0" Y="116.0" />
  <Point X="115.0" Y="117.0" />
  <Point X="115.0" Y="118.0" />
  <Point X="115.0" Y="119.0" />
  <Point X="115.0" Y="120.0" />
  <Point X="115.0" Y="121.0" />
  <Point X="115.0" Y="121.36696368995877" />
  <Point X="115.0" Y="122.0" />
  <Point X="115.0" Y="123.0" />
  <Point X="115.0" Y="124.0" />
  <Point X="115.0" Y="125.0" />
  <Point X="115.0" Y="126.0" />
  <Point X="115.0" Y="127.0" />
  <Point X="115.0" Y="128.0" />
  <Point X="115.0" Y="129.0" />
  <Point X="115.0" Y="130.0" />
  <Point X="115.0" Y="130.7634144509951" />
  <Point X="115.0" Y="131.0" />
  <Point X="115.0" Y="132.0" />
  <Point X="115.0" Y="133.0" />
  <Point X="115.0" Y="134.0" />
  <Point X="115.0" Y="135.0" />
  <Point X="116.0" Y="135.0" />
  <Point X="117.0" Y="135.0" />
  <Point X="118.0" Y="135.0" />
  <Point X="118.0" Y="134.0" />
  <Point X="118.8201485566898" Y="133.1798514433102" />
  <Point X="119.0" Y="133.0" />
  <Point X="119.0" Y="132.0" />
  <Point X="119.0" Y="131.0" />
  <Point X="120.0" Y="131.0" />
  <Point X="120.0" Y="130.0" />
  <Point X="121.0" Y="130.0" />
  <Point X="121.0" Y="129.0" />
  <Point X="121.0" Y="128.0" />
  <Point X="121.0" Y="127.0" />
  <Point X="122.0" Y="127.0" />
  <Point X="122.0" Y="126.85789758930534" />
  <Point X="122.0" Y="126.0" />
  <Point X="122.0" Y="125.0" />
  <Point X="123.0" Y="124.0" />
  <Point X="123.0" Y="123.0" />
  <Point X="124.0" Y="122.0" />
  <Point X="124.0" Y="121.0" />
  <Point X="124.0" Y="120.0" />
  <Point X="125.0" Y="120.0" />
  <Point X="125.0" Y="119.2898739530152" />
  <Point X="125.0" Y="119.0" />
  <Point X="126.0" Y="119.0" />
  <Point X="126.0" Y="118.0" />
  <Point X="126.0" Y="117.0" />
  <Point X="127.0" Y="116.0" />
  <Point X="127.0" Y="115.0" />
  <Point X="128.0" Y="114.0" />
  <Point X="128.0" Y="113.0" />
  <Point X="128.0" Y="112.0" />
  <Point X="128.27814968327493" Y="112.0" />
  <Point X="129.0" Y="112.0" />
  <Point X="129.0" Y="111.0" />
  <Point X="130.0" Y="111.0" />
  <Point X="130.0" Y="110.0" />
  <Point X="130.0" Y="109.0" />
  <Point X="131.0" Y="109.0" />
  <Point X="131.0" Y="108.0" />
  <Point X="131.0" Y="107.0" />
  <Point X="131.0" Y="106.0" />
  <Point X="131.67460044431127" Y="106.0" />
  <Point X="132.0" Y="106.0" />
  <Point X="132.0" Y="105.0" />
  <Point X="132.0" Y="104.0" />
  <Point X="133.0" Y="103.0" />
  <Point X="134.0" Y="102.0" />
  <Point X="135.0" Y="101.0" />
  <Point X="135.0" Y="100.0" />
  <Point X="135.0" Y="99.0" />
  <Point X="135.8284105182283" Y="99.0" />
  <Point X="136.0" Y="99.0" />
  <Point X="136.0" Y="98.0" />
  <Point X="136.0" Y="97.0" />
  <Point X="137.0" Y="97.0" />
  <Point X="138.0" Y="97.0" />
  <Point X="138.0" Y="95.0" />
  <Point X="138.0" Y="94.0" />
  <Point X="139.0" Y="94.0" />
  <Point X="139.0" Y="93.0" />
  <Point X="139.0" Y="92.77513872073536" />
  <Point X="139.0" Y="92.0" />
  <Point X="140.0" Y="91.0" />
  <Point X="140.0" Y="90.0" />
  <Point X="141.0" Y="90.0" />
  <Point X="141.0" Y="89.0" />
  <Point X="142.0" Y="89.0" />
  <Point X="142.0" Y="88.0" />
  <Point X="142.0" Y="87.0" />
  <Point X="142.0" Y="86.0" />
  <Point X="142.20709847792787" Y="86.0" />
  <Point X="143.0" Y="86.0" />
  <Point X="143.0" Y="85.0" />
  <Point X="144.0" Y="85.0" />
  <Point X="144.0" Y="84.0" />
  <Point X="144.0" Y="83.0" />
  <Point X="144.0" Y="82.0" />
  <Point X="145.0" Y="82.0" />
  <Point X="145.0" Y="81.0" />
  <Point X="146.0" Y="81.0" />
  <Point X="146.0" Y="80.3964507610358" />
  <Point X="146.0" Y="80.0" />
  <Point X="146.0" Y="79.0" />
  <Point X="146.0" Y="78.0" />
  <Point X="147.0" Y="78.0" />
  <Point X="147.0" Y="77.0" />
  <Point X="147.0" Y="76.0" />
  <Point X="148.0" Y="76.0" />
  <Point X="148.0" Y="75.0" />
  <Point X="148.0" Y="74.0" />
  <Point X="149.0" Y="74.0" />
</Project_1_Part_4>
