<?xml version="1.0" encoding="utf-8" standalone="yes"?>
<Gesture Name="question_mark9" Subject="1" Number="1" NumPts="366">
  <Point X="223.0" Y="13.0" />
  <Point X="222.0" Y="13.0" />
  <Point X="221.0" Y="13.0" />
  <Point X="220.0" Y="13.0" />
  <Point X="215.90055023639172" Y="16.593344854520836" />
  <Point X="209.54509658864356" Y="22.1641745951396" />
  <Point X="203.1896429408954" Y="27.73500433575836" />
  <Point X="196.83418929314723" Y="33.305834076377124" />
  <Point X="190.47873564539907" Y="38.87666381699589" />
  <Point X="184.1232819976509" Y="44.44749355761465" />
  <Point X="177.76782834990274" Y="50.01832329823341" />
  <Point X="171.41237470215458" Y="55.589153038852174" />
  <Point X="165.05692105440642" Y="61.15998277947094" />
  <Point X="158.70146740665825" Y="66.7308125200897" />
  <Point X="152.3460137589101" Y="72.30164226070846" />
  <Point X="145.99056011116193" Y="77.87247200132722" />
  <Point X="139.63510646341376" Y="83.44330174194599" />
  <Point X="133.2796528156656" Y="89.01413148256475" />
  <Point X="126.92419916791744" Y="94.58496122318351" />
  <Point X="120.56874552016927" Y="100.15579096380227" />
  <Point X="114.21329187242111" Y="105.72662070442104" />
  <Point X="107.85783822467295" Y="111.2974504450398" />
  <Point X="101.50238457692478" Y="116.86828018565856" />
  <Point X="95.1469309291766" Y="122.43910992627733" />
  <Point X="88.79147728142844" Y="128.0099396668961" />
  <Point X="82.43602363368026" Y="133.58076940751485" />
  <Point X="76.08056998593209" Y="139.1515991481336" />
  <Point X="69.72511633818392" Y="144.72242888875238" />
  <Point X="63.36966269043575" Y="150.29325862937114" />
  <Point X="58.0" Y="155.0" />
  <Point X="58.0" Y="154.0" />
  <Point X="58.0" Y="153.68911002648173" />
  <Point X="58.0" Y="153.0" />
  <Point X="58.0" Y="152.0" />
  <Point X="58.0" Y="151.0" />
  <Point X="58.0" Y="150.0" />
  <Point X="58.0" Y="149.0" />
  <Point X="58.0" Y="148.0" />
  <Point X="58.0" Y="147.0" />
  <Point X="58.0" Y="146.0" />
  <Point X="58.0" Y="145.23772344985196" />
  <Point X="58.0" Y="145.0" />
  <Point X="57.0" Y="145.0" />
  <Point X="57.0" Y="144.0" />
  <Point X="57.0" Y="143.0" />
  <Point X="57.0" Y="142.0" />
  <Point X="57.0" Y="141.0" />
  <Point X="57.0" Y="140.0" />
  <Point X="57.0" Y="139.0" />
  <Point X="57.0" Y="138.0" />
  <Point X="57.0" Y="137.78633687322218" />
  <Point X="57.0" Y="137.0" />
  <Point X="57.0" Y="136.0" />
  <Point X="57.0" Y="135.0" />
  <Point X="57.0" Y="134.0" />
  <Point X="57.0" Y="133.0" />
  <Point X="57.0" Y="132.0" />
  <Point X="57.0" Y="131.0" />
  <Point X="57.0" Y="130.0" />
  <Point X="57.0" Y="129.3349502965924" />
  <Point X="57.0" Y="129.0" />
  <Point X="57.0" Y="128.0" />
  <Point X="57.0" Y="127.0" />
  <Point X="57.0" Y="126.0" />
  <Point X="57.0" Y="125.0" />
  <Point X="57.0" Y="124.0" />
  <Point X="57.0" Y="123.0" />
  <Point X="57.0" Y="122.0" />
  <Point X="57.0" Y="121.0" />
  <Point X="57.0" Y="120.88356371996264" />
  <Point X="57.0" Y="120.0" />
  <Point X="57.0" Y="119.0" />
  <Point X="57.0" Y="118.0" />
  <Point X="58.0" Y="117.0" />
  <Point X="58.0" Y="116.0" />
  <Point X="58.0" Y="115.0" />
  <Point X="58.0" Y="114.0" />
  <Point X="58.0" Y="113.0" />
  <Point X="58.15360929429404" Y="113.0" />
  <Point X="59.0" Y="113.0" />
  <Point X="59.0" Y="112.0" />
  <Point X="59.0" Y="111.0" />
  <Point X="59.0" Y="110.0" />
  <Point X="59.0" Y="109.0" />
  <Point X="60.0" Y="109.0" />
  <Point X="60.0" Y="108.0" />
  <Point X="61.0" Y="108.0" />
  <Point X="61.60499587092382" Y="108.0" />
  <Point X="62.0" Y="108.0" />
  <Point X="62.0" Y="109.0" />
  <Point X="62.0" Y="110.0" />
  <Point X="63.0" Y="110.0" />
  <Point X="63.0" Y="111.0" />
  <Point X="63.0" Y="112.0" />
  <Point X="64.0" Y="112.0" />
  <Point X="64.0" Y="113.0" />
  <Point X="64.0" Y="114.0" />
  <Point X="64.03986841100505" Y="114.03986841100505" />
  <Point X="65.0" Y="115.0" />
  <Point X="66.0" Y="116.0" />
  <Point X="66.0" Y="117.0" />
  <Point X="67.0" Y="118.0" />
  <Point X="67.0" Y="119.0" />
  <Point X="67.0" Y="120.0" />
  <Point X="68.0" Y="120.0" />
  <Point X="68.0" Y="120.2651283370641" />
  <Point X="68.0" Y="121.0" />
  <Point X="68.0" Y="122.0" />
  <Point X="68.0" Y="123.0" />
  <Point X="69.0" Y="124.0" />
  <Point X="69.0" Y="125.0" />
  <Point X="70.0" Y="125.0" />
  <Point X="70.0" Y="126.0" />
  <Point X="70.0" Y="127.0" />
  <Point X="70.0" Y="127.30230135132078" />
  <Point X="70.0" Y="128.0" />
  <Point X="71.0" Y="128.0" />
  <Point X="71.0" Y="129.0" />
  <Point X="71.0" Y="130.0" />
  <Point X="71.0" Y="131.0" />
  <Point X="71.0" Y="132.0" />
  <Point X="72.0" Y="132.0" />
  <Point X="72.0" Y="133.0" />
  <Point X="72.0" Y="133.75368792795055" />
  <Point X="72.0" Y="134.0" />
  <Point X="72.0" Y="135.0" />
  <Point X="72.0" Y="136.0" />
  <Point X="72.0" Y="137.0" />
  <Point X="73.0" Y="137.0" />
  <Point X="73.0" Y="138.0" />
  <Point X="74.0" Y="139.0" />
  <Point X="74.0" Y="140.0" />
  <Point X="74.0" Y="140.79086094220725" />
  <Point X="74.0" Y="141.0" />
  <Point X="74.0" Y="142.0" />
  <Point X="75.0" Y="143.0" />
  <Point X="75.0" Y="144.0" />
  <Point X="75.0" Y="145.0" />
  <Point X="75.0" Y="146.0" />
  <Point X="75.0" Y="147.0" />
  <Point X="75.0" Y="148.0" />
  <Point X="75.82803395646393" Y="148.0" />
  <Point X="76.0" Y="148.0" />
  <Point X="76.0" Y="149.0" />
  <Point X="76.0" Y="150.0" />
  <Point X="77.0" Y="151.0" />
  <Point X="77.0" Y="152.0" />
  <Point X="77.0" Y="153.0" />
  <Point X="78.0" Y="153.0" />
  <Point X="78.0" Y="154.0" />
  <Point X="78.0" Y="154.8652069707206" />
  <Point X="78.0" Y="155.0" />
  <Point X="79.0" Y="155.0" />
  <Point X="79.0" Y="156.0" />
  <Point X="79.0" Y="157.0" />
  <Point X="79.0" Y="156.0" />
  <Point X="79.0" Y="155.0" />
  <Point X="79.0" Y="154.0" />
  <Point X="79.0" Y="153.0" />
  <Point X="79.0" Y="152.0" />
  <Point X="79.0" Y="151.68340645264962" />
  <Point X="79.0" Y="151.0" />
  <Point X="79.0" Y="150.0" />
  <Point X="79.0" Y="149.0" />
  <Point X="79.0" Y="148.0" />
  <Point X="79.0" Y="147.0" />
  <Point X="79.0" Y="146.0" />
  <Point X="79.0" Y="145.0" />
  <Point X="79.0" Y="144.0" />
  <Point X="79.0" Y="143.23201987601985" />
  <Point X="79.0" Y="143.0" />
  <Point X="79.0" Y="142.0" />
  <Point X="79.0" Y="141.0" />
  <Point X="79.0" Y="140.0" />
  <Point X="79.0" Y="139.0" />
  <Point X="79.0" Y="138.0" />
  <Point X="79.0" Y="137.0" />
  <Point X="79.0" Y="136.0" />
  <Point X="80.0" Y="136.0" />
  <Point X="80.0" Y="135.78063329939008" />
  <Point X="80.0" Y="135.0" />
  <Point X="80.0" Y="134.0" />
  <Point X="80.0" Y="133.0" />
  <Point X="80.0" Y="132.0" />
  <Point X="81.0" Y="132.0" />
  <Point X="81.0" Y="131.0" />
  <Point X="81.0" Y="130.0" />
  <Point X="81.0" Y="129.0" />
  <Point X="81.6707532772397" Y="129.0" />
  <Point X="82.0" Y="129.0" />
  <Point X="82.0" Y="128.0" />
  <Point X="83.0" Y="127.0" />
  <Point X="83.0" Y="126.0" />
  <Point X="83.0" Y="125.0" />
  <Point X="84.0" Y="125.0" />
  <Point X="84.0" Y="124.0" />
  <Point X="84.0" Y="123.0" />
  <Point X="84.0" Y="122.29207370850362" />
  <Point X="84.0" Y="122.0" />
  <Point X="85.0" Y="122.0" />
  <Point X="85.0" Y="121.0" />
  <Point X="86.0" Y="120.0" />
  <Point X="86.0" Y="119.0" />
  <Point X="87.0" Y="118.0" />
  <Point X="87.0" Y="117.0" />
  <Point X="88.0" Y="117.0" />
  <Point X="88.0" Y="116.66911425662003" />
  <Point X="88.0" Y="116.0" />
  <Point X="89.0" Y="115.0" />
  <Point X="89.0" Y="114.0" />
  <Point X="90.0" Y="113.0" />
  <Point X="90.0" Y="112.0" />
  <Point X="91.0" Y="112.0" />
  <Point X="91.0" Y="111.0" />
  <Point X="91.0" Y="110.04615480473645" />
  <Point X="91.0" Y="110.0" />
  <Point X="92.0" Y="110.0" />
  <Point X="92.0" Y="109.0" />
  <Point X="92.0" Y="108.0" />
  <Point X="93.0" Y="108.0" />
  <Point X="93.0" Y="107.0" />
  <Point X="94.0" Y="106.0" />
  <Point X="95.0" Y="106.0" />
  <Point X="95.0" Y="105.00898179047977" />
  <Point X="95.0" Y="105.0" />
  <Point X="96.0" Y="105.0" />
  <Point X="96.0" Y="104.0" />
  <Point X="97.0" Y="104.0" />
  <Point X="97.0" Y="103.0" />
  <Point X="98.0" Y="103.0" />
  <Point X="99.0" Y="103.0" />
  <Point X="99.0" Y="104.0" />
  <Point X="99.0" Y="105.0" />
  <Point X="99.0" Y="105.44240478615001" />
  <Point X="99.0" Y="106.0" />
  <Point X="99.0" Y="107.0" />
  <Point X="99.0" Y="108.0" />
  <Point X="100.0" Y="108.0" />
  <Point X="100.0" Y="109.0" />
  <Point X="100.0" Y="110.0" />
  <Point X="100.0" Y="111.0" />
  <Point X="100.0" Y="112.0" />
  <Point X="100.0" Y="112.89379136277978" />
  <Point X="100.0" Y="113.0" />
  <Point X="100.0" Y="114.0" />
  <Point X="100.0" Y="115.0" />
  <Point X="100.0" Y="116.0" />
  <Point X="100.0" Y="117.0" />
  <Point X="101.0" Y="117.0" />
  <Point X="101.0" Y="118.0" />
  <Point X="101.0" Y="119.0" />
  <Point X="101.0" Y="120.0" />
  <Point X="101.0" Y="120.34517793940955" />
  <Point X="101.0" Y="121.0" />
  <Point X="101.0" Y="122.0" />
  <Point X="101.0" Y="123.0" />
  <Point X="101.0" Y="124.0" />
  <Point X="101.0" Y="125.0" />
  <Point X="101.0" Y="126.0" />
  <Point X="101.0" Y="127.0" />
  <Point X="101.0" Y="128.0" />
  <Point X="101.0" Y="128.79656451603933" />
  <Point X="101.0" Y="129.0" />
  <Point X="101.0" Y="130.0" />
  <Point X="101.0" Y="131.0" />
  <Point X="101.0" Y="132.0" />
  <Point X="101.0" Y="133.0" />
  <Point X="101.0" Y="134.0" />
  <Point X="101.0" Y="135.0" />
  <Point X="101.0" Y="136.0" />
  <Point X="101.0" Y="137.0" />
  <Point X="101.0" Y="137.2479510926691" />
  <Point X="101.0" Y="138.0" />
  <Point X="101.0" Y="139.0" />
  <Point X="101.0" Y="140.0" />
  <Point X="101.0" Y="141.0" />
  <Point X="101.0" Y="142.0" />
  <Point X="101.0" Y="143.0" />
  <Point X="101.0" Y="144.0" />
  <Point X="102.0" Y="144.0" />
  <Point X="102.0" Y="144.69933766929887" />
  <Point X="102.0" Y="145.0" />
  <Point X="102.0" Y="146.0" />
  <Point X="102.0" Y="147.0" />
  <Point X="103.0" Y="148.0" />
  <Point X="103.0" Y="149.0" />
  <Point X="102.0" Y="149.0" />
  <Point X="102.0" Y="148.0" />
  <Point X="102.0" Y="147.0" />
  <Point X="101.47920830124153" Y="146.47920830124153" />
  <Point X="101.0" Y="146.0" />
  <Point X="101.0" Y="145.0" />
  <Point X="101.0" Y="144.0" />
  <Point X="101.0" Y="143.0" />
  <Point X="101.0" Y="142.0" />
  <Point X="101.0" Y="141.0" />
  <Point X="101.0" Y="140.0" />
  <Point X="101.0" Y="139.0" />
  <Point X="101.0" Y="138.22631630218777" />
  <Point X="101.0" Y="138.0" />
  <Point X="102.0" Y="137.0" />
  <Point X="103.0" Y="136.0" />
  <Point X="103.0" Y="135.0" />
  <Point X="103.0" Y="134.0" />
  <Point X="103.0" Y="133.0" />
  <Point X="104.0" Y="132.0" />
  <Point X="104.0" Y="131.0175704126773" />
  <Point X="104.0" Y="131.0" />
  <Point X="104.0" Y="130.0" />
  <Point X="105.0" Y="129.0" />
  <Point X="105.0" Y="128.0" />
  <Point X="105.0" Y="127.0" />
  <Point X="106.0" Y="127.0" />
  <Point X="106.0" Y="126.0" />
  <Point X="107.0" Y="125.0" />
  <Point X="107.0" Y="124.3946109607937" />
  <Point X="107.0" Y="124.0" />
  <Point X="107.0" Y="123.0" />
  <Point X="108.0" Y="123.0" />
  <Point X="108.0" Y="121.0" />
  <Point X="108.0" Y="120.0" />
  <Point X="109.0" Y="120.0" />
  <Point X="110.0" Y="119.0" />
  <Point X="110.0" Y="118.35743794653702" />
  <Point X="110.0" Y="117.0" />
  <Point X="111.0" Y="117.0" />
  <Point X="111.0" Y="116.0" />
  <Point X="112.0" Y="115.0" />
  <Point X="112.0" Y="114.0" />
  <Point X="112.0" Y="113.0" />
  <Point X="113.0" Y="113.0" />
  <Point X="113.48064527579487" Y="112.51935472420513" />
  <Point X="114.0" Y="112.0" />
  <Point X="114.0" Y="110.0" />
  <Point X="115.0" Y="110.0" />
  <Point X="115.0" Y="109.0" />
  <Point X="116.0" Y="108.0" />
  <Point X="116.0" Y="107.0" />
  <Point X="116.92114412862601" Y="106.07885587137399" />
  <Point X="117.0" Y="106.0" />
  <Point X="118.0" Y="105.0" />
  <Point X="118.0" Y="104.0" />
  <Point X="119.0" Y="104.0" />
  <Point X="119.0" Y="103.0" />
  <Point X="119.0" Y="102.0" />
  <Point X="120.0" Y="102.0" />
  <Point X="120.0" Y="101.0" />
  <Point X="120.92565397148684" Y="101.0" />
  <Point X="121.0" Y="101.0" />
  <Point X="121.0" Y="100.0" />
  <Point X="122.0" Y="100.0" />
  <Point X="122.0" Y="99.0" />
  <Point X="123.0" Y="98.0" />
  <Point X="123.0" Y="97.0" />
  <Point X="124.0" Y="97.0" />
  <Point X="124.0" Y="96.0" />
  <Point X="124.96282698574352" Y="96.0" />
  <Point X="125.0" Y="96.0" />
  <Point X="126.0" Y="95.0" />
  <Point X="126.0" Y="94.0" />
  <Point X="127.0" Y="94.0" />
  <Point X="127.0" Y="93.0" />
  <Point X="127.0" Y="92.0" />
  <Point X="128.0" Y="92.0" />
  <Point X="128.0" Y="91.0" />
  <Point X="128.0" Y="90.0" />
</Project_1_Part_4>
