<?xml version="1.0" encoding="utf-8" standalone="yes"?>
<Gesture Name="question_mark4" Subject="1" Number="1" NumPts="413">
  <Point X="47.0" Y="149.0" />
  <Point X="48.0" Y="149.0" />
  <Point X="48.0" Y="148.0" />
  <Point X="49.0" Y="148.0" />
  <Point X="49.0" Y="147.0" />
  <Point X="50.0" Y="147.0" />
  <Point X="50.0" Y="146.02761183182318" />
  <Point X="50.0" Y="146.0" />
  <Point X="51.0" Y="146.0" />
  <Point X="52.0" Y="146.0" />
  <Point X="52.0" Y="145.0" />
  <Point X="53.0" Y="144.0" />
  <Point X="54.0" Y="143.0" />
  <Point X="54.082271316513335" Y="142.91772868348667" />
  <Point X="55.0" Y="142.0" />
  <Point X="56.0" Y="142.0" />
  <Point X="57.0" Y="141.0" />
  <Point X="58.0" Y="140.0" />
  <Point X="58.0" Y="139.153903307335" />
  <Point X="58.0" Y="139.0" />
  <Point X="59.0" Y="139.0" />
  <Point X="60.0" Y="139.0" />
  <Point X="60.0" Y="138.0" />
  <Point X="61.0" Y="138.0" />
  <Point X="61.0" Y="137.0" />
  <Point X="61.81848486084181" Y="137.0" />
  <Point X="62.0" Y="137.0" />
  <Point X="62.0" Y="136.0" />
  <Point X="63.0" Y="136.0" />
  <Point X="64.0" Y="135.0" />
  <Point X="65.0" Y="134.0" />
  <Point X="65.68055202543626" Y="133.31944797456373" />
  <Point X="66.0" Y="133.0" />
  <Point X="67.0" Y="133.0" />
  <Point X="68.0" Y="132.0" />
  <Point X="68.0" Y="131.0" />
  <Point X="69.0" Y="131.0" />
  <Point X="69.78234785547275" Y="130.21765214452725" />
  <Point X="70.0" Y="130.0" />
  <Point X="71.0" Y="129.0" />
  <Point X="72.0" Y="129.0" />
  <Point X="72.0" Y="128.0" />
  <Point X="73.0" Y="127.0" />
  <Point X="73.83615442876061" Y="127.0" />
  <Point X="74.0" Y="127.0" />
  <Point X="74.0" Y="126.0" />
  <Point X="75.0" Y="126.0" />
  <Point X="76.0" Y="126.0" />
  <Point X="76.0" Y="125.0" />
  <Point X="77.0" Y="124.0" />
  <Point X="77.27883273435918" Y="123.72116726564082" />
  <Point X="78.0" Y="123.0" />
  <Point X="78.0" Y="122.0" />
  <Point X="80.0" Y="121.0" />
  <Point X="80.0" Y="120.0" />
  <Point X="80.71643566286826" Y="120.0" />
  <Point X="81.0" Y="120.0" />
  <Point X="81.0" Y="119.0" />
  <Point X="82.0" Y="119.0" />
  <Point X="82.0" Y="118.0" />
  <Point X="82.0" Y="117.0" />
  <Point X="83.0" Y="117.0" />
  <Point X="83.48707200197488" Y="116.51292799802512" />
  <Point X="84.0" Y="116.0" />
  <Point X="85.0" Y="115.0" />
  <Point X="85.0" Y="114.0" />
  <Point X="86.0" Y="113.0" />
  <Point X="87.0" Y="113.0" />
  <Point X="87.0" Y="112.58142868789737" />
  <Point X="87.0" Y="112.0" />
  <Point X="88.0" Y="111.0" />
  <Point X="89.0" Y="110.0" />
  <Point X="90.0" Y="109.0" />
  <Point X="90.0" Y="108.0" />
  <Point X="90.14831879316016" Y="108.0" />
  <Point X="91.0" Y="108.0" />
  <Point X="91.0" Y="107.0" />
  <Point X="92.0" Y="106.0" />
  <Point X="92.0" Y="105.0" />
  <Point X="92.0" Y="104.0" />
  <Point X="92.70649339896389" Y="104.0" />
  <Point X="93.0" Y="104.0" />
  <Point X="93.0" Y="103.0" />
  <Point X="94.0" Y="103.0" />
  <Point X="95.0" Y="103.0" />
  <Point X="95.0" Y="102.0" />
  <Point X="95.0" Y="101.0" />
  <Point X="95.6788815671407" Y="101.0" />
  <Point X="96.0" Y="101.0" />
  <Point X="96.0" Y="100.0" />
  <Point X="97.0" Y="100.0" />
  <Point X="97.0" Y="99.0" />
  <Point X="98.0" Y="99.0" />
  <Point X="98.0" Y="98.0" />
  <Point X="98.65126973531753" Y="98.0" />
  <Point X="99.0" Y="98.0" />
  <Point X="99.0" Y="97.0" />
  <Point X="100.0" Y="97.0" />
  <Point X="101.0" Y="97.0" />
  <Point X="102.0" Y="97.0" />
  <Point X="102.0" Y="98.0" />
  <Point X="102.62365790349435" Y="98.0" />
  <Point X="103.0" Y="98.0" />
  <Point X="103.0" Y="99.0" />
  <Point X="104.0" Y="99.0" />
  <Point X="104.0" Y="100.0" />
  <Point X="105.0" Y="101.0" />
  <Point X="105.0" Y="102.0" />
  <Point X="105.18183250929808" Y="102.0" />
  <Point X="106.0" Y="102.0" />
  <Point X="107.0" Y="103.0" />
  <Point X="107.0" Y="104.0" />
  <Point X="108.0" Y="104.0" />
  <Point X="108.0" Y="105.0" />
  <Point X="108.0" Y="105.7400071151018" />
  <Point X="108.0" Y="106.0" />
  <Point X="109.0" Y="106.0" />
  <Point X="109.0" Y="107.0" />
  <Point X="110.0" Y="107.0" />
  <Point X="110.0" Y="108.0" />
  <Point X="110.0" Y="109.0" />
  <Point X="110.71239528327862" Y="109.0" />
  <Point X="111.0" Y="109.0" />
  <Point X="111.0" Y="110.0" />
  <Point X="112.0" Y="110.0" />
  <Point X="112.0" Y="111.0" />
  <Point X="113.0" Y="111.0" />
  <Point X="113.0" Y="112.0" />
  <Point X="113.68478345145544" Y="112.0" />
  <Point X="114.0" Y="112.0" />
  <Point X="114.0" Y="113.0" />
  <Point X="114.0" Y="114.0" />
  <Point X="115.0" Y="115.0" />
  <Point X="116.0" Y="116.0" />
  <Point X="116.0" Y="116.82874449488608" />
  <Point X="116.0" Y="117.0" />
  <Point X="117.0" Y="118.0" />
  <Point X="117.0" Y="119.0" />
  <Point X="118.0" Y="120.0" />
  <Point X="118.0" Y="121.0" />
  <Point X="118.68780668224146" Y="121.68780668224146" />
  <Point X="119.0" Y="122.0" />
  <Point X="119.0" Y="123.0" />
  <Point X="120.0" Y="123.0" />
  <Point X="120.0" Y="124.0" />
  <Point X="121.0" Y="124.0" />
  <Point X="121.0" Y="125.0" />
  <Point X="121.0" Y="125.53088014412043" />
  <Point X="121.0" Y="126.0" />
  <Point X="122.0" Y="126.0" />
  <Point X="122.0" Y="127.0" />
  <Point X="122.0" Y="128.0" />
  <Point X="123.0" Y="128.0" />
  <Point X="124.0" Y="128.0" />
  <Point X="124.0" Y="128.50326831229725" />
  <Point X="124.0" Y="129.0" />
  <Point X="124.0" Y="130.0" />
  <Point X="125.0" Y="130.0" />
  <Point X="125.0" Y="131.0" />
  <Point X="125.0" Y="132.0" />
  <Point X="126.0" Y="132.0" />
  <Point X="126.0" Y="132.47565648047407" />
  <Point X="126.0" Y="133.0" />
  <Point X="127.0" Y="134.0" />
  <Point X="128.0" Y="134.0" />
  <Point X="128.0" Y="135.0" />
  <Point X="128.0" Y="136.0" />
  <Point X="129.0" Y="136.0" />
  <Point X="129.0" Y="136.0338310862778" />
  <Point X="129.0" Y="137.0" />
  <Point X="130.0" Y="137.0" />
  <Point X="130.0" Y="138.0" />
  <Point X="131.0" Y="138.0" />
  <Point X="132.0" Y="139.0" />
  <Point X="132.5920056920815" Y="139.0" />
  <Point X="133.0" Y="139.0" />
  <Point X="133.0" Y="140.0" />
  <Point X="133.0" Y="141.0" />
  <Point X="134.0" Y="141.0" />
  <Point X="134.0" Y="142.0" />
  <Point X="134.0" Y="141.0" />
  <Point X="134.0" Y="140.43560613974168" />
  <Point X="134.0" Y="140.0" />
  <Point X="134.0" Y="139.0" />
  <Point X="134.0" Y="138.0" />
  <Point X="134.0" Y="137.0" />
  <Point X="135.0" Y="137.0" />
  <Point X="135.0" Y="136.0" />
  <Point X="135.53678202843514" Y="136.0" />
  <Point X="136.0" Y="136.0" />
  <Point X="136.0" Y="135.0" />
  <Point X="136.0" Y="134.0" />
  <Point X="136.0" Y="133.0" />
  <Point X="137.0" Y="133.0" />
  <Point X="137.0" Y="132.0" />
  <Point X="137.0" Y="131.49082980338804" />
  <Point X="137.0" Y="131.0" />
  <Point X="138.0" Y="131.0" />
  <Point X="138.0" Y="130.0" />
  <Point X="138.0" Y="129.0" />
  <Point X="138.0" Y="128.0" />
  <Point X="139.0" Y="128.0" />
  <Point X="139.0" Y="127.51844163521122" />
  <Point X="139.0" Y="127.0" />
  <Point X="139.0" Y="126.0" />
  <Point X="140.0" Y="125.0" />
  <Point X="141.0" Y="124.0" />
  <Point X="141.0" Y="123.0" />
  <Point X="141.62551940821942" Y="123.0" />
  <Point X="142.0" Y="123.0" />
  <Point X="142.0" Y="122.0" />
  <Point X="142.0" Y="121.0" />
  <Point X="143.0" Y="121.0" />
  <Point X="143.0" Y="120.0" />
  <Point X="144.0" Y="119.0" />
  <Point X="144.12989128297914" Y="118.87010871702086" />
  <Point X="145.0" Y="118.0" />
  <Point X="145.0" Y="117.0" />
  <Point X="145.0" Y="116.0" />
  <Point X="146.0" Y="116.0" />
  <Point X="146.0" Y="115.0" />
  <Point X="146.74186861982687" Y="115.0" />
  <Point X="147.0" Y="115.0" />
  <Point X="147.0" Y="114.0" />
  <Point X="147.0" Y="113.0" />
  <Point X="148.0" Y="113.0" />
  <Point X="148.0" Y="112.0" />
  <Point X="149.0" Y="112.0" />
  <Point X="149.0" Y="111.2857432119963" />
  <Point X="149.0" Y="111.0" />
  <Point X="150.0" Y="110.0" />
  <Point X="150.0" Y="109.0" />
  <Point X="151.0" Y="109.0" />
  <Point X="151.0" Y="108.0" />
  <Point X="151.89974486715587" Y="107.10025513284413" />
  <Point X="152.0" Y="107.0" />
  <Point X="153.0" Y="107.0" />
  <Point X="153.0" Y="106.0" />
  <Point X="153.0" Y="105.0" />
  <Point X="154.0" Y="105.0" />
  <Point X="154.0" Y="104.0" />
  <Point X="154.58732713481928" Y="103.41267286518074" />
  <Point X="155.0" Y="103.0" />
  <Point X="155.0" Y="102.0" />
  <Point X="155.0" Y="101.0" />
  <Point X="156.0" Y="101.0" />
  <Point X="156.0" Y="100.0" />
  <Point X="157.0" Y="100.0" />
  <Point X="157.0" Y="99.61121939458513" />
  <Point X="157.0" Y="99.0" />
  <Point X="158.0" Y="99.0" />
  <Point X="158.0" Y="98.0" />
  <Point X="158.0" Y="97.0" />
  <Point X="158.0" Y="96.0" />
  <Point X="159.0" Y="96.0" />
  <Point X="159.0" Y="95.63883122640831" />
  <Point X="159.0" Y="95.0" />
  <Point X="160.0" Y="95.0" />
  <Point X="160.0" Y="94.0" />
  <Point X="160.0" Y="95.0" />
  <Point X="160.0" Y="96.0" />
  <Point X="161.0" Y="96.0" />
  <Point X="161.0" Y="96.3335569417685" />
  <Point X="161.0" Y="97.0" />
  <Point X="161.0" Y="98.0" />
  <Point X="161.0" Y="99.0" />
  <Point X="161.0" Y="100.0" />
  <Point X="161.0" Y="101.0" />
  <Point X="161.0" Y="102.0" />
  <Point X="161.0" Y="102.30594510994533" />
  <Point X="161.0" Y="103.0" />
  <Point X="161.0" Y="104.0" />
  <Point X="161.0" Y="105.0" />
  <Point X="161.0" Y="106.0" />
  <Point X="161.0" Y="107.0" />
  <Point X="161.0" Y="108.0" />
  <Point X="161.0" Y="108.27833327812215" />
  <Point X="161.0" Y="109.0" />
  <Point X="161.0" Y="110.0" />
  <Point X="161.0" Y="111.0" />
  <Point X="161.0" Y="112.0" />
  <Point X="161.0" Y="113.0" />
  <Point X="161.0" Y="114.0" />
  <Point X="161.0" Y="114.25072144629897" />
  <Point X="161.0" Y="115.0" />
  <Point X="161.0" Y="116.0" />
  <Point X="161.0" Y="117.0" />
  <Point X="161.0" Y="118.0" />
  <Point X="162.0" Y="118.0" />
  <Point X="162.0" Y="119.0" />
  <Point X="162.0" Y="119.22310961447579" />
  <Point X="162.0" Y="120.0" />
  <Point X="162.0" Y="121.0" />
  <Point X="162.0" Y="122.0" />
  <Point X="163.0" Y="123.0" />
  <Point X="163.0" Y="124.0" />
  <Point X="163.0" Y="124.78128422027952" />
  <Point X="163.0" Y="125.0" />
  <Point X="163.0" Y="126.0" />
  <Point X="163.0" Y="127.0" />
  <Point X="164.0" Y="128.0" />
  <Point X="164.0" Y="129.0" />
  <Point X="164.94714041904362" Y="129.94714041904362" />
  <Point X="165.0" Y="130.0" />
  <Point X="165.0" Y="131.0" />
  <Point X="165.0" Y="132.0" />
  <Point X="165.0" Y="133.0" />
  <Point X="165.0" Y="134.0" />
  <Point X="165.0" Y="135.0" />
  <Point X="165.63472268670702" Y="135.63472268670702" />
  <Point X="166.0" Y="136.0" />
  <Point X="166.0" Y="137.0" />
  <Point X="166.0" Y="138.0" />
  <Point X="166.0" Y="139.0" />
  <Point X="166.0" Y="140.0" />
  <Point X="166.0" Y="141.0" />
  <Point X="166.0" Y="141.45580803769067" />
  <Point X="166.0" Y="142.0" />
  <Point X="166.0" Y="143.0" />
  <Point X="166.0" Y="144.0" />
  <Point X="166.0" Y="145.0" />
  <Point X="167.0" Y="145.0" />
  <Point X="167.0" Y="146.0" />
  <Point X="167.0" Y="145.5718037941325" />
  <Point X="167.0" Y="145.0" />
  <Point X="167.0" Y="144.0" />
  <Point X="167.0" Y="143.0" />
  <Point X="167.0" Y="142.0" />
  <Point X="168.0" Y="142.0" />
  <Point X="168.0" Y="141.0" />
  <Point X="168.0" Y="140.5994156259557" />
  <Point X="168.0" Y="140.0" />
  <Point X="169.0" Y="140.0" />
  <Point X="169.0" Y="139.0" />
  <Point X="169.0" Y="138.0" />
  <Point X="169.0" Y="137.0" />
  <Point X="170.0" Y="137.0" />
  <Point X="170.0" Y="136.62702745777887" />
  <Point X="170.0" Y="136.0" />
  <Point X="170.0" Y="135.0" />
  <Point X="171.0" Y="134.0" />
  <Point X="171.0" Y="133.0" />
  <Point X="172.0" Y="133.0" />
  <Point X="172.0" Y="132.06885285197515" />
  <Point X="172.0" Y="132.0" />
  <Point X="173.0" Y="132.0" />
  <Point X="173.0" Y="131.0" />
  <Point X="173.0" Y="130.0" />
  <Point X="174.0" Y="130.0" />
  <Point X="174.0" Y="129.0" />
  <Point X="174.63889594912774" Y="128.36110405087226" />
  <Point X="175.0" Y="128.0" />
  <Point X="175.0" Y="127.0" />
  <Point X="176.0" Y="127.0" />
  <Point X="176.0" Y="126.0" />
  <Point X="177.0" Y="126.0" />
  <Point X="177.0" Y="125.0" />
  <Point X="177.32647821679114" Y="124.67352178320887" />
  <Point X="178.0" Y="124.0" />
  <Point X="178.0" Y="123.0" />
  <Point X="179.0" Y="122.0" />
  <Point X="180.0" Y="121.0" />
  <Point X="181.0" Y="121.0" />
  <Point X="181.0" Y="120.80854259693706" />
  <Point X="181.0" Y="120.0" />
  <Point X="181.0" Y="119.0" />
  <Point X="182.0" Y="119.0" />
  <Point X="182.0" Y="118.0" />
  <Point X="183.0" Y="117.0" />
  <Point X="183.0" Y="116.25036799113333" />
  <Point X="183.0" Y="116.0" />
  <Point X="184.0" Y="116.0" />
  <Point X="185.0" Y="115.0" />
  <Point X="186.0" Y="114.0" />
  <Point X="186.0" Y="113.0" />
  <Point X="186.6318657069006" Y="112.3681342930994" />
  <Point X="187.0" Y="112.0" />
  <Point X="188.0" Y="112.0" />
  <Point X="188.0" Y="111.0" />
  <Point X="189.0" Y="111.0" />
  <Point X="189.0" Y="109.0" />
  <Point X="189.45176765810103" Y="109.0" />
  <Point X="190.0" Y="109.0" />
  <Point X="190.0" Y="108.0" />
  <Point X="191.0" Y="108.0" />
  <Point X="192.0" Y="108.0" />
  <Point X="192.0" Y="107.0" />
  <Point X="193.0" Y="106.0" />
  <Point X="193.0070302422274" Y="105.9929697577726" />
  <Point X="194.0" Y="105.0" />
  <Point X="194.0" Y="104.0" />
  <Point X="195.0" Y="104.0" />
  <Point X="196.0" Y="103.0" />
  <Point X="196.0" Y="102.0" />
  <Point X="196.1088260722639" Y="101.89117392773612" />
  <Point X="197.0" Y="101.0" />
  <Point X="198.0" Y="100.0" />
  <Point X="199.0" Y="99.0" />
  <Point X="200.0" Y="99.0" />
  <Point X="200.0" Y="98.11634921160709" />
  <Point X="200.0" Y="98.0" />
  <Point X="201.0" Y="97.0" />
  <Point X="201.0" Y="96.0" />
  <Point X="202.0" Y="96.0" />
  <Point X="202.0" Y="95.0" />
  <Point X="203.0" Y="95.0" />
  <Point X="203.44182539419663" Y="95.0" />
  <Point X="204.0" Y="95.0" />
  <Point X="204.0" Y="94.0" />
  <Point X="204.0" Y="93.0" />
  <Point X="205.0" Y="93.0" />
  <Point X="206.0" Y="92.0" />
  <Point X="207.0" Y="92.0" />
</Project_1_Part_4>
