<?xml version="1.0" encoding="utf-8" standalone="yes"?>
<Gesture Name="question_mark3" Subject="1" Number="1" NumPts="431">
  <Point X="33.0" Y="137.0" />
  <Point X="33.0" Y="138.0" />
  <Point X="33.0" Y="139.0" />
  <Point X="33.0" Y="138.0" />
  <Point X="33.0" Y="137.0" />
  <Point X="34.0" Y="137.0" />
  <Point X="34.0" Y="136.0" />
  <Point X="34.31968621274433" Y="136.0" />
  <Point X="35.0" Y="136.0" />
  <Point X="35.0" Y="135.0" />
  <Point X="36.0" Y="135.0" />
  <Point X="36.0" Y="134.0" />
  <Point X="37.0" Y="133.0" />
  <Point X="37.0" Y="132.0" />
  <Point X="37.22515886311557" Y="132.0" />
  <Point X="38.0" Y="132.0" />
  <Point X="39.0" Y="131.0" />
  <Point X="40.0" Y="130.0" />
  <Point X="41.0" Y="129.0" />
  <Point X="41.0" Y="128.0" />
  <Point X="41.30220438874061" Y="128.0" />
  <Point X="42.0" Y="128.0" />
  <Point X="42.0" Y="127.0" />
  <Point X="43.0" Y="127.0" />
  <Point X="43.0" Y="126.0" />
  <Point X="44.0" Y="126.0" />
  <Point X="44.0" Y="125.0" />
  <Point X="44.43974306146618" Y="124.56025693853381" />
  <Point X="45.0" Y="124.0" />
  <Point X="46.0" Y="123.0" />
  <Point X="47.0" Y="123.0" />
  <Point X="47.0" Y="122.0" />
  <Point X="48.0" Y="122.0" />
  <Point X="48.0" Y="121.0" />
  <Point X="48.08000891272264" Y="120.91999108727735" />
  <Point X="49.0" Y="120.0" />
  <Point X="50.0" Y="120.0" />
  <Point X="51.0" Y="119.0" />
  <Point X="51.0" Y="118.0" />
  <Point X="52.0" Y="118.0" />
  <Point X="52.0" Y="117.39559122251877" />
  <Point X="52.0" Y="117.0" />
  <Point X="53.0" Y="117.0" />
  <Point X="53.0" Y="116.0" />
  <Point X="53.0" Y="115.0" />
  <Point X="55.0" Y="115.0" />
  <Point X="55.0" Y="114.07590500977444" />
  <Point X="55.0" Y="114.0" />
  <Point X="56.0" Y="114.0" />
  <Point X="57.0" Y="113.0" />
  <Point X="58.0" Y="112.0" />
  <Point X="59.0" Y="112.0" />
  <Point X="59.0" Y="111.0" />
  <Point X="59.41535407822369" Y="111.0" />
  <Point X="60.0" Y="111.0" />
  <Point X="60.0" Y="110.0" />
  <Point X="61.0" Y="110.0" />
  <Point X="62.0" Y="109.0" />
  <Point X="62.0" Y="108.0" />
  <Point X="63.0" Y="108.0" />
  <Point X="63.0" Y="107.67917327140508" />
  <Point X="63.0" Y="107.0" />
  <Point X="64.0" Y="107.0" />
  <Point X="64.0" Y="106.0" />
  <Point X="65.0" Y="106.0" />
  <Point X="66.0" Y="105.0" />
  <Point X="67.0" Y="105.0" />
  <Point X="67.0" Y="104.77370062103384" />
  <Point X="67.0" Y="104.0" />
  <Point X="68.0" Y="104.0" />
  <Point X="68.0" Y="103.0" />
  <Point X="70.0" Y="102.0" />
  <Point X="71.0" Y="102.0" />
  <Point X="71.21914484661754" Y="101.78085515338246" />
  <Point X="72.0" Y="101.0" />
  <Point X="72.0" Y="100.0" />
  <Point X="73.0" Y="100.0" />
  <Point X="74.0" Y="99.0" />
  <Point X="75.0" Y="99.0" />
  <Point X="75.0" Y="98.19882329779117" />
  <Point X="75.0" Y="98.0" />
  <Point X="76.0" Y="98.0" />
  <Point X="77.0" Y="97.0" />
  <Point X="77.0" Y="96.0" />
  <Point X="78.0" Y="96.0" />
  <Point X="79.0" Y="96.0" />
  <Point X="79.0" Y="95.29335064741993" />
  <Point X="79.0" Y="95.0" />
  <Point X="80.0" Y="95.0" />
  <Point X="81.0" Y="95.0" />
  <Point X="81.0" Y="94.0" />
  <Point X="82.0" Y="94.0" />
  <Point X="82.0" Y="93.0" />
  <Point X="83.0" Y="93.0" />
  <Point X="83.01862205682727" Y="92.98137794317273" />
  <Point X="84.0" Y="92.0" />
  <Point X="85.0" Y="92.0" />
  <Point X="86.0" Y="91.0" />
  <Point X="87.0" Y="91.0" />
  <Point X="87.0" Y="90.0" />
  <Point X="87.51759465332255" Y="90.0" />
  <Point X="88.0" Y="90.0" />
  <Point X="89.0" Y="90.0" />
  <Point X="89.0" Y="89.0" />
  <Point X="90.0" Y="88.0" />
  <Point X="91.0" Y="88.0" />
  <Point X="92.0" Y="87.0" />
  <Point X="92.00885374132069" Y="87.0" />
  <Point X="93.0" Y="87.0" />
  <Point X="94.0" Y="87.0" />
  <Point X="94.0" Y="86.0" />
  <Point X="95.0" Y="86.0" />
  <Point X="95.0" Y="85.0" />
  <Point X="96.0" Y="85.0" />
  <Point X="96.32853995406502" Y="85.0" />
  <Point X="97.0" Y="85.0" />
  <Point X="98.0" Y="85.0" />
  <Point X="98.0" Y="86.0" />
  <Point X="98.0" Y="87.0" />
  <Point X="99.0" Y="87.0" />
  <Point X="99.0" Y="88.0" />
  <Point X="99.0" Y="88.64822616680935" />
  <Point X="99.0" Y="89.0" />
  <Point X="100.0" Y="89.0" />
  <Point X="101.0" Y="90.0" />
  <Point X="101.0" Y="91.0" />
  <Point X="102.0" Y="91.0" />
  <Point X="102.0" Y="92.0" />
  <Point X="102.0" Y="92.55369881718059" />
  <Point X="102.0" Y="93.0" />
  <Point X="103.0" Y="93.0" />
  <Point X="103.0" Y="94.0" />
  <Point X="104.0" Y="95.0" />
  <Point X="105.0" Y="96.0" />
  <Point X="105.0" Y="97.0" />
  <Point X="105.03179003961982" Y="97.03179003961982" />
  <Point X="106.0" Y="98.0" />
  <Point X="106.0" Y="99.0" />
  <Point X="107.0" Y="99.0" />
  <Point X="107.0" Y="100.0" />
  <Point X="107.0" Y="101.0" />
  <Point X="107.67205589087628" Y="101.67205589087628" />
  <Point X="108.0" Y="102.0" />
  <Point X="109.0" Y="103.0" />
  <Point X="109.0" Y="104.0" />
  <Point X="109.0" Y="105.0" />
  <Point X="110.0" Y="105.0" />
  <Point X="110.0" Y="106.0" />
  <Point X="110.0" Y="106.4416896435481" />
  <Point X="110.0" Y="107.0" />
  <Point X="111.0" Y="108.0" />
  <Point X="111.0" Y="109.0" />
  <Point X="111.0" Y="110.0" />
  <Point X="111.0" Y="111.0" />
  <Point X="112.0" Y="111.0" />
  <Point X="112.0" Y="111.34716229391934" />
  <Point X="112.0" Y="112.0" />
  <Point X="112.0" Y="113.0" />
  <Point X="113.0" Y="113.0" />
  <Point X="113.0" Y="114.0" />
  <Point X="113.0" Y="115.0" />
  <Point X="114.0" Y="115.0" />
  <Point X="114.0" Y="115.66684850666367" />
  <Point X="114.0" Y="116.0" />
  <Point X="114.0" Y="117.0" />
  <Point X="114.0" Y="118.0" />
  <Point X="114.0" Y="119.0" />
  <Point X="115.0" Y="120.0" />
  <Point X="115.0" Y="121.0" />
  <Point X="115.0" Y="121.5723211570349" />
  <Point X="115.0" Y="122.0" />
  <Point X="115.0" Y="123.0" />
  <Point X="115.0" Y="124.0" />
  <Point X="116.0" Y="124.0" />
  <Point X="116.0" Y="125.0" />
  <Point X="116.0" Y="126.0" />
  <Point X="116.0" Y="126.89200736977924" />
  <Point X="116.0" Y="127.0" />
  <Point X="116.0" Y="128.0" />
  <Point X="116.0" Y="129.0" />
  <Point X="116.0" Y="130.0" />
  <Point X="116.0" Y="131.0" />
  <Point X="116.0" Y="132.0" />
  <Point X="117.0" Y="132.0" />
  <Point X="117.0" Y="132.21169358252357" />
  <Point X="117.0" Y="133.0" />
  <Point X="118.0" Y="133.0" />
  <Point X="118.0" Y="132.0" />
  <Point X="119.0" Y="132.0" />
  <Point X="119.0" Y="131.0" />
  <Point X="120.0" Y="130.0" />
  <Point X="120.0" Y="129.8828337671052" />
  <Point X="120.0" Y="129.0" />
  <Point X="121.0" Y="128.0" />
  <Point X="122.0" Y="127.0" />
  <Point X="122.0" Y="126.0" />
  <Point X="122.0" Y="125.0" />
  <Point X="122.60842532089293" Y="125.0" />
  <Point X="123.0" Y="125.0" />
  <Point X="123.0" Y="124.0" />
  <Point X="124.0" Y="123.0" />
  <Point X="124.0" Y="122.0" />
  <Point X="125.0" Y="122.0" />
  <Point X="125.0" Y="121.0" />
  <Point X="125.51389797126417" Y="121.0" />
  <Point X="126.0" Y="121.0" />
  <Point X="126.0" Y="120.0" />
  <Point X="127.0" Y="118.0" />
  <Point X="127.0" Y="117.0" />
  <Point X="128.0" Y="116.0" />
  <Point X="128.12961454267773" Y="115.87038545732229" />
  <Point X="129.0" Y="115.0" />
  <Point X="130.0" Y="114.0" />
  <Point X="130.0" Y="113.0" />
  <Point X="131.0" Y="112.0" />
  <Point X="131.89120073749382" Y="111.10879926250618" />
  <Point X="132.0" Y="111.0" />
  <Point X="132.0" Y="110.0" />
  <Point X="133.0" Y="109.0" />
  <Point X="134.0" Y="109.0" />
  <Point X="134.0" Y="108.0" />
  <Point X="135.0" Y="108.0" />
  <Point X="135.0" Y="107.2483927422412" />
  <Point X="135.0" Y="107.0" />
  <Point X="135.0" Y="106.0" />
  <Point X="136.0" Y="106.0" />
  <Point X="136.0" Y="105.0" />
  <Point X="136.0" Y="104.0" />
  <Point X="137.0" Y="104.0" />
  <Point X="137.75751887763363" Y="103.24248112236636" />
  <Point X="138.0" Y="103.0" />
  <Point X="138.0" Y="102.0" />
  <Point X="139.0" Y="102.0" />
  <Point X="139.0" Y="101.0" />
  <Point X="139.0" Y="100.0" />
  <Point X="140.0" Y="100.0" />
  <Point X="140.0" Y="99.02323387912563" />
  <Point X="140.0" Y="99.0" />
  <Point X="140.0" Y="98.0" />
  <Point X="141.0" Y="98.0" />
  <Point X="142.0" Y="97.0" />
  <Point X="142.0" Y="96.0" />
  <Point X="143.0" Y="96.0" />
  <Point X="143.0" Y="95.11776122875439" />
  <Point X="143.0" Y="95.0" />
  <Point X="144.0" Y="94.0" />
  <Point X="145.0" Y="94.0" />
  <Point X="145.0" Y="93.0" />
  <Point X="146.0" Y="93.0" />
  <Point X="146.0" Y="92.0" />
  <Point X="146.0" Y="91.21228857838315" />
  <Point X="146.0" Y="91.0" />
  <Point X="147.0" Y="91.0" />
  <Point X="147.0" Y="90.0" />
  <Point X="148.0" Y="90.0" />
  <Point X="148.0" Y="89.0" />
  <Point X="148.0" Y="88.0" />
  <Point X="149.0" Y="88.0" />
  <Point X="149.10739763436118" Y="88.0" />
  <Point X="150.0" Y="88.0" />
  <Point X="150.0" Y="87.0" />
  <Point X="150.0" Y="86.0" />
  <Point X="151.0" Y="86.0" />
  <Point X="151.0" Y="85.0" />
  <Point X="151.0" Y="84.0" />
  <Point X="151.4270838471055" Y="84.0" />
  <Point X="152.0" Y="84.0" />
  <Point X="152.0" Y="83.0" />
  <Point X="153.0" Y="83.0" />
  <Point X="153.0" Y="82.0" />
  <Point X="154.0" Y="82.0" />
  <Point X="154.0" Y="81.0" />
  <Point X="154.74677005984984" Y="81.0" />
  <Point X="155.0" Y="81.0" />
  <Point X="156.0" Y="81.0" />
  <Point X="156.0" Y="82.0" />
  <Point X="156.0" Y="83.0" />
  <Point X="157.0" Y="83.0" />
  <Point X="158.0" Y="83.0" />
  <Point X="158.0" Y="84.0" />
  <Point X="158.0" Y="84.06645627259417" />
  <Point X="158.0" Y="85.0" />
  <Point X="159.0" Y="85.0" />
  <Point X="159.0" Y="86.0" />
  <Point X="159.0" Y="87.0" />
  <Point X="160.0" Y="87.0" />
  <Point X="160.0" Y="88.0" />
  <Point X="160.27304396988708" Y="88.27304396988708" />
  <Point X="161.0" Y="89.0" />
  <Point X="161.0" Y="90.0" />
  <Point X="162.0" Y="90.0" />
  <Point X="162.0" Y="91.0" />
  <Point X="162.0" Y="92.0" />
  <Point X="162.0" Y="93.0" />
  <Point X="162.29161513570975" Y="93.0" />
  <Point X="163.0" Y="93.0" />
  <Point X="163.0" Y="94.0" />
  <Point X="163.0" Y="95.0" />
  <Point X="164.0" Y="95.0" />
  <Point X="164.0" Y="96.0" />
  <Point X="164.0" Y="97.0" />
  <Point X="164.61130134845408" Y="97.0" />
  <Point X="165.0" Y="97.0" />
  <Point X="165.0" Y="98.0" />
  <Point X="166.0" Y="99.0" />
  <Point X="166.0" Y="100.0" />
  <Point X="167.0" Y="101.0" />
  <Point X="167.0" Y="102.0" />
  <Point X="167.0" Y="102.10256043645222" />
  <Point X="167.0" Y="103.0" />
  <Point X="167.0" Y="104.0" />
  <Point X="168.0" Y="104.0" />
  <Point X="168.0" Y="105.0" />
  <Point X="169.0" Y="106.0" />
  <Point X="169.0" Y="107.0" />
  <Point X="169.0" Y="107.00803308682346" />
  <Point X="169.0" Y="108.0" />
  <Point X="170.0" Y="109.0" />
  <Point X="170.0" Y="110.0" />
  <Point X="171.0" Y="111.0" />
  <Point X="171.0" Y="112.0" />
  <Point X="171.0" Y="112.4992921748216" />
  <Point X="171.0" Y="113.0" />
  <Point X="172.0" Y="113.0" />
  <Point X="172.0" Y="114.0" />
  <Point X="172.0" Y="115.0" />
  <Point X="172.0" Y="116.0" />
  <Point X="172.0" Y="117.0" />
  <Point X="172.81897838756595" Y="117.0" />
  <Point X="173.0" Y="117.0" />
  <Point X="173.0" Y="118.0" />
  <Point X="173.0" Y="119.0" />
  <Point X="173.0" Y="120.0" />
  <Point X="174.0" Y="120.0" />
  <Point X="174.0" Y="121.0" />
  <Point X="174.0" Y="122.0" />
  <Point X="174.0" Y="122.13866460031028" />
  <Point X="174.0" Y="123.0" />
  <Point X="175.0" Y="123.0" />
  <Point X="175.0" Y="124.0" />
  <Point X="176.0" Y="125.0" />
  <Point X="176.0" Y="126.0" />
  <Point X="176.0" Y="127.0" />
  <Point X="176.03120974925983" Y="127.03120974925983" />
  <Point X="177.0" Y="128.0" />
  <Point X="177.0" Y="129.0" />
  <Point X="177.0" Y="130.0" />
  <Point X="177.0" Y="131.0" />
  <Point X="178.0" Y="131.0" />
  <Point X="178.0" Y="131.94960990105275" />
  <Point X="178.0" Y="132.0" />
  <Point X="179.0" Y="132.0" />
  <Point X="179.0" Y="133.0" />
  <Point X="179.0" Y="134.0" />
  <Point X="179.0" Y="133.0" />
  <Point X="179.0" Y="132.0" />
  <Point X="179.89752788939964" Y="131.10247211060036" />
  <Point X="180.0" Y="131.0" />
  <Point X="180.0" Y="130.0" />
  <Point X="180.0" Y="129.0" />
  <Point X="180.0" Y="128.0" />
  <Point X="181.0" Y="128.0" />
  <Point X="181.0" Y="127.0" />
  <Point X="181.0" Y="126.0" />
  <Point X="181.0" Y="125.8252312358317" />
  <Point X="181.0" Y="125.0" />
  <Point X="182.0" Y="125.0" />
  <Point X="182.0" Y="124.0" />
  <Point X="183.0" Y="124.0" />
  <Point X="183.0" Y="123.0" />
  <Point X="183.0" Y="122.0" />
  <Point X="183.0" Y="121.50554502308736" />
  <Point X="183.0" Y="121.0" />
  <Point X="184.0" Y="121.0" />
  <Point X="184.0" Y="120.0" />
  <Point X="184.0" Y="119.0" />
  <Point X="184.0" Y="118.0" />
  <Point X="185.0" Y="118.0" />
  <Point X="185.0" Y="117.18585881034303" />
  <Point X="185.0" Y="117.0" />
  <Point X="185.0" Y="116.0" />
  <Point X="186.0" Y="115.0" />
  <Point X="187.0" Y="114.0" />
  <Point X="187.0" Y="113.0" />
  <Point X="187.0" Y="112.0" />
  <Point X="187.3054002776551" Y="112.0" />
  <Point X="188.0" Y="112.0" />
  <Point X="188.0" Y="111.0" />
  <Point X="188.0" Y="110.0" />
  <Point X="189.0" Y="110.0" />
  <Point X="189.0" Y="109.0" />
  <Point X="189.0" Y="108.0" />
  <Point X="189.62508649039944" Y="108.0" />
  <Point X="190.0" Y="108.0" />
  <Point X="190.0" Y="107.0" />
  <Point X="191.0" Y="105.0" />
  <Point X="191.0" Y="104.0" />
  <Point X="191.76415598400303" Y="102.47168803199398" />
  <Point X="192.0" Y="102.0" />
  <Point X="192.0" Y="101.0" />
  <Point X="193.0" Y="100.0" />
  <Point X="194.0" Y="100.0" />
  <Point X="194.0" Y="99.0" />
  <Point X="194.0" Y="98.0" />
  <Point X="194.26736371972063" Y="97.73263628027938" />
  <Point X="195.0" Y="97.0" />
  <Point X="195.0" Y="96.0" />
  <Point X="196.0" Y="95.0" />
  <Point X="196.0" Y="94.0" />
  <Point X="197.0" Y="94.0" />
  <Point X="197.0" Y="93.13063151348643" />
  <Point X="197.0" Y="93.0" />
  <Point X="198.0" Y="93.0" />
  <Point X="198.0" Y="91.0" />
  <Point X="198.0" Y="90.0" />
  <Point X="199.0" Y="90.0" />
  <Point X="199.0" Y="89.0" />
  <Point X="199.13368185986045" Y="88.86631814013955" />
  <Point X="200.0" Y="88.0" />
  <Point X="200.0" Y="87.0" />
  <Point X="201.0" Y="86.0" />
  <Point X="202.0" Y="86.0" />
  <Point X="202.0" Y="85.0" />
  <Point X="202.0" Y="84.31968621274396" />
  <Point X="202.0" Y="84.0" />
  <Point X="203.0" Y="84.0" />
  <Point X="203.0" Y="83.0" />
  <Point X="203.0" Y="82.0" />
  <Point X="203.0" Y="81.0" />
  <Point X="204.0" Y="81.0" />
  <Point X="204.0" Y="80.0" />
</Project_1_Part_4>
