<?xml version="1.0" encoding="utf-8" standalone="yes"?>
<Gesture Name="question_mark5" Subject="1" Number="1" NumPts="388">
  <Point X="209.0" Y="26.0" />
  <Point X="201.94299728538624" Y="30.89227795552978" />
  <Point X="194.88599457077248" Y="35.78455591105956" />
  <Point X="187.82899185615872" Y="40.67683386658934" />
  <Point X="180.77198914154496" Y="45.56911182211912" />
  <Point X="173.7149864269312" Y="50.4613897776489" />
  <Point X="166.65798371231745" Y="55.353667733178675" />
  <Point X="159.6009809977037" Y="60.24594568870846" />
  <Point X="152.54397828308993" Y="65.13822364423824" />
  <Point X="145.48697556847617" Y="70.03050159976802" />
  <Point X="138.4299728538624" Y="74.9227795552978" />
  <Point X="131.37297013924865" Y="79.81505751082757" />
  <Point X="124.31596742463489" Y="84.70733546635735" />
  <Point X="117.25896471002115" Y="89.59961342188713" />
  <Point X="110.2019619954074" Y="94.4918913774169" />
  <Point X="103.14495928079366" Y="99.38416933294668" />
  <Point X="96.08795656617991" Y="104.27644728847646" />
  <Point X="89.03095385156617" Y="109.16872524400624" />
  <Point X="81.97395113695242" Y="114.06100319953602" />
  <Point X="74.91694842233868" Y="118.95328115506581" />
  <Point X="67.85994570772493" Y="123.84555911059559" />
  <Point X="60.80294299311118" Y="128.73783706612537" />
  <Point X="53.74594027849743" Y="133.63011502165514" />
  <Point X="46.688937563883684" Y="138.52239297718492" />
  <Point X="46.0" Y="139.0" />
  <Point X="47.0" Y="139.0" />
  <Point X="47.0" Y="138.0" />
  <Point X="48.0" Y="138.0" />
  <Point X="48.0" Y="137.0" />
  <Point X="49.0" Y="137.0" />
  <Point X="49.0" Y="136.0" />
  <Point X="50.0" Y="136.0" />
  <Point X="50.7486497667722" Y="136.0" />
  <Point X="51.0" Y="136.0" />
  <Point X="51.0" Y="135.0" />
  <Point X="52.0" Y="135.0" />
  <Point X="53.0" Y="134.0" />
  <Point X="54.0" Y="133.0" />
  <Point X="55.0" Y="133.0" />
  <Point X="56.0" Y="132.0" />
  <Point X="57.0" Y="132.0" />
  <Point X="57.0" Y="131.90704321419278" />
  <Point X="57.0" Y="131.0" />
  <Point X="58.0" Y="131.0" />
  <Point X="59.0" Y="130.0" />
  <Point X="60.0" Y="129.0" />
  <Point X="61.0" Y="129.0" />
  <Point X="61.0" Y="128.0" />
  <Point X="62.0" Y="128.0" />
  <Point X="62.851477367215324" Y="128.0" />
  <Point X="63.0" Y="128.0" />
  <Point X="64.0" Y="127.0" />
  <Point X="65.0" Y="127.0" />
  <Point X="66.0" Y="127.0" />
  <Point X="67.0" Y="126.0" />
  <Point X="67.0" Y="125.0" />
  <Point X="68.0" Y="125.0" />
  <Point X="69.0" Y="124.0" />
  <Point X="69.19578438625034" Y="124.0" />
  <Point X="70.0" Y="124.0" />
  <Point X="70.0" Y="123.0" />
  <Point X="71.0" Y="123.0" />
  <Point X="72.0" Y="123.0" />
  <Point X="72.0" Y="122.0" />
  <Point X="73.0" Y="122.0" />
  <Point X="74.0" Y="121.0" />
  <Point X="74.96768873276474" Y="120.03231126723526" />
  <Point X="75.0" Y="120.0" />
  <Point X="76.0" Y="120.0" />
  <Point X="77.0" Y="119.0" />
  <Point X="78.0" Y="119.0" />
  <Point X="78.0" Y="118.0" />
  <Point X="79.0" Y="118.0" />
  <Point X="79.0" Y="117.0" />
  <Point X="80.0" Y="117.0" />
  <Point X="80.79693699836143" Y="116.20306300163857" />
  <Point X="81.0" Y="116.0" />
  <Point X="82.0" Y="116.0" />
  <Point X="82.0" Y="115.0" />
  <Point X="83.0" Y="115.0" />
  <Point X="84.0" Y="114.0" />
  <Point X="85.0" Y="113.0" />
  <Point X="86.0" Y="113.0" />
  <Point X="87.0" Y="112.0" />
  <Point X="87.05713256810157" Y="112.0" />
  <Point X="88.0" Y="112.0" />
  <Point X="88.0" Y="111.0" />
  <Point X="89.0" Y="111.0" />
  <Point X="89.0" Y="110.0" />
  <Point X="90.0" Y="110.0" />
  <Point X="90.0" Y="109.0" />
  <Point X="91.0" Y="109.0" />
  <Point X="92.0" Y="109.0" />
  <Point X="92.0" Y="108.35591972574414" />
  <Point X="92.0" Y="108.0" />
  <Point X="93.0" Y="108.0" />
  <Point X="94.0" Y="107.0" />
  <Point X="94.0" Y="106.0" />
  <Point X="95.0" Y="106.0" />
  <Point X="95.0" Y="105.0" />
  <Point X="96.0" Y="105.0" />
  <Point X="96.0" Y="104.0" />
  <Point X="96.81681441803705" Y="104.0" />
  <Point X="97.0" Y="104.0" />
  <Point X="98.0" Y="103.0" />
  <Point X="98.0" Y="102.0" />
  <Point X="99.0" Y="102.0" />
  <Point X="100.0" Y="101.0" />
  <Point X="101.0" Y="100.0" />
  <Point X="101.0" Y="99.0" />
  <Point X="102.0" Y="99.0" />
  <Point X="102.0" Y="98.83887856292793" />
  <Point X="102.0" Y="98.0" />
  <Point X="103.0" Y="98.0" />
  <Point X="104.0" Y="97.0" />
  <Point X="105.0" Y="97.0" />
  <Point X="105.0" Y="96.0" />
  <Point X="106.0" Y="96.0" />
  <Point X="106.0" Y="95.0" />
  <Point X="106.0" Y="94.0" />
  <Point X="106.33385558085327" Y="94.0" />
  <Point X="107.0" Y="94.0" />
  <Point X="107.0" Y="93.0" />
  <Point X="108.0" Y="93.0" />
  <Point X="109.0" Y="93.0" />
  <Point X="109.0" Y="92.0" />
  <Point X="110.0" Y="92.0" />
  <Point X="110.0" Y="91.0" />
  <Point X="111.0" Y="91.0" />
  <Point X="111.0" Y="90.07919671299244" />
  <Point X="111.0" Y="90.0" />
  <Point X="112.0" Y="90.0" />
  <Point X="112.0" Y="89.0" />
  <Point X="113.0" Y="89.0" />
  <Point X="114.0" Y="89.0" />
  <Point X="114.0" Y="90.0" />
  <Point X="114.0" Y="91.0" />
  <Point X="115.0" Y="91.0" />
  <Point X="115.0" Y="92.0" />
  <Point X="115.0" Y="92.50775099316185" />
  <Point X="115.0" Y="93.0" />
  <Point X="116.0" Y="93.0" />
  <Point X="116.0" Y="94.0" />
  <Point X="116.0" Y="95.0" />
  <Point X="117.0" Y="95.0" />
  <Point X="117.0" Y="96.0" />
  <Point X="117.0" Y="97.0" />
  <Point X="117.0" Y="98.0" />
  <Point X="117.0" Y="99.0" />
  <Point X="117.0" Y="99.09469869931614" />
  <Point X="117.0" Y="100.0" />
  <Point X="118.0" Y="100.0" />
  <Point X="118.0" Y="101.0" />
  <Point X="118.0" Y="102.0" />
  <Point X="118.0" Y="103.0" />
  <Point X="118.0" Y="104.0" />
  <Point X="118.0" Y="105.0" />
  <Point X="118.0" Y="106.0" />
  <Point X="118.0" Y="106.68164640547043" />
  <Point X="118.0" Y="107.0" />
  <Point X="118.0" Y="108.0" />
  <Point X="119.0" Y="109.0" />
  <Point X="119.0" Y="110.0" />
  <Point X="119.0" Y="111.0" />
  <Point X="119.0" Y="112.0" />
  <Point X="119.0" Y="113.0" />
  <Point X="119.0" Y="114.0" />
  <Point X="119.0" Y="114.85438054925163" />
  <Point X="119.0" Y="115.0" />
  <Point X="120.0" Y="116.0" />
  <Point X="120.0" Y="117.0" />
  <Point X="120.0" Y="118.0" />
  <Point X="121.0" Y="118.0" />
  <Point X="121.0" Y="119.0" />
  <Point X="121.0" Y="120.0" />
  <Point X="121.0" Y="121.0" />
  <Point X="121.0" Y="122.0" />
  <Point X="121.0" Y="122.02711469303283" />
  <Point X="121.0" Y="123.0" />
  <Point X="121.0" Y="124.0" />
  <Point X="122.0" Y="124.0" />
  <Point X="122.0" Y="125.0" />
  <Point X="122.0" Y="126.0" />
  <Point X="122.0" Y="127.0" />
  <Point X="122.0" Y="128.0" />
  <Point X="122.0" Y="129.0" />
  <Point X="122.61406239918712" Y="129.0" />
  <Point X="123.0" Y="129.0" />
  <Point X="123.0" Y="130.0" />
  <Point X="123.0" Y="131.0" />
  <Point X="124.0" Y="131.0" />
  <Point X="124.0" Y="132.0" />
  <Point X="125.0" Y="133.0" />
  <Point X="126.0" Y="133.0" />
  <Point X="126.0" Y="132.0" />
  <Point X="126.0" Y="131.21320345703168" />
  <Point X="126.0" Y="131.0" />
  <Point X="126.0" Y="130.0" />
  <Point X="126.0" Y="129.0" />
  <Point X="126.0" Y="128.0" />
  <Point X="126.0" Y="127.0" />
  <Point X="127.0" Y="126.0" />
  <Point X="127.0" Y="125.0" />
  <Point X="127.0" Y="124.0" />
  <Point X="127.0" Y="123.04046931325048" />
  <Point X="127.0" Y="123.0" />
  <Point X="127.0" Y="122.0" />
  <Point X="128.0" Y="121.0" />
  <Point X="128.0" Y="120.0" />
  <Point X="129.0" Y="119.0" />
  <Point X="129.0" Y="118.0" />
  <Point X="129.0" Y="117.0" />
  <Point X="129.0" Y="116.0" />
  <Point X="129.71805126815764" Y="116.0" />
  <Point X="130.0" Y="116.0" />
  <Point X="130.0" Y="115.0" />
  <Point X="130.0" Y="114.0" />
  <Point X="130.0" Y="113.0" />
  <Point X="131.0" Y="112.0" />
  <Point X="131.0" Y="111.0" />
  <Point X="131.0" Y="110.0" />
  <Point X="132.0" Y="109.0" />
  <Point X="132.33698718655054" Y="108.66301281344944" />
  <Point X="133.0" Y="108.0" />
  <Point X="133.0" Y="107.0" />
  <Point X="134.0" Y="106.0" />
  <Point X="134.0" Y="105.0" />
  <Point X="135.0" Y="105.0" />
  <Point X="135.0" Y="104.0" />
  <Point X="135.0" Y="103.0" />
  <Point X="136.0" Y="103.0" />
  <Point X="136.0" Y="102.76490756902615" />
  <Point X="136.0" Y="102.0" />
  <Point X="137.0" Y="102.0" />
  <Point X="137.0" Y="101.0" />
  <Point X="138.0" Y="101.0" />
  <Point X="138.0" Y="100.0" />
  <Point X="139.0" Y="99.0" />
  <Point X="139.0" Y="98.0" />
  <Point X="139.0" Y="97.0" />
  <Point X="139.40782657475506" Y="97.0" />
  <Point X="140.0" Y="97.0" />
  <Point X="140.0" Y="96.0" />
  <Point X="141.0" Y="96.0" />
  <Point X="142.0" Y="96.0" />
  <Point X="142.0" Y="95.0" />
  <Point X="142.0" Y="94.0" />
  <Point X="143.0" Y="94.0" />
  <Point X="143.0" Y="93.0" />
  <Point X="143.99477428090935" Y="93.0" />
  <Point X="144.0" Y="93.0" />
  <Point X="144.0" Y="92.0" />
  <Point X="145.0" Y="92.0" />
  <Point X="146.0" Y="92.0" />
  <Point X="146.0" Y="93.0" />
  <Point X="147.0" Y="94.0" />
  <Point X="147.0" Y="95.0" />
  <Point X="147.0" Y="96.0" />
  <Point X="147.0" Y="97.0" />
  <Point X="147.0" Y="97.16750842469055" />
  <Point X="147.0" Y="98.0" />
  <Point X="148.0" Y="98.0" />
  <Point X="148.0" Y="99.0" />
  <Point X="148.0" Y="100.0" />
  <Point X="148.0" Y="101.0" />
  <Point X="149.0" Y="101.0" />
  <Point X="149.0" Y="102.0" />
  <Point X="149.0" Y="103.0" />
  <Point X="149.75445613084486" Y="103.0" />
  <Point X="150.0" Y="103.0" />
  <Point X="150.0" Y="104.0" />
  <Point X="150.0" Y="105.0" />
  <Point X="150.0" Y="106.0" />
  <Point X="150.0" Y="107.0" />
  <Point X="151.0" Y="107.0" />
  <Point X="151.0" Y="108.0" />
  <Point X="151.0" Y="109.0" />
  <Point X="151.0" Y="110.0" />
  <Point X="151.0" Y="110.34140383699915" />
  <Point X="151.0" Y="111.0" />
  <Point X="151.0" Y="112.0" />
  <Point X="152.0" Y="112.0" />
  <Point X="152.0" Y="113.0" />
  <Point X="152.0" Y="114.0" />
  <Point X="152.0" Y="115.0" />
  <Point X="152.0" Y="116.0" />
  <Point X="152.0" Y="117.0" />
  <Point X="152.0" Y="117.92835154315344" />
  <Point X="152.0" Y="118.0" />
  <Point X="153.0" Y="119.0" />
  <Point X="153.0" Y="120.0" />
  <Point X="153.0" Y="121.0" />
  <Point X="154.0" Y="121.0" />
  <Point X="154.0" Y="122.0" />
  <Point X="154.0" Y="123.0" />
  <Point X="154.0" Y="124.0" />
  <Point X="154.0" Y="125.0" />
  <Point X="154.0" Y="125.10108568693464" />
  <Point X="154.0" Y="126.0" />
  <Point X="155.0" Y="126.0" />
  <Point X="155.0" Y="127.0" />
  <Point X="155.0" Y="128.0" />
  <Point X="155.0" Y="129.0" />
  <Point X="156.0" Y="129.0" />
  <Point X="156.0" Y="130.0" />
  <Point X="156.0" Y="131.0" />
  <Point X="156.0" Y="131.68803339308894" />
  <Point X="156.0" Y="132.0" />
  <Point X="157.0" Y="132.0" />
  <Point X="157.0" Y="133.0" />
  <Point X="157.0" Y="134.0" />
  <Point X="158.0" Y="134.0" />
  <Point X="158.0" Y="135.0" />
  <Point X="158.0" Y="136.0" />
  <Point X="159.0" Y="136.0" />
  <Point X="159.0" Y="135.0" />
  <Point X="159.0" Y="134.72501890075677" />
  <Point X="159.0" Y="134.0" />
  <Point X="160.0" Y="134.0" />
  <Point X="160.0" Y="133.0" />
  <Point X="160.0" Y="132.0" />
  <Point X="160.0" Y="131.0" />
  <Point X="161.0" Y="130.0" />
  <Point X="162.0" Y="130.0" />
  <Point X="162.0" Y="129.0" />
  <Point X="162.0" Y="128.55228475697555" />
  <Point X="162.0" Y="128.0" />
  <Point X="162.0" Y="127.0" />
  <Point X="163.0" Y="127.0" />
  <Point X="163.0" Y="126.0" />
  <Point X="164.0" Y="125.0" />
  <Point X="164.0" Y="124.0" />
  <Point X="164.0" Y="123.0" />
  <Point X="165.0" Y="123.0" />
  <Point X="165.0" Y="122.37955061319435" />
  <Point X="165.0" Y="122.0" />
  <Point X="166.0" Y="122.0" />
  <Point X="166.0" Y="121.0" />
  <Point X="167.0" Y="120.0" />
  <Point X="167.0" Y="119.0" />
  <Point X="167.0" Y="118.0" />
  <Point X="168.0" Y="118.0" />
  <Point X="168.0" Y="117.0" />
  <Point X="168.0" Y="116.20681646941316" />
  <Point X="168.0" Y="116.0" />
  <Point X="169.0" Y="116.0" />
  <Point X="169.0" Y="115.0" />
  <Point X="170.0" Y="114.0" />
  <Point X="170.0" Y="113.0" />
  <Point X="171.0" Y="112.0" />
  <Point X="171.0" Y="111.0" />
  <Point X="172.0" Y="110.0" />
  <Point X="172.0" Y="109.86250945037814" />
  <Point X="172.0" Y="109.0" />
  <Point X="173.0" Y="109.0" />
  <Point X="173.0" Y="108.0" />
  <Point X="174.0" Y="108.0" />
  <Point X="174.0" Y="107.0" />
  <Point X="175.0" Y="106.0" />
  <Point X="175.0" Y="105.0" />
  <Point X="176.0" Y="105.0" />
  <Point X="176.0" Y="104.68977530659694" />
  <Point X="176.0" Y="104.0" />
  <Point X="177.0" Y="103.0" />
  <Point X="177.0" Y="102.0" />
  <Point X="178.0" Y="101.0" />
  <Point X="179.0" Y="101.0" />
  <Point X="179.0" Y="100.0" />
  <Point X="179.0" Y="99.0" />
  <Point X="179.75571703118004" Y="98.24428296881995" />
  <Point X="180.0" Y="98.0" />
  <Point X="180.0" Y="97.0" />
  <Point X="181.0" Y="97.0" />
  <Point X="181.0" Y="96.0" />
  <Point X="181.0" Y="95.0" />
  <Point X="182.0" Y="94.0" />
  <Point X="183.0" Y="94.0" />
  <Point X="183.0" Y="93.0" />
  <Point X="183.0" Y="92.17273414378074" />
  <Point X="183.0" Y="92.0" />
  <Point X="184.0" Y="92.0" />
  <Point X="184.0" Y="91.0" />
  <Point X="184.0" Y="90.0" />
  <Point X="185.0" Y="90.0" />
  <Point X="185.0" Y="89.0" />
  <Point X="186.0" Y="89.0" />
  <Point X="187.0" Y="88.0" />
  <Point X="188.0" Y="88.0" />
</Project_1_Part_4>
