<?xml version="1.0" encoding="utf-8" standalone="yes"?>
<Gesture Name="arrow5" Subject="2" Number="2" NumPts="420">
  <Point X="75.0" Y="133.0" />
  <Point X="76.0" Y="133.0" />
  <Point X="76.0" Y="132.0" />
  <Point X="76.0" Y="131.0" />
  <Point X="77.0" Y="131.0" />
  <Point X="78.0" Y="130.0" />
  <Point X="79.0" Y="130.0" />
  <Point X="79.0" Y="129.06486722946866" />
  <Point X="79.0" Y="129.0" />
  <Point X="80.0" Y="128.0" />
  <Point X="82.0" Y="127.0" />
  <Point X="83.0" Y="126.0" />
  <Point X="83.0" Y="125.0" />
  <Point X="84.09118686324904" Y="124.45440656837549" />
  <Point X="85.0" Y="124.0" />
  <Point X="87.0" Y="123.0" />
  <Point X="87.0" Y="122.0" />
  <Point X="88.0" Y="121.0" />
  <Point X="89.0" Y="121.0" />
  <Point X="89.48294036692414" Y="120.51705963307586" />
  <Point X="90.0" Y="120.0" />
  <Point X="91.0" Y="119.0" />
  <Point X="92.0" Y="118.0" />
  <Point X="94.0" Y="116.0" />
  <Point X="94.85977648929558" Y="115.5701117553522" />
  <Point X="96.0" Y="115.0" />
  <Point X="96.0" Y="114.0" />
  <Point X="97.0" Y="113.0" />
  <Point X="99.0" Y="112.0" />
  <Point X="100.0" Y="111.0" />
  <Point X="100.00710118413964" Y="110.99289881586036" />
  <Point X="101.0" Y="110.0" />
  <Point X="103.0" Y="109.0" />
  <Point X="104.0" Y="108.0" />
  <Point X="106.0" Y="107.0" />
  <Point X="106.02630771723838" Y="106.94738456552324" />
  <Point X="107.0" Y="105.0" />
  <Point X="108.0" Y="105.0" />
  <Point X="110.0" Y="103.0" />
  <Point X="110.95012317127096" Y="102.04987682872904" />
  <Point X="111.0" Y="102.0" />
  <Point X="113.0" Y="101.0" />
  <Point X="115.0" Y="99.0" />
  <Point X="116.9805433155906" Y="98.00972834220471" />
  <Point X="117.0" Y="98.0" />
  <Point X="118.0" Y="97.0" />
  <Point X="120.0" Y="95.0" />
  <Point X="121.0" Y="95.0" />
  <Point X="122.47428398848646" Y="93.52571601151354" />
  <Point X="123.0" Y="93.0" />
  <Point X="124.0" Y="92.0" />
  <Point X="125.0" Y="90.0" />
  <Point X="127.0" Y="89.0" />
  <Point X="127.64356013263706" Y="88.67821993368146" />
  <Point X="129.0" Y="88.0" />
  <Point X="130.0" Y="87.0" />
  <Point X="131.0" Y="86.0" />
  <Point X="133.0" Y="85.0" />
  <Point X="133.54327392672013" Y="84.45672607327987" />
  <Point X="135.0" Y="83.0" />
  <Point X="136.0" Y="83.0" />
  <Point X="138.0" Y="81.0" />
  <Point X="139.0" Y="80.0" />
  <Point X="139.0329397748188" Y="79.9670602251812" />
  <Point X="140.0" Y="79.0" />
  <Point X="142.0" Y="78.0" />
  <Point X="143.0" Y="77.0" />
  <Point X="144.0" Y="76.0" />
  <Point X="144.4101939448197" Y="75.17961211036062" />
  <Point X="145.0" Y="74.0" />
  <Point X="147.0" Y="73.0" />
  <Point X="148.0" Y="73.0" />
  <Point X="149.0" Y="71.0" />
  <Point X="149.5583639449807" Y="71.0" />
  <Point X="152.0" Y="71.0" />
  <Point X="152.0" Y="69.0" />
  <Point X="154.0" Y="69.0" />
  <Point X="154.40594037704528" Y="68.18811924590945" />
  <Point X="155.0" Y="67.0" />
  <Point X="156.0" Y="66.0" />
  <Point X="159.0" Y="65.0" />
  <Point X="159.0" Y="64.0" />
  <Point X="159.39757057050235" Y="63.801214714748824" />
  <Point X="161.0" Y="63.0" />
  <Point X="162.0" Y="62.0" />
  <Point X="163.0" Y="62.0" />
  <Point X="164.0" Y="61.0" />
  <Point X="165.0" Y="61.0" />
  <Point X="165.51572737018793" Y="60.484272629812075" />
  <Point X="167.0" Y="59.0" />
  <Point X="168.0" Y="57.0" />
  <Point X="169.0" Y="57.0" />
  <Point X="170.0" Y="56.0" />
  <Point X="170.53664406961636" Y="55.73167796519183" />
  <Point X="172.0" Y="55.0" />
  <Point X="173.0" Y="54.0" />
  <Point X="174.0" Y="54.0" />
  <Point X="175.0" Y="53.0" />
  <Point X="176.0" Y="52.0" />
  <Point X="176.3327814062169" Y="51.66721859378311" />
  <Point X="177.0" Y="51.0" />
  <Point X="178.0" Y="51.0" />
  <Point X="179.0" Y="50.0" />
  <Point X="180.0" Y="49.0" />
  <Point X="180.0" Y="48.0" />
  <Point X="181.0" Y="48.0" />
  <Point X="181.57732962376267" Y="48.0" />
  <Point X="182.0" Y="48.0" />
  <Point X="182.0" Y="47.0" />
  <Point X="183.0" Y="46.0" />
  <Point X="185.0" Y="45.0" />
  <Point X="185.0" Y="44.0" />
  <Point X="186.0" Y="44.0" />
  <Point X="186.0" Y="43.72360558320578" />
  <Point X="186.0" Y="43.0" />
  <Point X="187.0" Y="43.0" />
  <Point X="187.0" Y="42.0" />
  <Point X="188.0" Y="42.0" />
  <Point X="189.0" Y="42.0" />
  <Point X="189.0" Y="41.0" />
  <Point X="189.0" Y="40.0" />
  <Point X="189.62574074969865" Y="40.0" />
  <Point X="190.0" Y="40.0" />
  <Point X="190.0" Y="39.0" />
  <Point X="191.0" Y="39.0" />
  <Point X="190.0" Y="39.0" />
  <Point X="189.0" Y="39.0" />
  <Point X="188.0" Y="39.0" />
  <Point X="187.0" Y="39.0" />
  <Point X="186.0249129173969" Y="39.0" />
  <Point X="186.0" Y="39.0" />
  <Point X="186.0" Y="40.0" />
  <Point X="185.0" Y="40.0" />
  <Point X="185.0" Y="41.0" />
  <Point X="184.0" Y="41.0" />
  <Point X="183.0" Y="41.0" />
  <Point X="182.0" Y="42.0" />
  <Point X="181.08978014686556" Y="42.0" />
  <Point X="181.0" Y="42.0" />
  <Point X="180.0" Y="42.0" />
  <Point X="180.0" Y="43.0" />
  <Point X="179.0" Y="43.0" />
  <Point X="178.0" Y="43.0" />
  <Point X="177.0" Y="43.0" />
  <Point X="177.0" Y="44.0" />
  <Point X="176.0" Y="44.0" />
  <Point X="176.0" Y="44.259566186038874" />
  <Point X="176.0" Y="45.0" />
  <Point X="175.0" Y="45.0" />
  <Point X="174.0" Y="46.0" />
  <Point X="173.0" Y="46.0" />
  <Point X="172.0" Y="46.0" />
  <Point X="171.0" Y="47.0" />
  <Point X="170.21951460580289" Y="47.0" />
  <Point X="170.0" Y="47.0" />
  <Point X="169.0" Y="48.0" />
  <Point X="168.0" Y="48.0" />
  <Point X="167.0" Y="49.0" />
  <Point X="166.0" Y="49.0" />
  <Point X="165.0" Y="50.0" />
  <Point X="164.11280896001773" Y="50.0" />
  <Point X="163.0" Y="50.0" />
  <Point X="162.0" Y="51.0" />
  <Point X="161.0" Y="52.0" />
  <Point X="160.0" Y="52.0" />
  <Point X="159.0" Y="52.0" />
  <Point X="158.00431569488157" Y="52.99568430511843" />
  <Point X="158.0" Y="53.0" />
  <Point X="157.0" Y="54.0" />
  <Point X="156.0" Y="54.0" />
  <Point X="155.0" Y="54.0" />
  <Point X="154.0" Y="55.0" />
  <Point X="153.0" Y="55.0" />
  <Point X="152.0" Y="55.0" />
  <Point X="151.63597019034253" Y="55.36402980965745" />
  <Point X="151.0" Y="56.0" />
  <Point X="150.0" Y="57.0" />
  <Point X="149.0" Y="57.0" />
  <Point X="147.0" Y="57.0" />
  <Point X="146.0" Y="58.0" />
  <Point X="145.37847846028916" Y="58.0" />
  <Point X="145.0" Y="58.0" />
  <Point X="144.0" Y="59.0" />
  <Point X="142.0" Y="59.0" />
  <Point X="141.0" Y="60.0" />
  <Point X="140.0" Y="60.0" />
  <Point X="139.0" Y="60.0" />
  <Point X="138.87259712199952" Y="60.06370143900024" />
  <Point X="137.0" Y="61.0" />
  <Point X="135.0" Y="62.0" />
  <Point X="134.0" Y="63.0" />
  <Point X="133.0" Y="63.0" />
  <Point X="132.39456243659913" Y="63.0" />
  <Point X="132.0" Y="63.0" />
  <Point X="130.0" Y="63.0" />
  <Point X="130.0" Y="65.0" />
  <Point X="128.0" Y="65.0" />
  <Point X="127.04521610369468" Y="65.0" />
  <Point X="127.0" Y="65.0" />
  <Point X="125.0" Y="65.0" />
  <Point X="124.0" Y="66.0" />
  <Point X="123.0" Y="67.0" />
  <Point X="122.0" Y="68.0" />
  <Point X="121.0" Y="68.0" />
  <Point X="120.93851045790953" Y="68.0" />
  <Point X="120.0" Y="68.0" />
  <Point X="119.0" Y="68.0" />
  <Point X="117.0" Y="69.0" />
  <Point X="116.0" Y="70.0" />
  <Point X="115.0" Y="70.0" />
  <Point X="114.23944566487798" Y="70.0" />
  <Point X="113.0" Y="70.0" />
  <Point X="113.0" Y="71.0" />
  <Point X="112.0" Y="71.0" />
  <Point X="111.0" Y="71.0" />
  <Point X="110.0" Y="71.0" />
  <Point X="110.0" Y="72.0" />
  <Point X="109.0" Y="72.0" />
  <Point X="109.0" Y="72.10990066802647" />
  <Point X="109.0" Y="73.0" />
  <Point X="108.0" Y="73.0" />
  <Point X="107.0" Y="73.0" />
  <Point X="107.0" Y="74.0" />
  <Point X="106.0" Y="74.0" />
  <Point X="107.0" Y="74.0" />
  <Point X="107.0" Y="73.0" />
  <Point X="107.45924700093092" Y="73.0" />
  <Point X="108.0" Y="73.0" />
  <Point X="108.0" Y="72.0" />
  <Point X="109.0" Y="72.0" />
  <Point X="110.0" Y="71.0" />
  <Point X="111.0" Y="71.0" />
  <Point X="112.0" Y="71.0" />
  <Point X="112.0" Y="70.0" />
  <Point X="112.39437977146225" Y="70.0" />
  <Point X="114.0" Y="70.0" />
  <Point X="115.0" Y="69.0" />
  <Point X="116.0" Y="68.0" />
  <Point X="117.0" Y="68.0" />
  <Point X="118.0" Y="68.0" />
  <Point X="118.64721411530279" Y="67.35278588469721" />
  <Point X="119.0" Y="67.0" />
  <Point X="121.0" Y="67.0" />
  <Point X="121.0" Y="66.0" />
  <Point X="122.0" Y="66.0" />
  <Point X="123.0" Y="65.0" />
  <Point X="124.0" Y="65.0" />
  <Point X="124.43621818777876" Y="65.0" />
  <Point X="125.0" Y="65.0" />
  <Point X="126.0" Y="64.0" />
  <Point X="127.0" Y="64.0" />
  <Point X="128.0" Y="64.0" />
  <Point X="129.0" Y="63.0" />
  <Point X="130.0" Y="62.0" />
  <Point X="130.54292383356392" Y="62.0" />
  <Point X="131.0" Y="62.0" />
  <Point X="132.0" Y="61.0" />
  <Point X="133.0" Y="61.0" />
  <Point X="134.0" Y="61.0" />
  <Point X="136.0" Y="60.0" />
  <Point X="137.0" Y="60.0" />
  <Point X="137.17111179883568" Y="59.82888820116432" />
  <Point X="138.0" Y="59.0" />
  <Point X="139.0" Y="59.0" />
  <Point X="140.0" Y="59.0" />
  <Point X="141.0" Y="59.0" />
  <Point X="142.0" Y="58.0" />
  <Point X="143.0" Y="57.0" />
  <Point X="143.34869427238064" Y="57.0" />
  <Point X="144.0" Y="57.0" />
  <Point X="145.0" Y="57.0" />
  <Point X="146.0" Y="57.0" />
  <Point X="148.0" Y="55.0" />
  <Point X="149.0" Y="55.0" />
  <Point X="149.77780594265406" Y="54.61109702867297" />
  <Point X="151.0" Y="54.0" />
  <Point X="152.0" Y="54.0" />
  <Point X="154.0" Y="53.0" />
  <Point X="156.0" Y="53.0" />
  <Point X="156.74682385844375" Y="53.0" />
  <Point X="157.0" Y="53.0" />
  <Point X="158.0" Y="52.0" />
  <Point X="159.0" Y="51.0" />
  <Point X="160.0" Y="51.0" />
  <Point X="161.0" Y="51.0" />
  <Point X="162.0" Y="51.0" />
  <Point X="163.0" Y="51.0" />
  <Point X="163.23947667897053" Y="50.88026166051473" />
  <Point X="165.0" Y="50.0" />
  <Point X="166.0" Y="50.0" />
  <Point X="167.0" Y="49.0" />
  <Point X="168.0" Y="49.0" />
  <Point X="169.0" Y="48.0" />
  <Point X="169.55259429726047" Y="48.0" />
  <Point X="170.0" Y="48.0" />
  <Point X="171.0" Y="47.0" />
  <Point X="172.0" Y="47.0" />
  <Point X="173.0" Y="47.0" />
  <Point X="174.0" Y="47.0" />
  <Point X="175.0" Y="46.0" />
  <Point X="176.0" Y="46.0" />
  <Point X="176.05198189819038" Y="45.94801810180963" />
  <Point X="177.0" Y="45.0" />
  <Point X="178.0" Y="45.0" />
  <Point X="179.0" Y="45.0" />
  <Point X="180.0" Y="44.0" />
  <Point X="181.0" Y="44.0" />
  <Point X="182.0" Y="44.0" />
  <Point X="182.59443271357696" Y="44.0" />
  <Point X="183.0" Y="44.0" />
  <Point X="183.0" Y="43.0" />
  <Point X="184.0" Y="43.0" />
  <Point X="185.0" Y="43.0" />
  <Point X="185.0" Y="42.0" />
  <Point X="186.0" Y="42.0" />
  <Point X="187.0" Y="42.0" />
  <Point X="187.9437790464814" Y="42.0" />
  <Point X="188.0" Y="42.0" />
  <Point X="188.0" Y="41.0" />
  <Point X="189.0" Y="41.0" />
  <Point X="190.0" Y="41.0" />
  <Point X="190.0" Y="40.0" />
  <Point X="191.0" Y="40.0" />
  <Point X="192.0" Y="40.0" />
  <Point X="193.0" Y="40.0" />
  <Point X="193.0" Y="39.70687462061415" />
  <Point X="193.0" Y="39.0" />
  <Point X="194.0" Y="39.0" />
  <Point X="195.0" Y="39.0" />
  <Point X="196.0" Y="39.0" />
  <Point X="197.0" Y="39.0" />
  <Point X="197.0" Y="38.0" />
  <Point X="197.0" Y="37.0" />
  <Point X="197.6424717122903" Y="37.0" />
  <Point X="198.0" Y="37.0" />
  <Point X="199.0" Y="37.0" />
  <Point X="199.0" Y="38.0" />
  <Point X="199.0" Y="39.0" />
  <Point X="199.0" Y="40.0" />
  <Point X="198.0" Y="40.0" />
  <Point X="198.0" Y="41.0" />
  <Point X="198.0" Y="41.99181804519474" />
  <Point X="198.0" Y="42.0" />
  <Point X="198.0" Y="43.0" />
  <Point X="198.0" Y="44.0" />
  <Point X="197.0" Y="44.0" />
  <Point X="197.0" Y="45.0" />
  <Point X="197.0" Y="46.0" />
  <Point X="197.0" Y="47.0" />
  <Point X="197.0" Y="48.0" />
  <Point X="197.0" Y="48.34116437809918" />
  <Point X="197.0" Y="49.0" />
  <Point X="197.0" Y="50.0" />
  <Point X="196.0" Y="50.0" />
  <Point X="196.0" Y="51.0" />
  <Point X="196.0" Y="52.0" />
  <Point X="196.0" Y="53.0" />
  <Point X="196.0" Y="54.0" />
  <Point X="195.5117351937674" Y="54.48826480623261" />
  <Point X="195.0" Y="55.0" />
  <Point X="195.0" Y="56.0" />
  <Point X="195.0" Y="57.0" />
  <Point X="194.0" Y="58.0" />
  <Point X="194.0" Y="59.0" />
  <Point X="194.0" Y="60.0" />
  <Point X="194.0" Y="61.0" />
  <Point X="193.85049647041492" Y="61.149503529585076" />
  <Point X="193.0" Y="62.0" />
  <Point X="193.0" Y="63.0" />
  <Point X="193.0" Y="64.0" />
  <Point X="193.0" Y="65.0" />
  <Point X="192.0" Y="66.0" />
  <Point X="192.0" Y="67.0" />
  <Point X="192.0" Y="67.7323491273201" />
  <Point X="192.0" Y="68.0" />
  <Point X="192.0" Y="69.0" />
  <Point X="190.0" Y="69.0" />
  <Point X="190.0" Y="71.0" />
  <Point X="190.0" Y="72.0" />
  <Point X="190.0" Y="73.0" />
  <Point X="190.0" Y="73.08169546022455" />
  <Point X="190.0" Y="74.0" />
  <Point X="190.0" Y="75.0" />
  <Point X="189.0" Y="75.0" />
  <Point X="189.0" Y="76.0" />
  <Point X="189.0" Y="77.0" />
  <Point X="189.0" Y="78.0" />
  <Point X="189.0" Y="79.0" />
  <Point X="189.0" Y="79.431041793129" />
  <Point X="189.0" Y="80.0" />
  <Point X="188.0" Y="80.0" />
  <Point X="188.0" Y="82.0" />
  <Point X="188.0" Y="83.0" />
  <Point X="188.0" Y="84.0" />
  <Point X="188.0" Y="85.0" />
  <Point X="187.44818226412428" Y="85.5518177358757" />
  <Point X="187.0" Y="86.0" />
  <Point X="187.0" Y="87.0" />
  <Point X="186.0" Y="88.0" />
  <Point X="186.0" Y="89.0" />
  <Point X="186.0" Y="90.0" />
  <Point X="186.0" Y="91.0" />
  <Point X="186.0" Y="92.0" />
  <Point X="186.0" Y="92.30130733419169" />
  <Point X="186.0" Y="93.0" />
  <Point X="186.0" Y="94.0" />
  <Point X="185.0" Y="94.0" />
  <Point X="185.0" Y="95.0" />
  <Point X="185.0" Y="94.0" />
  <Point X="185.0" Y="93.0" />
  <Point X="185.0" Y="92.0" />
  <Point X="185.0" Y="91.34934633290386" />
  <Point X="185.0" Y="91.0" />
  <Point X="185.0" Y="90.0" />
  <Point X="185.0" Y="89.0" />
  <Point X="185.0" Y="88.0" />
  <Point X="185.0" Y="87.0" />
  <Point X="185.0" Y="86.0" />
  <Point X="185.0" Y="85.0" />
  <Point X="185.0" Y="84.0" />
</Project_1_Part_4>
