<?xml version="1.0" encoding="utf-8" standalone="yes"?>
<Gesture Name="arrow6" Subject="2" Number="2" NumPts="366">
  <Point X="219.0" Y="23.0" />
  <Point X="211.96601992942493" Y="28.461678643034762" />
  <Point X="204.93203985884986" Y="33.923357286069525" />
  <Point X="197.8980597882748" Y="39.38503592910429" />
  <Point X="190.86407971769972" Y="44.84671457213906" />
  <Point X="183.83009964712465" Y="50.30839321517382" />
  <Point X="176.7961195765496" Y="55.77007185820858" />
  <Point X="169.76213950597452" Y="61.23175050124334" />
  <Point X="162.72815943539945" Y="66.6934291442781" />
  <Point X="155.69417936482438" Y="72.15510778731286" />
  <Point X="148.6601992942493" Y="77.61678643034762" />
  <Point X="141.62621922367424" Y="83.07846507338238" />
  <Point X="134.59223915309917" Y="88.54014371641713" />
  <Point X="127.5582590825241" Y="94.0018223594519" />
  <Point X="120.52427901194903" Y="99.46350100248665" />
  <Point X="113.49029894137396" Y="104.92517964552141" />
  <Point X="106.4563188707989" Y="110.38685828855617" />
  <Point X="99.42233880022383" Y="115.84853693159093" />
  <Point X="92.38835872964876" Y="121.31021557462569" />
  <Point X="85.35437865907369" Y="126.77189421766045" />
  <Point X="78.32039858849862" Y="132.2335728606952" />
  <Point X="71.28641851792355" Y="137.69525150372996" />
  <Point X="64.25243844734848" Y="143.15693014676472" />
  <Point X="57.218458376773405" Y="148.61860878979948" />
  <Point X="50.18447830619833" Y="154.08028743283424" />
  <Point X="49.0" Y="155.0" />
  <Point X="49.0" Y="154.0" />
  <Point X="50.0" Y="154.0" />
  <Point X="50.0" Y="153.0" />
  <Point X="51.0" Y="153.0" />
  <Point X="52.0" Y="153.0" />
  <Point X="52.0" Y="152.0" />
  <Point X="53.0" Y="152.0" />
  <Point X="53.0" Y="151.59418291302092" />
  <Point X="53.0" Y="151.0" />
  <Point X="54.0" Y="151.0" />
  <Point X="54.0" Y="150.0" />
  <Point X="55.0" Y="150.0" />
  <Point X="56.0" Y="150.0" />
  <Point X="56.0" Y="149.0" />
  <Point X="57.0" Y="149.0" />
  <Point X="58.0" Y="148.0" />
  <Point X="58.897040584797324" Y="148.0" />
  <Point X="59.0" Y="148.0" />
  <Point X="60.0" Y="147.0" />
  <Point X="61.0" Y="146.0" />
  <Point X="62.0" Y="146.0" />
  <Point X="63.0" Y="145.0" />
  <Point X="64.0" Y="145.0" />
  <Point X="65.0" Y="145.0" />
  <Point X="65.0" Y="144.0" />
  <Point X="65.55983695786938" Y="144.0" />
  <Point X="66.0" Y="144.0" />
  <Point X="67.0" Y="143.0" />
  <Point X="68.0" Y="143.0" />
  <Point X="69.0" Y="142.0" />
  <Point X="70.0" Y="141.0" />
  <Point X="71.0" Y="141.0" />
  <Point X="72.0" Y="140.0" />
  <Point X="72.57163910039993" Y="139.42836089960008" />
  <Point X="73.0" Y="139.0" />
  <Point X="74.0" Y="139.0" />
  <Point X="75.0" Y="139.0" />
  <Point X="76.0" Y="138.0" />
  <Point X="77.0" Y="137.0" />
  <Point X="78.0" Y="137.0" />
  <Point X="78.0" Y="136.0" />
  <Point X="79.47121614164038" Y="136.0" />
  <Point X="80.0" Y="136.0" />
  <Point X="80.0" Y="135.0" />
  <Point X="81.0" Y="135.0" />
  <Point X="83.0" Y="134.0" />
  <Point X="83.0" Y="133.0" />
  <Point X="84.0" Y="133.0" />
  <Point X="85.0" Y="132.0" />
  <Point X="85.72637166195884" Y="132.0" />
  <Point X="86.0" Y="132.0" />
  <Point X="87.0" Y="131.0" />
  <Point X="89.0" Y="130.0" />
  <Point X="90.0" Y="129.0" />
  <Point X="91.0" Y="128.0" />
  <Point X="92.9257912363993" Y="127.03710438180035" />
  <Point X="93.0" Y="127.0" />
  <Point X="94.0" Y="126.0" />
  <Point X="95.0" Y="126.0" />
  <Point X="96.0" Y="125.0" />
  <Point X="98.0" Y="124.0" />
  <Point X="99.0" Y="123.0" />
  <Point X="100.0" Y="123.0" />
  <Point X="100.24307536340321" Y="122.75692463659679" />
  <Point X="101.0" Y="122.0" />
  <Point X="102.0" Y="121.0" />
  <Point X="103.0" Y="121.0" />
  <Point X="104.0" Y="120.0" />
  <Point X="105.0" Y="120.0" />
  <Point X="106.0" Y="119.0" />
  <Point X="107.0" Y="118.0" />
  <Point X="107.1259567357214" Y="117.8740432642786" />
  <Point X="108.0" Y="117.0" />
  <Point X="109.0" Y="117.0" />
  <Point X="110.0" Y="116.0" />
  <Point X="112.0" Y="116.0" />
  <Point X="112.0" Y="115.0" />
  <Point X="114.0" Y="114.0" />
  <Point X="114.0134857155823" Y="113.9865142844177" />
  <Point X="115.0" Y="113.0" />
  <Point X="116.0" Y="112.0" />
  <Point X="117.0" Y="112.0" />
  <Point X="117.0" Y="111.0" />
  <Point X="119.0" Y="110.0" />
  <Point X="119.0" Y="109.0" />
  <Point X="119.86001363982017" Y="109.0" />
  <Point X="121.0" Y="109.0" />
  <Point X="122.0" Y="109.0" />
  <Point X="123.0" Y="108.0" />
  <Point X="124.0" Y="107.0" />
  <Point X="125.0" Y="106.0" />
  <Point X="126.0" Y="105.0" />
  <Point X="126.78389606776142" Y="104.21610393223858" />
  <Point X="127.0" Y="104.0" />
  <Point X="128.0" Y="104.0" />
  <Point X="129.0" Y="103.0" />
  <Point X="131.0" Y="102.0" />
  <Point X="132.0" Y="101.0" />
  <Point X="133.0" Y="100.0" />
  <Point X="134.0" Y="100.0" />
  <Point X="134.0856386099954" Y="99.91436139000457" />
  <Point X="135.0" Y="99.0" />
  <Point X="136.0" Y="98.0" />
  <Point X="137.0" Y="97.0" />
  <Point X="138.0" Y="97.0" />
  <Point X="139.0" Y="96.0" />
  <Point X="140.0" Y="95.0" />
  <Point X="140.95548053204416" Y="95.0" />
  <Point X="141.0" Y="95.0" />
  <Point X="142.0" Y="93.0" />
  <Point X="143.0" Y="93.0" />
  <Point X="144.0" Y="92.0" />
  <Point X="145.0" Y="92.0" />
  <Point X="146.0" Y="91.0" />
  <Point X="147.0" Y="91.0" />
  <Point X="147.0" Y="90.20357751001048" />
  <Point X="147.0" Y="90.0" />
  <Point X="148.0" Y="89.0" />
  <Point X="149.0" Y="89.0" />
  <Point X="149.0" Y="88.0" />
  <Point X="150.0" Y="88.0" />
  <Point X="151.0" Y="87.0" />
  <Point X="152.0" Y="87.0" />
  <Point X="152.0" Y="86.0" />
  <Point X="152.0" Y="85.12656757456533" />
  <Point X="152.0" Y="85.0" />
  <Point X="153.0" Y="85.0" />
  <Point X="154.0" Y="85.0" />
  <Point X="154.0" Y="84.0" />
  <Point X="155.0" Y="84.0" />
  <Point X="156.0" Y="84.0" />
  <Point X="156.0" Y="83.0" />
  <Point X="157.0" Y="83.0" />
  <Point X="158.0" Y="82.0" />
  <Point X="158.0" Y="81.63534407674709" />
  <Point X="158.0" Y="81.0" />
  <Point X="159.0" Y="81.0" />
  <Point X="159.0" Y="80.0" />
  <Point X="160.0" Y="80.0" />
  <Point X="160.0" Y="79.0" />
  <Point X="161.0" Y="79.0" />
  <Point X="161.0" Y="78.0" />
  <Point X="162.0" Y="78.0" />
  <Point X="162.0" Y="77.0" />
  <Point X="162.27009298344424" Y="77.0" />
  <Point X="163.0" Y="77.0" />
  <Point X="163.0" Y="76.0" />
  <Point X="163.0" Y="75.0" />
  <Point X="164.0" Y="75.0" />
  <Point X="164.0" Y="74.0" />
  <Point X="165.0" Y="73.0" />
  <Point X="165.0" Y="72.0" />
  <Point X="166.0" Y="72.0" />
  <Point X="165.2386835187375" Y="72.0" />
  <Point X="165.0" Y="72.0" />
  <Point X="164.0" Y="72.0" />
  <Point X="163.0" Y="72.0" />
  <Point X="162.0" Y="72.0" />
  <Point X="162.0" Y="73.0" />
  <Point X="161.0" Y="73.0" />
  <Point X="160.0" Y="73.0" />
  <Point X="159.0" Y="73.0" />
  <Point X="159.0" Y="74.0" />
  <Point X="158.33324645854617" Y="74.0" />
  <Point X="158.0" Y="74.0" />
  <Point X="157.0" Y="74.0" />
  <Point X="157.0" Y="75.0" />
  <Point X="156.0" Y="75.0" />
  <Point X="155.0" Y="75.0" />
  <Point X="155.0" Y="76.0" />
  <Point X="154.0" Y="76.0" />
  <Point X="153.0" Y="77.0" />
  <Point X="152.0" Y="77.0" />
  <Point X="151.88829336425894" Y="77.11170663574106" />
  <Point X="151.0" Y="78.0" />
  <Point X="150.0" Y="78.0" />
  <Point X="149.0" Y="79.0" />
  <Point X="148.0" Y="79.0" />
  <Point X="147.0" Y="80.0" />
  <Point X="146.0" Y="80.0" />
  <Point X="145.0" Y="80.0" />
  <Point X="144.41962555431385" Y="80.58037444568616" />
  <Point X="144.0" Y="81.0" />
  <Point X="143.0" Y="82.0" />
  <Point X="142.0" Y="82.0" />
  <Point X="141.0" Y="82.0" />
  <Point X="141.0" Y="83.0" />
  <Point X="140.0" Y="83.0" />
  <Point X="139.0" Y="83.0" />
  <Point X="139.0" Y="84.0" />
  <Point X="138.10221665221073" Y="84.0" />
  <Point X="138.0" Y="84.0" />
  <Point X="137.0" Y="84.0" />
  <Point X="137.0" Y="85.0" />
  <Point X="136.0" Y="85.0" />
  <Point X="136.0" Y="86.0" />
  <Point X="135.0" Y="86.0" />
  <Point X="134.0" Y="86.0" />
  <Point X="134.0" Y="87.0" />
  <Point X="133.0" Y="87.0" />
  <Point X="132.1967795920194" Y="87.0" />
  <Point X="132.0" Y="87.0" />
  <Point X="131.0" Y="88.0" />
  <Point X="130.0" Y="88.0" />
  <Point X="130.0" Y="89.0" />
  <Point X="129.0" Y="89.0" />
  <Point X="128.0" Y="89.0" />
  <Point X="128.0" Y="90.0" />
  <Point X="127.0" Y="90.0" />
  <Point X="127.0" Y="89.0" />
  <Point X="127.29444390579884" Y="89.0" />
  <Point X="128.0" Y="89.0" />
  <Point X="129.0" Y="89.0" />
  <Point X="129.0" Y="88.0" />
  <Point X="130.0" Y="88.0" />
  <Point X="130.0" Y="87.0" />
  <Point X="131.0" Y="87.0" />
  <Point X="132.0" Y="87.0" />
  <Point X="133.0" Y="86.0" />
  <Point X="133.55555074885487" Y="85.44444925114513" />
  <Point X="134.0" Y="85.0" />
  <Point X="135.0" Y="85.0" />
  <Point X="135.0" Y="84.0" />
  <Point X="136.0" Y="84.0" />
  <Point X="137.0" Y="84.0" />
  <Point X="138.0" Y="84.0" />
  <Point X="138.0" Y="83.0" />
  <Point X="139.0" Y="83.0" />
  <Point X="140.0" Y="83.0" />
  <Point X="140.19579143405377" Y="82.80420856594623" />
  <Point X="141.0" Y="82.0" />
  <Point X="142.0" Y="81.0" />
  <Point X="143.0" Y="81.0" />
  <Point X="144.0" Y="81.0" />
  <Point X="144.0" Y="80.0" />
  <Point X="146.0" Y="80.0" />
  <Point X="146.95735246281234" Y="79.04264753718768" />
  <Point X="147.0" Y="79.0" />
  <Point X="148.0" Y="79.0" />
  <Point X="149.0" Y="79.0" />
  <Point X="150.0" Y="78.0" />
  <Point X="151.0" Y="77.0" />
  <Point X="152.0" Y="77.0" />
  <Point X="153.0" Y="77.0" />
  <Point X="154.0" Y="77.0" />
  <Point X="154.0" Y="76.0" />
  <Point X="154.01669720995253" Y="76.0" />
  <Point X="155.0" Y="76.0" />
  <Point X="156.0" Y="76.0" />
  <Point X="157.0" Y="75.0" />
  <Point X="158.0" Y="75.0" />
  <Point X="158.0" Y="74.0" />
  <Point X="159.0" Y="74.0" />
  <Point X="160.0" Y="74.0" />
  <Point X="161.0" Y="73.0" />
  <Point X="161.09370714539767" Y="73.0" />
  <Point X="162.0" Y="73.0" />
  <Point X="163.0" Y="73.0" />
  <Point X="164.0" Y="73.0" />
  <Point X="164.0" Y="72.0" />
  <Point X="165.0" Y="72.0" />
  <Point X="166.0" Y="71.0" />
  <Point X="167.0" Y="71.0" />
  <Point X="168.0" Y="71.0" />
  <Point X="168.0" Y="70.41506935678409" />
  <Point X="168.0" Y="70.0" />
  <Point X="168.0" Y="71.0" />
  <Point X="168.0" Y="72.0" />
  <Point X="168.0" Y="73.0" />
  <Point X="169.0" Y="73.0" />
  <Point X="169.0" Y="74.0" />
  <Point X="169.0" Y="75.0" />
  <Point X="169.0" Y="76.0" />
  <Point X="169.0" Y="77.0" />
  <Point X="169.0" Y="77.49036770340726" />
  <Point X="169.0" Y="78.0" />
  <Point X="169.0" Y="79.0" />
  <Point X="169.0" Y="80.0" />
  <Point X="169.0" Y="81.0" />
  <Point X="169.0" Y="82.0" />
  <Point X="169.0" Y="83.0" />
  <Point X="169.0" Y="84.0" />
  <Point X="169.0" Y="85.0" />
  <Point X="169.0" Y="86.0" />
  <Point X="169.0" Y="86.39580476359859" />
  <Point X="169.0" Y="87.0" />
  <Point X="169.0" Y="88.0" />
  <Point X="169.0" Y="89.0" />
  <Point X="169.0" Y="90.0" />
  <Point X="169.0" Y="91.0" />
  <Point X="169.0" Y="92.0" />
  <Point X="168.0" Y="93.0" />
  <Point X="168.0" Y="94.88702826141683" />
  <Point X="168.0" Y="95.0" />
  <Point X="168.0" Y="96.0" />
  <Point X="168.0" Y="97.0" />
  <Point X="168.0" Y="98.0" />
  <Point X="168.0" Y="99.0" />
  <Point X="168.0" Y="100.0" />
  <Point X="168.0" Y="101.0" />
  <Point X="168.0" Y="102.0" />
  <Point X="168.0" Y="103.0" />
  <Point X="167.43964239723567" Y="103.56035760276431" />
  <Point X="167.0" Y="104.0" />
  <Point X="167.0" Y="105.0" />
  <Point X="167.0" Y="106.0" />
  <Point X="167.0" Y="107.0" />
  <Point X="167.0" Y="108.0" />
  <Point X="167.0" Y="109.0" />
  <Point X="167.0" Y="111.0" />
  <Point X="167.0" Y="112.0" />
  <Point X="166.71631118057357" Y="112.0" />
  <Point X="166.0" Y="112.0" />
  <Point X="166.0" Y="113.0" />
  <Point X="166.0" Y="114.0" />
  <Point X="166.0" Y="115.0" />
  <Point X="166.0" Y="116.0" />
  <Point X="166.0" Y="117.0" />
  <Point X="166.0" Y="118.0" />
  <Point X="166.0" Y="119.0" />
  <Point X="166.0" Y="120.0" />
  <Point X="166.0" Y="120.18912587961776" />
  <Point X="166.0" Y="121.0" />
  <Point X="166.0" Y="122.0" />
  <Point X="166.0" Y="123.0" />
  <Point X="166.0" Y="124.0" />
  <Point X="166.0" Y="123.0" />
  <Point X="166.0" Y="122.0" />
  <Point X="166.0" Y="121.0" />
  <Point X="166.0" Y="120.0" />
  <Point X="166.0" Y="119.0" />
  <Point X="166.0" Y="118.9054370601909" />
  <Point X="166.0" Y="118.0" />
  <Point X="166.0" Y="117.0" />
  <Point X="166.0" Y="116.0" />
  <Point X="166.0" Y="115.0" />
  <Point X="166.0" Y="114.0" />
  <Point X="166.0" Y="113.0" />
  <Point X="166.0" Y="111.0" />
  <Point X="166.0" Y="110.0" />
</Project_1_Part_4>
