<?xml version="1.0" encoding="utf-8" standalone="yes"?>
<Gesture Name="arrow7" Subject="2" Number="2" NumPts="362">
  <Point X="99.0" Y="153.0" />
  <Point X="99.0" Y="152.0" />
  <Point X="99.0" Y="151.0" />
  <Point X="99.0" Y="150.0" />
  <Point X="99.0" Y="149.0" />
  <Point X="99.0" Y="148.0" />
  <Point X="99.0" Y="147.94063308936225" />
  <Point X="99.0" Y="147.0" />
  <Point X="99.0" Y="146.0" />
  <Point X="99.0" Y="145.0" />
  <Point X="99.0" Y="144.0" />
  <Point X="99.79106427136664" Y="143.20893572863335" />
  <Point X="100.0" Y="143.0" />
  <Point X="100.0" Y="142.0" />
  <Point X="100.0" Y="141.0" />
  <Point X="100.0" Y="140.0" />
  <Point X="100.0" Y="139.0" />
  <Point X="100.0" Y="138.23611283045986" />
  <Point X="100.0" Y="138.0" />
  <Point X="100.0" Y="137.0" />
  <Point X="100.0" Y="136.0" />
  <Point X="100.0" Y="135.0" />
  <Point X="100.0" Y="134.0" />
  <Point X="100.0" Y="133.1767459198221" />
  <Point X="100.0" Y="133.0" />
  <Point X="100.0" Y="132.0" />
  <Point X="100.0" Y="131.0" />
  <Point X="100.0" Y="130.0" />
  <Point X="101.0" Y="129.0" />
  <Point X="101.0" Y="128.53159257155747" />
  <Point X="101.0" Y="128.0" />
  <Point X="101.0" Y="126.0" />
  <Point X="102.0" Y="125.0" />
  <Point X="102.0" Y="124.0" />
  <Point X="102.0" Y="123.88643922329283" />
  <Point X="102.0" Y="122.0" />
  <Point X="102.0" Y="121.0" />
  <Point X="102.0" Y="120.0" />
  <Point X="102.0" Y="119.0" />
  <Point X="102.0" Y="118.82707231265508" />
  <Point X="102.0" Y="118.0" />
  <Point X="103.0" Y="118.0" />
  <Point X="103.0" Y="116.0" />
  <Point X="103.0" Y="115.0" />
  <Point X="103.0" Y="114.76770540201733" />
  <Point X="103.0" Y="114.0" />
  <Point X="104.0" Y="113.0" />
  <Point X="104.0" Y="112.0" />
  <Point X="104.0" Y="111.0" />
  <Point X="104.0" Y="110.12255205375268" />
  <Point X="104.0" Y="110.0" />
  <Point X="104.0" Y="109.0" />
  <Point X="104.0" Y="108.0" />
  <Point X="105.0" Y="108.0" />
  <Point X="105.0" Y="106.06318514311494" />
  <Point X="105.0" Y="106.0" />
  <Point X="105.0" Y="105.0" />
  <Point X="106.0" Y="104.0" />
  <Point X="106.0" Y="103.0" />
  <Point X="106.0" Y="102.0" />
  <Point X="106.41151366429632" Y="101.58848633570368" />
  <Point X="107.0" Y="101.0" />
  <Point X="107.0" Y="100.0" />
  <Point X="107.0" Y="99.0" />
  <Point X="107.0" Y="98.0" />
  <Point X="107.0" Y="97.0" />
  <Point X="107.16059919057291" Y="96.83940080942709" />
  <Point X="108.0" Y="96.0" />
  <Point X="108.0" Y="95.0" />
  <Point X="108.0" Y="94.0" />
  <Point X="108.0" Y="93.0" />
  <Point X="108.0" Y="92.12772509832101" />
  <Point X="108.0" Y="92.0" />
  <Point X="109.0" Y="91.0" />
  <Point X="109.0" Y="90.0" />
  <Point X="109.0" Y="89.0" />
  <Point X="109.0" Y="88.0" />
  <Point X="109.36587702431264" Y="87.63412297568736" />
  <Point X="110.0" Y="87.0" />
  <Point X="110.0" Y="86.0" />
  <Point X="110.0" Y="85.0" />
  <Point X="110.0" Y="84.0" />
  <Point X="111.0" Y="84.0" />
  <Point X="111.0" Y="83.83741840179171" />
  <Point X="111.0" Y="83.0" />
  <Point X="111.0" Y="82.0" />
  <Point X="111.0" Y="81.0" />
  <Point X="111.0" Y="80.0" />
  <Point X="111.0" Y="79.0" />
  <Point X="111.22194850884604" Y="79.0" />
  <Point X="112.0" Y="79.0" />
  <Point X="112.0" Y="78.0" />
  <Point X="112.0" Y="77.0" />
  <Point X="112.0" Y="76.0" />
  <Point X="112.0" Y="75.0" />
  <Point X="112.0" Y="74.71868458051621" />
  <Point X="112.0" Y="74.0" />
  <Point X="113.0" Y="74.0" />
  <Point X="113.0" Y="73.0" />
  <Point X="113.0" Y="72.0" />
  <Point X="113.0" Y="71.0" />
  <Point X="113.0" Y="70.65931766987846" />
  <Point X="113.0" Y="70.0" />
  <Point X="113.0" Y="69.0" />
  <Point X="114.0" Y="69.0" />
  <Point X="114.0" Y="68.0" />
  <Point X="115.0" Y="68.0" />
  <Point X="115.0" Y="67.59995075924071" />
  <Point X="115.0" Y="67.0" />
  <Point X="115.0" Y="66.0" />
  <Point X="115.0" Y="65.0" />
  <Point X="115.0" Y="64.0" />
  <Point X="116.0" Y="64.0" />
  <Point X="116.0" Y="63.54058384860297" />
  <Point X="116.0" Y="63.0" />
  <Point X="116.0" Y="62.0" />
  <Point X="116.0" Y="61.0" />
  <Point X="117.0" Y="61.0" />
  <Point X="117.0" Y="60.0" />
  <Point X="117.0" Y="59.48121693796523" />
  <Point X="117.0" Y="59.0" />
  <Point X="116.0" Y="59.0" />
  <Point X="115.0" Y="60.0" />
  <Point X="114.0" Y="60.0" />
  <Point X="113.17697267140736" Y="60.823027328592644" />
  <Point X="113.0" Y="61.0" />
  <Point X="112.0" Y="61.0" />
  <Point X="112.0" Y="62.0" />
  <Point X="111.0" Y="62.0" />
  <Point X="110.0" Y="62.0" />
  <Point X="110.0" Y="62.80908975856406" />
  <Point X="110.0" Y="63.0" />
  <Point X="109.0" Y="63.0" />
  <Point X="109.0" Y="64.0" />
  <Point X="108.0" Y="64.0" />
  <Point X="108.0" Y="65.0" />
  <Point X="107.1315433307982" Y="65.0" />
  <Point X="107.0" Y="65.0" />
  <Point X="107.0" Y="66.0" />
  <Point X="106.0" Y="66.0" />
  <Point X="105.0" Y="67.0" />
  <Point X="104.0" Y="68.0" />
  <Point X="104.0" Y="68.09939645509336" />
  <Point X="104.0" Y="69.0" />
  <Point X="103.0" Y="69.0" />
  <Point X="102.0" Y="70.0" />
  <Point X="101.0" Y="70.0" />
  <Point X="101.0" Y="70.744549803358" />
  <Point X="101.0" Y="71.0" />
  <Point X="100.0" Y="71.0" />
  <Point X="100.0" Y="72.0" />
  <Point X="99.0" Y="73.0" />
  <Point X="98.0" Y="73.0" />
  <Point X="98.0" Y="73.38970315162264" />
  <Point X="98.0" Y="74.0" />
  <Point X="97.0" Y="74.0" />
  <Point X="97.0" Y="75.0" />
  <Point X="96.0" Y="76.0" />
  <Point X="95.26824595137472" Y="76.73175404862528" />
  <Point X="95.0" Y="77.0" />
  <Point X="94.0" Y="77.0" />
  <Point X="94.0" Y="78.0" />
  <Point X="93.0" Y="79.0" />
  <Point X="92.10494686272503" Y="79.89505313727497" />
  <Point X="92.0" Y="80.0" />
  <Point X="91.0" Y="81.0" />
  <Point X="91.0" Y="82.0" />
  <Point X="90.0" Y="82.0" />
  <Point X="90.0" Y="83.0" />
  <Point X="89.5032639283296" Y="83.0" />
  <Point X="89.0" Y="83.0" />
  <Point X="89.0" Y="84.0" />
  <Point X="88.0" Y="85.0" />
  <Point X="87.0" Y="85.0" />
  <Point X="87.0" Y="86.0" />
  <Point X="87.0" Y="86.14188941993504" />
  <Point X="87.0" Y="87.0" />
  <Point X="86.0" Y="87.0" />
  <Point X="85.0" Y="88.0" />
  <Point X="85.0" Y="89.0" />
  <Point X="84.44347672152217" Y="89.55652327847783" />
  <Point X="84.0" Y="90.0" />
  <Point X="83.0" Y="90.0" />
  <Point X="83.0" Y="91.0" />
  <Point X="82.0" Y="91.0" />
  <Point X="82.0" Y="92.0" />
  <Point X="82.0" Y="92.43219611646433" />
  <Point X="82.0" Y="93.0" />
  <Point X="81.0" Y="93.0" />
  <Point X="81.0" Y="94.0" />
  <Point X="80.0" Y="94.0" />
  <Point X="80.0" Y="95.0" />
  <Point X="79.50843697289793" Y="95.0" />
  <Point X="79.0" Y="95.0" />
  <Point X="79.0" Y="96.0" />
  <Point X="78.0" Y="97.0" />
  <Point X="78.0" Y="98.0" />
  <Point X="77.0" Y="98.0" />
  <Point X="77.0" Y="98.13671637536672" />
  <Point X="77.0" Y="99.0" />
  <Point X="76.0" Y="99.0" />
  <Point X="76.0" Y="100.0" />
  <Point X="76.0" Y="101.0" />
  <Point X="75.0" Y="101.0" />
  <Point X="75.0" Y="101.19608328600447" />
  <Point X="75.0" Y="102.0" />
  <Point X="74.0" Y="102.0" />
  <Point X="75.0" Y="102.0" />
  <Point X="75.0" Y="101.0" />
  <Point X="75.88773734748769" Y="100.11226265251231" />
  <Point X="76.0" Y="100.0" />
  <Point X="77.0" Y="99.0" />
  <Point X="77.0" Y="98.0" />
  <Point X="78.0" Y="98.0" />
  <Point X="79.0" Y="97.0" />
  <Point X="79.05103643613738" Y="96.94896356386262" />
  <Point X="80.0" Y="96.0" />
  <Point X="80.0" Y="95.0" />
  <Point X="81.0" Y="95.0" />
  <Point X="81.0" Y="94.0" />
  <Point X="81.71732976842532" Y="94.0" />
  <Point X="82.0" Y="94.0" />
  <Point X="82.0" Y="93.0" />
  <Point X="83.0" Y="92.0" />
  <Point X="84.0" Y="92.0" />
  <Point X="84.0" Y="91.0" />
  <Point X="84.36248311668996" Y="91.0" />
  <Point X="85.0" Y="91.0" />
  <Point X="85.0" Y="90.0" />
  <Point X="86.0" Y="90.0" />
  <Point X="86.0" Y="89.0" />
  <Point X="87.0" Y="89.0" />
  <Point X="87.29829301496714" Y="88.70170698503286" />
  <Point X="88.0" Y="88.0" />
  <Point X="89.0" Y="88.0" />
  <Point X="89.0" Y="87.0" />
  <Point X="90.0" Y="86.0" />
  <Point X="90.65278981321924" Y="86.0" />
  <Point X="91.0" Y="86.0" />
  <Point X="91.0" Y="85.0" />
  <Point X="92.0" Y="85.0" />
  <Point X="92.0" Y="84.0" />
  <Point X="93.0" Y="84.0" />
  <Point X="93.0" Y="83.28784327614301" />
  <Point X="93.0" Y="83.0" />
  <Point X="94.0" Y="83.0" />
  <Point X="94.0" Y="82.0" />
  <Point X="95.0" Y="82.0" />
  <Point X="96.0" Y="81.0" />
  <Point X="96.0" Y="80.64268992787837" />
  <Point X="96.0" Y="80.0" />
  <Point X="97.0" Y="80.0" />
  <Point X="97.0" Y="79.0" />
  <Point X="98.0" Y="79.0" />
  <Point X="98.0" Y="78.0" />
  <Point X="98.41667698275938" Y="78.0" />
  <Point X="99.0" Y="78.0" />
  <Point X="100.0" Y="77.0" />
  <Point X="100.0" Y="76.0" />
  <Point X="101.0" Y="75.0" />
  <Point X="101.0" Y="74.35238323134907" />
  <Point X="101.0" Y="74.0" />
  <Point X="102.0" Y="74.0" />
  <Point X="102.0" Y="73.0" />
  <Point X="103.0" Y="73.0" />
  <Point X="104.0" Y="73.0" />
  <Point X="104.0" Y="72.29301632071132" />
  <Point X="104.0" Y="72.0" />
  <Point X="104.0" Y="71.0" />
  <Point X="105.0" Y="71.0" />
  <Point X="105.0" Y="70.0" />
  <Point X="106.0" Y="70.0" />
  <Point X="106.0" Y="69.23364941007357" />
  <Point X="106.0" Y="69.0" />
  <Point X="107.0" Y="69.0" />
  <Point X="108.0" Y="69.0" />
  <Point X="109.0" Y="69.0" />
  <Point X="109.0" Y="68.0" />
  <Point X="109.82571750056418" Y="68.0" />
  <Point X="110.0" Y="68.0" />
  <Point X="110.0" Y="67.0" />
  <Point X="111.0" Y="67.0" />
  <Point X="112.0" Y="67.0" />
  <Point X="113.0" Y="67.0" />
  <Point X="113.0" Y="66.11491558879807" />
  <Point X="113.0" Y="66.0" />
  <Point X="114.0" Y="66.0" />
  <Point X="114.0" Y="65.0" />
  <Point X="115.0" Y="65.0" />
  <Point X="116.0" Y="65.0" />
  <Point X="116.94445132183968" Y="65.0" />
  <Point X="117.0" Y="65.0" />
  <Point X="117.0" Y="66.0" />
  <Point X="117.0" Y="67.0" />
  <Point X="118.0" Y="67.0" />
  <Point X="118.0" Y="68.0" />
  <Point X="118.0" Y="69.0" />
  <Point X="118.00269989807693" Y="69.00269989807693" />
  <Point X="119.0" Y="70.0" />
  <Point X="120.0" Y="70.0" />
  <Point X="120.0" Y="71.0" />
  <Point X="120.0" Y="72.0" />
  <Point X="120.0" Y="72.64897158074206" />
  <Point X="120.0" Y="73.0" />
  <Point X="121.0" Y="73.0" />
  <Point X="121.0" Y="74.0" />
  <Point X="122.0" Y="75.0" />
  <Point X="122.0" Y="76.0" />
  <Point X="122.0" Y="76.2941249290067" />
  <Point X="122.0" Y="77.0" />
  <Point X="123.0" Y="77.0" />
  <Point X="123.0" Y="78.0" />
  <Point X="124.0" Y="78.0" />
  <Point X="124.0" Y="79.0" />
  <Point X="124.0" Y="79.35349183964445" />
  <Point X="124.0" Y="80.0" />
  <Point X="124.0" Y="81.0" />
  <Point X="125.0" Y="81.0" />
  <Point X="125.0" Y="82.0" />
  <Point X="125.0" Y="83.0" />
  <Point X="125.0" Y="83.4128587502822" />
  <Point X="125.0" Y="84.0" />
  <Point X="125.0" Y="85.0" />
  <Point X="126.0" Y="85.0" />
  <Point X="126.0" Y="86.0" />
  <Point X="126.0" Y="87.0" />
  <Point X="126.0" Y="87.47222566091995" />
  <Point X="126.0" Y="88.0" />
  <Point X="127.0" Y="89.0" />
  <Point X="127.0" Y="90.0" />
  <Point X="127.0" Y="91.0" />
  <Point X="127.0" Y="92.0" />
  <Point X="127.0" Y="92.11737900918459" />
  <Point X="127.0" Y="93.0" />
  <Point X="127.0" Y="94.0" />
  <Point X="128.0" Y="94.0" />
  <Point X="128.0" Y="95.0" />
  <Point X="128.0" Y="96.0" />
  <Point X="128.0" Y="96.17674591982234" />
  <Point X="128.0" Y="97.0" />
  <Point X="128.0" Y="98.0" />
  <Point X="129.0" Y="98.0" />
  <Point X="129.0" Y="99.0" />
  <Point X="129.0" Y="100.0" />
  <Point X="129.0" Y="100.23611283046009" />
  <Point X="129.0" Y="101.0" />
  <Point X="129.0" Y="102.0" />
  <Point X="129.0" Y="103.0" />
  <Point X="129.0" Y="104.0" />
  <Point X="129.0" Y="103.0" />
  <Point X="129.0" Y="102.70452025890216" />
  <Point X="129.0" Y="102.0" />
  <Point X="129.0" Y="101.0" />
  <Point X="129.0" Y="100.0" />
  <Point X="129.0" Y="99.0" />
  <Point X="129.9580212549101" Y="98.04197874508988" />
  <Point X="130.0" Y="98.0" />
  <Point X="130.0" Y="97.0" />
  <Point X="130.0" Y="96.0" />
  <Point X="130.0" Y="95.0" />
  <Point X="131.0" Y="95.0" />
  <Point X="131.0" Y="94.0" />
</Project_1_Part_4>
