<?xml version="1.0" encoding="utf-8" standalone="yes"?>
<Gesture Name="arrow1" Subject="2" Number="2" NumPts="373">
  <Point X="57.0" Y="169.0" />
  <Point X="58.0" Y="169.0" />
  <Point X="58.0" Y="168.0" />
  <Point X="59.0" Y="168.0" />
  <Point X="60.0" Y="168.0" />
  <Point X="60.0" Y="167.0" />
  <Point X="60.225591290875826" Y="167.0" />
  <Point X="61.0" Y="167.0" />
  <Point X="62.0" Y="166.0" />
  <Point X="63.0" Y="165.0" />
  <Point X="64.0" Y="165.0" />
  <Point X="64.44035460666949" Y="164.5596453933305" />
  <Point X="65.0" Y="164.0" />
  <Point X="66.0" Y="164.0" />
  <Point X="67.0" Y="163.0" />
  <Point X="68.0" Y="163.0" />
  <Point X="68.0" Y="162.0" />
  <Point X="68.01991962313511" Y="162.0" />
  <Point X="69.0" Y="162.0" />
  <Point X="69.0" Y="161.0" />
  <Point X="70.0" Y="161.0" />
  <Point X="71.0" Y="161.0" />
  <Point X="71.0" Y="160.0" />
  <Point X="71.24551091401094" Y="160.0" />
  <Point X="72.0" Y="160.0" />
  <Point X="73.0" Y="160.0" />
  <Point X="73.0" Y="159.0" />
  <Point X="74.0" Y="159.0" />
  <Point X="75.0" Y="158.0" />
  <Point X="75.0" Y="157.94311135748632" />
  <Point X="75.0" Y="157.0" />
  <Point X="76.0" Y="157.0" />
  <Point X="76.0" Y="156.0" />
  <Point X="77.0" Y="156.0" />
  <Point X="78.0" Y="156.0" />
  <Point X="78.0" Y="155.7175200666105" />
  <Point X="78.0" Y="155.0" />
  <Point X="79.0" Y="155.0" />
  <Point X="81.0" Y="154.0" />
  <Point X="81.0" Y="153.0" />
  <Point X="81.27200324676555" Y="153.0" />
  <Point X="82.0" Y="153.0" />
  <Point X="83.0" Y="152.0" />
  <Point X="84.0" Y="152.0" />
  <Point X="84.0" Y="151.0" />
  <Point X="85.0" Y="151.0" />
  <Point X="85.0" Y="150.91661902473172" />
  <Point X="85.0" Y="150.0" />
  <Point X="86.0" Y="150.0" />
  <Point X="87.0" Y="149.0" />
  <Point X="88.0" Y="149.0" />
  <Point X="88.80029651403663" Y="148.59985174298168" />
  <Point X="90.0" Y="148.0" />
  <Point X="90.0" Y="147.0" />
  <Point X="91.0" Y="147.0" />
  <Point X="92.0" Y="146.0" />
  <Point X="92.33238859199254" Y="145.66761140800745" />
  <Point X="93.0" Y="145.0" />
  <Point X="94.0" Y="145.0" />
  <Point X="94.0" Y="144.0" />
  <Point X="95.0" Y="143.0" />
  <Point X="95.8672326209036" Y="143.0" />
  <Point X="96.0" Y="143.0" />
  <Point X="96.0" Y="142.0" />
  <Point X="98.0" Y="142.0" />
  <Point X="99.0" Y="141.0" />
  <Point X="99.0" Y="140.32138965059366" />
  <Point X="99.0" Y="140.0" />
  <Point X="100.0" Y="140.0" />
  <Point X="100.0" Y="139.0" />
  <Point X="101.0" Y="139.0" />
  <Point X="102.0" Y="138.0" />
  <Point X="102.48998807790908" Y="138.0" />
  <Point X="103.0" Y="138.0" />
  <Point X="103.0" Y="137.0" />
  <Point X="104.0" Y="137.0" />
  <Point X="105.0" Y="136.0" />
  <Point X="105.9202045865181" Y="135.07979541348192" />
  <Point X="106.0" Y="135.0" />
  <Point X="107.0" Y="135.0" />
  <Point X="107.0" Y="134.0" />
  <Point X="108.0" Y="134.0" />
  <Point X="109.0" Y="134.0" />
  <Point X="109.0" Y="133.0" />
  <Point X="109.11274353491454" Y="133.0" />
  <Point X="110.0" Y="133.0" />
  <Point X="111.0" Y="132.0" />
  <Point X="111.0" Y="131.0" />
  <Point X="112.0" Y="131.0" />
  <Point X="112.65345241200103" Y="130.34654758799897" />
  <Point X="113.0" Y="130.0" />
  <Point X="114.0" Y="129.0" />
  <Point X="115.0" Y="129.0" />
  <Point X="116.0" Y="128.0" />
  <Point X="116.0" Y="127.09292813282619" />
  <Point X="116.0" Y="127.0" />
  <Point X="117.0" Y="127.0" />
  <Point X="118.0" Y="127.0" />
  <Point X="118.0" Y="126.0" />
  <Point X="119.0" Y="126.0" />
  <Point X="119.0" Y="125.0" />
  <Point X="119.13266315804964" Y="125.0" />
  <Point X="120.0" Y="125.0" />
  <Point X="120.0" Y="124.0" />
  <Point X="121.0" Y="124.0" />
  <Point X="122.0" Y="123.0" />
  <Point X="122.94404088655237" Y="123.0" />
  <Point X="123.0" Y="123.0" />
  <Point X="123.0" Y="122.0" />
  <Point X="124.0" Y="122.0" />
  <Point X="125.0" Y="121.0" />
  <Point X="126.0" Y="121.0" />
  <Point X="126.0" Y="120.2445813849449" />
  <Point X="126.0" Y="120.0" />
  <Point X="127.0" Y="120.0" />
  <Point X="127.0" Y="119.0" />
  <Point X="128.0" Y="119.0" />
  <Point X="129.0" Y="119.0" />
  <Point X="129.69367875689494" Y="118.30632124310506" />
  <Point X="130.0" Y="118.0" />
  <Point X="131.0" Y="118.0" />
  <Point X="132.0" Y="117.0" />
  <Point X="133.0" Y="116.0" />
  <Point X="133.96396050968747" Y="116.0" />
  <Point X="134.0" Y="116.0" />
  <Point X="134.0" Y="115.0" />
  <Point X="135.0" Y="115.0" />
  <Point X="136.0" Y="114.0" />
  <Point X="137.0" Y="114.0" />
  <Point X="137.77533823819022" Y="114.0" />
  <Point X="138.0" Y="114.0" />
  <Point X="138.0" Y="113.0" />
  <Point X="139.0" Y="113.0" />
  <Point X="140.0" Y="112.0" />
  <Point X="140.0" Y="111.0" />
  <Point X="140.58671596669296" Y="111.0" />
  <Point X="141.0" Y="111.0" />
  <Point X="142.0" Y="111.0" />
  <Point X="142.0" Y="110.0" />
  <Point X="143.0" Y="110.0" />
  <Point X="143.0" Y="109.0" />
  <Point X="143.8123072575688" Y="109.0" />
  <Point X="144.0" Y="109.0" />
  <Point X="144.0" Y="108.0" />
  <Point X="145.0" Y="108.0" />
  <Point X="145.0" Y="107.0" />
  <Point X="146.0" Y="107.0" />
  <Point X="146.0" Y="106.0" />
  <Point X="146.03789854844462" Y="106.0" />
  <Point X="147.0" Y="106.0" />
  <Point X="148.0" Y="105.0" />
  <Point X="148.0" Y="104.0" />
  <Point X="149.0" Y="104.0" />
  <Point X="149.60052901453034" Y="103.39947098546966" />
  <Point X="150.0" Y="103.0" />
  <Point X="151.0" Y="103.0" />
  <Point X="150.0" Y="103.0" />
  <Point X="150.0" Y="102.0" />
  <Point X="149.0" Y="102.0" />
  <Point X="148.33934599454992" Y="102.0" />
  <Point X="148.0" Y="102.0" />
  <Point X="147.0" Y="102.0" />
  <Point X="146.0" Y="102.0" />
  <Point X="145.0" Y="102.0" />
  <Point X="144.0" Y="102.0" />
  <Point X="143.1137547036741" Y="102.0" />
  <Point X="143.0" Y="102.0" />
  <Point X="142.0" Y="102.0" />
  <Point X="141.0" Y="102.0" />
  <Point X="140.0" Y="102.0" />
  <Point X="139.0" Y="102.0" />
  <Point X="138.0" Y="102.0" />
  <Point X="137.88816341279826" Y="102.0" />
  <Point X="137.0" Y="102.0" />
  <Point X="136.0" Y="102.0" />
  <Point X="135.0" Y="102.0" />
  <Point X="134.0" Y="102.0" />
  <Point X="133.0" Y="102.0" />
  <Point X="132.66257212192244" Y="102.0" />
  <Point X="132.0" Y="102.0" />
  <Point X="131.0" Y="102.0" />
  <Point X="130.0" Y="102.0" />
  <Point X="129.0" Y="102.0" />
  <Point X="128.0" Y="103.0" />
  <Point X="127.8511943934197" Y="103.0" />
  <Point X="127.0" Y="103.0" />
  <Point X="127.0" Y="104.0" />
  <Point X="126.0" Y="104.0" />
  <Point X="125.0" Y="104.0" />
  <Point X="124.0" Y="104.0" />
  <Point X="123.62560310254388" Y="104.0" />
  <Point X="123.0" Y="104.0" />
  <Point X="122.0" Y="105.0" />
  <Point X="121.0" Y="105.0" />
  <Point X="120.0" Y="105.0" />
  <Point X="119.0" Y="105.0" />
  <Point X="119.0" Y="105.18577462595886" />
  <Point X="119.0" Y="106.0" />
  <Point X="118.0" Y="106.0" />
  <Point X="117.0" Y="106.0" />
  <Point X="116.0" Y="106.0" />
  <Point X="116.0" Y="107.0" />
  <Point X="115.58863408316532" Y="107.0" />
  <Point X="115.0" Y="107.0" />
  <Point X="114.0" Y="107.0" />
  <Point X="114.0" Y="108.0" />
  <Point X="113.0" Y="108.0" />
  <Point X="112.0" Y="108.0" />
  <Point X="111.54960323910225" Y="108.45039676089775" />
  <Point X="111.0" Y="109.0" />
  <Point X="110.0" Y="109.0" />
  <Point X="109.0" Y="109.0" />
  <Point X="108.0" Y="110.0" />
  <Point X="107.0" Y="110.0" />
  <Point X="107.0" Y="110.03412137384015" />
  <Point X="107.0" Y="111.0" />
  <Point X="106.0" Y="111.0" />
  <Point X="105.0" Y="111.0" />
  <Point X="105.0" Y="112.0" />
  <Point X="104.0" Y="112.0" />
  <Point X="104.0" Y="112.25971266471598" />
  <Point X="104.0" Y="113.0" />
  <Point X="103.0" Y="113.0" />
  <Point X="102.0" Y="113.0" />
  <Point X="103.0" Y="113.0" />
  <Point X="104.0" Y="113.0" />
  <Point X="104.4853039555918" Y="113.0" />
  <Point X="105.0" Y="113.0" />
  <Point X="106.0" Y="113.0" />
  <Point X="107.0" Y="113.0" />
  <Point X="108.0" Y="113.0" />
  <Point X="109.0" Y="113.0" />
  <Point X="109.71089524646763" Y="113.0" />
  <Point X="110.0" Y="113.0" />
  <Point X="110.0" Y="112.0" />
  <Point X="111.0" Y="112.0" />
  <Point X="112.0" Y="111.0" />
  <Point X="113.0" Y="111.0" />
  <Point X="113.52227297497036" Y="111.0" />
  <Point X="114.0" Y="111.0" />
  <Point X="115.0" Y="111.0" />
  <Point X="115.0" Y="110.0" />
  <Point X="116.0" Y="110.0" />
  <Point X="117.0" Y="110.0" />
  <Point X="117.74786426584619" Y="110.0" />
  <Point X="118.0" Y="110.0" />
  <Point X="118.0" Y="109.0" />
  <Point X="119.0" Y="109.0" />
  <Point X="120.0" Y="109.0" />
  <Point X="121.0" Y="108.0" />
  <Point X="121.55924199434892" Y="108.0" />
  <Point X="122.0" Y="108.0" />
  <Point X="123.0" Y="107.0" />
  <Point X="124.0" Y="107.0" />
  <Point X="125.0" Y="107.0" />
  <Point X="125.0" Y="106.0" />
  <Point X="125.37061972285166" Y="106.0" />
  <Point X="126.0" Y="106.0" />
  <Point X="127.0" Y="106.0" />
  <Point X="128.0" Y="106.0" />
  <Point X="129.0" Y="106.0" />
  <Point X="129.0" Y="105.0" />
  <Point X="129.5962110137275" Y="105.0" />
  <Point X="130.0" Y="105.0" />
  <Point X="131.0" Y="105.0" />
  <Point X="132.0" Y="104.0" />
  <Point X="133.0" Y="104.0" />
  <Point X="133.99531554475283" Y="103.00468445524716" />
  <Point X="134.0" Y="103.0" />
  <Point X="135.0" Y="103.0" />
  <Point X="136.0" Y="103.0" />
  <Point X="137.0" Y="102.0" />
  <Point X="138.0" Y="102.0" />
  <Point X="138.0" Y="101.19524709164014" />
  <Point X="138.0" Y="101.0" />
  <Point X="140.0" Y="101.0" />
  <Point X="141.0" Y="101.0" />
  <Point X="141.0" Y="100.0" />
  <Point X="142.0" Y="100.0" />
  <Point X="142.03034419923569" Y="100.0" />
  <Point X="143.0" Y="100.0" />
  <Point X="143.0" Y="99.0" />
  <Point X="144.0" Y="99.0" />
  <Point X="145.0" Y="99.0" />
  <Point X="145.0" Y="98.0" />
  <Point X="145.2559354901115" Y="98.0" />
  <Point X="146.0" Y="98.0" />
  <Point X="147.0" Y="98.0" />
  <Point X="147.0" Y="97.0" />
  <Point X="148.0" Y="97.0" />
  <Point X="149.0" Y="97.0" />
  <Point X="149.48152678098734" Y="97.0" />
  <Point X="150.0" Y="97.0" />
  <Point X="150.0" Y="96.0" />
  <Point X="151.0" Y="96.0" />
  <Point X="152.0" Y="96.0" />
  <Point X="152.0" Y="95.0" />
  <Point X="152.70711807186316" Y="95.0" />
  <Point X="153.0" Y="95.0" />
  <Point X="154.0" Y="95.0" />
  <Point X="155.0" Y="95.0" />
  <Point X="156.0" Y="95.0" />
  <Point X="157.0" Y="95.0" />
  <Point X="157.932709362739" Y="95.0" />
  <Point X="158.0" Y="95.0" />
  <Point X="159.0" Y="95.0" />
  <Point X="159.0" Y="94.0" />
  <Point X="160.0" Y="94.0" />
  <Point X="161.0" Y="94.0" />
  <Point X="161.0" Y="95.0" />
  <Point X="161.0" Y="95.15830065361482" />
  <Point X="161.0" Y="96.0" />
  <Point X="161.0" Y="97.0" />
  <Point X="161.0" Y="98.0" />
  <Point X="162.0" Y="98.0" />
  <Point X="162.0" Y="99.0" />
  <Point X="162.0" Y="99.38389194449064" />
  <Point X="162.0" Y="100.0" />
  <Point X="162.0" Y="101.0" />
  <Point X="162.0" Y="102.0" />
  <Point X="162.0" Y="103.0" />
  <Point X="162.0" Y="104.0" />
  <Point X="162.0" Y="104.60948323536647" />
  <Point X="162.0" Y="105.0" />
  <Point X="163.0" Y="105.0" />
  <Point X="163.0" Y="106.0" />
  <Point X="163.0" Y="107.0" />
  <Point X="163.0" Y="108.0" />
  <Point X="163.0" Y="108.8350745262423" />
  <Point X="163.0" Y="109.0" />
  <Point X="163.0" Y="110.0" />
  <Point X="163.0" Y="111.0" />
  <Point X="163.0" Y="112.0" />
  <Point X="163.0" Y="113.0" />
  <Point X="163.0" Y="114.0" />
  <Point X="163.0" Y="114.06066581711812" />
  <Point X="163.0" Y="115.0" />
  <Point X="163.0" Y="116.0" />
  <Point X="163.0" Y="117.0" />
  <Point X="163.0" Y="118.0" />
  <Point X="163.0" Y="119.0" />
  <Point X="163.0" Y="119.28625710799395" />
  <Point X="163.0" Y="120.0" />
  <Point X="163.0" Y="121.0" />
  <Point X="163.0" Y="122.0" />
  <Point X="163.0" Y="123.0" />
  <Point X="163.0" Y="124.0" />
  <Point X="163.0" Y="124.51184839886977" />
  <Point X="163.0" Y="125.0" />
  <Point X="163.0" Y="126.0" />
  <Point X="163.0" Y="127.0" />
  <Point X="163.0" Y="128.0" />
  <Point X="163.0" Y="129.0" />
  <Point X="163.0" Y="129.7374396897456" />
  <Point X="163.0" Y="130.0" />
  <Point X="163.0" Y="131.0" />
  <Point X="163.0" Y="132.0" />
  <Point X="163.0" Y="133.0" />
  <Point X="163.0" Y="134.0" />
  <Point X="163.0" Y="134.96303098062143" />
  <Point X="163.0" Y="135.0" />
  <Point X="163.0" Y="136.0" />
  <Point X="163.0" Y="137.0" />
  <Point X="163.0" Y="138.0" />
  <Point X="163.0" Y="139.0" />
  <Point X="163.0" Y="140.0" />
  <Point X="163.0" Y="140.18862227149725" />
  <Point X="163.0" Y="141.0" />
  <Point X="162.0" Y="142.0" />
  <Point X="162.0" Y="143.0" />
  <Point X="161.0" Y="143.0" />
  <Point X="161.0" Y="142.0" />
  <Point X="161.0" Y="142.0" />
</Project_1_Part_4>
