<?xml version="1.0" encoding="utf-8" standalone="yes"?>
<Gesture Name="caret9" Subject="2" Number="2" NumPts="253">
  <Point X="63.0" Y="147.0" />
  <Point X="63.0" Y="146.0" />
  <Point X="63.0" Y="145.0" />
  <Point X="64.0" Y="144.0" />
  <Point X="64.0" Y="143.88134472431676" />
  <Point X="64.0" Y="143.0" />
  <Point X="65.0" Y="143.0" />
  <Point X="65.0" Y="142.0" />
  <Point X="65.4606971189318" Y="141.53930288106818" />
  <Point X="66.0" Y="141.0" />
  <Point X="66.0" Y="140.0" />
  <Point X="67.0" Y="139.0" />
  <Point X="67.0" Y="138.64403417295028" />
  <Point X="67.0" Y="138.0" />
  <Point X="67.0" Y="137.0" />
  <Point X="68.0" Y="137.0" />
  <Point X="68.0" Y="136.11116533489394" />
  <Point X="68.0" Y="136.0" />
  <Point X="69.0" Y="135.0" />
  <Point X="70.0" Y="134.0" />
  <Point X="70.4195097502959" Y="133.5804902497041" />
  <Point X="71.0" Y="133.0" />
  <Point X="72.0" Y="132.0" />
  <Point X="72.0" Y="131.0" />
  <Point X="72.0" Y="130.70228190827365" />
  <Point X="72.0" Y="130.0" />
  <Point X="73.0" Y="130.0" />
  <Point X="73.0" Y="129.0" />
  <Point X="73.8305869297827" Y="129.0" />
  <Point X="74.0" Y="129.0" />
  <Point X="75.0" Y="127.0" />
  <Point X="75.7971835515758" Y="126.2028164484242" />
  <Point X="76.0" Y="126.0" />
  <Point X="76.0" Y="125.0" />
  <Point X="77.0" Y="124.0" />
  <Point X="77.58819228282152" Y="123.41180771717848" />
  <Point X="78.0" Y="123.0" />
  <Point X="79.0" Y="122.0" />
  <Point X="79.68704137459957" Y="120.62591725080085" />
  <Point X="80.0" Y="120.0" />
  <Point X="81.0" Y="120.0" />
  <Point X="82.0" Y="119.0" />
  <Point X="82.0" Y="118.581141484857" />
  <Point X="82.0" Y="118.0" />
  <Point X="83.0" Y="117.0" />
  <Point X="84.0" Y="116.0" />
  <Point X="84.0" Y="115.87669977154685" />
  <Point X="84.0" Y="115.0" />
  <Point X="85.0" Y="115.0" />
  <Point X="85.0" Y="114.0" />
  <Point X="85.4639815965337" Y="113.5360184034663" />
  <Point X="86.0" Y="113.0" />
  <Point X="86.0" Y="112.0" />
  <Point X="87.0" Y="111.0" />
  <Point X="87.0" Y="110.63938922018038" />
  <Point X="87.0" Y="110.0" />
  <Point X="88.0" Y="109.0" />
  <Point X="88.0" Y="108.0" />
  <Point X="88.42866859176505" Y="107.78566570411748" />
  <Point X="90.0" Y="107.0" />
  <Point X="90.0" Y="106.0" />
  <Point X="90.54876217900015" Y="105.45123782099985" />
  <Point X="91.0" Y="105.0" />
  <Point X="92.0" Y="105.0" />
  <Point X="92.0" Y="104.0" />
  <Point X="92.0" Y="103.10527780825733" />
  <Point X="92.0" Y="103.0" />
  <Point X="93.0" Y="103.0" />
  <Point X="93.0" Y="101.0" />
  <Point X="93.42759102979902" Y="101.0" />
  <Point X="94.0" Y="101.0" />
  <Point X="95.0" Y="100.0" />
  <Point X="95.0" Y="99.0" />
  <Point X="95.54624630548226" Y="99.0" />
  <Point X="96.0" Y="99.0" />
  <Point X="96.0" Y="97.0" />
  <Point X="96.76304963567723" Y="96.23695036432277" />
  <Point X="97.0" Y="96.0" />
  <Point X="97.0" Y="95.0" />
  <Point X="98.0" Y="94.0" />
  <Point X="98.78355685684875" Y="94.0" />
  <Point X="99.0" Y="94.0" />
  <Point X="99.0" Y="93.0" />
  <Point X="100.0" Y="92.0" />
  <Point X="100.0" Y="91.09778786746801" />
  <Point X="100.0" Y="91.0" />
  <Point X="101.0" Y="91.0" />
  <Point X="102.0" Y="90.0" />
  <Point X="102.0" Y="89.0" />
  <Point X="102.0" Y="88.97913259178478" />
  <Point X="102.0" Y="88.0" />
  <Point X="103.0" Y="88.0" />
  <Point X="103.0" Y="87.0" />
  <Point X="103.39155065472741" Y="86.60844934527259" />
  <Point X="104.0" Y="86.0" />
  <Point X="104.0" Y="85.0" />
  <Point X="105.0" Y="84.0" />
  <Point X="105.25817795958172" Y="84.0" />
  <Point X="106.0" Y="84.0" />
  <Point X="106.0" Y="82.0" />
  <Point X="106.55935455484577" Y="81.44064544515423" />
  <Point X="107.0" Y="81.0" />
  <Point X="107.0" Y="80.0" />
  <Point X="108.0" Y="79.0" />
  <Point X="108.3503632860915" Y="78.6496367139085" />
  <Point X="109.0" Y="78.0" />
  <Point X="110.0" Y="78.0" />
  <Point X="110.72186704647336" Y="76.55626590705327" />
  <Point X="111.0" Y="76.0" />
  <Point X="112.0" Y="75.0" />
  <Point X="112.0" Y="74.0" />
  <Point X="112.35124191849876" Y="73.64875808150124" />
  <Point X="113.0" Y="73.0" />
  <Point X="113.0" Y="72.0" />
  <Point X="114.0" Y="72.0" />
  <Point X="114.0" Y="71.38461363950186" />
  <Point X="114.0" Y="71.0" />
  <Point X="115.0" Y="70.0" />
  <Point X="116.0" Y="69.0" />
  <Point X="116.14303146282963" Y="68.71393707434075" />
  <Point X="117.0" Y="67.0" />
  <Point X="118.0" Y="66.0" />
  <Point X="118.0" Y="65.79758462800827" />
  <Point X="118.0" Y="65.0" />
  <Point X="119.0" Y="65.0" />
  <Point X="120.0" Y="64.0" />
  <Point X="120.0" Y="63.67892935232502" />
  <Point X="120.0" Y="63.0" />
  <Point X="121.0" Y="63.0" />
  <Point X="121.0" Y="62.0" />
  <Point X="121.85393948573132" Y="62.0" />
  <Point X="122.0" Y="62.0" />
  <Point X="122.0" Y="61.0" />
  <Point X="123.0" Y="60.0" />
  <Point X="123.68772835114275" Y="59.31227164885725" />
  <Point X="124.0" Y="59.0" />
  <Point X="125.0" Y="58.0" />
  <Point X="125.0" Y="57.0" />
  <Point X="125.47873708238848" Y="56.521262917611516" />
  <Point X="126.0" Y="56.0" />
  <Point X="127.0" Y="55.0" />
  <Point X="128.0" Y="55.0" />
  <Point X="128.0" Y="54.61852181196514" />
  <Point X="128.0" Y="54.0" />
  <Point X="129.0" Y="54.0" />
  <Point X="129.0" Y="53.0" />
  <Point X="129.9143470260912" Y="53.0" />
  <Point X="130.0" Y="53.0" />
  <Point X="130.0" Y="52.0" />
  <Point X="131.0" Y="52.0" />
  <Point X="132.0" Y="52.0" />
  <Point X="132.44721586414755" Y="52.0" />
  <Point X="133.0" Y="52.0" />
  <Point X="133.0" Y="53.0" />
  <Point X="133.0" Y="54.0" />
  <Point X="133.0" Y="54.98008470220389" />
  <Point X="133.0" Y="55.0" />
  <Point X="133.0" Y="56.0" />
  <Point X="133.0" Y="57.0" />
  <Point X="133.0" Y="58.0" />
  <Point X="133.0" Y="58.51295354026023" />
  <Point X="133.0" Y="59.0" />
  <Point X="133.0" Y="60.0" />
  <Point X="133.0" Y="61.0" />
  <Point X="133.0" Y="62.0" />
  <Point X="133.0" Y="62.045822378316565" />
  <Point X="133.0" Y="63.0" />
  <Point X="133.0" Y="64.0" />
  <Point X="133.0" Y="65.0" />
  <Point X="133.0" Y="65.5786912163729" />
  <Point X="133.0" Y="66.0" />
  <Point X="133.0" Y="67.0" />
  <Point X="133.0" Y="68.0" />
  <Point X="133.0" Y="69.0" />
  <Point X="133.0" Y="69.11156005442925" />
  <Point X="133.0" Y="70.0" />
  <Point X="133.0" Y="71.0" />
  <Point X="133.0" Y="72.0" />
  <Point X="133.0" Y="72.64442889248559" />
  <Point X="133.0" Y="73.0" />
  <Point X="133.0" Y="74.0" />
  <Point X="133.0" Y="75.0" />
  <Point X="133.0" Y="76.0" />
  <Point X="133.0" Y="76.17729773054194" />
  <Point X="133.0" Y="77.0" />
  <Point X="133.0" Y="79.0" />
  <Point X="133.0" Y="79.71016656859828" />
  <Point X="133.0" Y="80.0" />
  <Point X="133.0" Y="82.0" />
  <Point X="133.0" Y="83.0" />
  <Point X="133.0" Y="83.24303540665463" />
  <Point X="133.0" Y="85.0" />
  <Point X="133.0" Y="86.0" />
  <Point X="133.0" Y="86.77590424471097" />
  <Point X="133.0" Y="87.0" />
  <Point X="133.0" Y="88.0" />
  <Point X="133.0" Y="89.0" />
  <Point X="133.0" Y="90.0" />
  <Point X="133.0" Y="90.30877308276732" />
  <Point X="133.0" Y="91.0" />
  <Point X="133.0" Y="92.0" />
  <Point X="133.0" Y="93.84164192082366" />
  <Point X="133.0" Y="94.0" />
  <Point X="133.0" Y="95.0" />
  <Point X="133.0" Y="97.0" />
  <Point X="133.0" Y="97.37451075888" />
  <Point X="133.0" Y="98.0" />
  <Point X="133.0" Y="100.0" />
  <Point X="133.0" Y="100.90737959693635" />
  <Point X="133.0" Y="101.0" />
  <Point X="133.0" Y="102.0" />
  <Point X="133.0" Y="103.0" />
  <Point X="133.0" Y="104.0" />
  <Point X="133.0" Y="104.4402484349927" />
  <Point X="133.0" Y="105.0" />
  <Point X="133.0" Y="106.0" />
  <Point X="133.0" Y="107.0" />
  <Point X="133.0" Y="107.97311727304904" />
  <Point X="133.0" Y="108.0" />
  <Point X="133.0" Y="109.0" />
  <Point X="133.0" Y="110.0" />
  <Point X="133.0" Y="111.0" />
  <Point X="133.0" Y="111.50598611110539" />
  <Point X="133.0" Y="113.0" />
  <Point X="133.0" Y="114.0" />
  <Point X="133.0" Y="115.0" />
  <Point X="133.01737646151759" Y="115.03475292303517" />
  <Point X="134.0" Y="117.0" />
  <Point X="134.0" Y="118.0" />
  <Point X="134.0" Y="118.33565580971828" />
  <Point X="134.0" Y="119.0" />
  <Point X="134.0" Y="120.0" />
  <Point X="134.0" Y="121.0" />
  <Point X="134.0" Y="121.86852464777462" />
  <Point X="134.0" Y="122.0" />
  <Point X="134.0" Y="123.0" />
  <Point X="134.0" Y="124.0" />
  <Point X="134.0" Y="125.0" />
  <Point X="134.0" Y="125.40139348583097" />
  <Point X="134.0" Y="126.0" />
  <Point X="134.0" Y="127.0" />
  <Point X="134.0" Y="128.0" />
  <Point X="134.0" Y="128.9342623238873" />
  <Point X="134.0" Y="129.0" />
  <Point X="134.0" Y="130.0" />
  <Point X="134.0" Y="131.0" />
  <Point X="134.0" Y="132.0" />
  <Point X="134.0" Y="132.46713116194366" />
  <Point X="134.0" Y="133.0" />
  <Point X="134.0" Y="134.0" />
  <Point X="134.0" Y="135.0" />
  <Point X="133.0" Y="135.0" />
  <Point X="133.0" Y="135.0" />
</Project_1_Part_4>
