<?xml version="1.0" encoding="utf-8" standalone="yes"?>
<Gesture Name="caret4" Subject="2" Number="2" NumPts="260">
  <Point X="28.0" Y="151.0" />
  <Point X="29.0" Y="151.0" />
  <Point X="29.0" Y="150.0" />
  <Point X="30.0" Y="150.0" />
  <Point X="30.0" Y="149.43404841224358" />
  <Point X="30.0" Y="149.0" />
  <Point X="31.0" Y="149.0" />
  <Point X="31.0" Y="148.0" />
  <Point X="32.0" Y="148.0" />
  <Point X="32.09326962986516" Y="147.90673037013485" />
  <Point X="33.0" Y="147.0" />
  <Point X="34.0" Y="146.0" />
  <Point X="34.61477817895065" Y="145.38522182104936" />
  <Point X="35.0" Y="145.0" />
  <Point X="36.0" Y="144.0" />
  <Point X="37.0" Y="143.0" />
  <Point X="37.13628672803614" Y="142.86371327196386" />
  <Point X="38.0" Y="142.0" />
  <Point X="39.0" Y="141.0" />
  <Point X="39.657795277121636" Y="140.34220472287836" />
  <Point X="40.0" Y="140.0" />
  <Point X="40.0" Y="139.0" />
  <Point X="41.0" Y="139.0" />
  <Point X="41.48388556986694" Y="138.03222886026612" />
  <Point X="42.0" Y="137.0" />
  <Point X="43.0" Y="136.0" />
  <Point X="43.99767107543723" Y="136.0" />
  <Point X="44.0" Y="136.0" />
  <Point X="44.0" Y="135.0" />
  <Point X="45.0" Y="135.0" />
  <Point X="45.0" Y="134.0" />
  <Point X="45.39854140717465" Y="133.60145859282534" />
  <Point X="46.0" Y="133.0" />
  <Point X="47.0" Y="132.0" />
  <Point X="47.92004995626015" Y="131.07995004373984" />
  <Point X="48.0" Y="131.0" />
  <Point X="49.0" Y="130.0" />
  <Point X="49.0" Y="129.0" />
  <Point X="49.0" Y="128.0" />
  <Point X="49.038671589214104" Y="128.0" />
  <Point X="50.0" Y="128.0" />
  <Point X="51.0" Y="127.0" />
  <Point X="51.0" Y="126.0" />
  <Point X="51.13463992968495" Y="125.86536007031505" />
  <Point X="52.0" Y="125.0" />
  <Point X="52.0" Y="124.0" />
  <Point X="52.9490416975839" Y="123.0509583024161" />
  <Point X="53.0" Y="123.0" />
  <Point X="54.0" Y="122.0" />
  <Point X="55.0" Y="121.0" />
  <Point X="55.0" Y="120.33454145938214" />
  <Point X="55.0" Y="120.0" />
  <Point X="56.0" Y="120.0" />
  <Point X="56.0" Y="119.0" />
  <Point X="56.0" Y="118.0" />
  <Point X="56.206979511090736" Y="117.89651024445463" />
  <Point X="58.0" Y="117.0" />
  <Point X="58.0" Y="116.0" />
  <Point X="58.5612937386309" Y="116.0" />
  <Point X="59.0" Y="116.0" />
  <Point X="59.0" Y="115.0" />
  <Point X="60.0" Y="114.0" />
  <Point X="60.50418959553586" Y="113.49581040446414" />
  <Point X="61.0" Y="113.0" />
  <Point X="61.0" Y="112.0" />
  <Point X="62.0" Y="111.0" />
  <Point X="62.0" Y="110.54944377297555" />
  <Point X="62.0" Y="110.0" />
  <Point X="63.0" Y="109.0" />
  <Point X="64.0" Y="108.0" />
  <Point X="64.08411224163451" Y="107.83177551673096" />
  <Point X="65.0" Y="106.0" />
  <Point X="66.0" Y="105.0" />
  <Point X="66.07336285033507" Y="104.92663714966493" />
  <Point X="67.0" Y="104.0" />
  <Point X="67.0" Y="103.0" />
  <Point X="67.0" Y="102.0" />
  <Point X="67.25548876330153" Y="102.0" />
  <Point X="68.0" Y="102.0" />
  <Point X="69.0" Y="101.0" />
  <Point X="69.0" Y="100.0" />
  <Point X="69.0" Y="99.59277321131515" />
  <Point X="69.0" Y="99.0" />
  <Point X="70.0" Y="99.0" />
  <Point X="70.0" Y="98.0" />
  <Point X="70.97317837644127" Y="98.0" />
  <Point X="71.0" Y="98.0" />
  <Point X="71.0" Y="97.0" />
  <Point X="72.0" Y="97.0" />
  <Point X="72.0" Y="95.46087003580232" />
  <Point X="72.0" Y="95.0" />
  <Point X="73.0" Y="94.0" />
  <Point X="74.0" Y="93.0" />
  <Point X="74.19562422152399" Y="92.80437577847601" />
  <Point X="75.0" Y="92.0" />
  <Point X="75.0" Y="91.0" />
  <Point X="76.0" Y="91.0" />
  <Point X="76.0" Y="90.57160754740879" />
  <Point X="76.0" Y="90.0" />
  <Point X="77.0" Y="90.0" />
  <Point X="77.0" Y="89.0" />
  <Point X="77.0" Y="88.00565595965237" />
  <Point X="77.0" Y="88.0" />
  <Point X="78.0" Y="87.0" />
  <Point X="79.0" Y="87.0" />
  <Point X="79.0" Y="86.0" />
  <Point X="79.10329561928809" Y="85.89670438071191" />
  <Point X="80.0" Y="85.0" />
  <Point X="80.0" Y="84.0" />
  <Point X="81.0" Y="84.0" />
  <Point X="81.0" Y="83.70217990888574" />
  <Point X="81.0" Y="83.0" />
  <Point X="81.0" Y="82.0" />
  <Point X="82.0" Y="82.0" />
  <Point X="82.61077881152634" Y="81.38922118847366" />
  <Point X="83.0" Y="81.0" />
  <Point X="84.0" Y="80.0" />
  <Point X="84.0" Y="79.0" />
  <Point X="84.6012961418809" Y="79.0" />
  <Point X="85.0" Y="79.0" />
  <Point X="85.0" Y="78.0" />
  <Point X="85.0" Y="77.0" />
  <Point X="86.0" Y="77.0" />
  <Point X="86.16724772963731" Y="77.0" />
  <Point X="87.0" Y="77.0" />
  <Point X="87.0" Y="76.0" />
  <Point X="87.0" Y="75.0" />
  <Point X="87.51845020929045" Y="74.48154979070955" />
  <Point X="88.0" Y="74.0" />
  <Point X="88.0" Y="73.0" />
  <Point X="89.88493734277704" Y="73.0" />
  <Point X="90.0" Y="73.0" />
  <Point X="90.0" Y="72.0" />
  <Point X="91.0" Y="72.0" />
  <Point X="91.0" Y="71.0" />
  <Point X="91.31882662034215" Y="70.68117337965785" />
  <Point X="92.0" Y="70.0" />
  <Point X="93.0" Y="70.0" />
  <Point X="93.0" Y="69.0" />
  <Point X="93.60262695591676" Y="69.0" />
  <Point X="94.0" Y="69.0" />
  <Point X="95.0" Y="69.0" />
  <Point X="95.0" Y="68.0" />
  <Point X="96.0" Y="68.0" />
  <Point X="96.16857854367318" Y="68.0" />
  <Point X="97.0" Y="68.0" />
  <Point X="98.0" Y="68.0" />
  <Point X="99.0" Y="68.0" />
  <Point X="99.7345301314296" Y="68.0" />
  <Point X="100.0" Y="68.0" />
  <Point X="100.0" Y="69.0" />
  <Point X="100.0" Y="70.0" />
  <Point X="100.91957944244557" Y="70.91957944244557" />
  <Point X="101.0" Y="71.0" />
  <Point X="101.0" Y="72.0" />
  <Point X="101.0" Y="73.0" />
  <Point X="102.0" Y="73.0" />
  <Point X="102.0" Y="73.45221974456933" />
  <Point X="102.0" Y="74.0" />
  <Point X="102.0" Y="75.0" />
  <Point X="103.0" Y="75.0" />
  <Point X="103.0" Y="76.0" />
  <Point X="103.0" Y="76.01817133232575" />
  <Point X="103.0" Y="77.0" />
  <Point X="104.0" Y="78.0" />
  <Point X="104.0" Y="79.0" />
  <Point X="104.0" Y="79.16990935770907" />
  <Point X="104.0" Y="80.0" />
  <Point X="105.0" Y="81.0" />
  <Point X="105.0" Y="82.0" />
  <Point X="105.0" Y="82.3216473830924" />
  <Point X="105.0" Y="83.0" />
  <Point X="106.0" Y="84.0" />
  <Point X="106.0" Y="85.0" />
  <Point X="106.47338540847572" Y="85.0" />
  <Point X="107.0" Y="85.0" />
  <Point X="107.0" Y="86.0" />
  <Point X="107.0" Y="87.0" />
  <Point X="107.0" Y="88.0" />
  <Point X="107.02781545678725" Y="88.02781545678725" />
  <Point X="108.0" Y="89.0" />
  <Point X="108.0" Y="90.0" />
  <Point X="108.0" Y="91.0" />
  <Point X="108.0" Y="91.19107502161545" />
  <Point X="108.0" Y="92.0" />
  <Point X="109.0" Y="93.0" />
  <Point X="109.0" Y="94.0" />
  <Point X="109.0" Y="94.34281304699877" />
  <Point X="109.0" Y="95.0" />
  <Point X="110.0" Y="96.0" />
  <Point X="110.0" Y="97.0" />
  <Point X="110.0" Y="97.4945510723821" />
  <Point X="110.0" Y="98.0" />
  <Point X="111.0" Y="99.0" />
  <Point X="111.0" Y="100.0" />
  <Point X="111.0" Y="100.64628909776542" />
  <Point X="111.0" Y="101.0" />
  <Point X="112.0" Y="102.0" />
  <Point X="112.0" Y="103.0" />
  <Point X="112.0" Y="103.79802712314874" />
  <Point X="112.0" Y="104.0" />
  <Point X="112.0" Y="105.0" />
  <Point X="113.0" Y="105.0" />
  <Point X="113.0" Y="106.0" />
  <Point X="113.0" Y="106.36397871090516" />
  <Point X="113.0" Y="107.0" />
  <Point X="113.0" Y="108.0" />
  <Point X="114.0" Y="109.0" />
  <Point X="114.0" Y="109.51571673628848" />
  <Point X="114.0" Y="110.0" />
  <Point X="115.0" Y="112.0" />
  <Point X="115.0" Y="112.84560034654511" />
  <Point X="115.0" Y="113.0" />
  <Point X="115.0" Y="114.0" />
  <Point X="115.0" Y="115.0" />
  <Point X="115.0" Y="116.0" />
  <Point X="115.29101116355505" Y="116.29101116355505" />
  <Point X="116.0" Y="117.0" />
  <Point X="116.0" Y="118.0" />
  <Point X="116.0" Y="119.0" />
  <Point X="116.0" Y="119.56328995968485" />
  <Point X="116.0" Y="120.0" />
  <Point X="116.0" Y="121.0" />
  <Point X="116.0" Y="122.0" />
  <Point X="116.0" Y="123.0" />
  <Point X="116.09138757460676" Y="123.09138757460676" />
  <Point X="117.0" Y="124.0" />
  <Point X="117.0" Y="125.0" />
  <Point X="117.0" Y="126.0" />
  <Point X="117.19868256131916" Y="126.19868256131916" />
  <Point X="118.0" Y="127.0" />
  <Point X="118.0" Y="128.0" />
  <Point X="118.0" Y="129.0" />
  <Point X="118.0" Y="129.4327175982079" />
  <Point X="118.0" Y="130.0" />
  <Point X="118.0" Y="131.0" />
  <Point X="118.0" Y="132.0" />
  <Point X="118.7061657535574" Y="132.7061657535574" />
  <Point X="119.0" Y="133.0" />
  <Point X="119.0" Y="134.0" />
  <Point X="119.0" Y="135.0" />
  <Point X="119.0" Y="136.0" />
  <Point X="119.0" Y="136.1504072113476" />
  <Point X="119.0" Y="137.0" />
  <Point X="119.0" Y="138.0" />
  <Point X="119.0" Y="139.0" />
  <Point X="119.0" Y="139.71635879910403" />
  <Point X="119.0" Y="140.0" />
  <Point X="120.0" Y="141.0" />
  <Point X="120.0" Y="142.0" />
  <Point X="120.0" Y="142.86809682448734" />
  <Point X="120.0" Y="143.0" />
  <Point X="120.0" Y="144.0" />
  <Point X="120.0" Y="143.0" />
  <Point X="120.0" Y="142.0" />
  <Point X="120.0" Y="141.56595158775625" />
  <Point X="120.0" Y="141.0" />
  <Point X="120.0" Y="140.0" />
  <Point X="120.0" Y="139.0" />
  <Point X="120.0" Y="138.0" />
</Project_1_Part_4>
