<?xml version="1.0" encoding="utf-8" standalone="yes"?>
<Gesture Name="check5" Subject="2" Number="2" NumPts="264">
  <Point X="220.0" Y="20.0" />
  <Point X="213.9960519455765" Y="23.35285410831442" />
  <Point X="207.99210389115302" Y="26.705708216628842" />
  <Point X="201.98815583672953" Y="30.058562324943264" />
  <Point X="195.98420778230604" Y="33.411416433257685" />
  <Point X="189.98025972788255" Y="36.7642705415721" />
  <Point X="183.97631167345907" Y="40.11712464988652" />
  <Point X="177.97236361903558" Y="43.46997875820094" />
  <Point X="171.9684155646121" Y="46.822832866515355" />
  <Point X="165.9644675101886" Y="50.17568697482977" />
  <Point X="159.9605194557651" Y="53.52854108314419" />
  <Point X="153.95657140134162" Y="56.88139519145861" />
  <Point X="147.95262334691813" Y="60.234249299773026" />
  <Point X="141.94867529249464" Y="63.587103408087444" />
  <Point X="135.94472723807115" Y="66.93995751640186" />
  <Point X="129.94077918364766" Y="70.29281162471628" />
  <Point X="123.93683112922416" Y="73.6456657330307" />
  <Point X="117.93288307480066" Y="76.99851984134511" />
  <Point X="111.92893502037715" Y="80.35137394965953" />
  <Point X="105.92498696595365" Y="83.70422805797395" />
  <Point X="99.92103891153015" Y="87.05708216628837" />
  <Point X="93.91709085710664" Y="90.40993627460279" />
  <Point X="87.91314280268314" Y="93.7627903829172" />
  <Point X="81.90919474825964" Y="97.11564449123162" />
  <Point X="75.90524669383615" Y="100.46849859954604" />
  <Point X="69.90129863941266" Y="103.82135270786046" />
  <Point X="66.0" Y="106.0" />
  <Point X="66.0" Y="107.0" />
  <Point X="66.0" Y="108.0" />
  <Point X="66.0" Y="108.4082973673525" />
  <Point X="66.0" Y="109.0" />
  <Point X="66.0" Y="110.0" />
  <Point X="67.0" Y="111.0" />
  <Point X="67.0" Y="112.0" />
  <Point X="68.0" Y="113.0" />
  <Point X="68.0" Y="114.0" />
  <Point X="68.0" Y="114.45657169838121" />
  <Point X="68.0" Y="115.0" />
  <Point X="69.0" Y="115.0" />
  <Point X="69.0" Y="116.0" />
  <Point X="70.0" Y="117.0" />
  <Point X="70.0" Y="118.0" />
  <Point X="71.0" Y="118.0" />
  <Point X="71.0" Y="118.91905959178301" />
  <Point X="71.0" Y="119.0" />
  <Point X="72.0" Y="120.0" />
  <Point X="72.0" Y="121.0" />
  <Point X="73.0" Y="122.0" />
  <Point X="73.0" Y="123.0" />
  <Point X="73.0" Y="124.0" />
  <Point X="73.96733392281172" Y="124.0" />
  <Point X="74.0" Y="124.0" />
  <Point X="75.0" Y="125.0" />
  <Point X="75.0" Y="126.0" />
  <Point X="75.0" Y="127.0" />
  <Point X="76.0" Y="128.0" />
  <Point X="76.0" Y="130.0" />
  <Point X="76.01560825384043" Y="130.0" />
  <Point X="77.0" Y="130.0" />
  <Point X="77.0" Y="131.0" />
  <Point X="77.0" Y="132.0" />
  <Point X="78.0" Y="133.0" />
  <Point X="78.0" Y="134.0" />
  <Point X="79.0" Y="134.0" />
  <Point X="79.0" Y="134.47809614724224" />
  <Point X="79.0" Y="135.0" />
  <Point X="79.0" Y="136.0" />
  <Point X="80.0" Y="137.0" />
  <Point X="80.0" Y="138.0" />
  <Point X="80.0" Y="139.0" />
  <Point X="81.0" Y="140.0" />
  <Point X="81.0" Y="140.52637047827096" />
  <Point X="81.0" Y="141.0" />
  <Point X="81.0" Y="142.0" />
  <Point X="82.0" Y="143.0" />
  <Point X="82.0" Y="144.0" />
  <Point X="83.0" Y="145.0" />
  <Point X="83.0" Y="146.0" />
  <Point X="83.40633524142945" Y="146.40633524142945" />
  <Point X="84.0" Y="147.0" />
  <Point X="84.0" Y="148.0" />
  <Point X="85.0" Y="149.0" />
  <Point X="85.0" Y="150.0" />
  <Point X="85.0" Y="151.0" />
  <Point X="85.0" Y="152.0" />
  <Point X="85.62291914032838" Y="152.0" />
  <Point X="86.0" Y="152.0" />
  <Point X="86.0" Y="153.0" />
  <Point X="86.0" Y="154.0" />
  <Point X="87.0" Y="154.0" />
  <Point X="87.0" Y="155.0" />
  <Point X="87.0" Y="156.0" />
  <Point X="88.0" Y="156.0" />
  <Point X="88.0" Y="156.49962059610328" />
  <Point X="88.0" Y="157.0" />
  <Point X="88.0" Y="158.0" />
  <Point X="88.0" Y="159.0" />
  <Point X="89.0" Y="160.0" />
  <Point X="89.0" Y="161.0" />
  <Point X="89.0" Y="162.0" />
  <Point X="89.68031343716619" Y="162.6803134371662" />
  <Point X="90.0" Y="163.0" />
  <Point X="91.0" Y="164.0" />
  <Point X="91.0" Y="165.0" />
  <Point X="91.0" Y="166.0" />
  <Point X="92.0" Y="167.0" />
  <Point X="92.0" Y="168.0" />
  <Point X="92.0" Y="168.5961692581607" />
  <Point X="92.0" Y="169.0" />
  <Point X="92.0" Y="170.0" />
  <Point X="93.0" Y="170.0" />
  <Point X="93.0" Y="171.0" />
  <Point X="93.0" Y="172.0" />
  <Point X="94.0" Y="172.0" />
  <Point X="94.0" Y="173.0" />
  <Point X="94.47287071393559" Y="173.0" />
  <Point X="95.0" Y="173.0" />
  <Point X="95.0" Y="172.0" />
  <Point X="95.0" Y="171.0" />
  <Point X="95.0" Y="170.0" />
  <Point X="96.0" Y="169.0" />
  <Point X="96.0" Y="168.0" />
  <Point X="96.0" Y="167.0646413926626" />
  <Point X="96.0" Y="167.0" />
  <Point X="97.0" Y="166.0" />
  <Point X="97.0" Y="165.0" />
  <Point X="97.0" Y="164.0" />
  <Point X="98.0" Y="164.0" />
  <Point X="99.0" Y="162.0" />
  <Point X="99.0" Y="161.8382214767606" />
  <Point X="99.0" Y="161.0" />
  <Point X="99.0" Y="160.0" />
  <Point X="100.0" Y="159.0" />
  <Point X="100.0" Y="158.0" />
  <Point X="101.0" Y="157.0" />
  <Point X="101.0" Y="156.0" />
  <Point X="101.14852979766057" Y="155.8514702023394" />
  <Point X="102.0" Y="155.0" />
  <Point X="102.0" Y="154.0" />
  <Point X="103.0" Y="152.0" />
  <Point X="104.0" Y="150.0" />
  <Point X="104.20040479267034" Y="150.0" />
  <Point X="105.0" Y="150.0" />
  <Point X="105.0" Y="149.0" />
  <Point X="106.0" Y="147.0" />
  <Point X="107.0" Y="145.0" />
  <Point X="107.0" Y="144.39502970655434" />
  <Point X="107.0" Y="144.0" />
  <Point X="108.0" Y="144.0" />
  <Point X="108.0" Y="142.0" />
  <Point X="110.0" Y="142.0" />
  <Point X="110.0" Y="140.51832825077943" />
  <Point X="110.0" Y="140.0" />
  <Point X="111.0" Y="139.0" />
  <Point X="111.0" Y="138.0" />
  <Point X="112.0" Y="137.0" />
  <Point X="113.0" Y="136.0" />
  <Point X="113.0" Y="134.88426748212382" />
  <Point X="113.0" Y="134.0" />
  <Point X="114.0" Y="134.0" />
  <Point X="115.0" Y="132.0" />
  <Point X="116.0" Y="131.0" />
  <Point X="116.9490450873106" Y="130.0509549126894" />
  <Point X="117.0" Y="130.0" />
  <Point X="117.0" Y="128.0" />
  <Point X="118.0" Y="128.0" />
  <Point X="118.0" Y="126.0" />
  <Point X="119.0" Y="125.0" />
  <Point X="119.27607341295169" Y="124.72392658704831" />
  <Point X="120.0" Y="124.0" />
  <Point X="120.0" Y="123.0" />
  <Point X="121.0" Y="122.0" />
  <Point X="122.0" Y="121.0" />
  <Point X="123.0" Y="120.0" />
  <Point X="123.27292281685094" Y="119.45415436629813" />
  <Point X="124.0" Y="118.0" />
  <Point X="124.0" Y="117.0" />
  <Point X="126.0" Y="116.0" />
  <Point X="126.0" Y="115.0" />
  <Point X="126.90770001813581" Y="114.5461499909321" />
  <Point X="128.0" Y="114.0" />
  <Point X="128.0" Y="112.0" />
  <Point X="129.0" Y="112.0" />
  <Point X="130.0" Y="110.0" />
  <Point X="130.29656410021715" Y="109.70343589978286" />
  <Point X="131.0" Y="109.0" />
  <Point X="132.0" Y="108.0" />
  <Point X="132.0" Y="107.0" />
  <Point X="133.0" Y="105.0" />
  <Point X="133.5507933294345" Y="103.898413341131" />
  <Point X="134.0" Y="103.0" />
  <Point X="135.0" Y="103.0" />
  <Point X="136.0" Y="101.0" />
  <Point X="137.0" Y="101.0" />
  <Point X="138.0" Y="100.0" />
  <Point X="138.1569517295526" Y="99.8430482704474" />
  <Point X="139.0" Y="99.0" />
  <Point X="139.0" Y="97.0" />
  <Point X="140.0" Y="96.0" />
  <Point X="140.0" Y="95.0" />
  <Point X="141.1361350445349" Y="94.43193247773254" />
  <Point X="142.0" Y="94.0" />
  <Point X="142.0" Y="93.0" />
  <Point X="143.0" Y="93.0" />
  <Point X="144.0" Y="91.0" />
  <Point X="145.0" Y="90.0" />
  <Point X="145.11653918245074" Y="89.7669216350985" />
  <Point X="146.0" Y="88.0" />
  <Point X="147.0" Y="87.0" />
  <Point X="148.0" Y="86.0" />
  <Point X="148.0" Y="85.0" />
  <Point X="148.95953781220064" Y="84.52023109389968" />
  <Point X="150.0" Y="84.0" />
  <Point X="151.0" Y="82.0" />
  <Point X="152.0" Y="81.0" />
  <Point X="153.0" Y="80.0" />
  <Point X="153.4588658183077" Y="79.54113418169231" />
  <Point X="155.0" Y="78.0" />
  <Point X="155.0" Y="77.0" />
  <Point X="157.0" Y="77.0" />
  <Point X="157.0" Y="76.0" />
  <Point X="157.0" Y="75.30279140541114" />
  <Point X="157.0" Y="75.0" />
  <Point X="158.0" Y="74.0" />
  <Point X="159.0" Y="74.0" />
  <Point X="159.0" Y="73.0" />
  <Point X="160.0" Y="72.0" />
  <Point X="161.0" Y="72.0" />
  <Point X="161.0" Y="71.25451707438243" />
  <Point X="161.0" Y="71.0" />
  <Point X="162.0" Y="70.0" />
  <Point X="163.0" Y="70.0" />
  <Point X="163.0" Y="69.0" />
  <Point X="164.0" Y="68.0" />
  <Point X="165.0" Y="68.0" />
  <Point X="165.0" Y="67.20624274335373" />
  <Point X="165.0" Y="67.0" />
  <Point X="166.0" Y="67.0" />
  <Point X="167.0" Y="66.0" />
  <Point X="167.0" Y="65.0" />
  <Point X="168.0" Y="65.0" />
  <Point X="168.0" Y="64.0" />
  <Point X="169.0" Y="64.0" />
  <Point X="169.18119268324517" Y="63.81880731675484" />
  <Point X="170.0" Y="63.0" />
  <Point X="171.0" Y="63.0" />
  <Point X="172.0" Y="61.0" />
  <Point X="173.0" Y="61.0" />
  <Point X="173.66306797506573" Y="59.67386404986855" />
  <Point X="174.0" Y="59.0" />
  <Point X="175.0" Y="59.0" />
  <Point X="175.0" Y="58.0" />
  <Point X="176.0" Y="58.0" />
  <Point X="176.0" Y="57.0" />
  <Point X="177.0" Y="57.0" />
  <Point X="178.0" Y="57.0" />
  <Point X="178.0" Y="56.87670145577479" />
  <Point X="178.0" Y="56.0" />
  <Point X="179.0" Y="56.0" />
  <Point X="179.0" Y="55.0" />
  <Point X="180.0" Y="55.0" />
  <Point X="180.0" Y="54.0" />
  <Point X="181.0" Y="54.0" />
  <Point X="182.0" Y="54.0" />
</Project_1_Part_4>
