<?xml version="1.0" encoding="utf-8" standalone="yes"?>
<Gesture Name="check2" Subject="2" Number="2" NumPts="254">
  <Point X="49.0" Y="111.0" />
  <Point X="50.0" Y="111.0" />
  <Point X="50.0" Y="112.0" />
  <Point X="50.0" Y="113.0" />
  <Point X="50.589742868725565" Y="113.0" />
  <Point X="51.0" Y="113.0" />
  <Point X="51.0" Y="114.0" />
  <Point X="52.0" Y="114.0" />
  <Point X="52.0" Y="115.0" />
  <Point X="52.17948573745113" Y="115.0" />
  <Point X="53.0" Y="115.0" />
  <Point X="53.0" Y="116.0" />
  <Point X="54.0" Y="116.0" />
  <Point X="54.0" Y="116.7692286061767" />
  <Point X="54.0" Y="117.0" />
  <Point X="55.0" Y="118.0" />
  <Point X="55.0" Y="119.0" />
  <Point X="55.94475791252917" Y="119.0" />
  <Point X="56.0" Y="119.0" />
  <Point X="57.0" Y="119.0" />
  <Point X="57.0" Y="120.0" />
  <Point X="57.0" Y="121.0" />
  <Point X="57.534500781254735" Y="121.0" />
  <Point X="58.0" Y="121.0" />
  <Point X="58.0" Y="122.0" />
  <Point X="59.0" Y="122.0" />
  <Point X="59.0" Y="123.0" />
  <Point X="59.1242436499803" Y="123.0" />
  <Point X="60.0" Y="123.0" />
  <Point X="60.0" Y="124.0" />
  <Point X="61.0" Y="125.0" />
  <Point X="61.299772956332774" Y="125.0" />
  <Point X="62.0" Y="125.0" />
  <Point X="62.0" Y="126.0" />
  <Point X="62.0" Y="127.0" />
  <Point X="62.6289826718715" Y="127.6289826718715" />
  <Point X="63.0" Y="128.0" />
  <Point X="64.0" Y="128.0" />
  <Point X="64.0" Y="129.0" />
  <Point X="65.0" Y="129.0" />
  <Point X="65.02056907659632" Y="129.06170722978894" />
  <Point X="66.0" Y="132.0" />
  <Point X="66.49251033996799" Y="132.0" />
  <Point X="67.0" Y="132.0" />
  <Point X="67.0" Y="133.0" />
  <Point X="68.0" Y="134.0" />
  <Point X="68.66803964632047" Y="134.0" />
  <Point X="69.0" Y="134.0" />
  <Point X="69.0" Y="135.0" />
  <Point X="69.0" Y="136.0" />
  <Point X="69.88938654564691" Y="136.88938654564691" />
  <Point X="70.0" Y="137.0" />
  <Point X="71.0" Y="138.0" />
  <Point X="72.0" Y="139.0" />
  <Point X="72.0" Y="139.6048846966523" />
  <Point X="72.0" Y="140.0" />
  <Point X="73.0" Y="140.0" />
  <Point X="73.0" Y="141.0" />
  <Point X="73.0" Y="142.0" />
  <Point X="73.19462756537787" Y="142.0" />
  <Point X="74.0" Y="142.0" />
  <Point X="74.0" Y="143.0" />
  <Point X="74.0" Y="144.0" />
  <Point X="74.78437043410344" Y="144.0" />
  <Point X="75.0" Y="144.0" />
  <Point X="75.0" Y="145.0" />
  <Point X="75.0" Y="146.0" />
  <Point X="75.97164483454902" Y="146.97164483454904" />
  <Point X="76.0" Y="147.0" />
  <Point X="76.0" Y="148.0" />
  <Point X="77.0" Y="148.0" />
  <Point X="77.0" Y="149.0" />
  <Point X="77.38865601618129" Y="149.3886560161813" />
  <Point X="78.0" Y="150.0" />
  <Point X="78.0" Y="151.0" />
  <Point X="78.0" Y="152.0" />
  <Point X="78.5127739790001" Y="152.5127739790001" />
  <Point X="79.0" Y="153.0" />
  <Point X="80.0" Y="153.0" />
  <Point X="80.0" Y="154.9007012218864" />
  <Point X="80.0" Y="155.0" />
  <Point X="80.0" Y="156.0" />
  <Point X="81.0" Y="156.0" />
  <Point X="81.0" Y="157.0" />
  <Point X="81.0" Y="157.49044409061196" />
  <Point X="81.0" Y="158.0" />
  <Point X="81.0" Y="159.0" />
  <Point X="81.0" Y="160.0" />
  <Point X="82.0" Y="160.0" />
  <Point X="82.0" Y="160.0801869593375" />
  <Point X="82.0" Y="161.0" />
  <Point X="82.0" Y="162.0" />
  <Point X="82.0" Y="163.0" />
  <Point X="82.66992982806308" Y="163.0" />
  <Point X="83.0" Y="163.0" />
  <Point X="83.0" Y="164.0" />
  <Point X="83.0" Y="165.0" />
  <Point X="83.8907231059748" Y="165.89072310597479" />
  <Point X="84.0" Y="166.0" />
  <Point X="84.0" Y="167.0" />
  <Point X="84.0" Y="168.0" />
  <Point X="84.0" Y="169.0" />
  <Point X="84.43520200314111" Y="169.0" />
  <Point X="85.0" Y="169.0" />
  <Point X="85.0" Y="170.0" />
  <Point X="85.0" Y="171.0" />
  <Point X="85.0" Y="172.0" />
  <Point X="85.01763868805276" Y="172.01763868805276" />
  <Point X="86.0" Y="173.0" />
  <Point X="86.0" Y="172.0" />
  <Point X="86.0" Y="171.0" />
  <Point X="86.0" Y="170.79952582178086" />
  <Point X="86.0" Y="170.0" />
  <Point X="87.0" Y="169.0" />
  <Point X="87.97298139487691" Y="168.0270186051231" />
  <Point X="88.0" Y="168.0" />
  <Point X="88.0" Y="167.0" />
  <Point X="88.0" Y="166.0" />
  <Point X="89.0" Y="166.0" />
  <Point X="89.0" Y="165.44846720907591" />
  <Point X="89.0" Y="165.0" />
  <Point X="89.0" Y="164.0" />
  <Point X="89.0" Y="163.0" />
  <Point X="89.80700375814142" Y="162.1929962418586" />
  <Point X="90.0" Y="162.0" />
  <Point X="90.0" Y="160.0" />
  <Point X="91.0" Y="160.0" />
  <Point X="91.22401493977367" Y="159.77598506022633" />
  <Point X="92.0" Y="159.0" />
  <Point X="92.0" Y="158.0" />
  <Point X="92.0" Y="157.0" />
  <Point X="92.34813290259247" Y="156.65186709740752" />
  <Point X="93.0" Y="156.0" />
  <Point X="94.0" Y="154.0" />
  <Point X="94.30532559770019" Y="153.69467440229982" />
  <Point X="95.0" Y="153.0" />
  <Point X="95.0" Y="152.0" />
  <Point X="96.0" Y="151.0" />
  <Point X="96.0" Y="150.80688865481335" />
  <Point X="96.0" Y="150.0" />
  <Point X="97.0" Y="148.0" />
  <Point X="97.0" Y="147.45321376358757" />
  <Point X="97.0" Y="146.0" />
  <Point X="98.0" Y="146.0" />
  <Point X="98.0" Y="145.0" />
  <Point X="98.0" Y="144.86347089486202" />
  <Point X="98.0" Y="143.0" />
  <Point X="99.54402459248465" Y="142.22798770375766" />
  <Point X="100.0" Y="142.0" />
  <Point X="100.0" Y="141.0" />
  <Point X="100.0" Y="140.0" />
  <Point X="100.76363775162581" Y="139.23636224837418" />
  <Point X="102.0" Y="138.0" />
  <Point X="102.0" Y="137.0" />
  <Point X="102.59486249563116" Y="136.40513750436884" />
  <Point X="104.0" Y="135.0" />
  <Point X="104.0" Y="134.0" />
  <Point X="104.0" Y="133.39742164695193" />
  <Point X="104.0" Y="133.0" />
  <Point X="105.0" Y="132.0" />
  <Point X="106.0" Y="131.0" />
  <Point X="106.0" Y="130.63610590297256" />
  <Point X="106.0" Y="130.0" />
  <Point X="107.0" Y="129.0" />
  <Point X="108.0" Y="128.0" />
  <Point X="108.0" Y="127.87479015899318" />
  <Point X="108.0" Y="127.0" />
  <Point X="109.0" Y="126.0" />
  <Point X="109.0" Y="125.0" />
  <Point X="109.21265469046601" Y="124.78734530953399" />
  <Point X="110.0" Y="124.0" />
  <Point X="111.0" Y="123.0" />
  <Point X="111.47496538657388" Y="122.05006922685224" />
  <Point X="112.0" Y="121.0" />
  <Point X="113.0" Y="121.0" />
  <Point X="113.0" Y="119.58427021743556" />
  <Point X="113.0" Y="119.0" />
  <Point X="115.0" Y="119.0" />
  <Point X="115.0" Y="117.99452734871" />
  <Point X="115.0" Y="117.0" />
  <Point X="116.0" Y="116.0" />
  <Point X="116.83509449284358" Y="115.16490550715642" />
  <Point X="117.0" Y="115.0" />
  <Point X="118.0" Y="114.0" />
  <Point X="118.0" Y="113.0" />
  <Point X="118.66631923684893" Y="112.33368076315107" />
  <Point X="119.0" Y="112.0" />
  <Point X="120.0" Y="111.0" />
  <Point X="121.0" Y="111.0" />
  <Point X="121.0" Y="110.29636655439877" />
  <Point X="121.0" Y="110.0" />
  <Point X="122.0" Y="108.0" />
  <Point X="122.74762989477544" Y="107.25237010522456" />
  <Point X="123.0" Y="107.0" />
  <Point X="124.0" Y="106.0" />
  <Point X="124.0" Y="105.0" />
  <Point X="124.81862408080637" Y="105.0" />
  <Point X="125.0" Y="105.0" />
  <Point X="125.0" Y="104.0" />
  <Point X="126.0" Y="103.0" />
  <Point X="126.99415338715885" Y="103.0" />
  <Point X="127.0" Y="103.0" />
  <Point X="127.0" Y="102.0" />
  <Point X="128.0" Y="102.0" />
  <Point X="128.0" Y="101.0" />
  <Point X="128.5838962558844" Y="101.0" />
  <Point X="129.0" Y="101.0" />
  <Point X="130.0" Y="100.0" />
  <Point X="130.0" Y="99.0" />
  <Point X="130.0" Y="98.24057443776312" />
  <Point X="130.0" Y="98.0" />
  <Point X="131.0" Y="98.0" />
  <Point X="131.0" Y="97.0" />
  <Point X="132.0" Y="97.0" />
  <Point X="132.0" Y="96.65083156903755" />
  <Point X="132.0" Y="96.0" />
  <Point X="133.0" Y="96.0" />
  <Point X="133.0" Y="95.0" />
  <Point X="133.93891129968802" Y="95.0" />
  <Point X="134.0" Y="95.0" />
  <Point X="134.0" Y="94.0" />
  <Point X="135.0" Y="94.0" />
  <Point X="136.0" Y="93.0" />
  <Point X="136.0" Y="92.88555939395951" />
  <Point X="136.0" Y="92.0" />
  <Point X="137.0" Y="92.0" />
  <Point X="137.0" Y="91.0" />
  <Point X="137.49793291020657" Y="90.50206708979341" />
  <Point X="138.0" Y="90.0" />
  <Point X="139.0" Y="90.0" />
  <Point X="140.0" Y="89.0" />
  <Point X="140.46549921874544" Y="89.0" />
  <Point X="141.0" Y="89.0" />
  <Point X="141.0" Y="88.0" />
  <Point X="141.0" Y="87.0" />
  <Point X="142.0" Y="87.0" />
  <Point X="142.055242087471" Y="87.0" />
  <Point X="143.0" Y="87.0" />
  <Point X="143.0" Y="86.0" />
  <Point X="144.0" Y="86.0" />
  <Point X="144.64498495619654" Y="86.0" />
  <Point X="145.0" Y="86.0" />
  <Point X="145.0" Y="85.0" />
  <Point X="146.0" Y="85.0" />
  <Point X="147.0" Y="85.0" />
  <Point X="147.0" Y="84.7652721750779" />
  <Point X="147.0" Y="84.0" />
  <Point X="148.0" Y="83.0" />
  <Point X="149.0" Y="83.0" />
  <Point X="149.0" Y="82.58974286872542" />
  <Point X="149.0" Y="82.0" />
  <Point X="150.0" Y="82.0" />
  <Point X="151.0" Y="82.0" />
  <Point X="151.0" Y="81.0" />
</Project_1_Part_4>
