<?xml version="1.0" encoding="utf-8" standalone="yes"?>
<Gesture Name="check6" Subject="2" Number="2" NumPts="240">
  <Point X="211.0" Y="26.0" />
  <Point X="205.00181490356385" Y="29.380795236173093" />
  <Point X="199.0036298071277" Y="32.761590472346185" />
  <Point X="193.00544471069156" Y="36.14238570851928" />
  <Point X="187.00725961425542" Y="39.52318094469237" />
  <Point X="181.00907451781927" Y="42.90397618086546" />
  <Point X="175.01088942138313" Y="46.284771417038556" />
  <Point X="169.01270432494698" Y="49.665566653211656" />
  <Point X="163.01451922851084" Y="53.04636188938475" />
  <Point X="157.0163341320747" Y="56.42715712555785" />
  <Point X="151.01814903563854" Y="59.80795236173095" />
  <Point X="145.0199639392024" Y="63.18874759790405" />
  <Point X="139.02177884276625" Y="66.56954283407714" />
  <Point X="133.0235937463301" Y="69.95033807025024" />
  <Point X="127.02540864989398" Y="73.33113330642334" />
  <Point X="121.02722355345784" Y="76.71192854259644" />
  <Point X="115.02903845702171" Y="80.09272377876954" />
  <Point X="109.03085336058558" Y="83.47351901494264" />
  <Point X="103.03266826414945" Y="86.85431425111574" />
  <Point X="97.03448316771332" Y="90.23510948728884" />
  <Point X="91.03629807127719" Y="93.61590472346194" />
  <Point X="85.03811297484106" Y="96.99669995963504" />
  <Point X="79.03992787840492" Y="100.37749519580814" />
  <Point X="73.0417427819688" Y="103.75829043198124" />
  <Point X="67.04355768553266" Y="107.13908566815434" />
  <Point X="61.04537258909652" Y="110.51988090432742" />
  <Point X="55.047187492660385" Y="113.90067614050051" />
  <Point X="49.04900239622425" Y="117.28147137667361" />
  <Point X="46.0" Y="119.0" />
  <Point X="46.0" Y="120.0" />
  <Point X="46.0" Y="121.0" />
  <Point X="47.0" Y="121.0" />
  <Point X="47.0" Y="121.38538164634564" />
  <Point X="47.0" Y="122.0" />
  <Point X="48.0" Y="122.0" />
  <Point X="48.0" Y="123.0" />
  <Point X="48.0" Y="124.0" />
  <Point X="49.0" Y="124.0" />
  <Point X="50.0" Y="125.0" />
  <Point X="50.6056474992693" Y="125.6056474992693" />
  <Point X="51.0" Y="126.0" />
  <Point X="52.0" Y="127.0" />
  <Point X="52.0" Y="128.0" />
  <Point X="53.0" Y="129.0" />
  <Point X="54.0" Y="129.0" />
  <Point X="54.0" Y="130.0" />
  <Point X="54.49922104387616" Y="130.0" />
  <Point X="55.0" Y="130.0" />
  <Point X="55.0" Y="131.0" />
  <Point X="55.0" Y="132.0" />
  <Point X="56.0" Y="132.0" />
  <Point X="57.0" Y="133.0" />
  <Point X="57.88116923315437" Y="134.76233846630873" />
  <Point X="58.0" Y="135.0" />
  <Point X="59.0" Y="136.0" />
  <Point X="59.0" Y="137.0" />
  <Point X="60.0" Y="138.0" />
  <Point X="61.0" Y="138.0" />
  <Point X="61.0" Y="139.0" />
  <Point X="61.55946714649825" Y="139.55946714649824" />
  <Point X="62.0" Y="140.0" />
  <Point X="63.0" Y="141.0" />
  <Point X="63.0" Y="142.0" />
  <Point X="64.0" Y="142.0" />
  <Point X="65.0" Y="143.0" />
  <Point X="65.0" Y="144.0" />
  <Point X="65.43391216267216" Y="144.0" />
  <Point X="66.0" Y="144.0" />
  <Point X="66.0" Y="145.0" />
  <Point X="67.0" Y="146.0" />
  <Point X="68.0" Y="147.0" />
  <Point X="68.0" Y="149.0" />
  <Point X="68.49083186143741" Y="149.0" />
  <Point X="69.0" Y="149.0" />
  <Point X="69.0" Y="150.0" />
  <Point X="70.0" Y="150.0" />
  <Point X="70.0" Y="151.0" />
  <Point X="71.0" Y="152.0" />
  <Point X="72.0" Y="153.0" />
  <Point X="72.0" Y="153.54775156020267" />
  <Point X="72.0" Y="154.0" />
  <Point X="73.0" Y="154.0" />
  <Point X="73.0" Y="155.0" />
  <Point X="74.0" Y="155.0" />
  <Point X="74.0" Y="156.0" />
  <Point X="74.0" Y="157.0" />
  <Point X="75.0" Y="157.0" />
  <Point X="75.0" Y="157.4330983837141" />
  <Point X="75.0" Y="158.0" />
  <Point X="76.0" Y="158.0" />
  <Point X="76.0" Y="159.0" />
  <Point X="77.0" Y="160.0" />
  <Point X="77.0" Y="161.0" />
  <Point X="78.0" Y="162.0" />
  <Point X="78.3464951090252" Y="162.3464951090252" />
  <Point X="79.0" Y="163.0" />
  <Point X="80.0" Y="164.0" />
  <Point X="80.0" Y="165.0" />
  <Point X="81.0" Y="165.0" />
  <Point X="81.0" Y="166.0" />
  <Point X="81.0" Y="167.0" />
  <Point X="81.54693778124464" Y="167.0" />
  <Point X="82.0" Y="167.0" />
  <Point X="82.0" Y="168.0" />
  <Point X="83.0" Y="169.0" />
  <Point X="84.0" Y="169.0" />
  <Point X="84.0" Y="170.0" />
  <Point X="85.0" Y="171.0" />
  <Point X="85.0" Y="171.6038574800099" />
  <Point X="85.0" Y="172.0" />
  <Point X="86.0" Y="172.0" />
  <Point X="86.0" Y="173.0" />
  <Point X="87.0" Y="173.0" />
  <Point X="88.0" Y="173.0" />
  <Point X="89.0" Y="173.0" />
  <Point X="90.0" Y="172.0" />
  <Point X="90.0" Y="171.92500925885173" />
  <Point X="90.0" Y="171.0" />
  <Point X="91.0" Y="170.0" />
  <Point X="91.0" Y="169.0" />
  <Point X="92.0" Y="169.0" />
  <Point X="92.0" Y="168.0" />
  <Point X="92.0" Y="167.0" />
  <Point X="92.38616798538561" Y="166.6138320146144" />
  <Point X="93.0" Y="166.0" />
  <Point X="93.0" Y="165.0" />
  <Point X="94.0" Y="165.0" />
  <Point X="94.0" Y="164.0" />
  <Point X="94.0" Y="163.0" />
  <Point X="95.0" Y="162.0" />
  <Point X="95.42641629036562" Y="161.57358370963436" />
  <Point X="96.0" Y="161.0" />
  <Point X="96.0" Y="160.0" />
  <Point X="97.0" Y="159.0" />
  <Point X="97.0" Y="158.0" />
  <Point X="97.0" Y="157.0" />
  <Point X="98.0" Y="156.0" />
  <Point X="98.24574983744407" Y="156.0" />
  <Point X="99.0" Y="156.0" />
  <Point X="99.0" Y="154.0" />
  <Point X="101.0" Y="153.0" />
  <Point X="101.0" Y="152.0" />
  <Point X="101.63288085142801" Y="151.367119148572" />
  <Point X="102.0" Y="151.0" />
  <Point X="103.0" Y="150.0" />
  <Point X="103.0" Y="148.0" />
  <Point X="105.0" Y="147.0" />
  <Point X="105.0" Y="146.2841195952788" />
  <Point X="105.0" Y="146.0" />
  <Point X="105.0" Y="145.0" />
  <Point X="107.0" Y="144.0" />
  <Point X="108.0" Y="142.0" />
  <Point X="108.50494496795018" Y="140.99011006409964" />
  <Point X="109.0" Y="140.0" />
  <Point X="110.0" Y="139.0" />
  <Point X="110.0" Y="137.0" />
  <Point X="112.0" Y="136.0" />
  <Point X="112.0" Y="135.87191142062815" />
  <Point X="112.0" Y="135.0" />
  <Point X="113.0" Y="132.0" />
  <Point X="114.0" Y="131.0" />
  <Point X="115.28524194684681" Y="130.35737902657658" />
  <Point X="116.0" Y="130.0" />
  <Point X="116.0" Y="128.0" />
  <Point X="117.0" Y="127.0" />
  <Point X="118.0" Y="125.0" />
  <Point X="118.30825718129098" Y="124.69174281870902" />
  <Point X="120.0" Y="123.0" />
  <Point X="120.0" Y="122.0" />
  <Point X="122.0" Y="120.0" />
  <Point X="122.0" Y="119.33556593950031" />
  <Point X="122.0" Y="118.0" />
  <Point X="124.0" Y="116.0" />
  <Point X="124.0" Y="115.0" />
  <Point X="125.2171809159972" Y="113.7828190840028" />
  <Point X="126.0" Y="113.0" />
  <Point X="127.0" Y="111.0" />
  <Point X="129.0" Y="109.0" />
  <Point X="129.0" Y="108.28622164421577" />
  <Point X="129.0" Y="108.0" />
  <Point X="131.0" Y="106.0" />
  <Point X="131.0" Y="105.0" />
  <Point X="132.95917938299232" Y="103.04082061700768" />
  <Point X="133.0" Y="103.0" />
  <Point X="134.0" Y="102.0" />
  <Point X="135.0" Y="101.0" />
  <Point X="136.0" Y="98.0" />
  <Point X="136.59178683521873" Y="97.40821316478127" />
  <Point X="137.0" Y="97.0" />
  <Point X="139.0" Y="96.0" />
  <Point X="139.0" Y="94.0" />
  <Point X="140.96565116163305" Y="93.34478294612232" />
  <Point X="142.0" Y="93.0" />
  <Point X="142.0" Y="91.0" />
  <Point X="143.0" Y="90.0" />
  <Point X="144.0" Y="89.0" />
  <Point X="144.68350376234096" Y="88.31649623765904" />
  <Point X="145.0" Y="88.0" />
  <Point X="146.0" Y="87.0" />
  <Point X="147.0" Y="85.0" />
  <Point X="148.0" Y="84.0" />
  <Point X="148.97104036198297" Y="83.02895963801703" />
  <Point X="150.0" Y="82.0" />
  <Point X="151.0" Y="81.0" />
  <Point X="152.0" Y="80.0" />
  <Point X="153.0" Y="79.0" />
  <Point X="153.83971579170918" Y="78.16028420829082" />
  <Point X="154.0" Y="78.0" />
  <Point X="154.0" Y="77.0" />
  <Point X="156.0" Y="76.0" />
  <Point X="156.0" Y="75.0" />
  <Point X="157.0" Y="75.0" />
  <Point X="158.0" Y="74.0" />
  <Point X="158.0" Y="73.99161081756054" />
  <Point X="158.0" Y="73.0" />
  <Point X="160.0" Y="72.0" />
  <Point X="160.0" Y="71.0" />
  <Point X="161.0" Y="71.0" />
  <Point X="162.0" Y="70.0" />
  <Point X="162.1721483038739" Y="69.82785169612607" />
  <Point X="163.0" Y="69.0" />
  <Point X="163.0" Y="68.0" />
  <Point X="164.0" Y="68.0" />
  <Point X="164.0" Y="67.0" />
  <Point X="165.0" Y="66.0" />
  <Point X="165.9195033900405" Y="65.08049660995952" />
  <Point X="166.0" Y="65.0" />
  <Point X="167.0" Y="64.0" />
  <Point X="168.0" Y="63.0" />
  <Point X="169.0" Y="62.0" />
  <Point X="170.0" Y="61.0" />
  <Point X="170.0" Y="60.0" />
  <Point X="170.11465317648927" Y="60.0" />
  <Point X="171.0" Y="60.0" />
  <Point X="171.0" Y="59.0" />
  <Point X="172.0" Y="59.0" />
  <Point X="172.0" Y="58.0" />
  <Point X="173.0" Y="58.0" />
  <Point X="174.0" Y="58.0" />
  <Point X="174.0" Y="57.0" />
</Project_1_Part_4>
