<?xml version="1.0" encoding="utf-8" standalone="yes"?>
<Gesture Name="check10" Subject="2" Number="2" NumPts="234">
  <Point X="68.0" Y="100.0" />
  <Point X="68.0" Y="101.0" />
  <Point X="69.0" Y="101.0" />
  <Point X="69.0" Y="102.0" />
  <Point X="69.0" Y="102.46324571703873" />
  <Point X="69.0" Y="103.0" />
  <Point X="70.0" Y="103.0" />
  <Point X="70.0" Y="104.0" />
  <Point X="70.0" Y="104.92649143407746" />
  <Point X="70.0" Y="105.0" />
  <Point X="71.0" Y="105.0" />
  <Point X="71.0" Y="106.0" />
  <Point X="71.0" Y="107.0" />
  <Point X="71.3897371511162" Y="107.0" />
  <Point X="72.0" Y="107.0" />
  <Point X="72.0" Y="108.0" />
  <Point X="73.0" Y="108.0" />
  <Point X="73.0" Y="108.85298286815492" />
  <Point X="73.0" Y="109.0" />
  <Point X="74.0" Y="110.0" />
  <Point X="74.0" Y="111.0" />
  <Point X="74.0" Y="111.90201502282056" />
  <Point X="74.0" Y="112.0" />
  <Point X="75.0" Y="113.0" />
  <Point X="75.0" Y="114.0" />
  <Point X="75.67249190842881" Y="114.67249190842881" />
  <Point X="76.0" Y="115.0" />
  <Point X="77.0" Y="116.0" />
  <Point X="77.0" Y="117.0" />
  <Point X="77.0" Y="117.58586576977874" />
  <Point X="77.0" Y="118.0" />
  <Point X="78.0" Y="118.0" />
  <Point X="78.0" Y="119.0" />
  <Point X="78.0" Y="120.0" />
  <Point X="78.04911148681747" Y="120.0" />
  <Point X="79.0" Y="120.0" />
  <Point X="79.0" Y="122.0" />
  <Point X="79.5123572038562" Y="122.0" />
  <Point X="80.0" Y="122.0" />
  <Point X="80.0" Y="123.0" />
  <Point X="80.88351648553363" Y="124.76703297106728" />
  <Point X="81.0" Y="125.0" />
  <Point X="81.0" Y="126.0" />
  <Point X="82.0" Y="126.0" />
  <Point X="82.0" Y="127.20278066043386" />
  <Point X="82.0" Y="128.0" />
  <Point X="83.0" Y="129.0" />
  <Point X="83.0" Y="130.0" />
  <Point X="83.17805854914653" Y="130.17805854914653" />
  <Point X="84.0" Y="131.0" />
  <Point X="84.0" Y="132.0" />
  <Point X="85.0" Y="132.0" />
  <Point X="85.0" Y="132.30084496976514" />
  <Point X="85.0" Y="133.0" />
  <Point X="85.0" Y="134.0" />
  <Point X="85.0" Y="135.0" />
  <Point X="85.5402937060805" Y="135.5402937060805" />
  <Point X="86.0" Y="136.0" />
  <Point X="87.0" Y="137.0" />
  <Point X="87.0" Y="138.0" />
  <Point X="87.2820714563273" Y="138.28207145632732" />
  <Point X="88.0" Y="139.0" />
  <Point X="88.0" Y="140.0" />
  <Point X="89.0" Y="140.0" />
  <Point X="89.0" Y="140.44794143376205" />
  <Point X="89.0" Y="141.0" />
  <Point X="90.0" Y="141.0" />
  <Point X="90.0" Y="142.91118715080077" />
  <Point X="90.0" Y="143.0" />
  <Point X="91.0" Y="143.0" />
  <Point X="91.0" Y="144.0" />
  <Point X="91.0" Y="145.0" />
  <Point X="91.26476401994843" Y="145.26476401994844" />
  <Point X="92.0" Y="146.0" />
  <Point X="92.0" Y="147.0" />
  <Point X="93.0" Y="148.0" />
  <Point X="93.00654177019524" Y="148.00654177019524" />
  <Point X="94.0" Y="149.0" />
  <Point X="94.0" Y="150.0" />
  <Point X="94.0" Y="151.0" />
  <Point X="94.0412127392555" Y="151.04121273925549" />
  <Point X="95.0" Y="152.0" />
  <Point X="95.0" Y="153.0" />
  <Point X="96.0" Y="153.0" />
  <Point X="96.0" Y="153.1073157694633" />
  <Point X="96.0" Y="154.0" />
  <Point X="96.0" Y="155.0" />
  <Point X="97.0" Y="156.0" />
  <Point X="97.15634792412894" Y="156.0" />
  <Point X="98.0" Y="156.0" />
  <Point X="98.0" Y="157.0" />
  <Point X="98.0" Y="158.0" />
  <Point X="98.0" Y="158.61959364116765" />
  <Point X="98.0" Y="159.0" />
  <Point X="99.0" Y="159.0" />
  <Point X="99.0" Y="160.0" />
  <Point X="99.76568305312342" Y="160.7656830531234" />
  <Point X="100.0" Y="161.0" />
  <Point X="100.0" Y="162.0" />
  <Point X="101.0" Y="163.0" />
  <Point X="101.0" Y="163.7176579504989" />
  <Point X="101.0" Y="164.0" />
  <Point X="102.0" Y="164.0" />
  <Point X="103.0" Y="164.0" />
  <Point X="103.0" Y="165.0" />
  <Point X="103.0" Y="164.81909633246238" />
  <Point X="103.0" Y="164.0" />
  <Point X="103.0" Y="163.0" />
  <Point X="103.0" Y="162.0" />
  <Point X="103.64414938457635" Y="162.0" />
  <Point X="104.0" Y="162.0" />
  <Point X="104.0" Y="161.0" />
  <Point X="104.0" Y="160.0" />
  <Point X="105.0" Y="160.0" />
  <Point X="105.07593980461824" Y="159.92406019538177" />
  <Point X="106.0" Y="159.0" />
  <Point X="106.0" Y="158.0" />
  <Point X="106.0" Y="157.0" />
  <Point X="106.11061077367849" Y="156.8893892263215" />
  <Point X="107.0" Y="156.0" />
  <Point X="107.0" Y="155.0" />
  <Point X="107.0" Y="154.0" />
  <Point X="107.14528174273875" Y="153.85471825726125" />
  <Point X="108.0" Y="153.0" />
  <Point X="109.0" Y="152.0" />
  <Point X="109.5941662741721" Y="151.4058337258279" />
  <Point X="110.0" Y="151.0" />
  <Point X="110.0" Y="150.0" />
  <Point X="111.0" Y="149.0" />
  <Point X="111.0" Y="148.5249034044686" />
  <Point X="111.0" Y="148.0" />
  <Point X="111.0" Y="147.0" />
  <Point X="112.0" Y="146.0" />
  <Point X="112.37061499347915" Y="145.62938500652086" />
  <Point X="113.0" Y="145.0" />
  <Point X="114.0" Y="144.0" />
  <Point X="114.0" Y="143.0" />
  <Point X="114.11239274372595" Y="142.88760725627404" />
  <Point X="115.0" Y="142.0" />
  <Point X="115.98743844971297" Y="140.02512310057406" />
  <Point X="116.0" Y="140.0" />
  <Point X="116.0" Y="139.0" />
  <Point X="117.0" Y="139.0" />
  <Point X="117.0" Y="137.56484276330585" />
  <Point X="117.0" Y="137.0" />
  <Point X="118.0" Y="136.0" />
  <Point X="119.0" Y="135.0" />
  <Point X="119.03129414207923" Y="134.93741171584153" />
  <Point X="120.0" Y="133.0" />
  <Point X="120.0" Y="132.0" />
  <Point X="120.132891115796" Y="131.734217768408" />
  <Point X="121.0" Y="130.0" />
  <Point X="122.0" Y="129.0" />
  <Point X="122.0" Y="128.8898822543085" />
  <Point X="122.0" Y="128.0" />
  <Point X="123.0" Y="126.0" />
  <Point X="123.33729548523044" Y="126.0" />
  <Point X="124.0" Y="126.0" />
  <Point X="124.88560888803168" Y="123.34317333590494" />
  <Point X="125.0" Y="123.0" />
  <Point X="126.0" Y="122.0" />
  <Point X="127.0" Y="121.0" />
  <Point X="127.19309822905042" Y="120.80690177094958" />
  <Point X="128.0" Y="120.0" />
  <Point X="128.0" Y="119.0" />
  <Point X="128.93487597929723" Y="118.06512402070277" />
  <Point X="130.0" Y="117.0" />
  <Point X="130.0" Y="116.0" />
  <Point X="130.85590678904268" Y="115.57204660547866" />
  <Point X="132.0" Y="115.0" />
  <Point X="132.97676396373805" Y="113.04647207252388" />
  <Point X="133.0" Y="113.0" />
  <Point X="134.0" Y="111.0" />
  <Point X="134.83100630215816" Y="110.16899369784184" />
  <Point X="136.0" Y="109.0" />
  <Point X="137.2798908335915" Y="107.72010916640849" />
  <Point X="138.0" Y="107.0" />
  <Point X="138.0" Y="106.0" />
  <Point X="138.64615994775355" Y="104.7076801044929" />
  <Point X="139.0" Y="104.0" />
  <Point X="140.0" Y="103.0" />
  <Point X="140.0" Y="102.0" />
  <Point X="140.23060277887328" Y="101.88469861056336" />
  <Point X="142.0" Y="101.0" />
  <Point X="143.0" Y="100.0" />
  <Point X="143.05005320535008" Y="99.9499467946499" />
  <Point X="144.0" Y="99.0" />
  <Point X="144.94801146380271" Y="97.10397707239454" />
  <Point X="145.0" Y="97.0" />
  <Point X="146.0" Y="97.0" />
  <Point X="147.0" Y="95.0" />
  <Point X="147.07843782686186" Y="94.92156217313813" />
  <Point X="148.0" Y="94.0" />
  <Point X="149.0" Y="93.0" />
  <Point X="149.0" Y="92.25425356915633" />
  <Point X="149.0" Y="92.0" />
  <Point X="150.0" Y="91.0" />
  <Point X="151.0" Y="90.0" />
  <Point X="151.26910010854203" Y="89.73089989145798" />
  <Point X="152.0" Y="89.0" />
  <Point X="153.0" Y="88.0" />
  <Point X="153.71798463997538" Y="87.28201536002462" />
  <Point X="154.0" Y="87.0" />
  <Point X="155.0" Y="87.0" />
  <Point X="155.0" Y="86.0" />
  <Point X="155.75265560903563" Y="85.24734439096436" />
  <Point X="156.0" Y="85.0" />
  <Point X="156.0" Y="84.0" />
  <Point X="157.0" Y="84.0" />
  <Point X="157.0" Y="83.0" />
  <Point X="157.11344792476" Y="83.0" />
  <Point X="158.0" Y="83.0" />
  <Point X="159.0" Y="81.0" />
  <Point X="159.24085871707197" Y="80.75914128292804" />
  <Point X="160.0" Y="80.0" />
  <Point X="161.0" Y="79.0" />
  <Point X="161.68974324850532" Y="78.31025675149468" />
  <Point X="162.0" Y="78.0" />
  <Point X="162.0" Y="77.0" />
  <Point X="163.0" Y="77.0" />
  <Point X="163.0" Y="76.0" />
  <Point X="163.02447641125713" Y="76.0" />
  <Point X="164.0" Y="76.0" />
  <Point X="164.0" Y="75.0" />
  <Point X="164.0" Y="74.0" />
  <Point X="164.48772212829584" Y="74.0" />
  <Point X="165.0" Y="74.0" />
  <Point X="166.0" Y="73.0" />
  <Point X="166.0" Y="72.0" />
  <Point X="166.53675428296148" Y="72.0" />
  <Point X="167.0" Y="72.0" />
  <Point X="167.0" Y="71.0" />
  <Point X="167.0" Y="70.0" />
  <Point X="168.0" Y="70.0" />
</Project_1_Part_4>
