<?xml version="1.0" encoding="utf-8" standalone="yes"?>
<Gesture Name="check8" Subject="2" Number="2" NumPts="238">
  <Point X="205.0" Y="22.0" />
  <Point X="199.06159951499217" Y="24.932085239472613" />
  <Point X="193.12319902998433" Y="27.864170478945226" />
  <Point X="187.1847985449765" Y="30.79625571841784" />
  <Point X="181.24639805996867" Y="33.72834095789045" />
  <Point X="175.30799757496084" Y="36.660426197363066" />
  <Point X="169.369597089953" Y="39.59251143683568" />
  <Point X="163.43119660494517" Y="42.52459667630829" />
  <Point X="157.49279611993734" Y="45.456681915780905" />
  <Point X="151.5543956349295" Y="48.38876715525352" />
  <Point X="145.61599514992167" Y="51.32085239472613" />
  <Point X="139.67759466491384" Y="54.252937634198744" />
  <Point X="133.739194179906" Y="57.18502287367136" />
  <Point X="127.80079369489819" Y="60.11710811314397" />
  <Point X="121.86239320989037" Y="63.049193352616584" />
  <Point X="115.92399272488255" Y="65.9812785920892" />
  <Point X="109.98559223987473" Y="68.91336383156181" />
  <Point X="104.04719175486692" Y="71.84544907103442" />
  <Point X="98.1087912698591" Y="74.77753431050704" />
  <Point X="92.17039078485128" Y="77.70961954997965" />
  <Point X="86.23199029984346" Y="80.64170478945226" />
  <Point X="80.29358981483564" Y="83.57379002892488" />
  <Point X="74.35518932982782" Y="86.50587526839749" />
  <Point X="68.41678884482" Y="89.4379605078701" />
  <Point X="62.478388359812186" Y="92.37004574734272" />
  <Point X="56.53998787480437" Y="95.30213098681533" />
  <Point X="50.60158738979655" Y="98.23421622628794" />
  <Point X="45.0" Y="101.0" />
  <Point X="45.375631785955214" Y="101.0" />
  <Point X="46.0" Y="101.0" />
  <Point X="46.0" Y="102.0" />
  <Point X="46.0" Y="103.0" />
  <Point X="47.0" Y="103.0" />
  <Point X="48.0" Y="104.0" />
  <Point X="48.0" Y="105.0" />
  <Point X="48.58423666982344" Y="105.0" />
  <Point X="49.0" Y="105.0" />
  <Point X="49.0" Y="106.0" />
  <Point X="50.0" Y="106.0" />
  <Point X="50.0" Y="107.0" />
  <Point X="51.0" Y="108.0" />
  <Point X="51.0" Y="109.0" />
  <Point X="51.792841553691666" Y="109.0" />
  <Point X="52.0" Y="109.0" />
  <Point X="53.0" Y="110.0" />
  <Point X="53.0" Y="111.0" />
  <Point X="54.0" Y="112.0" />
  <Point X="54.0" Y="113.0" />
  <Point X="55.5872328751868" Y="113.0" />
  <Point X="56.0" Y="113.0" />
  <Point X="56.0" Y="114.0" />
  <Point X="56.0" Y="115.0" />
  <Point X="57.0" Y="116.0" />
  <Point X="58.0" Y="117.0" />
  <Point X="58.617881124627864" Y="118.23576224925573" />
  <Point X="59.0" Y="119.0" />
  <Point X="60.0" Y="119.0" />
  <Point X="60.0" Y="120.0" />
  <Point X="61.0" Y="122.0" />
  <Point X="62.0" Y="123.0" />
  <Point X="62.08350444988832" Y="123.08350444988832" />
  <Point X="63.0" Y="124.0" />
  <Point X="63.0" Y="125.0" />
  <Point X="64.0" Y="126.0" />
  <Point X="65.0" Y="127.0" />
  <Point X="65.0" Y="128.0" />
  <Point X="65.4982708846726" Y="128.0" />
  <Point X="66.0" Y="128.0" />
  <Point X="66.0" Y="129.0" />
  <Point X="66.0" Y="130.0" />
  <Point X="67.0" Y="131.0" />
  <Point X="68.0" Y="133.0" />
  <Point X="68.47080779104104" Y="133.0" />
  <Point X="69.0" Y="133.0" />
  <Point X="69.0" Y="134.0" />
  <Point X="70.0" Y="136.0" />
  <Point X="70.0" Y="137.0" />
  <Point X="71.0" Y="137.0" />
  <Point X="71.0" Y="137.85755825978256" />
  <Point X="71.0" Y="138.0" />
  <Point X="71.0" Y="139.0" />
  <Point X="72.0" Y="140.0" />
  <Point X="73.0" Y="140.0" />
  <Point X="73.0" Y="141.0" />
  <Point X="74.0" Y="142.0" />
  <Point X="74.0" Y="142.6519495812777" />
  <Point X="74.0" Y="143.0" />
  <Point X="74.0" Y="144.0" />
  <Point X="75.0" Y="144.0" />
  <Point X="75.0" Y="145.0" />
  <Point X="76.0" Y="145.0" />
  <Point X="76.0" Y="147.0" />
  <Point X="76.19429033551195" Y="147.19429033551197" />
  <Point X="77.0" Y="148.0" />
  <Point X="77.0" Y="149.0" />
  <Point X="78.0" Y="150.0" />
  <Point X="78.0" Y="151.0" />
  <Point X="79.0" Y="151.0" />
  <Point X="79.0" Y="152.0" />
  <Point X="79.06915934901416" Y="152.0" />
  <Point X="80.0" Y="152.0" />
  <Point X="80.0" Y="153.0" />
  <Point X="80.0" Y="154.0" />
  <Point X="81.0" Y="154.0" />
  <Point X="81.0" Y="155.0" />
  <Point X="81.0" Y="156.0" />
  <Point X="81.69197779525548" Y="156.0" />
  <Point X="82.0" Y="156.0" />
  <Point X="82.0" Y="157.0" />
  <Point X="82.0" Y="158.0" />
  <Point X="83.0" Y="158.0" />
  <Point X="84.0" Y="159.0" />
  <Point X="84.0" Y="160.0" />
  <Point X="84.63680811942753" Y="160.6368081194275" />
  <Point X="85.0" Y="161.0" />
  <Point X="85.0" Y="162.0" />
  <Point X="85.0" Y="163.0" />
  <Point X="86.0" Y="163.0" />
  <Point X="86.0" Y="164.0" />
  <Point X="87.0" Y="164.0" />
  <Point X="87.0" Y="165.0" />
  <Point X="87.10918756299193" Y="165.0" />
  <Point X="88.0" Y="165.0" />
  <Point X="88.0" Y="166.0" />
  <Point X="89.0" Y="166.0" />
  <Point X="89.0" Y="165.0" />
  <Point X="90.0" Y="165.0" />
  <Point X="90.0" Y="164.0" />
  <Point X="90.0" Y="163.26799399076674" />
  <Point X="90.0" Y="163.0" />
  <Point X="91.0" Y="162.0" />
  <Point X="91.0" Y="161.0" />
  <Point X="92.0" Y="161.0" />
  <Point X="92.0" Y="160.0" />
  <Point X="92.8678675749703" Y="158.2642648500594" />
  <Point X="93.0" Y="158.0" />
  <Point X="94.0" Y="158.0" />
  <Point X="94.0" Y="157.0" />
  <Point X="94.0" Y="156.0" />
  <Point X="95.0" Y="154.0" />
  <Point X="96.0" Y="154.0" />
  <Point X="96.0" Y="153.90870661565677" />
  <Point X="96.0" Y="152.0" />
  <Point X="98.0" Y="152.0" />
  <Point X="98.0" Y="151.0" />
  <Point X="98.0" Y="150.0" />
  <Point X="98.50495331793188" Y="149.49504668206814" />
  <Point X="99.0" Y="149.0" />
  <Point X="99.0" Y="148.0" />
  <Point X="100.0" Y="147.0" />
  <Point X="101.0" Y="146.0" />
  <Point X="101.0" Y="145.0" />
  <Point X="101.77377958946337" Y="144.22622041053663" />
  <Point X="102.0" Y="144.0" />
  <Point X="103.0" Y="142.0" />
  <Point X="103.0" Y="141.0" />
  <Point X="105.0" Y="140.0" />
  <Point X="105.0" Y="139.16924148142476" />
  <Point X="105.0" Y="138.0" />
  <Point X="106.0" Y="138.0" />
  <Point X="106.0" Y="137.0" />
  <Point X="107.0" Y="135.0" />
  <Point X="107.86090886108725" Y="134.13909113891276" />
  <Point X="108.0" Y="134.0" />
  <Point X="109.0" Y="133.0" />
  <Point X="110.0" Y="131.0" />
  <Point X="111.0" Y="130.0" />
  <Point X="111.60893442535743" Y="128.78213114928514" />
  <Point X="112.0" Y="128.0" />
  <Point X="113.0" Y="127.0" />
  <Point X="114.0" Y="127.0" />
  <Point X="115.0" Y="125.0" />
  <Point X="115.49107974751082" Y="124.01784050497835" />
  <Point X="116.0" Y="123.0" />
  <Point X="117.0" Y="122.0" />
  <Point X="118.0" Y="120.0" />
  <Point X="118.0" Y="119.0" />
  <Point X="118.59012065000697" Y="118.40987934999303" />
  <Point X="120.0" Y="117.0" />
  <Point X="121.0" Y="115.0" />
  <Point X="121.0" Y="114.0" />
  <Point X="121.98491487264081" Y="113.01508512735919" />
  <Point X="123.0" Y="112.0" />
  <Point X="124.0" Y="111.0" />
  <Point X="125.0" Y="110.0" />
  <Point X="125.0" Y="108.0" />
  <Point X="125.25374114417231" Y="107.74625885582769" />
  <Point X="126.0" Y="107.0" />
  <Point X="128.0" Y="105.0" />
  <Point X="128.0" Y="103.0" />
  <Point X="128.7390219265426" Y="103.0" />
  <Point X="130.0" Y="103.0" />
  <Point X="130.0" Y="101.0" />
  <Point X="131.0" Y="100.0" />
  <Point X="132.74201037715187" Y="99.12899481142406" />
  <Point X="133.0" Y="99.0" />
  <Point X="133.0" Y="97.0" />
  <Point X="134.0" Y="96.0" />
  <Point X="135.0" Y="95.0" />
  <Point X="136.0" Y="94.0" />
  <Point X="136.041025851162" Y="93.91794829767596" />
  <Point X="137.0" Y="92.0" />
  <Point X="138.0" Y="91.0" />
  <Point X="139.0" Y="90.0" />
  <Point X="140.0" Y="89.0" />
  <Point X="140.10547370474802" Y="88.78905259050397" />
  <Point X="141.0" Y="87.0" />
  <Point X="142.0" Y="85.0" />
  <Point X="143.0" Y="84.0" />
  <Point X="143.68753074386615" Y="83.31246925613387" />
  <Point X="144.0" Y="83.0" />
  <Point X="144.0" Y="82.0" />
  <Point X="146.0" Y="81.0" />
  <Point X="146.0" Y="80.0" />
  <Point X="147.7395286981096" Y="79.1302356509452" />
  <Point X="148.0" Y="79.0" />
  <Point X="148.0" Y="77.0" />
  <Point X="150.0" Y="76.0" />
  <Point X="151.0" Y="75.0" />
  <Point X="151.48176679667657" Y="74.51823320332343" />
  <Point X="152.0" Y="74.0" />
  <Point X="153.0" Y="73.0" />
  <Point X="154.0" Y="71.0" />
  <Point X="155.0" Y="71.0" />
  <Point X="155.87656101931043" Y="70.12343898068958" />
  <Point X="156.0" Y="70.0" />
  <Point X="157.0" Y="69.0" />
  <Point X="158.0" Y="68.0" />
  <Point X="159.0" Y="68.0" />
  <Point X="159.0" Y="67.0" />
  <Point X="160.0" Y="67.0" />
  <Point X="160.43828050965539" Y="66.56171949034463" />
  <Point X="161.0" Y="66.0" />
  <Point X="161.0" Y="65.0" />
  <Point X="162.0" Y="64.0" />
  <Point X="163.0" Y="64.0" />
  <Point X="164.0" Y="63.0" />
  <Point X="164.0" Y="62.0" />
</Project_1_Part_4>
