<?xml version="1.0" encoding="utf-8" standalone="yes"?>
<Gesture Name="circle6" Subject="2" Number="2" NumPts="323">
  <Point X="212.0" Y="24.0" />
  <Point X="207.28655384754452" Y="28.28495104768679" />
  <Point X="202.57310769508905" Y="32.56990209537358" />
  <Point X="197.85966154263357" Y="36.85485314306037" />
  <Point X="193.1462153901781" Y="41.13980419074716" />
  <Point X="188.43276923772262" Y="45.424755238433946" />
  <Point X="183.71932308526715" Y="49.709706286120735" />
  <Point X="179.00587693281167" Y="53.994657333807524" />
  <Point X="174.2924307803562" Y="58.27960838149431" />
  <Point X="169.57898462790072" Y="62.5645594291811" />
  <Point X="164.86553847544525" Y="66.84951047686789" />
  <Point X="160.15209232298977" Y="71.13446152455468" />
  <Point X="155.4386461705343" Y="75.41941257224147" />
  <Point X="150.72520001807882" Y="79.70436361992826" />
  <Point X="146.01175386562335" Y="83.98931466761506" />
  <Point X="141.2983077131679" Y="88.27426571530187" />
  <Point X="136.58486156071243" Y="92.55921676298865" />
  <Point X="131.87141540825698" Y="96.84416781067546" />
  <Point X="127.15796925580152" Y="101.12911885836225" />
  <Point X="124.0" Y="104.0" />
  <Point X="124.0" Y="103.0" />
  <Point X="123.0" Y="103.0" />
  <Point X="122.89783395631608" Y="103.0" />
  <Point X="122.0" Y="103.0" />
  <Point X="121.0" Y="103.0" />
  <Point X="121.0" Y="102.0" />
  <Point X="120.0" Y="102.0" />
  <Point X="120.0" Y="101.0" />
  <Point X="119.0" Y="101.0" />
  <Point X="118.52779627093545" Y="101.0" />
  <Point X="118.0" Y="101.0" />
  <Point X="117.0" Y="101.0" />
  <Point X="116.0" Y="101.0" />
  <Point X="116.0" Y="100.0" />
  <Point X="115.0" Y="100.0" />
  <Point X="114.0" Y="100.0" />
  <Point X="113.15775858555483" Y="100.0" />
  <Point X="113.0" Y="100.0" />
  <Point X="112.0" Y="100.0" />
  <Point X="111.0" Y="100.0" />
  <Point X="110.0" Y="100.0" />
  <Point X="109.0" Y="100.0" />
  <Point X="108.0" Y="100.0" />
  <Point X="107.0" Y="100.0" />
  <Point X="106.78772090017421" Y="100.0" />
  <Point X="106.0" Y="100.0" />
  <Point X="105.0" Y="100.0" />
  <Point X="104.0" Y="100.0" />
  <Point X="103.0" Y="100.0" />
  <Point X="102.0" Y="100.0" />
  <Point X="101.0" Y="100.0" />
  <Point X="100.58823985238179" Y="100.41176014761821" />
  <Point X="100.0" Y="101.0" />
  <Point X="99.0" Y="101.0" />
  <Point X="99.0" Y="102.0" />
  <Point X="98.0" Y="102.0" />
  <Point X="97.0" Y="102.0" />
  <Point X="96.0" Y="103.0" />
  <Point X="95.91237013338147" Y="103.08762986661853" />
  <Point X="95.0" Y="104.0" />
  <Point X="94.0" Y="104.0" />
  <Point X="93.0" Y="105.0" />
  <Point X="93.0" Y="106.0" />
  <Point X="92.0" Y="106.0" />
  <Point X="91.52939363319462" Y="106.47060636680538" />
  <Point X="91.0" Y="107.0" />
  <Point X="90.0" Y="107.0" />
  <Point X="90.0" Y="108.0" />
  <Point X="89.0" Y="108.0" />
  <Point X="89.0" Y="109.0" />
  <Point X="89.0" Y="110.0" />
  <Point X="88.37863797051716" Y="110.0" />
  <Point X="88.0" Y="110.0" />
  <Point X="88.0" Y="111.0" />
  <Point X="87.0" Y="111.0" />
  <Point X="86.0" Y="112.0" />
  <Point X="86.0" Y="113.0" />
  <Point X="85.0" Y="114.0" />
  <Point X="85.0" Y="114.16297259011728" />
  <Point X="85.0" Y="115.0" />
  <Point X="84.0" Y="116.0" />
  <Point X="84.0" Y="117.0" />
  <Point X="84.0" Y="118.0" />
  <Point X="83.0" Y="118.0" />
  <Point X="82.20889125738023" Y="118.79110874261977" />
  <Point X="82.0" Y="119.0" />
  <Point X="82.0" Y="120.0" />
  <Point X="81.0" Y="121.0" />
  <Point X="81.0" Y="122.0" />
  <Point X="81.0" Y="123.0" />
  <Point X="80.0" Y="124.0" />
  <Point X="80.0" Y="124.24619371138614" />
  <Point X="80.0" Y="125.0" />
  <Point X="79.0" Y="126.0" />
  <Point X="79.0" Y="127.0" />
  <Point X="78.0" Y="128.0" />
  <Point X="78.0" Y="129.0" />
  <Point X="77.64768321895946" Y="129.70463356208109" />
  <Point X="77.0" Y="131.0" />
  <Point X="77.0" Y="132.0" />
  <Point X="77.0" Y="134.0" />
  <Point X="76.0" Y="135.0" />
  <Point X="75.77301208074371" Y="135.45397583851258" />
  <Point X="75.0" Y="137.0" />
  <Point X="75.0" Y="138.0" />
  <Point X="75.0" Y="139.0" />
  <Point X="75.0" Y="140.0" />
  <Point X="75.0" Y="141.0" />
  <Point X="75.0" Y="141.64153012540913" />
  <Point X="75.0" Y="142.0" />
  <Point X="75.0" Y="144.0" />
  <Point X="75.0" Y="145.0" />
  <Point X="75.0" Y="146.0" />
  <Point X="75.0" Y="148.0" />
  <Point X="75.0" Y="148.01156781078976" />
  <Point X="75.0" Y="149.0" />
  <Point X="75.0" Y="150.0" />
  <Point X="75.0" Y="151.0" />
  <Point X="75.0" Y="152.0" />
  <Point X="75.0" Y="153.0" />
  <Point X="75.0" Y="154.0" />
  <Point X="75.0" Y="154.38160549617038" />
  <Point X="75.0" Y="155.0" />
  <Point X="75.0" Y="156.0" />
  <Point X="75.0" Y="157.0" />
  <Point X="75.0" Y="158.0" />
  <Point X="75.0" Y="159.0" />
  <Point X="76.0" Y="159.0" />
  <Point X="76.53149199070735" Y="159.53149199070734" />
  <Point X="77.0" Y="160.0" />
  <Point X="77.0" Y="161.0" />
  <Point X="78.0" Y="161.0" />
  <Point X="78.0" Y="162.0" />
  <Point X="78.0" Y="163.0" />
  <Point X="79.0" Y="163.0" />
  <Point X="79.0" Y="163.70746730455852" />
  <Point X="79.0" Y="164.0" />
  <Point X="80.0" Y="164.0" />
  <Point X="81.0" Y="164.0" />
  <Point X="81.0" Y="165.0" />
  <Point X="82.0" Y="165.0" />
  <Point X="82.0" Y="166.0" />
  <Point X="83.0" Y="166.0" />
  <Point X="83.0" Y="166.07750498993914" />
  <Point X="83.0" Y="167.0" />
  <Point X="84.0" Y="167.0" />
  <Point X="85.0" Y="167.0" />
  <Point X="85.0" Y="168.0" />
  <Point X="86.0" Y="168.0" />
  <Point X="87.0" Y="168.0" />
  <Point X="87.31646046058898" Y="168.31646046058898" />
  <Point X="88.0" Y="169.0" />
  <Point X="89.0" Y="169.0" />
  <Point X="90.0" Y="169.0" />
  <Point X="91.0" Y="170.0" />
  <Point X="92.0" Y="170.0" />
  <Point X="92.98915323595422" Y="170.0" />
  <Point X="93.0" Y="170.0" />
  <Point X="93.0" Y="171.0" />
  <Point X="94.0" Y="171.0" />
  <Point X="95.0" Y="171.0" />
  <Point X="96.0" Y="171.0" />
  <Point X="97.0" Y="171.0" />
  <Point X="98.0" Y="171.0" />
  <Point X="98.35919092133484" Y="171.0" />
  <Point X="99.0" Y="171.0" />
  <Point X="100.0" Y="171.0" />
  <Point X="101.0" Y="171.0" />
  <Point X="102.0" Y="171.0" />
  <Point X="103.0" Y="171.0" />
  <Point X="104.0" Y="171.0" />
  <Point X="104.72922860671547" Y="171.0" />
  <Point X="105.0" Y="171.0" />
  <Point X="106.0" Y="171.0" />
  <Point X="107.0" Y="171.0" />
  <Point X="108.0" Y="171.0" />
  <Point X="109.0" Y="171.0" />
  <Point X="110.0" Y="171.0" />
  <Point X="111.09926629209609" Y="171.0" />
  <Point X="112.0" Y="171.0" />
  <Point X="113.0" Y="171.0" />
  <Point X="114.0" Y="171.0" />
  <Point X="115.0" Y="171.0" />
  <Point X="116.0" Y="171.0" />
  <Point X="116.0" Y="170.0" />
  <Point X="116.46930397747671" Y="170.0" />
  <Point X="117.0" Y="170.0" />
  <Point X="119.0" Y="170.0" />
  <Point X="120.0" Y="170.0" />
  <Point X="121.0" Y="170.0" />
  <Point X="122.0" Y="169.0" />
  <Point X="122.42512810048424" Y="169.0" />
  <Point X="123.0" Y="169.0" />
  <Point X="124.0" Y="169.0" />
  <Point X="124.0" Y="168.0" />
  <Point X="125.0" Y="168.0" />
  <Point X="126.0" Y="168.0" />
  <Point X="127.0" Y="167.0" />
  <Point X="127.26937390053912" Y="166.73062609946086" />
  <Point X="128.0" Y="166.0" />
  <Point X="129.0" Y="166.0" />
  <Point X="129.0" Y="165.0" />
  <Point X="131.0" Y="165.0" />
  <Point X="131.94524361953944" Y="164.05475638046056" />
  <Point X="132.0" Y="164.0" />
  <Point X="133.0" Y="163.0" />
  <Point X="134.0" Y="162.0" />
  <Point X="135.0" Y="161.0" />
  <Point X="136.0" Y="161.0" />
  <Point X="136.0" Y="160.0" />
  <Point X="136.04995978238756" Y="160.0" />
  <Point X="137.0" Y="160.0" />
  <Point X="137.0" Y="159.0" />
  <Point X="138.0" Y="158.0" />
  <Point X="139.0" Y="158.0" />
  <Point X="140.0" Y="157.0" />
  <Point X="140.0" Y="156.408429656978" />
  <Point X="140.0" Y="156.0" />
  <Point X="141.0" Y="155.0" />
  <Point X="142.0" Y="155.0" />
  <Point X="142.0" Y="154.0" />
  <Point X="143.0" Y="154.0" />
  <Point X="143.0" Y="153.0" />
  <Point X="143.0" Y="152.45260553397046" />
  <Point X="143.0" Y="152.0" />
  <Point X="144.0" Y="151.0" />
  <Point X="144.0" Y="150.0" />
  <Point X="145.0" Y="150.0" />
  <Point X="145.0" Y="149.0" />
  <Point X="146.0" Y="148.0" />
  <Point X="146.0" Y="147.91099497333602" />
  <Point X="146.0" Y="147.0" />
  <Point X="147.0" Y="146.0" />
  <Point X="147.0" Y="145.0" />
  <Point X="147.0" Y="144.0" />
  <Point X="148.0" Y="144.0" />
  <Point X="148.0" Y="143.0" />
  <Point X="148.0" Y="142.95517085032847" />
  <Point X="148.0" Y="142.0" />
  <Point X="148.0" Y="141.0" />
  <Point X="149.0" Y="141.0" />
  <Point X="149.0" Y="140.0" />
  <Point X="150.0" Y="140.0" />
  <Point X="150.0" Y="139.0" />
  <Point X="150.0" Y="138.58513316494785" />
  <Point X="150.0" Y="138.0" />
  <Point X="150.0" Y="137.0" />
  <Point X="150.0" Y="136.0" />
  <Point X="151.0" Y="135.0" />
  <Point X="151.0" Y="134.0" />
  <Point X="151.0" Y="133.0" />
  <Point X="151.0" Y="132.6293090419403" />
  <Point X="151.0" Y="132.0" />
  <Point X="152.0" Y="132.0" />
  <Point X="152.0" Y="131.0" />
  <Point X="152.0" Y="130.0" />
  <Point X="152.0" Y="129.0" />
  <Point X="152.0" Y="128.0" />
  <Point X="152.0" Y="127.25927135655968" />
  <Point X="152.0" Y="127.0" />
  <Point X="152.0" Y="126.0" />
  <Point X="152.0" Y="125.0" />
  <Point X="152.0" Y="124.0" />
  <Point X="152.0" Y="123.0" />
  <Point X="152.0" Y="122.0" />
  <Point X="152.0" Y="121.0" />
  <Point X="152.0" Y="120.88923367117906" />
  <Point X="152.0" Y="120.0" />
  <Point X="151.0" Y="119.0" />
  <Point X="151.0" Y="118.0" />
  <Point X="150.0" Y="118.0" />
  <Point X="149.0" Y="118.0" />
  <Point X="149.0" Y="117.0" />
  <Point X="149.0" Y="116.93340954817153" />
  <Point X="149.0" Y="116.0" />
  <Point X="148.0" Y="116.0" />
  <Point X="147.0" Y="116.0" />
  <Point X="147.0" Y="115.0" />
  <Point X="146.0" Y="114.0" />
  <Point X="145.0" Y="114.0" />
  <Point X="144.977585425164" Y="114.0" />
  <Point X="144.0" Y="114.0" />
  <Point X="144.0" Y="113.0" />
  <Point X="143.0" Y="113.0" />
  <Point X="142.0" Y="112.0" />
  <Point X="141.0" Y="112.0" />
  <Point X="140.02176130215645" Y="112.0" />
  <Point X="140.0" Y="112.0" />
  <Point X="139.0" Y="112.0" />
  <Point X="138.0" Y="112.0" />
  <Point X="137.0" Y="112.0" />
  <Point X="136.0" Y="112.0" />
  <Point X="136.0" Y="111.0" />
  <Point X="135.0" Y="111.0" />
  <Point X="134.75373140769506" Y="110.75373140769506" />
  <Point X="134.0" Y="110.0" />
  <Point X="133.0" Y="110.0" />
  <Point X="132.0" Y="110.0" />
  <Point X="131.0" Y="110.0" />
  <Point X="130.0" Y="110.0" />
  <Point X="129.0" Y="110.0" />
  <Point X="128.69589949376828" Y="110.0" />
  <Point X="128.0" Y="110.0" />
  <Point X="127.0" Y="110.0" />
  <Point X="126.0" Y="110.0" />
  <Point X="125.0" Y="110.0" />
  <Point X="124.0" Y="110.0" />
  <Point X="123.0" Y="110.0" />
  <Point X="122.32586180838766" Y="110.0" />
  <Point X="122.0" Y="110.0" />
  <Point X="121.0" Y="110.0" />
  <Point X="120.0" Y="109.0" />
  <Point X="119.0" Y="109.0" />
  <Point X="118.0" Y="109.0" />
  <Point X="117.0" Y="109.0" />
  <Point X="116.37003768538013" Y="109.0" />
  <Point X="116.0" Y="109.0" />
  <Point X="115.0" Y="109.0" />
  <Point X="114.0" Y="109.0" />
  <Point X="113.0" Y="109.0" />
  <Point X="112.0" Y="109.0" />
  <Point X="111.0" Y="109.0" />
  <Point X="110.0" Y="109.0" />
</Project_1_Part_4>
