<?xml version="1.0" encoding="utf-8" standalone="yes"?>
<Gesture Name="circle5" Subject="2" Number="2" NumPts="360">
  <Point X="124.0" Y="87.0" />
  <Point X="123.0" Y="86.0" />
  <Point X="122.0" Y="86.0" />
  <Point X="121.0" Y="86.0" />
  <Point X="120.0" Y="86.0" />
  <Point X="120.0" Y="85.35767435943175" />
  <Point X="120.0" Y="85.0" />
  <Point X="119.0" Y="85.0" />
  <Point X="118.0" Y="85.0" />
  <Point X="117.0" Y="85.0" />
  <Point X="116.0" Y="85.0" />
  <Point X="115.30113515649042" Y="85.0" />
  <Point X="115.0" Y="85.0" />
  <Point X="114.0" Y="85.0" />
  <Point X="113.0" Y="85.0" />
  <Point X="112.0" Y="85.0" />
  <Point X="111.0" Y="85.0" />
  <Point X="110.24459595354908" Y="85.0" />
  <Point X="110.0" Y="85.0" />
  <Point X="109.0" Y="85.0" />
  <Point X="108.0" Y="85.0" />
  <Point X="107.0" Y="85.0" />
  <Point X="106.0" Y="85.0" />
  <Point X="105.18805675060774" Y="85.0" />
  <Point X="105.0" Y="85.0" />
  <Point X="104.0" Y="85.0" />
  <Point X="103.0" Y="85.0" />
  <Point X="102.0" Y="85.0" />
  <Point X="102.0" Y="86.0" />
  <Point X="101.1315175476664" Y="86.0" />
  <Point X="100.0" Y="86.0" />
  <Point X="100.0" Y="87.0" />
  <Point X="99.0" Y="87.0" />
  <Point X="98.0" Y="87.0" />
  <Point X="97.07497834472507" Y="87.0" />
  <Point X="97.0" Y="87.0" />
  <Point X="97.0" Y="88.0" />
  <Point X="96.0" Y="89.0" />
  <Point X="95.0" Y="89.0" />
  <Point X="95.0" Y="90.0" />
  <Point X="94.43265270415682" Y="90.0" />
  <Point X="94.0" Y="90.0" />
  <Point X="93.0" Y="90.0" />
  <Point X="93.0" Y="91.0" />
  <Point X="92.0" Y="91.0" />
  <Point X="91.0" Y="92.0" />
  <Point X="90.79032706358858" Y="92.0" />
  <Point X="90.0" Y="92.0" />
  <Point X="90.0" Y="93.0" />
  <Point X="89.0" Y="93.0" />
  <Point X="89.0" Y="94.0" />
  <Point X="88.0" Y="94.0" />
  <Point X="87.81175959102949" Y="94.18824040897051" />
  <Point X="87.0" Y="95.0" />
  <Point X="87.0" Y="96.0" />
  <Point X="86.0" Y="96.0" />
  <Point X="86.0" Y="97.0" />
  <Point X="85.091462220079" Y="97.0" />
  <Point X="85.0" Y="97.0" />
  <Point X="85.0" Y="98.0" />
  <Point X="84.0" Y="98.0" />
  <Point X="83.0" Y="99.0" />
  <Point X="83.0" Y="100.0" />
  <Point X="82.61048073986443" Y="100.38951926013557" />
  <Point X="82.0" Y="101.0" />
  <Point X="82.0" Y="102.0" />
  <Point X="81.0" Y="102.0" />
  <Point X="81.0" Y="103.0" />
  <Point X="81.0" Y="104.0" />
  <Point X="80.80681093894249" Y="104.0" />
  <Point X="80.0" Y="104.0" />
  <Point X="80.0" Y="105.0" />
  <Point X="79.0" Y="105.0" />
  <Point X="79.0" Y="106.0" />
  <Point X="78.11630866988592" Y="106.88369133011408" />
  <Point X="78.0" Y="107.0" />
  <Point X="78.0" Y="108.0" />
  <Point X="78.0" Y="109.0" />
  <Point X="77.0" Y="110.0" />
  <Point X="77.0" Y="111.0" />
  <Point X="77.0" Y="111.477840342194" />
  <Point X="77.0" Y="112.0" />
  <Point X="77.0" Y="113.0" />
  <Point X="76.0" Y="114.0" />
  <Point X="76.0" Y="115.0" />
  <Point X="76.0" Y="116.0" />
  <Point X="75.87983401723776" Y="116.0" />
  <Point X="75.0" Y="116.0" />
  <Point X="75.0" Y="117.0" />
  <Point X="75.0" Y="118.0" />
  <Point X="75.0" Y="119.0" />
  <Point X="75.0" Y="120.17670518570358" />
  <Point X="75.0" Y="121.0" />
  <Point X="75.0" Y="122.0" />
  <Point X="75.0" Y="123.0" />
  <Point X="75.0" Y="125.0" />
  <Point X="75.0" Y="125.23324438864492" />
  <Point X="75.0" Y="126.0" />
  <Point X="75.0" Y="127.0" />
  <Point X="75.0" Y="128.0" />
  <Point X="75.0" Y="129.0" />
  <Point X="75.0" Y="130.0" />
  <Point X="75.0" Y="130.28978359158626" />
  <Point X="75.0" Y="131.0" />
  <Point X="75.0" Y="132.0" />
  <Point X="75.0" Y="133.0" />
  <Point X="76.0" Y="133.0" />
  <Point X="76.0" Y="134.0" />
  <Point X="76.0" Y="134.3463227945276" />
  <Point X="76.0" Y="135.0" />
  <Point X="76.0" Y="136.0" />
  <Point X="77.0" Y="136.0" />
  <Point X="77.0" Y="137.0" />
  <Point X="77.0" Y="138.0" />
  <Point X="77.40286199746893" Y="138.0" />
  <Point X="78.0" Y="138.0" />
  <Point X="78.0" Y="140.0" />
  <Point X="79.0" Y="140.0" />
  <Point X="79.0" Y="141.0" />
  <Point X="79.45940120041027" Y="141.0" />
  <Point X="80.0" Y="141.0" />
  <Point X="80.0" Y="142.0" />
  <Point X="80.0" Y="143.0" />
  <Point X="81.0" Y="143.0" />
  <Point X="81.0" Y="144.0" />
  <Point X="81.5159404033516" Y="144.0" />
  <Point X="82.0" Y="144.0" />
  <Point X="82.0" Y="145.0" />
  <Point X="83.0" Y="145.0" />
  <Point X="83.0" Y="146.0" />
  <Point X="84.0" Y="147.0" />
  <Point X="84.15826604391985" Y="147.0" />
  <Point X="85.0" Y="147.0" />
  <Point X="85.0" Y="148.0" />
  <Point X="85.0" Y="149.0" />
  <Point X="86.0" Y="149.0" />
  <Point X="86.0" Y="150.0" />
  <Point X="86.21480524686119" Y="150.0" />
  <Point X="87.0" Y="150.0" />
  <Point X="88.0" Y="151.0" />
  <Point X="89.0" Y="151.0" />
  <Point X="89.0" Y="152.0" />
  <Point X="89.85713088742943" Y="152.0" />
  <Point X="90.0" Y="152.0" />
  <Point X="91.0" Y="152.0" />
  <Point X="91.0" Y="153.0" />
  <Point X="92.0" Y="153.0" />
  <Point X="92.0" Y="154.0" />
  <Point X="92.91367009037077" Y="154.0" />
  <Point X="93.0" Y="154.0" />
  <Point X="94.0" Y="154.0" />
  <Point X="94.0" Y="155.0" />
  <Point X="95.0" Y="156.0" />
  <Point X="96.0" Y="156.0" />
  <Point X="96.55599573093902" Y="156.0" />
  <Point X="97.0" Y="156.0" />
  <Point X="97.0" Y="157.0" />
  <Point X="98.0" Y="157.0" />
  <Point X="99.0" Y="157.0" />
  <Point X="100.0" Y="158.0" />
  <Point X="100.19832137150726" Y="158.0" />
  <Point X="101.0" Y="158.0" />
  <Point X="101.0" Y="159.0" />
  <Point X="102.0" Y="159.0" />
  <Point X="103.0" Y="159.0" />
  <Point X="104.0" Y="159.0" />
  <Point X="104.0" Y="159.2548605744486" />
  <Point X="104.0" Y="160.0" />
  <Point X="105.0" Y="160.0" />
  <Point X="106.0" Y="160.0" />
  <Point X="107.0" Y="160.0" />
  <Point X="107.92729967543896" Y="160.92729967543895" />
  <Point X="108.0" Y="161.0" />
  <Point X="109.0" Y="161.0" />
  <Point X="110.0" Y="161.0" />
  <Point X="111.0" Y="161.0" />
  <Point X="112.0" Y="161.0" />
  <Point X="112.95372541795818" Y="161.0" />
  <Point X="113.0" Y="161.0" />
  <Point X="114.0" Y="161.0" />
  <Point X="115.0" Y="161.0" />
  <Point X="116.0" Y="161.0" />
  <Point X="117.0" Y="161.0" />
  <Point X="118.0" Y="161.0" />
  <Point X="118.01026462089952" Y="161.0" />
  <Point X="119.0" Y="161.0" />
  <Point X="120.0" Y="160.0" />
  <Point X="121.0" Y="160.0" />
  <Point X="122.0" Y="160.0" />
  <Point X="122.0" Y="159.34740973853224" />
  <Point X="122.0" Y="159.0" />
  <Point X="123.0" Y="159.0" />
  <Point X="124.0" Y="159.0" />
  <Point X="125.0" Y="158.0" />
  <Point X="126.0" Y="158.0" />
  <Point X="126.26378080183927" Y="157.86810959908036" />
  <Point X="128.0" Y="157.0" />
  <Point X="129.0" Y="157.0" />
  <Point X="129.0" Y="156.0" />
  <Point X="130.0" Y="156.0" />
  <Point X="130.0" Y="155.88461287252244" />
  <Point X="130.0" Y="155.0" />
  <Point X="131.0" Y="155.0" />
  <Point X="132.0" Y="154.0" />
  <Point X="133.0" Y="154.0" />
  <Point X="133.5357838364768" Y="153.4642161635232" />
  <Point X="134.0" Y="153.0" />
  <Point X="135.0" Y="153.0" />
  <Point X="136.0" Y="152.0" />
  <Point X="137.0" Y="152.0" />
  <Point X="137.0" Y="151.01417515375906" />
  <Point X="137.0" Y="151.0" />
  <Point X="138.0" Y="150.0" />
  <Point X="139.0" Y="150.0" />
  <Point X="140.0" Y="149.0" />
  <Point X="140.8583830312015" Y="148.1416169687985" />
  <Point X="141.0" Y="148.0" />
  <Point X="142.0" Y="148.0" />
  <Point X="142.0" Y="147.0" />
  <Point X="143.0" Y="147.0" />
  <Point X="144.0" Y="146.0" />
  <Point X="144.3125758473773" Y="145.6874241526227" />
  <Point X="145.0" Y="145.0" />
  <Point X="145.0" Y="144.0" />
  <Point X="146.0" Y="144.0" />
  <Point X="147.0" Y="143.0" />
  <Point X="147.0" Y="142.3298389191736" />
  <Point X="147.0" Y="142.0" />
  <Point X="148.0" Y="141.0" />
  <Point X="149.0" Y="141.0" />
  <Point X="149.0" Y="140.0" />
  <Point X="149.92806826091547" Y="139.07193173908453" />
  <Point X="150.0" Y="139.0" />
  <Point X="150.0" Y="138.0" />
  <Point X="151.0" Y="138.0" />
  <Point X="151.0" Y="137.0" />
  <Point X="151.0" Y="136.0" />
  <Point X="151.95481236196292" Y="136.0" />
  <Point X="152.0" Y="136.0" />
  <Point X="153.0" Y="135.0" />
  <Point X="153.0" Y="134.0" />
  <Point X="153.0" Y="133.0" />
  <Point X="154.0" Y="133.0" />
  <Point X="154.0" Y="132.40286199746882" />
  <Point X="154.0" Y="132.0" />
  <Point X="155.0" Y="131.0" />
  <Point X="155.0" Y="129.0" />
  <Point X="156.0" Y="129.0" />
  <Point X="156.0" Y="128.76053635690056" />
  <Point X="156.0" Y="128.0" />
  <Point X="157.0" Y="127.0" />
  <Point X="158.0" Y="126.0" />
  <Point X="158.0" Y="125.0" />
  <Point X="158.0" Y="124.5324242787054" />
  <Point X="158.0" Y="124.0" />
  <Point X="158.0" Y="123.0" />
  <Point X="158.0" Y="122.0" />
  <Point X="159.0" Y="121.0" />
  <Point X="159.0" Y="120.0" />
  <Point X="159.0" Y="119.89009863813716" />
  <Point X="159.0" Y="119.0" />
  <Point X="159.0" Y="118.0" />
  <Point X="160.0" Y="117.0" />
  <Point X="161.0" Y="116.0" />
  <Point X="161.0" Y="115.66198655994201" />
  <Point X="161.0" Y="115.0" />
  <Point X="161.0" Y="114.0" />
  <Point X="161.0" Y="113.0" />
  <Point X="161.0" Y="112.0" />
  <Point X="161.0" Y="111.0" />
  <Point X="161.0" Y="110.60544735700067" />
  <Point X="161.0" Y="110.0" />
  <Point X="161.0" Y="109.0" />
  <Point X="161.0" Y="108.0" />
  <Point X="161.0" Y="107.0" />
  <Point X="161.0" Y="106.0" />
  <Point X="161.0" Y="105.54890815405933" />
  <Point X="161.0" Y="105.0" />
  <Point X="161.0" Y="104.0" />
  <Point X="161.0" Y="103.0" />
  <Point X="161.0" Y="102.0" />
  <Point X="161.0" Y="101.0" />
  <Point X="161.0" Y="100.492368951118" />
  <Point X="161.0" Y="100.0" />
  <Point X="161.0" Y="99.0" />
  <Point X="161.0" Y="98.0" />
  <Point X="160.0" Y="97.0" />
  <Point X="159.0" Y="97.0" />
  <Point X="159.0" Y="96.85004331054975" />
  <Point X="159.0" Y="96.0" />
  <Point X="159.0" Y="95.0" />
  <Point X="158.0" Y="95.0" />
  <Point X="157.0" Y="95.0" />
  <Point X="157.0" Y="94.0" />
  <Point X="156.7935041076084" Y="94.0" />
  <Point X="156.0" Y="94.0" />
  <Point X="155.0" Y="94.0" />
  <Point X="155.0" Y="93.0" />
  <Point X="154.0" Y="93.0" />
  <Point X="153.0" Y="93.0" />
  <Point X="153.0" Y="92.73696490466708" />
  <Point X="153.0" Y="92.0" />
  <Point X="152.0" Y="92.0" />
  <Point X="151.0" Y="91.0" />
  <Point X="150.0" Y="91.0" />
  <Point X="149.09463926409882" Y="91.0" />
  <Point X="149.0" Y="91.0" />
  <Point X="148.0" Y="91.0" />
  <Point X="147.0" Y="91.0" />
  <Point X="147.0" Y="90.0" />
  <Point X="146.0" Y="90.0" />
  <Point X="145.03810006115748" Y="90.0" />
  <Point X="145.0" Y="90.0" />
  <Point X="144.0" Y="90.0" />
  <Point X="143.0" Y="90.0" />
  <Point X="142.0" Y="90.0" />
  <Point X="141.0" Y="90.0" />
  <Point X="141.0" Y="89.0" />
  <Point X="140.98156085821614" Y="89.0" />
  <Point X="140.0" Y="89.0" />
  <Point X="139.0" Y="89.0" />
  <Point X="138.0" Y="89.0" />
  <Point X="137.0" Y="89.0" />
  <Point X="136.0" Y="89.0" />
  <Point X="135.9250216552748" Y="89.0" />
  <Point X="135.0" Y="89.0" />
  <Point X="135.0" Y="88.0" />
  <Point X="134.0" Y="88.0" />
  <Point X="133.0" Y="88.0" />
  <Point X="132.0" Y="88.0" />
  <Point X="131.86848245233347" Y="88.0" />
  <Point X="131.0" Y="88.0" />
  <Point X="130.0" Y="88.0" />
  <Point X="129.0" Y="87.0" />
  <Point X="128.0" Y="87.0" />
  <Point X="127.22615681176522" Y="87.0" />
  <Point X="127.0" Y="87.0" />
  <Point X="126.0" Y="87.0" />
  <Point X="125.0" Y="87.0" />
  <Point X="124.0" Y="87.0" />
  <Point X="123.0" Y="87.0" />
  <Point X="122.16961760882388" Y="87.0" />
  <Point X="122.0" Y="87.0" />
  <Point X="121.0" Y="87.0" />
  <Point X="120.0" Y="87.0" />
  <Point X="119.0" Y="87.0" />
  <Point X="118.0" Y="87.0" />
  <Point X="117.11307840588255" Y="87.0" />
  <Point X="117.0" Y="87.0" />
  <Point X="116.0" Y="87.0" />
  <Point X="115.0" Y="87.0" />
  <Point X="114.0" Y="87.0" />
  <Point X="113.0" Y="87.0" />
  <Point X="113.0" Y="87.94346079705879" />
  <Point X="113.0" Y="88.0" />
  <Point X="112.0" Y="88.0" />
  <Point X="111.0" Y="88.0" />
  <Point X="110.0" Y="88.0" />
  <Point X="109.0" Y="88.0" />
  <Point X="109.0" Y="89.0" />
</Project_1_Part_4>
