<?xml version="1.0" encoding="utf-8" standalone="yes"?>
<Gesture Name="circle2" Subject="2" Number="2" NumPts="395">
  <Point X="126.0" Y="101.0" />
  <Point X="126.0" Y="100.0" />
  <Point X="126.0" Y="99.0" />
  <Point X="125.0" Y="99.0" />
  <Point X="124.0" Y="99.0" />
  <Point X="123.0" Y="98.0" />
  <Point X="122.13883171425412" Y="98.0" />
  <Point X="122.0" Y="98.0" />
  <Point X="121.0" Y="98.0" />
  <Point X="120.0" Y="97.0" />
  <Point X="119.0" Y="97.0" />
  <Point X="118.0" Y="97.0" />
  <Point X="117.0" Y="97.0" />
  <Point X="116.27766342850825" Y="97.0" />
  <Point X="116.0" Y="97.0" />
  <Point X="115.0" Y="96.0" />
  <Point X="114.0" Y="96.0" />
  <Point X="113.0" Y="96.0" />
  <Point X="112.0" Y="96.0" />
  <Point X="111.0" Y="96.0" />
  <Point X="110.41649514276237" Y="96.0" />
  <Point X="110.0" Y="96.0" />
  <Point X="109.0" Y="96.0" />
  <Point X="108.0" Y="96.0" />
  <Point X="107.0" Y="96.0" />
  <Point X="106.0" Y="96.0" />
  <Point X="105.0" Y="96.0" />
  <Point X="104.14111329464339" Y="96.0" />
  <Point X="104.0" Y="96.0" />
  <Point X="103.0" Y="96.0" />
  <Point X="102.0" Y="97.0" />
  <Point X="101.0" Y="97.0" />
  <Point X="100.0" Y="97.0" />
  <Point X="99.0" Y="97.0" />
  <Point X="98.27994500889751" Y="97.0" />
  <Point X="98.0" Y="97.0" />
  <Point X="97.0" Y="97.0" />
  <Point X="96.0" Y="99.0" />
  <Point X="94.0" Y="99.0" />
  <Point X="94.0" Y="99.75936886172167" />
  <Point X="94.0" Y="100.0" />
  <Point X="93.0" Y="100.0" />
  <Point X="92.0" Y="100.0" />
  <Point X="91.0" Y="100.0" />
  <Point X="90.0" Y="101.0" />
  <Point X="89.0" Y="101.0" />
  <Point X="88.56121397504754" Y="101.43878602495246" />
  <Point X="88.0" Y="102.0" />
  <Point X="87.0" Y="102.0" />
  <Point X="86.0" Y="102.0" />
  <Point X="85.0" Y="103.0" />
  <Point X="84.0" Y="103.0" />
  <Point X="84.0" Y="104.0" />
  <Point X="83.93250812915966" Y="104.0" />
  <Point X="82.0" Y="104.0" />
  <Point X="81.0" Y="105.0" />
  <Point X="80.0" Y="106.0" />
  <Point X="79.0" Y="106.0" />
  <Point X="78.48555340578687" Y="106.0" />
  <Point X="78.0" Y="106.0" />
  <Point X="77.0" Y="107.0" />
  <Point X="77.0" Y="108.0" />
  <Point X="76.0" Y="109.0" />
  <Point X="75.0" Y="109.0" />
  <Point X="74.32018660889332" Y="109.67981339110668" />
  <Point X="74.0" Y="110.0" />
  <Point X="73.0" Y="110.0" />
  <Point X="73.0" Y="112.0" />
  <Point X="72.0" Y="112.0" />
  <Point X="71.0" Y="112.0" />
  <Point X="71.0" Y="112.82256960333179" />
  <Point X="71.0" Y="114.0" />
  <Point X="69.0" Y="114.0" />
  <Point X="69.0" Y="115.0" />
  <Point X="68.0" Y="115.0" />
  <Point X="68.0" Y="116.0" />
  <Point X="68.0" Y="116.09795145145077" />
  <Point X="68.0" Y="117.0" />
  <Point X="67.0" Y="117.0" />
  <Point X="66.0" Y="118.0" />
  <Point X="66.0" Y="119.0" />
  <Point X="65.0" Y="120.0" />
  <Point X="65.0" Y="120.54490617482355" />
  <Point X="65.0" Y="121.0" />
  <Point X="64.0" Y="122.0" />
  <Point X="64.0" Y="123.0" />
  <Point X="63.0" Y="124.0" />
  <Point X="63.0" Y="125.0" />
  <Point X="62.008139101803664" Y="125.0" />
  <Point X="62.0" Y="125.0" />
  <Point X="62.0" Y="127.0" />
  <Point X="62.0" Y="128.0" />
  <Point X="61.0" Y="129.0" />
  <Point X="61.0" Y="130.0" />
  <Point X="61.0" Y="130.85302918394223" />
  <Point X="61.0" Y="131.0" />
  <Point X="61.0" Y="133.0" />
  <Point X="60.0" Y="133.0" />
  <Point X="60.0" Y="134.0" />
  <Point X="60.0" Y="135.0" />
  <Point X="60.0" Y="136.0" />
  <Point X="60.0" Y="136.1284110320612" />
  <Point X="60.0" Y="137.0" />
  <Point X="60.0" Y="138.0" />
  <Point X="60.0" Y="139.0" />
  <Point X="60.0" Y="140.0" />
  <Point X="60.0" Y="141.0" />
  <Point X="60.0" Y="142.40379288018016" />
  <Point X="60.0" Y="143.0" />
  <Point X="60.0" Y="144.0" />
  <Point X="60.0" Y="145.0" />
  <Point X="60.0" Y="146.0" />
  <Point X="60.0" Y="147.0" />
  <Point X="60.0" Y="148.0" />
  <Point X="60.0" Y="148.67917472829913" />
  <Point X="60.0" Y="149.0" />
  <Point X="60.0" Y="150.0" />
  <Point X="61.0" Y="151.0" />
  <Point X="61.0" Y="153.0" />
  <Point X="61.0" Y="154.0" />
  <Point X="61.0" Y="154.54034301404502" />
  <Point X="61.0" Y="155.0" />
  <Point X="62.0" Y="155.0" />
  <Point X="62.0" Y="156.0" />
  <Point X="62.0" Y="157.0" />
  <Point X="63.0" Y="158.0" />
  <Point X="63.99101814399172" Y="158.9910181439917" />
  <Point X="64.0" Y="159.0" />
  <Point X="64.0" Y="160.0" />
  <Point X="65.0" Y="161.0" />
  <Point X="65.0" Y="162.0" />
  <Point X="66.0" Y="162.0" />
  <Point X="66.0" Y="163.0" />
  <Point X="66.59995607858542" Y="163.59995607858542" />
  <Point X="67.0" Y="164.0" />
  <Point X="68.0" Y="165.0" />
  <Point X="68.0" Y="167.0" />
  <Point X="69.0" Y="167.0" />
  <Point X="69.0" Y="168.0" />
  <Point X="69.29542074653646" Y="168.0" />
  <Point X="70.0" Y="168.0" />
  <Point X="70.0" Y="169.0" />
  <Point X="71.0" Y="169.0" />
  <Point X="72.0" Y="170.0" />
  <Point X="72.0" Y="171.0" />
  <Point X="73.0" Y="171.0" />
  <Point X="73.0" Y="171.15658903228234" />
  <Point X="73.0" Y="172.0" />
  <Point X="75.0" Y="172.0" />
  <Point X="75.0" Y="173.0" />
  <Point X="76.0" Y="173.0" />
  <Point X="77.0" Y="174.0" />
  <Point X="77.01775731802822" Y="174.0" />
  <Point X="78.0" Y="174.0" />
  <Point X="78.0" Y="175.0" />
  <Point X="79.0" Y="175.0" />
  <Point X="80.0" Y="175.0" />
  <Point X="80.0" Y="176.0" />
  <Point X="81.0" Y="176.0" />
  <Point X="81.2931391661472" Y="176.0" />
  <Point X="82.0" Y="176.0" />
  <Point X="83.0" Y="176.0" />
  <Point X="84.0" Y="177.0" />
  <Point X="85.0" Y="177.0" />
  <Point X="87.0" Y="177.0" />
  <Point X="87.15430745189308" Y="177.0" />
  <Point X="88.0" Y="177.0" />
  <Point X="89.0" Y="177.0" />
  <Point X="90.0" Y="177.0" />
  <Point X="91.0" Y="177.0" />
  <Point X="92.0" Y="177.0" />
  <Point X="93.0" Y="177.0" />
  <Point X="93.42968930001206" Y="177.0" />
  <Point X="94.0" Y="177.0" />
  <Point X="96.0" Y="177.0" />
  <Point X="97.0" Y="177.0" />
  <Point X="98.0" Y="177.0" />
  <Point X="99.0" Y="177.0" />
  <Point X="99.70507114813104" Y="177.0" />
  <Point X="100.0" Y="177.0" />
  <Point X="101.0" Y="177.0" />
  <Point X="102.0" Y="177.0" />
  <Point X="103.0" Y="177.0" />
  <Point X="105.0" Y="177.0" />
  <Point X="105.0" Y="176.01954700374998" />
  <Point X="105.0" Y="176.0" />
  <Point X="106.0" Y="175.0" />
  <Point X="107.0" Y="175.0" />
  <Point X="108.0" Y="175.0" />
  <Point X="110.0" Y="175.0" />
  <Point X="110.0" Y="174.1583787180041" />
  <Point X="110.0" Y="174.0" />
  <Point X="111.0" Y="174.0" />
  <Point X="112.0" Y="174.0" />
  <Point X="112.0" Y="173.0" />
  <Point X="114.0" Y="172.0" />
  <Point X="114.62291522019974" Y="171.37708477980027" />
  <Point X="115.0" Y="171.0" />
  <Point X="116.0" Y="170.0" />
  <Point X="118.0" Y="170.0" />
  <Point X="119.0" Y="169.0" />
  <Point X="119.64606671716653" Y="168.35393328283345" />
  <Point X="120.0" Y="168.0" />
  <Point X="121.0" Y="167.0" />
  <Point X="122.0" Y="166.0" />
  <Point X="123.0" Y="166.0" />
  <Point X="124.0" Y="165.0" />
  <Point X="124.37632499531989" Y="164.6236750046801" />
  <Point X="125.0" Y="164.0" />
  <Point X="126.0" Y="163.0" />
  <Point X="127.0" Y="163.0" />
  <Point X="128.0" Y="162.0" />
  <Point X="128.0" Y="161.0" />
  <Point X="128.56494507324106" Y="161.0" />
  <Point X="129.0" Y="161.0" />
  <Point X="130.0" Y="161.0" />
  <Point X="131.0" Y="159.0" />
  <Point X="132.0" Y="159.0" />
  <Point X="132.71744641039672" Y="157.5651071792066" />
  <Point X="133.0" Y="157.0" />
  <Point X="134.0" Y="157.0" />
  <Point X="134.0" Y="156.0" />
  <Point X="135.0" Y="155.0" />
  <Point X="136.0" Y="154.0" />
  <Point X="136.81514568973324" Y="154.0" />
  <Point X="137.0" Y="154.0" />
  <Point X="138.0" Y="153.0" />
  <Point X="140.0" Y="152.0" />
  <Point X="141.0" Y="151.0" />
  <Point X="141.0" Y="150.0" />
  <Point X="141.02603243560623" Y="150.0" />
  <Point X="142.0" Y="150.0" />
  <Point X="143.0" Y="148.0" />
  <Point X="145.0" Y="148.0" />
  <Point X="145.0" Y="147.0" />
  <Point X="145.06534630622542" Y="147.0" />
  <Point X="146.0" Y="147.0" />
  <Point X="147.0" Y="146.0" />
  <Point X="148.0" Y="145.0" />
  <Point X="149.0" Y="144.0" />
  <Point X="149.4910796443912" Y="143.01784071121762" />
  <Point X="150.0" Y="142.0" />
  <Point X="151.0" Y="142.0" />
  <Point X="152.0" Y="140.0" />
  <Point X="153.0" Y="140.0" />
  <Point X="153.63733893120929" Y="139.36266106879071" />
  <Point X="154.0" Y="139.0" />
  <Point X="155.0" Y="139.0" />
  <Point X="155.0" Y="138.0" />
  <Point X="156.0" Y="138.0" />
  <Point X="157.0" Y="136.0" />
  <Point X="157.37224481690535" Y="135.62775518309465" />
  <Point X="158.0" Y="135.0" />
  <Point X="159.0" Y="134.0" />
  <Point X="159.0" Y="133.0" />
  <Point X="160.0" Y="133.0" />
  <Point X="161.0" Y="132.0" />
  <Point X="161.39539631387214" Y="131.60460368612786" />
  <Point X="162.0" Y="131.0" />
  <Point X="163.0" Y="130.0" />
  <Point X="163.0" Y="129.0" />
  <Point X="164.0" Y="128.0" />
  <Point X="165.0" Y="128.0" />
  <Point X="165.0" Y="127.40808400941" />
  <Point X="165.0" Y="127.0" />
  <Point X="166.0" Y="126.0" />
  <Point X="166.0" Y="125.0" />
  <Point X="166.0" Y="124.0" />
  <Point X="167.0" Y="124.0" />
  <Point X="167.0" Y="123.0" />
  <Point X="167.3203789642461" Y="122.6796210357539" />
  <Point X="168.0" Y="122.0" />
  <Point X="168.0" Y="121.0" />
  <Point X="168.0" Y="120.0" />
  <Point X="168.0" Y="119.0" />
  <Point X="169.0" Y="118.0" />
  <Point X="169.0" Y="117.09996100029134" />
  <Point X="169.0" Y="117.0" />
  <Point X="169.0" Y="116.0" />
  <Point X="169.0" Y="115.0" />
  <Point X="169.0" Y="114.0" />
  <Point X="169.0" Y="112.0" />
  <Point X="169.0" Y="111.0" />
  <Point X="169.0" Y="110.82457915217236" />
  <Point X="169.0" Y="110.0" />
  <Point X="169.0" Y="109.0" />
  <Point X="169.0" Y="108.0" />
  <Point X="169.0" Y="107.0" />
  <Point X="169.0" Y="105.0" />
  <Point X="169.0" Y="104.54919730405338" />
  <Point X="169.0" Y="104.0" />
  <Point X="168.0" Y="104.0" />
  <Point X="168.0" Y="103.0" />
  <Point X="168.0" Y="102.0" />
  <Point X="167.0" Y="101.0" />
  <Point X="167.0" Y="100.0" />
  <Point X="166.6880290183075" Y="100.0" />
  <Point X="166.0" Y="100.0" />
  <Point X="166.0" Y="99.0" />
  <Point X="165.0" Y="98.0" />
  <Point X="164.0" Y="97.0" />
  <Point X="164.0" Y="96.0" />
  <Point X="163.24107429493472" Y="96.0" />
  <Point X="163.0" Y="96.0" />
  <Point X="163.0" Y="95.0" />
  <Point X="162.0" Y="95.0" />
  <Point X="162.0" Y="94.0" />
  <Point X="161.0" Y="94.0" />
  <Point X="161.0" Y="93.0" />
  <Point X="160.0" Y="93.0" />
  <Point X="159.97574089649748" Y="92.9757408964975" />
  <Point X="159.0" Y="92.0" />
  <Point X="158.0" Y="92.0" />
  <Point X="158.0" Y="91.0" />
  <Point X="157.0" Y="91.0" />
  <Point X="156.0" Y="90.0" />
  <Point X="155.56954593384486" Y="89.78477296692243" />
  <Point X="154.0" Y="89.0" />
  <Point X="153.0" Y="89.0" />
  <Point X="152.0" Y="89.0" />
  <Point X="152.0" Y="88.0" />
  <Point X="150.47942385282377" Y="88.0" />
  <Point X="150.0" Y="88.0" />
  <Point X="149.0" Y="88.0" />
  <Point X="147.0" Y="87.0" />
  <Point X="146.0" Y="87.0" />
  <Point X="145.0" Y="87.0" />
  <Point X="144.6040979716982" Y="86.60409797169821" />
  <Point X="144.0" Y="86.0" />
  <Point X="143.0" Y="86.0" />
  <Point X="142.0" Y="86.0" />
  <Point X="141.0" Y="86.0" />
  <Point X="140.0" Y="86.0" />
  <Point X="139.0" Y="86.0" />
  <Point X="138.57894169645868" Y="86.0" />
  <Point X="138.0" Y="86.0" />
  <Point X="137.0" Y="86.0" />
  <Point X="136.0" Y="86.0" />
  <Point X="135.0" Y="86.0" />
  <Point X="134.0" Y="86.0" />
  <Point X="133.0" Y="86.0" />
  <Point X="132.30355984833972" Y="86.0" />
  <Point X="132.0" Y="86.0" />
  <Point X="131.0" Y="86.0" />
  <Point X="130.0" Y="86.0" />
  <Point X="129.0" Y="86.0" />
  <Point X="128.0" Y="86.0" />
  <Point X="127.0" Y="86.0" />
  <Point X="126.02817800022073" Y="86.0" />
  <Point X="126.0" Y="86.0" />
  <Point X="125.0" Y="86.0" />
  <Point X="124.0" Y="86.0" />
  <Point X="123.0" Y="86.0" />
  <Point X="122.0" Y="86.0" />
  <Point X="121.0" Y="86.0" />
  <Point X="120.0" Y="86.0" />
  <Point X="119.75279615210175" Y="86.0" />
  <Point X="118.0" Y="86.0" />
  <Point X="117.0" Y="87.0" />
  <Point X="116.0" Y="87.0" />
  <Point X="115.0" Y="87.0" />
  <Point X="114.0" Y="87.0" />
  <Point X="113.89162786635588" Y="87.0" />
  <Point X="113.0" Y="87.0" />
  <Point X="111.0" Y="87.0" />
  <Point X="110.0" Y="88.0" />
  <Point X="109.0" Y="88.0" />
  <Point X="108.03045958061" Y="88.0" />
  <Point X="108.0" Y="88.0" />
  <Point X="107.0" Y="89.0" />
  <Point X="106.0" Y="89.0" />
  <Point X="105.0" Y="89.0" />
  <Point X="104.0" Y="90.0" />
  <Point X="103.0" Y="91.0" />
  <Point X="102.99771841961031" Y="91.0" />
  <Point X="102.0" Y="91.0" />
  <Point X="101.0" Y="91.0" />
  <Point X="100.0" Y="91.0" />
  <Point X="99.0" Y="92.0" />
  <Point X="98.0" Y="92.0" />
  <Point X="98.0" Y="92.86344986613557" />
  <Point X="98.0" Y="93.0" />
  <Point X="97.0" Y="93.0" />
  <Point X="96.0" Y="93.0" />
  <Point X="95.0" Y="93.0" />
  <Point X="95.0" Y="94.0" />
  <Point X="94.0" Y="95.0" />
  <Point X="93.27538184811856" Y="95.0" />
  <Point X="93.0" Y="95.0" />
  <Point X="92.0" Y="95.0" />
  <Point X="92.0" Y="96.0" />
  <Point X="91.0" Y="96.0" />
  <Point X="90.0" Y="96.0" />
  <Point X="90.0" Y="97.0" />
  <Point X="89.0" Y="97.0" />
</Project_1_Part_4>
