<?xml version="1.0" encoding="utf-8" standalone="yes"?>
<Gesture Name="circle4" Subject="2" Number="2" NumPts="359">
  <Point X="220.0" Y="28.0" />
  <Point X="220.0" Y="27.0" />
  <Point X="219.0" Y="27.0" />
  <Point X="214.32553687525066" Y="29.35949091058776" />
  <Point X="207.86563313866316" Y="32.62020422524621" />
  <Point X="201.40572940207565" Y="35.880917539904665" />
  <Point X="194.94582566548814" Y="39.14163085456312" />
  <Point X="188.48592192890064" Y="42.40234416922157" />
  <Point X="182.02601819231313" Y="45.663057483880024" />
  <Point X="175.56611445572563" Y="48.92377079853848" />
  <Point X="169.10621071913812" Y="52.18448411319693" />
  <Point X="162.6463069825506" Y="55.44519742785538" />
  <Point X="156.1864032459631" Y="58.70591074251384" />
  <Point X="149.7264995093756" Y="61.96662405717229" />
  <Point X="143.2665957727881" Y="65.22733737183074" />
  <Point X="136.8066920362006" Y="68.4880506864892" />
  <Point X="130.34678829961308" Y="71.74876400114766" />
  <Point X="123.88688456302559" Y="75.00947731580612" />
  <Point X="117.4269808264381" Y="78.27019063046458" />
  <Point X="114.0" Y="80.0" />
  <Point X="113.0" Y="80.0" />
  <Point X="112.0" Y="80.0" />
  <Point X="111.0" Y="80.0" />
  <Point X="110.60260566490989" Y="80.0" />
  <Point X="110.0" Y="80.0" />
  <Point X="109.0" Y="80.0" />
  <Point X="108.0" Y="80.0" />
  <Point X="107.0" Y="80.0" />
  <Point X="106.0" Y="80.0" />
  <Point X="105.0" Y="80.0" />
  <Point X="104.0" Y="80.0" />
  <Point X="103.36640447876476" Y="80.0" />
  <Point X="103.0" Y="80.0" />
  <Point X="102.0" Y="80.0" />
  <Point X="101.0" Y="80.0" />
  <Point X="100.0" Y="80.0" />
  <Point X="99.0" Y="81.0" />
  <Point X="98.0" Y="81.0" />
  <Point X="97.0" Y="82.0" />
  <Point X="96.97074728758453" Y="82.02925271241547" />
  <Point X="96.0" Y="83.0" />
  <Point X="95.0" Y="83.0" />
  <Point X="94.0" Y="83.0" />
  <Point X="93.0" Y="84.0" />
  <Point X="92.0" Y="84.0" />
  <Point X="91.0" Y="84.0" />
  <Point X="90.68240748357736" Y="84.31759251642264" />
  <Point X="90.0" Y="85.0" />
  <Point X="89.0" Y="86.0" />
  <Point X="87.0" Y="86.0" />
  <Point X="86.0" Y="88.0" />
  <Point X="85.37915027206776" Y="88.0" />
  <Point X="85.0" Y="88.0" />
  <Point X="83.0" Y="88.0" />
  <Point X="83.0" Y="89.0" />
  <Point X="82.0" Y="90.0" />
  <Point X="81.0" Y="90.0" />
  <Point X="80.0" Y="90.0" />
  <Point X="79.68686670564722" Y="90.31313329435278" />
  <Point X="79.0" Y="91.0" />
  <Point X="78.0" Y="92.0" />
  <Point X="77.0" Y="92.0" />
  <Point X="76.0" Y="93.0" />
  <Point X="76.0" Y="94.0" />
  <Point X="75.0" Y="94.0" />
  <Point X="74.69142012045351" Y="94.30857987954649" />
  <Point X="74.0" Y="95.0" />
  <Point X="72.0" Y="96.0" />
  <Point X="71.0" Y="96.0" />
  <Point X="71.0" Y="97.0" />
  <Point X="69.19118424184623" Y="97.90440787907689" />
  <Point X="69.0" Y="98.0" />
  <Point X="69.0" Y="99.0" />
  <Point X="67.0" Y="100.0" />
  <Point X="67.0" Y="101.0" />
  <Point X="66.0" Y="102.0" />
  <Point X="65.02972987794557" Y="102.97027012205443" />
  <Point X="65.0" Y="103.0" />
  <Point X="65.0" Y="104.0" />
  <Point X="64.0" Y="104.0" />
  <Point X="64.0" Y="105.0" />
  <Point X="62.0" Y="106.0" />
  <Point X="62.0" Y="107.0" />
  <Point X="61.3225289040226" Y="107.67747109597741" />
  <Point X="61.0" Y="108.0" />
  <Point X="61.0" Y="109.0" />
  <Point X="61.0" Y="110.0" />
  <Point X="60.0" Y="110.0" />
  <Point X="60.0" Y="111.0" />
  <Point X="60.0" Y="112.0" />
  <Point X="59.0" Y="113.0" />
  <Point X="58.63413712655406" Y="113.0" />
  <Point X="58.0" Y="113.0" />
  <Point X="58.0" Y="114.0" />
  <Point X="58.0" Y="115.0" />
  <Point X="58.0" Y="116.0" />
  <Point X="57.0" Y="117.0" />
  <Point X="57.0" Y="118.0" />
  <Point X="57.0" Y="119.0" />
  <Point X="56.86716963956791" Y="119.1328303604321" />
  <Point X="56.0" Y="120.0" />
  <Point X="56.0" Y="121.0" />
  <Point X="56.0" Y="122.0" />
  <Point X="56.0" Y="123.0" />
  <Point X="56.0" Y="125.0" />
  <Point X="56.0" Y="126.0" />
  <Point X="56.0" Y="126.00983812099" />
  <Point X="56.0" Y="127.0" />
  <Point X="56.0" Y="128.0" />
  <Point X="56.0" Y="129.0" />
  <Point X="56.0" Y="130.0" />
  <Point X="56.0" Y="132.0" />
  <Point X="56.0" Y="133.0" />
  <Point X="56.0" Y="133.2460393071351" />
  <Point X="56.0" Y="134.0" />
  <Point X="56.0" Y="135.0" />
  <Point X="56.0" Y="136.0" />
  <Point X="56.0" Y="138.0" />
  <Point X="56.0" Y="140.0" />
  <Point X="56.0" Y="140.48224049328022" />
  <Point X="56.0" Y="141.0" />
  <Point X="57.0" Y="141.0" />
  <Point X="57.0" Y="142.0" />
  <Point X="57.0" Y="143.0" />
  <Point X="57.0" Y="144.0" />
  <Point X="57.0" Y="145.0" />
  <Point X="58.0" Y="145.0" />
  <Point X="58.50801498340871" Y="145.5080149834087" />
  <Point X="59.0" Y="146.0" />
  <Point X="59.0" Y="147.0" />
  <Point X="60.0" Y="148.0" />
  <Point X="60.0" Y="149.0" />
  <Point X="61.0" Y="149.0" />
  <Point X="61.0" Y="150.0" />
  <Point X="61.0" Y="151.0" />
  <Point X="61.12621574082427" Y="151.0" />
  <Point X="62.0" Y="151.0" />
  <Point X="63.0" Y="152.0" />
  <Point X="63.0" Y="153.0" />
  <Point X="64.0" Y="154.0" />
  <Point X="65.0" Y="155.0" />
  <Point X="65.79180137260958" Y="155.7918013726096" />
  <Point X="66.0" Y="156.0" />
  <Point X="67.0" Y="156.0" />
  <Point X="68.0" Y="157.0" />
  <Point X="68.0" Y="158.0" />
  <Point X="69.0" Y="158.0" />
  <Point X="70.0" Y="159.0" />
  <Point X="71.0" Y="159.0" />
  <Point X="71.0" Y="159.11333673887594" />
  <Point X="71.0" Y="160.0" />
  <Point X="72.0" Y="160.0" />
  <Point X="73.0" Y="160.0" />
  <Point X="74.0" Y="161.0" />
  <Point X="75.0" Y="161.0" />
  <Point X="76.0" Y="161.0" />
  <Point X="76.93532436264798" Y="161.0" />
  <Point X="77.0" Y="161.0" />
  <Point X="78.0" Y="162.0" />
  <Point X="79.0" Y="162.0" />
  <Point X="80.0" Y="163.0" />
  <Point X="81.0" Y="163.0" />
  <Point X="82.0" Y="163.0" />
  <Point X="83.0" Y="163.0" />
  <Point X="83.3430984240469" Y="163.0" />
  <Point X="84.0" Y="163.0" />
  <Point X="86.0" Y="163.0" />
  <Point X="87.0" Y="163.0" />
  <Point X="88.0" Y="163.0" />
  <Point X="89.0" Y="163.0" />
  <Point X="90.0" Y="163.0" />
  <Point X="90.57929961019202" Y="163.0" />
  <Point X="91.0" Y="163.0" />
  <Point X="92.0" Y="163.0" />
  <Point X="93.0" Y="163.0" />
  <Point X="94.0" Y="163.0" />
  <Point X="95.0" Y="163.0" />
  <Point X="96.0" Y="163.0" />
  <Point X="97.0" Y="163.0" />
  <Point X="97.81550079633715" Y="163.0" />
  <Point X="98.0" Y="163.0" />
  <Point X="99.0" Y="163.0" />
  <Point X="100.0" Y="163.0" />
  <Point X="101.0" Y="163.0" />
  <Point X="102.0" Y="163.0" />
  <Point X="103.0" Y="163.0" />
  <Point X="104.0" Y="163.0" />
  <Point X="105.0" Y="163.0" />
  <Point X="105.036558822414" Y="162.963441177586" />
  <Point X="106.0" Y="162.0" />
  <Point X="107.0" Y="161.0" />
  <Point X="108.0" Y="161.0" />
  <Point X="109.0" Y="161.0" />
  <Point X="111.0" Y="161.0" />
  <Point X="111.0" Y="160.5405239561188" />
  <Point X="111.0" Y="160.0" />
  <Point X="112.0" Y="160.0" />
  <Point X="113.0" Y="159.0" />
  <Point X="114.0" Y="159.0" />
  <Point X="115.0" Y="159.0" />
  <Point X="116.0" Y="158.0" />
  <Point X="116.86725010528014" Y="158.0" />
  <Point X="117.0" Y="158.0" />
  <Point X="118.0" Y="157.0" />
  <Point X="119.0" Y="157.0" />
  <Point X="120.0" Y="156.0" />
  <Point X="121.0" Y="156.0" />
  <Point X="122.0" Y="155.0" />
  <Point X="122.86081060430597" Y="155.0" />
  <Point X="123.0" Y="155.0" />
  <Point X="125.0" Y="154.0" />
  <Point X="125.0" Y="153.0" />
  <Point X="126.0" Y="153.0" />
  <Point X="127.0" Y="152.0" />
  <Point X="128.0" Y="152.0" />
  <Point X="128.31588598954502" Y="151.68411401045498" />
  <Point X="129.0" Y="151.0" />
  <Point X="130.0" Y="150.0" />
  <Point X="131.0" Y="149.0" />
  <Point X="133.0" Y="148.0" />
  <Point X="133.0" Y="147.0" />
  <Point X="133.20422277210426" Y="147.0" />
  <Point X="134.0" Y="147.0" />
  <Point X="134.0" Y="146.0" />
  <Point X="135.0" Y="146.0" />
  <Point X="135.0" Y="145.0" />
  <Point X="136.0" Y="145.0" />
  <Point X="137.0" Y="144.0" />
  <Point X="137.0" Y="143.0" />
  <Point X="137.0185335486617" Y="142.9814664513383" />
  <Point X="138.0" Y="142.0" />
  <Point X="138.0" Y="141.0" />
  <Point X="139.0" Y="141.0" />
  <Point X="139.0" Y="140.0" />
  <Point X="140.0" Y="139.0" />
  <Point X="140.0" Y="138.0" />
  <Point X="140.0" Y="137.56601554272478" />
  <Point X="140.0" Y="137.0" />
  <Point X="141.0" Y="137.0" />
  <Point X="141.0" Y="136.0" />
  <Point X="141.0" Y="135.0" />
  <Point X="142.0" Y="135.0" />
  <Point X="142.0" Y="134.0" />
  <Point X="142.0" Y="133.0" />
  <Point X="142.0" Y="132.32981435657967" />
  <Point X="142.0" Y="131.0" />
  <Point X="142.0" Y="130.0" />
  <Point X="142.0" Y="129.0" />
  <Point X="142.0" Y="128.0" />
  <Point X="143.0" Y="127.0" />
  <Point X="143.0" Y="126.0" />
  <Point X="143.0" Y="125.50782673280764" />
  <Point X="143.0" Y="125.0" />
  <Point X="143.0" Y="124.0" />
  <Point X="143.0" Y="123.0" />
  <Point X="143.0" Y="122.0" />
  <Point X="143.0" Y="121.0" />
  <Point X="143.0" Y="120.0" />
  <Point X="143.0" Y="119.0" />
  <Point X="143.0" Y="118.27162554666252" />
  <Point X="143.0" Y="118.0" />
  <Point X="143.0" Y="117.0" />
  <Point X="143.0" Y="116.0" />
  <Point X="143.0" Y="115.0" />
  <Point X="143.0" Y="114.0" />
  <Point X="143.0" Y="113.0" />
  <Point X="143.0" Y="112.0" />
  <Point X="142.0354243605174" Y="112.0" />
  <Point X="142.0" Y="112.0" />
  <Point X="142.0" Y="111.0" />
  <Point X="142.0" Y="110.0" />
  <Point X="142.0" Y="109.0" />
  <Point X="142.0" Y="108.0" />
  <Point X="141.0" Y="108.0" />
  <Point X="141.0" Y="107.0" />
  <Point X="140.0" Y="107.0" />
  <Point X="140.0" Y="106.79922317437227" />
  <Point X="140.0" Y="106.0" />
  <Point X="140.0" Y="105.0" />
  <Point X="140.0" Y="104.0" />
  <Point X="139.0" Y="103.0" />
  <Point X="139.0" Y="102.0" />
  <Point X="139.0" Y="101.0" />
  <Point X="138.2767963222729" Y="100.27679632227292" />
  <Point X="138.0" Y="100.0" />
  <Point X="138.0" Y="99.0" />
  <Point X="137.0" Y="98.0" />
  <Point X="137.0" Y="97.0" />
  <Point X="136.0" Y="97.0" />
  <Point X="136.0" Y="96.0" />
  <Point X="136.0" Y="95.0" />
  <Point X="135.6955632994523" Y="94.69556329945229" />
  <Point X="135.0" Y="94.0" />
  <Point X="135.0" Y="93.0" />
  <Point X="134.0" Y="92.0" />
  <Point X="134.0" Y="91.0" />
  <Point X="133.0" Y="91.0" />
  <Point X="133.0" Y="90.0" />
  <Point X="133.0" Y="89.16168742780238" />
  <Point X="133.0" Y="89.0" />
  <Point X="132.0" Y="89.0" />
  <Point X="131.0" Y="89.0" />
  <Point X="131.0" Y="88.0" />
  <Point X="131.0" Y="87.0" />
  <Point X="130.0" Y="87.0" />
  <Point X="130.0" Y="86.0" />
  <Point X="129.0" Y="86.0" />
  <Point X="129.0" Y="85.92548624165725" />
  <Point X="129.0" Y="85.0" />
  <Point X="128.0" Y="84.0" />
  <Point X="127.0" Y="84.0" />
  <Point X="127.0" Y="83.0" />
  <Point X="126.0" Y="83.0" />
  <Point X="126.0" Y="82.0" />
  <Point X="125.36607779336353" Y="81.36607779336353" />
  <Point X="125.0" Y="81.0" />
  <Point X="124.0" Y="80.0" />
  <Point X="123.0" Y="80.0" />
  <Point X="122.0" Y="79.0" />
  <Point X="121.0" Y="78.0" />
  <Point X="120.0" Y="77.0" />
  <Point X="119.93836524360557" Y="77.0" />
  <Point X="119.0" Y="77.0" />
  <Point X="118.0" Y="76.0" />
  <Point X="117.0" Y="76.0" />
  <Point X="116.0" Y="75.0" />
  <Point X="115.0" Y="75.0" />
  <Point X="114.0" Y="75.0" />
  <Point X="113.53059118220665" Y="75.0" />
  <Point X="113.0" Y="75.0" />
  <Point X="112.0" Y="74.0" />
  <Point X="111.0" Y="74.0" />
  <Point X="111.0" Y="73.0" />
  <Point X="110.0" Y="73.0" />
  <Point X="109.0" Y="73.0" />
  <Point X="108.0" Y="73.0" />
  <Point X="107.70860355843462" Y="73.0" />
  <Point X="107.0" Y="73.0" />
  <Point X="106.0" Y="73.0" />
  <Point X="105.0" Y="73.0" />
  <Point X="103.0" Y="73.0" />
  <Point X="102.0" Y="73.0" />
  <Point X="100.4724023722895" Y="73.0" />
  <Point X="100.0" Y="73.0" />
  <Point X="99.0" Y="73.0" />
  <Point X="98.0" Y="73.0" />
  <Point X="97.0" Y="73.0" />
  <Point X="96.0" Y="73.0" />
  <Point X="95.0" Y="73.0" />
  <Point X="94.0" Y="73.0" />
  <Point X="93.23620118614437" Y="73.0" />
  <Point X="93.0" Y="73.0" />
  <Point X="92.0" Y="73.0" />
  <Point X="91.0" Y="73.0" />
  <Point X="90.0" Y="73.0" />
  <Point X="89.0" Y="73.0" />
  <Point X="88.0" Y="73.0" />
  <Point X="88.0" Y="74.0" />
  <Point X="87.0" Y="74.0" />
</Project_1_Part_4>
