<?xml version="1.0" encoding="utf-8" standalone="yes"?>
<Gesture Name="circle1" Subject="2" Number="2" NumPts="315">
  <Point X="126.0" Y="87.0" />
  <Point X="125.0" Y="87.0" />
  <Point X="125.0" Y="86.0" />
  <Point X="124.0" Y="86.0" />
  <Point X="124.0" Y="85.0" />
  <Point X="123.72113424611231" Y="85.0" />
  <Point X="123.0" Y="85.0" />
  <Point X="122.0" Y="85.0" />
  <Point X="121.0" Y="85.0" />
  <Point X="120.0" Y="85.0" />
  <Point X="119.44226849222463" Y="85.0" />
  <Point X="119.0" Y="85.0" />
  <Point X="118.0" Y="85.0" />
  <Point X="117.0" Y="85.0" />
  <Point X="116.0" Y="85.0" />
  <Point X="115.16340273833694" Y="85.0" />
  <Point X="115.0" Y="85.0" />
  <Point X="114.0" Y="85.0" />
  <Point X="113.0" Y="85.0" />
  <Point X="112.0" Y="85.0" />
  <Point X="111.0" Y="85.0" />
  <Point X="110.88453698444926" Y="85.0" />
  <Point X="110.0" Y="85.0" />
  <Point X="109.0" Y="85.0" />
  <Point X="108.0" Y="85.0" />
  <Point X="107.0" Y="85.0" />
  <Point X="106.60567123056157" Y="85.0" />
  <Point X="106.0" Y="85.0" />
  <Point X="105.0" Y="85.0" />
  <Point X="105.0" Y="86.0" />
  <Point X="104.0" Y="86.0" />
  <Point X="103.32680547667388" Y="86.0" />
  <Point X="103.0" Y="86.0" />
  <Point X="103.0" Y="87.0" />
  <Point X="102.0" Y="87.0" />
  <Point X="101.0" Y="87.0" />
  <Point X="101.0" Y="87.9520602772138" />
  <Point X="101.0" Y="88.0" />
  <Point X="100.0" Y="88.0" />
  <Point X="100.0" Y="89.0" />
  <Point X="99.0" Y="89.0" />
  <Point X="99.0" Y="90.0" />
  <Point X="98.76907396889851" Y="90.0" />
  <Point X="98.0" Y="90.0" />
  <Point X="97.0" Y="91.0" />
  <Point X="96.0" Y="92.0" />
  <Point X="95.31863533975702" Y="92.0" />
  <Point X="95.0" Y="92.0" />
  <Point X="95.0" Y="93.0" />
  <Point X="94.0" Y="93.0" />
  <Point X="93.0" Y="94.0" />
  <Point X="92.6139077814801" Y="94.3860922185199" />
  <Point X="92.0" Y="95.0" />
  <Point X="92.0" Y="96.0" />
  <Point X="91.0" Y="96.0" />
  <Point X="91.0" Y="97.0" />
  <Point X="90.58933095672785" Y="97.0" />
  <Point X="90.0" Y="97.0" />
  <Point X="89.0" Y="98.0" />
  <Point X="88.0" Y="99.0" />
  <Point X="88.0" Y="99.86110767241364" />
  <Point X="88.0" Y="100.0" />
  <Point X="87.0" Y="100.0" />
  <Point X="86.0" Y="101.0" />
  <Point X="85.0" Y="102.0" />
  <Point X="85.0" Y="102.31154630155513" />
  <Point X="85.0" Y="103.0" />
  <Point X="84.0" Y="104.0" />
  <Point X="84.0" Y="105.0" />
  <Point X="83.0" Y="105.0" />
  <Point X="82.82380150693028" Y="105.0" />
  <Point X="82.0" Y="105.0" />
  <Point X="82.0" Y="106.0" />
  <Point X="82.0" Y="107.0" />
  <Point X="81.0" Y="107.0" />
  <Point X="81.0" Y="107.4550642469574" />
  <Point X="81.0" Y="108.0" />
  <Point X="81.0" Y="109.0" />
  <Point X="80.0" Y="109.0" />
  <Point X="80.0" Y="110.73393000084509" />
  <Point X="80.0" Y="111.0" />
  <Point X="79.0" Y="111.0" />
  <Point X="79.0" Y="112.0" />
  <Point X="78.0" Y="113.0" />
  <Point X="78.0" Y="113.59858219235969" />
  <Point X="78.0" Y="114.0" />
  <Point X="77.0" Y="115.0" />
  <Point X="77.0" Y="116.0" />
  <Point X="76.0" Y="117.0" />
  <Point X="76.0" Y="117.04902082150117" />
  <Point X="76.0" Y="118.0" />
  <Point X="76.0" Y="119.0" />
  <Point X="75.0" Y="120.0" />
  <Point X="75.0" Y="120.91367301301577" />
  <Point X="75.0" Y="121.0" />
  <Point X="74.0" Y="121.0" />
  <Point X="74.0" Y="122.0" />
  <Point X="74.0" Y="123.0" />
  <Point X="74.0" Y="124.0" />
  <Point X="74.0" Y="124.19253876690345" />
  <Point X="74.0" Y="125.0" />
  <Point X="73.0" Y="125.0" />
  <Point X="73.0" Y="126.0" />
  <Point X="73.0" Y="127.0" />
  <Point X="73.0" Y="127.47140452079114" />
  <Point X="73.0" Y="128.0" />
  <Point X="73.0" Y="129.0" />
  <Point X="73.0" Y="130.0" />
  <Point X="73.0" Y="131.0" />
  <Point X="72.4694788010519" Y="131.5305211989481" />
  <Point X="72.0" Y="132.0" />
  <Point X="72.0" Y="133.0" />
  <Point X="72.0" Y="134.0" />
  <Point X="72.0" Y="135.0" />
  <Point X="72.0" Y="135.6149224661934" />
  <Point X="72.0" Y="136.0" />
  <Point X="72.0" Y="137.0" />
  <Point X="72.0" Y="138.0" />
  <Point X="72.0" Y="139.0" />
  <Point X="72.0" Y="139.8937882200811" />
  <Point X="72.0" Y="140.0" />
  <Point X="72.0" Y="141.0" />
  <Point X="72.0" Y="142.0" />
  <Point X="72.0" Y="143.0" />
  <Point X="72.0" Y="144.0" />
  <Point X="72.0" Y="144.17265397396878" />
  <Point X="72.0" Y="145.0" />
  <Point X="72.0" Y="146.0" />
  <Point X="72.0" Y="147.0" />
  <Point X="72.0" Y="148.0" />
  <Point X="72.0" Y="148.45151972785646" />
  <Point X="72.0" Y="149.0" />
  <Point X="72.0" Y="150.0" />
  <Point X="72.0" Y="151.0" />
  <Point X="72.0" Y="152.0" />
  <Point X="72.73038548174415" Y="152.0" />
  <Point X="73.0" Y="152.0" />
  <Point X="73.0" Y="153.0" />
  <Point X="73.0" Y="154.0" />
  <Point X="74.0" Y="154.0" />
  <Point X="75.0" Y="154.0" />
  <Point X="75.0" Y="154.00925123563184" />
  <Point X="75.0" Y="155.0" />
  <Point X="75.0" Y="156.0" />
  <Point X="76.0" Y="156.0" />
  <Point X="76.0" Y="157.0" />
  <Point X="76.28811698951952" Y="157.0" />
  <Point X="77.0" Y="157.0" />
  <Point X="77.0" Y="158.0" />
  <Point X="78.0" Y="158.0" />
  <Point X="79.0" Y="158.0" />
  <Point X="79.0" Y="158.5669827434072" />
  <Point X="79.0" Y="159.0" />
  <Point X="80.0" Y="160.0" />
  <Point X="81.0" Y="160.0" />
  <Point X="82.0" Y="161.0" />
  <Point X="82.0174213725487" Y="161.0" />
  <Point X="83.0" Y="161.0" />
  <Point X="84.0" Y="162.0" />
  <Point X="85.0" Y="162.0" />
  <Point X="85.88207356406329" Y="162.0" />
  <Point X="86.0" Y="162.0" />
  <Point X="87.0" Y="162.0" />
  <Point X="88.0" Y="162.0" />
  <Point X="89.0" Y="162.0" />
  <Point X="90.0" Y="162.0" />
  <Point X="90.16093931795098" Y="162.0" />
  <Point X="91.0" Y="162.0" />
  <Point X="92.0" Y="162.0" />
  <Point X="93.0" Y="162.0" />
  <Point X="94.0" Y="162.0" />
  <Point X="94.43980507183866" Y="162.0" />
  <Point X="95.0" Y="162.0" />
  <Point X="96.0" Y="162.0" />
  <Point X="97.0" Y="162.0" />
  <Point X="98.0" Y="162.0" />
  <Point X="98.71867082572635" Y="162.0" />
  <Point X="99.0" Y="162.0" />
  <Point X="100.0" Y="162.0" />
  <Point X="101.0" Y="161.0" />
  <Point X="102.0" Y="161.0" />
  <Point X="102.0" Y="160.41667698275907" />
  <Point X="102.0" Y="160.0" />
  <Point X="103.0" Y="160.0" />
  <Point X="104.0" Y="160.0" />
  <Point X="104.0" Y="159.0" />
  <Point X="104.86218877112861" Y="159.0" />
  <Point X="105.0" Y="159.0" />
  <Point X="106.0" Y="158.0" />
  <Point X="107.0" Y="158.0" />
  <Point X="108.0" Y="158.0" />
  <Point X="108.0" Y="157.2731590373568" />
  <Point X="108.0" Y="157.0" />
  <Point X="109.0" Y="157.0" />
  <Point X="110.0" Y="156.0" />
  <Point X="111.0" Y="155.0" />
  <Point X="111.17727959178468" Y="155.0" />
  <Point X="112.0" Y="155.0" />
  <Point X="113.0" Y="154.0" />
  <Point X="114.0" Y="154.0" />
  <Point X="114.0" Y="153.0" />
  <Point X="114.04193178329928" Y="153.0" />
  <Point X="115.0" Y="153.0" />
  <Point X="116.0" Y="152.0" />
  <Point X="117.0" Y="152.0" />
  <Point X="117.64105167630593" Y="151.35894832369405" />
  <Point X="118.0" Y="151.0" />
  <Point X="119.0" Y="150.0" />
  <Point X="120.0" Y="150.0" />
  <Point X="120.95955988548026" Y="149.04044011451973" />
  <Point X="121.0" Y="149.0" />
  <Point X="121.0" Y="148.0" />
  <Point X="122.0" Y="148.0" />
  <Point X="123.0" Y="147.0" />
  <Point X="123.80746123309686" Y="147.0" />
  <Point X="124.0" Y="147.0" />
  <Point X="125.0" Y="146.0" />
  <Point X="126.0" Y="145.0" />
  <Point X="126.0" Y="144.0" />
  <Point X="126.25789986223835" Y="144.0" />
  <Point X="127.0" Y="144.0" />
  <Point X="127.0" Y="143.0" />
  <Point X="128.0" Y="143.0" />
  <Point X="129.0" Y="142.0" />
  <Point X="129.12255205375294" Y="142.0" />
  <Point X="130.0" Y="142.0" />
  <Point X="130.0" Y="141.0" />
  <Point X="130.0" Y="140.0" />
  <Point X="131.0" Y="140.0" />
  <Point X="131.28384525387173" Y="139.71615474612827" />
  <Point X="132.0" Y="139.0" />
  <Point X="133.0" Y="138.0" />
  <Point X="134.0" Y="137.0" />
  <Point X="134.0" Y="136.56235712559098" />
  <Point X="134.0" Y="136.0" />
  <Point X="135.0" Y="135.0" />
  <Point X="135.0" Y="134.0" />
  <Point X="136.0" Y="134.0" />
  <Point X="136.0" Y="133.6977049340764" />
  <Point X="136.0" Y="133.0" />
  <Point X="136.0" Y="132.0" />
  <Point X="136.0" Y="131.0" />
  <Point X="137.0" Y="131.0" />
  <Point X="137.0" Y="130.4188391801887" />
  <Point X="137.0" Y="130.0" />
  <Point X="137.0" Y="129.0" />
  <Point X="137.0" Y="128.0" />
  <Point X="137.0" Y="127.0" />
  <Point X="137.0" Y="126.13997342630103" />
  <Point X="137.0" Y="126.0" />
  <Point X="137.0" Y="125.0" />
  <Point X="137.0" Y="124.0" />
  <Point X="137.0" Y="123.0" />
  <Point X="137.0" Y="122.0" />
  <Point X="137.0" Y="121.86110767241334" />
  <Point X="137.0" Y="121.0" />
  <Point X="137.0" Y="120.0" />
  <Point X="137.0" Y="119.0" />
  <Point X="137.0" Y="118.0" />
  <Point X="137.0" Y="117.58224191852565" />
  <Point X="137.0" Y="117.0" />
  <Point X="137.0" Y="116.0" />
  <Point X="136.0" Y="116.0" />
  <Point X="136.0" Y="115.0" />
  <Point X="136.0" Y="114.30337616463797" />
  <Point X="136.0" Y="114.0" />
  <Point X="136.0" Y="113.0" />
  <Point X="136.0" Y="112.0" />
  <Point X="135.0" Y="111.0" />
  <Point X="135.0" Y="110.43872397312337" />
  <Point X="135.0" Y="110.0" />
  <Point X="135.0" Y="109.0" />
  <Point X="134.0" Y="108.0" />
  <Point X="134.0" Y="107.0" />
  <Point X="133.69882326847687" Y="106.69882326847687" />
  <Point X="133.0" Y="106.0" />
  <Point X="133.0" Y="105.0" />
  <Point X="132.0" Y="105.0" />
  <Point X="132.0" Y="104.0" />
  <Point X="131.79452862167565" Y="103.79452862167564" />
  <Point X="131.0" Y="103.0" />
  <Point X="131.0" Y="102.0" />
  <Point X="131.0" Y="101.0" />
  <Point X="130.0" Y="101.0" />
  <Point X="130.0" Y="100.84476739857962" />
  <Point X="130.0" Y="100.0" />
  <Point X="130.0" Y="99.0" />
  <Point X="129.0" Y="99.0" />
  <Point X="128.0" Y="99.0" />
  <Point X="128.0" Y="98.56590164469193" />
  <Point X="128.0" Y="98.0" />
  <Point X="128.0" Y="97.0" />
  <Point X="127.0" Y="97.0" />
  <Point X="126.0" Y="96.0" />
  <Point X="126.0" Y="95.70124945317734" />
  <Point X="126.0" Y="95.0" />
  <Point X="125.0" Y="95.0" />
  <Point X="125.0" Y="94.0" />
  <Point X="125.0" Y="93.0" />
  <Point X="124.42238369928965" Y="93.0" />
  <Point X="124.0" Y="93.0" />
  <Point X="123.0" Y="93.0" />
  <Point X="123.0" Y="92.0" />
  <Point X="123.0" Y="91.0" />
  <Point X="122.14351794540197" Y="91.0" />
  <Point X="122.0" Y="91.0" />
  <Point X="121.0" Y="91.0" />
  <Point X="121.0" Y="90.0" />
  <Point X="120.0" Y="89.0" />
  <Point X="119.27886575388737" Y="89.0" />
  <Point X="119.0" Y="89.0" />
  <Point X="119.0" Y="88.0" />
  <Point X="118.0" Y="88.0" />
  <Point X="117.0" Y="88.0" />
  <Point X="116.0" Y="88.0" />
</Project_1_Part_4>
