<?xml version="1.0" encoding="utf-8" standalone="yes"?>
<Gesture Name="delete_mark10" Subject="2" Number="2" NumPts="414">
  <Point X="77.0" Y="97.0" />
  <Point X="78.0" Y="97.0" />
  <Point X="78.0" Y="98.0" />
  <Point X="79.0" Y="99.0" />
  <Point X="80.0" Y="99.0" />
  <Point X="80.0" Y="100.0" />
  <Point X="81.0" Y="100.0" />
  <Point X="81.709783102534" Y="100.709783102534" />
  <Point X="82.0" Y="101.0" />
  <Point X="83.0" Y="102.0" />
  <Point X="85.0" Y="103.0" />
  <Point X="86.0" Y="104.0" />
  <Point X="87.0" Y="105.0" />
  <Point X="87.52886111527462" Y="105.0" />
  <Point X="88.0" Y="105.0" />
  <Point X="89.0" Y="105.0" />
  <Point X="89.0" Y="106.0" />
  <Point X="90.0" Y="107.0" />
  <Point X="91.0" Y="107.0" />
  <Point X="92.0" Y="108.0" />
  <Point X="93.0" Y="108.0" />
  <Point X="93.0" Y="108.11843244284837" />
  <Point X="93.0" Y="109.0" />
  <Point X="94.0" Y="109.0" />
  <Point X="95.0" Y="110.0" />
  <Point X="96.0" Y="110.0" />
  <Point X="97.0" Y="111.0" />
  <Point X="98.0" Y="111.0" />
  <Point X="98.50063426717114" Y="111.50063426717114" />
  <Point X="99.0" Y="112.0" />
  <Point X="100.0" Y="113.0" />
  <Point X="101.0" Y="113.0" />
  <Point X="102.0" Y="114.0" />
  <Point X="103.0" Y="114.0" />
  <Point X="103.0" Y="115.0" />
  <Point X="103.62463093207825" Y="115.62463093207825" />
  <Point X="104.0" Y="116.0" />
  <Point X="105.0" Y="116.0" />
  <Point X="106.0" Y="117.0" />
  <Point X="107.0" Y="117.0" />
  <Point X="108.0" Y="118.0" />
  <Point X="109.0" Y="118.0" />
  <Point X="109.0" Y="119.0" />
  <Point X="109.05871930082347" Y="119.0" />
  <Point X="110.0" Y="119.0" />
  <Point X="111.0" Y="120.0" />
  <Point X="112.0" Y="120.0" />
  <Point X="113.0" Y="121.0" />
  <Point X="113.0" Y="122.0" />
  <Point X="114.0" Y="122.0" />
  <Point X="114.64829062839722" Y="122.0" />
  <Point X="115.0" Y="122.0" />
  <Point X="115.0" Y="123.0" />
  <Point X="116.0" Y="123.0" />
  <Point X="117.0" Y="124.0" />
  <Point X="118.0" Y="125.0" />
  <Point X="119.0" Y="125.0" />
  <Point X="119.87530058323992" Y="125.87530058323992" />
  <Point X="120.0" Y="126.0" />
  <Point X="121.0" Y="127.0" />
  <Point X="122.0" Y="128.0" />
  <Point X="124.0" Y="129.0" />
  <Point X="124.0" Y="130.0" />
  <Point X="125.17715174367184" Y="130.0" />
  <Point X="126.0" Y="130.0" />
  <Point X="126.0" Y="131.0" />
  <Point X="127.0" Y="131.0" />
  <Point X="128.0" Y="132.0" />
  <Point X="129.0" Y="133.0" />
  <Point X="130.58020515388895" Y="133.79010257694446" />
  <Point X="131.0" Y="134.0" />
  <Point X="132.0" Y="135.0" />
  <Point X="133.0" Y="136.0" />
  <Point X="134.0" Y="137.0" />
  <Point X="136.0" Y="138.0" />
  <Point X="136.33230121245487" Y="138.33230121245487" />
  <Point X="138.0" Y="140.0" />
  <Point X="139.0" Y="141.0" />
  <Point X="140.0" Y="142.0" />
  <Point X="141.0" Y="142.0" />
  <Point X="142.0" Y="142.0" />
  <Point X="142.16340465854853" Y="142.16340465854853" />
  <Point X="143.0" Y="143.0" />
  <Point X="144.0" Y="144.0" />
  <Point X="145.0" Y="145.0" />
  <Point X="146.0" Y="145.0" />
  <Point X="147.0" Y="146.0" />
  <Point X="147.70161488582872" Y="146.70161488582872" />
  <Point X="148.0" Y="147.0" />
  <Point X="149.0" Y="147.0" />
  <Point X="150.0" Y="148.0" />
  <Point X="151.0" Y="149.0" />
  <Point X="153.0" Y="150.0" />
  <Point X="153.0" Y="150.9315230748027" />
  <Point X="153.0" Y="151.0" />
  <Point X="155.0" Y="152.0" />
  <Point X="156.0" Y="152.0" />
  <Point X="156.0" Y="153.0" />
  <Point X="157.0" Y="153.0" />
  <Point X="158.0" Y="153.0" />
  <Point X="158.78733055547454" Y="153.78733055547454" />
  <Point X="159.0" Y="154.0" />
  <Point X="160.0" Y="155.0" />
  <Point X="160.0" Y="156.0" />
  <Point X="161.0" Y="156.0" />
  <Point X="162.0" Y="156.0" />
  <Point X="163.0" Y="157.0" />
  <Point X="163.91132722038165" Y="157.91132722038165" />
  <Point X="164.0" Y="158.0" />
  <Point X="165.0" Y="158.0" />
  <Point X="165.0" Y="159.0" />
  <Point X="166.0" Y="159.0" />
  <Point X="167.0" Y="160.0" />
  <Point X="168.0" Y="160.0" />
  <Point X="168.0" Y="161.0" />
  <Point X="168.87838264239727" Y="161.0" />
  <Point X="169.0" Y="161.0" />
  <Point X="170.0" Y="161.0" />
  <Point X="170.0" Y="162.0" />
  <Point X="171.0" Y="162.0" />
  <Point X="171.0" Y="163.0" />
  <Point X="172.0" Y="163.0" />
  <Point X="173.0" Y="164.0" />
  <Point X="173.8821675323441" Y="164.0" />
  <Point X="174.0" Y="164.0" />
  <Point X="175.0" Y="164.0" />
  <Point X="175.0" Y="165.0" />
  <Point X="176.0" Y="165.0" />
  <Point X="176.0" Y="166.0" />
  <Point X="177.0" Y="166.0" />
  <Point X="177.0" Y="167.0" />
  <Point X="178.0" Y="167.0" />
  <Point X="178.30016598466406" Y="167.0" />
  <Point X="179.0" Y="167.0" />
  <Point X="179.0" Y="168.0" />
  <Point X="180.0" Y="168.0" />
  <Point X="181.0" Y="168.0" />
  <Point X="181.0" Y="169.0" />
  <Point X="181.0" Y="170.0" />
  <Point X="182.0" Y="170.0" />
  <Point X="182.0" Y="170.718164436984" />
  <Point X="182.0" Y="171.0" />
  <Point X="183.0" Y="171.0" />
  <Point X="183.0" Y="172.0" />
  <Point X="183.0" Y="173.0" />
  <Point X="182.0" Y="173.0" />
  <Point X="181.0" Y="173.0" />
  <Point X="180.0" Y="173.0" />
  <Point X="179.0" Y="173.0" />
  <Point X="179.0" Y="173.13616288930396" />
  <Point X="179.0" Y="174.0" />
  <Point X="178.0" Y="174.0" />
  <Point X="177.0" Y="174.0" />
  <Point X="176.0" Y="175.0" />
  <Point X="175.0" Y="175.0" />
  <Point X="174.0" Y="175.0" />
  <Point X="173.0" Y="175.0" />
  <Point X="172.8600522207492" Y="175.0" />
  <Point X="172.0" Y="175.0" />
  <Point X="171.0" Y="175.0" />
  <Point X="170.0" Y="176.0" />
  <Point X="169.0" Y="176.0" />
  <Point X="167.0" Y="176.0" />
  <Point X="165.9770144014347" Y="176.51149279928265" />
  <Point X="165.0" Y="177.0" />
  <Point X="164.0" Y="177.0" />
  <Point X="163.0" Y="177.0" />
  <Point X="162.0" Y="177.0" />
  <Point X="160.0" Y="178.0" />
  <Point X="159.0" Y="178.0" />
  <Point X="158.91040483348198" Y="178.0" />
  <Point X="158.0" Y="178.0" />
  <Point X="156.0" Y="178.0" />
  <Point X="156.0" Y="179.0" />
  <Point X="154.0" Y="179.0" />
  <Point X="153.0" Y="179.0" />
  <Point X="152.64107711003265" Y="179.35892288996735" />
  <Point X="152.0" Y="180.0" />
  <Point X="150.0" Y="180.0" />
  <Point X="148.0" Y="181.0" />
  <Point X="146.0" Y="181.0" />
  <Point X="145.72468946871498" Y="181.0" />
  <Point X="145.0" Y="181.0" />
  <Point X="144.0" Y="181.0" />
  <Point X="142.0" Y="181.0" />
  <Point X="141.0" Y="182.0" />
  <Point X="140.0" Y="182.0" />
  <Point X="138.72090457876814" Y="182.0" />
  <Point X="138.0" Y="182.0" />
  <Point X="136.0" Y="182.0" />
  <Point X="135.0" Y="183.0" />
  <Point X="134.0" Y="183.0" />
  <Point X="132.0" Y="183.0" />
  <Point X="131.7171196888213" Y="183.0" />
  <Point X="131.0" Y="183.0" />
  <Point X="129.0" Y="183.0" />
  <Point X="127.0" Y="183.0" />
  <Point X="126.0" Y="183.0" />
  <Point X="124.4786877853325" Y="183.76065610733374" />
  <Point X="124.0" Y="184.0" />
  <Point X="122.0" Y="184.0" />
  <Point X="120.0" Y="184.0" />
  <Point X="118.0" Y="184.0" />
  <Point X="117.37575960109065" Y="184.62424039890936" />
  <Point X="117.0" Y="185.0" />
  <Point X="115.0" Y="185.0" />
  <Point X="114.0" Y="185.0" />
  <Point X="112.0" Y="185.0" />
  <Point X="111.0" Y="185.0" />
  <Point X="110.11340587173434" Y="185.0" />
  <Point X="109.0" Y="185.0" />
  <Point X="107.0" Y="186.0" />
  <Point X="105.0" Y="186.0" />
  <Point X="104.0" Y="186.0" />
  <Point X="102.9314753969142" Y="186.0" />
  <Point X="102.0" Y="186.0" />
  <Point X="100.0" Y="186.0" />
  <Point X="98.0" Y="186.0" />
  <Point X="96.0" Y="186.0" />
  <Point X="95.51347694459425" Y="186.0" />
  <Point X="95.0" Y="186.0" />
  <Point X="93.0" Y="186.0" />
  <Point X="91.0" Y="186.0" />
  <Point X="90.0" Y="186.0" />
  <Point X="88.0954784922743" Y="186.0" />
  <Point X="88.0" Y="186.0" />
  <Point X="87.0" Y="186.0" />
  <Point X="86.0" Y="186.0" />
  <Point X="84.0" Y="187.0" />
  <Point X="83.0" Y="187.0" />
  <Point X="82.0" Y="187.0" />
  <Point X="81.0" Y="187.0" />
  <Point X="80.91354801745415" Y="187.0" />
  <Point X="79.0" Y="187.0" />
  <Point X="78.0" Y="187.0" />
  <Point X="77.0" Y="187.0" />
  <Point X="75.0" Y="187.0" />
  <Point X="74.0" Y="187.0" />
  <Point X="73.4955495651342" Y="187.0" />
  <Point X="73.0" Y="187.0" />
  <Point X="72.0" Y="187.0" />
  <Point X="71.0" Y="187.0" />
  <Point X="70.0" Y="187.0" />
  <Point X="69.0" Y="187.0" />
  <Point X="68.0" Y="187.0" />
  <Point X="67.0" Y="187.0" />
  <Point X="66.07755111281425" Y="187.0" />
  <Point X="66.0" Y="187.0" />
  <Point X="65.0" Y="187.0" />
  <Point X="64.0" Y="187.0" />
  <Point X="63.0" Y="187.0" />
  <Point X="63.0" Y="186.0" />
  <Point X="63.0" Y="185.0" />
  <Point X="63.0" Y="184.0" />
  <Point X="64.0" Y="184.0" />
  <Point X="64.3404473395057" Y="184.0" />
  <Point X="65.0" Y="184.0" />
  <Point X="65.0" Y="183.0" />
  <Point X="66.0" Y="183.0" />
  <Point X="66.0" Y="182.0" />
  <Point X="67.0" Y="182.0" />
  <Point X="67.0" Y="181.0" />
  <Point X="68.0" Y="181.0" />
  <Point X="68.0" Y="180.24155420817436" />
  <Point X="68.0" Y="180.0" />
  <Point X="69.0" Y="180.0" />
  <Point X="70.0" Y="179.0" />
  <Point X="71.0" Y="179.0" />
  <Point X="73.0" Y="178.0" />
  <Point X="73.0" Y="177.0" />
  <Point X="73.52616270427269" Y="177.0" />
  <Point X="74.0" Y="177.0" />
  <Point X="75.0" Y="176.0" />
  <Point X="76.0" Y="175.0" />
  <Point X="77.0" Y="175.0" />
  <Point X="78.0" Y="175.0" />
  <Point X="79.49604988110578" Y="173.5039501188942" />
  <Point X="80.0" Y="173.0" />
  <Point X="81.0" Y="172.0" />
  <Point X="82.0" Y="172.0" />
  <Point X="84.0" Y="171.0" />
  <Point X="85.0" Y="171.0" />
  <Point X="86.0" Y="171.0" />
  <Point X="86.0" Y="170.94497618045267" />
  <Point X="86.0" Y="170.0" />
  <Point X="88.0" Y="169.0" />
  <Point X="89.0" Y="169.0" />
  <Point X="90.0" Y="168.0" />
  <Point X="91.82274073199439" Y="168.0" />
  <Point X="92.0" Y="168.0" />
  <Point X="92.0" Y="167.0" />
  <Point X="94.0" Y="166.0" />
  <Point X="96.0" Y="166.0" />
  <Point X="96.0" Y="165.0" />
  <Point X="96.89860524538963" Y="164.5506973773052" />
  <Point X="98.0" Y="164.0" />
  <Point X="99.0" Y="163.0" />
  <Point X="101.0" Y="163.0" />
  <Point X="102.0" Y="162.0" />
  <Point X="102.9603744392109" Y="161.0396255607891" />
  <Point X="103.0" Y="161.0" />
  <Point X="105.0" Y="161.0" />
  <Point X="106.0" Y="160.0" />
  <Point X="107.0" Y="160.0" />
  <Point X="108.0" Y="159.0" />
  <Point X="109.3716330071538" Y="158.3141834964231" />
  <Point X="110.0" Y="158.0" />
  <Point X="111.0" Y="158.0" />
  <Point X="113.0" Y="156.0" />
  <Point X="114.0" Y="156.0" />
  <Point X="115.0" Y="155.0" />
  <Point X="115.42290495150216" Y="154.7885475242489" />
  <Point X="117.0" Y="154.0" />
  <Point X="118.0" Y="154.0" />
  <Point X="119.0" Y="153.0" />
  <Point X="122.0" Y="152.0" />
  <Point X="122.05533913982369" Y="151.9446608601763" />
  <Point X="123.0" Y="151.0" />
  <Point X="125.0" Y="149.0" />
  <Point X="127.0" Y="149.0" />
  <Point X="127.88644258591735" Y="148.11355741408266" />
  <Point X="128.0" Y="148.0" />
  <Point X="129.0" Y="147.0" />
  <Point X="132.0" Y="147.0" />
  <Point X="133.0" Y="145.0" />
  <Point X="133.60712247734335" Y="145.0" />
  <Point X="134.0" Y="145.0" />
  <Point X="136.0" Y="144.0" />
  <Point X="137.0" Y="142.0" />
  <Point X="138.0" Y="142.0" />
  <Point X="139.38903198855354" Y="141.30548400572323" />
  <Point X="140.0" Y="141.0" />
  <Point X="141.0" Y="140.0" />
  <Point X="143.0" Y="140.0" />
  <Point X="144.0" Y="139.0" />
  <Point X="145.0" Y="138.0" />
  <Point X="145.4922747623646" Y="138.0" />
  <Point X="147.0" Y="138.0" />
  <Point X="148.0" Y="137.0" />
  <Point X="149.0" Y="135.0" />
  <Point X="151.0" Y="135.0" />
  <Point X="151.0" Y="134.74000832518834" />
  <Point X="151.0" Y="134.0" />
  <Point X="154.0" Y="133.0" />
  <Point X="155.0" Y="133.0" />
  <Point X="156.0" Y="132.0" />
  <Point X="156.77887734490523" Y="131.22112265509477" />
  <Point X="157.0" Y="131.0" />
  <Point X="158.0" Y="130.0" />
  <Point X="159.0" Y="130.0" />
  <Point X="160.0" Y="129.0" />
  <Point X="161.0" Y="128.0" />
  <Point X="162.0" Y="128.0" />
  <Point X="162.6099807909989" Y="127.39001920900112" />
  <Point X="163.0" Y="127.0" />
  <Point X="164.0" Y="126.0" />
  <Point X="166.0" Y="126.0" />
  <Point X="166.0" Y="125.0" />
  <Point X="167.0" Y="125.0" />
  <Point X="167.0" Y="124.0" />
  <Point X="167.404472886819" Y="123.7977635565905" />
  <Point X="169.0" Y="123.0" />
  <Point X="170.0" Y="122.0" />
  <Point X="171.0" Y="121.0" />
  <Point X="171.0" Y="120.0" />
  <Point X="172.0" Y="120.0" />
  <Point X="172.56972850954236" Y="119.43027149045764" />
  <Point X="173.0" Y="119.0" />
  <Point X="173.0" Y="118.0" />
  <Point X="174.0" Y="118.0" />
  <Point X="175.0" Y="117.0" />
  <Point X="176.0" Y="116.0" />
  <Point X="176.0" Y="115.0" />
  <Point X="176.98107555026607" Y="115.0" />
  <Point X="177.0" Y="115.0" />
  <Point X="177.0" Y="114.0" />
  <Point X="177.0" Y="113.0" />
  <Point X="178.0" Y="113.0" />
  <Point X="179.0" Y="112.0" />
  <Point X="179.0" Y="111.0" />
  <Point X="180.0" Y="110.0" />
  <Point X="180.0" Y="109.42935312216018" />
  <Point X="180.0" Y="109.0" />
  <Point X="181.0" Y="108.0" />
  <Point X="181.0" Y="107.0" />
  <Point X="181.0" Y="106.0" />
  <Point X="181.0" Y="105.0" />
  <Point X="182.0" Y="105.0" />
  <Point X="182.0" Y="104.0" />
  <Point X="182.57443176778668" Y="104.0" />
  <Point X="183.0" Y="104.0" />
  <Point X="183.0" Y="103.0" />
  <Point X="183.0" Y="102.0" />
  <Point X="183.0" Y="101.0" />
  <Point X="183.0" Y="100.0" />
  <Point X="184.0" Y="100.0" />
  <Point X="184.0" Y="99.0" />
  <Point X="184.0" Y="98.00756977989337" />
  <Point X="184.0" Y="98.0" />
  <Point X="184.0" Y="97.0" />
  <Point X="185.0" Y="97.0" />
  <Point X="185.0" Y="96.0" />
  <Point X="185.0" Y="95.0" />
  <Point X="186.0" Y="95.0" />
  <Point X="186.0" Y="94.0" />
  <Point X="186.99732367865278" Y="93.00267632134724" />
  <Point X="187.0" Y="93.0" />
  <Point X="187.0" Y="92.0" />
  <Point X="187.0" Y="91.0" />
  <Point X="188.0" Y="90.0" />
  <Point X="188.0" Y="89.0" />
  <Point X="188.0" Y="88.0" />
  <Point X="189.0" Y="88.0" />
  <Point X="189.0" Y="87.0" />
</Project_1_Part_4>
