<?xml version="1.0" encoding="utf-8" standalone="yes"?>
<Gesture Name="delete_mark6" Subject="2" Number="2" NumPts="400">
  <Point X="50.0" Y="79.0" />
  <Point X="50.0" Y="80.0" />
  <Point X="51.0" Y="80.0" />
  <Point X="52.0" Y="80.0" />
  <Point X="53.0" Y="81.0" />
  <Point X="54.0" Y="81.0" />
  <Point X="54.0" Y="82.0" />
  <Point X="54.539061171810644" Y="82.0" />
  <Point X="55.0" Y="82.0" />
  <Point X="55.0" Y="83.0" />
  <Point X="56.0" Y="83.0" />
  <Point X="57.0" Y="83.0" />
  <Point X="57.0" Y="84.0" />
  <Point X="58.0" Y="84.0" />
  <Point X="59.0" Y="85.0" />
  <Point X="59.0552408389368" Y="85.0552408389368" />
  <Point X="60.0" Y="86.0" />
  <Point X="61.0" Y="87.0" />
  <Point X="62.0" Y="87.0" />
  <Point X="62.0" Y="88.0" />
  <Point X="64.0" Y="88.0" />
  <Point X="64.0" Y="88.20296995305884" />
  <Point X="64.0" Y="89.0" />
  <Point X="65.0" Y="90.0" />
  <Point X="66.0" Y="91.0" />
  <Point X="67.0" Y="91.0" />
  <Point X="67.0" Y="92.0" />
  <Point X="67.93890880261979" Y="92.93890880261979" />
  <Point X="68.0" Y="93.0" />
  <Point X="69.0" Y="93.0" />
  <Point X="69.0" Y="94.0" />
  <Point X="70.0" Y="94.0" />
  <Point X="71.0" Y="95.0" />
  <Point X="72.0" Y="95.0" />
  <Point X="72.0" Y="96.0" />
  <Point X="72.32008261268146" Y="96.32008261268146" />
  <Point X="73.0" Y="97.0" />
  <Point X="74.0" Y="97.0" />
  <Point X="74.0" Y="98.0" />
  <Point X="76.0" Y="98.0" />
  <Point X="76.0" Y="99.0" />
  <Point X="76.70125642274313" Y="99.70125642274313" />
  <Point X="77.0" Y="100.0" />
  <Point X="78.0" Y="101.0" />
  <Point X="79.0" Y="102.0" />
  <Point X="80.0" Y="103.0" />
  <Point X="81.0" Y="103.0" />
  <Point X="81.910857357551" Y="103.910857357551" />
  <Point X="82.0" Y="104.0" />
  <Point X="82.0" Y="105.0" />
  <Point X="83.0" Y="106.0" />
  <Point X="84.0" Y="107.0" />
  <Point X="85.0" Y="107.0" />
  <Point X="86.0" Y="108.0" />
  <Point X="86.5845673131273" Y="108.0" />
  <Point X="87.0" Y="108.0" />
  <Point X="87.0" Y="110.0" />
  <Point X="88.0" Y="110.0" />
  <Point X="89.0" Y="111.0" />
  <Point X="90.0" Y="112.0" />
  <Point X="90.50163210242053" Y="112.50163210242053" />
  <Point X="91.0" Y="113.0" />
  <Point X="92.0" Y="113.0" />
  <Point X="93.0" Y="114.0" />
  <Point X="94.0" Y="115.0" />
  <Point X="94.0" Y="116.0" />
  <Point X="95.27013041098786" Y="116.63506520549393" />
  <Point X="96.0" Y="117.0" />
  <Point X="96.0" Y="118.0" />
  <Point X="97.0" Y="118.0" />
  <Point X="98.0" Y="119.0" />
  <Point X="99.0" Y="120.0" />
  <Point X="99.92548157957897" Y="120.92548157957897" />
  <Point X="101.0" Y="122.0" />
  <Point X="102.0" Y="123.0" />
  <Point X="103.0" Y="124.0" />
  <Point X="104.0" Y="125.0" />
  <Point X="104.0" Y="126.0" />
  <Point X="104.19103552388532" Y="126.0" />
  <Point X="105.0" Y="126.0" />
  <Point X="106.0" Y="127.0" />
  <Point X="107.0" Y="128.0" />
  <Point X="108.0" Y="129.0" />
  <Point X="108.8504524862773" Y="130.7009049725546" />
  <Point X="109.0" Y="131.0" />
  <Point X="110.0" Y="131.0" />
  <Point X="110.0" Y="132.0" />
  <Point X="111.0" Y="132.0" />
  <Point X="112.0" Y="133.0" />
  <Point X="112.0" Y="134.0" />
  <Point X="112.85182521035873" Y="134.85182521035873" />
  <Point X="113.0" Y="135.0" />
  <Point X="114.0" Y="136.0" />
  <Point X="114.0" Y="137.0" />
  <Point X="115.0" Y="137.0" />
  <Point X="115.0" Y="138.0" />
  <Point X="116.0" Y="138.0" />
  <Point X="116.0" Y="139.0" />
  <Point X="116.32951037469817" Y="139.0" />
  <Point X="117.0" Y="139.0" />
  <Point X="117.0" Y="140.0" />
  <Point X="117.0" Y="141.0" />
  <Point X="118.0" Y="141.0" />
  <Point X="118.0" Y="142.0" />
  <Point X="119.0" Y="142.0" />
  <Point X="120.0" Y="142.0" />
  <Point X="120.0" Y="142.2827851088819" />
  <Point X="120.0" Y="143.0" />
  <Point X="121.0" Y="143.0" />
  <Point X="121.0" Y="144.0" />
  <Point X="122.0" Y="145.0" />
  <Point X="122.0" Y="146.0" />
  <Point X="123.0" Y="146.0" />
  <Point X="123.0" Y="146.82184628069254" />
  <Point X="123.0" Y="147.0" />
  <Point X="124.0" Y="147.0" />
  <Point X="124.0" Y="148.0" />
  <Point X="125.0" Y="148.0" />
  <Point X="125.0" Y="149.0" />
  <Point X="125.0" Y="150.0" />
  <Point X="126.0" Y="150.0" />
  <Point X="126.0" Y="150.77512101487628" />
  <Point X="126.0" Y="151.0" />
  <Point X="127.0" Y="152.0" />
  <Point X="128.0" Y="153.0" />
  <Point X="129.0" Y="153.0" />
  <Point X="129.0" Y="154.0" />
  <Point X="130.0" Y="155.0" />
  <Point X="130.34348069829397" Y="155.34348069829397" />
  <Point X="131.0" Y="156.0" />
  <Point X="131.0" Y="157.0" />
  <Point X="132.0" Y="157.0" />
  <Point X="132.0" Y="158.0" />
  <Point X="133.0" Y="158.0" />
  <Point X="133.0" Y="159.0" />
  <Point X="134.0" Y="159.0" />
  <Point X="134.0" Y="159.02481623375135" />
  <Point X="134.0" Y="160.0" />
  <Point X="135.0" Y="160.0" />
  <Point X="135.0" Y="161.0" />
  <Point X="136.0" Y="161.0" />
  <Point X="136.0" Y="162.0" />
  <Point X="137.0" Y="162.0" />
  <Point X="137.0" Y="162.9780909679351" />
  <Point X="137.0" Y="163.0" />
  <Point X="138.0" Y="163.0" />
  <Point X="138.0" Y="164.0" />
  <Point X="137.0" Y="164.0" />
  <Point X="136.0" Y="164.0" />
  <Point X="135.0" Y="164.0" />
  <Point X="134.0" Y="164.0" />
  <Point X="133.06863429788118" Y="164.0" />
  <Point X="133.0" Y="164.0" />
  <Point X="132.0" Y="164.0" />
  <Point X="131.0" Y="164.0" />
  <Point X="130.0" Y="164.0" />
  <Point X="129.0" Y="164.0" />
  <Point X="128.0" Y="164.0" />
  <Point X="127.0" Y="164.0" />
  <Point X="126.11535956369744" Y="164.0" />
  <Point X="126.0" Y="164.0" />
  <Point X="125.0" Y="164.0" />
  <Point X="124.0" Y="164.0" />
  <Point X="122.0" Y="164.0" />
  <Point X="121.0" Y="164.0" />
  <Point X="119.1620848295137" Y="164.0" />
  <Point X="119.0" Y="164.0" />
  <Point X="119.0" Y="165.0" />
  <Point X="118.0" Y="165.0" />
  <Point X="116.0" Y="165.0" />
  <Point X="115.0" Y="165.0" />
  <Point X="114.0" Y="165.0" />
  <Point X="113.20881009532997" Y="165.0" />
  <Point X="112.0" Y="165.0" />
  <Point X="111.0" Y="165.0" />
  <Point X="110.0" Y="165.0" />
  <Point X="109.0" Y="165.0" />
  <Point X="107.0" Y="165.0" />
  <Point X="106.25553536114623" Y="165.0" />
  <Point X="106.0" Y="165.0" />
  <Point X="103.0" Y="165.0" />
  <Point X="102.0" Y="165.0" />
  <Point X="101.0" Y="165.0" />
  <Point X="100.0" Y="165.0" />
  <Point X="99.3022606269625" Y="165.0" />
  <Point X="98.0" Y="165.0" />
  <Point X="97.0" Y="165.0" />
  <Point X="95.0" Y="165.0" />
  <Point X="94.0" Y="165.0" />
  <Point X="92.34898589277876" Y="165.0" />
  <Point X="92.0" Y="165.0" />
  <Point X="89.0" Y="165.0" />
  <Point X="87.0" Y="165.0" />
  <Point X="85.39571115859502" Y="165.0" />
  <Point X="85.0" Y="165.0" />
  <Point X="84.0" Y="166.0" />
  <Point X="82.0" Y="166.0" />
  <Point X="80.0" Y="166.0" />
  <Point X="79.0" Y="166.0" />
  <Point X="78.85664998678438" Y="166.0" />
  <Point X="77.0" Y="166.0" />
  <Point X="75.0" Y="166.0" />
  <Point X="73.0" Y="166.0" />
  <Point X="71.90337525260064" Y="166.0" />
  <Point X="71.0" Y="166.0" />
  <Point X="69.0" Y="166.0" />
  <Point X="68.0" Y="166.0" />
  <Point X="67.0" Y="166.0" />
  <Point X="65.0" Y="166.0" />
  <Point X="64.9501005184169" Y="166.0" />
  <Point X="63.0" Y="166.0" />
  <Point X="61.0" Y="166.0" />
  <Point X="60.0" Y="166.0" />
  <Point X="58.0" Y="166.0" />
  <Point X="57.99682578423317" Y="166.0" />
  <Point X="55.0" Y="166.0" />
  <Point X="53.0" Y="166.0" />
  <Point X="52.0" Y="166.0" />
  <Point X="51.04355105004943" Y="166.0" />
  <Point X="50.0" Y="166.0" />
  <Point X="49.0" Y="166.0" />
  <Point X="48.0" Y="166.0" />
  <Point X="46.0" Y="166.0" />
  <Point X="44.090276315865694" Y="166.0" />
  <Point X="44.0" Y="166.0" />
  <Point X="43.0" Y="166.0" />
  <Point X="40.0" Y="166.0" />
  <Point X="39.0" Y="166.0" />
  <Point X="38.0" Y="166.0" />
  <Point X="37.13700158168196" Y="166.0" />
  <Point X="37.0" Y="166.0" />
  <Point X="36.0" Y="166.0" />
  <Point X="35.0" Y="166.0" />
  <Point X="33.0" Y="166.0" />
  <Point X="32.0" Y="166.0" />
  <Point X="31.0" Y="166.0" />
  <Point X="30.18372684749822" Y="166.0" />
  <Point X="29.0" Y="166.0" />
  <Point X="28.0" Y="166.0" />
  <Point X="27.0" Y="166.0" />
  <Point X="26.0" Y="166.0" />
  <Point X="25.0" Y="166.0" />
  <Point X="24.0" Y="166.0" />
  <Point X="23.455847470876893" Y="166.5441525291231" />
  <Point X="23.0" Y="167.0" />
  <Point X="24.0" Y="166.0" />
  <Point X="24.0" Y="165.0" />
  <Point X="25.0" Y="165.0" />
  <Point X="25.0" Y="164.0" />
  <Point X="26.0" Y="164.0" />
  <Point X="26.63243312037132" Y="163.36756687962867" />
  <Point X="27.0" Y="163.0" />
  <Point X="28.0" Y="163.0" />
  <Point X="28.0" Y="162.0" />
  <Point X="29.0" Y="161.0" />
  <Point X="30.0" Y="160.0" />
  <Point X="31.0" Y="160.0" />
  <Point X="31.0" Y="159.39497045681247" />
  <Point X="31.0" Y="159.0" />
  <Point X="32.0" Y="159.0" />
  <Point X="32.0" Y="158.0" />
  <Point X="33.0" Y="158.0" />
  <Point X="34.0" Y="157.0" />
  <Point X="35.0" Y="157.0" />
  <Point X="35.808994302867774" Y="156.19100569713223" />
  <Point X="36.0" Y="156.0" />
  <Point X="37.0" Y="154.0" />
  <Point X="38.0" Y="154.0" />
  <Point X="38.0" Y="153.0" />
  <Point X="39.0" Y="153.0" />
  <Point X="40.0" Y="153.0" />
  <Point X="40.3161360640318" Y="152.6838639359682" />
  <Point X="41.0" Y="152.0" />
  <Point X="41.0" Y="151.0" />
  <Point X="42.0" Y="151.0" />
  <Point X="43.0" Y="150.0" />
  <Point X="44.0" Y="149.0" />
  <Point X="45.0" Y="149.0" />
  <Point X="45.07053361434469" Y="148.8589327713106" />
  <Point X="46.0" Y="147.0" />
  <Point X="47.0" Y="147.0" />
  <Point X="49.0" Y="145.0" />
  <Point X="49.73998554119026" Y="144.26001445880974" />
  <Point X="50.0" Y="144.0" />
  <Point X="52.0" Y="143.0" />
  <Point X="52.0" Y="142.0" />
  <Point X="54.0" Y="141.0" />
  <Point X="54.0" Y="140.0" />
  <Point X="54.113422805122326" Y="140.0" />
  <Point X="55.0" Y="140.0" />
  <Point X="56.0" Y="139.0" />
  <Point X="57.0" Y="139.0" />
  <Point X="58.0" Y="138.0" />
  <Point X="59.0" Y="137.0" />
  <Point X="59.582696188264514" Y="136.41730381173548" />
  <Point X="60.0" Y="136.0" />
  <Point X="61.0" Y="135.0" />
  <Point X="62.0" Y="134.0" />
  <Point X="64.0" Y="132.0" />
  <Point X="64.63170152393555" Y="131.68414923803223" />
  <Point X="66.0" Y="131.0" />
  <Point X="66.0" Y="130.0" />
  <Point X="67.0" Y="130.0" />
  <Point X="69.0" Y="129.0" />
  <Point X="69.0" Y="128.0" />
  <Point X="69.16761793968244" Y="127.91619103015877" />
  <Point X="71.0" Y="127.0" />
  <Point X="72.0" Y="126.0" />
  <Point X="74.0" Y="125.0" />
  <Point X="74.0" Y="124.0" />
  <Point X="74.22747767336183" Y="123.88626116331909" />
  <Point X="76.0" Y="123.0" />
  <Point X="77.0" Y="122.0" />
  <Point X="78.0" Y="121.0" />
  <Point X="79.0" Y="120.0" />
  <Point X="79.72889384006494" Y="120.0" />
  <Point X="80.0" Y="120.0" />
  <Point X="82.0" Y="119.0" />
  <Point X="83.0" Y="118.0" />
  <Point X="84.0" Y="117.0" />
  <Point X="85.0" Y="116.0" />
  <Point X="85.18198007545111" Y="115.90900996227445" />
  <Point X="87.0" Y="115.0" />
  <Point X="88.0" Y="114.0" />
  <Point X="89.0" Y="113.0" />
  <Point X="90.0" Y="113.0" />
  <Point X="90.77232998652237" Y="112.22767001347763" />
  <Point X="91.0" Y="112.0" />
  <Point X="93.0" Y="111.0" />
  <Point X="93.0" Y="110.0" />
  <Point X="94.0" Y="110.0" />
  <Point X="95.6936853100595" Y="108.3063146899405" />
  <Point X="96.0" Y="108.0" />
  <Point X="97.0" Y="107.0" />
  <Point X="98.0" Y="107.0" />
  <Point X="99.0" Y="106.0" />
  <Point X="100.0" Y="106.0" />
  <Point X="101.1961794636808" Y="104.8038205363192" />
  <Point X="102.0" Y="104.0" />
  <Point X="104.0" Y="103.0" />
  <Point X="105.0" Y="102.0" />
  <Point X="105.9687627173823" Y="100.0624745652354" />
  <Point X="106.0" Y="100.0" />
  <Point X="107.0" Y="100.0" />
  <Point X="108.0" Y="100.0" />
  <Point X="109.0" Y="99.0" />
  <Point X="110.0" Y="98.0" />
  <Point X="111.0" Y="98.0" />
  <Point X="111.0" Y="97.0" />
  <Point X="111.054998922072" Y="97.0" />
  <Point X="112.0" Y="97.0" />
  <Point X="113.0" Y="96.0" />
  <Point X="114.0" Y="95.0" />
  <Point X="115.0" Y="95.0" />
  <Point X="115.0" Y="94.0" />
  <Point X="116.0" Y="94.0" />
  <Point X="116.0" Y="93.82015346849045" />
  <Point X="116.0" Y="93.0" />
  <Point X="118.0" Y="93.0" />
  <Point X="119.0" Y="92.0" />
  <Point X="120.0" Y="91.0" />
  <Point X="120.92255807443806" Y="90.07744192556194" />
  <Point X="121.0" Y="90.0" />
  <Point X="122.0" Y="90.0" />
  <Point X="123.0" Y="89.0" />
  <Point X="123.0" Y="88.0" />
  <Point X="124.0" Y="88.0" />
  <Point X="125.0" Y="87.0" />
  <Point X="125.71794544687283" Y="86.28205455312717" />
  <Point X="126.0" Y="86.0" />
  <Point X="127.0" Y="86.0" />
  <Point X="127.0" Y="85.0" />
  <Point X="128.0" Y="85.0" />
  <Point X="128.0" Y="84.0" />
  <Point X="129.0" Y="84.0" />
  <Point X="129.0" Y="83.0" />
  <Point X="129.5543893598222" Y="83.0" />
  <Point X="130.0" Y="83.0" />
  <Point X="130.0" Y="82.0" />
  <Point X="131.0" Y="82.0" />
  <Point X="132.0" Y="82.0" />
  <Point X="132.0" Y="81.0" />
  <Point X="133.0" Y="81.0" />
  <Point X="133.0" Y="80.0" />
  <Point X="133.50766409400595" Y="80.0" />
  <Point X="134.0" Y="80.0" />
  <Point X="134.0" Y="79.0" />
  <Point X="135.0" Y="79.0" />
  <Point X="136.0" Y="79.0" />
  <Point X="137.0" Y="78.0" />
  <Point X="137.0" Y="77.0" />
  <Point X="138.0" Y="77.0" />
  <Point X="138.04672526581658" Y="77.0" />
  <Point X="139.0" Y="77.0" />
  <Point X="140.0" Y="77.0" />
  <Point X="140.0" Y="76.0" />
  <Point X="141.0" Y="76.0" />
  <Point X="141.0" Y="75.0" />
  <Point X="142.0" Y="75.0" />
  <Point X="143.0" Y="75.0" />
</Project_1_Part_4>
