<?xml version="1.0" encoding="utf-8" standalone="yes"?>
<Gesture Name="delete_mark4" Subject="2" Number="2" NumPts="396">
  <Point X="78.0" Y="83.0" />
  <Point X="79.0" Y="83.0" />
  <Point X="80.0" Y="83.0" />
  <Point X="81.0" Y="83.0" />
  <Point X="82.0" Y="83.0" />
  <Point X="83.0" Y="83.0" />
  <Point X="84.0" Y="83.0" />
  <Point X="84.10823806482333" Y="83.0" />
  <Point X="85.0" Y="83.0" />
  <Point X="86.0" Y="83.0" />
  <Point X="86.0" Y="84.0" />
  <Point X="87.0" Y="84.0" />
  <Point X="88.0" Y="85.0" />
  <Point X="88.56728530161126" Y="85.56728530161126" />
  <Point X="89.0" Y="86.0" />
  <Point X="90.0" Y="86.0" />
  <Point X="91.0" Y="86.0" />
  <Point X="91.0" Y="87.0" />
  <Point X="92.0" Y="87.0" />
  <Point X="93.0" Y="88.0" />
  <Point X="93.05803473360344" Y="88.05803473360344" />
  <Point X="94.0" Y="89.0" />
  <Point X="95.0" Y="90.0" />
  <Point X="96.0" Y="90.0" />
  <Point X="97.0" Y="91.0" />
  <Point X="97.94767088505472" Y="91.0" />
  <Point X="98.0" Y="91.0" />
  <Point X="99.0" Y="92.0" />
  <Point X="100.0" Y="93.0" />
  <Point X="101.0" Y="93.0" />
  <Point X="101.0" Y="94.0" />
  <Point X="102.0" Y="94.0" />
  <Point X="102.0" Y="94.22748182513186" />
  <Point X="102.0" Y="95.0" />
  <Point X="103.0" Y="96.0" />
  <Point X="104.0" Y="96.0" />
  <Point X="104.0" Y="97.0" />
  <Point X="105.0" Y="97.0" />
  <Point X="105.9215063275821" Y="97.0" />
  <Point X="106.0" Y="97.0" />
  <Point X="106.0" Y="98.0" />
  <Point X="107.0" Y="99.0" />
  <Point X="109.0" Y="100.0" />
  <Point X="109.97542753742069" Y="100.97542753742069" />
  <Point X="110.0" Y="101.0" />
  <Point X="110.0" Y="102.0" />
  <Point X="111.0" Y="103.0" />
  <Point X="112.0" Y="103.0" />
  <Point X="112.0" Y="104.0" />
  <Point X="113.0" Y="105.0" />
  <Point X="113.17328375059941" Y="105.17328375059941" />
  <Point X="114.0" Y="106.0" />
  <Point X="115.0" Y="106.0" />
  <Point X="116.0" Y="107.0" />
  <Point X="116.0" Y="108.0" />
  <Point X="117.5248711703137" Y="108.0" />
  <Point X="118.0" Y="108.0" />
  <Point X="118.0" Y="109.0" />
  <Point X="119.0" Y="109.0" />
  <Point X="119.0" Y="110.0" />
  <Point X="119.0" Y="111.0" />
  <Point X="120.63310923513703" Y="111.0" />
  <Point X="121.0" Y="111.0" />
  <Point X="121.0" Y="112.0" />
  <Point X="122.0" Y="113.0" />
  <Point X="123.0" Y="113.0" />
  <Point X="124.0" Y="114.0" />
  <Point X="124.0" Y="114.91292017521417" />
  <Point X="124.0" Y="115.0" />
  <Point X="125.0" Y="115.0" />
  <Point X="125.0" Y="116.0" />
  <Point X="126.0" Y="116.0" />
  <Point X="126.0" Y="117.0" />
  <Point X="127.0" Y="118.0" />
  <Point X="127.6069446776644" Y="118.0" />
  <Point X="128.0" Y="118.0" />
  <Point X="128.0" Y="119.0" />
  <Point X="129.0" Y="119.0" />
  <Point X="129.0" Y="120.0" />
  <Point X="130.0" Y="120.0" />
  <Point X="131.0" Y="121.0" />
  <Point X="131.0" Y="121.30096918011463" />
  <Point X="131.0" Y="122.0" />
  <Point X="132.0" Y="122.0" />
  <Point X="132.0" Y="123.0" />
  <Point X="133.0" Y="123.0" />
  <Point X="133.0" Y="124.0" />
  <Point X="134.2604332776266" Y="124.6302166388133" />
  <Point X="135.0" Y="125.0" />
  <Point X="135.0" Y="126.0" />
  <Point X="136.0" Y="126.0" />
  <Point X="136.0" Y="127.0" />
  <Point X="137.0" Y="127.0" />
  <Point X="137.0" Y="128.0" />
  <Point X="137.28137733226148" Y="128.0" />
  <Point X="138.0" Y="128.0" />
  <Point X="139.0" Y="129.0" />
  <Point X="139.0" Y="130.0" />
  <Point X="140.0" Y="130.0" />
  <Point X="140.0" Y="131.0" />
  <Point X="140.9754018347117" Y="131.0" />
  <Point X="141.0" Y="131.0" />
  <Point X="141.0" Y="132.0" />
  <Point X="142.0" Y="132.0" />
  <Point X="143.0" Y="132.0" />
  <Point X="143.0" Y="133.0" />
  <Point X="144.0" Y="134.0" />
  <Point X="144.66942633716192" Y="134.0" />
  <Point X="145.0" Y="134.0" />
  <Point X="145.0" Y="135.0" />
  <Point X="146.0" Y="136.0" />
  <Point X="147.0" Y="136.0" />
  <Point X="148.0" Y="137.0" />
  <Point X="148.0" Y="137.94923727723906" />
  <Point X="148.0" Y="138.0" />
  <Point X="149.0" Y="138.0" />
  <Point X="149.0" Y="139.0" />
  <Point X="150.0" Y="140.0" />
  <Point X="151.0" Y="140.0" />
  <Point X="151.0" Y="141.0" />
  <Point X="151.45485476649642" Y="141.45485476649642" />
  <Point X="152.0" Y="142.0" />
  <Point X="152.0" Y="143.0" />
  <Point X="153.0" Y="143.0" />
  <Point X="153.0" Y="144.0" />
  <Point X="154.0" Y="144.0" />
  <Point X="154.0" Y="145.0" />
  <Point X="154.0" Y="145.33728628213953" />
  <Point X="154.0" Y="146.0" />
  <Point X="155.0" Y="146.0" />
  <Point X="155.0" Y="147.0" />
  <Point X="156.0" Y="147.0" />
  <Point X="157.0" Y="148.0" />
  <Point X="157.0" Y="149.0" />
  <Point X="157.03131078458975" Y="149.0" />
  <Point X="158.0" Y="149.0" />
  <Point X="158.0" Y="150.0" />
  <Point X="158.0" Y="151.0" />
  <Point X="159.0" Y="151.0" />
  <Point X="159.0" Y="152.0" />
  <Point X="160.0" Y="152.0" />
  <Point X="160.09867593772677" Y="152.09867593772677" />
  <Point X="161.0" Y="153.0" />
  <Point X="161.0" Y="154.0" />
  <Point X="162.0" Y="154.0" />
  <Point X="161.0" Y="154.0" />
  <Point X="160.0" Y="154.0" />
  <Point X="159.1664266481367" Y="154.0" />
  <Point X="159.0" Y="154.0" />
  <Point X="159.0" Y="155.0" />
  <Point X="158.0" Y="155.0" />
  <Point X="157.0" Y="155.0" />
  <Point X="156.0" Y="155.0" />
  <Point X="155.0" Y="155.0" />
  <Point X="154.05818858331338" Y="155.0" />
  <Point X="154.0" Y="155.0" />
  <Point X="153.0" Y="155.0" />
  <Point X="152.0" Y="155.0" />
  <Point X="151.0" Y="155.0" />
  <Point X="150.0" Y="155.0" />
  <Point X="150.0" Y="156.0" />
  <Point X="149.0" Y="156.0" />
  <Point X="148.94995051849006" Y="156.0" />
  <Point X="148.0" Y="156.0" />
  <Point X="147.0" Y="156.0" />
  <Point X="146.0" Y="156.0" />
  <Point X="145.0" Y="156.0" />
  <Point X="144.0" Y="156.0" />
  <Point X="143.0" Y="156.0" />
  <Point X="142.84171245366673" Y="156.0" />
  <Point X="142.0" Y="156.0" />
  <Point X="141.0" Y="156.0" />
  <Point X="140.0" Y="157.0" />
  <Point X="139.0" Y="157.0" />
  <Point X="137.34324173735126" Y="157.82837913132437" />
  <Point X="137.0" Y="158.0" />
  <Point X="136.0" Y="158.0" />
  <Point X="134.0" Y="158.0" />
  <Point X="133.0" Y="158.0" />
  <Point X="132.0" Y="158.0" />
  <Point X="131.27551786389296" Y="158.0" />
  <Point X="130.0" Y="158.0" />
  <Point X="129.0" Y="158.0" />
  <Point X="128.0" Y="159.0" />
  <Point X="127.0" Y="159.0" />
  <Point X="125.58149336144272" Y="159.0" />
  <Point X="125.0" Y="159.0" />
  <Point X="124.0" Y="159.0" />
  <Point X="123.0" Y="160.0" />
  <Point X="121.0" Y="160.0" />
  <Point X="120.0" Y="160.0" />
  <Point X="119.88746885899249" Y="160.0" />
  <Point X="119.0" Y="160.0" />
  <Point X="117.0" Y="160.0" />
  <Point X="116.0" Y="160.0" />
  <Point X="115.0" Y="161.0" />
  <Point X="114.19344435654226" Y="161.0" />
  <Point X="113.0" Y="161.0" />
  <Point X="112.0" Y="161.0" />
  <Point X="110.0" Y="161.0" />
  <Point X="109.0" Y="161.0" />
  <Point X="108.08520629171893" Y="161.0" />
  <Point X="108.0" Y="161.0" />
  <Point X="106.0" Y="162.0" />
  <Point X="105.0" Y="162.0" />
  <Point X="104.0" Y="163.0" />
  <Point X="102.6272497667685" Y="163.0" />
  <Point X="102.0" Y="163.0" />
  <Point X="101.0" Y="163.0" />
  <Point X="100.0" Y="163.0" />
  <Point X="98.0" Y="163.0" />
  <Point X="97.0" Y="163.0" />
  <Point X="96.51901170194517" Y="163.0" />
  <Point X="95.0" Y="163.0" />
  <Point X="94.0" Y="163.0" />
  <Point X="92.0" Y="163.0" />
  <Point X="91.0" Y="163.0" />
  <Point X="90.41077363712185" Y="163.0" />
  <Point X="90.0" Y="163.0" />
  <Point X="88.0" Y="164.0" />
  <Point X="87.0" Y="164.0" />
  <Point X="86.0" Y="164.0" />
  <Point X="85.0" Y="164.0" />
  <Point X="84.53860354979831" Y="164.0" />
  <Point X="84.0" Y="164.0" />
  <Point X="83.0" Y="164.0" />
  <Point X="82.0" Y="164.0" />
  <Point X="80.0" Y="164.0" />
  <Point X="79.0" Y="164.0" />
  <Point X="78.43036548497498" Y="164.0" />
  <Point X="77.0" Y="164.0" />
  <Point X="76.0" Y="164.0" />
  <Point X="75.0" Y="164.0" />
  <Point X="74.0" Y="164.0" />
  <Point X="73.0" Y="164.0" />
  <Point X="72.32212742015166" Y="164.0" />
  <Point X="72.0" Y="164.0" />
  <Point X="71.0" Y="164.0" />
  <Point X="71.0" Y="165.0" />
  <Point X="70.0" Y="165.0" />
  <Point X="69.0" Y="165.0" />
  <Point X="68.0" Y="165.0" />
  <Point X="67.21388935532833" Y="165.0" />
  <Point X="67.0" Y="165.0" />
  <Point X="66.0" Y="165.0" />
  <Point X="65.0" Y="165.0" />
  <Point X="64.0" Y="165.0" />
  <Point X="64.0" Y="164.0" />
  <Point X="64.0" Y="163.0" />
  <Point X="64.89434870949499" Y="163.0" />
  <Point X="65.0" Y="163.0" />
  <Point X="66.0" Y="162.0" />
  <Point X="67.0" Y="161.0" />
  <Point X="68.0" Y="161.0" />
  <Point X="68.0" Y="160.0" />
  <Point X="69.0" Y="160.0" />
  <Point X="69.0" Y="159.82584035042788" />
  <Point X="69.0" Y="159.0" />
  <Point X="70.0" Y="159.0" />
  <Point X="71.0" Y="158.0" />
  <Point X="72.0" Y="157.0" />
  <Point X="73.0" Y="157.0" />
  <Point X="73.0" Y="156.54602941035074" />
  <Point X="73.0" Y="156.0" />
  <Point X="74.0" Y="156.0" />
  <Point X="75.0" Y="155.0" />
  <Point X="76.0" Y="155.0" />
  <Point X="77.0" Y="154.0" />
  <Point X="77.51886189557897" Y="153.48113810442103" />
  <Point X="78.0" Y="153.0" />
  <Point X="79.0" Y="153.0" />
  <Point X="79.0" Y="152.0" />
  <Point X="80.0" Y="152.0" />
  <Point X="81.0" Y="151.0" />
  <Point X="81.71671810875769" Y="150.28328189124232" />
  <Point X="82.0" Y="150.0" />
  <Point X="83.0" Y="150.0" />
  <Point X="84.0" Y="150.0" />
  <Point X="84.0" Y="149.0" />
  <Point X="85.0" Y="148.0" />
  <Point X="86.0" Y="148.0" />
  <Point X="86.0" Y="147.70659659011935" />
  <Point X="86.0" Y="147.0" />
  <Point X="87.0" Y="147.0" />
  <Point X="88.0" Y="146.0" />
  <Point X="89.0" Y="145.0" />
  <Point X="89.0" Y="144.0" />
  <Point X="89.5732143499578" Y="144.0" />
  <Point X="90.0" Y="144.0" />
  <Point X="91.0" Y="143.0" />
  <Point X="92.0" Y="143.0" />
  <Point X="92.0" Y="142.0" />
  <Point X="93.0" Y="142.0" />
  <Point X="93.0" Y="141.0" />
  <Point X="93.18896640473423" Y="140.81103359526577" />
  <Point X="94.0" Y="140.0" />
  <Point X="95.0" Y="140.0" />
  <Point X="96.0" Y="139.0" />
  <Point X="97.0" Y="138.0" />
  <Point X="97.80103618028605" Y="137.19896381971395" />
  <Point X="98.0" Y="137.0" />
  <Point X="99.0" Y="136.0" />
  <Point X="100.0" Y="136.0" />
  <Point X="101.0" Y="135.0" />
  <Point X="101.0" Y="134.0" />
  <Point X="101.99843360781611" Y="134.0" />
  <Point X="102.0" Y="134.0" />
  <Point X="103.0" Y="133.0" />
  <Point X="104.0" Y="132.0" />
  <Point X="105.0" Y="131.0" />
  <Point X="105.0" Y="130.0" />
  <Point X="105.86403098552015" Y="130.0" />
  <Point X="106.0" Y="130.0" />
  <Point X="106.0" Y="129.0" />
  <Point X="108.0" Y="128.0" />
  <Point X="109.0" Y="127.0" />
  <Point X="109.93478633329767" Y="126.06521366670233" />
  <Point X="110.0" Y="126.0" />
  <Point X="111.0" Y="126.0" />
  <Point X="112.0" Y="125.0" />
  <Point X="112.0" Y="124.0" />
  <Point X="113.0" Y="124.0" />
  <Point X="114.0" Y="124.0" />
  <Point X="114.0" Y="123.3982015494523" />
  <Point X="114.0" Y="123.0" />
  <Point X="115.0" Y="123.0" />
  <Point X="115.0" Y="122.0" />
  <Point X="117.0" Y="121.0" />
  <Point X="118.0" Y="120.0" />
  <Point X="118.04225314838438" Y="119.95774685161562" />
  <Point X="119.0" Y="119.0" />
  <Point X="120.0" Y="118.0" />
  <Point X="121.0" Y="117.0" />
  <Point X="122.0" Y="117.0" />
  <Point X="122.0" Y="116.07464764679781" />
  <Point X="122.0" Y="116.0" />
  <Point X="123.0" Y="116.0" />
  <Point X="123.0" Y="115.0" />
  <Point X="124.0" Y="115.0" />
  <Point X="124.0" Y="114.0" />
  <Point X="125.0" Y="114.0" />
  <Point X="125.0" Y="113.0" />
  <Point X="125.02375201236873" Y="112.97624798763127" />
  <Point X="126.0" Y="112.0" />
  <Point X="127.0" Y="112.0" />
  <Point X="128.0" Y="111.0" />
  <Point X="128.0" Y="110.0" />
  <Point X="129.0" Y="110.0" />
  <Point X="129.0" Y="109.68659864189735" />
  <Point X="129.0" Y="109.0" />
  <Point X="130.0" Y="109.0" />
  <Point X="130.0" Y="108.0" />
  <Point X="131.0" Y="108.0" />
  <Point X="131.0" Y="107.0" />
  <Point X="132.0" Y="107.0" />
  <Point X="132.0" Y="106.57836057707402" />
  <Point X="132.0" Y="106.0" />
  <Point X="133.0" Y="106.0" />
  <Point X="133.0" Y="105.0" />
  <Point X="134.0" Y="105.0" />
  <Point X="135.0" Y="104.0" />
  <Point X="135.7888935271587" Y="103.21110647284128" />
  <Point X="136.0" Y="103.0" />
  <Point X="137.0" Y="103.0" />
  <Point X="137.0" Y="102.0" />
  <Point X="138.0" Y="101.0" />
  <Point X="139.0" Y="101.0" />
  <Point X="139.0" Y="100.0" />
  <Point X="139.39547486545334" Y="100.0" />
  <Point X="140.0" Y="100.0" />
  <Point X="140.0" Y="99.0" />
  <Point X="141.0" Y="98.0" />
  <Point X="142.0" Y="98.0" />
  <Point X="142.0" Y="97.0" />
  <Point X="143.0" Y="97.0" />
  <Point X="143.0" Y="96.91050063209643" />
  <Point X="143.0" Y="96.0" />
  <Point X="144.0" Y="96.0" />
  <Point X="145.0" Y="95.0" />
  <Point X="145.0" Y="94.0" />
  <Point X="146.0" Y="94.0" />
  <Point X="146.0" Y="93.2164761296462" />
  <Point X="146.0" Y="93.0" />
  <Point X="147.0" Y="93.0" />
  <Point X="148.0" Y="93.0" />
  <Point X="148.0" Y="92.0" />
  <Point X="149.0" Y="92.0" />
  <Point X="149.0" Y="91.0" />
  <Point X="149.89176193517713" Y="91.0" />
  <Point X="150.0" Y="91.0" />
  <Point X="150.0" Y="90.0" />
  <Point X="151.0" Y="90.0" />
  <Point X="152.0" Y="90.0" />
  <Point X="153.0" Y="90.0" />
  <Point X="153.0" Y="89.0" />
  <Point X="154.0" Y="89.0" />
</Project_1_Part_4>
