<?xml version="1.0" encoding="utf-8" standalone="yes"?>
<Gesture Name="delete_mark9" Subject="2" Number="2" NumPts="394">
  <Point X="72.0" Y="88.0" />
  <Point X="72.0" Y="89.0" />
  <Point X="73.0" Y="89.0" />
  <Point X="74.0" Y="89.0" />
  <Point X="74.0" Y="90.0" />
  <Point X="75.0" Y="91.0" />
  <Point X="76.0" Y="91.0" />
  <Point X="76.0" Y="91.22138381273002" />
  <Point X="76.0" Y="92.0" />
  <Point X="77.0" Y="92.0" />
  <Point X="77.0" Y="93.0" />
  <Point X="78.0" Y="93.0" />
  <Point X="79.0" Y="93.0" />
  <Point X="79.0" Y="94.0" />
  <Point X="79.85698118783314" Y="94.0" />
  <Point X="80.0" Y="94.0" />
  <Point X="80.0" Y="95.0" />
  <Point X="82.0" Y="96.0" />
  <Point X="83.0" Y="97.0" />
  <Point X="84.0" Y="98.0" />
  <Point X="84.42808346069029" Y="98.0" />
  <Point X="85.0" Y="98.0" />
  <Point X="86.0" Y="99.0" />
  <Point X="87.0" Y="99.0" />
  <Point X="88.0" Y="100.0" />
  <Point X="89.0" Y="101.0" />
  <Point X="89.0" Y="101.82104014867413" />
  <Point X="89.0" Y="102.0" />
  <Point X="90.0" Y="102.0" />
  <Point X="92.0" Y="103.0" />
  <Point X="93.0" Y="104.0" />
  <Point X="94.0" Y="105.0" />
  <Point X="94.27728656545567" Y="105.27728656545567" />
  <Point X="95.0" Y="106.0" />
  <Point X="96.0" Y="106.0" />
  <Point X="97.0" Y="107.0" />
  <Point X="99.0" Y="107.0" />
  <Point X="99.0" Y="108.0" />
  <Point X="99.14093534186856" Y="108.14093534186856" />
  <Point X="100.0" Y="109.0" />
  <Point X="102.0" Y="110.0" />
  <Point X="103.0" Y="110.0" />
  <Point X="103.0" Y="111.0" />
  <Point X="104.0" Y="111.0" />
  <Point X="104.1305520693838" Y="111.1305520693838" />
  <Point X="105.0" Y="112.0" />
  <Point X="106.0" Y="113.0" />
  <Point X="107.0" Y="113.0" />
  <Point X="107.0" Y="114.0" />
  <Point X="108.0" Y="114.0" />
  <Point X="108.99179875747537" Y="114.0" />
  <Point X="109.0" Y="114.0" />
  <Point X="110.0" Y="115.0" />
  <Point X="110.0" Y="116.0" />
  <Point X="111.0" Y="116.0" />
  <Point X="112.0" Y="116.0" />
  <Point X="112.0" Y="117.0" />
  <Point X="113.0" Y="117.0" />
  <Point X="113.0" Y="117.21318257020539" />
  <Point X="113.0" Y="118.0" />
  <Point X="114.0" Y="119.0" />
  <Point X="115.0" Y="119.0" />
  <Point X="116.0" Y="119.0" />
  <Point X="116.0" Y="120.0" />
  <Point X="117.0" Y="120.0" />
  <Point X="117.30728483624934" Y="120.30728483624934" />
  <Point X="118.0" Y="121.0" />
  <Point X="119.0" Y="121.0" />
  <Point X="119.0" Y="122.0" />
  <Point X="120.0" Y="122.0" />
  <Point X="120.0" Y="123.0" />
  <Point X="121.0" Y="123.0" />
  <Point X="121.65595019566544" Y="123.0" />
  <Point X="122.0" Y="123.0" />
  <Point X="122.0" Y="124.0" />
  <Point X="123.0" Y="124.0" />
  <Point X="123.0" Y="125.0" />
  <Point X="124.0" Y="125.0" />
  <Point X="125.0" Y="126.0" />
  <Point X="125.87733400839547" Y="126.0" />
  <Point X="126.0" Y="126.0" />
  <Point X="126.0" Y="127.0" />
  <Point X="127.0" Y="127.0" />
  <Point X="127.0" Y="128.0" />
  <Point X="128.0" Y="128.0" />
  <Point X="128.0" Y="129.0" />
  <Point X="129.0" Y="129.0" />
  <Point X="129.5129313834986" Y="129.0" />
  <Point X="130.0" Y="129.0" />
  <Point X="130.0" Y="130.0" />
  <Point X="131.0" Y="131.0" />
  <Point X="132.0" Y="131.0" />
  <Point X="132.0" Y="132.0" />
  <Point X="133.0" Y="132.0" />
  <Point X="133.73431519622864" Y="132.0" />
  <Point X="134.0" Y="132.0" />
  <Point X="134.0" Y="133.0" />
  <Point X="135.0" Y="133.0" />
  <Point X="136.0" Y="134.0" />
  <Point X="136.0" Y="135.0" />
  <Point X="137.0" Y="135.0" />
  <Point X="137.0" Y="135.95569900895867" />
  <Point X="137.0" Y="136.0" />
  <Point X="138.0" Y="136.0" />
  <Point X="139.0" Y="137.0" />
  <Point X="140.0" Y="137.0" />
  <Point X="140.0" Y="138.0" />
  <Point X="141.0" Y="138.0" />
  <Point X="141.0" Y="139.0" />
  <Point X="141.12521646404772" Y="139.12521646404772" />
  <Point X="142.0" Y="140.0" />
  <Point X="143.0" Y="141.0" />
  <Point X="144.0" Y="142.0" />
  <Point X="145.0" Y="143.0" />
  <Point X="145.0" Y="144.0" />
  <Point X="145.15582594729943" Y="144.0" />
  <Point X="146.0" Y="144.0" />
  <Point X="147.0" Y="144.0" />
  <Point X="147.0" Y="145.0" />
  <Point X="148.0" Y="146.0" />
  <Point X="149.0" Y="146.0" />
  <Point X="149.0" Y="147.0" />
  <Point X="149.37720976002947" Y="147.0" />
  <Point X="150.0" Y="147.0" />
  <Point X="150.0" Y="148.0" />
  <Point X="151.0" Y="148.0" />
  <Point X="151.0" Y="149.0" />
  <Point X="151.0" Y="150.0" />
  <Point X="150.0" Y="150.0" />
  <Point X="150.0" Y="151.0" />
  <Point X="149.9871928648674" Y="151.0" />
  <Point X="149.0" Y="151.0" />
  <Point X="149.0" Y="152.0" />
  <Point X="148.0" Y="152.0" />
  <Point X="147.0" Y="153.0" />
  <Point X="146.0" Y="153.0" />
  <Point X="145.0" Y="153.0" />
  <Point X="144.83440199267383" Y="153.16559800732617" />
  <Point X="144.0" Y="154.0" />
  <Point X="143.0" Y="154.0" />
  <Point X="142.0" Y="154.0" />
  <Point X="142.0" Y="155.0" />
  <Point X="141.0" Y="155.0" />
  <Point X="140.0" Y="155.0" />
  <Point X="139.6778599974475" Y="155.3221400025525" />
  <Point X="139.0" Y="156.0" />
  <Point X="138.0" Y="156.0" />
  <Point X="137.0" Y="156.0" />
  <Point X="136.0" Y="156.0" />
  <Point X="135.0" Y="157.0" />
  <Point X="134.0" Y="157.0" />
  <Point X="133.73725498905043" Y="157.0" />
  <Point X="133.0" Y="157.0" />
  <Point X="132.0" Y="157.0" />
  <Point X="130.0" Y="158.0" />
  <Point X="128.0" Y="159.0" />
  <Point X="127.57379356894688" Y="159.0" />
  <Point X="126.0" Y="159.0" />
  <Point X="125.0" Y="159.0" />
  <Point X="123.0" Y="160.0" />
  <Point X="123.0" Y="161.0" />
  <Point X="122.17426417134355" Y="161.0" />
  <Point X="121.0" Y="161.0" />
  <Point X="120.0" Y="161.0" />
  <Point X="119.0" Y="161.0" />
  <Point X="117.0" Y="162.0" />
  <Point X="115.77473477374022" Y="162.0" />
  <Point X="115.0" Y="162.0" />
  <Point X="114.0" Y="162.0" />
  <Point X="113.0" Y="163.0" />
  <Point X="111.0" Y="163.0" />
  <Point X="110.0" Y="164.0" />
  <Point X="109.96756452338329" Y="164.0" />
  <Point X="108.0" Y="164.0" />
  <Point X="106.0" Y="165.0" />
  <Point X="103.56803512577996" Y="165.0" />
  <Point X="103.0" Y="165.0" />
  <Point X="102.0" Y="165.0" />
  <Point X="100.0" Y="166.0" />
  <Point X="99.0" Y="166.0" />
  <Point X="97.36186172312058" Y="166.81906913843972" />
  <Point X="97.0" Y="167.0" />
  <Point X="95.0" Y="167.0" />
  <Point X="94.0" Y="167.0" />
  <Point X="92.0" Y="168.0" />
  <Point X="91.00504430807308" Y="168.0" />
  <Point X="90.0" Y="168.0" />
  <Point X="89.0" Y="169.0" />
  <Point X="88.0" Y="169.0" />
  <Point X="85.0" Y="170.0" />
  <Point X="84.94593815551144" Y="170.0" />
  <Point X="84.0" Y="170.0" />
  <Point X="83.0" Y="170.0" />
  <Point X="81.0" Y="171.0" />
  <Point X="79.0" Y="171.0" />
  <Point X="78.59429565947359" Y="171.2028521702632" />
  <Point X="77.0" Y="172.0" />
  <Point X="76.0" Y="172.0" />
  <Point X="74.0" Y="172.0" />
  <Point X="73.0" Y="172.0" />
  <Point X="72.3967526105013" Y="172.6032473894987" />
  <Point X="72.0" Y="173.0" />
  <Point X="70.0" Y="173.0" />
  <Point X="69.0" Y="174.0" />
  <Point X="67.0" Y="174.0" />
  <Point X="66.33970910994783" Y="174.0" />
  <Point X="66.0" Y="174.0" />
  <Point X="65.0" Y="175.0" />
  <Point X="64.0" Y="175.0" />
  <Point X="63.0" Y="175.0" />
  <Point X="62.0" Y="176.0" />
  <Point X="61.0" Y="176.0" />
  <Point X="60.5325388595909" Y="176.0" />
  <Point X="59.0" Y="176.0" />
  <Point X="58.0" Y="177.0" />
  <Point X="57.0" Y="177.0" />
  <Point X="55.0" Y="177.0" />
  <Point X="54.311155046860875" Y="177.0" />
  <Point X="54.0" Y="177.0" />
  <Point X="53.0" Y="177.0" />
  <Point X="52.0" Y="177.0" />
  <Point X="51.0" Y="177.0" />
  <Point X="50.0" Y="178.0" />
  <Point X="49.0" Y="179.0" />
  <Point X="48.50398479650394" Y="179.0" />
  <Point X="48.0" Y="179.0" />
  <Point X="47.0" Y="179.0" />
  <Point X="46.0" Y="179.0" />
  <Point X="45.0" Y="179.0" />
  <Point X="44.0" Y="179.0" />
  <Point X="43.0" Y="179.0" />
  <Point X="42.0" Y="179.0" />
  <Point X="41.868387421400826" Y="179.0" />
  <Point X="41.0" Y="179.0" />
  <Point X="41.0" Y="178.0" />
  <Point X="42.0" Y="178.0" />
  <Point X="42.0" Y="177.0" />
  <Point X="43.0" Y="176.0" />
  <Point X="43.0" Y="175.0" />
  <Point X="43.249606142043255" Y="174.75039385795674" />
  <Point X="44.0" Y="174.0" />
  <Point X="44.0" Y="173.0" />
  <Point X="45.0" Y="173.0" />
  <Point X="46.0" Y="173.0" />
  <Point X="46.0" Y="172.0" />
  <Point X="47.0" Y="171.0" />
  <Point X="47.11325491845614" Y="170.88674508154386" />
  <Point X="48.0" Y="170.0" />
  <Point X="49.0" Y="169.0" />
  <Point X="50.0" Y="169.0" />
  <Point X="51.0" Y="168.0" />
  <Point X="51.0" Y="167.0" />
  <Point X="51.553123329669965" Y="167.0" />
  <Point X="52.0" Y="167.0" />
  <Point X="53.0" Y="166.0" />
  <Point X="54.0" Y="166.0" />
  <Point X="54.0" Y="165.0" />
  <Point X="55.0" Y="164.0" />
  <Point X="56.0" Y="164.0" />
  <Point X="56.0" Y="163.6397064199731" />
  <Point X="56.0" Y="163.0" />
  <Point X="57.0" Y="162.0" />
  <Point X="58.0" Y="161.0" />
  <Point X="59.0" Y="161.0" />
  <Point X="59.0" Y="160.0" />
  <Point X="60.0" Y="160.0" />
  <Point X="60.11841481006788" Y="159.8815851899321" />
  <Point X="61.0" Y="159.0" />
  <Point X="62.0" Y="159.0" />
  <Point X="63.0" Y="158.0" />
  <Point X="64.0" Y="157.0" />
  <Point X="65.0" Y="156.0" />
  <Point X="65.10338393004041" Y="155.89661606995958" />
  <Point X="66.0" Y="155.0" />
  <Point X="67.0" Y="155.0" />
  <Point X="69.0" Y="154.0" />
  <Point X="70.0" Y="153.0" />
  <Point X="70.71730922885173" Y="153.0" />
  <Point X="71.0" Y="153.0" />
  <Point X="72.0" Y="151.0" />
  <Point X="73.0" Y="151.0" />
  <Point X="74.0" Y="150.0" />
  <Point X="75.0" Y="149.0" />
  <Point X="75.25796308932553" Y="148.87101845533724" />
  <Point X="77.0" Y="148.0" />
  <Point X="78.0" Y="147.0" />
  <Point X="79.0" Y="147.0" />
  <Point X="80.60776801851887" Y="145.39223198148113" />
  <Point X="81.0" Y="145.0" />
  <Point X="82.0" Y="145.0" />
  <Point X="84.0" Y="143.0" />
  <Point X="85.0" Y="143.0" />
  <Point X="85.88563035730485" Y="142.11436964269515" />
  <Point X="86.0" Y="142.0" />
  <Point X="87.0" Y="141.0" />
  <Point X="88.0" Y="140.0" />
  <Point X="89.0" Y="139.0" />
  <Point X="90.99565810217932" Y="138.00217094891033" />
  <Point X="91.0" Y="138.0" />
  <Point X="92.0" Y="137.0" />
  <Point X="93.0" Y="137.0" />
  <Point X="94.0" Y="135.0" />
  <Point X="95.0" Y="134.0" />
  <Point X="95.56624788351795" Y="134.0" />
  <Point X="96.0" Y="134.0" />
  <Point X="97.0" Y="133.0" />
  <Point X="98.0" Y="132.0" />
  <Point X="99.0" Y="132.0" />
  <Point X="100.0" Y="131.0" />
  <Point X="100.67826005705405" Y="130.32173994294595" />
  <Point X="101.0" Y="130.0" />
  <Point X="102.0" Y="129.0" />
  <Point X="103.0" Y="129.0" />
  <Point X="104.0" Y="128.0" />
  <Point X="105.0" Y="128.0" />
  <Point X="105.60470489855031" Y="126.79059020289937" />
  <Point X="106.0" Y="126.0" />
  <Point X="107.0" Y="126.0" />
  <Point X="108.0" Y="124.0" />
  <Point X="109.0" Y="124.0" />
  <Point X="110.0" Y="123.0" />
  <Point X="110.0" Y="122.89859088278394" />
  <Point X="110.0" Y="122.0" />
  <Point X="112.0" Y="121.0" />
  <Point X="113.0" Y="121.0" />
  <Point X="114.0" Y="120.0" />
  <Point X="114.0" Y="119.0" />
  <Point X="114.0867249524463" Y="119.0" />
  <Point X="115.0" Y="119.0" />
  <Point X="115.0" Y="118.0" />
  <Point X="117.0" Y="118.0" />
  <Point X="117.0" Y="116.0" />
  <Point X="117.72232232754942" Y="116.0" />
  <Point X="118.0" Y="116.0" />
  <Point X="119.0" Y="116.0" />
  <Point X="120.0" Y="114.0" />
  <Point X="121.0" Y="113.0" />
  <Point X="122.0" Y="113.0" />
  <Point X="122.0" Y="112.29236183722034" />
  <Point X="122.0" Y="112.0" />
  <Point X="123.0" Y="112.0" />
  <Point X="124.0" Y="111.0" />
  <Point X="124.0" Y="110.0" />
  <Point X="125.0" Y="110.0" />
  <Point X="126.0" Y="109.0" />
  <Point X="126.36402451994077" Y="108.63597548005923" />
  <Point X="127.0" Y="108.0" />
  <Point X="127.0" Y="107.0" />
  <Point X="128.0" Y="107.0" />
  <Point X="129.0" Y="106.0" />
  <Point X="130.0" Y="105.0" />
  <Point X="130.64188685872674" Y="104.35811314127325" />
  <Point X="131.0" Y="104.0" />
  <Point X="131.0" Y="103.0" />
  <Point X="132.0" Y="103.0" />
  <Point X="133.0" Y="102.0" />
  <Point X="134.0" Y="101.0" />
  <Point X="134.91974919751271" Y="100.08025080248729" />
  <Point X="135.0" Y="100.0" />
  <Point X="135.0" Y="99.0" />
  <Point X="136.0" Y="99.0" />
  <Point X="137.0" Y="98.0" />
  <Point X="138.0" Y="97.0" />
  <Point X="138.0" Y="96.0" />
  <Point X="138.6936784770881" Y="96.0" />
  <Point X="139.0" Y="96.0" />
  <Point X="139.0" Y="95.0" />
  <Point X="140.0" Y="95.0" />
  <Point X="140.0" Y="94.0" />
  <Point X="141.0" Y="94.0" />
  <Point X="141.0" Y="93.0" />
  <Point X="142.0" Y="93.0" />
  <Point X="142.14725663776974" Y="92.7054867244605" />
  <Point X="143.0" Y="91.0" />
  <Point X="144.0" Y="91.0" />
  <Point X="144.0" Y="90.0" />
  <Point X="145.0" Y="90.0" />
  <Point X="145.0" Y="89.0" />
  <Point X="145.72880524979456" Y="89.0" />
  <Point X="146.0" Y="89.0" />
  <Point X="146.0" Y="88.0" />
  <Point X="146.0" Y="87.0" />
  <Point X="147.0" Y="87.0" />
  <Point X="147.0" Y="86.0" />
  <Point X="148.0" Y="86.0" />
  <Point X="149.0" Y="86.0" />
  <Point X="149.0" Y="85.63559737510232" />
  <Point X="149.0" Y="85.0" />
  <Point X="149.0" Y="84.0" />
  <Point X="150.0" Y="84.0" />
  <Point X="150.0" Y="83.0" />
  <Point X="151.0" Y="83.0" />
  <Point X="151.0" Y="82.0" />
  <Point X="152.0" Y="82.0" />
</Project_1_Part_4>
