<?xml version="1.0" encoding="utf-8" standalone="yes"?>
<Gesture Name="delete_mark7" Subject="2" Number="2" NumPts="411">
  <Point X="63.0" Y="82.0" />
  <Point X="64.0" Y="82.0" />
  <Point X="65.0" Y="83.0" />
  <Point X="66.0" Y="83.0" />
  <Point X="66.0" Y="84.0" />
  <Point X="67.0" Y="85.0" />
  <Point X="68.0" Y="85.0" />
  <Point X="68.30700640393582" Y="85.30700640393582" />
  <Point X="69.0" Y="86.0" />
  <Point X="70.0" Y="86.0" />
  <Point X="71.0" Y="87.0" />
  <Point X="72.0" Y="87.0" />
  <Point X="73.0" Y="87.0" />
  <Point X="73.0" Y="88.0" />
  <Point X="73.61401280787163" Y="88.61401280787163" />
  <Point X="74.0" Y="89.0" />
  <Point X="75.0" Y="89.0" />
  <Point X="76.0" Y="90.0" />
  <Point X="77.0" Y="90.0" />
  <Point X="78.0" Y="91.0" />
  <Point X="79.88830429817118" Y="91.0" />
  <Point X="80.0" Y="91.0" />
  <Point X="80.0" Y="92.0" />
  <Point X="81.0" Y="93.0" />
  <Point X="82.0" Y="93.0" />
  <Point X="83.0" Y="95.0" />
  <Point X="84.0" Y="95.0" />
  <Point X="84.50062250322591" Y="95.0" />
  <Point X="85.0" Y="95.0" />
  <Point X="86.0" Y="96.0" />
  <Point X="87.0" Y="96.0" />
  <Point X="88.0" Y="97.0" />
  <Point X="89.0" Y="98.0" />
  <Point X="90.0" Y="98.0" />
  <Point X="90.368106751968" Y="98.368106751968" />
  <Point X="91.0" Y="99.0" />
  <Point X="92.0" Y="99.0" />
  <Point X="93.0" Y="100.0" />
  <Point X="93.0" Y="101.0" />
  <Point X="94.0" Y="101.0" />
  <Point X="95.0" Y="101.0" />
  <Point X="95.67511315590382" Y="101.67511315590382" />
  <Point X="96.0" Y="102.0" />
  <Point X="97.0" Y="103.0" />
  <Point X="98.0" Y="103.0" />
  <Point X="99.0" Y="104.0" />
  <Point X="100.0" Y="104.0" />
  <Point X="100.0" Y="105.0" />
  <Point X="100.68922634102618" Y="105.68922634102618" />
  <Point X="101.0" Y="106.0" />
  <Point X="102.0" Y="106.0" />
  <Point X="103.0" Y="107.0" />
  <Point X="104.0" Y="107.0" />
  <Point X="105.0" Y="108.0" />
  <Point X="106.0" Y="109.0" />
  <Point X="106.41044630733509" Y="109.41044630733509" />
  <Point X="107.0" Y="110.0" />
  <Point X="108.0" Y="110.0" />
  <Point X="108.0" Y="111.0" />
  <Point X="110.0" Y="112.0" />
  <Point X="110.0" Y="113.0" />
  <Point X="111.0" Y="113.0" />
  <Point X="111.13631388118672" Y="113.13631388118672" />
  <Point X="112.0" Y="114.0" />
  <Point X="113.0" Y="114.0" />
  <Point X="113.0" Y="115.0" />
  <Point X="114.0" Y="115.0" />
  <Point X="115.0" Y="116.0" />
  <Point X="115.0" Y="117.0" />
  <Point X="115.44332028512254" Y="117.44332028512254" />
  <Point X="116.0" Y="118.0" />
  <Point X="117.0" Y="118.0" />
  <Point X="117.0" Y="119.0" />
  <Point X="118.0" Y="120.0" />
  <Point X="119.0" Y="121.0" />
  <Point X="120.0" Y="121.0" />
  <Point X="120.0" Y="121.64690861750374" />
  <Point X="120.0" Y="122.0" />
  <Point X="121.0" Y="122.0" />
  <Point X="121.0" Y="123.0" />
  <Point X="121.0" Y="124.0" />
  <Point X="123.0" Y="125.0" />
  <Point X="124.0" Y="126.0" />
  <Point X="124.18330104409654" Y="126.18330104409654" />
  <Point X="125.0" Y="127.0" />
  <Point X="125.0" Y="128.0" />
  <Point X="126.0" Y="128.0" />
  <Point X="126.0" Y="129.0" />
  <Point X="127.0" Y="130.0" />
  <Point X="127.0" Y="131.0" />
  <Point X="127.6933994427399" Y="131.0" />
  <Point X="128.0" Y="131.0" />
  <Point X="129.0" Y="132.0" />
  <Point X="130.0" Y="133.0" />
  <Point X="130.0" Y="134.0" />
  <Point X="131.0" Y="135.0" />
  <Point X="132.0" Y="136.0" />
  <Point X="132.29914493817515" Y="136.0" />
  <Point X="133.0" Y="136.0" />
  <Point X="133.0" Y="137.0" />
  <Point X="134.0" Y="137.0" />
  <Point X="134.0" Y="138.0" />
  <Point X="135.0" Y="138.0" />
  <Point X="135.0" Y="139.0" />
  <Point X="136.39686690996666" Y="139.69843345498333" />
  <Point X="137.0" Y="140.0" />
  <Point X="138.0" Y="141.0" />
  <Point X="138.0" Y="142.0" />
  <Point X="139.0" Y="142.0" />
  <Point X="140.0" Y="143.0" />
  <Point X="141.0" Y="144.0" />
  <Point X="141.3456357634113" Y="144.0" />
  <Point X="142.0" Y="144.0" />
  <Point X="142.0" Y="145.0" />
  <Point X="143.0" Y="146.0" />
  <Point X="144.0" Y="146.0" />
  <Point X="144.0" Y="147.0" />
  <Point X="145.0" Y="147.0" />
  <Point X="145.0" Y="148.0" />
  <Point X="145.19402194596583" Y="148.0" />
  <Point X="146.0" Y="148.0" />
  <Point X="147.0" Y="149.0" />
  <Point X="148.0" Y="149.0" />
  <Point X="148.0" Y="150.0" />
  <Point X="149.0" Y="150.0" />
  <Point X="149.0" Y="151.0" />
  <Point X="150.0" Y="151.0" />
  <Point X="150.0" Y="151.04240812852035" />
  <Point X="150.0" Y="152.0" />
  <Point X="151.0" Y="152.0" />
  <Point X="151.0" Y="153.0" />
  <Point X="152.0" Y="153.0" />
  <Point X="152.0" Y="154.0" />
  <Point X="152.0" Y="155.0" />
  <Point X="153.0" Y="155.0" />
  <Point X="152.69499212655202" Y="155.0" />
  <Point X="152.0" Y="155.0" />
  <Point X="151.0" Y="155.0" />
  <Point X="150.0" Y="155.0" />
  <Point X="150.0" Y="156.0" />
  <Point X="149.0" Y="156.0" />
  <Point X="148.0" Y="156.0" />
  <Point X="147.0" Y="156.0" />
  <Point X="146.4323923816244" Y="156.0" />
  <Point X="146.0" Y="156.0" />
  <Point X="145.0" Y="156.0" />
  <Point X="144.0" Y="156.0" />
  <Point X="143.0" Y="156.0" />
  <Point X="142.0" Y="157.0" />
  <Point X="140.0" Y="158.0" />
  <Point X="139.82007417656968" Y="158.0" />
  <Point X="139.0" Y="158.0" />
  <Point X="137.0" Y="158.0" />
  <Point X="136.0" Y="158.0" />
  <Point X="134.0" Y="158.0" />
  <Point X="134.0" Y="159.0" />
  <Point X="133.55747443164205" Y="159.0" />
  <Point X="132.0" Y="159.0" />
  <Point X="131.0" Y="159.0" />
  <Point X="130.0" Y="159.0" />
  <Point X="129.0" Y="159.0" />
  <Point X="127.0" Y="160.0" />
  <Point X="126.53094266421422" Y="160.0" />
  <Point X="126.0" Y="160.0" />
  <Point X="125.0" Y="160.0" />
  <Point X="123.0" Y="160.0" />
  <Point X="122.0" Y="160.0" />
  <Point X="120.0" Y="160.0" />
  <Point X="119.26834291928661" Y="160.0" />
  <Point X="119.0" Y="160.0" />
  <Point X="116.0" Y="160.0" />
  <Point X="115.0" Y="161.0" />
  <Point X="114.0" Y="161.0" />
  <Point X="112.58676634237695" Y="161.70661682881152" />
  <Point X="112.0" Y="162.0" />
  <Point X="110.0" Y="162.0" />
  <Point X="109.0" Y="162.0" />
  <Point X="108.0" Y="162.0" />
  <Point X="106.0" Y="162.0" />
  <Point X="105.39342496930428" Y="162.0" />
  <Point X="104.0" Y="162.0" />
  <Point X="102.0" Y="162.0" />
  <Point X="100.0" Y="163.0" />
  <Point X="99.0" Y="163.0" />
  <Point X="98.36689320187645" Y="163.0" />
  <Point X="97.0" Y="163.0" />
  <Point X="96.0" Y="163.0" />
  <Point X="94.0" Y="163.0" />
  <Point X="92.0" Y="164.0" />
  <Point X="91.34036143444862" Y="164.0" />
  <Point X="91.0" Y="164.0" />
  <Point X="89.0" Y="164.0" />
  <Point X="87.0" Y="164.0" />
  <Point X="85.0" Y="164.0" />
  <Point X="84.07776168952101" Y="164.0" />
  <Point X="83.0" Y="164.0" />
  <Point X="81.0" Y="164.0" />
  <Point X="80.0" Y="165.0" />
  <Point X="78.0" Y="165.0" />
  <Point X="77.31073249938031" Y="165.34463375030984" />
  <Point X="76.0" Y="166.0" />
  <Point X="74.0" Y="166.0" />
  <Point X="73.0" Y="166.0" />
  <Point X="71.0" Y="167.0" />
  <Point X="70.43891171703847" Y="167.0" />
  <Point X="69.0" Y="167.0" />
  <Point X="67.0" Y="167.0" />
  <Point X="66.0" Y="167.0" />
  <Point X="65.0" Y="167.0" />
  <Point X="63.176311972110845" Y="167.0" />
  <Point X="63.0" Y="167.0" />
  <Point X="61.0" Y="167.0" />
  <Point X="59.0" Y="167.0" />
  <Point X="58.0" Y="167.0" />
  <Point X="56.13396748774203" Y="167.93301625612898" />
  <Point X="56.0" Y="168.0" />
  <Point X="55.0" Y="168.0" />
  <Point X="53.0" Y="168.0" />
  <Point X="52.0" Y="169.0" />
  <Point X="50.0" Y="169.0" />
  <Point X="49.301394022128505" Y="169.0" />
  <Point X="48.0" Y="169.0" />
  <Point X="47.0" Y="169.0" />
  <Point X="45.0" Y="169.0" />
  <Point X="44.0" Y="169.0" />
  <Point X="43.0" Y="169.0" />
  <Point X="42.038794277200886" Y="169.0" />
  <Point X="42.0" Y="169.0" />
  <Point X="41.0" Y="169.0" />
  <Point X="40.0" Y="170.0" />
  <Point X="39.0" Y="170.0" />
  <Point X="37.0" Y="170.0" />
  <Point X="36.0" Y="170.0" />
  <Point X="35.190408094646365" Y="170.0" />
  <Point X="35.0" Y="170.0" />
  <Point X="34.0" Y="170.0" />
  <Point X="33.0" Y="170.0" />
  <Point X="32.0" Y="170.0" />
  <Point X="31.0" Y="170.0" />
  <Point X="30.0" Y="170.0" />
  <Point X="29.0" Y="170.0" />
  <Point X="28.0" Y="170.0" />
  <Point X="27.92780834971875" Y="170.0" />
  <Point X="27.0" Y="170.0" />
  <Point X="27.0" Y="169.0" />
  <Point X="27.0" Y="168.0" />
  <Point X="27.0" Y="167.0" />
  <Point X="27.0" Y="166.0" />
  <Point X="28.0" Y="166.0" />
  <Point X="28.0" Y="165.0" />
  <Point X="28.334791395208867" Y="165.0" />
  <Point X="29.0" Y="165.0" />
  <Point X="29.0" Y="164.0" />
  <Point X="30.0" Y="164.0" />
  <Point X="31.0" Y="163.0" />
  <Point X="31.0" Y="162.0" />
  <Point X="32.0" Y="162.0" />
  <Point X="32.83663288858437" Y="161.16336711141562" />
  <Point X="33.0" Y="161.0" />
  <Point X="34.0" Y="160.0" />
  <Point X="35.0" Y="160.0" />
  <Point X="36.0" Y="159.0" />
  <Point X="37.0" Y="159.0" />
  <Point X="38.0" Y="158.0" />
  <Point X="38.557852854893284" Y="157.4421471451067" />
  <Point X="39.0" Y="157.0" />
  <Point X="39.0" Y="156.0" />
  <Point X="41.0" Y="156.0" />
  <Point X="42.0" Y="156.0" />
  <Point X="43.0" Y="155.0" />
  <Point X="43.86485925882911" Y="154.1351407411709" />
  <Point X="44.0" Y="154.0" />
  <Point X="45.0" Y="153.0" />
  <Point X="46.0" Y="153.0" />
  <Point X="47.0" Y="153.0" />
  <Point X="47.0" Y="152.0" />
  <Point X="48.0" Y="152.0" />
  <Point X="49.0" Y="151.0" />
  <Point X="49.17186566276493" Y="150.82813433723507" />
  <Point X="50.0" Y="150.0" />
  <Point X="51.0" Y="150.0" />
  <Point X="53.0" Y="149.0" />
  <Point X="54.0" Y="148.0" />
  <Point X="55.289012148442325" Y="147.35549392577883" />
  <Point X="56.0" Y="147.0" />
  <Point X="57.0" Y="146.0" />
  <Point X="58.0" Y="146.0" />
  <Point X="59.0" Y="146.0" />
  <Point X="59.0" Y="145.0" />
  <Point X="60.83668620058754" Y="144.08165689970622" />
  <Point X="61.0" Y="144.0" />
  <Point X="62.0" Y="144.0" />
  <Point X="62.0" Y="143.0" />
  <Point X="63.0" Y="142.0" />
  <Point X="64.0" Y="142.0" />
  <Point X="65.0" Y="141.0" />
  <Point X="66.11944918866541" Y="140.4402754056673" />
  <Point X="67.0" Y="140.0" />
  <Point X="68.0" Y="139.0" />
  <Point X="69.0" Y="138.0" />
  <Point X="70.0" Y="138.0" />
  <Point X="72.0" Y="138.0" />
  <Point X="72.0" Y="137.55031311571193" />
  <Point X="72.0" Y="137.0" />
  <Point X="73.0" Y="137.0" />
  <Point X="75.0" Y="135.0" />
  <Point X="76.0" Y="135.0" />
  <Point X="77.0" Y="134.0" />
  <Point X="77.42006410075379" Y="133.7899679496231" />
  <Point X="79.0" Y="133.0" />
  <Point X="80.0" Y="132.0" />
  <Point X="81.0" Y="131.0" />
  <Point X="83.0" Y="131.0" />
  <Point X="83.47217096663783" Y="130.52782903336217" />
  <Point X="84.0" Y="130.0" />
  <Point X="85.0" Y="129.0" />
  <Point X="87.0" Y="129.0" />
  <Point X="88.0" Y="128.0" />
  <Point X="89.0" Y="127.0" />
  <Point X="89.27349608021328" Y="127.0" />
  <Point X="90.0" Y="127.0" />
  <Point X="91.0" Y="126.0" />
  <Point X="93.0" Y="125.0" />
  <Point X="94.0" Y="124.0" />
  <Point X="95.0" Y="124.0" />
  <Point X="95.33347206917148" Y="123.66652793082852" />
  <Point X="96.0" Y="123.0" />
  <Point X="97.0" Y="122.0" />
  <Point X="99.0" Y="122.0" />
  <Point X="99.0" Y="121.0" />
  <Point X="100.0" Y="120.0" />
  <Point X="100.49155978070326" Y="120.0" />
  <Point X="101.0" Y="120.0" />
  <Point X="102.0" Y="118.0" />
  <Point X="103.0" Y="118.0" />
  <Point X="104.0" Y="118.0" />
  <Point X="105.78055960933202" Y="116.21944039066798" />
  <Point X="106.0" Y="116.0" />
  <Point X="107.0" Y="115.0" />
  <Point X="108.0" Y="115.0" />
  <Point X="109.0" Y="115.0" />
  <Point X="109.0" Y="113.0" />
  <Point X="110.5380506059394" Y="113.0" />
  <Point X="111.0" Y="113.0" />
  <Point X="111.0" Y="112.0" />
  <Point X="113.0" Y="112.0" />
  <Point X="114.0" Y="111.0" />
  <Point X="114.0" Y="110.0" />
  <Point X="115.24006676223156" Y="109.37996661888421" />
  <Point X="116.0" Y="109.0" />
  <Point X="116.0" Y="108.0" />
  <Point X="118.0" Y="108.0" />
  <Point X="118.0" Y="107.0" />
  <Point X="120.0" Y="106.0" />
  <Point X="120.0" Y="105.82309942157804" />
  <Point X="120.0" Y="105.0" />
  <Point X="121.0" Y="105.0" />
  <Point X="123.0" Y="104.0" />
  <Point X="124.0" Y="103.0" />
  <Point X="124.0" Y="102.0" />
  <Point X="124.7892187834767" Y="102.0" />
  <Point X="125.0" Y="102.0" />
  <Point X="126.0" Y="101.0" />
  <Point X="127.0" Y="100.0" />
  <Point X="128.0" Y="100.0" />
  <Point X="129.0" Y="99.0" />
  <Point X="130.0" Y="99.0" />
  <Point X="130.57217513875852" Y="98.42782486124146" />
  <Point X="131.0" Y="98.0" />
  <Point X="132.0" Y="97.0" />
  <Point X="133.0" Y="96.0" />
  <Point X="134.0" Y="96.0" />
  <Point X="135.0" Y="95.0" />
  <Point X="136.0" Y="94.0" />
  <Point X="136.000501886254" Y="93.99949811374601" />
  <Point X="137.0" Y="93.0" />
  <Point X="138.0" Y="93.0" />
  <Point X="139.0" Y="92.0" />
  <Point X="140.0" Y="91.0" />
  <Point X="141.0" Y="91.0" />
  <Point X="141.0" Y="90.0" />
  <Point X="141.0206688321555" Y="90.0" />
  <Point X="142.0" Y="90.0" />
  <Point X="143.0" Y="90.0" />
  <Point X="143.0" Y="89.0" />
  <Point X="143.0" Y="88.0" />
  <Point X="145.0" Y="88.0" />
  <Point X="145.90740791293908" Y="87.09259208706091" />
  <Point X="146.0" Y="87.0" />
  <Point X="147.0" Y="86.0" />
  <Point X="148.0" Y="86.0" />
  <Point X="149.0" Y="85.0" />
  <Point X="150.0" Y="84.0" />
  <Point X="151.0" Y="84.0" />
  <Point X="151.0" Y="83.11098592748165" />
  <Point X="151.0" Y="83.0" />
  <Point X="152.0" Y="83.0" />
  <Point X="153.0" Y="83.0" />
  <Point X="153.0" Y="82.0" />
  <Point X="154.0" Y="82.0" />
  <Point X="154.0" Y="81.0" />
  <Point X="155.0" Y="81.0" />
  <Point X="155.0" Y="80.0" />
  <Point X="155.15161381744596" Y="80.0" />
  <Point X="156.0" Y="80.0" />
  <Point X="157.0" Y="80.0" />
  <Point X="158.0" Y="79.0" />
  <Point X="159.0" Y="79.0" />
  <Point X="159.0" Y="78.0" />
  <Point X="160.0" Y="78.0" />
  <Point X="161.0" Y="78.0" />
</Project_1_Part_4>
