<?xml version="1.0" encoding="utf-8" standalone="yes"?>
<Gesture Name="left_curly_brace2" Subject="2" Number="2" NumPts="465">
  <Point X="218.0" Y="16.0" />
  <Point X="217.0" Y="16.0" />
  <Point X="216.0" Y="16.0" />
  <Point X="215.0" Y="17.0" />
  <Point X="214.0" Y="17.0" />
  <Point X="209.96771135710074" Y="19.426207573269892" />
  <Point X="202.15309700648038" Y="24.128221292710965" />
  <Point X="194.33848265586002" Y="28.830235012152038" />
  <Point X="186.52386830523966" Y="33.53224873159311" />
  <Point X="178.7092539546193" Y="38.234262451034176" />
  <Point X="170.89463960399894" Y="42.936276170475246" />
  <Point X="163.08002525337858" Y="47.638289889916315" />
  <Point X="155.2654109027582" Y="52.340303609357385" />
  <Point X="147.45079655213783" Y="57.042317328798454" />
  <Point X="139.63618220151747" Y="61.74433104823952" />
  <Point X="131.82156785089708" Y="66.44634476768059" />
  <Point X="124.00695350027671" Y="71.14835848712166" />
  <Point X="116.19233914965633" Y="75.85037220656272" />
  <Point X="108.37772479903596" Y="80.5523859260038" />
  <Point X="100.56311044841559" Y="85.25439964544486" />
  <Point X="96.0" Y="88.0" />
  <Point X="97.0" Y="88.0" />
  <Point X="96.0" Y="88.0" />
  <Point X="95.0" Y="88.0" />
  <Point X="94.20528909133287" Y="88.0" />
  <Point X="94.0" Y="88.0" />
  <Point X="94.0" Y="89.0" />
  <Point X="93.0" Y="89.0" />
  <Point X="92.0" Y="90.0" />
  <Point X="91.0" Y="90.0" />
  <Point X="90.0" Y="90.0" />
  <Point X="89.0" Y="91.0" />
  <Point X="88.0" Y="91.0" />
  <Point X="88.0" Y="92.0" />
  <Point X="87.93888230064174" Y="92.06111769935826" />
  <Point X="87.0" Y="93.0" />
  <Point X="86.0" Y="93.0" />
  <Point X="85.0" Y="93.0" />
  <Point X="84.0" Y="94.0" />
  <Point X="83.0" Y="94.0" />
  <Point X="83.0" Y="95.0" />
  <Point X="82.0" Y="95.0" />
  <Point X="81.02549651151182" Y="95.97450348848818" />
  <Point X="81.0" Y="96.0" />
  <Point X="80.0" Y="97.0" />
  <Point X="79.0" Y="97.0" />
  <Point X="79.0" Y="98.0" />
  <Point X="77.0" Y="98.0" />
  <Point X="77.0" Y="99.0" />
  <Point X="76.0" Y="99.0" />
  <Point X="75.0" Y="100.0" />
  <Point X="75.0" Y="100.25566505829316" />
  <Point X="75.0" Y="101.0" />
  <Point X="74.0" Y="101.0" />
  <Point X="74.0" Y="102.0" />
  <Point X="73.0" Y="102.0" />
  <Point X="72.0" Y="103.0" />
  <Point X="71.0" Y="103.0" />
  <Point X="71.0" Y="104.0" />
  <Point X="71.0" Y="105.0" />
  <Point X="70.03839880866737" Y="105.0" />
  <Point X="70.0" Y="105.0" />
  <Point X="70.0" Y="106.0" />
  <Point X="69.0" Y="106.0" />
  <Point X="68.0" Y="106.0" />
  <Point X="68.0" Y="107.0" />
  <Point X="67.0" Y="107.0" />
  <Point X="67.0" Y="108.0" />
  <Point X="67.0" Y="109.0" />
  <Point X="66.0" Y="109.0" />
  <Point X="66.0" Y="110.0" />
  <Point X="65.9182491132548" Y="110.0" />
  <Point X="65.0" Y="110.0" />
  <Point X="64.0" Y="111.0" />
  <Point X="64.0" Y="112.0" />
  <Point X="64.0" Y="113.0" />
  <Point X="63.0" Y="113.0" />
  <Point X="63.0" Y="114.0" />
  <Point X="62.0" Y="114.0" />
  <Point X="62.0" Y="115.0" />
  <Point X="62.0" Y="115.78768701978467" />
  <Point X="62.0" Y="116.0" />
  <Point X="62.0" Y="117.0" />
  <Point X="61.0" Y="117.0" />
  <Point X="61.0" Y="118.0" />
  <Point X="60.0" Y="118.0" />
  <Point X="60.0" Y="119.0" />
  <Point X="60.0" Y="120.0" />
  <Point X="60.0" Y="121.0" />
  <Point X="60.0" Y="122.0" />
  <Point X="60.0" Y="122.90783671519723" />
  <Point X="60.0" Y="123.0" />
  <Point X="60.0" Y="124.0" />
  <Point X="61.0" Y="124.0" />
  <Point X="62.0" Y="124.0" />
  <Point X="62.0" Y="125.0" />
  <Point X="63.0" Y="125.0" />
  <Point X="63.0" Y="126.0" />
  <Point X="64.0" Y="126.0" />
  <Point X="65.0" Y="126.0" />
  <Point X="66.0" Y="126.0" />
  <Point X="66.0279864106098" Y="126.0" />
  <Point X="67.0" Y="126.0" />
  <Point X="68.0" Y="126.0" />
  <Point X="68.0" Y="127.0" />
  <Point X="69.0" Y="127.0" />
  <Point X="70.0" Y="127.0" />
  <Point X="71.0" Y="127.0" />
  <Point X="72.0" Y="127.0" />
  <Point X="73.0" Y="127.0" />
  <Point X="74.0" Y="127.0" />
  <Point X="74.14813610602236" Y="127.0" />
  <Point X="75.0" Y="127.0" />
  <Point X="76.0" Y="127.0" />
  <Point X="77.0" Y="127.0" />
  <Point X="78.0" Y="127.0" />
  <Point X="80.0" Y="127.0" />
  <Point X="81.0" Y="127.0" />
  <Point X="83.0" Y="127.0" />
  <Point X="83.26828580143493" Y="127.0" />
  <Point X="84.0" Y="127.0" />
  <Point X="85.0" Y="127.0" />
  <Point X="87.0" Y="127.0" />
  <Point X="88.0" Y="127.0" />
  <Point X="89.0" Y="127.0" />
  <Point X="90.0" Y="127.0" />
  <Point X="91.0" Y="127.0" />
  <Point X="92.0" Y="127.0" />
  <Point X="92.38843549684749" Y="127.0" />
  <Point X="93.0" Y="127.0" />
  <Point X="94.0" Y="127.0" />
  <Point X="96.0" Y="127.0" />
  <Point X="97.0" Y="127.0" />
  <Point X="99.0" Y="127.0" />
  <Point X="100.0" Y="127.0" />
  <Point X="101.0" Y="127.0" />
  <Point X="101.50858519226006" Y="127.0" />
  <Point X="102.0" Y="127.0" />
  <Point X="103.0" Y="127.0" />
  <Point X="104.0" Y="127.0" />
  <Point X="105.0" Y="127.0" />
  <Point X="106.0" Y="127.0" />
  <Point X="107.0" Y="127.0" />
  <Point X="108.0" Y="127.0" />
  <Point X="109.0" Y="127.0" />
  <Point X="110.0" Y="127.0" />
  <Point X="110.62873488767262" Y="127.0" />
  <Point X="111.0" Y="127.0" />
  <Point X="112.0" Y="127.0" />
  <Point X="113.0" Y="127.0" />
  <Point X="114.0" Y="127.0" />
  <Point X="115.0" Y="127.0" />
  <Point X="116.0" Y="127.0" />
  <Point X="117.0" Y="127.0" />
  <Point X="118.0" Y="127.0" />
  <Point X="119.0" Y="127.0" />
  <Point X="119.74888458308519" Y="127.0" />
  <Point X="120.0" Y="127.0" />
  <Point X="121.0" Y="127.0" />
  <Point X="121.0" Y="126.0" />
  <Point X="122.0" Y="126.0" />
  <Point X="123.0" Y="126.0" />
  <Point X="122.0" Y="126.0" />
  <Point X="121.0" Y="126.0" />
  <Point X="120.0" Y="126.0" />
  <Point X="119.0" Y="126.0" />
  <Point X="118.13096572150225" Y="126.0" />
  <Point X="118.0" Y="126.0" />
  <Point X="118.0" Y="127.0" />
  <Point X="117.0" Y="127.0" />
  <Point X="116.0" Y="127.0" />
  <Point X="115.0" Y="127.0" />
  <Point X="115.0" Y="128.0" />
  <Point X="114.0" Y="128.0" />
  <Point X="113.0" Y="129.0" />
  <Point X="112.0" Y="129.0" />
  <Point X="111.42502958846278" Y="129.0" />
  <Point X="111.0" Y="129.0" />
  <Point X="110.0" Y="130.0" />
  <Point X="109.0" Y="130.0" />
  <Point X="108.0" Y="130.0" />
  <Point X="107.0" Y="131.0" />
  <Point X="106.0" Y="131.0" />
  <Point X="105.0" Y="131.0" />
  <Point X="104.0" Y="132.0" />
  <Point X="103.5475205801695" Y="132.0" />
  <Point X="103.0" Y="132.0" />
  <Point X="102.0" Y="133.0" />
  <Point X="101.0" Y="133.0" />
  <Point X="100.0" Y="134.0" />
  <Point X="99.0" Y="134.0" />
  <Point X="98.0" Y="134.0" />
  <Point X="97.0" Y="135.0" />
  <Point X="96.0" Y="135.0" />
  <Point X="95.67001157187622" Y="135.0" />
  <Point X="94.0" Y="135.0" />
  <Point X="94.0" Y="136.0" />
  <Point X="93.0" Y="137.0" />
  <Point X="92.0" Y="137.0" />
  <Point X="91.0" Y="137.0" />
  <Point X="90.0" Y="138.0" />
  <Point X="89.0" Y="138.0" />
  <Point X="88.37828900120984" Y="138.0" />
  <Point X="88.0" Y="138.0" />
  <Point X="88.0" Y="139.0" />
  <Point X="87.0" Y="139.0" />
  <Point X="86.0" Y="139.0" />
  <Point X="84.0" Y="139.0" />
  <Point X="84.0" Y="140.0" />
  <Point X="83.0" Y="140.0" />
  <Point X="83.0" Y="141.0" />
  <Point X="82.25813930579727" Y="141.0" />
  <Point X="82.0" Y="141.0" />
  <Point X="81.0" Y="141.0" />
  <Point X="80.0" Y="141.0" />
  <Point X="79.0" Y="142.0" />
  <Point X="78.0" Y="142.0" />
  <Point X="78.0" Y="143.0" />
  <Point X="76.0" Y="143.0" />
  <Point X="75.0" Y="143.0" />
  <Point X="74.5522031727578" Y="143.0" />
  <Point X="74.0" Y="143.0" />
  <Point X="74.0" Y="144.0" />
  <Point X="73.0" Y="145.0" />
  <Point X="72.0" Y="145.0" />
  <Point X="70.0" Y="145.0" />
  <Point X="69.0" Y="146.0" />
  <Point X="68.0" Y="146.0" />
  <Point X="67.26048060209142" Y="146.0" />
  <Point X="67.0" Y="146.0" />
  <Point X="67.0" Y="147.0" />
  <Point X="66.0" Y="147.0" />
  <Point X="66.0" Y="148.0" />
  <Point X="65.0" Y="148.0" />
  <Point X="64.0" Y="149.0" />
  <Point X="63.0" Y="149.0" />
  <Point X="62.0" Y="150.0" />
  <Point X="62.0" Y="151.0" />
  <Point X="61.96875803142504" Y="151.0" />
  <Point X="61.0" Y="151.0" />
  <Point X="61.0" Y="152.0" />
  <Point X="62.0" Y="152.0" />
  <Point X="63.0" Y="152.0" />
  <Point X="64.0" Y="152.0" />
  <Point X="65.0" Y="152.0" />
  <Point X="66.0" Y="152.0" />
  <Point X="67.0" Y="152.0" />
  <Point X="68.0" Y="152.0" />
  <Point X="68.0" Y="151.84860833601246" />
  <Point X="68.0" Y="151.0" />
  <Point X="69.0" Y="151.0" />
  <Point X="70.0" Y="151.0" />
  <Point X="71.0" Y="151.0" />
  <Point X="72.0" Y="151.0" />
  <Point X="73.0" Y="151.0" />
  <Point X="74.0" Y="151.0" />
  <Point X="75.0" Y="151.0" />
  <Point X="76.0" Y="151.0" />
  <Point X="76.2715413594001" Y="151.0" />
  <Point X="77.0" Y="151.0" />
  <Point X="78.0" Y="151.0" />
  <Point X="79.0" Y="151.0" />
  <Point X="80.0" Y="151.0" />
  <Point X="81.0" Y="151.0" />
  <Point X="82.0" Y="151.0" />
  <Point X="83.0" Y="151.0" />
  <Point X="84.0" Y="151.0" />
  <Point X="85.0" Y="151.0" />
  <Point X="85.39169105481267" Y="151.0" />
  <Point X="86.0" Y="151.0" />
  <Point X="87.0" Y="151.0" />
  <Point X="88.0" Y="151.0" />
  <Point X="89.0" Y="151.0" />
  <Point X="90.0" Y="151.0" />
  <Point X="91.0" Y="151.0" />
  <Point X="92.0" Y="151.0" />
  <Point X="93.0" Y="151.0" />
  <Point X="94.0" Y="151.0" />
  <Point X="94.51184075022523" Y="151.0" />
  <Point X="95.0" Y="151.0" />
  <Point X="96.0" Y="151.0" />
  <Point X="97.0" Y="151.0" />
  <Point X="98.0" Y="151.0" />
  <Point X="99.0" Y="151.0" />
  <Point X="100.0" Y="151.0" />
  <Point X="101.0" Y="151.0" />
  <Point X="102.0" Y="151.0" />
  <Point X="103.0" Y="151.0" />
  <Point X="103.6319904456378" Y="151.0" />
  <Point X="104.0" Y="151.0" />
  <Point X="105.0" Y="151.0" />
  <Point X="106.0" Y="151.0" />
  <Point X="107.0" Y="151.0" />
  <Point X="108.0" Y="151.0" />
  <Point X="108.0" Y="152.0" />
  <Point X="107.0" Y="152.0" />
  <Point X="106.0" Y="152.0" />
  <Point X="106.0" Y="153.0" />
  <Point X="105.24785985894964" Y="153.0" />
  <Point X="105.0" Y="153.0" />
  <Point X="104.0" Y="153.0" />
  <Point X="103.0" Y="153.0" />
  <Point X="103.0" Y="154.0" />
  <Point X="102.0" Y="154.0" />
  <Point X="101.0" Y="154.0" />
  <Point X="99.0" Y="155.0" />
  <Point X="99.0" Y="156.0" />
  <Point X="98.36377814103686" Y="156.0" />
  <Point X="98.0" Y="156.0" />
  <Point X="97.0" Y="156.0" />
  <Point X="96.0" Y="156.0" />
  <Point X="96.0" Y="157.0" />
  <Point X="95.0" Y="157.0" />
  <Point X="94.0" Y="158.0" />
  <Point X="93.0" Y="158.0" />
  <Point X="92.0" Y="158.0" />
  <Point X="92.0" Y="159.0" />
  <Point X="91.65784200799739" Y="159.0" />
  <Point X="90.0" Y="159.0" />
  <Point X="90.0" Y="160.0" />
  <Point X="89.0" Y="160.0" />
  <Point X="88.0" Y="160.0" />
  <Point X="87.0" Y="160.0" />
  <Point X="86.0" Y="161.0" />
  <Point X="84.16812892483517" Y="161.9159355375824" />
  <Point X="84.0" Y="162.0" />
  <Point X="83.0" Y="162.0" />
  <Point X="82.0" Y="162.0" />
  <Point X="82.0" Y="163.0" />
  <Point X="81.0" Y="163.0" />
  <Point X="80.0" Y="163.0" />
  <Point X="79.0" Y="164.0" />
  <Point X="77.0" Y="164.0" />
  <Point X="77.0" Y="164.51796228058177" />
  <Point X="77.0" Y="165.0" />
  <Point X="76.0" Y="165.0" />
  <Point X="74.0" Y="166.0" />
  <Point X="73.0" Y="166.0" />
  <Point X="72.0" Y="166.0" />
  <Point X="72.0" Y="167.0" />
  <Point X="71.0" Y="167.0" />
  <Point X="70.0" Y="167.0" />
  <Point X="70.0" Y="167.40204399849455" />
  <Point X="70.0" Y="168.0" />
  <Point X="68.0" Y="169.0" />
  <Point X="67.0" Y="169.0" />
  <Point X="66.0" Y="170.0" />
  <Point X="65.0" Y="170.0" />
  <Point X="64.0" Y="171.0" />
  <Point X="63.0" Y="171.0" />
  <Point X="63.0" Y="171.45769859166114" />
  <Point X="63.0" Y="172.0" />
  <Point X="62.0" Y="172.0" />
  <Point X="62.0" Y="173.0" />
  <Point X="62.0" Y="174.0" />
  <Point X="62.0" Y="175.0" />
  <Point X="62.0" Y="176.0" />
  <Point X="62.0" Y="177.0" />
  <Point X="62.0" Y="178.0" />
  <Point X="63.0" Y="179.0" />
  <Point X="63.163634724700614" Y="179.0" />
  <Point X="64.0" Y="179.0" />
  <Point X="65.0" Y="179.0" />
  <Point X="65.0" Y="180.0" />
  <Point X="65.0" Y="181.0" />
  <Point X="66.0" Y="181.0" />
  <Point X="67.0" Y="181.0" />
  <Point X="67.0" Y="182.0" />
  <Point X="68.0" Y="182.0" />
  <Point X="69.0" Y="182.0" />
  <Point X="69.20066588785713" Y="182.20066588785713" />
  <Point X="70.0" Y="183.0" />
  <Point X="71.0" Y="183.0" />
  <Point X="72.0" Y="183.0" />
  <Point X="73.0" Y="184.0" />
  <Point X="74.0" Y="184.0" />
  <Point X="75.0" Y="184.0" />
  <Point X="75.0" Y="185.0" />
  <Point X="76.0" Y="185.0" />
  <Point X="76.57550699077956" Y="185.0" />
  <Point X="77.0" Y="185.0" />
  <Point X="78.0" Y="186.0" />
  <Point X="79.0" Y="186.0" />
  <Point X="80.0" Y="186.0" />
  <Point X="81.0" Y="187.0" />
  <Point X="82.0" Y="187.0" />
  <Point X="83.0" Y="187.0" />
  <Point X="84.0" Y="187.0" />
  <Point X="84.86722956144594" Y="187.0" />
  <Point X="85.0" Y="187.0" />
  <Point X="86.0" Y="187.0" />
  <Point X="87.0" Y="188.0" />
  <Point X="88.0" Y="188.0" />
  <Point X="89.0" Y="188.0" />
  <Point X="90.0" Y="188.0" />
  <Point X="90.0" Y="189.0" />
  <Point X="91.0" Y="189.0" />
  <Point X="92.0" Y="189.0" />
  <Point X="92.57316569448541" Y="189.0" />
  <Point X="93.0" Y="189.0" />
  <Point X="94.0" Y="189.0" />
  <Point X="95.0" Y="190.0" />
  <Point X="96.0" Y="190.0" />
  <Point X="97.0" Y="190.0" />
  <Point X="99.0" Y="190.0" />
  <Point X="100.0" Y="190.0" />
  <Point X="101.0" Y="190.0" />
  <Point X="101.27910182752488" Y="190.0" />
  <Point X="102.0" Y="190.0" />
  <Point X="103.0" Y="190.0" />
  <Point X="104.0" Y="190.0" />
  <Point X="105.0" Y="190.0" />
  <Point X="106.0" Y="190.0" />
  <Point X="107.0" Y="190.0" />
  <Point X="108.0" Y="190.0" />
  <Point X="109.0" Y="190.0" />
  <Point X="110.0" Y="190.0" />
  <Point X="110.39925152293745" Y="190.0" />
  <Point X="111.0" Y="190.0" />
  <Point X="112.0" Y="190.0" />
  <Point X="113.0" Y="190.0" />
  <Point X="114.0" Y="190.0" />
  <Point X="115.0" Y="190.0" />
  <Point X="116.0" Y="190.0" />
  <Point X="117.0" Y="190.0" />
  <Point X="118.0" Y="190.0" />
  <Point X="119.0" Y="190.0" />
  <Point X="119.51940121835001" Y="190.0" />
  <Point X="120.0" Y="190.0" />
  <Point X="121.0" Y="190.0" />
  <Point X="122.0" Y="190.0" />
  <Point X="123.0" Y="190.0" />
  <Point X="124.0" Y="190.0" />
  <Point X="125.0" Y="190.0" />
  <Point X="126.0" Y="190.0" />
  <Point X="127.0" Y="190.0" />
  <Point X="128.0" Y="190.0" />
  <Point X="128.63955091376258" Y="190.0" />
  <Point X="129.0" Y="190.0" />
  <Point X="130.0" Y="190.0" />
  <Point X="130.0" Y="189.0" />
  <Point X="130.0" Y="188.0" />
  <Point X="130.0" Y="187.0" />
  <Point X="130.0" Y="186.0" />
  <Point X="130.0" Y="185.0" />
  <Point X="130.0" Y="184.0" />
  <Point X="130.0" Y="183.0" />
  <Point X="130.0" Y="182.24029939082484" />
  <Point X="130.0" Y="182.0" />
  <Point X="130.0" Y="181.0" />
  <Point X="130.0" Y="180.0" />
  <Point X="130.0" Y="179.0" />
  <Point X="130.0" Y="178.0" />
  <Point X="130.0" Y="176.0" />
  <Point X="130.0" Y="175.0" />
  <Point X="130.0" Y="174.0" />
  <Point X="130.0" Y="173.12014969541227" />
  <Point X="130.0" Y="173.0" />
  <Point X="130.0" Y="172.0" />
  <Point X="130.0" Y="171.0" />
  <Point X="130.0" Y="169.0" />
  <Point X="130.0" Y="168.0" />
  <Point X="130.0" Y="167.0" />
  <Point X="130.0" Y="165.0" />
  <Point X="130.0" Y="164.0" />
</Project_1_Part_4>
