<?xml version="1.0" encoding="utf-8" standalone="yes"?>
<Gesture Name="left_sq_bracket5" Subject="2" Number="2" NumPts="270">
  <Point X="98.0" Y="80.0" />
  <Point X="97.0" Y="80.0" />
  <Point X="97.0" Y="81.0" />
  <Point X="96.0" Y="81.0" />
  <Point X="95.66168716668278" Y="81.0" />
  <Point X="95.0" Y="81.0" />
  <Point X="95.0" Y="82.0" />
  <Point X="94.0" Y="82.0" />
  <Point X="93.32337433336556" Y="82.0" />
  <Point X="93.0" Y="82.0" />
  <Point X="93.0" Y="83.0" />
  <Point X="92.0" Y="83.0" />
  <Point X="91.0" Y="83.0" />
  <Point X="91.0" Y="83.01493849995165" />
  <Point X="91.0" Y="84.0" />
  <Point X="90.0" Y="84.0" />
  <Point X="89.0" Y="84.0" />
  <Point X="88.64674866673113" Y="84.0" />
  <Point X="88.0" Y="84.0" />
  <Point X="88.0" Y="85.0" />
  <Point X="87.0" Y="85.0" />
  <Point X="86.30843583341391" Y="85.0" />
  <Point X="86.0" Y="85.0" />
  <Point X="86.0" Y="86.0" />
  <Point X="85.0" Y="86.0" />
  <Point X="84.0" Y="86.0" />
  <Point X="83.97012300009669" Y="86.0" />
  <Point X="83.0" Y="86.0" />
  <Point X="82.0" Y="86.0" />
  <Point X="81.03254369097927" Y="86.96745630902073" />
  <Point X="81.0" Y="87.0" />
  <Point X="80.0" Y="87.0" />
  <Point X="79.0" Y="87.0" />
  <Point X="78.0" Y="87.0" />
  <Point X="77.70771089583533" Y="87.0" />
  <Point X="77.0" Y="87.0" />
  <Point X="77.0" Y="88.0" />
  <Point X="76.0" Y="88.0" />
  <Point X="75.36939806251812" Y="88.0" />
  <Point X="75.0" Y="88.0" />
  <Point X="74.0" Y="88.0" />
  <Point X="73.0" Y="88.0" />
  <Point X="72.0310852292009" Y="88.0" />
  <Point X="72.0" Y="88.0" />
  <Point X="71.0" Y="88.0" />
  <Point X="70.0" Y="88.0" />
  <Point X="70.0" Y="89.0" />
  <Point X="69.69277239588368" Y="89.0" />
  <Point X="69.0" Y="89.0" />
  <Point X="68.0" Y="89.0" />
  <Point X="67.0" Y="89.0" />
  <Point X="66.35445956256646" Y="89.0" />
  <Point X="66.0" Y="89.0" />
  <Point X="65.0" Y="89.0" />
  <Point X="64.0" Y="89.0" />
  <Point X="63.01614672924924" Y="89.0" />
  <Point X="63.0" Y="89.0" />
  <Point X="62.0" Y="89.0" />
  <Point X="61.0" Y="89.0" />
  <Point X="60.0" Y="89.0" />
  <Point X="59.677833895932025" Y="89.0" />
  <Point X="59.0" Y="89.0" />
  <Point X="58.0" Y="89.0" />
  <Point X="58.0" Y="90.0" />
  <Point X="57.33952106261481" Y="90.0" />
  <Point X="57.0" Y="90.0" />
  <Point X="56.0" Y="90.0" />
  <Point X="56.0" Y="91.0" />
  <Point X="55.00120822929759" Y="91.0" />
  <Point X="55.0" Y="91.0" />
  <Point X="55.0" Y="92.0" />
  <Point X="55.0" Y="93.0" />
  <Point X="55.0" Y="94.0" />
  <Point X="55.0" Y="94.33710460401963" />
  <Point X="55.0" Y="95.0" />
  <Point X="55.0" Y="96.0" />
  <Point X="55.0" Y="97.0" />
  <Point X="55.0" Y="97.67541743733685" />
  <Point X="55.0" Y="98.0" />
  <Point X="55.0" Y="99.0" />
  <Point X="55.0" Y="100.0" />
  <Point X="55.0" Y="101.0" />
  <Point X="55.0" Y="101.01373027065407" />
  <Point X="55.0" Y="102.0" />
  <Point X="55.0" Y="103.0" />
  <Point X="55.0" Y="104.0" />
  <Point X="55.0" Y="104.35204310397128" />
  <Point X="55.0" Y="105.0" />
  <Point X="55.0" Y="106.0" />
  <Point X="55.0" Y="107.0" />
  <Point X="54.3096440627115" Y="107.0" />
  <Point X="54.0" Y="107.0" />
  <Point X="54.0" Y="108.0" />
  <Point X="54.0" Y="109.0" />
  <Point X="53.0" Y="109.0" />
  <Point X="53.0" Y="109.02866877060572" />
  <Point X="53.0" Y="110.0" />
  <Point X="53.0" Y="111.0" />
  <Point X="53.0" Y="112.0" />
  <Point X="53.0" Y="112.36698160392294" />
  <Point X="53.0" Y="113.0" />
  <Point X="53.0" Y="114.0" />
  <Point X="53.0" Y="115.0" />
  <Point X="53.0" Y="115.70529443724016" />
  <Point X="53.0" Y="116.0" />
  <Point X="53.0" Y="117.0" />
  <Point X="52.0" Y="118.0" />
  <Point X="52.0" Y="118.62939370818428" />
  <Point X="52.0" Y="119.0" />
  <Point X="52.0" Y="120.0" />
  <Point X="52.0" Y="121.0" />
  <Point X="52.0" Y="121.9677065415015" />
  <Point X="52.0" Y="122.0" />
  <Point X="52.0" Y="123.0" />
  <Point X="52.0" Y="124.0" />
  <Point X="51.0" Y="124.0" />
  <Point X="51.0" Y="124.30601937481872" />
  <Point X="51.0" Y="125.0" />
  <Point X="51.0" Y="126.0" />
  <Point X="51.0" Y="127.0" />
  <Point X="51.0" Y="127.64433220813594" />
  <Point X="51.0" Y="128.0" />
  <Point X="51.0" Y="129.0" />
  <Point X="51.0" Y="130.0" />
  <Point X="51.0" Y="130.98264504145317" />
  <Point X="51.0" Y="131.0" />
  <Point X="51.0" Y="132.0" />
  <Point X="51.0" Y="133.0" />
  <Point X="50.06594172908809" Y="133.93405827091192" />
  <Point X="50.0" Y="134.0" />
  <Point X="50.0" Y="135.0" />
  <Point X="49.0" Y="136.0" />
  <Point X="49.0" Y="136.83084358334142" />
  <Point X="49.0" Y="137.0" />
  <Point X="49.0" Y="138.0" />
  <Point X="49.0" Y="139.0" />
  <Point X="49.0" Y="140.0" />
  <Point X="49.0" Y="140.16915641665864" />
  <Point X="49.0" Y="141.0" />
  <Point X="49.0" Y="142.0" />
  <Point X="48.0" Y="142.0" />
  <Point X="48.0" Y="142.50746924997586" />
  <Point X="48.0" Y="143.0" />
  <Point X="48.0" Y="144.0" />
  <Point X="48.0" Y="145.0" />
  <Point X="48.0" Y="145.84578208329307" />
  <Point X="48.0" Y="146.0" />
  <Point X="48.0" Y="147.0" />
  <Point X="48.0" Y="148.0" />
  <Point X="48.0" Y="149.0" />
  <Point X="47.81590508338971" Y="149.0" />
  <Point X="47.0" Y="149.0" />
  <Point X="47.0" Y="150.0" />
  <Point X="47.0" Y="151.0" />
  <Point X="47.0" Y="151.5224077499275" />
  <Point X="47.0" Y="152.0" />
  <Point X="47.0" Y="153.0" />
  <Point X="47.0" Y="154.0" />
  <Point X="47.0" Y="154.86072058324473" />
  <Point X="47.0" Y="155.0" />
  <Point X="47.0" Y="156.0" />
  <Point X="47.0" Y="157.0" />
  <Point X="47.0" Y="158.0" />
  <Point X="47.0" Y="158.19903341656195" />
  <Point X="47.0" Y="159.0" />
  <Point X="47.0" Y="160.0" />
  <Point X="47.0" Y="161.0" />
  <Point X="47.0" Y="161.53734624987916" />
  <Point X="47.0" Y="162.0" />
  <Point X="47.0" Y="163.0" />
  <Point X="47.0" Y="164.0" />
  <Point X="47.0" Y="164.87565908319638" />
  <Point X="47.0" Y="165.0" />
  <Point X="47.0" Y="166.0" />
  <Point X="47.0" Y="167.0" />
  <Point X="47.0" Y="168.0" />
  <Point X="47.0" Y="168.2139719165136" />
  <Point X="47.0" Y="169.0" />
  <Point X="47.0" Y="170.0" />
  <Point X="47.0" Y="171.0" />
  <Point X="47.0" Y="171.55228474983082" />
  <Point X="47.0" Y="172.0" />
  <Point X="48.0" Y="172.0" />
  <Point X="48.0" Y="173.0" />
  <Point X="48.0" Y="173.89059758314804" />
  <Point X="48.0" Y="174.0" />
  <Point X="48.0" Y="175.0" />
  <Point X="48.0" Y="176.0" />
  <Point X="48.0" Y="177.0" />
  <Point X="48.0" Y="177.22891041646525" />
  <Point X="48.0" Y="178.0" />
  <Point X="48.0" Y="179.0" />
  <Point X="48.0" Y="180.0" />
  <Point X="48.0" Y="180.56722324978247" />
  <Point X="48.0" Y="181.0" />
  <Point X="49.0" Y="181.0" />
  <Point X="50.0" Y="181.0" />
  <Point X="50.6403107049689" Y="181.6403107049689" />
  <Point X="51.0" Y="182.0" />
  <Point X="52.0" Y="182.0" />
  <Point X="53.0" Y="182.0" />
  <Point X="53.829635354043816" Y="182.0" />
  <Point X="54.0" Y="182.0" />
  <Point X="55.0" Y="182.0" />
  <Point X="56.0" Y="183.0" />
  <Point X="56.75373462498794" Y="183.0" />
  <Point X="57.0" Y="183.0" />
  <Point X="58.0" Y="183.0" />
  <Point X="59.0" Y="183.0" />
  <Point X="60.0" Y="183.0" />
  <Point X="60.09204745830516" Y="183.0" />
  <Point X="61.0" Y="183.0" />
  <Point X="62.0" Y="183.0" />
  <Point X="62.0" Y="184.0" />
  <Point X="62.43036029162238" Y="184.0" />
  <Point X="63.0" Y="184.0" />
  <Point X="64.0" Y="184.0" />
  <Point X="65.0" Y="184.0" />
  <Point X="65.7686731249396" Y="184.0" />
  <Point X="66.0" Y="184.0" />
  <Point X="67.0" Y="184.0" />
  <Point X="68.0" Y="184.0" />
  <Point X="69.0" Y="184.0" />
  <Point X="69.07565049657514" Y="184.07565049657512" />
  <Point X="70.0" Y="185.0" />
  <Point X="71.0" Y="185.0" />
  <Point X="72.0" Y="185.0" />
  <Point X="72.03108522920093" Y="185.0" />
  <Point X="73.0" Y="185.0" />
  <Point X="74.0" Y="185.0" />
  <Point X="75.0" Y="185.0" />
  <Point X="75.36939806251814" Y="185.0" />
  <Point X="76.0" Y="185.0" />
  <Point X="77.0" Y="185.0" />
  <Point X="78.0" Y="185.0" />
  <Point X="78.70771089583536" Y="185.0" />
  <Point X="79.0" Y="185.0" />
  <Point X="80.0" Y="185.0" />
  <Point X="81.0" Y="185.0" />
  <Point X="82.0" Y="185.0" />
  <Point X="82.04602372915258" Y="185.0" />
  <Point X="83.0" Y="185.0" />
  <Point X="84.0" Y="185.0" />
  <Point X="85.0" Y="185.0" />
  <Point X="85.3843365624698" Y="185.0" />
  <Point X="86.0" Y="185.0" />
  <Point X="87.0" Y="185.0" />
  <Point X="87.0" Y="184.0" />
  <Point X="87.72264939578702" Y="184.0" />
  <Point X="88.0" Y="184.0" />
  <Point X="89.0" Y="184.0" />
  <Point X="90.0" Y="184.0" />
  <Point X="91.0" Y="184.0" />
  <Point X="91.06096222910423" Y="184.0" />
  <Point X="92.0" Y="184.0" />
  <Point X="93.0" Y="184.0" />
  <Point X="94.0" Y="184.0" />
  <Point X="94.39927506242145" Y="184.0" />
  <Point X="95.0" Y="184.0" />
  <Point X="96.0" Y="183.0" />
  <Point X="97.0" Y="183.0" />
  <Point X="97.32337433336558" Y="183.0" />
  <Point X="98.0" Y="183.0" />
  <Point X="98.0" Y="182.0" />
  <Point X="99.0" Y="182.0" />
  <Point X="99.6616871666828" Y="182.0" />
  <Point X="100.0" Y="182.0" />
  <Point X="101.0" Y="182.0" />
  <Point X="101.0" Y="181.0" />
  <Point X="101.0" Y="180.0" />
</Project_1_Part_4>
