<?xml version="1.0" encoding="utf-8" standalone="yes"?>
<Gesture Name="left_sq_bracket3" Subject="2" Number="2" NumPts="305">
  <Point X="105.0" Y="54.0" />
  <Point X="104.0" Y="54.0" />
  <Point X="104.0" Y="55.0" />
  <Point X="104.0" Y="56.0" />
  <Point X="103.12585606647832" Y="56.0" />
  <Point X="103.0" Y="56.0" />
  <Point X="102.0" Y="57.0" />
  <Point X="101.0" Y="57.0" />
  <Point X="100.05666701256094" Y="57.94333298743907" />
  <Point X="100.0" Y="58.0" />
  <Point X="99.0" Y="58.0" />
  <Point X="99.0" Y="59.0" />
  <Point X="98.0" Y="59.0" />
  <Point X="98.0" Y="59.79400467581884" />
  <Point X="98.0" Y="60.0" />
  <Point X="97.0" Y="60.0" />
  <Point X="96.0" Y="60.0" />
  <Point X="96.0" Y="61.0" />
  <Point X="95.33185139065948" Y="61.0" />
  <Point X="95.0" Y="61.0" />
  <Point X="95.0" Y="62.0" />
  <Point X="94.0" Y="62.0" />
  <Point X="93.0" Y="62.0" />
  <Point X="93.0" Y="62.54229254286219" />
  <Point X="93.0" Y="63.0" />
  <Point X="92.0" Y="63.0" />
  <Point X="92.0" Y="64.0" />
  <Point X="91.0" Y="64.0" />
  <Point X="91.0" Y="64.41643647638386" />
  <Point X="91.0" Y="65.0" />
  <Point X="90.0" Y="65.0" />
  <Point X="89.0" Y="65.0" />
  <Point X="89.0" Y="66.0" />
  <Point X="88.70941959009446" Y="66.0" />
  <Point X="88.0" Y="66.0" />
  <Point X="87.0" Y="66.0" />
  <Point X="87.0" Y="67.0" />
  <Point X="87.0" Y="68.0" />
  <Point X="86.83527565657278" Y="68.0" />
  <Point X="86.0" Y="68.0" />
  <Point X="86.0" Y="69.0" />
  <Point X="85.0" Y="69.0" />
  <Point X="85.0" Y="70.0" />
  <Point X="84.9611317230511" Y="70.0" />
  <Point X="84.0" Y="70.0" />
  <Point X="84.0" Y="71.0" />
  <Point X="84.0" Y="72.0" />
  <Point X="83.08698778952942" Y="72.0" />
  <Point X="83.0" Y="72.0" />
  <Point X="82.0" Y="72.0" />
  <Point X="82.0" Y="73.0" />
  <Point X="82.0" Y="74.0" />
  <Point X="82.0" Y="74.78715614399226" />
  <Point X="82.0" Y="75.0" />
  <Point X="81.0" Y="76.0" />
  <Point X="80.0" Y="77.0" />
  <Point X="79.41106988723106" Y="77.58893011276894" />
  <Point X="79.0" Y="78.0" />
  <Point X="79.0" Y="79.0" />
  <Point X="78.0" Y="79.0" />
  <Point X="78.0" Y="80.0" />
  <Point X="78.0" Y="80.29280332391632" />
  <Point X="78.0" Y="81.0" />
  <Point X="78.0" Y="82.0" />
  <Point X="77.0" Y="82.0" />
  <Point X="77.0" Y="83.0" />
  <Point X="77.0" Y="83.166947257438" />
  <Point X="77.0" Y="84.0" />
  <Point X="77.0" Y="85.0" />
  <Point X="77.0" Y="86.0" />
  <Point X="76.0" Y="86.0" />
  <Point X="76.0" Y="86.04109119095968" />
  <Point X="76.0" Y="87.0" />
  <Point X="76.0" Y="88.0" />
  <Point X="75.0" Y="88.0" />
  <Point X="75.0" Y="88.91523512448136" />
  <Point X="75.0" Y="89.0" />
  <Point X="75.0" Y="90.0" />
  <Point X="75.0" Y="91.0" />
  <Point X="75.0" Y="92.0" />
  <Point X="75.0" Y="92.78937905800304" />
  <Point X="75.0" Y="93.0" />
  <Point X="75.0" Y="94.0" />
  <Point X="75.0" Y="95.0" />
  <Point X="75.0" Y="96.0" />
  <Point X="75.0" Y="96.66352299152472" />
  <Point X="75.0" Y="97.0" />
  <Point X="75.0" Y="98.0" />
  <Point X="75.0" Y="99.0" />
  <Point X="75.0" Y="100.0" />
  <Point X="75.0" Y="100.5376669250464" />
  <Point X="75.0" Y="101.0" />
  <Point X="75.0" Y="102.0" />
  <Point X="75.0" Y="103.0" />
  <Point X="75.0" Y="104.0" />
  <Point X="75.0" Y="104.41181085856807" />
  <Point X="75.0" Y="105.0" />
  <Point X="75.0" Y="106.0" />
  <Point X="75.0" Y="107.0" />
  <Point X="75.0" Y="108.0" />
  <Point X="75.0" Y="108.28595479208975" />
  <Point X="75.0" Y="109.0" />
  <Point X="75.0" Y="110.0" />
  <Point X="75.0" Y="111.0" />
  <Point X="75.0" Y="112.0" />
  <Point X="75.0" Y="112.16009872561143" />
  <Point X="75.0" Y="113.0" />
  <Point X="75.0" Y="114.0" />
  <Point X="75.0" Y="115.0" />
  <Point X="75.0" Y="116.0" />
  <Point X="75.0" Y="116.03424265913311" />
  <Point X="75.0" Y="117.0" />
  <Point X="75.0" Y="118.0" />
  <Point X="75.0" Y="119.0" />
  <Point X="75.0" Y="119.9083865926548" />
  <Point X="75.0" Y="120.0" />
  <Point X="75.0" Y="121.0" />
  <Point X="75.0" Y="122.0" />
  <Point X="75.0" Y="123.0" />
  <Point X="75.0" Y="123.78253052617647" />
  <Point X="75.0" Y="124.0" />
  <Point X="75.0" Y="125.0" />
  <Point X="75.0" Y="126.0" />
  <Point X="75.0" Y="127.0" />
  <Point X="75.0" Y="127.65667445969815" />
  <Point X="75.0" Y="128.0" />
  <Point X="75.0" Y="129.0" />
  <Point X="75.0" Y="130.0" />
  <Point X="75.0" Y="131.0" />
  <Point X="75.0" Y="131.53081839321982" />
  <Point X="75.0" Y="132.0" />
  <Point X="75.0" Y="133.0" />
  <Point X="75.0" Y="134.0" />
  <Point X="75.0" Y="135.0" />
  <Point X="75.0" Y="135.4049623267415" />
  <Point X="75.0" Y="136.0" />
  <Point X="75.0" Y="137.0" />
  <Point X="75.0" Y="138.0" />
  <Point X="75.0" Y="139.0" />
  <Point X="75.0" Y="139.27910626026318" />
  <Point X="75.0" Y="140.0" />
  <Point X="75.0" Y="141.0" />
  <Point X="75.0" Y="142.0" />
  <Point X="75.0" Y="143.0" />
  <Point X="75.0" Y="143.15325019378486" />
  <Point X="75.0" Y="144.0" />
  <Point X="75.0" Y="145.0" />
  <Point X="75.0" Y="146.0" />
  <Point X="75.0" Y="147.0" />
  <Point X="75.0" Y="147.02739412730654" />
  <Point X="75.0" Y="148.0" />
  <Point X="75.0" Y="149.0" />
  <Point X="75.0" Y="150.0" />
  <Point X="75.0" Y="150.90153806082822" />
  <Point X="75.0" Y="151.0" />
  <Point X="75.0" Y="152.0" />
  <Point X="75.0" Y="153.0" />
  <Point X="75.0" Y="154.0" />
  <Point X="75.0" Y="154.7756819943499" />
  <Point X="75.0" Y="155.0" />
  <Point X="75.0" Y="156.0" />
  <Point X="75.0" Y="157.0" />
  <Point X="75.0" Y="158.0" />
  <Point X="75.0" Y="158.64982592787158" />
  <Point X="75.0" Y="159.0" />
  <Point X="75.0" Y="160.0" />
  <Point X="75.0" Y="161.0" />
  <Point X="76.0" Y="161.0" />
  <Point X="76.0" Y="161.52396986139325" />
  <Point X="76.0" Y="162.0" />
  <Point X="76.0" Y="163.0" />
  <Point X="76.0" Y="164.0" />
  <Point X="76.0" Y="165.0" />
  <Point X="76.0" Y="165.39811379491493" />
  <Point X="76.0" Y="166.0" />
  <Point X="76.0" Y="167.0" />
  <Point X="76.0" Y="168.0" />
  <Point X="76.0" Y="169.0" />
  <Point X="76.0" Y="169.2722577284366" />
  <Point X="76.0" Y="170.0" />
  <Point X="76.0" Y="171.0" />
  <Point X="76.0" Y="172.0" />
  <Point X="76.0" Y="173.0" />
  <Point X="76.0" Y="173.1464016619583" />
  <Point X="76.0" Y="174.0" />
  <Point X="76.0" Y="175.0" />
  <Point X="76.0" Y="176.0" />
  <Point X="75.0" Y="176.0" />
  <Point X="75.0" Y="176.02054559547997" />
  <Point X="75.0" Y="177.0" />
  <Point X="75.0" Y="178.0" />
  <Point X="75.0" Y="179.0" />
  <Point X="75.0" Y="179.89468952900165" />
  <Point X="75.0" Y="180.0" />
  <Point X="74.0" Y="180.0" />
  <Point X="74.0" Y="181.0" />
  <Point X="74.0" Y="182.0" />
  <Point X="74.0" Y="182.76883346252333" />
  <Point X="74.0" Y="183.0" />
  <Point X="74.0" Y="184.0" />
  <Point X="74.0" Y="185.0" />
  <Point X="74.0" Y="186.0" />
  <Point X="74.0" Y="186.642977396045" />
  <Point X="74.0" Y="187.0" />
  <Point X="74.0" Y="188.0" />
  <Point X="74.0" Y="189.0" />
  <Point X="74.0" Y="190.0" />
  <Point X="74.0" Y="190.5171213295667" />
  <Point X="74.0" Y="191.0" />
  <Point X="74.0" Y="192.0" />
  <Point X="75.0" Y="192.0" />
  <Point X="76.0" Y="192.0" />
  <Point X="76.39126526308837" Y="192.0" />
  <Point X="77.0" Y="192.0" />
  <Point X="78.0" Y="192.0" />
  <Point X="79.0" Y="192.0" />
  <Point X="80.0" Y="192.0" />
  <Point X="80.26540919661005" Y="192.0" />
  <Point X="81.0" Y="192.0" />
  <Point X="82.0" Y="192.0" />
  <Point X="83.0" Y="192.0" />
  <Point X="84.0" Y="192.0" />
  <Point X="84.13955313013173" Y="192.0" />
  <Point X="85.0" Y="192.0" />
  <Point X="85.0" Y="193.0" />
  <Point X="86.0" Y="193.0" />
  <Point X="87.0" Y="193.0" />
  <Point X="87.01369706365341" Y="193.0" />
  <Point X="88.0" Y="193.0" />
  <Point X="89.0" Y="193.0" />
  <Point X="90.0" Y="193.0" />
  <Point X="90.88784099717509" Y="193.0" />
  <Point X="91.0" Y="193.0" />
  <Point X="92.0" Y="193.0" />
  <Point X="93.0" Y="193.0" />
  <Point X="94.0" Y="193.0" />
  <Point X="94.76198493069677" Y="193.0" />
  <Point X="95.0" Y="193.0" />
  <Point X="96.0" Y="193.0" />
  <Point X="97.0" Y="193.0" />
  <Point X="98.0" Y="193.0" />
  <Point X="98.63612886421845" Y="193.0" />
  <Point X="99.0" Y="193.0" />
  <Point X="100.0" Y="193.0" />
  <Point X="101.0" Y="193.0" />
  <Point X="102.0" Y="193.0" />
  <Point X="102.51027279774013" Y="193.0" />
  <Point X="103.0" Y="193.0" />
  <Point X="104.0" Y="193.0" />
  <Point X="105.0" Y="193.0" />
  <Point X="106.0" Y="193.0" />
  <Point X="106.38441673126181" Y="193.0" />
  <Point X="107.0" Y="193.0" />
  <Point X="108.0" Y="193.0" />
  <Point X="109.0" Y="193.0" />
  <Point X="110.0" Y="193.0" />
  <Point X="110.25856066478349" Y="193.0" />
  <Point X="111.0" Y="193.0" />
  <Point X="112.0" Y="193.0" />
  <Point X="113.0" Y="193.0" />
  <Point X="114.0" Y="193.0" />
  <Point X="114.0" Y="192.86729540169483" />
  <Point X="114.0" Y="192.0" />
  <Point X="115.0" Y="192.0" />
  <Point X="116.0" Y="192.0" />
  <Point X="117.0" Y="192.0" />
  <Point X="117.00684853182685" Y="192.0" />
  <Point X="118.0" Y="192.0" />
  <Point X="118.0" Y="191.0" />
  <Point X="119.0" Y="191.0" />
  <Point X="119.88099246534853" Y="191.0" />
  <Point X="120.0" Y="191.0" />
  <Point X="121.0" Y="191.0" />
  <Point X="122.0" Y="191.0" />
  <Point X="123.0" Y="191.0" />
  <Point X="123.7551363988702" Y="191.0" />
  <Point X="124.0" Y="191.0" />
  <Point X="125.0" Y="191.0" />
  <Point X="126.0" Y="191.0" />
  <Point X="127.0" Y="191.0" />
  <Point X="127.62928033239189" Y="191.0" />
  <Point X="128.0" Y="191.0" />
  <Point X="129.0" Y="191.0" />
  <Point X="130.0" Y="191.0" />
  <Point X="131.0" Y="191.0" />
  <Point X="131.50342426591357" Y="191.0" />
  <Point X="132.0" Y="191.0" />
  <Point X="133.0" Y="191.0" />
  <Point X="134.0" Y="191.0" />
  <Point X="135.0" Y="191.0" />
  <Point X="135.37756819943525" Y="191.0" />
  <Point X="136.0" Y="191.0" />
  <Point X="137.0" Y="191.0" />
  <Point X="138.0" Y="191.0" />
  <Point X="139.0" Y="191.0" />
  <Point X="139.25171213295692" Y="191.0" />
  <Point X="140.0" Y="191.0" />
  <Point X="140.0" Y="190.0" />
  <Point X="141.0" Y="190.0" />
  <Point X="142.0" Y="190.0" />
  <Point X="142.1258560664786" Y="190.0" />
  <Point X="143.0" Y="190.0" />
  <Point X="143.0" Y="189.0" />
  <Point X="143.0" Y="188.0" />
  <Point X="143.0" Y="187.0" />
</Project_1_Part_4>
