<?xml version="1.0" encoding="utf-8" standalone="yes"?>
<Gesture Name="left_sq_bracket10" Subject="2" Number="2" NumPts="261">
  <Point X="99.0" Y="84.0" />
  <Point X="98.0" Y="84.0" />
  <Point X="97.0" Y="84.0" />
  <Point X="96.0" Y="84.0" />
  <Point X="95.77824503573845" Y="84.0" />
  <Point X="95.0" Y="84.0" />
  <Point X="94.0" Y="84.0" />
  <Point X="93.0" Y="84.0" />
  <Point X="92.5564900714769" Y="84.0" />
  <Point X="92.0" Y="84.0" />
  <Point X="91.0" Y="84.0" />
  <Point X="90.0" Y="84.0" />
  <Point X="89.33473510721535" Y="84.0" />
  <Point X="89.0" Y="84.0" />
  <Point X="88.0" Y="84.0" />
  <Point X="87.0" Y="84.0" />
  <Point X="86.1129801429538" Y="84.0" />
  <Point X="86.0" Y="84.0" />
  <Point X="85.0" Y="84.0" />
  <Point X="84.0" Y="84.0" />
  <Point X="83.0" Y="84.0" />
  <Point X="82.89122517869225" Y="84.0" />
  <Point X="82.0" Y="84.0" />
  <Point X="81.0" Y="84.0" />
  <Point X="80.0" Y="84.0" />
  <Point X="79.6694702144307" Y="84.0" />
  <Point X="79.0" Y="84.0" />
  <Point X="78.0" Y="84.0" />
  <Point X="78.0" Y="85.0" />
  <Point X="77.44771525016915" Y="85.0" />
  <Point X="77.0" Y="85.0" />
  <Point X="76.0" Y="85.0" />
  <Point X="76.0" Y="86.0" />
  <Point X="75.2259602859076" Y="86.0" />
  <Point X="75.0" Y="86.0" />
  <Point X="74.0" Y="86.0" />
  <Point X="74.0" Y="87.0" />
  <Point X="73.00420532164605" Y="87.0" />
  <Point X="73.0" Y="87.0" />
  <Point X="72.0" Y="88.0" />
  <Point X="71.0" Y="88.0" />
  <Point X="71.0" Y="88.80333608024239" />
  <Point X="71.0" Y="89.0" />
  <Point X="70.0" Y="89.0" />
  <Point X="70.0" Y="90.0" />
  <Point X="69.0" Y="90.0" />
  <Point X="69.0" Y="90.02509104450394" />
  <Point X="69.0" Y="91.0" />
  <Point X="68.0" Y="91.0" />
  <Point X="67.11834673210655" Y="91.88165326789345" />
  <Point X="67.0" Y="92.0" />
  <Point X="66.0" Y="93.0" />
  <Point X="65.0" Y="93.0" />
  <Point X="65.0" Y="93.64017384828084" />
  <Point X="65.0" Y="94.0" />
  <Point X="64.0" Y="95.0" />
  <Point X="63.0" Y="95.0" />
  <Point X="63.0" Y="95.44771525016928" />
  <Point X="63.0" Y="96.0" />
  <Point X="62.0" Y="97.0" />
  <Point X="61.11239950920046" Y="97.88760049079954" />
  <Point X="61.0" Y="98.0" />
  <Point X="60.0" Y="98.0" />
  <Point X="60.0" Y="99.0" />
  <Point X="60.0" Y="100.0" />
  <Point X="59.937201946053825" Y="100.0" />
  <Point X="59.0" Y="100.0" />
  <Point X="59.0" Y="101.0" />
  <Point X="58.09168385003168" Y="101.90831614996833" />
  <Point X="58.0" Y="102.0" />
  <Point X="58.0" Y="103.0" />
  <Point X="58.0" Y="104.0" />
  <Point X="57.0" Y="104.0" />
  <Point X="57.0" Y="104.09209442009616" />
  <Point X="57.0" Y="105.0" />
  <Point X="57.0" Y="106.0" />
  <Point X="56.0" Y="106.0" />
  <Point X="56.0" Y="106.3138493843577" />
  <Point X="56.0" Y="107.0" />
  <Point X="56.0" Y="108.0" />
  <Point X="56.0" Y="109.0" />
  <Point X="56.0" Y="109.53560434861924" />
  <Point X="56.0" Y="110.0" />
  <Point X="56.0" Y="111.0" />
  <Point X="56.0" Y="112.0" />
  <Point X="56.0" Y="112.7573593128808" />
  <Point X="56.0" Y="113.0" />
  <Point X="55.0" Y="113.0" />
  <Point X="55.0" Y="114.0" />
  <Point X="55.0" Y="114.97911427714234" />
  <Point X="55.0" Y="115.0" />
  <Point X="55.0" Y="116.0" />
  <Point X="55.0" Y="117.0" />
  <Point X="55.0" Y="118.0" />
  <Point X="55.0" Y="118.2008692414039" />
  <Point X="55.0" Y="119.0" />
  <Point X="55.0" Y="120.0" />
  <Point X="55.0" Y="121.0" />
  <Point X="55.0" Y="121.42262420566544" />
  <Point X="55.0" Y="122.0" />
  <Point X="55.0" Y="123.0" />
  <Point X="55.0" Y="124.0" />
  <Point X="55.0" Y="124.64437916992699" />
  <Point X="55.0" Y="125.0" />
  <Point X="55.0" Y="126.0" />
  <Point X="55.0" Y="127.0" />
  <Point X="55.0" Y="127.86613413418854" />
  <Point X="55.0" Y="128.0" />
  <Point X="55.0" Y="129.0" />
  <Point X="55.0" Y="130.0" />
  <Point X="55.0" Y="131.0" />
  <Point X="55.0" Y="131.0878890984501" />
  <Point X="55.0" Y="132.0" />
  <Point X="55.0" Y="133.0" />
  <Point X="55.0" Y="134.0" />
  <Point X="55.0" Y="134.30964406271164" />
  <Point X="55.0" Y="135.0" />
  <Point X="55.0" Y="136.0" />
  <Point X="55.0" Y="137.0" />
  <Point X="55.0" Y="137.5313990269732" />
  <Point X="55.0" Y="138.0" />
  <Point X="55.0" Y="139.0" />
  <Point X="56.0" Y="140.0" />
  <Point X="56.0" Y="140.33894042886163" />
  <Point X="56.0" Y="141.0" />
  <Point X="56.0" Y="142.0" />
  <Point X="56.0" Y="143.0" />
  <Point X="56.0" Y="143.56069539312318" />
  <Point X="56.0" Y="144.0" />
  <Point X="56.0" Y="145.0" />
  <Point X="56.0" Y="146.0" />
  <Point X="56.0" Y="146.78245035738473" />
  <Point X="56.0" Y="147.0" />
  <Point X="56.0" Y="148.0" />
  <Point X="56.0" Y="149.0" />
  <Point X="56.0" Y="150.0" />
  <Point X="56.0" Y="150.00420532164628" />
  <Point X="56.0" Y="151.0" />
  <Point X="56.0" Y="152.0" />
  <Point X="56.86688483163082" Y="152.8668848316308" />
  <Point X="57.0" Y="153.0" />
  <Point X="57.0" Y="154.0" />
  <Point X="57.0" Y="155.0" />
  <Point X="57.0" Y="156.0" />
  <Point X="57.0" Y="156.03350168779627" />
  <Point X="57.0" Y="157.0" />
  <Point X="57.0" Y="158.0" />
  <Point X="57.0" Y="159.0" />
  <Point X="57.0" Y="159.25525665205782" />
  <Point X="57.0" Y="160.0" />
  <Point X="57.0" Y="161.0" />
  <Point X="57.0" Y="162.0" />
  <Point X="57.0" Y="162.47701161631937" />
  <Point X="57.0" Y="163.0" />
  <Point X="57.0" Y="164.0" />
  <Point X="57.0" Y="165.0" />
  <Point X="57.0" Y="165.69876658058092" />
  <Point X="57.0" Y="166.0" />
  <Point X="57.0" Y="167.0" />
  <Point X="58.0" Y="167.0" />
  <Point X="58.0" Y="167.92052154484247" />
  <Point X="58.0" Y="168.0" />
  <Point X="58.0" Y="169.0" />
  <Point X="58.0" Y="170.0" />
  <Point X="58.0" Y="171.0" />
  <Point X="58.0" Y="171.14227650910402" />
  <Point X="58.0" Y="172.0" />
  <Point X="59.0" Y="172.0" />
  <Point X="59.96451590456867" Y="172.96451590456866" />
  <Point X="60.0" Y="173.0" />
  <Point X="61.0" Y="174.0" />
  <Point X="62.0" Y="174.0" />
  <Point X="62.0" Y="174.7573593128809" />
  <Point X="62.0" Y="175.0" />
  <Point X="63.0" Y="175.0" />
  <Point X="63.0" Y="176.0" />
  <Point X="63.97911427714245" Y="176.0" />
  <Point X="64.0" Y="176.0" />
  <Point X="65.0" Y="176.0" />
  <Point X="66.0" Y="176.0" />
  <Point X="66.84914278391511" Y="176.8491427839151" />
  <Point X="67.0" Y="177.0" />
  <Point X="68.0" Y="177.0" />
  <Point X="69.0" Y="177.0" />
  <Point X="70.0" Y="177.0" />
  <Point X="70.00841064329245" Y="177.0" />
  <Point X="71.0" Y="177.0" />
  <Point X="72.0" Y="177.0" />
  <Point X="73.0" Y="177.0" />
  <Point X="73.230165607554" Y="177.0" />
  <Point X="74.0" Y="177.0" />
  <Point X="75.0" Y="177.0" />
  <Point X="76.0" Y="177.0" />
  <Point X="76.45192057181555" Y="177.0" />
  <Point X="77.0" Y="177.0" />
  <Point X="78.0" Y="177.0" />
  <Point X="79.0" Y="177.0" />
  <Point X="79.6736755360771" Y="177.0" />
  <Point X="80.0" Y="177.0" />
  <Point X="81.0" Y="177.0" />
  <Point X="82.0" Y="177.0" />
  <Point X="82.89543050033865" Y="177.0" />
  <Point X="83.0" Y="177.0" />
  <Point X="84.0" Y="177.0" />
  <Point X="85.0" Y="177.0" />
  <Point X="86.0" Y="177.0" />
  <Point X="86.1171854646002" Y="177.0" />
  <Point X="87.0" Y="177.0" />
  <Point X="88.0" Y="177.0" />
  <Point X="89.0" Y="177.0" />
  <Point X="89.0" Y="176.66105957113825" />
  <Point X="89.0" Y="176.0" />
  <Point X="90.0" Y="176.0" />
  <Point X="90.0" Y="175.0" />
  <Point X="90.5606953931233" Y="175.0" />
  <Point X="91.0" Y="175.0" />
  <Point X="92.0" Y="175.0" />
  <Point X="93.0" Y="175.0" />
  <Point X="93.0" Y="174.21754964261515" />
  <Point X="93.0" Y="174.0" />
  <Point X="94.0" Y="174.0" />
  <Point X="95.0" Y="174.0" />
  <Point X="96.0" Y="174.0" />
  <Point X="96.0" Y="173.9957946783536" />
  <Point X="96.0" Y="173.0" />
  <Point X="97.0" Y="173.0" />
  <Point X="98.0" Y="173.0" />
  <Point X="98.0" Y="172.77403971409205" />
  <Point X="98.0" Y="172.0" />
  <Point X="99.0" Y="172.0" />
  <Point X="100.0" Y="172.0" />
  <Point X="100.0" Y="171.5522847498305" />
  <Point X="100.0" Y="171.0" />
  <Point X="101.0" Y="171.0" />
  <Point X="102.0" Y="171.0" />
  <Point X="102.0" Y="170.33052978556896" />
  <Point X="102.0" Y="170.0" />
  <Point X="103.0" Y="170.0" />
  <Point X="104.0" Y="170.0" />
  <Point X="104.8912251786926" Y="170.0" />
  <Point X="105.0" Y="170.0" />
  <Point X="106.0" Y="170.0" />
  <Point X="106.0" Y="169.0" />
  <Point X="107.0" Y="169.0" />
  <Point X="107.11298014295414" Y="169.0" />
  <Point X="108.0" Y="169.0" />
  <Point X="109.0" Y="169.0" />
  <Point X="110.0" Y="169.0" />
  <Point X="110.33473510721569" Y="169.0" />
  <Point X="111.0" Y="169.0" />
  <Point X="111.0" Y="168.0" />
  <Point X="112.0" Y="168.0" />
  <Point X="112.55649007147724" Y="168.0" />
  <Point X="113.0" Y="168.0" />
  <Point X="114.0" Y="168.0" />
  <Point X="114.0" Y="167.0" />
  <Point X="114.0" Y="166.2217549642612" />
  <Point X="114.0" Y="166.0" />
  <Point X="115.0" Y="166.0" />
  <Point X="115.0" Y="165.0" />
  <Point X="116.0" Y="165.0" />
</Project_1_Part_4>
