<?xml version="1.0" encoding="utf-8" standalone="yes"?>
<Gesture Name="pigtail9" Subject="2" Number="2" NumPts="396">
  <Point X="224.0" Y="24.0" />
  <Point X="223.0" Y="24.0" />
  <Point X="216.19693515136413" Y="28.973000620347854" />
  <Point X="208.5865656891593" Y="34.53613619213501" />
  <Point X="200.97619622695447" Y="40.09927176392217" />
  <Point X="193.36582676474964" Y="45.662407335709325" />
  <Point X="185.7554573025448" Y="51.22554290749648" />
  <Point X="178.14508784033998" Y="56.78867847928364" />
  <Point X="170.53471837813515" Y="62.3518140510708" />
  <Point X="162.92434891593032" Y="67.91494962285796" />
  <Point X="155.3139794537255" Y="73.47808519464512" />
  <Point X="147.70360999152066" Y="79.04122076643228" />
  <Point X="140.09324052931584" Y="84.60435633821943" />
  <Point X="132.482871067111" Y="90.16749191000659" />
  <Point X="124.87250160490618" Y="95.73062748179375" />
  <Point X="117.26213214270135" Y="101.2937630535809" />
  <Point X="109.65176268049652" Y="106.85689862536806" />
  <Point X="102.04139321829169" Y="112.42003419715522" />
  <Point X="94.43102375608686" Y="117.98316976894237" />
  <Point X="86.82065429388203" Y="123.54630534072953" />
  <Point X="79.2102848316772" Y="129.10944091251667" />
  <Point X="71.59991536947237" Y="134.67257648430382" />
  <Point X="63.98954590726754" Y="140.235712056091" />
  <Point X="56.379176445062704" Y="145.79884762787813" />
  <Point X="52.0" Y="149.0" />
  <Point X="52.0" Y="150.0" />
  <Point X="53.0" Y="150.0" />
  <Point X="54.0" Y="150.0" />
  <Point X="54.0" Y="151.0" />
  <Point X="54.002445870905575" Y="151.0" />
  <Point X="55.0" Y="151.0" />
  <Point X="56.0" Y="151.0" />
  <Point X="57.0" Y="151.0" />
  <Point X="58.0" Y="151.0" />
  <Point X="59.0" Y="151.0" />
  <Point X="60.0" Y="151.0" />
  <Point X="61.0" Y="151.0" />
  <Point X="62.0" Y="152.0" />
  <Point X="63.0" Y="152.0" />
  <Point X="63.01511942684165" Y="152.0" />
  <Point X="65.0" Y="152.0" />
  <Point X="66.0" Y="152.0" />
  <Point X="67.0" Y="152.0" />
  <Point X="69.0" Y="152.0" />
  <Point X="70.0" Y="152.0" />
  <Point X="71.0" Y="152.0" />
  <Point X="72.0" Y="152.0" />
  <Point X="72.44200654515083" Y="152.0" />
  <Point X="73.0" Y="152.0" />
  <Point X="74.0" Y="152.0" />
  <Point X="75.0" Y="152.0" />
  <Point X="76.0" Y="152.0" />
  <Point X="77.0" Y="152.0" />
  <Point X="78.0" Y="152.0" />
  <Point X="78.0" Y="151.0" />
  <Point X="80.0" Y="151.0" />
  <Point X="80.86889366346" Y="151.0" />
  <Point X="81.0" Y="151.0" />
  <Point X="82.0" Y="151.0" />
  <Point X="83.0" Y="150.0" />
  <Point X="84.0" Y="150.0" />
  <Point X="85.0" Y="150.0" />
  <Point X="86.0" Y="149.0" />
  <Point X="87.0" Y="149.0" />
  <Point X="88.0" Y="149.0" />
  <Point X="89.0" Y="149.0" />
  <Point X="89.33046894009328" Y="148.66953105990672" />
  <Point X="90.0" Y="148.0" />
  <Point X="92.0" Y="148.0" />
  <Point X="92.0" Y="147.0" />
  <Point X="93.0" Y="147.0" />
  <Point X="95.0" Y="147.0" />
  <Point X="95.0" Y="146.0" />
  <Point X="96.0" Y="146.0" />
  <Point X="96.4293493916905" Y="145.78532530415475" />
  <Point X="98.0" Y="145.0" />
  <Point X="100.0" Y="145.0" />
  <Point X="100.0" Y="144.0" />
  <Point X="102.0" Y="144.0" />
  <Point X="103.0" Y="144.0" />
  <Point X="104.0" Y="143.0" />
  <Point X="104.18146678707049" Y="142.8185332129295" />
  <Point X="105.0" Y="142.0" />
  <Point X="107.0" Y="142.0" />
  <Point X="108.0" Y="141.0" />
  <Point X="109.0" Y="140.0" />
  <Point X="110.0" Y="139.0" />
  <Point X="112.0" Y="139.0" />
  <Point X="112.01885546916083" Y="138.98114453083917" />
  <Point X="113.0" Y="138.0" />
  <Point X="114.0" Y="137.0" />
  <Point X="115.0" Y="137.0" />
  <Point X="116.0" Y="137.0" />
  <Point X="117.0" Y="136.0" />
  <Point X="118.0" Y="136.0" />
  <Point X="118.98874994573023" Y="134.02250010853953" />
  <Point X="119.0" Y="134.0" />
  <Point X="120.0" Y="134.0" />
  <Point X="121.0" Y="134.0" />
  <Point X="121.0" Y="133.0" />
  <Point X="122.0" Y="132.0" />
  <Point X="123.0" Y="131.0" />
  <Point X="125.0" Y="131.0" />
  <Point X="125.0" Y="130.0" />
  <Point X="125.40538722207076" Y="129.59461277792923" />
  <Point X="126.0" Y="129.0" />
  <Point X="127.0" Y="129.0" />
  <Point X="128.0" Y="129.0" />
  <Point X="128.0" Y="127.0" />
  <Point X="129.0" Y="127.0" />
  <Point X="131.0" Y="126.0" />
  <Point X="131.0" Y="125.0" />
  <Point X="131.31296873746456" Y="124.84351563126772" />
  <Point X="133.0" Y="124.0" />
  <Point X="133.0" Y="123.0" />
  <Point X="134.0" Y="122.0" />
  <Point X="135.0" Y="122.0" />
  <Point X="136.0" Y="121.0" />
  <Point X="136.0" Y="120.0" />
  <Point X="137.0" Y="120.0" />
  <Point X="137.50367336370996" Y="119.49632663629004" />
  <Point X="138.0" Y="119.0" />
  <Point X="139.0" Y="118.0" />
  <Point X="140.0" Y="118.0" />
  <Point X="141.0" Y="116.0" />
  <Point X="142.0" Y="115.0" />
  <Point X="143.0" Y="114.0" />
  <Point X="143.88124355927576" Y="113.11875644072424" />
  <Point X="144.0" Y="113.0" />
  <Point X="145.0" Y="112.0" />
  <Point X="146.0" Y="111.0" />
  <Point X="147.0" Y="109.0" />
  <Point X="148.0" Y="109.0" />
  <Point X="148.0" Y="108.0" />
  <Point X="149.0" Y="107.0" />
  <Point X="149.78023148459872" Y="107.0" />
  <Point X="150.0" Y="107.0" />
  <Point X="150.0" Y="106.0" />
  <Point X="151.0" Y="105.0" />
  <Point X="151.0" Y="104.0" />
  <Point X="152.0" Y="103.0" />
  <Point X="153.0" Y="102.0" />
  <Point X="153.0" Y="101.0" />
  <Point X="154.9644779157886" Y="101.0" />
  <Point X="155.0" Y="101.0" />
  <Point X="155.0" Y="100.0" />
  <Point X="155.0" Y="99.0" />
  <Point X="156.0" Y="98.0" />
  <Point X="157.0" Y="98.0" />
  <Point X="157.0" Y="97.0" />
  <Point X="158.0" Y="96.0" />
  <Point X="158.0" Y="95.0" />
  <Point X="159.0" Y="94.0" />
  <Point X="159.105163994276" Y="93.89483600572397" />
  <Point X="160.0" Y="93.0" />
  <Point X="160.0" Y="92.0" />
  <Point X="161.0" Y="92.0" />
  <Point X="161.0" Y="91.0" />
  <Point X="161.0" Y="90.0" />
  <Point X="162.0" Y="90.0" />
  <Point X="162.0" Y="89.0" />
  <Point X="162.0" Y="88.0" />
  <Point X="163.0" Y="88.0" />
  <Point X="163.0" Y="87.83860209708544" />
  <Point X="163.0" Y="87.0" />
  <Point X="163.0" Y="86.0" />
  <Point X="164.0" Y="86.0" />
  <Point X="164.0" Y="85.0" />
  <Point X="165.0" Y="84.0" />
  <Point X="165.0" Y="83.0" />
  <Point X="165.0" Y="82.0" />
  <Point X="165.0" Y="81.0" />
  <Point X="166.0" Y="81.0" />
  <Point X="166.0" Y="80.82592854114937" />
  <Point X="166.0" Y="80.0" />
  <Point X="166.0" Y="79.0" />
  <Point X="166.0" Y="78.0" />
  <Point X="167.0" Y="77.0" />
  <Point X="168.0" Y="76.0" />
  <Point X="168.0" Y="75.0" />
  <Point X="168.0" Y="74.0" />
  <Point X="168.0" Y="73.0" />
  <Point X="168.0" Y="72.22746854758638" />
  <Point X="168.0" Y="72.0" />
  <Point X="168.0" Y="71.0" />
  <Point X="168.0" Y="70.0" />
  <Point X="168.0" Y="69.0" />
  <Point X="168.0" Y="68.0" />
  <Point X="168.0" Y="67.0" />
  <Point X="168.0" Y="66.0" />
  <Point X="167.0" Y="66.0" />
  <Point X="166.0" Y="66.0" />
  <Point X="166.0" Y="65.0" />
  <Point X="165.8005814292772" Y="65.0" />
  <Point X="165.0" Y="65.0" />
  <Point X="164.0" Y="65.0" />
  <Point X="163.0" Y="65.0" />
  <Point X="162.0" Y="65.0" />
  <Point X="161.0" Y="65.0" />
  <Point X="160.0" Y="65.0" />
  <Point X="159.0" Y="65.0" />
  <Point X="158.0" Y="65.0" />
  <Point X="157.0" Y="65.0" />
  <Point X="156.37369431096803" Y="65.0" />
  <Point X="156.0" Y="65.0" />
  <Point X="155.0" Y="65.0" />
  <Point X="154.0" Y="65.0" />
  <Point X="153.0" Y="65.0" />
  <Point X="152.0" Y="65.0" />
  <Point X="151.0" Y="65.0" />
  <Point X="150.0" Y="65.0" />
  <Point X="149.0" Y="65.0" />
  <Point X="148.0" Y="65.0" />
  <Point X="147.0" Y="65.0" />
  <Point X="146.94680719265887" Y="65.0" />
  <Point X="146.0" Y="65.0" />
  <Point X="145.0" Y="65.0" />
  <Point X="144.0" Y="65.0" />
  <Point X="143.0" Y="65.0" />
  <Point X="142.0" Y="65.0" />
  <Point X="141.0" Y="65.0" />
  <Point X="140.0" Y="65.0" />
  <Point X="140.0" Y="66.0" />
  <Point X="139.0" Y="66.0" />
  <Point X="138.5199200743497" Y="66.0" />
  <Point X="138.0" Y="66.0" />
  <Point X="137.0" Y="67.0" />
  <Point X="136.0" Y="67.0" />
  <Point X="135.0" Y="67.0" />
  <Point X="135.0" Y="68.0" />
  <Point X="134.0" Y="69.0" />
  <Point X="133.0" Y="69.0" />
  <Point X="133.0" Y="70.0" />
  <Point X="132.0" Y="70.0" />
  <Point X="131.92146008078672" Y="70.0" />
  <Point X="131.0" Y="70.0" />
  <Point X="131.0" Y="71.0" />
  <Point X="130.0" Y="72.0" />
  <Point X="129.0" Y="73.0" />
  <Point X="128.0" Y="74.0" />
  <Point X="128.0" Y="75.0" />
  <Point X="127.0" Y="75.0" />
  <Point X="127.0" Y="76.0" />
  <Point X="127.0" Y="76.26278635040318" />
  <Point X="127.0" Y="77.0" />
  <Point X="126.0" Y="77.0" />
  <Point X="126.0" Y="78.0" />
  <Point X="126.0" Y="79.0" />
  <Point X="124.0" Y="80.0" />
  <Point X="124.0" Y="81.0" />
  <Point X="123.0" Y="82.0" />
  <Point X="122.26503891880705" Y="82.73496108119295" />
  <Point X="122.0" Y="83.0" />
  <Point X="122.0" Y="84.0" />
  <Point X="122.0" Y="85.0" />
  <Point X="121.0" Y="85.0" />
  <Point X="120.0" Y="87.0" />
  <Point X="120.0" Y="88.0" />
  <Point X="120.0" Y="89.0" />
  <Point X="119.0" Y="89.0" />
  <Point X="119.0" Y="89.81599750727575" />
  <Point X="119.0" Y="90.0" />
  <Point X="119.0" Y="91.0" />
  <Point X="118.0" Y="92.0" />
  <Point X="117.0" Y="94.0" />
  <Point X="117.0" Y="95.0" />
  <Point X="117.0" Y="96.0" />
  <Point X="116.0" Y="96.0" />
  <Point X="116.0" Y="97.0" />
  <Point X="116.0" Y="97.59260308571204" />
  <Point X="116.0" Y="98.0" />
  <Point X="115.0" Y="99.0" />
  <Point X="115.0" Y="100.0" />
  <Point X="115.0" Y="101.0" />
  <Point X="115.0" Y="102.0" />
  <Point X="115.0" Y="104.0" />
  <Point X="114.0" Y="104.0" />
  <Point X="114.0" Y="105.60527664164812" />
  <Point X="114.0" Y="106.0" />
  <Point X="113.0" Y="107.0" />
  <Point X="113.0" Y="108.0" />
  <Point X="113.0" Y="110.0" />
  <Point X="113.0" Y="111.0" />
  <Point X="113.0" Y="113.0" />
  <Point X="113.0" Y="114.0" />
  <Point X="112.56304322485265" Y="114.43695677514735" />
  <Point X="112.0" Y="115.0" />
  <Point X="112.0" Y="116.0" />
  <Point X="112.0" Y="117.0" />
  <Point X="112.0" Y="118.0" />
  <Point X="112.0" Y="119.0" />
  <Point X="112.0" Y="120.0" />
  <Point X="112.0" Y="121.0" />
  <Point X="112.0" Y="122.0" />
  <Point X="112.0" Y="123.0" />
  <Point X="112.0" Y="123.63062375352027" />
  <Point X="112.0" Y="124.0" />
  <Point X="112.0" Y="125.0" />
  <Point X="112.0" Y="126.0" />
  <Point X="112.0" Y="127.0" />
  <Point X="112.0" Y="129.0" />
  <Point X="112.0" Y="130.0" />
  <Point X="112.0" Y="131.0" />
  <Point X="113.0" Y="131.0" />
  <Point X="113.0" Y="132.0" />
  <Point X="113.0" Y="132.05751087182944" />
  <Point X="113.0" Y="133.0" />
  <Point X="113.0" Y="134.0" />
  <Point X="114.0" Y="135.0" />
  <Point X="114.0" Y="136.0" />
  <Point X="114.0" Y="137.0" />
  <Point X="115.0" Y="138.0" />
  <Point X="115.0" Y="139.0" />
  <Point X="115.0" Y="140.0" />
  <Point X="115.0" Y="140.65597086539242" />
  <Point X="115.0" Y="141.0" />
  <Point X="116.0" Y="141.0" />
  <Point X="116.0" Y="142.0" />
  <Point X="117.0" Y="142.0" />
  <Point X="117.0" Y="143.0" />
  <Point X="118.0" Y="143.0" />
  <Point X="118.0" Y="144.0" />
  <Point X="119.0" Y="144.0" />
  <Point X="119.0" Y="145.0" />
  <Point X="119.0" Y="146.0" />
  <Point X="119.08285798370159" Y="146.0" />
  <Point X="120.0" Y="146.0" />
  <Point X="120.0" Y="147.0" />
  <Point X="121.0" Y="147.0" />
  <Point X="122.0" Y="147.0" />
  <Point X="122.0" Y="148.0" />
  <Point X="123.0" Y="148.0" />
  <Point X="123.0" Y="149.0" />
  <Point X="124.0" Y="149.0" />
  <Point X="124.0" Y="150.0" />
  <Point X="124.50974510201075" Y="150.0" />
  <Point X="125.0" Y="150.0" />
  <Point X="126.0" Y="150.0" />
  <Point X="127.0" Y="150.0" />
  <Point X="127.0" Y="151.0" />
  <Point X="128.0" Y="151.0" />
  <Point X="129.0" Y="151.0" />
  <Point X="130.0" Y="151.0" />
  <Point X="131.0" Y="152.0" />
  <Point X="132.0" Y="152.0" />
  <Point X="132.52241865794684" Y="152.0" />
  <Point X="133.0" Y="152.0" />
  <Point X="134.0" Y="152.0" />
  <Point X="135.0" Y="153.0" />
  <Point X="136.0" Y="153.0" />
  <Point X="137.0" Y="153.0" />
  <Point X="138.0" Y="153.0" />
  <Point X="139.0" Y="153.0" />
  <Point X="140.0" Y="153.0" />
  <Point X="141.0" Y="154.0" />
  <Point X="141.12087865150983" Y="154.0" />
  <Point X="142.0" Y="154.0" />
  <Point X="143.0" Y="154.0" />
  <Point X="144.0" Y="154.0" />
  <Point X="145.0" Y="154.0" />
  <Point X="146.0" Y="154.0" />
  <Point X="147.0" Y="154.0" />
  <Point X="148.0" Y="154.0" />
  <Point X="149.0" Y="154.0" />
  <Point X="150.0" Y="154.0" />
  <Point X="150.547765769819" Y="154.0" />
  <Point X="151.0" Y="154.0" />
  <Point X="152.0" Y="154.0" />
  <Point X="153.0" Y="154.0" />
  <Point X="154.0" Y="154.0" />
  <Point X="155.0" Y="154.0" />
  <Point X="156.0" Y="154.0" />
  <Point X="157.0" Y="154.0" />
  <Point X="158.0" Y="154.0" />
  <Point X="159.0" Y="154.0" />
  <Point X="159.97465288812816" Y="154.0" />
  <Point X="160.0" Y="154.0" />
  <Point X="161.0" Y="154.0" />
  <Point X="162.0" Y="154.0" />
  <Point X="162.0" Y="153.0" />
  <Point X="163.0" Y="153.0" />
  <Point X="164.0" Y="152.0" />
  <Point X="165.0" Y="151.0" />
  <Point X="166.0" Y="151.0" />
  <Point X="166.0" Y="150.0" />
  <Point X="166.0" Y="149.42688711830885" />
  <Point X="166.0" Y="149.0" />
  <Point X="166.0" Y="148.0" />
  <Point X="166.0" Y="147.0" />
  <Point X="166.0" Y="146.0" />
  <Point X="166.0" Y="145.0" />
  <Point X="166.0" Y="144.0" />
  <Point X="166.0" Y="143.0" />
  <Point X="166.0" Y="142.0" />
  <Point X="165.0" Y="142.0" />
  <Point X="165.0" Y="141.0" />
</Project_1_Part_4>
