<?xml version="1.0" encoding="utf-8" standalone="yes"?>
<Gesture Name="pigtail5" Subject="2" Number="2" NumPts="348">
  <Point X="61.0" Y="179.0" />
  <Point X="62.0" Y="179.0" />
  <Point X="63.0" Y="179.0" />
  <Point X="64.0" Y="179.0" />
  <Point X="65.0" Y="179.0" />
  <Point X="66.0" Y="179.0" />
  <Point X="66.03567157422064" Y="179.0" />
  <Point X="67.0" Y="179.0" />
  <Point X="67.0" Y="178.0" />
  <Point X="68.0" Y="178.0" />
  <Point X="69.0" Y="178.0" />
  <Point X="69.0" Y="177.0" />
  <Point X="69.07134314844129" Y="177.0" />
  <Point X="70.0" Y="177.0" />
  <Point X="71.0" Y="177.0" />
  <Point X="71.0" Y="176.0" />
  <Point X="72.0" Y="176.0" />
  <Point X="72.0" Y="175.0" />
  <Point X="72.10701472266193" Y="175.0" />
  <Point X="73.0" Y="175.0" />
  <Point X="74.0" Y="175.0" />
  <Point X="75.0" Y="175.0" />
  <Point X="75.0" Y="174.0" />
  <Point X="76.0" Y="174.0" />
  <Point X="76.10089444810806" Y="173.89910555189195" />
  <Point X="77.0" Y="173.0" />
  <Point X="78.0" Y="173.0" />
  <Point X="79.0" Y="173.0" />
  <Point X="79.0" Y="172.0" />
  <Point X="79.54033162250816" Y="171.45966837749182" />
  <Point X="80.0" Y="171.0" />
  <Point X="81.0" Y="171.0" />
  <Point X="82.0" Y="171.0" />
  <Point X="83.0" Y="170.0" />
  <Point X="83.97138875820457" Y="170.0" />
  <Point X="84.0" Y="170.0" />
  <Point X="85.0" Y="169.0" />
  <Point X="86.0" Y="169.0" />
  <Point X="87.0" Y="168.0" />
  <Point X="87.0" Y="167.0" />
  <Point X="87.17863320767903" Y="167.0" />
  <Point X="89.0" Y="167.0" />
  <Point X="90.0" Y="166.0" />
  <Point X="91.0" Y="166.0" />
  <Point X="91.56574992689505" Y="165.43425007310495" />
  <Point X="92.0" Y="165.0" />
  <Point X="92.0" Y="164.0" />
  <Point X="93.0" Y="164.0" />
  <Point X="94.0" Y="164.0" />
  <Point X="95.0" Y="164.0" />
  <Point X="95.29808032010861" Y="163.70191967989138" />
  <Point X="96.0" Y="163.0" />
  <Point X="96.0" Y="162.0" />
  <Point X="98.0" Y="162.0" />
  <Point X="98.93289403874732" Y="161.53355298062633" />
  <Point X="100.0" Y="161.0" />
  <Point X="100.0" Y="160.0" />
  <Point X="101.0" Y="160.0" />
  <Point X="102.0" Y="160.0" />
  <Point X="102.84261083994252" Y="160.0" />
  <Point X="103.0" Y="160.0" />
  <Point X="104.0" Y="158.0" />
  <Point X="105.0" Y="158.0" />
  <Point X="106.0" Y="158.0" />
  <Point X="106.45411418314058" Y="157.54588581685942" />
  <Point X="107.0" Y="157.0" />
  <Point X="107.0" Y="156.0" />
  <Point X="109.0" Y="156.0" />
  <Point X="109.0" Y="155.0" />
  <Point X="109.26367244851093" Y="155.0" />
  <Point X="110.0" Y="155.0" />
  <Point X="111.0" Y="154.0" />
  <Point X="112.0" Y="154.0" />
  <Point X="113.0" Y="153.0" />
  <Point X="113.3329885319408" Y="152.6670114680592" />
  <Point X="114.0" Y="152.0" />
  <Point X="115.0" Y="152.0" />
  <Point X="116.0" Y="151.0" />
  <Point X="116.0" Y="150.0" />
  <Point X="116.67816134745983" Y="150.0" />
  <Point X="117.0" Y="150.0" />
  <Point X="118.0" Y="149.0" />
  <Point X="119.0" Y="149.0" />
  <Point X="119.0" Y="148.0" />
  <Point X="120.0" Y="148.0" />
  <Point X="120.21186288074102" Y="147.78813711925898" />
  <Point X="121.0" Y="147.0" />
  <Point X="122.0" Y="146.0" />
  <Point X="123.0" Y="146.0" />
  <Point X="123.0" Y="145.0" />
  <Point X="123.35840683632767" Y="144.64159316367233" />
  <Point X="124.0" Y="144.0" />
  <Point X="126.0" Y="143.0" />
  <Point X="126.0" Y="142.0" />
  <Point X="126.6309187430167" Y="141.36908125698332" />
  <Point X="127.0" Y="141.0" />
  <Point X="128.0" Y="141.0" />
  <Point X="128.0" Y="140.0" />
  <Point X="129.0" Y="139.0" />
  <Point X="129.77746269860333" Y="138.22253730139667" />
  <Point X="130.0" Y="138.0" />
  <Point X="131.0" Y="137.0" />
  <Point X="132.0" Y="137.0" />
  <Point X="132.0" Y="136.0" />
  <Point X="132.92400665418998" Y="135.07599334581002" />
  <Point X="133.0" Y="135.0" />
  <Point X="134.0" Y="134.0" />
  <Point X="135.0" Y="133.0" />
  <Point X="135.0" Y="131.0" />
  <Point X="135.09977362917982" Y="131.0" />
  <Point X="136.0" Y="131.0" />
  <Point X="137.0" Y="130.0" />
  <Point X="137.0" Y="129.0" />
  <Point X="138.0" Y="128.0" />
  <Point X="138.0" Y="127.69298192134572" />
  <Point X="138.0" Y="127.0" />
  <Point X="139.0" Y="126.0" />
  <Point X="140.0" Y="126.0" />
  <Point X="140.0" Y="125.0" />
  <Point X="140.6565317397634" Y="124.34346826023658" />
  <Point X="141.0" Y="124.0" />
  <Point X="141.0" Y="123.0" />
  <Point X="142.0" Y="122.0" />
  <Point X="142.0" Y="121.0" />
  <Point X="142.0" Y="119.86427946002372" />
  <Point X="142.0" Y="119.0" />
  <Point X="143.0" Y="119.0" />
  <Point X="144.0" Y="118.0" />
  <Point X="144.0" Y="117.0" />
  <Point X="144.0" Y="116.24282144817617" />
  <Point X="144.0" Y="116.0" />
  <Point X="145.0" Y="115.0" />
  <Point X="145.0" Y="114.0" />
  <Point X="145.0" Y="113.0" />
  <Point X="145.0" Y="112.0" />
  <Point X="145.2677364817772" Y="111.7322635182228" />
  <Point X="146.0" Y="111.0" />
  <Point X="146.0" Y="110.0" />
  <Point X="147.0" Y="110.0" />
  <Point X="147.0" Y="109.0" />
  <Point X="147.0" Y="108.0" />
  <Point X="147.00006687499078" Y="107.99993312500924" />
  <Point X="148.0" Y="107.0" />
  <Point X="148.0" Y="106.0" />
  <Point X="148.0" Y="105.0" />
  <Point X="148.0" Y="104.0" />
  <Point X="148.62155258736647" Y="104.0" />
  <Point X="149.0" Y="104.0" />
  <Point X="149.0" Y="103.0" />
  <Point X="149.0" Y="102.0" />
  <Point X="149.0" Y="101.0" />
  <Point X="149.0" Y="100.0" />
  <Point X="149.0" Y="99.34277583841289" />
  <Point X="149.0" Y="99.0" />
  <Point X="149.0" Y="98.0" />
  <Point X="149.0" Y="97.0" />
  <Point X="149.0" Y="96.0" />
  <Point X="149.0" Y="95.0" />
  <Point X="149.0" Y="94.30710426419225" />
  <Point X="149.0" Y="94.0" />
  <Point X="149.0" Y="93.0" />
  <Point X="149.0" Y="92.0" />
  <Point X="149.0" Y="91.0" />
  <Point X="149.0" Y="90.0" />
  <Point X="149.0" Y="89.2714326899716" />
  <Point X="149.0" Y="89.0" />
  <Point X="149.0" Y="88.0" />
  <Point X="148.0" Y="88.0" />
  <Point X="147.0" Y="88.0" />
  <Point X="146.0" Y="88.0" />
  <Point X="145.23576111575096" Y="88.0" />
  <Point X="145.0" Y="88.0" />
  <Point X="144.0" Y="88.0" />
  <Point X="143.0" Y="88.0" />
  <Point X="142.0" Y="88.0" />
  <Point X="141.0" Y="88.0" />
  <Point X="140.20008954153033" Y="88.0" />
  <Point X="140.0" Y="88.0" />
  <Point X="139.0" Y="88.0" />
  <Point X="138.0" Y="89.0" />
  <Point X="137.0" Y="89.0" />
  <Point X="136.0" Y="89.0" />
  <Point X="135.57863152968278" Y="89.0" />
  <Point X="135.0" Y="89.0" />
  <Point X="135.0" Y="90.0" />
  <Point X="134.0" Y="90.0" />
  <Point X="133.0" Y="90.0" />
  <Point X="133.0" Y="91.0" />
  <Point X="132.54295995546215" Y="91.0" />
  <Point X="132.0" Y="91.0" />
  <Point X="132.0" Y="92.0" />
  <Point X="131.0" Y="92.0" />
  <Point X="130.0" Y="93.0" />
  <Point X="129.23738671083336" Y="93.76261328916662" />
  <Point X="129.0" Y="94.0" />
  <Point X="128.0" Y="94.0" />
  <Point X="128.0" Y="95.0" />
  <Point X="127.0" Y="95.0" />
  <Point X="127.0" Y="96.0" />
  <Point X="126.30004393176705" Y="96.0" />
  <Point X="126.0" Y="96.0" />
  <Point X="126.0" Y="97.0" />
  <Point X="125.0" Y="97.0" />
  <Point X="125.0" Y="98.0" />
  <Point X="124.0" Y="99.0" />
  <Point X="124.0" Y="99.3214140800805" />
  <Point X="124.0" Y="100.0" />
  <Point X="124.0" Y="101.0" />
  <Point X="123.0" Y="101.0" />
  <Point X="123.0" Y="102.0" />
  <Point X="122.0" Y="102.0" />
  <Point X="122.0" Y="102.35708565430114" />
  <Point X="122.0" Y="103.0" />
  <Point X="121.0" Y="104.0" />
  <Point X="121.0" Y="105.0" />
  <Point X="121.0" Y="106.0" />
  <Point X="121.0" Y="106.9785436661487" />
  <Point X="121.0" Y="107.0" />
  <Point X="120.0" Y="107.0" />
  <Point X="120.0" Y="108.0" />
  <Point X="120.0" Y="109.0" />
  <Point X="120.0" Y="110.0" />
  <Point X="119.2828415259521" Y="110.7171584740479" />
  <Point X="119.0" Y="111.0" />
  <Point X="119.0" Y="112.0" />
  <Point X="118.0" Y="113.0" />
  <Point X="118.0" Y="114.0" />
  <Point X="118.0" Y="115.0" />
  <Point X="118.0" Y="115.2214596898438" />
  <Point X="118.0" Y="116.0" />
  <Point X="118.0" Y="117.0" />
  <Point X="118.0" Y="118.0" />
  <Point X="117.0" Y="118.0" />
  <Point X="117.0" Y="119.0" />
  <Point X="117.0" Y="119.25713126406444" />
  <Point X="117.0" Y="121.0" />
  <Point X="117.0" Y="122.0" />
  <Point X="117.0" Y="123.0" />
  <Point X="117.0" Y="124.29280283828508" />
  <Point X="117.0" Y="125.0" />
  <Point X="117.0" Y="126.0" />
  <Point X="117.0" Y="127.0" />
  <Point X="117.0" Y="128.0" />
  <Point X="117.0" Y="129.0" />
  <Point X="117.0" Y="129.32847441250573" />
  <Point X="117.0" Y="130.0" />
  <Point X="117.0" Y="131.0" />
  <Point X="117.0" Y="132.0" />
  <Point X="117.0" Y="133.0" />
  <Point X="117.0" Y="134.0" />
  <Point X="117.0" Y="134.36414598672636" />
  <Point X="117.0" Y="135.0" />
  <Point X="117.0" Y="136.0" />
  <Point X="117.0" Y="137.0" />
  <Point X="117.0" Y="138.0" />
  <Point X="118.0" Y="138.0" />
  <Point X="118.0" Y="138.39981756094699" />
  <Point X="118.0" Y="139.0" />
  <Point X="118.0" Y="140.0" />
  <Point X="118.0" Y="141.0" />
  <Point X="119.0" Y="142.0" />
  <Point X="119.0" Y="143.0" />
  <Point X="119.02127557279454" Y="143.0" />
  <Point X="120.0" Y="143.0" />
  <Point X="120.0" Y="144.0" />
  <Point X="120.0" Y="145.0" />
  <Point X="120.0" Y="146.0" />
  <Point X="120.0" Y="147.0" />
  <Point X="120.05694714701518" Y="147.0" />
  <Point X="121.0" Y="147.0" />
  <Point X="121.0" Y="148.0" />
  <Point X="121.0" Y="149.0" />
  <Point X="121.0" Y="150.0" />
  <Point X="122.0" Y="150.0" />
  <Point X="122.06549132585067" Y="150.06549132585067" />
  <Point X="123.0" Y="151.0" />
  <Point X="123.0" Y="152.0" />
  <Point X="124.0" Y="153.0" />
  <Point X="124.0" Y="154.0" />
  <Point X="124.29986317071027" Y="154.0" />
  <Point X="125.0" Y="154.0" />
  <Point X="125.0" Y="155.0" />
  <Point X="126.0" Y="156.0" />
  <Point X="127.0" Y="157.0" />
  <Point X="127.0" Y="157.5071076201847" />
  <Point X="127.0" Y="158.0" />
  <Point X="128.0" Y="159.0" />
  <Point X="128.0" Y="160.0" />
  <Point X="129.0" Y="160.0" />
  <Point X="129.0" Y="161.0" />
  <Point X="129.09090963023755" Y="161.09090963023755" />
  <Point X="130.0" Y="162.0" />
  <Point X="130.0" Y="163.0" />
  <Point X="131.0" Y="163.0" />
  <Point X="132.0" Y="164.0" />
  <Point X="132.0" Y="164.3358100815067" />
  <Point X="132.0" Y="165.0" />
  <Point X="133.0" Y="165.0" />
  <Point X="133.0" Y="166.0" />
  <Point X="134.0" Y="166.0" />
  <Point X="134.96978397903777" Y="166.96978397903777" />
  <Point X="135.0" Y="167.0" />
  <Point X="135.0" Y="168.0" />
  <Point X="136.0" Y="168.0" />
  <Point X="137.0" Y="168.0" />
  <Point X="137.0" Y="169.0" />
  <Point X="137.0" Y="169.99293966757492" />
  <Point X="137.0" Y="170.0" />
  <Point X="138.0" Y="170.0" />
  <Point X="139.0" Y="170.0" />
  <Point X="139.0" Y="171.0" />
  <Point X="140.0" Y="171.0" />
  <Point X="141.0" Y="171.0" />
  <Point X="141.0202312030918" Y="171.0202312030918" />
  <Point X="142.0" Y="172.0" />
  <Point X="143.0" Y="172.0" />
  <Point X="144.0" Y="172.0" />
  <Point X="145.0" Y="173.0" />
  <Point X="145.23585569127002" Y="173.0" />
  <Point X="146.0" Y="173.0" />
  <Point X="147.0" Y="173.0" />
  <Point X="148.0" Y="173.0" />
  <Point X="149.0" Y="174.0" />
  <Point X="149.85731370311757" Y="174.0" />
  <Point X="150.0" Y="174.0" />
  <Point X="151.0" Y="174.0" />
  <Point X="152.0" Y="174.0" />
  <Point X="153.0" Y="174.0" />
  <Point X="154.0" Y="174.0" />
  <Point X="154.8929852773382" Y="174.0" />
  <Point X="155.0" Y="174.0" />
  <Point X="156.0" Y="174.0" />
  <Point X="157.0" Y="174.0" />
  <Point X="158.0" Y="174.0" />
  <Point X="159.0" Y="174.0" />
  <Point X="159.0" Y="173.07134314844117" />
  <Point X="159.0" Y="173.0" />
  <Point X="160.0" Y="173.0" />
  <Point X="161.0" Y="173.0" />
  <Point X="162.0" Y="173.0" />
  <Point X="162.0" Y="172.0" />
  <Point X="162.0" Y="171.03567157422054" />
  <Point X="162.0" Y="171.0" />
  <Point X="163.0" Y="171.0" />
  <Point X="163.0" Y="170.0" />
  <Point X="163.0" Y="169.0" />
  <Point X="163.0" Y="168.0" />
  <Point X="163.0" Y="167.0" />
</Project_1_Part_4>
