<?xml version="1.0" encoding="utf-8" standalone="yes"?>
<Gesture Name="pigtail8" Subject="2" Number="2" NumPts="409">
  <Point X="208.0" Y="20.0" />
  <Point X="208.0" Y="19.0" />
  <Point X="209.0" Y="19.0" />
  <Point X="203.75857262770774" Y="24.443020732765028" />
  <Point X="197.12986188128374" Y="31.32668189251302" />
  <Point X="190.50115113485975" Y="38.21034305226101" />
  <Point X="183.87244038843576" Y="45.094004212009004" />
  <Point X="177.24372964201177" Y="51.977665371757" />
  <Point X="170.61501889558778" Y="58.861326531504986" />
  <Point X="163.9863081491638" Y="65.74498769125297" />
  <Point X="157.3575974027398" Y="72.62864885100096" />
  <Point X="150.7288866563158" Y="79.51231001074895" />
  <Point X="144.10017590989182" Y="86.39597117049694" />
  <Point X="137.47146516346783" Y="93.27963233024492" />
  <Point X="130.84275441704384" Y="100.16329348999291" />
  <Point X="124.21404367061984" Y="107.0469546497409" />
  <Point X="117.58533292419585" Y="113.9306158094889" />
  <Point X="110.95662217777186" Y="120.81427696923689" />
  <Point X="104.32791143134787" Y="127.69793812898487" />
  <Point X="97.69920068492388" Y="134.58159928873286" />
  <Point X="91.07048993849989" Y="141.46526044848085" />
  <Point X="84.44177919207591" Y="148.34892160822884" />
  <Point X="79.0" Y="154.0" />
  <Point X="80.0" Y="154.0" />
  <Point X="80.7111594883647" Y="154.0" />
  <Point X="81.0" Y="154.0" />
  <Point X="81.0" Y="153.0" />
  <Point X="82.0" Y="153.0" />
  <Point X="83.0" Y="153.0" />
  <Point X="83.0" Y="152.0" />
  <Point X="84.0" Y="152.0" />
  <Point X="84.0" Y="151.0" />
  <Point X="85.0" Y="151.0" />
  <Point X="87.0" Y="151.0" />
  <Point X="87.0" Y="150.7324501302214" />
  <Point X="87.0" Y="150.0" />
  <Point X="88.0" Y="150.0" />
  <Point X="89.0" Y="149.0" />
  <Point X="90.0" Y="149.0" />
  <Point X="91.0" Y="149.0" />
  <Point X="91.0" Y="147.0" />
  <Point X="93.0" Y="147.0" />
  <Point X="93.4097266888194" Y="147.0" />
  <Point X="94.0" Y="147.0" />
  <Point X="95.0" Y="147.0" />
  <Point X="96.0" Y="145.0" />
  <Point X="97.0" Y="145.0" />
  <Point X="98.0" Y="145.0" />
  <Point X="99.0" Y="144.0" />
  <Point X="101.0" Y="143.0" />
  <Point X="101.0564041775464" Y="142.9435958224536" />
  <Point X="102.0" Y="142.0" />
  <Point X="104.0" Y="142.0" />
  <Point X="105.0" Y="141.0" />
  <Point X="106.0" Y="140.0" />
  <Point X="108.0" Y="140.0" />
  <Point X="108.98536549516386" Y="139.01463450483612" />
  <Point X="109.0" Y="139.0" />
  <Point X="110.0" Y="139.0" />
  <Point X="112.0" Y="138.0" />
  <Point X="113.0" Y="136.0" />
  <Point X="115.0" Y="136.0" />
  <Point X="116.0" Y="136.0" />
  <Point X="116.75204915261295" Y="135.24795084738705" />
  <Point X="117.0" Y="135.0" />
  <Point X="119.0" Y="134.0" />
  <Point X="120.0" Y="134.0" />
  <Point X="120.0" Y="133.0" />
  <Point X="122.0" Y="133.0" />
  <Point X="123.0" Y="132.0" />
  <Point X="124.0" Y="131.0" />
  <Point X="124.12632874260753" Y="130.93683562869623" />
  <Point X="126.0" Y="130.0" />
  <Point X="127.0" Y="130.0" />
  <Point X="128.0" Y="129.0" />
  <Point X="129.0" Y="129.0" />
  <Point X="130.0" Y="127.0" />
  <Point X="131.62005870148698" Y="126.18997064925651" />
  <Point X="132.0" Y="126.0" />
  <Point X="133.0" Y="126.0" />
  <Point X="134.0" Y="125.0" />
  <Point X="137.0" Y="124.0" />
  <Point X="138.0" Y="122.0" />
  <Point X="139.17978872662016" Y="121.41010563668992" />
  <Point X="140.0" Y="121.0" />
  <Point X="142.0" Y="120.0" />
  <Point X="143.0" Y="120.0" />
  <Point X="144.0" Y="119.0" />
  <Point X="145.0" Y="118.0" />
  <Point X="146.0" Y="117.0" />
  <Point X="147.0" Y="117.0" />
  <Point X="147.11360210329954" Y="116.88639789670046" />
  <Point X="148.0" Y="116.0" />
  <Point X="150.0" Y="115.0" />
  <Point X="150.0" Y="114.0" />
  <Point X="151.0" Y="114.0" />
  <Point X="152.0" Y="112.0" />
  <Point X="153.0" Y="112.0" />
  <Point X="153.58739254193517" Y="111.41260745806483" />
  <Point X="154.0" Y="111.0" />
  <Point X="155.0" Y="110.0" />
  <Point X="156.0" Y="110.0" />
  <Point X="157.0" Y="109.0" />
  <Point X="158.0" Y="109.0" />
  <Point X="158.0" Y="108.0" />
  <Point X="159.0" Y="108.0" />
  <Point X="159.0" Y="106.0" />
  <Point X="159.14444819353614" Y="106.0" />
  <Point X="161.0" Y="106.0" />
  <Point X="161.0" Y="105.0" />
  <Point X="163.0" Y="104.0" />
  <Point X="164.0" Y="103.0" />
  <Point X="165.0" Y="102.0" />
  <Point X="166.0" Y="101.0" />
  <Point X="166.22212991033095" Y="101.0" />
  <Point X="167.0" Y="101.0" />
  <Point X="167.0" Y="100.0" />
  <Point X="168.0" Y="99.0" />
  <Point X="169.0" Y="98.0" />
  <Point X="171.0" Y="97.0" />
  <Point X="172.0" Y="96.0" />
  <Point X="172.0" Y="95.0" />
  <Point X="172.2119988346192" Y="94.78800116538079" />
  <Point X="173.0" Y="94.0" />
  <Point X="174.0" Y="94.0" />
  <Point X="174.0" Y="93.0" />
  <Point X="175.0" Y="92.0" />
  <Point X="176.0" Y="91.0" />
  <Point X="177.0" Y="90.0" />
  <Point X="177.0" Y="89.0" />
  <Point X="177.84806693342324" Y="88.15193306657677" />
  <Point X="178.0" Y="88.0" />
  <Point X="179.0" Y="87.0" />
  <Point X="179.0" Y="86.0" />
  <Point X="180.0" Y="85.0" />
  <Point X="181.0" Y="85.0" />
  <Point X="181.0" Y="84.0" />
  <Point X="181.0" Y="83.0" />
  <Point X="182.0" Y="82.0" />
  <Point X="182.0" Y="81.0" />
  <Point X="182.0988838909688" Y="81.0" />
  <Point X="183.0" Y="81.0" />
  <Point X="183.0" Y="80.0" />
  <Point X="184.0" Y="79.0" />
  <Point X="185.0" Y="78.0" />
  <Point X="185.0" Y="77.0" />
  <Point X="186.0" Y="76.0" />
  <Point X="186.0" Y="75.0" />
  <Point X="186.0" Y="74.0" />
  <Point X="186.41263358526342" Y="74.0" />
  <Point X="187.0" Y="74.0" />
  <Point X="187.0" Y="73.0" />
  <Point X="188.0" Y="73.0" />
  <Point X="188.0" Y="72.0" />
  <Point X="188.0" Y="71.0" />
  <Point X="189.0" Y="71.0" />
  <Point X="189.0" Y="70.0" />
  <Point X="189.0" Y="69.0" />
  <Point X="190.0" Y="68.0" />
  <Point X="190.0" Y="67.44518959569578" />
  <Point X="190.0" Y="67.0" />
  <Point X="190.0" Y="66.0" />
  <Point X="191.0" Y="66.0" />
  <Point X="191.0" Y="65.0" />
  <Point X="191.0" Y="64.0" />
  <Point X="191.0" Y="63.0" />
  <Point X="192.0" Y="62.0" />
  <Point X="193.0" Y="61.0" />
  <Point X="193.0" Y="60.0" />
  <Point X="193.0" Y="59.71722633902807" />
  <Point X="193.0" Y="59.0" />
  <Point X="193.0" Y="58.0" />
  <Point X="193.0" Y="57.0" />
  <Point X="193.0" Y="56.0" />
  <Point X="193.0" Y="55.0" />
  <Point X="193.0" Y="54.0" />
  <Point X="193.0" Y="53.0" />
  <Point X="193.0" Y="52.0" />
  <Point X="193.0" Y="51.0" />
  <Point X="193.0" Y="50.16083595761418" />
  <Point X="193.0" Y="50.0" />
  <Point X="192.0" Y="50.0" />
  <Point X="191.0" Y="50.0" />
  <Point X="190.0" Y="50.0" />
  <Point X="189.0" Y="50.0" />
  <Point X="188.0" Y="49.0" />
  <Point X="187.0" Y="49.0" />
  <Point X="186.0" Y="49.0" />
  <Point X="185.0" Y="49.0" />
  <Point X="184.01865913857338" Y="49.0" />
  <Point X="184.0" Y="49.0" />
  <Point X="183.0" Y="49.0" />
  <Point X="182.0" Y="49.0" />
  <Point X="181.0" Y="49.0" />
  <Point X="180.0" Y="49.0" />
  <Point X="179.0" Y="49.0" />
  <Point X="178.0" Y="49.0" />
  <Point X="177.0" Y="49.0" />
  <Point X="176.0" Y="49.0" />
  <Point X="175.0" Y="49.0" />
  <Point X="174.46226875715948" Y="49.0" />
  <Point X="174.0" Y="49.0" />
  <Point X="173.0" Y="49.0" />
  <Point X="172.0" Y="49.0" />
  <Point X="171.0" Y="49.0" />
  <Point X="170.0" Y="49.0" />
  <Point X="169.0" Y="49.0" />
  <Point X="168.0" Y="49.0" />
  <Point X="168.0" Y="50.0" />
  <Point X="166.12696067800593" Y="50.93651966099703" />
  <Point X="166.0" Y="51.0" />
  <Point X="165.0" Y="51.0" />
  <Point X="163.0" Y="51.0" />
  <Point X="162.0" Y="52.0" />
  <Point X="161.0" Y="52.0" />
  <Point X="160.0" Y="53.0" />
  <Point X="159.0" Y="53.0" />
  <Point X="159.0" Y="54.0" />
  <Point X="158.41398309657765" Y="54.0" />
  <Point X="157.0" Y="54.0" />
  <Point X="156.0" Y="55.0" />
  <Point X="155.0" Y="55.0" />
  <Point X="154.0" Y="56.0" />
  <Point X="153.0" Y="57.0" />
  <Point X="152.0" Y="57.0" />
  <Point X="151.0" Y="58.0" />
  <Point X="150.51444696465614" Y="58.0" />
  <Point X="150.0" Y="58.0" />
  <Point X="148.0" Y="59.0" />
  <Point X="148.0" Y="60.0" />
  <Point X="147.0" Y="61.0" />
  <Point X="146.0" Y="61.0" />
  <Point X="145.0" Y="62.0" />
  <Point X="145.0" Y="63.0" />
  <Point X="144.02255168548822" Y="63.0" />
  <Point X="144.0" Y="63.0" />
  <Point X="143.0" Y="64.0" />
  <Point X="142.0" Y="65.0" />
  <Point X="141.0" Y="66.0" />
  <Point X="139.0" Y="67.0" />
  <Point X="139.0" Y="68.0" />
  <Point X="138.0" Y="69.0" />
  <Point X="138.0" Y="69.6409164689335" />
  <Point X="138.0" Y="70.0" />
  <Point X="137.0" Y="70.0" />
  <Point X="136.0" Y="70.0" />
  <Point X="135.0" Y="72.0" />
  <Point X="134.0" Y="73.0" />
  <Point X="133.0" Y="74.0" />
  <Point X="133.0" Y="75.0" />
  <Point X="132.19898113110972" Y="75.8010188688903" />
  <Point X="132.0" Y="76.0" />
  <Point X="132.0" Y="77.0" />
  <Point X="132.0" Y="78.0" />
  <Point X="131.0" Y="78.0" />
  <Point X="130.0" Y="80.0" />
  <Point X="129.0" Y="81.0" />
  <Point X="129.0" Y="83.0" />
  <Point X="128.37529297273068" Y="83.0" />
  <Point X="128.0" Y="83.0" />
  <Point X="128.0" Y="84.0" />
  <Point X="127.0" Y="84.0" />
  <Point X="127.0" Y="85.0" />
  <Point X="127.0" Y="86.0" />
  <Point X="127.0" Y="87.0" />
  <Point X="126.0" Y="87.0" />
  <Point X="126.0" Y="88.0" />
  <Point X="125.0" Y="89.0" />
  <Point X="125.0" Y="89.76688384631012" />
  <Point X="125.0" Y="90.0" />
  <Point X="125.0" Y="91.0" />
  <Point X="125.0" Y="92.0" />
  <Point X="124.0" Y="92.0" />
  <Point X="124.0" Y="93.0" />
  <Point X="123.0" Y="94.0" />
  <Point X="123.0" Y="95.0" />
  <Point X="123.0" Y="96.0" />
  <Point X="123.0" Y="97.0" />
  <Point X="122.3571970390204" Y="97.6428029609796" />
  <Point X="122.0" Y="98.0" />
  <Point X="122.0" Y="100.0" />
  <Point X="122.0" Y="101.0" />
  <Point X="122.0" Y="102.0" />
  <Point X="122.0" Y="103.0" />
  <Point X="122.0" Y="104.0" />
  <Point X="122.0" Y="105.0" />
  <Point X="122.0" Y="107.0" />
  <Point X="122.0" Y="107.05123748439172" />
  <Point X="122.0" Y="108.0" />
  <Point X="122.0" Y="109.0" />
  <Point X="122.0" Y="110.0" />
  <Point X="122.0" Y="111.0" />
  <Point X="122.0" Y="112.0" />
  <Point X="122.0" Y="113.0" />
  <Point X="122.0" Y="114.0" />
  <Point X="122.0" Y="115.0" />
  <Point X="122.0" Y="116.0" />
  <Point X="122.0" Y="116.60762786580561" />
  <Point X="122.0" Y="117.0" />
  <Point X="122.0" Y="118.0" />
  <Point X="122.0" Y="119.0" />
  <Point X="122.0" Y="120.0" />
  <Point X="122.0" Y="121.0" />
  <Point X="122.0" Y="122.0" />
  <Point X="122.0" Y="123.0" />
  <Point X="123.0" Y="123.0" />
  <Point X="123.0" Y="124.0" />
  <Point X="123.0" Y="125.0" />
  <Point X="123.0" Y="125.1640182472195" />
  <Point X="123.0" Y="126.0" />
  <Point X="124.0" Y="126.0" />
  <Point X="124.0" Y="127.0" />
  <Point X="125.0" Y="127.0" />
  <Point X="125.0" Y="128.0" />
  <Point X="125.0" Y="129.0" />
  <Point X="125.0" Y="130.0" />
  <Point X="126.0" Y="130.0" />
  <Point X="126.0" Y="131.0" />
  <Point X="126.50940582653197" Y="131.50940582653197" />
  <Point X="127.0" Y="132.0" />
  <Point X="127.0" Y="133.0" />
  <Point X="127.0" Y="134.0" />
  <Point X="128.0" Y="134.0" />
  <Point X="129.0" Y="135.0" />
  <Point X="129.0" Y="136.0" />
  <Point X="130.0" Y="137.0" />
  <Point X="130.0" Y="138.0" />
  <Point X="130.7312603629629" Y="138.7312603629629" />
  <Point X="131.0" Y="139.0" />
  <Point X="132.0" Y="140.0" />
  <Point X="132.0" Y="141.0" />
  <Point X="133.0" Y="141.0" />
  <Point X="133.0" Y="142.0" />
  <Point X="134.0" Y="142.0" />
  <Point X="134.0" Y="143.0" />
  <Point X="135.0" Y="143.0" />
  <Point X="136.0" Y="144.0" />
  <Point X="136.0" Y="144.3479080172226" />
  <Point X="136.0" Y="145.0" />
  <Point X="137.0" Y="145.0" />
  <Point X="137.0" Y="146.0" />
  <Point X="138.0" Y="146.0" />
  <Point X="138.0" Y="147.0" />
  <Point X="139.0" Y="147.0" />
  <Point X="140.0" Y="147.0" />
  <Point X="140.0" Y="148.0" />
  <Point X="141.0" Y="149.0" />
  <Point X="141.34654231107857" Y="149.34654231107857" />
  <Point X="142.0" Y="150.0" />
  <Point X="143.0" Y="150.0" />
  <Point X="144.0" Y="151.0" />
  <Point X="145.0" Y="151.0" />
  <Point X="145.0" Y="152.0" />
  <Point X="146.0" Y="152.0" />
  <Point X="146.0" Y="153.0" />
  <Point X="147.0" Y="153.0" />
  <Point X="148.0" Y="153.0" />
  <Point X="148.0" Y="153.21804809293113" />
  <Point X="148.0" Y="154.0" />
  <Point X="149.0" Y="154.0" />
  <Point X="150.0" Y="154.0" />
  <Point X="150.0" Y="155.0" />
  <Point X="151.0" Y="155.0" />
  <Point X="152.0" Y="155.0" />
  <Point X="153.0" Y="155.0" />
  <Point X="154.0" Y="155.0" />
  <Point X="154.0" Y="156.0" />
  <Point X="154.0" Y="156.77443847434503" />
  <Point X="154.0" Y="157.0" />
  <Point X="155.0" Y="157.0" />
  <Point X="156.0" Y="157.0" />
  <Point X="157.0" Y="157.0" />
  <Point X="158.0" Y="157.0" />
  <Point X="159.0" Y="157.0" />
  <Point X="160.0" Y="157.0" />
  <Point X="161.0" Y="157.0" />
  <Point X="162.0" Y="157.0" />
  <Point X="163.0" Y="157.0" />
  <Point X="163.33082885575894" Y="157.0" />
  <Point X="164.0" Y="157.0" />
  <Point X="165.0" Y="157.0" />
  <Point X="166.0" Y="157.0" />
  <Point X="167.0" Y="157.0" />
  <Point X="168.0" Y="157.0" />
  <Point X="168.0" Y="156.0" />
  <Point X="168.0" Y="155.0" />
  <Point X="169.0" Y="155.0" />
  <Point X="169.0" Y="154.0" />
  <Point X="169.0" Y="153.11278076282716" />
  <Point X="169.0" Y="153.0" />
  <Point X="169.0" Y="152.0" />
  <Point X="169.0" Y="151.0" />
  <Point X="169.0" Y="150.0" />
  <Point X="169.0" Y="149.0" />
  <Point X="169.0" Y="148.0" />
  <Point X="169.0" Y="147.0" />
  <Point X="169.0" Y="146.0" />
  <Point X="169.0" Y="145.0" />
  <Point X="169.0" Y="144.0" />
  <Point X="169.0" Y="143.55639038141325" />
  <Point X="169.0" Y="143.0" />
  <Point X="169.0" Y="142.0" />
  <Point X="169.0" Y="141.0" />
  <Point X="169.0" Y="140.0" />
  <Point X="169.0" Y="139.0" />
  <Point X="169.0" Y="137.0" />
  <Point X="169.0" Y="136.0" />
  <Point X="168.0" Y="136.0" />
  <Point X="168.0" Y="135.0" />
</Project_1_Part_4>
