<?xml version="1.0" encoding="utf-8" standalone="yes"?>
<Gesture Name="pigtail4" Subject="2" Number="2" NumPts="358">
  <Point X="60.0" Y="177.0" />
  <Point X="60.0" Y="178.0" />
  <Point X="61.0" Y="178.0" />
  <Point X="62.0" Y="178.0" />
  <Point X="63.0" Y="178.0" />
  <Point X="64.0" Y="178.0" />
  <Point X="64.30792323686184" Y="178.0" />
  <Point X="65.0" Y="178.0" />
  <Point X="66.0" Y="178.0" />
  <Point X="67.0" Y="178.0" />
  <Point X="68.0" Y="178.0" />
  <Point X="69.0" Y="178.0" />
  <Point X="69.61584647372368" Y="178.0" />
  <Point X="70.0" Y="178.0" />
  <Point X="70.0" Y="177.0" />
  <Point X="72.0" Y="177.0" />
  <Point X="73.0" Y="177.0" />
  <Point X="73.92376971058552" Y="177.0" />
  <Point X="74.0" Y="177.0" />
  <Point X="76.0" Y="177.0" />
  <Point X="77.0" Y="177.0" />
  <Point X="77.0" Y="176.0" />
  <Point X="78.0" Y="176.0" />
  <Point X="78.23169294744736" Y="176.0" />
  <Point X="79.0" Y="176.0" />
  <Point X="80.0" Y="176.0" />
  <Point X="81.0" Y="175.0" />
  <Point X="82.0" Y="175.0" />
  <Point X="83.0" Y="175.0" />
  <Point X="83.1254026219361" Y="175.0" />
  <Point X="84.0" Y="175.0" />
  <Point X="86.0" Y="173.0" />
  <Point X="87.0" Y="173.0" />
  <Point X="87.60489873405174" Y="173.0" />
  <Point X="88.0" Y="173.0" />
  <Point X="89.0" Y="173.0" />
  <Point X="90.0" Y="171.0" />
  <Point X="91.0" Y="171.0" />
  <Point X="91.6767539934138" Y="171.0" />
  <Point X="93.0" Y="171.0" />
  <Point X="94.0" Y="169.0" />
  <Point X="95.74860925277585" Y="169.0" />
  <Point X="96.0" Y="169.0" />
  <Point X="98.0" Y="169.0" />
  <Point X="98.0" Y="168.0" />
  <Point X="99.0" Y="168.0" />
  <Point X="100.0" Y="168.0" />
  <Point X="100.03997450678017" Y="167.96002549321983" />
  <Point X="101.0" Y="167.0" />
  <Point X="102.0" Y="167.0" />
  <Point X="103.0" Y="166.0" />
  <Point X="104.0" Y="166.0" />
  <Point X="104.37902945920973" Y="165.62097054079027" />
  <Point X="105.0" Y="165.0" />
  <Point X="106.0" Y="165.0" />
  <Point X="107.0" Y="164.0" />
  <Point X="108.0" Y="163.0" />
  <Point X="108.60131115149589" Y="163.0" />
  <Point X="110.0" Y="163.0" />
  <Point X="111.0" Y="162.0" />
  <Point X="112.0" Y="161.0" />
  <Point X="112.7642461452554" Y="160.23575385474462" />
  <Point X="113.0" Y="160.0" />
  <Point X="114.0" Y="160.0" />
  <Point X="114.0" Y="159.0" />
  <Point X="116.0" Y="159.0" />
  <Point X="116.87163444752687" Y="158.56418277623658" />
  <Point X="118.0" Y="158.0" />
  <Point X="118.0" Y="157.0" />
  <Point X="119.0" Y="157.0" />
  <Point X="119.0" Y="156.0" />
  <Point X="120.04637219746232" Y="156.0" />
  <Point X="121.0" Y="156.0" />
  <Point X="121.0" Y="155.0" />
  <Point X="122.0" Y="154.0" />
  <Point X="123.0" Y="153.0" />
  <Point X="123.52586830957796" Y="153.0" />
  <Point X="124.0" Y="153.0" />
  <Point X="125.0" Y="152.0" />
  <Point X="126.0" Y="151.0" />
  <Point X="127.0" Y="150.0" />
  <Point X="127.5911508593205" Y="150.0" />
  <Point X="128.0" Y="150.0" />
  <Point X="128.0" Y="149.0" />
  <Point X="130.0" Y="149.0" />
  <Point X="130.0" Y="148.0" />
  <Point X="130.0" Y="147.10092590381765" />
  <Point X="130.0" Y="147.0" />
  <Point X="131.0" Y="147.0" />
  <Point X="131.0" Y="146.0" />
  <Point X="132.0" Y="146.0" />
  <Point X="133.0" Y="145.0" />
  <Point X="133.0" Y="144.2072162293289" />
  <Point X="133.0" Y="144.0" />
  <Point X="134.0" Y="143.0" />
  <Point X="135.0" Y="143.0" />
  <Point X="136.0" Y="142.0" />
  <Point X="136.89963773268573" Y="141.10036226731427" />
  <Point X="137.0" Y="141.0" />
  <Point X="138.0" Y="139.0" />
  <Point X="139.0" Y="138.0" />
  <Point X="140.0" Y="137.0" />
  <Point X="140.0717674174042" Y="136.9282325825958" />
  <Point X="141.0" Y="136.0" />
  <Point X="142.0" Y="135.0" />
  <Point X="143.0" Y="135.0" />
  <Point X="143.0" Y="133.41900943285484" />
  <Point X="143.0" Y="133.0" />
  <Point X="144.0" Y="133.0" />
  <Point X="144.0" Y="132.0" />
  <Point X="146.0" Y="131.0" />
  <Point X="146.0" Y="130.34715417349278" />
  <Point X="146.0" Y="130.0" />
  <Point X="146.0" Y="129.0" />
  <Point X="147.0" Y="128.0" />
  <Point X="148.0" Y="127.0" />
  <Point X="148.0" Y="126.0" />
  <Point X="148.0935798822356" Y="125.9064201177644" />
  <Point X="149.0" Y="125.0" />
  <Point X="149.0" Y="124.0" />
  <Point X="150.0" Y="124.0" />
  <Point X="150.0" Y="123.0" />
  <Point X="150.0" Y="122.0" />
  <Point X="150.0116506355682" Y="121.97669872886358" />
  <Point X="151.0" Y="120.0" />
  <Point X="151.0" Y="119.0" />
  <Point X="152.0" Y="119.0" />
  <Point X="152.0" Y="118.0" />
  <Point X="152.09790687247363" Y="118.0" />
  <Point X="153.0" Y="118.0" />
  <Point X="153.0" Y="117.0" />
  <Point X="153.0" Y="116.0" />
  <Point X="153.0" Y="115.0" />
  <Point X="153.0" Y="114.0" />
  <Point X="153.40583010933545" Y="114.0" />
  <Point X="154.0" Y="114.0" />
  <Point X="154.0" Y="113.0" />
  <Point X="154.0" Y="112.0" />
  <Point X="154.0" Y="111.0" />
  <Point X="155.0" Y="110.0" />
  <Point X="155.0" Y="109.7004602161758" />
  <Point X="155.0" Y="109.0" />
  <Point X="155.0" Y="108.0" />
  <Point X="155.0" Y="107.0" />
  <Point X="155.0" Y="106.0" />
  <Point X="156.0" Y="105.0" />
  <Point X="156.0" Y="104.80675054168705" />
  <Point X="156.0" Y="104.0" />
  <Point X="156.0" Y="103.0" />
  <Point X="156.0" Y="102.0" />
  <Point X="156.0" Y="101.0" />
  <Point X="156.0" Y="100.0" />
  <Point X="156.0" Y="99.49882730482521" />
  <Point X="156.0" Y="99.0" />
  <Point X="156.0" Y="98.0" />
  <Point X="156.0" Y="97.0" />
  <Point X="156.0" Y="96.0" />
  <Point X="156.0" Y="95.0" />
  <Point X="156.0" Y="94.19090406796337" />
  <Point X="156.0" Y="94.0" />
  <Point X="156.0" Y="93.0" />
  <Point X="156.0" Y="92.0" />
  <Point X="156.0" Y="91.0" />
  <Point X="155.0" Y="91.0" />
  <Point X="155.0" Y="90.0" />
  <Point X="154.88298083110155" Y="90.0" />
  <Point X="154.0" Y="90.0" />
  <Point X="154.0" Y="89.0" />
  <Point X="153.0" Y="89.0" />
  <Point X="153.0" Y="88.0" />
  <Point X="152.0" Y="88.0" />
  <Point X="151.57505759423972" Y="88.0" />
  <Point X="151.0" Y="88.0" />
  <Point X="150.0" Y="88.0" />
  <Point X="149.0" Y="88.0" />
  <Point X="148.0" Y="88.0" />
  <Point X="147.0" Y="88.0" />
  <Point X="146.2671343573779" Y="88.0" />
  <Point X="146.0" Y="88.0" />
  <Point X="145.0" Y="88.0" />
  <Point X="144.0" Y="88.0" />
  <Point X="143.0" Y="88.0" />
  <Point X="142.0" Y="88.0" />
  <Point X="141.0" Y="88.0" />
  <Point X="140.95921112051607" Y="88.0" />
  <Point X="140.0" Y="88.0" />
  <Point X="139.0" Y="88.0" />
  <Point X="138.0" Y="89.0" />
  <Point X="137.0" Y="89.0" />
  <Point X="136.3392097354769" Y="89.6607902645231" />
  <Point X="136.0" Y="90.0" />
  <Point X="135.0" Y="90.0" />
  <Point X="134.0" Y="90.0" />
  <Point X="134.0" Y="91.0" />
  <Point X="134.0" Y="92.0" />
  <Point X="133.1717917715386" Y="92.0" />
  <Point X="133.0" Y="92.0" />
  <Point X="132.0" Y="92.0" />
  <Point X="131.0" Y="92.0" />
  <Point X="131.0" Y="93.0" />
  <Point X="130.0" Y="94.0" />
  <Point X="129.27808209704986" Y="94.0" />
  <Point X="129.0" Y="94.0" />
  <Point X="129.0" Y="95.0" />
  <Point X="128.0" Y="96.0" />
  <Point X="127.0" Y="96.0" />
  <Point X="127.0" Y="97.0" />
  <Point X="126.38437242256111" Y="97.0" />
  <Point X="126.0" Y="97.0" />
  <Point X="126.0" Y="98.0" />
  <Point X="125.0" Y="99.0" />
  <Point X="125.0" Y="100.0" />
  <Point X="124.0" Y="100.0" />
  <Point X="124.0" Y="100.50933725192763" />
  <Point X="124.0" Y="101.0" />
  <Point X="123.0" Y="101.0" />
  <Point X="123.0" Y="102.0" />
  <Point X="122.0" Y="102.0" />
  <Point X="122.0" Y="103.0" />
  <Point X="122.0" Y="103.81726048878947" />
  <Point X="122.0" Y="104.0" />
  <Point X="121.0" Y="104.0" />
  <Point X="121.0" Y="105.0" />
  <Point X="121.0" Y="106.0" />
  <Point X="120.0" Y="106.0" />
  <Point X="120.0" Y="107.12518372565131" />
  <Point X="120.0" Y="108.0" />
  <Point X="119.0" Y="108.0" />
  <Point X="119.0" Y="109.0" />
  <Point X="119.0" Y="110.0" />
  <Point X="118.0" Y="110.0" />
  <Point X="118.0" Y="110.43310696251315" />
  <Point X="118.0" Y="111.0" />
  <Point X="118.0" Y="112.0" />
  <Point X="118.0" Y="113.0" />
  <Point X="117.0" Y="114.0" />
  <Point X="117.0" Y="115.0" />
  <Point X="117.0" Y="115.3268166370019" />
  <Point X="117.0" Y="116.0" />
  <Point X="117.0" Y="117.0" />
  <Point X="117.0" Y="119.0" />
  <Point X="117.0" Y="120.0" />
  <Point X="117.0" Y="120.63473987386374" />
  <Point X="117.0" Y="121.0" />
  <Point X="117.0" Y="122.0" />
  <Point X="117.0" Y="123.0" />
  <Point X="117.0" Y="124.0" />
  <Point X="116.0" Y="125.0" />
  <Point X="116.0" Y="125.52844954835248" />
  <Point X="116.0" Y="126.0" />
  <Point X="116.0" Y="127.0" />
  <Point X="116.0" Y="128.0" />
  <Point X="116.0" Y="130.0" />
  <Point X="116.0" Y="130.8363727852143" />
  <Point X="116.0" Y="131.0" />
  <Point X="116.0" Y="132.0" />
  <Point X="116.0" Y="133.0" />
  <Point X="116.0" Y="134.0" />
  <Point X="116.0" Y="135.0" />
  <Point X="116.0" Y="136.0" />
  <Point X="116.0" Y="136.14429602207613" />
  <Point X="116.0" Y="137.0" />
  <Point X="116.0" Y="138.0" />
  <Point X="116.0" Y="139.0" />
  <Point X="117.0" Y="139.0" />
  <Point X="117.0" Y="140.0" />
  <Point X="117.0" Y="140.45221925893796" />
  <Point X="117.0" Y="141.0" />
  <Point X="117.0" Y="142.0" />
  <Point X="117.0" Y="143.0" />
  <Point X="117.0" Y="144.0" />
  <Point X="118.0" Y="145.0" />
  <Point X="118.0" Y="145.3459289334267" />
  <Point X="118.0" Y="146.0" />
  <Point X="118.0" Y="147.0" />
  <Point X="118.0" Y="148.0" />
  <Point X="119.0" Y="148.0" />
  <Point X="119.0" Y="149.0" />
  <Point X="119.0" Y="149.65385217028853" />
  <Point X="119.0" Y="150.0" />
  <Point X="120.0" Y="150.0" />
  <Point X="120.0" Y="151.0" />
  <Point X="120.0" Y="152.0" />
  <Point X="120.0" Y="153.0" />
  <Point X="120.96177540715037" Y="153.0" />
  <Point X="121.0" Y="153.0" />
  <Point X="121.0" Y="154.0" />
  <Point X="121.0" Y="155.0" />
  <Point X="121.0" Y="156.0" />
  <Point X="122.0" Y="156.0" />
  <Point X="122.0" Y="157.0" />
  <Point X="122.0" Y="157.2696986440122" />
  <Point X="122.0" Y="158.0" />
  <Point X="123.0" Y="159.0" />
  <Point X="123.0" Y="160.0" />
  <Point X="124.0" Y="160.0" />
  <Point X="124.0" Y="161.0" />
  <Point X="124.0" Y="161.16340831850096" />
  <Point X="124.0" Y="162.0" />
  <Point X="125.0" Y="162.0" />
  <Point X="125.0" Y="164.0" />
  <Point X="126.0" Y="164.0" />
  <Point X="126.0" Y="164.47133155536278" />
  <Point X="126.0" Y="165.0" />
  <Point X="127.0" Y="166.0" />
  <Point X="127.0" Y="167.0" />
  <Point X="128.0" Y="167.0" />
  <Point X="128.0" Y="168.0" />
  <Point X="128.36504122985153" Y="168.0" />
  <Point X="129.0" Y="168.0" />
  <Point X="129.0" Y="169.0" />
  <Point X="130.0" Y="170.0" />
  <Point X="131.0" Y="171.0" />
  <Point X="131.84453734196717" Y="171.0" />
  <Point X="132.0" Y="171.0" />
  <Point X="133.0" Y="171.0" />
  <Point X="133.0" Y="172.0" />
  <Point X="134.0" Y="172.0" />
  <Point X="136.0" Y="172.0" />
  <Point X="136.0" Y="172.152460578829" />
  <Point X="136.0" Y="173.0" />
  <Point X="137.0" Y="173.0" />
  <Point X="138.0" Y="173.0" />
  <Point X="139.0" Y="173.0" />
  <Point X="139.0" Y="174.0" />
  <Point X="139.46038381569082" Y="174.0" />
  <Point X="140.0" Y="174.0" />
  <Point X="141.0" Y="174.0" />
  <Point X="142.0" Y="174.0" />
  <Point X="143.0" Y="174.0" />
  <Point X="144.0" Y="174.0" />
  <Point X="144.76830705255264" Y="174.0" />
  <Point X="145.0" Y="174.0" />
  <Point X="146.0" Y="174.0" />
  <Point X="147.0" Y="174.0" />
  <Point X="148.0" Y="174.0" />
  <Point X="149.0" Y="174.0" />
  <Point X="150.0" Y="174.0" />
  <Point X="150.07623028941447" Y="174.0" />
  <Point X="151.0" Y="174.0" />
  <Point X="152.0" Y="174.0" />
  <Point X="153.0" Y="174.0" />
  <Point X="154.0" Y="174.0" />
  <Point X="155.0" Y="174.0" />
  <Point X="155.3841535262763" Y="174.0" />
  <Point X="156.0" Y="174.0" />
  <Point X="157.0" Y="174.0" />
  <Point X="158.0" Y="174.0" />
  <Point X="158.0" Y="173.0" />
  <Point X="157.0" Y="173.0" />
  <Point X="156.30792323686188" Y="173.0" />
  <Point X="156.0" Y="173.0" />
  <Point X="155.0" Y="173.0" />
  <Point X="154.0" Y="173.0" />
  <Point X="153.0" Y="173.0" />
  <Point X="153.0" Y="172.0" />
  <Point X="152.00000000000006" Y="172.0" />
  <Point X="152.0" Y="172.0" />
</Project_1_Part_4>
