<?xml version="1.0" encoding="utf-8" standalone="yes"?>
<Gesture Name="rectangle6" Subject="2" Number="2" NumPts="425">
  <Point X="49.0" Y="98.0" />
  <Point X="49.0" Y="99.0" />
  <Point X="49.0" Y="100.0" />
  <Point X="49.0" Y="101.0" />
  <Point X="50.0" Y="101.0" />
  <Point X="50.0" Y="102.0" />
  <Point X="50.0" Y="103.0" />
  <Point X="50.09702695828902" Y="103.0" />
  <Point X="51.0" Y="103.0" />
  <Point X="51.0" Y="104.0" />
  <Point X="52.0" Y="105.0" />
  <Point X="52.0" Y="106.0" />
  <Point X="52.0" Y="107.0" />
  <Point X="52.551430402701236" Y="107.55143040270123" />
  <Point X="53.0" Y="108.0" />
  <Point X="53.0" Y="109.0" />
  <Point X="53.0" Y="110.0" />
  <Point X="53.0" Y="111.0" />
  <Point X="54.0" Y="112.0" />
  <Point X="54.0" Y="113.0" />
  <Point X="54.0" Y="113.04844018774777" />
  <Point X="54.0" Y="114.0" />
  <Point X="54.0" Y="115.0" />
  <Point X="55.0" Y="116.0" />
  <Point X="55.0" Y="117.0" />
  <Point X="55.0" Y="118.0" />
  <Point X="55.0" Y="118.7312535836637" />
  <Point X="55.0" Y="119.0" />
  <Point X="55.0" Y="120.0" />
  <Point X="56.0" Y="121.0" />
  <Point X="56.0" Y="122.0" />
  <Point X="56.0" Y="123.0" />
  <Point X="57.0" Y="123.0" />
  <Point X="57.0" Y="123.41406697957963" />
  <Point X="57.0" Y="124.0" />
  <Point X="57.0" Y="125.0" />
  <Point X="57.0" Y="126.0" />
  <Point X="57.0" Y="127.0" />
  <Point X="57.0" Y="128.0" />
  <Point X="57.0" Y="129.0" />
  <Point X="57.0" Y="129.51109393786865" />
  <Point X="57.0" Y="130.0" />
  <Point X="58.0" Y="130.0" />
  <Point X="58.0" Y="132.0" />
  <Point X="58.0" Y="133.0" />
  <Point X="58.0" Y="134.0" />
  <Point X="58.0" Y="134.60812089615766" />
  <Point X="58.0" Y="135.0" />
  <Point X="58.0" Y="136.0" />
  <Point X="58.0" Y="137.0" />
  <Point X="58.0" Y="138.0" />
  <Point X="58.0" Y="139.0" />
  <Point X="58.0" Y="140.0" />
  <Point X="58.0" Y="140.70514785444666" />
  <Point X="58.0" Y="141.0" />
  <Point X="59.0" Y="141.0" />
  <Point X="59.0" Y="142.0" />
  <Point X="59.0" Y="143.0" />
  <Point X="59.0" Y="144.0" />
  <Point X="59.0" Y="145.0" />
  <Point X="59.0" Y="145.80217481273567" />
  <Point X="59.0" Y="146.0" />
  <Point X="59.0" Y="147.0" />
  <Point X="59.0" Y="148.0" />
  <Point X="59.0" Y="149.0" />
  <Point X="59.0" Y="150.0" />
  <Point X="59.0" Y="151.0" />
  <Point X="59.0" Y="151.89920177102468" />
  <Point X="59.0" Y="152.0" />
  <Point X="58.0" Y="152.0" />
  <Point X="58.0" Y="153.0" />
  <Point X="58.0" Y="154.0" />
  <Point X="58.0" Y="155.0" />
  <Point X="58.0" Y="156.0" />
  <Point X="58.0" Y="156.99622872931369" />
  <Point X="58.0" Y="157.0" />
  <Point X="58.0" Y="158.0" />
  <Point X="57.0" Y="159.0" />
  <Point X="57.0" Y="160.0" />
  <Point X="57.0" Y="161.0" />
  <Point X="56.0" Y="162.0" />
  <Point X="56.0" Y="162.2648285628565" />
  <Point X="56.0" Y="163.0" />
  <Point X="56.0" Y="164.0" />
  <Point X="56.0" Y="165.0" />
  <Point X="56.0" Y="166.0" />
  <Point X="55.0" Y="166.0" />
  <Point X="55.0" Y="167.0" />
  <Point X="54.744129507188205" Y="167.2558704928118" />
  <Point X="54.0" Y="168.0" />
  <Point X="54.0" Y="169.0" />
  <Point X="54.0" Y="170.0" />
  <Point X="53.0" Y="171.0" />
  <Point X="53.0" Y="172.0" />
  <Point X="53.0" Y="172.63045535468837" />
  <Point X="53.0" Y="173.0" />
  <Point X="52.0" Y="173.0" />
  <Point X="52.0" Y="174.0" />
  <Point X="51.0" Y="175.0" />
  <Point X="51.0" Y="176.0" />
  <Point X="51.0" Y="177.0" />
  <Point X="50.68673124939571" Y="177.0" />
  <Point X="50.0" Y="177.0" />
  <Point X="50.0" Y="178.0" />
  <Point X="50.0" Y="179.0" />
  <Point X="49.0" Y="179.0" />
  <Point X="49.0" Y="180.0" />
  <Point X="49.0" Y="181.0" />
  <Point X="49.0" Y="181.4102957088933" />
  <Point X="49.0" Y="182.0" />
  <Point X="49.0" Y="183.0" />
  <Point X="48.0" Y="183.0" />
  <Point X="47.0" Y="183.0" />
  <Point X="47.0" Y="184.0" />
  <Point X="47.0" Y="185.0" />
  <Point X="47.50732266718232" Y="185.0" />
  <Point X="48.0" Y="185.0" />
  <Point X="48.0" Y="184.0" />
  <Point X="49.0" Y="184.0" />
  <Point X="49.0" Y="183.0" />
  <Point X="50.0" Y="183.0" />
  <Point X="50.0" Y="182.0" />
  <Point X="50.60434962547134" Y="182.0" />
  <Point X="51.0" Y="182.0" />
  <Point X="52.0" Y="182.0" />
  <Point X="52.0" Y="181.0" />
  <Point X="53.0" Y="181.0" />
  <Point X="53.0" Y="180.0" />
  <Point X="54.0" Y="180.0" />
  <Point X="54.4959481385424" Y="179.50405186145758" />
  <Point X="55.0" Y="179.0" />
  <Point X="56.0" Y="179.0" />
  <Point X="57.0" Y="179.0" />
  <Point X="57.0" Y="178.0" />
  <Point X="58.0" Y="178.0" />
  <Point X="59.0" Y="178.0" />
  <Point X="59.38418997967629" Y="178.0" />
  <Point X="60.0" Y="178.0" />
  <Point X="61.0" Y="177.0" />
  <Point X="62.0" Y="177.0" />
  <Point X="62.0" Y="176.0" />
  <Point X="63.0" Y="176.0" />
  <Point X="64.0" Y="176.0" />
  <Point X="64.06700337559222" Y="176.0" />
  <Point X="65.0" Y="176.0" />
  <Point X="66.0" Y="176.0" />
  <Point X="67.0" Y="176.0" />
  <Point X="68.0" Y="175.0" />
  <Point X="69.0" Y="175.0" />
  <Point X="69.74981677150815" Y="175.0" />
  <Point X="70.0" Y="175.0" />
  <Point X="72.0" Y="175.0" />
  <Point X="73.0" Y="175.0" />
  <Point X="75.0" Y="175.0" />
  <Point X="75.84684372979717" Y="175.0" />
  <Point X="76.0" Y="175.0" />
  <Point X="76.0" Y="174.0" />
  <Point X="77.0" Y="174.0" />
  <Point X="78.0" Y="174.0" />
  <Point X="79.0" Y="174.0" />
  <Point X="80.0" Y="174.0" />
  <Point X="80.9438706880862" Y="174.0" />
  <Point X="82.0" Y="174.0" />
  <Point X="83.0" Y="174.0" />
  <Point X="84.0" Y="174.0" />
  <Point X="86.0" Y="174.0" />
  <Point X="87.0" Y="174.0" />
  <Point X="87.04089764637521" Y="174.0" />
  <Point X="88.0" Y="174.0" />
  <Point X="89.0" Y="174.0" />
  <Point X="90.0" Y="173.0" />
  <Point X="91.0" Y="173.0" />
  <Point X="92.0" Y="173.0" />
  <Point X="92.72371104229114" Y="173.0" />
  <Point X="93.0" Y="173.0" />
  <Point X="95.0" Y="173.0" />
  <Point X="96.0" Y="172.0" />
  <Point X="97.0" Y="172.0" />
  <Point X="98.40652443820707" Y="172.0" />
  <Point X="99.0" Y="172.0" />
  <Point X="100.0" Y="172.0" />
  <Point X="101.0" Y="172.0" />
  <Point X="103.0" Y="172.0" />
  <Point X="104.0" Y="172.0" />
  <Point X="104.50355139649609" Y="172.0" />
  <Point X="105.0" Y="172.0" />
  <Point X="106.0" Y="172.0" />
  <Point X="107.0" Y="172.0" />
  <Point X="108.0" Y="172.0" />
  <Point X="110.0" Y="172.0" />
  <Point X="110.42467302730242" Y="171.57532697269758" />
  <Point X="111.0" Y="171.0" />
  <Point X="112.0" Y="171.0" />
  <Point X="113.0" Y="171.0" />
  <Point X="114.0" Y="171.0" />
  <Point X="116.0" Y="171.0" />
  <Point X="116.28339175070104" Y="171.0" />
  <Point X="117.0" Y="171.0" />
  <Point X="118.0" Y="171.0" />
  <Point X="119.0" Y="171.0" />
  <Point X="120.0" Y="171.0" />
  <Point X="121.0" Y="171.0" />
  <Point X="122.0" Y="171.0" />
  <Point X="122.38041870899006" Y="171.0" />
  <Point X="123.0" Y="171.0" />
  <Point X="124.0" Y="171.0" />
  <Point X="125.0" Y="171.0" />
  <Point X="126.0" Y="171.0" />
  <Point X="127.0" Y="171.0" />
  <Point X="128.0" Y="171.0" />
  <Point X="128.47744566727908" Y="171.0" />
  <Point X="129.0" Y="171.0" />
  <Point X="130.0" Y="171.0" />
  <Point X="131.0" Y="171.0" />
  <Point X="132.0" Y="171.0" />
  <Point X="133.0" Y="171.0" />
  <Point X="133.0" Y="170.0" />
  <Point X="133.5744726255681" Y="170.0" />
  <Point X="134.0" Y="170.0" />
  <Point X="135.0" Y="170.0" />
  <Point X="136.0" Y="170.0" />
  <Point X="137.0" Y="170.0" />
  <Point X="138.0" Y="170.0" />
  <Point X="138.0" Y="169.0" />
  <Point X="138.0" Y="168.3285004161429" />
  <Point X="138.0" Y="168.0" />
  <Point X="138.0" Y="167.0" />
  <Point X="138.0" Y="166.0" />
  <Point X="139.0" Y="166.0" />
  <Point X="139.0" Y="165.0" />
  <Point X="139.0" Y="164.0" />
  <Point X="139.0" Y="163.2314734578539" />
  <Point X="139.0" Y="163.0" />
  <Point X="140.0" Y="163.0" />
  <Point X="140.0" Y="162.0" />
  <Point X="140.0" Y="161.0" />
  <Point X="140.0" Y="160.0" />
  <Point X="140.0" Y="159.0" />
  <Point X="140.61203874963743" Y="158.38796125036257" />
  <Point X="141.0" Y="158.0" />
  <Point X="141.0" Y="157.0" />
  <Point X="141.0" Y="156.0" />
  <Point X="141.0" Y="155.0" />
  <Point X="141.0" Y="154.0" />
  <Point X="141.0" Y="153.0" />
  <Point X="141.0" Y="152.45163310364896" />
  <Point X="141.0" Y="152.0" />
  <Point X="141.0" Y="151.0" />
  <Point X="141.0" Y="150.0" />
  <Point X="141.0" Y="149.0" />
  <Point X="141.0" Y="148.0" />
  <Point X="141.0" Y="147.0" />
  <Point X="141.0" Y="146.35460614535995" />
  <Point X="141.0" Y="146.0" />
  <Point X="142.0" Y="145.0" />
  <Point X="142.0" Y="144.0" />
  <Point X="142.0" Y="143.0" />
  <Point X="142.0" Y="142.0" />
  <Point X="142.0" Y="141.0" />
  <Point X="142.0" Y="140.67179274944402" />
  <Point X="142.0" Y="140.0" />
  <Point X="142.0" Y="139.0" />
  <Point X="142.0" Y="137.0" />
  <Point X="143.0" Y="136.0" />
  <Point X="143.0" Y="135.0" />
  <Point X="143.0" Y="134.9889793535281" />
  <Point X="143.0" Y="134.0" />
  <Point X="143.0" Y="133.0" />
  <Point X="143.0" Y="132.0" />
  <Point X="143.0" Y="131.0" />
  <Point X="143.0" Y="130.0" />
  <Point X="144.0" Y="130.0" />
  <Point X="144.0" Y="129.8919523952391" />
  <Point X="144.0" Y="129.0" />
  <Point X="144.0" Y="128.0" />
  <Point X="144.0" Y="127.0" />
  <Point X="144.0" Y="126.0" />
  <Point X="144.0" Y="125.0" />
  <Point X="144.85211639536803" Y="124.14788360463197" />
  <Point X="145.0" Y="124.0" />
  <Point X="145.0" Y="123.0" />
  <Point X="145.0" Y="122.0" />
  <Point X="145.0" Y="121.0" />
  <Point X="145.0" Y="120.0" />
  <Point X="145.0" Y="119.0" />
  <Point X="145.0" Y="118.11211204103414" />
  <Point X="145.0" Y="118.0" />
  <Point X="145.0" Y="117.0" />
  <Point X="145.0" Y="116.0" />
  <Point X="145.0" Y="115.0" />
  <Point X="145.0" Y="114.0" />
  <Point X="145.0" Y="113.0" />
  <Point X="145.0" Y="112.01508508274512" />
  <Point X="145.0" Y="112.0" />
  <Point X="145.0" Y="111.0" />
  <Point X="145.0" Y="110.0" />
  <Point X="145.0" Y="109.0" />
  <Point X="145.0" Y="108.0" />
  <Point X="145.0" Y="107.0" />
  <Point X="145.0" Y="106.0" />
  <Point X="145.0" Y="105.9180581244561" />
  <Point X="145.0" Y="105.0" />
  <Point X="145.0" Y="104.0" />
  <Point X="145.0" Y="103.0" />
  <Point X="145.0" Y="102.0" />
  <Point X="145.0" Y="101.0" />
  <Point X="145.0" Y="100.0" />
  <Point X="145.0" Y="99.82103116616707" />
  <Point X="145.0" Y="99.0" />
  <Point X="145.0" Y="98.0" />
  <Point X="145.0" Y="97.0" />
  <Point X="145.0" Y="96.0" />
  <Point X="145.0" Y="95.0" />
  <Point X="145.0" Y="94.0" />
  <Point X="145.27599579212193" Y="94.0" />
  <Point X="146.0" Y="94.0" />
  <Point X="146.0" Y="93.0" />
  <Point X="146.0" Y="92.0" />
  <Point X="146.0" Y="91.0" />
  <Point X="146.0" Y="90.0" />
  <Point X="145.0" Y="90.0" />
  <Point X="144.62697724958906" Y="90.0" />
  <Point X="144.0" Y="90.0" />
  <Point X="143.0" Y="90.0" />
  <Point X="142.0" Y="89.0" />
  <Point X="141.0" Y="89.0" />
  <Point X="140.0" Y="89.0" />
  <Point X="139.0" Y="89.0" />
  <Point X="138.94416385367313" Y="89.0" />
  <Point X="138.0" Y="89.0" />
  <Point X="137.0" Y="89.0" />
  <Point X="136.0" Y="89.0" />
  <Point X="135.0" Y="89.0" />
  <Point X="134.0" Y="89.0" />
  <Point X="133.0" Y="89.0" />
  <Point X="132.84713689538412" Y="89.0" />
  <Point X="132.0" Y="89.0" />
  <Point X="131.0" Y="89.0" />
  <Point X="130.0" Y="89.0" />
  <Point X="130.0" Y="88.0" />
  <Point X="129.0" Y="88.0" />
  <Point X="128.0" Y="88.0" />
  <Point X="127.7501099370951" Y="88.0" />
  <Point X="127.0" Y="88.0" />
  <Point X="126.0" Y="88.0" />
  <Point X="125.0" Y="88.0" />
  <Point X="124.0" Y="88.0" />
  <Point X="123.0" Y="88.0" />
  <Point X="122.0" Y="88.0" />
  <Point X="121.65308297880608" Y="88.0" />
  <Point X="121.0" Y="88.0" />
  <Point X="120.0" Y="88.0" />
  <Point X="119.0" Y="88.0" />
  <Point X="118.0" Y="88.0" />
  <Point X="117.0" Y="88.0" />
  <Point X="117.0" Y="87.0" />
  <Point X="116.55605602051706" Y="87.0" />
  <Point X="116.0" Y="87.0" />
  <Point X="114.0" Y="87.0" />
  <Point X="113.0" Y="87.0" />
  <Point X="112.0" Y="87.0" />
  <Point X="111.0" Y="87.0" />
  <Point X="110.45902906222804" Y="87.0" />
  <Point X="110.0" Y="87.0" />
  <Point X="109.0" Y="87.0" />
  <Point X="108.0" Y="87.0" />
  <Point X="107.0" Y="87.0" />
  <Point X="106.0" Y="87.0" />
  <Point X="105.0" Y="87.0" />
  <Point X="104.36200210393902" Y="87.0" />
  <Point X="104.0" Y="87.0" />
  <Point X="103.0" Y="87.0" />
  <Point X="101.0" Y="87.0" />
  <Point X="100.0" Y="87.0" />
  <Point X="99.0" Y="87.0" />
  <Point X="98.26497514565" Y="87.0" />
  <Point X="98.0" Y="87.0" />
  <Point X="97.0" Y="87.0" />
  <Point X="96.0" Y="87.0" />
  <Point X="95.0" Y="87.0" />
  <Point X="94.0" Y="87.0" />
  <Point X="93.0" Y="87.0" />
  <Point X="92.16794818736098" Y="87.0" />
  <Point X="92.0" Y="87.0" />
  <Point X="92.0" Y="88.0" />
  <Point X="91.0" Y="88.0" />
  <Point X="90.0" Y="88.0" />
  <Point X="89.0" Y="88.0" />
  <Point X="88.0" Y="88.0" />
  <Point X="87.07092122907196" Y="88.0" />
  <Point X="87.0" Y="88.0" />
  <Point X="86.0" Y="88.0" />
  <Point X="85.0" Y="89.0" />
  <Point X="84.0" Y="89.0" />
  <Point X="83.0" Y="89.0" />
  <Point X="82.0" Y="89.0" />
  <Point X="81.38810783315603" Y="89.0" />
  <Point X="81.0" Y="89.0" />
  <Point X="80.0" Y="89.0" />
  <Point X="79.0" Y="89.0" />
  <Point X="78.0" Y="89.0" />
  <Point X="77.0" Y="89.0" />
  <Point X="76.0" Y="89.0" />
  <Point X="75.291080874867" Y="89.0" />
  <Point X="75.0" Y="89.0" />
  <Point X="74.0" Y="89.0" />
  <Point X="74.0" Y="90.0" />
  <Point X="73.0" Y="90.0" />
  <Point X="72.0" Y="90.0" />
  <Point X="71.0" Y="90.0" />
  <Point X="70.19405391657799" Y="90.0" />
  <Point X="70.0" Y="90.0" />
  <Point X="69.0" Y="90.0" />
  <Point X="68.0" Y="90.0" />
  <Point X="67.0" Y="90.0" />
  <Point X="66.0" Y="90.0" />
  <Point X="65.0" Y="90.0" />
  <Point X="64.09702695828896" Y="90.0" />
  <Point X="64.0" Y="90.0" />
  <Point X="63.0" Y="90.0" />
  <Point X="62.0" Y="90.0" />
  <Point X="61.0" Y="90.0" />
  <Point X="60.0" Y="90.0" />
  <Point X="59.0" Y="90.0" />
  <Point X="58.0" Y="90.0" />
</Project_1_Part_4>
