<?xml version="1.0" encoding="utf-8" standalone="yes"?>
<Gesture Name="rectangle9" Subject="2" Number="2" NumPts="395">
  <Point X="67.0" Y="95.0" />
  <Point X="67.0" Y="96.0" />
  <Point X="67.0" Y="97.0" />
  <Point X="68.0" Y="98.0" />
  <Point X="68.0" Y="99.0" />
  <Point X="68.0" Y="100.0" />
  <Point X="68.0" Y="100.67418272973012" />
  <Point X="68.0" Y="101.0" />
  <Point X="68.0" Y="102.0" />
  <Point X="68.0" Y="103.0" />
  <Point X="68.0" Y="104.0" />
  <Point X="68.0" Y="105.0" />
  <Point X="68.0" Y="106.0" />
  <Point X="68.0" Y="106.76257902183335" />
  <Point X="68.0" Y="107.0" />
  <Point X="68.0" Y="108.0" />
  <Point X="68.0" Y="109.0" />
  <Point X="68.0" Y="111.0" />
  <Point X="68.0" Y="112.0" />
  <Point X="68.0" Y="112.85097531393657" />
  <Point X="68.0" Y="113.0" />
  <Point X="68.0" Y="114.0" />
  <Point X="68.0" Y="115.0" />
  <Point X="68.0" Y="117.0" />
  <Point X="68.0" Y="118.0" />
  <Point X="68.0" Y="118.9393716060398" />
  <Point X="68.0" Y="119.0" />
  <Point X="68.0" Y="120.0" />
  <Point X="68.0" Y="121.0" />
  <Point X="68.0" Y="122.0" />
  <Point X="68.0" Y="123.0" />
  <Point X="68.0" Y="124.0" />
  <Point X="68.0" Y="125.0" />
  <Point X="68.0" Y="125.02776789814303" />
  <Point X="68.0" Y="127.0" />
  <Point X="68.0" Y="128.0" />
  <Point X="68.0" Y="129.0" />
  <Point X="68.0" Y="130.0" />
  <Point X="68.0" Y="131.0" />
  <Point X="68.0" Y="131.11616419024625" />
  <Point X="68.0" Y="132.0" />
  <Point X="68.0" Y="133.0" />
  <Point X="68.0" Y="134.0" />
  <Point X="68.0" Y="135.0" />
  <Point X="68.0" Y="136.0" />
  <Point X="68.0" Y="137.0" />
  <Point X="68.0" Y="137.20456048234948" />
  <Point X="68.0" Y="138.0" />
  <Point X="68.0" Y="139.0" />
  <Point X="68.0" Y="140.0" />
  <Point X="68.0" Y="141.0" />
  <Point X="68.0" Y="142.0" />
  <Point X="68.0" Y="143.0" />
  <Point X="68.0" Y="143.2929567744527" />
  <Point X="68.0" Y="144.0" />
  <Point X="68.0" Y="145.0" />
  <Point X="68.0" Y="146.0" />
  <Point X="68.0" Y="147.0" />
  <Point X="68.0" Y="148.0" />
  <Point X="68.0" Y="149.0" />
  <Point X="68.0" Y="149.38135306655593" />
  <Point X="68.0" Y="150.0" />
  <Point X="68.0" Y="151.0" />
  <Point X="68.0" Y="152.0" />
  <Point X="68.0" Y="153.0" />
  <Point X="68.0" Y="154.0" />
  <Point X="68.0" Y="155.0" />
  <Point X="68.0" Y="155.46974935865916" />
  <Point X="68.0" Y="156.0" />
  <Point X="68.0" Y="157.0" />
  <Point X="67.0" Y="157.0" />
  <Point X="67.0" Y="158.0" />
  <Point X="67.0" Y="159.0" />
  <Point X="67.0" Y="160.0" />
  <Point X="67.0" Y="160.55814565076238" />
  <Point X="67.0" Y="161.0" />
  <Point X="67.0" Y="162.0" />
  <Point X="67.0" Y="163.0" />
  <Point X="67.0" Y="164.0" />
  <Point X="67.0" Y="165.0" />
  <Point X="67.0" Y="166.0" />
  <Point X="66.35345805713439" Y="166.0" />
  <Point X="66.0" Y="166.0" />
  <Point X="66.0" Y="167.0" />
  <Point X="66.0" Y="168.0" />
  <Point X="65.0" Y="169.0" />
  <Point X="65.0" Y="170.0" />
  <Point X="65.0" Y="171.0" />
  <Point X="65.0" Y="171.32072467259573" />
  <Point X="65.0" Y="172.0" />
  <Point X="65.0" Y="173.0" />
  <Point X="65.0" Y="175.0" />
  <Point X="65.0" Y="176.0" />
  <Point X="65.0" Y="177.0" />
  <Point X="65.0" Y="177.40912096469896" />
  <Point X="65.0" Y="178.0" />
  <Point X="65.0" Y="179.0" />
  <Point X="65.0" Y="180.0" />
  <Point X="65.0" Y="181.0" />
  <Point X="65.0" Y="182.0" />
  <Point X="66.0" Y="182.0" />
  <Point X="66.49751725680218" Y="182.0" />
  <Point X="67.0" Y="182.0" />
  <Point X="68.0" Y="182.0" />
  <Point X="69.0" Y="182.0" />
  <Point X="70.0" Y="182.0" />
  <Point X="71.0" Y="182.0" />
  <Point X="72.0" Y="182.0" />
  <Point X="72.0" Y="181.4140864510946" />
  <Point X="72.0" Y="181.0" />
  <Point X="74.0" Y="181.0" />
  <Point X="75.0" Y="181.0" />
  <Point X="76.0" Y="181.0" />
  <Point X="77.0" Y="181.0" />
  <Point X="77.67430984100864" Y="181.0" />
  <Point X="78.0" Y="181.0" />
  <Point X="79.0" Y="181.0" />
  <Point X="81.0" Y="181.0" />
  <Point X="82.0" Y="181.0" />
  <Point X="83.0" Y="181.0" />
  <Point X="83.76270613311186" Y="181.0" />
  <Point X="84.0" Y="181.0" />
  <Point X="85.0" Y="181.0" />
  <Point X="86.0" Y="181.0" />
  <Point X="88.0" Y="181.0" />
  <Point X="89.0" Y="181.0" />
  <Point X="89.85110242521509" Y="181.0" />
  <Point X="90.0" Y="181.0" />
  <Point X="91.0" Y="181.0" />
  <Point X="92.0" Y="181.0" />
  <Point X="93.0" Y="181.0" />
  <Point X="94.0" Y="181.0" />
  <Point X="95.93949871731832" Y="181.0" />
  <Point X="96.0" Y="181.0" />
  <Point X="97.0" Y="181.0" />
  <Point X="98.0" Y="181.0" />
  <Point X="100.0" Y="181.0" />
  <Point X="101.0" Y="181.0" />
  <Point X="102.02789500942154" Y="181.0" />
  <Point X="103.0" Y="181.0" />
  <Point X="104.0" Y="181.0" />
  <Point X="105.0" Y="181.0" />
  <Point X="106.0" Y="181.0" />
  <Point X="107.0" Y="181.0" />
  <Point X="108.0" Y="181.0" />
  <Point X="108.11629130152477" Y="181.0" />
  <Point X="110.0" Y="181.0" />
  <Point X="111.0" Y="181.0" />
  <Point X="113.0" Y="181.0" />
  <Point X="114.0" Y="181.0" />
  <Point X="114.204687593628" Y="181.0" />
  <Point X="115.0" Y="181.0" />
  <Point X="116.0" Y="181.0" />
  <Point X="118.0" Y="181.0" />
  <Point X="119.0" Y="181.0" />
  <Point X="120.0" Y="181.0" />
  <Point X="120.29308388573122" Y="181.0" />
  <Point X="122.0" Y="181.0" />
  <Point X="123.0" Y="181.0" />
  <Point X="124.0" Y="181.0" />
  <Point X="125.0" Y="181.0" />
  <Point X="126.0" Y="181.0" />
  <Point X="126.38148017783445" Y="181.0" />
  <Point X="128.0" Y="181.0" />
  <Point X="129.0" Y="181.0" />
  <Point X="130.0" Y="181.0" />
  <Point X="132.0" Y="181.0" />
  <Point X="132.46987646993767" Y="181.0" />
  <Point X="133.0" Y="181.0" />
  <Point X="134.0" Y="181.0" />
  <Point X="135.0" Y="181.0" />
  <Point X="136.0" Y="181.0" />
  <Point X="137.0" Y="181.0" />
  <Point X="138.0" Y="181.0" />
  <Point X="138.5582727620409" Y="181.0" />
  <Point X="140.0" Y="181.0" />
  <Point X="141.0" Y="181.0" />
  <Point X="142.0" Y="181.0" />
  <Point X="143.0" Y="181.0" />
  <Point X="144.0" Y="181.0" />
  <Point X="144.64666905414413" Y="181.0" />
  <Point X="145.0" Y="181.0" />
  <Point X="146.0" Y="181.0" />
  <Point X="147.0" Y="181.0" />
  <Point X="147.0" Y="180.0" />
  <Point X="148.0" Y="180.0" />
  <Point X="149.0" Y="180.0" />
  <Point X="149.73506534624735" Y="180.0" />
  <Point X="150.0" Y="180.0" />
  <Point X="151.0" Y="180.0" />
  <Point X="151.0" Y="179.0" />
  <Point X="152.0" Y="179.0" />
  <Point X="152.0" Y="178.0" />
  <Point X="152.0" Y="177.0" />
  <Point X="152.0" Y="176.17653836164942" />
  <Point X="152.0" Y="176.0" />
  <Point X="152.0" Y="175.0" />
  <Point X="152.0" Y="174.0" />
  <Point X="152.0" Y="173.0" />
  <Point X="152.0" Y="172.0" />
  <Point X="152.0" Y="171.0" />
  <Point X="152.0" Y="170.0881420695462" />
  <Point X="152.0" Y="170.0" />
  <Point X="153.0" Y="169.0" />
  <Point X="153.0" Y="168.0" />
  <Point X="153.0" Y="167.0" />
  <Point X="153.0" Y="166.0" />
  <Point X="153.0" Y="165.0" />
  <Point X="153.0" Y="164.41395933981607" />
  <Point X="153.0" Y="164.0" />
  <Point X="153.0" Y="163.0" />
  <Point X="153.0" Y="162.0" />
  <Point X="153.0" Y="161.0" />
  <Point X="154.0" Y="161.0" />
  <Point X="154.0" Y="160.0" />
  <Point X="154.0" Y="159.32556304771285" />
  <Point X="154.0" Y="159.0" />
  <Point X="155.0" Y="158.0" />
  <Point X="155.0" Y="157.0" />
  <Point X="155.0" Y="156.0" />
  <Point X="156.0" Y="155.0" />
  <Point X="156.29548515976754" Y="154.11354452069736" />
  <Point X="157.0" Y="152.0" />
  <Point X="157.0" Y="151.0" />
  <Point X="157.0" Y="150.0" />
  <Point X="158.0" Y="149.0" />
  <Point X="158.0" Y="148.55368881079406" />
  <Point X="158.0" Y="148.0" />
  <Point X="158.0" Y="146.0" />
  <Point X="160.0" Y="145.0" />
  <Point X="160.0" Y="143.70136049619063" />
  <Point X="160.0" Y="143.0" />
  <Point X="160.0" Y="142.0" />
  <Point X="160.0" Y="140.0" />
  <Point X="161.0" Y="139.0" />
  <Point X="161.0" Y="138.0271777664605" />
  <Point X="161.0" Y="138.0" />
  <Point X="162.0" Y="136.0" />
  <Point X="162.0" Y="135.0" />
  <Point X="162.0" Y="134.0" />
  <Point X="162.0" Y="133.0" />
  <Point X="162.58346954809164" Y="132.41653045190836" />
  <Point X="163.0" Y="132.0" />
  <Point X="164.0" Y="131.0" />
  <Point X="164.0" Y="129.0" />
  <Point X="164.0" Y="128.0" />
  <Point X="164.0" Y="127.0" />
  <Point X="164.03806669401666" Y="126.92386661196669" />
  <Point X="165.0" Y="125.0" />
  <Point X="166.0" Y="124.0" />
  <Point X="166.0" Y="123.0" />
  <Point X="166.0" Y="121.47676553226974" />
  <Point X="166.0" Y="121.0" />
  <Point X="167.0" Y="120.0" />
  <Point X="168.0" Y="119.0" />
  <Point X="168.0" Y="118.0" />
  <Point X="168.0" Y="117.0" />
  <Point X="168.0" Y="116.21679636491271" />
  <Point X="168.0" Y="116.0" />
  <Point X="169.0" Y="115.0" />
  <Point X="169.0" Y="114.0" />
  <Point X="170.0" Y="113.0" />
  <Point X="170.0" Y="112.0" />
  <Point X="170.0" Y="111.0" />
  <Point X="170.0305277813712" Y="110.9694722186288" />
  <Point X="171.0" Y="110.0" />
  <Point X="171.0" Y="109.0" />
  <Point X="171.0" Y="108.0" />
  <Point X="172.0" Y="108.0" />
  <Point X="172.0" Y="106.28264446782555" />
  <Point X="172.0" Y="106.0" />
  <Point X="173.0" Y="106.0" />
  <Point X="173.0" Y="105.0" />
  <Point X="173.0" Y="104.0" />
  <Point X="173.0" Y="103.0" />
  <Point X="174.0" Y="102.0" />
  <Point X="174.0" Y="101.60846173809543" />
  <Point X="174.0" Y="101.0" />
  <Point X="175.0" Y="100.0" />
  <Point X="176.0" Y="100.0" />
  <Point X="176.0" Y="99.0" />
  <Point X="176.0" Y="98.0" />
  <Point X="177.0" Y="98.0" />
  <Point X="177.0" Y="97.93427900836531" />
  <Point X="177.0" Y="97.0" />
  <Point X="177.0" Y="96.0" />
  <Point X="177.0" Y="95.0" />
  <Point X="178.0" Y="95.0" />
  <Point X="178.0" Y="94.0" />
  <Point X="178.0" Y="93.0" />
  <Point X="178.15411728373792" Y="93.0" />
  <Point X="179.0" Y="93.0" />
  <Point X="179.0" Y="92.0" />
  <Point X="179.0" Y="91.0" />
  <Point X="180.0" Y="91.0" />
  <Point X="180.0" Y="90.0" />
  <Point X="179.0" Y="90.0" />
  <Point X="178.75748642415886" Y="90.0" />
  <Point X="178.0" Y="90.0" />
  <Point X="177.0" Y="90.0" />
  <Point X="176.0" Y="90.0" />
  <Point X="175.0" Y="90.0" />
  <Point X="175.0" Y="89.0" />
  <Point X="174.0" Y="89.0" />
  <Point X="173.66909013205563" Y="89.0" />
  <Point X="173.0" Y="89.0" />
  <Point X="172.0" Y="89.0" />
  <Point X="171.0" Y="89.0" />
  <Point X="170.0" Y="89.0" />
  <Point X="170.0" Y="88.0" />
  <Point X="168.5806938399524" Y="88.0" />
  <Point X="168.0" Y="88.0" />
  <Point X="167.0" Y="88.0" />
  <Point X="166.0" Y="87.0" />
  <Point X="165.0" Y="87.0" />
  <Point X="164.0" Y="87.0" />
  <Point X="163.0" Y="87.0" />
  <Point X="162.90651111022228" Y="87.0" />
  <Point X="162.0" Y="87.0" />
  <Point X="161.0" Y="87.0" />
  <Point X="160.0" Y="87.0" />
  <Point X="158.0" Y="87.0" />
  <Point X="157.0" Y="87.0" />
  <Point X="156.87138775449463" Y="86.87138775449463" />
  <Point X="156.0" Y="86.0" />
  <Point X="155.0" Y="86.0" />
  <Point X="153.0" Y="86.0" />
  <Point X="152.0" Y="86.0" />
  <Point X="151.14393208838894" Y="86.0" />
  <Point X="150.0" Y="86.0" />
  <Point X="149.0" Y="85.0" />
  <Point X="148.0" Y="85.0" />
  <Point X="147.0" Y="85.0" />
  <Point X="146.0" Y="85.0" />
  <Point X="145.46974935865882" Y="85.0" />
  <Point X="144.0" Y="85.0" />
  <Point X="142.0" Y="85.0" />
  <Point X="141.0" Y="85.0" />
  <Point X="139.3813530665556" Y="85.0" />
  <Point X="139.0" Y="85.0" />
  <Point X="138.0" Y="85.0" />
  <Point X="137.0" Y="85.0" />
  <Point X="136.0" Y="85.0" />
  <Point X="135.0" Y="85.0" />
  <Point X="134.0" Y="85.0" />
  <Point X="133.29295677445236" Y="85.0" />
  <Point X="132.0" Y="85.0" />
  <Point X="131.0" Y="85.0" />
  <Point X="129.0" Y="85.0" />
  <Point X="127.20456048234914" Y="85.0" />
  <Point X="127.0" Y="85.0" />
  <Point X="126.0" Y="85.0" />
  <Point X="124.0" Y="85.0" />
  <Point X="123.0" Y="85.0" />
  <Point X="121.11616419024591" Y="85.0" />
  <Point X="121.0" Y="85.0" />
  <Point X="119.0" Y="85.0" />
  <Point X="118.0" Y="85.0" />
  <Point X="117.0" Y="85.0" />
  <Point X="116.0" Y="84.0" />
  <Point X="115.44198146051579" Y="84.0" />
  <Point X="115.0" Y="84.0" />
  <Point X="114.0" Y="84.0" />
  <Point X="113.0" Y="84.0" />
  <Point X="112.0" Y="84.0" />
  <Point X="111.0" Y="84.0" />
  <Point X="109.35358516841256" Y="84.0" />
  <Point X="109.0" Y="84.0" />
  <Point X="108.0" Y="84.0" />
  <Point X="107.0" Y="84.0" />
  <Point X="106.0" Y="84.0" />
  <Point X="105.0" Y="84.0" />
  <Point X="104.0" Y="84.0" />
  <Point X="103.26518887630934" Y="84.0" />
  <Point X="103.0" Y="84.0" />
  <Point X="102.0" Y="84.0" />
  <Point X="101.0" Y="84.0" />
  <Point X="100.0" Y="84.0" />
  <Point X="99.0" Y="84.0" />
  <Point X="98.0" Y="84.0" />
  <Point X="97.17679258420611" Y="84.0" />
  <Point X="97.0" Y="84.0" />
  <Point X="96.0" Y="84.0" />
  <Point X="95.0" Y="84.0" />
  <Point X="94.0" Y="84.0" />
  <Point X="93.0" Y="84.0" />
  <Point X="92.0" Y="84.0" />
  <Point X="91.08839629210289" Y="84.0" />
  <Point X="91.0" Y="84.0" />
  <Point X="90.0" Y="84.0" />
  <Point X="90.0" Y="85.0" />
  <Point X="89.0" Y="85.0" />
  <Point X="88.0" Y="85.0" />
  <Point X="87.0" Y="85.0" />
  <Point X="86.0" Y="85.0" />
</Project_1_Part_4>
