<?xml version="1.0" encoding="utf-8" standalone="yes"?>
<Gesture Name="rectangle8" Subject="2" Number="2" NumPts="385">
  <Point X="227.0" Y="20.0" />
  <Point X="218.80432273905544" Y="23.915712469117956" />
  <Point X="210.60864547811087" Y="27.831424938235912" />
  <Point X="202.4129682171663" Y="31.74713740735387" />
  <Point X="194.21729095622175" Y="35.662849876471824" />
  <Point X="186.02161369527718" Y="39.57856234558978" />
  <Point X="177.82593643433262" Y="43.49427481470774" />
  <Point X="169.63025917338805" Y="47.40998728382569" />
  <Point X="161.4345819124435" Y="51.32569975294365" />
  <Point X="153.23890465149893" Y="55.241412222061605" />
  <Point X="145.04322739055436" Y="59.15712469117956" />
  <Point X="136.8475501296098" Y="63.07283716029752" />
  <Point X="128.65187286866524" Y="66.98854962941547" />
  <Point X="120.45619560772067" Y="70.90426209853344" />
  <Point X="112.26051834677611" Y="74.8199745676514" />
  <Point X="104.06484108583155" Y="78.73568703676936" />
  <Point X="95.86916382488698" Y="82.65139950588733" />
  <Point X="87.67348656394242" Y="86.56711197500529" />
  <Point X="79.47780930299785" Y="90.48282444412325" />
  <Point X="71.28213204205329" Y="94.3985369132412" />
  <Point X="63.08645478110873" Y="98.31424938235916" />
  <Point X="54.890777520164164" Y="102.22996185147713" />
  <Point X="47.0" Y="106.0" />
  <Point X="47.337912502889125" Y="106.0" />
  <Point X="48.0" Y="106.0" />
  <Point X="48.0" Y="107.0" />
  <Point X="48.0" Y="108.0" />
  <Point X="48.0" Y="109.0" />
  <Point X="48.0" Y="110.0" />
  <Point X="49.0" Y="110.0" />
  <Point X="49.0" Y="111.0" />
  <Point X="49.0" Y="112.0" />
  <Point X="49.0" Y="113.0" />
  <Point X="49.29767060195849" Y="113.29767060195849" />
  <Point X="50.0" Y="114.0" />
  <Point X="50.0" Y="115.0" />
  <Point X="50.0" Y="116.0" />
  <Point X="50.0" Y="117.0" />
  <Point X="50.0" Y="118.0" />
  <Point X="50.0" Y="120.0" />
  <Point X="51.0" Y="121.0" />
  <Point X="51.0" Y="121.6755999771836" />
  <Point X="51.0" Y="122.0" />
  <Point X="51.0" Y="123.0" />
  <Point X="51.0" Y="124.0" />
  <Point X="51.0" Y="125.0" />
  <Point X="51.0" Y="127.0" />
  <Point X="51.0" Y="128.0" />
  <Point X="51.0" Y="129.0" />
  <Point X="51.0" Y="130.0" />
  <Point X="51.0" Y="130.75865727670393" />
  <Point X="51.0" Y="131.0" />
  <Point X="51.0" Y="132.0" />
  <Point X="51.0" Y="134.0" />
  <Point X="51.0" Y="135.0" />
  <Point X="51.0" Y="136.0" />
  <Point X="51.0" Y="137.0" />
  <Point X="51.0" Y="139.0" />
  <Point X="51.0" Y="139.84171457622426" />
  <Point X="51.0" Y="140.0" />
  <Point X="51.0" Y="141.0" />
  <Point X="51.0" Y="142.0" />
  <Point X="51.0" Y="143.0" />
  <Point X="51.0" Y="144.0" />
  <Point X="51.0" Y="146.0" />
  <Point X="51.0" Y="147.0" />
  <Point X="51.0" Y="148.0" />
  <Point X="51.0" Y="148.9247718757446" />
  <Point X="51.0" Y="149.0" />
  <Point X="51.0" Y="150.0" />
  <Point X="51.0" Y="151.0" />
  <Point X="51.0" Y="152.0" />
  <Point X="51.0" Y="153.0" />
  <Point X="50.0" Y="154.0" />
  <Point X="50.0" Y="155.0" />
  <Point X="50.0" Y="156.0" />
  <Point X="49.0" Y="156.0" />
  <Point X="49.0" Y="156.59361561289182" />
  <Point X="49.0" Y="157.0" />
  <Point X="49.0" Y="158.0" />
  <Point X="49.0" Y="159.0" />
  <Point X="49.0" Y="160.0" />
  <Point X="49.0" Y="161.0" />
  <Point X="49.0" Y="162.0" />
  <Point X="49.0" Y="163.0" />
  <Point X="48.0" Y="164.0" />
  <Point X="48.0" Y="165.0" />
  <Point X="48.0" Y="165.26245935003905" />
  <Point X="48.0" Y="166.0" />
  <Point X="48.0" Y="167.0" />
  <Point X="48.0" Y="168.0" />
  <Point X="48.0" Y="169.0" />
  <Point X="48.0" Y="170.0" />
  <Point X="48.0" Y="171.0" />
  <Point X="48.0" Y="172.0" />
  <Point X="47.0" Y="172.0" />
  <Point X="47.0" Y="173.34551664955939" />
  <Point X="47.0" Y="174.0" />
  <Point X="47.0" Y="175.0" />
  <Point X="47.0" Y="176.0" />
  <Point X="47.0" Y="177.0" />
  <Point X="47.0" Y="178.0" />
  <Point X="47.0" Y="179.0" />
  <Point X="47.0" Y="180.0" />
  <Point X="47.0" Y="181.0" />
  <Point X="47.0" Y="182.0" />
  <Point X="47.0" Y="182.42857394907972" />
  <Point X="47.0" Y="183.0" />
  <Point X="47.0" Y="184.0" />
  <Point X="48.0" Y="184.0" />
  <Point X="48.0" Y="185.0" />
  <Point X="48.0" Y="186.0" />
  <Point X="49.0" Y="186.0" />
  <Point X="50.0" Y="186.0" />
  <Point X="51.0" Y="186.0" />
  <Point X="52.0" Y="186.0" />
  <Point X="52.511631248600054" Y="186.0" />
  <Point X="53.0" Y="186.0" />
  <Point X="54.0" Y="186.0" />
  <Point X="55.0" Y="186.0" />
  <Point X="56.0" Y="186.0" />
  <Point X="57.0" Y="186.0" />
  <Point X="58.0" Y="186.0" />
  <Point X="59.0" Y="186.0" />
  <Point X="60.0" Y="186.0" />
  <Point X="61.0" Y="186.0" />
  <Point X="61.59468854812039" Y="186.0" />
  <Point X="62.0" Y="186.0" />
  <Point X="63.0" Y="186.0" />
  <Point X="65.0" Y="186.0" />
  <Point X="66.0" Y="186.0" />
  <Point X="67.0" Y="186.0" />
  <Point X="68.0" Y="186.0" />
  <Point X="70.0" Y="186.0" />
  <Point X="70.47923868478777" Y="185.5207613152122" />
  <Point X="71.0" Y="185.0" />
  <Point X="72.0" Y="185.0" />
  <Point X="74.0" Y="185.0" />
  <Point X="75.0" Y="185.0" />
  <Point X="76.0" Y="185.0" />
  <Point X="77.0" Y="185.0" />
  <Point X="79.0" Y="185.0" />
  <Point X="79.34658958478796" Y="185.0" />
  <Point X="80.0" Y="185.0" />
  <Point X="82.0" Y="185.0" />
  <Point X="83.0" Y="185.0" />
  <Point X="84.0" Y="185.0" />
  <Point X="86.0" Y="185.0" />
  <Point X="87.0" Y="185.0" />
  <Point X="88.4296468843083" Y="185.0" />
  <Point X="89.0" Y="185.0" />
  <Point X="90.0" Y="185.0" />
  <Point X="92.0" Y="185.0" />
  <Point X="94.0" Y="185.0" />
  <Point X="95.0" Y="185.0" />
  <Point X="96.0" Y="185.0" />
  <Point X="97.51270418382863" Y="185.0" />
  <Point X="99.0" Y="185.0" />
  <Point X="100.0" Y="185.0" />
  <Point X="101.0" Y="185.0" />
  <Point X="102.0" Y="185.0" />
  <Point X="104.0" Y="185.0" />
  <Point X="106.59576148334897" Y="185.0" />
  <Point X="107.0" Y="185.0" />
  <Point X="108.0" Y="185.0" />
  <Point X="109.0" Y="185.0" />
  <Point X="110.0" Y="185.0" />
  <Point X="111.0" Y="185.0" />
  <Point X="112.0" Y="185.0" />
  <Point X="114.0" Y="185.0" />
  <Point X="115.6788187828693" Y="185.0" />
  <Point X="116.0" Y="185.0" />
  <Point X="117.0" Y="185.0" />
  <Point X="118.0" Y="185.0" />
  <Point X="120.0" Y="185.0" />
  <Point X="122.0" Y="184.0" />
  <Point X="123.0" Y="184.0" />
  <Point X="124.0" Y="184.0" />
  <Point X="124.52580810488985" Y="184.0" />
  <Point X="125.0" Y="184.0" />
  <Point X="126.0" Y="184.0" />
  <Point X="128.0" Y="184.0" />
  <Point X="129.0" Y="184.0" />
  <Point X="131.0" Y="184.0" />
  <Point X="132.0" Y="184.0" />
  <Point X="133.0" Y="184.0" />
  <Point X="133.60886540441018" Y="184.0" />
  <Point X="135.0" Y="184.0" />
  <Point X="136.0" Y="184.0" />
  <Point X="137.0" Y="184.0" />
  <Point X="138.0" Y="184.0" />
  <Point X="139.0" Y="184.0" />
  <Point X="140.0" Y="184.0" />
  <Point X="142.0" Y="184.0" />
  <Point X="142.69192270393052" Y="184.0" />
  <Point X="143.0" Y="184.0" />
  <Point X="145.0" Y="184.0" />
  <Point X="146.0" Y="184.0" />
  <Point X="147.0" Y="184.0" />
  <Point X="148.0" Y="184.0" />
  <Point X="149.0" Y="184.0" />
  <Point X="150.0" Y="184.0" />
  <Point X="151.0" Y="184.0" />
  <Point X="151.77498000345085" Y="184.0" />
  <Point X="152.0" Y="184.0" />
  <Point X="153.0" Y="184.0" />
  <Point X="153.0" Y="183.0" />
  <Point X="153.0" Y="182.0" />
  <Point X="153.0" Y="181.0" />
  <Point X="153.0" Y="180.0" />
  <Point X="153.0" Y="179.0" />
  <Point X="153.0" Y="178.0" />
  <Point X="154.0" Y="178.0" />
  <Point X="154.0" Y="177.14196269702882" />
  <Point X="154.0" Y="177.0" />
  <Point X="154.0" Y="176.0" />
  <Point X="154.0" Y="175.0" />
  <Point X="154.0" Y="174.0" />
  <Point X="154.0" Y="173.0" />
  <Point X="154.0" Y="172.0" />
  <Point X="154.0" Y="171.0" />
  <Point X="155.0" Y="170.0" />
  <Point X="155.0" Y="169.0" />
  <Point X="155.0" Y="168.4731189598816" />
  <Point X="155.0" Y="168.0" />
  <Point X="155.0" Y="167.0" />
  <Point X="155.0" Y="166.0" />
  <Point X="156.0" Y="165.0" />
  <Point X="156.0" Y="164.0" />
  <Point X="156.0" Y="163.0" />
  <Point X="157.0" Y="163.0" />
  <Point X="157.0" Y="161.0" />
  <Point X="157.0" Y="160.80427522273436" />
  <Point X="157.0" Y="160.0" />
  <Point X="157.0" Y="159.0" />
  <Point X="157.0" Y="157.0" />
  <Point X="158.0" Y="155.0" />
  <Point X="159.0" Y="154.0" />
  <Point X="159.0" Y="153.0" />
  <Point X="159.0" Y="152.3714994630869" />
  <Point X="159.0" Y="152.0" />
  <Point X="159.0" Y="151.0" />
  <Point X="159.0" Y="150.0" />
  <Point X="159.0" Y="149.0" />
  <Point X="159.0" Y="148.0" />
  <Point X="159.0" Y="147.0" />
  <Point X="159.0" Y="146.0" />
  <Point X="160.0" Y="145.0" />
  <Point X="160.0" Y="144.0" />
  <Point X="160.0" Y="143.70265572593968" />
  <Point X="160.0" Y="143.0" />
  <Point X="160.0" Y="142.0" />
  <Point X="160.0" Y="141.0" />
  <Point X="160.0" Y="140.0" />
  <Point X="161.0" Y="139.0" />
  <Point X="161.0" Y="138.0" />
  <Point X="161.0" Y="137.0" />
  <Point X="161.0" Y="136.0" />
  <Point X="161.96618801120755" Y="136.0" />
  <Point X="162.0" Y="136.0" />
  <Point X="162.0" Y="135.0" />
  <Point X="162.0" Y="134.0" />
  <Point X="162.0" Y="133.0" />
  <Point X="162.0" Y="132.0" />
  <Point X="162.0" Y="131.0" />
  <Point X="162.0" Y="130.0" />
  <Point X="162.0" Y="129.0" />
  <Point X="162.0" Y="128.0" />
  <Point X="162.0" Y="127.0" />
  <Point X="162.0" Y="126.95075468927212" />
  <Point X="162.0" Y="126.0" />
  <Point X="162.0" Y="125.0" />
  <Point X="163.0" Y="125.0" />
  <Point X="163.0" Y="124.0" />
  <Point X="163.0" Y="123.0" />
  <Point X="163.0" Y="122.0" />
  <Point X="163.0" Y="121.0" />
  <Point X="163.0" Y="120.0" />
  <Point X="162.0" Y="120.0" />
  <Point X="161.86769738975178" Y="120.0" />
  <Point X="161.0" Y="120.0" />
  <Point X="161.0" Y="119.0" />
  <Point X="160.0" Y="119.0" />
  <Point X="160.0" Y="118.0" />
  <Point X="159.0" Y="118.0" />
  <Point X="159.0" Y="117.0" />
  <Point X="158.0" Y="117.0" />
  <Point X="157.0" Y="117.0" />
  <Point X="156.0" Y="117.0" />
  <Point X="156.0" Y="116.78464009023145" />
  <Point X="156.0" Y="116.0" />
  <Point X="155.0" Y="116.0" />
  <Point X="154.0" Y="116.0" />
  <Point X="153.0" Y="116.0" />
  <Point X="152.0" Y="115.0" />
  <Point X="151.0" Y="115.0" />
  <Point X="150.0" Y="115.0" />
  <Point X="149.0" Y="115.0" />
  <Point X="148.11579635308422" Y="115.0" />
  <Point X="148.0" Y="115.0" />
  <Point X="146.0" Y="114.0" />
  <Point X="145.0" Y="114.0" />
  <Point X="144.0" Y="113.0" />
  <Point X="143.0" Y="113.0" />
  <Point X="142.0" Y="113.0" />
  <Point X="141.0" Y="113.0" />
  <Point X="140.0" Y="113.0" />
  <Point X="139.68302059343677" Y="113.0" />
  <Point X="139.0" Y="113.0" />
  <Point X="138.0" Y="112.0" />
  <Point X="137.0" Y="112.0" />
  <Point X="136.0" Y="112.0" />
  <Point X="135.0" Y="112.0" />
  <Point X="134.0" Y="111.0" />
  <Point X="133.0" Y="111.0" />
  <Point X="131.42839041866262" Y="111.0" />
  <Point X="131.0" Y="111.0" />
  <Point X="130.0" Y="111.0" />
  <Point X="128.0" Y="111.0" />
  <Point X="127.0" Y="111.0" />
  <Point X="127.0" Y="110.0" />
  <Point X="125.0" Y="110.0" />
  <Point X="123.34533311914228" Y="110.0" />
  <Point X="123.0" Y="110.0" />
  <Point X="122.0" Y="110.0" />
  <Point X="120.0" Y="110.0" />
  <Point X="119.0" Y="110.0" />
  <Point X="117.0" Y="110.0" />
  <Point X="115.0" Y="110.0" />
  <Point X="114.26227581962195" Y="110.0" />
  <Point X="114.0" Y="110.0" />
  <Point X="113.0" Y="110.0" />
  <Point X="112.0" Y="110.0" />
  <Point X="110.0" Y="110.0" />
  <Point X="109.0" Y="110.0" />
  <Point X="107.0" Y="109.0" />
  <Point X="106.0" Y="109.0" />
  <Point X="105.4152864976014" Y="109.0" />
  <Point X="104.0" Y="109.0" />
  <Point X="102.0" Y="109.0" />
  <Point X="101.0" Y="109.0" />
  <Point X="100.0" Y="109.0" />
  <Point X="99.0" Y="109.0" />
  <Point X="98.0" Y="109.0" />
  <Point X="97.0" Y="109.0" />
  <Point X="96.33222919808107" Y="109.0" />
  <Point X="96.0" Y="109.0" />
  <Point X="95.0" Y="109.0" />
  <Point X="94.0" Y="109.0" />
  <Point X="93.0" Y="109.0" />
  <Point X="92.0" Y="109.0" />
  <Point X="91.0" Y="109.0" />
  <Point X="90.0" Y="109.0" />
  <Point X="88.0" Y="109.0" />
  <Point X="87.24917189856073" Y="109.0" />
  <Point X="87.0" Y="109.0" />
  <Point X="86.0" Y="109.0" />
  <Point X="85.0" Y="109.0" />
  <Point X="84.0" Y="109.0" />
  <Point X="83.0" Y="109.0" />
  <Point X="82.0" Y="109.0" />
  <Point X="81.0" Y="109.0" />
  <Point X="80.0" Y="109.0" />
  <Point X="79.0" Y="109.0" />
  <Point X="78.1661145990404" Y="109.0" />
  <Point X="78.0" Y="109.0" />
  <Point X="77.0" Y="109.0" />
  <Point X="76.0" Y="109.0" />
  <Point X="75.0" Y="109.0" />
  <Point X="74.0" Y="109.0" />
  <Point X="73.0" Y="109.0" />
  <Point X="72.0" Y="109.0" />
  <Point X="71.0" Y="109.0" />
  <Point X="70.0" Y="109.0" />
  <Point X="69.08305729952006" Y="109.0" />
  <Point X="69.0" Y="109.0" />
  <Point X="68.0" Y="109.0" />
  <Point X="67.0" Y="109.0" />
  <Point X="66.0" Y="109.0" />
  <Point X="65.0" Y="109.0" />
  <Point X="64.0" Y="109.0" />
  <Point X="63.0" Y="109.0" />
  <Point X="62.0" Y="109.0" />
  <Point X="61.0" Y="109.0" />
  <Point X="60.0" Y="109.0" />
</Project_1_Part_4>
