<?xml version="1.0" encoding="utf-8" standalone="yes"?>
<Gesture Name="rectangle7" Subject="2" Number="2" NumPts="405">
  <Point X="63.0" Y="104.0" />
  <Point X="63.0" Y="105.0" />
  <Point X="63.0" Y="106.0" />
  <Point X="63.0" Y="107.0" />
  <Point X="62.0" Y="107.0" />
  <Point X="62.0" Y="108.0" />
  <Point X="62.0" Y="108.87268777397972" />
  <Point X="62.0" Y="109.0" />
  <Point X="62.0" Y="110.0" />
  <Point X="62.0" Y="111.0" />
  <Point X="62.0" Y="112.0" />
  <Point X="62.0" Y="113.0" />
  <Point X="62.0" Y="114.0" />
  <Point X="61.47293989550724" Y="114.52706010449276" />
  <Point X="61.0" Y="115.0" />
  <Point X="61.0" Y="116.0" />
  <Point X="61.0" Y="117.0" />
  <Point X="60.0" Y="118.0" />
  <Point X="60.0" Y="119.0" />
  <Point X="60.0" Y="119.78963619719298" />
  <Point X="60.0" Y="120.0" />
  <Point X="60.0" Y="121.0" />
  <Point X="60.0" Y="122.0" />
  <Point X="60.0" Y="123.0" />
  <Point X="60.0" Y="124.0" />
  <Point X="60.0" Y="125.6623239711727" />
  <Point X="60.0" Y="126.0" />
  <Point X="59.0" Y="126.0" />
  <Point X="59.0" Y="127.0" />
  <Point X="59.0" Y="128.0" />
  <Point X="59.0" Y="129.0" />
  <Point X="59.0" Y="130.0" />
  <Point X="59.0" Y="130.53501174515242" />
  <Point X="59.0" Y="131.0" />
  <Point X="59.0" Y="132.0" />
  <Point X="59.0" Y="133.0" />
  <Point X="59.0" Y="134.0" />
  <Point X="58.0" Y="136.0" />
  <Point X="58.0" Y="136.17163154163234" />
  <Point X="58.0" Y="137.0" />
  <Point X="58.0" Y="139.0" />
  <Point X="58.0" Y="140.0" />
  <Point X="58.0" Y="141.0" />
  <Point X="58.0" Y="142.0" />
  <Point X="57.968661511393165" Y="142.03133848860682" />
  <Point X="57.0" Y="143.0" />
  <Point X="57.0" Y="144.0" />
  <Point X="57.0" Y="145.0" />
  <Point X="57.0" Y="146.0" />
  <Point X="56.0" Y="146.0" />
  <Point X="56.0" Y="146.50279352721867" />
  <Point X="56.0" Y="147.0" />
  <Point X="56.0" Y="148.0" />
  <Point X="56.0" Y="150.0" />
  <Point X="56.0" Y="151.0" />
  <Point X="56.0" Y="152.0" />
  <Point X="56.0" Y="152.3754813011984" />
  <Point X="56.0" Y="153.0" />
  <Point X="56.0" Y="154.0" />
  <Point X="56.0" Y="155.0" />
  <Point X="56.0" Y="156.0" />
  <Point X="56.0" Y="157.0" />
  <Point X="56.0" Y="158.0" />
  <Point X="56.0" Y="158.2481690751781" />
  <Point X="56.0" Y="159.0" />
  <Point X="56.0" Y="160.0" />
  <Point X="56.0" Y="161.0" />
  <Point X="56.0" Y="162.0" />
  <Point X="56.0" Y="163.0" />
  <Point X="56.0" Y="164.0" />
  <Point X="56.0" Y="164.12085684915783" />
  <Point X="56.0" Y="165.0" />
  <Point X="56.0" Y="166.0" />
  <Point X="57.0" Y="166.0" />
  <Point X="57.0" Y="167.0" />
  <Point X="57.0" Y="168.0" />
  <Point X="57.0" Y="168.99354462313755" />
  <Point X="57.0" Y="169.0" />
  <Point X="57.0" Y="170.0" />
  <Point X="57.0" Y="171.0" />
  <Point X="57.0" Y="172.0" />
  <Point X="58.0" Y="172.0" />
  <Point X="58.0" Y="173.0" />
  <Point X="58.0" Y="173.86623239711727" />
  <Point X="58.0" Y="174.0" />
  <Point X="58.0" Y="175.0" />
  <Point X="59.0" Y="175.0" />
  <Point X="59.0" Y="176.0" />
  <Point X="60.0" Y="176.0" />
  <Point X="60.0" Y="177.0" />
  <Point X="60.73892017109699" Y="177.0" />
  <Point X="61.0" Y="177.0" />
  <Point X="62.0" Y="177.0" />
  <Point X="63.0" Y="177.0" />
  <Point X="64.0" Y="177.0" />
  <Point X="65.0" Y="177.0" />
  <Point X="66.0" Y="177.0" />
  <Point X="66.61160794507671" Y="177.0" />
  <Point X="67.0" Y="177.0" />
  <Point X="68.0" Y="177.0" />
  <Point X="69.0" Y="177.0" />
  <Point X="70.0" Y="177.0" />
  <Point X="71.0" Y="177.0" />
  <Point X="72.0" Y="177.0" />
  <Point X="72.48429571905643" Y="177.0" />
  <Point X="73.0" Y="177.0" />
  <Point X="74.0" Y="177.0" />
  <Point X="76.0" Y="177.0" />
  <Point X="77.0" Y="177.0" />
  <Point X="78.0" Y="177.0" />
  <Point X="78.35698349303615" Y="177.0" />
  <Point X="79.0" Y="177.0" />
  <Point X="80.0" Y="177.0" />
  <Point X="81.0" Y="177.0" />
  <Point X="82.0" Y="177.0" />
  <Point X="83.0" Y="177.0" />
  <Point X="84.0" Y="177.0" />
  <Point X="84.22967126701587" Y="177.0" />
  <Point X="85.0" Y="177.0" />
  <Point X="86.0" Y="177.0" />
  <Point X="87.0" Y="177.0" />
  <Point X="88.0" Y="177.0" />
  <Point X="90.0" Y="177.0" />
  <Point X="90.1023590409956" Y="177.0" />
  <Point X="91.0" Y="177.0" />
  <Point X="92.0" Y="177.0" />
  <Point X="93.0" Y="177.0" />
  <Point X="94.0" Y="177.0" />
  <Point X="95.97504681497531" Y="177.0" />
  <Point X="97.0" Y="177.0" />
  <Point X="98.0" Y="177.0" />
  <Point X="99.0" Y="177.0" />
  <Point X="100.0" Y="177.0" />
  <Point X="101.0" Y="177.0" />
  <Point X="101.84773458895503" Y="177.0" />
  <Point X="102.0" Y="177.0" />
  <Point X="104.0" Y="177.0" />
  <Point X="105.0" Y="177.0" />
  <Point X="107.0" Y="177.0" />
  <Point X="107.72042236293476" Y="177.0" />
  <Point X="108.0" Y="177.0" />
  <Point X="109.0" Y="177.0" />
  <Point X="111.0" Y="177.0" />
  <Point X="112.0" Y="177.0" />
  <Point X="113.0" Y="177.0" />
  <Point X="113.41939219980272" Y="177.4193921998027" />
  <Point X="114.0" Y="178.0" />
  <Point X="115.0" Y="178.0" />
  <Point X="116.0" Y="178.0" />
  <Point X="118.0" Y="179.0" />
  <Point X="118.81551637102132" Y="179.0" />
  <Point X="119.0" Y="179.0" />
  <Point X="120.0" Y="179.0" />
  <Point X="121.0" Y="179.0" />
  <Point X="122.0" Y="179.0" />
  <Point X="123.0" Y="179.0" />
  <Point X="124.0" Y="179.0" />
  <Point X="124.68820414500104" Y="179.0" />
  <Point X="125.0" Y="179.0" />
  <Point X="127.0" Y="179.0" />
  <Point X="128.0" Y="179.0" />
  <Point X="130.0" Y="180.0" />
  <Point X="130.29053136554833" Y="180.14526568277418" />
  <Point X="132.0" Y="181.0" />
  <Point X="133.0" Y="181.0" />
  <Point X="134.0" Y="181.0" />
  <Point X="135.0" Y="181.0" />
  <Point X="135.9614437379609" Y="181.0" />
  <Point X="136.0" Y="181.0" />
  <Point X="137.0" Y="181.0" />
  <Point X="138.0" Y="181.0" />
  <Point X="140.0" Y="181.0" />
  <Point X="141.0" Y="181.0" />
  <Point X="141.83413151194063" Y="181.0" />
  <Point X="142.0" Y="181.0" />
  <Point X="143.0" Y="181.0" />
  <Point X="144.0" Y="181.0" />
  <Point X="145.0" Y="181.0" />
  <Point X="145.0" Y="182.0" />
  <Point X="146.0" Y="182.0" />
  <Point X="146.70681928592035" Y="182.0" />
  <Point X="147.0" Y="182.0" />
  <Point X="148.0" Y="182.0" />
  <Point X="149.0" Y="182.0" />
  <Point X="150.0" Y="182.0" />
  <Point X="151.0" Y="182.0" />
  <Point X="152.0" Y="182.0" />
  <Point X="152.57950705990007" Y="182.0" />
  <Point X="153.0" Y="182.0" />
  <Point X="154.0" Y="182.0" />
  <Point X="155.0" Y="182.0" />
  <Point X="156.0" Y="182.0" />
  <Point X="157.0" Y="182.0" />
  <Point X="158.0" Y="182.0" />
  <Point X="158.4521948338798" Y="182.0" />
  <Point X="159.0" Y="182.0" />
  <Point X="160.0" Y="182.0" />
  <Point X="161.0" Y="182.0" />
  <Point X="161.0" Y="181.0" />
  <Point X="161.0" Y="180.0" />
  <Point X="160.0" Y="180.0" />
  <Point X="160.0" Y="179.6751173921405" />
  <Point X="160.0" Y="179.0" />
  <Point X="160.0" Y="178.0" />
  <Point X="160.0" Y="177.0" />
  <Point X="160.0" Y="176.0" />
  <Point X="159.0" Y="175.0" />
  <Point X="159.0" Y="174.21664318053388" />
  <Point X="159.0" Y="174.0" />
  <Point X="159.0" Y="173.0" />
  <Point X="159.0" Y="172.0" />
  <Point X="159.0" Y="171.0" />
  <Point X="158.0" Y="171.0" />
  <Point X="158.0" Y="170.0" />
  <Point X="158.0" Y="169.34395540655416" />
  <Point X="158.0" Y="169.0" />
  <Point X="158.0" Y="168.0" />
  <Point X="158.0" Y="167.0" />
  <Point X="158.0" Y="166.0" />
  <Point X="158.0" Y="165.0" />
  <Point X="157.0" Y="164.0" />
  <Point X="157.0" Y="163.88548119494754" />
  <Point X="157.0" Y="163.0" />
  <Point X="157.0" Y="162.0" />
  <Point X="156.0" Y="162.0" />
  <Point X="156.0" Y="161.0" />
  <Point X="156.0" Y="160.0" />
  <Point X="156.0" Y="159.01279342096782" />
  <Point X="156.0" Y="159.0" />
  <Point X="156.0" Y="158.0" />
  <Point X="156.0" Y="157.0" />
  <Point X="156.0" Y="156.0" />
  <Point X="156.0" Y="155.0" />
  <Point X="156.0" Y="154.0" />
  <Point X="156.0" Y="153.1401056469881" />
  <Point X="156.0" Y="153.0" />
  <Point X="156.0" Y="152.0" />
  <Point X="156.0" Y="150.0" />
  <Point X="156.0" Y="149.0" />
  <Point X="156.0" Y="148.0" />
  <Point X="156.0" Y="147.26741787300838" />
  <Point X="156.0" Y="147.0" />
  <Point X="156.0" Y="146.0" />
  <Point X="156.0" Y="145.0" />
  <Point X="156.0" Y="144.0" />
  <Point X="156.0" Y="143.0" />
  <Point X="156.0" Y="142.0" />
  <Point X="156.0" Y="141.39473009902866" />
  <Point X="156.0" Y="141.0" />
  <Point X="156.0" Y="140.0" />
  <Point X="156.0" Y="139.0" />
  <Point X="156.0" Y="138.0" />
  <Point X="156.0" Y="137.0" />
  <Point X="156.0" Y="136.0" />
  <Point X="156.0" Y="135.52204232504894" />
  <Point X="156.0" Y="135.0" />
  <Point X="156.0" Y="134.0" />
  <Point X="156.0" Y="133.0" />
  <Point X="156.0" Y="132.0" />
  <Point X="156.0" Y="131.0" />
  <Point X="156.0" Y="130.0" />
  <Point X="156.0" Y="129.64935455106922" />
  <Point X="156.0" Y="129.0" />
  <Point X="157.0" Y="128.0" />
  <Point X="157.0" Y="127.0" />
  <Point X="157.0" Y="126.0" />
  <Point X="157.0" Y="125.0" />
  <Point X="157.0" Y="124.1908803394626" />
  <Point X="157.0" Y="124.0" />
  <Point X="158.0" Y="123.0" />
  <Point X="158.0" Y="122.0" />
  <Point X="158.0" Y="121.0" />
  <Point X="159.0" Y="121.0" />
  <Point X="159.0" Y="120.0" />
  <Point X="159.0" Y="119.73240612785597" />
  <Point X="159.0" Y="119.0" />
  <Point X="160.0" Y="118.0" />
  <Point X="160.0" Y="117.0" />
  <Point X="161.0" Y="117.0" />
  <Point X="161.0" Y="116.0" />
  <Point X="161.0" Y="115.27393191624934" />
  <Point X="161.0" Y="115.0" />
  <Point X="161.0" Y="114.0" />
  <Point X="162.0" Y="114.0" />
  <Point X="162.0" Y="113.0" />
  <Point X="162.0" Y="112.0" />
  <Point X="163.0" Y="112.0" />
  <Point X="163.0" Y="111.40124414226962" />
  <Point X="163.0" Y="111.0" />
  <Point X="163.0" Y="110.0" />
  <Point X="162.0" Y="110.0" />
  <Point X="161.0" Y="110.0" />
  <Point X="160.0" Y="110.0" />
  <Point X="160.0" Y="109.0" />
  <Point X="159.52855636828988" Y="109.0" />
  <Point X="159.0" Y="109.0" />
  <Point X="158.0" Y="109.0" />
  <Point X="157.0" Y="109.0" />
  <Point X="156.0" Y="108.0" />
  <Point X="155.0" Y="108.0" />
  <Point X="154.07008215668327" Y="108.0" />
  <Point X="153.0" Y="108.0" />
  <Point X="152.0" Y="108.0" />
  <Point X="151.0" Y="108.0" />
  <Point X="150.0" Y="108.0" />
  <Point X="149.0" Y="108.0" />
  <Point X="148.43247212539126" Y="107.43247212539126" />
  <Point X="148.0" Y="107.0" />
  <Point X="146.0" Y="107.0" />
  <Point X="145.0" Y="107.0" />
  <Point X="144.0" Y="107.0" />
  <Point X="143.0" Y="107.0" />
  <Point X="142.8153886825516" Y="106.8153886825516" />
  <Point X="142.0" Y="106.0" />
  <Point X="141.0" Y="106.0" />
  <Point X="139.0" Y="106.0" />
  <Point X="137.46198410977433" Y="105.23099205488717" />
  <Point X="137.0" Y="105.0" />
  <Point X="136.0" Y="105.0" />
  <Point X="135.0" Y="105.0" />
  <Point X="134.0" Y="105.0" />
  <Point X="133.0" Y="105.0" />
  <Point X="133.0" Y="104.0" />
  <Point X="132.64382616301035" Y="104.0" />
  <Point X="132.0" Y="104.0" />
  <Point X="131.0" Y="104.0" />
  <Point X="130.0" Y="104.0" />
  <Point X="129.0" Y="104.0" />
  <Point X="128.0" Y="104.0" />
  <Point X="127.13106362174373" Y="103.13106362174373" />
  <Point X="127.0" Y="103.0" />
  <Point X="126.0" Y="103.0" />
  <Point X="125.0" Y="102.0" />
  <Point X="124.0" Y="102.0" />
  <Point X="123.0" Y="102.0" />
  <Point X="122.0" Y="102.0" />
  <Point X="121.7268777397971" Y="102.0" />
  <Point X="121.0" Y="102.0" />
  <Point X="120.0" Y="102.0" />
  <Point X="119.0" Y="102.0" />
  <Point X="119.0" Y="101.0" />
  <Point X="118.0" Y="101.0" />
  <Point X="117.0" Y="101.0" />
  <Point X="116.85418996581738" Y="101.0" />
  <Point X="116.0" Y="101.0" />
  <Point X="115.0" Y="101.0" />
  <Point X="114.0" Y="101.0" />
  <Point X="113.0" Y="101.0" />
  <Point X="112.0" Y="101.0" />
  <Point X="111.0" Y="101.0" />
  <Point X="111.0" Y="100.98150219183766" />
  <Point X="111.0" Y="100.0" />
  <Point X="110.0" Y="100.0" />
  <Point X="109.0" Y="100.0" />
  <Point X="108.0" Y="100.0" />
  <Point X="107.0" Y="100.0" />
  <Point X="107.0" Y="99.10881441785794" />
  <Point X="107.0" Y="99.0" />
  <Point X="106.0" Y="99.0" />
  <Point X="105.0" Y="99.0" />
  <Point X="105.0" Y="98.0" />
  <Point X="104.0" Y="98.0" />
  <Point X="103.0" Y="98.0" />
  <Point X="102.23612664387822" Y="98.0" />
  <Point X="102.0" Y="98.0" />
  <Point X="101.0" Y="98.0" />
  <Point X="100.0" Y="98.0" />
  <Point X="99.0" Y="98.0" />
  <Point X="98.0" Y="98.0" />
  <Point X="97.0" Y="98.0" />
  <Point X="96.3634388698985" Y="98.0" />
  <Point X="96.0" Y="98.0" />
  <Point X="95.0" Y="98.0" />
  <Point X="94.0" Y="98.0" />
  <Point X="93.0" Y="98.0" />
  <Point X="92.0" Y="98.0" />
  <Point X="91.0" Y="98.0" />
  <Point X="90.49075109591878" Y="98.0" />
  <Point X="90.0" Y="98.0" />
  <Point X="89.0" Y="98.0" />
  <Point X="88.0" Y="98.0" />
  <Point X="87.0" Y="98.0" />
  <Point X="86.0" Y="98.0" />
  <Point X="85.0" Y="98.0" />
  <Point X="84.61806332193906" Y="98.0" />
  <Point X="84.0" Y="98.0" />
  <Point X="83.0" Y="98.0" />
  <Point X="82.0" Y="98.0" />
  <Point X="81.0" Y="98.0" />
  <Point X="80.0" Y="98.0" />
  <Point X="79.0" Y="98.0" />
  <Point X="78.74537554795934" Y="98.0" />
  <Point X="78.0" Y="98.0" />
  <Point X="77.0" Y="98.0" />
  <Point X="76.0" Y="98.0" />
  <Point X="76.0" Y="99.0" />
  <Point X="75.0" Y="99.0" />
  <Point X="74.0" Y="99.0" />
  <Point X="73.87268777397962" Y="99.0" />
  <Point X="73.0" Y="99.0" />
  <Point X="73.0" Y="100.0" />
  <Point X="72.0" Y="100.0" />
  <Point X="72.0" Y="101.0" />
  <Point X="71.0" Y="101.0" />
  <Point X="70.0" Y="101.0" />
</Project_1_Part_4>
