<?xml version="1.0" encoding="utf-8" standalone="yes"?>
<Gesture Name="rectangle1" Subject="2" Number="2" NumPts="430">
  <Point X="61.0" Y="87.0" />
  <Point X="61.0" Y="88.0" />
  <Point X="61.0" Y="89.0" />
  <Point X="61.0" Y="90.0" />
  <Point X="61.0" Y="91.0" />
  <Point X="62.0" Y="91.0" />
  <Point X="62.0" Y="92.0" />
  <Point X="62.0" Y="92.06132515834078" />
  <Point X="62.0" Y="93.0" />
  <Point X="62.0" Y="94.0" />
  <Point X="62.0" Y="95.0" />
  <Point X="62.0" Y="96.0" />
  <Point X="63.0" Y="96.0" />
  <Point X="63.0" Y="97.0" />
  <Point X="63.0" Y="97.12265031668156" />
  <Point X="63.0" Y="98.0" />
  <Point X="63.0" Y="99.0" />
  <Point X="63.0" Y="100.0" />
  <Point X="63.0" Y="101.0" />
  <Point X="64.0" Y="101.0" />
  <Point X="64.0" Y="102.0" />
  <Point X="64.0" Y="102.18397547502234" />
  <Point X="64.0" Y="103.0" />
  <Point X="64.0" Y="104.0" />
  <Point X="64.0" Y="105.0" />
  <Point X="64.0" Y="106.0" />
  <Point X="64.0" Y="107.0" />
  <Point X="64.0" Y="108.0" />
  <Point X="64.0" Y="108.24530063336312" />
  <Point X="64.0" Y="109.0" />
  <Point X="64.0" Y="110.0" />
  <Point X="64.0" Y="111.0" />
  <Point X="64.0" Y="112.0" />
  <Point X="64.0" Y="113.0" />
  <Point X="64.0" Y="114.0" />
  <Point X="64.0" Y="114.3066257917039" />
  <Point X="64.0" Y="115.0" />
  <Point X="64.0" Y="116.0" />
  <Point X="64.0" Y="117.0" />
  <Point X="64.0" Y="118.0" />
  <Point X="64.0" Y="119.0" />
  <Point X="64.0" Y="120.0" />
  <Point X="64.0" Y="120.36795095004467" />
  <Point X="64.0" Y="121.0" />
  <Point X="64.0" Y="122.0" />
  <Point X="64.0" Y="123.0" />
  <Point X="64.0" Y="124.0" />
  <Point X="64.0" Y="125.0" />
  <Point X="64.0" Y="126.0" />
  <Point X="64.0" Y="126.42927610838545" />
  <Point X="64.0" Y="127.0" />
  <Point X="64.0" Y="128.0" />
  <Point X="64.0" Y="129.0" />
  <Point X="64.0" Y="130.0" />
  <Point X="64.0" Y="131.0" />
  <Point X="64.0" Y="132.0" />
  <Point X="64.0" Y="132.49060126672623" />
  <Point X="64.0" Y="134.0" />
  <Point X="64.0" Y="135.0" />
  <Point X="63.0" Y="136.0" />
  <Point X="63.0" Y="137.0" />
  <Point X="63.0" Y="138.0" />
  <Point X="63.0" Y="138.13771286269392" />
  <Point X="63.0" Y="140.0" />
  <Point X="63.0" Y="141.0" />
  <Point X="63.0" Y="142.0" />
  <Point X="62.0" Y="142.0" />
  <Point X="62.0" Y="143.1990380210347" />
  <Point X="62.0" Y="144.0" />
  <Point X="62.0" Y="145.0" />
  <Point X="61.0" Y="147.0" />
  <Point X="61.0" Y="148.0" />
  <Point X="61.0" Y="149.0" />
  <Point X="61.0" Y="149.0242952018757" />
  <Point X="61.0" Y="150.0" />
  <Point X="61.0" Y="151.0" />
  <Point X="61.0" Y="152.0" />
  <Point X="60.0" Y="152.0" />
  <Point X="60.0" Y="153.0" />
  <Point X="60.0" Y="154.0" />
  <Point X="60.0" Y="154.0856203602165" />
  <Point X="60.0" Y="155.0" />
  <Point X="60.0" Y="156.0" />
  <Point X="60.0" Y="157.0" />
  <Point X="60.0" Y="158.0" />
  <Point X="60.0" Y="159.0" />
  <Point X="59.18898704617663" Y="159.81101295382337" />
  <Point X="59.0" Y="160.0" />
  <Point X="59.0" Y="161.0" />
  <Point X="59.0" Y="162.0" />
  <Point X="59.0" Y="163.0" />
  <Point X="59.0" Y="164.0" />
  <Point X="59.0" Y="165.0" />
  <Point X="59.0" Y="165.79405711452497" />
  <Point X="59.0" Y="166.0" />
  <Point X="59.0" Y="167.0" />
  <Point X="59.0" Y="168.0" />
  <Point X="59.0" Y="169.0" />
  <Point X="59.0" Y="170.0" />
  <Point X="59.0" Y="171.0" />
  <Point X="58.39515339434986" Y="171.60484660565015" />
  <Point X="58.0" Y="172.0" />
  <Point X="58.0" Y="173.0" />
  <Point X="58.0" Y="174.0" />
  <Point X="58.0" Y="175.0" />
  <Point X="58.0" Y="176.0" />
  <Point X="59.0" Y="176.0" />
  <Point X="59.0" Y="175.49750613116655" />
  <Point X="59.0" Y="175.0" />
  <Point X="60.0" Y="174.0" />
  <Point X="61.0" Y="174.0" />
  <Point X="62.0" Y="174.0" />
  <Point X="63.0" Y="173.0" />
  <Point X="63.73539190242805" Y="173.0" />
  <Point X="64.0" Y="173.0" />
  <Point X="65.0" Y="173.0" />
  <Point X="66.0" Y="173.0" />
  <Point X="66.0" Y="172.0" />
  <Point X="67.0" Y="172.0" />
  <Point X="68.0" Y="172.0" />
  <Point X="68.79671706076883" Y="172.0" />
  <Point X="69.0" Y="172.0" />
  <Point X="70.0" Y="171.0" />
  <Point X="71.0" Y="171.0" />
  <Point X="72.0" Y="171.0" />
  <Point X="73.0" Y="171.0" />
  <Point X="74.0" Y="171.0" />
  <Point X="74.44382865673651" Y="171.0" />
  <Point X="75.0" Y="171.0" />
  <Point X="76.0" Y="171.0" />
  <Point X="77.0" Y="171.0" />
  <Point X="78.0" Y="171.0" />
  <Point X="79.0" Y="171.0" />
  <Point X="80.0" Y="171.0" />
  <Point X="80.50515381507729" Y="171.0" />
  <Point X="81.0" Y="171.0" />
  <Point X="82.0" Y="171.0" />
  <Point X="83.0" Y="171.0" />
  <Point X="84.0" Y="171.0" />
  <Point X="85.0" Y="171.0" />
  <Point X="86.0" Y="171.0" />
  <Point X="86.56647897341807" Y="171.0" />
  <Point X="87.0" Y="171.0" />
  <Point X="88.0" Y="171.0" />
  <Point X="89.0" Y="171.0" />
  <Point X="90.0" Y="171.0" />
  <Point X="91.0" Y="171.0" />
  <Point X="92.0" Y="171.0" />
  <Point X="92.62780413175885" Y="171.0" />
  <Point X="93.0" Y="171.0" />
  <Point X="94.0" Y="171.0" />
  <Point X="95.0" Y="171.0" />
  <Point X="96.0" Y="171.0" />
  <Point X="97.0" Y="171.0" />
  <Point X="97.0" Y="170.0" />
  <Point X="97.68912929009963" Y="170.0" />
  <Point X="98.0" Y="170.0" />
  <Point X="99.0" Y="170.0" />
  <Point X="100.0" Y="170.0" />
  <Point X="100.0" Y="169.0" />
  <Point X="101.0" Y="169.0" />
  <Point X="102.0" Y="169.0" />
  <Point X="102.75045444844041" Y="169.0" />
  <Point X="103.0" Y="169.0" />
  <Point X="104.0" Y="169.0" />
  <Point X="105.0" Y="169.0" />
  <Point X="106.0" Y="169.0" />
  <Point X="107.0" Y="169.0" />
  <Point X="107.0" Y="168.0" />
  <Point X="107.81177960678119" Y="168.0" />
  <Point X="108.0" Y="168.0" />
  <Point X="109.0" Y="168.0" />
  <Point X="110.0" Y="168.0" />
  <Point X="111.0" Y="168.0" />
  <Point X="112.0" Y="168.0" />
  <Point X="113.0" Y="168.0" />
  <Point X="113.87310476512197" Y="168.0" />
  <Point X="114.0" Y="168.0" />
  <Point X="115.0" Y="168.0" />
  <Point X="116.0" Y="168.0" />
  <Point X="117.0" Y="168.0" />
  <Point X="118.0" Y="168.0" />
  <Point X="119.0" Y="168.0" />
  <Point X="119.0" Y="167.06557007653726" />
  <Point X="119.0" Y="167.0" />
  <Point X="120.0" Y="167.0" />
  <Point X="121.0" Y="167.0" />
  <Point X="122.0" Y="167.0" />
  <Point X="123.0" Y="167.0" />
  <Point X="124.0" Y="167.0" />
  <Point X="124.0" Y="166.00424491819646" />
  <Point X="124.0" Y="166.0" />
  <Point X="125.0" Y="166.0" />
  <Point X="126.0" Y="166.0" />
  <Point X="127.0" Y="166.0" />
  <Point X="128.0" Y="166.0" />
  <Point X="129.0" Y="166.0" />
  <Point X="129.0" Y="165.0" />
  <Point X="129.05708024014433" Y="165.0" />
  <Point X="130.0" Y="165.0" />
  <Point X="131.0" Y="165.0" />
  <Point X="132.0" Y="165.0" />
  <Point X="133.0" Y="165.0" />
  <Point X="134.0" Y="165.0" />
  <Point X="135.0" Y="165.0" />
  <Point X="135.11840539848512" Y="165.0" />
  <Point X="136.0" Y="165.0" />
  <Point X="137.0" Y="165.0" />
  <Point X="138.0" Y="165.0" />
  <Point X="139.0" Y="165.0" />
  <Point X="140.0" Y="165.0" />
  <Point X="141.0" Y="165.0" />
  <Point X="141.17973055682592" Y="165.0" />
  <Point X="142.0" Y="165.0" />
  <Point X="143.0" Y="165.0" />
  <Point X="144.0" Y="165.0" />
  <Point X="145.0" Y="165.0" />
  <Point X="146.0" Y="165.0" />
  <Point X="147.0" Y="165.0" />
  <Point X="147.2410557151667" Y="165.0" />
  <Point X="148.0" Y="165.0" />
  <Point X="149.0" Y="165.0" />
  <Point X="150.0" Y="165.0" />
  <Point X="151.0" Y="165.0" />
  <Point X="152.0" Y="165.0" />
  <Point X="153.0" Y="165.0" />
  <Point X="153.3023808735075" Y="165.0" />
  <Point X="154.0" Y="165.0" />
  <Point X="155.0" Y="165.0" />
  <Point X="156.0" Y="165.0" />
  <Point X="157.0" Y="165.0" />
  <Point X="157.0" Y="164.0" />
  <Point X="157.0" Y="163.0" />
  <Point X="157.0" Y="162.6362939681517" />
  <Point X="157.0" Y="162.0" />
  <Point X="157.0" Y="161.0" />
  <Point X="157.0" Y="160.0" />
  <Point X="157.0" Y="159.0" />
  <Point X="157.0" Y="158.0" />
  <Point X="156.0" Y="158.0" />
  <Point X="156.0" Y="157.5749688098109" />
  <Point X="156.0" Y="157.0" />
  <Point X="156.0" Y="156.0" />
  <Point X="155.0" Y="156.0" />
  <Point X="155.0" Y="155.0" />
  <Point X="155.0" Y="154.0" />
  <Point X="155.0" Y="153.0" />
  <Point X="155.0" Y="152.51364365147012" />
  <Point X="155.0" Y="152.0" />
  <Point X="154.0" Y="152.0" />
  <Point X="154.0" Y="151.0" />
  <Point X="154.0" Y="150.0" />
  <Point X="154.0" Y="149.0" />
  <Point X="154.0" Y="148.0" />
  <Point X="153.61273069256129" Y="147.61273069256129" />
  <Point X="153.0" Y="147.0" />
  <Point X="153.0" Y="146.0" />
  <Point X="153.0" Y="145.0" />
  <Point X="152.0" Y="144.0" />
  <Point X="152.0" Y="143.0" />
  <Point X="152.0" Y="142.21942045953475" />
  <Point X="152.0" Y="142.0" />
  <Point X="152.0" Y="141.0" />
  <Point X="152.0" Y="140.0" />
  <Point X="151.0" Y="140.0" />
  <Point X="151.0" Y="139.0" />
  <Point X="151.0" Y="138.0" />
  <Point X="151.0" Y="137.15809530119395" />
  <Point X="151.0" Y="137.0" />
  <Point X="151.0" Y="136.0" />
  <Point X="151.0" Y="135.0" />
  <Point X="151.0" Y="134.0" />
  <Point X="150.0" Y="134.0" />
  <Point X="150.0" Y="133.0" />
  <Point X="150.0" Y="132.09677014285316" />
  <Point X="150.0" Y="132.0" />
  <Point X="150.0" Y="131.0" />
  <Point X="150.0" Y="130.0" />
  <Point X="150.0" Y="129.0" />
  <Point X="150.0" Y="128.0" />
  <Point X="149.0" Y="127.0" />
  <Point X="149.0" Y="126.44965854688547" />
  <Point X="149.0" Y="126.0" />
  <Point X="149.0" Y="125.0" />
  <Point X="149.0" Y="124.0" />
  <Point X="149.0" Y="123.0" />
  <Point X="149.0" Y="122.0" />
  <Point X="149.0" Y="121.0" />
  <Point X="148.56748639121454" Y="120.56748639121456" />
  <Point X="148.0" Y="120.0" />
  <Point X="148.0" Y="119.0" />
  <Point X="148.0" Y="118.0" />
  <Point X="148.0" Y="117.0" />
  <Point X="148.0" Y="116.0" />
  <Point X="147.0" Y="116.0" />
  <Point X="147.0" Y="115.741221792577" />
  <Point X="147.0" Y="115.0" />
  <Point X="147.0" Y="114.0" />
  <Point X="147.0" Y="112.0" />
  <Point X="147.0" Y="111.0" />
  <Point X="147.0" Y="110.0" />
  <Point X="146.6798966342362" Y="110.0" />
  <Point X="146.0" Y="110.0" />
  <Point X="146.0" Y="109.0" />
  <Point X="146.0" Y="108.0" />
  <Point X="146.0" Y="107.0" />
  <Point X="146.0" Y="106.0" />
  <Point X="146.0" Y="105.0" />
  <Point X="146.0" Y="104.61857147589542" />
  <Point X="146.0" Y="104.0" />
  <Point X="145.0" Y="104.0" />
  <Point X="145.0" Y="103.0" />
  <Point X="145.0" Y="102.0" />
  <Point X="145.0" Y="101.0" />
  <Point X="145.0" Y="100.0" />
  <Point X="145.0" Y="99.55724631755464" />
  <Point X="145.0" Y="99.0" />
  <Point X="145.0" Y="98.0" />
  <Point X="145.0" Y="97.0" />
  <Point X="144.0" Y="96.0" />
  <Point X="144.0" Y="95.0" />
  <Point X="144.0" Y="94.0" />
  <Point X="144.0" Y="93.91013472158696" />
  <Point X="144.0" Y="93.0" />
  <Point X="144.0" Y="92.0" />
  <Point X="144.0" Y="91.0" />
  <Point X="144.0" Y="90.0" />
  <Point X="144.0" Y="89.0" />
  <Point X="144.0" Y="88.0" />
  <Point X="144.0" Y="87.84880956324618" />
  <Point X="144.0" Y="87.0" />
  <Point X="144.0" Y="86.0" />
  <Point X="144.0" Y="85.0" />
  <Point X="144.0" Y="84.0" />
  <Point X="144.0" Y="83.0" />
  <Point X="144.0" Y="82.0" />
  <Point X="143.7874844049054" Y="82.0" />
  <Point X="143.0" Y="82.0" />
  <Point X="142.0" Y="82.0" />
  <Point X="141.0" Y="82.0" />
  <Point X="140.0" Y="82.0" />
  <Point X="139.0" Y="82.0" />
  <Point X="138.0" Y="82.0" />
  <Point X="137.7261592465646" Y="82.0" />
  <Point X="137.0" Y="82.0" />
  <Point X="136.0" Y="82.0" />
  <Point X="135.0" Y="82.0" />
  <Point X="134.0" Y="82.0" />
  <Point X="133.0" Y="82.0" />
  <Point X="132.0" Y="82.0" />
  <Point X="131.6648340882238" Y="82.0" />
  <Point X="131.0" Y="82.0" />
  <Point X="130.0" Y="82.0" />
  <Point X="128.0" Y="82.0" />
  <Point X="128.0" Y="83.0" />
  <Point X="127.0" Y="83.0" />
  <Point X="126.60350892988303" Y="83.0" />
  <Point X="126.0" Y="83.0" />
  <Point X="125.0" Y="83.0" />
  <Point X="124.0" Y="83.0" />
  <Point X="123.0" Y="84.0" />
  <Point X="122.0" Y="84.0" />
  <Point X="121.0" Y="84.0" />
  <Point X="120.95639733391535" Y="84.0" />
  <Point X="120.0" Y="84.0" />
  <Point X="119.0" Y="84.0" />
  <Point X="118.0" Y="84.0" />
  <Point X="117.0" Y="85.0" />
  <Point X="115.30928573794766" Y="85.0" />
  <Point X="115.0" Y="85.0" />
  <Point X="114.0" Y="85.0" />
  <Point X="113.0" Y="85.0" />
  <Point X="112.0" Y="85.0" />
  <Point X="111.0" Y="85.0" />
  <Point X="109.24796057960688" Y="85.0" />
  <Point X="109.0" Y="85.0" />
  <Point X="108.0" Y="85.0" />
  <Point X="108.0" Y="86.0" />
  <Point X="107.0" Y="86.0" />
  <Point X="106.0" Y="86.0" />
  <Point X="105.0" Y="86.0" />
  <Point X="104.1866354212661" Y="86.0" />
  <Point X="104.0" Y="86.0" />
  <Point X="104.0" Y="87.0" />
  <Point X="103.0" Y="87.0" />
  <Point X="102.0" Y="87.0" />
  <Point X="101.0" Y="87.0" />
  <Point X="100.0" Y="87.0" />
  <Point X="99.12531026292532" Y="87.0" />
  <Point X="99.0" Y="87.0" />
  <Point X="98.0" Y="87.0" />
  <Point X="97.0" Y="88.0" />
  <Point X="96.0" Y="88.0" />
  <Point X="95.0" Y="88.0" />
  <Point X="94.0" Y="88.0" />
  <Point X="94.0" Y="88.52180133304236" />
  <Point X="94.0" Y="89.0" />
  <Point X="93.0" Y="89.0" />
  <Point X="92.0" Y="89.0" />
  <Point X="91.0" Y="89.0" />
  <Point X="90.0" Y="89.0" />
  <Point X="89.0" Y="89.0" />
  <Point X="89.0" Y="89.58312649138314" />
  <Point X="89.0" Y="90.0" />
  <Point X="88.0" Y="90.0" />
  <Point X="87.0" Y="91.0" />
  <Point X="86.0" Y="91.0" />
  <Point X="85.0" Y="91.0" />
  <Point X="84.0" Y="91.0" />
  <Point X="83.76976191264917" Y="91.0" />
  <Point X="83.0" Y="91.0" />
  <Point X="82.0" Y="91.0" />
  <Point X="81.0" Y="91.0" />
  <Point X="80.0" Y="91.0" />
  <Point X="79.0" Y="91.0" />
  <Point X="78.0" Y="91.0" />
  <Point X="77.7084367543084" Y="91.0" />
  <Point X="77.0" Y="91.0" />
  <Point X="76.0" Y="91.0" />
  <Point X="75.0" Y="91.0" />
  <Point X="74.0" Y="91.0" />
  <Point X="73.0" Y="91.0" />
  <Point X="73.0" Y="90.0" />
  <Point X="72.64711159596762" Y="90.0" />
  <Point X="72.0" Y="90.0" />
  <Point X="71.0" Y="90.0" />
  <Point X="70.0" Y="90.0" />
  <Point X="69.0" Y="90.0" />
  <Point X="68.0" Y="90.0" />
  <Point X="67.0" Y="89.0" />
</Project_1_Part_4>
