<?xml version="1.0" encoding="utf-8" standalone="yes"?>
<Gesture Name="right_sq_bracket1" Subject="2" Number="2" NumPts="280">
  <Point X="221.0" Y="24.0" />
  <Point X="216.10875911096514" Y="26.205853734270626" />
  <Point X="211.21751822193028" Y="28.411707468541252" />
  <Point X="206.32627733289542" Y="30.617561202811878" />
  <Point X="201.43503644386055" Y="32.823414937082504" />
  <Point X="196.5437955548257" Y="35.02926867135313" />
  <Point X="191.65255466579083" Y="37.235122405623756" />
  <Point X="186.76131377675597" Y="39.44097613989438" />
  <Point X="181.8700728877211" Y="41.64682987416501" />
  <Point X="176.97883199868625" Y="43.85268360843563" />
  <Point X="172.08759110965138" Y="46.05853734270626" />
  <Point X="167.19635022061652" Y="48.264391076976885" />
  <Point X="162.30510933158166" Y="50.47024481124751" />
  <Point X="157.4138684425468" Y="52.67609854551814" />
  <Point X="152.52262755351194" Y="54.88195227978876" />
  <Point X="147.63138666447708" Y="57.08780601405939" />
  <Point X="142.74014577544222" Y="59.29365974833001" />
  <Point X="137.84890488640735" Y="61.499513482600626" />
  <Point X="132.9576639973725" Y="63.705367216871245" />
  <Point X="128.06642310833763" Y="65.91122095114187" />
  <Point X="123.17518221930276" Y="68.11707468541249" />
  <Point X="119.0" Y="70.0" />
  <Point X="119.78550797751363" Y="70.0" />
  <Point X="120.0" Y="70.0" />
  <Point X="121.0" Y="70.0" />
  <Point X="122.0" Y="70.0" />
  <Point X="123.0" Y="70.0" />
  <Point X="124.0" Y="70.0" />
  <Point X="124.81398029245214" Y="70.81398029245214" />
  <Point X="125.0" Y="71.0" />
  <Point X="126.0" Y="71.0" />
  <Point X="127.0" Y="71.0" />
  <Point X="128.0" Y="71.0" />
  <Point X="129.0" Y="71.0" />
  <Point X="130.0" Y="71.0" />
  <Point X="130.10256239829374" Y="71.0" />
  <Point X="131.0" Y="71.0" />
  <Point X="131.0" Y="72.0" />
  <Point X="132.0" Y="72.0" />
  <Point X="133.0" Y="72.0" />
  <Point X="134.0" Y="72.0" />
  <Point X="134.46819638987034" Y="72.0" />
  <Point X="135.0" Y="72.0" />
  <Point X="136.0" Y="72.0" />
  <Point X="137.0" Y="72.0" />
  <Point X="138.0" Y="72.0" />
  <Point X="139.0" Y="72.0" />
  <Point X="139.0" Y="72.83383038144694" />
  <Point X="139.0" Y="73.0" />
  <Point X="140.0" Y="73.0" />
  <Point X="141.0" Y="73.0" />
  <Point X="142.0" Y="73.0" />
  <Point X="143.0" Y="74.0" />
  <Point X="143.78525081065044" Y="74.0" />
  <Point X="144.0" Y="74.0" />
  <Point X="145.0" Y="74.0" />
  <Point X="146.0" Y="74.0" />
  <Point X="147.0" Y="74.0" />
  <Point X="148.0" Y="74.0" />
  <Point X="149.0" Y="74.0" />
  <Point X="149.15088480222704" Y="74.0" />
  <Point X="150.0" Y="74.0" />
  <Point X="151.0" Y="74.0" />
  <Point X="152.0" Y="74.0" />
  <Point X="153.0" Y="74.0" />
  <Point X="154.0" Y="74.0" />
  <Point X="154.36523394170885" Y="74.36523394170885" />
  <Point X="155.0" Y="75.0" />
  <Point X="156.0" Y="75.0" />
  <Point X="157.0" Y="75.0" />
  <Point X="158.0" Y="75.0" />
  <Point X="159.0" Y="75.0" />
  <Point X="159.46793922300714" Y="75.0" />
  <Point X="160.0" Y="75.0" />
  <Point X="161.0" Y="75.0" />
  <Point X="162.0" Y="75.0" />
  <Point X="163.0" Y="75.0" />
  <Point X="164.0" Y="75.0" />
  <Point X="164.83357321458374" Y="75.0" />
  <Point X="165.0" Y="75.0" />
  <Point X="166.0" Y="75.0" />
  <Point X="167.0" Y="75.0" />
  <Point X="168.0" Y="75.0" />
  <Point X="169.0" Y="75.0" />
  <Point X="170.0" Y="75.0" />
  <Point X="170.19920720616034" Y="75.0" />
  <Point X="171.0" Y="75.0" />
  <Point X="172.0" Y="75.0" />
  <Point X="172.0" Y="76.0" />
  <Point X="172.0" Y="77.0" />
  <Point X="172.0" Y="78.0" />
  <Point X="172.39940304121333" Y="78.39940304121332" />
  <Point X="173.0" Y="79.0" />
  <Point X="173.0" Y="80.0" />
  <Point X="173.0" Y="81.0" />
  <Point X="173.0" Y="82.0" />
  <Point X="174.0" Y="82.0" />
  <Point X="174.0" Y="82.51626162694045" />
  <Point X="174.0" Y="83.0" />
  <Point X="174.0" Y="84.0" />
  <Point X="174.0" Y="85.0" />
  <Point X="174.0" Y="86.0" />
  <Point X="174.0" Y="87.0" />
  <Point X="174.6235943721521" Y="87.62359437215211" />
  <Point X="175.0" Y="88.0" />
  <Point X="175.0" Y="89.0" />
  <Point X="175.0" Y="90.0" />
  <Point X="176.0" Y="90.0" />
  <Point X="176.0" Y="91.0" />
  <Point X="176.0" Y="91.83331604772054" />
  <Point X="176.0" Y="92.0" />
  <Point X="176.0" Y="93.0" />
  <Point X="176.0" Y="94.0" />
  <Point X="176.0" Y="95.0" />
  <Point X="176.0" Y="96.0" />
  <Point X="176.0" Y="97.0" />
  <Point X="176.19895003929716" Y="97.0" />
  <Point X="177.0" Y="97.0" />
  <Point X="177.0" Y="98.0" />
  <Point X="177.0" Y="99.0" />
  <Point X="177.0" Y="100.0" />
  <Point X="177.0" Y="101.0" />
  <Point X="177.0" Y="101.56458403087376" />
  <Point X="177.0" Y="102.0" />
  <Point X="177.0" Y="103.0" />
  <Point X="177.0" Y="104.0" />
  <Point X="177.0" Y="105.0" />
  <Point X="178.0" Y="105.0" />
  <Point X="178.0" Y="105.93021802245036" />
  <Point X="178.0" Y="106.0" />
  <Point X="178.0" Y="107.0" />
  <Point X="178.0" Y="108.0" />
  <Point X="178.0" Y="109.0" />
  <Point X="178.0" Y="110.0" />
  <Point X="178.0" Y="111.0" />
  <Point X="178.0" Y="111.29585201402696" />
  <Point X="178.0" Y="112.0" />
  <Point X="178.0" Y="113.0" />
  <Point X="178.0" Y="114.0" />
  <Point X="178.0" Y="115.0" />
  <Point X="178.0" Y="116.0" />
  <Point X="178.0" Y="116.66148600560356" />
  <Point X="178.0" Y="117.0" />
  <Point X="178.0" Y="118.0" />
  <Point X="178.0" Y="119.0" />
  <Point X="178.0" Y="120.0" />
  <Point X="179.0" Y="121.0" />
  <Point X="179.0" Y="121.61290643480707" />
  <Point X="179.0" Y="122.0" />
  <Point X="179.0" Y="123.0" />
  <Point X="179.0" Y="124.0" />
  <Point X="179.0" Y="125.0" />
  <Point X="179.0" Y="126.0" />
  <Point X="179.0" Y="126.97854042638367" />
  <Point X="179.0" Y="127.0" />
  <Point X="179.0" Y="128.0" />
  <Point X="179.0" Y="129.0" />
  <Point X="180.0" Y="129.0" />
  <Point X="180.0" Y="130.0" />
  <Point X="180.0" Y="131.0" />
  <Point X="180.0" Y="131.3441744179603" />
  <Point X="180.0" Y="132.0" />
  <Point X="180.0" Y="133.0" />
  <Point X="180.0" Y="134.0" />
  <Point X="180.0" Y="135.0" />
  <Point X="180.0" Y="136.0" />
  <Point X="180.0" Y="136.7098084095369" />
  <Point X="180.0" Y="137.0" />
  <Point X="180.0" Y="138.0" />
  <Point X="180.0" Y="139.0" />
  <Point X="181.0" Y="139.0" />
  <Point X="181.0" Y="140.0" />
  <Point X="181.0" Y="141.0" />
  <Point X="181.0" Y="141.0754424011135" />
  <Point X="181.0" Y="142.0" />
  <Point X="181.0" Y="143.0" />
  <Point X="181.0" Y="144.0" />
  <Point X="181.0" Y="145.0" />
  <Point X="181.0" Y="146.0" />
  <Point X="181.0" Y="146.4410763926901" />
  <Point X="181.0" Y="147.0" />
  <Point X="181.0" Y="148.0" />
  <Point X="181.0" Y="149.0" />
  <Point X="181.0" Y="150.0" />
  <Point X="181.0" Y="151.0" />
  <Point X="181.8067103842667" Y="151.0" />
  <Point X="182.0" Y="151.0" />
  <Point X="182.0" Y="152.0" />
  <Point X="182.0" Y="153.0" />
  <Point X="182.0" Y="154.0" />
  <Point X="182.0" Y="155.0" />
  <Point X="182.0" Y="156.0" />
  <Point X="182.0" Y="156.1723443758433" />
  <Point X="182.0" Y="157.0" />
  <Point X="182.0" Y="158.0" />
  <Point X="182.0" Y="159.0" />
  <Point X="182.0" Y="160.0" />
  <Point X="182.0" Y="161.0" />
  <Point X="181.4620216325801" Y="161.0" />
  <Point X="181.0" Y="161.0" />
  <Point X="180.0" Y="161.0" />
  <Point X="179.0" Y="161.0" />
  <Point X="178.0" Y="161.0" />
  <Point X="177.0" Y="161.0" />
  <Point X="176.0963876410035" Y="161.0" />
  <Point X="176.0" Y="161.0" />
  <Point X="175.0" Y="161.0" />
  <Point X="174.0" Y="161.0" />
  <Point X="173.0" Y="161.0" />
  <Point X="172.0" Y="161.0" />
  <Point X="171.0" Y="161.0" />
  <Point X="170.7307536494269" Y="161.0" />
  <Point X="170.0" Y="161.0" />
  <Point X="170.0" Y="162.0" />
  <Point X="169.0" Y="162.0" />
  <Point X="168.0" Y="162.0" />
  <Point X="167.0" Y="162.0" />
  <Point X="166.3651196578503" Y="162.0" />
  <Point X="166.0" Y="162.0" />
  <Point X="165.0" Y="162.0" />
  <Point X="164.0" Y="162.0" />
  <Point X="163.0" Y="162.0" />
  <Point X="162.0" Y="162.0" />
  <Point X="161.0" Y="162.0" />
  <Point X="160.9994856662737" Y="162.0" />
  <Point X="160.0" Y="162.0" />
  <Point X="159.0" Y="162.0" />
  <Point X="158.0" Y="162.0" />
  <Point X="158.0" Y="163.0" />
  <Point X="157.0" Y="163.0" />
  <Point X="156.6338516746971" Y="163.0" />
  <Point X="156.0" Y="163.0" />
  <Point X="155.0" Y="163.0" />
  <Point X="154.0" Y="164.0" />
  <Point X="153.0" Y="164.0" />
  <Point X="152.0" Y="164.0" />
  <Point X="151.6824312454936" Y="164.0" />
  <Point X="151.0" Y="164.0" />
  <Point X="150.0" Y="164.0" />
  <Point X="149.0" Y="164.0" />
  <Point X="148.0" Y="164.0" />
  <Point X="146.316797253917" Y="164.0" />
  <Point X="146.0" Y="164.0" />
  <Point X="145.0" Y="165.0" />
  <Point X="143.0" Y="165.0" />
  <Point X="142.0" Y="165.0" />
  <Point X="141.3653768247135" Y="165.0" />
  <Point X="141.0" Y="165.0" />
  <Point X="139.0" Y="165.0" />
  <Point X="138.0" Y="166.0" />
  <Point X="136.41395639551" Y="166.0" />
  <Point X="136.0" Y="166.0" />
  <Point X="134.0" Y="166.0" />
  <Point X="133.0" Y="166.0" />
  <Point X="132.0" Y="166.0" />
  <Point X="131.0483224039334" Y="166.0" />
  <Point X="130.0" Y="166.0" />
  <Point X="129.0" Y="166.0" />
  <Point X="128.0" Y="166.0" />
  <Point X="126.0" Y="166.0" />
  <Point X="126.0" Y="166.3173115876432" />
  <Point X="126.0" Y="167.0" />
  <Point X="125.0" Y="167.0" />
  <Point X="124.0" Y="167.0" />
  <Point X="123.0" Y="168.0" />
  <Point X="122.0" Y="168.0" />
  <Point X="121.7312679831533" Y="168.0" />
  <Point X="121.0" Y="168.0" />
  <Point X="120.0" Y="168.0" />
  <Point X="119.0" Y="168.0" />
  <Point X="118.0" Y="168.0" />
  <Point X="117.0" Y="168.0" />
  <Point X="117.0" Y="168.6343660084233" />
  <Point X="117.0" Y="169.0" />
  <Point X="116.0" Y="169.0" />
  <Point X="115.0" Y="169.0" />
  <Point X="114.0" Y="169.0" />
  <Point X="113.0" Y="169.0" />
  <Point X="112.00000000000009" Y="169.0" />
  <Point X="112.0" Y="169.0" />
</Project_1_Part_4>
