<?xml version="1.0" encoding="utf-8" standalone="yes"?>
<Gesture Name="right_sq_bracket6" Subject="2" Number="2" NumPts="324">
  <Point X="98.0" Y="92.0" />
  <Point X="99.0" Y="92.0" />
  <Point X="100.0" Y="92.0" />
  <Point X="101.0" Y="92.0" />
  <Point X="102.0" Y="92.0" />
  <Point X="102.83729057603178" Y="92.0" />
  <Point X="103.0" Y="92.0" />
  <Point X="104.0" Y="92.0" />
  <Point X="105.0" Y="92.0" />
  <Point X="106.0" Y="92.0" />
  <Point X="106.0" Y="93.0" />
  <Point X="106.67458115206355" Y="93.0" />
  <Point X="107.0" Y="93.0" />
  <Point X="108.0" Y="93.0" />
  <Point X="109.0" Y="93.0" />
  <Point X="110.0" Y="94.0" />
  <Point X="111.0" Y="94.0" />
  <Point X="111.06905475122043" Y="94.06905475122043" />
  <Point X="112.0" Y="95.0" />
  <Point X="113.0" Y="95.0" />
  <Point X="114.0" Y="95.0" />
  <Point X="115.0" Y="95.0" />
  <Point X="115.52073517938092" Y="95.0" />
  <Point X="116.0" Y="95.0" />
  <Point X="117.0" Y="96.0" />
  <Point X="118.0" Y="97.0" />
  <Point X="119.5295986306665" Y="97.0" />
  <Point X="120.0" Y="97.0" />
  <Point X="122.0" Y="97.0" />
  <Point X="123.0" Y="98.0" />
  <Point X="123.9037874722308" Y="98.3012624907436" />
  <Point X="126.0" Y="99.0" />
  <Point X="127.0" Y="99.0" />
  <Point X="127.0" Y="100.0" />
  <Point X="127.62768856018857" Y="100.0" />
  <Point X="129.0" Y="100.0" />
  <Point X="130.0" Y="100.0" />
  <Point X="131.0" Y="101.0" />
  <Point X="132.05076557384726" Y="101.0" />
  <Point X="133.0" Y="101.0" />
  <Point X="134.0" Y="101.0" />
  <Point X="135.0" Y="101.0" />
  <Point X="136.0" Y="101.0" />
  <Point X="136.6279505256539" Y="101.62795052565389" />
  <Point X="137.0" Y="102.0" />
  <Point X="138.0" Y="103.0" />
  <Point X="140.0" Y="103.0" />
  <Point X="140.89691960116463" Y="103.0" />
  <Point X="141.0" Y="103.0" />
  <Point X="143.0" Y="103.0" />
  <Point X="144.0" Y="103.0" />
  <Point X="145.55112473739325" Y="103.77556236869663" />
  <Point X="146.0" Y="104.0" />
  <Point X="148.0" Y="104.0" />
  <Point X="149.0" Y="105.0" />
  <Point X="149.9212192133553" Y="105.0" />
  <Point X="150.0" Y="105.0" />
  <Point X="152.0" Y="106.0" />
  <Point X="153.0" Y="106.0" />
  <Point X="154.36171335326716" Y="106.68085667663358" />
  <Point X="155.0" Y="107.0" />
  <Point X="156.0" Y="107.0" />
  <Point X="157.0" Y="107.0" />
  <Point X="158.0" Y="107.0" />
  <Point X="159.0" Y="107.0" />
  <Point X="159.12366441041928" Y="107.0" />
  <Point X="160.0" Y="107.0" />
  <Point X="161.0" Y="108.0" />
  <Point X="162.0" Y="108.0" />
  <Point X="163.0" Y="108.0" />
  <Point X="163.54674142407796" Y="108.0" />
  <Point X="165.0" Y="108.0" />
  <Point X="166.0" Y="109.0" />
  <Point X="167.0" Y="109.0" />
  <Point X="167.96981843773665" Y="109.0" />
  <Point X="168.0" Y="109.0" />
  <Point X="169.0" Y="109.0" />
  <Point X="170.0" Y="109.0" />
  <Point X="171.0" Y="109.0" />
  <Point X="171.0" Y="110.0" />
  <Point X="171.8071090137684" Y="110.0" />
  <Point X="172.0" Y="110.0" />
  <Point X="173.0" Y="110.0" />
  <Point X="174.0" Y="110.0" />
  <Point X="175.0" Y="110.0" />
  <Point X="176.0" Y="110.0" />
  <Point X="176.64439958980017" Y="110.0" />
  <Point X="177.0" Y="110.0" />
  <Point X="178.0" Y="110.0" />
  <Point X="179.0" Y="110.0" />
  <Point X="180.0" Y="110.0" />
  <Point X="181.0" Y="110.0" />
  <Point X="181.48169016583194" Y="110.0" />
  <Point X="182.0" Y="110.0" />
  <Point X="182.0" Y="111.0" />
  <Point X="183.0" Y="111.0" />
  <Point X="184.0" Y="111.0" />
  <Point X="185.0" Y="111.0" />
  <Point X="185.3189807418637" Y="111.0" />
  <Point X="186.0" Y="111.0" />
  <Point X="187.0" Y="111.0" />
  <Point X="188.0" Y="111.0" />
  <Point X="189.0" Y="111.0" />
  <Point X="190.0" Y="111.0" />
  <Point X="190.15627131789546" Y="111.0" />
  <Point X="191.0" Y="111.0" />
  <Point X="192.0" Y="111.0" />
  <Point X="193.0" Y="111.0" />
  <Point X="194.0" Y="111.0" />
  <Point X="194.99356189392722" Y="111.0" />
  <Point X="195.0" Y="111.0" />
  <Point X="196.0" Y="111.0" />
  <Point X="197.0" Y="112.0" />
  <Point X="198.0" Y="112.0" />
  <Point X="199.0" Y="112.0" />
  <Point X="199.29460819686014" Y="112.29460819686014" />
  <Point X="200.0" Y="113.0" />
  <Point X="201.0" Y="113.0" />
  <Point X="202.0" Y="113.0" />
  <Point X="202.0" Y="114.0" />
  <Point X="202.0" Y="114.83971592124458" />
  <Point X="202.0" Y="115.0" />
  <Point X="202.0" Y="116.0" />
  <Point X="202.0" Y="117.0" />
  <Point X="202.0" Y="118.0" />
  <Point X="202.0" Y="119.0" />
  <Point X="202.0" Y="119.67700649727635" />
  <Point X="202.0" Y="120.0" />
  <Point X="202.0" Y="121.0" />
  <Point X="202.0" Y="122.0" />
  <Point X="202.0" Y="123.0" />
  <Point X="202.0" Y="124.0" />
  <Point X="202.0" Y="124.51429707330813" />
  <Point X="202.0" Y="125.0" />
  <Point X="202.0" Y="126.0" />
  <Point X="202.0" Y="127.0" />
  <Point X="202.0" Y="129.0" />
  <Point X="202.0" Y="129.3515876493399" />
  <Point X="202.0" Y="130.0" />
  <Point X="201.0" Y="130.0" />
  <Point X="201.0" Y="131.0" />
  <Point X="201.0" Y="133.0" />
  <Point X="201.0" Y="133.18887822537167" />
  <Point X="201.0" Y="134.0" />
  <Point X="200.0" Y="136.0" />
  <Point X="200.0" Y="137.0" />
  <Point X="199.20989917609634" Y="137.0" />
  <Point X="199.0" Y="137.0" />
  <Point X="199.0" Y="138.0" />
  <Point X="199.0" Y="139.0" />
  <Point X="199.0" Y="140.0" />
  <Point X="199.0" Y="141.0" />
  <Point X="199.0" Y="141.62739139993542" />
  <Point X="199.0" Y="142.0" />
  <Point X="198.0" Y="143.0" />
  <Point X="198.0" Y="144.0" />
  <Point X="197.0" Y="145.0" />
  <Point X="197.0" Y="145.636254851221" />
  <Point X="197.0" Y="146.0" />
  <Point X="197.0" Y="147.0" />
  <Point X="197.0" Y="148.0" />
  <Point X="197.0" Y="149.0" />
  <Point X="196.0" Y="149.0" />
  <Point X="196.0" Y="149.47354542725276" />
  <Point X="196.0" Y="150.0" />
  <Point X="196.0" Y="151.0" />
  <Point X="196.0" Y="152.0" />
  <Point X="196.0" Y="153.0" />
  <Point X="195.0" Y="153.0" />
  <Point X="195.0" Y="153.31083600328452" />
  <Point X="195.0" Y="154.0" />
  <Point X="195.0" Y="155.0" />
  <Point X="195.0" Y="156.0" />
  <Point X="195.0" Y="157.0" />
  <Point X="194.18815191010492" Y="157.81184808989508" />
  <Point X="194.0" Y="158.0" />
  <Point X="194.0" Y="159.0" />
  <Point X="194.0" Y="160.0" />
  <Point X="194.0" Y="161.0" />
  <Point X="194.0" Y="162.0" />
  <Point X="194.0" Y="162.571203592975" />
  <Point X="194.0" Y="163.0" />
  <Point X="194.0" Y="164.0" />
  <Point X="193.0" Y="164.0" />
  <Point X="193.0" Y="165.0" />
  <Point X="193.0" Y="166.0" />
  <Point X="193.0" Y="166.40849416900676" />
  <Point X="193.0" Y="167.0" />
  <Point X="193.0" Y="168.0" />
  <Point X="192.0" Y="168.0" />
  <Point X="192.0" Y="169.0" />
  <Point X="192.0" Y="170.0" />
  <Point X="192.0" Y="170.24578474503852" />
  <Point X="192.0" Y="171.0" />
  <Point X="192.0" Y="172.0" />
  <Point X="192.0" Y="173.0" />
  <Point X="192.0" Y="174.0" />
  <Point X="192.0" Y="175.0" />
  <Point X="192.0" Y="175.08307532107028" />
  <Point X="192.0" Y="176.0" />
  <Point X="191.0" Y="176.0" />
  <Point X="191.0" Y="177.0" />
  <Point X="191.0" Y="178.0" />
  <Point X="190.07963410289796" Y="178.0" />
  <Point X="190.0" Y="178.0" />
  <Point X="189.0" Y="178.0" />
  <Point X="188.0" Y="178.0" />
  <Point X="187.0" Y="178.0" />
  <Point X="186.0" Y="178.0" />
  <Point X="185.2423435268662" Y="178.0" />
  <Point X="185.0" Y="178.0" />
  <Point X="184.0" Y="178.0" />
  <Point X="183.0" Y="178.0" />
  <Point X="182.0" Y="178.0" />
  <Point X="181.0" Y="178.0" />
  <Point X="180.40505295083443" Y="178.0" />
  <Point X="180.0" Y="178.0" />
  <Point X="179.0" Y="178.0" />
  <Point X="178.0" Y="178.0" />
  <Point X="177.0" Y="178.0" />
  <Point X="176.0" Y="178.0" />
  <Point X="175.56776237480267" Y="178.0" />
  <Point X="175.0" Y="178.0" />
  <Point X="174.0" Y="178.0" />
  <Point X="173.0" Y="178.0" />
  <Point X="172.0" Y="178.0" />
  <Point X="170.8644994570795" Y="177.43224972853974" />
  <Point X="170.0" Y="177.0" />
  <Point X="169.0" Y="177.0" />
  <Point X="168.0" Y="177.0" />
  <Point X="167.0" Y="177.0" />
  <Point X="166.12924920023892" Y="177.0" />
  <Point X="166.0" Y="177.0" />
  <Point X="165.0" Y="177.0" />
  <Point X="164.0" Y="177.0" />
  <Point X="163.0" Y="177.0" />
  <Point X="161.29195862420715" Y="177.0" />
  <Point X="161.0" Y="177.0" />
  <Point X="160.0" Y="177.0" />
  <Point X="158.0" Y="176.0" />
  <Point X="157.0" Y="176.0" />
  <Point X="156.69073602567516" Y="176.0" />
  <Point X="156.0" Y="176.0" />
  <Point X="155.0" Y="176.0" />
  <Point X="154.0" Y="175.0" />
  <Point X="153.0" Y="175.0" />
  <Point X="152.26765901201648" Y="175.0" />
  <Point X="152.0" Y="175.0" />
  <Point X="151.0" Y="175.0" />
  <Point X="150.0" Y="175.0" />
  <Point X="148.0" Y="175.0" />
  <Point X="147.43036843598472" Y="175.0" />
  <Point X="146.0" Y="175.0" />
  <Point X="145.0" Y="175.0" />
  <Point X="143.0" Y="175.0" />
  <Point X="142.59307785995296" Y="175.0" />
  <Point X="142.0" Y="175.0" />
  <Point X="141.0" Y="175.0" />
  <Point X="140.0" Y="174.0" />
  <Point X="139.0" Y="174.0" />
  <Point X="138.17000084629427" Y="174.0" />
  <Point X="137.0" Y="174.0" />
  <Point X="136.0" Y="174.0" />
  <Point X="135.0" Y="174.0" />
  <Point X="133.50873073044787" Y="173.25436536522395" />
  <Point X="133.0" Y="173.0" />
  <Point X="131.0" Y="173.0" />
  <Point X="130.0" Y="173.0" />
  <Point X="128.73148767173052" Y="173.0" />
  <Point X="128.0" Y="173.0" />
  <Point X="127.0" Y="173.0" />
  <Point X="126.0" Y="173.0" />
  <Point X="125.0" Y="173.0" />
  <Point X="123.89419709569874" Y="173.0" />
  <Point X="123.0" Y="173.0" />
  <Point X="121.0" Y="172.0" />
  <Point X="119.29297449716675" Y="172.0" />
  <Point X="119.0" Y="172.0" />
  <Point X="117.0" Y="172.0" />
  <Point X="115.0" Y="172.0" />
  <Point X="114.45568392113498" Y="172.0" />
  <Point X="114.0" Y="172.0" />
  <Point X="113.0" Y="171.0" />
  <Point X="111.0" Y="171.0" />
  <Point X="110.03260690747629" Y="171.0" />
  <Point X="110.0" Y="171.0" />
  <Point X="108.0" Y="171.0" />
  <Point X="107.0" Y="171.0" />
  <Point X="106.0" Y="171.0" />
  <Point X="105.43100272125434" Y="170.43100272125434" />
  <Point X="105.0" Y="170.0" />
  <Point X="104.0" Y="170.0" />
  <Point X="103.0" Y="170.0" />
  <Point X="102.0" Y="170.0" />
  <Point X="101.0" Y="170.0" />
  <Point X="100.77223931778583" Y="170.0" />
  <Point X="100.0" Y="170.0" />
  <Point X="99.0" Y="170.0" />
  <Point X="97.0" Y="170.0" />
  <Point X="96.0" Y="170.0" />
  <Point X="95.93494874175406" Y="170.0" />
  <Point X="95.0" Y="170.0" />
  <Point X="94.0" Y="169.0" />
  <Point X="93.0" Y="169.0" />
  <Point X="92.0" Y="169.0" />
  <Point X="91.51187172809537" Y="169.0" />
  <Point X="91.0" Y="169.0" />
  <Point X="90.0" Y="169.0" />
  <Point X="89.0" Y="169.0" />
  <Point X="88.0" Y="169.0" />
  <Point X="87.0" Y="169.0" />
  <Point X="86.6745811520636" Y="169.0" />
  <Point X="86.0" Y="169.0" />
  <Point X="85.0" Y="169.0" />
  <Point X="84.0" Y="169.0" />
  <Point X="83.0" Y="169.0" />
  <Point X="82.0" Y="169.0" />
  <Point X="81.83729057603182" Y="169.0" />
  <Point X="81.0" Y="169.0" />
  <Point X="80.0" Y="169.0" />
  <Point X="81.0" Y="169.0" />
  <Point X="82.0" Y="169.0" />
  <Point X="82.0" Y="168.00000000000006" />
  <Point X="82.0" Y="168.0" />
</Project_1_Part_4>
