<?xml version="1.0" encoding="utf-8" standalone="yes"?>
<Gesture Name="right_sq_bracket5" Subject="2" Number="2" NumPts="382">
  <Point X="87.0" Y="73.0" />
  <Point X="88.0" Y="73.0" />
  <Point X="89.0" Y="73.0" />
  <Point X="90.0" Y="73.0" />
  <Point X="91.0" Y="73.0" />
  <Point X="91.954830617977" Y="73.954830617977" />
  <Point X="92.0" Y="74.0" />
  <Point X="93.0" Y="74.0" />
  <Point X="94.0" Y="74.0" />
  <Point X="95.0" Y="74.0" />
  <Point X="96.0" Y="74.0" />
  <Point X="97.0" Y="74.0" />
  <Point X="97.2864552570512" Y="74.0" />
  <Point X="98.0" Y="74.0" />
  <Point X="99.0" Y="74.0" />
  <Point X="100.0" Y="74.0" />
  <Point X="101.0" Y="74.0" />
  <Point X="102.0" Y="74.0" />
  <Point X="102.63678966676335" Y="74.0" />
  <Point X="103.0" Y="74.0" />
  <Point X="104.0" Y="74.0" />
  <Point X="105.0" Y="74.0" />
  <Point X="106.0" Y="74.0" />
  <Point X="107.0" Y="74.0" />
  <Point X="107.9871240764755" Y="74.0" />
  <Point X="108.0" Y="74.0" />
  <Point X="109.0" Y="74.0" />
  <Point X="110.0" Y="74.0" />
  <Point X="111.0" Y="74.0" />
  <Point X="112.0" Y="74.0" />
  <Point X="113.0" Y="74.0" />
  <Point X="113.33745848618764" Y="74.0" />
  <Point X="114.0" Y="74.0" />
  <Point X="115.0" Y="74.0" />
  <Point X="116.0" Y="74.0" />
  <Point X="117.0" Y="74.0" />
  <Point X="118.0" Y="74.0" />
  <Point X="118.68779289589979" Y="74.0" />
  <Point X="120.0" Y="74.0" />
  <Point X="121.0" Y="74.0" />
  <Point X="122.0" Y="74.0" />
  <Point X="123.0" Y="74.0" />
  <Point X="124.0" Y="74.0" />
  <Point X="124.03812730561194" Y="74.0" />
  <Point X="125.0" Y="74.0" />
  <Point X="126.0" Y="74.0" />
  <Point X="127.0" Y="74.0" />
  <Point X="128.0" Y="74.0" />
  <Point X="129.0" Y="74.0" />
  <Point X="129.3884617153241" Y="74.0" />
  <Point X="130.0" Y="74.0" />
  <Point X="131.0" Y="74.0" />
  <Point X="132.0" Y="74.0" />
  <Point X="133.0" Y="74.0" />
  <Point X="134.0" Y="74.0" />
  <Point X="134.73879612503626" Y="74.0" />
  <Point X="135.0" Y="74.0" />
  <Point X="137.0" Y="74.0" />
  <Point X="138.0" Y="74.0" />
  <Point X="139.0" Y="74.0" />
  <Point X="140.0" Y="74.0" />
  <Point X="140.08913053474842" Y="74.0" />
  <Point X="141.0" Y="74.0" />
  <Point X="142.0" Y="74.0" />
  <Point X="143.0" Y="74.0" />
  <Point X="144.0" Y="74.0" />
  <Point X="145.0" Y="74.0" />
  <Point X="145.43946494446058" Y="74.0" />
  <Point X="146.0" Y="74.0" />
  <Point X="147.0" Y="74.0" />
  <Point X="148.0" Y="74.0" />
  <Point X="149.0" Y="74.0" />
  <Point X="150.0" Y="74.0" />
  <Point X="150.78979935417274" Y="74.0" />
  <Point X="151.0" Y="74.0" />
  <Point X="153.0" Y="74.0" />
  <Point X="154.0" Y="74.0" />
  <Point X="155.0" Y="74.0" />
  <Point X="156.0" Y="74.0" />
  <Point X="156.1401337638849" Y="74.0" />
  <Point X="157.0" Y="74.0" />
  <Point X="158.0" Y="74.0" />
  <Point X="159.0" Y="74.0" />
  <Point X="160.0" Y="74.0" />
  <Point X="161.0" Y="74.0" />
  <Point X="161.49046817359707" Y="74.0" />
  <Point X="162.0" Y="74.0" />
  <Point X="163.0" Y="74.0" />
  <Point X="164.0" Y="74.0" />
  <Point X="165.0" Y="74.0" />
  <Point X="166.0" Y="74.0" />
  <Point X="166.84080258330923" Y="74.0" />
  <Point X="167.0" Y="74.0" />
  <Point X="168.0" Y="74.0" />
  <Point X="169.0" Y="74.0" />
  <Point X="170.0" Y="74.0" />
  <Point X="171.0" Y="74.0" />
  <Point X="172.0" Y="74.0" />
  <Point X="172.1911369930214" Y="74.0" />
  <Point X="173.0" Y="74.0" />
  <Point X="174.0" Y="74.0" />
  <Point X="175.0" Y="74.0" />
  <Point X="176.0" Y="74.0" />
  <Point X="177.0" Y="74.0" />
  <Point X="177.54147140273355" Y="74.0" />
  <Point X="178.0" Y="74.0" />
  <Point X="179.0" Y="74.0" />
  <Point X="180.0" Y="74.0" />
  <Point X="181.0" Y="74.0" />
  <Point X="182.0" Y="74.0" />
  <Point X="182.8918058124457" Y="74.0" />
  <Point X="183.0" Y="74.0" />
  <Point X="184.0" Y="74.0" />
  <Point X="185.0" Y="74.0" />
  <Point X="187.0" Y="74.0" />
  <Point X="188.0" Y="74.0" />
  <Point X="188.24214022215787" Y="74.0" />
  <Point X="189.0" Y="74.0" />
  <Point X="190.0" Y="74.0" />
  <Point X="191.0" Y="74.0" />
  <Point X="192.0" Y="74.0" />
  <Point X="193.0" Y="74.0" />
  <Point X="193.59247463187003" Y="74.0" />
  <Point X="194.0" Y="74.0" />
  <Point X="195.0" Y="74.0" />
  <Point X="196.0" Y="74.0" />
  <Point X="197.0" Y="74.0" />
  <Point X="198.0" Y="74.0" />
  <Point X="198.9428090415822" Y="74.0" />
  <Point X="199.0" Y="74.0" />
  <Point X="200.0" Y="74.0" />
  <Point X="201.0" Y="74.0" />
  <Point X="202.0" Y="74.0" />
  <Point X="203.0" Y="74.0" />
  <Point X="203.0" Y="73.0" />
  <Point X="203.29314345129436" Y="73.0" />
  <Point X="204.0" Y="73.0" />
  <Point X="204.0" Y="74.0" />
  <Point X="204.0" Y="75.0" />
  <Point X="204.0" Y="76.0" />
  <Point X="204.0" Y="77.0" />
  <Point X="204.0" Y="77.6434778610065" />
  <Point X="204.0" Y="78.0" />
  <Point X="204.0" Y="79.0" />
  <Point X="204.0" Y="80.0" />
  <Point X="204.0" Y="81.0" />
  <Point X="204.0" Y="82.0" />
  <Point X="204.0" Y="82.99381227071865" />
  <Point X="204.0" Y="83.0" />
  <Point X="204.0" Y="84.0" />
  <Point X="204.0" Y="85.0" />
  <Point X="203.0" Y="85.0" />
  <Point X="203.0" Y="86.0" />
  <Point X="203.0" Y="87.0" />
  <Point X="203.0" Y="87.3441466804308" />
  <Point X="203.0" Y="88.0" />
  <Point X="202.0" Y="88.0" />
  <Point X="202.0" Y="89.0" />
  <Point X="202.0" Y="90.0" />
  <Point X="202.0" Y="91.0" />
  <Point X="202.0" Y="91.69448109014294" />
  <Point X="202.0" Y="92.0" />
  <Point X="202.0" Y="93.0" />
  <Point X="202.0" Y="94.0" />
  <Point X="201.0" Y="95.0" />
  <Point X="201.0" Y="96.0" />
  <Point X="201.0" Y="96.630601937482" />
  <Point X="201.0" Y="97.0" />
  <Point X="201.0" Y="98.0" />
  <Point X="201.0" Y="99.0" />
  <Point X="201.0" Y="100.0" />
  <Point X="201.0" Y="101.0" />
  <Point X="201.0" Y="101.98093634719415" />
  <Point X="201.0" Y="102.0" />
  <Point X="201.0" Y="103.0" />
  <Point X="201.0" Y="104.0" />
  <Point X="200.0" Y="104.0" />
  <Point X="200.0" Y="105.0" />
  <Point X="200.0" Y="106.0" />
  <Point X="200.0" Y="106.33127075690629" />
  <Point X="200.0" Y="107.0" />
  <Point X="199.0" Y="108.0" />
  <Point X="199.0" Y="109.0" />
  <Point X="199.0" Y="110.0" />
  <Point X="199.0" Y="111.0" />
  <Point X="199.0" Y="111.26739160424535" />
  <Point X="199.0" Y="112.0" />
  <Point X="199.0" Y="114.0" />
  <Point X="198.0" Y="114.0" />
  <Point X="198.0" Y="115.0" />
  <Point X="198.0" Y="115.6177260139575" />
  <Point X="198.0" Y="116.0" />
  <Point X="198.0" Y="117.0" />
  <Point X="198.0" Y="118.0" />
  <Point X="198.0" Y="119.0" />
  <Point X="198.0" Y="120.0" />
  <Point X="198.0" Y="120.96806042366964" />
  <Point X="198.0" Y="121.0" />
  <Point X="197.0" Y="121.0" />
  <Point X="197.0" Y="122.0" />
  <Point X="197.0" Y="123.0" />
  <Point X="197.0" Y="124.0" />
  <Point X="196.06775407303442" Y="124.93224592696558" />
  <Point X="196.0" Y="125.0" />
  <Point X="196.0" Y="126.0" />
  <Point X="196.0" Y="127.0" />
  <Point X="196.0" Y="128.0" />
  <Point X="196.0" Y="129.0" />
  <Point X="196.0" Y="130.0" />
  <Point X="196.0" Y="130.25451568072086" />
  <Point X="196.0" Y="131.0" />
  <Point X="196.0" Y="132.0" />
  <Point X="196.0" Y="133.0" />
  <Point X="196.0" Y="134.0" />
  <Point X="196.0" Y="135.0" />
  <Point X="196.0" Y="135.60485009043302" />
  <Point X="196.0" Y="136.0" />
  <Point X="196.0" Y="137.0" />
  <Point X="196.0" Y="138.0" />
  <Point X="196.0" Y="139.0" />
  <Point X="196.0" Y="140.0" />
  <Point X="196.0" Y="140.95518450014518" />
  <Point X="196.0" Y="141.0" />
  <Point X="196.0" Y="142.0" />
  <Point X="196.0" Y="143.0" />
  <Point X="196.0" Y="144.0" />
  <Point X="196.0" Y="145.0" />
  <Point X="196.0" Y="146.0" />
  <Point X="196.0" Y="146.30551890985734" />
  <Point X="196.0" Y="147.0" />
  <Point X="196.0" Y="148.0" />
  <Point X="196.0" Y="149.0" />
  <Point X="196.0" Y="150.0" />
  <Point X="196.0" Y="151.0" />
  <Point X="196.0" Y="151.6558533195695" />
  <Point X="196.0" Y="152.0" />
  <Point X="196.0" Y="153.0" />
  <Point X="196.0" Y="154.0" />
  <Point X="196.0" Y="155.0" />
  <Point X="195.0" Y="155.0" />
  <Point X="195.0" Y="156.0" />
  <Point X="195.0" Y="156.00618772928166" />
  <Point X="195.0" Y="157.0" />
  <Point X="195.0" Y="158.0" />
  <Point X="195.0" Y="159.0" />
  <Point X="195.0" Y="160.0" />
  <Point X="195.0" Y="161.0" />
  <Point X="195.0" Y="161.35652213899382" />
  <Point X="195.0" Y="162.0" />
  <Point X="194.0" Y="162.0" />
  <Point X="194.0" Y="163.0" />
  <Point X="194.0" Y="164.0" />
  <Point X="194.0" Y="165.0" />
  <Point X="194.0" Y="165.70685654870599" />
  <Point X="194.0" Y="166.0" />
  <Point X="194.0" Y="167.0" />
  <Point X="194.0" Y="168.0" />
  <Point X="193.0" Y="168.0" />
  <Point X="193.0" Y="169.0" />
  <Point X="193.0" Y="170.0" />
  <Point X="193.0" Y="170.05719095841815" />
  <Point X="193.0" Y="171.0" />
  <Point X="193.0" Y="172.0" />
  <Point X="193.0" Y="173.0" />
  <Point X="192.0" Y="173.0" />
  <Point X="192.0" Y="174.0" />
  <Point X="192.0" Y="174.4075253681303" />
  <Point X="192.0" Y="175.0" />
  <Point X="191.0" Y="175.0" />
  <Point X="190.0" Y="175.0" />
  <Point X="189.0" Y="175.0" />
  <Point X="188.0" Y="175.0" />
  <Point X="187.24214022215753" Y="175.0" />
  <Point X="187.0" Y="175.0" />
  <Point X="186.0" Y="175.0" />
  <Point X="185.0" Y="175.0" />
  <Point X="184.0" Y="175.0" />
  <Point X="183.0" Y="175.0" />
  <Point X="182.0" Y="175.0" />
  <Point X="181.89180581244537" Y="175.0" />
  <Point X="181.0" Y="175.0" />
  <Point X="180.0" Y="175.0" />
  <Point X="179.0" Y="175.0" />
  <Point X="178.0" Y="175.0" />
  <Point X="177.0" Y="175.0" />
  <Point X="176.5414714027332" Y="175.0" />
  <Point X="176.0" Y="175.0" />
  <Point X="175.0" Y="175.0" />
  <Point X="174.0" Y="175.0" />
  <Point X="172.0" Y="175.0" />
  <Point X="171.19113699302105" Y="175.0" />
  <Point X="171.0" Y="175.0" />
  <Point X="169.0" Y="175.0" />
  <Point X="168.0" Y="175.0" />
  <Point X="167.0" Y="175.0" />
  <Point X="166.0" Y="175.0" />
  <Point X="165.84080258330889" Y="175.0" />
  <Point X="165.0" Y="175.0" />
  <Point X="164.0" Y="175.0" />
  <Point X="162.0" Y="175.0" />
  <Point X="160.49046817359672" Y="175.0" />
  <Point X="160.0" Y="175.0" />
  <Point X="158.0" Y="175.0" />
  <Point X="157.0" Y="175.0" />
  <Point X="156.0" Y="175.0" />
  <Point X="155.14013376388456" Y="175.0" />
  <Point X="155.0" Y="175.0" />
  <Point X="154.0" Y="175.0" />
  <Point X="153.0" Y="175.0" />
  <Point X="152.0" Y="175.0" />
  <Point X="151.0" Y="175.0" />
  <Point X="150.0" Y="175.0" />
  <Point X="149.7897993541724" Y="175.0" />
  <Point X="149.0" Y="175.0" />
  <Point X="148.0" Y="175.0" />
  <Point X="147.0" Y="175.0" />
  <Point X="146.0" Y="175.0" />
  <Point X="144.43946494446024" Y="175.0" />
  <Point X="144.0" Y="175.0" />
  <Point X="143.0" Y="175.0" />
  <Point X="141.0" Y="175.0" />
  <Point X="140.0" Y="175.0" />
  <Point X="139.08913053474808" Y="175.0" />
  <Point X="138.0" Y="175.0" />
  <Point X="137.0" Y="175.0" />
  <Point X="136.0" Y="175.0" />
  <Point X="135.0" Y="175.0" />
  <Point X="134.0" Y="175.0" />
  <Point X="133.73879612503592" Y="175.0" />
  <Point X="133.0" Y="175.0" />
  <Point X="132.0" Y="174.0" />
  <Point X="130.0" Y="174.0" />
  <Point X="129.0" Y="174.0" />
  <Point X="128.80267527769686" Y="174.0" />
  <Point X="127.0" Y="174.0" />
  <Point X="126.0" Y="174.0" />
  <Point X="125.0" Y="174.0" />
  <Point X="124.0" Y="174.0" />
  <Point X="123.45234086798472" Y="174.0" />
  <Point X="123.0" Y="174.0" />
  <Point X="122.0" Y="174.0" />
  <Point X="121.0" Y="174.0" />
  <Point X="120.0" Y="174.0" />
  <Point X="119.0" Y="174.0" />
  <Point X="118.10200645827257" Y="174.0" />
  <Point X="118.0" Y="174.0" />
  <Point X="117.0" Y="174.0" />
  <Point X="116.0" Y="174.0" />
  <Point X="115.0" Y="174.0" />
  <Point X="114.0" Y="174.0" />
  <Point X="113.0" Y="174.0" />
  <Point X="112.75167204856042" Y="174.0" />
  <Point X="112.0" Y="174.0" />
  <Point X="111.0" Y="174.0" />
  <Point X="110.0" Y="174.0" />
  <Point X="108.0" Y="174.0" />
  <Point X="107.40133763884828" Y="174.0" />
  <Point X="107.0" Y="174.0" />
  <Point X="106.0" Y="174.0" />
  <Point X="105.0" Y="174.0" />
  <Point X="104.0" Y="174.0" />
  <Point X="103.0" Y="174.0" />
  <Point X="102.05100322913613" Y="174.0" />
  <Point X="102.0" Y="174.0" />
  <Point X="101.0" Y="174.0" />
  <Point X="100.0" Y="174.0" />
  <Point X="99.0" Y="174.0" />
  <Point X="98.0" Y="174.0" />
  <Point X="97.0" Y="174.0" />
  <Point X="96.70066881942398" Y="174.0" />
  <Point X="96.0" Y="174.0" />
  <Point X="95.0" Y="174.0" />
  <Point X="94.0" Y="174.0" />
  <Point X="93.0" Y="174.0" />
  <Point X="92.0" Y="174.0" />
  <Point X="92.64966559028817" Y="174.0" />
  <Point X="93.0" Y="174.0" />
  <Point X="93.0" Y="173.0" />
  <Point X="94.0" Y="173.0" />
  <Point X="94.0" Y="172.0" />
  <Point X="94.0" Y="171.0" />
  <Point X="95.0" Y="171.0" />
</Project_1_Part_4>
