<?xml version="1.0" encoding="utf-8" standalone="yes"?>
<Gesture Name="right_curly_brace2" Subject="2" Number="2" NumPts="284">
  <Point X="209.0" Y="19.0" />
  <Point X="204.48870866222686" Y="21.656649343355294" />
  <Point X="199.9774173244537" Y="24.31329868671059" />
  <Point X="195.46612598668057" Y="26.969948030065886" />
  <Point X="190.95483464890742" Y="29.626597373421184" />
  <Point X="186.44354331113428" Y="32.28324671677648" />
  <Point X="181.93225197336113" Y="34.93989606013178" />
  <Point X="177.420960635588" Y="37.59654540348708" />
  <Point X="172.90966929781484" Y="40.253194746842375" />
  <Point X="168.3983779600417" Y="42.90984409019767" />
  <Point X="163.88708662226855" Y="45.56649343355297" />
  <Point X="159.3757952844954" Y="48.22314277690827" />
  <Point X="154.86450394672227" Y="50.879792120263566" />
  <Point X="150.35321260894912" Y="53.536441463618864" />
  <Point X="145.84192127117598" Y="56.19309080697416" />
  <Point X="141.33062993340283" Y="58.84974015032945" />
  <Point X="136.8193385956297" Y="61.50638949368475" />
  <Point X="132.30804725785654" Y="64.16303883704005" />
  <Point X="127.7967559200834" Y="66.81968818039535" />
  <Point X="123.28546458231025" Y="69.47633752375063" />
  <Point X="119.0" Y="72.0" />
  <Point X="119.26207485630168" Y="72.0" />
  <Point X="120.0" Y="72.0" />
  <Point X="121.0" Y="72.0" />
  <Point X="122.0" Y="72.0" />
  <Point X="123.0" Y="72.0" />
  <Point X="124.0" Y="72.0" />
  <Point X="124.49748651803537" Y="72.0" />
  <Point X="125.0" Y="72.0" />
  <Point X="126.0" Y="72.0" />
  <Point X="127.0" Y="72.0" />
  <Point X="128.0" Y="72.0" />
  <Point X="129.0" Y="72.0" />
  <Point X="129.73289817976905" Y="72.0" />
  <Point X="130.0" Y="72.0" />
  <Point X="131.0" Y="72.0" />
  <Point X="132.0" Y="72.0" />
  <Point X="133.0" Y="72.0" />
  <Point X="134.0" Y="72.0" />
  <Point X="134.96830984150273" Y="72.0" />
  <Point X="135.0" Y="72.0" />
  <Point X="136.0" Y="73.0" />
  <Point X="137.0" Y="73.0" />
  <Point X="138.0" Y="73.0" />
  <Point X="138.0" Y="74.0" />
  <Point X="138.78950794086333" Y="74.0" />
  <Point X="139.0" Y="74.0" />
  <Point X="140.0" Y="74.0" />
  <Point X="140.0" Y="75.0" />
  <Point X="141.0" Y="75.0" />
  <Point X="142.0" Y="75.0" />
  <Point X="143.0" Y="75.0" />
  <Point X="143.0" Y="75.02491960259702" />
  <Point X="143.0" Y="76.0" />
  <Point X="144.0" Y="76.0" />
  <Point X="144.0" Y="77.0" />
  <Point X="145.0" Y="77.0" />
  <Point X="145.89118878354967" Y="77.89118878354967" />
  <Point X="146.0" Y="78.0" />
  <Point X="147.0" Y="78.0" />
  <Point X="148.0" Y="78.0" />
  <Point X="149.0" Y="78.0" />
  <Point X="149.0" Y="79.0" />
  <Point X="150.0" Y="79.0" />
  <Point X="150.08152936369132" Y="79.0" />
  <Point X="151.0" Y="79.0" />
  <Point X="151.0" Y="80.0" />
  <Point X="152.0" Y="80.0" />
  <Point X="153.0" Y="80.0" />
  <Point X="153.0" Y="81.0" />
  <Point X="153.316941025425" Y="81.0" />
  <Point X="154.0" Y="81.0" />
  <Point X="155.0" Y="81.0" />
  <Point X="155.0" Y="82.0" />
  <Point X="156.0" Y="82.0" />
  <Point X="157.0" Y="82.0" />
  <Point X="157.0" Y="82.55235268715869" />
  <Point X="157.0" Y="83.0" />
  <Point X="158.0" Y="83.0" />
  <Point X="159.0" Y="83.0" />
  <Point X="160.0" Y="83.0" />
  <Point X="160.0" Y="84.0" />
  <Point X="160.5570335130788" Y="84.5570335130788" />
  <Point X="161.0" Y="85.0" />
  <Point X="162.0" Y="85.0" />
  <Point X="163.0" Y="86.0" />
  <Point X="164.0" Y="86.0" />
  <Point X="164.0" Y="87.0" />
  <Point X="164.19474888587987" Y="87.0" />
  <Point X="165.0" Y="87.0" />
  <Point X="165.0" Y="88.0" />
  <Point X="166.0" Y="88.0" />
  <Point X="166.0" Y="89.0" />
  <Point X="167.0" Y="89.0" />
  <Point X="167.0" Y="89.43016054761357" />
  <Point X="167.0" Y="90.0" />
  <Point X="168.0" Y="90.0" />
  <Point X="168.0" Y="91.0" />
  <Point X="169.0" Y="91.0" />
  <Point X="169.0" Y="92.0" />
  <Point X="169.66557220934726" Y="92.0" />
  <Point X="170.0" Y="92.0" />
  <Point X="170.0" Y="93.0" />
  <Point X="170.0" Y="94.0" />
  <Point X="171.0" Y="94.0" />
  <Point X="172.0" Y="94.0" />
  <Point X="172.0" Y="94.90098387108095" />
  <Point X="172.0" Y="95.0" />
  <Point X="172.0" Y="96.0" />
  <Point X="172.0" Y="97.0" />
  <Point X="173.0" Y="98.0" />
  <Point X="173.0" Y="99.0" />
  <Point X="173.0" Y="99.72218197044155" />
  <Point X="173.0" Y="100.0" />
  <Point X="174.0" Y="100.0" />
  <Point X="174.0" Y="101.0" />
  <Point X="174.0" Y="102.0" />
  <Point X="174.0" Y="103.0" />
  <Point X="174.0" Y="103.95759363217525" />
  <Point X="174.0" Y="104.0" />
  <Point X="175.0" Y="104.0" />
  <Point X="175.0" Y="105.0" />
  <Point X="175.0" Y="106.0" />
  <Point X="175.0" Y="107.0" />
  <Point X="175.0" Y="108.0" />
  <Point X="175.0" Y="108.19300529390894" />
  <Point X="175.0" Y="109.0" />
  <Point X="175.0" Y="110.0" />
  <Point X="175.0" Y="111.0" />
  <Point X="175.0" Y="112.0" />
  <Point X="175.0" Y="113.0" />
  <Point X="175.0" Y="113.42841695564263" />
  <Point X="175.0" Y="114.0" />
  <Point X="175.0" Y="115.0" />
  <Point X="175.0" Y="116.0" />
  <Point X="175.0" Y="117.0" />
  <Point X="175.0" Y="118.0" />
  <Point X="175.0" Y="118.66382861737632" />
  <Point X="175.0" Y="119.0" />
  <Point X="175.0" Y="120.0" />
  <Point X="176.0" Y="120.0" />
  <Point X="177.0" Y="120.0" />
  <Point X="178.0" Y="120.0" />
  <Point X="178.89924027911002" Y="120.0" />
  <Point X="179.0" Y="120.0" />
  <Point X="180.0" Y="120.0" />
  <Point X="181.0" Y="120.0" />
  <Point X="182.0" Y="120.0" />
  <Point X="183.0" Y="120.0" />
  <Point X="184.0" Y="120.0" />
  <Point X="184.1346519408437" Y="120.0" />
  <Point X="185.0" Y="120.0" />
  <Point X="186.0" Y="120.0" />
  <Point X="185.0" Y="120.0" />
  <Point X="184.0" Y="120.0" />
  <Point X="183.0" Y="120.0" />
  <Point X="182.62993639742263" Y="120.0" />
  <Point X="182.0" Y="120.0" />
  <Point X="181.0" Y="120.0" />
  <Point X="180.0" Y="120.0" />
  <Point X="179.0" Y="120.0" />
  <Point X="178.0" Y="120.0" />
  <Point X="178.0" Y="120.60547526431107" />
  <Point X="178.0" Y="121.0" />
  <Point X="177.0" Y="121.0" />
  <Point X="176.0" Y="121.0" />
  <Point X="175.0" Y="121.0" />
  <Point X="175.0" Y="122.0" />
  <Point X="174.15911307395524" Y="122.0" />
  <Point X="174.0" Y="122.0" />
  <Point X="173.0" Y="122.0" />
  <Point X="174.0" Y="122.0" />
  <Point X="175.0" Y="122.0" />
  <Point X="176.0" Y="122.0" />
  <Point X="177.0" Y="122.0" />
  <Point X="177.07629858777844" Y="122.0" />
  <Point X="178.0" Y="122.0" />
  <Point X="179.0" Y="123.0" />
  <Point X="180.0" Y="123.0" />
  <Point X="181.0" Y="123.0" />
  <Point X="181.89749668713904" Y="123.0" />
  <Point X="182.0" Y="123.0" />
  <Point X="182.0" Y="124.0" />
  <Point X="183.0" Y="124.0" />
  <Point X="184.0" Y="124.0" />
  <Point X="185.0" Y="124.0" />
  <Point X="186.0" Y="124.0" />
  <Point X="186.0" Y="124.13290834887273" />
  <Point X="186.0" Y="125.0" />
  <Point X="186.0" Y="126.0" />
  <Point X="187.0" Y="126.0" />
  <Point X="187.0" Y="127.0" />
  <Point X="187.0" Y="128.0" />
  <Point X="187.0" Y="128.36832001060642" />
  <Point X="187.0" Y="129.0" />
  <Point X="187.0" Y="130.0" />
  <Point X="187.0" Y="131.0" />
  <Point X="186.0" Y="132.0" />
  <Point X="186.0" Y="133.0" />
  <Point X="185.81048189003297" Y="133.0" />
  <Point X="185.0" Y="133.0" />
  <Point X="185.0" Y="134.0" />
  <Point X="184.0" Y="135.0" />
  <Point X="183.0" Y="135.0" />
  <Point X="183.0" Y="136.0" />
  <Point X="182.98928379067237" Y="136.0" />
  <Point X="182.0" Y="136.0" />
  <Point X="182.0" Y="137.0" />
  <Point X="181.0" Y="137.0" />
  <Point X="180.0" Y="138.0" />
  <Point X="179.16808569131177" Y="138.0" />
  <Point X="179.0" Y="138.0" />
  <Point X="179.0" Y="139.0" />
  <Point X="178.0" Y="139.0" />
  <Point X="178.0" Y="140.0" />
  <Point X="177.0" Y="140.0" />
  <Point X="177.0" Y="141.0" />
  <Point X="176.9326740295781" Y="141.0" />
  <Point X="176.0" Y="141.0" />
  <Point X="176.0" Y="142.0" />
  <Point X="175.0" Y="142.0" />
  <Point X="175.0" Y="143.0" />
  <Point X="174.0" Y="143.0" />
  <Point X="174.0" Y="143.30273763215558" />
  <Point X="174.0" Y="144.0" />
  <Point X="173.0" Y="145.0" />
  <Point X="173.0" Y="146.0" />
  <Point X="172.0" Y="146.0" />
  <Point X="172.0" Y="147.0" />
  <Point X="171.87606426848382" Y="147.0" />
  <Point X="171.0" Y="147.0" />
  <Point X="171.0" Y="148.0" />
  <Point X="170.0" Y="148.0" />
  <Point X="170.0" Y="149.0" />
  <Point X="169.0" Y="149.0" />
  <Point X="169.0" Y="149.35934739324986" />
  <Point X="169.0" Y="150.0" />
  <Point X="168.0" Y="151.0" />
  <Point X="167.0" Y="151.0" />
  <Point X="167.0" Y="152.0" />
  <Point X="166.0" Y="152.0" />
  <Point X="165.87233505786247" Y="152.12766494213753" />
  <Point X="165.0" Y="153.0" />
  <Point X="164.0" Y="153.0" />
  <Point X="164.0" Y="154.0" />
  <Point X="163.0" Y="154.0" />
  <Point X="163.0" Y="155.0" />
  <Point X="162.99825640802894" Y="155.0" />
  <Point X="162.0" Y="155.0" />
  <Point X="161.0" Y="155.0" />
  <Point X="161.0" Y="156.0" />
  <Point X="160.0" Y="156.0" />
  <Point X="160.0" Y="157.0" />
  <Point X="159.76284474629526" Y="157.0" />
  <Point X="159.0" Y="157.0" />
  <Point X="158.0" Y="157.0" />
  <Point X="158.0" Y="158.0" />
  <Point X="158.0" Y="159.0" />
  <Point X="157.0" Y="159.0" />
  <Point X="156.52743308456158" Y="159.0" />
  <Point X="156.0" Y="159.0" />
  <Point X="156.0" Y="160.0" />
  <Point X="155.0" Y="160.0" />
  <Point X="154.0" Y="160.0" />
  <Point X="154.0" Y="161.0" />
  <Point X="153.2920214228279" Y="161.0" />
  <Point X="153.0" Y="161.0" />
  <Point X="152.0" Y="161.0" />
  <Point X="151.0" Y="161.0" />
  <Point X="150.0" Y="161.0" />
  <Point X="150.0" Y="162.0" />
  <Point X="149.33292236476453" Y="162.66707763523547" />
  <Point X="149.0" Y="163.0" />
  <Point X="148.0" Y="163.0" />
  <Point X="147.0" Y="163.0" />
  <Point X="146.0" Y="163.0" />
  <Point X="145.0" Y="163.0" />
  <Point X="145.0" Y="163.76458833826638" />
  <Point X="145.0" Y="164.0" />
  <Point X="144.0" Y="164.0" />
  <Point X="144.0" Y="165.0" />
  <Point X="143.0" Y="165.0" />
  <Point X="143.0" Y="166.0" />
  <Point X="142.0" Y="166.0" />
</Project_1_Part_4>
