<?xml version="1.0" encoding="utf-8" standalone="yes"?>
<Gesture Name="right_sq_bracket9" Subject="2" Number="2" NumPts="346">
  <Point X="102.0" Y="76.0" />
  <Point X="103.0" Y="76.0" />
  <Point X="104.0" Y="76.0" />
  <Point X="105.0" Y="76.0" />
  <Point X="106.0" Y="76.0" />
  <Point X="107.0" Y="76.0" />
  <Point X="107.11609061109499" Y="76.0" />
  <Point X="108.0" Y="76.0" />
  <Point X="109.0" Y="76.0" />
  <Point X="110.0" Y="76.0" />
  <Point X="111.0" Y="76.0" />
  <Point X="112.0" Y="76.0" />
  <Point X="112.23218122218998" Y="76.0" />
  <Point X="113.0" Y="76.0" />
  <Point X="114.0" Y="76.0" />
  <Point X="115.0" Y="76.0" />
  <Point X="117.0" Y="76.0" />
  <Point X="117.34827183328497" Y="76.0" />
  <Point X="118.0" Y="76.0" />
  <Point X="119.0" Y="76.0" />
  <Point X="120.0" Y="76.0" />
  <Point X="121.0" Y="76.0" />
  <Point X="122.0" Y="76.0" />
  <Point X="122.46436244437996" Y="76.0" />
  <Point X="123.0" Y="76.0" />
  <Point X="124.0" Y="76.0" />
  <Point X="125.0" Y="76.0" />
  <Point X="127.0" Y="76.0" />
  <Point X="127.58045305547495" Y="76.0" />
  <Point X="128.0" Y="76.0" />
  <Point X="130.0" Y="76.0" />
  <Point X="132.0" Y="76.0" />
  <Point X="132.69654366656994" Y="76.0" />
  <Point X="133.0" Y="76.0" />
  <Point X="135.0" Y="76.0" />
  <Point X="137.0" Y="76.0" />
  <Point X="137.81263427766493" Y="76.0" />
  <Point X="139.0" Y="76.0" />
  <Point X="140.0" Y="76.0" />
  <Point X="141.0" Y="76.0" />
  <Point X="142.0" Y="76.0" />
  <Point X="142.65670766669885" Y="76.65670766669886" />
  <Point X="143.0" Y="77.0" />
  <Point X="144.0" Y="77.0" />
  <Point X="145.0" Y="77.0" />
  <Point X="146.0" Y="77.0" />
  <Point X="147.0" Y="77.0" />
  <Point X="147.63060193748183" Y="77.0" />
  <Point X="149.0" Y="77.0" />
  <Point X="150.0" Y="78.0" />
  <Point X="151.0" Y="78.0" />
  <Point X="152.0" Y="78.0" />
  <Point X="152.33247898620374" Y="78.0" />
  <Point X="153.0" Y="78.0" />
  <Point X="154.0" Y="78.0" />
  <Point X="155.0" Y="78.0" />
  <Point X="156.0" Y="78.0" />
  <Point X="157.0" Y="78.0" />
  <Point X="157.44856959729873" Y="78.0" />
  <Point X="158.0" Y="78.0" />
  <Point X="160.0" Y="78.0" />
  <Point X="161.0" Y="78.0" />
  <Point X="162.0" Y="78.0" />
  <Point X="162.56466020839372" Y="78.0" />
  <Point X="163.0" Y="78.0" />
  <Point X="164.0" Y="78.0" />
  <Point X="165.0" Y="78.0" />
  <Point X="167.0" Y="78.0" />
  <Point X="167.6807508194887" Y="78.0" />
  <Point X="168.0" Y="78.0" />
  <Point X="169.0" Y="78.0" />
  <Point X="170.0" Y="78.0" />
  <Point X="172.0" Y="78.0" />
  <Point X="172.7968414305837" Y="78.0" />
  <Point X="173.0" Y="78.0" />
  <Point X="174.0" Y="78.0" />
  <Point X="175.0" Y="78.0" />
  <Point X="176.0" Y="78.0" />
  <Point X="177.0" Y="78.0" />
  <Point X="177.9129320416787" Y="78.0" />
  <Point X="178.0" Y="78.0" />
  <Point X="179.0" Y="78.0" />
  <Point X="180.0" Y="78.0" />
  <Point X="181.0" Y="78.0" />
  <Point X="182.0" Y="78.0" />
  <Point X="183.0" Y="78.0" />
  <Point X="183.02902265277368" Y="78.0" />
  <Point X="184.0" Y="78.0" />
  <Point X="185.0" Y="78.0" />
  <Point X="186.0" Y="78.0" />
  <Point X="187.0" Y="77.0" />
  <Point X="187.7308997014956" Y="77.0" />
  <Point X="188.0" Y="77.0" />
  <Point X="189.0" Y="77.0" />
  <Point X="190.0" Y="77.0" />
  <Point X="191.0" Y="77.0" />
  <Point X="191.0" Y="76.0" />
  <Point X="191.84699031259058" Y="76.0" />
  <Point X="192.0" Y="76.0" />
  <Point X="193.0" Y="76.0" />
  <Point X="194.0" Y="76.0" />
  <Point X="195.0" Y="76.0" />
  <Point X="196.0" Y="76.0" />
  <Point X="196.96308092368557" Y="76.0" />
  <Point X="197.0" Y="76.0" />
  <Point X="197.0" Y="75.0" />
  <Point X="198.0" Y="75.0" />
  <Point X="199.0" Y="75.0" />
  <Point X="200.0" Y="75.0" />
  <Point X="201.0" Y="75.0" />
  <Point X="201.07917153478056" Y="75.0" />
  <Point X="202.0" Y="75.0" />
  <Point X="203.0" Y="75.0" />
  <Point X="204.0" Y="75.0" />
  <Point X="205.0" Y="75.0" />
  <Point X="206.0" Y="75.0" />
  <Point X="206.19526214587555" Y="75.0" />
  <Point X="207.0" Y="75.0" />
  <Point X="208.0" Y="75.0" />
  <Point X="209.0" Y="75.0" />
  <Point X="209.0" Y="76.0" />
  <Point X="210.0" Y="76.0" />
  <Point X="210.0" Y="76.31135275697054" />
  <Point X="210.0" Y="77.0" />
  <Point X="210.0" Y="78.0" />
  <Point X="211.0" Y="79.0" />
  <Point X="211.0" Y="80.0" />
  <Point X="211.0" Y="81.0" />
  <Point X="211.0" Y="81.01322980569243" />
  <Point X="211.0" Y="82.0" />
  <Point X="211.0" Y="83.0" />
  <Point X="211.0" Y="84.0" />
  <Point X="212.0" Y="84.0" />
  <Point X="212.0" Y="85.0" />
  <Point X="212.0" Y="85.12932041678744" />
  <Point X="212.0" Y="86.0" />
  <Point X="212.0" Y="87.0" />
  <Point X="212.0" Y="88.0" />
  <Point X="213.0" Y="89.0" />
  <Point X="213.0" Y="89.83119746550933" />
  <Point X="213.0" Y="90.0" />
  <Point X="213.0" Y="91.0" />
  <Point X="213.0" Y="92.0" />
  <Point X="213.0" Y="93.0" />
  <Point X="213.0" Y="94.0" />
  <Point X="213.0" Y="94.94728807660434" />
  <Point X="213.0" Y="95.0" />
  <Point X="214.0" Y="95.0" />
  <Point X="214.0" Y="96.0" />
  <Point X="214.0" Y="97.0" />
  <Point X="214.0" Y="98.0" />
  <Point X="214.0" Y="99.0" />
  <Point X="214.0" Y="99.06337868769933" />
  <Point X="214.0" Y="100.0" />
  <Point X="214.0" Y="101.0" />
  <Point X="214.0" Y="102.0" />
  <Point X="214.0" Y="103.0" />
  <Point X="214.0" Y="104.17946929879432" />
  <Point X="214.0" Y="105.0" />
  <Point X="214.0" Y="106.0" />
  <Point X="214.0" Y="108.0" />
  <Point X="214.0" Y="109.0" />
  <Point X="214.0" Y="109.2955599098893" />
  <Point X="214.0" Y="110.0" />
  <Point X="214.0" Y="111.0" />
  <Point X="214.0" Y="112.0" />
  <Point X="214.0" Y="113.0" />
  <Point X="214.0" Y="114.0" />
  <Point X="214.0" Y="114.4116505209843" />
  <Point X="214.0" Y="115.0" />
  <Point X="214.0" Y="117.0" />
  <Point X="214.0" Y="118.0" />
  <Point X="214.0" Y="119.0" />
  <Point X="214.0" Y="119.52774113207929" />
  <Point X="214.0" Y="120.0" />
  <Point X="214.0" Y="121.0" />
  <Point X="214.0" Y="122.0" />
  <Point X="214.0" Y="123.0" />
  <Point X="214.0" Y="124.0" />
  <Point X="214.0" Y="124.64383174317427" />
  <Point X="214.0" Y="125.0" />
  <Point X="214.0" Y="126.0" />
  <Point X="214.0" Y="127.0" />
  <Point X="214.0" Y="128.0" />
  <Point X="214.0" Y="129.0" />
  <Point X="214.0" Y="129.75992235426926" />
  <Point X="214.0" Y="130.0" />
  <Point X="214.0" Y="131.0" />
  <Point X="214.0" Y="132.0" />
  <Point X="214.0" Y="133.0" />
  <Point X="214.0" Y="134.0" />
  <Point X="214.0" Y="134.87601296536425" />
  <Point X="214.0" Y="135.0" />
  <Point X="214.0" Y="136.0" />
  <Point X="214.0" Y="137.0" />
  <Point X="214.0" Y="138.0" />
  <Point X="214.0" Y="139.0" />
  <Point X="214.0" Y="139.99210357645924" />
  <Point X="214.0" Y="140.0" />
  <Point X="214.0" Y="142.0" />
  <Point X="214.0" Y="143.0" />
  <Point X="214.0" Y="144.0" />
  <Point X="213.2163883751089" Y="144.7836116248911" />
  <Point X="213.0" Y="145.0" />
  <Point X="213.0" Y="146.0" />
  <Point X="213.0" Y="147.0" />
  <Point X="213.0" Y="148.0" />
  <Point X="213.0" Y="149.0" />
  <Point X="213.0" Y="149.81007123627612" />
  <Point X="213.0" Y="150.0" />
  <Point X="213.0" Y="151.0" />
  <Point X="212.0" Y="152.0" />
  <Point X="212.0" Y="153.0" />
  <Point X="212.0" Y="154.0" />
  <Point X="212.0" Y="154.51194828499803" />
  <Point X="212.0" Y="155.0" />
  <Point X="212.0" Y="157.0" />
  <Point X="212.0" Y="158.0" />
  <Point X="212.0" Y="159.0" />
  <Point X="212.0" Y="159.62803889609302" />
  <Point X="212.0" Y="160.0" />
  <Point X="212.0" Y="161.0" />
  <Point X="212.0" Y="162.0" />
  <Point X="212.0" Y="163.0" />
  <Point X="212.0" Y="164.0" />
  <Point X="212.0" Y="164.744129507188" />
  <Point X="212.0" Y="165.0" />
  <Point X="212.0" Y="166.0" />
  <Point X="212.0" Y="167.0" />
  <Point X="212.0" Y="168.0" />
  <Point X="212.0" Y="169.0" />
  <Point X="212.0" Y="169.860220118283" />
  <Point X="212.0" Y="170.0" />
  <Point X="212.0" Y="171.0" />
  <Point X="211.0" Y="171.0" />
  <Point X="210.0" Y="171.0" />
  <Point X="209.0" Y="171.0" />
  <Point X="208.02368927062201" Y="171.0" />
  <Point X="208.0" Y="171.0" />
  <Point X="207.0" Y="171.0" />
  <Point X="206.0" Y="171.0" />
  <Point X="205.0" Y="171.0" />
  <Point X="204.0" Y="171.0" />
  <Point X="203.0" Y="171.0" />
  <Point X="203.0" Y="170.90759865952703" />
  <Point X="203.0" Y="170.0" />
  <Point X="202.0" Y="170.0" />
  <Point X="201.0" Y="170.0" />
  <Point X="200.0" Y="170.0" />
  <Point X="199.0" Y="170.0" />
  <Point X="198.79150804843204" Y="170.0" />
  <Point X="198.0" Y="170.0" />
  <Point X="197.0" Y="170.0" />
  <Point X="196.0" Y="170.0" />
  <Point X="195.0" Y="170.0" />
  <Point X="194.0" Y="170.0" />
  <Point X="193.67541743733705" Y="170.0" />
  <Point X="193.0" Y="170.0" />
  <Point X="192.0" Y="170.0" />
  <Point X="191.0" Y="170.0" />
  <Point X="190.0" Y="170.0" />
  <Point X="188.55932682624206" Y="170.0" />
  <Point X="188.0" Y="170.0" />
  <Point X="187.0" Y="170.0" />
  <Point X="185.0" Y="170.0" />
  <Point X="184.0" Y="170.0" />
  <Point X="183.44323621514707" Y="170.0" />
  <Point X="183.0" Y="170.0" />
  <Point X="181.0" Y="170.0" />
  <Point X="180.0" Y="170.0" />
  <Point X="179.0" Y="170.0" />
  <Point X="178.32714560405208" Y="170.0" />
  <Point X="178.0" Y="170.0" />
  <Point X="177.0" Y="170.0" />
  <Point X="176.0" Y="170.0" />
  <Point X="174.0" Y="170.0" />
  <Point X="173.2110549929571" Y="170.0" />
  <Point X="173.0" Y="170.0" />
  <Point X="171.0" Y="170.0" />
  <Point X="170.0" Y="170.0" />
  <Point X="168.0949643818621" Y="170.0" />
  <Point X="168.0" Y="170.0" />
  <Point X="167.0" Y="170.0" />
  <Point X="165.0" Y="170.0" />
  <Point X="164.0" Y="170.0" />
  <Point X="162.9788737707671" Y="170.0" />
  <Point X="162.0" Y="170.0" />
  <Point X="161.0" Y="170.0" />
  <Point X="159.0" Y="170.0" />
  <Point X="158.0" Y="170.0" />
  <Point X="157.86278315967212" Y="170.0" />
  <Point X="156.0" Y="170.0" />
  <Point X="155.0" Y="170.0" />
  <Point X="154.0" Y="170.0" />
  <Point X="152.74669254857713" Y="170.0" />
  <Point X="152.0" Y="170.0" />
  <Point X="150.0" Y="170.0" />
  <Point X="148.0" Y="170.0" />
  <Point X="147.63060193748214" Y="170.0" />
  <Point X="147.0" Y="170.0" />
  <Point X="146.0" Y="170.0" />
  <Point X="144.0" Y="170.0" />
  <Point X="142.51451132638715" Y="170.0" />
  <Point X="142.0" Y="170.0" />
  <Point X="140.0" Y="170.0" />
  <Point X="139.0" Y="170.0" />
  <Point X="138.0" Y="170.0" />
  <Point X="137.39842071529216" Y="170.0" />
  <Point X="136.0" Y="170.0" />
  <Point X="135.0" Y="170.0" />
  <Point X="133.0" Y="170.0" />
  <Point X="132.28233010419717" Y="170.0" />
  <Point X="132.0" Y="170.0" />
  <Point X="131.0" Y="170.0" />
  <Point X="130.0" Y="170.0" />
  <Point X="128.0" Y="170.0" />
  <Point X="127.16623949310218" Y="170.0" />
  <Point X="127.0" Y="170.0" />
  <Point X="126.0" Y="170.0" />
  <Point X="125.0" Y="170.0" />
  <Point X="123.0" Y="170.0" />
  <Point X="122.05014888200719" Y="170.0" />
  <Point X="122.0" Y="170.0" />
  <Point X="121.0" Y="170.0" />
  <Point X="120.0" Y="170.0" />
  <Point X="119.0" Y="170.0" />
  <Point X="117.0" Y="170.0" />
  <Point X="116.9340582709122" Y="170.0" />
  <Point X="116.0" Y="170.0" />
  <Point X="115.0" Y="170.0" />
  <Point X="114.0" Y="170.0" />
  <Point X="113.0" Y="170.0" />
  <Point X="112.0" Y="170.0" />
  <Point X="111.81796765981721" Y="170.0" />
  <Point X="111.0" Y="170.0" />
  <Point X="110.0" Y="170.0" />
  <Point X="109.0" Y="170.0" />
  <Point X="108.0" Y="170.0" />
  <Point X="107.08208845833758" Y="169.08208845833758" />
  <Point X="107.0" Y="169.0" />
  <Point X="106.0" Y="169.0" />
  <Point X="105.0" Y="169.0" />
  <Point X="104.0" Y="169.0" />
  <Point X="103.0" Y="169.0" />
  <Point X="103.0" Y="168.0000000000003" />
  <Point X="103.0" Y="168.0" />
</Project_1_Part_4>
