<?xml version="1.0" encoding="utf-8" standalone="yes"?>
<Gesture Name="right_curly_brace3" Subject="2" Number="2" NumPts="299">
  <Point X="110.0" Y="80.0" />
  <Point X="111.0" Y="80.0" />
  <Point X="112.0" Y="80.0" />
  <Point X="113.0" Y="80.0" />
  <Point X="113.82492956743614" Y="80.0" />
  <Point X="114.0" Y="80.0" />
  <Point X="114.0" Y="79.0" />
  <Point X="115.0" Y="79.0" />
  <Point X="116.0" Y="79.0" />
  <Point X="116.64985913487229" Y="79.0" />
  <Point X="117.0" Y="79.0" />
  <Point X="118.0" Y="79.0" />
  <Point X="119.0" Y="79.0" />
  <Point X="120.0" Y="79.0" />
  <Point X="120.47478870230843" Y="79.0" />
  <Point X="121.0" Y="79.0" />
  <Point X="122.0" Y="79.0" />
  <Point X="123.0" Y="79.0" />
  <Point X="124.0" Y="79.0" />
  <Point X="124.29971826974457" Y="79.0" />
  <Point X="125.0" Y="79.0" />
  <Point X="126.0" Y="79.0" />
  <Point X="126.0" Y="80.0" />
  <Point X="127.0" Y="80.0" />
  <Point X="127.08813933093073" Y="80.08813933093073" />
  <Point X="128.0" Y="81.0" />
  <Point X="129.0" Y="81.0" />
  <Point X="130.0" Y="81.0" />
  <Point X="130.0" Y="81.53536384224378" />
  <Point X="130.0" Y="82.0" />
  <Point X="131.0" Y="82.0" />
  <Point X="132.0" Y="82.0" />
  <Point X="133.0" Y="82.0" />
  <Point X="133.0" Y="82.36029340967993" />
  <Point X="133.0" Y="83.0" />
  <Point X="134.0" Y="83.0" />
  <Point X="135.0" Y="83.0" />
  <Point X="135.0" Y="84.0" />
  <Point X="135.18522297711607" Y="84.0" />
  <Point X="136.0" Y="84.0" />
  <Point X="137.0" Y="84.0" />
  <Point X="137.0" Y="85.0" />
  <Point X="138.0" Y="85.0" />
  <Point X="138.0" Y="85.01015254455221" />
  <Point X="138.0" Y="86.0" />
  <Point X="139.0" Y="86.0" />
  <Point X="140.0" Y="86.0" />
  <Point X="140.83508211198836" Y="86.0" />
  <Point X="141.0" Y="86.0" />
  <Point X="141.0" Y="87.0" />
  <Point X="142.0" Y="87.0" />
  <Point X="143.0" Y="88.0" />
  <Point X="143.0" Y="88.24579811705141" />
  <Point X="143.0" Y="89.0" />
  <Point X="144.0" Y="89.0" />
  <Point X="145.0" Y="89.0" />
  <Point X="145.0" Y="90.0" />
  <Point X="145.07072768448757" Y="90.0" />
  <Point X="146.0" Y="90.0" />
  <Point X="147.0" Y="91.0" />
  <Point X="148.0" Y="92.0" />
  <Point X="148.0672301271775" Y="92.0" />
  <Point X="149.0" Y="92.0" />
  <Point X="149.0" Y="93.0" />
  <Point X="149.0" Y="94.0" />
  <Point X="149.89215969461367" Y="94.0" />
  <Point X="150.0" Y="94.0" />
  <Point X="150.0" Y="95.0" />
  <Point X="151.0" Y="95.0" />
  <Point X="152.0" Y="96.0" />
  <Point X="152.30287569967672" Y="96.0" />
  <Point X="153.0" Y="96.0" />
  <Point X="153.0" Y="97.0" />
  <Point X="153.0" Y="98.0" />
  <Point X="154.0" Y="98.0" />
  <Point X="154.0" Y="98.12780526711286" />
  <Point X="154.0" Y="99.0" />
  <Point X="155.0" Y="99.0" />
  <Point X="155.0" Y="100.0" />
  <Point X="155.0" Y="100.952734834549" />
  <Point X="155.0" Y="101.0" />
  <Point X="155.0" Y="102.0" />
  <Point X="156.0" Y="102.0" />
  <Point X="156.0" Y="103.0" />
  <Point X="156.0" Y="103.77766440198515" />
  <Point X="156.0" Y="104.0" />
  <Point X="156.0" Y="105.0" />
  <Point X="157.0" Y="105.0" />
  <Point X="157.0" Y="106.0" />
  <Point X="157.0" Y="106.60259396942129" />
  <Point X="157.0" Y="107.0" />
  <Point X="157.0" Y="108.0" />
  <Point X="158.0" Y="108.0" />
  <Point X="158.0" Y="109.0" />
  <Point X="158.0" Y="109.42752353685744" />
  <Point X="158.0" Y="110.0" />
  <Point X="158.0" Y="111.0" />
  <Point X="159.0" Y="111.0" />
  <Point X="159.0" Y="112.0" />
  <Point X="159.0" Y="112.25245310429358" />
  <Point X="159.0" Y="113.0" />
  <Point X="159.0" Y="114.0" />
  <Point X="159.0" Y="115.0" />
  <Point X="159.0" Y="116.0" />
  <Point X="159.0" Y="116.07738267172972" />
  <Point X="159.0" Y="117.0" />
  <Point X="159.0" Y="118.0" />
  <Point X="159.0" Y="119.0" />
  <Point X="159.0" Y="119.90231223916587" />
  <Point X="159.0" Y="120.0" />
  <Point X="159.0" Y="121.0" />
  <Point X="159.0" Y="122.0" />
  <Point X="159.0" Y="123.0" />
  <Point X="159.0" Y="123.72724180660201" />
  <Point X="159.0" Y="124.0" />
  <Point X="159.0" Y="125.0" />
  <Point X="159.0" Y="126.0" />
  <Point X="159.0" Y="127.0" />
  <Point X="159.0" Y="127.55217137403815" />
  <Point X="159.0" Y="128.0" />
  <Point X="159.0" Y="129.0" />
  <Point X="158.0" Y="129.0" />
  <Point X="157.0" Y="129.0" />
  <Point X="157.0" Y="129.3771009414743" />
  <Point X="157.0" Y="130.0" />
  <Point X="157.0" Y="131.0" />
  <Point X="157.0" Y="132.0" />
  <Point X="157.0" Y="133.0" />
  <Point X="157.0" Y="133.20203050891047" />
  <Point X="157.0" Y="134.0" />
  <Point X="157.0" Y="135.0" />
  <Point X="157.0" Y="136.0" />
  <Point X="157.0" Y="137.0" />
  <Point X="157.02696007634663" Y="137.0" />
  <Point X="158.0" Y="137.0" />
  <Point X="159.0" Y="137.0" />
  <Point X="160.0" Y="137.0" />
  <Point X="160.85188964378278" Y="137.0" />
  <Point X="161.0" Y="137.0" />
  <Point X="162.0" Y="137.0" />
  <Point X="163.0" Y="137.0" />
  <Point X="164.0" Y="137.0" />
  <Point X="164.67681921121894" Y="137.0" />
  <Point X="165.0" Y="137.0" />
  <Point X="166.0" Y="137.0" />
  <Point X="167.0" Y="137.0" />
  <Point X="168.0" Y="137.0" />
  <Point X="167.4982512213449" Y="137.0" />
  <Point X="167.0" Y="137.0" />
  <Point X="166.0" Y="137.0" />
  <Point X="165.0" Y="137.0" />
  <Point X="165.0" Y="138.0" />
  <Point X="164.67332165390874" Y="138.0" />
  <Point X="164.0" Y="138.0" />
  <Point X="164.0" Y="139.0" />
  <Point X="163.0" Y="139.0" />
  <Point X="162.0" Y="139.0" />
  <Point X="161.8483920864726" Y="139.0" />
  <Point X="161.0" Y="139.0" />
  <Point X="160.0" Y="139.0" />
  <Point X="159.0" Y="139.0" />
  <Point X="159.0" Y="139.97653748096357" />
  <Point X="159.0" Y="140.0" />
  <Point X="158.0" Y="140.0" />
  <Point X="157.0" Y="140.0" />
  <Point X="157.0" Y="141.0" />
  <Point X="156.19853295160027" Y="141.0" />
  <Point X="156.0" Y="141.0" />
  <Point X="155.0" Y="141.0" />
  <Point X="155.0" Y="142.0" />
  <Point X="156.0" Y="142.0" />
  <Point X="156.0" Y="142.6263966158359" />
  <Point X="156.0" Y="143.0" />
  <Point X="157.0" Y="143.0" />
  <Point X="158.0" Y="143.0" />
  <Point X="159.0" Y="143.0" />
  <Point X="159.0" Y="143.45132618327204" />
  <Point X="159.0" Y="144.0" />
  <Point X="160.0" Y="144.0" />
  <Point X="160.0" Y="145.0" />
  <Point X="161.0" Y="145.0" />
  <Point X="161.2762557507082" Y="145.0" />
  <Point X="162.0" Y="145.0" />
  <Point X="162.0" Y="146.0" />
  <Point X="163.0" Y="146.0" />
  <Point X="163.0" Y="147.0" />
  <Point X="163.10118531814436" Y="147.0" />
  <Point X="164.0" Y="147.0" />
  <Point X="164.0" Y="148.0" />
  <Point X="165.0" Y="148.0" />
  <Point X="165.92611488558052" Y="148.0" />
  <Point X="166.0" Y="148.0" />
  <Point X="166.0" Y="149.0" />
  <Point X="167.0" Y="149.0" />
  <Point X="167.0" Y="150.0" />
  <Point X="167.0" Y="150.75104445301668" />
  <Point X="167.0" Y="151.0" />
  <Point X="167.0" Y="152.0" />
  <Point X="168.0" Y="152.0" />
  <Point X="168.0" Y="153.0" />
  <Point X="168.0" Y="153.57597402045283" />
  <Point X="168.0" Y="154.0" />
  <Point X="168.0" Y="155.0" />
  <Point X="168.0" Y="156.0" />
  <Point X="168.0" Y="157.0" />
  <Point X="168.0" Y="157.400903587889" />
  <Point X="168.0" Y="158.0" />
  <Point X="168.0" Y="159.0" />
  <Point X="168.0" Y="160.0" />
  <Point X="168.0" Y="161.0" />
  <Point X="167.77416684467485" Y="161.0" />
  <Point X="167.0" Y="161.0" />
  <Point X="167.0" Y="162.0" />
  <Point X="167.0" Y="163.0" />
  <Point X="166.0" Y="163.0" />
  <Point X="166.0" Y="163.0507627227613" />
  <Point X="166.0" Y="164.0" />
  <Point X="165.0" Y="164.0" />
  <Point X="165.0" Y="165.0" />
  <Point X="165.0" Y="165.87569229019746" />
  <Point X="165.0" Y="166.0" />
  <Point X="164.0" Y="166.0" />
  <Point X="164.0" Y="167.0" />
  <Point X="164.0" Y="168.0" />
  <Point X="163.29937814236638" Y="168.0" />
  <Point X="163.0" Y="168.0" />
  <Point X="163.0" Y="169.0" />
  <Point X="163.0" Y="170.0" />
  <Point X="162.0" Y="170.0" />
  <Point X="162.0" Y="170.52555142506978" />
  <Point X="162.0" Y="171.0" />
  <Point X="161.0" Y="172.0" />
  <Point X="161.0" Y="173.0" />
  <Point X="160.06373256986717" Y="173.0" />
  <Point X="160.0" Y="173.0" />
  <Point X="160.0" Y="174.0" />
  <Point X="160.0" Y="175.0" />
  <Point X="159.0" Y="175.0" />
  <Point X="159.0" Y="175.761196997569" />
  <Point X="159.0" Y="176.0" />
  <Point X="158.0" Y="176.0" />
  <Point X="158.0" Y="177.0" />
  <Point X="157.0" Y="177.0" />
  <Point X="157.0" Y="177.58612656500515" />
  <Point X="157.0" Y="178.0" />
  <Point X="156.0" Y="178.0" />
  <Point X="156.0" Y="179.0" />
  <Point X="156.0" Y="180.0" />
  <Point X="155.5889438675587" Y="180.0" />
  <Point X="155.0" Y="180.0" />
  <Point X="155.0" Y="181.0" />
  <Point X="154.0" Y="181.0" />
  <Point X="154.0" Y="182.0" />
  <Point X="153.76401430012254" Y="182.0" />
  <Point X="153.0" Y="182.0" />
  <Point X="152.0" Y="183.0" />
  <Point X="152.0" Y="184.0" />
  <Point X="151.3532982950595" Y="184.0" />
  <Point X="151.0" Y="184.0" />
  <Point X="150.0" Y="185.0" />
  <Point X="149.0" Y="186.0" />
  <Point X="148.35679585236954" Y="186.0" />
  <Point X="148.0" Y="186.0" />
  <Point X="147.0" Y="187.0" />
  <Point X="147.0" Y="188.0" />
  <Point X="146.0" Y="188.0" />
  <Point X="145.9460798473065" Y="188.0" />
  <Point X="145.0" Y="188.0" />
  <Point X="144.0" Y="188.0" />
  <Point X="143.0" Y="188.0" />
  <Point X="143.0" Y="188.87884972012967" />
  <Point X="143.0" Y="189.0" />
  <Point X="142.0" Y="189.0" />
  <Point X="141.0" Y="190.0" />
  <Point X="140.0" Y="190.0" />
  <Point X="139.71043427480728" Y="190.0" />
  <Point X="139.0" Y="190.0" />
  <Point X="138.0" Y="191.0" />
  <Point X="138.0" Y="192.0" />
  <Point X="137.29971826974423" Y="192.0" />
  <Point X="137.0" Y="192.0" />
  <Point X="136.0" Y="192.0" />
  <Point X="135.0" Y="192.0" />
  <Point X="135.0" Y="193.0" />
  <Point X="134.47478870230808" Y="193.0" />
  <Point X="134.0" Y="193.0" />
  <Point X="133.0" Y="193.0" />
  <Point X="132.0" Y="193.0" />
  <Point X="131.0" Y="193.0" />
  <Point X="131.0" Y="193.35014086512808" />
  <Point X="131.0" Y="194.0" />
  <Point X="130.0" Y="194.0" />
  <Point X="129.0" Y="194.0" />
  <Point X="128.0" Y="194.0" />
  <Point X="128.0" Y="194.17507043256424" />
  <Point X="128.0" Y="195.0" />
  <Point X="128.0" Y="194.0" />
  <Point X="129.0" Y="194.0" />
  <Point X="129.0" Y="193.0" />
</Project_1_Part_4>
