<?xml version="1.0" encoding="utf-8" standalone="yes"?>
<Gesture Name="star8" Subject="2" Number="2" NumPts="686">
  <Point X="67.0" Y="163.0" />
  <Point X="67.0" Y="162.0" />
  <Point X="68.0" Y="162.0" />
  <Point X="68.0" Y="161.0" />
  <Point X="69.0" Y="160.0" />
  <Point X="69.0" Y="159.0" />
  <Point X="69.0" Y="158.0" />
  <Point X="70.0" Y="158.0" />
  <Point X="70.0" Y="157.0" />
  <Point X="70.0" Y="156.0" />
  <Point X="71.0" Y="156.0" />
  <Point X="71.0" Y="155.0" />
  <Point X="71.58058259607299" Y="154.419417403927" />
  <Point X="72.0" Y="154.0" />
  <Point X="72.0" Y="153.0" />
  <Point X="73.0" Y="152.0" />
  <Point X="73.0" Y="151.0" />
  <Point X="74.0" Y="150.0" />
  <Point X="74.0" Y="149.0" />
  <Point X="75.0" Y="149.0" />
  <Point X="75.0" Y="148.0" />
  <Point X="76.0" Y="148.0" />
  <Point X="76.0" Y="147.0" />
  <Point X="77.0" Y="146.0" />
  <Point X="77.0" Y="145.6005051242309" />
  <Point X="77.0" Y="145.0" />
  <Point X="78.0" Y="143.0" />
  <Point X="79.0" Y="142.0" />
  <Point X="79.0" Y="141.0" />
  <Point X="80.0" Y="140.0" />
  <Point X="80.0" Y="139.0" />
  <Point X="82.0" Y="138.0" />
  <Point X="82.0" Y="137.0" />
  <Point X="82.94343115872951" Y="136.0565688412705" />
  <Point X="83.0" Y="136.0" />
  <Point X="83.0" Y="134.0" />
  <Point X="84.0" Y="134.0" />
  <Point X="84.0" Y="133.0" />
  <Point X="85.0" Y="132.0" />
  <Point X="85.0" Y="131.0" />
  <Point X="86.0" Y="129.0" />
  <Point X="87.0" Y="129.0" />
  <Point X="88.0" Y="128.0" />
  <Point X="88.0" Y="126.90921418096114" />
  <Point X="88.0" Y="126.0" />
  <Point X="89.0" Y="126.0" />
  <Point X="89.0" Y="125.0" />
  <Point X="90.0" Y="124.0" />
  <Point X="90.0" Y="123.0" />
  <Point X="91.0" Y="122.0" />
  <Point X="92.0" Y="121.0" />
  <Point X="93.0" Y="120.0" />
  <Point X="93.0" Y="119.0" />
  <Point X="94.0" Y="118.0" />
  <Point X="94.18031177028368" Y="117.81968822971632" />
  <Point X="95.0" Y="117.0" />
  <Point X="95.0" Y="116.0" />
  <Point X="96.0" Y="115.0" />
  <Point X="96.0" Y="114.0" />
  <Point X="97.0" Y="113.0" />
  <Point X="98.0" Y="112.0" />
  <Point X="98.0" Y="111.0" />
  <Point X="99.0" Y="109.0" />
  <Point X="100.0" Y="109.0" />
  <Point X="100.26714682819426" Y="108.46570634361149" />
  <Point X="101.0" Y="107.0" />
  <Point X="103.0" Y="105.0" />
  <Point X="103.0" Y="103.0" />
  <Point X="103.0" Y="102.0" />
  <Point X="104.0" Y="102.0" />
  <Point X="105.0" Y="100.0" />
  <Point X="106.0" Y="99.0" />
  <Point X="106.0" Y="98.88213683048576" />
  <Point X="106.0" Y="98.0" />
  <Point X="106.0" Y="97.0" />
  <Point X="107.0" Y="96.0" />
  <Point X="108.0" Y="96.0" />
  <Point X="108.0" Y="94.0" />
  <Point X="109.0" Y="94.0" />
  <Point X="109.0" Y="93.0" />
  <Point X="109.0" Y="92.0" />
  <Point X="110.0" Y="91.0" />
  <Point X="111.0" Y="90.0" />
  <Point X="111.04941881343689" Y="89.90116237312624" />
  <Point X="112.0" Y="88.0" />
  <Point X="113.0" Y="87.0" />
  <Point X="113.0" Y="86.0" />
  <Point X="113.0" Y="85.0" />
  <Point X="114.0" Y="85.0" />
  <Point X="115.0" Y="84.0" />
  <Point X="115.0" Y="83.0" />
  <Point X="115.0" Y="82.0" />
  <Point X="116.0" Y="82.0" />
  <Point X="116.0" Y="81.0" />
  <Point X="116.28129006778356" Y="81.0" />
  <Point X="117.0" Y="81.0" />
  <Point X="117.0" Y="80.0" />
  <Point X="117.0" Y="79.0" />
  <Point X="118.0" Y="79.0" />
  <Point X="119.0" Y="78.0" />
  <Point X="119.0" Y="77.0" />
  <Point X="120.0" Y="75.0" />
  <Point X="121.0" Y="74.0" />
  <Point X="122.0" Y="74.0" />
  <Point X="122.0" Y="73.0" />
  <Point X="122.0" Y="72.54792369064512" />
  <Point X="122.0" Y="72.0" />
  <Point X="123.0" Y="72.0" />
  <Point X="124.0" Y="71.0" />
  <Point X="124.0" Y="70.0" />
  <Point X="125.0" Y="69.0" />
  <Point X="125.0" Y="68.0" />
  <Point X="126.0" Y="68.0" />
  <Point X="126.0" Y="67.0" />
  <Point X="127.0" Y="66.0" />
  <Point X="127.0" Y="65.0" />
  <Point X="128.0" Y="64.0" />
  <Point X="128.02156916359127" Y="63.97843083640875" />
  <Point X="129.0" Y="63.0" />
  <Point X="130.0" Y="62.0" />
  <Point X="130.0" Y="61.0" />
  <Point X="131.0" Y="61.0" />
  <Point X="131.0" Y="60.0" />
  <Point X="132.0" Y="60.0" />
  <Point X="132.0" Y="59.0" />
  <Point X="133.0" Y="59.0" />
  <Point X="134.0" Y="59.0" />
  <Point X="134.0" Y="58.0" />
  <Point X="134.0" Y="57.0" />
  <Point X="134.4373576227509" Y="57.0" />
  <Point X="135.0" Y="57.0" />
  <Point X="135.0" Y="56.0" />
  <Point X="136.0" Y="56.0" />
  <Point X="136.0" Y="55.0" />
  <Point X="136.0" Y="56.0" />
  <Point X="136.0" Y="57.0" />
  <Point X="136.0" Y="58.0" />
  <Point X="137.0" Y="58.0" />
  <Point X="138.0" Y="58.0" />
  <Point X="138.0" Y="59.0" />
  <Point X="138.0" Y="60.0" />
  <Point X="138.0" Y="61.0" />
  <Point X="138.6726389665682" Y="61.0" />
  <Point X="139.0" Y="61.0" />
  <Point X="139.0" Y="62.0" />
  <Point X="139.0" Y="63.0" />
  <Point X="139.0" Y="64.0" />
  <Point X="140.0" Y="65.0" />
  <Point X="140.0" Y="66.0" />
  <Point X="140.0" Y="67.0" />
  <Point X="141.0" Y="68.0" />
  <Point X="142.0" Y="69.0" />
  <Point X="142.0" Y="70.0" />
  <Point X="142.0" Y="71.0" />
  <Point X="142.0" Y="71.66527962326622" />
  <Point X="142.0" Y="72.0" />
  <Point X="143.0" Y="73.0" />
  <Point X="143.0" Y="74.0" />
  <Point X="143.0" Y="75.0" />
  <Point X="143.0" Y="76.0" />
  <Point X="144.0" Y="77.0" />
  <Point X="144.0" Y="78.0" />
  <Point X="145.0" Y="79.0" />
  <Point X="145.0" Y="80.0" />
  <Point X="145.0" Y="81.0" />
  <Point X="145.0" Y="82.65792027996423" />
  <Point X="145.0" Y="83.0" />
  <Point X="146.0" Y="83.0" />
  <Point X="146.0" Y="84.0" />
  <Point X="146.0" Y="86.0" />
  <Point X="146.0" Y="87.0" />
  <Point X="146.0" Y="88.0" />
  <Point X="147.0" Y="89.0" />
  <Point X="148.0" Y="90.0" />
  <Point X="148.0" Y="91.0" />
  <Point X="148.0" Y="92.0" />
  <Point X="148.0" Y="93.06477449903534" />
  <Point X="148.0" Y="94.0" />
  <Point X="149.0" Y="96.0" />
  <Point X="150.0" Y="97.0" />
  <Point X="150.0" Y="99.0" />
  <Point X="150.0" Y="100.0" />
  <Point X="150.0" Y="101.0" />
  <Point X="150.0" Y="102.0" />
  <Point X="150.0" Y="103.0" />
  <Point X="150.737801497799" Y="104.47560299559802" />
  <Point X="151.0" Y="105.0" />
  <Point X="152.0" Y="106.0" />
  <Point X="152.0" Y="108.0" />
  <Point X="152.0" Y="109.0" />
  <Point X="152.0" Y="110.0" />
  <Point X="152.0" Y="111.0" />
  <Point X="152.0" Y="112.0" />
  <Point X="153.0" Y="113.0" />
  <Point X="153.0" Y="115.0" />
  <Point X="153.82056054455106" Y="115.0" />
  <Point X="154.0" Y="115.0" />
  <Point X="154.0" Y="117.0" />
  <Point X="154.0" Y="118.0" />
  <Point X="154.0" Y="119.0" />
  <Point X="155.0" Y="120.0" />
  <Point X="155.0" Y="121.0" />
  <Point X="155.0" Y="122.0" />
  <Point X="155.0" Y="123.0" />
  <Point X="155.0" Y="124.0" />
  <Point X="155.0" Y="125.0" />
  <Point X="155.7341585061429" Y="126.46831701228584" />
  <Point X="156.0" Y="127.0" />
  <Point X="157.0" Y="128.0" />
  <Point X="157.0" Y="130.0" />
  <Point X="157.0" Y="131.0" />
  <Point X="157.0" Y="133.0" />
  <Point X="158.0" Y="134.0" />
  <Point X="158.0" Y="135.0" />
  <Point X="159.0" Y="137.0" />
  <Point X="159.0" Y="137.57634659006678" />
  <Point X="159.0" Y="139.0" />
  <Point X="159.0" Y="140.0" />
  <Point X="159.0" Y="141.0" />
  <Point X="159.0" Y="142.0" />
  <Point X="160.0" Y="143.0" />
  <Point X="160.0" Y="144.0" />
  <Point X="160.0" Y="146.0" />
  <Point X="160.0" Y="147.0" />
  <Point X="160.0" Y="148.0" />
  <Point X="160.98812117822294" Y="148.98812117822294" />
  <Point X="161.0" Y="149.0" />
  <Point X="161.0" Y="150.0" />
  <Point X="161.0" Y="152.0" />
  <Point X="161.0" Y="153.0" />
  <Point X="161.0" Y="154.0" />
  <Point X="162.0" Y="155.0" />
  <Point X="162.0" Y="156.0" />
  <Point X="162.0" Y="157.0" />
  <Point X="162.0" Y="158.0" />
  <Point X="162.0" Y="159.0" />
  <Point X="162.0" Y="160.0" />
  <Point X="162.0" Y="160.80426859058207" />
  <Point X="162.0" Y="161.0" />
  <Point X="163.0" Y="162.0" />
  <Point X="163.0" Y="163.0" />
  <Point X="163.0" Y="164.0" />
  <Point X="163.0" Y="165.0" />
  <Point X="163.0" Y="166.0" />
  <Point X="163.0" Y="167.0" />
  <Point X="163.0" Y="168.0" />
  <Point X="163.0" Y="169.0" />
  <Point X="163.0" Y="170.0" />
  <Point X="163.0" Y="171.0" />
  <Point X="163.0" Y="172.0" />
  <Point X="163.62533637202625" Y="172.0" />
  <Point X="164.0" Y="172.0" />
  <Point X="164.0" Y="173.0" />
  <Point X="163.0" Y="173.0" />
  <Point X="162.0" Y="173.0" />
  <Point X="161.0" Y="173.0" />
  <Point X="160.0" Y="173.0" />
  <Point X="160.0" Y="172.0" />
  <Point X="159.0" Y="172.0" />
  <Point X="158.0" Y="171.0" />
  <Point X="157.0" Y="171.0" />
  <Point X="157.0" Y="170.0" />
  <Point X="156.0" Y="170.0" />
  <Point X="155.6843445959312" Y="169.6843445959312" />
  <Point X="155.0" Y="169.0" />
  <Point X="154.0" Y="169.0" />
  <Point X="154.0" Y="168.0" />
  <Point X="153.0" Y="168.0" />
  <Point X="152.0" Y="168.0" />
  <Point X="152.0" Y="167.0" />
  <Point X="151.0" Y="167.0" />
  <Point X="151.0" Y="166.0" />
  <Point X="150.0" Y="166.0" />
  <Point X="149.0" Y="165.0" />
  <Point X="148.0" Y="165.0" />
  <Point X="148.0" Y="164.14674162745845" />
  <Point X="148.0" Y="164.0" />
  <Point X="147.0" Y="164.0" />
  <Point X="146.0" Y="164.0" />
  <Point X="145.0" Y="163.0" />
  <Point X="145.0" Y="162.0" />
  <Point X="144.0" Y="162.0" />
  <Point X="143.0" Y="161.0" />
  <Point X="142.0" Y="161.0" />
  <Point X="141.0" Y="160.0" />
  <Point X="141.0" Y="159.0" />
  <Point X="140.0" Y="159.0" />
  <Point X="140.0" Y="158.15410097076045" />
  <Point X="140.0" Y="158.0" />
  <Point X="139.0" Y="158.0" />
  <Point X="138.0" Y="158.0" />
  <Point X="138.0" Y="157.0" />
  <Point X="137.0" Y="157.0" />
  <Point X="137.0" Y="156.0" />
  <Point X="136.0" Y="155.0" />
  <Point X="135.0" Y="155.0" />
  <Point X="134.0" Y="154.0" />
  <Point X="133.0" Y="153.0" />
  <Point X="132.0" Y="152.0" />
  <Point X="131.69995612059296" Y="151.69995612059296" />
  <Point X="131.0" Y="151.0" />
  <Point X="130.0" Y="151.0" />
  <Point X="129.0" Y="149.0" />
  <Point X="128.0" Y="149.0" />
  <Point X="128.0" Y="148.0" />
  <Point X="127.0" Y="148.0" />
  <Point X="126.0" Y="147.0" />
  <Point X="125.0" Y="146.0" />
  <Point X="124.0" Y="145.0" />
  <Point X="123.23331475961041" Y="145.0" />
  <Point X="123.0" Y="145.0" />
  <Point X="122.0" Y="144.0" />
  <Point X="121.0" Y="143.0" />
  <Point X="120.0" Y="142.0" />
  <Point X="119.0" Y="142.0" />
  <Point X="118.0" Y="140.0" />
  <Point X="117.0" Y="140.0" />
  <Point X="116.0" Y="138.0" />
  <Point X="115.0" Y="138.0" />
  <Point X="114.71281005791198" Y="138.0" />
  <Point X="114.0" Y="138.0" />
  <Point X="114.0" Y="137.0" />
  <Point X="113.0" Y="137.0" />
  <Point X="112.0" Y="136.0" />
  <Point X="112.0" Y="135.0" />
  <Point X="111.0" Y="134.0" />
  <Point X="110.0" Y="134.0" />
  <Point X="110.0" Y="133.0" />
  <Point X="108.0" Y="132.0" />
  <Point X="107.0" Y="131.0" />
  <Point X="106.95623737871377" Y="131.0" />
  <Point X="106.0" Y="131.0" />
  <Point X="105.0" Y="130.0" />
  <Point X="105.0" Y="129.0" />
  <Point X="104.0" Y="129.0" />
  <Point X="104.0" Y="128.0" />
  <Point X="103.0" Y="128.0" />
  <Point X="102.0" Y="127.0" />
  <Point X="101.0" Y="126.0" />
  <Point X="101.0" Y="125.0" />
  <Point X="100.0" Y="125.0" />
  <Point X="99.26715221409337" Y="124.26715221409337" />
  <Point X="99.0" Y="124.0" />
  <Point X="98.0" Y="124.0" />
  <Point X="98.0" Y="123.0" />
  <Point X="97.0" Y="122.0" />
  <Point X="96.0" Y="122.0" />
  <Point X="95.0" Y="120.0" />
  <Point X="94.0" Y="119.0" />
  <Point X="93.0" Y="119.0" />
  <Point X="92.0" Y="117.0" />
  <Point X="91.44309202031732" Y="117.0" />
  <Point X="91.0" Y="117.0" />
  <Point X="91.0" Y="116.0" />
  <Point X="90.0" Y="116.0" />
  <Point X="89.0" Y="115.0" />
  <Point X="89.0" Y="114.0" />
  <Point X="88.0" Y="114.0" />
  <Point X="88.0" Y="113.0" />
  <Point X="87.0" Y="112.0" />
  <Point X="86.0" Y="112.0" />
  <Point X="86.0" Y="111.0" />
  <Point X="85.0" Y="110.0" />
  <Point X="84.45045136361931" Y="110.0" />
  <Point X="84.0" Y="110.0" />
  <Point X="84.0" Y="109.0" />
  <Point X="83.0" Y="108.0" />
  <Point X="82.0" Y="108.0" />
  <Point X="82.0" Y="107.0" />
  <Point X="81.0" Y="106.0" />
  <Point X="80.0" Y="106.0" />
  <Point X="80.0" Y="105.0" />
  <Point X="79.0" Y="104.0" />
  <Point X="79.0" Y="103.0" />
  <Point X="78.0" Y="103.0" />
  <Point X="78.0" Y="102.4578107069213" />
  <Point X="78.0" Y="102.0" />
  <Point X="77.0" Y="102.0" />
  <Point X="77.0" Y="101.0" />
  <Point X="76.0" Y="101.0" />
  <Point X="76.0" Y="100.0" />
  <Point X="75.0" Y="99.0" />
  <Point X="74.0" Y="99.0" />
  <Point X="74.0" Y="98.0" />
  <Point X="73.0" Y="98.0" />
  <Point X="73.0" Y="97.0" />
  <Point X="72.0" Y="97.0" />
  <Point X="72.0" Y="96.0" />
  <Point X="71.74313845929086" Y="95.74313845929086" />
  <Point X="71.0" Y="95.0" />
  <Point X="70.0" Y="94.0" />
  <Point X="69.0" Y="93.0" />
  <Point X="69.0" Y="92.0" />
  <Point X="68.0" Y="91.0" />
  <Point X="67.0" Y="91.0" />
  <Point X="67.0" Y="90.0" />
  <Point X="66.0" Y="90.0" />
  <Point X="66.0" Y="89.0" />
  <Point X="65.0" Y="89.0" />
  <Point X="65.0" Y="88.05831583115217" />
  <Point X="65.0" Y="88.0" />
  <Point X="64.0" Y="87.0" />
  <Point X="63.0" Y="86.0" />
  <Point X="62.0" Y="86.0" />
  <Point X="62.0" Y="85.0" />
  <Point X="61.0" Y="85.0" />
  <Point X="61.0" Y="84.0" />
  <Point X="60.0" Y="84.0" />
  <Point X="60.0" Y="83.0" />
  <Point X="61.0" Y="83.0" />
  <Point X="62.0" Y="84.0" />
  <Point X="62.934324825545836" Y="84.0" />
  <Point X="63.0" Y="84.0" />
  <Point X="64.0" Y="84.0" />
  <Point X="64.0" Y="85.0" />
  <Point X="65.0" Y="85.0" />
  <Point X="66.0" Y="86.0" />
  <Point X="67.0" Y="86.0" />
  <Point X="68.0" Y="86.0" />
  <Point X="68.0" Y="87.0" />
  <Point X="69.0" Y="88.0" />
  <Point X="70.0" Y="88.0" />
  <Point X="71.0" Y="88.0" />
  <Point X="71.94835679723394" Y="88.94835679723394" />
  <Point X="72.0" Y="89.0" />
  <Point X="73.0" Y="89.0" />
  <Point X="74.0" Y="90.0" />
  <Point X="75.0" Y="90.0" />
  <Point X="76.0" Y="91.0" />
  <Point X="77.0" Y="92.0" />
  <Point X="78.0" Y="92.0" />
  <Point X="79.0" Y="92.0" />
  <Point X="79.0" Y="93.0" />
  <Point X="81.0" Y="93.0" />
  <Point X="81.91960613894187" Y="93.0" />
  <Point X="82.0" Y="93.0" />
  <Point X="82.0" Y="94.0" />
  <Point X="84.0" Y="94.0" />
  <Point X="85.0" Y="95.0" />
  <Point X="86.0" Y="95.0" />
  <Point X="87.0" Y="95.0" />
  <Point X="89.0" Y="97.0" />
  <Point X="90.0" Y="97.0" />
  <Point X="91.71036552992277" Y="97.85518276496138" />
  <Point X="92.0" Y="98.0" />
  <Point X="93.0" Y="99.0" />
  <Point X="95.0" Y="99.0" />
  <Point X="96.0" Y="99.0" />
  <Point X="98.0" Y="100.0" />
  <Point X="99.0" Y="100.0" />
  <Point X="100.0" Y="100.0" />
  <Point X="101.0" Y="100.0" />
  <Point X="102.0" Y="101.0" />
  <Point X="102.59889473715" Y="101.59889473715" />
  <Point X="103.0" Y="102.0" />
  <Point X="105.0" Y="102.0" />
  <Point X="106.0" Y="102.0" />
  <Point X="107.0" Y="102.0" />
  <Point X="109.0" Y="102.0" />
  <Point X="110.0" Y="103.0" />
  <Point X="111.0" Y="104.0" />
  <Point X="112.0" Y="104.0" />
  <Point X="113.83960571640941" Y="104.0" />
  <Point X="114.0" Y="104.0" />
  <Point X="115.0" Y="104.0" />
  <Point X="117.0" Y="104.0" />
  <Point X="118.0" Y="104.0" />
  <Point X="119.0" Y="105.0" />
  <Point X="120.0" Y="105.0" />
  <Point X="122.0" Y="105.0" />
  <Point X="123.0" Y="105.0" />
  <Point X="123.0" Y="106.0" />
  <Point X="124.66067349785361" Y="106.0" />
  <Point X="125.0" Y="106.0" />
  <Point X="127.0" Y="106.0" />
  <Point X="128.0" Y="106.0" />
  <Point X="129.0" Y="106.0" />
  <Point X="130.0" Y="107.0" />
  <Point X="131.0" Y="107.0" />
  <Point X="132.0" Y="107.0" />
  <Point X="133.0" Y="107.0" />
  <Point X="134.0" Y="107.0" />
  <Point X="135.0" Y="107.0" />
  <Point X="136.4817412792978" Y="107.0" />
  <Point X="137.0" Y="107.0" />
  <Point X="137.0" Y="108.0" />
  <Point X="139.0" Y="108.0" />
  <Point X="140.0" Y="108.0" />
  <Point X="141.0" Y="109.0" />
  <Point X="142.0" Y="109.0" />
  <Point X="144.0" Y="109.0" />
  <Point X="145.0" Y="109.0" />
  <Point X="147.0" Y="109.0" />
  <Point X="147.302809060742" Y="109.0" />
  <Point X="148.0" Y="109.0" />
  <Point X="149.0" Y="109.0" />
  <Point X="151.0" Y="109.0" />
  <Point X="152.0" Y="109.0" />
  <Point X="153.0" Y="109.0" />
  <Point X="154.0" Y="109.0" />
  <Point X="155.0" Y="109.0" />
  <Point X="156.0" Y="110.0" />
  <Point X="157.0" Y="110.0" />
  <Point X="158.0" Y="110.0" />
  <Point X="159.0" Y="110.0" />
  <Point X="159.12387684218618" Y="110.0" />
  <Point X="160.0" Y="110.0" />
  <Point X="162.0" Y="111.0" />
  <Point X="163.0" Y="111.0" />
  <Point X="164.0" Y="111.0" />
  <Point X="165.0" Y="111.0" />
  <Point X="166.0" Y="111.0" />
  <Point X="167.0" Y="111.0" />
  <Point X="168.0" Y="111.0" />
  <Point X="169.0" Y="111.0" />
  <Point X="170.0" Y="111.0" />
  <Point X="171.0" Y="111.0" />
  <Point X="171.1230902085037" Y="111.0" />
  <Point X="172.0" Y="111.0" />
  <Point X="173.0" Y="111.0" />
  <Point X="174.0" Y="111.0" />
  <Point X="175.0" Y="111.0" />
  <Point X="176.0" Y="111.0" />
  <Point X="177.0" Y="110.0" />
  <Point X="178.0" Y="110.0" />
  <Point X="179.0" Y="110.0" />
  <Point X="180.0" Y="110.0" />
  <Point X="181.0" Y="110.0" />
  <Point X="182.0" Y="110.0" />
  <Point X="182.66762051720363" Y="109.33237948279638" />
  <Point X="183.0" Y="109.0" />
  <Point X="184.0" Y="109.0" />
  <Point X="185.0" Y="109.0" />
  <Point X="186.0" Y="109.0" />
  <Point X="186.0" Y="108.0" />
  <Point X="187.0" Y="108.0" />
  <Point X="188.0" Y="108.0" />
  <Point X="189.0" Y="108.0" />
  <Point X="189.0" Y="107.0" />
  <Point X="190.0" Y="106.0" />
  <Point X="191.0" Y="106.0" />
  <Point X="192.0" Y="106.0" />
  <Point X="192.0" Y="105.648987790981" />
  <Point X="192.0" Y="105.0" />
  <Point X="193.0" Y="105.0" />
  <Point X="193.0" Y="104.0" />
  <Point X="192.0" Y="104.0" />
  <Point X="192.0" Y="105.0" />
  <Point X="191.0" Y="105.0" />
  <Point X="190.0" Y="105.0" />
  <Point X="189.0" Y="106.0" />
  <Point X="189.0" Y="107.0" />
  <Point X="188.0" Y="107.0" />
  <Point X="187.0" Y="107.0" />
  <Point X="187.0" Y="108.0" />
  <Point X="186.8279200095368" Y="108.0" />
  <Point X="186.0" Y="108.0" />
  <Point X="185.0" Y="108.0" />
  <Point X="185.0" Y="109.0" />
  <Point X="184.0" Y="109.0" />
  <Point X="183.0" Y="109.0" />
  <Point X="183.0" Y="110.0" />
  <Point X="182.0" Y="110.0" />
  <Point X="181.0" Y="111.0" />
  <Point X="180.0" Y="111.0" />
  <Point X="179.0" Y="112.0" />
  <Point X="178.0" Y="112.0" />
  <Point X="178.0" Y="112.57893420953431" />
  <Point X="178.0" Y="113.0" />
  <Point X="177.0" Y="113.0" />
  <Point X="176.0" Y="113.0" />
  <Point X="176.0" Y="114.0" />
  <Point X="174.0" Y="115.0" />
  <Point X="173.0" Y="115.0" />
  <Point X="173.0" Y="116.0" />
  <Point X="171.0" Y="116.0" />
  <Point X="171.0" Y="117.0" />
  <Point X="170.0" Y="117.0" />
  <Point X="169.48288908774745" Y="117.25855545612627" />
  <Point X="168.0" Y="118.0" />
  <Point X="168.0" Y="119.0" />
  <Point X="166.0" Y="119.0" />
  <Point X="165.0" Y="120.0" />
  <Point X="164.0" Y="121.0" />
  <Point X="163.0" Y="121.0" />
  <Point X="162.0" Y="121.0" />
  <Point X="162.0" Y="122.0" />
  <Point X="160.25106618257686" Y="122.0" />
  <Point X="160.0" Y="122.0" />
  <Point X="159.0" Y="122.0" />
  <Point X="159.0" Y="123.0" />
  <Point X="157.0" Y="123.0" />
  <Point X="157.0" Y="124.0" />
  <Point X="155.0" Y="124.0" />
  <Point X="154.0" Y="126.0" />
  <Point X="153.0" Y="126.0" />
  <Point X="152.0" Y="126.0" />
  <Point X="151.47098005305136" Y="126.52901994694862" />
  <Point X="151.0" Y="127.0" />
  <Point X="150.0" Y="128.0" />
  <Point X="148.0" Y="128.0" />
  <Point X="146.0" Y="129.0" />
  <Point X="145.0" Y="130.0" />
  <Point X="144.0" Y="131.0" />
  <Point X="143.0" Y="131.0" />
  <Point X="141.13019432181733" Y="131.93490283909134" />
  <Point X="141.0" Y="132.0" />
  <Point X="141.0" Y="133.0" />
  <Point X="139.0" Y="133.0" />
  <Point X="138.0" Y="133.0" />
  <Point X="138.0" Y="134.0" />
  <Point X="136.0" Y="134.0" />
  <Point X="136.0" Y="135.0" />
  <Point X="134.0" Y="135.0" />
  <Point X="133.0" Y="135.0" />
  <Point X="133.0" Y="136.08971966688327" />
  <Point X="133.0" Y="137.0" />
  <Point X="131.0" Y="137.0" />
  <Point X="130.0" Y="137.0" />
  <Point X="129.0" Y="138.0" />
  <Point X="127.0" Y="138.0" />
  <Point X="127.0" Y="139.0" />
  <Point X="124.0" Y="139.0" />
  <Point X="123.35597601906805" Y="139.64402398093193" />
  <Point X="123.0" Y="140.0" />
  <Point X="122.0" Y="141.0" />
  <Point X="120.0" Y="141.0" />
  <Point X="119.0" Y="142.0" />
  <Point X="118.0" Y="142.0" />
  <Point X="116.0" Y="143.0" />
  <Point X="114.0" Y="143.0" />
  <Point X="112.50866776475195" Y="143.74566611762404" />
  <Point X="112.0" Y="144.0" />
  <Point X="112.0" Y="145.0" />
  <Point X="110.0" Y="145.0" />
  <Point X="109.0" Y="145.0" />
  <Point X="108.0" Y="146.0" />
  <Point X="106.0" Y="146.0" />
  <Point X="104.0" Y="146.0" />
  <Point X="104.0" Y="147.0" />
  <Point X="103.0" Y="147.0" />
  <Point X="102.7476400685299" Y="147.0" />
  <Point X="101.0" Y="147.0" />
  <Point X="100.0" Y="148.0" />
  <Point X="99.0" Y="148.0" />
  <Point X="97.0" Y="149.0" />
  <Point X="96.0" Y="149.0" />
  <Point X="95.0" Y="149.0" />
  <Point X="94.0" Y="150.0" />
  <Point X="93.0" Y="150.0" />
  <Point X="92.0" Y="150.0" />
  <Point X="91.62152655706421" Y="150.1892367214679" />
  <Point X="90.0" Y="151.0" />
  <Point X="89.0" Y="151.0" />
  <Point X="88.0" Y="151.0" />
  <Point X="87.0" Y="151.0" />
  <Point X="86.0" Y="152.0" />
  <Point X="85.0" Y="152.0" />
  <Point X="84.0" Y="152.0" />
  <Point X="83.0" Y="152.0" />
  <Point X="82.0" Y="152.0" />
  <Point X="82.0" Y="153.0" />
  <Point X="81.09828682568671" Y="153.45085658715664" />
  <Point X="80.0" Y="154.0" />
  <Point X="79.0" Y="154.0" />
  <Point X="77.0" Y="154.0" />
  <Point X="76.0" Y="154.0" />
  <Point X="75.0" Y="154.0" />
  <Point X="74.0" Y="155.0" />
  <Point X="73.0" Y="155.0" />
  <Point X="72.0" Y="155.0" />
  <Point X="71.0" Y="155.0" />
  <Point X="70.0" Y="155.0" />
  <Point X="69.58058259607205" Y="155.41941740392795" />
  <Point X="69.0" Y="156.0" />
  <Point X="68.0" Y="156.0" />
  <Point X="68.0" Y="157.0" />
  <Point X="67.0" Y="157.0" />
  <Point X="66.0" Y="157.0" />
  <Point X="65.0" Y="157.0" />
  <Point X="64.0" Y="157.0" />
  <Point X="65.0" Y="157.0" />
  <Point X="66.0" Y="157.0" />
  <Point X="67.0" Y="157.0" />
  <Point X="68.0" Y="156.0" />
  <Point X="69.0" Y="156.0" />
</Project_1_Part_4>
