<?xml version="1.0" encoding="utf-8" standalone="yes"?>
<Gesture Name="star2" Subject="2" Number="2" NumPts="654">
  <Point X="198.0" Y="20.0" />
  <Point X="199.0" Y="20.0" />
  <Point X="189.01833077600816" Y="30.532382008763797" />
  <Point X="178.34878533072464" Y="41.790592030338814" />
  <Point X="167.67923988544112" Y="53.04880205191383" />
  <Point X="157.0096944401576" Y="64.30701207348885" />
  <Point X="146.34014899487408" Y="75.56522209506386" />
  <Point X="135.67060354959057" Y="86.82343211663887" />
  <Point X="125.00105810430706" Y="98.0816421382139" />
  <Point X="114.33151265902356" Y="109.3398521597889" />
  <Point X="103.66196721374006" Y="120.59806218136391" />
  <Point X="92.99242176845655" Y="131.85627220293892" />
  <Point X="82.32287632317305" Y="143.11448222451395" />
  <Point X="71.65333087788954" Y="154.37269224608897" />
  <Point X="60.98378543260603" Y="165.630902267664" />
  <Point X="54.0" Y="173.0" />
  <Point X="55.0" Y="172.0" />
  <Point X="56.0" Y="172.0" />
  <Point X="56.0" Y="171.0" />
  <Point X="57.0" Y="171.0" />
  <Point X="57.66748034197148" Y="170.33251965802853" />
  <Point X="58.0" Y="170.0" />
  <Point X="59.0" Y="169.0" />
  <Point X="60.0" Y="169.0" />
  <Point X="61.0" Y="168.0" />
  <Point X="62.0" Y="167.0" />
  <Point X="63.0" Y="167.0" />
  <Point X="65.0" Y="166.0" />
  <Point X="66.0" Y="165.0" />
  <Point X="67.0" Y="165.0" />
  <Point X="68.0" Y="165.0" />
  <Point X="68.0" Y="164.0" />
  <Point X="69.0" Y="164.0" />
  <Point X="69.81152861560385" Y="163.18847138439617" />
  <Point X="70.0" Y="163.0" />
  <Point X="70.0" Y="162.0" />
  <Point X="72.0" Y="162.0" />
  <Point X="72.0" Y="161.0" />
  <Point X="73.0" Y="161.0" />
  <Point X="74.0" Y="161.0" />
  <Point X="75.0" Y="161.0" />
  <Point X="75.0" Y="160.0" />
  <Point X="76.0" Y="159.0" />
  <Point X="77.0" Y="158.0" />
  <Point X="79.0" Y="157.0" />
  <Point X="80.0" Y="156.0" />
  <Point X="80.54136332686312" Y="155.45863667313688" />
  <Point X="81.0" Y="155.0" />
  <Point X="82.0" Y="154.0" />
  <Point X="83.0" Y="154.0" />
  <Point X="84.0" Y="153.0" />
  <Point X="85.0" Y="153.0" />
  <Point X="86.0" Y="152.0" />
  <Point X="87.0" Y="151.0" />
  <Point X="88.0" Y="150.0" />
  <Point X="89.0" Y="149.0" />
  <Point X="90.0" Y="149.0" />
  <Point X="90.0" Y="148.0" />
  <Point X="91.0" Y="148.0" />
  <Point X="91.97365721176622" Y="147.02634278823376" />
  <Point X="93.0" Y="146.0" />
  <Point X="94.0" Y="145.0" />
  <Point X="95.0" Y="144.0" />
  <Point X="96.0" Y="144.0" />
  <Point X="96.0" Y="143.0" />
  <Point X="97.0" Y="142.0" />
  <Point X="99.0" Y="141.0" />
  <Point X="100.0" Y="139.0" />
  <Point X="101.0" Y="139.0" />
  <Point X="101.0" Y="138.0" />
  <Point X="101.95078021768751" Y="137.0492197823125" />
  <Point X="102.0" Y="137.0" />
  <Point X="102.0" Y="136.0" />
  <Point X="103.0" Y="135.0" />
  <Point X="104.0" Y="134.0" />
  <Point X="104.0" Y="133.0" />
  <Point X="105.0" Y="132.0" />
  <Point X="107.0" Y="131.0" />
  <Point X="107.0" Y="130.0" />
  <Point X="108.0" Y="129.0" />
  <Point X="109.0" Y="127.0" />
  <Point X="110.0" Y="126.0" />
  <Point X="110.0" Y="125.10196023897583" />
  <Point X="110.0" Y="125.0" />
  <Point X="111.0" Y="124.0" />
  <Point X="112.0" Y="123.0" />
  <Point X="112.0" Y="122.0" />
  <Point X="114.0" Y="121.0" />
  <Point X="114.0" Y="120.0" />
  <Point X="114.0" Y="119.0" />
  <Point X="115.0" Y="119.0" />
  <Point X="115.0" Y="118.0" />
  <Point X="116.0" Y="117.0" />
  <Point X="117.0" Y="115.0" />
  <Point X="117.75763078203559" Y="113.48473843592883" />
  <Point X="118.0" Y="113.0" />
  <Point X="119.0" Y="113.0" />
  <Point X="119.0" Y="112.0" />
  <Point X="120.0" Y="110.0" />
  <Point X="121.0" Y="110.0" />
  <Point X="121.0" Y="108.0" />
  <Point X="122.0" Y="107.0" />
  <Point X="123.0" Y="105.0" />
  <Point X="124.0" Y="104.0" />
  <Point X="125.0" Y="102.0" />
  <Point X="125.43226570730513" Y="102.0" />
  <Point X="126.0" Y="102.0" />
  <Point X="126.0" Y="101.0" />
  <Point X="127.0" Y="100.0" />
  <Point X="128.0" Y="99.0" />
  <Point X="129.0" Y="98.0" />
  <Point X="130.0" Y="97.0" />
  <Point X="130.0" Y="96.0" />
  <Point X="131.0" Y="95.0" />
  <Point X="131.0" Y="94.0" />
  <Point X="132.0" Y="93.0" />
  <Point X="133.0" Y="93.0" />
  <Point X="133.0" Y="92.0" />
  <Point X="134.0" Y="91.0" />
  <Point X="134.0" Y="90.95637841773394" />
  <Point X="134.0" Y="90.0" />
  <Point X="135.0" Y="90.0" />
  <Point X="135.0" Y="88.0" />
  <Point X="136.0" Y="88.0" />
  <Point X="137.0" Y="87.0" />
  <Point X="137.0" Y="86.0" />
  <Point X="139.0" Y="85.0" />
  <Point X="139.0" Y="84.0" />
  <Point X="140.0" Y="83.0" />
  <Point X="140.0" Y="82.0" />
  <Point X="141.0" Y="82.0" />
  <Point X="141.0" Y="81.0" />
  <Point X="141.3464662655126" Y="80.65353373448741" />
  <Point X="142.0" Y="80.0" />
  <Point X="143.0" Y="80.0" />
  <Point X="143.0" Y="79.0" />
  <Point X="143.0" Y="78.0" />
  <Point X="144.0" Y="78.0" />
  <Point X="144.0" Y="77.0" />
  <Point X="145.0" Y="76.0" />
  <Point X="146.0" Y="75.0" />
  <Point X="146.0" Y="74.0" />
  <Point X="147.0" Y="74.0" />
  <Point X="147.0" Y="73.0" />
  <Point X="148.0" Y="73.0" />
  <Point X="148.0" Y="72.0" />
  <Point X="148.0" Y="71.0" />
  <Point X="148.53611946329642" Y="70.46388053670358" />
  <Point X="149.0" Y="70.0" />
  <Point X="149.0" Y="69.0" />
  <Point X="150.0" Y="69.0" />
  <Point X="150.0" Y="68.0" />
  <Point X="151.0" Y="68.0" />
  <Point X="151.0" Y="67.0" />
  <Point X="151.0" Y="66.0" />
  <Point X="152.0" Y="66.0" />
  <Point X="152.0" Y="67.0" />
  <Point X="152.0" Y="68.0" />
  <Point X="152.0" Y="69.0" />
  <Point X="152.0" Y="70.0" />
  <Point X="153.0" Y="70.0" />
  <Point X="153.0" Y="71.0" />
  <Point X="153.0" Y="72.0" />
  <Point X="153.0" Y="72.85482466524547" />
  <Point X="153.0" Y="73.0" />
  <Point X="153.0" Y="74.0" />
  <Point X="153.0" Y="75.0" />
  <Point X="153.0" Y="76.0" />
  <Point X="153.0" Y="77.0" />
  <Point X="153.0" Y="78.0" />
  <Point X="154.0" Y="79.0" />
  <Point X="154.0" Y="80.0" />
  <Point X="154.0" Y="81.0" />
  <Point X="154.0" Y="82.0" />
  <Point X="154.0" Y="83.0" />
  <Point X="155.0" Y="84.0" />
  <Point X="155.0" Y="85.0" />
  <Point X="155.0" Y="86.0" />
  <Point X="155.0" Y="87.0" />
  <Point X="155.0" Y="87.53724835207187" />
  <Point X="155.0" Y="88.0" />
  <Point X="155.0" Y="90.0" />
  <Point X="155.0" Y="91.0" />
  <Point X="155.0" Y="93.0" />
  <Point X="155.0" Y="94.0" />
  <Point X="155.0" Y="95.0" />
  <Point X="155.0" Y="96.0" />
  <Point X="155.0" Y="98.0" />
  <Point X="155.0" Y="99.0" />
  <Point X="155.0" Y="101.0" />
  <Point X="155.0" Y="102.0" />
  <Point X="155.0" Y="103.04809916364447" />
  <Point X="155.0" Y="104.0" />
  <Point X="155.0" Y="105.0" />
  <Point X="155.0" Y="107.0" />
  <Point X="155.0" Y="108.0" />
  <Point X="155.0" Y="109.0" />
  <Point X="155.0" Y="110.0" />
  <Point X="155.0" Y="111.0" />
  <Point X="155.0" Y="112.0" />
  <Point X="155.0" Y="114.0" />
  <Point X="155.0" Y="115.0" />
  <Point X="155.0" Y="116.0" />
  <Point X="155.0" Y="118.0" />
  <Point X="155.0" Y="118.55894997521706" />
  <Point X="155.0" Y="119.0" />
  <Point X="155.0" Y="120.0" />
  <Point X="155.0" Y="122.0" />
  <Point X="155.0" Y="124.0" />
  <Point X="155.0" Y="125.0" />
  <Point X="155.0" Y="127.0" />
  <Point X="155.0" Y="128.0" />
  <Point X="155.0" Y="129.0" />
  <Point X="155.0" Y="130.0" />
  <Point X="155.0" Y="131.0" />
  <Point X="155.0" Y="133.0" />
  <Point X="155.0" Y="134.06980078678964" />
  <Point X="155.0" Y="135.0" />
  <Point X="155.0" Y="136.0" />
  <Point X="155.0" Y="137.0" />
  <Point X="155.0" Y="138.0" />
  <Point X="155.0" Y="139.0" />
  <Point X="155.0" Y="141.0" />
  <Point X="155.0" Y="142.0" />
  <Point X="155.0" Y="144.0" />
  <Point X="155.0" Y="145.0" />
  <Point X="155.0" Y="147.0" />
  <Point X="155.0" Y="148.0" />
  <Point X="155.0" Y="149.0" />
  <Point X="155.0" Y="149.58065159836224" />
  <Point X="155.0" Y="150.0" />
  <Point X="155.0" Y="151.0" />
  <Point X="155.0" Y="152.0" />
  <Point X="155.0" Y="153.0" />
  <Point X="155.0" Y="154.0" />
  <Point X="155.0" Y="157.0" />
  <Point X="155.0" Y="158.0" />
  <Point X="155.0" Y="159.0" />
  <Point X="155.0" Y="161.0" />
  <Point X="155.0" Y="162.0" />
  <Point X="155.0" Y="163.0" />
  <Point X="155.0" Y="164.0" />
  <Point X="155.0" Y="165.0" />
  <Point X="155.0" Y="165.09150240993483" />
  <Point X="155.0" Y="166.0" />
  <Point X="155.0" Y="167.0" />
  <Point X="155.0" Y="168.0" />
  <Point X="155.0" Y="169.0" />
  <Point X="155.0" Y="170.0" />
  <Point X="155.0" Y="171.0" />
  <Point X="155.0" Y="172.0" />
  <Point X="155.0" Y="173.0" />
  <Point X="155.0" Y="174.0" />
  <Point X="155.0" Y="175.0" />
  <Point X="155.0" Y="176.0" />
  <Point X="155.0" Y="177.0" />
  <Point X="155.0" Y="178.0" />
  <Point X="155.0" Y="179.0" />
  <Point X="155.0" Y="180.0" />
  <Point X="155.0" Y="180.60235322150743" />
  <Point X="155.0" Y="181.0" />
  <Point X="155.0" Y="182.0" />
  <Point X="155.0" Y="183.0" />
  <Point X="155.0" Y="184.0" />
  <Point X="156.0" Y="184.0" />
  <Point X="156.0" Y="185.0" />
  <Point X="156.0" Y="186.0" />
  <Point X="156.0" Y="187.0" />
  <Point X="156.0" Y="188.0" />
  <Point X="155.0" Y="188.0" />
  <Point X="155.0" Y="187.0" />
  <Point X="154.0" Y="187.0" />
  <Point X="154.0" Y="186.0" />
  <Point X="153.0" Y="186.0" />
  <Point X="153.0" Y="185.0" />
  <Point X="152.0" Y="185.0" />
  <Point X="151.88679596691998" Y="185.0" />
  <Point X="151.0" Y="185.0" />
  <Point X="151.0" Y="184.0" />
  <Point X="150.0" Y="184.0" />
  <Point X="150.0" Y="183.0" />
  <Point X="149.0" Y="183.0" />
  <Point X="149.0" Y="182.0" />
  <Point X="148.0" Y="182.0" />
  <Point X="147.0" Y="181.0" />
  <Point X="146.0" Y="180.0" />
  <Point X="145.0" Y="180.0" />
  <Point X="145.0" Y="179.0" />
  <Point X="144.0" Y="178.0" />
  <Point X="143.0" Y="178.0" />
  <Point X="143.0" Y="177.0" />
  <Point X="142.61858584246667" Y="177.0" />
  <Point X="142.0" Y="177.0" />
  <Point X="142.0" Y="176.0" />
  <Point X="142.0" Y="175.0" />
  <Point X="141.0" Y="175.0" />
  <Point X="140.0" Y="175.0" />
  <Point X="140.0" Y="174.0" />
  <Point X="139.0" Y="174.0" />
  <Point X="139.0" Y="173.0" />
  <Point X="139.0" Y="172.0" />
  <Point X="138.0" Y="172.0" />
  <Point X="138.0" Y="171.0" />
  <Point X="137.0" Y="171.0" />
  <Point X="137.0" Y="170.0" />
  <Point X="136.0" Y="170.0" />
  <Point X="135.0" Y="170.0" />
  <Point X="135.0" Y="169.10773503089408" />
  <Point X="135.0" Y="169.0" />
  <Point X="135.0" Y="168.0" />
  <Point X="134.0" Y="168.0" />
  <Point X="134.0" Y="167.0" />
  <Point X="133.0" Y="167.0" />
  <Point X="132.0" Y="166.0" />
  <Point X="131.0" Y="166.0" />
  <Point X="131.0" Y="165.0" />
  <Point X="130.0" Y="165.0" />
  <Point X="130.0" Y="164.0" />
  <Point X="129.0" Y="164.0" />
  <Point X="129.0" Y="163.0" />
  <Point X="128.0" Y="163.0" />
  <Point X="127.0" Y="162.0" />
  <Point X="126.0" Y="162.0" />
  <Point X="126.0" Y="161.42531134406767" />
  <Point X="126.0" Y="161.0" />
  <Point X="125.0" Y="161.0" />
  <Point X="125.0" Y="160.0" />
  <Point X="124.0" Y="159.0" />
  <Point X="123.0" Y="159.0" />
  <Point X="122.0" Y="158.0" />
  <Point X="121.0" Y="157.0" />
  <Point X="121.0" Y="156.0" />
  <Point X="120.0" Y="156.0" />
  <Point X="120.0" Y="155.0" />
  <Point X="119.0" Y="155.0" />
  <Point X="118.0" Y="154.0" />
  <Point X="117.0" Y="154.0" />
  <Point X="117.0" Y="153.0" />
  <Point X="116.61657228462985" Y="152.80828614231493" />
  <Point X="115.0" Y="152.0" />
  <Point X="115.0" Y="151.0" />
  <Point X="114.0" Y="151.0" />
  <Point X="114.0" Y="150.0" />
  <Point X="113.0" Y="149.0" />
  <Point X="112.0" Y="148.0" />
  <Point X="111.0" Y="147.0" />
  <Point X="110.0" Y="147.0" />
  <Point X="109.0" Y="146.0" />
  <Point X="107.0" Y="144.0" />
  <Point X="106.13861193934343" Y="143.13861193934343" />
  <Point X="106.0" Y="143.0" />
  <Point X="105.0" Y="142.0" />
  <Point X="105.0" Y="141.0" />
  <Point X="103.0" Y="140.0" />
  <Point X="102.0" Y="140.0" />
  <Point X="101.0" Y="138.0" />
  <Point X="100.0" Y="137.0" />
  <Point X="99.0" Y="136.0" />
  <Point X="98.0" Y="135.0" />
  <Point X="97.0" Y="134.0" />
  <Point X="96.0" Y="133.0" />
  <Point X="95.68032582067765" Y="132.84016291033882" />
  <Point X="94.0" Y="132.0" />
  <Point X="93.0" Y="131.0" />
  <Point X="91.0" Y="130.0" />
  <Point X="91.0" Y="129.0" />
  <Point X="90.0" Y="128.0" />
  <Point X="89.0" Y="127.0" />
  <Point X="88.0" Y="126.0" />
  <Point X="86.0" Y="125.0" />
  <Point X="84.22997085165234" Y="123.22997085165234" />
  <Point X="84.0" Y="123.0" />
  <Point X="83.0" Y="122.0" />
  <Point X="82.0" Y="122.0" />
  <Point X="81.0" Y="120.0" />
  <Point X="80.0" Y="120.0" />
  <Point X="80.0" Y="119.0" />
  <Point X="78.0" Y="118.0" />
  <Point X="77.0" Y="117.0" />
  <Point X="76.0" Y="117.0" />
  <Point X="75.0" Y="116.0" />
  <Point X="74.0" Y="115.0" />
  <Point X="73.25284784573107" Y="114.25284784573107" />
  <Point X="73.0" Y="114.0" />
  <Point X="72.0" Y="114.0" />
  <Point X="71.0" Y="113.0" />
  <Point X="70.0" Y="112.0" />
  <Point X="70.0" Y="111.0" />
  <Point X="69.0" Y="111.0" />
  <Point X="68.0" Y="111.0" />
  <Point X="68.0" Y="110.0" />
  <Point X="67.0" Y="110.0" />
  <Point X="66.0" Y="109.0" />
  <Point X="66.0" Y="108.0" />
  <Point X="65.0" Y="108.0" />
  <Point X="65.0" Y="107.0" />
  <Point X="64.0" Y="106.0" />
  <Point X="63.503584290569485" Y="106.0" />
  <Point X="63.0" Y="106.0" />
  <Point X="63.0" Y="105.0" />
  <Point X="63.0" Y="104.0" />
  <Point X="62.0" Y="104.0" />
  <Point X="61.0" Y="103.0" />
  <Point X="61.0" Y="102.0" />
  <Point X="61.0" Y="101.0" />
  <Point X="62.0" Y="101.0" />
  <Point X="63.0" Y="101.0" />
  <Point X="64.0" Y="101.0" />
  <Point X="64.0" Y="102.0" />
  <Point X="65.0" Y="102.0" />
  <Point X="66.0" Y="102.0" />
  <Point X="67.0" Y="102.0" />
  <Point X="68.0" Y="102.0" />
  <Point X="68.41935176865003" Y="102.41935176865003" />
  <Point X="69.0" Y="103.0" />
  <Point X="70.0" Y="103.0" />
  <Point X="71.0" Y="104.0" />
  <Point X="72.0" Y="104.0" />
  <Point X="73.0" Y="104.0" />
  <Point X="74.0" Y="104.0" />
  <Point X="75.0" Y="105.0" />
  <Point X="76.0" Y="105.0" />
  <Point X="77.0" Y="105.0" />
  <Point X="78.0" Y="106.0" />
  <Point X="79.0" Y="106.0" />
  <Point X="80.0" Y="106.0" />
  <Point X="82.32147500980031" Y="106.77382500326677" />
  <Point X="83.0" Y="107.0" />
  <Point X="84.0" Y="107.0" />
  <Point X="86.0" Y="107.0" />
  <Point X="88.0" Y="108.0" />
  <Point X="89.0" Y="108.0" />
  <Point X="91.0" Y="109.0" />
  <Point X="93.0" Y="109.0" />
  <Point X="94.0" Y="109.0" />
  <Point X="96.0" Y="109.0" />
  <Point X="97.18376250671474" Y="109.59188125335737" />
  <Point X="98.0" Y="110.0" />
  <Point X="100.0" Y="111.0" />
  <Point X="101.0" Y="111.0" />
  <Point X="102.0" Y="111.0" />
  <Point X="105.0" Y="111.0" />
  <Point X="106.0" Y="112.0" />
  <Point X="108.0" Y="112.0" />
  <Point X="110.0" Y="113.0" />
  <Point X="111.71192003381499" Y="113.0" />
  <Point X="112.0" Y="113.0" />
  <Point X="114.0" Y="114.0" />
  <Point X="116.0" Y="114.0" />
  <Point X="119.0" Y="115.0" />
  <Point X="120.0" Y="115.0" />
  <Point X="122.0" Y="116.0" />
  <Point X="125.0" Y="116.0" />
  <Point X="126.58835723021963" Y="116.0" />
  <Point X="127.0" Y="116.0" />
  <Point X="129.0" Y="116.0" />
  <Point X="131.0" Y="117.0" />
  <Point X="133.0" Y="117.0" />
  <Point X="136.0" Y="119.0" />
  <Point X="139.0" Y="119.0" />
  <Point X="141.0" Y="119.0" />
  <Point X="141.2303944168249" Y="119.11519720841245" />
  <Point X="143.0" Y="120.0" />
  <Point X="145.0" Y="120.0" />
  <Point X="147.0" Y="120.0" />
  <Point X="149.0" Y="121.0" />
  <Point X="152.0" Y="121.0" />
  <Point X="154.0" Y="122.0" />
  <Point X="155.0" Y="122.0" />
  <Point X="156.0" Y="122.0" />
  <Point X="156.06023566790168" Y="122.0" />
  <Point X="159.0" Y="122.0" />
  <Point X="161.0" Y="123.0" />
  <Point X="163.0" Y="124.0" />
  <Point X="164.0" Y="124.0" />
  <Point X="166.0" Y="124.0" />
  <Point X="169.0" Y="125.0" />
  <Point X="170.9366728643063" Y="125.0" />
  <Point X="171.0" Y="125.0" />
  <Point X="174.0" Y="126.0" />
  <Point X="175.0" Y="126.0" />
  <Point X="177.0" Y="126.0" />
  <Point X="179.0" Y="127.0" />
  <Point X="180.0" Y="127.0" />
  <Point X="182.0" Y="128.0" />
  <Point X="183.0" Y="128.0" />
  <Point X="185.81311006071093" Y="128.0" />
  <Point X="186.0" Y="128.0" />
  <Point X="187.0" Y="128.0" />
  <Point X="188.0" Y="128.0" />
  <Point X="189.0" Y="128.0" />
  <Point X="191.0" Y="129.0" />
  <Point X="192.0" Y="129.0" />
  <Point X="193.0" Y="129.0" />
  <Point X="195.0" Y="129.0" />
  <Point X="197.0" Y="130.0" />
  <Point X="199.0" Y="130.0" />
  <Point X="200.0" Y="130.0" />
  <Point X="200.60233117539514" Y="130.60233117539514" />
  <Point X="201.0" Y="131.0" />
  <Point X="203.0" Y="131.0" />
  <Point X="205.0" Y="131.0" />
  <Point X="206.0" Y="131.0" />
  <Point X="207.0" Y="131.0" />
  <Point X="209.0" Y="131.0" />
  <Point X="210.0" Y="131.0" />
  <Point X="211.0" Y="131.0" />
  <Point X="212.0" Y="131.0" />
  <Point X="213.0" Y="131.0" />
  <Point X="214.0" Y="131.0" />
  <Point X="215.0" Y="131.0" />
  <Point X="215.94846216648344" Y="131.0" />
  <Point X="216.0" Y="131.0" />
  <Point X="217.0" Y="131.0" />
  <Point X="218.0" Y="131.0" />
  <Point X="217.0" Y="131.0" />
  <Point X="216.0" Y="131.0" />
  <Point X="215.0" Y="131.0" />
  <Point X="214.0" Y="131.0" />
  <Point X="213.0" Y="131.0" />
  <Point X="212.0" Y="131.0" />
  <Point X="211.0" Y="131.0" />
  <Point X="210.0" Y="131.0" />
  <Point X="209.0" Y="131.0" />
  <Point X="208.0" Y="131.0" />
  <Point X="207.0" Y="131.0" />
  <Point X="206.0" Y="131.0" />
  <Point X="205.0" Y="131.0" />
  <Point X="205.0" Y="131.45931297805603" />
  <Point X="205.0" Y="132.0" />
  <Point X="203.0" Y="132.0" />
  <Point X="202.0" Y="132.0" />
  <Point X="201.0" Y="132.0" />
  <Point X="200.0" Y="132.0" />
  <Point X="199.0" Y="133.0" />
  <Point X="198.0" Y="133.0" />
  <Point X="196.0" Y="133.0" />
  <Point X="195.0" Y="133.0" />
  <Point X="194.0" Y="133.0" />
  <Point X="193.0" Y="134.0" />
  <Point X="192.0" Y="134.0" />
  <Point X="191.0" Y="134.0" />
  <Point X="190.85826333511756" Y="134.0" />
  <Point X="190.0" Y="134.0" />
  <Point X="188.0" Y="135.0" />
  <Point X="187.0" Y="135.0" />
  <Point X="185.0" Y="135.0" />
  <Point X="184.0" Y="136.0" />
  <Point X="183.0" Y="136.0" />
  <Point X="182.0" Y="136.0" />
  <Point X="181.0" Y="136.0" />
  <Point X="180.0" Y="136.0" />
  <Point X="179.0" Y="137.0" />
  <Point X="177.0" Y="137.0" />
  <Point X="176.41190762579095" Y="137.0" />
  <Point X="176.0" Y="137.0" />
  <Point X="175.0" Y="137.0" />
  <Point X="174.0" Y="138.0" />
  <Point X="173.0" Y="138.0" />
  <Point X="171.0" Y="139.0" />
  <Point X="169.0" Y="139.0" />
  <Point X="168.0" Y="139.0" />
  <Point X="166.0" Y="140.0" />
  <Point X="165.0" Y="141.0" />
  <Point X="164.0" Y="141.0" />
  <Point X="163.0" Y="141.0" />
  <Point X="162.20161989396414" Y="141.0" />
  <Point X="162.0" Y="141.0" />
  <Point X="161.0" Y="141.0" />
  <Point X="159.0" Y="142.0" />
  <Point X="158.0" Y="143.0" />
  <Point X="157.0" Y="143.0" />
  <Point X="156.0" Y="143.0" />
  <Point X="155.0" Y="143.0" />
  <Point X="155.0" Y="144.0" />
  <Point X="153.0" Y="144.0" />
  <Point X="152.0" Y="145.0" />
  <Point X="151.0" Y="145.0" />
  <Point X="150.0" Y="145.0" />
  <Point X="149.1198388641714" Y="145.8801611358286" />
  <Point X="149.0" Y="146.0" />
  <Point X="148.0" Y="146.0" />
  <Point X="147.0" Y="146.0" />
  <Point X="146.0" Y="146.0" />
  <Point X="144.0" Y="148.0" />
  <Point X="143.0" Y="148.0" />
  <Point X="142.0" Y="148.0" />
  <Point X="141.0" Y="149.0" />
  <Point X="140.0" Y="150.0" />
  <Point X="139.0" Y="150.0" />
  <Point X="138.0" Y="150.0" />
  <Point X="137.0" Y="150.0" />
  <Point X="136.0" Y="151.0" />
  <Point X="135.72969474730348" Y="151.0" />
  <Point X="134.0" Y="151.0" />
  <Point X="133.0" Y="151.0" />
  <Point X="132.0" Y="152.0" />
  <Point X="131.0" Y="153.0" />
  <Point X="130.0" Y="153.0" />
  <Point X="128.0" Y="153.0" />
  <Point X="128.0" Y="154.0" />
  <Point X="127.0" Y="154.0" />
  <Point X="126.0" Y="155.0" />
  <Point X="125.0" Y="155.0" />
  <Point X="124.0" Y="155.0" />
  <Point X="123.0" Y="156.0" />
  <Point X="122.91210534385758" Y="156.08789465614242" />
  <Point X="122.0" Y="157.0" />
  <Point X="121.0" Y="157.0" />
  <Point X="120.0" Y="157.0" />
  <Point X="119.0" Y="157.0" />
  <Point X="119.0" Y="158.0" />
  <Point X="118.0" Y="158.0" />
  <Point X="118.0" Y="159.0" />
  <Point X="117.0" Y="159.0" />
  <Point X="116.0" Y="159.0" />
  <Point X="115.0" Y="159.0" />
  <Point X="114.0" Y="159.0" />
  <Point X="114.0" Y="160.0" />
  <Point X="114.0" Y="161.0" />
  <Point X="113.0" Y="161.0" />
  <Point X="112.0" Y="161.0" />
  <Point X="111.77906093602377" Y="161.0" />
  <Point X="111.0" Y="161.0" />
  <Point X="111.0" Y="162.0" />
  <Point X="110.0" Y="162.0" />
  <Point X="109.0" Y="163.0" />
  <Point X="108.0" Y="163.0" />
  <Point X="107.0" Y="163.0" />
  <Point X="107.0" Y="164.0" />
  <Point X="106.0" Y="164.0" />
  <Point X="106.0" Y="165.0" />
  <Point X="105.0" Y="165.0" />
  <Point X="104.0" Y="165.0" />
  <Point X="103.0" Y="165.0" />
  <Point X="103.0" Y="166.0" />
  <Point X="102.0" Y="166.0" />
  <Point X="102.0" Y="167.0" />
  <Point X="101.68242368682427" Y="167.0" />
  <Point X="101.0" Y="167.0" />
  <Point X="100.0" Y="167.0" />
  <Point X="100.0" Y="168.0" />
  <Point X="99.0" Y="168.0" />
  <Point X="99.0" Y="169.0" />
  <Point X="98.0" Y="169.0" />
  <Point X="97.0" Y="169.0" />
  <Point X="97.0" Y="170.0" />
  <Point X="96.0" Y="170.0" />
  <Point X="95.0" Y="170.0" />
  <Point X="96.0" Y="170.0" />
  <Point X="97.0" Y="170.0" />
  <Point X="97.0" Y="169.0" />
  <Point X="98.0" Y="168.0" />
  <Point X="99.0" Y="167.0" />
</Project_1_Part_4>
