<?xml version="1.0" encoding="utf-8" standalone="yes"?>
<Gesture Name="star4" Subject="2" Number="2" NumPts="664">
  <Point X="227.0" Y="17.0" />
  <Point X="215.39497590722436" Y="27.31557697135611" />
  <Point X="203.78995181444876" Y="37.63115394271222" />
  <Point X="192.18492772167315" Y="47.946730914068326" />
  <Point X="180.57990362889754" Y="58.262307885424434" />
  <Point X="168.97487953612193" Y="68.57788485678054" />
  <Point X="157.3698554433463" Y="78.89346182813665" />
  <Point X="145.76483135057066" Y="89.20903879949276" />
  <Point X="134.15980725779502" Y="99.52461577084887" />
  <Point X="122.5547831650194" Y="109.84019274220498" />
  <Point X="110.94975907224378" Y="120.15576971356109" />
  <Point X="99.34473497946816" Y="130.4713466849172" />
  <Point X="87.73971088669254" Y="140.7869236562733" />
  <Point X="76.13468679391691" Y="151.1025006276294" />
  <Point X="64.52966270114129" Y="161.41807759898552" />
  <Point X="52.92463860836567" Y="171.73365457034163" />
  <Point X="47.0" Y="177.0" />
  <Point X="47.0" Y="176.0" />
  <Point X="48.0" Y="176.0" />
  <Point X="48.0" Y="175.0" />
  <Point X="49.0" Y="175.0" />
  <Point X="49.0" Y="174.0" />
  <Point X="50.0" Y="173.0" />
  <Point X="50.0" Y="172.0" />
  <Point X="50.185886332573716" Y="172.0" />
  <Point X="51.0" Y="172.0" />
  <Point X="51.0" Y="171.0" />
  <Point X="52.0" Y="170.0" />
  <Point X="53.0" Y="170.0" />
  <Point X="53.0" Y="169.0" />
  <Point X="53.0" Y="168.0" />
  <Point X="54.0" Y="168.0" />
  <Point X="54.0" Y="167.0" />
  <Point X="55.0" Y="167.0" />
  <Point X="55.0" Y="166.0" />
  <Point X="56.0" Y="165.0" />
  <Point X="57.0" Y="164.0" />
  <Point X="57.0" Y="163.0" />
  <Point X="58.0" Y="163.0" />
  <Point X="58.0" Y="162.52975488762104" />
  <Point X="58.0" Y="162.0" />
  <Point X="59.0" Y="161.0" />
  <Point X="60.0" Y="160.0" />
  <Point X="61.0" Y="159.0" />
  <Point X="62.0" Y="158.0" />
  <Point X="62.0" Y="157.0" />
  <Point X="63.0" Y="157.0" />
  <Point X="63.0" Y="156.0" />
  <Point X="63.0" Y="155.0" />
  <Point X="65.0" Y="154.0" />
  <Point X="65.0" Y="152.0" />
  <Point X="66.0" Y="152.0" />
  <Point X="66.0" Y="151.89567764768867" />
  <Point X="66.0" Y="151.0" />
  <Point X="67.0" Y="151.0" />
  <Point X="68.0" Y="149.0" />
  <Point X="69.0" Y="148.0" />
  <Point X="69.0" Y="147.0" />
  <Point X="69.0" Y="146.0" />
  <Point X="70.0" Y="145.0" />
  <Point X="71.0" Y="145.0" />
  <Point X="72.0" Y="143.0" />
  <Point X="73.0" Y="142.0" />
  <Point X="73.8571050595966" Y="140.2857898808068" />
  <Point X="74.0" Y="140.0" />
  <Point X="75.0" Y="140.0" />
  <Point X="75.0" Y="139.0" />
  <Point X="76.0" Y="138.0" />
  <Point X="76.0" Y="137.0" />
  <Point X="77.0" Y="136.0" />
  <Point X="78.0" Y="135.0" />
  <Point X="78.0" Y="134.0" />
  <Point X="79.0" Y="132.0" />
  <Point X="80.0" Y="132.0" />
  <Point X="80.0" Y="130.0" />
  <Point X="81.0" Y="130.0" />
  <Point X="81.0" Y="129.2712319980773" />
  <Point X="81.0" Y="129.0" />
  <Point X="82.0" Y="128.0" />
  <Point X="82.0" Y="127.0" />
  <Point X="83.0" Y="126.0" />
  <Point X="84.0" Y="126.0" />
  <Point X="84.0" Y="125.0" />
  <Point X="84.0" Y="124.0" />
  <Point X="86.0" Y="122.0" />
  <Point X="87.0" Y="120.0" />
  <Point X="88.0" Y="120.0" />
  <Point X="88.0" Y="119.0" />
  <Point X="88.0" Y="117.63715475814493" />
  <Point X="88.0" Y="117.0" />
  <Point X="90.0" Y="117.0" />
  <Point X="90.0" Y="116.0" />
  <Point X="90.0" Y="115.0" />
  <Point X="90.0" Y="114.0" />
  <Point X="92.0" Y="113.0" />
  <Point X="92.0" Y="112.0" />
  <Point X="92.0" Y="111.0" />
  <Point X="93.0" Y="110.0" />
  <Point X="94.0" Y="109.0" />
  <Point X="94.0" Y="108.0" />
  <Point X="95.0" Y="107.0" />
  <Point X="95.0" Y="106.58886395583946" />
  <Point X="95.0" Y="106.0" />
  <Point X="96.0" Y="105.0" />
  <Point X="96.0" Y="104.0" />
  <Point X="97.0" Y="103.0" />
  <Point X="98.0" Y="101.0" />
  <Point X="99.0" Y="100.0" />
  <Point X="99.0" Y="99.0" />
  <Point X="99.0" Y="98.0" />
  <Point X="100.0" Y="97.0" />
  <Point X="100.0" Y="96.0" />
  <Point X="100.0" Y="95.0" />
  <Point X="101.0" Y="95.0" />
  <Point X="101.46743359084351" Y="94.06513281831297" />
  <Point X="102.0" Y="93.0" />
  <Point X="103.0" Y="92.0" />
  <Point X="103.0" Y="90.0" />
  <Point X="103.0" Y="89.0" />
  <Point X="104.0" Y="89.0" />
  <Point X="105.0" Y="88.0" />
  <Point X="105.0" Y="86.0" />
  <Point X="106.0" Y="86.0" />
  <Point X="106.0" Y="85.0" />
  <Point X="107.0" Y="85.0" />
  <Point X="107.0" Y="84.0" />
  <Point X="107.0" Y="83.0" />
  <Point X="107.50771764877148" Y="83.0" />
  <Point X="108.0" Y="83.0" />
  <Point X="108.0" Y="82.0" />
  <Point X="108.0" Y="81.0" />
  <Point X="109.0" Y="81.0" />
  <Point X="109.0" Y="80.0" />
  <Point X="110.0" Y="79.0" />
  <Point X="110.0" Y="78.0" />
  <Point X="111.0" Y="78.0" />
  <Point X="111.0" Y="77.0" />
  <Point X="112.0" Y="76.0" />
  <Point X="112.0" Y="75.0" />
  <Point X="112.0" Y="74.0" />
  <Point X="113.0" Y="74.0" />
  <Point X="114.0" Y="73.0" />
  <Point X="114.0" Y="72.20792357142327" />
  <Point X="114.0" Y="72.0" />
  <Point X="115.0" Y="72.0" />
  <Point X="115.0" Y="71.0" />
  <Point X="116.0" Y="71.0" />
  <Point X="116.0" Y="72.0" />
  <Point X="116.0" Y="73.0" />
  <Point X="116.0" Y="74.0" />
  <Point X="117.0" Y="74.0" />
  <Point X="117.0" Y="75.0" />
  <Point X="117.0" Y="76.0" />
  <Point X="118.0" Y="76.0" />
  <Point X="118.0" Y="77.0" />
  <Point X="118.0" Y="78.0" />
  <Point X="118.0" Y="79.0" />
  <Point X="119.0" Y="80.0" />
  <Point X="119.0" Y="80.90486233312818" />
  <Point X="119.0" Y="81.0" />
  <Point X="119.0" Y="82.0" />
  <Point X="119.0" Y="83.0" />
  <Point X="119.0" Y="84.0" />
  <Point X="120.0" Y="84.0" />
  <Point X="120.0" Y="85.0" />
  <Point X="120.0" Y="86.0" />
  <Point X="120.0" Y="87.0" />
  <Point X="120.0" Y="88.0" />
  <Point X="121.0" Y="89.0" />
  <Point X="121.0" Y="90.0" />
  <Point X="121.0" Y="91.0" />
  <Point X="122.0" Y="92.0" />
  <Point X="122.0" Y="93.0" />
  <Point X="122.0" Y="94.0" />
  <Point X="122.0" Y="94.60343467530653" />
  <Point X="122.0" Y="95.0" />
  <Point X="122.0" Y="96.0" />
  <Point X="123.0" Y="97.0" />
  <Point X="123.0" Y="98.0" />
  <Point X="124.0" Y="100.0" />
  <Point X="124.0" Y="101.0" />
  <Point X="125.0" Y="102.0" />
  <Point X="125.0" Y="103.0" />
  <Point X="125.0" Y="104.0" />
  <Point X="125.0" Y="105.0" />
  <Point X="125.0" Y="106.0" />
  <Point X="125.0" Y="107.0" />
  <Point X="126.0" Y="107.0" />
  <Point X="126.0" Y="108.0659390399851" />
  <Point X="126.0" Y="109.0" />
  <Point X="126.0" Y="110.0" />
  <Point X="127.0" Y="112.0" />
  <Point X="127.0" Y="113.0" />
  <Point X="128.0" Y="114.0" />
  <Point X="128.0" Y="116.0" />
  <Point X="128.0" Y="117.0" />
  <Point X="128.0" Y="118.0" />
  <Point X="129.0" Y="119.0" />
  <Point X="129.0" Y="120.0" />
  <Point X="129.0" Y="122.0" />
  <Point X="129.52844340466365" Y="122.0" />
  <Point X="130.0" Y="122.0" />
  <Point X="130.0" Y="123.0" />
  <Point X="130.0" Y="124.0" />
  <Point X="130.0" Y="126.0" />
  <Point X="131.0" Y="126.0" />
  <Point X="131.0" Y="127.0" />
  <Point X="131.0" Y="128.0" />
  <Point X="131.0" Y="130.0" />
  <Point X="132.0" Y="131.0" />
  <Point X="132.0" Y="132.0" />
  <Point X="132.0" Y="133.0" />
  <Point X="132.0" Y="134.0" />
  <Point X="132.0" Y="135.0" />
  <Point X="132.0" Y="135.6412293092151" />
  <Point X="132.0" Y="136.0" />
  <Point X="133.0" Y="137.0" />
  <Point X="133.0" Y="138.0" />
  <Point X="133.0" Y="139.0" />
  <Point X="134.0" Y="140.0" />
  <Point X="134.0" Y="141.0" />
  <Point X="134.0" Y="142.0" />
  <Point X="134.0" Y="143.0" />
  <Point X="135.0" Y="144.0" />
  <Point X="135.0" Y="145.0" />
  <Point X="136.0" Y="145.0" />
  <Point X="136.0" Y="146.0" />
  <Point X="136.0" Y="147.0" />
  <Point X="136.0" Y="148.92558808902035" />
  <Point X="136.0" Y="149.0" />
  <Point X="136.0" Y="150.0" />
  <Point X="137.0" Y="151.0" />
  <Point X="137.0" Y="152.0" />
  <Point X="137.0" Y="153.0" />
  <Point X="137.0" Y="154.0" />
  <Point X="138.0" Y="155.0" />
  <Point X="138.0" Y="156.0" />
  <Point X="138.0" Y="157.0" />
  <Point X="139.0" Y="157.0" />
  <Point X="139.0" Y="158.0" />
  <Point X="139.0" Y="159.0" />
  <Point X="139.0" Y="160.0" />
  <Point X="140.0" Y="161.0" />
  <Point X="140.0" Y="162.0" />
  <Point X="140.0" Y="162.2099468688256" />
  <Point X="140.0" Y="163.0" />
  <Point X="140.0" Y="164.0" />
  <Point X="141.0" Y="165.0" />
  <Point X="141.0" Y="166.0" />
  <Point X="141.0" Y="167.0" />
  <Point X="141.0" Y="168.0" />
  <Point X="142.0" Y="168.0" />
  <Point X="142.0" Y="169.0" />
  <Point X="143.0" Y="169.0" />
  <Point X="143.0" Y="170.0" />
  <Point X="143.0" Y="171.0" />
  <Point X="143.0" Y="172.0" />
  <Point X="143.0" Y="173.0" />
  <Point X="144.0" Y="173.0" />
  <Point X="144.0" Y="174.0" />
  <Point X="144.0" Y="174.32273277337706" />
  <Point X="144.0" Y="175.0" />
  <Point X="145.0" Y="175.0" />
  <Point X="145.0" Y="176.0" />
  <Point X="145.0" Y="177.0" />
  <Point X="145.0" Y="178.0" />
  <Point X="146.0" Y="179.0" />
  <Point X="146.0" Y="180.0" />
  <Point X="146.0" Y="181.0" />
  <Point X="146.0" Y="182.0" />
  <Point X="146.0" Y="183.0" />
  <Point X="146.0" Y="184.0" />
  <Point X="146.0" Y="185.0" />
  <Point X="146.0" Y="186.0" />
  <Point X="147.0" Y="186.0" />
  <Point X="148.0" Y="187.0" />
  <Point X="147.9786948844446" Y="187.0" />
  <Point X="147.0" Y="187.0" />
  <Point X="146.0" Y="187.0" />
  <Point X="145.0" Y="187.0" />
  <Point X="144.0" Y="187.0" />
  <Point X="143.0" Y="187.0" />
  <Point X="143.0" Y="186.0" />
  <Point X="142.0" Y="186.0" />
  <Point X="141.0" Y="186.0" />
  <Point X="141.0" Y="185.0" />
  <Point X="140.0" Y="185.0" />
  <Point X="139.0" Y="184.0" />
  <Point X="138.0" Y="184.0" />
  <Point X="138.0" Y="183.0" />
  <Point X="137.0" Y="183.0" />
  <Point X="136.19807654919967" Y="182.19807654919967" />
  <Point X="136.0" Y="182.0" />
  <Point X="135.0" Y="181.0" />
  <Point X="134.0" Y="181.0" />
  <Point X="133.0" Y="180.0" />
  <Point X="132.0" Y="180.0" />
  <Point X="132.0" Y="179.0" />
  <Point X="131.0" Y="178.0" />
  <Point X="130.0" Y="178.0" />
  <Point X="130.0" Y="177.0" />
  <Point X="129.0" Y="177.0" />
  <Point X="128.0" Y="177.0" />
  <Point X="127.0" Y="176.0" />
  <Point X="127.0" Y="175.0" />
  <Point X="126.0" Y="175.0" />
  <Point X="126.0" Y="174.40997732483407" />
  <Point X="126.0" Y="174.0" />
  <Point X="125.0" Y="174.0" />
  <Point X="124.0" Y="173.0" />
  <Point X="123.0" Y="173.0" />
  <Point X="122.0" Y="172.0" />
  <Point X="122.0" Y="171.0" />
  <Point X="121.0" Y="171.0" />
  <Point X="120.0" Y="169.0" />
  <Point X="118.0" Y="169.0" />
  <Point X="118.0" Y="167.0" />
  <Point X="116.0" Y="167.0" />
  <Point X="115.97650919365017" Y="166.95301838730035" />
  <Point X="115.0" Y="165.0" />
  <Point X="114.0" Y="165.0" />
  <Point X="113.0" Y="164.0" />
  <Point X="112.0" Y="163.0" />
  <Point X="111.0" Y="162.0" />
  <Point X="109.0" Y="160.0" />
  <Point X="107.0" Y="159.0" />
  <Point X="107.0" Y="158.0" />
  <Point X="105.0" Y="158.0" />
  <Point X="104.98375597688913" Y="157.96751195377826" />
  <Point X="104.0" Y="156.0" />
  <Point X="103.0" Y="156.0" />
  <Point X="101.0" Y="154.0" />
  <Point X="99.0" Y="152.0" />
  <Point X="98.0" Y="151.0" />
  <Point X="96.0" Y="150.0" />
  <Point X="95.0" Y="148.0" />
  <Point X="94.21594953753632" Y="148.0" />
  <Point X="94.0" Y="148.0" />
  <Point X="93.0" Y="146.0" />
  <Point X="92.0" Y="146.0" />
  <Point X="91.0" Y="145.0" />
  <Point X="90.0" Y="145.0" />
  <Point X="89.0" Y="143.0" />
  <Point X="88.0" Y="143.0" />
  <Point X="87.0" Y="141.0" />
  <Point X="85.0" Y="140.0" />
  <Point X="85.0" Y="139.0" />
  <Point X="84.04743554298403" Y="139.0" />
  <Point X="84.0" Y="139.0" />
  <Point X="83.0" Y="138.0" />
  <Point X="82.0" Y="137.0" />
  <Point X="82.0" Y="136.0" />
  <Point X="81.0" Y="136.0" />
  <Point X="80.0" Y="135.0" />
  <Point X="79.0" Y="135.0" />
  <Point X="79.0" Y="133.0" />
  <Point X="78.0" Y="133.0" />
  <Point X="77.0" Y="132.0" />
  <Point X="76.0" Y="132.0" />
  <Point X="76.0" Y="131.0" />
  <Point X="75.0" Y="131.0" />
  <Point X="74.41825641024995" Y="130.41825641024994" />
  <Point X="74.0" Y="130.0" />
  <Point X="74.0" Y="129.0" />
  <Point X="73.0" Y="129.0" />
  <Point X="72.0" Y="128.0" />
  <Point X="72.0" Y="127.0" />
  <Point X="71.0" Y="127.0" />
  <Point X="71.0" Y="126.0" />
  <Point X="71.0" Y="125.0" />
  <Point X="70.0" Y="125.0" />
  <Point X="70.0" Y="124.0" />
  <Point X="69.0" Y="124.0" />
  <Point X="68.0" Y="124.0" />
  <Point X="68.0" Y="123.0" />
  <Point X="68.0" Y="122.0" />
  <Point X="67.0" Y="122.0" />
  <Point X="67.0" Y="121.47871798337351" />
  <Point X="67.0" Y="121.0" />
  <Point X="66.0" Y="120.0" />
  <Point X="66.0" Y="119.0" />
  <Point X="65.0" Y="118.0" />
  <Point X="64.0" Y="117.0" />
  <Point X="64.0" Y="116.0" />
  <Point X="63.0" Y="116.0" />
  <Point X="63.0" Y="115.0" />
  <Point X="62.0" Y="114.0" />
  <Point X="62.0" Y="113.0" />
  <Point X="62.0" Y="112.0" />
  <Point X="61.0" Y="112.0" />
  <Point X="61.0" Y="111.0" />
  <Point X="60.0" Y="111.0" />
  <Point X="60.0" Y="110.60857276594135" />
  <Point X="60.0" Y="110.0" />
  <Point X="60.0" Y="109.0" />
  <Point X="59.0" Y="109.0" />
  <Point X="59.0" Y="108.0" />
  <Point X="58.0" Y="108.0" />
  <Point X="58.0" Y="107.0" />
  <Point X="57.0" Y="106.0" />
  <Point X="56.0" Y="105.0" />
  <Point X="56.0" Y="104.0" />
  <Point X="55.0" Y="103.0" />
  <Point X="54.0" Y="102.0" />
  <Point X="54.0" Y="101.0" />
  <Point X="53.0" Y="100.0" />
  <Point X="52.15264111088228" Y="100.0" />
  <Point X="52.0" Y="100.0" />
  <Point X="52.0" Y="99.0" />
  <Point X="52.0" Y="98.0" />
  <Point X="51.0" Y="98.0" />
  <Point X="51.0" Y="97.0" />
  <Point X="50.0" Y="96.0" />
  <Point X="50.0" Y="95.0" />
  <Point X="49.0" Y="95.0" />
  <Point X="49.0" Y="94.0" />
  <Point X="48.0" Y="94.0" />
  <Point X="48.0" Y="93.0" />
  <Point X="48.0" Y="94.0" />
  <Point X="49.0" Y="94.0" />
  <Point X="50.0" Y="94.0" />
  <Point X="50.0" Y="95.0" />
  <Point X="50.96014479366917" Y="95.0" />
  <Point X="51.0" Y="95.0" />
  <Point X="51.0" Y="96.0" />
  <Point X="52.0" Y="96.0" />
  <Point X="53.0" Y="96.0" />
  <Point X="53.0" Y="97.0" />
  <Point X="54.0" Y="97.0" />
  <Point X="54.0" Y="98.0" />
  <Point X="55.0" Y="98.0" />
  <Point X="56.0" Y="99.0" />
  <Point X="57.0" Y="99.0" />
  <Point X="58.0" Y="99.0" />
  <Point X="58.0" Y="100.0" />
  <Point X="59.0" Y="100.0" />
  <Point X="60.0" Y="100.0" />
  <Point X="61.0" Y="101.0" />
  <Point X="61.0" Y="101.65871713584752" />
  <Point X="61.0" Y="102.0" />
  <Point X="62.0" Y="102.0" />
  <Point X="63.0" Y="102.0" />
  <Point X="64.0" Y="103.0" />
  <Point X="65.0" Y="103.0" />
  <Point X="66.0" Y="103.0" />
  <Point X="67.0" Y="104.0" />
  <Point X="68.0" Y="104.0" />
  <Point X="69.0" Y="104.0" />
  <Point X="70.0" Y="105.0" />
  <Point X="70.0" Y="106.0" />
  <Point X="72.0" Y="106.0" />
  <Point X="73.0" Y="106.0" />
  <Point X="73.66685537513179" Y="106.66685537513179" />
  <Point X="74.0" Y="107.0" />
  <Point X="75.0" Y="107.0" />
  <Point X="76.0" Y="108.0" />
  <Point X="77.0" Y="108.0" />
  <Point X="78.0" Y="108.0" />
  <Point X="79.0" Y="109.0" />
  <Point X="80.0" Y="109.0" />
  <Point X="81.0" Y="109.0" />
  <Point X="82.0" Y="110.0" />
  <Point X="83.0" Y="110.0" />
  <Point X="83.0" Y="111.0" />
  <Point X="85.0" Y="111.0" />
  <Point X="86.0" Y="111.0" />
  <Point X="86.57503417780856" Y="111.57503417780856" />
  <Point X="87.0" Y="112.0" />
  <Point X="89.0" Y="112.0" />
  <Point X="89.0" Y="113.0" />
  <Point X="90.0" Y="113.0" />
  <Point X="91.0" Y="113.0" />
  <Point X="92.0" Y="113.0" />
  <Point X="93.0" Y="113.0" />
  <Point X="95.0" Y="114.0" />
  <Point X="96.0" Y="114.0" />
  <Point X="97.0" Y="115.0" />
  <Point X="98.0" Y="115.0" />
  <Point X="99.0" Y="115.0" />
  <Point X="100.0" Y="115.0" />
  <Point X="100.24661638245165" Y="115.12330819122583" />
  <Point X="102.0" Y="116.0" />
  <Point X="103.0" Y="116.0" />
  <Point X="104.0" Y="116.0" />
  <Point X="106.0" Y="117.0" />
  <Point X="107.0" Y="117.0" />
  <Point X="109.0" Y="117.0" />
  <Point X="110.0" Y="117.0" />
  <Point X="112.0" Y="117.0" />
  <Point X="113.0" Y="117.0" />
  <Point X="115.0" Y="117.0" />
  <Point X="115.33058900968845" Y="117.0" />
  <Point X="118.0" Y="117.0" />
  <Point X="120.0" Y="117.0" />
  <Point X="121.0" Y="117.0" />
  <Point X="122.0" Y="117.0" />
  <Point X="124.0" Y="118.0" />
  <Point X="125.0" Y="118.0" />
  <Point X="127.0" Y="118.0" />
  <Point X="128.0" Y="119.0" />
  <Point X="129.0" Y="119.0" />
  <Point X="130.0" Y="119.0" />
  <Point X="130.2073069367401" Y="119.0" />
  <Point X="131.0" Y="119.0" />
  <Point X="133.0" Y="119.0" />
  <Point X="134.0" Y="119.0" />
  <Point X="135.0" Y="119.0" />
  <Point X="136.0" Y="119.0" />
  <Point X="138.0" Y="119.0" />
  <Point X="139.0" Y="119.0" />
  <Point X="140.0" Y="119.0" />
  <Point X="141.0" Y="120.0" />
  <Point X="142.0" Y="120.0" />
  <Point X="143.0" Y="120.0" />
  <Point X="144.0" Y="120.0" />
  <Point X="145.0" Y="120.0" />
  <Point X="145.32009284129157" Y="120.0" />
  <Point X="146.0" Y="120.0" />
  <Point X="147.0" Y="120.0" />
  <Point X="148.0" Y="120.0" />
  <Point X="149.0" Y="120.0" />
  <Point X="150.0" Y="120.0" />
  <Point X="151.0" Y="120.0" />
  <Point X="152.0" Y="120.0" />
  <Point X="153.0" Y="120.0" />
  <Point X="154.0" Y="120.0" />
  <Point X="155.0" Y="120.0" />
  <Point X="156.0" Y="120.0" />
  <Point X="157.0" Y="120.0" />
  <Point X="158.0" Y="120.0" />
  <Point X="159.0" Y="120.0" />
  <Point X="160.0" Y="120.0" />
  <Point X="160.8470923082161" Y="120.0" />
  <Point X="161.0" Y="120.0" />
  <Point X="162.0" Y="120.0" />
  <Point X="163.0" Y="120.0" />
  <Point X="164.0" Y="120.0" />
  <Point X="165.0" Y="120.0" />
  <Point X="166.0" Y="120.0" />
  <Point X="167.0" Y="120.0" />
  <Point X="166.0" Y="120.0" />
  <Point X="166.0" Y="121.0" />
  <Point X="165.0" Y="121.0" />
  <Point X="164.0" Y="121.0" />
  <Point X="164.0" Y="122.0" />
  <Point X="163.0" Y="122.0" />
  <Point X="163.0" Y="123.0" />
  <Point X="162.0" Y="123.0" />
  <Point X="161.0" Y="123.0" />
  <Point X="161.0" Y="123.37409177514064" />
  <Point X="161.0" Y="124.0" />
  <Point X="160.0" Y="124.0" />
  <Point X="159.0" Y="124.0" />
  <Point X="158.0" Y="124.0" />
  <Point X="158.0" Y="125.0" />
  <Point X="157.0" Y="126.0" />
  <Point X="156.0" Y="126.0" />
  <Point X="155.0" Y="127.0" />
  <Point X="154.0" Y="127.0" />
  <Point X="153.0" Y="128.0" />
  <Point X="152.0" Y="128.0" />
  <Point X="150.0" Y="128.0" />
  <Point X="149.0" Y="128.0" />
  <Point X="148.5344051475217" Y="128.4655948524783" />
  <Point X="148.0" Y="129.0" />
  <Point X="146.0" Y="130.0" />
  <Point X="144.0" Y="130.0" />
  <Point X="143.0" Y="131.0" />
  <Point X="142.0" Y="132.0" />
  <Point X="140.0" Y="132.0" />
  <Point X="139.0" Y="133.0" />
  <Point X="138.0" Y="133.0" />
  <Point X="136.0" Y="134.0" />
  <Point X="135.0550736131379" Y="134.47246319343105" />
  <Point X="134.0" Y="135.0" />
  <Point X="132.0" Y="135.0" />
  <Point X="131.0" Y="136.0" />
  <Point X="130.0" Y="136.0" />
  <Point X="128.0" Y="137.0" />
  <Point X="127.0" Y="137.0" />
  <Point X="126.0" Y="138.0" />
  <Point X="124.0" Y="139.0" />
  <Point X="122.0" Y="139.0" />
  <Point X="121.0" Y="139.0" />
  <Point X="120.9581155604135" Y="139.02094221979326" />
  <Point X="119.0" Y="140.0" />
  <Point X="118.0" Y="141.0" />
  <Point X="116.0" Y="141.0" />
  <Point X="114.0" Y="142.0" />
  <Point X="113.0" Y="143.0" />
  <Point X="112.0" Y="143.0" />
  <Point X="110.0" Y="143.0" />
  <Point X="109.0" Y="145.0" />
  <Point X="108.0" Y="145.0" />
  <Point X="107.9667303166892" Y="145.01663484165542" />
  <Point X="106.0" Y="146.0" />
  <Point X="104.0" Y="146.0" />
  <Point X="104.0" Y="147.0" />
  <Point X="102.0" Y="148.0" />
  <Point X="101.0" Y="148.0" />
  <Point X="100.0" Y="148.0" />
  <Point X="99.0" Y="149.0" />
  <Point X="98.0" Y="149.0" />
  <Point X="97.0" Y="149.0" />
  <Point X="95.0" Y="150.0" />
  <Point X="94.55822139121149" Y="150.0" />
  <Point X="94.0" Y="150.0" />
  <Point X="93.0" Y="151.0" />
  <Point X="91.0" Y="152.0" />
  <Point X="90.0" Y="153.0" />
  <Point X="89.0" Y="154.0" />
  <Point X="88.0" Y="154.0" />
  <Point X="86.0" Y="154.0" />
  <Point X="86.0" Y="155.0" />
  <Point X="85.0" Y="156.0" />
  <Point X="84.0" Y="156.0" />
  <Point X="83.0" Y="157.0" />
  <Point X="82.33835771365221" Y="157.0" />
  <Point X="82.0" Y="157.0" />
  <Point X="82.0" Y="158.0" />
  <Point X="80.0" Y="158.0" />
  <Point X="80.0" Y="159.0" />
  <Point X="79.0" Y="159.0" />
  <Point X="79.0" Y="160.0" />
  <Point X="77.0" Y="160.0" />
  <Point X="77.0" Y="161.0" />
  <Point X="76.0" Y="161.0" />
  <Point X="76.0" Y="162.0" />
  <Point X="75.0" Y="162.0" />
  <Point X="74.0" Y="162.0" />
  <Point X="74.0" Y="163.0" />
  <Point X="73.15950335585967" Y="163.84049664414033" />
  <Point X="73.0" Y="164.0" />
  <Point X="72.0" Y="164.0" />
  <Point X="72.0" Y="165.0" />
  <Point X="71.0" Y="165.0" />
  <Point X="71.0" Y="166.0" />
  <Point X="70.0" Y="166.0" />
  <Point X="69.0" Y="167.0" />
  <Point X="68.0" Y="167.0" />
  <Point X="68.0" Y="168.0" />
  <Point X="67.0" Y="168.0" />
  <Point X="67.0" Y="169.0" />
  <Point X="66.0" Y="169.0" />
  <Point X="65.0" Y="169.0" />
  <Point X="65.0" Y="170.0" />
  <Point X="64.0" Y="171.0" />
  <Point X="63.52699946692242" Y="171.0" />
  <Point X="63.0" Y="171.0" />
  <Point X="63.0" Y="172.0" />
  <Point X="62.0" Y="172.0" />
  <Point X="61.0" Y="172.0" />
  <Point X="61.0" Y="173.0" />
  <Point X="60.0" Y="173.0" />
  <Point X="60.0" Y="174.0" />
  <Point X="59.0" Y="174.0" />
  <Point X="59.0" Y="175.0" />
  <Point X="58.0" Y="175.0" />
  <Point X="57.0" Y="175.0" />
  <Point X="57.0" Y="176.0" />
  <Point X="56.0" Y="176.0" />
  <Point X="56.0" Y="175.0" />
  <Point X="56.0" Y="174.0" />
  <Point X="56.0" Y="173.0" />
</Project_1_Part_4>
