<?xml version="1.0" encoding="utf-8" standalone="yes"?>
<Gesture Name="star5" Subject="2" Number="2" NumPts="617">
  <Point X="71.0" Y="158.0" />
  <Point X="71.0" Y="157.0" />
  <Point X="71.0" Y="156.0" />
  <Point X="72.0" Y="156.0" />
  <Point X="72.0" Y="155.0" />
  <Point X="73.0" Y="155.0" />
  <Point X="73.0" Y="154.0" />
  <Point X="73.0" Y="153.0" />
  <Point X="73.0" Y="152.0" />
  <Point X="74.0" Y="152.0" />
  <Point X="75.0" Y="152.0" />
  <Point X="75.0" Y="151.89456992553647" />
  <Point X="75.0" Y="151.0" />
  <Point X="75.0" Y="150.0" />
  <Point X="76.0" Y="150.0" />
  <Point X="76.0" Y="149.0" />
  <Point X="77.0" Y="149.0" />
  <Point X="77.0" Y="148.0" />
  <Point X="77.0" Y="147.0" />
  <Point X="78.0" Y="147.0" />
  <Point X="78.0" Y="146.0" />
  <Point X="79.0" Y="146.0" />
  <Point X="79.0" Y="145.78913985107295" />
  <Point X="79.0" Y="145.0" />
  <Point X="79.0" Y="144.0" />
  <Point X="80.0" Y="144.0" />
  <Point X="80.0" Y="143.0" />
  <Point X="81.0" Y="142.0" />
  <Point X="81.0" Y="141.0" />
  <Point X="82.0" Y="141.0" />
  <Point X="82.0" Y="140.0" />
  <Point X="83.0" Y="139.0" />
  <Point X="83.34497130534214" Y="138.65502869465786" />
  <Point X="84.0" Y="138.0" />
  <Point X="84.0" Y="137.0" />
  <Point X="85.0" Y="137.0" />
  <Point X="85.0" Y="135.0" />
  <Point X="85.0" Y="134.0" />
  <Point X="87.0" Y="133.0" />
  <Point X="87.0" Y="132.0" />
  <Point X="87.66680992059831" Y="131.33319007940167" />
  <Point X="88.0" Y="131.0" />
  <Point X="89.0" Y="131.0" />
  <Point X="89.0" Y="129.0" />
  <Point X="89.0" Y="128.0" />
  <Point X="91.0" Y="127.0" />
  <Point X="91.0" Y="126.0" />
  <Point X="91.0" Y="125.0" />
  <Point X="91.9886485358545" Y="124.0113514641455" />
  <Point X="92.0" Y="124.0" />
  <Point X="92.0" Y="123.0" />
  <Point X="93.0" Y="123.0" />
  <Point X="93.0" Y="121.0" />
  <Point X="94.0" Y="121.0" />
  <Point X="94.0" Y="120.0" />
  <Point X="95.0" Y="118.0" />
  <Point X="95.0" Y="116.14669129758362" />
  <Point X="95.0" Y="116.0" />
  <Point X="96.0" Y="116.0" />
  <Point X="97.0" Y="114.0" />
  <Point X="98.0" Y="113.0" />
  <Point X="99.0" Y="112.0" />
  <Point X="99.0" Y="111.0" />
  <Point X="99.0" Y="110.0" />
  <Point X="100.0" Y="109.0" />
  <Point X="100.0" Y="108.51996988773915" />
  <Point X="100.0" Y="108.0" />
  <Point X="101.0" Y="108.0" />
  <Point X="101.0" Y="106.0" />
  <Point X="102.0" Y="105.0" />
  <Point X="102.0" Y="104.0" />
  <Point X="102.0" Y="103.0" />
  <Point X="102.0" Y="102.0" />
  <Point X="103.0" Y="101.0" />
  <Point X="103.7570330619782" Y="101.0" />
  <Point X="104.0" Y="101.0" />
  <Point X="104.0" Y="100.0" />
  <Point X="104.0" Y="99.0" />
  <Point X="104.0" Y="98.0" />
  <Point X="105.0" Y="98.0" />
  <Point X="105.0" Y="97.0" />
  <Point X="105.0" Y="96.0" />
  <Point X="105.0" Y="95.0" />
  <Point X="106.0" Y="95.0" />
  <Point X="106.0" Y="94.0" />
  <Point X="106.0" Y="93.13753686355825" />
  <Point X="106.0" Y="93.0" />
  <Point X="106.0" Y="92.0" />
  <Point X="107.0" Y="92.0" />
  <Point X="108.0" Y="91.0" />
  <Point X="108.0" Y="90.0" />
  <Point X="108.0" Y="89.0" />
  <Point X="109.0" Y="89.0" />
  <Point X="109.0" Y="88.0" />
  <Point X="109.0" Y="87.0" />
  <Point X="110.0" Y="86.0" />
  <Point X="110.0" Y="85.86053391384091" />
  <Point X="110.0" Y="85.0" />
  <Point X="111.0" Y="85.0" />
  <Point X="111.0" Y="84.0" />
  <Point X="112.0" Y="84.0" />
  <Point X="112.0" Y="83.0" />
  <Point X="113.0" Y="82.0" />
  <Point X="113.0" Y="81.0" />
  <Point X="113.0" Y="80.0" />
  <Point X="114.0" Y="80.0" />
  <Point X="114.0" Y="79.16931740175046" />
  <Point X="114.0" Y="79.0" />
  <Point X="115.0" Y="79.0" />
  <Point X="115.0" Y="78.0" />
  <Point X="116.0" Y="78.0" />
  <Point X="116.0" Y="77.0" />
  <Point X="116.0" Y="76.0" />
  <Point X="117.0" Y="76.0" />
  <Point X="117.0" Y="75.0" />
  <Point X="118.0" Y="75.0" />
  <Point X="118.0" Y="74.0" />
  <Point X="118.0" Y="73.06388732728692" />
  <Point X="118.0" Y="73.0" />
  <Point X="119.0" Y="73.0" />
  <Point X="119.0" Y="72.0" />
  <Point X="120.0" Y="72.0" />
  <Point X="120.0" Y="71.0" />
  <Point X="121.0" Y="71.0" />
  <Point X="121.0" Y="70.0" />
  <Point X="122.0" Y="69.0" />
  <Point X="122.0" Y="68.0" />
  <Point X="123.0" Y="68.0" />
  <Point X="123.0" Y="67.37267081519647" />
  <Point X="123.0" Y="67.0" />
  <Point X="124.0" Y="67.0" />
  <Point X="124.0" Y="66.0" />
  <Point X="125.0" Y="65.0" />
  <Point X="125.0" Y="64.0" />
  <Point X="126.0" Y="64.0" />
  <Point X="126.0" Y="65.0" />
  <Point X="126.0" Y="66.0" />
  <Point X="127.0" Y="66.0" />
  <Point X="127.0" Y="67.0" />
  <Point X="127.0" Y="67.31854569689398" />
  <Point X="127.0" Y="68.0" />
  <Point X="128.0" Y="68.0" />
  <Point X="128.0" Y="69.0" />
  <Point X="128.0" Y="70.0" />
  <Point X="128.0" Y="71.0" />
  <Point X="128.0" Y="72.0" />
  <Point X="129.0" Y="72.0" />
  <Point X="129.0" Y="73.0" />
  <Point X="129.0" Y="74.0" />
  <Point X="129.0" Y="75.0" />
  <Point X="129.0" Y="75.42397577135752" />
  <Point X="129.0" Y="76.0" />
  <Point X="129.0" Y="77.0" />
  <Point X="130.0" Y="77.0" />
  <Point X="130.0" Y="78.0" />
  <Point X="130.0" Y="79.0" />
  <Point X="130.0" Y="80.0" />
  <Point X="130.0" Y="81.0" />
  <Point X="130.0" Y="82.0" />
  <Point X="130.0" Y="83.0" />
  <Point X="131.0" Y="84.0" />
  <Point X="131.0" Y="84.11519228344797" />
  <Point X="131.0" Y="85.0" />
  <Point X="131.0" Y="86.0" />
  <Point X="132.0" Y="86.0" />
  <Point X="132.0" Y="87.0" />
  <Point X="132.0" Y="88.0" />
  <Point X="132.0" Y="90.0" />
  <Point X="132.0" Y="91.0" />
  <Point X="132.0" Y="92.0" />
  <Point X="132.0" Y="93.0" />
  <Point X="132.0" Y="93.22062235791151" />
  <Point X="132.0" Y="94.0" />
  <Point X="132.0" Y="95.0" />
  <Point X="132.0" Y="96.0" />
  <Point X="132.0" Y="97.0" />
  <Point X="133.0" Y="98.0" />
  <Point X="133.0" Y="99.0" />
  <Point X="133.0" Y="100.0" />
  <Point X="133.0" Y="101.0" />
  <Point X="133.0" Y="102.91183887000196" />
  <Point X="133.0" Y="103.0" />
  <Point X="133.0" Y="104.0" />
  <Point X="133.0" Y="105.0" />
  <Point X="133.0" Y="106.0" />
  <Point X="133.0" Y="107.0" />
  <Point X="133.0" Y="108.0" />
  <Point X="133.0" Y="110.0" />
  <Point X="133.0" Y="111.0" />
  <Point X="133.0" Y="112.0" />
  <Point X="133.0" Y="113.0" />
  <Point X="133.0122109877355" Y="113.01221098773549" />
  <Point X="134.0" Y="114.0" />
  <Point X="134.0" Y="115.0" />
  <Point X="134.0" Y="116.0" />
  <Point X="134.0" Y="117.0" />
  <Point X="134.0" Y="118.0" />
  <Point X="134.0" Y="120.0" />
  <Point X="134.0" Y="121.0" />
  <Point X="134.0" Y="122.70848545655595" />
  <Point X="134.0" Y="123.0" />
  <Point X="134.0" Y="124.0" />
  <Point X="134.0" Y="126.0" />
  <Point X="134.0" Y="127.0" />
  <Point X="134.0" Y="129.0" />
  <Point X="134.0" Y="131.0" />
  <Point X="134.0" Y="132.0" />
  <Point X="134.0" Y="132.8139155310195" />
  <Point X="134.0" Y="133.0" />
  <Point X="134.0" Y="134.0" />
  <Point X="134.0" Y="135.0" />
  <Point X="134.0" Y="136.0" />
  <Point X="134.0" Y="137.0" />
  <Point X="134.0" Y="138.0" />
  <Point X="134.0" Y="139.0" />
  <Point X="134.0" Y="140.0" />
  <Point X="134.0" Y="141.0" />
  <Point X="134.0" Y="142.0" />
  <Point X="134.0" Y="142.91934560548302" />
  <Point X="134.0" Y="143.0" />
  <Point X="134.0" Y="144.0" />
  <Point X="134.0" Y="146.0" />
  <Point X="134.0" Y="147.0" />
  <Point X="134.0" Y="148.0" />
  <Point X="134.0" Y="149.0" />
  <Point X="134.0" Y="150.0" />
  <Point X="134.0" Y="151.0" />
  <Point X="134.0" Y="152.0" />
  <Point X="134.0" Y="153.0" />
  <Point X="134.0" Y="153.02477567994654" />
  <Point X="134.0" Y="154.0" />
  <Point X="134.0" Y="155.0" />
  <Point X="134.0" Y="156.0" />
  <Point X="134.0" Y="157.0" />
  <Point X="134.0" Y="158.0" />
  <Point X="134.0" Y="159.0" />
  <Point X="134.0" Y="160.0" />
  <Point X="134.0" Y="161.0" />
  <Point X="134.0" Y="162.0" />
  <Point X="134.79917615307943" Y="162.79917615307943" />
  <Point X="135.0" Y="163.0" />
  <Point X="135.0" Y="164.0" />
  <Point X="135.0" Y="165.0" />
  <Point X="135.0" Y="166.0" />
  <Point X="135.0" Y="167.0" />
  <Point X="135.0" Y="168.0" />
  <Point X="134.0" Y="168.0" />
  <Point X="133.0" Y="168.0" />
  <Point X="133.0" Y="167.0" />
  <Point X="132.0" Y="167.0" />
  <Point X="132.0" Y="166.17857773349948" />
  <Point X="132.0" Y="166.0" />
  <Point X="131.0" Y="166.0" />
  <Point X="131.0" Y="165.0" />
  <Point X="130.0" Y="165.0" />
  <Point X="129.0" Y="165.0" />
  <Point X="129.0" Y="164.0" />
  <Point X="128.0" Y="164.0" />
  <Point X="127.0" Y="163.0" />
  <Point X="126.0" Y="163.0" />
  <Point X="126.0" Y="162.0" />
  <Point X="125.48736122140903" Y="162.0" />
  <Point X="125.0" Y="162.0" />
  <Point X="125.0" Y="161.0" />
  <Point X="124.0" Y="161.0" />
  <Point X="124.0" Y="160.0" />
  <Point X="123.0" Y="160.0" />
  <Point X="123.0" Y="159.0" />
  <Point X="122.0" Y="159.0" />
  <Point X="121.0" Y="158.0" />
  <Point X="121.0" Y="157.0" />
  <Point X="120.0" Y="157.0" />
  <Point X="120.0" Y="156.79614470931858" />
  <Point X="120.0" Y="156.0" />
  <Point X="119.0" Y="156.0" />
  <Point X="119.0" Y="155.0" />
  <Point X="118.0" Y="155.0" />
  <Point X="117.0" Y="154.0" />
  <Point X="117.0" Y="153.0" />
  <Point X="116.0" Y="153.0" />
  <Point X="116.0" Y="152.0" />
  <Point X="115.0" Y="152.0" />
  <Point X="115.0" Y="151.10492819722813" />
  <Point X="115.0" Y="151.0" />
  <Point X="114.0" Y="150.0" />
  <Point X="113.0" Y="149.0" />
  <Point X="113.0" Y="148.0" />
  <Point X="112.0" Y="148.0" />
  <Point X="111.0" Y="146.0" />
  <Point X="110.0" Y="145.0" />
  <Point X="109.0" Y="144.0" />
  <Point X="109.0" Y="143.89242034975678" />
  <Point X="109.0" Y="143.0" />
  <Point X="108.0" Y="142.0" />
  <Point X="108.0" Y="141.0" />
  <Point X="107.0" Y="141.0" />
  <Point X="106.0" Y="140.0" />
  <Point X="106.0" Y="139.0" />
  <Point X="105.0" Y="138.0" />
  <Point X="104.11882417823871" Y="136.23764835647742" />
  <Point X="104.0" Y="136.0" />
  <Point X="103.0" Y="135.0" />
  <Point X="101.0" Y="133.0" />
  <Point X="101.0" Y="132.0" />
  <Point X="100.0" Y="132.0" />
  <Point X="99.0" Y="130.0" />
  <Point X="98.3913322476654" Y="128.7826644953308" />
  <Point X="98.0" Y="128.0" />
  <Point X="97.0" Y="127.0" />
  <Point X="96.0" Y="126.0" />
  <Point X="95.0" Y="125.0" />
  <Point X="95.0" Y="123.0" />
  <Point X="94.0" Y="123.0" />
  <Point X="93.11105391259206" Y="121.22210782518411" />
  <Point X="93.0" Y="121.0" />
  <Point X="92.0" Y="120.0" />
  <Point X="92.0" Y="119.0" />
  <Point X="91.0" Y="119.0" />
  <Point X="90.0" Y="118.0" />
  <Point X="90.0" Y="117.0" />
  <Point X="89.0" Y="116.0" />
  <Point X="89.0" Y="115.0" />
  <Point X="88.0" Y="114.0" />
  <Point X="87.85840064571862" Y="113.85840064571862" />
  <Point X="87.0" Y="113.0" />
  <Point X="87.0" Y="112.0" />
  <Point X="86.0" Y="111.0" />
  <Point X="85.0" Y="110.0" />
  <Point X="84.0" Y="109.0" />
  <Point X="84.0" Y="108.0" />
  <Point X="83.0" Y="108.0" />
  <Point X="82.26262190201267" Y="106.52524380402535" />
  <Point X="82.0" Y="106.0" />
  <Point X="81.0" Y="105.0" />
  <Point X="80.0" Y="104.0" />
  <Point X="79.0" Y="103.0" />
  <Point X="79.0" Y="102.0" />
  <Point X="78.0" Y="102.0" />
  <Point X="78.0" Y="100.0" />
  <Point X="77.09805067918934" Y="99.09805067918934" />
  <Point X="77.0" Y="99.0" />
  <Point X="76.0" Y="99.0" />
  <Point X="76.0" Y="98.0" />
  <Point X="75.0" Y="97.0" />
  <Point X="75.0" Y="96.0" />
  <Point X="74.0" Y="96.0" />
  <Point X="73.0" Y="95.0" />
  <Point X="73.0" Y="94.0" />
  <Point X="72.0" Y="94.0" />
  <Point X="72.0" Y="93.0" />
  <Point X="71.86166165059211" Y="93.0" />
  <Point X="71.0" Y="93.0" />
  <Point X="71.0" Y="92.0" />
  <Point X="70.0" Y="91.0" />
  <Point X="69.0" Y="90.0" />
  <Point X="69.0" Y="89.0" />
  <Point X="68.0" Y="89.0" />
  <Point X="68.0" Y="88.0" />
  <Point X="67.0" Y="87.0" />
  <Point X="66.0" Y="87.0" />
  <Point X="66.0" Y="86.99887226324786" />
  <Point X="66.0" Y="86.0" />
  <Point X="66.0" Y="85.0" />
  <Point X="65.0" Y="85.0" />
  <Point X="64.0" Y="85.0" />
  <Point X="65.0" Y="85.0" />
  <Point X="66.0" Y="85.0" />
  <Point X="67.0" Y="85.0" />
  <Point X="68.0" Y="85.0" />
  <Point X="68.0" Y="86.0" />
  <Point X="68.78245453208555" Y="86.78245453208555" />
  <Point X="69.0" Y="87.0" />
  <Point X="70.0" Y="87.0" />
  <Point X="71.0" Y="87.0" />
  <Point X="71.0" Y="88.0" />
  <Point X="72.0" Y="88.0" />
  <Point X="72.0" Y="89.0" />
  <Point X="73.0" Y="89.0" />
  <Point X="74.0" Y="89.0" />
  <Point X="75.0" Y="90.0" />
  <Point X="75.97832519623937" Y="90.97832519623937" />
  <Point X="76.0" Y="91.0" />
  <Point X="77.0" Y="91.0" />
  <Point X="77.0" Y="92.0" />
  <Point X="78.0" Y="92.0" />
  <Point X="79.0" Y="92.0" />
  <Point X="79.0" Y="93.0" />
  <Point X="80.0" Y="93.0" />
  <Point X="81.0" Y="93.0" />
  <Point X="81.0" Y="94.0" />
  <Point X="82.0" Y="95.0" />
  <Point X="82.66056371065038" Y="95.0" />
  <Point X="83.0" Y="95.0" />
  <Point X="84.0" Y="96.0" />
  <Point X="85.0" Y="96.0" />
  <Point X="86.0" Y="96.0" />
  <Point X="86.0" Y="97.0" />
  <Point X="87.0" Y="97.0" />
  <Point X="89.0" Y="98.0" />
  <Point X="89.0" Y="99.0" />
  <Point X="90.0" Y="99.0" />
  <Point X="90.11571224524103" Y="99.0" />
  <Point X="91.0" Y="99.0" />
  <Point X="92.0" Y="100.0" />
  <Point X="93.0" Y="100.0" />
  <Point X="94.0" Y="100.0" />
  <Point X="95.0" Y="100.0" />
  <Point X="96.0" Y="101.0" />
  <Point X="97.0" Y="102.0" />
  <Point X="98.97850163258528" Y="102.0" />
  <Point X="99.0" Y="102.0" />
  <Point X="100.0" Y="102.0" />
  <Point X="100.0" Y="103.0" />
  <Point X="102.0" Y="104.0" />
  <Point X="103.0" Y="104.0" />
  <Point X="104.0" Y="104.0" />
  <Point X="105.0" Y="105.0" />
  <Point X="106.0" Y="105.0" />
  <Point X="107.0" Y="106.0" />
  <Point X="107.01943660480283" Y="106.0" />
  <Point X="108.0" Y="106.0" />
  <Point X="109.0" Y="106.0" />
  <Point X="110.0" Y="106.0" />
  <Point X="111.0" Y="106.0" />
  <Point X="112.0" Y="106.0" />
  <Point X="113.0" Y="107.0" />
  <Point X="115.0" Y="107.0" />
  <Point X="116.71065311689328" Y="107.0" />
  <Point X="117.0" Y="107.0" />
  <Point X="118.0" Y="108.0" />
  <Point X="120.0" Y="109.0" />
  <Point X="121.0" Y="109.0" />
  <Point X="122.0" Y="109.0" />
  <Point X="124.0" Y="109.0" />
  <Point X="125.0" Y="109.0" />
  <Point X="126.0" Y="109.0" />
  <Point X="126.16580165148393" Y="109.0" />
  <Point X="128.0" Y="109.0" />
  <Point X="128.0" Y="110.0" />
  <Point X="129.0" Y="110.0" />
  <Point X="130.0" Y="110.0" />
  <Point X="131.0" Y="110.0" />
  <Point X="132.0" Y="110.0" />
  <Point X="133.0" Y="110.0" />
  <Point X="134.0" Y="110.0" />
  <Point X="135.0" Y="110.0" />
  <Point X="135.27123172594747" Y="110.0" />
  <Point X="136.0" Y="110.0" />
  <Point X="137.0" Y="110.0" />
  <Point X="138.0" Y="110.0" />
  <Point X="139.0" Y="110.0" />
  <Point X="140.0" Y="110.0" />
  <Point X="142.0" Y="110.0" />
  <Point X="143.0" Y="110.0" />
  <Point X="144.0" Y="110.0" />
  <Point X="145.0" Y="110.0" />
  <Point X="145.376661800411" Y="110.0" />
  <Point X="146.0" Y="110.0" />
  <Point X="147.0" Y="110.0" />
  <Point X="148.0" Y="110.0" />
  <Point X="149.0" Y="110.0" />
  <Point X="150.0" Y="110.0" />
  <Point X="151.0" Y="110.0" />
  <Point X="152.0" Y="110.0" />
  <Point X="153.0" Y="110.0" />
  <Point X="154.0" Y="110.0" />
  <Point X="155.0" Y="110.0" />
  <Point X="155.3408904338787" Y="109.65910956612127" />
  <Point X="156.0" Y="109.0" />
  <Point X="157.0" Y="109.0" />
  <Point X="157.0" Y="108.0" />
  <Point X="158.0" Y="108.0" />
  <Point X="159.0" Y="108.0" />
  <Point X="160.0" Y="107.0" />
  <Point X="161.0" Y="107.0" />
  <Point X="162.0" Y="107.0" />
  <Point X="162.0" Y="106.0" />
  <Point X="162.75909482459187" Y="106.0" />
  <Point X="163.0" Y="106.0" />
  <Point X="164.0" Y="106.0" />
  <Point X="165.0" Y="106.0" />
  <Point X="165.0" Y="105.0" />
  <Point X="166.0" Y="105.0" />
  <Point X="166.0" Y="104.0" />
  <Point X="167.0" Y="104.0" />
  <Point X="168.0" Y="104.0" />
  <Point X="168.0" Y="103.0" />
  <Point X="169.0" Y="103.0" />
  <Point X="168.1354751009446" Y="103.0" />
  <Point X="168.0" Y="103.0" />
  <Point X="167.0" Y="103.0" />
  <Point X="167.0" Y="104.0" />
  <Point X="166.0" Y="104.0" />
  <Point X="165.0" Y="105.0" />
  <Point X="164.0" Y="105.0" />
  <Point X="163.0" Y="105.0" />
  <Point X="163.0" Y="106.0" />
  <Point X="162.0" Y="106.0" />
  <Point X="161.0" Y="107.0" />
  <Point X="160.85847215122726" Y="107.0" />
  <Point X="160.0" Y="107.0" />
  <Point X="159.0" Y="108.0" />
  <Point X="159.0" Y="109.0" />
  <Point X="158.0" Y="109.0" />
  <Point X="157.0" Y="109.0" />
  <Point X="156.0" Y="110.0" />
  <Point X="155.0" Y="110.0" />
  <Point X="155.0" Y="111.0" />
  <Point X="154.0" Y="111.0" />
  <Point X="153.70405403425224" Y="111.29594596574776" />
  <Point X="153.0" Y="112.0" />
  <Point X="152.0" Y="112.0" />
  <Point X="152.0" Y="113.0" />
  <Point X="151.0" Y="113.0" />
  <Point X="150.0" Y="113.0" />
  <Point X="150.0" Y="114.0" />
  <Point X="149.0" Y="114.0" />
  <Point X="148.0" Y="114.0" />
  <Point X="148.0" Y="115.0" />
  <Point X="147.0" Y="115.0" />
  <Point X="146.92239693247151" Y="115.07760306752849" />
  <Point X="146.0" Y="116.0" />
  <Point X="145.0" Y="117.0" />
  <Point X="144.0" Y="117.0" />
  <Point X="143.0" Y="118.0" />
  <Point X="142.0" Y="118.0" />
  <Point X="141.0" Y="119.0" />
  <Point X="140.0" Y="119.0" />
  <Point X="139.0" Y="119.0" />
  <Point X="139.0" Y="119.5583231355517" />
  <Point X="139.0" Y="120.0" />
  <Point X="137.0" Y="121.0" />
  <Point X="136.0" Y="122.0" />
  <Point X="134.0" Y="122.0" />
  <Point X="133.0" Y="122.0" />
  <Point X="133.0" Y="123.0" />
  <Point X="132.0" Y="123.0" />
  <Point X="131.28336730950187" Y="123.71663269049812" />
  <Point X="131.0" Y="124.0" />
  <Point X="130.0" Y="124.0" />
  <Point X="130.0" Y="125.0" />
  <Point X="129.0" Y="125.0" />
  <Point X="127.0" Y="125.0" />
  <Point X="126.0" Y="126.0" />
  <Point X="125.0" Y="126.0" />
  <Point X="125.0" Y="127.0" />
  <Point X="124.0" Y="127.0" />
  <Point X="123.70952538014028" Y="127.0" />
  <Point X="123.0" Y="127.0" />
  <Point X="122.0" Y="128.0" />
  <Point X="122.0" Y="129.0" />
  <Point X="121.0" Y="129.0" />
  <Point X="120.0" Y="129.0" />
  <Point X="119.0" Y="129.0" />
  <Point X="118.0" Y="130.0" />
  <Point X="117.0" Y="130.0" />
  <Point X="116.0" Y="130.0" />
  <Point X="115.43252243042292" Y="130.0" />
  <Point X="115.0" Y="130.0" />
  <Point X="114.0" Y="131.0" />
  <Point X="113.0" Y="132.0" />
  <Point X="112.0" Y="132.0" />
  <Point X="111.0" Y="132.0" />
  <Point X="109.0" Y="133.0" />
  <Point X="107.0" Y="134.0" />
  <Point X="106.62765543570515" Y="134.0" />
  <Point X="106.0" Y="134.0" />
  <Point X="105.0" Y="135.0" />
  <Point X="104.0" Y="135.0" />
  <Point X="103.0" Y="135.0" />
  <Point X="103.0" Y="136.0" />
  <Point X="102.0" Y="136.0" />
  <Point X="100.0" Y="136.0" />
  <Point X="99.0" Y="137.0" />
  <Point X="98.35065248598781" Y="137.0" />
  <Point X="98.0" Y="137.0" />
  <Point X="97.0" Y="137.0" />
  <Point X="97.0" Y="138.0" />
  <Point X="96.0" Y="138.0" />
  <Point X="95.0" Y="138.0" />
  <Point X="94.0" Y="139.0" />
  <Point X="93.0" Y="139.0" />
  <Point X="92.0" Y="140.0" />
  <Point X="91.0" Y="140.0" />
  <Point X="90.07364953627047" Y="140.0" />
  <Point X="90.0" Y="140.0" />
  <Point X="89.0" Y="140.0" />
  <Point X="89.0" Y="141.0" />
  <Point X="88.0" Y="141.0" />
  <Point X="87.0" Y="141.0" />
  <Point X="87.0" Y="142.0" />
  <Point X="86.0" Y="143.0" />
  <Point X="85.0" Y="143.0" />
  <Point X="84.0" Y="143.0" />
  <Point X="83.0" Y="143.0" />
  <Point X="83.0" Y="143.61756697581998" />
  <Point X="83.0" Y="144.0" />
  <Point X="82.0" Y="144.0" />
  <Point X="82.0" Y="145.0" />
  <Point X="81.0" Y="145.0" />
  <Point X="80.0" Y="145.0" />
  <Point X="79.0" Y="146.0" />
  <Point X="79.0" Y="147.0" />
  <Point X="78.0" Y="147.0" />
  <Point X="77.0" Y="147.0" />
  <Point X="76.0" Y="147.0" />
  <Point X="76.0" Y="147.30878348791043" />
  <Point X="76.0" Y="148.0" />
  <Point X="75.0" Y="148.0" />
  <Point X="74.0" Y="148.0" />
  <Point X="75.0" Y="148.0" />
  <Point X="75.0" Y="147.0" />
  <Point X="76.0" Y="146.0" />
  <Point X="77.0" Y="146.0" />
  <Point X="77.0" Y="145.0" />
  <Point X="78.0" Y="145.0" />
  <Point X="78.0" Y="144.0" />
</Project_1_Part_4>
