<?xml version="1.0" encoding="utf-8" standalone="yes"?>
<Gesture Name="triangle6" Subject="2" Number="2" NumPts="306">
  <Point X="86.0" Y="94.0" />
  <Point X="86.0" Y="95.0" />
  <Point X="86.0" Y="96.0" />
  <Point X="86.0" Y="97.0" />
  <Point X="86.0" Y="98.0" />
  <Point X="86.51825379370169" Y="98.51825379370169" />
  <Point X="87.0" Y="99.0" />
  <Point X="87.0" Y="100.0" />
  <Point X="87.0" Y="101.0" />
  <Point X="87.0" Y="102.0" />
  <Point X="87.0" Y="103.05162952523538" />
  <Point X="87.0" Y="104.0" />
  <Point X="87.0" Y="105.0" />
  <Point X="88.0" Y="106.0" />
  <Point X="88.0" Y="107.0" />
  <Point X="88.0" Y="107.37033750666653" />
  <Point X="88.0" Y="108.0" />
  <Point X="88.0" Y="109.0" />
  <Point X="88.0" Y="110.0" />
  <Point X="88.0" Y="111.0" />
  <Point X="88.0" Y="112.0" />
  <Point X="88.0" Y="112.10325905047077" />
  <Point X="88.0" Y="114.0" />
  <Point X="88.0" Y="115.0" />
  <Point X="88.0" Y="116.0" />
  <Point X="88.0" Y="116.836180594275" />
  <Point X="88.0" Y="117.0" />
  <Point X="88.0" Y="118.0" />
  <Point X="88.0" Y="120.0" />
  <Point X="88.0" Y="121.0" />
  <Point X="88.0" Y="121.56910213807924" />
  <Point X="88.0" Y="123.0" />
  <Point X="88.0" Y="124.0" />
  <Point X="88.0" Y="125.0" />
  <Point X="88.0" Y="126.0" />
  <Point X="88.13506909670124" Y="126.2701381934025" />
  <Point X="89.0" Y="128.0" />
  <Point X="89.0" Y="130.0" />
  <Point X="89.0" Y="130.79887724818795" />
  <Point X="89.0" Y="131.0" />
  <Point X="89.0" Y="132.0" />
  <Point X="89.0" Y="134.0" />
  <Point X="89.0" Y="135.0" />
  <Point X="89.0" Y="135.5317987919922" />
  <Point X="89.0" Y="136.0" />
  <Point X="89.0" Y="138.0" />
  <Point X="89.0" Y="139.0" />
  <Point X="89.0" Y="140.0" />
  <Point X="89.0" Y="140.26472033579645" />
  <Point X="89.0" Y="141.0" />
  <Point X="89.0" Y="143.0" />
  <Point X="89.0" Y="144.9976418796007" />
  <Point X="89.0" Y="145.0" />
  <Point X="89.0" Y="146.0" />
  <Point X="89.0" Y="147.0" />
  <Point X="89.0" Y="148.0" />
  <Point X="89.0" Y="149.0" />
  <Point X="89.0" Y="149.73056342340496" />
  <Point X="89.0" Y="151.0" />
  <Point X="89.0" Y="152.0" />
  <Point X="89.0" Y="153.0" />
  <Point X="89.0" Y="154.0" />
  <Point X="89.32773336329164" Y="154.32773336329166" />
  <Point X="90.0" Y="155.0" />
  <Point X="90.0" Y="156.0" />
  <Point X="90.0" Y="157.0" />
  <Point X="90.0" Y="158.0" />
  <Point X="90.0" Y="158.78219294864033" />
  <Point X="90.0" Y="159.0" />
  <Point X="90.0" Y="160.0" />
  <Point X="90.0" Y="162.0" />
  <Point X="91.0" Y="163.0" />
  <Point X="91.0" Y="163.10090093007148" />
  <Point X="91.0" Y="164.0" />
  <Point X="91.0" Y="165.0" />
  <Point X="91.0" Y="166.0" />
  <Point X="91.0" Y="167.0" />
  <Point X="91.0" Y="167.83382247387573" />
  <Point X="91.0" Y="168.0" />
  <Point X="91.0" Y="169.0" />
  <Point X="91.0" Y="170.0" />
  <Point X="91.0" Y="171.0" />
  <Point X="91.0" Y="172.0" />
  <Point X="91.40074853809841" Y="172.4007485380984" />
  <Point X="92.0" Y="173.0" />
  <Point X="92.0" Y="174.0" />
  <Point X="93.0" Y="174.0" />
  <Point X="93.0" Y="175.0" />
  <Point X="93.0" Y="175.8854519991111" />
  <Point X="93.0" Y="176.0" />
  <Point X="93.0" Y="177.0" />
  <Point X="94.0" Y="177.0" />
  <Point X="94.0" Y="176.0" />
  <Point X="94.0" Y="175.0" />
  <Point X="94.43725612550179" Y="174.5627438744982" />
  <Point X="95.0" Y="174.0" />
  <Point X="95.0" Y="173.0" />
  <Point X="96.0" Y="173.0" />
  <Point X="96.0" Y="172.0" />
  <Point X="96.93708152434648" Y="172.0" />
  <Point X="97.0" Y="172.0" />
  <Point X="97.0" Y="171.0" />
  <Point X="98.0" Y="171.0" />
  <Point X="99.0" Y="170.0" />
  <Point X="100.0" Y="170.0" />
  <Point X="100.25578950577763" Y="170.0" />
  <Point X="101.0" Y="170.0" />
  <Point X="102.0" Y="169.0" />
  <Point X="102.0" Y="168.0" />
  <Point X="103.0" Y="168.0" />
  <Point X="103.57449748720877" Y="168.0" />
  <Point X="104.0" Y="168.0" />
  <Point X="105.0" Y="168.0" />
  <Point X="105.0" Y="167.0" />
  <Point X="107.0" Y="166.0" />
  <Point X="107.07135105351323" Y="166.0" />
  <Point X="108.0" Y="166.0" />
  <Point X="109.0" Y="165.0" />
  <Point X="111.0" Y="165.0" />
  <Point X="111.39005903494437" Y="165.0" />
  <Point X="113.0" Y="165.0" />
  <Point X="114.0" Y="163.0" />
  <Point X="114.88691260124882" Y="163.0" />
  <Point X="115.0" Y="163.0" />
  <Point X="116.0" Y="163.0" />
  <Point X="117.0" Y="163.0" />
  <Point X="118.0" Y="163.0" />
  <Point X="118.0" Y="162.0" />
  <Point X="118.61983414505306" Y="162.0" />
  <Point X="120.0" Y="162.0" />
  <Point X="121.0" Y="162.0" />
  <Point X="122.0" Y="162.0" />
  <Point X="122.0" Y="161.0" />
  <Point X="122.3527556888573" Y="161.0" />
  <Point X="123.0" Y="161.0" />
  <Point X="124.0" Y="161.0" />
  <Point X="125.0" Y="161.0" />
  <Point X="126.86548642854194" Y="160.06725678572903" />
  <Point X="127.0" Y="160.0" />
  <Point X="128.0" Y="160.0" />
  <Point X="129.0" Y="160.0" />
  <Point X="130.0" Y="160.0" />
  <Point X="131.0" Y="159.0" />
  <Point X="131.16831723659288" Y="159.0" />
  <Point X="132.0" Y="159.0" />
  <Point X="133.0" Y="159.0" />
  <Point X="134.0" Y="159.0" />
  <Point X="135.0" Y="159.0" />
  <Point X="135.90123878039714" Y="159.0" />
  <Point X="136.0" Y="159.0" />
  <Point X="138.0" Y="158.0" />
  <Point X="139.0" Y="158.0" />
  <Point X="140.0" Y="158.0" />
  <Point X="140.3980923467016" Y="158.0" />
  <Point X="141.0" Y="158.0" />
  <Point X="142.0" Y="158.0" />
  <Point X="143.0" Y="157.0" />
  <Point X="144.0" Y="157.0" />
  <Point X="144.71680032813273" Y="157.0" />
  <Point X="145.0" Y="157.0" />
  <Point X="146.0" Y="157.0" />
  <Point X="148.0" Y="157.0" />
  <Point X="149.0" Y="157.0" />
  <Point X="149.449721871937" Y="157.0" />
  <Point X="150.0" Y="157.0" />
  <Point X="151.0" Y="157.0" />
  <Point X="152.0" Y="157.0" />
  <Point X="153.0" Y="157.0" />
  <Point X="154.0" Y="157.0" />
  <Point X="154.18264341574124" Y="157.0" />
  <Point X="155.0" Y="157.0" />
  <Point X="156.0" Y="157.0" />
  <Point X="157.0" Y="157.0" />
  <Point X="158.0" Y="157.0" />
  <Point X="158.9155649595455" Y="157.0" />
  <Point X="159.0" Y="157.0" />
  <Point X="160.0" Y="157.0" />
  <Point X="161.0" Y="157.0" />
  <Point X="162.0" Y="157.0" />
  <Point X="163.0" Y="157.0" />
  <Point X="163.64848650334974" Y="157.0" />
  <Point X="164.0" Y="157.0" />
  <Point X="165.0" Y="157.0" />
  <Point X="166.0" Y="158.0" />
  <Point X="166.0" Y="159.0" />
  <Point X="166.9671944847809" Y="159.0" />
  <Point X="167.0" Y="159.0" />
  <Point X="168.0" Y="160.0" />
  <Point X="169.0" Y="161.0" />
  <Point X="170.0" Y="161.0" />
  <Point X="170.0" Y="160.12831109616107" />
  <Point X="170.0" Y="160.0" />
  <Point X="169.0" Y="159.0" />
  <Point X="168.0" Y="158.0" />
  <Point X="167.0" Y="158.0" />
  <Point X="167.0" Y="157.22381667710303" />
  <Point X="167.0" Y="157.0" />
  <Point X="166.0" Y="156.0" />
  <Point X="166.0" Y="155.0" />
  <Point X="165.0" Y="155.0" />
  <Point X="164.2257949340474" Y="154.2257949340474" />
  <Point X="164.0" Y="154.0" />
  <Point X="163.0" Y="153.0" />
  <Point X="162.0" Y="153.0" />
  <Point X="162.0" Y="152.0" />
  <Point X="161.2933275779726" Y="151.2933275779726" />
  <Point X="161.0" Y="151.0" />
  <Point X="160.0" Y="150.0" />
  <Point X="159.0" Y="150.0" />
  <Point X="158.0" Y="149.0" />
  <Point X="157.7810144481302" Y="148.56202889626044" />
  <Point X="157.0" Y="147.0" />
  <Point X="156.0" Y="147.0" />
  <Point X="154.22320236561254" Y="146.11160118280628" />
  <Point X="154.0" Y="146.0" />
  <Point X="154.0" Y="145.0" />
  <Point X="153.0" Y="144.0" />
  <Point X="152.0" Y="143.0" />
  <Point X="151.536882826357" Y="142.536882826357" />
  <Point X="151.0" Y="142.0" />
  <Point X="150.0" Y="141.0" />
  <Point X="149.0" Y="140.0" />
  <Point X="148.1902019079091" Y="139.1902019079091" />
  <Point X="148.0" Y="139.0" />
  <Point X="148.0" Y="138.0" />
  <Point X="147.0" Y="138.0" />
  <Point X="146.0" Y="137.0" />
  <Point X="145.25773455183432" Y="136.25773455183432" />
  <Point X="145.0" Y="136.0" />
  <Point X="144.0" Y="135.0" />
  <Point X="143.0" Y="134.0" />
  <Point X="143.0" Y="133.0" />
  <Point X="142.51700688369448" Y="132.75850344184724" />
  <Point X="141.0" Y="132.0" />
  <Point X="140.0" Y="131.0" />
  <Point X="139.0" Y="130.0" />
  <Point X="138.8526183262093" Y="129.8526183262093" />
  <Point X="138.0" Y="129.0" />
  <Point X="137.0" Y="128.0" />
  <Point X="136.0" Y="127.0" />
  <Point X="135.37505476073562" Y="126.68752738036781" />
  <Point X="134.0" Y="126.0" />
  <Point X="133.0" Y="124.0" />
  <Point X="132.04050439259032" Y="124.0" />
  <Point X="131.0" Y="124.0" />
  <Point X="131.0" Y="123.0" />
  <Point X="130.0" Y="122.0" />
  <Point X="129.09617357459368" Y="121.09617357459368" />
  <Point X="129.0" Y="121.0" />
  <Point X="128.0" Y="120.0" />
  <Point X="126.0" Y="120.0" />
  <Point X="126.0" Y="119.0" />
  <Point X="125.83658993399374" Y="118.91829496699687" />
  <Point X="124.0" Y="118.0" />
  <Point X="124.0" Y="117.0" />
  <Point X="123.0" Y="116.0" />
  <Point X="122.76267446741319" Y="115.8813372337066" />
  <Point X="121.0" Y="115.0" />
  <Point X="121.0" Y="114.0" />
  <Point X="120.0" Y="114.0" />
  <Point X="119.31827512776522" Y="113.65913756388261" />
  <Point X="118.0" Y="113.0" />
  <Point X="118.0" Y="112.0" />
  <Point X="116.0" Y="111.0" />
  <Point X="116.0" Y="110.97702283306067" />
  <Point X="116.0" Y="110.0" />
  <Point X="114.0" Y="109.0" />
  <Point X="113.32031103323472" Y="107.64062206646943" />
  <Point X="113.0" Y="107.0" />
  <Point X="112.0" Y="107.0" />
  <Point X="112.0" Y="106.0" />
  <Point X="110.0" Y="106.0" />
  <Point X="110.0" Y="105.98331570045178" />
  <Point X="110.0" Y="105.0" />
  <Point X="109.0" Y="104.0" />
  <Point X="108.0" Y="104.0" />
  <Point X="108.0" Y="103.0" />
  <Point X="107.66460771902064" Y="103.0" />
  <Point X="107.0" Y="103.0" />
  <Point X="107.0" Y="102.0" />
  <Point X="106.0" Y="102.0" />
  <Point X="106.0" Y="101.0" />
  <Point X="106.0" Y="100.0" />
  <Point X="105.9316861752164" Y="100.0" />
  <Point X="105.0" Y="100.0" />
  <Point X="105.0" Y="99.0" />
  <Point X="104.0" Y="99.0" />
  <Point X="103.0" Y="99.0" />
  <Point X="103.0" Y="98.19876463141216" />
  <Point X="103.0" Y="98.0" />
  <Point X="103.0" Y="97.0" />
  <Point X="102.0" Y="97.0" />
  <Point X="101.0" Y="97.0" />
  <Point X="101.0" Y="96.0" />
  <Point X="100.46584308760792" Y="96.0" />
  <Point X="100.0" Y="96.0" />
  <Point X="100.0" Y="95.0" />
  <Point X="99.0" Y="95.0" />
  <Point X="98.0" Y="95.0" />
  <Point X="97.0" Y="95.0" />
  <Point X="97.0" Y="94.73292154380368" />
  <Point X="97.0" Y="94.0" />
  <Point X="96.0" Y="94.0" />
  <Point X="96.0" Y="93.0" />
  <Point X="95.0" Y="93.0" />
  <Point X="95.0" Y="92.0" />
</Project_1_Part_4>
