<?xml version="1.0" encoding="utf-8" standalone="yes"?>
<Gesture Name="triangle9" Subject="2" Number="2" NumPts="387">
  <Point X="218.0" Y="18.0" />
  <Point X="209.75747903179754" Y="21.38803009122432" />
  <Point X="201.5149580635951" Y="24.77606018244864" />
  <Point X="193.27243709539263" Y="28.16409027367296" />
  <Point X="185.02991612719018" Y="31.552120364897284" />
  <Point X="176.78739515898772" Y="34.94015045612161" />
  <Point X="168.54487419078527" Y="38.32818054734593" />
  <Point X="160.3023532225828" Y="41.71621063857025" />
  <Point X="152.05983225438035" Y="45.104240729794576" />
  <Point X="143.8173112861779" Y="48.4922708210189" />
  <Point X="135.57479031797544" Y="51.88030091224322" />
  <Point X="127.33226934977299" Y="55.268331003467544" />
  <Point X="119.08974838157053" Y="58.65636109469187" />
  <Point X="110.84722741336807" Y="62.04439118591619" />
  <Point X="102.60470644516562" Y="65.4324212771405" />
  <Point X="94.36218547696316" Y="68.82045136836483" />
  <Point X="86.1196645087607" Y="72.20848145958915" />
  <Point X="77.87714354055825" Y="75.59651155081347" />
  <Point X="69.6346225723558" Y="78.9845416420378" />
  <Point X="61.392101604153346" Y="82.37257173326212" />
  <Point X="55.0" Y="85.0" />
  <Point X="56.0" Y="85.0" />
  <Point X="57.0" Y="85.0" />
  <Point X="57.0" Y="85.00064163664061" />
  <Point X="57.0" Y="86.0" />
  <Point X="58.0" Y="87.0" />
  <Point X="59.0" Y="87.0" />
  <Point X="59.0" Y="88.0" />
  <Point X="60.0" Y="88.0" />
  <Point X="60.0" Y="89.0" />
  <Point X="61.0" Y="89.0" />
  <Point X="61.0" Y="90.0" />
  <Point X="61.49810018506123" Y="90.0" />
  <Point X="62.0" Y="90.0" />
  <Point X="62.0" Y="91.0" />
  <Point X="62.0" Y="92.0" />
  <Point X="63.0" Y="92.0" />
  <Point X="63.0" Y="93.0" />
  <Point X="64.0" Y="93.0" />
  <Point X="64.0" Y="94.0" />
  <Point X="65.0" Y="94.0" />
  <Point X="65.0" Y="95.0" />
  <Point X="65.0" Y="95.40977229585495" />
  <Point X="65.0" Y="96.0" />
  <Point X="66.0" Y="96.0" />
  <Point X="66.0" Y="97.0" />
  <Point X="66.0" Y="98.0" />
  <Point X="67.0" Y="98.0" />
  <Point X="67.0" Y="99.0" />
  <Point X="68.0" Y="100.0" />
  <Point X="68.0" Y="101.0" />
  <Point X="68.64150908208886" Y="101.64150908208886" />
  <Point X="69.0" Y="102.0" />
  <Point X="69.0" Y="103.0" />
  <Point X="69.0" Y="104.0" />
  <Point X="70.0" Y="104.0" />
  <Point X="70.0" Y="105.0" />
  <Point X="70.0" Y="106.0" />
  <Point X="71.0" Y="107.0" />
  <Point X="71.0" Y="108.0" />
  <Point X="71.0" Y="108.9904758303231" />
  <Point X="71.0" Y="109.0" />
  <Point X="72.0" Y="109.0" />
  <Point X="72.0" Y="110.0" />
  <Point X="72.0" Y="111.0" />
  <Point X="72.0" Y="112.0" />
  <Point X="73.0" Y="112.0" />
  <Point X="73.0" Y="114.0" />
  <Point X="74.0" Y="115.0" />
  <Point X="74.0" Y="115.48793437874373" />
  <Point X="74.0" Y="116.0" />
  <Point X="74.0" Y="117.0" />
  <Point X="75.0" Y="118.0" />
  <Point X="75.0" Y="119.0" />
  <Point X="75.0" Y="120.0" />
  <Point X="76.0" Y="121.0" />
  <Point X="76.0" Y="122.0" />
  <Point X="76.0" Y="123.0" />
  <Point X="76.0" Y="123.57117936479126" />
  <Point X="76.0" Y="124.0" />
  <Point X="77.0" Y="124.0" />
  <Point X="77.0" Y="125.0" />
  <Point X="77.0" Y="126.0" />
  <Point X="77.0" Y="127.0" />
  <Point X="78.0" Y="128.0" />
  <Point X="78.0" Y="129.0" />
  <Point X="79.0" Y="130.0" />
  <Point X="79.0" Y="130.65442435083878" />
  <Point X="79.0" Y="131.0" />
  <Point X="79.0" Y="132.0" />
  <Point X="79.0" Y="133.0" />
  <Point X="79.0" Y="134.0" />
  <Point X="79.0" Y="135.0" />
  <Point X="80.0" Y="136.0" />
  <Point X="80.0" Y="137.0" />
  <Point X="80.0" Y="138.0" />
  <Point X="80.81450420919914" Y="138.81450420919916" />
  <Point X="81.0" Y="139.0" />
  <Point X="81.0" Y="140.0" />
  <Point X="81.0" Y="142.0" />
  <Point X="81.0" Y="143.0" />
  <Point X="81.0" Y="145.0" />
  <Point X="82.0" Y="146.0" />
  <Point X="82.0" Y="147.0" />
  <Point X="82.0" Y="147.23512788530695" />
  <Point X="82.0" Y="148.0" />
  <Point X="82.0" Y="150.0" />
  <Point X="82.0" Y="151.0" />
  <Point X="82.0" Y="152.0" />
  <Point X="82.0" Y="153.0" />
  <Point X="83.0" Y="153.0" />
  <Point X="83.0" Y="155.0" />
  <Point X="83.0" Y="155.14679999610067" />
  <Point X="83.0" Y="156.0" />
  <Point X="83.0" Y="157.0" />
  <Point X="84.0" Y="158.0" />
  <Point X="84.0" Y="159.0" />
  <Point X="84.0" Y="160.0" />
  <Point X="84.0" Y="161.0" />
  <Point X="84.0" Y="162.0" />
  <Point X="84.0" Y="163.0" />
  <Point X="84.0" Y="163.64425854452128" />
  <Point X="84.0" Y="164.0" />
  <Point X="85.0" Y="165.0" />
  <Point X="85.0" Y="166.0" />
  <Point X="85.0" Y="167.0" />
  <Point X="85.0" Y="168.0" />
  <Point X="85.0" Y="169.0" />
  <Point X="85.0" Y="170.0" />
  <Point X="85.0" Y="171.0" />
  <Point X="85.0" Y="172.0" />
  <Point X="85.0" Y="172.1417170929419" />
  <Point X="85.0" Y="173.0" />
  <Point X="85.0" Y="174.0" />
  <Point X="85.0" Y="175.0" />
  <Point X="85.0" Y="176.0" />
  <Point X="85.0" Y="177.0" />
  <Point X="85.0" Y="178.0" />
  <Point X="85.0" Y="179.0" />
  <Point X="86.0" Y="179.0" />
  <Point X="86.0" Y="180.0" />
  <Point X="86.0" Y="180.0533892037356" />
  <Point X="86.0" Y="181.0" />
  <Point X="86.0" Y="182.0" />
  <Point X="86.0" Y="183.0" />
  <Point X="86.0" Y="184.0" />
  <Point X="86.0" Y="185.0" />
  <Point X="86.0" Y="186.0" />
  <Point X="86.0" Y="187.0" />
  <Point X="86.0" Y="188.0" />
  <Point X="86.0" Y="188.96506131452932" />
  <Point X="86.0" Y="189.0" />
  <Point X="86.0" Y="190.0" />
  <Point X="86.0" Y="191.0" />
  <Point X="86.0" Y="192.0" />
  <Point X="86.0" Y="193.0" />
  <Point X="87.0" Y="193.0" />
  <Point X="87.0" Y="194.0" />
  <Point X="87.0" Y="195.0" />
  <Point X="87.0" Y="194.0" />
  <Point X="87.87673342532304" Y="194.0" />
  <Point X="88.0" Y="194.0" />
  <Point X="89.0" Y="194.0" />
  <Point X="89.0" Y="193.0" />
  <Point X="90.0" Y="193.0" />
  <Point X="91.0" Y="193.0" />
  <Point X="91.0" Y="192.0" />
  <Point X="92.0" Y="192.0" />
  <Point X="93.0" Y="192.0" />
  <Point X="93.0" Y="191.0" />
  <Point X="93.78840553611676" Y="191.0" />
  <Point X="94.0" Y="191.0" />
  <Point X="95.0" Y="190.0" />
  <Point X="96.0" Y="190.0" />
  <Point X="97.0" Y="190.0" />
  <Point X="98.0" Y="190.0" />
  <Point X="99.0" Y="190.0" />
  <Point X="99.0" Y="189.0" />
  <Point X="101.0" Y="189.0" />
  <Point X="101.20213643267407" Y="188.79786356732595" />
  <Point X="102.0" Y="188.0" />
  <Point X="103.0" Y="188.0" />
  <Point X="104.0" Y="187.0" />
  <Point X="106.0" Y="187.0" />
  <Point X="108.0" Y="187.0" />
  <Point X="109.0" Y="187.0" />
  <Point X="109.3691090705849" Y="187.0" />
  <Point X="110.0" Y="187.0" />
  <Point X="112.0" Y="186.0" />
  <Point X="114.0" Y="186.0" />
  <Point X="114.0" Y="185.0" />
  <Point X="116.0" Y="185.0" />
  <Point X="117.0" Y="185.0" />
  <Point X="117.04471320387883" Y="185.0" />
  <Point X="118.0" Y="185.0" />
  <Point X="119.0" Y="185.0" />
  <Point X="121.0" Y="184.0" />
  <Point X="122.0" Y="184.0" />
  <Point X="123.0" Y="184.0" />
  <Point X="125.0" Y="184.0" />
  <Point X="125.0" Y="183.27968266282724" />
  <Point X="125.0" Y="183.0" />
  <Point X="126.0" Y="183.0" />
  <Point X="128.0" Y="183.0" />
  <Point X="129.0" Y="183.0" />
  <Point X="130.0" Y="182.0" />
  <Point X="132.0" Y="182.0" />
  <Point X="133.0" Y="182.0" />
  <Point X="133.21777588559337" Y="182.0" />
  <Point X="134.0" Y="182.0" />
  <Point X="135.0" Y="182.0" />
  <Point X="136.0" Y="182.0" />
  <Point X="137.0" Y="182.0" />
  <Point X="138.0" Y="181.0" />
  <Point X="139.0" Y="181.0" />
  <Point X="140.0" Y="180.0" />
  <Point X="141.0" Y="180.0" />
  <Point X="141.3010208716409" Y="180.0" />
  <Point X="143.0" Y="180.0" />
  <Point X="144.0" Y="180.0" />
  <Point X="145.0" Y="180.0" />
  <Point X="146.0" Y="180.0" />
  <Point X="147.0" Y="180.0" />
  <Point X="147.0" Y="179.0" />
  <Point X="148.0" Y="179.0" />
  <Point X="149.0" Y="179.0" />
  <Point X="149.21269298243462" Y="179.0" />
  <Point X="150.0" Y="179.0" />
  <Point X="151.0" Y="179.0" />
  <Point X="151.0" Y="178.0" />
  <Point X="153.0" Y="178.0" />
  <Point X="154.0" Y="178.0" />
  <Point X="155.0" Y="178.0" />
  <Point X="156.0" Y="177.0" />
  <Point X="156.71015153085523" Y="177.0" />
  <Point X="157.0" Y="177.0" />
  <Point X="158.0" Y="177.0" />
  <Point X="158.0" Y="176.0" />
  <Point X="159.0" Y="176.0" />
  <Point X="160.0" Y="176.0" />
  <Point X="160.0" Y="175.0" />
  <Point X="159.0" Y="175.0" />
  <Point X="158.0" Y="174.0" />
  <Point X="157.0" Y="174.0" />
  <Point X="157.0" Y="173.79238992072416" />
  <Point X="157.0" Y="173.0" />
  <Point X="156.0" Y="173.0" />
  <Point X="156.0" Y="172.0" />
  <Point X="155.0" Y="172.0" />
  <Point X="154.0" Y="171.0" />
  <Point X="153.0" Y="171.0" />
  <Point X="153.0" Y="170.0" />
  <Point X="152.0" Y="170.0" />
  <Point X="151.29493137230355" Y="170.0" />
  <Point X="151.0" Y="170.0" />
  <Point X="151.0" Y="169.0" />
  <Point X="150.0" Y="168.0" />
  <Point X="149.0" Y="168.0" />
  <Point X="149.0" Y="167.0" />
  <Point X="148.0" Y="167.0" />
  <Point X="147.0" Y="166.0" />
  <Point X="146.0" Y="166.0" />
  <Point X="145.44257809801996" Y="165.44257809801996" />
  <Point X="145.0" Y="165.0" />
  <Point X="145.0" Y="164.0" />
  <Point X="144.0" Y="164.0" />
  <Point X="143.0" Y="163.0" />
  <Point X="141.0" Y="161.0" />
  <Point X="140.0" Y="161.0" />
  <Point X="139.26239466032632" Y="160.26239466032632" />
  <Point X="139.0" Y="160.0" />
  <Point X="138.0" Y="160.0" />
  <Point X="138.0" Y="159.0" />
  <Point X="136.0" Y="158.0" />
  <Point X="135.0" Y="156.0" />
  <Point X="134.0" Y="156.0" />
  <Point X="133.24448888280108" Y="155.24448888280108" />
  <Point X="133.0" Y="155.0" />
  <Point X="131.0" Y="154.0" />
  <Point X="131.0" Y="153.0" />
  <Point X="130.0" Y="153.0" />
  <Point X="129.0" Y="151.0" />
  <Point X="128.0" Y="151.0" />
  <Point X="127.51084820636339" Y="150.02169641272678" />
  <Point X="127.0" Y="149.0" />
  <Point X="126.0" Y="149.0" />
  <Point X="126.0" Y="148.0" />
  <Point X="124.0" Y="148.0" />
  <Point X="123.0" Y="146.0" />
  <Point X="122.0" Y="146.0" />
  <Point X="121.76149525727843" Y="145.52299051455685" />
  <Point X="121.0" Y="144.0" />
  <Point X="120.0" Y="143.0" />
  <Point X="118.0" Y="141.0" />
  <Point X="117.0" Y="140.0" />
  <Point X="115.61179291765674" Y="139.30589645882839" />
  <Point X="115.0" Y="139.0" />
  <Point X="115.0" Y="138.0" />
  <Point X="113.0" Y="137.0" />
  <Point X="113.0" Y="136.0" />
  <Point X="111.0" Y="135.0" />
  <Point X="110.0" Y="134.0" />
  <Point X="109.65868268259567" Y="134.0" />
  <Point X="109.0" Y="134.0" />
  <Point X="108.0" Y="132.0" />
  <Point X="107.0" Y="132.0" />
  <Point X="106.0" Y="131.0" />
  <Point X="105.0" Y="130.0" />
  <Point X="104.0" Y="129.0" />
  <Point X="103.22571923642103" Y="129.0" />
  <Point X="103.0" Y="129.0" />
  <Point X="102.0" Y="127.0" />
  <Point X="101.0" Y="127.0" />
  <Point X="101.0" Y="126.0" />
  <Point X="99.0" Y="125.0" />
  <Point X="99.0" Y="124.0" />
  <Point X="97.91432914241693" Y="123.45716457120847" />
  <Point X="97.0" Y="123.0" />
  <Point X="97.0" Y="122.0" />
  <Point X="95.0" Y="121.0" />
  <Point X="94.0" Y="120.0" />
  <Point X="93.0" Y="119.0" />
  <Point X="92.0" Y="118.0" />
  <Point X="91.70958248529396" Y="117.70958248529396" />
  <Point X="91.0" Y="117.0" />
  <Point X="90.0" Y="116.0" />
  <Point X="90.0" Y="115.0" />
  <Point X="89.0" Y="115.0" />
  <Point X="88.0" Y="113.0" />
  <Point X="87.0" Y="113.0" />
  <Point X="87.0" Y="112.0" />
  <Point X="86.7421106034043" Y="112.0" />
  <Point X="86.0" Y="112.0" />
  <Point X="86.0" Y="111.0" />
  <Point X="85.0" Y="111.0" />
  <Point X="84.0" Y="110.0" />
  <Point X="84.0" Y="109.0" />
  <Point X="83.0" Y="109.0" />
  <Point X="83.0" Y="108.0" />
  <Point X="82.0" Y="108.0" />
  <Point X="82.0" Y="107.24465205498367" />
  <Point X="82.0" Y="107.0" />
  <Point X="81.0" Y="107.0" />
  <Point X="80.0" Y="106.0" />
  <Point X="80.0" Y="105.0" />
  <Point X="79.0" Y="104.0" />
  <Point X="78.0" Y="103.0" />
  <Point X="78.0" Y="102.0" />
  <Point X="77.0" Y="101.0" />
  <Point X="76.98983419368234" Y="101.0" />
  <Point X="76.0" Y="101.0" />
  <Point X="76.0" Y="100.0" />
  <Point X="75.0" Y="99.0" />
  <Point X="75.0" Y="98.0" />
  <Point X="74.0" Y="98.0" />
  <Point X="74.0" Y="97.0" />
  <Point X="73.0" Y="96.0" />
  <Point X="72.0" Y="96.0" />
  <Point X="72.0" Y="95.90658920763481" />
  <Point X="72.0" Y="95.0" />
  <Point X="72.0" Y="94.0" />
  <Point X="71.0" Y="93.0" />
  <Point X="70.0" Y="93.0" />
  <Point X="70.0" Y="92.0" />
  <Point X="70.0" Y="91.0" />
  <Point X="69.0" Y="91.0" />
  <Point X="68.0" Y="91.0" />
  <Point X="68.0" Y="90.40913065921418" />
  <Point X="68.0" Y="90.0" />
  <Point X="68.0" Y="89.0" />
  <Point X="67.0" Y="89.0" />
  <Point X="66.0" Y="89.0" />
  <Point X="66.0" Y="88.0" />
  <Point X="66.0" Y="87.0" />
  <Point X="65.0" Y="87.0" />
  <Point X="64.0" Y="87.0" />
  <Point X="64.0" Y="86.0" />
  <Point X="63.49745854842047" Y="86.0" />
  <Point X="63.0" Y="86.0" />
  <Point X="62.0" Y="85.0" />
  <Point X="61.0" Y="85.0" />
  <Point X="60.0" Y="85.0" />
  <Point X="60.0" Y="84.0" />
  <Point X="59.0" Y="84.0" />
  <Point X="58.0" Y="84.0" />
  <Point X="58.0" Y="83.0" />
  <Point X="57.0" Y="83.0" />
</Project_1_Part_4>
