<?xml version="1.0" encoding="utf-8" standalone="yes"?>
<Gesture Name="triangle3" Subject="2" Number="2" NumPts="326">
  <Point X="218.0" Y="22.0" />
  <Point X="217.0" Y="22.0" />
  <Point X="216.0" Y="22.0" />
  <Point X="215.0" Y="22.0" />
  <Point X="214.0" Y="22.0" />
  <Point X="210.49929682296113" Y="23.3427354651656" />
  <Point X="203.26389423159708" Y="26.11795837692167" />
  <Point X="196.02849164023303" Y="28.89318128867774" />
  <Point X="188.79308904886898" Y="31.668404200433812" />
  <Point X="181.55768645750493" Y="34.44362711218989" />
  <Point X="174.32228386614088" Y="37.21885002394596" />
  <Point X="167.08688127477683" Y="39.994072935702036" />
  <Point X="159.85147868341278" Y="42.76929584745811" />
  <Point X="152.61607609204873" Y="45.544518759214185" />
  <Point X="145.38067350068468" Y="48.31974167097026" />
  <Point X="138.14527090932063" Y="51.094964582726334" />
  <Point X="130.90986831795658" Y="53.87018749448241" />
  <Point X="123.67446572659253" Y="56.64541040623848" />
  <Point X="116.43906313522848" Y="59.42063331799456" />
  <Point X="109.20366054386443" Y="62.19585622975063" />
  <Point X="101.96825795250038" Y="64.9710791415067" />
  <Point X="94.73285536113633" Y="67.74630205326278" />
  <Point X="87.49745276977228" Y="70.52152496501886" />
  <Point X="80.26205017840823" Y="73.29674787677493" />
  <Point X="73.02664758704418" Y="76.071970788531" />
  <Point X="68.0" Y="78.0" />
  <Point X="68.0" Y="79.0" />
  <Point X="68.0" Y="80.0" />
  <Point X="68.0" Y="80.36565759037823" />
  <Point X="68.0" Y="81.0" />
  <Point X="68.0" Y="82.0" />
  <Point X="68.0" Y="83.0" />
  <Point X="68.0" Y="84.0" />
  <Point X="68.0" Y="85.0" />
  <Point X="69.0" Y="85.0" />
  <Point X="69.0" Y="86.0" />
  <Point X="69.0" Y="87.0" />
  <Point X="69.081344886075" Y="87.081344886075" />
  <Point X="70.0" Y="88.0" />
  <Point X="70.0" Y="89.0" />
  <Point X="70.0" Y="90.0" />
  <Point X="70.0" Y="91.0" />
  <Point X="71.0" Y="92.0" />
  <Point X="71.0" Y="93.0" />
  <Point X="71.0" Y="94.0" />
  <Point X="71.0" Y="94.0359933671095" />
  <Point X="71.0" Y="95.0" />
  <Point X="71.0" Y="96.0" />
  <Point X="72.0" Y="97.0" />
  <Point X="72.0" Y="98.0" />
  <Point X="72.0" Y="99.0" />
  <Point X="72.0" Y="100.0" />
  <Point X="72.0" Y="101.0" />
  <Point X="72.26245064066018" Y="101.26245064066018" />
  <Point X="73.0" Y="102.0" />
  <Point X="73.0" Y="103.0" />
  <Point X="73.0" Y="105.0" />
  <Point X="73.0" Y="106.0" />
  <Point X="73.0" Y="107.0" />
  <Point X="73.76309359152339" Y="108.52618718304677" />
  <Point X="74.0" Y="109.0" />
  <Point X="74.0" Y="111.0" />
  <Point X="74.0" Y="112.0" />
  <Point X="74.0" Y="113.0" />
  <Point X="74.0" Y="114.0" />
  <Point X="74.0" Y="115.0" />
  <Point X="74.0" Y="116.0" />
  <Point X="74.0" Y="116.21964261707969" />
  <Point X="74.0" Y="117.0" />
  <Point X="74.0" Y="118.0" />
  <Point X="74.0" Y="119.0" />
  <Point X="74.0" Y="120.0" />
  <Point X="74.0" Y="121.0" />
  <Point X="74.0" Y="122.0" />
  <Point X="74.0" Y="123.0" />
  <Point X="74.0" Y="123.96902406781841" />
  <Point X="74.0" Y="124.0" />
  <Point X="74.0" Y="125.0" />
  <Point X="75.0" Y="126.0" />
  <Point X="75.0" Y="127.0" />
  <Point X="75.0" Y="128.0" />
  <Point X="75.0" Y="129.0" />
  <Point X="75.0" Y="130.0" />
  <Point X="75.0" Y="131.0" />
  <Point X="75.0" Y="131.30419195618404" />
  <Point X="75.0" Y="133.0" />
  <Point X="75.0" Y="134.0" />
  <Point X="75.0" Y="135.0" />
  <Point X="75.0" Y="136.0" />
  <Point X="75.0" Y="137.0" />
  <Point X="75.0" Y="138.0" />
  <Point X="75.0" Y="139.0" />
  <Point X="75.0" Y="139.05357340692277" />
  <Point X="75.0" Y="140.0" />
  <Point X="75.0" Y="141.0" />
  <Point X="75.0" Y="142.0" />
  <Point X="75.0" Y="143.0" />
  <Point X="75.0" Y="145.0" />
  <Point X="76.0" Y="146.0" />
  <Point X="76.0" Y="146.38874129528838" />
  <Point X="76.0" Y="147.0" />
  <Point X="76.0" Y="148.0" />
  <Point X="76.0" Y="149.0" />
  <Point X="76.0" Y="150.0" />
  <Point X="76.0" Y="152.0" />
  <Point X="76.0" Y="154.0" />
  <Point X="76.0" Y="154.1381227460271" />
  <Point X="76.0" Y="155.0" />
  <Point X="76.0" Y="156.0" />
  <Point X="76.0" Y="157.0" />
  <Point X="76.0" Y="158.0" />
  <Point X="76.0" Y="160.0" />
  <Point X="76.0" Y="161.0" />
  <Point X="76.0" Y="161.88750419676583" />
  <Point X="76.0" Y="162.0" />
  <Point X="76.0" Y="163.0" />
  <Point X="76.0" Y="164.0" />
  <Point X="76.0" Y="165.0" />
  <Point X="76.0" Y="166.0" />
  <Point X="76.0" Y="167.0" />
  <Point X="76.0" Y="168.0" />
  <Point X="76.0" Y="169.0" />
  <Point X="76.0" Y="169.63688564750456" />
  <Point X="76.0" Y="170.0" />
  <Point X="76.0" Y="171.0" />
  <Point X="76.0" Y="172.0" />
  <Point X="76.0" Y="173.0" />
  <Point X="76.0" Y="174.0" />
  <Point X="76.0" Y="175.0" />
  <Point X="77.0" Y="175.0" />
  <Point X="77.0" Y="174.0" />
  <Point X="77.38626709824328" Y="174.0" />
  <Point X="78.0" Y="174.0" />
  <Point X="79.0" Y="174.0" />
  <Point X="80.0" Y="174.0" />
  <Point X="81.0" Y="174.0" />
  <Point X="82.0" Y="173.0" />
  <Point X="83.0" Y="173.0" />
  <Point X="84.0" Y="173.0" />
  <Point X="84.72143498660891" Y="173.0" />
  <Point X="86.0" Y="173.0" />
  <Point X="86.0" Y="172.0" />
  <Point X="87.0" Y="172.0" />
  <Point X="88.0" Y="172.0" />
  <Point X="89.0" Y="172.0" />
  <Point X="90.0" Y="172.0" />
  <Point X="91.0" Y="172.0" />
  <Point X="91.47081643734764" Y="172.0" />
  <Point X="92.0" Y="172.0" />
  <Point X="93.0" Y="172.0" />
  <Point X="95.0" Y="171.0" />
  <Point X="97.0" Y="171.0" />
  <Point X="98.0" Y="171.0" />
  <Point X="98.98412991058657" Y="171.0" />
  <Point X="99.0" Y="171.0" />
  <Point X="100.0" Y="171.0" />
  <Point X="102.0" Y="170.0" />
  <Point X="103.0" Y="170.0" />
  <Point X="105.0" Y="170.0" />
  <Point X="106.0" Y="170.0" />
  <Point X="106.4974433838255" Y="170.0" />
  <Point X="107.0" Y="170.0" />
  <Point X="109.0" Y="170.0" />
  <Point X="110.0" Y="170.0" />
  <Point X="112.0" Y="170.0" />
  <Point X="113.0" Y="170.0" />
  <Point X="113.88163829547216" Y="169.11836170452784" />
  <Point X="114.0" Y="169.0" />
  <Point X="116.0" Y="169.0" />
  <Point X="117.0" Y="169.0" />
  <Point X="118.0" Y="169.0" />
  <Point X="120.0" Y="168.0" />
  <Point X="121.0" Y="168.0" />
  <Point X="121.34592474543005" Y="168.0" />
  <Point X="123.0" Y="168.0" />
  <Point X="124.0" Y="168.0" />
  <Point X="126.0" Y="168.0" />
  <Point X="127.0" Y="168.0" />
  <Point X="128.0" Y="168.0" />
  <Point X="129.0" Y="168.0" />
  <Point X="129.09530619616876" Y="168.0" />
  <Point X="131.0" Y="168.0" />
  <Point X="132.0" Y="168.0" />
  <Point X="133.0" Y="168.0" />
  <Point X="135.0" Y="168.0" />
  <Point X="136.0" Y="168.0" />
  <Point X="136.8446876469075" Y="168.0" />
  <Point X="137.0" Y="168.0" />
  <Point X="138.0" Y="168.0" />
  <Point X="140.0" Y="168.0" />
  <Point X="141.0" Y="167.0" />
  <Point X="143.0" Y="167.0" />
  <Point X="144.1798555352731" Y="167.0" />
  <Point X="145.0" Y="167.0" />
  <Point X="145.0" Y="166.0" />
  <Point X="146.0" Y="166.0" />
  <Point X="147.0" Y="166.0" />
  <Point X="148.0" Y="166.0" />
  <Point X="149.0" Y="166.0" />
  <Point X="150.0" Y="166.0" />
  <Point X="150.92923698601183" Y="166.0" />
  <Point X="151.0" Y="166.0" />
  <Point X="152.0" Y="166.0" />
  <Point X="153.0" Y="166.0" />
  <Point X="154.0" Y="166.0" />
  <Point X="155.0" Y="166.0" />
  <Point X="156.0" Y="166.0" />
  <Point X="157.0" Y="166.0" />
  <Point X="158.0" Y="166.0" />
  <Point X="158.67861843675055" Y="166.0" />
  <Point X="159.0" Y="166.0" />
  <Point X="160.0" Y="166.0" />
  <Point X="159.0" Y="166.0" />
  <Point X="158.0" Y="165.0" />
  <Point X="157.0" Y="164.0" />
  <Point X="156.0" Y="164.0" />
  <Point X="155.0" Y="163.0" />
  <Point X="154.81464079963" Y="163.0" />
  <Point X="154.0" Y="163.0" />
  <Point X="154.0" Y="162.0" />
  <Point X="154.0" Y="161.0" />
  <Point X="153.0" Y="161.0" />
  <Point X="151.0" Y="160.0" />
  <Point X="150.0" Y="160.0" />
  <Point X="150.0" Y="159.3013273263911" />
  <Point X="150.0" Y="159.0" />
  <Point X="149.0" Y="158.0" />
  <Point X="148.0" Y="157.0" />
  <Point X="147.0" Y="157.0" />
  <Point X="146.0" Y="156.0" />
  <Point X="145.0" Y="156.0" />
  <Point X="144.14764398440246" Y="155.14764398440246" />
  <Point X="144.0" Y="155.0" />
  <Point X="144.0" Y="154.0" />
  <Point X="142.0" Y="153.0" />
  <Point X="141.0" Y="152.0" />
  <Point X="141.0" Y="151.0" />
  <Point X="140.0" Y="150.0" />
  <Point X="139.57417553657712" Y="149.78708776828856" />
  <Point X="138.0" Y="149.0" />
  <Point X="137.0" Y="149.0" />
  <Point X="136.0" Y="147.0" />
  <Point X="135.0" Y="147.0" />
  <Point X="133.76020725176403" Y="145.76020725176403" />
  <Point X="133.0" Y="145.0" />
  <Point X="133.0" Y="144.0" />
  <Point X="132.0" Y="144.0" />
  <Point X="131.0" Y="143.0" />
  <Point X="130.0" Y="142.0" />
  <Point X="129.0" Y="141.0" />
  <Point X="128.69478064031853" Y="140.69478064031853" />
  <Point X="128.0" Y="140.0" />
  <Point X="126.0" Y="139.0" />
  <Point X="125.0" Y="137.0" />
  <Point X="123.0" Y="137.0" />
  <Point X="122.86821630903373" Y="136.73643261806745" />
  <Point X="122.0" Y="135.0" />
  <Point X="120.0" Y="134.0" />
  <Point X="120.0" Y="133.0" />
  <Point X="118.0" Y="132.0" />
  <Point X="117.84980116304814" Y="131.69960232609628" />
  <Point X="117.0" Y="130.0" />
  <Point X="116.0" Y="129.0" />
  <Point X="114.0" Y="128.0" />
  <Point X="114.0" Y="127.0" />
  <Point X="113.15225905419827" Y="126.15225905419827" />
  <Point X="113.0" Y="126.0" />
  <Point X="111.0" Y="124.0" />
  <Point X="110.0" Y="124.0" />
  <Point X="108.0" Y="122.0" />
  <Point X="107.37972566156623" Y="121.37972566156623" />
  <Point X="107.0" Y="121.0" />
  <Point X="106.0" Y="119.0" />
  <Point X="105.0" Y="119.0" />
  <Point X="104.0" Y="118.0" />
  <Point X="103.0" Y="117.0" />
  <Point X="102.18833109901837" Y="116.18833109901837" />
  <Point X="102.0" Y="116.0" />
  <Point X="101.0" Y="115.0" />
  <Point X="100.0" Y="113.0" />
  <Point X="99.0" Y="113.0" />
  <Point X="98.0" Y="111.0" />
  <Point X="97.5780753665547" Y="110.5780753665547" />
  <Point X="97.0" Y="110.0" />
  <Point X="95.0" Y="109.0" />
  <Point X="95.0" Y="108.0" />
  <Point X="93.0" Y="107.0" />
  <Point X="93.0" Y="106.0" />
  <Point X="92.67492641527758" Y="105.67492641527758" />
  <Point X="92.0" Y="105.0" />
  <Point X="91.0" Y="104.0" />
  <Point X="89.0" Y="103.0" />
  <Point X="89.0" Y="102.0" />
  <Point X="88.0" Y="101.0" />
  <Point X="88.0" Y="100.26960374159667" />
  <Point X="88.0" Y="100.0" />
  <Point X="87.0" Y="100.0" />
  <Point X="86.0" Y="99.0" />
  <Point X="85.0" Y="98.0" />
  <Point X="84.0" Y="97.0" />
  <Point X="83.0" Y="96.0" />
  <Point X="83.0" Y="95.17707654035033" />
  <Point X="83.0" Y="95.0" />
  <Point X="82.0" Y="94.0" />
  <Point X="82.0" Y="93.0" />
  <Point X="81.0" Y="92.0" />
  <Point X="80.0" Y="92.0" />
  <Point X="80.0" Y="91.0" />
  <Point X="79.0" Y="91.0" />
  <Point X="79.0" Y="90.2561222143578" />
  <Point X="79.0" Y="90.0" />
  <Point X="79.0" Y="89.0" />
  <Point X="78.0" Y="88.0" />
  <Point X="78.0" Y="87.0" />
  <Point X="77.0" Y="87.0" />
  <Point X="76.0" Y="86.0" />
  <Point X="76.0" Y="85.0" />
  <Point X="75.52989270551251" Y="84.52989270551251" />
  <Point X="75.0" Y="84.0" />
  <Point X="75.0" Y="83.0" />
  <Point X="74.0" Y="83.0" />
  <Point X="74.0" Y="82.0" />
  <Point X="74.0" Y="81.0" />
  <Point X="73.0" Y="81.0" />
  <Point X="73.0" Y="80.0" />
  <Point X="72.0" Y="80.0" />
</Project_1_Part_4>
