<?xml version="1.0" encoding="utf-8" standalone="yes"?>
<Gesture Name="v4" Subject="2" Number="2" NumPts="272">
  <Point X="88.0" Y="83.0" />
  <Point X="89.0" Y="84.0" />
  <Point X="89.0" Y="85.0" />
  <Point X="90.0" Y="85.0" />
  <Point X="90.0" Y="85.52488319865542" />
  <Point X="90.0" Y="86.0" />
  <Point X="91.0" Y="87.0" />
  <Point X="91.0" Y="88.0" />
  <Point X="92.0" Y="88.0" />
  <Point X="92.0" Y="88.04976639731083" />
  <Point X="92.0" Y="89.0" />
  <Point X="92.0" Y="90.0" />
  <Point X="93.0" Y="91.0" />
  <Point X="93.0" Y="91.57464959596625" />
  <Point X="93.0" Y="92.0" />
  <Point X="94.0" Y="92.0" />
  <Point X="94.0" Y="93.0" />
  <Point X="95.0" Y="93.0" />
  <Point X="95.0" Y="93.51374635699476" />
  <Point X="95.0" Y="94.0" />
  <Point X="95.0" Y="95.0" />
  <Point X="96.0" Y="96.0" />
  <Point X="96.0" Y="97.0" />
  <Point X="96.02731522075446" Y="97.02731522075446" />
  <Point X="97.0" Y="98.0" />
  <Point X="97.0" Y="99.0" />
  <Point X="98.0" Y="100.0" />
  <Point X="98.0" Y="100.14929919193249" />
  <Point X="98.0" Y="101.0" />
  <Point X="99.0" Y="102.0" />
  <Point X="99.0" Y="103.0" />
  <Point X="99.47671894014125" Y="103.47671894014125" />
  <Point X="100.0" Y="104.0" />
  <Point X="100.0" Y="105.0" />
  <Point X="100.0" Y="106.0" />
  <Point X="100.84786740924139" Y="106.84786740924139" />
  <Point X="101.0" Y="107.0" />
  <Point X="101.0" Y="108.0" />
  <Point X="102.0" Y="108.0" />
  <Point X="102.0" Y="109.0" />
  <Point X="102.51190909715497" Y="109.51190909715497" />
  <Point X="103.0" Y="110.0" />
  <Point X="103.0" Y="112.0" />
  <Point X="104.0" Y="112.0" />
  <Point X="104.0" Y="112.24883198655414" />
  <Point X="104.0" Y="114.0" />
  <Point X="105.0" Y="115.0" />
  <Point X="105.0" Y="115.77371518520955" />
  <Point X="105.0" Y="116.0" />
  <Point X="106.0" Y="116.0" />
  <Point X="106.0" Y="118.0" />
  <Point X="106.50403416089571" Y="118.50403416089571" />
  <Point X="107.0" Y="119.0" />
  <Point X="107.0" Y="120.0" />
  <Point X="107.0" Y="121.0" />
  <Point X="107.55351409588066" Y="122.1070281917613" />
  <Point X="108.0" Y="123.0" />
  <Point X="109.0" Y="123.0" />
  <Point X="109.0" Y="124.0" />
  <Point X="109.0" Y="124.94072392842219" />
  <Point X="109.0" Y="125.0" />
  <Point X="110.0" Y="126.0" />
  <Point X="111.0" Y="127.0" />
  <Point X="111.0" Y="128.0513935647045" />
  <Point X="111.0" Y="129.0" />
  <Point X="112.0" Y="131.0" />
  <Point X="112.53345715831439" Y="131.5334571583144" />
  <Point X="113.0" Y="132.0" />
  <Point X="113.0" Y="133.0" />
  <Point X="114.0" Y="134.0" />
  <Point X="114.0" Y="134.86509198451554" />
  <Point X="114.0" Y="135.0" />
  <Point X="115.0" Y="136.0" />
  <Point X="115.0" Y="137.0" />
  <Point X="115.0" Y="138.38997518317095" />
  <Point X="115.0" Y="139.0" />
  <Point X="116.0" Y="139.0" />
  <Point X="117.0" Y="140.0" />
  <Point X="117.0" Y="140.91485838182635" />
  <Point X="117.0" Y="141.0" />
  <Point X="117.0" Y="142.0" />
  <Point X="117.0" Y="143.0" />
  <Point X="118.0" Y="143.0" />
  <Point X="118.0" Y="143.85395514285486" />
  <Point X="118.0" Y="144.0" />
  <Point X="118.0" Y="145.0" />
  <Point X="118.0" Y="146.0" />
  <Point X="119.0" Y="147.0" />
  <Point X="119.26787916025538" Y="147.26787916025538" />
  <Point X="120.0" Y="148.0" />
  <Point X="120.0" Y="149.0" />
  <Point X="120.0" Y="150.0" />
  <Point X="120.0" Y="150.9037215401657" />
  <Point X="120.0" Y="151.0" />
  <Point X="121.0" Y="151.0" />
  <Point X="121.0" Y="152.0" />
  <Point X="121.0" Y="153.0" />
  <Point X="121.0" Y="153.8428183011942" />
  <Point X="121.0" Y="154.0" />
  <Point X="121.0" Y="155.0" />
  <Point X="122.0" Y="156.0" />
  <Point X="122.0" Y="157.0" />
  <Point X="122.0" Y="157.3677014998496" />
  <Point X="122.0" Y="158.0" />
  <Point X="123.0" Y="159.0" />
  <Point X="123.0" Y="160.0" />
  <Point X="123.63115269309624" Y="160.63115269309625" />
  <Point X="124.0" Y="161.0" />
  <Point X="124.0" Y="162.0" />
  <Point X="124.0" Y="163.0" />
  <Point X="124.0" Y="164.0" />
  <Point X="124.29519438100982" Y="164.29519438100982" />
  <Point X="125.0" Y="165.0" />
  <Point X="125.0" Y="167.0" />
  <Point X="125.0" Y="167.94235109581584" />
  <Point X="125.0" Y="168.0" />
  <Point X="125.0" Y="169.0" />
  <Point X="126.0" Y="169.0" />
  <Point X="126.0" Y="170.0" />
  <Point X="126.0" Y="170.88144785684435" />
  <Point X="126.0" Y="171.0" />
  <Point X="126.0" Y="172.0" />
  <Point X="126.0" Y="173.0" />
  <Point X="126.0" Y="174.0" />
  <Point X="126.82054461787286" Y="174.0" />
  <Point X="127.0" Y="174.0" />
  <Point X="127.0" Y="175.0" />
  <Point X="128.0" Y="175.0" />
  <Point X="128.0" Y="176.0" />
  <Point X="128.0" Y="176.75964137890136" />
  <Point X="128.0" Y="177.0" />
  <Point X="129.0" Y="177.0" />
  <Point X="129.0" Y="178.0" />
  <Point X="129.0" Y="179.0" />
  <Point X="129.0" Y="179.69873813992987" />
  <Point X="129.0" Y="180.0" />
  <Point X="130.0" Y="180.0" />
  <Point X="130.0" Y="179.0" />
  <Point X="130.0" Y="178.0" />
  <Point X="130.0" Y="177.36216509904162" />
  <Point X="130.0" Y="177.0" />
  <Point X="130.0" Y="176.0" />
  <Point X="130.0" Y="175.0" />
  <Point X="130.0" Y="174.0" />
  <Point X="130.0" Y="173.4230683380131" />
  <Point X="130.0" Y="173.0" />
  <Point X="130.0" Y="171.0" />
  <Point X="130.0" Y="170.0" />
  <Point X="130.0" Y="169.4839715769846" />
  <Point X="130.0" Y="169.0" />
  <Point X="130.0" Y="168.0" />
  <Point X="131.0" Y="167.0" />
  <Point X="131.0" Y="166.0" />
  <Point X="131.0" Y="165.9590883783292" />
  <Point X="131.0" Y="165.0" />
  <Point X="131.0" Y="164.0" />
  <Point X="132.0" Y="163.0" />
  <Point X="132.0" Y="162.4342051796738" />
  <Point X="132.0" Y="161.0" />
  <Point X="132.0" Y="160.0" />
  <Point X="133.0" Y="159.0" />
  <Point X="133.0" Y="158.9093219810184" />
  <Point X="133.0" Y="158.0" />
  <Point X="133.0" Y="157.0" />
  <Point X="133.0" Y="155.0" />
  <Point X="133.02977478001011" Y="155.0" />
  <Point X="134.0" Y="155.0" />
  <Point X="134.0" Y="153.0" />
  <Point X="134.68509563676707" Y="152.31490436323293" />
  <Point X="135.0" Y="152.0" />
  <Point X="135.0" Y="151.0" />
  <Point X="135.0" Y="149.0" />
  <Point X="135.0" Y="148.50624526030597" />
  <Point X="135.0" Y="147.0" />
  <Point X="136.0" Y="146.0" />
  <Point X="136.72028579378076" Y="145.27971420621924" />
  <Point X="137.0" Y="145.0" />
  <Point X="137.0" Y="144.0" />
  <Point X="137.0" Y="143.0" />
  <Point X="137.0" Y="142.0" />
  <Point X="137.38432748169433" Y="141.61567251830567" />
  <Point X="138.0" Y="141.0" />
  <Point X="139.0" Y="139.0" />
  <Point X="139.0" Y="138.16766364183957" />
  <Point X="139.0" Y="137.0" />
  <Point X="140.0" Y="137.0" />
  <Point X="140.0" Y="136.0" />
  <Point X="140.0" Y="135.22856688081106" />
  <Point X="140.0" Y="134.0" />
  <Point X="141.0" Y="133.0" />
  <Point X="141.0" Y="131.70368368215566" />
  <Point X="141.0" Y="131.0" />
  <Point X="142.0" Y="129.0" />
  <Point X="142.99934510137305" Y="129.0" />
  <Point X="143.0" Y="129.0" />
  <Point X="143.0" Y="128.0" />
  <Point X="143.0" Y="127.0" />
  <Point X="144.0" Y="126.0" />
  <Point X="144.0" Y="125.47577169997153" />
  <Point X="144.0" Y="125.0" />
  <Point X="144.0" Y="124.0" />
  <Point X="144.0" Y="123.0" />
  <Point X="145.0" Y="122.0" />
  <Point X="145.04911149868389" Y="122.0" />
  <Point X="146.0" Y="122.0" />
  <Point X="146.0" Y="121.0" />
  <Point X="146.0" Y="120.0" />
  <Point X="146.9882082597124" Y="120.0" />
  <Point X="147.0" Y="120.0" />
  <Point X="147.0" Y="119.0" />
  <Point X="147.0" Y="118.0" />
  <Point X="147.86191700795067" Y="116.27616598409868" />
  <Point X="148.0" Y="116.0" />
  <Point X="148.0" Y="115.0" />
  <Point X="149.0" Y="114.0" />
  <Point X="150.0" Y="114.0" />
  <Point X="150.0" Y="113.78387975810347" />
  <Point X="150.0" Y="113.0" />
  <Point X="150.0" Y="111.0" />
  <Point X="151.0" Y="111.0" />
  <Point X="151.0" Y="110.84478299707496" />
  <Point X="151.0" Y="110.0" />
  <Point X="152.0" Y="109.0" />
  <Point X="152.0" Y="108.0" />
  <Point X="152.48090346442387" Y="107.51909653557613" />
  <Point X="153.0" Y="107.0" />
  <Point X="154.0" Y="106.0" />
  <Point X="154.0" Y="105.0" />
  <Point X="154.55915871471055" Y="104.44084128528945" />
  <Point X="155.0" Y="104.0" />
  <Point X="155.0" Y="103.0" />
  <Point X="155.0" Y="102.0" />
  <Point X="156.0" Y="102.0" />
  <Point X="156.22320040262412" Y="101.77679959737587" />
  <Point X="157.0" Y="101.0" />
  <Point X="157.0" Y="100.0" />
  <Point X="157.0" Y="99.0" />
  <Point X="157.84053623517357" Y="99.0" />
  <Point X="158.0" Y="99.0" />
  <Point X="158.0" Y="98.0" />
  <Point X="159.0" Y="98.0" />
  <Point X="159.0" Y="97.0" />
  <Point X="159.0" Y="96.22036700379792" />
  <Point X="159.0" Y="96.0" />
  <Point X="159.0" Y="95.0" />
  <Point X="160.0" Y="95.0" />
  <Point X="161.0" Y="95.0" />
  <Point X="161.0" Y="94.28127024276941" />
  <Point X="161.0" Y="94.0" />
  <Point X="161.0" Y="93.0" />
  <Point X="162.0" Y="92.0" />
  <Point X="162.0" Y="91.0" />
  <Point X="162.0" Y="90.75638704411399" />
  <Point X="162.0" Y="90.0" />
  <Point X="163.0" Y="90.0" />
  <Point X="163.0" Y="89.0" />
  <Point X="164.0" Y="89.0" />
  <Point X="164.0" Y="88.81729028308548" />
  <Point X="164.0" Y="88.0" />
  <Point X="165.0" Y="88.0" />
  <Point X="165.0" Y="87.0" />
  <Point X="165.0" Y="86.0" />
  <Point X="165.121806477943" Y="86.0" />
  <Point X="166.0" Y="86.0" />
  <Point X="166.0" Y="85.0" />
  <Point X="167.0" Y="85.0" />
  <Point X="167.0" Y="84.0" />
  <Point X="167.0" Y="83.93909676102848" />
  <Point X="167.0" Y="83.0" />
  <Point X="167.0" Y="82.0" />
  <Point X="168.0" Y="82.0" />
  <Point X="169.0" Y="82.0" />
</Project_1_Part_4>
