<?xml version="1.0" encoding="utf-8" standalone="yes"?>
<Gesture Name="v6" Subject="2" Number="2" NumPts="286">
  <Point X="79.0" Y="80.0" />
  <Point X="79.0" Y="81.0" />
  <Point X="80.0" Y="81.0" />
  <Point X="80.0" Y="82.0" />
  <Point X="80.0" Y="82.99216256659213" />
  <Point X="80.0" Y="83.0" />
  <Point X="81.0" Y="83.0" />
  <Point X="82.0" Y="84.0" />
  <Point X="82.0" Y="85.0" />
  <Point X="82.40312975775348" Y="85.40312975775348" />
  <Point X="83.0" Y="86.0" />
  <Point X="83.0" Y="87.0" />
  <Point X="84.0" Y="87.0" />
  <Point X="84.0" Y="88.0" />
  <Point X="84.0" Y="88.14806057503017" />
  <Point X="84.0" Y="89.0" />
  <Point X="85.0" Y="89.0" />
  <Point X="86.0" Y="90.0" />
  <Point X="86.0" Y="90.7260095792492" />
  <Point X="86.0" Y="91.0" />
  <Point X="87.0" Y="91.0" />
  <Point X="87.0" Y="92.0" />
  <Point X="88.0" Y="92.0" />
  <Point X="88.0" Y="92.71817214584132" />
  <Point X="88.0" Y="93.0" />
  <Point X="88.0" Y="94.0" />
  <Point X="89.0" Y="94.0" />
  <Point X="90.0" Y="95.0" />
  <Point X="90.0" Y="95.29612115006034" />
  <Point X="90.0" Y="96.0" />
  <Point X="91.0" Y="97.0" />
  <Point X="91.0" Y="98.0" />
  <Point X="91.61806093332372" Y="98.61806093332372" />
  <Point X="92.0" Y="99.0" />
  <Point X="93.0" Y="99.0" />
  <Point X="93.0" Y="100.0" />
  <Point X="93.0" Y="101.0" />
  <Point X="93.31962581220046" Y="101.31962581220046" />
  <Point X="94.0" Y="102.0" />
  <Point X="95.0" Y="103.0" />
  <Point X="95.0" Y="104.0" />
  <Point X="95.43540425345029" Y="104.43540425345029" />
  <Point X="96.0" Y="105.0" />
  <Point X="97.0" Y="105.0" />
  <Point X="97.0" Y="107.0" />
  <Point X="97.17325377091616" Y="107.08662688545807" />
  <Point X="99.0" Y="108.0" />
  <Point X="99.0" Y="109.94979819365568" />
  <Point X="99.0" Y="110.0" />
  <Point X="100.0" Y="112.0" />
  <Point X="101.0" Y="112.0" />
  <Point X="101.0" Y="112.70589278274801" />
  <Point X="101.0" Y="113.0" />
  <Point X="102.0" Y="114.0" />
  <Point X="102.0" Y="115.0" />
  <Point X="102.0" Y="116.0" />
  <Point X="102.28384178696703" Y="116.0" />
  <Point X="104.0" Y="116.0" />
  <Point X="104.0" Y="118.0" />
  <Point X="104.12343289932883" Y="118.24686579865767" />
  <Point X="105.0" Y="120.0" />
  <Point X="106.0" Y="121.0" />
  <Point X="106.0" Y="121.6178853802784" />
  <Point X="106.0" Y="122.0" />
  <Point X="107.0" Y="123.0" />
  <Point X="107.0" Y="124.0" />
  <Point X="107.84558260245417" Y="124.84558260245417" />
  <Point X="108.0" Y="125.0" />
  <Point X="108.0" Y="126.0" />
  <Point X="109.0" Y="127.0" />
  <Point X="109.961361043704" Y="127.961361043704" />
  <Point X="110.0" Y="128.0" />
  <Point X="110.0" Y="129.0" />
  <Point X="110.0" Y="130.0" />
  <Point X="111.0" Y="130.0" />
  <Point X="111.0" Y="130.93751883056237" />
  <Point X="111.0" Y="131.0" />
  <Point X="111.0" Y="132.0" />
  <Point X="112.0" Y="133.0" />
  <Point X="112.67773781925712" Y="134.35547563851424" />
  <Point X="113.0" Y="135.0" />
  <Point X="113.0" Y="136.0" />
  <Point X="114.0" Y="136.0" />
  <Point X="114.0" Y="137.0" />
  <Point X="114.0" Y="137.27156242387372" />
  <Point X="114.0" Y="138.0" />
  <Point X="115.0" Y="138.0" />
  <Point X="115.0" Y="139.0" />
  <Point X="115.0" Y="140.0" />
  <Point X="115.0" Y="140.26372499046585" />
  <Point X="115.0" Y="141.0" />
  <Point X="116.0" Y="141.0" />
  <Point X="116.0" Y="142.0" />
  <Point X="117.0" Y="142.0" />
  <Point X="117.0" Y="142.25588755705797" />
  <Point X="117.0" Y="143.0" />
  <Point X="117.0" Y="144.0" />
  <Point X="117.0" Y="145.0" />
  <Point X="118.0" Y="145.0" />
  <Point X="118.0" Y="145.2480501236501" />
  <Point X="118.0" Y="146.0" />
  <Point X="118.0" Y="147.0" />
  <Point X="119.0" Y="148.0" />
  <Point X="119.0" Y="148.82599912786912" />
  <Point X="119.0" Y="149.0" />
  <Point X="120.0" Y="149.0" />
  <Point X="120.0" Y="150.0" />
  <Point X="120.0" Y="151.0" />
  <Point X="120.0" Y="151.81816169446125" />
  <Point X="120.0" Y="152.0" />
  <Point X="121.0" Y="152.0" />
  <Point X="121.0" Y="153.0" />
  <Point X="122.0" Y="153.0" />
  <Point X="122.0" Y="153.81032426105338" />
  <Point X="122.0" Y="154.0" />
  <Point X="122.0" Y="155.0" />
  <Point X="123.0" Y="156.0" />
  <Point X="123.0" Y="157.0" />
  <Point X="123.0" Y="157.3882732652724" />
  <Point X="123.0" Y="158.0" />
  <Point X="124.0" Y="158.0" />
  <Point X="124.0" Y="159.0" />
  <Point X="124.0" Y="160.0" />
  <Point X="124.0" Y="160.38043583186453" />
  <Point X="124.0" Y="161.0" />
  <Point X="125.0" Y="162.0" />
  <Point X="125.87581632391752" Y="163.75163264783504" />
  <Point X="126.0" Y="164.0" />
  <Point X="126.0" Y="165.0" />
  <Point X="127.0" Y="165.0" />
  <Point X="127.0" Y="166.0" />
  <Point X="127.50521324656013" Y="166.50521324656012" />
  <Point X="128.0" Y="167.0" />
  <Point X="128.0" Y="168.0" />
  <Point X="128.0" Y="169.0" />
  <Point X="129.0" Y="169.0" />
  <Point X="129.0" Y="169.2924284293949" />
  <Point X="129.0" Y="170.0" />
  <Point X="129.0" Y="171.0" />
  <Point X="129.0" Y="172.0" />
  <Point X="130.0" Y="172.0" />
  <Point X="130.0" Y="171.71540900401297" />
  <Point X="130.0" Y="171.0" />
  <Point X="130.0" Y="170.0" />
  <Point X="130.0" Y="169.0" />
  <Point X="130.0" Y="168.0" />
  <Point X="130.0" Y="167.72324643742084" />
  <Point X="130.0" Y="167.0" />
  <Point X="130.0" Y="166.0" />
  <Point X="130.0" Y="165.0" />
  <Point X="130.0" Y="164.0" />
  <Point X="130.0" Y="163.7310838708287" />
  <Point X="130.0" Y="163.0" />
  <Point X="130.0" Y="162.0" />
  <Point X="130.0" Y="161.0" />
  <Point X="130.0" Y="160.0" />
  <Point X="130.0" Y="159.73892130423658" />
  <Point X="130.0" Y="159.0" />
  <Point X="130.0" Y="158.0" />
  <Point X="130.0" Y="157.0" />
  <Point X="130.0" Y="156.0" />
  <Point X="130.0" Y="155.74675873764446" />
  <Point X="130.0" Y="155.0" />
  <Point X="130.0" Y="154.0" />
  <Point X="130.0" Y="153.0" />
  <Point X="130.0" Y="152.0" />
  <Point X="130.17352671157803" Y="151.82647328842197" />
  <Point X="131.0" Y="151.0" />
  <Point X="131.0" Y="150.0" />
  <Point X="131.0" Y="149.0" />
  <Point X="131.0" Y="148.1766471668333" />
  <Point X="131.0" Y="148.0" />
  <Point X="132.0" Y="147.0" />
  <Point X="132.0" Y="146.0" />
  <Point X="132.0" Y="145.0" />
  <Point X="132.40130183738572" Y="145.0" />
  <Point X="133.0" Y="145.0" />
  <Point X="133.0" Y="144.0" />
  <Point X="133.0" Y="143.0" />
  <Point X="134.0" Y="143.0" />
  <Point X="134.0" Y="142.60653559602216" />
  <Point X="134.0" Y="142.0" />
  <Point X="134.0" Y="141.0" />
  <Point X="135.0" Y="140.0" />
  <Point X="135.0" Y="139.02858659180313" />
  <Point X="135.0" Y="139.0" />
  <Point X="136.0" Y="139.0" />
  <Point X="136.0" Y="137.0" />
  <Point X="136.963575974789" Y="137.0" />
  <Point X="137.0" Y="137.0" />
  <Point X="137.0" Y="136.0" />
  <Point X="138.0" Y="136.0" />
  <Point X="138.0" Y="134.04426145861888" />
  <Point X="138.0" Y="134.0" />
  <Point X="139.0" Y="133.0" />
  <Point X="139.0" Y="132.0" />
  <Point X="139.0" Y="131.0" />
  <Point X="139.53368754560015" Y="131.0" />
  <Point X="140.0" Y="131.0" />
  <Point X="141.0" Y="130.0" />
  <Point X="141.0" Y="129.0" />
  <Point X="141.0" Y="128.0" />
  <Point X="141.11163654981917" Y="128.0" />
  <Point X="142.0" Y="128.0" />
  <Point X="142.0" Y="127.0" />
  <Point X="143.0" Y="126.0" />
  <Point X="143.0" Y="125.31041444596181" />
  <Point X="143.0" Y="125.0" />
  <Point X="143.0" Y="124.0" />
  <Point X="144.0" Y="124.0" />
  <Point X="144.0" Y="123.0" />
  <Point X="144.68174812063032" Y="123.0" />
  <Point X="145.0" Y="123.0" />
  <Point X="145.0" Y="121.0" />
  <Point X="146.0" Y="121.0" />
  <Point X="146.0" Y="120.32608931277755" />
  <Point X="146.0" Y="120.0" />
  <Point X="146.0" Y="119.0" />
  <Point X="147.0" Y="118.0" />
  <Point X="147.88519847691236" Y="117.11480152308764" />
  <Point X="148.0" Y="117.0" />
  <Point X="149.0" Y="116.0" />
  <Point X="149.0" Y="115.0" />
  <Point X="150.0" Y="114.0" />
  <Point X="150.0009769181622" Y="113.9990230818378" />
  <Point X="151.0" Y="113.0" />
  <Point X="152.0" Y="112.0" />
  <Point X="152.0" Y="111.0" />
  <Point X="152.11675535941202" Y="110.88324464058798" />
  <Point X="153.0" Y="110.0" />
  <Point X="153.0" Y="109.0" />
  <Point X="154.0" Y="109.0" />
  <Point X="154.0" Y="108.25693398302074" />
  <Point X="154.0" Y="108.0" />
  <Point X="155.0" Y="108.0" />
  <Point X="155.0" Y="107.0" />
  <Point X="156.0" Y="106.0" />
  <Point X="156.22699189835205" Y="105.77300810164795" />
  <Point X="157.0" Y="105.0" />
  <Point X="157.0" Y="104.0" />
  <Point X="158.0" Y="104.0" />
  <Point X="158.0" Y="103.10103597458269" />
  <Point X="158.0" Y="103.0" />
  <Point X="158.0" Y="102.0" />
  <Point X="159.0" Y="102.0" />
  <Point X="160.0" Y="102.0" />
  <Point X="160.0" Y="101.10887340799056" />
  <Point X="160.0" Y="101.0" />
  <Point X="160.0" Y="100.0" />
  <Point X="161.0" Y="100.0" />
  <Point X="161.0" Y="99.0" />
  <Point X="161.0" Y="98.11671084139843" />
  <Point X="161.0" Y="98.0" />
  <Point X="162.0" Y="98.0" />
  <Point X="162.0" Y="97.0" />
  <Point X="162.0" Y="96.0" />
  <Point X="162.8754517251937" Y="96.0" />
  <Point X="163.0" Y="96.0" />
  <Point X="164.0" Y="96.0" />
  <Point X="164.0" Y="95.0" />
  <Point X="164.0" Y="94.0" />
  <Point X="164.0" Y="93.13238570821417" />
  <Point X="164.0" Y="93.0" />
  <Point X="165.0" Y="93.0" />
  <Point X="165.0" Y="92.0" />
  <Point X="166.0" Y="92.0" />
  <Point X="166.0" Y="91.14022314162204" />
  <Point X="166.0" Y="91.0" />
  <Point X="166.0" Y="90.0" />
  <Point X="167.0" Y="90.0" />
  <Point X="167.0" Y="89.0" />
  <Point X="167.85193942497008" Y="89.0" />
  <Point X="168.0" Y="89.0" />
  <Point X="169.0" Y="88.0" />
  <Point X="169.0" Y="87.0" />
  <Point X="169.0" Y="86.0" />
  <Point X="169.4298884291891" Y="86.0" />
  <Point X="170.0" Y="86.0" />
  <Point X="170.0" Y="85.0" />
  <Point X="171.0" Y="85.0" />
  <Point X="171.0" Y="84.0" />
  <Point X="171.29843512112345" Y="83.70156487887655" />
  <Point X="172.0" Y="83.0" />
  <Point X="172.0" Y="82.0" />
  <Point X="173.0" Y="82.0" />
  <Point X="173.0" Y="81.0" />
</Project_1_Part_4>
