<?xml version="1.0" encoding="utf-8" standalone="yes"?>
<Gesture Name="x7" Subject="2" Number="2" NumPts="415">
  <Point X="76.0" Y="49.0" />
  <Point X="76.0" Y="50.0" />
  <Point X="76.0" Y="51.0" />
  <Point X="76.0" Y="52.0" />
  <Point X="77.0" Y="52.0" />
  <Point X="77.0" Y="53.0" />
  <Point X="78.0" Y="54.0" />
  <Point X="78.0" Y="54.53701370824728" />
  <Point X="78.0" Y="55.0" />
  <Point X="79.0" Y="56.0" />
  <Point X="80.0" Y="56.0" />
  <Point X="80.0" Y="57.0" />
  <Point X="81.0" Y="58.0" />
  <Point X="81.0" Y="59.0" />
  <Point X="81.46655885057012" Y="59.46655885057012" />
  <Point X="82.0" Y="60.0" />
  <Point X="83.0" Y="60.0" />
  <Point X="83.0" Y="62.0" />
  <Point X="84.0" Y="62.0" />
  <Point X="84.0" Y="63.0" />
  <Point X="85.0" Y="63.0" />
  <Point X="85.08802396186042" Y="63.17604792372084" />
  <Point X="86.0" Y="65.0" />
  <Point X="87.0" Y="66.0" />
  <Point X="88.0" Y="67.0" />
  <Point X="88.0" Y="68.0" />
  <Point X="88.76619243342914" Y="68.76619243342914" />
  <Point X="89.0" Y="69.0" />
  <Point X="90.0" Y="69.0" />
  <Point X="90.0" Y="71.0" />
  <Point X="91.0" Y="71.0" />
  <Point X="92.0" Y="72.0" />
  <Point X="92.85302524930748" Y="72.85302524930748" />
  <Point X="93.0" Y="73.0" />
  <Point X="93.0" Y="74.0" />
  <Point X="94.0" Y="75.0" />
  <Point X="95.0" Y="76.0" />
  <Point X="96.0" Y="78.0" />
  <Point X="96.48003957866126" Y="78.48003957866126" />
  <Point X="97.0" Y="79.0" />
  <Point X="98.0" Y="79.0" />
  <Point X="98.0" Y="81.0" />
  <Point X="100.0" Y="81.0" />
  <Point X="100.0" Y="82.2158921908659" />
  <Point X="100.0" Y="83.0" />
  <Point X="101.0" Y="83.0" />
  <Point X="101.0" Y="84.0" />
  <Point X="102.0" Y="85.0" />
  <Point X="103.0" Y="86.0" />
  <Point X="103.0" Y="87.0" />
  <Point X="103.23949164804483" Y="87.23949164804483" />
  <Point X="104.0" Y="88.0" />
  <Point X="105.0" Y="89.0" />
  <Point X="106.0" Y="89.0" />
  <Point X="106.0" Y="90.0" />
  <Point X="107.0" Y="91.0" />
  <Point X="107.74053802629626" Y="91.74053802629626" />
  <Point X="108.0" Y="92.0" />
  <Point X="108.0" Y="93.0" />
  <Point X="109.0" Y="94.0" />
  <Point X="110.0" Y="95.0" />
  <Point X="111.0" Y="96.0" />
  <Point X="111.60000498860921" Y="97.20000997721841" />
  <Point X="112.0" Y="98.0" />
  <Point X="114.0" Y="100.0" />
  <Point X="115.0" Y="101.0" />
  <Point X="115.0" Y="102.0" />
  <Point X="115.72821627567944" Y="102.36410813783972" />
  <Point X="117.0" Y="103.0" />
  <Point X="117.0" Y="104.0" />
  <Point X="118.0" Y="104.0" />
  <Point X="119.0" Y="105.0" />
  <Point X="119.0" Y="106.0" />
  <Point X="119.78850628206872" Y="106.78850628206872" />
  <Point X="120.0" Y="107.0" />
  <Point X="121.0" Y="108.0" />
  <Point X="121.0" Y="109.0" />
  <Point X="122.0" Y="110.0" />
  <Point X="123.0" Y="110.0" />
  <Point X="123.0" Y="111.0" />
  <Point X="123.82370286161907" Y="111.0" />
  <Point X="124.0" Y="111.0" />
  <Point X="124.0" Y="113.0" />
  <Point X="125.0" Y="113.0" />
  <Point X="126.0" Y="114.0" />
  <Point X="127.0" Y="115.0" />
  <Point X="127.66927869501194" Y="115.66927869501194" />
  <Point X="128.0" Y="116.0" />
  <Point X="128.0" Y="117.0" />
  <Point X="128.0" Y="118.0" />
  <Point X="129.0" Y="118.0" />
  <Point X="129.0" Y="119.0" />
  <Point X="130.0" Y="120.0" />
  <Point X="131.0" Y="120.0" />
  <Point X="131.0" Y="120.06930315336743" />
  <Point X="131.0" Y="121.0" />
  <Point X="131.0" Y="122.0" />
  <Point X="132.0" Y="122.0" />
  <Point X="132.0" Y="123.0" />
  <Point X="134.0" Y="124.0" />
  <Point X="134.0" Y="124.784462446488" />
  <Point X="134.0" Y="125.0" />
  <Point X="134.0" Y="126.0" />
  <Point X="135.0" Y="126.0" />
  <Point X="135.0" Y="127.0" />
  <Point X="136.0" Y="128.0" />
  <Point X="136.0" Y="129.0" />
  <Point X="137.0" Y="129.0" />
  <Point X="137.2273179690031" Y="129.2273179690031" />
  <Point X="138.0" Y="130.0" />
  <Point X="138.0" Y="131.0" />
  <Point X="139.0" Y="132.0" />
  <Point X="139.0" Y="133.0" />
  <Point X="140.0" Y="134.0" />
  <Point X="140.72836434725454" Y="134.72836434725454" />
  <Point X="141.0" Y="135.0" />
  <Point X="141.0" Y="136.0" />
  <Point X="142.0" Y="136.0" />
  <Point X="142.0" Y="137.0" />
  <Point X="143.0" Y="138.0" />
  <Point X="143.0" Y="139.0" />
  <Point X="143.0" Y="140.0" />
  <Point X="143.1528628841106" Y="140.0" />
  <Point X="144.0" Y="140.0" />
  <Point X="144.0" Y="141.0" />
  <Point X="145.0" Y="141.0" />
  <Point X="146.0" Y="142.0" />
  <Point X="146.0" Y="143.0" />
  <Point X="146.0" Y="144.0" />
  <Point X="146.68987659235788" Y="144.0" />
  <Point X="147.0" Y="144.0" />
  <Point X="147.0" Y="145.0" />
  <Point X="148.0" Y="145.0" />
  <Point X="148.0" Y="146.0" />
  <Point X="148.0" Y="147.0" />
  <Point X="149.0" Y="147.0" />
  <Point X="149.0" Y="148.0" />
  <Point X="149.4533288889568" Y="148.4533288889568" />
  <Point X="150.0" Y="149.0" />
  <Point X="151.0" Y="149.0" />
  <Point X="151.0" Y="150.0" />
  <Point X="152.0" Y="150.0" />
  <Point X="152.0" Y="151.0" />
  <Point X="152.0" Y="152.0" />
  <Point X="153.0" Y="152.0" />
  <Point X="153.0" Y="152.17811757122553" />
  <Point X="153.0" Y="153.0" />
  <Point X="154.0" Y="153.0" />
  <Point X="154.0" Y="154.0" />
  <Point X="155.0" Y="154.0" />
  <Point X="155.0" Y="155.0" />
  <Point X="155.0" Y="156.0" />
  <Point X="156.0" Y="156.0" />
  <Point X="155.90853938521926" Y="155.90853938521926" />
  <Point X="155.0" Y="155.0" />
  <Point X="154.0" Y="155.0" />
  <Point X="154.0" Y="154.0" />
  <Point X="154.0" Y="153.0" />
  <Point X="154.0" Y="152.0" />
  <Point X="154.0" Y="151.0" />
  <Point X="153.33364144990682" Y="151.0" />
  <Point X="153.0" Y="151.0" />
  <Point X="153.0" Y="150.0" />
  <Point X="153.0" Y="149.0" />
  <Point X="153.0" Y="148.0" />
  <Point X="153.0" Y="147.0" />
  <Point X="153.0" Y="146.0" />
  <Point X="153.0" Y="145.0" />
  <Point X="153.0" Y="144.38241417928646" />
  <Point X="153.0" Y="144.0" />
  <Point X="152.0" Y="143.0" />
  <Point X="152.0" Y="142.0" />
  <Point X="152.0" Y="141.0" />
  <Point X="152.0" Y="140.0" />
  <Point X="152.0" Y="139.0" />
  <Point X="152.0" Y="137.84540047103917" />
  <Point X="152.0" Y="137.0" />
  <Point X="152.0" Y="136.0" />
  <Point X="152.0" Y="134.0" />
  <Point X="152.0" Y="133.0" />
  <Point X="152.0" Y="132.0" />
  <Point X="152.0" Y="131.0" />
  <Point X="152.0" Y="130.8941732004188" />
  <Point X="152.0" Y="129.0" />
  <Point X="152.0" Y="128.0" />
  <Point X="152.0" Y="126.0" />
  <Point X="152.0" Y="125.0" />
  <Point X="152.0" Y="124.0" />
  <Point X="152.0" Y="123.94294592979843" />
  <Point X="152.0" Y="123.0" />
  <Point X="152.0" Y="121.0" />
  <Point X="152.0" Y="120.0" />
  <Point X="152.0" Y="119.0" />
  <Point X="152.0" Y="118.0" />
  <Point X="152.0" Y="116.99171865917805" />
  <Point X="152.0" Y="116.0" />
  <Point X="152.0" Y="114.0" />
  <Point X="152.0" Y="113.0" />
  <Point X="151.0" Y="112.0" />
  <Point X="151.0" Y="111.0" />
  <Point X="151.0" Y="110.45470495093076" />
  <Point X="151.0" Y="109.0" />
  <Point X="151.0" Y="107.0" />
  <Point X="151.0" Y="106.0" />
  <Point X="151.0" Y="104.0" />
  <Point X="151.0" Y="103.50347768031038" />
  <Point X="151.0" Y="103.0" />
  <Point X="151.0" Y="102.0" />
  <Point X="151.0" Y="100.0" />
  <Point X="151.0" Y="99.0" />
  <Point X="151.0" Y="97.0" />
  <Point X="151.0" Y="96.55225040969" />
  <Point X="151.0" Y="96.0" />
  <Point X="151.0" Y="95.0" />
  <Point X="151.0" Y="93.0" />
  <Point X="151.0" Y="92.0" />
  <Point X="151.0" Y="90.0" />
  <Point X="151.0" Y="89.60102313906962" />
  <Point X="151.0" Y="88.0" />
  <Point X="151.0" Y="87.0" />
  <Point X="151.0" Y="86.0" />
  <Point X="151.0" Y="84.0" />
  <Point X="151.0" Y="83.0" />
  <Point X="151.0" Y="82.64979586844925" />
  <Point X="151.0" Y="81.0" />
  <Point X="151.0" Y="80.0" />
  <Point X="151.0" Y="78.0" />
  <Point X="151.0" Y="77.0" />
  <Point X="150.07974903027568" Y="76.07974903027568" />
  <Point X="150.0" Y="76.0" />
  <Point X="150.0" Y="75.0" />
  <Point X="150.0" Y="74.0" />
  <Point X="150.0" Y="73.0" />
  <Point X="150.0" Y="72.0" />
  <Point X="150.0" Y="71.0" />
  <Point X="150.0" Y="70.0" />
  <Point X="150.0" Y="69.1615548895816" />
  <Point X="150.0" Y="69.0" />
  <Point X="150.0" Y="68.0" />
  <Point X="150.0" Y="67.0" />
  <Point X="150.0" Y="66.0" />
  <Point X="150.0" Y="65.0" />
  <Point X="150.0" Y="64.0" />
  <Point X="150.0" Y="63.0" />
  <Point X="150.0" Y="62.21032761896122" />
  <Point X="150.0" Y="62.0" />
  <Point X="150.0" Y="61.0" />
  <Point X="150.0" Y="60.0" />
  <Point X="150.0" Y="59.0" />
  <Point X="150.0" Y="58.0" />
  <Point X="150.0" Y="57.0" />
  <Point X="150.0" Y="56.0" />
  <Point X="150.0" Y="55.25910034834085" />
  <Point X="150.0" Y="55.0" />
  <Point X="150.0" Y="54.0" />
  <Point X="150.0" Y="53.0" />
  <Point X="150.0" Y="52.0" />
  <Point X="150.0" Y="51.0" />
  <Point X="150.0" Y="52.0" />
  <Point X="149.0" Y="52.0" />
  <Point X="149.0" Y="52.69212692227952" />
  <Point X="149.0" Y="53.0" />
  <Point X="149.0" Y="54.0" />
  <Point X="149.0" Y="55.0" />
  <Point X="148.0" Y="55.0" />
  <Point X="148.0" Y="56.0" />
  <Point X="147.0" Y="57.0" />
  <Point X="147.0" Y="58.0" />
  <Point X="147.0" Y="58.2291406305268" />
  <Point X="147.0" Y="59.0" />
  <Point X="146.0" Y="59.0" />
  <Point X="146.0" Y="60.0" />
  <Point X="146.0" Y="61.0" />
  <Point X="145.0" Y="62.0" />
  <Point X="145.0" Y="63.0" />
  <Point X="144.65736536344895" Y="63.6852692731021" />
  <Point X="144.0" Y="65.0" />
  <Point X="143.0" Y="66.0" />
  <Point X="142.0" Y="67.0" />
  <Point X="142.0" Y="68.0" />
  <Point X="141.0" Y="68.0" />
  <Point X="141.0" Y="68.65288650714848" />
  <Point X="141.0" Y="69.0" />
  <Point X="141.0" Y="70.0" />
  <Point X="140.0" Y="71.0" />
  <Point X="139.0" Y="72.0" />
  <Point X="138.0" Y="73.0" />
  <Point X="138.0" Y="74.0" />
  <Point X="138.0" Y="74.36147309064957" />
  <Point X="138.0" Y="75.0" />
  <Point X="137.0" Y="75.0" />
  <Point X="137.0" Y="77.0" />
  <Point X="135.0" Y="77.0" />
  <Point X="135.0" Y="78.31270036126995" />
  <Point X="135.0" Y="79.0" />
  <Point X="133.0" Y="79.0" />
  <Point X="133.0" Y="81.0" />
  <Point X="132.0" Y="81.0" />
  <Point X="131.43475437929058" Y="82.13049124141884" />
  <Point X="131.0" Y="83.0" />
  <Point X="130.0" Y="84.0" />
  <Point X="129.0" Y="85.0" />
  <Point X="128.0" Y="87.0" />
  <Point X="127.08540817723507" Y="87.0" />
  <Point X="127.0" Y="87.0" />
  <Point X="126.0" Y="89.0" />
  <Point X="125.0" Y="89.0" />
  <Point X="124.0" Y="91.0" />
  <Point X="123.0145172020221" Y="91.9854827979779" />
  <Point X="123.0" Y="92.0" />
  <Point X="122.0" Y="93.0" />
  <Point X="121.0" Y="94.0" />
  <Point X="120.0" Y="95.0" />
  <Point X="119.0" Y="96.0" />
  <Point X="118.09925726139758" Y="96.90074273860242" />
  <Point X="118.0" Y="97.0" />
  <Point X="118.0" Y="98.0" />
  <Point X="117.0" Y="99.0" />
  <Point X="116.0" Y="100.0" />
  <Point X="115.0" Y="101.0" />
  <Point X="114.0" Y="102.0" />
  <Point X="113.93112818686858" Y="102.13774362626285" />
  <Point X="113.0" Y="104.0" />
  <Point X="112.0" Y="104.0" />
  <Point X="111.0" Y="106.0" />
  <Point X="110.0" Y="107.0" />
  <Point X="109.80422794714143" Y="107.09788602642928" />
  <Point X="108.0" Y="108.0" />
  <Point X="107.0" Y="109.0" />
  <Point X="106.0" Y="110.0" />
  <Point X="105.0" Y="111.0" />
  <Point X="104.51110749214968" Y="111.48889250785032" />
  <Point X="104.0" Y="112.0" />
  <Point X="103.0" Y="113.0" />
  <Point X="103.0" Y="115.0" />
  <Point X="102.0" Y="115.0" />
  <Point X="101.0" Y="116.0" />
  <Point X="100.7171678950848" Y="116.2828321049152" />
  <Point X="100.0" Y="117.0" />
  <Point X="100.0" Y="118.0" />
  <Point X="99.0" Y="118.0" />
  <Point X="98.0" Y="119.0" />
  <Point X="98.0" Y="120.0" />
  <Point X="97.0" Y="121.0" />
  <Point X="96.92322829801992" Y="121.07677170198008" />
  <Point X="96.0" Y="122.0" />
  <Point X="95.0" Y="123.0" />
  <Point X="94.0" Y="124.0" />
  <Point X="93.0" Y="125.0" />
  <Point X="93.0" Y="126.0" />
  <Point X="92.59705539672531" Y="126.0" />
  <Point X="92.0" Y="126.0" />
  <Point X="92.0" Y="128.0" />
  <Point X="90.0" Y="128.0" />
  <Point X="90.0" Y="129.0" />
  <Point X="89.0424558850767" Y="129.9575441149233" />
  <Point X="89.0" Y="130.0" />
  <Point X="88.0" Y="131.0" />
  <Point X="87.0" Y="132.0" />
  <Point X="87.0" Y="133.0" />
  <Point X="86.0" Y="134.0" />
  <Point X="85.0" Y="134.0" />
  <Point X="84.70996190565359" Y="134.58007618869283" />
  <Point X="84.0" Y="136.0" />
  <Point X="83.0" Y="137.0" />
  <Point X="82.0" Y="138.0" />
  <Point X="81.0" Y="138.0" />
  <Point X="81.0" Y="139.0" />
  <Point X="81.0" Y="139.53527706339747" />
  <Point X="81.0" Y="140.0" />
  <Point X="80.0" Y="140.0" />
  <Point X="79.0" Y="141.0" />
  <Point X="79.0" Y="142.0" />
  <Point X="78.0" Y="142.0" />
  <Point X="78.0" Y="143.0" />
  <Point X="77.24177592396624" Y="143.75822407603377" />
  <Point X="77.0" Y="144.0" />
  <Point X="76.0" Y="145.0" />
  <Point X="76.0" Y="146.0" />
  <Point X="75.0" Y="146.0" />
  <Point X="75.0" Y="147.0" />
  <Point X="75.0" Y="148.0" />
  <Point X="74.0" Y="148.0" />
  <Point X="73.80490908248106" Y="148.0" />
  <Point X="73.0" Y="148.0" />
  <Point X="73.0" Y="149.0" />
  <Point X="73.0" Y="150.0" />
  <Point X="72.0" Y="150.0" />
  <Point X="72.0" Y="151.0" />
  <Point X="72.0" Y="152.0" />
  <Point X="72.0" Y="153.0" />
  <Point X="71.85368181186068" Y="153.0" />
  <Point X="71.0" Y="153.0" />
  <Point X="71.0" Y="154.0" />
  <Point X="71.0" Y="153.0" />
  <Point X="71.0" Y="152.0" />
  <Point X="71.0" Y="151.0" />
  <Point X="71.0" Y="150.0" />
  <Point X="71.0" Y="149.0" />
  <Point X="71.0" Y="148.9024545412403" />
  <Point X="71.0" Y="148.0" />
  <Point X="71.0" Y="147.0" />
  <Point X="71.0" Y="146.0" />
  <Point X="71.0" Y="145.0" />
  <Point X="71.0" Y="144.0" />
  <Point X="71.0" Y="143.0" />
  <Point X="71.0" Y="142.0" />
  <Point X="71.0" Y="141.95122727061994" />
  <Point X="71.0" Y="141.0" />
  <Point X="71.0" Y="140.0" />
  <Point X="71.0" Y="139.0" />
  <Point X="71.0" Y="138.0" />
  <Point X="71.0" Y="137.0" />
  <Point X="71.0" Y="136.0" />
  <Point X="71.0" Y="135.0" />
</Project_1_Part_4>
