<?xml version="1.0" encoding="utf-8" standalone="yes"?>
<Gesture Name="x9" Subject="2" Number="2" NumPts="459">
  <Point X="227.0" Y="14.0" />
  <Point X="226.0" Y="14.0" />
  <Point X="216.29066302893443" Y="16.489573582324503" />
  <Point X="205.61266219182482" Y="19.227522514916707" />
  <Point X="194.93466135471522" Y="21.96547144750891" />
  <Point X="184.2566605176056" Y="24.703420380101115" />
  <Point X="173.578659680496" Y="27.441369312693322" />
  <Point X="162.9006588433864" Y="30.17931824528553" />
  <Point X="152.2226580062768" Y="32.91726717787773" />
  <Point X="141.54465716916718" Y="35.65521611046994" />
  <Point X="130.86665633205757" Y="38.39316504306214" />
  <Point X="120.18865549494798" Y="41.13111397565435" />
  <Point X="109.51065465783839" Y="43.86906290824656" />
  <Point X="98.8326538207288" Y="46.607011840838766" />
  <Point X="88.1546529836192" Y="49.34496077343097" />
  <Point X="77.4766521465096" Y="52.08290970602318" />
  <Point X="70.0" Y="54.0" />
  <Point X="70.0" Y="55.0" />
  <Point X="71.0" Y="55.0" />
  <Point X="71.0" Y="56.0" />
  <Point X="71.2156052375614" Y="56.215605237561405" />
  <Point X="72.0" Y="57.0" />
  <Point X="73.0" Y="58.0" />
  <Point X="74.0" Y="58.0" />
  <Point X="74.0" Y="59.0" />
  <Point X="75.0" Y="59.0" />
  <Point X="75.0" Y="60.0" />
  <Point X="76.0" Y="61.0" />
  <Point X="76.0" Y="62.0" />
  <Point X="77.0" Y="62.0" />
  <Point X="78.0" Y="62.0" />
  <Point X="78.0" Y="62.08570376160253" />
  <Point X="78.0" Y="63.0" />
  <Point X="79.0" Y="64.0" />
  <Point X="80.0" Y="65.0" />
  <Point X="80.0" Y="66.0" />
  <Point X="81.0" Y="66.0" />
  <Point X="81.0" Y="67.0" />
  <Point X="82.0" Y="67.0" />
  <Point X="83.0" Y="68.0" />
  <Point X="84.0" Y="69.0" />
  <Point X="84.0" Y="69.45228210975395" />
  <Point X="84.0" Y="70.0" />
  <Point X="85.0" Y="70.0" />
  <Point X="86.0" Y="71.0" />
  <Point X="87.0" Y="73.0" />
  <Point X="88.0" Y="74.0" />
  <Point X="88.0" Y="75.0" />
  <Point X="90.0" Y="76.0" />
  <Point X="90.52554378465987" Y="77.05108756931975" />
  <Point X="91.0" Y="78.0" />
  <Point X="92.0" Y="78.0" />
  <Point X="92.0" Y="79.0" />
  <Point X="94.0" Y="81.0" />
  <Point X="95.0" Y="82.0" />
  <Point X="96.0" Y="83.0" />
  <Point X="97.0" Y="84.0" />
  <Point X="97.0" Y="84.89144843593053" />
  <Point X="97.0" Y="85.0" />
  <Point X="99.0" Y="86.0" />
  <Point X="99.0" Y="87.0" />
  <Point X="100.0" Y="88.0" />
  <Point X="101.0" Y="89.0" />
  <Point X="101.0" Y="90.0" />
  <Point X="102.0" Y="91.0" />
  <Point X="103.0" Y="92.0" />
  <Point X="103.72263400222757" Y="92.72263400222757" />
  <Point X="104.0" Y="93.0" />
  <Point X="105.0" Y="94.0" />
  <Point X="106.0" Y="96.0" />
  <Point X="107.0" Y="97.0" />
  <Point X="108.0" Y="99.0" />
  <Point X="109.0" Y="99.0" />
  <Point X="109.0" Y="101.0" />
  <Point X="109.23377994024632" Y="101.23377994024632" />
  <Point X="110.0" Y="102.0" />
  <Point X="111.0" Y="103.0" />
  <Point X="112.0" Y="105.0" />
  <Point X="113.0" Y="106.0" />
  <Point X="114.0" Y="107.0" />
  <Point X="114.0" Y="108.0" />
  <Point X="115.0" Y="109.0" />
  <Point X="115.46819308756268" Y="109.93638617512536" />
  <Point X="116.0" Y="111.0" />
  <Point X="117.0" Y="112.0" />
  <Point X="118.0" Y="113.0" />
  <Point X="119.0" Y="115.0" />
  <Point X="120.0" Y="116.0" />
  <Point X="120.0" Y="118.0" />
  <Point X="120.95853098992767" Y="118.95853098992767" />
  <Point X="121.0" Y="119.0" />
  <Point X="122.0" Y="120.0" />
  <Point X="123.0" Y="122.0" />
  <Point X="125.0" Y="123.0" />
  <Point X="125.0" Y="124.0" />
  <Point X="125.0" Y="126.0" />
  <Point X="126.85901060676395" Y="126.92950530338197" />
  <Point X="127.0" Y="127.0" />
  <Point X="127.0" Y="129.0" />
  <Point X="128.0" Y="130.0" />
  <Point X="129.0" Y="131.0" />
  <Point X="130.0" Y="133.0" />
  <Point X="131.0" Y="135.0" />
  <Point X="132.0" Y="136.0" />
  <Point X="132.04775830526714" Y="136.14327491580144" />
  <Point X="133.0" Y="139.0" />
  <Point X="135.0" Y="141.0" />
  <Point X="135.0" Y="142.0" />
  <Point X="137.0" Y="144.0" />
  <Point X="137.0" Y="145.0" />
  <Point X="137.25125321894143" Y="145.25125321894143" />
  <Point X="138.0" Y="146.0" />
  <Point X="139.0" Y="149.0" />
  <Point X="139.0" Y="150.0" />
  <Point X="141.0" Y="151.0" />
  <Point X="142.0" Y="154.0" />
  <Point X="142.2856155944179" Y="154.2856155944179" />
  <Point X="143.0" Y="155.0" />
  <Point X="144.0" Y="158.0" />
  <Point X="145.0" Y="160.0" />
  <Point X="145.0" Y="161.0" />
  <Point X="146.0" Y="163.0" />
  <Point X="147.23317079912337" Y="163.61658539956167" />
  <Point X="148.0" Y="164.0" />
  <Point X="148.0" Y="165.0" />
  <Point X="149.0" Y="166.0" />
  <Point X="149.0" Y="167.0" />
  <Point X="150.0" Y="169.0" />
  <Point X="151.0" Y="170.0" />
  <Point X="151.0" Y="171.0" />
  <Point X="152.0" Y="172.0" />
  <Point X="152.4860530553287" Y="172.4860530553287" />
  <Point X="153.0" Y="173.0" />
  <Point X="153.0" Y="174.0" />
  <Point X="154.0" Y="175.0" />
  <Point X="154.0" Y="176.0" />
  <Point X="155.0" Y="177.0" />
  <Point X="156.0" Y="178.0" />
  <Point X="157.0" Y="180.0" />
  <Point X="158.0" Y="180.0" />
  <Point X="158.0" Y="180.81789319353038" />
  <Point X="158.0" Y="181.0" />
  <Point X="159.0" Y="182.0" />
  <Point X="160.0" Y="183.0" />
  <Point X="160.0" Y="184.0" />
  <Point X="161.0" Y="184.0" />
  <Point X="161.0" Y="185.0" />
  <Point X="162.0" Y="185.0" />
  <Point X="162.0" Y="186.0" />
  <Point X="163.0" Y="186.0" />
  <Point X="164.0" Y="186.0" />
  <Point X="164.0" Y="187.0" />
  <Point X="164.0" Y="187.012898666428" />
  <Point X="164.0" Y="188.0" />
  <Point X="165.0" Y="188.0" />
  <Point X="166.0" Y="188.0" />
  <Point X="167.0" Y="188.0" />
  <Point X="167.0" Y="189.0" />
  <Point X="168.0" Y="189.0" />
  <Point X="169.0" Y="189.0" />
  <Point X="168.0" Y="189.0" />
  <Point X="168.0" Y="188.0" />
  <Point X="167.0" Y="188.0" />
  <Point X="167.0" Y="187.0" />
  <Point X="167.0" Y="186.9636687359282" />
  <Point X="167.0" Y="186.0" />
  <Point X="166.0" Y="186.0" />
  <Point X="166.0" Y="185.0" />
  <Point X="165.0" Y="184.0" />
  <Point X="165.0" Y="183.0" />
  <Point X="165.0" Y="182.0" />
  <Point X="164.0" Y="181.0" />
  <Point X="163.0" Y="180.0" />
  <Point X="163.0" Y="179.0" />
  <Point X="163.0" Y="178.18287682540367" />
  <Point X="163.0" Y="178.0" />
  <Point X="163.0" Y="177.0" />
  <Point X="162.0" Y="177.0" />
  <Point X="162.0" Y="176.0" />
  <Point X="162.0" Y="175.0" />
  <Point X="162.0" Y="174.0" />
  <Point X="161.0" Y="173.0" />
  <Point X="161.0" Y="171.0" />
  <Point X="160.0" Y="171.0" />
  <Point X="160.0" Y="170.0" />
  <Point X="160.0" Y="169.57365779013296" />
  <Point X="160.0" Y="169.0" />
  <Point X="160.0" Y="168.0" />
  <Point X="159.0" Y="167.0" />
  <Point X="159.0" Y="166.0" />
  <Point X="159.0" Y="165.0" />
  <Point X="158.0" Y="163.0" />
  <Point X="158.0" Y="162.0" />
  <Point X="158.0" Y="161.0" />
  <Point X="158.0" Y="160.0" />
  <Point X="157.4346728889402" Y="159.4346728889402" />
  <Point X="157.0" Y="159.0" />
  <Point X="157.0" Y="158.0" />
  <Point X="157.0" Y="157.0" />
  <Point X="157.0" Y="156.0" />
  <Point X="157.0" Y="154.0" />
  <Point X="157.0" Y="153.0" />
  <Point X="157.0" Y="152.0" />
  <Point X="157.0" Y="151.0" />
  <Point X="157.0" Y="149.0" />
  <Point X="157.0" Y="148.59128769709133" />
  <Point X="157.0" Y="148.0" />
  <Point X="156.0" Y="147.0" />
  <Point X="156.0" Y="145.0" />
  <Point X="156.0" Y="144.0" />
  <Point X="155.0" Y="143.0" />
  <Point X="155.0" Y="141.0" />
  <Point X="155.0" Y="139.0" />
  <Point X="155.0" Y="138.39628222419373" />
  <Point X="155.0" Y="138.0" />
  <Point X="155.0" Y="137.0" />
  <Point X="155.0" Y="136.0" />
  <Point X="155.0" Y="135.0" />
  <Point X="155.0" Y="133.0" />
  <Point X="155.0" Y="132.0" />
  <Point X="155.0" Y="131.0" />
  <Point X="155.0" Y="130.0" />
  <Point X="155.0" Y="129.0" />
  <Point X="155.0" Y="128.0" />
  <Point X="154.55653771810978" Y="127.55653771810977" />
  <Point X="154.0" Y="127.0" />
  <Point X="153.0" Y="126.0" />
  <Point X="153.0" Y="125.0" />
  <Point X="153.0" Y="123.0" />
  <Point X="153.0" Y="121.0" />
  <Point X="153.0" Y="120.0" />
  <Point X="153.0" Y="119.0" />
  <Point X="153.0" Y="118.0" />
  <Point X="153.0" Y="117.1778441536523" />
  <Point X="153.0" Y="117.0" />
  <Point X="153.0" Y="116.0" />
  <Point X="153.0" Y="115.0" />
  <Point X="153.0" Y="114.0" />
  <Point X="153.0" Y="113.0" />
  <Point X="152.0" Y="112.0" />
  <Point X="152.0" Y="111.0" />
  <Point X="152.0" Y="110.0" />
  <Point X="152.0" Y="109.0" />
  <Point X="152.0" Y="107.0" />
  <Point X="152.0" Y="106.56862511838159" />
  <Point X="152.0" Y="106.0" />
  <Point X="152.0" Y="105.0" />
  <Point X="152.0" Y="103.0" />
  <Point X="152.0" Y="102.0" />
  <Point X="152.0" Y="101.0" />
  <Point X="152.0" Y="100.0" />
  <Point X="152.0" Y="99.0" />
  <Point X="152.0" Y="98.0" />
  <Point X="152.0" Y="97.0" />
  <Point X="152.0" Y="95.54519252073779" />
  <Point X="152.0" Y="95.0" />
  <Point X="152.0" Y="94.0" />
  <Point X="151.0" Y="93.0" />
  <Point X="151.0" Y="92.0" />
  <Point X="151.0" Y="91.0" />
  <Point X="151.0" Y="90.0" />
  <Point X="151.0" Y="89.0" />
  <Point X="151.0" Y="88.0" />
  <Point X="151.0" Y="87.0" />
  <Point X="151.0" Y="86.0" />
  <Point X="151.0" Y="85.0" />
  <Point X="151.0" Y="84.93597348546707" />
  <Point X="151.0" Y="84.0" />
  <Point X="151.0" Y="83.0" />
  <Point X="151.0" Y="82.0" />
  <Point X="151.0" Y="81.0" />
  <Point X="151.0" Y="80.0" />
  <Point X="151.0" Y="79.0" />
  <Point X="151.0" Y="78.0" />
  <Point X="151.0" Y="77.0" />
  <Point X="151.0" Y="76.0" />
  <Point X="151.0" Y="75.0" />
  <Point X="151.76894971248328" Y="74.23105028751672" />
  <Point X="152.0" Y="74.0" />
  <Point X="152.0" Y="73.0" />
  <Point X="152.0" Y="72.0" />
  <Point X="152.0" Y="70.0" />
  <Point X="152.0" Y="69.0" />
  <Point X="152.0" Y="68.0" />
  <Point X="153.0" Y="67.0" />
  <Point X="153.0" Y="66.0" />
  <Point X="153.0" Y="65.0" />
  <Point X="153.0" Y="64.0" />
  <Point X="153.0" Y="63.717535414925635" />
  <Point X="153.0" Y="63.0" />
  <Point X="154.0" Y="63.0" />
  <Point X="154.0" Y="62.0" />
  <Point X="154.0" Y="61.0" />
  <Point X="154.0" Y="60.0" />
  <Point X="155.0" Y="60.0" />
  <Point X="155.0" Y="59.0" />
  <Point X="155.0" Y="58.0" />
  <Point X="155.0" Y="57.0" />
  <Point X="155.0" Y="58.0" />
  <Point X="155.0" Y="59.0" />
  <Point X="154.78369802775413" Y="59.21630197224588" />
  <Point X="154.0" Y="60.0" />
  <Point X="154.0" Y="61.0" />
  <Point X="154.0" Y="62.0" />
  <Point X="153.0" Y="62.0" />
  <Point X="153.0" Y="63.0" />
  <Point X="153.0" Y="64.0" />
  <Point X="152.0" Y="64.0" />
  <Point X="152.0" Y="65.0" />
  <Point X="151.0" Y="66.0" />
  <Point X="151.0" Y="67.0" />
  <Point X="150.64580833549974" Y="67.35419166450028" />
  <Point X="150.0" Y="68.0" />
  <Point X="149.0" Y="70.0" />
  <Point X="148.0" Y="71.0" />
  <Point X="148.0" Y="72.0" />
  <Point X="147.0" Y="73.0" />
  <Point X="146.0" Y="74.0" />
  <Point X="146.0" Y="75.0" />
  <Point X="145.0" Y="76.0" />
  <Point X="145.0" Y="76.21719946389433" />
  <Point X="145.0" Y="77.0" />
  <Point X="144.0" Y="78.0" />
  <Point X="143.0" Y="80.0" />
  <Point X="142.0" Y="81.0" />
  <Point X="142.0" Y="82.0" />
  <Point X="141.0" Y="83.0" />
  <Point X="140.0" Y="83.0" />
  <Point X="140.0" Y="84.0" />
  <Point X="139.46123879929385" Y="84.53876120070616" />
  <Point X="139.0" Y="85.0" />
  <Point X="139.0" Y="86.0" />
  <Point X="138.0" Y="87.0" />
  <Point X="137.0" Y="88.0" />
  <Point X="137.0" Y="90.0" />
  <Point X="135.0" Y="91.0" />
  <Point X="135.0" Y="92.0" />
  <Point X="134.41564954952543" Y="93.16870090094916" />
  <Point X="134.0" Y="94.0" />
  <Point X="133.0" Y="94.0" />
  <Point X="132.0" Y="96.0" />
  <Point X="131.0" Y="97.0" />
  <Point X="131.0" Y="98.0" />
  <Point X="129.0" Y="100.0" />
  <Point X="128.27761440988263" Y="101.44477118023472" />
  <Point X="128.0" Y="102.0" />
  <Point X="127.0" Y="103.0" />
  <Point X="126.0" Y="104.0" />
  <Point X="125.0" Y="105.0" />
  <Point X="125.0" Y="107.0" />
  <Point X="124.0" Y="107.0" />
  <Point X="123.0" Y="109.0" />
  <Point X="122.58679286573981" Y="109.82641426852038" />
  <Point X="122.0" Y="111.0" />
  <Point X="122.0" Y="112.0" />
  <Point X="120.0" Y="114.0" />
  <Point X="119.0" Y="115.0" />
  <Point X="118.0" Y="117.0" />
  <Point X="117.0" Y="118.0" />
  <Point X="116.42130265476155" Y="118.57869734523845" />
  <Point X="116.0" Y="119.0" />
  <Point X="116.0" Y="121.0" />
  <Point X="115.0" Y="122.0" />
  <Point X="113.0" Y="124.0" />
  <Point X="113.0" Y="125.0" />
  <Point X="112.0" Y="126.0" />
  <Point X="111.0" Y="127.0" />
  <Point X="110.74787905657442" Y="127.25212094342558" />
  <Point X="109.0" Y="129.0" />
  <Point X="109.0" Y="130.0" />
  <Point X="108.0" Y="132.0" />
  <Point X="107.0" Y="133.0" />
  <Point X="106.0" Y="134.0" />
  <Point X="105.0" Y="135.0" />
  <Point X="104.52020704351355" Y="135.9595859129729" />
  <Point X="104.0" Y="137.0" />
  <Point X="103.0" Y="138.0" />
  <Point X="103.0" Y="139.0" />
  <Point X="102.0" Y="140.0" />
  <Point X="101.0" Y="141.0" />
  <Point X="100.0" Y="142.0" />
  <Point X="99.0" Y="144.0" />
  <Point X="98.31602122570654" Y="144.68397877429348" />
  <Point X="98.0" Y="145.0" />
  <Point X="97.0" Y="146.0" />
  <Point X="96.0" Y="147.0" />
  <Point X="95.0" Y="149.0" />
  <Point X="94.0" Y="150.0" />
  <Point X="93.0" Y="151.0" />
  <Point X="93.0" Y="153.0" />
  <Point X="92.35149065889746" Y="153.21616978036752" />
  <Point X="90.0" Y="154.0" />
  <Point X="90.0" Y="156.0" />
  <Point X="88.0" Y="157.0" />
  <Point X="87.0" Y="158.0" />
  <Point X="87.0" Y="160.0" />
  <Point X="86.10553773513776" Y="160.0" />
  <Point X="85.0" Y="160.0" />
  <Point X="85.0" Y="162.0" />
  <Point X="84.0" Y="162.0" />
  <Point X="83.0" Y="164.0" />
  <Point X="82.0" Y="165.0" />
  <Point X="82.0" Y="166.0" />
  <Point X="81.0" Y="167.0" />
  <Point X="80.39655524245713" Y="167.60344475754286" />
  <Point X="80.0" Y="168.0" />
  <Point X="79.0" Y="169.0" />
  <Point X="78.0" Y="170.0" />
  <Point X="77.0" Y="171.0" />
  <Point X="77.0" Y="172.0" />
  <Point X="76.0" Y="172.0" />
  <Point X="75.0" Y="173.0" />
  <Point X="74.0" Y="174.0" />
  <Point X="74.0" Y="175.0" />
  <Point X="73.72313164427" Y="175.27686835573" />
  <Point X="72.0" Y="177.0" />
  <Point X="72.0" Y="178.0" />
  <Point X="71.0" Y="178.0" />
  <Point X="70.0" Y="179.0" />
  <Point X="70.0" Y="180.0" />
  <Point X="69.0" Y="180.0" />
  <Point X="69.0" Y="181.0" />
  <Point X="68.0" Y="181.0" />
  <Point X="67.17102838964252" Y="181.82897161035748" />
  <Point X="67.0" Y="182.0" />
  <Point X="67.0" Y="183.0" />
  <Point X="66.0" Y="183.0" />
  <Point X="65.0" Y="183.0" />
  <Point X="65.0" Y="184.0" />
  <Point X="64.0" Y="184.0" />
  <Point X="63.0" Y="185.0" />
  <Point X="62.0" Y="185.0" />
  <Point X="62.0" Y="186.0" />
  <Point X="61.0" Y="186.0" />
  <Point X="61.0" Y="185.0" />
  <Point X="61.0" Y="184.63265163291257" />
  <Point X="61.0" Y="184.0" />
  <Point X="61.0" Y="183.0" />
  <Point X="61.0" Y="182.0" />
  <Point X="61.0" Y="181.0" />
  <Point X="61.0" Y="180.0" />
  <Point X="61.0" Y="179.0" />
  <Point X="61.0" Y="178.0" />
  <Point X="61.0" Y="177.0" />
  <Point X="61.0" Y="176.0" />
  <Point X="61.0" Y="175.0" />
  <Point X="61.0" Y="174.0" />
  <Point X="61.0" Y="173.60921903526875" />
  <Point X="61.0" Y="173.0" />
  <Point X="61.0" Y="172.0" />
  <Point X="61.0" Y="171.0" />
  <Point X="61.0" Y="170.0" />
  <Point X="61.0" Y="169.0" />
  <Point X="61.0" Y="168.0" />
  <Point X="61.0" Y="167.0" />
  <Point X="61.0" Y="166.0" />
  <Point X="61.0" Y="165.0" />
  <Point X="61.0" Y="164.0" />
  <Point X="62.0" Y="163.0" />
</Project_1_Part_4>
