<?xml version="1.0" encoding="utf-8" standalone="yes"?>
<Gesture Name="zig_zag3" Subject="2" Number="2" NumPts="418">
  <Point X="217.0" Y="12.0" />
  <Point X="216.0" Y="12.0" />
  <Point X="209.11963167359858" Y="17.521283224890023" />
  <Point X="201.4593348106258" Y="23.668435028510157" />
  <Point X="193.799037947653" Y="29.81558683213029" />
  <Point X="186.13874108468022" Y="35.96273863575042" />
  <Point X="178.47844422170743" Y="42.10989043937055" />
  <Point X="170.81814735873465" Y="48.257042242990686" />
  <Point X="163.15785049576186" Y="54.40419404661082" />
  <Point X="155.49755363278908" Y="60.55134585023095" />
  <Point X="147.8372567698163" Y="66.69849765385109" />
  <Point X="140.1769599068435" Y="72.84564945747123" />
  <Point X="132.51666304387072" Y="78.99280126109136" />
  <Point X="124.85636618089795" Y="85.13995306471149" />
  <Point X="117.19606931792518" Y="91.28710486833162" />
  <Point X="109.5357724549524" Y="97.43425667195176" />
  <Point X="101.87547559197961" Y="103.58140847557189" />
  <Point X="94.21517872900684" Y="109.72856027919202" />
  <Point X="86.55488186603407" Y="115.87571208281216" />
  <Point X="78.89458500306128" Y="122.02286388643229" />
  <Point X="71.23428814008851" Y="128.17001569005242" />
  <Point X="63.57399127711573" Y="134.31716749367257" />
  <Point X="55.913694414142945" Y="140.4643192972927" />
  <Point X="54.0" Y="142.0" />
  <Point X="55.0" Y="142.0" />
  <Point X="56.0" Y="142.0" />
  <Point X="56.0" Y="141.0" />
  <Point X="57.0" Y="141.0" />
  <Point X="57.0" Y="140.0" />
  <Point X="57.0" Y="139.0" />
  <Point X="58.0" Y="139.0" />
  <Point X="58.0" Y="138.63188589804344" />
  <Point X="58.0" Y="138.0" />
  <Point X="58.0" Y="137.0" />
  <Point X="59.0" Y="136.0" />
  <Point X="60.0" Y="135.0" />
  <Point X="60.0" Y="134.0" />
  <Point X="61.0" Y="133.0" />
  <Point X="62.0" Y="132.0" />
  <Point X="62.0" Y="131.0" />
  <Point X="62.53305313707473" Y="131.0" />
  <Point X="63.0" Y="131.0" />
  <Point X="64.0" Y="130.0" />
  <Point X="64.0" Y="129.0" />
  <Point X="65.0" Y="128.0" />
  <Point X="66.0" Y="126.0" />
  <Point X="67.0" Y="125.0" />
  <Point X="68.0" Y="124.0" />
  <Point X="68.32662973046163" Y="123.67337026953837" />
  <Point X="69.0" Y="123.0" />
  <Point X="69.0" Y="122.0" />
  <Point X="70.0" Y="121.0" />
  <Point X="70.0" Y="120.0" />
  <Point X="71.0" Y="120.0" />
  <Point X="72.0" Y="118.0" />
  <Point X="72.0" Y="117.0" />
  <Point X="72.86212041059187" Y="116.13787958940813" />
  <Point X="73.0" Y="116.0" />
  <Point X="73.0" Y="115.0" />
  <Point X="74.0" Y="114.0" />
  <Point X="74.0" Y="113.0" />
  <Point X="75.0" Y="112.0" />
  <Point X="76.0" Y="111.0" />
  <Point X="77.0" Y="109.0" />
  <Point X="77.8118246530952" Y="108.1881753469048" />
  <Point X="78.0" Y="108.0" />
  <Point X="79.0" Y="107.0" />
  <Point X="79.0" Y="106.0" />
  <Point X="80.0" Y="105.0" />
  <Point X="80.0" Y="104.0" />
  <Point X="81.0" Y="103.0" />
  <Point X="82.0" Y="103.0" />
  <Point X="82.0" Y="102.0" />
  <Point X="82.0" Y="101.0" />
  <Point X="82.22134738212307" Y="100.77865261787693" />
  <Point X="83.0" Y="100.0" />
  <Point X="84.0" Y="99.0" />
  <Point X="85.0" Y="98.0" />
  <Point X="85.0" Y="97.0" />
  <Point X="86.0" Y="96.0" />
  <Point X="87.0" Y="95.0" />
  <Point X="87.0" Y="94.0" />
  <Point X="87.75219045471059" Y="93.24780954528941" />
  <Point X="88.0" Y="93.0" />
  <Point X="89.0" Y="93.0" />
  <Point X="89.0" Y="91.0" />
  <Point X="90.0" Y="91.0" />
  <Point X="90.0" Y="90.0" />
  <Point X="92.0" Y="89.0" />
  <Point X="92.0" Y="88.0" />
  <Point X="93.0" Y="88.0" />
  <Point X="93.0" Y="87.76473031272305" />
  <Point X="93.0" Y="87.0" />
  <Point X="93.0" Y="86.0" />
  <Point X="94.0" Y="86.0" />
  <Point X="95.0" Y="85.0" />
  <Point X="96.0" Y="84.0" />
  <Point X="97.0" Y="83.0" />
  <Point X="97.0" Y="82.0" />
  <Point X="98.0" Y="82.0" />
  <Point X="98.0" Y="81.18557771523179" />
  <Point X="98.0" Y="81.0" />
  <Point X="99.0" Y="80.0" />
  <Point X="100.0" Y="80.0" />
  <Point X="100.0" Y="79.0" />
  <Point X="101.0" Y="79.0" />
  <Point X="101.0" Y="78.0" />
  <Point X="102.0" Y="78.0" />
  <Point X="103.0" Y="78.0" />
  <Point X="104.0" Y="78.0" />
  <Point X="104.0" Y="79.0" />
  <Point X="104.0" Y="79.22200200700567" />
  <Point X="104.0" Y="80.0" />
  <Point X="104.0" Y="81.0" />
  <Point X="104.0" Y="82.0" />
  <Point X="104.0" Y="83.0" />
  <Point X="104.0" Y="85.0" />
  <Point X="104.0" Y="86.0" />
  <Point X="104.0" Y="87.0" />
  <Point X="104.0" Y="88.0" />
  <Point X="104.0" Y="89.0" />
  <Point X="104.0" Y="89.04379529161622" />
  <Point X="104.0" Y="90.0" />
  <Point X="104.0" Y="91.0" />
  <Point X="104.0" Y="92.0" />
  <Point X="104.0" Y="93.0" />
  <Point X="104.0" Y="94.0" />
  <Point X="104.0" Y="95.0" />
  <Point X="104.0" Y="96.0" />
  <Point X="104.0" Y="97.0" />
  <Point X="104.0" Y="98.86558857622677" />
  <Point X="104.0" Y="99.0" />
  <Point X="104.0" Y="100.0" />
  <Point X="104.0" Y="102.0" />
  <Point X="104.0" Y="103.0" />
  <Point X="104.0" Y="104.0" />
  <Point X="104.0" Y="105.0" />
  <Point X="104.0" Y="106.0" />
  <Point X="104.0" Y="107.0" />
  <Point X="104.0" Y="108.0" />
  <Point X="104.0" Y="108.68738186083732" />
  <Point X="104.0" Y="109.0" />
  <Point X="104.0" Y="110.0" />
  <Point X="104.0" Y="112.0" />
  <Point X="104.0" Y="114.0" />
  <Point X="104.0" Y="115.0" />
  <Point X="104.0" Y="116.0" />
  <Point X="104.0" Y="117.0" />
  <Point X="104.0" Y="118.0" />
  <Point X="104.0" Y="118.50917514544787" />
  <Point X="104.0" Y="119.0" />
  <Point X="104.0" Y="121.0" />
  <Point X="104.0" Y="122.0" />
  <Point X="104.0" Y="124.0" />
  <Point X="104.0" Y="125.0" />
  <Point X="104.0" Y="126.0" />
  <Point X="104.0" Y="127.0" />
  <Point X="104.0" Y="128.33096843005842" />
  <Point X="104.0" Y="129.0" />
  <Point X="104.0" Y="130.0" />
  <Point X="104.0" Y="131.0" />
  <Point X="104.0" Y="133.0" />
  <Point X="104.0" Y="134.0" />
  <Point X="104.0" Y="135.0" />
  <Point X="104.0" Y="136.0" />
  <Point X="104.0" Y="137.0" />
  <Point X="104.0" Y="138.0" />
  <Point X="104.0" Y="138.15276171466897" />
  <Point X="104.0" Y="139.0" />
  <Point X="105.0" Y="140.0" />
  <Point X="105.0" Y="141.0" />
  <Point X="105.0" Y="142.0" />
  <Point X="105.0" Y="143.0" />
  <Point X="105.0" Y="144.0" />
  <Point X="105.0" Y="145.0" />
  <Point X="105.0" Y="146.0" />
  <Point X="105.0" Y="147.0" />
  <Point X="105.0" Y="147.5603414369064" />
  <Point X="105.0" Y="148.0" />
  <Point X="105.0" Y="149.0" />
  <Point X="105.0" Y="150.0" />
  <Point X="105.0" Y="151.0" />
  <Point X="105.0" Y="153.0" />
  <Point X="105.0" Y="154.0" />
  <Point X="105.0" Y="155.0" />
  <Point X="105.0" Y="156.0" />
  <Point X="105.0" Y="157.0" />
  <Point X="105.0" Y="156.61786527848304" />
  <Point X="105.0" Y="156.0" />
  <Point X="105.0" Y="155.0" />
  <Point X="106.0" Y="155.0" />
  <Point X="106.0" Y="153.0" />
  <Point X="106.0" Y="152.0" />
  <Point X="107.0" Y="152.0" />
  <Point X="107.0" Y="151.0" />
  <Point X="108.0" Y="151.0" />
  <Point X="108.0" Y="150.0" />
  <Point X="108.0" Y="149.7960719938725" />
  <Point X="108.0" Y="149.0" />
  <Point X="109.0" Y="148.0" />
  <Point X="109.0" Y="147.0" />
  <Point X="110.0" Y="147.0" />
  <Point X="111.0" Y="146.0" />
  <Point X="111.0" Y="145.0" />
  <Point X="112.0" Y="144.0" />
  <Point X="112.0" Y="142.21691939638123" />
  <Point X="112.0" Y="142.0" />
  <Point X="113.0" Y="142.0" />
  <Point X="113.0" Y="141.0" />
  <Point X="114.0" Y="140.0" />
  <Point X="115.0" Y="139.0" />
  <Point X="115.0" Y="138.0" />
  <Point X="116.0" Y="137.0" />
  <Point X="116.0" Y="136.0" />
  <Point X="116.96324433406237" Y="135.03675566593765" />
  <Point X="117.0" Y="135.0" />
  <Point X="118.0" Y="135.0" />
  <Point X="118.0" Y="133.0" />
  <Point X="119.0" Y="133.0" />
  <Point X="119.0" Y="132.0" />
  <Point X="120.0" Y="131.0" />
  <Point X="121.0" Y="129.0" />
  <Point X="121.50066965527871" Y="127.99866068944257" />
  <Point X="122.0" Y="127.0" />
  <Point X="123.0" Y="127.0" />
  <Point X="124.0" Y="126.0" />
  <Point X="124.0" Y="125.0" />
  <Point X="124.0" Y="124.0" />
  <Point X="125.0" Y="123.0" />
  <Point X="126.0" Y="122.0" />
  <Point X="126.65410176174584" Y="120.69179647650833" />
  <Point X="127.0" Y="120.0" />
  <Point X="127.0" Y="119.0" />
  <Point X="128.0" Y="118.0" />
  <Point X="128.0" Y="117.0" />
  <Point X="129.0" Y="117.0" />
  <Point X="129.0" Y="116.0" />
  <Point X="129.0" Y="115.0" />
  <Point X="130.0" Y="114.0" />
  <Point X="131.0" Y="114.0" />
  <Point X="131.0" Y="113.78008581416937" />
  <Point X="131.0" Y="113.0" />
  <Point X="131.0" Y="112.0" />
  <Point X="132.0" Y="111.0" />
  <Point X="132.0" Y="110.0" />
  <Point X="133.0" Y="109.0" />
  <Point X="134.0" Y="109.0" />
  <Point X="134.0" Y="108.0" />
  <Point X="135.0" Y="107.0" />
  <Point X="135.0" Y="106.20093321667811" />
  <Point X="135.0" Y="106.0" />
  <Point X="136.0" Y="105.0" />
  <Point X="136.0" Y="104.0" />
  <Point X="137.0" Y="104.0" />
  <Point X="138.0" Y="103.0" />
  <Point X="138.0" Y="102.0" />
  <Point X="139.0" Y="101.0" />
  <Point X="139.0" Y="100.0" />
  <Point X="140.0" Y="100.0" />
  <Point X="140.0" Y="99.62178061918685" />
  <Point X="140.0" Y="99.0" />
  <Point X="141.0" Y="98.0" />
  <Point X="141.0" Y="97.0" />
  <Point X="142.0" Y="97.0" />
  <Point X="142.0" Y="96.0" />
  <Point X="143.0" Y="95.0" />
  <Point X="144.0" Y="94.0" />
  <Point X="144.0" Y="93.0" />
  <Point X="144.95737197830442" Y="93.0" />
  <Point X="145.0" Y="93.0" />
  <Point X="146.0" Y="93.0" />
  <Point X="146.0" Y="94.0" />
  <Point X="146.0" Y="95.0" />
  <Point X="146.0" Y="96.0" />
  <Point X="146.0" Y="97.0" />
  <Point X="146.0" Y="98.0" />
  <Point X="146.0" Y="99.0" />
  <Point X="147.0" Y="100.0" />
  <Point X="147.0" Y="101.0" />
  <Point X="147.0" Y="101.36495170054188" />
  <Point X="147.0" Y="102.0" />
  <Point X="147.0" Y="103.0" />
  <Point X="147.0" Y="104.0" />
  <Point X="147.0" Y="105.0" />
  <Point X="147.0" Y="106.0" />
  <Point X="147.0" Y="107.0" />
  <Point X="147.0" Y="108.0" />
  <Point X="147.0" Y="109.0" />
  <Point X="147.0" Y="110.0" />
  <Point X="147.8391554265404" Y="110.83915542654042" />
  <Point X="148.0" Y="111.0" />
  <Point X="148.0" Y="112.0" />
  <Point X="148.0" Y="113.0" />
  <Point X="148.0" Y="114.0" />
  <Point X="148.0" Y="115.0" />
  <Point X="148.0" Y="116.0" />
  <Point X="148.0" Y="117.0" />
  <Point X="148.0" Y="118.0" />
  <Point X="148.0" Y="119.0" />
  <Point X="148.0" Y="120.59432470738987" />
  <Point X="148.0" Y="121.0" />
  <Point X="148.0" Y="122.0" />
  <Point X="148.0" Y="123.0" />
  <Point X="149.0" Y="123.0" />
  <Point X="149.0" Y="125.0" />
  <Point X="149.0" Y="126.0" />
  <Point X="149.0" Y="127.0" />
  <Point X="149.0" Y="128.0" />
  <Point X="149.0" Y="129.0" />
  <Point X="149.0" Y="129.4161179920004" />
  <Point X="149.0" Y="130.0" />
  <Point X="149.0" Y="131.0" />
  <Point X="149.0" Y="132.0" />
  <Point X="149.0" Y="134.0" />
  <Point X="150.0" Y="135.0" />
  <Point X="150.0" Y="136.0" />
  <Point X="150.0" Y="137.0" />
  <Point X="150.0" Y="138.0" />
  <Point X="150.0" Y="138.82369771423785" />
  <Point X="150.0" Y="139.0" />
  <Point X="150.0" Y="140.0" />
  <Point X="150.0" Y="141.0" />
  <Point X="150.0" Y="142.0" />
  <Point X="150.0" Y="143.0" />
  <Point X="151.0" Y="143.0" />
  <Point X="151.0" Y="144.0" />
  <Point X="151.0" Y="145.0" />
  <Point X="151.0" Y="146.0" />
  <Point X="151.0" Y="147.0" />
  <Point X="151.6454909988484" Y="147.0" />
  <Point X="152.0" Y="147.0" />
  <Point X="153.0" Y="147.0" />
  <Point X="153.0" Y="146.0" />
  <Point X="154.0" Y="145.0" />
  <Point X="154.0" Y="144.0" />
  <Point X="154.0" Y="143.0" />
  <Point X="155.0" Y="143.0" />
  <Point X="155.0" Y="142.0" />
  <Point X="156.0" Y="141.0" />
  <Point X="156.0" Y="140.36114284128723" />
  <Point X="156.0" Y="140.0" />
  <Point X="157.0" Y="139.0" />
  <Point X="157.0" Y="138.0" />
  <Point X="158.0" Y="137.0" />
  <Point X="158.0" Y="136.0" />
  <Point X="159.0" Y="136.0" />
  <Point X="159.0" Y="135.0" />
  <Point X="159.0" Y="134.0" />
  <Point X="159.0" Y="133.0" />
  <Point X="159.63222331857713" Y="133.0" />
  <Point X="160.0" Y="133.0" />
  <Point X="160.0" Y="132.0" />
  <Point X="160.0" Y="131.0" />
  <Point X="160.0" Y="130.0" />
  <Point X="160.0" Y="129.0" />
  <Point X="161.0" Y="128.0" />
  <Point X="162.0" Y="127.0" />
  <Point X="162.0" Y="125.0" />
  <Point X="162.0" Y="124.3744105215585" />
  <Point X="162.0" Y="124.0" />
  <Point X="163.0" Y="124.0" />
  <Point X="163.0" Y="123.0" />
  <Point X="163.0" Y="122.0" />
  <Point X="163.0" Y="121.0" />
  <Point X="164.0" Y="120.0" />
  <Point X="164.0" Y="119.0" />
  <Point X="164.0" Y="118.0" />
  <Point X="164.0" Y="117.0" />
  <Point X="164.73056094791318" Y="116.26943905208682" />
  <Point X="165.0" Y="116.0" />
  <Point X="165.0" Y="115.0" />
  <Point X="166.0" Y="114.0" />
  <Point X="166.0" Y="113.0" />
  <Point X="166.0" Y="112.0" />
  <Point X="166.0" Y="111.0" />
  <Point X="167.0" Y="110.0" />
  <Point X="167.0" Y="108.0" />
  <Point X="167.4329768957545" Y="107.5670231042455" />
  <Point X="168.0" Y="107.0" />
  <Point X="168.0" Y="106.0" />
  <Point X="168.0" Y="105.0" />
  <Point X="168.0" Y="104.0" />
  <Point X="168.0" Y="103.0" />
  <Point X="168.0" Y="102.0" />
  <Point X="169.0" Y="101.0" />
  <Point X="169.0" Y="100.0" />
  <Point X="170.0" Y="100.0" />
  <Point X="170.0" Y="99.39431204196542" />
  <Point X="170.0" Y="99.0" />
  <Point X="170.0" Y="98.0" />
  <Point X="170.0" Y="97.0" />
  <Point X="171.0" Y="96.0" />
  <Point X="171.0" Y="95.0" />
  <Point X="171.0" Y="94.0" />
  <Point X="171.0" Y="93.0" />
  <Point X="172.0" Y="93.0" />
  <Point X="172.0" Y="92.0" />
  <Point X="172.0" Y="91.0" />
  <Point X="172.00938166669096" Y="90.99061833330903" />
  <Point X="173.0" Y="90.0" />
  <Point X="173.0" Y="89.0" />
  <Point X="174.0" Y="89.0" />
  <Point X="174.0" Y="88.0" />
  <Point X="174.0" Y="87.0" />
  <Point X="175.0" Y="86.0" />
  <Point X="175.0" Y="85.0" />
  <Point X="175.0" Y="84.0" />
  <Point X="176.0" Y="84.0" />
  <Point X="176.0" Y="83.99336615986361" />
  <Point X="176.0" Y="83.0" />
  <Point X="177.0" Y="82.0" />
  <Point X="177.0" Y="81.0" />
  <Point X="178.0" Y="81.0" />
  <Point X="178.0" Y="80.0" />
  <Point X="178.0" Y="79.0" />
  <Point X="179.0" Y="78.0" />
  <Point X="179.0" Y="77.0" />
  <Point X="180.0" Y="77.0" />
</Project_1_Part_4>
