<?xml version="1.0" encoding="utf-8" standalone="yes"?>
<Gesture Name="zig_zag6" Subject="2" Number="2" NumPts="504">
  <Point X="31.0" Y="151.0" />
  <Point X="31.0" Y="150.0" />
  <Point X="31.0" Y="149.0" />
  <Point X="31.0" Y="148.0" />
  <Point X="31.0" Y="147.0" />
  <Point X="31.0" Y="146.0" />
  <Point X="31.0" Y="145.0" />
  <Point X="31.0" Y="144.0" />
  <Point X="31.9181096907199" Y="144.0" />
  <Point X="32.0" Y="144.0" />
  <Point X="32.0" Y="143.0" />
  <Point X="32.0" Y="142.0" />
  <Point X="32.0" Y="141.0" />
  <Point X="33.0" Y="140.0" />
  <Point X="34.0" Y="140.0" />
  <Point X="34.0" Y="139.0" />
  <Point X="34.0" Y="138.0" />
  <Point X="34.0" Y="137.5779941809333" />
  <Point X="34.0" Y="137.0" />
  <Point X="35.0" Y="137.0" />
  <Point X="35.0" Y="136.0" />
  <Point X="35.0" Y="135.0" />
  <Point X="36.0" Y="134.0" />
  <Point X="36.0" Y="133.0" />
  <Point X="37.0" Y="132.0" />
  <Point X="37.51168838504041" Y="132.0" />
  <Point X="38.0" Y="132.0" />
  <Point X="38.0" Y="131.0" />
  <Point X="38.0" Y="130.0" />
  <Point X="39.0" Y="129.0" />
  <Point X="39.0" Y="128.0" />
  <Point X="40.0" Y="128.0" />
  <Point X="40.0" Y="127.0" />
  <Point X="40.0" Y="126.0" />
  <Point X="40.01558451338721" Y="126.0" />
  <Point X="41.0" Y="126.0" />
  <Point X="42.0" Y="125.0" />
  <Point X="42.0" Y="124.0" />
  <Point X="42.0" Y="123.0" />
  <Point X="43.0" Y="122.0" />
  <Point X="43.0" Y="121.0" />
  <Point X="44.0" Y="121.0" />
  <Point X="44.074435065651805" Y="120.92556493434819" />
  <Point X="45.0" Y="120.0" />
  <Point X="45.0" Y="119.0" />
  <Point X="46.0" Y="118.0" />
  <Point X="46.0" Y="117.0" />
  <Point X="46.0" Y="116.0" />
  <Point X="48.0" Y="116.0" />
  <Point X="48.0" Y="115.80505035466537" />
  <Point X="48.0" Y="115.0" />
  <Point X="48.0" Y="113.0" />
  <Point X="49.0" Y="113.0" />
  <Point X="49.0" Y="112.0" />
  <Point X="49.0" Y="111.0" />
  <Point X="50.0" Y="111.0" />
  <Point X="50.787051804387154" Y="110.21294819561285" />
  <Point X="51.0" Y="110.0" />
  <Point X="52.0" Y="109.0" />
  <Point X="52.0" Y="108.0" />
  <Point X="53.0" Y="107.0" />
  <Point X="53.0" Y="106.0" />
  <Point X="54.0" Y="105.0" />
  <Point X="54.97178729850101" Y="104.02821270149899" />
  <Point X="55.0" Y="104.0" />
  <Point X="55.0" Y="103.0" />
  <Point X="56.0" Y="102.0" />
  <Point X="57.0" Y="101.0" />
  <Point X="57.0" Y="100.0" />
  <Point X="58.0" Y="100.0" />
  <Point X="58.91669117464603" Y="98.16661765070793" />
  <Point X="59.0" Y="98.0" />
  <Point X="59.0" Y="97.0" />
  <Point X="60.0" Y="96.0" />
  <Point X="61.0" Y="95.0" />
  <Point X="62.0" Y="93.0" />
  <Point X="62.0" Y="92.0" />
  <Point X="62.667330391856794" Y="92.0" />
  <Point X="63.0" Y="92.0" />
  <Point X="64.0" Y="90.0" />
  <Point X="64.0" Y="89.0" />
  <Point X="65.0" Y="89.0" />
  <Point X="65.0" Y="88.0" />
  <Point X="66.0" Y="87.0" />
  <Point X="66.6612569470304" Y="86.3387430529696" />
  <Point X="67.0" Y="86.0" />
  <Point X="67.0" Y="85.0" />
  <Point X="68.0" Y="85.0" />
  <Point X="68.0" Y="84.0" />
  <Point X="69.0" Y="83.0" />
  <Point X="69.0" Y="82.0" />
  <Point X="70.0" Y="82.0" />
  <Point X="70.0" Y="81.0" />
  <Point X="70.02484110867752" Y="81.0" />
  <Point X="71.0" Y="81.0" />
  <Point X="71.0" Y="80.0" />
  <Point X="71.0" Y="79.0" />
  <Point X="72.0" Y="79.0" />
  <Point X="72.0" Y="78.0" />
  <Point X="72.0" Y="77.0" />
  <Point X="73.0" Y="77.0" />
  <Point X="73.0" Y="76.05704920060258" />
  <Point X="73.0" Y="76.0" />
  <Point X="74.0" Y="76.0" />
  <Point X="74.0" Y="75.0" />
  <Point X="74.0" Y="74.0" />
  <Point X="75.0" Y="74.0" />
  <Point X="76.0" Y="74.0" />
  <Point X="76.0" Y="73.0" />
  <Point X="76.0" Y="72.0" />
  <Point X="76.86106049011732" Y="72.0" />
  <Point X="77.0" Y="72.0" />
  <Point X="77.0" Y="71.0" />
  <Point X="78.0" Y="70.0" />
  <Point X="78.0" Y="69.0" />
  <Point X="79.0" Y="69.0" />
  <Point X="80.0" Y="68.0" />
  <Point X="80.0" Y="67.0" />
  <Point X="80.95074305609103" Y="67.0" />
  <Point X="81.0" Y="67.0" />
  <Point X="81.0" Y="66.0" />
  <Point X="82.0" Y="66.0" />
  <Point X="82.0" Y="65.0" />
  <Point X="83.0" Y="65.0" />
  <Point X="83.0" Y="66.0" />
  <Point X="83.0" Y="67.0" />
  <Point X="84.0" Y="67.0" />
  <Point X="84.0" Y="67.86885274681093" />
  <Point X="84.0" Y="68.0" />
  <Point X="84.0" Y="69.0" />
  <Point X="85.0" Y="70.0" />
  <Point X="85.0" Y="71.0" />
  <Point X="85.0" Y="72.0" />
  <Point X="86.0" Y="73.0" />
  <Point X="86.0" Y="74.0" />
  <Point X="86.0" Y="74.95853531278463" />
  <Point X="86.0" Y="75.0" />
  <Point X="87.0" Y="76.0" />
  <Point X="87.0" Y="77.0" />
  <Point X="88.0" Y="77.0" />
  <Point X="88.0" Y="78.0" />
  <Point X="88.0" Y="79.0" />
  <Point X="88.0" Y="80.0" />
  <Point X="88.0" Y="81.0" />
  <Point X="88.32698840785791" Y="81.32698840785791" />
  <Point X="89.0" Y="82.0" />
  <Point X="89.0" Y="83.0" />
  <Point X="89.0" Y="84.0" />
  <Point X="89.0" Y="85.0" />
  <Point X="90.0" Y="85.0" />
  <Point X="90.0" Y="87.0" />
  <Point X="90.0" Y="87.96632756947825" />
  <Point X="90.0" Y="88.0" />
  <Point X="90.0" Y="89.0" />
  <Point X="90.0" Y="90.0" />
  <Point X="91.0" Y="91.0" />
  <Point X="91.0" Y="92.0" />
  <Point X="91.0" Y="93.0" />
  <Point X="92.0" Y="93.0" />
  <Point X="92.0" Y="94.0" />
  <Point X="92.0" Y="94.47022369782506" />
  <Point X="92.0" Y="95.0" />
  <Point X="92.0" Y="96.0" />
  <Point X="92.0" Y="97.0" />
  <Point X="92.0" Y="98.0" />
  <Point X="92.0" Y="99.0" />
  <Point X="92.0" Y="100.0" />
  <Point X="93.0" Y="101.0" />
  <Point X="93.0" Y="101.97411982617187" />
  <Point X="93.0" Y="102.0" />
  <Point X="93.0" Y="103.0" />
  <Point X="93.0" Y="104.0" />
  <Point X="93.0" Y="105.0" />
  <Point X="93.0" Y="106.0" />
  <Point X="93.0" Y="107.0" />
  <Point X="93.0" Y="108.0" />
  <Point X="93.0" Y="109.0" />
  <Point X="93.39901717026036" Y="109.79803434052072" />
  <Point X="94.0" Y="111.0" />
  <Point X="95.0" Y="112.0" />
  <Point X="95.0" Y="113.0" />
  <Point X="95.0" Y="114.0" />
  <Point X="95.0" Y="115.0" />
  <Point X="95.0" Y="116.0" />
  <Point X="95.0" Y="117.0" />
  <Point X="95.0" Y="117.16005766773878" />
  <Point X="95.0" Y="118.0" />
  <Point X="95.0" Y="119.0" />
  <Point X="95.0" Y="120.0" />
  <Point X="95.0" Y="121.0" />
  <Point X="95.0" Y="122.0" />
  <Point X="95.0" Y="123.0" />
  <Point X="96.0" Y="124.0" />
  <Point X="96.0" Y="124.6639537960856" />
  <Point X="96.0" Y="125.0" />
  <Point X="96.0" Y="126.0" />
  <Point X="96.0" Y="127.0" />
  <Point X="96.0" Y="128.0" />
  <Point X="96.0" Y="129.0" />
  <Point X="96.0" Y="130.0" />
  <Point X="96.0" Y="131.0" />
  <Point X="96.0" Y="132.0" />
  <Point X="96.0" Y="132.58206348680548" />
  <Point X="96.0" Y="133.0" />
  <Point X="96.0" Y="134.0" />
  <Point X="97.0" Y="135.0" />
  <Point X="97.0" Y="136.0" />
  <Point X="97.0" Y="137.0" />
  <Point X="97.0" Y="138.0" />
  <Point X="98.0" Y="138.0" />
  <Point X="98.0" Y="139.0" />
  <Point X="98.0" Y="139.0859596151523" />
  <Point X="98.0" Y="140.0" />
  <Point X="98.0" Y="141.0" />
  <Point X="98.0" Y="142.0" />
  <Point X="99.0" Y="143.0" />
  <Point X="99.0" Y="144.0" />
  <Point X="99.0" Y="145.0" />
  <Point X="99.0" Y="146.0" />
  <Point X="99.0" Y="145.4101442565009" />
  <Point X="99.0" Y="145.0" />
  <Point X="99.0" Y="144.0" />
  <Point X="100.0" Y="143.0" />
  <Point X="100.0" Y="142.0" />
  <Point X="100.0" Y="141.0" />
  <Point X="100.0" Y="140.0" />
  <Point X="100.0" Y="139.0" />
  <Point X="100.0" Y="138.0" />
  <Point X="100.06629258433117" Y="137.93370741566883" />
  <Point X="101.0" Y="137.0" />
  <Point X="102.0" Y="136.0" />
  <Point X="102.0" Y="135.0" />
  <Point X="102.0" Y="134.0" />
  <Point X="102.0" Y="133.0" />
  <Point X="103.0" Y="132.0" />
  <Point X="103.0" Y="131.2307791245535" />
  <Point X="103.0" Y="130.0" />
  <Point X="104.0" Y="129.0" />
  <Point X="104.0" Y="128.0" />
  <Point X="105.0" Y="127.0" />
  <Point X="105.0" Y="126.0" />
  <Point X="106.0" Y="126.0" />
  <Point X="106.0" Y="125.14109655857979" />
  <Point X="106.0" Y="124.0" />
  <Point X="107.0" Y="123.0" />
  <Point X="107.0" Y="121.0" />
  <Point X="108.0" Y="120.0" />
  <Point X="108.0" Y="119.0" />
  <Point X="108.6707515983669" Y="118.3292484016331" />
  <Point X="109.0" Y="118.0" />
  <Point X="109.0" Y="117.0" />
  <Point X="110.0" Y="116.0" />
  <Point X="111.0" Y="115.0" />
  <Point X="111.0" Y="114.0" />
  <Point X="112.0" Y="113.0" />
  <Point X="112.0" Y="112.0" />
  <Point X="112.14838031129422" Y="111.85161968870578" />
  <Point X="113.0" Y="111.0" />
  <Point X="113.0" Y="110.0" />
  <Point X="114.0" Y="109.0" />
  <Point X="114.0" Y="108.0" />
  <Point X="114.0" Y="107.0" />
  <Point X="115.0" Y="107.0" />
  <Point X="115.91890224303498" Y="106.08109775696502" />
  <Point X="116.0" Y="106.0" />
  <Point X="116.0" Y="105.0" />
  <Point X="117.0" Y="104.0" />
  <Point X="117.0" Y="103.0" />
  <Point X="117.0" Y="102.0" />
  <Point X="118.0" Y="101.0" />
  <Point X="118.0" Y="100.0" />
  <Point X="118.68942417477574" Y="99.31057582522426" />
  <Point X="119.0" Y="99.0" />
  <Point X="120.0" Y="98.0" />
  <Point X="120.0" Y="97.0" />
  <Point X="121.0" Y="97.0" />
  <Point X="121.0" Y="96.0" />
  <Point X="121.0" Y="95.0" />
  <Point X="122.0" Y="95.0" />
  <Point X="122.0" Y="94.0" />
  <Point X="122.0" Y="93.93532441583056" />
  <Point X="122.0" Y="93.0" />
  <Point X="123.0" Y="93.0" />
  <Point X="124.0" Y="93.0" />
  <Point X="124.0" Y="92.0" />
  <Point X="124.0" Y="91.0" />
  <Point X="124.0" Y="90.0" />
  <Point X="125.0" Y="90.0" />
  <Point X="125.0" Y="89.01721472511066" />
  <Point X="125.0" Y="89.0" />
  <Point X="126.0" Y="89.0" />
  <Point X="126.0" Y="88.0" />
  <Point X="126.0" Y="87.0" />
  <Point X="127.0" Y="87.0" />
  <Point X="128.0" Y="86.0" />
  <Point X="128.0" Y="85.0" />
  <Point X="129.0" Y="84.0" />
  <Point X="129.0" Y="83.92753215913696" />
  <Point X="129.0" Y="83.0" />
  <Point X="130.0" Y="83.0" />
  <Point X="130.0" Y="82.0" />
  <Point X="131.0" Y="81.0" />
  <Point X="131.0" Y="80.0" />
  <Point X="132.0" Y="80.0" />
  <Point X="132.0" Y="79.0" />
  <Point X="132.57636396920984" Y="79.0" />
  <Point X="133.0" Y="79.0" />
  <Point X="133.0" Y="78.0" />
  <Point X="133.0" Y="79.0" />
  <Point X="133.0" Y="80.0" />
  <Point X="133.0" Y="81.0" />
  <Point X="134.0" Y="81.0" />
  <Point X="134.0" Y="82.0" />
  <Point X="134.0" Y="83.0" />
  <Point X="134.0" Y="83.49447365992974" />
  <Point X="134.0" Y="84.0" />
  <Point X="134.0" Y="85.0" />
  <Point X="134.0" Y="86.0" />
  <Point X="134.0" Y="87.0" />
  <Point X="134.0" Y="88.0" />
  <Point X="134.0" Y="89.0" />
  <Point X="134.0" Y="90.0" />
  <Point X="134.0" Y="91.0" />
  <Point X="134.0" Y="91.41258335064964" />
  <Point X="134.0" Y="92.0" />
  <Point X="134.0" Y="93.0" />
  <Point X="134.0" Y="95.0" />
  <Point X="134.0" Y="96.0" />
  <Point X="134.0" Y="97.0" />
  <Point X="135.0" Y="98.0" />
  <Point X="135.0" Y="98.91647947899645" />
  <Point X="135.0" Y="99.0" />
  <Point X="135.0" Y="101.0" />
  <Point X="135.0" Y="102.0" />
  <Point X="135.0" Y="104.0" />
  <Point X="135.0" Y="105.0" />
  <Point X="135.0" Y="106.0" />
  <Point X="135.83458916971634" Y="106.0" />
  <Point X="136.0" Y="106.0" />
  <Point X="136.0" Y="108.0" />
  <Point X="136.0" Y="109.0" />
  <Point X="136.0" Y="110.0" />
  <Point X="136.0" Y="111.0" />
  <Point X="136.0" Y="112.0" />
  <Point X="136.0" Y="113.0" />
  <Point X="136.0" Y="113.75269886043624" />
  <Point X="136.0" Y="115.0" />
  <Point X="136.0" Y="116.0" />
  <Point X="136.0" Y="117.0" />
  <Point X="136.0" Y="118.0" />
  <Point X="136.0" Y="119.0" />
  <Point X="136.0" Y="120.0" />
  <Point X="136.0" Y="121.0" />
  <Point X="136.0" Y="121.67080855115614" />
  <Point X="136.0" Y="122.0" />
  <Point X="136.0" Y="123.0" />
  <Point X="136.0" Y="124.0" />
  <Point X="136.0" Y="125.0" />
  <Point X="136.0" Y="126.0" />
  <Point X="136.0" Y="127.0" />
  <Point X="136.0" Y="128.0" />
  <Point X="136.0" Y="129.0" />
  <Point X="136.0" Y="129.58891824187603" />
  <Point X="136.0" Y="130.0" />
  <Point X="135.0" Y="130.0" />
  <Point X="135.0" Y="132.0" />
  <Point X="135.0" Y="133.0" />
  <Point X="135.0" Y="134.0" />
  <Point X="135.0" Y="135.0" />
  <Point X="135.0" Y="136.0" />
  <Point X="135.0" Y="136.50702793259592" />
  <Point X="135.0" Y="137.0" />
  <Point X="135.0" Y="138.0" />
  <Point X="135.0" Y="139.0" />
  <Point X="135.0" Y="140.0" />
  <Point X="135.0" Y="141.0" />
  <Point X="135.0" Y="142.0" />
  <Point X="135.0" Y="143.0" />
  <Point X="135.0" Y="144.0" />
  <Point X="135.0" Y="144.4251376233158" />
  <Point X="135.0" Y="145.0" />
  <Point X="135.0" Y="144.0" />
  <Point X="135.0" Y="143.0" />
  <Point X="135.0" Y="142.0" />
  <Point X="135.0" Y="141.0" />
  <Point X="135.0" Y="140.0" />
  <Point X="136.0" Y="139.0" />
  <Point X="136.0" Y="138.07096624833738" />
  <Point X="136.0" Y="138.0" />
  <Point X="136.0" Y="137.0" />
  <Point X="136.0" Y="136.0" />
  <Point X="136.0" Y="135.0" />
  <Point X="137.0" Y="135.0" />
  <Point X="137.0" Y="134.0" />
  <Point X="137.0" Y="133.0" />
  <Point X="137.0" Y="132.0" />
  <Point X="137.8471434423825" Y="132.0" />
  <Point X="138.0" Y="132.0" />
  <Point X="138.0" Y="131.0" />
  <Point X="138.0" Y="130.0" />
  <Point X="139.0" Y="128.0" />
  <Point X="139.0" Y="127.0" />
  <Point X="140.0" Y="127.0" />
  <Point X="140.0" Y="126.0" />
  <Point X="140.0" Y="125.47081484439738" />
  <Point X="140.0" Y="125.0" />
  <Point X="140.0" Y="124.0" />
  <Point X="141.0" Y="124.0" />
  <Point X="141.0" Y="123.0" />
  <Point X="142.0" Y="121.0" />
  <Point X="142.0" Y="120.0" />
  <Point X="142.8564667324999" Y="119.1435332675001" />
  <Point X="143.0" Y="119.0" />
  <Point X="143.0" Y="118.0" />
  <Point X="144.0" Y="117.0" />
  <Point X="144.0" Y="116.0" />
  <Point X="144.0" Y="115.0" />
  <Point X="145.0" Y="114.0" />
  <Point X="145.84375604472137" Y="112.31248791055725" />
  <Point X="146.0" Y="112.0" />
  <Point X="147.0" Y="111.0" />
  <Point X="147.0" Y="110.0" />
  <Point X="147.0" Y="109.0" />
  <Point X="147.0" Y="108.0" />
  <Point X="149.0" Y="107.0" />
  <Point X="149.0" Y="106.08154395422943" />
  <Point X="149.0" Y="105.0" />
  <Point X="150.0" Y="104.0" />
  <Point X="151.0" Y="103.0" />
  <Point X="151.0" Y="102.0" />
  <Point X="152.0" Y="101.0" />
  <Point X="152.0" Y="99.40607495062882" />
  <Point X="152.0" Y="99.0" />
  <Point X="153.0" Y="98.0" />
  <Point X="155.0" Y="97.0" />
  <Point X="155.0" Y="96.0" />
  <Point X="155.0" Y="95.0" />
  <Point X="156.0" Y="94.0" />
  <Point X="156.0" Y="93.5524603621549" />
  <Point X="156.0" Y="93.0" />
  <Point X="157.0" Y="91.0" />
  <Point X="157.0" Y="90.0" />
  <Point X="158.0" Y="89.0" />
  <Point X="159.0" Y="88.0" />
  <Point X="159.0" Y="87.0" />
  <Point X="159.0" Y="86.69884577368099" />
  <Point X="159.0" Y="86.0" />
  <Point X="160.0" Y="86.0" />
  <Point X="161.0" Y="85.0" />
  <Point X="161.0" Y="84.0" />
  <Point X="162.0" Y="83.0" />
  <Point X="162.0" Y="82.0" />
  <Point X="162.98347012735394" Y="81.01652987264607" />
  <Point X="163.0" Y="81.0" />
  <Point X="163.0" Y="80.0" />
  <Point X="164.0" Y="80.0" />
  <Point X="164.0" Y="79.0" />
  <Point X="165.0" Y="78.0" />
  <Point X="165.0" Y="77.0" />
  <Point X="165.0" Y="76.0" />
  <Point X="166.0" Y="76.0" />
  <Point X="166.0" Y="75.51948064173357" />
  <Point X="166.0" Y="75.0" />
  <Point X="166.0" Y="74.0" />
  <Point X="167.0" Y="74.0" />
  <Point X="167.0" Y="73.0" />
  <Point X="168.0" Y="73.0" />
  <Point X="168.0" Y="72.0" />
  <Point X="169.0" Y="71.0" />
  <Point X="169.0" Y="70.01558451338676" />
  <Point X="169.0" Y="70.0" />
  <Point X="170.0" Y="69.0" />
  <Point X="171.0" Y="68.0" />
  <Point X="172.0" Y="67.0" />
  <Point X="172.0" Y="66.0" />
  <Point X="173.0" Y="65.0" />
  <Point X="173.0" Y="64.0" />
  <Point X="173.24567092784076" Y="64.0" />
  <Point X="174.0" Y="64.0" />
  <Point X="174.0" Y="63.0" />
  <Point X="175.0" Y="63.0" />
  <Point X="175.0" Y="62.0" />
  <Point X="175.0" Y="61.0" />
  <Point X="176.0" Y="61.0" />
  <Point X="176.0" Y="60.0" />
  <Point X="176.0" Y="59.0" />
  <Point X="176.16378061856065" Y="59.0" />
  <Point X="177.0" Y="59.0" />
  <Point X="177.0" Y="58.0" />
  <Point X="177.0" Y="57.0" />
  <Point X="178.0" Y="57.0" />
  <Point X="178.0" Y="56.0" />
  <Point X="179.0" Y="56.0" />
  <Point X="180.0" Y="56.0" />
  <Point X="180.0" Y="55.0" />
  <Point X="180.0" Y="54.91810969071945" />
  <Point X="180.0" Y="54.0" />
  <Point X="181.0" Y="54.0" />
  <Point X="181.0" Y="53.0" />
  <Point X="182.0" Y="53.0" />
  <Point X="182.0" Y="52.0" />
  <Point X="182.0" Y="51.0" />
  <Point X="182.0" Y="50.0" />
  <Point X="182.0" Y="49.0" />
</Project_1_Part_4>
