<?xml version="1.0" encoding="utf-8" standalone="yes"?>
<Gesture Name="arrow5" Subject="3" Number="3" NumPts="354">
  <Point X="97.0" Y="180.0" />
  <Point X="97.0" Y="179.0" />
  <Point X="97.0" Y="178.0" />
  <Point X="97.0" Y="177.0" />
  <Point X="98.0" Y="177.0" />
  <Point X="98.0" Y="176.0" />
  <Point X="98.0" Y="175.9172742361534" />
  <Point X="98.0" Y="175.0" />
  <Point X="99.0" Y="174.0" />
  <Point X="100.0" Y="174.0" />
  <Point X="100.0" Y="173.0" />
  <Point X="100.0" Y="172.24876203467986" />
  <Point X="100.0" Y="172.0" />
  <Point X="101.0" Y="172.0" />
  <Point X="101.0" Y="171.0" />
  <Point X="101.0" Y="170.0" />
  <Point X="102.0" Y="169.0" />
  <Point X="102.0" Y="168.58024983320632" />
  <Point X="102.0" Y="168.0" />
  <Point X="103.0" Y="168.0" />
  <Point X="103.0" Y="167.0" />
  <Point X="104.0" Y="167.0" />
  <Point X="104.0" Y="166.0" />
  <Point X="104.35530413793877" Y="165.6446958620612" />
  <Point X="105.0" Y="165.0" />
  <Point X="106.0" Y="164.0" />
  <Point X="106.0" Y="163.0" />
  <Point X="107.0" Y="163.0" />
  <Point X="107.5351204300932" Y="162.4648795699068" />
  <Point X="108.0" Y="162.0" />
  <Point X="108.0" Y="161.0" />
  <Point X="109.0" Y="160.0" />
  <Point X="110.0" Y="159.0" />
  <Point X="110.42204350343417" Y="158.57795649656583" />
  <Point X="111.0" Y="158.0" />
  <Point X="112.0" Y="157.0" />
  <Point X="112.0" Y="156.0" />
  <Point X="113.0" Y="155.0" />
  <Point X="113.30896657677513" Y="154.69103342322487" />
  <Point X="114.0" Y="154.0" />
  <Point X="115.0" Y="153.0" />
  <Point X="116.0" Y="152.0" />
  <Point X="116.0" Y="151.0" />
  <Point X="116.1958896501161" Y="150.8041103498839" />
  <Point X="117.0" Y="150.0" />
  <Point X="118.0" Y="149.0" />
  <Point X="118.0" Y="148.0" />
  <Point X="119.0" Y="148.0" />
  <Point X="119.23761730160692" Y="147.52476539678617" />
  <Point X="120.0" Y="146.0" />
  <Point X="121.0" Y="146.0" />
  <Point X="121.0" Y="145.0" />
  <Point X="122.0" Y="145.0" />
  <Point X="122.11952973963388" Y="144.64141078109836" />
  <Point X="123.0" Y="142.0" />
  <Point X="124.0" Y="141.0" />
  <Point X="124.790871096561" Y="140.60456445171948" />
  <Point X="126.0" Y="140.0" />
  <Point X="126.0" Y="139.0" />
  <Point X="128.0" Y="138.0" />
  <Point X="128.0" Y="137.50518942447786" />
  <Point X="128.0" Y="137.0" />
  <Point X="129.0" Y="136.0" />
  <Point X="129.0" Y="135.0" />
  <Point X="130.0" Y="135.0" />
  <Point X="130.52025376182723" Y="133.95949247634556" />
  <Point X="131.0" Y="133.0" />
  <Point X="132.0" Y="132.0" />
  <Point X="132.0" Y="131.0" />
  <Point X="133.4272973961674" Y="130.28635130191628" />
  <Point X="134.0" Y="130.0" />
  <Point X="134.0" Y="129.0" />
  <Point X="135.0" Y="128.0" />
  <Point X="135.0" Y="127.0" />
  <Point X="136.0" Y="127.0" />
  <Point X="136.01994834846286" Y="126.98005165153714" />
  <Point X="137.0" Y="126.0" />
  <Point X="137.0" Y="125.0" />
  <Point X="138.0" Y="124.0" />
  <Point X="138.0" Y="123.0" />
  <Point X="138.28250986404356" Y="123.0" />
  <Point X="139.0" Y="123.0" />
  <Point X="140.0" Y="122.0" />
  <Point X="140.0" Y="121.0" />
  <Point X="141.0" Y="121.0" />
  <Point X="141.0" Y="120.04897793448292" />
  <Point X="141.0" Y="120.0" />
  <Point X="141.0" Y="119.0" />
  <Point X="142.0" Y="118.0" />
  <Point X="142.0" Y="117.0" />
  <Point X="143.0" Y="117.0" />
  <Point X="143.0" Y="116.3804657330094" />
  <Point X="143.0" Y="116.0" />
  <Point X="144.0" Y="116.0" />
  <Point X="144.0" Y="115.0" />
  <Point X="144.0" Y="114.0" />
  <Point X="145.0" Y="114.0" />
  <Point X="145.0" Y="113.29773996916278" />
  <Point X="145.0" Y="113.0" />
  <Point X="146.0" Y="112.0" />
  <Point X="146.0" Y="111.0" />
  <Point X="147.0" Y="110.0" />
  <Point X="147.95655866993766" Y="110.0" />
  <Point X="148.0" Y="110.0" />
  <Point X="148.0" Y="109.0" />
  <Point X="148.0" Y="108.0" />
  <Point X="149.0" Y="107.0" />
  <Point X="149.0" Y="106.0" />
  <Point X="149.6250708714112" Y="106.0" />
  <Point X="150.0" Y="106.0" />
  <Point X="150.0" Y="105.0" />
  <Point X="151.0" Y="104.0" />
  <Point X="152.0" Y="104.0" />
  <Point X="152.0" Y="103.0" />
  <Point X="152.0" Y="102.70641692711528" />
  <Point X="152.0" Y="102.0" />
  <Point X="153.0" Y="102.0" />
  <Point X="153.0" Y="101.0" />
  <Point X="153.0" Y="100.0" />
  <Point X="154.0" Y="100.0" />
  <Point X="154.0" Y="99.62369116326866" />
  <Point X="154.0" Y="99.0" />
  <Point X="154.0" Y="98.0" />
  <Point X="155.0" Y="98.0" />
  <Point X="155.0" Y="97.0" />
  <Point X="156.0" Y="97.0" />
  <Point X="156.0" Y="96.54096539942203" />
  <Point X="156.0" Y="96.0" />
  <Point X="157.0" Y="96.0" />
  <Point X="157.0" Y="95.0" />
  <Point X="158.0" Y="95.0" />
  <Point X="158.0" Y="94.0" />
  <Point X="158.0" Y="93.45823963557541" />
  <Point X="158.0" Y="93.0" />
  <Point X="159.0" Y="93.0" />
  <Point X="159.0" Y="92.0" />
  <Point X="160.0" Y="92.0" />
  <Point X="161.0" Y="91.0" />
  <Point X="161.0" Y="90.78972743410189" />
  <Point X="161.0" Y="90.0" />
  <Point X="162.0" Y="90.0" />
  <Point X="162.0" Y="89.0" />
  <Point X="162.0" Y="88.0" />
  <Point X="163.0" Y="88.0" />
  <Point X="163.29299832974473" Y="88.0" />
  <Point X="164.0" Y="88.0" />
  <Point X="164.0" Y="87.0" />
  <Point X="164.0" Y="86.0" />
  <Point X="165.0" Y="86.0" />
  <Point X="165.0" Y="85.0" />
  <Point X="165.37572409359134" Y="85.0" />
  <Point X="166.0" Y="85.0" />
  <Point X="166.0" Y="84.0" />
  <Point X="167.0" Y="84.0" />
  <Point X="167.0" Y="83.0" />
  <Point X="167.0" Y="82.0" />
  <Point X="167.45844985743796" Y="82.0" />
  <Point X="168.0" Y="82.0" />
  <Point X="168.0" Y="81.0" />
  <Point X="169.0" Y="81.0" />
  <Point X="169.0" Y="80.0" />
  <Point X="170.0" Y="80.0" />
  <Point X="170.0" Y="79.45882437871542" />
  <Point X="170.0" Y="79.0" />
  <Point X="170.0" Y="78.0" />
  <Point X="171.0" Y="78.0" />
  <Point X="171.0" Y="77.0" />
  <Point X="172.0" Y="77.0" />
  <Point X="171.3760986148688" Y="77.0" />
  <Point X="171.0" Y="77.0" />
  <Point X="170.0" Y="77.0" />
  <Point X="169.0" Y="77.0" />
  <Point X="168.0" Y="77.0" />
  <Point X="167.0" Y="77.0" />
  <Point X="166.50033915118726" Y="77.49966084881274" />
  <Point X="166.0" Y="78.0" />
  <Point X="165.0" Y="78.0" />
  <Point X="164.0" Y="79.0" />
  <Point X="163.0" Y="79.0" />
  <Point X="162.03907421192173" Y="79.0" />
  <Point X="162.0" Y="79.0" />
  <Point X="161.0" Y="79.0" />
  <Point X="160.0" Y="79.0" />
  <Point X="160.0" Y="80.0" />
  <Point X="159.0" Y="80.0" />
  <Point X="158.0" Y="80.0" />
  <Point X="157.95634844807512" Y="80.0" />
  <Point X="157.0" Y="80.0" />
  <Point X="156.0" Y="80.0" />
  <Point X="156.0" Y="81.0" />
  <Point X="155.0" Y="81.0" />
  <Point X="154.0" Y="81.0" />
  <Point X="153.8736226842285" Y="81.0" />
  <Point X="153.0" Y="81.0" />
  <Point X="153.0" Y="82.0" />
  <Point X="152.0" Y="82.0" />
  <Point X="151.0" Y="82.0" />
  <Point X="150.1450350132485" Y="82.85496498675151" />
  <Point X="150.0" Y="83.0" />
  <Point X="149.0" Y="83.0" />
  <Point X="148.0" Y="83.0" />
  <Point X="147.0" Y="84.0" />
  <Point X="146.0" Y="84.0" />
  <Point X="145.53659828128147" Y="84.0" />
  <Point X="145.0" Y="84.0" />
  <Point X="144.0" Y="84.0" />
  <Point X="142.0" Y="85.0" />
  <Point X="141.0" Y="85.0" />
  <Point X="140.78075482139695" Y="85.21924517860306" />
  <Point X="140.0" Y="86.0" />
  <Point X="139.0" Y="86.0" />
  <Point X="139.0" Y="87.0" />
  <Point X="138.0" Y="87.0" />
  <Point X="137.02142829346113" Y="87.0" />
  <Point X="137.0" Y="87.0" />
  <Point X="136.0" Y="87.0" />
  <Point X="135.0" Y="87.0" />
  <Point X="135.0" Y="88.0" />
  <Point X="133.15631949374787" Y="88.92184025312606" />
  <Point X="133.0" Y="89.0" />
  <Point X="132.0" Y="89.0" />
  <Point X="131.0" Y="89.0" />
  <Point X="131.0" Y="90.0" />
  <Point X="129.09204474326768" Y="90.0" />
  <Point X="129.0" Y="90.0" />
  <Point X="128.0" Y="91.0" />
  <Point X="127.0" Y="91.0" />
  <Point X="126.0" Y="91.0" />
  <Point X="126.0" Y="92.0" />
  <Point X="125.42353254179416" Y="92.0" />
  <Point X="125.0" Y="92.0" />
  <Point X="125.0" Y="93.0" />
  <Point X="124.0" Y="93.0" />
  <Point X="125.0" Y="93.0" />
  <Point X="126.0" Y="93.0" />
  <Point X="126.46611999742551" Y="92.53388000257449" />
  <Point X="127.0" Y="92.0" />
  <Point X="128.0" Y="92.0" />
  <Point X="129.0" Y="92.0" />
  <Point X="130.0" Y="91.0" />
  <Point X="130.9134918611529" Y="91.0" />
  <Point X="131.0" Y="91.0" />
  <Point X="132.0" Y="91.0" />
  <Point X="133.0" Y="90.0" />
  <Point X="134.0" Y="90.0" />
  <Point X="135.0" Y="90.0" />
  <Point X="135.0" Y="89.41799593737359" />
  <Point X="135.0" Y="89.0" />
  <Point X="136.0" Y="89.0" />
  <Point X="136.0" Y="88.0" />
  <Point X="137.0" Y="88.0" />
  <Point X="138.0" Y="88.0" />
  <Point X="138.66472982647304" Y="88.0" />
  <Point X="139.0" Y="88.0" />
  <Point X="140.0" Y="87.0" />
  <Point X="141.0" Y="87.0" />
  <Point X="141.0" Y="86.0" />
  <Point X="142.0" Y="86.0" />
  <Point X="142.33324202794657" Y="86.0" />
  <Point X="143.0" Y="86.0" />
  <Point X="144.0" Y="86.0" />
  <Point X="144.0" Y="85.0" />
  <Point X="145.0" Y="85.0" />
  <Point X="146.0" Y="84.0" />
  <Point X="146.0017542294201" Y="84.0" />
  <Point X="147.0" Y="84.0" />
  <Point X="148.0" Y="84.0" />
  <Point X="149.0" Y="84.0" />
  <Point X="150.0" Y="84.0" />
  <Point X="151.0" Y="84.0" />
  <Point X="151.0" Y="84.08447999326673" />
  <Point X="151.0" Y="85.0" />
  <Point X="152.0" Y="85.0" />
  <Point X="153.0" Y="86.0" />
  <Point X="154.0" Y="86.0" />
  <Point X="154.75299219474024" Y="86.0" />
  <Point X="155.0" Y="86.0" />
  <Point X="155.0" Y="87.0" />
  <Point X="156.0" Y="87.0" />
  <Point X="157.0" Y="87.0" />
  <Point X="158.0" Y="87.0" />
  <Point X="158.83571795858686" Y="87.0" />
  <Point X="159.0" Y="87.0" />
  <Point X="160.0" Y="87.0" />
  <Point X="161.0" Y="87.0" />
  <Point X="162.0" Y="87.0" />
  <Point X="163.0" Y="87.0" />
  <Point X="163.91844372243347" Y="87.0" />
  <Point X="164.0" Y="87.0" />
  <Point X="165.0" Y="87.0" />
  <Point X="166.0" Y="87.0" />
  <Point X="167.0" Y="87.0" />
  <Point X="168.0" Y="87.0" />
  <Point X="169.0" Y="87.0" />
  <Point X="169.0" Y="87.00116948628009" />
  <Point X="169.0" Y="88.0" />
  <Point X="169.0" Y="89.0" />
  <Point X="169.0" Y="90.0" />
  <Point X="169.0" Y="91.0" />
  <Point X="169.0" Y="92.0" />
  <Point X="169.0" Y="92.08389525012672" />
  <Point X="169.0" Y="93.0" />
  <Point X="170.0" Y="93.0" />
  <Point X="170.0" Y="94.0" />
  <Point X="170.0" Y="95.0" />
  <Point X="170.0" Y="96.0" />
  <Point X="170.0" Y="96.16662101397334" />
  <Point X="170.0" Y="97.0" />
  <Point X="170.0" Y="98.0" />
  <Point X="170.0" Y="99.0" />
  <Point X="170.0" Y="100.0" />
  <Point X="170.0" Y="101.0" />
  <Point X="170.0" Y="101.24934677781997" />
  <Point X="170.0" Y="102.0" />
  <Point X="170.0" Y="103.0" />
  <Point X="170.0" Y="104.0" />
  <Point X="171.0" Y="104.0" />
  <Point X="171.0" Y="105.0" />
  <Point X="171.0" Y="105.33207254166659" />
  <Point X="171.0" Y="106.0" />
  <Point X="171.0" Y="107.0" />
  <Point X="171.0" Y="108.0" />
  <Point X="171.0" Y="109.0" />
  <Point X="172.0" Y="109.0" />
  <Point X="172.0" Y="109.41479830551322" />
  <Point X="172.0" Y="110.0" />
  <Point X="172.0" Y="111.0" />
  <Point X="172.0" Y="112.0" />
  <Point X="172.0" Y="113.0" />
  <Point X="172.0" Y="114.0" />
  <Point X="172.49752406935983" Y="114.0" />
  <Point X="173.0" Y="114.0" />
  <Point X="173.0" Y="115.0" />
  <Point X="173.0" Y="116.0" />
  <Point X="173.0" Y="117.0" />
  <Point X="173.0" Y="118.0" />
  <Point X="173.58024983320644" Y="118.0" />
  <Point X="174.0" Y="118.0" />
  <Point X="174.0" Y="119.0" />
  <Point X="174.0" Y="120.0" />
  <Point X="174.0" Y="121.0" />
  <Point X="174.0" Y="122.0" />
  <Point X="174.46879454043741" Y="122.46879454043741" />
  <Point X="175.0" Y="123.0" />
  <Point X="175.0" Y="124.0" />
  <Point X="176.0" Y="124.0" />
  <Point X="176.0" Y="125.0" />
  <Point X="176.0" Y="126.0" />
  <Point X="176.33148779852658" Y="126.0" />
  <Point X="177.0" Y="126.0" />
  <Point X="177.0" Y="127.0" />
  <Point X="177.0" Y="128.0" />
  <Point X="178.0" Y="129.0" />
  <Point X="178.0" Y="130.0" />
</Project_1_Part_4>
