<?xml version="1.0" encoding="utf-8" standalone="yes"?>
<Gesture Name="arrow4" Subject="3" Number="3" NumPts="380">
  <Point X="227.0" Y="22.0" />
  <Point X="220.34985475485635" Y="24.731309654255433" />
  <Point X="213.6997095097127" Y="27.462619308510863" />
  <Point X="207.04956426456906" Y="30.193928962766293" />
  <Point X="200.3994190194254" Y="32.925238617021726" />
  <Point X="193.74927377428176" Y="35.65654827127716" />
  <Point X="187.0991285291381" Y="38.387857925532586" />
  <Point X="180.44898328399447" Y="41.11916757978801" />
  <Point X="173.79883803885082" Y="43.85047723404344" />
  <Point X="167.14869279370717" Y="46.581786888298865" />
  <Point X="160.49854754856352" Y="49.31309654255429" />
  <Point X="153.84840230341987" Y="52.04440619680972" />
  <Point X="147.19825705827623" Y="54.775715851065144" />
  <Point X="140.54811181313258" Y="57.50702550532057" />
  <Point X="133.89796656798893" Y="60.238335159575996" />
  <Point X="127.24782132284527" Y="62.96964481383142" />
  <Point X="120.5976760777016" Y="65.70095446808685" />
  <Point X="115.0" Y="68.0" />
  <Point X="115.0" Y="69.0" />
  <Point X="115.0" Y="69.13778012809176" />
  <Point X="115.0" Y="70.0" />
  <Point X="115.0" Y="71.0" />
  <Point X="114.0" Y="72.0" />
  <Point X="114.0" Y="73.0" />
  <Point X="114.0" Y="74.0" />
  <Point X="114.0" Y="75.0" />
  <Point X="114.0" Y="75.91275874627246" />
  <Point X="114.0" Y="76.0" />
  <Point X="114.0" Y="77.0" />
  <Point X="114.0" Y="78.0" />
  <Point X="114.0" Y="79.0" />
  <Point X="114.0" Y="80.0" />
  <Point X="114.0" Y="82.0" />
  <Point X="114.0" Y="83.0" />
  <Point X="114.0" Y="83.10195092682625" />
  <Point X="114.0" Y="84.0" />
  <Point X="114.0" Y="85.0" />
  <Point X="114.0" Y="86.0" />
  <Point X="114.0" Y="87.0" />
  <Point X="114.0" Y="88.0" />
  <Point X="114.0" Y="89.0" />
  <Point X="114.0" Y="90.0" />
  <Point X="114.0" Y="90.29114310738004" />
  <Point X="114.0" Y="91.0" />
  <Point X="114.0" Y="92.0" />
  <Point X="114.0" Y="93.0" />
  <Point X="114.0" Y="94.0" />
  <Point X="114.0" Y="95.0" />
  <Point X="114.0" Y="96.0" />
  <Point X="114.0" Y="97.0" />
  <Point X="114.0" Y="97.48033528793383" />
  <Point X="114.0" Y="98.0" />
  <Point X="114.0" Y="99.0" />
  <Point X="114.0" Y="100.0" />
  <Point X="114.0" Y="101.0" />
  <Point X="114.0" Y="102.0" />
  <Point X="114.0" Y="103.0" />
  <Point X="114.0" Y="104.0" />
  <Point X="114.0" Y="104.66952746848762" />
  <Point X="114.0" Y="105.0" />
  <Point X="114.0" Y="106.0" />
  <Point X="114.0" Y="107.0" />
  <Point X="114.0" Y="108.0" />
  <Point X="114.0" Y="109.0" />
  <Point X="114.0" Y="110.0" />
  <Point X="114.0" Y="111.0" />
  <Point X="114.0" Y="111.8587196490414" />
  <Point X="114.0" Y="112.0" />
  <Point X="114.0" Y="113.0" />
  <Point X="114.0" Y="114.0" />
  <Point X="114.0" Y="115.0" />
  <Point X="114.0" Y="116.0" />
  <Point X="115.0" Y="117.0" />
  <Point X="115.0" Y="118.0" />
  <Point X="115.0" Y="118.6336982672221" />
  <Point X="115.0" Y="119.0" />
  <Point X="115.0" Y="120.0" />
  <Point X="115.0" Y="121.0" />
  <Point X="115.0" Y="122.0" />
  <Point X="115.0" Y="123.0" />
  <Point X="116.0" Y="124.0" />
  <Point X="116.0" Y="125.0" />
  <Point X="116.0" Y="125.4086768854028" />
  <Point X="116.0" Y="126.0" />
  <Point X="116.0" Y="127.0" />
  <Point X="116.0" Y="128.0" />
  <Point X="116.0" Y="129.0" />
  <Point X="116.0" Y="131.0" />
  <Point X="116.0" Y="132.0" />
  <Point X="116.0" Y="132.5978690659566" />
  <Point X="116.0" Y="133.0" />
  <Point X="116.0" Y="134.0" />
  <Point X="116.0" Y="135.0" />
  <Point X="116.0" Y="136.0" />
  <Point X="116.0" Y="137.0" />
  <Point X="116.0" Y="138.0" />
  <Point X="116.0" Y="139.0" />
  <Point X="116.0" Y="139.78706124651038" />
  <Point X="116.0" Y="140.0" />
  <Point X="116.0" Y="142.0" />
  <Point X="116.0" Y="143.0" />
  <Point X="116.0" Y="144.0" />
  <Point X="116.0" Y="145.0" />
  <Point X="116.0" Y="146.0" />
  <Point X="116.0" Y="146.97625342706417" />
  <Point X="116.0" Y="147.0" />
  <Point X="116.0" Y="148.0" />
  <Point X="116.0" Y="149.0" />
  <Point X="116.0" Y="150.0" />
  <Point X="116.0" Y="151.0" />
  <Point X="116.0" Y="152.0" />
  <Point X="116.0" Y="153.0" />
  <Point X="116.0" Y="154.0" />
  <Point X="116.0" Y="154.16544560761795" />
  <Point X="116.0" Y="155.0" />
  <Point X="116.0" Y="156.0" />
  <Point X="116.0" Y="157.0" />
  <Point X="116.0" Y="158.0" />
  <Point X="116.0" Y="159.0" />
  <Point X="116.0" Y="160.0" />
  <Point X="116.0" Y="161.0" />
  <Point X="116.0" Y="161.35463778817174" />
  <Point X="116.0" Y="162.0" />
  <Point X="116.0" Y="163.0" />
  <Point X="116.0" Y="164.0" />
  <Point X="116.0" Y="165.0" />
  <Point X="116.0" Y="166.0" />
  <Point X="116.0" Y="167.0" />
  <Point X="116.0" Y="168.0" />
  <Point X="116.0" Y="168.54382996872553" />
  <Point X="116.0" Y="169.0" />
  <Point X="116.0" Y="170.0" />
  <Point X="116.0" Y="171.0" />
  <Point X="116.0" Y="172.0" />
  <Point X="116.0" Y="173.0" />
  <Point X="116.0" Y="174.0" />
  <Point X="117.0" Y="174.0" />
  <Point X="117.0" Y="174.73302214927932" />
  <Point X="117.0" Y="175.0" />
  <Point X="117.0" Y="176.0" />
  <Point X="117.0" Y="177.0" />
  <Point X="117.0" Y="178.0" />
  <Point X="117.0" Y="179.0" />
  <Point X="117.0" Y="180.0" />
  <Point X="117.0" Y="181.0" />
  <Point X="117.0" Y="181.9222143298331" />
  <Point X="117.0" Y="182.0" />
  <Point X="118.0" Y="183.0" />
  <Point X="118.0" Y="182.0" />
  <Point X="117.0" Y="182.0" />
  <Point X="117.0" Y="181.0" />
  <Point X="116.0" Y="181.0" />
  <Point X="116.0" Y="180.0" />
  <Point X="115.30280705198619" Y="180.0" />
  <Point X="115.0" Y="180.0" />
  <Point X="114.0" Y="179.0" />
  <Point X="114.0" Y="178.0" />
  <Point X="113.0" Y="177.0" />
  <Point X="113.0" Y="176.0" />
  <Point X="112.0" Y="176.0" />
  <Point X="112.0" Y="175.0" />
  <Point X="111.94204199617859" Y="175.0" />
  <Point X="111.0" Y="175.0" />
  <Point X="111.0" Y="174.0" />
  <Point X="110.0" Y="174.0" />
  <Point X="110.0" Y="173.0" />
  <Point X="109.0" Y="172.0" />
  <Point X="108.0" Y="171.0" />
  <Point X="108.0" Y="170.581276940371" />
  <Point X="108.0" Y="170.0" />
  <Point X="107.0" Y="170.0" />
  <Point X="107.0" Y="169.0" />
  <Point X="106.0" Y="169.0" />
  <Point X="106.0" Y="168.0" />
  <Point X="105.0" Y="167.0" />
  <Point X="105.0" Y="166.0" />
  <Point X="104.8062983221903" Y="166.0" />
  <Point X="104.0" Y="166.0" />
  <Point X="104.0" Y="165.0" />
  <Point X="104.0" Y="164.0" />
  <Point X="103.0" Y="164.0" />
  <Point X="103.0" Y="163.0" />
  <Point X="102.0" Y="163.0" />
  <Point X="101.02214637508995" Y="162.02214637508996" />
  <Point X="101.0" Y="162.0" />
  <Point X="101.0" Y="161.0" />
  <Point X="100.0" Y="160.0" />
  <Point X="100.0" Y="159.0" />
  <Point X="99.0" Y="159.0" />
  <Point X="99.0" Y="158.0" />
  <Point X="99.0" Y="157.0" />
  <Point X="98.25634108582892" Y="157.0" />
  <Point X="98.0" Y="157.0" />
  <Point X="98.0" Y="156.0" />
  <Point X="97.0" Y="156.0" />
  <Point X="97.0" Y="155.0" />
  <Point X="96.0" Y="155.0" />
  <Point X="96.0" Y="154.0" />
  <Point X="96.0" Y="153.0" />
  <Point X="95.06714890527513" Y="153.0" />
  <Point X="95.0" Y="153.0" />
  <Point X="95.0" Y="152.0" />
  <Point X="94.0" Y="151.0" />
  <Point X="93.0" Y="151.0" />
  <Point X="93.0" Y="150.0" />
  <Point X="93.0" Y="149.0" />
  <Point X="92.0" Y="149.0" />
  <Point X="92.0" Y="148.29217028709445" />
  <Point X="92.0" Y="148.0" />
  <Point X="91.0" Y="148.0" />
  <Point X="91.0" Y="147.0" />
  <Point X="90.0" Y="147.0" />
  <Point X="89.0" Y="146.0" />
  <Point X="89.0" Y="145.0" />
  <Point X="88.0" Y="145.0" />
  <Point X="88.48280833108625" Y="145.0" />
  <Point X="89.0" Y="145.0" />
  <Point X="90.0" Y="145.0" />
  <Point X="90.0" Y="146.0" />
  <Point X="91.0" Y="146.0" />
  <Point X="91.0" Y="147.0" />
  <Point X="92.0" Y="147.0" />
  <Point X="92.0" Y="148.0" />
  <Point X="92.67200051164004" Y="148.0" />
  <Point X="93.0" Y="148.0" />
  <Point X="94.0" Y="148.0" />
  <Point X="94.0" Y="149.0" />
  <Point X="94.0" Y="150.0" />
  <Point X="95.0" Y="150.0" />
  <Point X="95.0" Y="151.0" />
  <Point X="96.0" Y="151.0" />
  <Point X="96.0" Y="151.86119269219384" />
  <Point X="96.0" Y="152.0" />
  <Point X="97.0" Y="153.0" />
  <Point X="97.0" Y="154.0" />
  <Point X="98.0" Y="154.0" />
  <Point X="98.0" Y="155.0" />
  <Point X="99.0" Y="155.0" />
  <Point X="99.0" Y="156.0" />
  <Point X="99.63617131037454" Y="156.0" />
  <Point X="100.0" Y="156.0" />
  <Point X="100.0" Y="157.0" />
  <Point X="100.0" Y="158.0" />
  <Point X="101.0" Y="158.0" />
  <Point X="101.0" Y="159.0" />
  <Point X="102.0" Y="159.0" />
  <Point X="102.0" Y="160.0" />
  <Point X="102.82536349092832" Y="160.0" />
  <Point X="103.0" Y="160.0" />
  <Point X="103.0" Y="161.0" />
  <Point X="103.0" Y="162.0" />
  <Point X="104.0" Y="162.0" />
  <Point X="104.0" Y="163.0" />
  <Point X="105.0" Y="163.0" />
  <Point X="105.0" Y="164.0" />
  <Point X="106.0" Y="164.0" />
  <Point X="106.0" Y="164.01455567148213" />
  <Point X="106.0" Y="165.0" />
  <Point X="107.0" Y="166.0" />
  <Point X="107.0" Y="167.0" />
  <Point X="108.0" Y="167.0" />
  <Point X="108.0" Y="168.0" />
  <Point X="109.0" Y="168.0" />
  <Point X="109.0" Y="168.7895342896628" />
  <Point X="109.0" Y="169.0" />
  <Point X="109.0" Y="170.0" />
  <Point X="110.0" Y="170.0" />
  <Point X="110.0" Y="171.0" />
  <Point X="111.0" Y="171.0" />
  <Point X="111.0" Y="172.0" />
  <Point X="112.0" Y="172.0" />
  <Point X="112.0" Y="172.9787264702166" />
  <Point X="112.0" Y="173.0" />
  <Point X="112.0" Y="174.0" />
  <Point X="113.0" Y="174.0" />
  <Point X="113.0" Y="175.0" />
  <Point X="114.0" Y="175.0" />
  <Point X="114.0" Y="176.0" />
  <Point X="115.0" Y="176.0" />
  <Point X="115.0" Y="177.0" />
  <Point X="115.16791865077039" Y="177.0" />
  <Point X="116.0" Y="177.0" />
  <Point X="116.0" Y="178.0" />
  <Point X="116.0" Y="179.0" />
  <Point X="117.0" Y="179.0" />
  <Point X="117.0" Y="180.0" />
  <Point X="118.0" Y="180.0" />
  <Point X="119.0" Y="180.0" />
  <Point X="119.0" Y="180.35711083132418" />
  <Point X="119.0" Y="181.0" />
  <Point X="119.0" Y="180.0" />
  <Point X="120.0" Y="180.0" />
  <Point X="120.0" Y="179.0" />
  <Point X="120.0" Y="178.0" />
  <Point X="121.0" Y="178.0" />
  <Point X="121.0" Y="177.0" />
  <Point X="121.0" Y="176.45369698812203" />
  <Point X="121.0" Y="176.0" />
  <Point X="122.0" Y="175.0" />
  <Point X="123.0" Y="175.0" />
  <Point X="123.0" Y="174.0" />
  <Point X="123.0" Y="173.0" />
  <Point X="123.0" Y="172.0" />
  <Point X="124.0" Y="172.0" />
  <Point X="124.0" Y="171.67871836994135" />
  <Point X="124.0" Y="171.0" />
  <Point X="125.0" Y="170.0" />
  <Point X="125.0" Y="169.0" />
  <Point X="126.0" Y="168.0" />
  <Point X="126.0" Y="167.0" />
  <Point X="127.0" Y="166.0" />
  <Point X="127.0" Y="165.73216687650685" />
  <Point X="127.0" Y="165.0" />
  <Point X="128.0" Y="164.0" />
  <Point X="129.0" Y="163.0" />
  <Point X="129.0" Y="162.0" />
  <Point X="129.0" Y="161.0" />
  <Point X="130.0" Y="161.0" />
  <Point X="130.44448603522508" Y="160.55551396477492" />
  <Point X="131.0" Y="160.0" />
  <Point X="131.0" Y="159.0" />
  <Point X="132.0" Y="158.0" />
  <Point X="132.0" Y="157.0" />
  <Point X="133.0" Y="157.0" />
  <Point X="134.0" Y="156.0" />
  <Point X="134.0" Y="155.42485032726475" />
  <Point X="134.0" Y="155.0" />
  <Point X="135.0" Y="155.0" />
  <Point X="135.0" Y="154.0" />
  <Point X="136.0" Y="153.0" />
  <Point X="136.0" Y="152.0" />
  <Point X="137.0" Y="152.0" />
  <Point X="137.95468486997848" Y="151.04531513002152" />
  <Point X="138.0" Y="151.0" />
  <Point X="138.0" Y="150.0" />
  <Point X="139.0" Y="150.0" />
  <Point X="139.0" Y="149.0" />
  <Point X="140.0" Y="148.0" />
  <Point X="141.0" Y="148.0" />
  <Point X="141.0" Y="147.0" />
  <Point X="141.71089334672357" Y="147.0" />
  <Point X="142.0" Y="147.0" />
  <Point X="142.0" Y="146.0" />
  <Point X="143.0" Y="146.0" />
  <Point X="143.0" Y="145.0" />
  <Point X="143.0" Y="144.0" />
  <Point X="144.0" Y="144.0" />
  <Point X="144.0" Y="143.0" />
  <Point X="144.90008552727735" Y="143.0" />
  <Point X="145.0" Y="143.0" />
  <Point X="146.0" Y="143.0" />
  <Point X="146.0" Y="142.0" />
  <Point X="147.0" Y="142.0" />
  <Point X="147.0" Y="141.0" />
  <Point X="148.0" Y="140.0" />
  <Point X="149.0" Y="140.0" />
  <Point X="149.0" Y="139.32493585454196" />
  <Point X="149.0" Y="139.0" />
  <Point X="150.0" Y="139.0" />
  <Point X="151.0" Y="138.0" />
  <Point X="152.0" Y="137.0" />
  <Point X="153.0" Y="137.0" />
  <Point X="154.0" Y="136.0" />
  <Point X="154.0" Y="135.37838436110746" />
  <Point X="154.0" Y="135.0" />
  <Point X="155.0" Y="135.0" />
  <Point X="155.0" Y="134.0" />
  <Point X="156.0" Y="134.0" />
  <Point X="156.0" Y="133.0" />
  <Point X="157.0" Y="133.0" />
  <Point X="158.0" Y="133.0" />
  <Point X="158.0" Y="132.18919218055368" />
  <Point X="158.0" Y="132.0" />
  <Point X="158.0" Y="131.0" />
  <Point X="159.0" Y="131.0" />
  <Point X="160.0" Y="131.0" />
  <Point X="160.0" Y="130.0" />
  <Point X="161.0" Y="130.0" />
  <Point X="161.0" Y="129.0" />
  <Point X="162.0" Y="129.0" />
</Project_1_Part_4>
