<?xml version="1.0" encoding="utf-8" standalone="yes"?>
<Gesture Name="arrow2" Subject="3" Number="3" NumPts="399">
  <Point X="123.0" Y="194.0" />
  <Point X="123.0" Y="193.0" />
  <Point X="123.0" Y="192.0" />
  <Point X="123.0" Y="191.0" />
  <Point X="123.0" Y="190.0" />
  <Point X="122.0" Y="190.0" />
  <Point X="122.0" Y="189.3692045179337" />
  <Point X="122.0" Y="189.0" />
  <Point X="122.0" Y="188.0" />
  <Point X="122.0" Y="187.0" />
  <Point X="122.0" Y="186.0" />
  <Point X="122.0" Y="185.0" />
  <Point X="122.0" Y="184.0" />
  <Point X="122.0" Y="183.7384090358674" />
  <Point X="122.0" Y="183.0" />
  <Point X="121.0" Y="182.0" />
  <Point X="121.0" Y="181.0" />
  <Point X="121.0" Y="180.0" />
  <Point X="121.0" Y="179.0" />
  <Point X="121.0" Y="178.52182711617417" />
  <Point X="121.0" Y="178.0" />
  <Point X="120.0" Y="177.0" />
  <Point X="120.0" Y="176.0" />
  <Point X="120.0" Y="175.0" />
  <Point X="119.0" Y="174.0" />
  <Point X="119.0" Y="173.71945875885405" />
  <Point X="119.0" Y="173.0" />
  <Point X="119.0" Y="172.0" />
  <Point X="119.0" Y="171.0" />
  <Point X="119.0" Y="170.0" />
  <Point X="119.0" Y="169.0" />
  <Point X="119.0" Y="168.08866327678774" />
  <Point X="119.0" Y="168.0" />
  <Point X="119.0" Y="167.0" />
  <Point X="118.0" Y="166.0" />
  <Point X="118.0" Y="165.0" />
  <Point X="118.0" Y="164.0" />
  <Point X="118.0" Y="163.0" />
  <Point X="118.0" Y="162.87208135709452" />
  <Point X="118.0" Y="162.0" />
  <Point X="118.0" Y="161.0" />
  <Point X="118.0" Y="160.0" />
  <Point X="118.0" Y="159.0" />
  <Point X="118.0" Y="158.0" />
  <Point X="118.0" Y="157.2412858750282" />
  <Point X="118.0" Y="157.0" />
  <Point X="118.0" Y="156.0" />
  <Point X="118.0" Y="155.0" />
  <Point X="118.0" Y="154.0" />
  <Point X="118.0" Y="153.0" />
  <Point X="118.0" Y="151.6104903929619" />
  <Point X="118.0" Y="151.0" />
  <Point X="118.0" Y="150.0" />
  <Point X="118.0" Y="149.0" />
  <Point X="117.0" Y="148.0" />
  <Point X="117.0" Y="147.0" />
  <Point X="117.0" Y="146.39390847326868" />
  <Point X="117.0" Y="146.0" />
  <Point X="117.0" Y="145.0" />
  <Point X="117.0" Y="144.0" />
  <Point X="117.0" Y="143.0" />
  <Point X="117.0" Y="142.0" />
  <Point X="116.12538880851764" Y="141.12538880851764" />
  <Point X="116.0" Y="141.0" />
  <Point X="116.0" Y="140.0" />
  <Point X="116.0" Y="139.0" />
  <Point X="116.0" Y="138.0" />
  <Point X="115.0" Y="137.0" />
  <Point X="115.0" Y="136.0" />
  <Point X="115.0" Y="135.96074463388223" />
  <Point X="115.0" Y="135.0" />
  <Point X="115.0" Y="134.0" />
  <Point X="115.0" Y="133.0" />
  <Point X="115.0" Y="131.0" />
  <Point X="115.0" Y="130.32994915181592" />
  <Point X="115.0" Y="130.0" />
  <Point X="115.0" Y="129.0" />
  <Point X="115.0" Y="128.0" />
  <Point X="115.0" Y="127.0" />
  <Point X="115.0" Y="126.0" />
  <Point X="115.0" Y="125.0" />
  <Point X="114.6991536697496" Y="125.0" />
  <Point X="114.0" Y="125.0" />
  <Point X="114.0" Y="123.0" />
  <Point X="114.0" Y="122.0" />
  <Point X="114.0" Y="121.0" />
  <Point X="114.0" Y="120.06835818768329" />
  <Point X="114.0" Y="120.0" />
  <Point X="114.0" Y="119.0" />
  <Point X="114.0" Y="118.0" />
  <Point X="114.0" Y="117.0" />
  <Point X="114.0" Y="116.0" />
  <Point X="114.0" Y="115.0" />
  <Point X="114.0" Y="114.43756270561697" />
  <Point X="114.0" Y="114.0" />
  <Point X="114.0" Y="113.0" />
  <Point X="113.0" Y="112.0" />
  <Point X="113.0" Y="111.0" />
  <Point X="113.0" Y="110.0" />
  <Point X="113.0" Y="109.22098078592374" />
  <Point X="113.0" Y="109.0" />
  <Point X="113.0" Y="108.0" />
  <Point X="113.0" Y="107.0" />
  <Point X="113.0" Y="106.0" />
  <Point X="113.0" Y="105.0" />
  <Point X="113.0" Y="104.0" />
  <Point X="113.0" Y="103.59018530385742" />
  <Point X="113.0" Y="103.0" />
  <Point X="113.0" Y="102.0" />
  <Point X="113.0" Y="101.0" />
  <Point X="113.0" Y="100.0" />
  <Point X="113.0" Y="99.0" />
  <Point X="113.0" Y="98.0" />
  <Point X="113.0" Y="97.9593898217911" />
  <Point X="113.0" Y="97.0" />
  <Point X="113.0" Y="96.0" />
  <Point X="113.0" Y="95.0" />
  <Point X="113.0" Y="94.0" />
  <Point X="113.0" Y="93.0" />
  <Point X="113.0" Y="92.32859433972479" />
  <Point X="113.0" Y="92.0" />
  <Point X="113.0" Y="91.0" />
  <Point X="113.0" Y="90.0" />
  <Point X="113.0" Y="89.0" />
  <Point X="113.0" Y="88.0" />
  <Point X="113.0" Y="87.0" />
  <Point X="113.0" Y="86.69779885765847" />
  <Point X="113.0" Y="86.0" />
  <Point X="113.0" Y="85.0" />
  <Point X="113.0" Y="84.0" />
  <Point X="113.0" Y="83.0" />
  <Point X="113.0" Y="82.0" />
  <Point X="113.0" Y="81.06700337559215" />
  <Point X="113.0" Y="81.0" />
  <Point X="113.0" Y="80.0" />
  <Point X="113.0" Y="79.0" />
  <Point X="113.0" Y="78.0" />
  <Point X="113.0" Y="77.0" />
  <Point X="113.0" Y="76.0" />
  <Point X="113.0" Y="75.43620789352583" />
  <Point X="113.0" Y="75.0" />
  <Point X="113.0" Y="74.0" />
  <Point X="113.0" Y="73.0" />
  <Point X="113.0" Y="72.0" />
  <Point X="113.0" Y="71.0" />
  <Point X="113.0" Y="70.0" />
  <Point X="113.0" Y="69.80541241145951" />
  <Point X="113.0" Y="69.0" />
  <Point X="113.0" Y="68.0" />
  <Point X="113.0" Y="67.0" />
  <Point X="113.0" Y="66.0" />
  <Point X="113.0" Y="65.0" />
  <Point X="113.0" Y="64.1746169293932" />
  <Point X="113.0" Y="64.0" />
  <Point X="113.0" Y="63.0" />
  <Point X="113.0" Y="62.0" />
  <Point X="113.0" Y="61.0" />
  <Point X="113.0" Y="60.0" />
  <Point X="113.0" Y="59.0" />
  <Point X="113.45617855267312" Y="59.0" />
  <Point X="114.0" Y="59.0" />
  <Point X="114.0" Y="58.0" />
  <Point X="114.0" Y="57.0" />
  <Point X="114.0" Y="56.0" />
  <Point X="114.0" Y="55.0" />
  <Point X="114.0" Y="56.0" />
  <Point X="113.91302596526056" Y="56.0" />
  <Point X="113.0" Y="56.0" />
  <Point X="113.0" Y="57.0" />
  <Point X="112.0" Y="58.0" />
  <Point X="111.0" Y="59.0" />
  <Point X="111.0" Y="59.88934239205957" />
  <Point X="111.0" Y="60.0" />
  <Point X="110.0" Y="60.0" />
  <Point X="110.0" Y="61.0" />
  <Point X="110.0" Y="62.0" />
  <Point X="109.0" Y="62.0" />
  <Point X="109.0" Y="63.0" />
  <Point X="109.0" Y="63.520137874125886" />
  <Point X="109.0" Y="64.0" />
  <Point X="108.0" Y="64.0" />
  <Point X="108.0" Y="65.0" />
  <Point X="108.0" Y="66.0" />
  <Point X="107.0" Y="66.0" />
  <Point X="107.0" Y="67.0" />
  <Point X="106.89327400032924" Y="67.10672599967076" />
  <Point X="106.0" Y="68.0" />
  <Point X="106.0" Y="69.0" />
  <Point X="105.0" Y="70.0" />
  <Point X="105.0" Y="71.0" />
  <Point X="105.0" Y="71.95330171351233" />
  <Point X="105.0" Y="72.0" />
  <Point X="104.0" Y="73.0" />
  <Point X="104.0" Y="74.0" />
  <Point X="103.0" Y="75.0" />
  <Point X="103.0" Y="76.0" />
  <Point X="102.46566056857465" Y="76.53433943142535" />
  <Point X="102.0" Y="77.0" />
  <Point X="102.0" Y="78.0" />
  <Point X="102.0" Y="79.0" />
  <Point X="101.0" Y="79.0" />
  <Point X="101.0" Y="80.0" />
  <Point X="101.0" Y="80.97225199052568" />
  <Point X="101.0" Y="81.0" />
  <Point X="101.0" Y="82.0" />
  <Point X="100.0" Y="82.0" />
  <Point X="100.0" Y="83.0" />
  <Point X="100.0" Y="84.0" />
  <Point X="100.0" Y="85.0" />
  <Point X="99.396952527408" Y="85.0" />
  <Point X="99.0" Y="85.0" />
  <Point X="99.0" Y="86.0" />
  <Point X="98.0" Y="86.0" />
  <Point X="98.0" Y="87.0" />
  <Point X="98.0" Y="88.0" />
  <Point X="98.0" Y="89.0" />
  <Point X="97.76615704534169" Y="89.0" />
  <Point X="97.0" Y="89.0" />
  <Point X="97.0" Y="90.0" />
  <Point X="97.0" Y="91.0" />
  <Point X="96.0" Y="92.0" />
  <Point X="96.0" Y="93.0" />
  <Point X="96.0" Y="93.45042487435154" />
  <Point X="96.0" Y="94.0" />
  <Point X="95.0" Y="94.0" />
  <Point X="95.0" Y="95.0" />
  <Point X="94.0" Y="96.0" />
  <Point X="94.0" Y="97.0" />
  <Point X="94.0" Y="97.66700679404477" />
  <Point X="94.0" Y="98.0" />
  <Point X="94.0" Y="99.0" />
  <Point X="93.0" Y="99.0" />
  <Point X="93.0" Y="100.0" />
  <Point X="93.0" Y="101.0" />
  <Point X="93.0" Y="102.0" />
  <Point X="92.70219772388891" Y="102.0" />
  <Point X="92.0" Y="102.0" />
  <Point X="92.0" Y="103.0" />
  <Point X="92.0" Y="104.0" />
  <Point X="91.0" Y="104.0" />
  <Point X="91.0" Y="105.0" />
  <Point X="90.0714022418226" Y="105.0" />
  <Point X="90.0" Y="105.0" />
  <Point X="90.0" Y="106.0" />
  <Point X="90.0" Y="107.0" />
  <Point X="90.0" Y="106.0" />
  <Point X="90.0" Y="105.0" />
  <Point X="90.0" Y="104.0" />
  <Point X="90.0" Y="103.44060675975628" />
  <Point X="90.0" Y="103.0" />
  <Point X="90.0" Y="102.0" />
  <Point X="90.0" Y="101.0" />
  <Point X="90.0" Y="100.0" />
  <Point X="91.0" Y="100.0" />
  <Point X="91.0" Y="99.0" />
  <Point X="91.0" Y="98.80981127768996" />
  <Point X="91.0" Y="98.0" />
  <Point X="92.0" Y="98.0" />
  <Point X="92.0" Y="97.0" />
  <Point X="92.0" Y="96.0" />
  <Point X="93.0" Y="95.0" />
  <Point X="93.0" Y="94.59322935799673" />
  <Point X="93.0" Y="94.0" />
  <Point X="94.0" Y="93.0" />
  <Point X="94.0" Y="92.0" />
  <Point X="95.0" Y="92.0" />
  <Point X="95.0" Y="91.0" />
  <Point X="95.62335256169649" Y="91.0" />
  <Point X="96.0" Y="91.0" />
  <Point X="96.0" Y="90.0" />
  <Point X="96.0" Y="89.0" />
  <Point X="97.0" Y="88.0" />
  <Point X="97.0" Y="87.0" />
  <Point X="97.83993448138972" Y="87.0" />
  <Point X="98.0" Y="87.0" />
  <Point X="98.0" Y="86.0" />
  <Point X="99.0" Y="86.0" />
  <Point X="99.0" Y="85.0" />
  <Point X="99.0" Y="84.0" />
  <Point X="100.0" Y="84.0" />
  <Point X="100.0" Y="83.52927003654396" />
  <Point X="100.0" Y="83.0" />
  <Point X="101.0" Y="82.0" />
  <Point X="101.0" Y="81.0" />
  <Point X="102.0" Y="81.0" />
  <Point X="102.0" Y="80.0" />
  <Point X="102.68731188314926" Y="80.0" />
  <Point X="103.0" Y="80.0" />
  <Point X="103.0" Y="79.0" />
  <Point X="104.0" Y="79.0" />
  <Point X="104.0" Y="78.0" />
  <Point X="104.0" Y="77.0" />
  <Point X="105.0" Y="77.0" />
  <Point X="105.0" Y="76.68189263478442" />
  <Point X="105.0" Y="76.0" />
  <Point X="105.0" Y="75.0" />
  <Point X="106.0" Y="75.0" />
  <Point X="107.0" Y="74.0" />
  <Point X="107.0" Y="73.0" />
  <Point X="107.53468928490881" Y="73.0" />
  <Point X="108.0" Y="73.0" />
  <Point X="108.0" Y="72.0" />
  <Point X="108.0" Y="71.0" />
  <Point X="109.0" Y="71.0" />
  <Point X="109.0" Y="70.0" />
  <Point X="109.82412218209774" Y="69.17587781790226" />
  <Point X="110.0" Y="69.0" />
  <Point X="110.0" Y="68.0" />
  <Point X="110.0" Y="67.0" />
  <Point X="111.0" Y="67.0" />
  <Point X="111.0" Y="66.0" />
  <Point X="112.0" Y="66.0" />
  <Point X="112.0" Y="65.61793331333165" />
  <Point X="112.0" Y="65.0" />
  <Point X="113.0" Y="65.0" />
  <Point X="113.0" Y="64.0" />
  <Point X="113.0" Y="63.0" />
  <Point X="113.0" Y="62.0" />
  <Point X="114.0" Y="62.0" />
  <Point X="114.0" Y="61.98713783126533" />
  <Point X="114.0" Y="61.0" />
  <Point X="114.0" Y="60.0" />
  <Point X="114.0" Y="59.0" />
  <Point X="115.0" Y="59.0" />
  <Point X="116.0" Y="59.0" />
  <Point X="116.0" Y="59.64365765080099" />
  <Point X="116.0" Y="60.0" />
  <Point X="116.0" Y="61.0" />
  <Point X="117.0" Y="61.0" />
  <Point X="117.0" Y="62.0" />
  <Point X="118.0" Y="63.0" />
  <Point X="118.0" Y="63.86023957049421" />
  <Point X="118.0" Y="64.0" />
  <Point X="118.0" Y="65.0" />
  <Point X="119.0" Y="65.0" />
  <Point X="120.0" Y="66.0" />
  <Point X="120.0" Y="67.0" />
  <Point X="120.76142777783893" Y="67.76142777783893" />
  <Point X="121.0" Y="68.0" />
  <Point X="121.0" Y="69.0" />
  <Point X="122.0" Y="70.0" />
  <Point X="122.0" Y="71.0" />
  <Point X="123.0" Y="71.0" />
  <Point X="123.62168110312295" Y="71.62168110312295" />
  <Point X="124.0" Y="72.0" />
  <Point X="124.0" Y="73.0" />
  <Point X="125.0" Y="73.0" />
  <Point X="125.0" Y="74.0" />
  <Point X="126.0" Y="74.0" />
  <Point X="126.0" Y="75.0" />
  <Point X="126.06772086603388" Y="75.06772086603388" />
  <Point X="127.0" Y="76.0" />
  <Point X="128.0" Y="76.0" />
  <Point X="128.0" Y="77.0" />
  <Point X="129.0" Y="77.0" />
  <Point X="129.0" Y="78.0" />
  <Point X="129.312353686894" Y="78.0" />
  <Point X="130.0" Y="78.0" />
  <Point X="130.0" Y="79.0" />
  <Point X="131.0" Y="80.0" />
  <Point X="132.0" Y="80.0" />
  <Point X="132.0" Y="81.0" />
  <Point X="132.37401395422884" Y="81.37401395422884" />
  <Point X="133.0" Y="82.0" />
  <Point X="134.0" Y="83.0" />
  <Point X="134.0" Y="84.0" />
  <Point X="135.0" Y="85.0" />
  <Point X="135.91709040153424" Y="85.0" />
  <Point X="136.0" Y="85.0" />
  <Point X="136.0" Y="86.0" />
  <Point X="136.0" Y="87.0" />
  <Point X="137.0" Y="87.0" />
  <Point X="137.0" Y="88.0" />
  <Point X="137.0" Y="89.0" />
  <Point X="137.54788588360054" Y="89.0" />
  <Point X="138.0" Y="89.0" />
  <Point X="138.0" Y="90.0" />
  <Point X="139.0" Y="91.0" />
  <Point X="140.0" Y="92.0" />
  <Point X="140.0" Y="93.0" />
  <Point X="140.24766714889435" Y="93.24766714889435" />
  <Point X="141.0" Y="94.0" />
  <Point X="141.0" Y="95.0" />
  <Point X="141.0" Y="96.0" />
  <Point X="142.0" Y="97.0" />
  <Point X="142.0" Y="98.0" />
  <Point X="142.15262259824078" Y="98.0" />
  <Point X="143.0" Y="98.0" />
  <Point X="143.0" Y="99.0" />
  <Point X="143.0" Y="100.0" />
  <Point X="144.0" Y="101.0" />
  <Point X="145.0" Y="101.0" />
  <Point X="145.0" Y="101.36920451793401" />
  <Point X="145.0" Y="102.0" />
  <Point X="145.0" Y="103.0" />
  <Point X="146.0" Y="103.0" />
  <Point X="146.0" Y="104.0" />
  <Point X="146.0" Y="105.0" />
  <Point X="147.0" Y="105.0" />
</Project_1_Part_4>
