<?xml version="1.0" encoding="utf-8" standalone="yes"?>
<Gesture Name="arrow9" Subject="3" Number="3" NumPts="335">
  <Point X="47.0" Y="142.0" />
  <Point X="48.0" Y="142.0" />
  <Point X="49.0" Y="142.0" />
  <Point X="49.0" Y="141.0" />
  <Point X="50.0" Y="141.0" />
  <Point X="50.97493771990127" Y="141.0" />
  <Point X="51.0" Y="141.0" />
  <Point X="51.0" Y="140.0" />
  <Point X="52.0" Y="140.0" />
  <Point X="52.0" Y="139.0" />
  <Point X="53.0" Y="139.0" />
  <Point X="53.67166336476693" Y="138.3283366352331" />
  <Point X="54.0" Y="138.0" />
  <Point X="55.0" Y="138.0" />
  <Point X="56.0" Y="137.0" />
  <Point X="57.0" Y="137.0" />
  <Point X="57.0" Y="136.0" />
  <Point X="57.096386034957604" Y="136.0" />
  <Point X="58.0" Y="136.0" />
  <Point X="58.0" Y="135.0" />
  <Point X="59.0" Y="135.0" />
  <Point X="60.85264828770982" Y="134.0736758561451" />
  <Point X="61.0" Y="134.0" />
  <Point X="62.0" Y="133.0" />
  <Point X="62.0" Y="132.0" />
  <Point X="63.0" Y="132.0" />
  <Point X="64.0" Y="132.0" />
  <Point X="64.28000009717259" Y="131.71999990282742" />
  <Point X="65.0" Y="131.0" />
  <Point X="66.0" Y="131.0" />
  <Point X="67.0" Y="130.0" />
  <Point X="67.0" Y="129.0" />
  <Point X="67.54249053004233" Y="129.0" />
  <Point X="68.0" Y="129.0" />
  <Point X="69.0" Y="128.0" />
  <Point X="70.0" Y="128.0" />
  <Point X="71.88117240507344" Y="127.05941379746328" />
  <Point X="72.0" Y="127.0" />
  <Point X="72.0" Y="126.0" />
  <Point X="73.0" Y="126.0" />
  <Point X="74.0" Y="125.0" />
  <Point X="75.0" Y="125.0" />
  <Point X="75.42787086759887" Y="125.0" />
  <Point X="76.0" Y="125.0" />
  <Point X="76.0" Y="123.0" />
  <Point X="78.0" Y="123.0" />
  <Point X="78.28482868374152" Y="122.71517131625848" />
  <Point X="79.0" Y="122.0" />
  <Point X="80.0" Y="121.0" />
  <Point X="81.0" Y="120.0" />
  <Point X="82.0" Y="120.0" />
  <Point X="82.0955341002779" Y="119.9044658997221" />
  <Point X="83.0" Y="119.0" />
  <Point X="84.0" Y="119.0" />
  <Point X="86.0" Y="118.0" />
  <Point X="86.0" Y="117.5402381996895" />
  <Point X="86.0" Y="117.0" />
  <Point X="87.0" Y="117.0" />
  <Point X="88.0" Y="116.0" />
  <Point X="89.0" Y="116.0" />
  <Point X="89.45637519436225" Y="115.0872496112755" />
  <Point X="90.0" Y="114.0" />
  <Point X="91.0" Y="114.0" />
  <Point X="93.0" Y="113.0" />
  <Point X="93.0" Y="112.47671227725964" />
  <Point X="93.0" Y="112.0" />
  <Point X="95.0" Y="112.0" />
  <Point X="95.0" Y="111.0" />
  <Point X="96.0" Y="110.0" />
  <Point X="96.05940537023811" Y="109.94059462976189" />
  <Point X="97.0" Y="109.0" />
  <Point X="99.0" Y="109.0" />
  <Point X="100.0" Y="108.0" />
  <Point X="100.16300400558794" Y="107.83699599441206" />
  <Point X="101.0" Y="107.0" />
  <Point X="102.0" Y="107.0" />
  <Point X="103.0" Y="106.0" />
  <Point X="103.97370942212432" Y="105.02629057787568" />
  <Point X="104.0" Y="105.0" />
  <Point X="105.0" Y="104.0" />
  <Point X="106.0" Y="104.0" />
  <Point X="107.0" Y="103.0" />
  <Point X="107.7844148386607" Y="102.2155851613393" />
  <Point X="108.0" Y="102.0" />
  <Point X="109.0" Y="102.0" />
  <Point X="110.0" Y="101.0" />
  <Point X="111.0" Y="100.0" />
  <Point X="111.84162713614263" Y="100.0" />
  <Point X="112.0" Y="100.0" />
  <Point X="114.0" Y="99.0" />
  <Point X="114.0" Y="98.0" />
  <Point X="115.0" Y="98.0" />
  <Point X="115.41047327927616" Y="97.58952672072384" />
  <Point X="116.0" Y="97.0" />
  <Point X="117.0" Y="96.0" />
  <Point X="117.0" Y="95.0" />
  <Point X="118.0" Y="95.0" />
  <Point X="118.51407191462599" Y="94.48592808537401" />
  <Point X="119.0" Y="94.0" />
  <Point X="120.0" Y="93.0" />
  <Point X="121.0" Y="93.0" />
  <Point X="121.83786275180644" Y="91.3242744963871" />
  <Point X="122.0" Y="91.0" />
  <Point X="123.0" Y="91.0" />
  <Point X="124.0" Y="91.0" />
  <Point X="125.0" Y="90.0" />
  <Point X="126.0" Y="90.0" />
  <Point X="126.14013035524145" Y="89.85986964475855" />
  <Point X="127.0" Y="89.0" />
  <Point X="128.0" Y="88.0" />
  <Point X="129.0" Y="88.0" />
  <Point X="130.0" Y="88.0" />
  <Point X="130.15414774841645" Y="87.69170450316712" />
  <Point X="131.0" Y="86.0" />
  <Point X="132.0" Y="86.0" />
  <Point X="132.0" Y="85.0" />
  <Point X="133.0" Y="85.0" />
  <Point X="133.0835545864392" Y="85.0" />
  <Point X="134.0" Y="85.0" />
  <Point X="135.0" Y="84.0" />
  <Point X="136.0" Y="84.0" />
  <Point X="136.0" Y="83.0" />
  <Point X="136.45557386883368" Y="82.54442613116632" />
  <Point X="137.0" Y="82.0" />
  <Point X="138.0" Y="82.0" />
  <Point X="139.0" Y="81.0" />
  <Point X="140.0" Y="80.0" />
  <Point X="140.37657577674935" Y="80.0" />
  <Point X="141.0" Y="80.0" />
  <Point X="141.0" Y="79.0" />
  <Point X="142.0" Y="79.0" />
  <Point X="143.0" Y="79.0" />
  <Point X="143.0" Y="78.0" />
  <Point X="143.0" Y="77.64848650334939" />
  <Point X="143.0" Y="77.0" />
  <Point X="144.0" Y="77.0" />
  <Point X="145.0" Y="77.0" />
  <Point X="145.0" Y="76.0" />
  <Point X="146.0" Y="76.0" />
  <Point X="146.23083586895044" Y="75.76916413104956" />
  <Point X="147.0" Y="75.0" />
  <Point X="148.0" Y="75.0" />
  <Point X="148.0" Y="74.0" />
  <Point X="149.0" Y="73.0" />
  <Point X="149.47296181170697" Y="73.0" />
  <Point X="150.0" Y="73.0" />
  <Point X="151.0" Y="73.0" />
  <Point X="151.0" Y="72.0" />
  <Point X="152.0" Y="72.0" />
  <Point X="153.0" Y="72.0" />
  <Point X="153.0" Y="71.55210046839177" />
  <Point X="153.0" Y="71.0" />
  <Point X="154.0" Y="70.0" />
  <Point X="155.0" Y="70.0" />
  <Point X="155.0" Y="69.0" />
  <Point X="156.0" Y="69.0" />
  <Point X="156.0" Y="68.9913763108636" />
  <Point X="156.0" Y="68.0" />
  <Point X="157.0" Y="68.0" />
  <Point X="157.0" Y="67.0" />
  <Point X="158.0" Y="67.0" />
  <Point X="158.0" Y="66.01643859096234" />
  <Point X="158.0" Y="66.0" />
  <Point X="159.0" Y="66.0" />
  <Point X="159.0" Y="65.0" />
  <Point X="160.0" Y="65.0" />
  <Point X="160.0" Y="64.0" />
  <Point X="159.04150087106106" Y="64.0" />
  <Point X="159.0" Y="64.0" />
  <Point X="158.0" Y="64.0" />
  <Point X="157.0" Y="64.0" />
  <Point X="156.0" Y="64.0" />
  <Point X="155.0" Y="64.0" />
  <Point X="154.06656315115978" Y="64.0" />
  <Point X="154.0" Y="64.0" />
  <Point X="153.0" Y="64.0" />
  <Point X="152.0" Y="64.0" />
  <Point X="151.0" Y="64.0" />
  <Point X="150.0" Y="64.0" />
  <Point X="149.0916254312585" Y="64.0" />
  <Point X="149.0" Y="64.0" />
  <Point X="148.0" Y="64.0" />
  <Point X="147.0" Y="64.0" />
  <Point X="146.0" Y="64.0" />
  <Point X="144.11668771135723" Y="64.0" />
  <Point X="144.0" Y="64.0" />
  <Point X="143.0" Y="64.0" />
  <Point X="142.0" Y="64.0" />
  <Point X="141.0" Y="64.0" />
  <Point X="139.14174999145595" Y="64.0" />
  <Point X="139.0" Y="64.0" />
  <Point X="139.0" Y="65.0" />
  <Point X="138.0" Y="65.0" />
  <Point X="136.0" Y="66.0" />
  <Point X="135.40288024905448" Y="66.0" />
  <Point X="135.0" Y="66.0" />
  <Point X="133.0" Y="66.0" />
  <Point X="132.0" Y="66.0" />
  <Point X="131.0" Y="66.0" />
  <Point X="130.4279425291532" Y="66.0" />
  <Point X="130.0" Y="66.0" />
  <Point X="129.0" Y="66.0" />
  <Point X="129.0" Y="67.0" />
  <Point X="127.0" Y="67.0" />
  <Point X="126.45300480925194" Y="67.0" />
  <Point X="126.0" Y="67.0" />
  <Point X="125.0" Y="67.0" />
  <Point X="124.0" Y="68.0" />
  <Point X="123.0" Y="69.0" />
  <Point X="122.30649421409686" Y="69.0" />
  <Point X="122.0" Y="69.0" />
  <Point X="121.0" Y="69.0" />
  <Point X="120.0" Y="69.0" />
  <Point X="120.0" Y="70.0" />
  <Point X="119.0" Y="70.0" />
  <Point X="119.0" Y="70.6684435058044" />
  <Point X="119.0" Y="71.0" />
  <Point X="118.0" Y="71.0" />
  <Point X="117.0" Y="71.0" />
  <Point X="117.0" Y="72.0" />
  <Point X="116.0" Y="72.0" />
  <Point X="116.0" Y="72.64338122570567" />
  <Point X="116.0" Y="73.0" />
  <Point X="115.0" Y="73.0" />
  <Point X="114.0" Y="73.0" />
  <Point X="114.0" Y="74.0" />
  <Point X="113.0" Y="74.0" />
  <Point X="112.38168105439307" Y="74.0" />
  <Point X="112.0" Y="74.0" />
  <Point X="112.0" Y="75.0" />
  <Point X="112.0" Y="76.0" />
  <Point X="111.0" Y="76.0" />
  <Point X="110.0" Y="76.0" />
  <Point X="110.59325666550819" Y="76.0" />
  <Point X="111.0" Y="76.0" />
  <Point X="111.0" Y="75.0" />
  <Point X="112.0" Y="75.0" />
  <Point X="113.0" Y="75.0" />
  <Point X="114.0" Y="75.0" />
  <Point X="114.56819438540946" Y="75.0" />
  <Point X="115.0" Y="75.0" />
  <Point X="116.0" Y="74.0" />
  <Point X="117.0" Y="74.0" />
  <Point X="118.0" Y="74.0" />
  <Point X="119.0" Y="74.0" />
  <Point X="119.12891854293763" Y="74.0" />
  <Point X="120.0" Y="74.0" />
  <Point X="121.0" Y="73.0" />
  <Point X="122.0" Y="73.0" />
  <Point X="123.0" Y="73.0" />
  <Point X="123.48765103009517" Y="72.51234896990483" />
  <Point X="124.0" Y="72.0" />
  <Point X="125.0" Y="72.0" />
  <Point X="126.0" Y="72.0" />
  <Point X="127.0" Y="71.0" />
  <Point X="127.83615329562087" Y="71.0" />
  <Point X="128.0" Y="71.0" />
  <Point X="130.0" Y="71.0" />
  <Point X="131.0" Y="70.0" />
  <Point X="132.0" Y="70.0" />
  <Point X="132.39687745314905" Y="70.0" />
  <Point X="134.0" Y="70.0" />
  <Point X="135.0" Y="70.0" />
  <Point X="136.0" Y="70.0" />
  <Point X="136.9700198113985" Y="69.02998018860153" />
  <Point X="137.0" Y="69.0" />
  <Point X="138.0" Y="69.0" />
  <Point X="139.0" Y="68.0" />
  <Point X="140.0" Y="68.0" />
  <Point X="141.0" Y="68.0" />
  <Point X="141.5183257682054" Y="68.0" />
  <Point X="142.0" Y="68.0" />
  <Point X="143.0" Y="68.0" />
  <Point X="144.0" Y="68.0" />
  <Point X="145.0" Y="68.0" />
  <Point X="146.0" Y="68.0" />
  <Point X="146.49326348810666" Y="68.0" />
  <Point X="147.0" Y="68.0" />
  <Point X="148.0" Y="68.0" />
  <Point X="149.0" Y="68.0" />
  <Point X="150.0" Y="68.0" />
  <Point X="151.0" Y="68.0" />
  <Point X="151.46820120800794" Y="68.0" />
  <Point X="152.0" Y="68.0" />
  <Point X="153.0" Y="68.0" />
  <Point X="154.0" Y="68.0" />
  <Point X="155.0" Y="68.0" />
  <Point X="156.0" Y="68.0" />
  <Point X="156.0" Y="68.4431389279092" />
  <Point X="156.0" Y="69.0" />
  <Point X="156.0" Y="70.0" />
  <Point X="156.0" Y="71.0" />
  <Point X="156.0" Y="72.0" />
  <Point X="156.0" Y="73.0" />
  <Point X="156.0" Y="73.41807664781047" />
  <Point X="156.0" Y="74.0" />
  <Point X="156.0" Y="75.0" />
  <Point X="156.0" Y="76.0" />
  <Point X="157.0" Y="77.0" />
  <Point X="157.0" Y="77.97880080533864" />
  <Point X="157.0" Y="78.0" />
  <Point X="157.0" Y="79.0" />
  <Point X="157.0" Y="80.0" />
  <Point X="157.0" Y="81.0" />
  <Point X="158.0" Y="81.0" />
  <Point X="158.0" Y="81.9537385252399" />
  <Point X="158.0" Y="82.0" />
  <Point X="158.0" Y="83.0" />
  <Point X="158.0" Y="84.0" />
  <Point X="158.0" Y="85.0" />
  <Point X="158.0" Y="86.0" />
  <Point X="158.0" Y="86.92867624514116" />
  <Point X="158.0" Y="87.0" />
  <Point X="158.0" Y="88.0" />
  <Point X="158.0" Y="89.0" />
  <Point X="158.0" Y="90.0" />
  <Point X="158.0" Y="91.0" />
  <Point X="158.0" Y="91.90361396504242" />
  <Point X="158.0" Y="92.0" />
  <Point X="158.0" Y="93.0" />
  <Point X="158.0" Y="94.0" />
  <Point X="159.0" Y="94.0" />
  <Point X="159.0" Y="95.0" />
  <Point X="159.0" Y="95.87855168494369" />
  <Point X="159.0" Y="96.0" />
  <Point X="159.0" Y="97.0" />
  <Point X="159.0" Y="98.0" />
  <Point X="160.0" Y="99.0" />
  <Point X="160.0" Y="100.0" />
  <Point X="160.0" Y="100.43927584247186" />
  <Point X="160.0" Y="101.0" />
  <Point X="160.0" Y="102.0" />
  <Point X="161.0" Y="102.0" />
  <Point X="162.0" Y="103.0" />
  <Point X="163.0" Y="103.0" />
</Project_1_Part_4>
