<?xml version="1.0" encoding="utf-8" standalone="yes"?>
<Gesture Name="arrow7" Subject="3" Number="3" NumPts="344">
  <Point X="152.0" Y="182.0" />
  <Point X="151.0" Y="182.0" />
  <Point X="151.0" Y="181.0" />
  <Point X="150.0" Y="181.0" />
  <Point X="149.0" Y="180.0" />
  <Point X="148.03005642420783" Y="180.0" />
  <Point X="148.0" Y="180.0" />
  <Point X="147.0" Y="179.0" />
  <Point X="147.0" Y="178.0" />
  <Point X="146.0" Y="178.0" />
  <Point X="145.0" Y="177.0" />
  <Point X="144.47432641078876" Y="177.0" />
  <Point X="144.0" Y="177.0" />
  <Point X="143.0" Y="176.0" />
  <Point X="142.0" Y="175.0" />
  <Point X="141.0" Y="175.0" />
  <Point X="140.23533217938055" Y="174.23533217938055" />
  <Point X="140.0" Y="174.0" />
  <Point X="139.0" Y="173.0" />
  <Point X="138.0" Y="172.0" />
  <Point X="137.0" Y="172.0" />
  <Point X="136.1352649371965" Y="171.1352649371965" />
  <Point X="136.0" Y="171.0" />
  <Point X="135.0" Y="171.0" />
  <Point X="133.0" Y="170.0" />
  <Point X="132.0" Y="169.0" />
  <Point X="131.6163365250966" Y="168.6163365250966" />
  <Point X="131.0" Y="168.0" />
  <Point X="129.0" Y="167.0" />
  <Point X="128.0" Y="166.0" />
  <Point X="127.39030133181019" Y="165.3903013318102" />
  <Point X="127.0" Y="165.0" />
  <Point X="125.0" Y="164.0" />
  <Point X="123.16426613852379" Y="162.16426613852377" />
  <Point X="123.0" Y="162.0" />
  <Point X="121.0" Y="162.0" />
  <Point X="120.0" Y="160.0" />
  <Point X="119.18089989307889" Y="159.59044994653945" />
  <Point X="118.0" Y="159.0" />
  <Point X="116.0" Y="159.0" />
  <Point X="115.07700886504371" Y="157.15401773008742" />
  <Point X="115.0" Y="157.0" />
  <Point X="113.0" Y="157.0" />
  <Point X="111.0" Y="155.0" />
  <Point X="110.72880124578381" Y="154.7288012457838" />
  <Point X="110.0" Y="154.0" />
  <Point X="108.0" Y="153.0" />
  <Point X="105.9912498690983" Y="152.33041662303276" />
  <Point X="105.0" Y="152.0" />
  <Point X="104.0" Y="152.0" />
  <Point X="103.0" Y="150.0" />
  <Point X="101.95339355965162" Y="149.65113118655054" />
  <Point X="100.0" Y="149.0" />
  <Point X="99.0" Y="149.0" />
  <Point X="97.35590635321304" Y="147.35590635321304" />
  <Point X="97.0" Y="147.0" />
  <Point X="95.0" Y="147.0" />
  <Point X="92.42330772095957" Y="145.7116538604798" />
  <Point X="91.0" Y="145.0" />
  <Point X="90.0" Y="144.0" />
  <Point X="88.0" Y="144.0" />
  <Point X="87.7322630913864" Y="143.7322630913864" />
  <Point X="86.0" Y="142.0" />
  <Point X="85.0" Y="141.0" />
  <Point X="83.47984638164482" Y="141.0" />
  <Point X="83.0" Y="141.0" />
  <Point X="81.0" Y="139.0" />
  <Point X="80.0" Y="139.0" />
  <Point X="79.0" Y="139.0" />
  <Point X="78.94634216939137" Y="138.94634216939136" />
  <Point X="77.0" Y="137.0" />
  <Point X="76.0" Y="136.0" />
  <Point X="75.0" Y="136.0" />
  <Point X="74.78259991717978" Y="136.0" />
  <Point X="74.0" Y="136.0" />
  <Point X="72.0" Y="135.0" />
  <Point X="70.0" Y="134.0" />
  <Point X="69.8705787340141" Y="134.0" />
  <Point X="69.0" Y="134.0" />
  <Point X="68.0" Y="133.0" />
  <Point X="67.0" Y="132.0" />
  <Point X="66.0" Y="132.0" />
  <Point X="65.51552488419411" Y="131.51552488419412" />
  <Point X="65.0" Y="131.0" />
  <Point X="64.0" Y="131.0" />
  <Point X="63.0" Y="130.0" />
  <Point X="62.0" Y="129.0" />
  <Point X="61.173332269549064" Y="129.0" />
  <Point X="61.0" Y="129.0" />
  <Point X="60.0" Y="129.0" />
  <Point X="60.0" Y="128.0" />
  <Point X="58.0" Y="128.0" />
  <Point X="57.14381752457218" Y="127.14381752457219" />
  <Point X="57.0" Y="127.0" />
  <Point X="56.0" Y="126.0" />
  <Point X="55.0" Y="126.0" />
  <Point X="54.0" Y="125.0" />
  <Point X="53.0" Y="125.0" />
  <Point X="53.0" Y="124.64765868033784" />
  <Point X="53.0" Y="124.0" />
  <Point X="52.0" Y="123.0" />
  <Point X="51.0" Y="123.0" />
  <Point X="50.0" Y="123.0" />
  <Point X="50.0" Y="122.0" />
  <Point X="49.677715104545676" Y="122.0" />
  <Point X="49.0" Y="122.0" />
  <Point X="49.0" Y="121.0" />
  <Point X="48.0" Y="121.0" />
  <Point X="47.0" Y="121.0" />
  <Point X="47.0" Y="120.0" />
  <Point X="46.29355796638042" Y="120.0" />
  <Point X="46.0" Y="120.0" />
  <Point X="46.0" Y="119.0" />
  <Point X="46.0" Y="118.0" />
  <Point X="45.0" Y="118.0" />
  <Point X="45.0" Y="117.0" />
  <Point X="44.0" Y="117.0" />
  <Point X="43.93593671126106" Y="116.93593671126105" />
  <Point X="43.0" Y="116.0" />
  <Point X="43.0" Y="115.0" />
  <Point X="42.0" Y="115.0" />
  <Point X="42.0" Y="114.0" />
  <Point X="41.0" Y="114.0" />
  <Point X="41.0" Y="113.939457252423" />
  <Point X="41.0" Y="113.0" />
  <Point X="40.0" Y="113.0" />
  <Point X="40.0" Y="112.0" />
  <Point X="39.0" Y="112.0" />
  <Point X="39.0" Y="111.0" />
  <Point X="38.55530011425774" Y="111.0" />
  <Point X="38.0" Y="111.0" />
  <Point X="38.0" Y="110.0" />
  <Point X="38.0" Y="109.0" />
  <Point X="37.0" Y="109.0" />
  <Point X="37.0" Y="108.0" />
  <Point X="36.17114297609248" Y="108.0" />
  <Point X="36.0" Y="108.0" />
  <Point X="35.0" Y="108.0" />
  <Point X="35.0" Y="107.0" />
  <Point X="35.0" Y="106.0" />
  <Point X="34.0" Y="106.0" />
  <Point X="33.0" Y="106.0" />
  <Point X="33.0" Y="105.78698583792722" />
  <Point X="33.0" Y="105.0" />
  <Point X="33.0" Y="104.0" />
  <Point X="32.0" Y="104.0" />
  <Point X="32.0" Y="103.0" />
  <Point X="32.0" Y="104.0" />
  <Point X="32.0" Y="104.59717130023805" />
  <Point X="32.0" Y="105.0" />
  <Point X="33.0" Y="105.0" />
  <Point X="34.0" Y="108.0" />
  <Point X="34.0" Y="108.81905077823492" />
  <Point X="34.0" Y="109.0" />
  <Point X="35.0" Y="109.0" />
  <Point X="35.0" Y="110.0" />
  <Point X="36.0" Y="111.0" />
  <Point X="36.0" Y="112.0" />
  <Point X="36.78899435402709" Y="112.0" />
  <Point X="37.0" Y="112.0" />
  <Point X="37.0" Y="113.0" />
  <Point X="37.0" Y="114.0" />
  <Point X="38.0" Y="115.0" />
  <Point X="38.0" Y="116.0" />
  <Point X="38.536650156674874" Y="116.53665015667487" />
  <Point X="39.0" Y="117.0" />
  <Point X="39.0" Y="118.0" />
  <Point X="40.0" Y="119.0" />
  <Point X="40.0" Y="120.0" />
  <Point X="40.92961061767238" Y="120.92961061767238" />
  <Point X="41.0" Y="121.0" />
  <Point X="41.0" Y="122.0" />
  <Point X="41.0" Y="123.0" />
  <Point X="42.0" Y="124.0" />
  <Point X="42.0" Y="125.0" />
  <Point X="42.0" Y="125.87039795665738" />
  <Point X="42.0" Y="126.0" />
  <Point X="43.0" Y="127.0" />
  <Point X="43.0" Y="128.0" />
  <Point X="43.0" Y="129.0" />
  <Point X="44.0" Y="129.0" />
  <Point X="44.0" Y="129.84034153244954" />
  <Point X="44.0" Y="130.0" />
  <Point X="44.0" Y="131.0" />
  <Point X="44.0" Y="132.0" />
  <Point X="45.0" Y="132.0" />
  <Point X="45.0" Y="133.0" />
  <Point X="45.0" Y="134.0" />
  <Point X="45.0" Y="134.2244986706148" />
  <Point X="45.0" Y="135.0" />
  <Point X="45.0" Y="136.0" />
  <Point X="45.0" Y="137.0" />
  <Point X="46.0" Y="137.0" />
  <Point X="46.0" Y="138.0" />
  <Point X="46.0" Y="138.60865580878004" />
  <Point X="46.0" Y="139.0" />
  <Point X="46.0" Y="140.0" />
  <Point X="46.0" Y="141.0" />
  <Point X="47.0" Y="141.0" />
  <Point X="47.0" Y="142.0" />
  <Point X="47.0" Y="142.9928129469453" />
  <Point X="47.0" Y="143.0" />
  <Point X="47.0" Y="144.0" />
  <Point X="47.0" Y="145.0" />
  <Point X="47.0" Y="146.0" />
  <Point X="47.0" Y="147.0" />
  <Point X="47.0" Y="148.0" />
  <Point X="47.37697008511055" Y="148.0" />
  <Point X="48.0" Y="148.0" />
  <Point X="48.0" Y="149.0" />
  <Point X="48.0" Y="150.0" />
  <Point X="48.0" Y="151.0" />
  <Point X="48.0" Y="150.0" />
  <Point X="48.0" Y="149.23887277672418" />
  <Point X="48.0" Y="149.0" />
  <Point X="48.0" Y="148.0" />
  <Point X="48.0" Y="147.0" />
  <Point X="48.0" Y="146.0" />
  <Point X="48.0" Y="145.0" />
  <Point X="47.19016166163811" Y="144.19016166163811" />
  <Point X="47.0" Y="144.0" />
  <Point X="47.0" Y="143.0" />
  <Point X="47.0" Y="142.0" />
  <Point X="47.0" Y="141.0" />
  <Point X="47.0" Y="140.0" />
  <Point X="47.0" Y="139.0" />
  <Point X="47.0" Y="138.88477206276676" />
  <Point X="47.0" Y="138.0" />
  <Point X="47.0" Y="137.0" />
  <Point X="47.0" Y="136.0" />
  <Point X="47.0" Y="135.0" />
  <Point X="47.0" Y="134.0" />
  <Point X="47.0" Y="133.5006149246015" />
  <Point X="47.0" Y="133.0" />
  <Point X="47.0" Y="132.0" />
  <Point X="47.0" Y="131.0" />
  <Point X="47.0" Y="130.0" />
  <Point X="47.0" Y="129.0" />
  <Point X="47.0" Y="128.11645778643626" />
  <Point X="47.0" Y="128.0" />
  <Point X="47.0" Y="127.0" />
  <Point X="47.0" Y="126.0" />
  <Point X="47.0" Y="125.0" />
  <Point X="47.0" Y="124.0" />
  <Point X="47.0" Y="123.0" />
  <Point X="47.0" Y="122.73230064827099" />
  <Point X="47.0" Y="122.0" />
  <Point X="47.0" Y="121.0" />
  <Point X="47.0" Y="120.0" />
  <Point X="47.0" Y="119.0" />
  <Point X="47.0" Y="118.0" />
  <Point X="47.0" Y="117.34814351010573" />
  <Point X="47.0" Y="117.0" />
  <Point X="47.0" Y="116.0" />
  <Point X="47.0" Y="115.0" />
  <Point X="47.0" Y="114.0" />
  <Point X="47.0" Y="113.0" />
  <Point X="47.0" Y="112.0" />
  <Point X="47.0" Y="111.96398637194046" />
  <Point X="47.0" Y="111.0" />
  <Point X="47.0" Y="110.0" />
  <Point X="47.0" Y="108.0" />
  <Point X="47.0" Y="107.0" />
  <Point X="47.0" Y="106.5798292337752" />
  <Point X="47.0" Y="106.0" />
  <Point X="47.0" Y="104.0" />
  <Point X="47.0" Y="103.0" />
  <Point X="47.0" Y="102.0" />
  <Point X="47.0" Y="101.19567209560994" />
  <Point X="47.0" Y="101.0" />
  <Point X="47.0" Y="100.0" />
  <Point X="47.0" Y="99.0" />
  <Point X="47.0" Y="98.0" />
  <Point X="46.0" Y="98.0" />
  <Point X="46.0" Y="97.0" />
  <Point X="46.0" Y="96.81151495744467" />
  <Point X="46.0" Y="96.0" />
  <Point X="46.0" Y="95.0" />
  <Point X="46.0" Y="94.0" />
  <Point X="46.0" Y="93.0" />
  <Point X="46.0" Y="92.0" />
  <Point X="46.572642180720585" Y="92.0" />
  <Point X="47.0" Y="92.0" />
  <Point X="48.0" Y="92.0" />
  <Point X="49.0" Y="92.0" />
  <Point X="49.0" Y="91.0" />
  <Point X="50.0" Y="91.0" />
  <Point X="50.95679931888584" Y="91.0" />
  <Point X="51.0" Y="91.0" />
  <Point X="52.0" Y="91.0" />
  <Point X="53.0" Y="91.0" />
  <Point X="54.0" Y="90.0" />
  <Point X="55.0" Y="90.0" />
  <Point X="55.92674289467801" Y="90.0" />
  <Point X="56.0" Y="90.0" />
  <Point X="56.0" Y="89.0" />
  <Point X="57.0" Y="89.0" />
  <Point X="58.0" Y="89.0" />
  <Point X="59.0" Y="89.0" />
  <Point X="60.0" Y="89.0" />
  <Point X="60.310900032843264" Y="89.0" />
  <Point X="61.0" Y="89.0" />
  <Point X="62.0" Y="89.0" />
  <Point X="63.0" Y="89.0" />
  <Point X="64.0" Y="89.0" />
  <Point X="64.0" Y="88.0" />
  <Point X="64.69505717100853" Y="88.0" />
  <Point X="65.0" Y="88.0" />
  <Point X="66.0" Y="88.0" />
  <Point X="67.0" Y="88.0" />
  <Point X="68.0" Y="88.0" />
  <Point X="69.0" Y="88.0" />
  <Point X="70.0" Y="88.0" />
  <Point X="70.07921430917379" Y="88.0" />
  <Point X="71.0" Y="88.0" />
  <Point X="72.0" Y="88.0" />
  <Point X="73.0" Y="88.0" />
  <Point X="74.0" Y="88.0" />
  <Point X="75.0" Y="88.0" />
  <Point X="75.46337144733906" Y="88.0" />
  <Point X="76.0" Y="88.0" />
  <Point X="76.0" Y="87.0" />
  <Point X="77.0" Y="87.0" />
  <Point X="79.0" Y="87.0" />
  <Point X="79.84752858550432" Y="87.0" />
  <Point X="80.0" Y="87.0" />
  <Point X="81.0" Y="87.0" />
  <Point X="82.0" Y="87.0" />
  <Point X="83.0" Y="87.0" />
  <Point X="84.0" Y="87.0" />
  <Point X="85.0" Y="87.0" />
  <Point X="85.23168572366959" Y="87.0" />
  <Point X="86.0" Y="87.0" />
  <Point X="87.0" Y="87.0" />
  <Point X="87.0" Y="86.0" />
  <Point X="88.0" Y="86.0" />
  <Point X="89.0" Y="86.0" />
  <Point X="89.61584286183485" Y="86.0" />
  <Point X="90.0" Y="86.0" />
  <Point X="91.0" Y="86.0" />
  <Point X="91.0" Y="85.0" />
  <Point X="92.0" Y="85.0" />
  <Point X="93.0" Y="85.0" />
  <Point X="94.0" Y="85.0" />
</Project_1_Part_4>
