<?xml version="1.0" encoding="utf-8" standalone="yes"?>
<Gesture Name="caret10" Subject="3" Number="3" NumPts="271">
  <Point X="80.0" Y="185.0" />
  <Point X="80.0" Y="184.0" />
  <Point X="80.0" Y="183.0" />
  <Point X="80.0" Y="182.0" />
  <Point X="81.0" Y="182.0" />
  <Point X="81.0" Y="181.8760128034873" />
  <Point X="81.0" Y="181.0" />
  <Point X="81.0" Y="180.0" />
  <Point X="82.0" Y="180.0" />
  <Point X="82.0" Y="179.0" />
  <Point X="82.0" Y="178.7520256069746" />
  <Point X="82.0" Y="178.0" />
  <Point X="83.0" Y="178.0" />
  <Point X="83.0" Y="177.0" />
  <Point X="84.0" Y="177.0" />
  <Point X="84.0" Y="176.6280384104619" />
  <Point X="84.0" Y="176.0" />
  <Point X="85.0" Y="175.0" />
  <Point X="85.0" Y="174.0" />
  <Point X="85.0" Y="173.0" />
  <Point X="85.0" Y="172.91826477632227" />
  <Point X="85.0" Y="172.0" />
  <Point X="86.0" Y="172.0" />
  <Point X="86.0" Y="171.0" />
  <Point X="86.85257449954531" Y="170.1474255004547" />
  <Point X="87.0" Y="170.0" />
  <Point X="87.0" Y="169.0" />
  <Point X="89.0" Y="168.0" />
  <Point X="89.0" Y="167.32057192316975" />
  <Point X="89.0" Y="167.0" />
  <Point X="89.0" Y="166.0" />
  <Point X="90.0" Y="165.0" />
  <Point X="90.0" Y="164.0" />
  <Point X="90.17405629653757" Y="163.65188740692486" />
  <Point X="91.0" Y="162.0" />
  <Point X="92.0" Y="162.0" />
  <Point X="92.0" Y="161.0" />
  <Point X="92.1239322474859" Y="160.7521355050282" />
  <Point X="93.0" Y="159.0" />
  <Point X="93.96823538943414" Y="157.06352922113172" />
  <Point X="94.0" Y="157.0" />
  <Point X="95.0" Y="156.0" />
  <Point X="95.0" Y="155.0" />
  <Point X="95.73286940384875" Y="153.5342611923025" />
  <Point X="96.0" Y="153.0" />
  <Point X="97.0" Y="152.0" />
  <Point X="97.0" Y="151.0" />
  <Point X="97.7866219727158" Y="150.2133780272842" />
  <Point X="98.0" Y="150.0" />
  <Point X="99.0" Y="149.0" />
  <Point X="99.0" Y="147.0" />
  <Point X="99.28850772252335" Y="146.71149227747665" />
  <Point X="100.0" Y="146.0" />
  <Point X="101.0" Y="145.0" />
  <Point X="101.0" Y="143.2964283941916" />
  <Point X="101.0" Y="143.0" />
  <Point X="102.0" Y="143.0" />
  <Point X="103.0" Y="141.0" />
  <Point X="103.0" Y="140.40850917517866" />
  <Point X="103.0" Y="140.0" />
  <Point X="104.0" Y="139.0" />
  <Point X="104.0" Y="137.0" />
  <Point X="104.21302614186179" Y="136.78697385813823" />
  <Point X="105.0" Y="136.0" />
  <Point X="106.0" Y="135.0" />
  <Point X="106.0" Y="133.40317546927253" />
  <Point X="106.0" Y="133.0" />
  <Point X="107.0" Y="133.0" />
  <Point X="108.0" Y="132.0" />
  <Point X="108.0" Y="130.6934018351329" />
  <Point X="108.0" Y="130.0" />
  <Point X="109.0" Y="129.0" />
  <Point X="109.90174888209852" Y="127.19650223580298" />
  <Point X="110.0" Y="127.0" />
  <Point X="110.0" Y="125.0" />
  <Point X="111.0" Y="125.0" />
  <Point X="111.40441123754688" Y="124.19117752490625" />
  <Point X="112.0" Y="123.0" />
  <Point X="112.0" Y="122.0" />
  <Point X="113.0" Y="121.0" />
  <Point X="113.26728401191767" Y="120.73271598808233" />
  <Point X="114.0" Y="120.0" />
  <Point X="114.0" Y="119.0" />
  <Point X="115.0" Y="118.0" />
  <Point X="115.0" Y="117.32644325357403" />
  <Point X="115.0" Y="117.0" />
  <Point X="115.0" Y="116.0" />
  <Point X="116.0" Y="115.0" />
  <Point X="117.0" Y="115.0" />
  <Point X="117.0" Y="114.61666961943442" />
  <Point X="117.0" Y="113.0" />
  <Point X="118.0" Y="112.0" />
  <Point X="118.0" Y="110.90689598529481" />
  <Point X="118.0" Y="110.0" />
  <Point X="119.0" Y="110.0" />
  <Point X="119.0" Y="109.0" />
  <Point X="119.86061344877473" Y="108.13938655122527" />
  <Point X="120.0" Y="108.0" />
  <Point X="120.0" Y="107.0" />
  <Point X="121.0" Y="105.0" />
  <Point X="121.0" Y="104.30920313214227" />
  <Point X="121.0" Y="104.0" />
  <Point X="121.0" Y="103.0" />
  <Point X="122.0" Y="103.0" />
  <Point X="123.0" Y="102.0" />
  <Point X="123.0" Y="101.59942949800266" />
  <Point X="123.0" Y="101.0" />
  <Point X="123.0" Y="100.0" />
  <Point X="123.0" Y="99.0" />
  <Point X="124.0" Y="99.0" />
  <Point X="124.0" Y="98.47544230148995" />
  <Point X="124.0" Y="98.0" />
  <Point X="124.0" Y="97.0" />
  <Point X="125.0" Y="97.0" />
  <Point X="125.0" Y="96.0" />
  <Point X="125.0" Y="95.35145510497723" />
  <Point X="125.0" Y="95.0" />
  <Point X="126.0" Y="95.0" />
  <Point X="126.0" Y="94.0" />
  <Point X="126.0" Y="93.0" />
  <Point X="126.77253209153548" Y="93.0" />
  <Point X="127.0" Y="93.0" />
  <Point X="127.0" Y="92.0" />
  <Point X="128.0" Y="92.0" />
  <Point X="128.0" Y="91.0" />
  <Point X="128.89651928804818" Y="91.0" />
  <Point X="129.0" Y="91.0" />
  <Point X="130.0" Y="91.0" />
  <Point X="131.0" Y="90.0" />
  <Point X="132.0" Y="90.0" />
  <Point X="132.0" Y="90.60629292218779" />
  <Point X="132.0" Y="91.0" />
  <Point X="132.0" Y="92.0" />
  <Point X="132.0" Y="93.0" />
  <Point X="133.0" Y="94.0" />
  <Point X="133.0" Y="94.3160665563274" />
  <Point X="133.0" Y="95.0" />
  <Point X="133.0" Y="97.0" />
  <Point X="134.0" Y="97.0" />
  <Point X="134.0" Y="97.44005375284011" />
  <Point X="134.0" Y="98.0" />
  <Point X="134.0" Y="99.0" />
  <Point X="134.0" Y="100.0" />
  <Point X="135.0" Y="101.0" />
  <Point X="135.0" Y="101.14982738697972" />
  <Point X="135.0" Y="103.0" />
  <Point X="136.0" Y="104.0" />
  <Point X="136.0" Y="104.85960102111933" />
  <Point X="136.0" Y="105.0" />
  <Point X="136.0" Y="106.0" />
  <Point X="136.0" Y="107.0" />
  <Point X="137.0" Y="108.0" />
  <Point X="137.0" Y="108.56937465525894" />
  <Point X="137.0" Y="109.0" />
  <Point X="138.0" Y="111.0" />
  <Point X="138.0" Y="112.0" />
  <Point X="138.32335559949271" Y="112.3233555994927" />
  <Point X="139.0" Y="113.0" />
  <Point X="139.0" Y="114.0" />
  <Point X="139.0" Y="116.0" />
  <Point X="139.0" Y="116.16706750841148" />
  <Point X="139.0" Y="117.0" />
  <Point X="140.0" Y="117.0" />
  <Point X="141.0" Y="119.0" />
  <Point X="141.0" Y="119.05498672742439" />
  <Point X="141.0" Y="120.0" />
  <Point X="141.0" Y="121.0" />
  <Point X="141.0" Y="122.0" />
  <Point X="141.0" Y="123.0" />
  <Point X="141.1600791440493" Y="123.08003957202465" />
  <Point X="143.0" Y="124.0" />
  <Point X="143.0" Y="125.0" />
  <Point X="143.0" Y="126.0" />
  <Point X="143.0" Y="126.06689314295002" />
  <Point X="143.0" Y="128.0" />
  <Point X="144.0" Y="129.0" />
  <Point X="144.5491863448024" Y="129.5491863448024" />
  <Point X="145.0" Y="130.0" />
  <Point X="145.0" Y="131.0" />
  <Point X="146.0" Y="133.0" />
  <Point X="146.0" Y="133.25037243372947" />
  <Point X="146.0" Y="134.0" />
  <Point X="147.0" Y="136.0" />
  <Point X="147.50905950275052" Y="137.01811900550103" />
  <Point X="148.0" Y="138.0" />
  <Point X="148.0" Y="139.0" />
  <Point X="148.0" Y="140.0" />
  <Point X="148.45893545369884" Y="140.91787090739768" />
  <Point X="149.0" Y="142.0" />
  <Point X="150.0" Y="144.0" />
  <Point X="150.0" Y="144.67806211326845" />
  <Point X="150.0" Y="145.0" />
  <Point X="151.0" Y="146.0" />
  <Point X="152.0" Y="148.0" />
  <Point X="152.0" Y="148.15176776990828" />
  <Point X="152.0" Y="149.0" />
  <Point X="152.0" Y="150.0" />
  <Point X="153.0" Y="151.0" />
  <Point X="153.60920176907524" Y="151.60920176907524" />
  <Point X="154.0" Y="152.0" />
  <Point X="154.0" Y="153.0" />
  <Point X="154.0" Y="155.0" />
  <Point X="154.5713150381875" Y="155.0" />
  <Point X="155.0" Y="155.0" />
  <Point X="155.0" Y="156.0" />
  <Point X="155.0" Y="157.0" />
  <Point X="155.0" Y="158.0" />
  <Point X="155.6953022347002" Y="158.0" />
  <Point X="156.0" Y="158.0" />
  <Point X="156.0" Y="159.0" />
  <Point X="157.0" Y="161.0" />
  <Point X="157.0" Y="161.58322145371312" />
  <Point X="157.0" Y="162.0" />
  <Point X="158.0" Y="162.0" />
  <Point X="158.0" Y="163.0" />
  <Point X="158.0" Y="164.0" />
  <Point X="158.0" Y="164.70720865022582" />
  <Point X="158.0" Y="165.0" />
  <Point X="159.0" Y="166.0" />
  <Point X="159.0" Y="167.0" />
  <Point X="159.0" Y="168.0" />
  <Point X="159.29485100090946" Y="168.29485100090946" />
  <Point X="160.0" Y="169.0" />
  <Point X="161.0" Y="169.0" />
  <Point X="161.0" Y="170.0" />
  <Point X="161.0" Y="171.0" />
  <Point X="161.0" Y="171.12675591850507" />
  <Point X="161.0" Y="172.0" />
  <Point X="162.0" Y="173.0" />
  <Point X="162.0" Y="174.0" />
  <Point X="162.0" Y="174.8365295526447" />
  <Point X="162.0" Y="175.0" />
  <Point X="163.0" Y="176.0" />
  <Point X="163.0" Y="177.0" />
  <Point X="163.0" Y="178.0" />
  <Point X="163.54630318678431" Y="178.0" />
  <Point X="164.0" Y="178.0" />
  <Point X="164.0" Y="179.0" />
  <Point X="164.0" Y="180.0" />
  <Point X="165.0" Y="180.0" />
  <Point X="165.0" Y="180.67029038329702" />
  <Point X="165.0" Y="181.0" />
  <Point X="165.0" Y="182.0" />
  <Point X="165.0" Y="183.0" />
  <Point X="165.0" Y="184.0" />
  <Point X="165.79427757980972" Y="184.0" />
  <Point X="166.0" Y="184.0" />
  <Point X="166.0" Y="185.0" />
  <Point X="166.0" Y="186.0" />
  <Point X="166.0" Y="187.0" />
  <Point X="166.64931125026234" Y="187.64931125026234" />
  <Point X="167.0" Y="188.0" />
  <Point X="167.0" Y="189.0" />
  <Point X="167.0" Y="190.0" />
  <Point X="168.0" Y="190.0" />
  <Point X="168.0" Y="190.62803841046204" />
  <Point X="168.0" Y="191.0" />
  <Point X="169.0" Y="191.0" />
  <Point X="169.0" Y="192.0" />
  <Point X="169.0" Y="193.0" />
  <Point X="169.0" Y="192.24797439302526" />
  <Point X="169.0" Y="192.0" />
  <Point X="169.0" Y="191.0" />
  <Point X="169.0" Y="190.0" />
  <Point X="169.0" Y="189.0" />
  <Point X="169.0" Y="188.12398719651256" />
  <Point X="169.0" Y="188.0" />
  <Point X="169.0" Y="187.0" />
  <Point X="169.0" Y="186.0" />
  <Point X="169.0" Y="185.0" />
  <Point X="169.0" Y="184.0" />
</Project_1_Part_4>
