<?xml version="1.0" encoding="utf-8" standalone="yes"?>
<Gesture Name="check6" Subject="3" Number="3" NumPts="260">
  <Point X="75.0" Y="124.0" />
  <Point X="76.0" Y="125.0" />
  <Point X="76.0" Y="126.0" />
  <Point X="77.0" Y="126.0" />
  <Point X="77.0" Y="127.0" />
  <Point X="77.0" Y="127.08860141411017" />
  <Point X="77.0" Y="128.0" />
  <Point X="78.0" Y="129.0" />
  <Point X="78.0" Y="131.0" />
  <Point X="78.0" Y="131.17720282822035" />
  <Point X="78.0" Y="132.0" />
  <Point X="79.0" Y="133.0" />
  <Point X="79.0" Y="134.0" />
  <Point X="79.0" Y="135.0" />
  <Point X="79.18795198222006" Y="135.18795198222006" />
  <Point X="80.0" Y="136.0" />
  <Point X="80.0" Y="137.0" />
  <Point X="81.0" Y="138.0" />
  <Point X="81.0" Y="138.94019209406758" />
  <Point X="81.0" Y="139.0" />
  <Point X="81.0" Y="140.0" />
  <Point X="82.0" Y="141.0" />
  <Point X="82.0" Y="142.0" />
  <Point X="82.72746686607319" Y="142.7274668660732" />
  <Point X="83.0" Y="143.0" />
  <Point X="84.0" Y="144.0" />
  <Point X="84.0" Y="146.0" />
  <Point X="84.70318135991484" Y="146.0" />
  <Point X="85.0" Y="146.0" />
  <Point X="85.0" Y="147.0" />
  <Point X="85.0" Y="148.0" />
  <Point X="85.0" Y="149.0" />
  <Point X="85.85276818755322" Y="149.85276818755324" />
  <Point X="87.0" Y="151.0" />
  <Point X="88.0" Y="152.0" />
  <Point X="88.0" Y="153.0" />
  <Point X="88.46617062576209" Y="153.0" />
  <Point X="89.0" Y="153.0" />
  <Point X="89.0" Y="155.0" />
  <Point X="90.0" Y="155.0" />
  <Point X="90.0" Y="155.96898560224537" />
  <Point X="90.0" Y="157.0" />
  <Point X="91.0" Y="157.0" />
  <Point X="92.0" Y="158.0" />
  <Point X="92.0" Y="159.0" />
  <Point X="92.04072016977331" Y="159.0407201697733" />
  <Point X="93.0" Y="160.0" />
  <Point X="93.0" Y="161.0" />
  <Point X="94.0" Y="162.0" />
  <Point X="94.51758439288642" Y="162.51758439288642" />
  <Point X="95.0" Y="163.0" />
  <Point X="96.0" Y="164.0" />
  <Point X="97.0" Y="165.0" />
  <Point X="97.0" Y="165.9921491574566" />
  <Point X="97.0" Y="166.0" />
  <Point X="98.0" Y="166.0" />
  <Point X="98.0" Y="167.0" />
  <Point X="99.0" Y="168.0" />
  <Point X="100.0" Y="168.0" />
  <Point X="100.0" Y="168.08075057156677" />
  <Point X="100.0" Y="169.0" />
  <Point X="101.0" Y="170.0" />
  <Point X="102.0" Y="171.0" />
  <Point X="102.53396349985266" Y="171.53396349985266" />
  <Point X="103.0" Y="172.0" />
  <Point X="103.0" Y="173.0" />
  <Point X="104.0" Y="173.0" />
  <Point X="104.0" Y="174.0" />
  <Point X="104.843739837414" Y="174.0" />
  <Point X="105.0" Y="174.0" />
  <Point X="105.0" Y="175.0" />
  <Point X="106.0" Y="175.0" />
  <Point X="107.0" Y="176.0" />
  <Point X="107.0" Y="176.93234125152418" />
  <Point X="107.0" Y="177.0" />
  <Point X="108.0" Y="177.0" />
  <Point X="109.0" Y="177.0" />
  <Point X="109.0" Y="178.0" />
  <Point X="110.0" Y="178.0" />
  <Point X="110.0" Y="178.43515622800743" />
  <Point X="110.0" Y="179.0" />
  <Point X="111.0" Y="179.0" />
  <Point X="112.0" Y="179.0" />
  <Point X="113.0" Y="180.0" />
  <Point X="113.5237576421176" Y="180.0" />
  <Point X="114.0" Y="180.0" />
  <Point X="114.0" Y="181.0" />
  <Point X="115.0" Y="181.0" />
  <Point X="115.0" Y="182.0" />
  <Point X="116.0" Y="182.0" />
  <Point X="116.02657261860087" Y="182.0" />
  <Point X="117.0" Y="182.0" />
  <Point X="117.0" Y="183.0" />
  <Point X="118.0" Y="183.0" />
  <Point X="119.0" Y="183.0" />
  <Point X="119.52938759508413" Y="183.0" />
  <Point X="120.0" Y="183.0" />
  <Point X="121.0" Y="183.0" />
  <Point X="122.0" Y="183.0" />
  <Point X="122.0" Y="184.0" />
  <Point X="123.0" Y="184.0" />
  <Point X="123.0322025715674" Y="184.0" />
  <Point X="124.0" Y="184.0" />
  <Point X="125.0" Y="184.0" />
  <Point X="126.0" Y="183.0" />
  <Point X="126.0" Y="182.0" />
  <Point X="126.08542131746697" Y="181.91457868253303" />
  <Point X="127.0" Y="181.0" />
  <Point X="128.0" Y="180.0" />
  <Point X="129.0" Y="179.0" />
  <Point X="129.0" Y="178.61902172495846" />
  <Point X="129.0" Y="178.0" />
  <Point X="130.0" Y="177.0" />
  <Point X="130.0" Y="176.0" />
  <Point X="131.0" Y="175.0" />
  <Point X="131.0" Y="174.9446338732214" />
  <Point X="131.0" Y="173.0" />
  <Point X="132.0" Y="173.0" />
  <Point X="132.69683977362985" Y="171.60632045274033" />
  <Point X="133.0" Y="171.0" />
  <Point X="133.0" Y="170.0" />
  <Point X="134.0" Y="169.0" />
  <Point X="134.0" Y="167.58928546012774" />
  <Point X="134.0" Y="167.0" />
  <Point X="135.0" Y="166.0" />
  <Point X="135.0" Y="165.0" />
  <Point X="136.06017647820215" Y="163.93982352179785" />
  <Point X="137.0" Y="163.0" />
  <Point X="137.0" Y="162.0" />
  <Point X="137.0" Y="161.0" />
  <Point X="137.82993392012872" Y="160.17006607987128" />
  <Point X="139.0" Y="159.0" />
  <Point X="139.0" Y="158.0" />
  <Point X="139.0" Y="156.1519083425434" />
  <Point X="139.0" Y="156.0" />
  <Point X="141.0" Y="155.0" />
  <Point X="141.0" Y="153.0" />
  <Point X="141.0" Y="152.88516134355993" />
  <Point X="141.0" Y="152.0" />
  <Point X="143.0" Y="150.0" />
  <Point X="143.55806741582424" Y="149.44193258417576" />
  <Point X="144.0" Y="149.0" />
  <Point X="144.0" Y="147.0" />
  <Point X="144.0" Y="146.0" />
  <Point X="144.62071807656426" Y="145.37928192343574" />
  <Point X="145.0" Y="145.0" />
  <Point X="145.0" Y="143.0" />
  <Point X="145.87941393382692" Y="141.24117213234618" />
  <Point X="146.0" Y="141.0" />
  <Point X="147.0" Y="140.0" />
  <Point X="147.0" Y="139.0" />
  <Point X="147.0" Y="138.0" />
  <Point X="147.36625128629746" Y="137.2674974274051" />
  <Point X="148.0" Y="136.0" />
  <Point X="149.0" Y="134.0" />
  <Point X="149.60078747446448" Y="133.39921252553552" />
  <Point X="150.0" Y="133.0" />
  <Point X="151.0" Y="132.0" />
  <Point X="151.61216710785828" Y="129.55133156856684" />
  <Point X="152.0" Y="128.0" />
  <Point X="153.0" Y="126.0" />
  <Point X="153.47211470555695" Y="125.52788529444305" />
  <Point X="154.0" Y="125.0" />
  <Point X="154.9110298825153" Y="121.35588046993884" />
  <Point X="155.0" Y="121.0" />
  <Point X="156.0" Y="121.0" />
  <Point X="156.0" Y="119.0" />
  <Point X="156.80326042317398" Y="118.19673957682602" />
  <Point X="157.0" Y="118.0" />
  <Point X="158.0" Y="116.0" />
  <Point X="158.88929104177055" Y="114.22141791645888" />
  <Point X="159.0" Y="114.0" />
  <Point X="160.0" Y="113.0" />
  <Point X="160.0" Y="111.0" />
  <Point X="160.59471120923183" Y="110.40528879076817" />
  <Point X="161.0" Y="110.0" />
  <Point X="162.0" Y="108.0" />
  <Point X="162.7573929377116" Y="106.48521412457686" />
  <Point X="163.0" Y="106.0" />
  <Point X="164.0" Y="105.0" />
  <Point X="164.0" Y="103.0" />
  <Point X="164.48846058036423" Y="102.75576970981788" />
  <Point X="166.0" Y="102.0" />
  <Point X="167.0" Y="100.0" />
  <Point X="167.0" Y="99.4232054475046" />
  <Point X="167.0" Y="98.0" />
  <Point X="168.0" Y="97.0" />
  <Point X="168.7447877181568" Y="95.51042456368639" />
  <Point X="169.0" Y="95.0" />
  <Point X="169.0" Y="93.0" />
  <Point X="170.72816120532207" Y="92.13591939733897" />
  <Point X="171.0" Y="92.0" />
  <Point X="172.0" Y="90.0" />
  <Point X="173.0" Y="89.0" />
  <Point X="173.24534514613148" Y="88.509309707737" />
  <Point X="174.0" Y="87.0" />
  <Point X="175.0" Y="85.0" />
  <Point X="175.40961808145246" Y="84.59038191854754" />
  <Point X="176.0" Y="84.0" />
  <Point X="177.0" Y="82.0" />
  <Point X="177.6403297651061" Y="80.71934046978781" />
  <Point X="178.0" Y="80.0" />
  <Point X="179.0" Y="79.0" />
  <Point X="180.0" Y="78.0" />
  <Point X="180.48266724866866" Y="77.27599912699702" />
  <Point X="182.0" Y="75.0" />
  <Point X="182.0" Y="74.0" />
  <Point X="182.54263689620012" Y="73.45736310379988" />
  <Point X="184.0" Y="72.0" />
  <Point X="185.0" Y="70.0" />
  <Point X="185.09200271832412" Y="69.81599456335172" />
  <Point X="186.0" Y="68.0" />
  <Point X="187.0" Y="67.0" />
  <Point X="187.4732672617946" Y="66.0534654764108" />
  <Point X="188.0" Y="65.0" />
  <Point X="189.0" Y="65.0" />
  <Point X="190.0" Y="63.0" />
  <Point X="190.03977374179877" Y="62.92045251640244" />
  <Point X="191.0" Y="61.0" />
  <Point X="191.0" Y="60.0" />
  <Point X="192.21256044360592" Y="59.39371977819704" />
  <Point X="193.0" Y="59.0" />
  <Point X="193.0" Y="58.0" />
  <Point X="194.0" Y="57.0" />
  <Point X="194.85433859363363" Y="56.14566140636636" />
  <Point X="195.0" Y="56.0" />
  <Point X="196.0" Y="55.0" />
  <Point X="196.0" Y="54.0" />
  <Point X="197.0" Y="53.0" />
  <Point X="197.33120281674675" Y="52.668797183253254" />
  <Point X="198.0" Y="52.0" />
  <Point X="199.0" Y="51.0" />
  <Point X="199.0" Y="50.0" />
  <Point X="199.80806703985985" Y="49.191932960140136" />
  <Point X="200.0" Y="49.0" />
  <Point X="200.0" Y="48.0" />
  <Point X="201.0" Y="48.0" />
  <Point X="202.0" Y="47.0" />
  <Point X="202.0" Y="46.182832781186434" />
  <Point X="202.0" Y="46.0" />
  <Point X="203.0" Y="46.0" />
  <Point X="203.0" Y="45.0" />
  <Point X="204.0" Y="44.0" />
  <Point X="204.0" Y="43.09423136707626" />
  <Point X="204.0" Y="43.0" />
  <Point X="205.0" Y="43.0" />
  <Point X="206.0" Y="43.0" />
  <Point X="206.0" Y="42.0" />
  <Point X="206.0" Y="41.0" />
  <Point X="206.408583609407" Y="41.0" />
  <Point X="207.0" Y="41.0" />
  <Point X="207.0" Y="40.0" />
  <Point X="208.0" Y="40.0" />
  <Point X="208.0" Y="39.0" />
  <Point X="208.91139858589025" Y="39.0" />
  <Point X="209.0" Y="39.0" />
  <Point X="210.0" Y="39.0" />
  <Point X="210.0" Y="38.0" />
  <Point X="211.0" Y="37.0" />
  <Point X="211.0" Y="36.0" />
</Project_1_Part_4>
