<?xml version="1.0" encoding="utf-8" standalone="yes"?>
<Gesture Name="check9" Subject="3" Number="3" NumPts="260">
  <Point X="45.0" Y="114.0" />
  <Point X="46.0" Y="114.0" />
  <Point X="47.0" Y="115.0" />
  <Point X="48.0" Y="116.0" />
  <Point X="48.0" Y="116.73999755300467" />
  <Point X="48.0" Y="117.0" />
  <Point X="49.0" Y="117.0" />
  <Point X="49.0" Y="118.0" />
  <Point X="50.0" Y="119.0" />
  <Point X="50.89420866838244" Y="119.0" />
  <Point X="51.0" Y="119.0" />
  <Point X="51.0" Y="120.0" />
  <Point X="52.0" Y="121.0" />
  <Point X="52.0" Y="122.0" />
  <Point X="52.46886758108869" Y="122.93773516217738" />
  <Point X="53.0" Y="124.0" />
  <Point X="55.0" Y="125.0" />
  <Point X="55.0" Y="126.0" />
  <Point X="55.10232436624965" Y="126.10232436624965" />
  <Point X="56.0" Y="127.0" />
  <Point X="57.0" Y="127.0" />
  <Point X="57.0" Y="129.0" />
  <Point X="57.267361837741156" Y="129.13368091887057" />
  <Point X="59.0" Y="130.0" />
  <Point X="59.0" Y="131.0" />
  <Point X="59.0" Y="132.0" />
  <Point X="59.44637976818792" Y="132.4463797681879" />
  <Point X="60.0" Y="133.0" />
  <Point X="61.0" Y="133.0" />
  <Point X="62.0" Y="134.0" />
  <Point X="62.0" Y="135.0" />
  <Point X="62.262530274792425" Y="135.26253027479243" />
  <Point X="63.0" Y="136.0" />
  <Point X="63.0" Y="137.0" />
  <Point X="64.0" Y="137.0" />
  <Point X="64.6822176274929" Y="138.3644352549858" />
  <Point X="65.0" Y="139.0" />
  <Point X="65.0" Y="140.0" />
  <Point X="66.0" Y="141.0" />
  <Point X="67.0" Y="142.0" />
  <Point X="67.02079923910381" Y="142.0207992391038" />
  <Point X="68.0" Y="143.0" />
  <Point X="69.0" Y="144.0" />
  <Point X="70.0" Y="144.0" />
  <Point X="70.0" Y="144.76941211903232" />
  <Point X="70.0" Y="146.0" />
  <Point X="71.0" Y="146.0" />
  <Point X="71.0" Y="147.0" />
  <Point X="71.0" Y="148.0" />
  <Point X="71.3021704171632" Y="148.1510852085816" />
  <Point X="73.0" Y="149.0" />
  <Point X="73.0" Y="150.0" />
  <Point X="74.49386647797868" Y="150.74693323898933" />
  <Point X="75.0" Y="151.0" />
  <Point X="75.0" Y="152.0" />
  <Point X="76.0" Y="153.0" />
  <Point X="76.0" Y="154.0" />
  <Point X="76.41601682416692" Y="154.41601682416692" />
  <Point X="77.0" Y="155.0" />
  <Point X="78.0" Y="155.0" />
  <Point X="78.0" Y="156.0" />
  <Point X="79.0" Y="156.0" />
  <Point X="79.0" Y="156.74254775029002" />
  <Point X="79.0" Y="157.0" />
  <Point X="80.0" Y="157.0" />
  <Point X="80.0" Y="158.0" />
  <Point X="80.0" Y="159.0" />
  <Point X="80.9269974938163" Y="159.9269974938163" />
  <Point X="81.0" Y="160.0" />
  <Point X="82.0" Y="160.0" />
  <Point X="82.0" Y="161.0" />
  <Point X="83.0" Y="162.0" />
  <Point X="83.0" Y="163.0" />
  <Point X="83.05096998104554" Y="163.0" />
  <Point X="84.0" Y="163.0" />
  <Point X="84.0" Y="164.0" />
  <Point X="85.0" Y="165.0" />
  <Point X="85.0" Y="166.0" />
  <Point X="85.2051810964233" Y="166.0" />
  <Point X="86.0" Y="166.0" />
  <Point X="86.0" Y="167.0" />
  <Point X="87.0" Y="169.0" />
  <Point X="87.38009662117253" Y="169.38009662117253" />
  <Point X="88.0" Y="170.0" />
  <Point X="89.0" Y="171.0" />
  <Point X="89.0" Y="172.0" />
  <Point X="89.0" Y="173.0" />
  <Point X="89.27753534967904" Y="173.0" />
  <Point X="90.0" Y="173.0" />
  <Point X="91.0" Y="174.0" />
  <Point X="91.0" Y="175.0" />
  <Point X="92.0" Y="176.0" />
  <Point X="92.01239763438154" Y="176.01239763438153" />
  <Point X="93.0" Y="177.0" />
  <Point X="93.0" Y="178.0" />
  <Point X="94.0" Y="179.0" />
  <Point X="94.5356549221726" Y="179.5356549221726" />
  <Point X="95.0" Y="180.0" />
  <Point X="95.0" Y="181.0" />
  <Point X="96.0" Y="182.0" />
  <Point X="97.0" Y="183.0" />
  <Point X="97.05891220996365" Y="183.05891220996367" />
  <Point X="98.0" Y="184.0" />
  <Point X="99.0" Y="184.0" />
  <Point X="99.0" Y="185.0" />
  <Point X="99.87506271656817" Y="185.87506271656818" />
  <Point X="100.0" Y="186.0" />
  <Point X="101.0" Y="186.0" />
  <Point X="102.0" Y="186.0" />
  <Point X="103.0" Y="186.0" />
  <Point X="103.0" Y="185.0" />
  <Point X="103.39173667707553" Y="185.0" />
  <Point X="104.0" Y="185.0" />
  <Point X="104.0" Y="184.0" />
  <Point X="105.0" Y="184.0" />
  <Point X="105.0" Y="183.0" />
  <Point X="105.678936605031" Y="182.321063394969" />
  <Point X="106.0" Y="182.0" />
  <Point X="107.0" Y="182.0" />
  <Point X="107.0" Y="181.0" />
  <Point X="107.0" Y="180.0" />
  <Point X="107.78798033044896" Y="179.21201966955104" />
  <Point X="108.0" Y="179.0" />
  <Point X="108.0" Y="178.0" />
  <Point X="109.0" Y="177.0" />
  <Point X="109.0" Y="176.0" />
  <Point X="109.60413083705346" Y="175.39586916294652" />
  <Point X="110.0" Y="175.0" />
  <Point X="111.0" Y="175.0" />
  <Point X="111.0" Y="174.0" />
  <Point X="111.0" Y="173.0" />
  <Point X="111.71317456247142" Y="172.28682543752856" />
  <Point X="112.0" Y="172.0" />
  <Point X="112.0" Y="171.0" />
  <Point X="113.0" Y="171.0" />
  <Point X="113.0" Y="169.0" />
  <Point X="113.16279225396437" Y="169.0" />
  <Point X="114.0" Y="169.0" />
  <Point X="114.0" Y="168.0" />
  <Point X="115.0" Y="167.0" />
  <Point X="115.0" Y="166.0" />
  <Point X="115.31700336934213" Y="166.0" />
  <Point X="116.0" Y="166.0" />
  <Point X="117.0" Y="164.0" />
  <Point X="118.0" Y="163.0" />
  <Point X="118.10516071496316" Y="162.78967857007368" />
  <Point X="119.0" Y="161.0" />
  <Point X="120.0" Y="160.0" />
  <Point X="120.0" Y="159.0" />
  <Point X="120.10839214753453" Y="158.89160785246546" />
  <Point X="121.0" Y="158.0" />
  <Point X="122.0" Y="156.0" />
  <Point X="122.0" Y="155.0" />
  <Point X="122.06389142342259" Y="154.9680542882887" />
  <Point X="124.0" Y="154.0" />
  <Point X="124.0" Y="153.0" />
  <Point X="124.99262906294827" Y="152.00737093705172" />
  <Point X="126.0" Y="151.0" />
  <Point X="127.0" Y="150.0" />
  <Point X="128.0" Y="149.0" />
  <Point X="128.17493020478264" Y="148.73760469282604" />
  <Point X="130.0" Y="146.0" />
  <Point X="130.90384744410707" Y="145.09615255589293" />
  <Point X="131.0" Y="145.0" />
  <Point X="132.0" Y="144.0" />
  <Point X="133.0" Y="142.0" />
  <Point X="133.34979387798037" Y="141.30041224403928" />
  <Point X="134.0" Y="140.0" />
  <Point X="135.0" Y="139.0" />
  <Point X="135.76039997185438" Y="137.47920005629123" />
  <Point X="136.0" Y="137.0" />
  <Point X="137.0" Y="136.0" />
  <Point X="138.45245426564975" Y="133.82131860152535" />
  <Point X="139.0" Y="133.0" />
  <Point X="140.0" Y="131.0" />
  <Point X="141.2032322839528" Y="130.3983838580236" />
  <Point X="142.0" Y="130.0" />
  <Point X="142.0" Y="128.0" />
  <Point X="142.9305713117923" Y="126.60414303231155" />
  <Point X="144.0" Y="125.0" />
  <Point X="145.0" Y="123.0" />
  <Point X="145.40441671485854" Y="123.0" />
  <Point X="146.0" Y="123.0" />
  <Point X="147.0" Y="121.0" />
  <Point X="148.22808425920852" Y="119.77191574079147" />
  <Point X="149.0" Y="119.0" />
  <Point X="151.0" Y="117.0" />
  <Point X="151.2899481813129" Y="116.4201036373742" />
  <Point X="152.0" Y="115.0" />
  <Point X="153.0" Y="113.0" />
  <Point X="153.61957174581315" Y="112.58695216945789" />
  <Point X="156.0" Y="111.0" />
  <Point X="156.0" Y="109.29249403159378" />
  <Point X="156.0" Y="109.0" />
  <Point X="158.0" Y="107.0" />
  <Point X="159.0" Y="106.0" />
  <Point X="159.02353955578104" Y="105.97646044421894" />
  <Point X="160.0" Y="105.0" />
  <Point X="161.0" Y="103.0" />
  <Point X="161.67276479467446" Y="102.32723520532554" />
  <Point X="163.0" Y="101.0" />
  <Point X="164.0" Y="99.0" />
  <Point X="164.40728875597944" Y="98.79635562201028" />
  <Point X="166.0" Y="98.0" />
  <Point X="166.0" Y="97.0" />
  <Point X="166.99164828681666" Y="95.512527569775" />
  <Point X="168.0" Y="94.0" />
  <Point X="169.0" Y="93.0" />
  <Point X="169.94496280345595" Y="92.05503719654403" />
  <Point X="170.0" Y="92.0" />
  <Point X="171.0" Y="90.0" />
  <Point X="172.0" Y="89.0" />
  <Point X="172.37579751445213" Y="88.24840497109577" />
  <Point X="173.0" Y="87.0" />
  <Point X="175.0" Y="86.0" />
  <Point X="175.0" Y="85.06340248915832" />
  <Point X="175.0" Y="85.0" />
  <Point X="176.0" Y="84.0" />
  <Point X="177.0" Y="83.0" />
  <Point X="178.18553173894963" Y="81.81446826105035" />
  <Point X="179.0" Y="81.0" />
  <Point X="181.0" Y="79.0" />
  <Point X="181.0" Y="78.41183450789518" />
  <Point X="181.0" Y="78.0" />
  <Point X="182.0" Y="78.0" />
  <Point X="183.0" Y="77.0" />
  <Point X="184.23204631453174" Y="75.76795368546826" />
  <Point X="185.0" Y="75.0" />
  <Point X="185.0" Y="74.0" />
  <Point X="186.0" Y="74.0" />
  <Point X="187.04819682113626" Y="72.95180317886374" />
  <Point X="188.0" Y="72.0" />
  <Point X="188.0" Y="71.0" />
  <Point X="189.98774968905627" Y="70.00612515547186" />
  <Point X="190.0" Y="70.0" />
  <Point X="190.0" Y="69.0" />
  <Point X="191.0" Y="69.0" />
  <Point X="191.0" Y="68.0" />
  <Point X="192.0" Y="68.0" />
  <Point X="192.0" Y="67.44527158625698" />
  <Point X="192.0" Y="67.0" />
  <Point X="192.0" Y="66.0" />
  <Point X="194.0" Y="66.0" />
  <Point X="194.0" Y="65.0" />
  <Point X="194.08708238611942" Y="64.91291761388058" />
  <Point X="195.0" Y="64.0" />
  <Point X="195.0" Y="63.0" />
  <Point X="196.0" Y="62.0" />
  <Point X="196.86315064449857" Y="62.0" />
  <Point X="197.0" Y="62.0" />
  <Point X="197.0" Y="61.0" />
  <Point X="198.0" Y="61.0" />
  <Point X="198.0" Y="60.0" />
  <Point X="199.0" Y="60.0" />
  <Point X="199.0" Y="59.56842467775056" />
  <Point X="199.0" Y="59.0" />
  <Point X="199.0" Y="58.0" />
  <Point X="200.0" Y="58.0" />
  <Point X="200.0" Y="57.0" />
  <Point X="201.0" Y="57.0" />
</Project_1_Part_4>
