<?xml version="1.0" encoding="utf-8" standalone="yes"?>
<Gesture Name="check8" Subject="3" Number="3" NumPts="261">
  <Point X="66.0" Y="116.0" />
  <Point X="66.0" Y="117.0" />
  <Point X="67.0" Y="118.0" />
  <Point X="68.0" Y="119.0" />
  <Point X="68.0" Y="119.52299016875747" />
  <Point X="68.0" Y="120.0" />
  <Point X="69.0" Y="121.0" />
  <Point X="70.0" Y="123.0" />
  <Point X="70.0" Y="123.22412592238825" />
  <Point X="70.0" Y="124.0" />
  <Point X="70.0" Y="125.0" />
  <Point X="71.0" Y="126.0" />
  <Point X="71.51936240991087" Y="127.03872481982175" />
  <Point X="72.0" Y="128.0" />
  <Point X="73.0" Y="129.0" />
  <Point X="73.0" Y="130.0" />
  <Point X="73.38570625572571" Y="130.77141251145142" />
  <Point X="74.0" Y="132.0" />
  <Point X="75.0" Y="134.0" />
  <Point X="75.52449415377478" Y="134.52449415377478" />
  <Point X="76.0" Y="135.0" />
  <Point X="77.0" Y="136.0" />
  <Point X="77.0" Y="138.0" />
  <Point X="77.26473691441117" Y="138.0" />
  <Point X="78.0" Y="138.0" />
  <Point X="79.0" Y="140.0" />
  <Point X="79.97586833214866" Y="140.97586833214865" />
  <Point X="80.0" Y="141.0" />
  <Point X="81.0" Y="143.0" />
  <Point X="82.0" Y="144.0" />
  <Point X="82.66700842167273" Y="144.0" />
  <Point X="83.0" Y="144.0" />
  <Point X="83.0" Y="146.0" />
  <Point X="84.80533484266722" Y="146.9026674213336" />
  <Point X="85.0" Y="147.0" />
  <Point X="85.0" Y="148.0" />
  <Point X="86.0" Y="150.0" />
  <Point X="86.89770705368048" Y="150.0" />
  <Point X="87.0" Y="150.0" />
  <Point X="88.0" Y="151.0" />
  <Point X="89.0" Y="152.0" />
  <Point X="89.63535511296328" Y="153.27071022592656" />
  <Point X="90.0" Y="154.0" />
  <Point X="91.0" Y="155.0" />
  <Point X="91.0" Y="156.0" />
  <Point X="91.7932557047369" Y="156.79325570473688" />
  <Point X="92.0" Y="157.0" />
  <Point X="93.0" Y="158.0" />
  <Point X="94.0" Y="159.0" />
  <Point X="94.87017238074574" Y="159.87017238074574" />
  <Point X="95.0" Y="160.0" />
  <Point X="96.0" Y="162.0" />
  <Point X="97.0" Y="162.0" />
  <Point X="97.65884344548387" Y="162.65884344548385" />
  <Point X="98.0" Y="163.0" />
  <Point X="99.0" Y="164.0" />
  <Point X="99.0" Y="165.0" />
  <Point X="100.0" Y="165.0" />
  <Point X="100.32154655911962" Y="165.3215465591196" />
  <Point X="101.0" Y="166.0" />
  <Point X="102.0" Y="168.0" />
  <Point X="103.0" Y="168.0" />
  <Point X="103.11021762385774" Y="168.11021762385775" />
  <Point X="104.0" Y="169.0" />
  <Point X="105.0" Y="170.0" />
  <Point X="105.75080965521755" Y="171.5016193104351" />
  <Point X="106.0" Y="172.0" />
  <Point X="107.0" Y="172.0" />
  <Point X="108.0" Y="173.0" />
  <Point X="108.97580536460471" Y="173.97580536460472" />
  <Point X="109.0" Y="174.0" />
  <Point X="110.0" Y="175.0" />
  <Point X="111.0" Y="175.0" />
  <Point X="111.0" Y="176.0" />
  <Point X="111.90298734961789" Y="176.0" />
  <Point X="112.0" Y="176.0" />
  <Point X="112.0" Y="177.0" />
  <Point X="113.0" Y="178.0" />
  <Point X="114.0" Y="178.0" />
  <Point X="114.59410481068969" Y="178.5941048106897" />
  <Point X="115.0" Y="179.0" />
  <Point X="116.0" Y="180.0" />
  <Point X="117.0" Y="181.0" />
  <Point X="117.94896768713284" Y="181.0" />
  <Point X="118.0" Y="181.0" />
  <Point X="118.0" Y="182.0" />
  <Point X="119.0" Y="182.0" />
  <Point X="119.0" Y="183.0" />
  <Point X="120.0" Y="183.0" />
  <Point X="120.0" Y="183.3003849806365" />
  <Point X="120.0" Y="184.0" />
  <Point X="121.0" Y="185.0" />
  <Point X="122.0" Y="185.0" />
  <Point X="122.0" Y="186.0" />
  <Point X="122.23758871176707" Y="186.0" />
  <Point X="123.0" Y="186.0" />
  <Point X="124.0" Y="187.0" />
  <Point X="125.0" Y="187.0" />
  <Point X="125.0" Y="188.0" />
  <Point X="125.17479244289765" Y="188.0" />
  <Point X="126.0" Y="188.0" />
  <Point X="126.0" Y="189.0" />
  <Point X="127.0" Y="189.0" />
  <Point X="127.0" Y="190.0" />
  <Point X="127.52620973640133" Y="190.0" />
  <Point X="128.0" Y="190.0" />
  <Point X="128.0" Y="191.0" />
  <Point X="129.0" Y="191.0" />
  <Point X="130.0" Y="191.0" />
  <Point X="130.877627029905" Y="191.0" />
  <Point X="131.0" Y="191.0" />
  <Point X="131.0" Y="190.0" />
  <Point X="131.0" Y="189.0" />
  <Point X="132.0" Y="189.0" />
  <Point X="132.0" Y="188.0" />
  <Point X="132.16195879427457" Y="187.83804120572543" />
  <Point X="133.0" Y="187.0" />
  <Point X="133.0" Y="186.0" />
  <Point X="134.0" Y="186.0" />
  <Point X="134.0" Y="185.0" />
  <Point X="134.0" Y="184.83375194546073" />
  <Point X="134.0" Y="184.0" />
  <Point X="135.0" Y="184.0" />
  <Point X="135.0" Y="183.0" />
  <Point X="135.0" Y="182.0" />
  <Point X="135.51766534804293" Y="182.0" />
  <Point X="136.0" Y="182.0" />
  <Point X="136.0" Y="181.0" />
  <Point X="136.0" Y="180.0" />
  <Point X="137.0" Y="179.0" />
  <Point X="137.32164101043566" Y="178.67835898956434" />
  <Point X="138.0" Y="178.0" />
  <Point X="138.0" Y="177.0" />
  <Point X="139.0" Y="176.0" />
  <Point X="139.0" Y="175.02214075206902" />
  <Point X="139.0" Y="175.0" />
  <Point X="139.0" Y="174.0" />
  <Point X="140.0" Y="173.0" />
  <Point X="140.0" Y="172.0" />
  <Point X="140.91506297906156" Y="172.0" />
  <Point X="141.0" Y="172.0" />
  <Point X="141.0" Y="171.0" />
  <Point X="142.0" Y="170.0" />
  <Point X="142.0" Y="169.0" />
  <Point X="142.6026435701564" Y="168.3973564298436" />
  <Point X="143.0" Y="168.0" />
  <Point X="143.0" Y="167.0" />
  <Point X="143.0" Y="166.0" />
  <Point X="144.0" Y="165.0" />
  <Point X="144.26534668379216" Y="164.73465331620784" />
  <Point X="145.0" Y="164.0" />
  <Point X="145.0" Y="162.0" />
  <Point X="145.92804979742792" Y="161.07195020257208" />
  <Point X="146.0" Y="161.0" />
  <Point X="147.0" Y="160.0" />
  <Point X="147.0" Y="159.0" />
  <Point X="148.0" Y="158.0" />
  <Point X="148.0" Y="157.57876278353544" />
  <Point X="148.0" Y="157.0" />
  <Point X="148.0" Y="155.0" />
  <Point X="149.77265450996822" Y="155.0" />
  <Point X="150.0" Y="155.0" />
  <Point X="150.0" Y="153.0" />
  <Point X="150.94991378833075" Y="151.1001724233385" />
  <Point X="151.0" Y="151.0" />
  <Point X="151.0" Y="150.0" />
  <Point X="152.0" Y="148.0" />
  <Point X="152.70947781061605" Y="147.29052218938395" />
  <Point X="153.0" Y="147.0" />
  <Point X="153.0" Y="146.0" />
  <Point X="154.0" Y="144.0" />
  <Point X="154.70448889560677" Y="144.0" />
  <Point X="155.0" Y="144.0" />
  <Point X="156.0" Y="142.0" />
  <Point X="156.0" Y="141.0" />
  <Point X="156.36664279434265" Y="140.2667144113147" />
  <Point X="157.0" Y="139.0" />
  <Point X="158.0" Y="138.0" />
  <Point X="158.0" Y="136.47902603475856" />
  <Point X="158.0" Y="136.0" />
  <Point X="159.0" Y="135.0" />
  <Point X="160.0" Y="135.0" />
  <Point X="160.0" Y="133.54182230362798" />
  <Point X="160.0" Y="133.0" />
  <Point X="161.0" Y="132.0" />
  <Point X="162.0" Y="130.0" />
  <Point X="162.0" Y="129.8406865499972" />
  <Point X="162.0" Y="129.0" />
  <Point X="163.0" Y="128.0" />
  <Point X="164.4824615156535" Y="126.51753848434649" />
  <Point X="165.0" Y="126.0" />
  <Point X="165.0" Y="124.0" />
  <Point X="165.0" Y="123.0" />
  <Point X="165.55410421876667" Y="122.72294789061667" />
  <Point X="167.0" Y="122.0" />
  <Point X="167.0" Y="120.0" />
  <Point X="167.5196221316543" Y="119.48037786834571" />
  <Point X="169.0" Y="118.0" />
  <Point X="169.0" Y="116.0" />
  <Point X="169.18232524529006" Y="115.81767475470994" />
  <Point X="170.0" Y="115.0" />
  <Point X="171.0" Y="114.0" />
  <Point X="171.79641451929422" Y="112.40717096141157" />
  <Point X="172.0" Y="112.0" />
  <Point X="172.0" Y="110.0" />
  <Point X="173.0" Y="109.0" />
  <Point X="173.2155447696091" Y="108.56891046078181" />
  <Point X="174.0" Y="107.0" />
  <Point X="174.0" Y="106.0" />
  <Point X="175.0" Y="105.0" />
  <Point X="175.12947726958862" Y="104.87052273041138" />
  <Point X="176.0" Y="104.0" />
  <Point X="177.0" Y="103.0" />
  <Point X="177.76299052470506" Y="101.47401895058988" />
  <Point X="178.0" Y="101.0" />
  <Point X="178.0" Y="100.0" />
  <Point X="179.0" Y="99.0" />
  <Point X="179.6293343705199" Y="97.7413312589602" />
  <Point X="180.0" Y="97.0" />
  <Point X="180.0" Y="96.0" />
  <Point X="181.78373607507373" Y="94.21626392492628" />
  <Point X="182.0" Y="94.0" />
  <Point X="183.0" Y="93.0" />
  <Point X="184.0" Y="91.0" />
  <Point X="184.0" Y="90.60470762205199" />
  <Point X="184.0" Y="90.0" />
  <Point X="185.0" Y="89.0" />
  <Point X="186.0" Y="88.0" />
  <Point X="186.6493238158207" Y="87.35067618417929" />
  <Point X="187.0" Y="87.0" />
  <Point X="187.0" Y="86.0" />
  <Point X="188.0" Y="86.0" />
  <Point X="189.0" Y="85.0" />
  <Point X="189.0" Y="84.55872728453703" />
  <Point X="189.0" Y="84.0" />
  <Point X="190.0" Y="83.0" />
  <Point X="190.0" Y="82.0" />
  <Point X="191.0" Y="82.0" />
  <Point X="191.16925981249315" Y="81.66148037501371" />
  <Point X="192.0" Y="80.0" />
  <Point X="193.0" Y="79.0" />
  <Point X="193.76340110783036" Y="78.23659889216965" />
  <Point X="194.0" Y="78.0" />
  <Point X="194.0" Y="77.0" />
  <Point X="195.0" Y="77.0" />
  <Point X="196.0" Y="76.0" />
  <Point X="196.42610422146612" Y="75.57389577853388" />
  <Point X="197.0" Y="75.0" />
  <Point X="197.0" Y="74.0" />
  <Point X="198.0" Y="73.0" />
  <Point X="198.0" Y="72.0" />
  <Point X="198.1255925377393" Y="72.0" />
  <Point X="199.0" Y="72.0" />
  <Point X="200.0" Y="71.0" />
  <Point X="201.0" Y="70.0" />
  <Point X="201.0" Y="69.35141729350323" />
  <Point X="201.0" Y="69.0" />
  <Point X="202.0" Y="69.0" />
  <Point X="202.0" Y="68.0" />
  <Point X="203.0" Y="68.0" />
  <Point X="203.0" Y="67.0" />
</Project_1_Part_4>
