<?xml version="1.0" encoding="utf-8" standalone="yes"?>
<Gesture Name="circle9" Subject="3" Number="3" NumPts="380">
  <Point X="132.0" Y="74.0" />
  <Point X="132.0" Y="73.0" />
  <Point X="131.0" Y="73.0" />
  <Point X="131.0" Y="72.0" />
  <Point X="130.0" Y="72.0" />
  <Point X="129.0" Y="72.0" />
  <Point X="128.14727556454721" Y="72.0" />
  <Point X="128.0" Y="72.0" />
  <Point X="127.0" Y="72.0" />
  <Point X="126.0" Y="72.0" />
  <Point X="125.0" Y="72.0" />
  <Point X="124.0" Y="72.0" />
  <Point X="123.0" Y="72.0" />
  <Point X="122.29455112909443" Y="72.0" />
  <Point X="122.0" Y="72.0" />
  <Point X="122.0" Y="73.0" />
  <Point X="121.0" Y="73.0" />
  <Point X="120.0" Y="73.0" />
  <Point X="119.0" Y="73.0" />
  <Point X="118.0" Y="73.0" />
  <Point X="118.0" Y="73.55817330635836" />
  <Point X="118.0" Y="74.0" />
  <Point X="117.0" Y="74.0" />
  <Point X="116.0" Y="74.0" />
  <Point X="115.0" Y="74.0" />
  <Point X="115.0" Y="75.0" />
  <Point X="114.0" Y="75.0" />
  <Point X="113.58910225818886" Y="75.0" />
  <Point X="113.0" Y="75.0" />
  <Point X="112.0" Y="75.0" />
  <Point X="111.0" Y="75.0" />
  <Point X="111.0" Y="76.0" />
  <Point X="110.0" Y="77.0" />
  <Point X="109.15059138510917" Y="77.0" />
  <Point X="109.0" Y="77.0" />
  <Point X="108.0" Y="77.0" />
  <Point X="107.0" Y="77.0" />
  <Point X="106.0" Y="78.0" />
  <Point X="105.0" Y="78.0" />
  <Point X="104.08930339643373" Y="78.91069660356627" />
  <Point X="104.0" Y="79.0" />
  <Point X="103.0" Y="79.0" />
  <Point X="102.0" Y="79.0" />
  <Point X="102.0" Y="80.0" />
  <Point X="100.0" Y="81.0" />
  <Point X="99.50963761644957" Y="81.0" />
  <Point X="99.0" Y="81.0" />
  <Point X="98.0" Y="82.0" />
  <Point X="97.0" Y="82.0" />
  <Point X="96.0" Y="84.0" />
  <Point X="95.30719472086966" Y="84.0" />
  <Point X="94.0" Y="84.0" />
  <Point X="92.0" Y="86.0" />
  <Point X="91.0" Y="87.0" />
  <Point X="90.78582511473331" Y="87.21417488526669" />
  <Point X="90.0" Y="88.0" />
  <Point X="89.0" Y="89.0" />
  <Point X="87.0" Y="91.0" />
  <Point X="86.64732397800844" Y="91.35267602199156" />
  <Point X="86.0" Y="92.0" />
  <Point X="85.0" Y="93.0" />
  <Point X="84.0" Y="94.0" />
  <Point X="84.0" Y="96.0" />
  <Point X="83.9026478954549" Y="96.04867605227255" />
  <Point X="82.0" Y="97.0" />
  <Point X="82.0" Y="98.0" />
  <Point X="81.0" Y="99.0" />
  <Point X="80.07278087820252" Y="99.92721912179748" />
  <Point X="80.0" Y="100.0" />
  <Point X="80.0" Y="102.0" />
  <Point X="79.0" Y="102.0" />
  <Point X="78.0" Y="104.0" />
  <Point X="78.0" Y="104.51372875291757" />
  <Point X="78.0" Y="105.0" />
  <Point X="77.0" Y="106.0" />
  <Point X="77.0" Y="108.0" />
  <Point X="76.0" Y="109.0" />
  <Point X="76.0" Y="109.53802606362417" />
  <Point X="76.0" Y="110.0" />
  <Point X="75.0" Y="111.0" />
  <Point X="75.0" Y="113.0" />
  <Point X="74.11606580989819" Y="114.76786838020362" />
  <Point X="74.0" Y="115.0" />
  <Point X="73.0" Y="115.0" />
  <Point X="73.0" Y="117.0" />
  <Point X="72.0" Y="119.0" />
  <Point X="72.0" Y="119.35712541715708" />
  <Point X="72.0" Y="121.0" />
  <Point X="71.0" Y="122.0" />
  <Point X="71.0" Y="124.0" />
  <Point X="71.0" Y="124.79563629023677" />
  <Point X="71.0" Y="125.0" />
  <Point X="70.0" Y="126.0" />
  <Point X="70.0" Y="128.0" />
  <Point X="69.0" Y="129.0" />
  <Point X="69.0" Y="129.8199336009434" />
  <Point X="69.0" Y="130.0" />
  <Point X="69.0" Y="131.0" />
  <Point X="69.0" Y="132.0" />
  <Point X="69.0" Y="133.0" />
  <Point X="68.0" Y="135.0" />
  <Point X="68.0" Y="135.4365900588964" />
  <Point X="68.0" Y="136.0" />
  <Point X="68.0" Y="137.0" />
  <Point X="68.0" Y="138.0" />
  <Point X="68.0" Y="139.0" />
  <Point X="67.0" Y="139.0" />
  <Point X="67.0" Y="140.28931449434918" />
  <Point X="67.0" Y="141.0" />
  <Point X="67.0" Y="142.0" />
  <Point X="67.0" Y="143.0" />
  <Point X="67.0" Y="144.0" />
  <Point X="67.0" Y="145.0" />
  <Point X="67.0" Y="146.0" />
  <Point X="67.0" Y="146.14203892980197" />
  <Point X="67.0" Y="147.0" />
  <Point X="67.0" Y="148.0" />
  <Point X="67.0" Y="149.0" />
  <Point X="67.0" Y="150.0" />
  <Point X="67.0" Y="151.0" />
  <Point X="67.0" Y="151.99476336525476" />
  <Point X="67.0" Y="152.0" />
  <Point X="67.0" Y="153.0" />
  <Point X="67.0" Y="154.0" />
  <Point X="67.0" Y="155.0" />
  <Point X="68.0" Y="155.0" />
  <Point X="68.0" Y="156.0" />
  <Point X="68.0" Y="156.84748780070754" />
  <Point X="68.0" Y="157.0" />
  <Point X="68.0" Y="158.0" />
  <Point X="69.0" Y="158.0" />
  <Point X="70.0" Y="159.0" />
  <Point X="70.0" Y="160.0" />
  <Point X="71.0" Y="160.0" />
  <Point X="71.20223160164531" Y="160.2022316016453" />
  <Point X="72.0" Y="161.0" />
  <Point X="72.0" Y="162.0" />
  <Point X="73.0" Y="162.0" />
  <Point X="73.0" Y="163.0" />
  <Point X="74.0" Y="163.0" />
  <Point X="74.0" Y="163.72450954686693" />
  <Point X="74.0" Y="164.0" />
  <Point X="75.0" Y="164.0" />
  <Point X="76.0" Y="164.0" />
  <Point X="77.0" Y="164.0" />
  <Point X="77.0" Y="165.0" />
  <Point X="78.0" Y="166.0" />
  <Point X="78.16302041994662" Y="166.0" />
  <Point X="79.0" Y="166.0" />
  <Point X="80.0" Y="166.0" />
  <Point X="81.0" Y="166.0" />
  <Point X="82.0" Y="166.0" />
  <Point X="83.80293700878742" Y="166.9014685043937" />
  <Point X="84.0" Y="167.0" />
  <Point X="85.0" Y="167.0" />
  <Point X="86.0" Y="167.0" />
  <Point X="87.0" Y="167.0" />
  <Point X="88.0" Y="167.0" />
  <Point X="89.0" Y="167.0" />
  <Point X="89.6324013133524" Y="167.0" />
  <Point X="90.0" Y="167.0" />
  <Point X="91.0" Y="167.0" />
  <Point X="92.0" Y="167.0" />
  <Point X="93.0" Y="167.0" />
  <Point X="94.0" Y="167.0" />
  <Point X="95.0" Y="167.0" />
  <Point X="95.48512574880519" Y="167.0" />
  <Point X="96.0" Y="167.0" />
  <Point X="98.0" Y="167.0" />
  <Point X="99.0" Y="167.0" />
  <Point X="100.0" Y="167.0" />
  <Point X="101.0" Y="167.0" />
  <Point X="101.33785018425797" Y="167.0" />
  <Point X="102.0" Y="167.0" />
  <Point X="103.0" Y="167.0" />
  <Point X="104.0" Y="167.0" />
  <Point X="105.0" Y="167.0" />
  <Point X="107.0" Y="167.0" />
  <Point X="107.19057461971076" Y="167.0" />
  <Point X="108.0" Y="167.0" />
  <Point X="110.0" Y="167.0" />
  <Point X="111.0" Y="167.0" />
  <Point X="112.0" Y="167.0" />
  <Point X="113.0" Y="167.0" />
  <Point X="113.04329905516354" Y="167.0" />
  <Point X="114.0" Y="167.0" />
  <Point X="115.0" Y="167.0" />
  <Point X="116.0" Y="167.0" />
  <Point X="117.0" Y="166.0" />
  <Point X="118.0" Y="166.0" />
  <Point X="118.48180992824324" Y="166.0" />
  <Point X="119.0" Y="166.0" />
  <Point X="120.0" Y="166.0" />
  <Point X="121.0" Y="166.0" />
  <Point X="122.0" Y="166.0" />
  <Point X="123.0" Y="166.0" />
  <Point X="124.0" Y="166.0" />
  <Point X="124.33453436369602" Y="166.0" />
  <Point X="125.0" Y="166.0" />
  <Point X="126.0" Y="166.0" />
  <Point X="127.0" Y="166.0" />
  <Point X="127.0" Y="165.0" />
  <Point X="128.0" Y="165.0" />
  <Point X="129.0" Y="165.0" />
  <Point X="129.0" Y="164.81274120085118" />
  <Point X="129.0" Y="164.0" />
  <Point X="130.0" Y="164.0" />
  <Point X="131.0" Y="164.0" />
  <Point X="132.0" Y="164.0" />
  <Point X="133.0" Y="164.0" />
  <Point X="133.0" Y="163.0" />
  <Point X="133.0399832346016" Y="163.0" />
  <Point X="134.0" Y="163.0" />
  <Point X="134.0" Y="162.0" />
  <Point X="135.0" Y="162.0" />
  <Point X="136.0" Y="162.0" />
  <Point X="137.0" Y="161.0" />
  <Point X="137.0" Y="160.5215058923187" />
  <Point X="137.0" Y="160.0" />
  <Point X="138.0" Y="160.0" />
  <Point X="138.0" Y="159.0" />
  <Point X="139.0" Y="159.0" />
  <Point X="140.0" Y="158.0" />
  <Point X="140.64842044027796" Y="157.35157955972204" />
  <Point X="141.0" Y="157.0" />
  <Point X="141.0" Y="156.0" />
  <Point X="142.0" Y="156.0" />
  <Point X="142.0" Y="155.0" />
  <Point X="143.0" Y="154.0" />
  <Point X="143.94130229146762" Y="154.0" />
  <Point X="144.0" Y="154.0" />
  <Point X="144.0" Y="153.0" />
  <Point X="145.0" Y="152.0" />
  <Point X="145.0" Y="151.0" />
  <Point X="147.0" Y="151.0" />
  <Point X="147.0" Y="150.62018683545267" />
  <Point X="147.0" Y="150.0" />
  <Point X="148.0" Y="149.0" />
  <Point X="148.0" Y="148.0" />
  <Point X="149.0" Y="147.0" />
  <Point X="149.0" Y="146.0" />
  <Point X="149.40411047525393" Y="146.0" />
  <Point X="150.0" Y="146.0" />
  <Point X="151.0" Y="145.0" />
  <Point X="151.0" Y="144.0" />
  <Point X="151.0" Y="143.0" />
  <Point X="152.0" Y="143.0" />
  <Point X="152.0" Y="142.15737865166636" />
  <Point X="152.0" Y="142.0" />
  <Point X="154.0" Y="141.0" />
  <Point X="154.0" Y="140.0" />
  <Point X="155.0" Y="139.0" />
  <Point X="155.0" Y="138.0" />
  <Point X="155.03186523246032" Y="137.96813476753968" />
  <Point X="156.0" Y="137.0" />
  <Point X="156.0" Y="136.0" />
  <Point X="156.0" Y="135.0" />
  <Point X="158.0" Y="134.0" />
  <Point X="158.0" Y="133.75249286050655" />
  <Point X="158.0" Y="133.0" />
  <Point X="159.0" Y="132.0" />
  <Point X="160.0" Y="131.0" />
  <Point X="160.0" Y="130.0" />
  <Point X="161.13753648189362" Y="129.4312317590532" />
  <Point X="162.0" Y="129.0" />
  <Point X="162.0" Y="128.0" />
  <Point X="163.0" Y="127.0" />
  <Point X="163.0" Y="126.0" />
  <Point X="164.0" Y="125.0" />
  <Point X="164.04245029534727" Y="124.95754970465272" />
  <Point X="165.0" Y="124.0" />
  <Point X="165.0" Y="123.0" />
  <Point X="166.0" Y="123.0" />
  <Point X="166.0" Y="122.0" />
  <Point X="166.0" Y="121.0" />
  <Point X="166.49854465648656" Y="121.0" />
  <Point X="167.0" Y="121.0" />
  <Point X="168.0" Y="120.0" />
  <Point X="168.0" Y="119.0" />
  <Point X="169.0" Y="119.0" />
  <Point X="169.0" Y="117.06294447043375" />
  <Point X="169.0" Y="117.0" />
  <Point X="170.0" Y="116.0" />
  <Point X="170.0" Y="115.0" />
  <Point X="171.0" Y="114.0" />
  <Point X="171.0" Y="113.0" />
  <Point X="171.67977911246987" Y="112.32022088753011" />
  <Point X="172.0" Y="112.0" />
  <Point X="172.0" Y="111.0" />
  <Point X="172.0" Y="110.0" />
  <Point X="173.0" Y="109.0" />
  <Point X="173.0" Y="108.0" />
  <Point X="173.0" Y="107.01434984902055" />
  <Point X="173.0" Y="107.0" />
  <Point X="173.0" Y="106.0" />
  <Point X="173.0" Y="105.0" />
  <Point X="173.0" Y="104.0" />
  <Point X="173.0" Y="103.0" />
  <Point X="173.0" Y="102.0" />
  <Point X="173.0" Y="101.16162541356776" />
  <Point X="173.0" Y="101.0" />
  <Point X="172.0" Y="100.0" />
  <Point X="172.0" Y="99.0" />
  <Point X="171.0" Y="99.0" />
  <Point X="171.0" Y="98.0" />
  <Point X="171.0" Y="97.0" />
  <Point X="170.72311454048807" Y="97.0" />
  <Point X="170.0" Y="97.0" />
  <Point X="169.0" Y="96.0" />
  <Point X="169.0" Y="95.0" />
  <Point X="168.0" Y="95.0" />
  <Point X="167.0" Y="95.0" />
  <Point X="167.0" Y="94.28460366740838" />
  <Point X="167.0" Y="94.0" />
  <Point X="167.0" Y="93.0" />
  <Point X="166.0" Y="93.0" />
  <Point X="165.0" Y="92.0" />
  <Point X="164.0" Y="92.0" />
  <Point X="163.18406439000978" Y="91.1840643900098" />
  <Point X="163.0" Y="91.0" />
  <Point X="163.0" Y="90.0" />
  <Point X="162.0" Y="90.0" />
  <Point X="162.0" Y="89.0" />
  <Point X="161.0" Y="89.0" />
  <Point X="161.0" Y="88.0" />
  <Point X="161.0" Y="87.40758192124898" />
  <Point X="161.0" Y="87.0" />
  <Point X="160.0" Y="87.0" />
  <Point X="159.0" Y="87.0" />
  <Point X="159.0" Y="86.0" />
  <Point X="159.0" Y="85.0" />
  <Point X="158.0" Y="85.0" />
  <Point X="158.0" Y="84.55485748579619" />
  <Point X="158.0" Y="84.0" />
  <Point X="158.0" Y="83.0" />
  <Point X="157.0" Y="83.0" />
  <Point X="157.0" Y="82.0" />
  <Point X="157.0" Y="81.0" />
  <Point X="157.0" Y="80.0" />
  <Point X="156.7021330503434" Y="80.0" />
  <Point X="156.0" Y="80.0" />
  <Point X="155.0" Y="80.0" />
  <Point X="155.0" Y="79.0" />
  <Point X="154.0" Y="79.0" />
  <Point X="154.0" Y="78.0" />
  <Point X="154.0" Y="77.0" />
  <Point X="153.84940861489062" Y="77.0" />
  <Point X="153.0" Y="77.0" />
  <Point X="152.0" Y="77.0" />
  <Point X="152.0" Y="76.0" />
  <Point X="151.0" Y="76.0" />
  <Point X="150.0" Y="76.0" />
  <Point X="150.0" Y="75.0" />
  <Point X="149.99668417943784" Y="75.0" />
  <Point X="149.0" Y="75.0" />
  <Point X="148.0" Y="75.0" />
  <Point X="148.0" Y="74.0" />
  <Point X="147.0" Y="74.0" />
  <Point X="146.0" Y="74.0" />
  <Point X="146.0" Y="73.14395974398505" />
  <Point X="146.0" Y="73.0" />
  <Point X="145.0" Y="73.0" />
  <Point X="144.0" Y="73.0" />
  <Point X="143.0" Y="73.0" />
  <Point X="142.0" Y="73.0" />
  <Point X="141.0" Y="73.0" />
  <Point X="140.29123530853226" Y="73.0" />
  <Point X="140.0" Y="73.0" />
  <Point X="140.0" Y="72.0" />
  <Point X="139.0" Y="72.0" />
  <Point X="138.0" Y="72.0" />
  <Point X="137.0" Y="72.0" />
  <Point X="136.0" Y="72.0" />
  <Point X="135.43851087307948" Y="72.0" />
  <Point X="135.0" Y="72.0" />
  <Point X="134.0" Y="71.0" />
  <Point X="133.0" Y="71.0" />
  <Point X="132.0" Y="71.0" />
  <Point X="131.0" Y="71.0" />
  <Point X="130.0" Y="71.0" />
</Project_1_Part_4>
