<?xml version="1.0" encoding="utf-8" standalone="yes"?>
<Gesture Name="circle2" Subject="3" Number="3" NumPts="409">
  <Point X="132.0" Y="58.0" />
  <Point X="132.0" Y="57.0" />
  <Point X="132.0" Y="56.0" />
  <Point X="132.0" Y="55.0" />
  <Point X="132.0" Y="54.0" />
  <Point X="132.0" Y="53.0" />
  <Point X="132.0" Y="52.0" />
  <Point X="131.19819796199542" Y="52.0" />
  <Point X="131.0" Y="52.0" />
  <Point X="131.0" Y="51.0" />
  <Point X="130.0" Y="51.0" />
  <Point X="129.0" Y="51.0" />
  <Point X="129.0" Y="50.0" />
  <Point X="128.0" Y="50.0" />
  <Point X="127.0" Y="50.0" />
  <Point X="126.39639592399082" Y="50.0" />
  <Point X="126.0" Y="50.0" />
  <Point X="125.0" Y="50.0" />
  <Point X="124.0" Y="50.0" />
  <Point X="123.0" Y="50.0" />
  <Point X="122.0" Y="50.0" />
  <Point X="121.0" Y="50.0" />
  <Point X="120.0" Y="50.0" />
  <Point X="119.59459388598623" Y="50.0" />
  <Point X="119.0" Y="50.0" />
  <Point X="118.0" Y="50.0" />
  <Point X="117.0" Y="50.0" />
  <Point X="116.0" Y="50.0" />
  <Point X="115.0" Y="50.0" />
  <Point X="115.0" Y="51.0" />
  <Point X="114.0" Y="51.0" />
  <Point X="113.79279184798163" Y="51.0" />
  <Point X="113.0" Y="51.0" />
  <Point X="112.0" Y="52.0" />
  <Point X="112.0" Y="53.0" />
  <Point X="111.0" Y="53.0" />
  <Point X="110.0" Y="54.0" />
  <Point X="109.0" Y="54.0" />
  <Point X="109.0" Y="54.18058306527677" />
  <Point X="109.0" Y="55.0" />
  <Point X="108.0" Y="55.0" />
  <Point X="108.0" Y="56.0" />
  <Point X="107.0" Y="56.0" />
  <Point X="107.0" Y="57.0" />
  <Point X="106.0" Y="58.0" />
  <Point X="105.43182845909173" Y="58.0" />
  <Point X="105.0" Y="58.0" />
  <Point X="105.0" Y="59.0" />
  <Point X="104.0" Y="59.0" />
  <Point X="104.0" Y="60.0" />
  <Point X="103.0" Y="60.0" />
  <Point X="103.0" Y="61.0" />
  <Point X="103.0" Y="62.0" />
  <Point X="102.73838917349086" Y="62.26161082650914" />
  <Point X="102.0" Y="63.0" />
  <Point X="101.0" Y="64.0" />
  <Point X="101.0" Y="65.0" />
  <Point X="100.0" Y="66.0" />
  <Point X="99.0" Y="67.0" />
  <Point X="98.63589560931588" Y="67.36410439068412" />
  <Point X="98.0" Y="68.0" />
  <Point X="98.0" Y="70.0" />
  <Point X="97.0" Y="70.0" />
  <Point X="97.0" Y="71.0" />
  <Point X="96.0" Y="72.0" />
  <Point X="96.0" Y="72.48829628068347" />
  <Point X="96.0" Y="73.0" />
  <Point X="95.0" Y="74.0" />
  <Point X="94.0" Y="75.0" />
  <Point X="94.0" Y="76.0" />
  <Point X="93.0" Y="78.0" />
  <Point X="93.0" Y="78.22560321644208" />
  <Point X="93.0" Y="79.0" />
  <Point X="92.0" Y="80.0" />
  <Point X="91.0" Y="82.0" />
  <Point X="91.0" Y="83.0" />
  <Point X="90.02622648289207" Y="83.97377351710793" />
  <Point X="89.0" Y="85.0" />
  <Point X="89.0" Y="87.0" />
  <Point X="88.0" Y="88.0" />
  <Point X="87.0" Y="89.0" />
  <Point X="87.0" Y="89.522071503086" />
  <Point X="87.0" Y="91.0" />
  <Point X="87.0" Y="92.0" />
  <Point X="86.0" Y="93.0" />
  <Point X="85.07988472506156" Y="95.7603458248153" />
  <Point X="85.0" Y="96.0" />
  <Point X="84.0" Y="97.0" />
  <Point X="83.0" Y="99.0" />
  <Point X="83.0" Y="100.0" />
  <Point X="83.0" Y="101.0" />
  <Point X="82.59799843934712" Y="101.80400312130574" />
  <Point X="82.0" Y="103.0" />
  <Point X="81.0" Y="104.0" />
  <Point X="81.0" Y="106.0" />
  <Point X="80.0" Y="107.0" />
  <Point X="79.55013176979305" Y="107.44986823020695" />
  <Point X="79.0" Y="108.0" />
  <Point X="79.0" Y="110.0" />
  <Point X="79.0" Y="111.0" />
  <Point X="78.0" Y="112.0" />
  <Point X="78.0" Y="113.0" />
  <Point X="77.72738544989163" Y="113.54522910021674" />
  <Point X="77.0" Y="115.0" />
  <Point X="77.0" Y="116.0" />
  <Point X="77.0" Y="117.0" />
  <Point X="77.0" Y="119.0" />
  <Point X="76.47438148659649" Y="120.05123702680703" />
  <Point X="76.0" Y="121.0" />
  <Point X="76.0" Y="122.0" />
  <Point X="75.0" Y="124.0" />
  <Point X="75.0" Y="125.0" />
  <Point X="75.0" Y="126.0" />
  <Point X="74.64292181701308" Y="126.35707818298692" />
  <Point X="74.0" Y="127.0" />
  <Point X="74.0" Y="130.0" />
  <Point X="74.0" Y="132.0" />
  <Point X="74.0" Y="132.89257328483916" />
  <Point X="74.0" Y="134.0" />
  <Point X="74.0" Y="135.0" />
  <Point X="74.0" Y="137.0" />
  <Point X="73.0" Y="139.0" />
  <Point X="73.0" Y="139.45830734534397" />
  <Point X="73.0" Y="140.0" />
  <Point X="73.0" Y="141.0" />
  <Point X="72.0" Y="143.0" />
  <Point X="72.0" Y="144.0" />
  <Point X="72.0" Y="145.0" />
  <Point X="72.0" Y="146.0" />
  <Point X="72.0" Y="146.02404140584878" />
  <Point X="72.0" Y="149.0" />
  <Point X="72.0" Y="150.0" />
  <Point X="72.0" Y="152.0" />
  <Point X="72.0" Y="152.82584344385336" />
  <Point X="72.0" Y="153.0" />
  <Point X="72.0" Y="154.0" />
  <Point X="72.0" Y="156.0" />
  <Point X="72.0" Y="157.0" />
  <Point X="72.0" Y="158.0" />
  <Point X="72.0" Y="159.0" />
  <Point X="72.0" Y="159.62764548185794" />
  <Point X="72.0" Y="160.0" />
  <Point X="72.0" Y="161.0" />
  <Point X="72.0" Y="162.0" />
  <Point X="72.0" Y="163.0" />
  <Point X="72.0" Y="164.0" />
  <Point X="72.0" Y="166.0" />
  <Point X="72.0" Y="166.42944751986252" />
  <Point X="72.0" Y="167.0" />
  <Point X="72.0" Y="169.0" />
  <Point X="72.0" Y="171.0" />
  <Point X="72.0" Y="172.0" />
  <Point X="72.0" Y="173.2312495578671" />
  <Point X="72.0" Y="174.0" />
  <Point X="73.0" Y="175.0" />
  <Point X="73.0" Y="176.0" />
  <Point X="74.0" Y="177.0" />
  <Point X="74.0" Y="178.0" />
  <Point X="74.0" Y="179.0" />
  <Point X="74.0" Y="179.2046244711255" />
  <Point X="74.0" Y="181.0" />
  <Point X="75.0" Y="181.0" />
  <Point X="75.0" Y="182.0" />
  <Point X="75.0" Y="183.0" />
  <Point X="75.0" Y="185.0" />
  <Point X="75.0064265091301" Y="185.0" />
  <Point X="76.0" Y="185.0" />
  <Point X="76.0" Y="186.0" />
  <Point X="76.0" Y="188.0" />
  <Point X="76.0" Y="189.0" />
  <Point X="76.0" Y="190.0" />
  <Point X="76.0" Y="190.8082285471347" />
  <Point X="76.0" Y="191.0" />
  <Point X="77.0" Y="191.0" />
  <Point X="77.0" Y="192.0" />
  <Point X="78.0" Y="193.0" />
  <Point X="78.0" Y="194.0" />
  <Point X="78.0" Y="195.0" />
  <Point X="78.0" Y="196.0" />
  <Point X="78.19581702276619" Y="196.0" />
  <Point X="79.0" Y="196.0" />
  <Point X="79.0" Y="197.0" />
  <Point X="79.0" Y="198.0" />
  <Point X="79.0" Y="199.0" />
  <Point X="80.0" Y="200.0" />
  <Point X="80.0" Y="201.0" />
  <Point X="80.0" Y="201.5834054983977" />
  <Point X="80.0" Y="202.0" />
  <Point X="81.0" Y="203.0" />
  <Point X="81.0" Y="204.0" />
  <Point X="82.0" Y="204.0" />
  <Point X="82.0" Y="205.0" />
  <Point X="83.0" Y="206.0" />
  <Point X="83.0" Y="206.5567804116561" />
  <Point X="83.0" Y="207.0" />
  <Point X="84.0" Y="208.0" />
  <Point X="85.0" Y="208.0" />
  <Point X="85.0" Y="209.0" />
  <Point X="86.0" Y="209.0" />
  <Point X="87.0" Y="209.0" />
  <Point X="87.9443688872876" Y="209.0" />
  <Point X="88.0" Y="209.0" />
  <Point X="89.0" Y="208.0" />
  <Point X="90.0" Y="208.0" />
  <Point X="90.0" Y="207.0" />
  <Point X="91.0" Y="207.0" />
  <Point X="91.0" Y="206.0" />
  <Point X="92.0" Y="206.0" />
  <Point X="92.0" Y="205.6680426370809" />
  <Point X="92.0" Y="205.0" />
  <Point X="93.0" Y="204.0" />
  <Point X="94.0" Y="203.0" />
  <Point X="94.0" Y="202.0" />
  <Point X="95.0" Y="202.0" />
  <Point X="95.0" Y="201.0" />
  <Point X="95.30533227617751" Y="201.0" />
  <Point X="96.0" Y="201.0" />
  <Point X="97.0" Y="200.0" />
  <Point X="98.0" Y="199.0" />
  <Point X="98.0" Y="198.0" />
  <Point X="99.0" Y="198.0" />
  <Point X="99.0" Y="197.0" />
  <Point X="99.27870718943592" Y="197.0" />
  <Point X="100.0" Y="197.0" />
  <Point X="101.0" Y="196.0" />
  <Point X="101.0" Y="195.0" />
  <Point X="102.0" Y="195.0" />
  <Point X="103.0" Y="194.0" />
  <Point X="103.88535574541747" Y="193.11464425458254" />
  <Point X="104.0" Y="193.0" />
  <Point X="104.0" Y="192.0" />
  <Point X="105.0" Y="192.0" />
  <Point X="105.0" Y="191.0" />
  <Point X="106.0" Y="191.0" />
  <Point X="107.0" Y="189.0" />
  <Point X="107.40360260082603" Y="189.0" />
  <Point X="108.0" Y="189.0" />
  <Point X="109.0" Y="188.0" />
  <Point X="111.0" Y="187.0" />
  <Point X="111.0" Y="186.0" />
  <Point X="112.0" Y="185.0" />
  <Point X="112.14090953658464" Y="185.0" />
  <Point X="113.0" Y="185.0" />
  <Point X="114.0" Y="184.0" />
  <Point X="116.0" Y="183.0" />
  <Point X="117.0" Y="182.0" />
  <Point X="117.78550069244784" Y="181.60724965377608" />
  <Point X="119.0" Y="181.0" />
  <Point X="119.0" Y="180.0" />
  <Point X="120.0" Y="180.0" />
  <Point X="120.0" Y="179.0" />
  <Point X="122.0" Y="179.0" />
  <Point X="122.0" Y="178.55604946715192" />
  <Point X="122.0" Y="178.0" />
  <Point X="123.0" Y="177.0" />
  <Point X="124.0" Y="177.0" />
  <Point X="125.0" Y="176.0" />
  <Point X="126.0" Y="175.0" />
  <Point X="127.0" Y="175.0" />
  <Point X="127.00139167671318" Y="174.99721664657363" />
  <Point X="128.0" Y="173.0" />
  <Point X="129.0" Y="173.0" />
  <Point X="129.0" Y="172.0" />
  <Point X="130.0" Y="171.0" />
  <Point X="131.0" Y="171.0" />
  <Point X="131.10934160580783" Y="170.89065839419217" />
  <Point X="132.0" Y="170.0" />
  <Point X="133.0" Y="169.0" />
  <Point X="134.0" Y="168.0" />
  <Point X="135.0" Y="167.0" />
  <Point X="135.91894195116936" Y="166.08105804883064" />
  <Point X="136.0" Y="166.0" />
  <Point X="137.0" Y="165.0" />
  <Point X="138.0" Y="164.0" />
  <Point X="139.0" Y="164.0" />
  <Point X="139.0" Y="163.0" />
  <Point X="140.0" Y="162.0" />
  <Point X="140.31432873415778" Y="161.68567126584222" />
  <Point X="141.0" Y="161.0" />
  <Point X="142.0" Y="160.0" />
  <Point X="142.0" Y="158.0" />
  <Point X="144.0" Y="157.0" />
  <Point X="144.08131903702295" Y="156.83736192595413" />
  <Point X="145.0" Y="155.0" />
  <Point X="146.0" Y="155.0" />
  <Point X="146.0" Y="153.0" />
  <Point X="147.0" Y="153.0" />
  <Point X="147.0" Y="152.25243104484707" />
  <Point X="147.0" Y="152.0" />
  <Point X="147.0" Y="151.0" />
  <Point X="148.0" Y="150.0" />
  <Point X="148.0" Y="149.0" />
  <Point X="149.0" Y="148.0" />
  <Point X="149.0" Y="147.0" />
  <Point X="149.50978429820853" Y="146.49021570179147" />
  <Point X="150.0" Y="146.0" />
  <Point X="150.0" Y="145.0" />
  <Point X="150.0" Y="144.0" />
  <Point X="150.0" Y="143.0" />
  <Point X="150.0" Y="141.0" />
  <Point X="150.0" Y="139.89146765595714" />
  <Point X="150.0" Y="139.0" />
  <Point X="151.0" Y="139.0" />
  <Point X="152.0" Y="138.0" />
  <Point X="152.0" Y="137.0" />
  <Point X="152.0" Y="135.0" />
  <Point X="152.0" Y="134.50387918032564" />
  <Point X="152.0" Y="134.0" />
  <Point X="152.0" Y="133.0" />
  <Point X="152.0" Y="132.0" />
  <Point X="152.0" Y="131.0" />
  <Point X="152.0" Y="130.0" />
  <Point X="152.0" Y="129.0" />
  <Point X="152.0" Y="128.0" />
  <Point X="152.0" Y="127.70207714232104" />
  <Point X="152.0" Y="127.0" />
  <Point X="152.0" Y="126.0" />
  <Point X="152.0" Y="125.0" />
  <Point X="152.0" Y="124.0" />
  <Point X="152.0" Y="123.0" />
  <Point X="152.0" Y="122.0" />
  <Point X="152.0" Y="121.0" />
  <Point X="152.0" Y="120.90027510431645" />
  <Point X="152.0" Y="120.0" />
  <Point X="152.0" Y="119.0" />
  <Point X="152.0" Y="118.0" />
  <Point X="152.0" Y="117.0" />
  <Point X="152.0" Y="116.0" />
  <Point X="152.0" Y="114.09847306631185" />
  <Point X="152.0" Y="114.0" />
  <Point X="152.0" Y="113.0" />
  <Point X="152.0" Y="112.0" />
  <Point X="152.0" Y="111.0" />
  <Point X="152.0" Y="110.0" />
  <Point X="152.0" Y="108.0" />
  <Point X="152.0" Y="107.29667102830726" />
  <Point X="152.0" Y="107.0" />
  <Point X="152.0" Y="106.0" />
  <Point X="152.0" Y="105.0" />
  <Point X="151.0" Y="105.0" />
  <Point X="151.0" Y="104.0" />
  <Point X="151.0" Y="103.0" />
  <Point X="151.0" Y="102.0" />
  <Point X="151.0" Y="101.49486899030266" />
  <Point X="151.0" Y="101.0" />
  <Point X="151.0" Y="100.0" />
  <Point X="151.0" Y="99.0" />
  <Point X="151.0" Y="98.0" />
  <Point X="150.0" Y="97.0" />
  <Point X="150.0" Y="96.0" />
  <Point X="150.0" Y="95.10728051467116" />
  <Point X="150.0" Y="95.0" />
  <Point X="150.0" Y="93.0" />
  <Point X="150.0" Y="92.0" />
  <Point X="149.0" Y="91.0" />
  <Point X="148.0" Y="89.0" />
  <Point X="148.0" Y="88.95576001653944" />
  <Point X="148.0" Y="88.0" />
  <Point X="148.0" Y="87.0" />
  <Point X="148.0" Y="86.0" />
  <Point X="148.0" Y="85.0" />
  <Point X="148.0" Y="84.0" />
  <Point X="148.0" Y="83.0" />
  <Point X="147.4017579494532" Y="82.40175794945321" />
  <Point X="147.0" Y="82.0" />
  <Point X="147.0" Y="81.0" />
  <Point X="147.0" Y="80.0" />
  <Point X="146.0" Y="79.0" />
  <Point X="146.0" Y="78.0" />
  <Point X="145.0" Y="77.0" />
  <Point X="145.0" Y="76.59479662764953" />
  <Point X="145.0" Y="76.0" />
  <Point X="145.0" Y="75.0" />
  <Point X="144.0" Y="75.0" />
  <Point X="144.0" Y="74.0" />
  <Point X="144.0" Y="73.0" />
  <Point X="143.0" Y="73.0" />
  <Point X="143.0" Y="72.0" />
  <Point X="142.79299458964493" Y="72.0" />
  <Point X="142.0" Y="72.0" />
  <Point X="142.0" Y="71.0" />
  <Point X="141.0" Y="71.0" />
  <Point X="140.0" Y="70.0" />
  <Point X="139.0" Y="70.0" />
  <Point X="138.0" Y="70.0" />
  <Point X="138.0" Y="69.40540611401343" />
  <Point X="138.0" Y="69.0" />
  <Point X="137.0" Y="69.0" />
  <Point X="136.0" Y="69.0" />
  <Point X="135.0" Y="69.0" />
  <Point X="134.0" Y="69.0" />
  <Point X="133.0" Y="69.0" />
  <Point X="133.0" Y="68.0" />
  <Point X="133.0" Y="67.60360407600884" />
  <Point X="133.0" Y="67.0" />
  <Point X="133.0" Y="66.0" />
  <Point X="133.0" Y="65.0" />
  <Point X="133.0" Y="64.0" />
  <Point X="133.0" Y="63.0" />
  <Point X="133.0" Y="62.0" />
  <Point X="133.0" Y="61.0" />
  <Point X="133.0" Y="60.80180203800424" />
  <Point X="133.0" Y="60.0" />
  <Point X="133.0" Y="59.0" />
  <Point X="133.0" Y="58.0" />
  <Point X="133.0" Y="57.0" />
  <Point X="133.0" Y="56.0" />
  <Point X="133.0" Y="55.0" />
  <Point X="133.0" Y="54.0" />
</Project_1_Part_4>
