<?xml version="1.0" encoding="utf-8" standalone="yes"?>
<Gesture Name="circle3" Subject="3" Number="3" NumPts="283">
  <Point X="105.0" Y="73.0" />
  <Point X="104.0" Y="73.0" />
  <Point X="103.0" Y="73.0" />
  <Point X="102.0" Y="73.0" />
  <Point X="101.33699122822698" Y="73.0" />
  <Point X="101.0" Y="73.0" />
  <Point X="100.0" Y="73.0" />
  <Point X="99.0" Y="73.0" />
  <Point X="98.06236400298626" Y="73.93763599701374" />
  <Point X="98.0" Y="74.0" />
  <Point X="97.0" Y="74.0" />
  <Point X="96.0" Y="74.0" />
  <Point X="95.0" Y="75.0" />
  <Point X="94.8394008094271" Y="75.0" />
  <Point X="94.0" Y="75.0" />
  <Point X="93.0" Y="75.0" />
  <Point X="92.0" Y="76.0" />
  <Point X="91.59060560002717" Y="76.0" />
  <Point X="91.0" Y="76.0" />
  <Point X="90.0" Y="76.0" />
  <Point X="89.0" Y="76.0" />
  <Point X="89.0" Y="77.0" />
  <Point X="88.9488032262791" Y="77.0511967737209" />
  <Point X="88.0" Y="78.0" />
  <Point X="87.0" Y="78.0" />
  <Point X="86.0" Y="78.0" />
  <Point X="86.0" Y="78.32119838114578" />
  <Point X="86.0" Y="79.0" />
  <Point X="85.0" Y="79.0" />
  <Point X="84.0" Y="79.0" />
  <Point X="83.30406044807881" Y="79.69593955192119" />
  <Point X="83.0" Y="80.0" />
  <Point X="82.0" Y="80.0" />
  <Point X="82.0" Y="81.0" />
  <Point X="81.0" Y="81.0" />
  <Point X="80.83524244957195" Y="81.16475755042805" />
  <Point X="80.0" Y="82.0" />
  <Point X="79.0" Y="83.0" />
  <Point X="78.24510410750544" Y="83.75489589249456" />
  <Point X="78.0" Y="84.0" />
  <Point X="77.0" Y="85.0" />
  <Point X="77.0" Y="86.0" />
  <Point X="76.09783434362762" Y="86.0" />
  <Point X="76.0" Y="86.0" />
  <Point X="76.0" Y="87.0" />
  <Point X="75.0" Y="87.0" />
  <Point X="75.0" Y="88.0" />
  <Point X="74.60036132930516" Y="88.39963867069484" />
  <Point X="74.0" Y="89.0" />
  <Point X="73.0" Y="90.0" />
  <Point X="73.0" Y="91.0" />
  <Point X="72.71732976842519" Y="91.28267023157481" />
  <Point X="72.0" Y="92.0" />
  <Point X="72.0" Y="93.0" />
  <Point X="71.0" Y="93.0" />
  <Point X="71.0" Y="93.64855128457218" />
  <Point X="71.0" Y="94.0" />
  <Point X="71.0" Y="95.0" />
  <Point X="70.0" Y="95.0" />
  <Point X="70.0" Y="96.0" />
  <Point X="69.6884399436548" Y="96.0" />
  <Point X="69.0" Y="96.0" />
  <Point X="69.0" Y="97.0" />
  <Point X="69.0" Y="98.0" />
  <Point X="69.0" Y="98.97456882811822" />
  <Point X="69.0" Y="99.0" />
  <Point X="68.0" Y="100.0" />
  <Point X="68.0" Y="101.0" />
  <Point X="68.0" Y="102.0" />
  <Point X="67.8420577743977" Y="102.1579422256023" />
  <Point X="67.0" Y="103.0" />
  <Point X="66.0" Y="104.0" />
  <Point X="66.0" Y="105.0" />
  <Point X="66.0" Y="105.05794568454499" />
  <Point X="66.0" Y="106.0" />
  <Point X="66.0" Y="107.0" />
  <Point X="66.0" Y="108.0" />
  <Point X="65.27904554368199" Y="108.0" />
  <Point X="65.0" Y="108.0" />
  <Point X="65.0" Y="109.0" />
  <Point X="65.0" Y="110.0" />
  <Point X="65.0" Y="111.0" />
  <Point X="65.0" Y="111.38396322809103" />
  <Point X="65.0" Y="112.0" />
  <Point X="65.0" Y="113.0" />
  <Point X="65.0" Y="114.0" />
  <Point X="65.0" Y="115.0" />
  <Point X="65.0" Y="115.04697199986406" />
  <Point X="65.0" Y="116.0" />
  <Point X="65.0" Y="117.0" />
  <Point X="65.0" Y="118.0" />
  <Point X="65.0" Y="118.70998077163708" />
  <Point X="65.0" Y="119.0" />
  <Point X="65.0" Y="120.0" />
  <Point X="65.0" Y="121.0" />
  <Point X="65.0" Y="122.0" />
  <Point X="65.0" Y="122.3729895434101" />
  <Point X="65.0" Y="123.0" />
  <Point X="65.0" Y="124.0" />
  <Point X="65.0" Y="125.0" />
  <Point X="65.0" Y="126.0" />
  <Point X="65.0" Y="126.03599831518312" />
  <Point X="65.0" Y="127.0" />
  <Point X="65.0" Y="128.0" />
  <Point X="65.0" Y="129.0" />
  <Point X="65.69900708695614" Y="129.0" />
  <Point X="66.0" Y="129.0" />
  <Point X="67.0" Y="129.0" />
  <Point X="67.0" Y="130.0" />
  <Point X="67.0" Y="131.0" />
  <Point X="67.25598386860446" Y="131.25598386860446" />
  <Point X="68.0" Y="132.0" />
  <Point X="68.0" Y="133.0" />
  <Point X="69.0" Y="133.0" />
  <Point X="69.0" Y="133.6108110681291" />
  <Point X="69.0" Y="134.0" />
  <Point X="70.0" Y="134.0" />
  <Point X="70.0" Y="135.0" />
  <Point X="70.0" Y="136.0" />
  <Point X="70.27381983990212" Y="136.0" />
  <Point X="71.0" Y="136.0" />
  <Point X="72.0" Y="136.0" />
  <Point X="73.0" Y="136.0" />
  <Point X="73.0" Y="136.93682861167514" />
  <Point X="73.0" Y="137.0" />
  <Point X="74.0" Y="137.0" />
  <Point X="75.0" Y="137.0" />
  <Point X="76.0" Y="137.0" />
  <Point X="76.59983738344816" Y="137.0" />
  <Point X="77.0" Y="137.0" />
  <Point X="78.0" Y="137.0" />
  <Point X="79.0" Y="137.0" />
  <Point X="80.0" Y="137.0" />
  <Point X="80.26284615522118" Y="137.0" />
  <Point X="81.0" Y="137.0" />
  <Point X="82.0" Y="137.0" />
  <Point X="83.0" Y="137.0" />
  <Point X="83.9258549269942" Y="137.0" />
  <Point X="84.0" Y="137.0" />
  <Point X="85.0" Y="137.0" />
  <Point X="86.0" Y="136.0" />
  <Point X="87.0" Y="136.0" />
  <Point X="87.12349629577945" Y="135.87650370422054" />
  <Point X="88.0" Y="135.0" />
  <Point X="89.0" Y="135.0" />
  <Point X="90.0" Y="135.0" />
  <Point X="90.0" Y="134.57655465420592" />
  <Point X="90.0" Y="134.0" />
  <Point X="91.0" Y="134.0" />
  <Point X="92.0" Y="134.0" />
  <Point X="93.0" Y="134.0" />
  <Point X="93.0864541175671" Y="134.0" />
  <Point X="94.0" Y="134.0" />
  <Point X="95.0" Y="134.0" />
  <Point X="96.0" Y="134.0" />
  <Point X="96.0" Y="133.25053711065988" />
  <Point X="96.0" Y="133.0" />
  <Point X="97.0" Y="133.0" />
  <Point X="98.0" Y="133.0" />
  <Point X="99.0" Y="133.0" />
  <Point X="99.41247166111314" Y="133.0" />
  <Point X="100.0" Y="133.0" />
  <Point X="101.0" Y="133.0" />
  <Point X="101.0" Y="132.0" />
  <Point X="102.0" Y="132.0" />
  <Point X="102.07548043288617" Y="132.0" />
  <Point X="103.0" Y="132.0" />
  <Point X="104.0" Y="132.0" />
  <Point X="105.0" Y="132.0" />
  <Point X="105.0" Y="131.2615107953408" />
  <Point X="105.0" Y="131.0" />
  <Point X="106.0" Y="131.0" />
  <Point X="107.0" Y="131.0" />
  <Point X="108.0" Y="131.0" />
  <Point X="108.40149797643222" Y="131.0" />
  <Point X="109.0" Y="131.0" />
  <Point X="109.0" Y="130.0" />
  <Point X="110.0" Y="130.0" />
  <Point X="111.0" Y="130.0" />
  <Point X="111.06450674820525" Y="130.0" />
  <Point X="112.0" Y="130.0" />
  <Point X="113.0" Y="130.0" />
  <Point X="114.0" Y="130.0" />
  <Point X="114.0" Y="129.27248448002172" />
  <Point X="114.0" Y="129.0" />
  <Point X="115.0" Y="129.0" />
  <Point X="116.0" Y="129.0" />
  <Point X="117.0" Y="129.0" />
  <Point X="117.0" Y="128.60947570824868" />
  <Point X="117.0" Y="128.0" />
  <Point X="118.0" Y="128.0" />
  <Point X="118.0" Y="127.0" />
  <Point X="119.0" Y="127.0" />
  <Point X="119.03785359223575" Y="126.96214640776425" />
  <Point X="120.0" Y="126.0" />
  <Point X="121.0" Y="126.0" />
  <Point X="121.0" Y="125.0" />
  <Point X="121.30232827292427" Y="125.0" />
  <Point X="122.0" Y="125.0" />
  <Point X="122.0" Y="124.0" />
  <Point X="123.0" Y="123.0" />
  <Point X="123.38970315162258" Y="122.61029684837742" />
  <Point X="124.0" Y="122.0" />
  <Point X="125.0" Y="122.0" />
  <Point X="125.0" Y="121.0" />
  <Point X="125.565627931316" Y="120.434372068684" />
  <Point X="126.0" Y="120.0" />
  <Point X="126.0" Y="119.0" />
  <Point X="127.0" Y="118.0" />
  <Point X="127.0" Y="117.36549966124903" />
  <Point X="127.0" Y="117.0" />
  <Point X="128.0" Y="116.0" />
  <Point X="129.0" Y="115.0" />
  <Point X="129.0" Y="114.5309180142222" />
  <Point X="129.0" Y="114.0" />
  <Point X="129.0" Y="113.0" />
  <Point X="130.0" Y="113.0" />
  <Point X="130.0" Y="112.0" />
  <Point X="130.0" Y="111.86790924244917" />
  <Point X="130.0" Y="111.0" />
  <Point X="130.0" Y="110.0" />
  <Point X="131.0" Y="110.0" />
  <Point X="131.0" Y="109.20490047067615" />
  <Point X="131.0" Y="109.0" />
  <Point X="131.0" Y="108.0" />
  <Point X="132.0" Y="107.0" />
  <Point X="132.0" Y="106.0" />
  <Point X="132.0" Y="105.95610526127622" />
  <Point X="132.0" Y="105.0" />
  <Point X="132.0" Y="104.0" />
  <Point X="132.0" Y="103.0" />
  <Point X="132.0" Y="102.2930964895032" />
  <Point X="132.0" Y="102.0" />
  <Point X="132.0" Y="101.0" />
  <Point X="132.0" Y="100.0" />
  <Point X="132.0" Y="99.0" />
  <Point X="132.0" Y="98.63008771773018" />
  <Point X="132.0" Y="98.0" />
  <Point X="132.0" Y="97.0" />
  <Point X="131.0" Y="97.0" />
  <Point X="131.0" Y="96.0" />
  <Point X="130.96707894595716" Y="96.0" />
  <Point X="130.0" Y="96.0" />
  <Point X="130.0" Y="95.0" />
  <Point X="130.0" Y="94.0" />
  <Point X="129.30407017418412" Y="94.0" />
  <Point X="129.0" Y="94.0" />
  <Point X="128.0" Y="94.0" />
  <Point X="128.0" Y="93.0" />
  <Point X="127.0" Y="93.0" />
  <Point X="127.0" Y="92.6410614024111" />
  <Point X="127.0" Y="92.0" />
  <Point X="126.0" Y="92.0" />
  <Point X="126.0" Y="91.0" />
  <Point X="125.0" Y="91.0" />
  <Point X="125.0" Y="90.97805263063808" />
  <Point X="125.0" Y="90.0" />
  <Point X="124.0" Y="90.0" />
  <Point X="124.0" Y="89.0" />
  <Point X="123.31504385886505" Y="89.0" />
  <Point X="123.0" Y="89.0" />
  <Point X="122.0" Y="89.0" />
  <Point X="122.0" Y="88.0" />
  <Point X="121.0" Y="88.0" />
  <Point X="120.65203508709203" Y="88.0" />
  <Point X="120.0" Y="88.0" />
  <Point X="120.0" Y="87.0" />
  <Point X="119.0" Y="87.0" />
  <Point X="119.0" Y="86.0" />
  <Point X="118.98902631531901" Y="86.0" />
  <Point X="118.0" Y="86.0" />
  <Point X="117.0" Y="86.0" />
  <Point X="116.0" Y="86.0" />
  <Point X="115.32601754354599" Y="86.0" />
  <Point X="115.0" Y="86.0" />
  <Point X="115.0" Y="85.0" />
  <Point X="114.0" Y="85.0" />
  <Point X="113.0" Y="85.0" />
  <Point X="112.66300877177297" Y="85.0" />
  <Point X="112.0" Y="85.0" />
  <Point X="112.0" Y="84.0" />
  <Point X="111.0" Y="84.0" />
  <Point X="111.0" Y="83.0" />
</Project_1_Part_4>
