<?xml version="1.0" encoding="utf-8" standalone="yes"?>
<Gesture Name="circle4" Subject="3" Number="3" NumPts="368">
  <Point X="137.0" Y="93.0" />
  <Point X="137.0" Y="92.0" />
  <Point X="136.0" Y="92.0" />
  <Point X="135.0" Y="92.0" />
  <Point X="134.0" Y="92.0" />
  <Point X="133.0" Y="92.0" />
  <Point X="132.63038867556082" Y="92.0" />
  <Point X="132.0" Y="92.0" />
  <Point X="131.0" Y="92.0" />
  <Point X="130.0" Y="92.0" />
  <Point X="129.0" Y="92.0" />
  <Point X="129.0" Y="93.0" />
  <Point X="128.26077735112165" Y="93.0" />
  <Point X="128.0" Y="93.0" />
  <Point X="127.0" Y="93.0" />
  <Point X="126.0" Y="94.0" />
  <Point X="125.0" Y="94.0" />
  <Point X="124.0" Y="94.0" />
  <Point X="124.0" Y="94.69462041094444" />
  <Point X="124.0" Y="95.0" />
  <Point X="123.0" Y="95.0" />
  <Point X="122.0" Y="95.0" />
  <Point X="121.0" Y="95.0" />
  <Point X="121.0" Y="96.0" />
  <Point X="120.0" Y="96.0" />
  <Point X="119.93576826461637" Y="96.0" />
  <Point X="119.0" Y="96.0" />
  <Point X="119.0" Y="97.0" />
  <Point X="118.0" Y="97.0" />
  <Point X="117.0" Y="98.0" />
  <Point X="116.0" Y="98.0" />
  <Point X="116.0" Y="98.01962949744971" />
  <Point X="116.0" Y="99.0" />
  <Point X="115.0" Y="99.0" />
  <Point X="114.0" Y="99.0" />
  <Point X="113.0" Y="99.0" />
  <Point X="113.0" Y="100.0" />
  <Point X="112.6107591781111" Y="100.0" />
  <Point X="112.0" Y="100.0" />
  <Point X="112.0" Y="101.0" />
  <Point X="111.0" Y="102.0" />
  <Point X="110.0" Y="102.0" />
  <Point X="109.04919693904034" Y="102.95080306095966" />
  <Point X="109.0" Y="103.0" />
  <Point X="108.0" Y="103.0" />
  <Point X="108.0" Y="104.0" />
  <Point X="107.0" Y="104.0" />
  <Point X="106.0" Y="106.0" />
  <Point X="105.9360316314787" Y="106.0" />
  <Point X="105.0" Y="106.0" />
  <Point X="105.0" Y="107.0" />
  <Point X="104.0" Y="107.0" />
  <Point X="103.0" Y="108.0" />
  <Point X="102.27919929654976" Y="108.72080070345024" />
  <Point X="102.0" Y="109.0" />
  <Point X="101.0" Y="110.0" />
  <Point X="100.0" Y="111.0" />
  <Point X="100.0" Y="112.0" />
  <Point X="99.0" Y="112.0" />
  <Point X="99.0" Y="112.14633676790729" />
  <Point X="99.0" Y="113.0" />
  <Point X="98.0" Y="114.0" />
  <Point X="98.0" Y="115.0" />
  <Point X="97.0" Y="116.0" />
  <Point X="96.5138492616019" Y="116.4861507383981" />
  <Point X="96.0" Y="117.0" />
  <Point X="95.0" Y="118.0" />
  <Point X="94.0" Y="119.0" />
  <Point X="94.0" Y="120.0" />
  <Point X="94.0" Y="120.81449160492018" />
  <Point X="94.0" Y="121.0" />
  <Point X="92.0" Y="121.0" />
  <Point X="92.0" Y="122.0" />
  <Point X="92.0" Y="124.0" />
  <Point X="91.86981957021369" Y="124.13018042978631" />
  <Point X="91.0" Y="125.0" />
  <Point X="91.0" Y="126.0" />
  <Point X="91.0" Y="127.0" />
  <Point X="90.0" Y="127.0" />
  <Point X="89.1942513339263" Y="127.8057486660737" />
  <Point X="89.0" Y="128.0" />
  <Point X="89.0" Y="129.0" />
  <Point X="88.0" Y="130.0" />
  <Point X="88.0" Y="131.0" />
  <Point X="88.0" Y="132.0" />
  <Point X="87.31931510888155" Y="132.0" />
  <Point X="87.0" Y="132.0" />
  <Point X="87.0" Y="133.0" />
  <Point X="87.0" Y="134.0" />
  <Point X="87.0" Y="135.0" />
  <Point X="86.0" Y="135.0" />
  <Point X="86.0" Y="136.0" />
  <Point X="85.94970378444236" Y="136.0" />
  <Point X="85.0" Y="136.0" />
  <Point X="85.0" Y="137.0" />
  <Point X="85.0" Y="138.0" />
  <Point X="85.0" Y="139.0" />
  <Point X="84.0" Y="140.0" />
  <Point X="84.0" Y="140.00569397762374" />
  <Point X="84.0" Y="142.0" />
  <Point X="84.0" Y="143.0" />
  <Point X="84.0" Y="144.0" />
  <Point X="83.38494477095429" Y="145.23011045809142" />
  <Point X="83.0" Y="146.0" />
  <Point X="83.0" Y="147.0" />
  <Point X="83.0" Y="148.0" />
  <Point X="83.0" Y="149.0" />
  <Point X="83.0" Y="150.0" />
  <Point X="83.0" Y="150.5088486490023" />
  <Point X="83.0" Y="151.0" />
  <Point X="83.0" Y="152.0" />
  <Point X="83.0" Y="153.0" />
  <Point X="83.0" Y="154.0" />
  <Point X="83.0" Y="155.0" />
  <Point X="82.37883499577858" Y="155.6211650042214" />
  <Point X="82.0" Y="156.0" />
  <Point X="82.0" Y="157.0" />
  <Point X="82.0" Y="158.0" />
  <Point X="82.0" Y="159.0" />
  <Point X="82.0" Y="160.0" />
  <Point X="82.0" Y="160.83385773550756" />
  <Point X="82.0" Y="161.0" />
  <Point X="82.0" Y="162.0" />
  <Point X="82.0" Y="163.0" />
  <Point X="82.0" Y="164.0" />
  <Point X="82.0" Y="165.0" />
  <Point X="82.0" Y="166.0" />
  <Point X="82.0" Y="166.20346905994674" />
  <Point X="82.0" Y="167.0" />
  <Point X="82.0" Y="168.0" />
  <Point X="82.0" Y="169.0" />
  <Point X="83.0" Y="169.0" />
  <Point X="83.0" Y="170.0" />
  <Point X="83.0" Y="170.57308038438592" />
  <Point X="83.0" Y="171.0" />
  <Point X="83.0" Y="172.0" />
  <Point X="83.0" Y="173.0" />
  <Point X="84.0" Y="173.0" />
  <Point X="84.0" Y="174.0" />
  <Point X="84.0" Y="174.9426917088251" />
  <Point X="84.0" Y="175.0" />
  <Point X="85.0" Y="176.0" />
  <Point X="86.0" Y="177.0" />
  <Point X="86.0" Y="178.0" />
  <Point X="87.0" Y="178.0" />
  <Point X="87.0" Y="178.4838759085181" />
  <Point X="87.0" Y="179.0" />
  <Point X="88.0" Y="179.0" />
  <Point X="88.0" Y="180.0" />
  <Point X="89.0" Y="180.0" />
  <Point X="90.0" Y="181.0" />
  <Point X="90.43927367058417" Y="181.0" />
  <Point X="91.0" Y="181.0" />
  <Point X="92.0" Y="181.0" />
  <Point X="92.0" Y="182.0" />
  <Point X="93.0" Y="182.0" />
  <Point X="94.0" Y="182.0" />
  <Point X="94.80888499502336" Y="182.0" />
  <Point X="95.0" Y="182.0" />
  <Point X="96.0" Y="182.0" />
  <Point X="97.0" Y="182.0" />
  <Point X="98.0" Y="182.0" />
  <Point X="99.0" Y="182.0" />
  <Point X="100.0" Y="182.0" />
  <Point X="100.0" Y="181.82150368053746" />
  <Point X="100.0" Y="181.0" />
  <Point X="101.0" Y="181.0" />
  <Point X="101.0" Y="180.0" />
  <Point X="102.0" Y="180.0" />
  <Point X="103.0" Y="180.0" />
  <Point X="103.3875706318231" Y="179.61242936817692" />
  <Point X="104.0" Y="179.0" />
  <Point X="104.0" Y="178.0" />
  <Point X="105.0" Y="178.0" />
  <Point X="106.0" Y="178.0" />
  <Point X="107.0" Y="177.0" />
  <Point X="107.08929184359471" Y="177.0" />
  <Point X="108.0" Y="177.0" />
  <Point X="108.0" Y="176.0" />
  <Point X="109.0" Y="176.0" />
  <Point X="110.0" Y="175.0" />
  <Point X="110.73870710439785" Y="174.26129289560214" />
  <Point X="111.0" Y="174.0" />
  <Point X="111.0" Y="173.0" />
  <Point X="113.0" Y="173.0" />
  <Point X="114.0" Y="172.0" />
  <Point X="114.5858738053538" Y="172.0" />
  <Point X="115.0" Y="172.0" />
  <Point X="116.0" Y="171.0" />
  <Point X="117.0" Y="171.0" />
  <Point X="118.0" Y="170.0" />
  <Point X="118.79695035815917" Y="169.20304964184083" />
  <Point X="119.0" Y="169.0" />
  <Point X="120.0" Y="169.0" />
  <Point X="121.0" Y="167.0" />
  <Point X="122.0" Y="167.0" />
  <Point X="122.59848654554891" Y="166.4015134544511" />
  <Point X="123.0" Y="166.0" />
  <Point X="124.0" Y="165.0" />
  <Point X="125.0" Y="165.0" />
  <Point X="127.0" Y="164.0" />
  <Point X="127.10712951412519" Y="163.89287048587482" />
  <Point X="128.0" Y="163.0" />
  <Point X="130.0" Y="162.0" />
  <Point X="131.0" Y="162.0" />
  <Point X="131.61577248270146" Y="161.38422751729854" />
  <Point X="132.0" Y="161.0" />
  <Point X="132.0" Y="160.0" />
  <Point X="134.0" Y="160.0" />
  <Point X="135.0" Y="159.0" />
  <Point X="135.29134071898883" Y="158.70865928101117" />
  <Point X="136.0" Y="158.0" />
  <Point X="137.0" Y="158.0" />
  <Point X="137.0" Y="157.0" />
  <Point X="138.0" Y="157.0" />
  <Point X="139.2230538354747" Y="156.38847308226266" />
  <Point X="140.0" Y="156.0" />
  <Point X="140.0" Y="155.0" />
  <Point X="141.0" Y="155.0" />
  <Point X="142.0" Y="155.0" />
  <Point X="143.0" Y="154.0" />
  <Point X="143.08674554269794" Y="154.0" />
  <Point X="144.0" Y="154.0" />
  <Point X="145.0" Y="152.0" />
  <Point X="147.0" Y="152.0" />
  <Point X="147.0985161863834" Y="151.8029676272332" />
  <Point X="148.0" Y="150.0" />
  <Point X="149.0" Y="150.0" />
  <Point X="149.0" Y="149.0" />
  <Point X="150.0" Y="149.0" />
  <Point X="150.35383223657672" Y="149.0" />
  <Point X="151.0" Y="149.0" />
  <Point X="151.0" Y="148.0" />
  <Point X="151.0" Y="147.0" />
  <Point X="152.0" Y="147.0" />
  <Point X="153.0" Y="146.0" />
  <Point X="153.0" Y="145.69077000135718" />
  <Point X="153.0" Y="145.0" />
  <Point X="154.0" Y="145.0" />
  <Point X="155.0" Y="145.0" />
  <Point X="155.0" Y="144.0" />
  <Point X="156.0" Y="143.0" />
  <Point X="156.0" Y="142.73537223929108" />
  <Point X="156.0" Y="142.0" />
  <Point X="156.0" Y="141.0" />
  <Point X="157.0" Y="141.0" />
  <Point X="157.0" Y="140.0" />
  <Point X="157.0" Y="139.0" />
  <Point X="157.44847475800177" Y="138.55152524199823" />
  <Point X="158.0" Y="138.0" />
  <Point X="158.0" Y="137.0" />
  <Point X="159.0" Y="137.0" />
  <Point X="159.0" Y="136.0" />
  <Point X="159.0" Y="135.0" />
  <Point X="159.0" Y="134.41036315278583" />
  <Point X="159.0" Y="134.0" />
  <Point X="160.0" Y="134.0" />
  <Point X="160.0" Y="133.0" />
  <Point X="160.0" Y="132.0" />
  <Point X="161.0" Y="132.0" />
  <Point X="161.0" Y="131.04075182834666" />
  <Point X="161.0" Y="131.0" />
  <Point X="161.0" Y="130.0" />
  <Point X="161.0" Y="129.0" />
  <Point X="162.0" Y="129.0" />
  <Point X="162.0" Y="128.0" />
  <Point X="163.0" Y="128.0" />
  <Point X="163.0" Y="127.67114050390748" />
  <Point X="163.0" Y="127.0" />
  <Point X="163.0" Y="126.0" />
  <Point X="163.0" Y="125.0" />
  <Point X="164.0" Y="125.0" />
  <Point X="164.0" Y="124.0" />
  <Point X="164.0" Y="123.3015291794683" />
  <Point X="164.0" Y="123.0" />
  <Point X="165.0" Y="122.0" />
  <Point X="165.0" Y="121.0" />
  <Point X="166.0" Y="120.0" />
  <Point X="166.0" Y="119.0" />
  <Point X="166.0" Y="118.76034497977531" />
  <Point X="166.0" Y="118.0" />
  <Point X="167.0" Y="118.0" />
  <Point X="167.0" Y="117.0" />
  <Point X="167.0" Y="116.0" />
  <Point X="167.0" Y="115.0" />
  <Point X="167.0" Y="114.39073365533613" />
  <Point X="167.0" Y="114.0" />
  <Point X="167.0" Y="113.0" />
  <Point X="168.0" Y="113.0" />
  <Point X="168.0" Y="112.0" />
  <Point X="168.0" Y="111.0" />
  <Point X="168.0" Y="110.02112233089696" />
  <Point X="168.0" Y="110.0" />
  <Point X="168.0" Y="109.0" />
  <Point X="168.0" Y="108.0" />
  <Point X="168.0" Y="107.0" />
  <Point X="168.0" Y="106.0" />
  <Point X="168.0" Y="105.0" />
  <Point X="168.0" Y="104.65151100645778" />
  <Point X="168.0" Y="104.0" />
  <Point X="168.0" Y="103.0" />
  <Point X="168.0" Y="102.0" />
  <Point X="168.0" Y="101.0" />
  <Point X="168.0" Y="100.0" />
  <Point X="168.0" Y="99.2818996820186" />
  <Point X="168.0" Y="99.0" />
  <Point X="168.0" Y="98.0" />
  <Point X="167.0" Y="98.0" />
  <Point X="167.0" Y="97.0" />
  <Point X="166.0" Y="97.0" />
  <Point X="166.0" Y="96.0" />
  <Point X="166.0" Y="95.91228835757943" />
  <Point X="166.0" Y="95.0" />
  <Point X="165.0" Y="95.0" />
  <Point X="164.0" Y="95.0" />
  <Point X="164.0" Y="94.0" />
  <Point X="163.0" Y="93.0" />
  <Point X="162.95689059551333" Y="93.0" />
  <Point X="162.0" Y="93.0" />
  <Point X="162.0" Y="92.0" />
  <Point X="161.0" Y="92.0" />
  <Point X="160.0" Y="92.0" />
  <Point X="160.0" Y="91.0" />
  <Point X="159.58727927107415" Y="91.0" />
  <Point X="159.0" Y="91.0" />
  <Point X="158.0" Y="91.0" />
  <Point X="158.0" Y="90.0" />
  <Point X="157.0" Y="90.0" />
  <Point X="157.0" Y="89.0" />
  <Point X="156.21766794663498" Y="89.0" />
  <Point X="156.0" Y="89.0" />
  <Point X="155.0" Y="89.0" />
  <Point X="154.0" Y="89.0" />
  <Point X="154.0" Y="88.0" />
  <Point X="153.0" Y="88.0" />
  <Point X="152.0" Y="88.0" />
  <Point X="151.8480566221958" Y="88.0" />
  <Point X="151.0" Y="88.0" />
  <Point X="150.0" Y="88.0" />
  <Point X="150.0" Y="87.0" />
  <Point X="149.0" Y="87.0" />
  <Point X="148.0" Y="87.0" />
  <Point X="147.47844529775662" Y="87.0" />
  <Point X="147.0" Y="87.0" />
  <Point X="146.0" Y="87.0" />
  <Point X="145.0" Y="87.0" />
  <Point X="144.0" Y="87.0" />
  <Point X="143.0" Y="87.0" />
  <Point X="142.10883397331745" Y="87.0" />
  <Point X="142.0" Y="87.0" />
  <Point X="141.0" Y="87.0" />
  <Point X="140.0" Y="87.0" />
  <Point X="140.0" Y="88.0" />
  <Point X="139.0" Y="88.0" />
  <Point X="138.0" Y="88.0" />
  <Point X="137.73922264887827" Y="88.0" />
  <Point X="137.0" Y="88.0" />
  <Point X="137.0" Y="89.0" />
  <Point X="136.0" Y="89.0" />
  <Point X="136.0" Y="90.0" />
  <Point X="135.0" Y="90.0" />
  <Point X="134.3696113244391" Y="90.0" />
  <Point X="134.0" Y="90.0" />
  <Point X="133.0" Y="90.0" />
  <Point X="133.0" Y="91.0" />
  <Point X="132.0" Y="91.0" />
  <Point X="131.0" Y="91.0" />
  <Point X="130.0" Y="91.0" />
</Project_1_Part_4>
