<?xml version="1.0" encoding="utf-8" standalone="yes"?>
<Gesture Name="delete_mark3" Subject="3" Number="3" NumPts="431">
  <Point X="72.0" Y="83.0" />
  <Point X="72.0" Y="84.0" />
  <Point X="72.0" Y="85.0" />
  <Point X="73.0" Y="85.0" />
  <Point X="73.0" Y="86.0" />
  <Point X="73.0" Y="87.0" />
  <Point X="74.0" Y="88.0" />
  <Point X="74.32408439325249" Y="88.32408439325249" />
  <Point X="75.0" Y="89.0" />
  <Point X="75.0" Y="90.0" />
  <Point X="76.0" Y="91.0" />
  <Point X="76.0" Y="92.0" />
  <Point X="77.0" Y="93.0" />
  <Point X="77.0" Y="94.0" />
  <Point X="77.0" Y="94.08822196383606" />
  <Point X="77.0" Y="95.0" />
  <Point X="78.0" Y="95.0" />
  <Point X="79.0" Y="96.0" />
  <Point X="79.0" Y="97.0" />
  <Point X="80.0" Y="98.0" />
  <Point X="80.0" Y="99.0" />
  <Point X="80.0935735233171" Y="99.0935735233171" />
  <Point X="81.0" Y="100.0" />
  <Point X="81.0" Y="101.0" />
  <Point X="82.0" Y="101.0" />
  <Point X="82.0" Y="102.0" />
  <Point X="83.0" Y="102.0" />
  <Point X="83.0" Y="103.0" />
  <Point X="83.4176579165696" Y="103.4176579165696" />
  <Point X="84.0" Y="104.0" />
  <Point X="84.0" Y="105.0" />
  <Point X="85.0" Y="105.0" />
  <Point X="85.0" Y="106.0" />
  <Point X="86.0" Y="107.0" />
  <Point X="87.0" Y="108.0" />
  <Point X="87.22055490959013" Y="108.0" />
  <Point X="88.0" Y="108.0" />
  <Point X="88.0" Y="109.0" />
  <Point X="89.0" Y="109.0" />
  <Point X="89.0" Y="110.0" />
  <Point X="90.0" Y="111.0" />
  <Point X="91.0" Y="112.0" />
  <Point X="91.26466589150816" Y="112.0" />
  <Point X="92.0" Y="112.0" />
  <Point X="93.0" Y="113.0" />
  <Point X="94.0" Y="114.0" />
  <Point X="94.0" Y="115.0" />
  <Point X="95.0" Y="115.0" />
  <Point X="95.92544500225978" Y="115.92544500225978" />
  <Point X="96.0" Y="116.0" />
  <Point X="97.0" Y="116.0" />
  <Point X="97.0" Y="117.0" />
  <Point X="98.0" Y="118.0" />
  <Point X="99.0" Y="119.0" />
  <Point X="100.0" Y="119.0" />
  <Point X="100.0" Y="119.9386742929711" />
  <Point X="100.0" Y="120.0" />
  <Point X="101.0" Y="120.0" />
  <Point X="101.0" Y="121.0" />
  <Point X="102.0" Y="121.0" />
  <Point X="102.0" Y="122.0" />
  <Point X="102.0" Y="123.0" />
  <Point X="103.0" Y="123.0" />
  <Point X="103.81121239963531" Y="123.0" />
  <Point X="104.0" Y="123.0" />
  <Point X="104.0" Y="124.0" />
  <Point X="105.0" Y="125.0" />
  <Point X="106.0" Y="125.0" />
  <Point X="106.0" Y="126.0" />
  <Point X="107.0" Y="126.0" />
  <Point X="107.0" Y="127.0" />
  <Point X="107.26953694392643" Y="127.0" />
  <Point X="108.0" Y="127.0" />
  <Point X="108.0" Y="128.0" />
  <Point X="109.0" Y="128.0" />
  <Point X="109.0" Y="129.0" />
  <Point X="110.0" Y="129.0" />
  <Point X="110.0" Y="130.0" />
  <Point X="111.0" Y="130.0" />
  <Point X="111.0" Y="130.14207505059065" />
  <Point X="111.0" Y="131.0" />
  <Point X="112.0" Y="132.0" />
  <Point X="112.0" Y="133.0" />
  <Point X="113.0" Y="133.0" />
  <Point X="113.0" Y="134.0" />
  <Point X="114.0" Y="134.0" />
  <Point X="114.0" Y="134.60039959488176" />
  <Point X="114.0" Y="135.0" />
  <Point X="114.0" Y="136.0" />
  <Point X="115.0" Y="136.0" />
  <Point X="116.0" Y="136.0" />
  <Point X="116.0" Y="137.0" />
  <Point X="117.0" Y="138.0" />
  <Point X="117.74863101821504" Y="138.74863101821504" />
  <Point X="118.0" Y="139.0" />
  <Point X="118.0" Y="140.0" />
  <Point X="119.0" Y="140.0" />
  <Point X="119.0" Y="141.0" />
  <Point X="120.0" Y="141.0" />
  <Point X="121.0" Y="142.0" />
  <Point X="122.0" Y="142.0" />
  <Point X="122.0" Y="142.10283512109092" />
  <Point X="122.0" Y="143.0" />
  <Point X="122.0" Y="144.0" />
  <Point X="123.0" Y="144.0" />
  <Point X="124.0" Y="144.0" />
  <Point X="125.0" Y="144.0" />
  <Point X="125.0" Y="145.0" />
  <Point X="125.97537322775513" Y="145.0" />
  <Point X="126.0" Y="145.0" />
  <Point X="127.0" Y="146.0" />
  <Point X="127.0" Y="147.0" />
  <Point X="128.0" Y="147.0" />
  <Point X="129.0" Y="147.0" />
  <Point X="129.0" Y="148.0" />
  <Point X="130.0" Y="148.0" />
  <Point X="130.0" Y="148.43369777204626" />
  <Point X="130.0" Y="149.0" />
  <Point X="131.0" Y="149.0" />
  <Point X="132.0" Y="149.0" />
  <Point X="132.0" Y="150.0" />
  <Point X="133.0" Y="150.0" />
  <Point X="133.0" Y="151.0" />
  <Point X="134.0" Y="151.0" />
  <Point X="134.0" Y="151.30623587871048" />
  <Point X="134.0" Y="152.0" />
  <Point X="134.0" Y="153.0" />
  <Point X="135.0" Y="153.0" />
  <Point X="136.0" Y="154.0" />
  <Point X="137.0" Y="154.0" />
  <Point X="137.0" Y="155.0" />
  <Point X="137.7645604230016" Y="155.0" />
  <Point X="138.0" Y="155.0" />
  <Point X="138.0" Y="156.0" />
  <Point X="139.0" Y="156.0" />
  <Point X="139.0" Y="157.0" />
  <Point X="140.0" Y="157.0" />
  <Point X="141.0" Y="157.0" />
  <Point X="142.0" Y="157.0" />
  <Point X="142.0" Y="157.63709852966582" />
  <Point X="142.0" Y="158.0" />
  <Point X="143.0" Y="158.0" />
  <Point X="144.0" Y="158.0" />
  <Point X="144.0" Y="159.0" />
  <Point X="145.0" Y="159.0" />
  <Point X="145.0" Y="160.0" />
  <Point X="146.0" Y="161.0" />
  <Point X="146.09542307395694" Y="161.0" />
  <Point X="147.0" Y="161.0" />
  <Point X="148.0" Y="161.0" />
  <Point X="148.0" Y="162.0" />
  <Point X="149.0" Y="162.0" />
  <Point X="148.0" Y="162.0" />
  <Point X="148.0" Y="163.0" />
  <Point X="147.03203881937884" Y="163.0" />
  <Point X="147.0" Y="163.0" />
  <Point X="146.0" Y="163.0" />
  <Point X="145.0" Y="163.0" />
  <Point X="144.0" Y="163.0" />
  <Point X="143.0" Y="164.0" />
  <Point X="142.0" Y="164.0" />
  <Point X="141.0" Y="164.0" />
  <Point X="141.0" Y="164.42628572491228" />
  <Point X="141.0" Y="165.0" />
  <Point X="140.0" Y="165.0" />
  <Point X="139.0" Y="165.0" />
  <Point X="137.0" Y="165.0" />
  <Point X="136.0" Y="165.0" />
  <Point X="135.08159286112556" Y="165.91840713887444" />
  <Point X="135.0" Y="166.0" />
  <Point X="134.0" Y="166.0" />
  <Point X="133.0" Y="166.0" />
  <Point X="132.0" Y="166.0" />
  <Point X="131.0" Y="166.0" />
  <Point X="130.0" Y="167.0" />
  <Point X="129.0" Y="167.0" />
  <Point X="128.65706518650546" Y="167.0" />
  <Point X="128.0" Y="167.0" />
  <Point X="127.0" Y="167.0" />
  <Point X="126.0" Y="168.0" />
  <Point X="125.0" Y="168.0" />
  <Point X="124.0" Y="168.0" />
  <Point X="124.0" Y="169.0" />
  <Point X="123.19874064221435" Y="169.0" />
  <Point X="123.0" Y="169.0" />
  <Point X="122.0" Y="169.0" />
  <Point X="121.0" Y="169.0" />
  <Point X="120.0" Y="169.0" />
  <Point X="119.0" Y="169.0" />
  <Point X="118.0" Y="169.0" />
  <Point X="117.0" Y="169.0" />
  <Point X="117.0" Y="169.67379746444988" />
  <Point X="117.0" Y="170.0" />
  <Point X="116.0" Y="170.0" />
  <Point X="115.0" Y="171.0" />
  <Point X="114.0" Y="171.0" />
  <Point X="113.0" Y="171.0" />
  <Point X="112.0" Y="171.0" />
  <Point X="111.0" Y="171.0" />
  <Point X="110.86787799125901" Y="171.0" />
  <Point X="110.0" Y="171.0" />
  <Point X="109.0" Y="172.0" />
  <Point X="108.0" Y="172.0" />
  <Point X="108.0" Y="173.0" />
  <Point X="106.0" Y="173.0" />
  <Point X="105.40955344696789" Y="173.0" />
  <Point X="105.0" Y="173.0" />
  <Point X="103.0" Y="173.0" />
  <Point X="101.0" Y="174.0" />
  <Point X="99.0" Y="174.0" />
  <Point X="98.77308331780347" Y="174.0" />
  <Point X="98.0" Y="174.0" />
  <Point X="97.0" Y="175.0" />
  <Point X="96.0" Y="175.0" />
  <Point X="94.0" Y="175.0" />
  <Point X="93.0" Y="175.0" />
  <Point X="92.31475877351235" Y="175.0" />
  <Point X="92.0" Y="175.0" />
  <Point X="91.0" Y="176.0" />
  <Point X="90.0" Y="176.0" />
  <Point X="88.0" Y="176.0" />
  <Point X="87.0" Y="176.0" />
  <Point X="87.0" Y="177.0" />
  <Point X="86.89848366993606" Y="177.10151633006393" />
  <Point X="86.0" Y="178.0" />
  <Point X="85.0" Y="178.0" />
  <Point X="84.0" Y="178.0" />
  <Point X="83.0" Y="178.0" />
  <Point X="82.0" Y="178.0" />
  <Point X="81.0" Y="178.0" />
  <Point X="81.0" Y="178.60189031506988" />
  <Point X="81.0" Y="179.0" />
  <Point X="79.0" Y="179.0" />
  <Point X="78.0" Y="179.0" />
  <Point X="77.0" Y="179.0" />
  <Point X="76.0" Y="180.0" />
  <Point X="75.0" Y="180.0" />
  <Point X="74.95742166461764" Y="180.04257833538236" />
  <Point X="74.0" Y="181.0" />
  <Point X="73.0" Y="181.0" />
  <Point X="72.0" Y="181.0" />
  <Point X="71.0" Y="182.0" />
  <Point X="70.0" Y="182.0" />
  <Point X="69.0" Y="182.0" />
  <Point X="68.89567415872098" Y="182.0" />
  <Point X="67.0" Y="182.0" />
  <Point X="66.0" Y="183.0" />
  <Point X="65.0" Y="184.0" />
  <Point X="64.0" Y="184.0" />
  <Point X="63.0" Y="184.0" />
  <Point X="62.851563176802955" Y="184.0" />
  <Point X="62.0" Y="184.0" />
  <Point X="61.0" Y="184.0" />
  <Point X="61.0" Y="185.0" />
  <Point X="60.0" Y="185.0" />
  <Point X="59.0" Y="185.0" />
  <Point X="58.0" Y="186.0" />
  <Point X="57.39323863251184" Y="186.0" />
  <Point X="57.0" Y="186.0" />
  <Point X="56.0" Y="186.0" />
  <Point X="55.0" Y="186.0" />
  <Point X="55.0" Y="187.0" />
  <Point X="54.0" Y="187.0" />
  <Point X="53.0" Y="187.0" />
  <Point X="52.0" Y="187.0" />
  <Point X="51.52070052584762" Y="187.0" />
  <Point X="51.0" Y="187.0" />
  <Point X="51.0" Y="188.0" />
  <Point X="50.0" Y="188.0" />
  <Point X="49.0" Y="188.0" />
  <Point X="48.0" Y="188.0" />
  <Point X="48.0" Y="189.0" />
  <Point X="47.0" Y="189.0" />
  <Point X="46.64816241918341" Y="189.0" />
  <Point X="46.0" Y="189.0" />
  <Point X="46.0" Y="188.0" />
  <Point X="45.0" Y="188.0" />
  <Point X="45.0" Y="187.0" />
  <Point X="45.0" Y="186.0" />
  <Point X="46.0" Y="186.0" />
  <Point X="46.0" Y="185.0" />
  <Point X="46.22437568748081" Y="185.0" />
  <Point X="47.0" Y="185.0" />
  <Point X="48.0" Y="185.0" />
  <Point X="48.0" Y="184.0" />
  <Point X="49.0" Y="184.0" />
  <Point X="49.0" Y="183.0" />
  <Point X="49.0" Y="182.0" />
  <Point X="50.0" Y="182.0" />
  <Point X="50.0" Y="181.90308620585498" />
  <Point X="50.0" Y="181.0" />
  <Point X="51.0" Y="181.0" />
  <Point X="52.0" Y="181.0" />
  <Point X="52.0" Y="180.0" />
  <Point X="52.0" Y="179.0" />
  <Point X="53.0" Y="179.0" />
  <Point X="53.0" Y="178.03054809919075" />
  <Point X="53.0" Y="178.0" />
  <Point X="54.0" Y="177.0" />
  <Point X="55.0" Y="176.0" />
  <Point X="56.0" Y="176.0" />
  <Point X="56.0" Y="175.0" />
  <Point X="57.0" Y="174.0" />
  <Point X="57.0" Y="173.40065067964582" />
  <Point X="57.0" Y="173.0" />
  <Point X="58.0" Y="173.0" />
  <Point X="58.0" Y="172.0" />
  <Point X="59.0" Y="172.0" />
  <Point X="59.0" Y="171.0" />
  <Point X="60.0" Y="170.0" />
  <Point X="60.0" Y="169.0" />
  <Point X="60.057673864645295" Y="169.0" />
  <Point X="61.0" Y="169.0" />
  <Point X="61.0" Y="168.0" />
  <Point X="62.0" Y="167.0" />
  <Point X="62.0" Y="166.0" />
  <Point X="63.0" Y="166.0" />
  <Point X="63.0" Y="165.0" />
  <Point X="63.51599840893641" Y="165.0" />
  <Point X="64.0" Y="165.0" />
  <Point X="64.0" Y="163.0" />
  <Point X="65.0" Y="162.0" />
  <Point X="66.0" Y="162.0" />
  <Point X="66.0" Y="161.0" />
  <Point X="66.0" Y="160.02567704677247" />
  <Point X="66.0" Y="160.0" />
  <Point X="67.0" Y="159.0" />
  <Point X="67.0" Y="158.0" />
  <Point X="68.0" Y="158.0" />
  <Point X="68.0" Y="157.0" />
  <Point X="68.0" Y="156.0" />
  <Point X="69.0" Y="155.0" />
  <Point X="69.01303476054537" Y="154.98696523945463" />
  <Point X="70.0" Y="154.0" />
  <Point X="71.0" Y="152.0" />
  <Point X="71.0" Y="151.0" />
  <Point X="72.0" Y="151.0" />
  <Point X="72.0" Y="149.75930949806312" />
  <Point X="72.0" Y="149.0" />
  <Point X="73.0" Y="148.0" />
  <Point X="74.0" Y="147.0" />
  <Point X="75.0" Y="146.0" />
  <Point X="76.0" Y="145.0" />
  <Point X="76.0" Y="144.5436256408913" />
  <Point X="76.0" Y="143.0" />
  <Point X="77.0" Y="143.0" />
  <Point X="77.0" Y="142.0" />
  <Point X="78.0" Y="141.0" />
  <Point X="79.0" Y="141.0" />
  <Point X="79.0" Y="140.08530109660018" />
  <Point X="79.0" Y="140.0" />
  <Point X="80.0" Y="139.0" />
  <Point X="80.0" Y="138.0" />
  <Point X="82.0" Y="137.0" />
  <Point X="82.0" Y="136.0" />
  <Point X="82.8039489228793" Y="135.1960510771207" />
  <Point X="83.0" Y="135.0" />
  <Point X="84.0" Y="134.0" />
  <Point X="84.0" Y="133.0" />
  <Point X="85.0" Y="133.0" />
  <Point X="85.0" Y="132.0" />
  <Point X="86.0" Y="132.0" />
  <Point X="86.52818897457212" Y="130.94362205085577" />
  <Point X="87.0" Y="130.0" />
  <Point X="88.0" Y="128.0" />
  <Point X="89.0" Y="128.0" />
  <Point X="90.0" Y="126.0" />
  <Point X="90.24423512506444" Y="125.75576487493556" />
  <Point X="91.0" Y="125.0" />
  <Point X="92.0" Y="123.0" />
  <Point X="93.0" Y="123.0" />
  <Point X="94.0" Y="121.0" />
  <Point X="94.23446898289473" Y="120.76553101710527" />
  <Point X="95.0" Y="120.0" />
  <Point X="96.0" Y="119.0" />
  <Point X="97.0" Y="118.0" />
  <Point X="97.0" Y="117.0" />
  <Point X="98.75440698122574" Y="116.12279650938713" />
  <Point X="99.0" Y="116.0" />
  <Point X="99.0" Y="115.0" />
  <Point X="101.0" Y="114.0" />
  <Point X="101.0" Y="113.0" />
  <Point X="103.0" Y="112.0" />
  <Point X="103.0" Y="111.87417919072467" />
  <Point X="103.0" Y="111.0" />
  <Point X="105.0" Y="109.0" />
  <Point X="106.0" Y="109.0" />
  <Point X="107.53437348426509" Y="107.46562651573491" />
  <Point X="108.0" Y="107.0" />
  <Point X="109.0" Y="106.0" />
  <Point X="110.0" Y="105.0" />
  <Point X="111.0" Y="104.0" />
  <Point X="112.0" Y="103.0" />
  <Point X="112.55718852361899" Y="103.0" />
  <Point X="114.0" Y="103.0" />
  <Point X="114.0" Y="101.0" />
  <Point X="116.0" Y="101.0" />
  <Point X="116.639393186911" Y="99.72121362617801" />
  <Point X="117.0" Y="99.0" />
  <Point X="118.0" Y="99.0" />
  <Point X="119.0" Y="98.0" />
  <Point X="120.0" Y="97.0" />
  <Point X="121.0" Y="97.0" />
  <Point X="121.0" Y="95.76223036529855" />
  <Point X="121.0" Y="95.0" />
  <Point X="122.0" Y="95.0" />
  <Point X="123.0" Y="94.0" />
  <Point X="124.0" Y="93.0" />
  <Point X="125.0" Y="92.0" />
  <Point X="125.61353325786978" Y="91.38646674213022" />
  <Point X="126.0" Y="91.0" />
  <Point X="127.0" Y="90.0" />
  <Point X="128.0" Y="89.0" />
  <Point X="129.0" Y="88.0" />
  <Point X="130.0" Y="87.0" />
  <Point X="130.0" Y="86.33086265095487" />
  <Point X="130.0" Y="86.0" />
  <Point X="131.0" Y="86.0" />
  <Point X="131.0" Y="85.0" />
  <Point X="132.0" Y="84.0" />
  <Point X="133.0" Y="84.0" />
  <Point X="133.0" Y="83.0" />
  <Point X="134.0" Y="83.0" />
  <Point X="134.0" Y="82.87253810666375" />
  <Point X="134.0" Y="82.0" />
  <Point X="134.0" Y="81.0" />
  <Point X="135.0" Y="81.0" />
  <Point X="135.0" Y="80.0" />
  <Point X="135.0" Y="79.0" />
  <Point X="135.0" Y="78.0" />
  <Point X="136.0" Y="78.0" />
</Project_1_Part_4>
