<?xml version="1.0" encoding="utf-8" standalone="yes"?>
<Gesture Name="delete_mark4" Subject="3" Number="3" NumPts="400">
  <Point X="221.0" Y="14.0" />
  <Point X="216.16812135201755" Y="20.12823633402651" />
  <Point X="211.3362427040351" Y="26.25647266805302" />
  <Point X="206.50436405605265" Y="32.38470900207953" />
  <Point X="201.6724854080702" Y="38.51294533610604" />
  <Point X="196.84060676008775" Y="44.64118167013256" />
  <Point X="192.0087281121053" Y="50.76941800415908" />
  <Point X="187.17684946412288" Y="56.897654338185596" />
  <Point X="182.34497081614043" Y="63.025890672212114" />
  <Point X="180.0" Y="66.0" />
  <Point X="180.0" Y="67.0" />
  <Point X="179.0" Y="67.0" />
  <Point X="178.0" Y="67.0" />
  <Point X="177.0" Y="67.0" />
  <Point X="177.0" Y="67.01661894328564" />
  <Point X="177.0" Y="68.0" />
  <Point X="176.0" Y="68.0" />
  <Point X="176.0" Y="69.0" />
  <Point X="175.0" Y="69.0" />
  <Point X="175.0" Y="70.0" />
  <Point X="174.0" Y="70.0" />
  <Point X="173.0" Y="70.0" />
  <Point X="173.0" Y="70.8206135508255" />
  <Point X="173.0" Y="71.0" />
  <Point X="172.0" Y="71.0" />
  <Point X="172.0" Y="72.0" />
  <Point X="171.0" Y="72.0" />
  <Point X="170.0" Y="73.0" />
  <Point X="169.0" Y="73.0" />
  <Point X="169.0" Y="74.0" />
  <Point X="168.0" Y="74.0" />
  <Point X="168.0" Y="74.21039459599227" />
  <Point X="168.0" Y="75.0" />
  <Point X="167.0" Y="75.0" />
  <Point X="167.0" Y="76.0" />
  <Point X="166.0" Y="76.0" />
  <Point X="165.0" Y="76.0" />
  <Point X="165.0" Y="77.0" />
  <Point X="164.0" Y="77.0" />
  <Point X="164.0" Y="78.0" />
  <Point X="163.98561079646785" Y="78.0" />
  <Point X="163.0" Y="78.0" />
  <Point X="163.0" Y="79.0" />
  <Point X="162.0" Y="79.0" />
  <Point X="161.0" Y="80.0" />
  <Point X="160.0" Y="81.0" />
  <Point X="159.0" Y="82.0" />
  <Point X="158.5928881328315" Y="82.4071118671685" />
  <Point X="158.0" Y="83.0" />
  <Point X="157.0" Y="84.0" />
  <Point X="156.0" Y="85.0" />
  <Point X="155.0" Y="86.0" />
  <Point X="154.0" Y="86.0" />
  <Point X="154.0" Y="87.0" />
  <Point X="153.2771165179998" Y="87.0" />
  <Point X="153.0" Y="87.0" />
  <Point X="153.0" Y="88.0" />
  <Point X="152.0" Y="88.0" />
  <Point X="152.0" Y="89.0" />
  <Point X="152.0" Y="90.0" />
  <Point X="151.0" Y="91.0" />
  <Point X="150.0" Y="92.0" />
  <Point X="149.3015490352061" Y="92.0" />
  <Point X="149.0" Y="92.0" />
  <Point X="149.0" Y="93.0" />
  <Point X="148.0" Y="93.0" />
  <Point X="148.0" Y="94.0" />
  <Point X="147.0" Y="94.0" />
  <Point X="147.0" Y="95.0" />
  <Point X="146.0" Y="96.0" />
  <Point X="146.0" Y="97.0" />
  <Point X="145.9376105474391" Y="97.06238945256091" />
  <Point X="145.0" Y="98.0" />
  <Point X="144.0" Y="98.0" />
  <Point X="144.0" Y="99.0" />
  <Point X="144.0" Y="100.0" />
  <Point X="143.0" Y="100.0" />
  <Point X="142.0" Y="101.0" />
  <Point X="142.0" Y="102.0" />
  <Point X="141.95488694603713" Y="102.04511305396285" />
  <Point X="141.0" Y="103.0" />
  <Point X="140.0" Y="105.0" />
  <Point X="139.0" Y="105.0" />
  <Point X="139.0" Y="106.0" />
  <Point X="138.0" Y="106.0" />
  <Point X="138.0" Y="107.21751256042133" />
  <Point X="138.0" Y="108.0" />
  <Point X="137.0" Y="108.0" />
  <Point X="137.0" Y="109.0" />
  <Point X="136.0" Y="110.0" />
  <Point X="135.0" Y="111.0" />
  <Point X="135.0" Y="112.0" />
  <Point X="133.93287676830914" Y="112.53356161584543" />
  <Point X="133.0" Y="113.0" />
  <Point X="133.0" Y="114.0" />
  <Point X="132.0" Y="114.0" />
  <Point X="132.0" Y="116.0" />
  <Point X="130.0" Y="116.0" />
  <Point X="129.65966746945412" Y="116.68066506109173" />
  <Point X="129.0" Y="118.0" />
  <Point X="128.0" Y="118.0" />
  <Point X="127.0" Y="120.0" />
  <Point X="126.0" Y="122.0" />
  <Point X="125.14320265170441" Y="122.0" />
  <Point X="125.0" Y="122.0" />
  <Point X="124.0" Y="123.0" />
  <Point X="124.0" Y="124.0" />
  <Point X="123.0" Y="125.0" />
  <Point X="122.0" Y="126.0" />
  <Point X="120.0" Y="127.0" />
  <Point X="119.87124767004013" Y="127.12875232995987" />
  <Point X="119.0" Y="128.0" />
  <Point X="118.0" Y="129.0" />
  <Point X="117.0" Y="130.0" />
  <Point X="117.0" Y="131.0" />
  <Point X="115.0" Y="132.0" />
  <Point X="114.64123577397618" Y="132.35876422602382" />
  <Point X="114.0" Y="133.0" />
  <Point X="113.0" Y="134.0" />
  <Point X="111.0" Y="135.0" />
  <Point X="111.0" Y="136.0" />
  <Point X="110.0" Y="137.0" />
  <Point X="109.41122387791222" Y="137.58877612208778" />
  <Point X="109.0" Y="138.0" />
  <Point X="108.0" Y="139.0" />
  <Point X="107.0" Y="140.0" />
  <Point X="106.0" Y="140.0" />
  <Point X="105.0" Y="141.0" />
  <Point X="104.0" Y="142.0" />
  <Point X="103.60007315176408" Y="142.39992684823594" />
  <Point X="102.0" Y="144.0" />
  <Point X="101.0" Y="145.0" />
  <Point X="100.0" Y="146.0" />
  <Point X="99.0" Y="147.0" />
  <Point X="98.0" Y="147.0" />
  <Point X="97.78892242561592" Y="147.21107757438406" />
  <Point X="97.0" Y="148.0" />
  <Point X="97.0" Y="149.0" />
  <Point X="95.0" Y="150.0" />
  <Point X="95.0" Y="151.0" />
  <Point X="93.0" Y="152.0" />
  <Point X="92.78384614142604" Y="152.0" />
  <Point X="92.0" Y="152.0" />
  <Point X="91.0" Y="153.0" />
  <Point X="91.0" Y="154.0" />
  <Point X="89.0" Y="155.0" />
  <Point X="87.0" Y="156.0" />
  <Point X="87.0" Y="156.13379894874114" />
  <Point X="87.0" Y="157.0" />
  <Point X="85.0" Y="158.0" />
  <Point X="84.0" Y="158.0" />
  <Point X="83.0" Y="159.0" />
  <Point X="82.0" Y="160.0" />
  <Point X="81.3824847411521" Y="160.6175152588479" />
  <Point X="80.0" Y="162.0" />
  <Point X="79.0" Y="163.0" />
  <Point X="78.0" Y="164.0" />
  <Point X="77.0" Y="164.0" />
  <Point X="76.0" Y="165.0" />
  <Point X="75.39377475029058" Y="165.0" />
  <Point X="75.0" Y="165.0" />
  <Point X="74.0" Y="166.0" />
  <Point X="74.0" Y="167.0" />
  <Point X="73.0" Y="167.0" />
  <Point X="72.0" Y="168.0" />
  <Point X="71.0" Y="169.0" />
  <Point X="70.0" Y="169.0" />
  <Point X="70.0" Y="169.16757917013" />
  <Point X="70.0" Y="170.0" />
  <Point X="69.0" Y="171.0" />
  <Point X="68.0" Y="172.0" />
  <Point X="67.0" Y="173.0" />
  <Point X="66.0" Y="173.0" />
  <Point X="66.0" Y="174.0" />
  <Point X="65.48456646864041" Y="174.5154335313596" />
  <Point X="65.0" Y="175.0" />
  <Point X="64.0" Y="176.0" />
  <Point X="63.0" Y="176.0" />
  <Point X="63.0" Y="177.0" />
  <Point X="62.0" Y="178.0" />
  <Point X="62.0" Y="179.0" />
  <Point X="61.0" Y="179.0" />
  <Point X="61.0" Y="179.29028701097118" />
  <Point X="61.0" Y="180.0" />
  <Point X="60.0" Y="181.0" />
  <Point X="59.0" Y="181.0" />
  <Point X="59.0" Y="182.0" />
  <Point X="59.0" Y="183.0" />
  <Point X="58.0" Y="183.0" />
  <Point X="59.0" Y="183.0" />
  <Point X="59.680068056137955" Y="183.0" />
  <Point X="60.0" Y="183.0" />
  <Point X="61.0" Y="183.0" />
  <Point X="62.0" Y="183.0" />
  <Point X="63.0" Y="183.0" />
  <Point X="64.0" Y="183.0" />
  <Point X="65.0" Y="183.0" />
  <Point X="66.0" Y="183.0" />
  <Point X="67.0" Y="183.0" />
  <Point X="67.48406266367782" Y="183.0" />
  <Point X="68.0" Y="183.0" />
  <Point X="69.0" Y="183.0" />
  <Point X="70.0" Y="183.0" />
  <Point X="71.0" Y="183.0" />
  <Point X="72.0" Y="183.0" />
  <Point X="73.0" Y="183.0" />
  <Point X="75.0" Y="183.0" />
  <Point X="75.28805727121768" Y="183.0" />
  <Point X="76.0" Y="183.0" />
  <Point X="77.0" Y="183.0" />
  <Point X="78.0" Y="183.0" />
  <Point X="79.0" Y="183.0" />
  <Point X="80.0" Y="183.0" />
  <Point X="81.0" Y="183.0" />
  <Point X="82.0" Y="183.0" />
  <Point X="83.0" Y="183.0" />
  <Point X="83.09205187875754" Y="183.0" />
  <Point X="84.0" Y="183.0" />
  <Point X="85.0" Y="183.0" />
  <Point X="86.0" Y="183.0" />
  <Point X="87.0" Y="183.0" />
  <Point X="88.0" Y="183.0" />
  <Point X="89.0" Y="183.0" />
  <Point X="90.0" Y="183.0" />
  <Point X="90.89604648629741" Y="183.0" />
  <Point X="91.0" Y="183.0" />
  <Point X="92.0" Y="183.0" />
  <Point X="93.0" Y="183.0" />
  <Point X="94.0" Y="183.0" />
  <Point X="94.0" Y="182.0" />
  <Point X="95.0" Y="182.0" />
  <Point X="96.0" Y="182.0" />
  <Point X="97.0" Y="182.0" />
  <Point X="97.70004109383727" Y="182.0" />
  <Point X="98.0" Y="182.0" />
  <Point X="99.0" Y="181.0" />
  <Point X="100.0" Y="181.0" />
  <Point X="101.0" Y="181.0" />
  <Point X="102.0" Y="181.0" />
  <Point X="103.0" Y="181.0" />
  <Point X="104.0" Y="181.0" />
  <Point X="105.0" Y="181.0" />
  <Point X="105.08982213900404" Y="181.0" />
  <Point X="106.0" Y="181.0" />
  <Point X="107.0" Y="180.0" />
  <Point X="108.0" Y="180.0" />
  <Point X="109.0" Y="180.0" />
  <Point X="110.0" Y="180.0" />
  <Point X="111.0" Y="180.0" />
  <Point X="112.0" Y="180.0" />
  <Point X="112.47960318417081" Y="180.0" />
  <Point X="113.0" Y="180.0" />
  <Point X="114.0" Y="180.0" />
  <Point X="115.0" Y="180.0" />
  <Point X="115.0" Y="179.0" />
  <Point X="116.0" Y="179.0" />
  <Point X="117.0" Y="179.0" />
  <Point X="118.0" Y="179.0" />
  <Point X="119.0" Y="179.0" />
  <Point X="119.28359779171068" Y="179.0" />
  <Point X="120.0" Y="179.0" />
  <Point X="121.0" Y="179.0" />
  <Point X="122.0" Y="179.0" />
  <Point X="123.0" Y="179.0" />
  <Point X="124.0" Y="179.0" />
  <Point X="125.0" Y="179.0" />
  <Point X="126.0" Y="179.0" />
  <Point X="126.0" Y="178.0" />
  <Point X="126.0" Y="177.91240760074945" />
  <Point X="126.0" Y="177.0" />
  <Point X="126.0" Y="176.0" />
  <Point X="126.0" Y="175.0" />
  <Point X="126.0" Y="174.0" />
  <Point X="125.0" Y="174.0" />
  <Point X="125.0" Y="173.0" />
  <Point X="124.0" Y="173.0" />
  <Point X="124.0" Y="172.10841299320958" />
  <Point X="124.0" Y="172.0" />
  <Point X="124.0" Y="171.0" />
  <Point X="123.0" Y="171.0" />
  <Point X="123.0" Y="170.0" />
  <Point X="122.0" Y="169.0" />
  <Point X="121.0" Y="168.0" />
  <Point X="120.0" Y="168.0" />
  <Point X="120.0" Y="167.1328455104159" />
  <Point X="120.0" Y="167.0" />
  <Point X="119.0" Y="166.0" />
  <Point X="119.0" Y="165.0" />
  <Point X="118.0" Y="165.0" />
  <Point X="118.0" Y="164.0" />
  <Point X="117.0" Y="164.0" />
  <Point X="116.0" Y="163.0" />
  <Point X="116.0" Y="162.15727802762223" />
  <Point X="116.0" Y="162.0" />
  <Point X="115.0" Y="162.0" />
  <Point X="115.0" Y="161.0" />
  <Point X="114.0" Y="161.0" />
  <Point X="114.0" Y="160.0" />
  <Point X="113.0" Y="159.0" />
  <Point X="112.0" Y="158.0" />
  <Point X="112.0" Y="157.18171054482855" />
  <Point X="112.0" Y="157.0" />
  <Point X="110.0" Y="156.0" />
  <Point X="109.0" Y="154.0" />
  <Point X="108.0" Y="154.0" />
  <Point X="107.0" Y="154.0" />
  <Point X="106.48563812939275" Y="152.9712762587855" />
  <Point X="106.0" Y="152.0" />
  <Point X="105.0" Y="152.0" />
  <Point X="105.0" Y="150.0" />
  <Point X="103.0" Y="149.0" />
  <Point X="102.0" Y="148.0" />
  <Point X="101.95206297006148" Y="147.95206297006146" />
  <Point X="101.0" Y="147.0" />
  <Point X="100.0" Y="146.0" />
  <Point X="99.0" Y="145.0" />
  <Point X="98.0" Y="144.0" />
  <Point X="98.0" Y="143.0" />
  <Point X="97.14091224391332" Y="142.14091224391333" />
  <Point X="97.0" Y="142.0" />
  <Point X="95.0" Y="141.0" />
  <Point X="94.0" Y="140.0" />
  <Point X="93.0" Y="139.0" />
  <Point X="92.0" Y="138.0" />
  <Point X="91.4964348365951" Y="136.9928696731902" />
  <Point X="91.0" Y="136.0" />
  <Point X="90.0" Y="135.0" />
  <Point X="89.0" Y="134.0" />
  <Point X="88.0" Y="133.0" />
  <Point X="86.0" Y="132.0" />
  <Point X="86.0" Y="131.78477609810486" />
  <Point X="86.0" Y="130.0" />
  <Point X="84.0" Y="129.0" />
  <Point X="83.0" Y="127.0" />
  <Point X="81.45291744556457" Y="127.0" />
  <Point X="81.0" Y="127.0" />
  <Point X="81.0" Y="126.0" />
  <Point X="80.0" Y="125.0" />
  <Point X="79.0" Y="123.0" />
  <Point X="78.0" Y="123.0" />
  <Point X="77.239381074629" Y="121.47876214925797" />
  <Point X="77.0" Y="121.0" />
  <Point X="75.0" Y="120.0" />
  <Point X="75.0" Y="119.0" />
  <Point X="73.0" Y="118.0" />
  <Point X="73.0" Y="117.0" />
  <Point X="72.43672842748995" Y="116.43672842748995" />
  <Point X="71.0" Y="115.0" />
  <Point X="70.0" Y="114.0" />
  <Point X="69.0" Y="113.0" />
  <Point X="67.0" Y="111.0" />
  <Point X="67.0" Y="110.88470046955578" />
  <Point X="67.0" Y="110.0" />
  <Point X="65.0" Y="109.0" />
  <Point X="65.0" Y="108.0" />
  <Point X="63.0" Y="107.0" />
  <Point X="63.0" Y="106.0" />
  <Point X="62.6838114165486" Y="105.6838114165486" />
  <Point X="62.0" Y="105.0" />
  <Point X="61.0" Y="104.0" />
  <Point X="60.0" Y="104.0" />
  <Point X="60.0" Y="102.0" />
  <Point X="59.0" Y="102.0" />
  <Point X="58.36373773959726" Y="100.72747547919452" />
  <Point X="58.0" Y="100.0" />
  <Point X="57.0" Y="100.0" />
  <Point X="57.0" Y="99.0" />
  <Point X="55.0" Y="98.0" />
  <Point X="55.0" Y="97.0" />
  <Point X="54.0" Y="96.0" />
  <Point X="53.759321530353425" Y="95.75932153035342" />
  <Point X="53.0" Y="95.0" />
  <Point X="52.0" Y="94.0" />
  <Point X="52.0" Y="92.0" />
  <Point X="51.0" Y="92.0" />
  <Point X="50.0" Y="91.0" />
  <Point X="50.0" Y="90.09827532363403" />
  <Point X="50.0" Y="90.0" />
  <Point X="49.0" Y="89.0" />
  <Point X="48.0" Y="88.0" />
  <Point X="47.0" Y="87.0" />
  <Point X="46.0" Y="86.0" />
  <Point X="45.0" Y="85.0" />
  <Point X="44.55123364043023" Y="84.55123364043024" />
  <Point X="44.0" Y="84.0" />
  <Point X="44.0" Y="83.0" />
  <Point X="43.0" Y="83.0" />
  <Point X="43.0" Y="82.0" />
  <Point X="42.0" Y="81.0" />
  <Point X="41.0" Y="80.0" />
  <Point X="41.0" Y="79.0" />
  <Point X="40.80399460753906" Y="79.0" />
  <Point X="40.0" Y="79.0" />
  <Point X="40.0" Y="78.0" />
  <Point X="39.0" Y="78.0" />
  <Point X="39.0" Y="77.0" />
  <Point X="38.0" Y="77.0" />
  <Point X="38.0" Y="76.0" />
  <Point X="38.0" Y="75.0" />
  <Point X="38.0" Y="74.0" />
</Project_1_Part_4>
