<?xml version="1.0" encoding="utf-8" standalone="yes"?>
<Gesture Name="left_curly_brace5" Subject="3" Number="3" NumPts="263">
  <Point X="141.0" Y="63.0" />
  <Point X="140.0" Y="63.0" />
  <Point X="139.0" Y="63.0" />
  <Point X="138.0" Y="63.0" />
  <Point X="138.0" Y="63.443042670562406" />
  <Point X="138.0" Y="64.0" />
  <Point X="137.0" Y="64.0" />
  <Point X="136.0" Y="64.0" />
  <Point X="135.1139146588752" Y="64.0" />
  <Point X="135.0" Y="64.0" />
  <Point X="135.0" Y="65.0" />
  <Point X="134.0" Y="65.0" />
  <Point X="133.0" Y="65.0" />
  <Point X="132.76727135105753" Y="65.23272864894248" />
  <Point X="132.0" Y="66.0" />
  <Point X="131.0" Y="66.0" />
  <Point X="130.03977931197474" Y="66.96022068802525" />
  <Point X="130.0" Y="67.0" />
  <Point X="130.0" Y="68.0" />
  <Point X="129.0" Y="68.0" />
  <Point X="128.01939405407853" Y="68.98060594592147" />
  <Point X="128.0" Y="69.0" />
  <Point X="127.0" Y="70.0" />
  <Point X="127.0" Y="71.0" />
  <Point X="126.0" Y="71.0" />
  <Point X="126.0" Y="71.00140177388205" />
  <Point X="126.0" Y="72.0" />
  <Point X="125.0" Y="73.0" />
  <Point X="124.0" Y="73.0" />
  <Point X="124.0" Y="73.03023088207136" />
  <Point X="124.0" Y="74.0" />
  <Point X="123.0" Y="75.0" />
  <Point X="123.0" Y="76.0" />
  <Point X="123.0" Y="76.05905999026068" />
  <Point X="123.0" Y="77.0" />
  <Point X="122.0" Y="77.0" />
  <Point X="122.0" Y="78.0" />
  <Point X="122.0" Y="78.50210266082308" />
  <Point X="122.0" Y="79.0" />
  <Point X="121.0" Y="80.0" />
  <Point X="120.0" Y="81.0" />
  <Point X="120.0" Y="81.1167182066393" />
  <Point X="120.0" Y="82.0" />
  <Point X="120.0" Y="83.0" />
  <Point X="119.0" Y="84.0" />
  <Point X="119.0" Y="84.14554731482862" />
  <Point X="119.0" Y="86.0" />
  <Point X="118.0" Y="87.0" />
  <Point X="118.0" Y="87.17437642301793" />
  <Point X="118.0" Y="89.0" />
  <Point X="117.0" Y="89.0" />
  <Point X="117.0" Y="89.61741909358034" />
  <Point X="117.0" Y="90.0" />
  <Point X="117.0" Y="91.0" />
  <Point X="117.0" Y="92.0" />
  <Point X="116.25014029538562" Y="92.74985970461438" />
  <Point X="116.0" Y="93.0" />
  <Point X="116.0" Y="94.0" />
  <Point X="116.0" Y="95.0" />
  <Point X="116.0" Y="96.0" />
  <Point X="116.0" Y="96.08929087233204" />
  <Point X="116.0" Y="97.0" />
  <Point X="115.0" Y="98.0" />
  <Point X="115.0" Y="99.0" />
  <Point X="115.0" Y="99.11811998052136" />
  <Point X="115.0" Y="100.0" />
  <Point X="115.0" Y="101.0" />
  <Point X="115.0" Y="102.0" />
  <Point X="115.0" Y="102.56116265108376" />
  <Point X="115.0" Y="103.0" />
  <Point X="115.0" Y="104.0" />
  <Point X="115.0" Y="105.0" />
  <Point X="115.0" Y="106.0" />
  <Point X="115.0" Y="106.00420532164617" />
  <Point X="115.0" Y="107.0" />
  <Point X="114.0" Y="107.0" />
  <Point X="114.0" Y="108.0" />
  <Point X="114.0" Y="108.44724799220857" />
  <Point X="114.0" Y="109.0" />
  <Point X="114.0" Y="110.0" />
  <Point X="114.0" Y="111.0" />
  <Point X="114.0" Y="111.89029066277098" />
  <Point X="114.0" Y="112.0" />
  <Point X="114.0" Y="113.0" />
  <Point X="114.0" Y="114.0" />
  <Point X="114.9428090415821" Y="114.9428090415821" />
  <Point X="115.0" Y="115.0" />
  <Point X="115.0" Y="116.0" />
  <Point X="116.0" Y="116.0" />
  <Point X="116.0" Y="117.0" />
  <Point X="116.0" Y="117.36216244152268" />
  <Point X="116.0" Y="118.0" />
  <Point X="117.0" Y="118.0" />
  <Point X="118.0" Y="119.0" />
  <Point X="118.0" Y="119.390991549712" />
  <Point X="118.0" Y="120.0" />
  <Point X="119.0" Y="120.0" />
  <Point X="119.0" Y="121.0" />
  <Point X="119.8340342202744" Y="121.0" />
  <Point X="120.0" Y="121.0" />
  <Point X="121.0" Y="122.0" />
  <Point X="122.0" Y="122.0" />
  <Point X="122.6101365107939" Y="122.6101365107939" />
  <Point X="123.0" Y="123.0" />
  <Point X="124.0" Y="124.0" />
  <Point X="125.0" Y="124.0" />
  <Point X="125.0" Y="124.47747887427994" />
  <Point X="125.0" Y="125.0" />
  <Point X="124.0" Y="125.0" />
  <Point X="123.0" Y="126.0" />
  <Point X="122.49369201753075" Y="126.0" />
  <Point X="122.0" Y="126.0" />
  <Point X="121.0" Y="126.0" />
  <Point X="121.0" Y="127.0" />
  <Point X="120.32870771551744" Y="127.67129228448256" />
  <Point X="120.0" Y="128.0" />
  <Point X="119.0" Y="128.0" />
  <Point X="119.0" Y="129.0" />
  <Point X="118.30832245762122" Y="129.69167754237878" />
  <Point X="118.0" Y="130.0" />
  <Point X="117.0" Y="130.0" />
  <Point X="117.0" Y="131.0" />
  <Point X="117.0" Y="132.0" />
  <Point X="116.99299113058971" Y="132.0" />
  <Point X="116.0" Y="132.0" />
  <Point X="116.0" Y="133.0" />
  <Point X="116.0" Y="134.0" />
  <Point X="116.0" Y="134.4500515399727" />
  <Point X="116.0" Y="135.0" />
  <Point X="116.0" Y="136.0" />
  <Point X="116.0" Y="137.0" />
  <Point X="116.0" Y="137.8930942105351" />
  <Point X="116.0" Y="138.0" />
  <Point X="116.0" Y="139.0" />
  <Point X="116.0" Y="140.0" />
  <Point X="116.0" Y="141.0" />
  <Point X="116.0" Y="141.33613688109753" />
  <Point X="116.0" Y="142.0" />
  <Point X="116.0" Y="143.0" />
  <Point X="116.0" Y="144.0" />
  <Point X="115.22082044834006" Y="144.0" />
  <Point X="115.0" Y="144.0" />
  <Point X="115.0" Y="145.0" />
  <Point X="114.0" Y="145.0" />
  <Point X="113.0" Y="145.0" />
  <Point X="113.0" Y="145.22222222222234" />
  <Point X="113.0" Y="146.0" />
  <Point X="112.0" Y="146.0" />
  <Point X="112.0" Y="147.0" />
  <Point X="111.33473510721525" Y="147.0" />
  <Point X="111.0" Y="147.0" />
  <Point X="111.0" Y="148.0" />
  <Point X="111.0" Y="149.0" />
  <Point X="110.0" Y="149.0" />
  <Point X="109.89169243665285" Y="149.0" />
  <Point X="109.0" Y="149.0" />
  <Point X="109.0" Y="150.0" />
  <Point X="108.0" Y="151.0" />
  <Point X="108.0" Y="151.13713667153647" />
  <Point X="108.0" Y="152.0" />
  <Point X="107.0" Y="153.0" />
  <Point X="107.0" Y="154.0" />
  <Point X="107.0" Y="154.16596577972578" />
  <Point X="107.0" Y="155.0" />
  <Point X="106.0" Y="155.0" />
  <Point X="106.0" Y="156.0" />
  <Point X="105.5693659950013" Y="156.4306340049987" />
  <Point X="105.0" Y="157.0" />
  <Point X="105.0" Y="158.0" />
  <Point X="105.0" Y="159.0" />
  <Point X="105.0" Y="159.63783755847751" />
  <Point X="105.0" Y="160.0" />
  <Point X="105.0" Y="161.0" />
  <Point X="105.0" Y="162.0" />
  <Point X="104.0" Y="162.0" />
  <Point X="104.0" Y="162.08088022903993" />
  <Point X="104.0" Y="163.0" />
  <Point X="104.0" Y="164.0" />
  <Point X="104.0" Y="165.0" />
  <Point X="104.0" Y="165.52392289960235" />
  <Point X="104.0" Y="166.0" />
  <Point X="104.0" Y="167.0" />
  <Point X="104.0" Y="168.0" />
  <Point X="104.0" Y="168.96696557016477" />
  <Point X="104.0" Y="169.0" />
  <Point X="104.0" Y="170.0" />
  <Point X="104.0" Y="171.0" />
  <Point X="104.0" Y="172.0" />
  <Point X="104.0" Y="172.4100082407272" />
  <Point X="104.0" Y="173.0" />
  <Point X="105.0" Y="174.0" />
  <Point X="105.0" Y="175.0" />
  <Point X="105.31030486525678" Y="175.3103048652568" />
  <Point X="106.0" Y="176.0" />
  <Point X="106.0" Y="177.0" />
  <Point X="106.0" Y="178.0" />
  <Point X="106.330690123153" Y="178.330690123153" />
  <Point X="107.0" Y="179.0" />
  <Point X="107.0" Y="180.0" />
  <Point X="107.0" Y="181.0" />
  <Point X="107.35107538104923" Y="181.3510753810492" />
  <Point X="108.0" Y="182.0" />
  <Point X="108.0" Y="183.0" />
  <Point X="109.0" Y="183.0" />
  <Point X="109.0" Y="183.52532467348442" />
  <Point X="109.0" Y="184.0" />
  <Point X="109.0" Y="185.0" />
  <Point X="110.0" Y="185.0" />
  <Point X="110.0" Y="185.96836734404684" />
  <Point X="110.0" Y="186.0" />
  <Point X="111.0" Y="187.0" />
  <Point X="111.0" Y="188.0" />
  <Point X="111.0" Y="188.99719645223615" />
  <Point X="111.0" Y="189.0" />
  <Point X="112.0" Y="189.0" />
  <Point X="112.0" Y="190.0" />
  <Point X="113.0" Y="190.0" />
  <Point X="113.31129606907447" Y="190.31129606907447" />
  <Point X="114.0" Y="191.0" />
  <Point X="114.0" Y="192.0" />
  <Point X="115.0" Y="193.0" />
  <Point X="115.0" Y="193.05485466861478" />
  <Point X="115.0" Y="194.0" />
  <Point X="116.0" Y="194.0" />
  <Point X="117.0" Y="195.0" />
  <Point X="117.0836837768041" Y="195.0" />
  <Point X="118.0" Y="195.0" />
  <Point X="118.0" Y="196.0" />
  <Point X="119.0" Y="197.0" />
  <Point X="119.11251288499341" Y="197.0" />
  <Point X="120.0" Y="197.0" />
  <Point X="121.0" Y="198.0" />
  <Point X="122.0" Y="198.0" />
  <Point X="122.0" Y="198.14134199318272" />
  <Point X="122.0" Y="199.0" />
  <Point X="123.0" Y="199.0" />
  <Point X="124.0" Y="199.0" />
  <Point X="124.58438466374513" Y="199.0" />
  <Point X="125.0" Y="199.0" />
  <Point X="126.0" Y="200.0" />
  <Point X="127.0" Y="200.0" />
  <Point X="127.43360761645182" Y="200.4336076164518" />
  <Point X="128.0" Y="201.0" />
  <Point X="129.0" Y="201.0" />
  <Point X="130.0" Y="201.0" />
  <Point X="130.64204288012374" Y="201.0" />
  <Point X="131.0" Y="201.0" />
  <Point X="132.0" Y="201.0" />
  <Point X="133.0" Y="201.0" />
  <Point X="134.0" Y="201.0" />
  <Point X="134.08508555068616" Y="201.0" />
  <Point X="135.0" Y="201.0" />
  <Point X="136.0" Y="201.0" />
  <Point X="137.0" Y="201.0" />
  <Point X="137.52812822124858" Y="201.0" />
  <Point X="138.0" Y="201.0" />
  <Point X="139.0" Y="200.0" />
  <Point X="140.0" Y="200.0" />
  <Point X="140.0" Y="199.4430426705621" />
  <Point X="140.0" Y="199.0" />
  <Point X="141.0" Y="199.0" />
  <Point X="141.0" Y="198.0" />
  <Point X="142.0" Y="198.0" />
</Project_1_Part_4>
