<?xml version="1.0" encoding="utf-8" standalone="yes"?>
<Gesture Name="left_curly_brace3" Subject="3" Number="3" NumPts="303">
  <Point X="143.0" Y="55.0" />
  <Point X="142.0" Y="56.0" />
  <Point X="141.0" Y="56.0" />
  <Point X="140.0" Y="56.0" />
  <Point X="139.34124225839298" Y="56.65875774160701" />
  <Point X="139.0" Y="57.0" />
  <Point X="138.0" Y="57.0" />
  <Point X="137.0" Y="57.0" />
  <Point X="137.0" Y="58.0" />
  <Point X="136.13675173500218" Y="58.0" />
  <Point X="136.0" Y="58.0" />
  <Point X="135.0" Y="58.0" />
  <Point X="134.0" Y="58.0" />
  <Point X="133.0" Y="59.0" />
  <Point X="132.20512760250327" Y="59.0" />
  <Point X="132.0" Y="59.0" />
  <Point X="132.0" Y="60.0" />
  <Point X="131.0" Y="60.0" />
  <Point X="130.0" Y="60.0" />
  <Point X="130.0" Y="61.0" />
  <Point X="129.85928990763128" Y="61.0" />
  <Point X="129.0" Y="61.0" />
  <Point X="128.0" Y="61.0" />
  <Point X="128.0" Y="62.0" />
  <Point X="127.0" Y="62.0" />
  <Point X="126.51345221275928" Y="62.0" />
  <Point X="126.0" Y="62.0" />
  <Point X="126.0" Y="63.0" />
  <Point X="125.0" Y="63.0" />
  <Point X="125.0" Y="64.0" />
  <Point X="124.16761451788727" Y="64.0" />
  <Point X="124.0" Y="64.0" />
  <Point X="124.0" Y="65.0" />
  <Point X="123.0" Y="65.0" />
  <Point X="122.0" Y="66.0" />
  <Point X="121.23599038538836" Y="66.0" />
  <Point X="121.0" Y="66.0" />
  <Point X="121.0" Y="67.0" />
  <Point X="121.0" Y="68.0" />
  <Point X="120.0" Y="68.0" />
  <Point X="120.0" Y="69.0" />
  <Point X="119.89015269051636" Y="69.0" />
  <Point X="118.0" Y="69.0" />
  <Point X="118.0" Y="70.0" />
  <Point X="118.0" Y="71.0" />
  <Point X="117.6777820433351" Y="71.3222179566649" />
  <Point X="117.0" Y="72.0" />
  <Point X="116.0" Y="73.0" />
  <Point X="115.0" Y="74.0" />
  <Point X="115.0" Y="74.55888201210837" />
  <Point X="115.0" Y="75.0" />
  <Point X="114.0" Y="76.0" />
  <Point X="114.0" Y="77.0" />
  <Point X="113.0" Y="78.0" />
  <Point X="113.0" Y="78.07629258223417" />
  <Point X="113.0" Y="79.0" />
  <Point X="113.0" Y="80.0" />
  <Point X="113.0" Y="81.0" />
  <Point X="112.0" Y="81.0" />
  <Point X="112.0" Y="81.42213027710618" />
  <Point X="112.0" Y="82.0" />
  <Point X="111.0" Y="83.0" />
  <Point X="111.0" Y="84.0" />
  <Point X="111.0" Y="85.0" />
  <Point X="111.0" Y="85.35375440960509" />
  <Point X="111.0" Y="86.0" />
  <Point X="110.0" Y="86.0" />
  <Point X="110.0" Y="87.0" />
  <Point X="110.0" Y="88.0" />
  <Point X="110.0" Y="88.69959210447709" />
  <Point X="110.0" Y="89.0" />
  <Point X="110.0" Y="90.0" />
  <Point X="109.0" Y="91.0" />
  <Point X="109.0" Y="92.631216236976" />
  <Point X="109.0" Y="93.0" />
  <Point X="109.0" Y="94.0" />
  <Point X="109.0" Y="95.0" />
  <Point X="109.0" Y="96.0" />
  <Point X="108.3091185392053" Y="96.6908814607947" />
  <Point X="108.0" Y="97.0" />
  <Point X="108.0" Y="98.0" />
  <Point X="108.0" Y="99.0" />
  <Point X="108.0" Y="100.0" />
  <Point X="107.35746757878483" Y="100.64253242121517" />
  <Point X="107.0" Y="101.0" />
  <Point X="107.0" Y="102.0" />
  <Point X="107.0" Y="103.0" />
  <Point X="107.0" Y="104.0" />
  <Point X="107.0" Y="104.84030219684581" />
  <Point X="107.0" Y="105.0" />
  <Point X="107.0" Y="106.0" />
  <Point X="107.0" Y="107.0" />
  <Point X="107.0" Y="108.0" />
  <Point X="107.0" Y="109.0" />
  <Point X="107.0" Y="109.18613989171781" />
  <Point X="107.0" Y="110.0" />
  <Point X="107.0" Y="111.0" />
  <Point X="107.0" Y="112.0" />
  <Point X="107.0" Y="113.0" />
  <Point X="107.0" Y="113.53197758658982" />
  <Point X="107.0" Y="114.0" />
  <Point X="107.0" Y="115.0" />
  <Point X="107.0" Y="117.0" />
  <Point X="107.0" Y="117.87781528146182" />
  <Point X="107.0" Y="118.0" />
  <Point X="107.0" Y="119.0" />
  <Point X="107.0" Y="120.0" />
  <Point X="107.0" Y="121.0" />
  <Point X="107.86525331738474" Y="121.86525331738474" />
  <Point X="108.0" Y="122.0" />
  <Point X="108.0" Y="123.0" />
  <Point X="108.0" Y="124.0" />
  <Point X="108.0" Y="125.0" />
  <Point X="109.0" Y="125.0" />
  <Point X="109.0" Y="125.15527710883272" />
  <Point X="109.0" Y="126.0" />
  <Point X="109.0" Y="127.0" />
  <Point X="110.0" Y="128.0" />
  <Point X="110.0" Y="129.0" />
  <Point X="110.0" Y="129.08690124133162" />
  <Point X="110.0" Y="130.0" />
  <Point X="111.0" Y="130.0" />
  <Point X="111.0" Y="131.0" />
  <Point X="111.0" Y="132.0" />
  <Point X="111.43273893620362" Y="132.0" />
  <Point X="112.0" Y="132.0" />
  <Point X="112.0" Y="133.0" />
  <Point X="112.0" Y="134.0" />
  <Point X="113.0" Y="134.0" />
  <Point X="113.0" Y="134.77857663107562" />
  <Point X="113.0" Y="135.0" />
  <Point X="113.0" Y="136.0" />
  <Point X="114.0" Y="136.0" />
  <Point X="114.0" Y="137.0" />
  <Point X="114.79508099474087" Y="137.79508099474086" />
  <Point X="115.0" Y="138.0" />
  <Point X="116.0" Y="138.0" />
  <Point X="116.0" Y="139.0" />
  <Point X="116.0" Y="140.0" />
  <Point X="117.0" Y="140.0" />
  <Point X="117.0" Y="140.05603845844652" />
  <Point X="117.0" Y="141.0" />
  <Point X="118.0" Y="141.0" />
  <Point X="119.0" Y="141.0" />
  <Point X="119.0" Y="142.0" />
  <Point X="119.40187615331853" Y="142.0" />
  <Point X="120.0" Y="142.0" />
  <Point X="121.0" Y="142.0" />
  <Point X="121.0" Y="141.0" />
  <Point X="121.0" Y="140.0" />
  <Point X="121.0" Y="139.25228615180947" />
  <Point X="121.0" Y="139.0" />
  <Point X="120.0" Y="139.0" />
  <Point X="119.0" Y="139.0" />
  <Point X="119.0" Y="138.0" />
  <Point X="118.0" Y="138.0" />
  <Point X="117.90644845693747" Y="138.0" />
  <Point X="117.0" Y="138.0" />
  <Point X="116.0" Y="138.0" />
  <Point X="115.0" Y="138.0" />
  <Point X="114.0" Y="138.0" />
  <Point X="113.56061076206547" Y="138.0" />
  <Point X="113.0" Y="138.0" />
  <Point X="112.0" Y="138.0" />
  <Point X="112.0" Y="139.0" />
  <Point X="112.0" Y="140.0" />
  <Point X="111.21477306719346" Y="140.0" />
  <Point X="111.0" Y="140.0" />
  <Point X="111.0" Y="141.0" />
  <Point X="111.0" Y="142.0" />
  <Point X="111.0" Y="143.0" />
  <Point X="111.0" Y="144.0" />
  <Point X="111.0" Y="144.13106462767854" />
  <Point X="111.0" Y="145.0" />
  <Point X="111.0" Y="146.0" />
  <Point X="112.0" Y="146.0" />
  <Point X="112.0" Y="147.0" />
  <Point X="112.0" Y="147.47690232255053" />
  <Point X="112.0" Y="148.0" />
  <Point X="113.0" Y="148.0" />
  <Point X="113.0" Y="149.0" />
  <Point X="114.0" Y="149.0" />
  <Point X="114.0" Y="149.82274001742252" />
  <Point X="114.0" Y="150.0" />
  <Point X="115.0" Y="150.0" />
  <Point X="116.0" Y="151.0" />
  <Point X="116.0" Y="152.0" />
  <Point X="116.75436414992143" Y="152.0" />
  <Point X="117.0" Y="152.0" />
  <Point X="117.0" Y="153.0" />
  <Point X="118.0" Y="153.0" />
  <Point X="118.0" Y="154.0" />
  <Point X="118.0" Y="155.0" />
  <Point X="118.0" Y="155.10020184479342" />
  <Point X="118.0" Y="156.0" />
  <Point X="117.0" Y="156.0" />
  <Point X="117.0" Y="157.0" />
  <Point X="116.0" Y="157.0" />
  <Point X="115.55396046033458" Y="157.0" />
  <Point X="115.0" Y="157.0" />
  <Point X="115.0" Y="158.0" />
  <Point X="114.0" Y="158.0" />
  <Point X="114.0" Y="159.0" />
  <Point X="113.20812276546258" Y="159.0" />
  <Point X="113.0" Y="159.0" />
  <Point X="112.0" Y="160.0" />
  <Point X="111.0" Y="160.0" />
  <Point X="111.0" Y="161.0" />
  <Point X="110.48840727717088" Y="161.51159272282914" />
  <Point X="110.0" Y="162.0" />
  <Point X="110.0" Y="163.0" />
  <Point X="109.0" Y="163.0" />
  <Point X="109.0" Y="164.0" />
  <Point X="109.0" Y="164.65512549953525" />
  <Point X="109.0" Y="165.0" />
  <Point X="108.0" Y="165.0" />
  <Point X="108.0" Y="166.0" />
  <Point X="108.0" Y="167.0" />
  <Point X="107.29221213751649" Y="167.7077878624835" />
  <Point X="107.0" Y="168.0" />
  <Point X="107.0" Y="169.0" />
  <Point X="107.0" Y="170.0" />
  <Point X="106.0" Y="170.0" />
  <Point X="106.0" Y="170.93258732690614" />
  <Point X="106.0" Y="171.0" />
  <Point X="106.0" Y="172.0" />
  <Point X="106.0" Y="173.0" />
  <Point X="106.0" Y="174.0" />
  <Point X="106.0" Y="175.0" />
  <Point X="106.0" Y="175.27842502177813" />
  <Point X="106.0" Y="176.0" />
  <Point X="106.0" Y="177.0" />
  <Point X="106.0" Y="178.0" />
  <Point X="106.0" Y="179.0" />
  <Point X="106.0" Y="179.62426271665012" />
  <Point X="106.0" Y="180.0" />
  <Point X="106.0" Y="181.0" />
  <Point X="107.0" Y="181.0" />
  <Point X="107.0" Y="182.0" />
  <Point X="107.0" Y="182.9701004115221" />
  <Point X="107.0" Y="183.0" />
  <Point X="108.0" Y="183.0" />
  <Point X="108.0" Y="184.0" />
  <Point X="108.0" Y="185.0" />
  <Point X="109.0" Y="185.0" />
  <Point X="109.0" Y="185.3159381063941" />
  <Point X="109.0" Y="186.0" />
  <Point X="110.0" Y="187.0" />
  <Point X="111.0" Y="188.0" />
  <Point X="111.58926650026007" Y="188.58926650026007" />
  <Point X="112.0" Y="189.0" />
  <Point X="113.0" Y="189.0" />
  <Point X="113.0" Y="190.0" />
  <Point X="114.0" Y="190.0" />
  <Point X="114.76497280901881" Y="190.0" />
  <Point X="115.0" Y="190.0" />
  <Point X="116.0" Y="191.0" />
  <Point X="117.0" Y="191.0" />
  <Point X="118.0" Y="191.0" />
  <Point X="118.69659694151773" Y="191.0" />
  <Point X="119.0" Y="191.0" />
  <Point X="120.0" Y="192.0" />
  <Point X="121.0" Y="192.0" />
  <Point X="122.0" Y="192.0" />
  <Point X="122.62822107401664" Y="192.0" />
  <Point X="123.0" Y="192.0" />
  <Point X="124.0" Y="192.0" />
  <Point X="125.0" Y="192.0" />
  <Point X="126.0" Y="192.0" />
  <Point X="126.97405876888864" Y="192.0" />
  <Point X="127.0" Y="192.0" />
  <Point X="129.0" Y="192.0" />
  <Point X="130.0" Y="192.0" />
  <Point X="131.0" Y="192.0" />
  <Point X="131.31989646376064" Y="192.0" />
  <Point X="133.0" Y="192.0" />
  <Point X="134.0" Y="192.0" />
  <Point X="135.0" Y="192.0" />
  <Point X="135.66573415863263" Y="192.0" />
  <Point X="137.0" Y="192.0" />
  <Point X="138.0" Y="192.0" />
  <Point X="139.0" Y="191.0" />
  <Point X="139.5342934983573" Y="190.73285325082136" />
  <Point X="141.0" Y="190.0" />
  <Point X="142.0" Y="190.0" />
  <Point X="143.52690170932328" Y="189.23654914533836" />
  <Point X="144.0" Y="189.0" />
  <Point X="146.0" Y="188.0" />
  <Point X="147.4139371112892" Y="187.2930314443554" />
  <Point X="148.0" Y="187.0" />
  <Point X="150.0" Y="187.0" />
  <Point X="151.19543434650103" Y="185.80456565349897" />
  <Point X="152.0" Y="185.0" />
  <Point X="154.0" Y="185.0" />
  <Point X="155.08047702308664" Y="184.45976148845668" />
  <Point X="156.0" Y="184.0" />
  <Point X="157.0" Y="183.0" />
  <Point X="158.84673046360595" Y="182.53831738409852" />
  <Point X="161.0" Y="182.0" />
  <Point X="161.95090949001698" Y="180.09818101996603" />
  <Point X="162.0" Y="180.0" />
  <Point X="164.0" Y="180.0" />
  <Point X="166.0" Y="179.0" />
</Project_1_Part_4>
