<?xml version="1.0" encoding="utf-8" standalone="yes"?>
<Gesture Name="left_curly_brace10" Subject="3" Number="3" NumPts="287">
  <Point X="142.0" Y="48.0" />
  <Point X="141.0" Y="48.0" />
  <Point X="140.0" Y="48.0" />
  <Point X="139.0" Y="48.0" />
  <Point X="138.00998922569536" Y="48.0" />
  <Point X="138.0" Y="48.0" />
  <Point X="137.0" Y="48.0" />
  <Point X="136.0" Y="48.0" />
  <Point X="136.0" Y="49.0" />
  <Point X="135.01997845139073" Y="49.0" />
  <Point X="135.0" Y="49.0" />
  <Point X="134.0" Y="49.0" />
  <Point X="134.0" Y="50.0" />
  <Point X="133.0" Y="50.0" />
  <Point X="132.0299676770861" Y="50.0" />
  <Point X="132.0" Y="50.0" />
  <Point X="131.0" Y="51.0" />
  <Point X="130.0" Y="51.0" />
  <Point X="130.0" Y="52.0" />
  <Point X="129.45417046515456" Y="52.0" />
  <Point X="129.0" Y="52.0" />
  <Point X="129.0" Y="53.0" />
  <Point X="128.0" Y="53.0" />
  <Point X="127.0" Y="54.0" />
  <Point X="126.91399690258034" Y="54.08600309741966" />
  <Point X="126.0" Y="55.0" />
  <Point X="125.0" Y="55.0" />
  <Point X="125.0" Y="56.0" />
  <Point X="124.50684678943523" Y="56.49315321056476" />
  <Point X="124.0" Y="57.0" />
  <Point X="123.0" Y="57.0" />
  <Point X="123.0" Y="58.0" />
  <Point X="122.09969667629014" Y="58.90030332370987" />
  <Point X="122.0" Y="59.0" />
  <Point X="122.0" Y="60.0" />
  <Point X="121.0" Y="61.0" />
  <Point X="120.0" Y="62.0" />
  <Point X="120.0" Y="62.02059125782542" />
  <Point X="120.0" Y="63.0" />
  <Point X="119.0" Y="63.0" />
  <Point X="119.0" Y="64.0" />
  <Point X="118.28539644999992" Y="64.71460355000008" />
  <Point X="118.0" Y="65.0" />
  <Point X="118.0" Y="66.0" />
  <Point X="117.0" Y="66.0" />
  <Point X="117.0" Y="67.0" />
  <Point X="116.41360075593839" Y="67.0" />
  <Point X="116.0" Y="67.0" />
  <Point X="116.0" Y="68.0" />
  <Point X="116.0" Y="69.0" />
  <Point X="115.0" Y="70.0" />
  <Point X="115.0" Y="70.16219645599315" />
  <Point X="115.0" Y="71.0" />
  <Point X="114.0" Y="72.0" />
  <Point X="114.0" Y="73.0" />
  <Point X="114.0" Y="73.7379936679247" />
  <Point X="114.0" Y="74.0" />
  <Point X="113.0" Y="75.0" />
  <Point X="112.0" Y="76.0" />
  <Point X="112.0" Y="76.89957731748315" />
  <Point X="112.0" Y="77.0" />
  <Point X="112.0" Y="78.0" />
  <Point X="112.0" Y="79.0" />
  <Point X="111.0" Y="80.0" />
  <Point X="111.0" Y="80.4753745294147" />
  <Point X="111.0" Y="81.0" />
  <Point X="111.0" Y="82.0" />
  <Point X="111.0" Y="83.0" />
  <Point X="111.0" Y="84.0" />
  <Point X="111.0" Y="84.46538530371933" />
  <Point X="111.0" Y="85.0" />
  <Point X="111.0" Y="86.0" />
  <Point X="111.0" Y="87.0" />
  <Point X="111.0" Y="88.0" />
  <Point X="111.0" Y="88.45539607802397" />
  <Point X="111.0" Y="89.0" />
  <Point X="111.0" Y="90.0" />
  <Point X="111.0" Y="91.0" />
  <Point X="111.0" Y="92.0" />
  <Point X="111.0" Y="92.4454068523286" />
  <Point X="111.0" Y="93.0" />
  <Point X="112.0" Y="93.0" />
  <Point X="112.0" Y="94.0" />
  <Point X="113.0" Y="94.0" />
  <Point X="113.43541762663324" Y="94.0" />
  <Point X="114.0" Y="94.0" />
  <Point X="114.0" Y="95.0" />
  <Point X="115.0" Y="96.0" />
  <Point X="116.0" Y="96.0" />
  <Point X="116.01121483856478" Y="96.0" />
  <Point X="117.0" Y="96.0" />
  <Point X="118.0" Y="96.0" />
  <Point X="118.0" Y="97.0" />
  <Point X="119.0" Y="97.0" />
  <Point X="119.00122561286942" Y="97.0" />
  <Point X="120.0" Y="97.0" />
  <Point X="121.0" Y="97.0" />
  <Point X="122.0" Y="97.0" />
  <Point X="122.99123638717406" Y="97.0" />
  <Point X="123.0" Y="97.0" />
  <Point X="123.0" Y="98.0" />
  <Point X="124.0" Y="98.0" />
  <Point X="125.0" Y="98.0" />
  <Point X="125.98124716147869" Y="98.0" />
  <Point X="126.0" Y="98.0" />
  <Point X="127.0" Y="98.0" />
  <Point X="127.0" Y="99.0" />
  <Point X="128.0" Y="99.0" />
  <Point X="128.0" Y="99.97125793578333" />
  <Point X="128.0" Y="100.0" />
  <Point X="129.0" Y="100.0" />
  <Point X="129.0" Y="101.0" />
  <Point X="129.0" Y="102.0" />
  <Point X="129.0" Y="102.96126871008796" />
  <Point X="129.0" Y="103.0" />
  <Point X="129.0" Y="104.0" />
  <Point X="129.0" Y="105.0" />
  <Point X="129.0" Y="106.0" />
  <Point X="128.04872051560739" Y="106.0" />
  <Point X="128.0" Y="106.0" />
  <Point X="128.0" Y="107.0" />
  <Point X="128.0" Y="108.0" />
  <Point X="127.0" Y="108.0" />
  <Point X="127.0" Y="108.94129025869725" />
  <Point X="127.0" Y="109.0" />
  <Point X="126.0" Y="109.0" />
  <Point X="125.0" Y="109.0" />
  <Point X="125.0" Y="110.0" />
  <Point X="124.06869896699811" Y="110.0" />
  <Point X="124.0" Y="110.0" />
  <Point X="123.0" Y="111.0" />
  <Point X="123.0" Y="112.0" />
  <Point X="122.0" Y="112.0" />
  <Point X="121.49290175506657" Y="112.0" />
  <Point X="121.0" Y="112.0" />
  <Point X="121.0" Y="113.0" />
  <Point X="120.0" Y="113.0" />
  <Point X="120.0" Y="114.0" />
  <Point X="119.50289098076193" Y="114.0" />
  <Point X="119.0" Y="114.0" />
  <Point X="119.0" Y="115.0" />
  <Point X="119.0" Y="116.0" />
  <Point X="118.0" Y="116.0" />
  <Point X="117.65555429073576" Y="116.34444570926424" />
  <Point X="117.0" Y="117.0" />
  <Point X="117.0" Y="118.0" />
  <Point X="117.0" Y="119.0" />
  <Point X="116.0" Y="119.0" />
  <Point X="116.0" Y="119.06291700547425" />
  <Point X="116.0" Y="120.0" />
  <Point X="116.0" Y="121.0" />
  <Point X="116.0" Y="122.0" />
  <Point X="116.0" Y="123.0" />
  <Point X="116.0" Y="123.05292777977888" />
  <Point X="116.0" Y="124.0" />
  <Point X="116.0" Y="125.0" />
  <Point X="116.0" Y="126.0" />
  <Point X="117.0" Y="126.0" />
  <Point X="117.04293855408352" Y="126.0" />
  <Point X="118.0" Y="126.0" />
  <Point X="118.0" Y="127.0" />
  <Point X="119.0" Y="127.0" />
  <Point X="119.0" Y="128.0" />
  <Point X="119.0" Y="128.03294932838816" />
  <Point X="119.0" Y="129.0" />
  <Point X="119.0" Y="130.0" />
  <Point X="119.0" Y="131.0" />
  <Point X="119.0" Y="132.0" />
  <Point X="119.0" Y="132.0229601026928" />
  <Point X="119.0" Y="133.0" />
  <Point X="119.0" Y="134.0" />
  <Point X="118.0" Y="134.0" />
  <Point X="117.0" Y="134.0" />
  <Point X="117.0" Y="134.01297087699743" />
  <Point X="117.0" Y="135.0" />
  <Point X="116.0" Y="135.0" />
  <Point X="116.0" Y="136.0" />
  <Point X="116.0" Y="137.0" />
  <Point X="115.99701834869794" Y="137.0" />
  <Point X="115.0" Y="137.0" />
  <Point X="114.0" Y="137.0" />
  <Point X="114.0" Y="138.0" />
  <Point X="113.0070075743933" Y="138.0" />
  <Point X="113.0" Y="138.0" />
  <Point X="113.0" Y="139.0" />
  <Point X="112.0" Y="139.0" />
  <Point X="112.0" Y="140.0" />
  <Point X="111.01699680008866" Y="140.0" />
  <Point X="111.0" Y="140.0" />
  <Point X="111.0" Y="141.0" />
  <Point X="111.0" Y="142.0" />
  <Point X="110.0" Y="142.0" />
  <Point X="109.31197522064261" Y="142.6880247793574" />
  <Point X="109.0" Y="143.0" />
  <Point X="109.0" Y="144.0" />
  <Point X="109.0" Y="145.0" />
  <Point X="108.0" Y="145.0" />
  <Point X="108.0" Y="145.54881118614753" />
  <Point X="108.0" Y="146.0" />
  <Point X="108.0" Y="147.0" />
  <Point X="107.0" Y="147.0" />
  <Point X="107.0" Y="148.0" />
  <Point X="107.0" Y="148.53882196045217" />
  <Point X="107.0" Y="149.0" />
  <Point X="107.0" Y="150.0" />
  <Point X="107.0" Y="151.0" />
  <Point X="107.0" Y="152.0" />
  <Point X="107.0" Y="152.5288327347568" />
  <Point X="107.0" Y="153.0" />
  <Point X="107.0" Y="154.0" />
  <Point X="107.0" Y="155.0" />
  <Point X="107.0" Y="156.0" />
  <Point X="107.0" Y="156.51884350906144" />
  <Point X="107.0" Y="157.0" />
  <Point X="107.0" Y="158.0" />
  <Point X="107.0" Y="159.0" />
  <Point X="107.0" Y="160.0" />
  <Point X="107.50885428336608" Y="160.0" />
  <Point X="108.0" Y="160.0" />
  <Point X="108.0" Y="161.0" />
  <Point X="108.0" Y="162.0" />
  <Point X="109.0" Y="162.0" />
  <Point X="109.0" Y="162.4988650576707" />
  <Point X="109.0" Y="163.0" />
  <Point X="110.0" Y="163.0" />
  <Point X="110.0" Y="164.0" />
  <Point X="111.0" Y="165.0" />
  <Point X="111.0" Y="165.07466226960224" />
  <Point X="111.0" Y="166.0" />
  <Point X="112.0" Y="167.0" />
  <Point X="113.0" Y="168.0" />
  <Point X="113.0" Y="168.2362459191607" />
  <Point X="113.0" Y="169.0" />
  <Point X="114.0" Y="170.0" />
  <Point X="115.0" Y="171.0" />
  <Point X="115.17791479182308" Y="171.35582958364617" />
  <Point X="116.0" Y="173.0" />
  <Point X="117.0" Y="173.0" />
  <Point X="117.81442605004528" Y="173.81442605004528" />
  <Point X="118.0" Y="174.0" />
  <Point X="119.0" Y="175.0" />
  <Point X="120.0" Y="176.0" />
  <Point X="120.63578972556348" Y="176.63578972556348" />
  <Point X="121.0" Y="177.0" />
  <Point X="122.0" Y="177.0" />
  <Point X="122.0" Y="178.0" />
  <Point X="123.0" Y="178.0" />
  <Point X="123.33583305752204" Y="178.33583305752205" />
  <Point X="124.0" Y="179.0" />
  <Point X="125.0" Y="180.0" />
  <Point X="126.0" Y="180.0" />
  <Point X="126.4500899518537" Y="180.4500899518537" />
  <Point X="127.0" Y="181.0" />
  <Point X="128.0" Y="181.0" />
  <Point X="129.9787596337787" Y="181.98937981688937" />
  <Point X="130.0" Y="182.0" />
  <Point X="131.0" Y="183.0" />
  <Point X="132.0" Y="183.0" />
  <Point X="133.0" Y="183.0" />
  <Point X="133.55204976056265" Y="183.0" />
  <Point X="134.0" Y="183.0" />
  <Point X="136.0" Y="183.0" />
  <Point X="137.37926087255317" Y="183.6896304362766" />
  <Point X="138.0" Y="184.0" />
  <Point X="140.0" Y="184.0" />
  <Point X="141.0" Y="184.0" />
  <Point X="141.29600333167213" Y="184.0" />
  <Point X="142.0" Y="184.0" />
  <Point X="143.0" Y="184.0" />
  <Point X="145.0" Y="184.0" />
  <Point X="145.28601410597676" Y="184.0" />
  <Point X="147.0" Y="184.0" />
  <Point X="148.0" Y="184.0" />
  <Point X="149.0" Y="184.0" />
  <Point X="149.2760248802814" Y="184.0" />
  <Point X="151.0" Y="184.0" />
  <Point X="153.0" Y="184.0" />
  <Point X="153.26603565458603" Y="184.0" />
  <Point X="154.0" Y="184.0" />
  <Point X="155.0" Y="184.0" />
  <Point X="157.0" Y="184.0" />
  <Point X="157.25604642889067" Y="184.0" />
  <Point X="160.0" Y="184.0" />
  <Point X="161.0" Y="184.0" />
  <Point X="161.2460572031953" Y="184.0" />
  <Point X="163.0" Y="184.0" />
  <Point X="165.0" Y="183.0" />
</Project_1_Part_4>
