<?xml version="1.0" encoding="utf-8" standalone="yes"?>
<Gesture Name="left_curly_brace1" Subject="3" Number="3" NumPts="277">
  <Point X="111.0" Y="75.0" />
  <Point X="111.0" Y="74.0" />
  <Point X="110.0" Y="74.0" />
  <Point X="109.0" Y="74.0" />
  <Point X="108.51497858434756" Y="74.0" />
  <Point X="108.0" Y="74.0" />
  <Point X="107.0" Y="74.0" />
  <Point X="106.0" Y="74.0" />
  <Point X="105.02995716869512" Y="74.0" />
  <Point X="105.0" Y="74.0" />
  <Point X="104.0" Y="74.0" />
  <Point X="103.0" Y="74.0" />
  <Point X="102.0" Y="74.0" />
  <Point X="101.54493575304268" Y="74.0" />
  <Point X="101.0" Y="74.0" />
  <Point X="101.0" Y="75.0" />
  <Point X="100.0" Y="75.0" />
  <Point X="100.0" Y="75.94008566260976" />
  <Point X="100.0" Y="76.0" />
  <Point X="99.0" Y="76.0" />
  <Point X="99.0" Y="77.0" />
  <Point X="98.0" Y="78.0" />
  <Point X="97.98910648411089" Y="78.0" />
  <Point X="97.0" Y="78.0" />
  <Point X="97.0" Y="79.0" />
  <Point X="96.0" Y="79.0" />
  <Point X="96.0" Y="79.49591493154155" />
  <Point X="96.0" Y="80.0" />
  <Point X="96.0" Y="81.0" />
  <Point X="96.0" Y="82.0" />
  <Point X="95.01906365280601" Y="82.0" />
  <Point X="95.0" Y="82.0" />
  <Point X="95.0" Y="83.0" />
  <Point X="95.0" Y="84.0" />
  <Point X="94.0" Y="85.0" />
  <Point X="94.0" Y="85.05174420047334" />
  <Point X="94.0" Y="86.0" />
  <Point X="93.0" Y="86.0" />
  <Point X="93.0" Y="87.0" />
  <Point X="93.0" Y="87.53676561612578" />
  <Point X="93.0" Y="88.0" />
  <Point X="92.0" Y="88.0" />
  <Point X="92.0" Y="89.0" />
  <Point X="92.0" Y="90.0" />
  <Point X="92.0" Y="90.02178703177822" />
  <Point X="92.0" Y="91.0" />
  <Point X="92.0" Y="92.0" />
  <Point X="91.0" Y="92.0" />
  <Point X="91.0" Y="92.50680844743066" />
  <Point X="91.0" Y="93.0" />
  <Point X="91.0" Y="94.0" />
  <Point X="91.0" Y="95.0" />
  <Point X="90.0081701369169" Y="95.0" />
  <Point X="90.0" Y="95.0" />
  <Point X="90.0" Y="96.0" />
  <Point X="90.0" Y="97.0" />
  <Point X="90.0" Y="98.0" />
  <Point X="90.0" Y="98.47685127873554" />
  <Point X="90.0" Y="99.0" />
  <Point X="90.0" Y="100.0" />
  <Point X="90.0" Y="101.0" />
  <Point X="90.0" Y="101.96187269438798" />
  <Point X="90.0" Y="102.0" />
  <Point X="90.0" Y="103.0" />
  <Point X="90.0" Y="104.0" />
  <Point X="91.0" Y="104.0" />
  <Point X="91.0" Y="104.44689411004042" />
  <Point X="91.0" Y="105.0" />
  <Point X="91.0" Y="106.0" />
  <Point X="92.0" Y="106.0" />
  <Point X="92.0" Y="106.93191552569286" />
  <Point X="92.0" Y="107.0" />
  <Point X="93.0" Y="107.0" />
  <Point X="93.0" Y="108.0" />
  <Point X="94.0" Y="108.0" />
  <Point X="94.4169369413453" Y="108.0" />
  <Point X="95.0" Y="108.0" />
  <Point X="95.0" Y="109.0" />
  <Point X="95.0" Y="110.0" />
  <Point X="95.90195835699774" Y="110.0" />
  <Point X="96.0" Y="110.0" />
  <Point X="97.0" Y="110.0" />
  <Point X="97.0" Y="111.0" />
  <Point X="98.0" Y="111.0" />
  <Point X="98.0" Y="111.38697977265018" />
  <Point X="98.0" Y="112.0" />
  <Point X="98.0" Y="113.0" />
  <Point X="98.0" Y="114.0" />
  <Point X="98.0" Y="114.87200118830262" />
  <Point X="98.0" Y="115.0" />
  <Point X="98.0" Y="116.0" />
  <Point X="98.0" Y="117.0" />
  <Point X="98.0" Y="118.0" />
  <Point X="97.64297739604494" Y="118.0" />
  <Point X="97.0" Y="118.0" />
  <Point X="97.0" Y="119.0" />
  <Point X="97.0" Y="120.0" />
  <Point X="96.1579559803925" Y="120.0" />
  <Point X="96.0" Y="120.0" />
  <Point X="96.0" Y="121.0" />
  <Point X="95.0" Y="121.0" />
  <Point X="95.0" Y="122.0" />
  <Point X="94.67293456474006" Y="122.0" />
  <Point X="94.0" Y="122.0" />
  <Point X="94.0" Y="123.0" />
  <Point X="93.0" Y="123.0" />
  <Point X="92.42576788080743" Y="123.57423211919257" />
  <Point X="92.0" Y="124.0" />
  <Point X="91.0" Y="124.0" />
  <Point X="91.0" Y="125.0" />
  <Point X="90.11710529580827" Y="125.0" />
  <Point X="90.0" Y="125.0" />
  <Point X="89.0" Y="125.0" />
  <Point X="88.0" Y="125.0" />
  <Point X="88.0" Y="126.0" />
  <Point X="87.63208388015583" Y="126.0" />
  <Point X="87.0" Y="126.0" />
  <Point X="86.0" Y="126.0" />
  <Point X="85.0" Y="127.0" />
  <Point X="84.56127602687648" Y="127.0" />
  <Point X="84.0" Y="127.0" />
  <Point X="83.0" Y="127.0" />
  <Point X="82.0" Y="127.0" />
  <Point X="81.07625461122404" Y="127.0" />
  <Point X="81.0" Y="127.0" />
  <Point X="80.0" Y="127.0" />
  <Point X="80.0" Y="128.0" />
  <Point X="79.0" Y="128.0" />
  <Point X="78.5912331955716" Y="128.0" />
  <Point X="78.0" Y="128.0" />
  <Point X="77.0" Y="128.0" />
  <Point X="76.0" Y="128.0" />
  <Point X="75.36799628863618" Y="128.6320037113638" />
  <Point X="75.0" Y="129.0" />
  <Point X="74.0" Y="129.0" />
  <Point X="73.0" Y="129.0" />
  <Point X="72.03540392663982" Y="129.0" />
  <Point X="72.0" Y="129.0" />
  <Point X="73.0" Y="129.0" />
  <Point X="74.0" Y="129.0" />
  <Point X="75.0" Y="129.0" />
  <Point X="75.44961748901262" Y="129.0" />
  <Point X="76.0" Y="129.0" />
  <Point X="77.0" Y="129.0" />
  <Point X="78.0" Y="129.0" />
  <Point X="78.0" Y="129.93463890466506" />
  <Point X="78.0" Y="130.0" />
  <Point X="78.0" Y="131.0" />
  <Point X="78.0" Y="132.0" />
  <Point X="78.0" Y="133.0" />
  <Point X="77.5803396796825" Y="133.0" />
  <Point X="77.0" Y="133.0" />
  <Point X="77.0" Y="134.0" />
  <Point X="76.0" Y="134.0" />
  <Point X="76.0" Y="134.90468173596994" />
  <Point X="76.0" Y="135.0" />
  <Point X="75.0" Y="135.0" />
  <Point X="75.0" Y="136.0" />
  <Point X="74.0" Y="136.0" />
  <Point X="73.72443825883803" Y="136.27556174116197" />
  <Point X="73.0" Y="137.0" />
  <Point X="72.0" Y="137.0" />
  <Point X="71.0" Y="138.0" />
  <Point X="71.0" Y="138.04629744252864" />
  <Point X="71.0" Y="139.0" />
  <Point X="70.0" Y="139.0" />
  <Point X="69.0" Y="139.0" />
  <Point X="69.0" Y="139.5313188581811" />
  <Point X="69.0" Y="140.0" />
  <Point X="68.0" Y="140.0" />
  <Point X="67.0" Y="141.0" />
  <Point X="66.39787328853956" Y="141.0" />
  <Point X="66.0" Y="141.0" />
  <Point X="66.0" Y="142.0" />
  <Point X="66.0" Y="143.0" />
  <Point X="65.0" Y="143.0" />
  <Point X="64.91285187288712" Y="143.0" />
  <Point X="64.0" Y="143.0" />
  <Point X="64.0" Y="144.0" />
  <Point X="63.0" Y="144.0" />
  <Point X="63.0" Y="144.57216954276532" />
  <Point X="63.0" Y="145.0" />
  <Point X="62.0" Y="145.0" />
  <Point X="62.0" Y="146.0" />
  <Point X="62.0" Y="147.0" />
  <Point X="61.94280904158223" Y="147.0" />
  <Point X="61.0" Y="147.0" />
  <Point X="61.0" Y="148.0" />
  <Point X="60.0" Y="148.0" />
  <Point X="60.0" Y="148.5422123740702" />
  <Point X="60.0" Y="149.0" />
  <Point X="59.0" Y="149.0" />
  <Point X="59.0" Y="150.0" />
  <Point X="59.0" Y="151.0" />
  <Point X="58.97276621027735" Y="151.0" />
  <Point X="58.0" Y="151.0" />
  <Point X="58.0" Y="152.0" />
  <Point X="58.0" Y="153.0" />
  <Point X="57.4877447946249" Y="153.0" />
  <Point X="57.0" Y="153.0" />
  <Point X="56.0" Y="154.0" />
  <Point X="56.0" Y="155.0" />
  <Point X="56.0" Y="155.58306305865446" />
  <Point X="56.0" Y="156.0" />
  <Point X="55.0" Y="156.0" />
  <Point X="55.0" Y="157.0" />
  <Point X="55.0" Y="158.0" />
  <Point X="55.0" Y="158.06808447430691" />
  <Point X="55.0" Y="159.0" />
  <Point X="55.0" Y="160.0" />
  <Point X="55.0" Y="161.0" />
  <Point X="55.0" Y="161.55310588995937" />
  <Point X="55.0" Y="162.0" />
  <Point X="55.0" Y="163.0" />
  <Point X="55.0" Y="164.0" />
  <Point X="55.0" Y="165.0" />
  <Point X="55.038127305611816" Y="165.0" />
  <Point X="56.0" Y="165.0" />
  <Point X="56.0" Y="166.0" />
  <Point X="57.0" Y="166.0" />
  <Point X="57.0" Y="166.52314872126425" />
  <Point X="57.0" Y="167.0" />
  <Point X="58.0" Y="167.0" />
  <Point X="58.0" Y="168.0" />
  <Point X="59.0" Y="168.0" />
  <Point X="59.008170136916696" Y="168.0" />
  <Point X="60.0" Y="168.0" />
  <Point X="61.0" Y="168.0" />
  <Point X="61.0" Y="169.0" />
  <Point X="61.493191552569144" Y="169.0" />
  <Point X="62.0" Y="169.0" />
  <Point X="63.0" Y="169.0" />
  <Point X="64.0" Y="169.0" />
  <Point X="64.97821296822158" Y="169.0" />
  <Point X="65.0" Y="169.0" />
  <Point X="66.0" Y="169.0" />
  <Point X="66.0" Y="170.0" />
  <Point X="67.0" Y="170.0" />
  <Point X="67.46323438387402" Y="170.0" />
  <Point X="69.0" Y="170.0" />
  <Point X="70.0" Y="170.0" />
  <Point X="70.94825579952646" Y="170.0" />
  <Point X="71.0" Y="170.0" />
  <Point X="72.0" Y="170.0" />
  <Point X="73.0" Y="170.0" />
  <Point X="74.0" Y="170.0" />
  <Point X="74.4332772151789" Y="170.0" />
  <Point X="75.0" Y="170.0" />
  <Point X="76.0" Y="170.0" />
  <Point X="77.0" Y="170.0" />
  <Point X="77.91829863083134" Y="170.0" />
  <Point X="78.0" Y="170.0" />
  <Point X="79.0" Y="170.0" />
  <Point X="81.0" Y="170.0" />
  <Point X="81.40332004648378" Y="170.0" />
  <Point X="82.0" Y="170.0" />
  <Point X="82.0" Y="169.0" />
  <Point X="83.0" Y="169.0" />
  <Point X="83.88834146213622" Y="169.0" />
  <Point X="84.0" Y="169.0" />
  <Point X="85.0" Y="169.0" />
  <Point X="85.0" Y="168.0" />
  <Point X="86.0" Y="168.0" />
  <Point X="86.26400742272769" Y="167.7359925772723" />
  <Point X="87.0" Y="167.0" />
  <Point X="88.0" Y="167.0" />
  <Point X="89.0" Y="166.0" />
  <Point X="89.02995716869492" Y="166.0" />
  <Point X="90.0" Y="166.0" />
  <Point X="90.0" Y="165.0" />
  <Point X="91.0" Y="165.0" />
  <Point X="91.0" Y="164.48502141565262" />
  <Point X="91.0" Y="164.0" />
  <Point X="91.0" Y="163.0" />
  <Point X="92.0" Y="163.0" />
  <Point X="92.0" Y="162.00000000000017" />
  <Point X="92.0" Y="162.0" />
</Project_1_Part_4>
