<?xml version="1.0" encoding="utf-8" standalone="yes"?>
<Gesture Name="left_sq_bracket10" Subject="3" Number="3" NumPts="249">
  <Point X="129.0" Y="60.0" />
  <Point X="129.0" Y="59.0" />
  <Point X="129.0" Y="58.0" />
  <Point X="128.0" Y="58.0" />
  <Point X="127.94852951290287" Y="58.0" />
  <Point X="127.0" Y="58.0" />
  <Point X="126.0" Y="58.0" />
  <Point X="125.0" Y="58.0" />
  <Point X="125.0" Y="57.89705902580573" />
  <Point X="125.0" Y="57.0" />
  <Point X="124.0" Y="57.0" />
  <Point X="123.0" Y="57.0" />
  <Point X="122.8455885387086" Y="57.0" />
  <Point X="122.0" Y="57.0" />
  <Point X="122.0" Y="56.0" />
  <Point X="121.0" Y="56.0" />
  <Point X="120.79411805161146" Y="56.0" />
  <Point X="120.0" Y="56.0" />
  <Point X="119.0" Y="56.0" />
  <Point X="118.0" Y="56.0" />
  <Point X="117.74264756451433" Y="56.0" />
  <Point X="117.0" Y="56.0" />
  <Point X="116.0" Y="56.0" />
  <Point X="116.0" Y="55.0" />
  <Point X="115.6911770774172" Y="55.0" />
  <Point X="115.0" Y="55.0" />
  <Point X="114.0" Y="55.0" />
  <Point X="113.0" Y="55.0" />
  <Point X="112.63970659032006" Y="55.0" />
  <Point X="112.0" Y="55.0" />
  <Point X="111.0" Y="55.0" />
  <Point X="110.0" Y="55.0" />
  <Point X="109.58823610322293" Y="55.0" />
  <Point X="109.0" Y="55.0" />
  <Point X="108.0" Y="55.0" />
  <Point X="107.0" Y="55.0" />
  <Point X="106.53676561612579" Y="55.0" />
  <Point X="106.0" Y="55.0" />
  <Point X="105.0" Y="55.0" />
  <Point X="104.0" Y="55.0" />
  <Point X="103.48529512902866" Y="55.0" />
  <Point X="103.0" Y="55.0" />
  <Point X="102.0" Y="55.0" />
  <Point X="102.0" Y="56.0" />
  <Point X="102.0" Y="56.56617535806848" />
  <Point X="102.0" Y="57.0" />
  <Point X="101.0" Y="57.0" />
  <Point X="101.0" Y="58.0" />
  <Point X="100.38235415483439" Y="58.0" />
  <Point X="100.0" Y="58.0" />
  <Point X="100.0" Y="59.0" />
  <Point X="99.0" Y="59.0" />
  <Point X="98.52686330405434" Y="59.473136695945655" />
  <Point X="98.0" Y="60.0" />
  <Point X="98.0" Y="61.0" />
  <Point X="98.0" Y="62.0" />
  <Point X="97.69362674301323" Y="62.0" />
  <Point X="97.0" Y="62.0" />
  <Point X="97.0" Y="63.0" />
  <Point X="97.0" Y="64.0" />
  <Point X="97.0" Y="64.35784374408391" />
  <Point X="97.0" Y="65.0" />
  <Point X="97.0" Y="66.0" />
  <Point X="97.0" Y="67.0" />
  <Point X="97.0" Y="67.40931423118104" />
  <Point X="97.0" Y="68.0" />
  <Point X="96.0" Y="68.0" />
  <Point X="96.0" Y="69.0" />
  <Point X="96.0" Y="69.46078471827818" />
  <Point X="96.0" Y="70.0" />
  <Point X="96.0" Y="71.0" />
  <Point X="96.0" Y="72.0" />
  <Point X="96.0" Y="72.51225520537531" />
  <Point X="96.0" Y="73.0" />
  <Point X="96.0" Y="74.0" />
  <Point X="96.0" Y="75.0" />
  <Point X="96.0" Y="75.56372569247245" />
  <Point X="96.0" Y="77.0" />
  <Point X="96.0" Y="78.0" />
  <Point X="96.0" Y="78.61519617956958" />
  <Point X="96.0" Y="79.0" />
  <Point X="96.0" Y="80.0" />
  <Point X="96.0" Y="81.0" />
  <Point X="96.0" Y="81.66666666666671" />
  <Point X="96.0" Y="83.0" />
  <Point X="96.0" Y="84.0" />
  <Point X="96.0" Y="84.71813715376385" />
  <Point X="96.0" Y="85.0" />
  <Point X="96.0" Y="86.0" />
  <Point X="96.0" Y="87.0" />
  <Point X="96.0" Y="87.76960764086098" />
  <Point X="96.0" Y="88.0" />
  <Point X="96.0" Y="89.0" />
  <Point X="96.0" Y="90.0" />
  <Point X="96.0" Y="90.82107812795812" />
  <Point X="96.0" Y="91.0" />
  <Point X="96.0" Y="92.0" />
  <Point X="96.0" Y="93.0" />
  <Point X="96.0" Y="93.87254861505525" />
  <Point X="96.0" Y="95.0" />
  <Point X="96.0" Y="96.0" />
  <Point X="96.0" Y="96.92401910215239" />
  <Point X="96.0" Y="97.0" />
  <Point X="96.0" Y="99.0" />
  <Point X="96.0" Y="99.97548958924952" />
  <Point X="96.0" Y="100.0" />
  <Point X="97.0" Y="101.0" />
  <Point X="97.0" Y="102.0" />
  <Point X="97.0" Y="102.61274651397356" />
  <Point X="97.0" Y="103.0" />
  <Point X="97.0" Y="104.0" />
  <Point X="97.0" Y="105.0" />
  <Point X="97.0" Y="105.6642170010707" />
  <Point X="97.0" Y="106.0" />
  <Point X="98.0" Y="106.0" />
  <Point X="98.0" Y="107.0" />
  <Point X="98.0" Y="107.71568748816783" />
  <Point X="98.0" Y="109.0" />
  <Point X="98.0" Y="110.0" />
  <Point X="98.0" Y="110.76715797526496" />
  <Point X="98.0" Y="111.0" />
  <Point X="98.0" Y="112.0" />
  <Point X="98.0" Y="113.0" />
  <Point X="98.0" Y="113.8186284623621" />
  <Point X="98.0" Y="114.0" />
  <Point X="98.0" Y="115.0" />
  <Point X="98.0" Y="116.0" />
  <Point X="98.0" Y="116.87009894945923" />
  <Point X="98.0" Y="117.0" />
  <Point X="98.0" Y="118.0" />
  <Point X="99.0" Y="119.0" />
  <Point X="99.0" Y="119.50735587418328" />
  <Point X="99.0" Y="120.0" />
  <Point X="99.0" Y="121.0" />
  <Point X="99.0" Y="122.0" />
  <Point X="99.0" Y="122.55882636128041" />
  <Point X="99.0" Y="123.0" />
  <Point X="99.0" Y="124.0" />
  <Point X="99.0" Y="125.0" />
  <Point X="99.0" Y="125.61029684837754" />
  <Point X="99.0" Y="126.0" />
  <Point X="99.0" Y="127.0" />
  <Point X="99.0" Y="128.0" />
  <Point X="99.0" Y="128.66176733547468" />
  <Point X="99.0" Y="129.0" />
  <Point X="100.0" Y="129.0" />
  <Point X="100.0" Y="130.0" />
  <Point X="100.0" Y="130.7132378225718" />
  <Point X="100.0" Y="131.0" />
  <Point X="100.0" Y="132.0" />
  <Point X="100.0" Y="133.0" />
  <Point X="100.0" Y="133.76470830966895" />
  <Point X="100.0" Y="134.0" />
  <Point X="100.0" Y="135.0" />
  <Point X="100.0" Y="136.0" />
  <Point X="100.0" Y="136.81617879676608" />
  <Point X="100.0" Y="137.0" />
  <Point X="100.0" Y="138.0" />
  <Point X="100.0" Y="139.0" />
  <Point X="100.0" Y="139.86764928386322" />
  <Point X="100.0" Y="140.0" />
  <Point X="101.0" Y="140.0" />
  <Point X="101.0" Y="141.0" />
  <Point X="101.0" Y="141.91911977096035" />
  <Point X="101.0" Y="142.0" />
  <Point X="101.0" Y="143.0" />
  <Point X="101.0" Y="144.0" />
  <Point X="101.0" Y="144.97059025805748" />
  <Point X="101.0" Y="145.0" />
  <Point X="101.0" Y="146.0" />
  <Point X="101.0" Y="147.0" />
  <Point X="101.0" Y="148.0" />
  <Point X="101.0" Y="148.02206074515462" />
  <Point X="101.0" Y="149.0" />
  <Point X="101.0" Y="150.0" />
  <Point X="101.0" Y="151.0" />
  <Point X="101.0" Y="151.07353123225175" />
  <Point X="101.0" Y="152.0" />
  <Point X="101.0" Y="153.0" />
  <Point X="101.0" Y="154.0" />
  <Point X="101.0" Y="154.1250017193489" />
  <Point X="101.0" Y="155.0" />
  <Point X="101.0" Y="156.0" />
  <Point X="101.0" Y="157.0" />
  <Point X="101.0" Y="157.17647220644602" />
  <Point X="101.0" Y="158.0" />
  <Point X="101.0" Y="159.0" />
  <Point X="101.0" Y="160.0" />
  <Point X="101.0" Y="160.22794269354316" />
  <Point X="101.0" Y="161.0" />
  <Point X="101.0" Y="162.0" />
  <Point X="101.0" Y="163.0" />
  <Point X="101.0" Y="163.2794131806403" />
  <Point X="101.0" Y="164.0" />
  <Point X="101.0" Y="165.0" />
  <Point X="101.0" Y="166.0" />
  <Point X="101.0" Y="166.33088366773742" />
  <Point X="101.0" Y="167.0" />
  <Point X="101.0" Y="168.0" />
  <Point X="101.0" Y="169.0" />
  <Point X="101.0" Y="169.38235415483456" />
  <Point X="101.0" Y="170.0" />
  <Point X="101.0" Y="171.0" />
  <Point X="101.0" Y="172.0" />
  <Point X="101.0" Y="172.4338246419317" />
  <Point X="101.0" Y="173.0" />
  <Point X="101.0" Y="174.0" />
  <Point X="101.0" Y="175.0" />
  <Point X="101.0" Y="175.48529512902883" />
  <Point X="101.0" Y="176.0" />
  <Point X="101.0" Y="177.0" />
  <Point X="101.0" Y="178.0" />
  <Point X="101.0" Y="178.53676561612596" />
  <Point X="101.0" Y="179.0" />
  <Point X="101.0" Y="180.0" />
  <Point X="101.0" Y="181.0" />
  <Point X="101.5882361032231" Y="181.0" />
  <Point X="102.0" Y="181.0" />
  <Point X="103.0" Y="181.0" />
  <Point X="103.0" Y="182.0" />
  <Point X="103.63970659032023" Y="182.0" />
  <Point X="104.0" Y="182.0" />
  <Point X="105.0" Y="182.0" />
  <Point X="106.0" Y="182.0" />
  <Point X="106.69117707741736" Y="182.0" />
  <Point X="107.0" Y="182.0" />
  <Point X="107.0" Y="183.0" />
  <Point X="108.0" Y="183.0" />
  <Point X="108.7426475645145" Y="183.0" />
  <Point X="109.0" Y="183.0" />
  <Point X="110.0" Y="183.0" />
  <Point X="111.0" Y="183.0" />
  <Point X="111.79411805161163" Y="183.0" />
  <Point X="112.0" Y="183.0" />
  <Point X="113.0" Y="183.0" />
  <Point X="114.0" Y="183.0" />
  <Point X="114.84558853870877" Y="183.0" />
  <Point X="115.0" Y="183.0" />
  <Point X="116.0" Y="183.0" />
  <Point X="117.0" Y="183.0" />
  <Point X="117.8970590258059" Y="183.0" />
  <Point X="118.0" Y="183.0" />
  <Point X="119.0" Y="183.0" />
  <Point X="120.0" Y="183.0" />
  <Point X="120.94852951290304" Y="183.0" />
  <Point X="121.0" Y="183.0" />
  <Point X="121.0" Y="182.0" />
  <Point X="121.0" Y="181.0" />
  <Point X="121.0" Y="180.0" />
</Project_1_Part_4>
