<?xml version="1.0" encoding="utf-8" standalone="yes"?>
<Gesture Name="left_sq_bracket2" Subject="3" Number="3" NumPts="237">
  <Point X="131.0" Y="61.0" />
  <Point X="131.0" Y="60.0" />
  <Point X="131.0" Y="59.0" />
  <Point X="130.12585606647832" Y="59.0" />
  <Point X="130.0" Y="59.0" />
  <Point X="129.0" Y="59.0" />
  <Point X="128.0" Y="59.0" />
  <Point X="127.25171213295664" Y="59.0" />
  <Point X="127.0" Y="59.0" />
  <Point X="126.0" Y="59.0" />
  <Point X="125.0" Y="59.0" />
  <Point X="124.37756819943496" Y="59.0" />
  <Point X="124.0" Y="59.0" />
  <Point X="124.0" Y="58.0" />
  <Point X="123.0" Y="58.0" />
  <Point X="122.50342426591328" Y="58.0" />
  <Point X="122.0" Y="58.0" />
  <Point X="121.0" Y="58.0" />
  <Point X="120.0" Y="58.0" />
  <Point X="119.6292803323916" Y="58.0" />
  <Point X="119.0" Y="58.0" />
  <Point X="118.0" Y="58.0" />
  <Point X="117.0" Y="58.0" />
  <Point X="116.75513639886992" Y="58.0" />
  <Point X="116.0" Y="58.0" />
  <Point X="115.0" Y="58.0" />
  <Point X="114.0" Y="58.0" />
  <Point X="113.88099246534824" Y="58.0" />
  <Point X="113.0" Y="58.0" />
  <Point X="112.0" Y="58.0" />
  <Point X="111.00684853182656" Y="58.0" />
  <Point X="111.0" Y="58.0" />
  <Point X="110.0" Y="58.0" />
  <Point X="110.0" Y="59.0" />
  <Point X="109.13270459830488" Y="59.0" />
  <Point X="109.0" Y="59.0" />
  <Point X="108.0" Y="59.0" />
  <Point X="107.0" Y="60.0" />
  <Point X="106.67277422715631" Y="60.0" />
  <Point X="106.0" Y="60.0" />
  <Point X="105.0" Y="60.0" />
  <Point X="104.15050333391696" Y="60.84949666608304" />
  <Point X="104.0" Y="61.0" />
  <Point X="103.0" Y="61.0" />
  <Point X="103.0" Y="62.0" />
  <Point X="102.33869992248606" Y="62.0" />
  <Point X="102.0" Y="62.0" />
  <Point X="102.0" Y="63.0" />
  <Point X="102.0" Y="64.0" />
  <Point X="102.0" Y="64.53544401103562" />
  <Point X="102.0" Y="65.0" />
  <Point X="101.0" Y="65.0" />
  <Point X="101.0" Y="66.0" />
  <Point X="101.0" Y="66.4095879445573" />
  <Point X="101.0" Y="67.0" />
  <Point X="101.0" Y="68.0" />
  <Point X="100.0" Y="68.0" />
  <Point X="100.0" Y="68.28373187807898" />
  <Point X="100.0" Y="69.0" />
  <Point X="100.0" Y="70.0" />
  <Point X="99.0" Y="70.0" />
  <Point X="99.0" Y="70.15787581160066" />
  <Point X="99.0" Y="71.0" />
  <Point X="99.0" Y="72.0" />
  <Point X="99.0" Y="73.0" />
  <Point X="99.0" Y="73.03201974512234" />
  <Point X="99.0" Y="74.0" />
  <Point X="99.0" Y="75.0" />
  <Point X="99.0" Y="75.90616367864402" />
  <Point X="99.0" Y="76.0" />
  <Point X="99.0" Y="77.0" />
  <Point X="98.0" Y="78.0" />
  <Point X="98.0" Y="78.3660940497926" />
  <Point X="98.0" Y="80.0" />
  <Point X="98.0" Y="81.0" />
  <Point X="98.0" Y="81.24023798331427" />
  <Point X="98.0" Y="82.0" />
  <Point X="98.0" Y="83.0" />
  <Point X="98.0" Y="84.0" />
  <Point X="98.0" Y="84.11438191683595" />
  <Point X="98.0" Y="85.0" />
  <Point X="98.0" Y="86.0" />
  <Point X="98.0" Y="86.98852585035763" />
  <Point X="98.0" Y="87.0" />
  <Point X="98.0" Y="88.0" />
  <Point X="98.0" Y="89.0" />
  <Point X="98.0" Y="89.86266978387931" />
  <Point X="98.0" Y="90.0" />
  <Point X="98.0" Y="91.0" />
  <Point X="98.0" Y="92.0" />
  <Point X="98.0" Y="92.73681371740099" />
  <Point X="98.0" Y="93.0" />
  <Point X="98.0" Y="94.0" />
  <Point X="98.0" Y="95.0" />
  <Point X="98.0" Y="95.61095765092267" />
  <Point X="98.0" Y="96.0" />
  <Point X="98.0" Y="97.0" />
  <Point X="98.0" Y="98.0" />
  <Point X="98.0" Y="98.48510158444435" />
  <Point X="98.0" Y="100.0" />
  <Point X="98.0" Y="101.0" />
  <Point X="98.0" Y="101.35924551796603" />
  <Point X="98.0" Y="102.0" />
  <Point X="98.0" Y="103.0" />
  <Point X="98.0" Y="104.0" />
  <Point X="98.0" Y="104.23338945148771" />
  <Point X="98.0" Y="105.0" />
  <Point X="98.0" Y="106.0" />
  <Point X="98.0" Y="107.0" />
  <Point X="98.0" Y="107.10753338500939" />
  <Point X="98.0" Y="108.0" />
  <Point X="98.0" Y="109.0" />
  <Point X="98.0" Y="109.98167731853107" />
  <Point X="98.0" Y="110.0" />
  <Point X="98.0" Y="111.0" />
  <Point X="98.0" Y="112.85582125205275" />
  <Point X="98.0" Y="113.0" />
  <Point X="99.0" Y="113.0" />
  <Point X="99.0" Y="114.0" />
  <Point X="99.0" Y="114.72996518557443" />
  <Point X="99.0" Y="115.0" />
  <Point X="99.0" Y="116.0" />
  <Point X="99.0" Y="117.0" />
  <Point X="99.4271696546895" Y="117.4271696546895" />
  <Point X="100.0" Y="118.0" />
  <Point X="100.0" Y="120.0" />
  <Point X="100.0" Y="120.0640394902447" />
  <Point X="100.0" Y="121.0" />
  <Point X="100.0" Y="122.0" />
  <Point X="100.0" Y="122.93818342376638" />
  <Point X="100.0" Y="123.0" />
  <Point X="100.0" Y="124.0" />
  <Point X="100.0" Y="125.0" />
  <Point X="100.81232735728805" Y="125.0" />
  <Point X="101.0" Y="125.0" />
  <Point X="101.0" Y="126.0" />
  <Point X="101.0" Y="127.0" />
  <Point X="101.0" Y="127.68647129080973" />
  <Point X="101.0" Y="128.0" />
  <Point X="101.0" Y="129.0" />
  <Point X="102.0" Y="129.0" />
  <Point X="102.0" Y="129.5606152243314" />
  <Point X="102.0" Y="130.0" />
  <Point X="102.0" Y="131.0" />
  <Point X="102.0" Y="132.0" />
  <Point X="102.0" Y="132.43475915785308" />
  <Point X="102.0" Y="133.0" />
  <Point X="103.0" Y="133.0" />
  <Point X="103.0" Y="134.0" />
  <Point X="103.0" Y="134.30890309137476" />
  <Point X="103.0" Y="135.0" />
  <Point X="103.0" Y="136.0" />
  <Point X="104.0" Y="136.0" />
  <Point X="104.0" Y="136.18304702489644" />
  <Point X="104.0" Y="137.0" />
  <Point X="104.0" Y="138.0" />
  <Point X="104.0" Y="139.0" />
  <Point X="104.0" Y="139.05719095841812" />
  <Point X="104.0" Y="140.0" />
  <Point X="104.0" Y="141.0" />
  <Point X="104.0" Y="141.9313348919398" />
  <Point X="104.0" Y="142.0" />
  <Point X="104.0" Y="143.0" />
  <Point X="104.0" Y="144.0" />
  <Point X="104.0" Y="144.80547882546148" />
  <Point X="104.0" Y="145.0" />
  <Point X="104.0" Y="146.0" />
  <Point X="104.0" Y="147.0" />
  <Point X="104.0" Y="147.67962275898316" />
  <Point X="104.0" Y="148.0" />
  <Point X="104.0" Y="149.0" />
  <Point X="104.0" Y="150.0" />
  <Point X="104.0" Y="150.55376669250484" />
  <Point X="104.0" Y="151.0" />
  <Point X="104.0" Y="152.0" />
  <Point X="104.0" Y="153.0" />
  <Point X="104.0" Y="153.42791062602652" />
  <Point X="104.0" Y="154.0" />
  <Point X="103.0" Y="154.0" />
  <Point X="103.0" Y="155.0" />
  <Point X="103.0" Y="155.3020545595482" />
  <Point X="103.0" Y="156.0" />
  <Point X="103.0" Y="157.0" />
  <Point X="103.0" Y="158.0" />
  <Point X="103.0" Y="158.17619849306988" />
  <Point X="103.0" Y="159.0" />
  <Point X="103.0" Y="160.0" />
  <Point X="103.0" Y="161.0" />
  <Point X="102.96440252877574" Y="161.03559747122426" />
  <Point X="102.0" Y="162.0" />
  <Point X="102.0" Y="163.0" />
  <Point X="102.0" Y="163.51027279774013" />
  <Point X="102.0" Y="164.0" />
  <Point X="102.0" Y="165.0" />
  <Point X="102.0" Y="166.0" />
  <Point X="102.0" Y="166.3844167312618" />
  <Point X="102.0" Y="167.0" />
  <Point X="102.0" Y="168.0" />
  <Point X="102.0" Y="169.0" />
  <Point X="102.25856066478349" Y="169.0" />
  <Point X="103.0" Y="169.0" />
  <Point X="104.0" Y="169.0" />
  <Point X="105.0" Y="169.0" />
  <Point X="105.13270459830517" Y="169.0" />
  <Point X="106.0" Y="169.0" />
  <Point X="107.0" Y="169.0" />
  <Point X="108.0" Y="169.0" />
  <Point X="108.00684853182685" Y="169.0" />
  <Point X="109.0" Y="169.0" />
  <Point X="110.0" Y="169.0" />
  <Point X="110.88099246534853" Y="169.0" />
  <Point X="111.0" Y="169.0" />
  <Point X="112.0" Y="169.0" />
  <Point X="113.0" Y="169.0" />
  <Point X="113.7551363988702" Y="169.0" />
  <Point X="114.0" Y="169.0" />
  <Point X="116.0" Y="169.0" />
  <Point X="116.62928033239189" Y="169.0" />
  <Point X="117.0" Y="169.0" />
  <Point X="118.0" Y="169.0" />
  <Point X="119.0" Y="169.0" />
  <Point X="119.50342426591357" Y="169.0" />
  <Point X="120.0" Y="169.0" />
  <Point X="121.0" Y="169.0" />
  <Point X="122.0" Y="169.0" />
  <Point X="122.37756819943525" Y="169.0" />
  <Point X="123.0" Y="169.0" />
  <Point X="124.0" Y="169.0" />
  <Point X="125.0" Y="169.0" />
  <Point X="125.25171213295692" Y="169.0" />
  <Point X="126.0" Y="169.0" />
  <Point X="126.0" Y="168.0" />
  <Point X="127.0" Y="168.0" />
  <Point X="127.1258560664786" Y="168.0" />
  <Point X="128.0" Y="168.0" />
  <Point X="129.0" Y="168.0" />
  <Point X="130.0" Y="168.0" />
</Project_1_Part_4>
