<?xml version="1.0" encoding="utf-8" standalone="yes"?>
<Gesture Name="left_curly_brace7" Subject="3" Number="3" NumPts="296">
  <Point X="147.0" Y="49.0" />
  <Point X="146.0" Y="49.0" />
  <Point X="145.0" Y="49.0" />
  <Point X="144.0" Y="49.0" />
  <Point X="144.0" Y="49.88502233654701" />
  <Point X="144.0" Y="50.0" />
  <Point X="143.0" Y="50.0" />
  <Point X="142.0" Y="50.0" />
  <Point X="141.0" Y="50.0" />
  <Point X="141.0" Y="50.77004467309402" />
  <Point X="141.0" Y="51.0" />
  <Point X="140.0" Y="51.0" />
  <Point X="139.0" Y="51.0" />
  <Point X="139.0" Y="52.0" />
  <Point X="138.34493299035898" Y="52.0" />
  <Point X="138.0" Y="52.0" />
  <Point X="138.0" Y="53.0" />
  <Point X="137.0" Y="53.0" />
  <Point X="136.0" Y="53.0" />
  <Point X="136.0" Y="53.540089346188026" />
  <Point X="136.0" Y="54.0" />
  <Point X="135.0" Y="54.0" />
  <Point X="135.0" Y="55.0" />
  <Point X="134.0" Y="55.0" />
  <Point X="134.0" Y="55.425111682735036" />
  <Point X="134.0" Y="56.0" />
  <Point X="133.0" Y="57.0" />
  <Point X="132.0" Y="57.0" />
  <Point X="132.0" Y="57.89592045690895" />
  <Point X="132.0" Y="58.0" />
  <Point X="131.0" Y="58.0" />
  <Point X="131.0" Y="59.0" />
  <Point X="130.0" Y="59.0" />
  <Point X="130.0" Y="59.78094279345596" />
  <Point X="130.0" Y="60.0" />
  <Point X="129.0" Y="60.0" />
  <Point X="128.0" Y="61.0" />
  <Point X="128.0" Y="62.0" />
  <Point X="127.74824843237013" Y="62.0" />
  <Point X="127.0" Y="62.0" />
  <Point X="127.0" Y="63.0" />
  <Point X="126.0" Y="63.0" />
  <Point X="126.0" Y="64.0" />
  <Point X="125.90328624486718" Y="64.09671375513282" />
  <Point X="125.0" Y="65.0" />
  <Point X="124.0" Y="66.0" />
  <Point X="124.0" Y="67.0" />
  <Point X="123.80663088402231" Y="67.0" />
  <Point X="123.0" Y="67.0" />
  <Point X="123.0" Y="68.0" />
  <Point X="122.0" Y="68.0" />
  <Point X="122.0" Y="69.0" />
  <Point X="122.0" Y="69.0783914525247" />
  <Point X="122.0" Y="70.0" />
  <Point X="121.0" Y="71.0" />
  <Point X="120.0" Y="71.0" />
  <Point X="120.0" Y="71.54920022669862" />
  <Point X="120.0" Y="73.0" />
  <Point X="119.0" Y="73.0" />
  <Point X="119.0" Y="74.0" />
  <Point X="119.0" Y="74.43422256324563" />
  <Point X="119.0" Y="75.0" />
  <Point X="118.0" Y="75.0" />
  <Point X="118.0" Y="76.0" />
  <Point X="118.0" Y="77.0" />
  <Point X="118.0" Y="77.31924489979264" />
  <Point X="118.0" Y="78.0" />
  <Point X="117.0" Y="78.0" />
  <Point X="117.0" Y="79.0" />
  <Point X="116.0" Y="79.0" />
  <Point X="116.0" Y="79.20426723633965" />
  <Point X="116.0" Y="80.0" />
  <Point X="116.0" Y="81.0" />
  <Point X="116.0" Y="82.0" />
  <Point X="116.0" Y="83.0" />
  <Point X="116.0" Y="83.08928957288666" />
  <Point X="116.0" Y="84.0" />
  <Point X="115.0" Y="85.0" />
  <Point X="115.0" Y="86.0" />
  <Point X="115.0" Y="86.56009834706057" />
  <Point X="115.0" Y="87.0" />
  <Point X="115.0" Y="88.0" />
  <Point X="115.0" Y="89.0" />
  <Point X="115.0" Y="90.0" />
  <Point X="115.0" Y="90.44512068360758" />
  <Point X="115.0" Y="91.0" />
  <Point X="115.0" Y="92.0" />
  <Point X="115.0" Y="93.0" />
  <Point X="115.0" Y="94.0" />
  <Point X="115.0" Y="94.3301430201546" />
  <Point X="115.0" Y="95.0" />
  <Point X="115.0" Y="96.0" />
  <Point X="115.0" Y="97.0" />
  <Point X="115.0" Y="98.0" />
  <Point X="115.0" Y="98.2151653567016" />
  <Point X="115.0" Y="99.0" />
  <Point X="116.0" Y="99.0" />
  <Point X="116.0" Y="100.0" />
  <Point X="117.0" Y="100.0" />
  <Point X="117.0" Y="100.10018769324861" />
  <Point X="117.0" Y="101.0" />
  <Point X="117.0" Y="102.0" />
  <Point X="117.0" Y="103.0" />
  <Point X="117.69664869296149" Y="103.69664869296149" />
  <Point X="118.0" Y="104.0" />
  <Point X="118.0" Y="105.0" />
  <Point X="119.0" Y="106.0" />
  <Point X="119.0" Y="107.0" />
  <Point X="119.04180524159645" Y="107.0" />
  <Point X="120.0" Y="107.0" />
  <Point X="121.0" Y="107.0" />
  <Point X="121.0" Y="108.0" />
  <Point X="121.92682757814346" Y="108.0" />
  <Point X="122.0" Y="108.0" />
  <Point X="123.0" Y="109.0" />
  <Point X="123.0" Y="110.0" />
  <Point X="124.0" Y="110.0" />
  <Point X="124.39763635231738" Y="110.0" />
  <Point X="125.0" Y="110.0" />
  <Point X="125.0" Y="111.0" />
  <Point X="126.0" Y="111.0" />
  <Point X="126.0" Y="112.0" />
  <Point X="125.71734131113561" Y="112.0" />
  <Point X="125.0" Y="112.0" />
  <Point X="124.0" Y="112.0" />
  <Point X="124.0" Y="113.0" />
  <Point X="123.17432482866874" Y="113.82567517133126" />
  <Point X="123.0" Y="114.0" />
  <Point X="122.0" Y="114.0" />
  <Point X="122.0" Y="115.0" />
  <Point X="121.0" Y="116.0" />
  <Point X="120.77572376278779" Y="116.0" />
  <Point X="120.0" Y="116.0" />
  <Point X="120.0" Y="117.0" />
  <Point X="119.0" Y="117.0" />
  <Point X="118.50390659634617" Y="117.99218680730768" />
  <Point X="118.0" Y="119.0" />
  <Point X="117.0" Y="119.0" />
  <Point X="117.0" Y="120.0" />
  <Point X="116.46383420935798" Y="120.53616579064202" />
  <Point X="116.0" Y="121.0" />
  <Point X="116.0" Y="122.0" />
  <Point X="115.0" Y="123.0" />
  <Point X="115.0" Y="123.81484814460725" />
  <Point X="115.0" Y="124.0" />
  <Point X="114.0" Y="125.0" />
  <Point X="114.0" Y="126.0" />
  <Point X="113.0" Y="126.0" />
  <Point X="113.0" Y="126.28565691878117" />
  <Point X="113.0" Y="127.0" />
  <Point X="113.0" Y="128.0" />
  <Point X="113.0" Y="129.0" />
  <Point X="113.0" Y="130.0" />
  <Point X="112.82932074467182" Y="130.0" />
  <Point X="112.0" Y="130.0" />
  <Point X="112.0" Y="131.0" />
  <Point X="112.0" Y="132.0" />
  <Point X="112.0" Y="133.0" />
  <Point X="112.0" Y="133.0557015918752" />
  <Point X="112.0" Y="134.0" />
  <Point X="112.0" Y="135.0" />
  <Point X="112.0" Y="136.0" />
  <Point X="112.0" Y="136.9407239284222" />
  <Point X="112.0" Y="137.0" />
  <Point X="113.0" Y="137.0" />
  <Point X="114.0" Y="137.0" />
  <Point X="114.0" Y="138.0" />
  <Point X="114.8257462649692" Y="138.0" />
  <Point X="115.0" Y="138.0" />
  <Point X="116.0" Y="138.0" />
  <Point X="116.0" Y="139.0" />
  <Point X="117.0" Y="139.0" />
  <Point X="117.71076860151621" Y="139.0" />
  <Point X="118.0" Y="139.0" />
  <Point X="119.0" Y="139.0" />
  <Point X="119.0" Y="140.0" />
  <Point X="120.0" Y="140.0" />
  <Point X="120.0" Y="140.5957909380632" />
  <Point X="120.0" Y="141.0" />
  <Point X="120.0" Y="142.0" />
  <Point X="120.0" Y="143.0" />
  <Point X="120.0" Y="144.0" />
  <Point X="120.0" Y="144.4808132746102" />
  <Point X="120.0" Y="145.0" />
  <Point X="120.0" Y="146.0" />
  <Point X="120.0" Y="147.0" />
  <Point X="120.0" Y="148.0" />
  <Point X="120.0" Y="148.3658356111572" />
  <Point X="120.0" Y="149.0" />
  <Point X="120.0" Y="150.0" />
  <Point X="119.0" Y="151.0" />
  <Point X="119.0" Y="151.8366443853311" />
  <Point X="119.0" Y="152.0" />
  <Point X="119.0" Y="153.0" />
  <Point X="119.0" Y="154.0" />
  <Point X="119.0" Y="155.0" />
  <Point X="118.27833327812188" Y="155.0" />
  <Point X="118.0" Y="155.0" />
  <Point X="118.0" Y="156.0" />
  <Point X="118.0" Y="157.0" />
  <Point X="117.0" Y="157.0" />
  <Point X="117.0" Y="157.60668905842513" />
  <Point X="117.0" Y="158.0" />
  <Point X="117.0" Y="159.0" />
  <Point X="117.0" Y="160.0" />
  <Point X="117.0" Y="161.0" />
  <Point X="117.0" Y="161.49171139497213" />
  <Point X="117.0" Y="162.0" />
  <Point X="116.0" Y="162.0" />
  <Point X="116.0" Y="163.0" />
  <Point X="116.0" Y="164.0" />
  <Point X="116.0" Y="164.37673373151912" />
  <Point X="116.0" Y="165.0" />
  <Point X="116.0" Y="166.0" />
  <Point X="116.0" Y="167.0" />
  <Point X="116.0" Y="168.0" />
  <Point X="115.73824393193387" Y="168.0" />
  <Point X="115.0" Y="168.0" />
  <Point X="115.0" Y="169.0" />
  <Point X="115.0" Y="170.0" />
  <Point X="115.0" Y="171.0" />
  <Point X="115.0" Y="171.14677840461314" />
  <Point X="115.0" Y="172.0" />
  <Point X="115.0" Y="173.0" />
  <Point X="115.0" Y="174.0" />
  <Point X="115.0" Y="175.0" />
  <Point X="115.0" Y="175.03180074116014" />
  <Point X="115.0" Y="176.0" />
  <Point X="115.0" Y="177.0" />
  <Point X="115.0" Y="178.0" />
  <Point X="115.0" Y="178.91682307770714" />
  <Point X="115.0" Y="179.0" />
  <Point X="115.0" Y="181.0" />
  <Point X="115.0" Y="182.0" />
  <Point X="115.0" Y="182.80184541425413" />
  <Point X="115.0" Y="183.0" />
  <Point X="115.0" Y="184.0" />
  <Point X="115.0" Y="185.0" />
  <Point X="115.0" Y="186.0" />
  <Point X="115.0" Y="186.68686775080113" />
  <Point X="115.0" Y="187.0" />
  <Point X="115.0" Y="188.0" />
  <Point X="115.0" Y="189.0" />
  <Point X="115.0" Y="190.0" />
  <Point X="115.0" Y="190.57189008734812" />
  <Point X="115.0" Y="191.0" />
  <Point X="116.0" Y="191.0" />
  <Point X="116.0" Y="192.0" />
  <Point X="116.0" Y="193.0" />
  <Point X="116.45691242389513" Y="193.0" />
  <Point X="117.0" Y="193.0" />
  <Point X="117.0" Y="194.0" />
  <Point X="118.0" Y="195.0" />
  <Point X="118.0" Y="195.92772119806904" />
  <Point X="118.0" Y="196.0" />
  <Point X="119.0" Y="197.0" />
  <Point X="119.0" Y="198.0" />
  <Point X="119.98891002706563" Y="198.98891002706563" />
  <Point X="120.0" Y="199.0" />
  <Point X="121.0" Y="200.0" />
  <Point X="122.0" Y="200.0" />
  <Point X="122.0" Y="201.0" />
  <Point X="122.45512518404378" Y="201.0" />
  <Point X="123.0" Y="201.0" />
  <Point X="123.0" Y="202.0" />
  <Point X="124.0" Y="202.0" />
  <Point X="124.0" Y="203.0" />
  <Point X="124.24052061841354" Y="203.24052061841354" />
  <Point X="125.0" Y="204.0" />
  <Point X="126.0" Y="204.0" />
  <Point X="127.0" Y="204.0" />
  <Point X="127.0" Y="204.8109562947647" />
  <Point X="127.0" Y="205.0" />
  <Point X="128.0" Y="205.0" />
  <Point X="130.0" Y="206.0" />
  <Point X="130.45991065381193" Y="206.0" />
  <Point X="131.0" Y="206.0" />
  <Point X="131.0" Y="207.0" />
  <Point X="132.0" Y="207.0" />
  <Point X="133.0" Y="207.0" />
  <Point X="133.34493299035893" Y="207.0" />
  <Point X="134.0" Y="207.0" />
  <Point X="135.0" Y="207.0" />
  <Point X="136.0" Y="207.0" />
  <Point X="137.0" Y="207.0" />
  <Point X="137.22995532690592" Y="207.0" />
  <Point X="138.0" Y="207.0" />
  <Point X="139.0" Y="207.0" />
  <Point X="140.0" Y="207.0" />
  <Point X="141.0" Y="207.0" />
  <Point X="141.11497766345292" Y="207.0" />
  <Point X="142.0" Y="207.0" />
  <Point X="142.0" Y="206.0" />
  <Point X="143.0" Y="206.0" />
  <Point X="143.99999999999991" Y="206.0" />
  <Point X="144.0" Y="206.0" />
</Project_1_Part_4>
