<?xml version="1.0" encoding="utf-8" standalone="yes"?>
<Gesture Name="pigtail5" Subject="3" Number="3" NumPts="357">
  <Point X="88.0" Y="130.0" />
  <Point X="89.0" Y="130.0" />
  <Point X="90.0" Y="130.0" />
  <Point X="90.0" Y="129.0" />
  <Point X="91.0" Y="129.0" />
  <Point X="91.98309732384038" Y="128.01690267615962" />
  <Point X="92.0" Y="128.0" />
  <Point X="93.0" Y="128.0" />
  <Point X="94.0" Y="127.0" />
  <Point X="95.0" Y="127.0" />
  <Point X="95.0" Y="126.0" />
  <Point X="95.95219201226934" Y="126.0" />
  <Point X="96.0" Y="126.0" />
  <Point X="96.0" Y="125.0" />
  <Point X="97.0" Y="125.0" />
  <Point X="98.0" Y="125.0" />
  <Point X="98.0" Y="124.0" />
  <Point X="99.0" Y="124.0" />
  <Point X="99.2421851903346" Y="123.7578148096654" />
  <Point X="100.0" Y="123.0" />
  <Point X="101.0" Y="123.0" />
  <Point X="101.0" Y="122.0" />
  <Point X="102.0" Y="122.0" />
  <Point X="102.93238929536152" Y="121.06761070463848" />
  <Point X="103.0" Y="121.0" />
  <Point X="104.0" Y="120.0" />
  <Point X="105.0" Y="120.0" />
  <Point X="105.0" Y="119.0" />
  <Point X="106.0" Y="119.0" />
  <Point X="106.62259340038844" Y="118.37740659961156" />
  <Point X="107.0" Y="118.0" />
  <Point X="108.0" Y="117.0" />
  <Point X="109.0" Y="116.0" />
  <Point X="110.0" Y="116.0" />
  <Point X="110.0" Y="115.0" />
  <Point X="110.0281489120618" Y="115.0" />
  <Point X="111.0" Y="115.0" />
  <Point X="111.0" Y="114.0" />
  <Point X="112.0" Y="113.0" />
  <Point X="113.0" Y="113.0" />
  <Point X="113.71010839162885" Y="112.28989160837115" />
  <Point X="114.0" Y="112.0" />
  <Point X="115.0" Y="112.0" />
  <Point X="116.0" Y="111.0" />
  <Point X="116.0" Y="110.0" />
  <Point X="117.0" Y="109.0" />
  <Point X="117.10741927784233" Y="108.89258072215767" />
  <Point X="118.0" Y="108.0" />
  <Point X="119.0" Y="107.0" />
  <Point X="120.0" Y="107.0" />
  <Point X="121.0" Y="106.0" />
  <Point X="121.0" Y="105.70041731902658" />
  <Point X="121.0" Y="105.0" />
  <Point X="122.0" Y="104.0" />
  <Point X="123.0" Y="103.0" />
  <Point X="124.0" Y="103.0" />
  <Point X="124.0" Y="102.13853487526501" />
  <Point X="124.0" Y="102.0" />
  <Point X="125.0" Y="101.0" />
  <Point X="125.0" Y="100.0" />
  <Point X="126.0" Y="100.0" />
  <Point X="126.0" Y="99.0" />
  <Point X="126.59224515529621" Y="98.40775484470379" />
  <Point X="127.0" Y="98.0" />
  <Point X="127.0" Y="97.0" />
  <Point X="128.0" Y="97.0" />
  <Point X="128.0" Y="96.0" />
  <Point X="129.0" Y="95.0" />
  <Point X="129.28244926032315" Y="94.71755073967687" />
  <Point X="130.0" Y="94.0" />
  <Point X="131.0" Y="94.0" />
  <Point X="131.0" Y="93.0" />
  <Point X="131.0" Y="92.0" />
  <Point X="131.97265336535006" Y="91.02734663464993" />
  <Point X="132.0" Y="91.0" />
  <Point X="132.0" Y="90.0" />
  <Point X="133.0" Y="90.0" />
  <Point X="133.0" Y="89.0" />
  <Point X="134.0" Y="89.0" />
  <Point X="134.0" Y="88.0" />
  <Point X="134.35163558690056" Y="88.0" />
  <Point X="135.0" Y="88.0" />
  <Point X="135.0" Y="87.0" />
  <Point X="135.0" Y="86.0" />
  <Point X="136.0" Y="86.0" />
  <Point X="136.0" Y="85.0" />
  <Point X="136.0" Y="84.25805484459168" />
  <Point X="136.0" Y="84.0" />
  <Point X="137.0" Y="84.0" />
  <Point X="138.0" Y="83.0" />
  <Point X="138.0" Y="82.0" />
  <Point X="138.0" Y="81.0" />
  <Point X="138.5077317744981" Y="80.49226822550189" />
  <Point X="139.0" Y="80.0" />
  <Point X="139.0" Y="79.0" />
  <Point X="140.0" Y="78.0" />
  <Point X="140.0" Y="77.0" />
  <Point X="140.0" Y="76.0" />
  <Point X="140.27992360530456" Y="76.0" />
  <Point X="141.0" Y="76.0" />
  <Point X="142.0" Y="75.0" />
  <Point X="142.0" Y="74.0" />
  <Point X="142.0" Y="73.0" />
  <Point X="142.88813998455197" Y="72.11186001544803" />
  <Point X="143.0" Y="72.0" />
  <Point X="143.0" Y="71.0" />
  <Point X="143.0" Y="70.0" />
  <Point X="143.0" Y="69.0" />
  <Point X="144.0" Y="69.0" />
  <Point X="144.0" Y="68.0" />
  <Point X="144.0" Y="67.7678843824261" />
  <Point X="144.0" Y="67.0" />
  <Point X="144.0" Y="66.0" />
  <Point X="144.0" Y="65.0" />
  <Point X="145.0" Y="65.0" />
  <Point X="145.0" Y="64.0" />
  <Point X="145.44012106985963" Y="63.559878930140364" />
  <Point X="146.0" Y="63.0" />
  <Point X="146.0" Y="62.0" />
  <Point X="146.0" Y="61.0" />
  <Point X="146.0" Y="60.0" />
  <Point X="146.0" Y="59.0" />
  <Point X="146.0" Y="58.40147880778368" />
  <Point X="146.0" Y="58.0" />
  <Point X="146.0" Y="57.0" />
  <Point X="146.0" Y="56.0" />
  <Point X="145.0" Y="56.0" />
  <Point X="144.0" Y="56.0" />
  <Point X="144.0" Y="55.01116923927592" />
  <Point X="144.0" Y="55.0" />
  <Point X="143.0" Y="55.0" />
  <Point X="142.0" Y="55.0" />
  <Point X="141.0" Y="55.0" />
  <Point X="140.0" Y="55.0" />
  <Point X="139.0" Y="55.0" />
  <Point X="138.62085967076817" Y="55.0" />
  <Point X="138.0" Y="55.0" />
  <Point X="137.0" Y="55.0" />
  <Point X="136.0" Y="56.0" />
  <Point X="135.0" Y="56.0" />
  <Point X="135.0" Y="57.0" />
  <Point X="134.6447636646335" Y="57.0" />
  <Point X="134.0" Y="57.0" />
  <Point X="133.0" Y="58.0" />
  <Point X="132.0" Y="59.0" />
  <Point X="131.0" Y="59.0" />
  <Point X="131.0" Y="59.917118779128074" />
  <Point X="131.0" Y="60.0" />
  <Point X="130.0" Y="60.0" />
  <Point X="129.0" Y="61.0" />
  <Point X="129.0" Y="62.0" />
  <Point X="128.0" Y="62.0" />
  <Point X="128.0" Y="62.89321478526274" />
  <Point X="128.0" Y="63.0" />
  <Point X="127.0" Y="63.0" />
  <Point X="127.0" Y="64.0" />
  <Point X="126.0" Y="65.0" />
  <Point X="125.0" Y="66.0" />
  <Point X="124.6781976632577" Y="66.3218023367423" />
  <Point X="124.0" Y="67.0" />
  <Point X="124.0" Y="68.0" />
  <Point X="123.0" Y="69.0" />
  <Point X="123.0" Y="70.0" />
  <Point X="122.0" Y="70.0" />
  <Point X="121.98799355823077" Y="70.01200644176923" />
  <Point X="121.0" Y="71.0" />
  <Point X="120.0" Y="72.0" />
  <Point X="120.0" Y="73.0" />
  <Point X="120.0" Y="74.0" />
  <Point X="119.42113788345254" Y="74.0" />
  <Point X="119.0" Y="74.0" />
  <Point X="119.0" Y="75.0" />
  <Point X="118.0" Y="76.0" />
  <Point X="117.0" Y="77.0" />
  <Point X="117.0" Y="78.0" />
  <Point X="116.85925543969097" Y="78.0" />
  <Point X="116.0" Y="78.0" />
  <Point X="116.0" Y="80.0" />
  <Point X="115.0" Y="80.0" />
  <Point X="114.0" Y="81.0" />
  <Point X="114.0" Y="81.1168405664437" />
  <Point X="114.0" Y="82.0" />
  <Point X="114.0" Y="83.0" />
  <Point X="113.0" Y="83.0" />
  <Point X="113.0" Y="84.0" />
  <Point X="112.0" Y="85.0" />
  <Point X="111.9342839193096" Y="85.0657160806904" />
  <Point X="111.0" Y="86.0" />
  <Point X="111.0" Y="87.0" />
  <Point X="111.0" Y="88.0" />
  <Point X="110.0" Y="89.0" />
  <Point X="110.0" Y="89.65481901633993" />
  <Point X="110.0" Y="90.0" />
  <Point X="109.0" Y="91.0" />
  <Point X="108.0" Y="92.0" />
  <Point X="108.0" Y="93.0" />
  <Point X="108.0" Y="94.0" />
  <Point X="107.84676892806921" Y="94.15323107193079" />
  <Point X="107.0" Y="95.0" />
  <Point X="107.0" Y="96.0" />
  <Point X="106.0" Y="97.0" />
  <Point X="106.0" Y="98.0" />
  <Point X="105.44945804185573" Y="98.55054195814427" />
  <Point X="105.0" Y="99.0" />
  <Point X="105.0" Y="100.0" />
  <Point X="105.0" Y="101.0" />
  <Point X="104.0" Y="101.0" />
  <Point X="104.0" Y="102.75467990999773" />
  <Point X="104.0" Y="103.0" />
  <Point X="104.0" Y="104.0" />
  <Point X="104.0" Y="105.0" />
  <Point X="104.0" Y="106.0" />
  <Point X="104.0" Y="107.0" />
  <Point X="104.0" Y="108.0" />
  <Point X="104.0" Y="108.1449894785055" />
  <Point X="104.0" Y="109.0" />
  <Point X="104.0" Y="110.0" />
  <Point X="104.0" Y="111.0" />
  <Point X="104.0" Y="112.0" />
  <Point X="104.0" Y="113.0" />
  <Point X="104.0" Y="113.53529904701325" />
  <Point X="104.0" Y="114.0" />
  <Point X="104.0" Y="115.0" />
  <Point X="104.0" Y="116.0" />
  <Point X="105.0" Y="117.0" />
  <Point X="106.0" Y="118.0" />
  <Point X="106.0687176911327" Y="118.0687176911327" />
  <Point X="107.0" Y="119.0" />
  <Point X="108.0" Y="119.0" />
  <Point X="108.0" Y="120.0" />
  <Point X="109.0" Y="120.0" />
  <Point X="110.0" Y="120.0" />
  <Point X="110.0732774969095" Y="120.0" />
  <Point X="111.0" Y="120.0" />
  <Point X="112.0" Y="120.0" />
  <Point X="112.0" Y="121.0" />
  <Point X="113.0" Y="121.0" />
  <Point X="114.0" Y="121.0" />
  <Point X="114.46358706541726" Y="121.0" />
  <Point X="115.0" Y="121.0" />
  <Point X="116.0" Y="121.0" />
  <Point X="117.0" Y="121.0" />
  <Point X="118.0" Y="121.0" />
  <Point X="119.0" Y="121.0" />
  <Point X="119.85389663392502" Y="121.0" />
  <Point X="120.0" Y="121.0" />
  <Point X="121.0" Y="121.0" />
  <Point X="122.0" Y="121.0" />
  <Point X="123.0" Y="121.0" />
  <Point X="124.0" Y="121.0" />
  <Point X="125.0" Y="121.0" />
  <Point X="125.24420620243278" Y="121.0" />
  <Point X="126.0" Y="121.0" />
  <Point X="127.0" Y="121.0" />
  <Point X="128.0" Y="120.0" />
  <Point X="130.0" Y="120.0" />
  <Point X="130.22030220856743" Y="120.0" />
  <Point X="131.0" Y="120.0" />
  <Point X="132.0" Y="120.0" />
  <Point X="133.0" Y="119.0" />
  <Point X="134.0" Y="119.0" />
  <Point X="135.0" Y="119.0" />
  <Point X="135.1756639034934" Y="118.9121680482533" />
  <Point X="137.0" Y="118.0" />
  <Point X="138.0" Y="117.0" />
  <Point X="139.93642624333697" Y="117.0" />
  <Point X="141.0" Y="117.0" />
  <Point X="142.0" Y="116.0" />
  <Point X="144.0" Y="116.0" />
  <Point X="144.91252224947164" Y="116.0" />
  <Point X="146.0" Y="116.0" />
  <Point X="146.0" Y="115.0" />
  <Point X="147.0" Y="114.0" />
  <Point X="148.0" Y="114.0" />
  <Point X="148.8886182556063" Y="114.0" />
  <Point X="149.0" Y="114.0" />
  <Point X="150.0" Y="114.0" />
  <Point X="150.0" Y="113.0" />
  <Point X="152.0" Y="113.0" />
  <Point X="152.9043385370792" Y="112.09566146292079" />
  <Point X="153.0" Y="112.0" />
  <Point X="155.0" Y="112.0" />
  <Point X="155.0" Y="111.0" />
  <Point X="156.0" Y="111.0" />
  <Point X="157.0" Y="111.0" />
  <Point X="157.22810024812742" Y="110.88594987593629" />
  <Point X="159.0" Y="110.0" />
  <Point X="160.0" Y="109.0" />
  <Point X="161.0" Y="109.0" />
  <Point X="161.8900014390405" Y="108.55499928047975" />
  <Point X="163.0" Y="108.0" />
  <Point X="164.0" Y="108.0" />
  <Point X="165.0" Y="107.0" />
  <Point X="166.0" Y="107.0" />
  <Point X="166.73507988751848" Y="107.0" />
  <Point X="167.0" Y="107.0" />
  <Point X="167.0" Y="106.0" />
  <Point X="169.0" Y="106.0" />
  <Point X="169.0" Y="105.0" />
  <Point X="170.0" Y="105.0" />
  <Point X="170.12538945602626" Y="105.0" />
  <Point X="171.0" Y="105.0" />
  <Point X="172.0" Y="104.0" />
  <Point X="173.0" Y="104.0" />
  <Point X="174.87962573884775" Y="103.06018713057613" />
  <Point X="175.0" Y="103.0" />
  <Point X="176.0" Y="102.0" />
  <Point X="177.0" Y="102.0" />
  <Point X="178.0" Y="102.0" />
  <Point X="178.0" Y="101.0" />
  <Point X="178.8415134907958" Y="101.0" />
  <Point X="179.0" Y="101.0" />
  <Point X="180.0" Y="101.0" />
  <Point X="181.0" Y="100.0" />
  <Point X="181.0" Y="99.0" />
  <Point X="182.0" Y="99.0" />
  <Point X="182.81760949693046" Y="99.0" />
  <Point X="183.0" Y="99.0" />
  <Point X="184.0" Y="98.0" />
  <Point X="185.0" Y="98.0" />
  <Point X="186.0" Y="97.0" />
  <Point X="187.2338551015202" Y="96.3830724492399" />
  <Point X="188.0" Y="96.0" />
  <Point X="189.0" Y="96.0" />
  <Point X="190.0" Y="95.0" />
  <Point X="191.0" Y="95.0" />
  <Point X="192.0" Y="95.0" />
  <Point X="192.0" Y="94.8804800306731" />
  <Point X="192.0" Y="94.0" />
  <Point X="193.0" Y="94.0" />
  <Point X="194.0" Y="94.0" />
  <Point X="195.0" Y="93.0" />
  <Point X="195.7747174858252" Y="92.22528251417481" />
  <Point X="196.0" Y="92.0" />
  <Point X="197.0" Y="92.0" />
  <Point X="197.0" Y="91.0" />
  <Point X="198.0" Y="91.0" />
  <Point X="199.0" Y="91.0" />
  <Point X="199.0" Y="90.0" />
  <Point X="199.07171198159625" Y="90.0" />
  <Point X="200.0" Y="90.0" />
  <Point X="201.0" Y="90.0" />
  <Point X="202.0" Y="89.0" />
  <Point X="203.0" Y="89.0" />
  <Point X="203.0" Y="88.0" />
  <Point X="203.04780798773092" Y="88.0" />
  <Point X="204.0" Y="88.0" />
  <Point X="204.0" Y="87.0" />
  <Point X="205.0" Y="87.0" />
  <Point X="206.0" Y="86.0" />
  <Point X="207.0" Y="86.0" />
  <Point X="207.0169026761598" Y="85.9830973238402" />
  <Point X="208.0" Y="85.0" />
  <Point X="208.0" Y="84.0" />
  <Point X="209.0" Y="84.0" />
  <Point X="209.0" Y="83.0" />
  <Point X="210.0" Y="83.0" />
</Project_1_Part_4>
