<?xml version="1.0" encoding="utf-8" standalone="yes"?>
<Gesture Name="pigtail7" Subject="3" Number="3" NumPts="392">
  <Point X="71.0" Y="164.0" />
  <Point X="72.0" Y="164.0" />
  <Point X="73.0" Y="164.0" />
  <Point X="73.0" Y="163.0" />
  <Point X="73.0" Y="162.0" />
  <Point X="74.0" Y="162.0" />
  <Point X="74.0" Y="161.0" />
  <Point X="74.01109166494639" Y="161.0" />
  <Point X="75.0" Y="161.0" />
  <Point X="76.0" Y="160.0" />
  <Point X="77.0" Y="160.0" />
  <Point X="78.0" Y="159.0" />
  <Point X="78.0" Y="158.0" />
  <Point X="78.19375620514658" Y="158.0" />
  <Point X="79.0" Y="158.0" />
  <Point X="80.0" Y="158.0" />
  <Point X="81.0" Y="157.0" />
  <Point X="82.0" Y="157.0" />
  <Point X="83.0" Y="156.0" />
  <Point X="83.37642074534678" Y="156.0" />
  <Point X="84.0" Y="156.0" />
  <Point X="85.0" Y="155.0" />
  <Point X="86.0" Y="154.0" />
  <Point X="87.0" Y="154.0" />
  <Point X="88.0" Y="154.0" />
  <Point X="88.39533299667188" Y="153.6046670033281" />
  <Point X="89.0" Y="153.0" />
  <Point X="90.0" Y="152.0" />
  <Point X="91.0" Y="152.0" />
  <Point X="92.0" Y="152.0" />
  <Point X="93.0" Y="151.0" />
  <Point X="93.0" Y="150.6724637366259" />
  <Point X="93.0" Y="150.0" />
  <Point X="95.0" Y="150.0" />
  <Point X="96.0" Y="149.0" />
  <Point X="97.0" Y="149.0" />
  <Point X="97.65365966678766" Y="148.34634033321234" />
  <Point X="98.0" Y="148.0" />
  <Point X="99.0" Y="148.0" />
  <Point X="100.0" Y="148.0" />
  <Point X="100.0" Y="147.0" />
  <Point X="101.0" Y="146.0" />
  <Point X="102.0" Y="146.0" />
  <Point X="102.10707890614758" Y="146.0" />
  <Point X="103.0" Y="146.0" />
  <Point X="104.0" Y="145.0" />
  <Point X="105.0" Y="145.0" />
  <Point X="106.0" Y="145.0" />
  <Point X="106.0" Y="144.0" />
  <Point X="106.49777277453032" Y="143.50222722546968" />
  <Point X="107.0" Y="143.0" />
  <Point X="108.0" Y="143.0" />
  <Point X="109.0" Y="142.0" />
  <Point X="110.0" Y="141.0" />
  <Point X="111.47240798654796" Y="141.0" />
  <Point X="112.0" Y="141.0" />
  <Point X="112.0" Y="140.0" />
  <Point X="113.0" Y="139.0" />
  <Point X="114.0" Y="138.0" />
  <Point X="115.0" Y="138.0" />
  <Point X="115.46320622583264" Y="137.53679377416736" />
  <Point X="116.0" Y="137.0" />
  <Point X="117.0" Y="136.0" />
  <Point X="118.0" Y="136.0" />
  <Point X="118.0" Y="135.0" />
  <Point X="119.0" Y="135.0" />
  <Point X="119.0" Y="134.16226293305164" />
  <Point X="119.0" Y="134.0" />
  <Point X="120.0" Y="134.0" />
  <Point X="120.0" Y="133.0" />
  <Point X="122.0" Y="132.0" />
  <Point X="122.0" Y="131.0" />
  <Point X="122.61276075439496" Y="131.0" />
  <Point X="123.0" Y="131.0" />
  <Point X="124.0" Y="130.0" />
  <Point X="124.0" Y="129.0" />
  <Point X="125.0" Y="128.0" />
  <Point X="126.0" Y="128.0" />
  <Point X="126.0" Y="127.20457470540485" />
  <Point X="126.0" Y="127.0" />
  <Point X="127.0" Y="126.0" />
  <Point X="128.0" Y="125.0" />
  <Point X="128.0" Y="124.0" />
  <Point X="129.0" Y="123.0" />
  <Point X="129.39872073597996" Y="122.60127926402004" />
  <Point X="130.0" Y="122.0" />
  <Point X="130.0" Y="121.0" />
  <Point X="130.0" Y="120.0" />
  <Point X="131.0" Y="120.0" />
  <Point X="131.0" Y="119.0" />
  <Point X="131.8207772898513" Y="118.17922271014871" />
  <Point X="132.0" Y="118.0" />
  <Point X="132.0" Y="117.0" />
  <Point X="133.0" Y="116.0" />
  <Point X="133.0" Y="115.0" />
  <Point X="134.0" Y="115.0" />
  <Point X="134.0" Y="114.0" />
  <Point X="134.0" Y="113.65658108480427" />
  <Point X="134.0" Y="113.0" />
  <Point X="135.0" Y="113.0" />
  <Point X="135.0" Y="112.0" />
  <Point X="135.0" Y="111.0" />
  <Point X="135.0" Y="110.0" />
  <Point X="136.0" Y="110.0" />
  <Point X="136.0" Y="109.64548941985788" />
  <Point X="136.0" Y="109.0" />
  <Point X="136.0" Y="108.0" />
  <Point X="137.0" Y="107.0" />
  <Point X="138.0" Y="106.0" />
  <Point X="138.0" Y="105.0" />
  <Point X="138.0" Y="104.46282487965769" />
  <Point X="138.0" Y="104.0" />
  <Point X="139.0" Y="103.0" />
  <Point X="139.0" Y="102.0" />
  <Point X="140.0" Y="101.0" />
  <Point X="140.0" Y="100.0" />
  <Point X="140.0" Y="99.2801603394575" />
  <Point X="140.0" Y="99.0" />
  <Point X="141.0" Y="99.0" />
  <Point X="141.0" Y="98.0" />
  <Point X="142.0" Y="96.0" />
  <Point X="142.0" Y="95.0" />
  <Point X="142.0" Y="94.5051366520109" />
  <Point X="142.0" Y="94.0" />
  <Point X="143.0" Y="93.0" />
  <Point X="143.0" Y="92.0" />
  <Point X="143.0" Y="91.0" />
  <Point X="143.0" Y="90.0" />
  <Point X="143.0" Y="89.0" />
  <Point X="143.0" Y="88.90825854943762" />
  <Point X="143.0" Y="88.0" />
  <Point X="144.0" Y="87.0" />
  <Point X="144.0" Y="86.0" />
  <Point X="144.0" Y="85.0" />
  <Point X="144.0" Y="84.0" />
  <Point X="144.0" Y="83.31138044686433" />
  <Point X="144.0" Y="83.0" />
  <Point X="144.0" Y="82.0" />
  <Point X="144.0" Y="81.0" />
  <Point X="144.0" Y="80.0" />
  <Point X="144.0" Y="79.0" />
  <Point X="144.0" Y="78.0" />
  <Point X="143.30028878191794" Y="78.0" />
  <Point X="143.0" Y="78.0" />
  <Point X="143.0" Y="77.0" />
  <Point X="143.0" Y="76.0" />
  <Point X="142.0" Y="76.0" />
  <Point X="142.0" Y="75.0" />
  <Point X="141.0" Y="75.0" />
  <Point X="141.0" Y="74.28919711697155" />
  <Point X="141.0" Y="74.0" />
  <Point X="140.0" Y="74.0" />
  <Point X="139.0" Y="73.0" />
  <Point X="138.0" Y="73.0" />
  <Point X="137.0" Y="73.0" />
  <Point X="137.0" Y="72.0" />
  <Point X="136.69231901439827" Y="72.0" />
  <Point X="136.0" Y="72.0" />
  <Point X="135.0" Y="72.0" />
  <Point X="135.0" Y="71.0" />
  <Point X="134.0" Y="71.0" />
  <Point X="133.0" Y="71.0" />
  <Point X="132.0" Y="71.0" />
  <Point X="131.6812273494519" Y="71.0" />
  <Point X="131.0" Y="71.0" />
  <Point X="131.0" Y="70.0" />
  <Point X="130.0" Y="70.0" />
  <Point X="129.0" Y="70.0" />
  <Point X="128.0" Y="70.0" />
  <Point X="127.0" Y="70.0" />
  <Point X="126.6701356845055" Y="70.0" />
  <Point X="126.0" Y="70.0" />
  <Point X="125.0" Y="70.0" />
  <Point X="124.0" Y="70.0" />
  <Point X="123.0" Y="70.0" />
  <Point X="122.0" Y="70.0" />
  <Point X="120.6590440195591" Y="70.0" />
  <Point X="120.0" Y="70.0" />
  <Point X="120.0" Y="71.0" />
  <Point X="119.0" Y="71.0" />
  <Point X="118.0" Y="71.0" />
  <Point X="117.0" Y="71.0" />
  <Point X="116.0" Y="71.0" />
  <Point X="116.0" Y="71.35204764538729" />
  <Point X="116.0" Y="72.0" />
  <Point X="115.0" Y="72.0" />
  <Point X="114.0" Y="72.0" />
  <Point X="113.0" Y="73.0" />
  <Point X="112.0" Y="73.0" />
  <Point X="111.32900816877456" Y="73.67099183122544" />
  <Point X="111.0" Y="74.0" />
  <Point X="110.0" Y="75.0" />
  <Point X="109.0" Y="75.0" />
  <Point X="109.0" Y="76.0" />
  <Point X="108.0" Y="76.0" />
  <Point X="107.0" Y="76.0" />
  <Point X="107.0" Y="76.13159028816077" />
  <Point X="107.0" Y="77.0" />
  <Point X="106.0" Y="77.0" />
  <Point X="106.0" Y="78.0" />
  <Point X="105.0" Y="79.0" />
  <Point X="104.0" Y="79.0" />
  <Point X="104.0" Y="79.72846839073405" />
  <Point X="104.0" Y="80.0" />
  <Point X="103.0" Y="80.0" />
  <Point X="103.0" Y="81.0" />
  <Point X="102.0" Y="81.0" />
  <Point X="102.0" Y="82.0" />
  <Point X="102.0" Y="83.0" />
  <Point X="101.26043994431956" Y="83.0" />
  <Point X="101.0" Y="83.0" />
  <Point X="100.0" Y="84.0" />
  <Point X="99.0" Y="84.0" />
  <Point X="99.0" Y="85.0" />
  <Point X="98.0" Y="85.0" />
  <Point X="98.0" Y="86.0" />
  <Point X="98.0" Y="86.33643815825373" />
  <Point X="98.0" Y="87.0" />
  <Point X="97.0" Y="88.0" />
  <Point X="96.0" Y="88.0" />
  <Point X="96.0" Y="89.0" />
  <Point X="95.0" Y="90.0" />
  <Point X="95.0" Y="90.51910269845392" />
  <Point X="95.0" Y="91.0" />
  <Point X="93.0" Y="92.0" />
  <Point X="93.0" Y="93.0" />
  <Point X="93.0" Y="94.0" />
  <Point X="92.0" Y="94.0" />
  <Point X="92.0" Y="94.29412638590051" />
  <Point X="92.0" Y="95.0" />
  <Point X="92.0" Y="96.0" />
  <Point X="91.0" Y="96.0" />
  <Point X="91.0" Y="97.0" />
  <Point X="91.0" Y="98.0" />
  <Point X="91.0" Y="99.0" />
  <Point X="91.0" Y="99.3052180508469" />
  <Point X="91.0" Y="100.0" />
  <Point X="90.0" Y="100.0" />
  <Point X="90.0" Y="101.0" />
  <Point X="90.0" Y="102.0" />
  <Point X="90.0" Y="103.0" />
  <Point X="90.0" Y="104.0" />
  <Point X="90.0" Y="104.3163097157933" />
  <Point X="90.0" Y="105.0" />
  <Point X="90.0" Y="106.0" />
  <Point X="90.0" Y="107.0" />
  <Point X="90.0" Y="108.0" />
  <Point X="90.0" Y="109.0" />
  <Point X="90.0" Y="110.0" />
  <Point X="90.0" Y="110.32740138073969" />
  <Point X="90.0" Y="111.0" />
  <Point X="91.0" Y="112.0" />
  <Point X="92.0" Y="113.0" />
  <Point X="92.0" Y="114.0" />
  <Point X="93.0" Y="114.0" />
  <Point X="93.0" Y="114.51006592093988" />
  <Point X="93.0" Y="115.0" />
  <Point X="94.0" Y="115.0" />
  <Point X="95.0" Y="116.0" />
  <Point X="96.0" Y="116.0" />
  <Point X="96.0" Y="117.0" />
  <Point X="97.0" Y="117.0" />
  <Point X="97.10694402351317" Y="117.0" />
  <Point X="98.0" Y="117.0" />
  <Point X="98.0" Y="118.0" />
  <Point X="99.0" Y="118.0" />
  <Point X="100.0" Y="118.0" />
  <Point X="101.0" Y="118.0" />
  <Point X="102.0" Y="118.0" />
  <Point X="102.11803568845956" Y="118.0" />
  <Point X="103.0" Y="118.0" />
  <Point X="104.0" Y="118.0" />
  <Point X="105.0" Y="118.0" />
  <Point X="106.0" Y="118.0" />
  <Point X="107.0" Y="118.0" />
  <Point X="108.12912735340595" Y="118.0" />
  <Point X="109.0" Y="118.0" />
  <Point X="110.0" Y="118.0" />
  <Point X="111.0" Y="118.0" />
  <Point X="112.0" Y="118.0" />
  <Point X="113.0" Y="118.0" />
  <Point X="114.0" Y="118.0" />
  <Point X="114.14021901835234" Y="118.0" />
  <Point X="116.0" Y="118.0" />
  <Point X="117.0" Y="118.0" />
  <Point X="118.0" Y="118.0" />
  <Point X="119.0" Y="118.0" />
  <Point X="120.02976358043108" Y="117.48511820978446" />
  <Point X="121.0" Y="117.0" />
  <Point X="122.0" Y="117.0" />
  <Point X="124.0" Y="116.0" />
  <Point X="125.0" Y="116.0" />
  <Point X="125.69026639324554" Y="116.0" />
  <Point X="126.0" Y="116.0" />
  <Point X="127.0" Y="115.0" />
  <Point X="129.0" Y="115.0" />
  <Point X="130.0" Y="115.0" />
  <Point X="130.91014860136045" Y="114.08985139863957" />
  <Point X="131.0" Y="114.0" />
  <Point X="133.0" Y="113.0" />
  <Point X="135.0" Y="113.0" />
  <Point X="136.0" Y="112.0" />
  <Point X="136.16527988752068" Y="111.83472011247932" />
  <Point X="137.0" Y="111.0" />
  <Point X="138.0" Y="111.0" />
  <Point X="140.0" Y="111.0" />
  <Point X="141.0" Y="110.0" />
  <Point X="141.29444322257856" Y="109.70555677742144" />
  <Point X="142.0" Y="109.0" />
  <Point X="143.0" Y="109.0" />
  <Point X="144.0" Y="109.0" />
  <Point X="145.0" Y="108.0" />
  <Point X="146.0" Y="108.0" />
  <Point X="146.59907013891964" Y="108.0" />
  <Point X="147.0" Y="108.0" />
  <Point X="149.0" Y="107.0" />
  <Point X="150.0" Y="106.0" />
  <Point X="151.95988026399314" Y="106.0" />
  <Point X="152.0" Y="106.0" />
  <Point X="153.0" Y="106.0" />
  <Point X="154.0" Y="105.0" />
  <Point X="155.0" Y="104.0" />
  <Point X="156.0" Y="104.0" />
  <Point X="157.0" Y="104.0" />
  <Point X="157.14254480419334" Y="104.0" />
  <Point X="158.0" Y="104.0" />
  <Point X="159.0" Y="103.0" />
  <Point X="160.0" Y="103.0" />
  <Point X="162.0" Y="102.0" />
  <Point X="162.4502143354601" Y="101.77489283226996" />
  <Point X="164.0" Y="101.0" />
  <Point X="165.0" Y="101.0" />
  <Point X="166.0" Y="101.0" />
  <Point X="167.0" Y="100.0" />
  <Point X="167.61105696998848" Y="99.38894303001152" />
  <Point X="168.0" Y="99.0" />
  <Point X="169.0" Y="99.0" />
  <Point X="170.0" Y="99.0" />
  <Point X="171.0" Y="99.0" />
  <Point X="171.0" Y="98.0" />
  <Point X="172.0" Y="98.0" />
  <Point X="172.4610431569136" Y="98.0" />
  <Point X="173.0" Y="98.0" />
  <Point X="174.0" Y="98.0" />
  <Point X="175.0" Y="97.0" />
  <Point X="177.0" Y="97.0" />
  <Point X="178.0" Y="97.0" />
  <Point X="178.04095651535806" Y="96.95904348464195" />
  <Point X="179.0" Y="96.0" />
  <Point X="180.0" Y="95.0" />
  <Point X="181.0" Y="95.0" />
  <Point X="182.0" Y="95.0" />
  <Point X="183.0" Y="95.0" />
  <Point X="183.2151864810086" Y="94.8924067594957" />
  <Point X="185.0" Y="94.0" />
  <Point X="186.0" Y="94.0" />
  <Point X="187.0" Y="94.0" />
  <Point X="188.0" Y="94.0" />
  <Point X="188.0" Y="93.0" />
  <Point X="188.0156094871337" Y="93.0" />
  <Point X="189.0" Y="93.0" />
  <Point X="190.0" Y="93.0" />
  <Point X="191.0" Y="93.0" />
  <Point X="192.0" Y="93.0" />
  <Point X="192.0" Y="92.0" />
  <Point X="193.0" Y="92.0" />
  <Point X="193.01888056570132" Y="91.98111943429868" />
  <Point X="194.0" Y="91.0" />
  <Point X="195.0" Y="91.0" />
  <Point X="196.0" Y="91.0" />
  <Point X="197.0" Y="91.0" />
  <Point X="197.0" Y="90.0" />
  <Point X="197.62357925465338" Y="90.0" />
  <Point X="198.0" Y="90.0" />
  <Point X="199.0" Y="90.0" />
  <Point X="200.0" Y="89.0" />
  <Point X="201.0" Y="89.0" />
  <Point X="202.0" Y="88.0" />
  <Point X="202.57010045463053" Y="87.42989954536947" />
  <Point X="203.0" Y="87.0" />
  <Point X="204.0" Y="87.0" />
  <Point X="205.0" Y="86.0" />
  <Point X="206.0" Y="86.0" />
  <Point X="206.0" Y="85.0" />
  <Point X="206.98890833505376" Y="85.0" />
  <Point X="207.0" Y="85.0" />
  <Point X="207.0" Y="84.0" />
  <Point X="208.0" Y="84.0" />
  <Point X="208.0" Y="83.0" />
  <Point X="208.0" Y="82.0" />
  <Point X="209.0" Y="82.0" />
  <Point X="209.0" Y="81.0" />
</Project_1_Part_4>
