<?xml version="1.0" encoding="utf-8" standalone="yes"?>
<Gesture Name="pigtail1" Subject="3" Number="3" NumPts="354">
  <Point X="93.0" Y="144.0" />
  <Point X="93.0" Y="143.0" />
  <Point X="93.0" Y="142.0" />
  <Point X="94.0" Y="142.0" />
  <Point X="94.0" Y="141.0" />
  <Point X="94.0" Y="140.0" />
  <Point X="94.5478421682084" Y="140.0" />
  <Point X="95.0" Y="140.0" />
  <Point X="95.0" Y="139.0" />
  <Point X="96.0" Y="139.0" />
  <Point X="97.0" Y="138.0" />
  <Point X="97.0" Y="137.0" />
  <Point X="97.68147077404372" Y="137.0" />
  <Point X="98.0" Y="137.0" />
  <Point X="98.0" Y="136.0" />
  <Point X="99.0" Y="136.0" />
  <Point X="99.0" Y="135.0" />
  <Point X="100.0" Y="135.0" />
  <Point X="100.0" Y="134.0" />
  <Point X="100.16214873648032" Y="133.8378512635197" />
  <Point X="101.0" Y="133.0" />
  <Point X="102.0" Y="133.0" />
  <Point X="102.0" Y="132.0" />
  <Point X="103.0" Y="132.0" />
  <Point X="103.96374521101352" Y="131.0362547889865" />
  <Point X="104.0" Y="131.0" />
  <Point X="105.0" Y="130.0" />
  <Point X="106.0" Y="129.0" />
  <Point X="107.0" Y="128.0" />
  <Point X="107.88666202910635" Y="127.11333797089365" />
  <Point X="108.0" Y="127.0" />
  <Point X="109.0" Y="126.0" />
  <Point X="110.0" Y="125.0" />
  <Point X="111.0" Y="124.0" />
  <Point X="111.80957884719919" Y="123.19042115280081" />
  <Point X="112.0" Y="123.0" />
  <Point X="113.0" Y="123.0" />
  <Point X="113.0" Y="122.0" />
  <Point X="114.0" Y="121.0" />
  <Point X="115.0" Y="121.0" />
  <Point X="115.0" Y="120.13566757101832" />
  <Point X="115.0" Y="120.0" />
  <Point X="116.0" Y="120.0" />
  <Point X="117.0" Y="119.0" />
  <Point X="118.0" Y="118.0" />
  <Point X="118.0" Y="117.0" />
  <Point X="118.5837474724439" Y="117.0" />
  <Point X="119.0" Y="117.0" />
  <Point X="120.0" Y="116.0" />
  <Point X="121.0" Y="115.0" />
  <Point X="122.0" Y="114.0" />
  <Point X="122.62858183317189" Y="113.37141816682811" />
  <Point X="123.0" Y="113.0" />
  <Point X="123.0" Y="112.0" />
  <Point X="124.0" Y="112.0" />
  <Point X="125.0" Y="111.0" />
  <Point X="126.0" Y="111.0" />
  <Point X="126.0" Y="110.39163600300475" />
  <Point X="126.0" Y="110.0" />
  <Point X="127.0" Y="109.0" />
  <Point X="128.0" Y="108.0" />
  <Point X="129.0" Y="107.0" />
  <Point X="129.0" Y="106.08643452191562" />
  <Point X="129.0" Y="106.0" />
  <Point X="130.0" Y="106.0" />
  <Point X="130.0" Y="105.0" />
  <Point X="131.0" Y="105.0" />
  <Point X="131.0" Y="104.0" />
  <Point X="132.0" Y="103.0" />
  <Point X="132.0333712567715" Y="102.9666287432285" />
  <Point X="133.0" Y="102.0" />
  <Point X="134.0" Y="102.0" />
  <Point X="134.0" Y="100.0" />
  <Point X="134.8349677313047" Y="99.1650322686953" />
  <Point X="135.0" Y="99.0" />
  <Point X="136.0" Y="99.0" />
  <Point X="136.0" Y="98.0" />
  <Point X="137.0" Y="97.0" />
  <Point X="137.0" Y="96.0" />
  <Point X="137.9002377332172" Y="96.0" />
  <Point X="138.0" Y="96.0" />
  <Point X="138.0" Y="95.0" />
  <Point X="139.0" Y="93.0" />
  <Point X="140.0" Y="93.0" />
  <Point X="140.0" Y="92.0" />
  <Point X="140.14991506910036" Y="91.85008493089964" />
  <Point X="141.0" Y="91.0" />
  <Point X="141.0" Y="90.0" />
  <Point X="141.0" Y="89.0" />
  <Point X="142.0" Y="89.0" />
  <Point X="142.60178873956494" Y="87.79642252087011" />
  <Point X="143.0" Y="87.0" />
  <Point X="143.0" Y="86.0" />
  <Point X="144.0" Y="85.0" />
  <Point X="144.0" Y="84.0" />
  <Point X="144.0" Y="83.0" />
  <Point X="144.24320115809667" Y="83.0" />
  <Point X="145.0" Y="83.0" />
  <Point X="145.0" Y="82.0" />
  <Point X="145.0" Y="81.0" />
  <Point X="145.0" Y="80.0" />
  <Point X="146.0" Y="80.0" />
  <Point X="146.0" Y="79.20895667369493" />
  <Point X="146.0" Y="79.0" />
  <Point X="146.0" Y="78.0" />
  <Point X="147.0" Y="77.0" />
  <Point X="147.0" Y="76.0" />
  <Point X="147.0" Y="75.0" />
  <Point X="147.0" Y="74.07532806785962" />
  <Point X="147.0" Y="74.0" />
  <Point X="147.0" Y="73.0" />
  <Point X="148.0" Y="73.0" />
  <Point X="148.0" Y="72.0" />
  <Point X="148.0" Y="71.0" />
  <Point X="148.0" Y="70.0" />
  <Point X="148.0" Y="69.52748589965121" />
  <Point X="148.0" Y="69.0" />
  <Point X="148.0" Y="68.0" />
  <Point X="148.0" Y="67.0" />
  <Point X="148.0" Y="66.0" />
  <Point X="148.0" Y="65.0" />
  <Point X="148.0" Y="64.0" />
  <Point X="148.0" Y="63.979643731442806" />
  <Point X="148.0" Y="63.0" />
  <Point X="148.0" Y="62.0" />
  <Point X="148.0" Y="61.0" />
  <Point X="148.0" Y="60.0" />
  <Point X="148.0" Y="59.0" />
  <Point X="147.4318015632344" Y="59.0" />
  <Point X="147.0" Y="59.0" />
  <Point X="147.0" Y="58.0" />
  <Point X="146.0" Y="58.0" />
  <Point X="145.0" Y="58.0" />
  <Point X="144.0" Y="58.0" />
  <Point X="144.0" Y="57.0" />
  <Point X="143.88395939502598" Y="57.0" />
  <Point X="143.0" Y="57.0" />
  <Point X="142.0" Y="57.0" />
  <Point X="141.0" Y="57.0" />
  <Point X="140.0" Y="57.0" />
  <Point X="139.0" Y="57.0" />
  <Point X="138.33611722681758" Y="57.0" />
  <Point X="138.0" Y="57.0" />
  <Point X="137.0" Y="57.0" />
  <Point X="136.0" Y="57.0" />
  <Point X="135.0" Y="58.0" />
  <Point X="134.0" Y="59.0" />
  <Point X="133.61670218335536" Y="59.0" />
  <Point X="133.0" Y="59.0" />
  <Point X="132.0" Y="59.0" />
  <Point X="132.0" Y="60.0" />
  <Point X="131.0" Y="60.0" />
  <Point X="131.0" Y="61.0" />
  <Point X="130.06886001514695" Y="61.0" />
  <Point X="130.0" Y="61.0" />
  <Point X="129.0" Y="62.0" />
  <Point X="129.0" Y="63.0" />
  <Point X="128.0" Y="63.0" />
  <Point X="128.0" Y="64.0" />
  <Point X="127.24709490912981" Y="64.75290509087019" />
  <Point X="127.0" Y="65.0" />
  <Point X="127.0" Y="66.0" />
  <Point X="126.0" Y="67.0" />
  <Point X="125.0" Y="67.0" />
  <Point X="125.0" Y="68.0" />
  <Point X="124.44549843459662" Y="68.55450156540338" />
  <Point X="124.0" Y="69.0" />
  <Point X="124.0" Y="70.0" />
  <Point X="124.0" Y="71.0" />
  <Point X="123.0" Y="71.0" />
  <Point X="123.0" Y="72.0" />
  <Point X="122.58954188816205" Y="72.82091622367592" />
  <Point X="122.0" Y="74.0" />
  <Point X="121.0" Y="75.0" />
  <Point X="121.0" Y="76.0" />
  <Point X="121.0" Y="77.0" />
  <Point X="121.0" Y="77.81537286832142" />
  <Point X="121.0" Y="78.0" />
  <Point X="120.0" Y="78.0" />
  <Point X="120.0" Y="80.0" />
  <Point X="119.0" Y="81.0" />
  <Point X="119.0" Y="81.94900147415673" />
  <Point X="119.0" Y="82.0" />
  <Point X="118.0" Y="83.0" />
  <Point X="118.0" Y="85.0" />
  <Point X="117.0" Y="86.0" />
  <Point X="117.0" Y="86.66841651761895" />
  <Point X="117.0" Y="87.0" />
  <Point X="117.0" Y="88.0" />
  <Point X="116.0" Y="89.0" />
  <Point X="116.0" Y="90.0" />
  <Point X="116.0" Y="91.0" />
  <Point X="116.0" Y="91.80204512345426" />
  <Point X="116.0" Y="93.0" />
  <Point X="115.0" Y="94.0" />
  <Point X="115.0" Y="96.0" />
  <Point X="115.0" Y="96.93567372928958" />
  <Point X="115.0" Y="97.0" />
  <Point X="115.0" Y="99.0" />
  <Point X="114.0" Y="101.0" />
  <Point X="113.11792111659223" Y="101.88207888340777" />
  <Point X="113.0" Y="102.0" />
  <Point X="113.0" Y="104.0" />
  <Point X="113.0" Y="105.0" />
  <Point X="113.0" Y="107.0" />
  <Point X="113.0" Y="107.38107652583349" />
  <Point X="113.0" Y="108.0" />
  <Point X="112.0" Y="109.0" />
  <Point X="112.0" Y="110.0" />
  <Point X="112.0" Y="111.0" />
  <Point X="112.0" Y="112.0" />
  <Point X="111.76981686744412" Y="112.46036626511177" />
  <Point X="111.0" Y="114.0" />
  <Point X="111.0" Y="115.0" />
  <Point X="111.0" Y="116.0" />
  <Point X="111.0" Y="117.82647932237742" />
  <Point X="111.0" Y="118.0" />
  <Point X="111.0" Y="119.0" />
  <Point X="111.0" Y="120.0" />
  <Point X="111.0" Y="121.0" />
  <Point X="111.0" Y="122.0" />
  <Point X="111.0" Y="123.0" />
  <Point X="111.0" Y="123.37432149058583" />
  <Point X="111.0" Y="124.0" />
  <Point X="111.0" Y="125.0" />
  <Point X="111.0" Y="126.0" />
  <Point X="111.0" Y="127.0" />
  <Point X="111.0" Y="128.0" />
  <Point X="111.0" Y="128.92216365879423" />
  <Point X="111.0" Y="129.0" />
  <Point X="111.0" Y="130.0" />
  <Point X="112.0" Y="131.0" />
  <Point X="112.0" Y="132.0" />
  <Point X="112.0" Y="133.0" />
  <Point X="112.0" Y="134.0" />
  <Point X="112.02495105926606" Y="134.04990211853212" />
  <Point X="113.0" Y="136.0" />
  <Point X="113.0" Y="137.0" />
  <Point X="114.0" Y="138.0" />
  <Point X="114.6741222954794" Y="138.6741222954794" />
  <Point X="115.0" Y="139.0" />
  <Point X="115.0" Y="140.0" />
  <Point X="116.0" Y="141.0" />
  <Point X="117.0" Y="142.0" />
  <Point X="117.0" Y="143.0" />
  <Point X="117.18282555119916" Y="143.18282555119916" />
  <Point X="118.0" Y="144.0" />
  <Point X="118.0" Y="145.0" />
  <Point X="120.0" Y="147.0" />
  <Point X="120.39863558810545" Y="147.39863558810546" />
  <Point X="121.0" Y="148.0" />
  <Point X="122.0" Y="149.0" />
  <Point X="123.0" Y="150.0" />
  <Point X="123.0" Y="151.0" />
  <Point X="123.77721906934515" Y="151.38860953467258" />
  <Point X="125.0" Y="152.0" />
  <Point X="127.0" Y="153.0" />
  <Point X="127.0" Y="154.0" />
  <Point X="127.94466354944127" Y="154.0" />
  <Point X="128.0" Y="154.0" />
  <Point X="128.0" Y="155.0" />
  <Point X="130.0" Y="156.0" />
  <Point X="131.0" Y="157.0" />
  <Point X="131.84222417777679" Y="157.0" />
  <Point X="133.0" Y="157.0" />
  <Point X="134.0" Y="158.0" />
  <Point X="136.0" Y="159.0" />
  <Point X="136.52310685302078" Y="159.52310685302078" />
  <Point X="137.0" Y="160.0" />
  <Point X="138.0" Y="160.0" />
  <Point X="139.0" Y="160.0" />
  <Point X="140.0" Y="161.0" />
  <Point X="141.0" Y="161.0" />
  <Point X="141.41072083156251" Y="161.20536041578126" />
  <Point X="143.0" Y="162.0" />
  <Point X="144.0" Y="162.0" />
  <Point X="145.0" Y="162.0" />
  <Point X="146.58400733618421" Y="162.7920036680921" />
  <Point X="147.0" Y="163.0" />
  <Point X="149.0" Y="163.0" />
  <Point X="150.0" Y="164.0" />
  <Point X="151.0" Y="164.0" />
  <Point X="151.66853466861866" Y="164.0" />
  <Point X="152.0" Y="164.0" />
  <Point X="153.0" Y="164.0" />
  <Point X="154.0" Y="164.0" />
  <Point X="156.0" Y="164.0" />
  <Point X="157.0" Y="164.0" />
  <Point X="157.21637683682707" Y="164.0" />
  <Point X="159.0" Y="164.0" />
  <Point X="160.0" Y="164.0" />
  <Point X="162.0" Y="164.0" />
  <Point X="162.76421900503547" Y="164.0" />
  <Point X="163.0" Y="164.0" />
  <Point X="164.0" Y="164.0" />
  <Point X="165.0" Y="164.0" />
  <Point X="166.0" Y="164.0" />
  <Point X="167.0" Y="164.0" />
  <Point X="168.0" Y="164.0" />
  <Point X="168.31206117324388" Y="164.0" />
  <Point X="170.0" Y="164.0" />
  <Point X="171.0" Y="164.0" />
  <Point X="172.0" Y="164.0" />
  <Point X="173.0" Y="164.0" />
  <Point X="173.85990334145228" Y="164.0" />
  <Point X="174.0" Y="164.0" />
  <Point X="175.0" Y="164.0" />
  <Point X="176.0" Y="164.0" />
  <Point X="177.0" Y="164.0" />
  <Point X="178.0" Y="164.0" />
  <Point X="179.0" Y="164.0" />
  <Point X="179.40774550966069" Y="164.0" />
  <Point X="180.0" Y="164.0" />
  <Point X="180.0" Y="163.0" />
  <Point X="182.0" Y="163.0" />
  <Point X="183.0" Y="163.0" />
  <Point X="183.9555876778691" Y="163.0" />
  <Point X="184.0" Y="163.0" />
  <Point X="185.0" Y="163.0" />
  <Point X="185.0" Y="162.0" />
  <Point X="186.0" Y="162.0" />
  <Point X="187.0" Y="162.0" />
  <Point X="188.5034298460775" Y="162.0" />
  <Point X="189.0" Y="162.0" />
  <Point X="189.0" Y="161.0" />
  <Point X="190.0" Y="161.0" />
  <Point X="191.0" Y="161.0" />
  <Point X="192.0" Y="160.0" />
  <Point X="192.63705845191282" Y="160.0" />
  <Point X="193.0" Y="160.0" />
  <Point X="193.0" Y="159.0" />
  <Point X="194.0" Y="159.0" />
  <Point X="195.0" Y="159.0" />
  <Point X="195.0" Y="158.0" />
  <Point X="196.0" Y="158.0" />
  <Point X="196.18490062012123" Y="158.0" />
  <Point X="197.0" Y="158.0" />
  <Point X="197.0" Y="157.0" />
  <Point X="198.0" Y="157.0" />
  <Point X="199.0" Y="156.0" />
  <Point X="199.0" Y="155.0" />
  <Point X="199.31852922595652" Y="155.0" />
  <Point X="200.0" Y="155.0" />
  <Point X="201.0" Y="155.0" />
  <Point X="201.0" Y="154.0" />
  <Point X="202.0" Y="154.0" />
  <Point X="202.0" Y="153.0" />
  <Point X="202.86637139416493" Y="153.0" />
  <Point X="203.0" Y="153.0" />
  <Point X="203.0" Y="152.0" />
  <Point X="203.0" Y="151.0" />
  <Point X="204.0" Y="151.0" />
  <Point X="205.0" Y="150.0" />
  <Point X="206.0" Y="150.0" />
</Project_1_Part_4>
