<?xml version="1.0" encoding="utf-8" standalone="yes"?>
<Gesture Name="pigtail3" Subject="3" Number="3" NumPts="332">
  <Point X="71.0" Y="140.0" />
  <Point X="72.0" Y="140.0" />
  <Point X="73.0" Y="140.0" />
  <Point X="74.0" Y="140.0" />
  <Point X="74.0" Y="139.0" />
  <Point X="74.87898887905385" Y="139.0" />
  <Point X="75.0" Y="139.0" />
  <Point X="75.0" Y="138.0" />
  <Point X="76.0" Y="138.0" />
  <Point X="76.0" Y="137.0" />
  <Point X="77.0" Y="137.0" />
  <Point X="77.7579777581077" Y="137.0" />
  <Point X="78.0" Y="137.0" />
  <Point X="78.0" Y="136.0" />
  <Point X="79.0" Y="136.0" />
  <Point X="79.0" Y="135.0" />
  <Point X="80.0" Y="135.0" />
  <Point X="80.45040342852653" Y="134.54959657147347" />
  <Point X="81.0" Y="134.0" />
  <Point X="81.0" Y="133.0" />
  <Point X="82.0" Y="133.0" />
  <Point X="82.0" Y="132.0" />
  <Point X="83.0" Y="132.0" />
  <Point X="83.07194242549306" Y="131.92805757450694" />
  <Point X="84.0" Y="131.0" />
  <Point X="85.0" Y="131.0" />
  <Point X="85.0" Y="130.0" />
  <Point X="86.0" Y="129.0" />
  <Point X="86.10769498483269" Y="128.8923050151673" />
  <Point X="87.0" Y="128.0" />
  <Point X="88.0" Y="127.0" />
  <Point X="89.0" Y="127.0" />
  <Point X="89.85055432535889" Y="126.14944567464111" />
  <Point X="90.0" Y="126.0" />
  <Point X="90.0" Y="125.0" />
  <Point X="92.0" Y="125.0" />
  <Point X="92.0" Y="124.0" />
  <Point X="92.6676407791384" Y="124.0" />
  <Point X="93.0" Y="124.0" />
  <Point X="93.0" Y="122.0" />
  <Point X="94.0" Y="122.0" />
  <Point X="95.0" Y="121.0" />
  <Point X="95.09363231929197" Y="120.90636768070803" />
  <Point X="96.0" Y="120.0" />
  <Point X="97.0" Y="119.0" />
  <Point X="98.0" Y="118.0" />
  <Point X="98.76876428775371" Y="118.0" />
  <Point X="99.0" Y="118.0" />
  <Point X="99.0" Y="117.0" />
  <Point X="100.0" Y="116.0" />
  <Point X="101.0" Y="115.0" />
  <Point X="101.57935100034433" Y="114.42064899965567" />
  <Point X="102.0" Y="114.0" />
  <Point X="103.0" Y="114.0" />
  <Point X="103.0" Y="113.0" />
  <Point X="104.0" Y="112.0" />
  <Point X="104.61510355968396" Y="111.38489644031604" />
  <Point X="105.0" Y="111.0" />
  <Point X="106.0" Y="110.0" />
  <Point X="107.0" Y="109.0" />
  <Point X="108.0" Y="109.0" />
  <Point X="108.0" Y="108.49376401169641" />
  <Point X="108.0" Y="108.0" />
  <Point X="109.0" Y="107.0" />
  <Point X="110.0" Y="105.0" />
  <Point X="110.73494332748456" Y="105.0" />
  <Point X="111.0" Y="105.0" />
  <Point X="112.0" Y="104.0" />
  <Point X="112.0" Y="103.0" />
  <Point X="113.0" Y="103.0" />
  <Point X="113.84832918880522" Y="102.15167081119478" />
  <Point X="114.0" Y="102.0" />
  <Point X="114.0" Y="101.0" />
  <Point X="115.0" Y="100.0" />
  <Point X="115.0" Y="99.0" />
  <Point X="116.0" Y="99.0" />
  <Point X="116.17697496695831" Y="98.82302503304169" />
  <Point X="117.0" Y="98.0" />
  <Point X="117.0" Y="97.0" />
  <Point X="118.0" Y="97.0" />
  <Point X="118.0" Y="96.0" />
  <Point X="118.5056207451114" Y="95.4943792548886" />
  <Point X="119.0" Y="95.0" />
  <Point X="120.0" Y="94.0" />
  <Point X="121.0" Y="93.0" />
  <Point X="121.0" Y="92.0" />
  <Point X="121.3514039070883" Y="92.0" />
  <Point X="122.0" Y="92.0" />
  <Point X="122.0" Y="91.0" />
  <Point X="122.0" Y="90.0" />
  <Point X="123.0" Y="90.0" />
  <Point X="123.87001908260412" Y="89.12998091739588" />
  <Point X="124.0" Y="89.0" />
  <Point X="124.0" Y="88.0" />
  <Point X="124.0" Y="87.0" />
  <Point X="125.0" Y="87.0" />
  <Point X="125.0" Y="86.0" />
  <Point X="125.49155807957065" Y="85.50844192042935" />
  <Point X="126.0" Y="85.0" />
  <Point X="127.0" Y="84.0" />
  <Point X="127.0" Y="83.0" />
  <Point X="128.0" Y="82.0" />
  <Point X="128.0" Y="81.66848370524255" />
  <Point X="128.0" Y="81.0" />
  <Point X="128.0" Y="80.0" />
  <Point X="129.0" Y="80.0" />
  <Point X="130.0" Y="79.0" />
  <Point X="130.0" Y="78.2037083885618" />
  <Point X="130.0" Y="78.0" />
  <Point X="130.0" Y="77.0" />
  <Point X="131.0" Y="77.0" />
  <Point X="131.0" Y="76.0" />
  <Point X="131.0" Y="75.0" />
  <Point X="131.4774954140299" Y="74.52250458597008" />
  <Point X="132.0" Y="74.0" />
  <Point X="132.0" Y="73.0" />
  <Point X="132.0" Y="72.0" />
  <Point X="133.0" Y="72.0" />
  <Point X="133.0" Y="71.0" />
  <Point X="133.0" Y="70.85994419282719" />
  <Point X="133.0" Y="70.0" />
  <Point X="134.0" Y="70.0" />
  <Point X="134.0" Y="69.0" />
  <Point X="134.0" Y="67.0" />
  <Point X="134.01904468622666" Y="67.0" />
  <Point X="135.0" Y="67.0" />
  <Point X="135.0" Y="66.0" />
  <Point X="135.0" Y="65.0" />
  <Point X="136.0" Y="64.0" />
  <Point X="136.0" Y="63.51617999709258" />
  <Point X="136.0" Y="63.0" />
  <Point X="136.0" Y="62.0" />
  <Point X="137.0" Y="61.0" />
  <Point X="137.0" Y="60.0" />
  <Point X="137.0" Y="59.05140468041182" />
  <Point X="137.0" Y="59.0" />
  <Point X="138.0" Y="59.0" />
  <Point X="138.0" Y="58.0" />
  <Point X="138.0" Y="57.0" />
  <Point X="138.0" Y="56.0" />
  <Point X="138.82758419864203" Y="56.0" />
  <Point X="139.0" Y="56.0" />
  <Point X="139.0" Y="55.0" />
  <Point X="139.0" Y="54.0" />
  <Point X="139.0" Y="53.0" />
  <Point X="139.0" Y="52.0" />
  <Point X="139.49962261464262" Y="51.500377385357396" />
  <Point X="140.0" Y="51.0" />
  <Point X="140.0" Y="50.0" />
  <Point X="140.0" Y="49.0" />
  <Point X="140.0" Y="48.0" />
  <Point X="139.0" Y="48.0" />
  <Point X="138.82865160562335" Y="48.0" />
  <Point X="138.0" Y="48.0" />
  <Point X="137.0" Y="48.0" />
  <Point X="136.0" Y="48.0" />
  <Point X="135.0" Y="48.0" />
  <Point X="134.0" Y="48.0" />
  <Point X="133.9496627265695" Y="48.0" />
  <Point X="133.0" Y="48.0" />
  <Point X="132.0" Y="48.0" />
  <Point X="132.0" Y="49.0" />
  <Point X="131.0" Y="49.0" />
  <Point X="130.07067384751565" Y="49.0" />
  <Point X="130.0" Y="49.0" />
  <Point X="129.0" Y="50.0" />
  <Point X="129.0" Y="51.0" />
  <Point X="128.0" Y="51.0" />
  <Point X="127.0" Y="51.0" />
  <Point X="127.0" Y="51.39410146916511" />
  <Point X="127.0" Y="52.0" />
  <Point X="126.0" Y="52.0" />
  <Point X="125.0" Y="52.0" />
  <Point X="125.0" Y="53.0" />
  <Point X="124.0" Y="53.0" />
  <Point X="123.80689596289778" Y="53.193104037102216" />
  <Point X="123.0" Y="54.0" />
  <Point X="123.0" Y="55.0" />
  <Point X="122.0" Y="55.0" />
  <Point X="121.0" Y="55.0" />
  <Point X="121.0" Y="55.73786566489971" />
  <Point X="121.0" Y="56.0" />
  <Point X="120.0" Y="56.0" />
  <Point X="120.0" Y="57.0" />
  <Point X="119.0" Y="57.0" />
  <Point X="118.0" Y="58.0" />
  <Point X="117.85671118777816" Y="58.14328881222184" />
  <Point X="117.0" Y="59.0" />
  <Point X="116.0" Y="60.0" />
  <Point X="115.0" Y="61.0" />
  <Point X="114.40674506606543" Y="61.59325493393457" />
  <Point X="114.0" Y="62.0" />
  <Point X="114.0" Y="63.0" />
  <Point X="113.0" Y="63.0" />
  <Point X="113.0" Y="64.0" />
  <Point X="112.07809928791234" Y="64.92190071208766" />
  <Point X="112.0" Y="65.0" />
  <Point X="112.0" Y="66.0" />
  <Point X="111.0" Y="66.0" />
  <Point X="110.0" Y="67.0" />
  <Point X="110.0" Y="68.0" />
  <Point X="109.74945350975925" Y="68.25054649024075" />
  <Point X="109.0" Y="69.0" />
  <Point X="109.0" Y="70.0" />
  <Point X="108.0" Y="71.0" />
  <Point X="107.00659416923307" Y="71.99340583076693" />
  <Point X="107.0" Y="72.0" />
  <Point X="106.0" Y="73.0" />
  <Point X="106.0" Y="74.0" />
  <Point X="106.0" Y="75.0" />
  <Point X="105.0" Y="76.0" />
  <Point X="104.9815586148719" Y="76.03688277025618" />
  <Point X="104.0" Y="78.0" />
  <Point X="104.0" Y="79.0" />
  <Point X="103.0" Y="80.0" />
  <Point X="103.0" Y="80.26994352992664" />
  <Point X="103.0" Y="81.0" />
  <Point X="103.0" Y="82.0" />
  <Point X="102.0" Y="84.0" />
  <Point X="102.0" Y="84.9128644314807" />
  <Point X="102.0" Y="85.0" />
  <Point X="102.0" Y="86.0" />
  <Point X="101.0" Y="87.0" />
  <Point X="101.0" Y="88.0" />
  <Point X="100.38390077492106" Y="89.23219845015788" />
  <Point X="100.0" Y="90.0" />
  <Point X="100.0" Y="91.0" />
  <Point X="100.0" Y="92.0" />
  <Point X="100.0" Y="93.0" />
  <Point X="100.0" Y="94.0" />
  <Point X="100.0" Y="94.02056064971552" />
  <Point X="100.0" Y="95.0" />
  <Point X="100.0" Y="96.0" />
  <Point X="100.0" Y="97.0" />
  <Point X="100.0" Y="98.0" />
  <Point X="100.0" Y="98.89954952876937" />
  <Point X="100.0" Y="99.0" />
  <Point X="100.0" Y="100.0" />
  <Point X="100.0" Y="101.0" />
  <Point X="100.0" Y="102.0" />
  <Point X="100.0" Y="103.0" />
  <Point X="100.0" Y="103.77853840782322" />
  <Point X="100.0" Y="104.0" />
  <Point X="100.0" Y="105.0" />
  <Point X="101.0" Y="105.0" />
  <Point X="101.0" Y="106.0" />
  <Point X="102.0" Y="106.0" />
  <Point X="102.46494200336596" Y="106.46494200336596" />
  <Point X="103.0" Y="107.0" />
  <Point X="104.0" Y="107.0" />
  <Point X="105.0" Y="107.0" />
  <Point X="106.0" Y="108.0" />
  <Point X="106.70808904118472" Y="108.0" />
  <Point X="107.0" Y="108.0" />
  <Point X="108.0" Y="108.0" />
  <Point X="109.0" Y="108.0" />
  <Point X="110.0" Y="108.0" />
  <Point X="111.0" Y="108.0" />
  <Point X="111.58707792023857" Y="108.0" />
  <Point X="112.0" Y="108.0" />
  <Point X="113.0" Y="108.0" />
  <Point X="114.0" Y="108.0" />
  <Point X="115.0" Y="108.0" />
  <Point X="116.0" Y="108.0" />
  <Point X="116.46606679929242" Y="108.0" />
  <Point X="117.0" Y="108.0" />
  <Point X="118.0" Y="108.0" />
  <Point X="119.0" Y="108.0" />
  <Point X="120.0" Y="108.0" />
  <Point X="121.34505567834627" Y="108.0" />
  <Point X="122.0" Y="108.0" />
  <Point X="123.0" Y="108.0" />
  <Point X="124.0" Y="108.0" />
  <Point X="125.0" Y="108.0" />
  <Point X="126.0" Y="108.0" />
  <Point X="126.22404455740012" Y="108.0" />
  <Point X="128.0" Y="108.0" />
  <Point X="129.0" Y="108.0" />
  <Point X="131.0" Y="108.0" />
  <Point X="131.0" Y="107.89696656354603" />
  <Point X="131.0" Y="107.0" />
  <Point X="132.0" Y="107.0" />
  <Point X="133.0" Y="107.0" />
  <Point X="134.0" Y="107.0" />
  <Point X="134.9820223155078" Y="107.0" />
  <Point X="135.0" Y="107.0" />
  <Point X="137.0" Y="106.0" />
  <Point X="138.0" Y="106.0" />
  <Point X="139.0" Y="106.0" />
  <Point X="139.62494321706185" Y="106.0" />
  <Point X="140.0" Y="106.0" />
  <Point X="141.0" Y="105.0" />
  <Point X="143.0" Y="105.0" />
  <Point X="143.77054736479406" Y="104.22945263520594" />
  <Point X="144.0" Y="104.0" />
  <Point X="146.0" Y="104.0" />
  <Point X="147.0" Y="104.0" />
  <Point X="148.0" Y="103.0" />
  <Point X="148.14028028805026" Y="103.0" />
  <Point X="149.0" Y="103.0" />
  <Point X="150.0" Y="103.0" />
  <Point X="152.0" Y="103.0" />
  <Point X="152.0" Y="102.0" />
  <Point X="152.0192691671041" Y="102.0" />
  <Point X="153.0" Y="102.0" />
  <Point X="154.0" Y="102.0" />
  <Point X="154.0" Y="101.0" />
  <Point X="155.0" Y="101.0" />
  <Point X="155.89825804615796" Y="101.0" />
  <Point X="156.0" Y="101.0" />
  <Point X="157.0" Y="101.0" />
  <Point X="158.0" Y="101.0" />
  <Point X="158.0" Y="100.0" />
  <Point X="159.0" Y="100.0" />
  <Point X="159.7772469252118" Y="100.0" />
  <Point X="160.0" Y="100.0" />
  <Point X="161.0" Y="100.0" />
  <Point X="162.0" Y="99.0" />
  <Point X="163.0" Y="99.0" />
  <Point X="164.0" Y="99.0" />
  <Point X="164.0" Y="98.75797775810743" />
  <Point X="164.0" Y="98.0" />
  <Point X="165.0" Y="98.0" />
  <Point X="165.0" Y="97.0" />
  <Point X="166.0" Y="97.0" />
  <Point X="167.0" Y="97.0" />
  <Point X="167.0" Y="96.87898887905358" />
  <Point X="167.0" Y="96.0" />
  <Point X="168.0" Y="96.0" />
  <Point X="169.0" Y="96.0" />
  <Point X="169.0" Y="95.0" />
  <Point X="170.0" Y="95.0" />
</Project_1_Part_4>
