<?xml version="1.0" encoding="utf-8" standalone="yes"?>
<Gesture Name="rectangle1" Subject="3" Number="3" NumPts="478">
  <Point X="71.0" Y="81.0" />
  <Point X="71.0" Y="82.0" />
  <Point X="71.0" Y="83.0" />
  <Point X="71.0" Y="84.0" />
  <Point X="71.0" Y="85.0" />
  <Point X="71.0" Y="86.0" />
  <Point X="71.0" Y="87.0" />
  <Point X="71.0" Y="88.0" />
  <Point X="71.0" Y="88.23945167338589" />
  <Point X="71.0" Y="89.0" />
  <Point X="71.0" Y="90.0" />
  <Point X="70.0" Y="91.0" />
  <Point X="70.0" Y="92.0" />
  <Point X="70.0" Y="93.0" />
  <Point X="69.0" Y="94.0" />
  <Point X="69.0" Y="94.65047622202559" />
  <Point X="69.0" Y="95.0" />
  <Point X="69.0" Y="96.0" />
  <Point X="69.0" Y="97.0" />
  <Point X="69.0" Y="98.0" />
  <Point X="69.0" Y="99.0" />
  <Point X="69.0" Y="100.0" />
  <Point X="69.0" Y="101.0" />
  <Point X="69.0" Y="101.88992789541147" />
  <Point X="69.0" Y="102.0" />
  <Point X="69.0" Y="103.0" />
  <Point X="69.0" Y="104.0" />
  <Point X="69.0" Y="105.0" />
  <Point X="69.0" Y="106.0" />
  <Point X="69.0" Y="107.0" />
  <Point X="69.0" Y="108.0" />
  <Point X="69.0" Y="109.0" />
  <Point X="69.0" Y="109.12937956879736" />
  <Point X="69.0" Y="110.0" />
  <Point X="69.0" Y="111.0" />
  <Point X="69.0" Y="112.0" />
  <Point X="69.0" Y="113.0" />
  <Point X="69.0" Y="114.0" />
  <Point X="69.0" Y="115.0" />
  <Point X="69.0" Y="116.0" />
  <Point X="69.0" Y="116.36883124218325" />
  <Point X="69.0" Y="117.0" />
  <Point X="69.0" Y="118.0" />
  <Point X="69.0" Y="119.0" />
  <Point X="69.0" Y="120.0" />
  <Point X="69.0" Y="121.0" />
  <Point X="69.0" Y="122.0" />
  <Point X="69.0" Y="123.60828291556913" />
  <Point X="69.0" Y="124.0" />
  <Point X="69.0" Y="125.0" />
  <Point X="69.0" Y="126.0" />
  <Point X="69.0" Y="127.0" />
  <Point X="69.0" Y="128.0" />
  <Point X="69.0" Y="129.0" />
  <Point X="69.0" Y="130.0" />
  <Point X="69.0" Y="130.84773458895503" />
  <Point X="69.0" Y="131.0" />
  <Point X="69.0" Y="132.0" />
  <Point X="69.0" Y="133.0" />
  <Point X="70.0" Y="134.0" />
  <Point X="70.0" Y="135.0" />
  <Point X="70.0" Y="136.0" />
  <Point X="70.0" Y="137.0" />
  <Point X="70.0" Y="137.67297269996783" />
  <Point X="70.0" Y="138.0" />
  <Point X="70.0" Y="139.0" />
  <Point X="70.0" Y="140.0" />
  <Point X="71.0" Y="141.0" />
  <Point X="71.0" Y="142.0" />
  <Point X="71.0" Y="143.0" />
  <Point X="71.0" Y="144.0" />
  <Point X="71.0" Y="144.49821081098062" />
  <Point X="71.0" Y="145.0" />
  <Point X="71.0" Y="146.0" />
  <Point X="72.0" Y="146.0" />
  <Point X="72.0" Y="147.0" />
  <Point X="72.0" Y="148.0" />
  <Point X="72.0" Y="149.0" />
  <Point X="72.0" Y="150.0" />
  <Point X="72.0" Y="150.73766248436652" />
  <Point X="72.0" Y="151.0" />
  <Point X="73.0" Y="151.0" />
  <Point X="73.0" Y="152.0" />
  <Point X="73.0" Y="153.0" />
  <Point X="73.0" Y="154.0" />
  <Point X="74.0" Y="154.0" />
  <Point X="74.0" Y="155.0" />
  <Point X="74.0" Y="155.97711415775242" />
  <Point X="74.0" Y="156.0" />
  <Point X="74.0" Y="157.0" />
  <Point X="74.0" Y="158.0" />
  <Point X="74.0" Y="159.0" />
  <Point X="74.0" Y="160.0" />
  <Point X="74.0" Y="161.0" />
  <Point X="74.0" Y="162.0" />
  <Point X="74.86024194895775" Y="162.86024194895776" />
  <Point X="75.0" Y="163.0" />
  <Point X="75.0" Y="164.0" />
  <Point X="75.0" Y="165.0" />
  <Point X="75.0" Y="166.0" />
  <Point X="75.0" Y="167.0" />
  <Point X="75.0" Y="168.0" />
  <Point X="75.0" Y="169.0" />
  <Point X="75.0" Y="170.0" />
  <Point X="75.0" Y="170.04180394215112" />
  <Point X="75.0" Y="171.0" />
  <Point X="75.0" Y="172.0" />
  <Point X="75.0" Y="173.0" />
  <Point X="76.0" Y="173.0" />
  <Point X="77.0" Y="173.0" />
  <Point X="77.0" Y="172.0" />
  <Point X="78.0" Y="172.0" />
  <Point X="78.281255615537" Y="172.0" />
  <Point X="79.0" Y="172.0" />
  <Point X="80.0" Y="172.0" />
  <Point X="80.0" Y="171.0" />
  <Point X="81.0" Y="171.0" />
  <Point X="82.0" Y="171.0" />
  <Point X="83.0" Y="171.0" />
  <Point X="84.0" Y="171.0" />
  <Point X="84.52070728892289" Y="171.0" />
  <Point X="85.0" Y="171.0" />
  <Point X="86.0" Y="171.0" />
  <Point X="87.0" Y="171.0" />
  <Point X="88.0" Y="170.0" />
  <Point X="89.0" Y="170.0" />
  <Point X="90.0" Y="170.0" />
  <Point X="91.0" Y="170.0" />
  <Point X="91.34594539993569" Y="170.0" />
  <Point X="92.0" Y="170.0" />
  <Point X="93.0" Y="170.0" />
  <Point X="94.0" Y="170.0" />
  <Point X="95.0" Y="170.0" />
  <Point X="96.0" Y="170.0" />
  <Point X="97.0" Y="170.0" />
  <Point X="98.0" Y="170.0" />
  <Point X="98.52359505991059" Y="169.7382024700447" />
  <Point X="100.0" Y="169.0" />
  <Point X="101.0" Y="169.0" />
  <Point X="102.0" Y="169.0" />
  <Point X="103.0" Y="169.0" />
  <Point X="104.0" Y="169.0" />
  <Point X="105.0" Y="169.0" />
  <Point X="105.41633087453899" Y="168.58366912546103" />
  <Point X="106.0" Y="168.0" />
  <Point X="107.0" Y="168.0" />
  <Point X="109.0" Y="168.0" />
  <Point X="111.0" Y="168.0" />
  <Point X="112.0" Y="168.0" />
  <Point X="112.41401888022047" Y="168.0" />
  <Point X="113.0" Y="168.0" />
  <Point X="114.0" Y="168.0" />
  <Point X="116.0" Y="168.0" />
  <Point X="117.0" Y="167.0" />
  <Point X="118.0" Y="167.0" />
  <Point X="119.0" Y="167.0" />
  <Point X="119.23925699123326" Y="167.0" />
  <Point X="120.0" Y="167.0" />
  <Point X="121.0" Y="167.0" />
  <Point X="122.0" Y="167.0" />
  <Point X="123.0" Y="167.0" />
  <Point X="124.0" Y="167.0" />
  <Point X="125.0" Y="167.0" />
  <Point X="126.0" Y="166.0" />
  <Point X="126.06449510224606" Y="166.0" />
  <Point X="127.0" Y="166.0" />
  <Point X="128.0" Y="166.0" />
  <Point X="129.0" Y="166.0" />
  <Point X="130.0" Y="166.0" />
  <Point X="131.0" Y="165.0" />
  <Point X="132.0" Y="165.0" />
  <Point X="132.88973321325886" Y="165.0" />
  <Point X="133.0" Y="165.0" />
  <Point X="134.0" Y="165.0" />
  <Point X="135.0" Y="165.0" />
  <Point X="136.0" Y="165.0" />
  <Point X="137.0" Y="165.0" />
  <Point X="138.0" Y="165.0" />
  <Point X="139.0" Y="165.0" />
  <Point X="140.0" Y="165.0" />
  <Point X="140.09134750937332" Y="164.90865249062668" />
  <Point X="141.0" Y="164.0" />
  <Point X="142.0" Y="164.0" />
  <Point X="143.0" Y="164.0" />
  <Point X="144.0" Y="164.0" />
  <Point X="145.0" Y="164.0" />
  <Point X="146.0" Y="164.0" />
  <Point X="146.95442299765756" Y="164.0" />
  <Point X="148.0" Y="164.0" />
  <Point X="149.0" Y="164.0" />
  <Point X="150.0" Y="164.0" />
  <Point X="151.0" Y="164.0" />
  <Point X="152.0" Y="164.0" />
  <Point X="153.0" Y="164.0" />
  <Point X="154.0" Y="164.0" />
  <Point X="154.19387467104346" Y="164.0" />
  <Point X="155.0" Y="164.0" />
  <Point X="156.0" Y="164.0" />
  <Point X="157.0" Y="164.0" />
  <Point X="158.0" Y="164.0" />
  <Point X="159.0" Y="164.0" />
  <Point X="160.0" Y="164.0" />
  <Point X="161.0" Y="164.0" />
  <Point X="161.43332634442936" Y="164.0" />
  <Point X="162.0" Y="164.0" />
  <Point X="163.0" Y="164.0" />
  <Point X="164.0" Y="164.0" />
  <Point X="165.0" Y="164.0" />
  <Point X="166.0" Y="164.0" />
  <Point X="167.0" Y="164.0" />
  <Point X="168.0" Y="164.0" />
  <Point X="168.67277801781526" Y="164.0" />
  <Point X="169.0" Y="164.0" />
  <Point X="170.0" Y="164.0" />
  <Point X="171.0" Y="164.0" />
  <Point X="172.0" Y="164.0" />
  <Point X="173.0" Y="164.0" />
  <Point X="174.0" Y="164.0" />
  <Point X="175.0" Y="164.0" />
  <Point X="175.91222969120116" Y="164.0" />
  <Point X="176.0" Y="164.0" />
  <Point X="177.0" Y="164.0" />
  <Point X="178.0" Y="163.0" />
  <Point X="178.0" Y="162.0" />
  <Point X="178.0" Y="161.0" />
  <Point X="179.0" Y="161.0" />
  <Point X="179.0" Y="160.0" />
  <Point X="179.0" Y="159.26253219778604" />
  <Point X="179.0" Y="159.0" />
  <Point X="179.0" Y="158.0" />
  <Point X="180.0" Y="158.0" />
  <Point X="180.0" Y="157.0" />
  <Point X="180.0" Y="156.0" />
  <Point X="181.0" Y="155.0" />
  <Point X="181.0" Y="154.0" />
  <Point X="181.0" Y="153.43729408677325" />
  <Point X="181.0" Y="153.0" />
  <Point X="182.0" Y="152.0" />
  <Point X="183.0" Y="151.0" />
  <Point X="183.0" Y="150.0" />
  <Point X="183.0" Y="149.0" />
  <Point X="183.0" Y="148.0" />
  <Point X="183.97373046186644" Y="148.0" />
  <Point X="184.0" Y="148.0" />
  <Point X="184.0" Y="147.0" />
  <Point X="184.0" Y="146.0" />
  <Point X="184.0" Y="145.0" />
  <Point X="185.0" Y="144.0" />
  <Point X="185.0" Y="143.0" />
  <Point X="185.0" Y="142.0" />
  <Point X="185.0" Y="141.20103142712077" />
  <Point X="185.0" Y="141.0" />
  <Point X="186.0" Y="140.0" />
  <Point X="186.0" Y="139.0" />
  <Point X="186.0" Y="138.0" />
  <Point X="187.0" Y="138.0" />
  <Point X="187.0" Y="137.0" />
  <Point X="187.0" Y="136.0" />
  <Point X="187.0" Y="135.37579331610797" />
  <Point X="187.0" Y="135.0" />
  <Point X="187.0" Y="134.0" />
  <Point X="188.0" Y="133.0" />
  <Point X="188.0" Y="132.0" />
  <Point X="188.0" Y="131.0" />
  <Point X="188.0" Y="130.0" />
  <Point X="188.0" Y="129.0" />
  <Point X="188.31780546224618" Y="128.68219453775382" />
  <Point X="189.0" Y="128.0" />
  <Point X="189.0" Y="127.0" />
  <Point X="189.0" Y="126.0" />
  <Point X="189.0" Y="125.0" />
  <Point X="189.0" Y="124.0" />
  <Point X="190.0" Y="123.0" />
  <Point X="190.0" Y="122.13953065645549" />
  <Point X="190.0" Y="122.0" />
  <Point X="191.0" Y="121.0" />
  <Point X="191.0" Y="120.0" />
  <Point X="191.0" Y="119.0" />
  <Point X="191.0" Y="118.0" />
  <Point X="191.0" Y="117.0" />
  <Point X="191.0" Y="116.0" />
  <Point X="191.48486839102765" Y="115.51513160897237" />
  <Point X="192.0" Y="115.0" />
  <Point X="192.0" Y="114.0" />
  <Point X="192.0" Y="113.0" />
  <Point X="192.0" Y="112.0" />
  <Point X="192.0" Y="111.0" />
  <Point X="192.0" Y="110.0" />
  <Point X="192.0" Y="109.0" />
  <Point X="192.0" Y="108.4890544344299" />
  <Point X="192.0" Y="108.0" />
  <Point X="193.0" Y="108.0" />
  <Point X="193.0" Y="107.0" />
  <Point X="193.0" Y="106.0" />
  <Point X="193.0" Y="105.0" />
  <Point X="193.0" Y="104.0" />
  <Point X="193.0" Y="103.0" />
  <Point X="193.0" Y="102.24960276104402" />
  <Point X="193.0" Y="102.0" />
  <Point X="193.0" Y="101.0" />
  <Point X="193.0" Y="100.0" />
  <Point X="193.0" Y="99.0" />
  <Point X="194.0" Y="98.0" />
  <Point X="194.0" Y="97.0" />
  <Point X="194.0" Y="96.0" />
  <Point X="194.0" Y="95.42436465003122" />
  <Point X="194.0" Y="95.0" />
  <Point X="194.0" Y="94.0" />
  <Point X="195.0" Y="93.0" />
  <Point X="195.0" Y="92.0" />
  <Point X="195.0" Y="91.0" />
  <Point X="195.0" Y="90.0" />
  <Point X="195.0" Y="89.0" />
  <Point X="195.0" Y="88.59912653901843" />
  <Point X="195.0" Y="88.0" />
  <Point X="195.0" Y="87.0" />
  <Point X="195.0" Y="86.0" />
  <Point X="195.0" Y="85.0" />
  <Point X="195.0" Y="84.0" />
  <Point X="196.0" Y="84.0" />
  <Point X="196.0" Y="83.0" />
  <Point X="196.0" Y="82.35967486563254" />
  <Point X="196.0" Y="82.0" />
  <Point X="196.0" Y="81.0" />
  <Point X="196.0" Y="80.0" />
  <Point X="196.0" Y="79.0" />
  <Point X="196.0" Y="78.0" />
  <Point X="196.0" Y="77.0" />
  <Point X="196.0" Y="76.0" />
  <Point X="196.0" Y="75.12022319224666" />
  <Point X="196.0" Y="75.0" />
  <Point X="196.0" Y="74.0" />
  <Point X="196.0" Y="73.0" />
  <Point X="196.0" Y="72.0" />
  <Point X="196.0" Y="71.0" />
  <Point X="196.0" Y="70.0" />
  <Point X="195.0" Y="70.0" />
  <Point X="194.0" Y="70.0" />
  <Point X="193.88077151886077" Y="70.0" />
  <Point X="193.0" Y="70.0" />
  <Point X="192.0" Y="70.0" />
  <Point X="191.0" Y="70.0" />
  <Point X="190.0" Y="70.0" />
  <Point X="189.0" Y="70.0" />
  <Point X="188.0" Y="70.0" />
  <Point X="187.0" Y="70.0" />
  <Point X="186.64131984547487" Y="70.0" />
  <Point X="186.0" Y="70.0" />
  <Point X="185.0" Y="71.0" />
  <Point X="184.0" Y="71.0" />
  <Point X="183.0" Y="71.0" />
  <Point X="182.0" Y="71.0" />
  <Point X="181.0" Y="71.0" />
  <Point X="180.0" Y="71.0" />
  <Point X="179.81608173446207" Y="71.0" />
  <Point X="179.0" Y="71.0" />
  <Point X="178.0" Y="71.0" />
  <Point X="177.0" Y="72.0" />
  <Point X="176.0" Y="72.0" />
  <Point X="175.0" Y="72.0" />
  <Point X="174.0" Y="72.0" />
  <Point X="173.0973830968421" Y="72.45130845157895" />
  <Point X="172.0" Y="73.0" />
  <Point X="171.0" Y="73.0" />
  <Point X="170.0" Y="73.0" />
  <Point X="169.0" Y="73.0" />
  <Point X="168.0" Y="73.0" />
  <Point X="167.0" Y="73.0" />
  <Point X="166.0" Y="73.0" />
  <Point X="165.98745992756318" Y="73.0" />
  <Point X="165.0" Y="73.0" />
  <Point X="164.0" Y="74.0" />
  <Point X="162.0" Y="74.0" />
  <Point X="161.0" Y="74.0" />
  <Point X="160.0" Y="74.0" />
  <Point X="159.16222181655039" Y="74.0" />
  <Point X="159.0" Y="74.0" />
  <Point X="158.0" Y="75.0" />
  <Point X="157.0" Y="75.0" />
  <Point X="155.0" Y="75.0" />
  <Point X="154.0" Y="75.0" />
  <Point X="152.3369837055376" Y="75.0" />
  <Point X="152.0" Y="75.0" />
  <Point X="151.0" Y="75.0" />
  <Point X="150.0" Y="75.0" />
  <Point X="148.0" Y="76.0" />
  <Point X="147.0" Y="76.0" />
  <Point X="145.3336000096515" Y="76.0" />
  <Point X="145.0" Y="76.0" />
  <Point X="144.0" Y="76.0" />
  <Point X="142.0" Y="76.0" />
  <Point X="141.0" Y="77.0" />
  <Point X="140.0" Y="77.0" />
  <Point X="139.0" Y="77.0" />
  <Point X="138.5083618986387" Y="77.0" />
  <Point X="138.0" Y="77.0" />
  <Point X="137.0" Y="77.0" />
  <Point X="136.0" Y="78.0" />
  <Point X="134.0" Y="78.0" />
  <Point X="133.0" Y="78.0" />
  <Point X="132.0" Y="78.0" />
  <Point X="131.6831237876259" Y="78.0" />
  <Point X="131.0" Y="78.0" />
  <Point X="130.0" Y="78.0" />
  <Point X="129.0" Y="78.0" />
  <Point X="128.0" Y="78.0" />
  <Point X="127.0" Y="78.0" />
  <Point X="125.0" Y="78.0" />
  <Point X="124.60661677941594" Y="78.39338322058406" />
  <Point X="124.0" Y="79.0" />
  <Point X="123.0" Y="79.0" />
  <Point X="122.0" Y="79.0" />
  <Point X="120.0" Y="79.0" />
  <Point X="119.0" Y="79.0" />
  <Point X="117.61843400322722" Y="79.0" />
  <Point X="117.0" Y="79.0" />
  <Point X="116.0" Y="79.0" />
  <Point X="115.0" Y="79.0" />
  <Point X="114.0" Y="79.0" />
  <Point X="113.0" Y="79.0" />
  <Point X="111.0" Y="79.0" />
  <Point X="110.44454490971867" Y="79.27772754514066" />
  <Point X="109.0" Y="80.0" />
  <Point X="108.0" Y="80.0" />
  <Point X="107.0" Y="80.0" />
  <Point X="106.0" Y="80.0" />
  <Point X="105.0" Y="80.0" />
  <Point X="104.0" Y="80.0" />
  <Point X="103.37559863395524" Y="80.0" />
  <Point X="102.0" Y="80.0" />
  <Point X="101.0" Y="80.0" />
  <Point X="100.0" Y="80.0" />
  <Point X="98.0" Y="81.0" />
  <Point X="97.0" Y="81.0" />
  <Point X="96.37221493806913" Y="81.0" />
  <Point X="96.0" Y="81.0" />
  <Point X="95.0" Y="81.0" />
  <Point X="94.0" Y="81.0" />
  <Point X="92.0" Y="81.0" />
  <Point X="91.0" Y="81.0" />
  <Point X="90.0" Y="81.0" />
  <Point X="89.13276326468325" Y="81.0" />
  <Point X="89.0" Y="81.0" />
  <Point X="87.0" Y="81.0" />
  <Point X="86.0" Y="81.0" />
  <Point X="85.0" Y="81.0" />
  <Point X="83.0" Y="81.0" />
  <Point X="82.0" Y="81.0" />
  <Point X="81.90457498629185" Y="81.04771250685408" />
  <Point X="80.0" Y="82.0" />
  <Point X="79.0" Y="82.0" />
  <Point X="77.0" Y="82.0" />
  <Point X="76.0" Y="82.0" />
  <Point X="75.21506048723928" Y="82.78493951276072" />
  <Point X="75.0" Y="83.0" />
  <Point X="74.0" Y="83.0" />
  <Point X="73.0" Y="83.0" />
  <Point X="72.0" Y="83.0" />
  <Point X="71.0" Y="83.0" />
  <Point X="70.0" Y="83.0" />
  <Point X="69.0" Y="84.0" />
  <Point X="68.47890334677157" Y="84.0" />
  <Point X="68.0" Y="84.0" />
  <Point X="67.0" Y="84.0" />
  <Point X="67.0" Y="85.0" />
  <Point X="66.0" Y="85.0" />
  <Point X="65.0" Y="85.0" />
  <Point X="65.0" Y="86.0" />
  <Point X="64.0" Y="86.0" />
  <Point X="64.0" Y="86.76054832661431" />
  <Point X="64.0" Y="87.0" />
  <Point X="63.0" Y="87.0" />
  <Point X="62.0" Y="87.0" />
  <Point X="62.0" Y="88.0" />
  <Point X="61.0" Y="88.0" />
  <Point X="60.0" Y="88.0" />
  <Point X="59.0" Y="88.0" />
  <Point X="59.0" Y="89.0" />
</Project_1_Part_4>
