<?xml version="1.0" encoding="utf-8" standalone="yes"?>
<Gesture Name="right_sq_bracket10" Subject="3" Number="3" NumPts="276">
  <Point X="101.0" Y="57.0" />
  <Point X="102.0" Y="56.0" />
  <Point X="103.0" Y="56.0" />
  <Point X="104.0" Y="56.0" />
  <Point X="104.05765821637861" Y="56.0" />
  <Point X="105.0" Y="56.0" />
  <Point X="106.0" Y="56.0" />
  <Point X="107.0" Y="56.0" />
  <Point X="107.52952999513032" Y="56.0" />
  <Point X="108.0" Y="56.0" />
  <Point X="109.0" Y="56.0" />
  <Point X="110.0" Y="56.0" />
  <Point X="111.0" Y="56.0" />
  <Point X="111.00140177388202" Y="56.0" />
  <Point X="112.0" Y="56.0" />
  <Point X="113.0" Y="56.0" />
  <Point X="114.0" Y="56.0" />
  <Point X="114.47327355263373" Y="56.0" />
  <Point X="115.0" Y="56.0" />
  <Point X="116.0" Y="56.0" />
  <Point X="117.0" Y="56.0" />
  <Point X="117.94514533138543" Y="56.0" />
  <Point X="118.0" Y="56.0" />
  <Point X="119.0" Y="56.0" />
  <Point X="120.0" Y="56.0" />
  <Point X="121.0" Y="56.0" />
  <Point X="121.41701711013714" Y="56.0" />
  <Point X="122.0" Y="56.0" />
  <Point X="123.0" Y="56.0" />
  <Point X="124.0" Y="56.0" />
  <Point X="124.88888888888884" Y="56.0" />
  <Point X="125.0" Y="56.0" />
  <Point X="126.0" Y="56.0" />
  <Point X="127.0" Y="56.0" />
  <Point X="128.0" Y="56.0" />
  <Point X="128.36076066764056" Y="56.0" />
  <Point X="129.0" Y="56.0" />
  <Point X="130.0" Y="56.0" />
  <Point X="131.0" Y="56.0" />
  <Point X="131.83263244639227" Y="56.0" />
  <Point X="132.0" Y="56.0" />
  <Point X="133.0" Y="56.0" />
  <Point X="134.0" Y="56.0" />
  <Point X="135.0" Y="56.0" />
  <Point X="135.30450422514397" Y="56.0" />
  <Point X="136.0" Y="56.0" />
  <Point X="137.0" Y="56.0" />
  <Point X="138.0" Y="56.0" />
  <Point X="138.77637600389568" Y="56.0" />
  <Point X="139.0" Y="56.0" />
  <Point X="140.0" Y="56.0" />
  <Point X="141.0" Y="56.0" />
  <Point X="142.0" Y="56.0" />
  <Point X="142.24824778264738" Y="56.0" />
  <Point X="143.0" Y="56.0" />
  <Point X="143.0" Y="57.0" />
  <Point X="144.0" Y="57.0" />
  <Point X="144.0" Y="57.720119561399095" />
  <Point X="144.0" Y="58.0" />
  <Point X="144.0" Y="59.0" />
  <Point X="145.0" Y="60.0" />
  <Point X="145.0" Y="60.777777777777715" />
  <Point X="145.0" Y="61.0" />
  <Point X="145.0" Y="62.0" />
  <Point X="145.0" Y="63.0" />
  <Point X="145.88363567552872" Y="63.88363567552872" />
  <Point X="146.0" Y="64.0" />
  <Point X="146.0" Y="65.0" />
  <Point X="146.0" Y="66.0" />
  <Point X="146.0" Y="67.0" />
  <Point X="146.0" Y="67.30730777290805" />
  <Point X="146.0" Y="68.0" />
  <Point X="146.0" Y="69.0" />
  <Point X="146.0" Y="70.0" />
  <Point X="146.0" Y="70.77917955165975" />
  <Point X="146.0" Y="71.0" />
  <Point X="146.0" Y="72.0" />
  <Point X="147.0" Y="73.0" />
  <Point X="147.0" Y="73.83683776803836" />
  <Point X="147.0" Y="74.0" />
  <Point X="147.0" Y="75.0" />
  <Point X="147.0" Y="76.0" />
  <Point X="147.0" Y="77.0" />
  <Point X="147.0" Y="77.30870954679007" />
  <Point X="147.0" Y="78.0" />
  <Point X="147.0" Y="79.0" />
  <Point X="147.0" Y="80.0" />
  <Point X="147.0" Y="80.78058132554177" />
  <Point X="147.0" Y="81.0" />
  <Point X="147.0" Y="82.0" />
  <Point X="147.0" Y="83.0" />
  <Point X="147.0" Y="84.0" />
  <Point X="147.17851130197752" Y="84.17851130197752" />
  <Point X="148.0" Y="85.0" />
  <Point X="148.0" Y="87.0" />
  <Point X="148.0" Y="87.3101113206721" />
  <Point X="148.0" Y="88.0" />
  <Point X="148.0" Y="89.0" />
  <Point X="148.0" Y="90.0" />
  <Point X="148.0" Y="90.78198309942381" />
  <Point X="148.0" Y="91.0" />
  <Point X="149.0" Y="91.0" />
  <Point X="149.0" Y="93.0" />
  <Point X="149.0" Y="93.25385487817552" />
  <Point X="149.0" Y="94.0" />
  <Point X="149.0" Y="95.0" />
  <Point X="149.0" Y="96.0" />
  <Point X="149.0" Y="96.72572665692722" />
  <Point X="149.0" Y="97.0" />
  <Point X="149.0" Y="98.0" />
  <Point X="149.0" Y="99.0" />
  <Point X="149.0" Y="100.0" />
  <Point X="149.0" Y="100.19759843567893" />
  <Point X="149.0" Y="101.0" />
  <Point X="149.0" Y="103.0" />
  <Point X="149.0" Y="103.66947021443063" />
  <Point X="149.0" Y="104.0" />
  <Point X="149.0" Y="105.0" />
  <Point X="150.0" Y="106.0" />
  <Point X="150.0" Y="106.72712843080924" />
  <Point X="150.0" Y="107.0" />
  <Point X="150.0" Y="108.0" />
  <Point X="150.0" Y="109.0" />
  <Point X="150.0" Y="110.0" />
  <Point X="150.0" Y="110.19900020956095" />
  <Point X="150.0" Y="111.0" />
  <Point X="150.0" Y="112.0" />
  <Point X="150.0" Y="113.0" />
  <Point X="150.0" Y="113.67087198831265" />
  <Point X="150.0" Y="114.0" />
  <Point X="150.0" Y="115.0" />
  <Point X="150.0" Y="116.0" />
  <Point X="150.0" Y="117.0" />
  <Point X="150.10093508566334" Y="117.10093508566332" />
  <Point X="151.0" Y="118.0" />
  <Point X="151.0" Y="119.0" />
  <Point X="151.0" Y="120.0" />
  <Point X="151.0" Y="120.20040198344299" />
  <Point X="151.0" Y="121.0" />
  <Point X="151.0" Y="122.0" />
  <Point X="151.0" Y="123.0" />
  <Point X="151.0" Y="123.67227376219469" />
  <Point X="151.0" Y="124.0" />
  <Point X="151.0" Y="125.0" />
  <Point X="151.0" Y="126.0" />
  <Point X="151.0" Y="127.0" />
  <Point X="151.0" Y="127.1441455409464" />
  <Point X="151.0" Y="128.0" />
  <Point X="151.0" Y="129.0" />
  <Point X="151.0" Y="130.0" />
  <Point X="151.0" Y="130.6160173196981" />
  <Point X="151.0" Y="131.0" />
  <Point X="151.0" Y="132.0" />
  <Point X="151.0" Y="133.0" />
  <Point X="151.0" Y="134.0" />
  <Point X="151.0" Y="134.0878890984498" />
  <Point X="151.0" Y="135.0" />
  <Point X="151.0" Y="136.0" />
  <Point X="151.0" Y="137.0" />
  <Point X="151.0" Y="137.5597608772015" />
  <Point X="151.0" Y="138.0" />
  <Point X="151.0" Y="139.0" />
  <Point X="151.0" Y="140.0" />
  <Point X="151.0" Y="141.0" />
  <Point X="151.0" Y="141.03163265595322" />
  <Point X="151.0" Y="142.0" />
  <Point X="151.0" Y="143.0" />
  <Point X="151.0" Y="144.0" />
  <Point X="151.0" Y="144.50350443470492" />
  <Point X="151.0" Y="145.0" />
  <Point X="151.0" Y="146.0" />
  <Point X="151.0" Y="147.0" />
  <Point X="151.0" Y="147.97537621345663" />
  <Point X="151.0" Y="148.0" />
  <Point X="151.0" Y="149.0" />
  <Point X="151.0" Y="150.0" />
  <Point X="151.0" Y="151.0" />
  <Point X="150.55275200779167" Y="151.0" />
  <Point X="150.0" Y="151.0" />
  <Point X="150.0" Y="152.0" />
  <Point X="150.0" Y="153.0" />
  <Point X="150.0" Y="153.91911977096004" />
  <Point X="150.0" Y="154.0" />
  <Point X="150.0" Y="155.0" />
  <Point X="150.0" Y="156.0" />
  <Point X="150.0" Y="157.0" />
  <Point X="150.0" Y="157.39099154971174" />
  <Point X="150.0" Y="158.0" />
  <Point X="150.0" Y="159.0" />
  <Point X="150.0" Y="160.0" />
  <Point X="150.0" Y="160.86286332846345" />
  <Point X="150.0" Y="161.0" />
  <Point X="150.0" Y="162.0" />
  <Point X="150.0" Y="163.0" />
  <Point X="150.0" Y="164.0" />
  <Point X="150.0" Y="164.33473510721515" />
  <Point X="150.0" Y="165.0" />
  <Point X="150.0" Y="166.0" />
  <Point X="149.0" Y="166.0" />
  <Point X="149.0" Y="166.80660688596686" />
  <Point X="149.0" Y="167.0" />
  <Point X="148.0" Y="167.0" />
  <Point X="148.0" Y="168.0" />
  <Point X="147.0" Y="168.0" />
  <Point X="146.72152133528144" Y="168.0" />
  <Point X="146.0" Y="168.0" />
  <Point X="146.0" Y="169.0" />
  <Point X="145.0" Y="169.0" />
  <Point X="144.24964955652973" Y="169.0" />
  <Point X="144.0" Y="169.0" />
  <Point X="143.0" Y="169.0" />
  <Point X="143.0" Y="170.0" />
  <Point X="142.0" Y="170.0" />
  <Point X="141.77777777777803" Y="170.0" />
  <Point X="141.0" Y="170.0" />
  <Point X="140.0" Y="170.0" />
  <Point X="139.0" Y="170.0" />
  <Point X="138.30590599902632" Y="170.0" />
  <Point X="138.0" Y="170.0" />
  <Point X="137.0" Y="171.0" />
  <Point X="136.0" Y="171.0" />
  <Point X="135.2482477826477" Y="171.0" />
  <Point X="135.0" Y="171.0" />
  <Point X="134.0" Y="171.0" />
  <Point X="133.0" Y="171.0" />
  <Point X="133.0" Y="172.0" />
  <Point X="132.776376003896" Y="172.0" />
  <Point X="132.0" Y="172.0" />
  <Point X="131.0" Y="172.0" />
  <Point X="130.0" Y="172.0" />
  <Point X="129.30450422514429" Y="172.0" />
  <Point X="129.0" Y="172.0" />
  <Point X="128.0" Y="172.0" />
  <Point X="127.0" Y="172.0" />
  <Point X="126.0" Y="172.0" />
  <Point X="125.83263244639258" Y="172.0" />
  <Point X="125.0" Y="172.0" />
  <Point X="124.0" Y="172.0" />
  <Point X="123.0" Y="172.0" />
  <Point X="122.36076066764087" Y="172.0" />
  <Point X="122.0" Y="172.0" />
  <Point X="121.0" Y="172.0" />
  <Point X="120.0" Y="172.0" />
  <Point X="119.0" Y="172.0" />
  <Point X="118.88888888888917" Y="172.0" />
  <Point X="118.0" Y="172.0" />
  <Point X="117.0" Y="172.0" />
  <Point X="116.0" Y="172.0" />
  <Point X="115.41701711013746" Y="172.0" />
  <Point X="115.0" Y="172.0" />
  <Point X="114.0" Y="172.0" />
  <Point X="113.0" Y="172.0" />
  <Point X="112.0" Y="172.0" />
  <Point X="112.0" Y="171.94514533138576" />
  <Point X="112.0" Y="171.0" />
  <Point X="111.0" Y="171.0" />
  <Point X="110.0" Y="171.0" />
  <Point X="109.47327355263405" Y="171.0" />
  <Point X="109.0" Y="171.0" />
  <Point X="108.0" Y="171.0" />
  <Point X="108.0" Y="170.0" />
  <Point X="107.00140177388235" Y="170.0" />
  <Point X="107.0" Y="170.0" />
  <Point X="106.0" Y="170.0" />
  <Point X="105.0" Y="170.0" />
  <Point X="104.0" Y="170.0" />
  <Point X="103.66732746921201" Y="169.667327469212" />
  <Point X="103.0" Y="169.0" />
  <Point X="102.0" Y="169.0" />
  <Point X="101.0" Y="169.0" />
  <Point X="100.47187177875203" Y="169.0" />
  <Point X="100.0" Y="169.0" />
  <Point X="99.0" Y="169.0" />
  <Point X="99.0" Y="168.0" />
  <Point X="98.00000000000033" Y="168.0" />
  <Point X="98.0" Y="168.0" />
</Project_1_Part_4>
