<?xml version="1.0" encoding="utf-8" standalone="yes"?>
<Gesture Name="right_curly_brace10" Subject="3" Number="3" NumPts="313">
  <Point X="216.0" Y="22.0" />
  <Point X="210.66283752290454" Y="25.063926607221468" />
  <Point X="205.32567504580908" Y="28.127853214442936" />
  <Point X="199.98851256871362" Y="31.191779821664404" />
  <Point X="194.65135009161816" Y="34.25570642888587" />
  <Point X="189.3141876145227" Y="37.31963303610734" />
  <Point X="183.97702513742723" Y="40.38355964332881" />
  <Point X="178.63986266033177" Y="43.44748625055028" />
  <Point X="173.3027001832363" Y="46.511412857771745" />
  <Point X="167.96553770614085" Y="49.57533946499321" />
  <Point X="162.6283752290454" Y="52.63926607221468" />
  <Point X="157.29121275194993" Y="55.70319267943615" />
  <Point X="151.95405027485447" Y="58.76711928665762" />
  <Point X="146.616887797759" Y="61.831045893879086" />
  <Point X="141.27972532066354" Y="64.89497250110055" />
  <Point X="135.94256284356808" Y="67.95889910832202" />
  <Point X="130.60540036647262" Y="71.02282571554349" />
  <Point X="125.26823788937716" Y="74.08675232276495" />
  <Point X="119.9310754122817" Y="77.15067892998643" />
  <Point X="114.59391293518624" Y="80.21460553720789" />
  <Point X="109.25675045809078" Y="83.27853214442936" />
  <Point X="108.0" Y="84.0" />
  <Point X="108.0" Y="83.0" />
  <Point X="109.0" Y="83.0" />
  <Point X="110.0" Y="83.0" />
  <Point X="111.0" Y="83.0" />
  <Point X="111.70498408584167" Y="83.0" />
  <Point X="112.0" Y="83.0" />
  <Point X="113.0" Y="83.0" />
  <Point X="113.0" Y="82.0" />
  <Point X="114.0" Y="82.0" />
  <Point X="115.0" Y="82.0" />
  <Point X="116.0" Y="82.0" />
  <Point X="116.85908430938007" Y="82.0" />
  <Point X="117.0" Y="82.0" />
  <Point X="118.0" Y="82.0" />
  <Point X="119.0" Y="82.0" />
  <Point X="121.0" Y="82.0" />
  <Point X="122.0" Y="82.0" />
  <Point X="123.0" Y="82.0" />
  <Point X="123.01318453291846" Y="82.0" />
  <Point X="124.0" Y="82.0" />
  <Point X="125.0" Y="82.0" />
  <Point X="126.0" Y="82.0" />
  <Point X="127.0" Y="82.0" />
  <Point X="128.0" Y="82.0" />
  <Point X="129.0" Y="82.0" />
  <Point X="129.16728475645687" Y="82.0" />
  <Point X="130.0" Y="82.0" />
  <Point X="131.0" Y="82.0" />
  <Point X="132.0" Y="82.0" />
  <Point X="133.0" Y="82.0" />
  <Point X="134.0" Y="82.0" />
  <Point X="135.0" Y="82.0" />
  <Point X="135.32138497999526" Y="82.0" />
  <Point X="136.0" Y="82.0" />
  <Point X="137.0" Y="82.0" />
  <Point X="138.0" Y="82.0" />
  <Point X="139.0" Y="82.0" />
  <Point X="140.0" Y="82.0" />
  <Point X="141.0" Y="82.0" />
  <Point X="141.47548520353365" Y="82.0" />
  <Point X="142.0" Y="82.0" />
  <Point X="143.0" Y="82.0" />
  <Point X="144.0" Y="82.0" />
  <Point X="145.0" Y="82.0" />
  <Point X="146.0" Y="82.0" />
  <Point X="147.0" Y="82.0" />
  <Point X="147.62958542707204" Y="82.0" />
  <Point X="148.0" Y="82.0" />
  <Point X="149.0" Y="82.0" />
  <Point X="150.0" Y="83.0" />
  <Point X="151.0" Y="83.0" />
  <Point X="151.0" Y="84.0" />
  <Point X="152.0" Y="84.0" />
  <Point X="152.0" Y="84.36947208823734" />
  <Point X="152.0" Y="85.0" />
  <Point X="153.0" Y="85.0" />
  <Point X="154.0" Y="85.0" />
  <Point X="154.0" Y="86.0" />
  <Point X="154.0" Y="87.0" />
  <Point X="155.0" Y="88.0" />
  <Point X="155.0" Y="88.10935874940265" />
  <Point X="155.0" Y="89.0" />
  <Point X="155.0" Y="90.0" />
  <Point X="155.0" Y="91.0" />
  <Point X="155.0" Y="92.0" />
  <Point X="155.0" Y="93.0" />
  <Point X="155.0" Y="94.0" />
  <Point X="155.0" Y="94.26345897294104" />
  <Point X="155.0" Y="95.0" />
  <Point X="155.0" Y="96.0" />
  <Point X="155.0" Y="97.0" />
  <Point X="155.0" Y="98.0" />
  <Point X="155.0" Y="99.0" />
  <Point X="155.0" Y="100.0" />
  <Point X="154.58244080352057" Y="100.0" />
  <Point X="154.0" Y="100.0" />
  <Point X="154.0" Y="101.0" />
  <Point X="153.0" Y="101.0" />
  <Point X="153.0" Y="102.0" />
  <Point X="153.0" Y="103.0" />
  <Point X="152.0" Y="103.0" />
  <Point X="152.0" Y="103.57165942001782" />
  <Point X="152.0" Y="104.0" />
  <Point X="152.0" Y="105.0" />
  <Point X="151.0" Y="105.0" />
  <Point X="151.0" Y="106.0" />
  <Point X="150.0" Y="107.0" />
  <Point X="149.0" Y="107.0" />
  <Point X="149.0" Y="107.31154608118312" />
  <Point X="149.0" Y="108.0" />
  <Point X="149.0" Y="109.0" />
  <Point X="148.0" Y="109.0" />
  <Point X="148.0" Y="110.0" />
  <Point X="147.0" Y="111.0" />
  <Point X="146.25652477792386" Y="111.74347522207614" />
  <Point X="146.0" Y="112.0" />
  <Point X="146.0" Y="113.0" />
  <Point X="145.0" Y="113.0" />
  <Point X="145.0" Y="114.0" />
  <Point X="144.0" Y="114.0" />
  <Point X="144.0" Y="115.0" />
  <Point X="143.20868059648626" Y="115.0" />
  <Point X="143.0" Y="115.0" />
  <Point X="143.0" Y="116.0" />
  <Point X="143.0" Y="117.0" />
  <Point X="142.0" Y="118.0" />
  <Point X="142.0" Y="119.0" />
  <Point X="142.0" Y="120.0" />
  <Point X="142.0" Y="120.53120606467904" />
  <Point X="142.0" Y="121.0" />
  <Point X="142.0" Y="122.0" />
  <Point X="142.0" Y="123.0" />
  <Point X="143.0" Y="123.0" />
  <Point X="144.0" Y="123.0" />
  <Point X="144.0" Y="124.0" />
  <Point X="144.68530628821745" Y="124.0" />
  <Point X="145.0" Y="124.0" />
  <Point X="146.0" Y="124.0" />
  <Point X="146.0" Y="125.0" />
  <Point X="146.0" Y="126.0" />
  <Point X="147.0" Y="126.0" />
  <Point X="148.0" Y="126.0" />
  <Point X="148.0" Y="126.83940651175584" />
  <Point X="148.0" Y="127.0" />
  <Point X="149.0" Y="127.0" />
  <Point X="150.0" Y="127.0" />
  <Point X="150.0" Y="128.0" />
  <Point X="151.0" Y="128.0" />
  <Point X="151.0" Y="129.0" />
  <Point X="151.99350673529423" Y="129.0" />
  <Point X="152.0" Y="129.0" />
  <Point X="152.0" Y="130.0" />
  <Point X="153.0" Y="130.0" />
  <Point X="154.0" Y="130.0" />
  <Point X="154.0" Y="131.0" />
  <Point X="155.0" Y="131.0" />
  <Point X="155.0" Y="132.0" />
  <Point X="155.0" Y="132.14760695883263" />
  <Point X="155.0" Y="133.0" />
  <Point X="155.0" Y="134.0" />
  <Point X="155.0" Y="135.0" />
  <Point X="155.0" Y="136.0" />
  <Point X="155.0" Y="137.0" />
  <Point X="155.0" Y="138.0" />
  <Point X="155.0" Y="138.30170718237102" />
  <Point X="155.0" Y="139.0" />
  <Point X="155.0" Y="140.0" />
  <Point X="155.0" Y="141.0" />
  <Point X="154.0" Y="142.0" />
  <Point X="153.0" Y="143.0" />
  <Point X="153.0" Y="143.62738028116323" />
  <Point X="153.0" Y="144.0" />
  <Point X="152.0" Y="144.0" />
  <Point X="152.0" Y="145.0" />
  <Point X="151.0" Y="146.0" />
  <Point X="150.0" Y="147.0" />
  <Point X="149.04694662004457" Y="147.0" />
  <Point X="149.0" Y="147.0" />
  <Point X="149.0" Y="148.0" />
  <Point X="148.0" Y="148.0" />
  <Point X="148.0" Y="149.0" />
  <Point X="147.0" Y="149.0" />
  <Point X="147.0" Y="150.0" />
  <Point X="147.0" Y="151.0" />
  <Point X="146.89284639650617" Y="151.0" />
  <Point X="146.0" Y="151.0" />
  <Point X="145.0" Y="151.0" />
  <Point X="145.0" Y="152.0" />
  <Point X="144.0" Y="152.0" />
  <Point X="144.0" Y="153.0" />
  <Point X="143.0" Y="153.0" />
  <Point X="143.0" Y="153.26125382703222" />
  <Point X="143.0" Y="154.0" />
  <Point X="143.0" Y="155.0" />
  <Point X="142.0" Y="155.0" />
  <Point X="141.0" Y="155.0" />
  <Point X="141.0" Y="156.0" />
  <Point X="140.0" Y="156.0" />
  <Point X="140.0" Y="156.4153540505706" />
  <Point X="140.0" Y="157.0" />
  <Point X="139.0" Y="157.0" />
  <Point X="139.0" Y="158.0" />
  <Point X="139.0" Y="159.0" />
  <Point X="138.0" Y="159.0" />
  <Point X="138.0" Y="160.0" />
  <Point X="137.430545725891" Y="160.0" />
  <Point X="137.0" Y="160.0" />
  <Point X="137.0" Y="161.0" />
  <Point X="137.0" Y="162.0" />
  <Point X="136.0" Y="162.0" />
  <Point X="136.0" Y="163.0" />
  <Point X="136.0" Y="164.0" />
  <Point X="136.0" Y="164.7235544976474" />
  <Point X="136.0" Y="165.0" />
  <Point X="137.0" Y="165.0" />
  <Point X="138.0" Y="165.0" />
  <Point X="138.0" Y="166.0" />
  <Point X="139.0" Y="166.0" />
  <Point X="140.0" Y="167.0" />
  <Point X="140.4634411588127" Y="167.0" />
  <Point X="141.0" Y="167.0" />
  <Point X="142.0" Y="167.0" />
  <Point X="143.0" Y="167.0" />
  <Point X="144.0" Y="167.0" />
  <Point X="145.0" Y="167.0" />
  <Point X="146.0" Y="167.0" />
  <Point X="146.6175413823511" Y="167.0" />
  <Point X="147.0" Y="167.0" />
  <Point X="148.0" Y="167.0" />
  <Point X="149.0" Y="167.0" />
  <Point X="150.0" Y="167.0" />
  <Point X="151.0" Y="167.0" />
  <Point X="152.0" Y="167.0" />
  <Point X="152.7716416058895" Y="167.0" />
  <Point X="154.0" Y="167.0" />
  <Point X="155.0" Y="167.0" />
  <Point X="156.0" Y="167.0" />
  <Point X="156.0" Y="168.0" />
  <Point X="157.0" Y="168.0" />
  <Point X="157.9257418294279" Y="168.0" />
  <Point X="158.0" Y="168.0" />
  <Point X="158.0" Y="169.0" />
  <Point X="158.0" Y="170.0" />
  <Point X="158.0" Y="171.0" />
  <Point X="157.0" Y="172.0" />
  <Point X="156.0" Y="173.0" />
  <Point X="156.0" Y="173.2514149282201" />
  <Point X="156.0" Y="174.0" />
  <Point X="155.0" Y="174.0" />
  <Point X="155.0" Y="175.0" />
  <Point X="154.0" Y="175.0" />
  <Point X="154.0" Y="176.0" />
  <Point X="153.0" Y="176.0" />
  <Point X="153.0" Y="176.4055151517585" />
  <Point X="153.0" Y="177.0" />
  <Point X="152.0" Y="177.0" />
  <Point X="152.0" Y="178.0" />
  <Point X="151.0" Y="178.0" />
  <Point X="151.0" Y="179.0" />
  <Point X="150.0" Y="180.0" />
  <Point X="149.8545981870762" Y="180.0" />
  <Point X="149.0" Y="180.0" />
  <Point X="149.0" Y="181.0" />
  <Point X="148.0" Y="181.0" />
  <Point X="148.0" Y="182.0" />
  <Point X="147.0" Y="182.0" />
  <Point X="147.0" Y="183.0" />
  <Point X="146.7004979635378" Y="183.0" />
  <Point X="146.0" Y="183.0" />
  <Point X="146.0" Y="184.0" />
  <Point X="145.0" Y="185.0" />
  <Point X="144.0" Y="185.0" />
  <Point X="143.0" Y="186.0" />
  <Point X="142.5579344224324" Y="186.4420655775676" />
  <Point X="142.0" Y="187.0" />
  <Point X="141.0" Y="187.0" />
  <Point X="141.0" Y="188.0" />
  <Point X="140.0" Y="188.0" />
  <Point X="139.0" Y="189.0" />
  <Point X="138.04915176595338" Y="189.0" />
  <Point X="138.0" Y="189.0" />
  <Point X="137.0" Y="190.0" />
  <Point X="137.0" Y="191.0" />
  <Point X="136.0" Y="191.0" />
  <Point X="134.0" Y="192.0" />
  <Point X="133.54533308228787" Y="192.0" />
  <Point X="133.0" Y="192.0" />
  <Point X="132.0" Y="193.0" />
  <Point X="130.0" Y="193.0" />
  <Point X="129.0" Y="194.0" />
  <Point X="128.44821628269855" Y="194.55178371730145" />
  <Point X="128.0" Y="195.0" />
  <Point X="127.0" Y="195.0" />
  <Point X="126.0" Y="195.0" />
  <Point X="125.0" Y="195.0" />
  <Point X="124.0" Y="196.0" />
  <Point X="123.0" Y="196.0" />
  <Point X="122.89398688470344" Y="196.0" />
  <Point X="122.0" Y="196.0" />
  <Point X="121.0" Y="197.0" />
  <Point X="120.0" Y="197.0" />
  <Point X="119.0" Y="197.0" />
  <Point X="119.0" Y="198.0" />
  <Point X="118.15410022353814" Y="198.0" />
  <Point X="118.0" Y="198.0" />
  <Point X="117.0" Y="198.0" />
  <Point X="116.0" Y="198.0" />
  <Point X="115.0" Y="198.0" />
  <Point X="114.0" Y="198.0" />
  <Point X="114.0" Y="199.0" />
  <Point X="113.0" Y="199.0" />
</Project_1_Part_4>
