<?xml version="1.0" encoding="utf-8" standalone="yes"?>
<Gesture Name="right_sq_bracket9" Subject="3" Number="3" NumPts="306">
  <Point X="100.0" Y="58.0" />
  <Point X="101.0" Y="58.0" />
  <Point X="101.0" Y="57.0" />
  <Point X="102.0" Y="57.0" />
  <Point X="103.0" Y="57.0" />
  <Point X="103.04704746093425" Y="57.0" />
  <Point X="104.0" Y="57.0" />
  <Point X="105.0" Y="57.0" />
  <Point X="106.0" Y="57.0" />
  <Point X="107.0" Y="57.0" />
  <Point X="107.0940949218685" Y="57.0" />
  <Point X="108.0" Y="57.0" />
  <Point X="109.0" Y="57.0" />
  <Point X="110.0" Y="56.0" />
  <Point X="110.72692882042966" Y="56.0" />
  <Point X="111.0" Y="56.0" />
  <Point X="112.0" Y="56.0" />
  <Point X="113.0" Y="56.0" />
  <Point X="114.0" Y="56.0" />
  <Point X="114.77397628136391" Y="56.0" />
  <Point X="115.0" Y="56.0" />
  <Point X="116.0" Y="56.0" />
  <Point X="117.0" Y="56.0" />
  <Point X="118.0" Y="56.0" />
  <Point X="118.82102374229817" Y="56.0" />
  <Point X="119.0" Y="56.0" />
  <Point X="120.0" Y="56.0" />
  <Point X="121.0" Y="56.0" />
  <Point X="122.0" Y="56.0" />
  <Point X="122.86807120323242" Y="56.0" />
  <Point X="123.0" Y="56.0" />
  <Point X="124.0" Y="56.0" />
  <Point X="125.0" Y="56.0" />
  <Point X="126.0" Y="56.0" />
  <Point X="126.91511866416667" Y="56.0" />
  <Point X="127.0" Y="56.0" />
  <Point X="128.0" Y="56.0" />
  <Point X="129.0" Y="56.0" />
  <Point X="130.0" Y="56.0" />
  <Point X="130.9621661251009" Y="56.0" />
  <Point X="131.0" Y="56.0" />
  <Point X="132.0" Y="56.0" />
  <Point X="133.0" Y="56.0" />
  <Point X="134.0" Y="56.0" />
  <Point X="135.0" Y="56.0" />
  <Point X="135.00921358603514" Y="56.0" />
  <Point X="136.0" Y="56.0" />
  <Point X="137.0" Y="56.0" />
  <Point X="138.0" Y="56.0" />
  <Point X="139.0" Y="56.0" />
  <Point X="139.05626104696938" Y="56.0" />
  <Point X="140.0" Y="56.0" />
  <Point X="140.0" Y="57.0" />
  <Point X="141.0" Y="57.0" />
  <Point X="142.0" Y="57.0" />
  <Point X="142.10330850790362" Y="57.0" />
  <Point X="143.0" Y="57.0" />
  <Point X="144.0" Y="57.0" />
  <Point X="145.0" Y="57.0" />
  <Point X="146.0" Y="57.0" />
  <Point X="146.15035596883786" Y="57.0" />
  <Point X="147.0" Y="57.0" />
  <Point X="148.0" Y="57.0" />
  <Point X="149.0" Y="57.0" />
  <Point X="150.0" Y="57.0" />
  <Point X="150.1974034297721" Y="57.0" />
  <Point X="151.0" Y="57.0" />
  <Point X="152.0" Y="57.0" />
  <Point X="152.0" Y="58.0" />
  <Point X="153.0" Y="58.0" />
  <Point X="153.24445089070633" Y="58.0" />
  <Point X="154.0" Y="58.0" />
  <Point X="155.0" Y="58.0" />
  <Point X="156.0" Y="58.0" />
  <Point X="157.0" Y="58.0" />
  <Point X="157.29149835164057" Y="58.0" />
  <Point X="158.0" Y="58.0" />
  <Point X="158.0" Y="59.0" />
  <Point X="159.0" Y="59.0" />
  <Point X="160.0" Y="59.0" />
  <Point X="160.0" Y="59.33854581257482" />
  <Point X="160.0" Y="60.0" />
  <Point X="161.0" Y="60.0" />
  <Point X="161.0" Y="61.0" />
  <Point X="161.0" Y="62.0" />
  <Point X="161.0" Y="62.38559327350907" />
  <Point X="161.0" Y="63.0" />
  <Point X="161.0" Y="64.0" />
  <Point X="161.0" Y="65.0" />
  <Point X="161.0" Y="66.0" />
  <Point X="161.0" Y="66.43264073444332" />
  <Point X="161.0" Y="67.0" />
  <Point X="161.0" Y="68.0" />
  <Point X="161.0" Y="69.0" />
  <Point X="161.0" Y="70.0" />
  <Point X="161.0" Y="70.47968819537758" />
  <Point X="161.0" Y="71.0" />
  <Point X="161.0" Y="72.0" />
  <Point X="161.0" Y="73.0" />
  <Point X="161.0" Y="74.0" />
  <Point X="160.4732643436882" Y="74.0" />
  <Point X="160.0" Y="74.0" />
  <Point X="160.0" Y="75.0" />
  <Point X="160.0" Y="76.0" />
  <Point X="160.0" Y="77.0" />
  <Point X="160.0" Y="77.57378311724607" />
  <Point X="160.0" Y="78.0" />
  <Point X="160.0" Y="79.0" />
  <Point X="160.0" Y="80.0" />
  <Point X="160.0" Y="81.0" />
  <Point X="160.0" Y="81.62083057818032" />
  <Point X="160.0" Y="82.0" />
  <Point X="160.0" Y="83.0" />
  <Point X="159.0" Y="84.0" />
  <Point X="159.0" Y="85.0" />
  <Point X="159.0" Y="85.25366447674148" />
  <Point X="159.0" Y="86.0" />
  <Point X="159.0" Y="87.0" />
  <Point X="159.0" Y="88.0" />
  <Point X="159.0" Y="89.0" />
  <Point X="159.0" Y="89.30071193767573" />
  <Point X="159.0" Y="90.0" />
  <Point X="159.0" Y="91.0" />
  <Point X="159.0" Y="92.0" />
  <Point X="158.046990189835" Y="92.95300981016501" />
  <Point X="158.0" Y="93.0" />
  <Point X="158.0" Y="94.0" />
  <Point X="158.0" Y="95.0" />
  <Point X="158.0" Y="96.0" />
  <Point X="158.0" Y="96.98059329717113" />
  <Point X="158.0" Y="98.0" />
  <Point X="157.0" Y="98.0" />
  <Point X="157.0" Y="99.0" />
  <Point X="157.0" Y="100.0" />
  <Point X="157.0" Y="100.02764075810538" />
  <Point X="157.0" Y="101.0" />
  <Point X="157.0" Y="102.0" />
  <Point X="157.0" Y="104.0" />
  <Point X="157.0" Y="104.07468821903963" />
  <Point X="157.0" Y="105.0" />
  <Point X="157.0" Y="107.0" />
  <Point X="157.0" Y="108.0" />
  <Point X="157.0" Y="108.12173567997388" />
  <Point X="157.0" Y="109.0" />
  <Point X="157.0" Y="110.0" />
  <Point X="157.0" Y="111.0" />
  <Point X="157.0" Y="112.0" />
  <Point X="157.0" Y="112.16878314090813" />
  <Point X="157.0" Y="113.0" />
  <Point X="157.0" Y="114.0" />
  <Point X="157.0" Y="115.0" />
  <Point X="157.0" Y="116.21583060184238" />
  <Point X="157.0" Y="117.0" />
  <Point X="157.0" Y="118.0" />
  <Point X="157.0" Y="119.0" />
  <Point X="157.0" Y="120.0" />
  <Point X="157.0" Y="120.26287806277664" />
  <Point X="157.0" Y="121.0" />
  <Point X="157.0" Y="122.0" />
  <Point X="157.0" Y="123.0" />
  <Point X="157.0" Y="124.0" />
  <Point X="157.0" Y="124.30992552371089" />
  <Point X="157.0" Y="126.0" />
  <Point X="157.0" Y="127.0" />
  <Point X="157.0" Y="128.0" />
  <Point X="157.0" Y="128.35697298464513" />
  <Point X="157.0" Y="130.0" />
  <Point X="157.0" Y="131.0" />
  <Point X="157.0" Y="132.0" />
  <Point X="157.0" Y="132.40402044557936" />
  <Point X="157.0" Y="133.0" />
  <Point X="157.0" Y="134.0" />
  <Point X="157.0" Y="135.0" />
  <Point X="157.0" Y="136.0" />
  <Point X="157.0" Y="136.4510679065136" />
  <Point X="157.0" Y="137.0" />
  <Point X="157.0" Y="138.0" />
  <Point X="157.0" Y="139.0" />
  <Point X="157.0" Y="140.0" />
  <Point X="157.0" Y="140.49811536744784" />
  <Point X="157.0" Y="141.0" />
  <Point X="157.0" Y="142.0" />
  <Point X="157.0" Y="143.0" />
  <Point X="157.0" Y="144.0" />
  <Point X="157.0" Y="144.54516282838208" />
  <Point X="157.0" Y="145.0" />
  <Point X="157.0" Y="146.0" />
  <Point X="157.0" Y="147.0" />
  <Point X="157.0" Y="148.0" />
  <Point X="157.0" Y="148.5922102893163" />
  <Point X="157.0" Y="149.0" />
  <Point X="157.0" Y="150.0" />
  <Point X="157.0" Y="151.0" />
  <Point X="157.0" Y="152.0" />
  <Point X="157.63925775025055" Y="152.0" />
  <Point X="158.0" Y="152.0" />
  <Point X="158.0" Y="153.0" />
  <Point X="159.0" Y="153.0" />
  <Point X="159.0" Y="154.0" />
  <Point X="159.0" Y="154.6863052111848" />
  <Point X="159.0" Y="155.0" />
  <Point X="159.0" Y="156.0" />
  <Point X="159.0" Y="157.0" />
  <Point X="159.0" Y="158.0" />
  <Point X="158.26664732788097" Y="158.0" />
  <Point X="158.0" Y="158.0" />
  <Point X="158.0" Y="159.0" />
  <Point X="158.0" Y="160.0" />
  <Point X="157.0" Y="160.0" />
  <Point X="157.0" Y="160.78040013305326" />
  <Point X="157.0" Y="161.0" />
  <Point X="156.0" Y="162.0" />
  <Point X="155.0" Y="163.0" />
  <Point X="154.00097953075868" Y="163.0" />
  <Point X="154.0" Y="163.0" />
  <Point X="153.0" Y="164.0" />
  <Point X="152.0" Y="164.0" />
  <Point X="151.0" Y="165.0" />
  <Point X="150.78235919457063" Y="165.0" />
  <Point X="150.0" Y="165.0" />
  <Point X="149.0" Y="165.0" />
  <Point X="149.0" Y="166.0" />
  <Point X="148.0" Y="166.0" />
  <Point X="147.7353117336364" Y="166.0" />
  <Point X="147.0" Y="166.0" />
  <Point X="146.0" Y="166.0" />
  <Point X="145.0" Y="166.0" />
  <Point X="145.0" Y="167.0" />
  <Point X="144.68826427270216" Y="167.0" />
  <Point X="144.0" Y="167.0" />
  <Point X="143.0" Y="167.0" />
  <Point X="142.0" Y="167.0" />
  <Point X="141.0" Y="167.0" />
  <Point X="140.64121681176792" Y="167.0" />
  <Point X="139.0" Y="167.0" />
  <Point X="138.0" Y="168.0" />
  <Point X="137.00838291320676" Y="168.0" />
  <Point X="137.0" Y="168.0" />
  <Point X="136.0" Y="168.0" />
  <Point X="135.0" Y="168.0" />
  <Point X="134.0" Y="168.0" />
  <Point X="133.0" Y="168.0" />
  <Point X="132.96133545227252" Y="168.0" />
  <Point X="132.0" Y="168.0" />
  <Point X="130.0" Y="169.0" />
  <Point X="129.15035596883806" Y="169.0" />
  <Point X="129.0" Y="169.0" />
  <Point X="128.0" Y="169.0" />
  <Point X="127.0" Y="169.0" />
  <Point X="126.0" Y="169.0" />
  <Point X="125.1033085079038" Y="169.0" />
  <Point X="124.0" Y="169.0" />
  <Point X="123.0" Y="169.0" />
  <Point X="122.0" Y="169.0" />
  <Point X="121.05626104696955" Y="169.0" />
  <Point X="121.0" Y="169.0" />
  <Point X="120.0" Y="169.0" />
  <Point X="119.0" Y="169.0" />
  <Point X="118.0" Y="169.0" />
  <Point X="117.0092135860353" Y="169.0" />
  <Point X="117.0" Y="169.0" />
  <Point X="116.0" Y="169.0" />
  <Point X="115.0" Y="169.0" />
  <Point X="114.0" Y="169.0" />
  <Point X="113.0" Y="169.0" />
  <Point X="112.96216612510105" Y="169.0" />
  <Point X="112.0" Y="169.0" />
  <Point X="111.0" Y="169.0" />
  <Point X="110.0" Y="169.0" />
  <Point X="109.0" Y="169.0" />
  <Point X="108.9151186641668" Y="169.0" />
  <Point X="108.0" Y="169.0" />
  <Point X="107.0" Y="169.0" />
  <Point X="106.0" Y="169.0" />
  <Point X="105.0" Y="169.0" />
  <Point X="104.86807120323255" Y="169.0" />
  <Point X="104.0" Y="169.0" />
  <Point X="103.0" Y="169.0" />
  <Point X="102.0" Y="169.0" />
  <Point X="101.0" Y="169.0" />
  <Point X="101.0" Y="168.8210237422983" />
  <Point X="101.0" Y="168.0" />
  <Point X="100.0" Y="168.0" />
  <Point X="99.0" Y="168.0" />
  <Point X="98.0" Y="168.0" />
  <Point X="97.77397628136406" Y="168.0" />
  <Point X="97.0" Y="168.0" />
  <Point X="96.0" Y="168.0" />
  <Point X="96.0" Y="167.0" />
  <Point X="95.0" Y="167.0" />
  <Point X="94.7269288204298" Y="167.0" />
  <Point X="94.0" Y="167.0" />
  <Point X="93.0" Y="167.0" />
  <Point X="92.0" Y="167.0" />
  <Point X="92.0" Y="166.0" />
  <Point X="91.67988135949555" Y="166.0" />
  <Point X="91.0" Y="166.0" />
  <Point X="90.0" Y="166.0" />
  <Point X="89.0" Y="166.0" />
  <Point X="88.03326757866432" Y="165.03326757866432" />
  <Point X="88.0" Y="165.0" />
  <Point X="87.0" Y="165.0" />
  <Point X="86.0" Y="165.0" />
  <Point X="86.0" Y="164.0" />
  <Point X="86.0" Y="163.00000000000014" />
  <Point X="86.0" Y="163.0" />
</Project_1_Part_4>
