<?xml version="1.0" encoding="utf-8" standalone="yes"?>
<Gesture Name="right_curly_brace8" Subject="3" Number="3" NumPts="282">
  <Point X="207.0" Y="25.0" />
  <Point X="202.26244356214582" Y="27.14318029331498" />
  <Point X="197.52488712429164" Y="29.28636058662996" />
  <Point X="192.78733068643746" Y="31.42954087994494" />
  <Point X="188.04977424858328" Y="33.57272117325992" />
  <Point X="183.31221781072912" Y="35.715901466574905" />
  <Point X="178.57466137287494" Y="37.85908175988989" />
  <Point X="173.83710493502076" Y="40.00226205320487" />
  <Point X="169.09954849716658" Y="42.14544234651986" />
  <Point X="164.3619920593124" Y="44.28862263983484" />
  <Point X="159.62443562145825" Y="46.431802933149825" />
  <Point X="154.88687918360407" Y="48.57498322646481" />
  <Point X="150.14932274574988" Y="50.71816351977979" />
  <Point X="145.41176630789573" Y="52.86134381309478" />
  <Point X="140.67420987004155" Y="55.00452410640976" />
  <Point X="135.93665343218737" Y="57.147704399724745" />
  <Point X="131.19909699433322" Y="59.29088469303973" />
  <Point X="126.46154055647905" Y="61.43406498635471" />
  <Point X="123.0" Y="63.0" />
  <Point X="124.0" Y="63.0" />
  <Point X="124.400510136494" Y="63.0" />
  <Point X="125.0" Y="63.0" />
  <Point X="126.0" Y="63.0" />
  <Point X="126.0" Y="62.0" />
  <Point X="127.0" Y="62.0" />
  <Point X="128.0" Y="62.0" />
  <Point X="128.60028539812862" Y="62.0" />
  <Point X="129.0" Y="62.0" />
  <Point X="130.0" Y="62.0" />
  <Point X="131.0" Y="61.0" />
  <Point X="132.0" Y="61.0" />
  <Point X="133.0" Y="61.0" />
  <Point X="133.38584709739013" Y="61.0" />
  <Point X="134.0" Y="61.0" />
  <Point X="135.0" Y="61.0" />
  <Point X="136.0" Y="61.0" />
  <Point X="137.0" Y="61.0" />
  <Point X="138.0" Y="61.0" />
  <Point X="138.58562235902474" Y="61.0" />
  <Point X="139.0" Y="61.0" />
  <Point X="140.0" Y="61.0" />
  <Point X="141.0" Y="61.0" />
  <Point X="142.0" Y="61.0" />
  <Point X="142.0" Y="62.0" />
  <Point X="142.78539762065935" Y="62.0" />
  <Point X="143.0" Y="62.0" />
  <Point X="144.0" Y="62.0" />
  <Point X="145.0" Y="62.0" />
  <Point X="146.0" Y="63.0" />
  <Point X="147.0" Y="63.0" />
  <Point X="147.4037292068977" Y="63.4037292068977" />
  <Point X="148.0" Y="64.0" />
  <Point X="149.0" Y="64.0" />
  <Point X="150.0" Y="64.0" />
  <Point X="150.0" Y="65.0" />
  <Point X="150.95920521148594" Y="65.95920521148594" />
  <Point X="151.0" Y="66.0" />
  <Point X="152.0" Y="66.0" />
  <Point X="153.0" Y="67.0" />
  <Point X="154.0" Y="68.0" />
  <Point X="154.92889477844727" Y="68.92889477844727" />
  <Point X="155.0" Y="69.0" />
  <Point X="155.0" Y="70.0" />
  <Point X="156.0" Y="71.0" />
  <Point X="156.0" Y="72.0" />
  <Point X="157.0" Y="72.0" />
  <Point X="157.0" Y="72.68500373058609" />
  <Point X="157.0" Y="73.0" />
  <Point X="157.0" Y="74.0" />
  <Point X="157.0" Y="75.0" />
  <Point X="157.0" Y="76.0" />
  <Point X="157.0" Y="77.0" />
  <Point X="157.0" Y="77.88477899222069" />
  <Point X="157.0" Y="78.0" />
  <Point X="157.0" Y="79.0" />
  <Point X="157.0" Y="80.0" />
  <Point X="157.0" Y="81.0" />
  <Point X="157.0" Y="82.0" />
  <Point X="157.0" Y="83.0" />
  <Point X="157.0" Y="83.08455425385529" />
  <Point X="157.0" Y="84.0" />
  <Point X="156.0" Y="84.0" />
  <Point X="156.0" Y="85.0" />
  <Point X="156.0" Y="86.0" />
  <Point X="156.0" Y="87.0" />
  <Point X="155.7156704845101" Y="87.0" />
  <Point X="155.0" Y="87.0" />
  <Point X="155.0" Y="88.0" />
  <Point X="155.0" Y="89.0" />
  <Point X="155.0" Y="90.0" />
  <Point X="154.0" Y="90.0" />
  <Point X="154.0" Y="90.4841047771245" />
  <Point X="154.0" Y="91.0" />
  <Point X="154.0" Y="92.0" />
  <Point X="153.0" Y="92.0" />
  <Point X="152.0" Y="93.0" />
  <Point X="152.0" Y="94.0" />
  <Point X="151.80931700588877" Y="94.19068299411123" />
  <Point X="151.0" Y="95.0" />
  <Point X="150.0" Y="96.0" />
  <Point X="150.0" Y="97.0" />
  <Point X="149.0" Y="97.0" />
  <Point X="148.546734220114" Y="97.45326577988601" />
  <Point X="148.0" Y="98.0" />
  <Point X="148.0" Y="99.0" />
  <Point X="147.0" Y="100.0" />
  <Point X="147.0" Y="101.0" />
  <Point X="146.0" Y="101.0" />
  <Point X="146.0" Y="101.01236275016282" />
  <Point X="146.0" Y="102.0" />
  <Point X="146.0" Y="103.0" />
  <Point X="145.0" Y="103.0" />
  <Point X="145.0" Y="104.0" />
  <Point X="144.0" Y="104.0" />
  <Point X="144.0" Y="104.21213801179742" />
  <Point X="144.0" Y="105.0" />
  <Point X="143.0" Y="105.0" />
  <Point X="143.0" Y="106.0" />
  <Point X="143.0" Y="107.0" />
  <Point X="143.0" Y="108.0" />
  <Point X="143.41191327343202" Y="108.0" />
  <Point X="144.0" Y="108.0" />
  <Point X="145.0" Y="108.0" />
  <Point X="146.0" Y="108.0" />
  <Point X="147.0" Y="108.0" />
  <Point X="148.0" Y="108.0" />
  <Point X="148.6116885350666" Y="108.0" />
  <Point X="149.0" Y="108.0" />
  <Point X="150.0" Y="108.0" />
  <Point X="151.0" Y="109.0" />
  <Point X="152.0" Y="109.0" />
  <Point X="153.0" Y="109.0" />
  <Point X="153.3972502343281" Y="109.0" />
  <Point X="154.0" Y="109.0" />
  <Point X="155.0" Y="109.0" />
  <Point X="156.0" Y="109.0" />
  <Point X="157.0" Y="109.0" />
  <Point X="158.0" Y="109.0" />
  <Point X="158.59702549596273" Y="109.0" />
  <Point X="159.0" Y="109.0" />
  <Point X="160.0" Y="109.0" />
  <Point X="161.0" Y="109.0" />
  <Point X="162.0" Y="109.0" />
  <Point X="163.0" Y="110.0" />
  <Point X="163.38258719522423" Y="110.0" />
  <Point X="164.0" Y="110.0" />
  <Point X="165.0" Y="110.0" />
  <Point X="165.0" Y="111.0" />
  <Point X="166.0" Y="111.0" />
  <Point X="167.0" Y="111.0" />
  <Point X="167.0" Y="111.58236245685883" />
  <Point X="167.0" Y="112.0" />
  <Point X="167.0" Y="113.0" />
  <Point X="167.0" Y="114.0" />
  <Point X="167.0" Y="115.0" />
  <Point X="167.0" Y="116.0" />
  <Point X="167.0" Y="116.78213771849343" />
  <Point X="167.0" Y="117.0" />
  <Point X="167.0" Y="118.0" />
  <Point X="167.0" Y="119.0" />
  <Point X="166.0" Y="119.0" />
  <Point X="166.0" Y="120.0" />
  <Point X="165.30568267321638" Y="120.69431732678362" />
  <Point X="165.0" Y="121.0" />
  <Point X="164.0" Y="121.0" />
  <Point X="164.0" Y="122.0" />
  <Point X="164.0" Y="123.0" />
  <Point X="163.0" Y="124.0" />
  <Point X="163.0" Y="124.35326111701643" />
  <Point X="163.0" Y="125.0" />
  <Point X="162.0" Y="125.0" />
  <Point X="162.0" Y="126.0" />
  <Point X="161.0" Y="126.0" />
  <Point X="161.0" Y="127.0" />
  <Point X="161.0" Y="127.55303637865103" />
  <Point X="161.0" Y="128.0" />
  <Point X="160.0" Y="128.0" />
  <Point X="160.0" Y="129.0" />
  <Point X="159.0" Y="129.0" />
  <Point X="159.0" Y="130.0" />
  <Point X="158.46768178419785" Y="130.53231821580215" />
  <Point X="158.0" Y="131.0" />
  <Point X="158.0" Y="132.0" />
  <Point X="158.0" Y="133.0" />
  <Point X="157.0" Y="133.0" />
  <Point X="156.0" Y="134.0" />
  <Point X="156.0" Y="134.12415977717404" />
  <Point X="156.0" Y="135.0" />
  <Point X="156.0" Y="136.0" />
  <Point X="155.0" Y="136.0" />
  <Point X="155.0" Y="137.0" />
  <Point X="155.0" Y="138.0" />
  <Point X="154.67606496119134" Y="138.0" />
  <Point X="154.0" Y="138.0" />
  <Point X="154.0" Y="139.0" />
  <Point X="154.0" Y="140.0" />
  <Point X="153.0" Y="141.0" />
  <Point X="152.21546733280624" Y="141.78453266719376" />
  <Point X="152.0" Y="142.0" />
  <Point X="151.0" Y="144.0" />
  <Point X="151.0" Y="145.0" />
  <Point X="150.0" Y="145.0" />
  <Point X="150.0" Y="145.65899045983187" />
  <Point X="150.0" Y="146.0" />
  <Point X="150.0" Y="147.0" />
  <Point X="149.0" Y="148.0" />
  <Point X="148.0" Y="148.0" />
  <Point X="148.0" Y="149.0" />
  <Point X="148.0" Y="149.44455215909338" />
  <Point X="148.0" Y="150.0" />
  <Point X="147.0" Y="151.0" />
  <Point X="147.0" Y="152.0" />
  <Point X="146.0" Y="153.0" />
  <Point X="146.0" Y="153.81590029598178" />
  <Point X="146.0" Y="154.0" />
  <Point X="145.0" Y="155.0" />
  <Point X="144.0" Y="156.0" />
  <Point X="144.0" Y="157.0" />
  <Point X="143.0" Y="157.0" />
  <Point X="143.0" Y="157.18724843287018" />
  <Point X="143.0" Y="158.0" />
  <Point X="142.0" Y="159.0" />
  <Point X="142.0" Y="160.0" />
  <Point X="141.0" Y="160.0" />
  <Point X="140.31211935876271" Y="160.68788064123729" />
  <Point X="140.0" Y="161.0" />
  <Point X="140.0" Y="162.0" />
  <Point X="140.0" Y="163.0" />
  <Point X="139.0" Y="163.0" />
  <Point X="139.0" Y="164.0" />
  <Point X="138.46375013536104" Y="164.53624986463896" />
  <Point X="138.0" Y="165.0" />
  <Point X="137.0" Y="165.0" />
  <Point X="137.0" Y="166.0" />
  <Point X="136.0" Y="167.0" />
  <Point X="136.0" Y="168.0" />
  <Point X="135.87028003171844" Y="168.0" />
  <Point X="135.0" Y="168.0" />
  <Point X="135.0" Y="169.0" />
  <Point X="134.0" Y="169.0" />
  <Point X="134.0" Y="170.0" />
  <Point X="133.0599049073711" Y="170.9400950926289" />
  <Point X="133.0" Y="171.0" />
  <Point X="132.0" Y="172.0" />
  <Point X="131.0" Y="173.0" />
  <Point X="130.0" Y="174.0" />
  <Point X="130.0" Y="174.8724162420584" />
  <Point X="130.0" Y="175.0" />
  <Point X="129.0" Y="175.0" />
  <Point X="129.0" Y="176.0" />
  <Point X="128.0" Y="176.0" />
  <Point X="128.0" Y="177.0" />
  <Point X="127.0" Y="177.0" />
  <Point X="127.0" Y="177.07219150369298" />
  <Point X="127.0" Y="178.0" />
  <Point X="126.0" Y="178.0" />
  <Point X="126.0" Y="179.0" />
  <Point X="125.0" Y="179.0" />
  <Point X="125.0" Y="180.0" />
  <Point X="124.72803323467242" Y="180.0" />
  <Point X="124.0" Y="180.0" />
  <Point X="124.0" Y="181.0" />
  <Point X="123.0" Y="181.0" />
  <Point X="123.0" Y="182.0" />
  <Point X="122.0" Y="183.0" />
  <Point X="121.94247153541092" Y="183.0" />
  <Point X="121.0" Y="183.0" />
  <Point X="121.0" Y="184.0" />
  <Point X="120.0" Y="185.0" />
  <Point X="119.0" Y="185.0" />
  <Point X="119.0" Y="185.84309016385058" />
  <Point X="119.0" Y="186.0" />
  <Point X="118.0" Y="187.0" />
  <Point X="117.0" Y="188.0" />
  <Point X="116.0" Y="189.0" />
  <Point X="115.19977526163412" Y="189.0" />
  <Point X="115.0" Y="189.0" />
  <Point X="115.0" Y="190.0" />
  <Point X="114.0" Y="190.0" />
  <Point X="114.0" Y="191.0" />
  <Point X="114.0" Y="192.0" />
  <Point X="113.0" Y="192.0" />
</Project_1_Part_4>
