<?xml version="1.0" encoding="utf-8" standalone="yes"?>
<Gesture Name="right_curly_brace9" Subject="3" Number="3" NumPts="252">
  <Point X="205.0" Y="18.0" />
  <Point X="201.03982598848066" Y="20.700118644217724" />
  <Point X="197.07965197696132" Y="23.40023728843545" />
  <Point X="193.11947796544197" Y="26.100355932653173" />
  <Point X="189.15930395392263" Y="28.800474576870897" />
  <Point X="185.1991299424033" Y="31.500593221088625" />
  <Point X="181.23895593088395" Y="34.20071186530635" />
  <Point X="177.2787819193646" Y="36.90083050952408" />
  <Point X="173.31860790784526" Y="39.6009491537418" />
  <Point X="169.35843389632592" Y="42.30106779795953" />
  <Point X="165.39825988480658" Y="45.001186442177264" />
  <Point X="161.43808587328726" Y="47.701305086394996" />
  <Point X="157.47791186176792" Y="50.40142373061273" />
  <Point X="153.51773785024858" Y="53.10154237483046" />
  <Point X="149.55756383872927" Y="55.80166101904819" />
  <Point X="145.59738982720992" Y="58.50177966326592" />
  <Point X="141.63721581569058" Y="61.20189830748365" />
  <Point X="137.67704180417127" Y="63.902016951701384" />
  <Point X="133.71686779265195" Y="66.60213559591911" />
  <Point X="129.7566937811326" Y="69.30225424013683" />
  <Point X="125.79651976961328" Y="72.00237288435456" />
  <Point X="121.83634575809396" Y="74.7024915285723" />
  <Point X="117.87617174657463" Y="77.40261017279002" />
  <Point X="117.0" Y="78.0" />
  <Point X="118.0" Y="78.0" />
  <Point X="119.0" Y="78.0" />
  <Point X="120.0" Y="78.0" />
  <Point X="120.73263157143306" Y="78.0" />
  <Point X="121.0" Y="78.0" />
  <Point X="121.0" Y="77.0" />
  <Point X="122.0" Y="77.0" />
  <Point X="123.0" Y="77.0" />
  <Point X="124.0" Y="77.0" />
  <Point X="124.52571188521513" Y="77.0" />
  <Point X="125.0" Y="77.0" />
  <Point X="126.0" Y="77.0" />
  <Point X="127.0" Y="77.0" />
  <Point X="128.0" Y="77.0" />
  <Point X="129.0" Y="77.0" />
  <Point X="129.31879219899722" Y="77.0" />
  <Point X="130.0" Y="77.0" />
  <Point X="131.0" Y="77.0" />
  <Point X="132.0" Y="77.0" />
  <Point X="133.0" Y="77.0" />
  <Point X="134.0" Y="77.0" />
  <Point X="134.11187251277929" Y="77.0" />
  <Point X="135.0" Y="77.0" />
  <Point X="136.0" Y="77.0" />
  <Point X="137.0" Y="77.0" />
  <Point X="138.0" Y="77.0" />
  <Point X="138.90495282656136" Y="77.0" />
  <Point X="139.0" Y="77.0" />
  <Point X="140.0" Y="77.0" />
  <Point X="141.0" Y="78.0" />
  <Point X="142.0" Y="78.0" />
  <Point X="143.0" Y="78.0" />
  <Point X="143.28381957797035" Y="78.0" />
  <Point X="144.0" Y="78.0" />
  <Point X="145.0" Y="78.0" />
  <Point X="146.0" Y="79.0" />
  <Point X="147.0" Y="79.0" />
  <Point X="147.66268632937934" Y="79.0" />
  <Point X="148.0" Y="79.0" />
  <Point X="149.0" Y="79.0" />
  <Point X="150.0" Y="80.0" />
  <Point X="151.0" Y="80.0" />
  <Point X="152.0" Y="80.0" />
  <Point X="152.0" Y="80.04155308078832" />
  <Point X="152.0" Y="81.0" />
  <Point X="153.0" Y="82.0" />
  <Point X="153.0" Y="83.0" />
  <Point X="154.0" Y="83.0" />
  <Point X="154.0" Y="83.4204198321973" />
  <Point X="154.0" Y="84.0" />
  <Point X="154.0" Y="85.0" />
  <Point X="154.0" Y="86.0" />
  <Point X="154.0" Y="87.0" />
  <Point X="154.0" Y="88.0" />
  <Point X="154.0" Y="88.21350014597937" />
  <Point X="154.0" Y="89.0" />
  <Point X="154.0" Y="90.0" />
  <Point X="154.0" Y="91.0" />
  <Point X="154.0" Y="92.0" />
  <Point X="154.0" Y="93.0" />
  <Point X="154.0" Y="93.00658045976144" />
  <Point X="154.0" Y="94.0" />
  <Point X="153.0" Y="95.0" />
  <Point X="153.0" Y="96.0" />
  <Point X="152.0" Y="96.0" />
  <Point X="152.0" Y="96.38544721117042" />
  <Point X="152.0" Y="97.0" />
  <Point X="151.0" Y="97.0" />
  <Point X="151.0" Y="98.0" />
  <Point X="151.0" Y="99.0" />
  <Point X="150.0" Y="99.0" />
  <Point X="150.0" Y="99.17852752495249" />
  <Point X="150.0" Y="100.0" />
  <Point X="149.0" Y="100.0" />
  <Point X="149.0" Y="101.0" />
  <Point X="148.0" Y="101.0" />
  <Point X="148.0" Y="101.97160783873456" />
  <Point X="148.0" Y="102.0" />
  <Point X="147.0" Y="102.0" />
  <Point X="147.0" Y="103.0" />
  <Point X="146.0" Y="103.0" />
  <Point X="146.0" Y="104.0" />
  <Point X="145.23531184748336" Y="104.0" />
  <Point X="145.0" Y="104.0" />
  <Point X="145.0" Y="105.0" />
  <Point X="144.0" Y="105.0" />
  <Point X="143.0" Y="106.0" />
  <Point X="143.0" Y="107.0" />
  <Point X="142.85644509607437" Y="107.0" />
  <Point X="142.0" Y="107.0" />
  <Point X="142.0" Y="108.0" />
  <Point X="141.0" Y="108.0" />
  <Point X="141.0" Y="109.0" />
  <Point X="140.0633647822923" Y="109.0" />
  <Point X="140.0" Y="109.0" />
  <Point X="139.0" Y="110.0" />
  <Point X="139.0" Y="111.0" />
  <Point X="138.0" Y="111.0" />
  <Point X="138.0" Y="112.0" />
  <Point X="137.6844980308833" Y="112.0" />
  <Point X="137.0" Y="112.0" />
  <Point X="137.0" Y="113.0" />
  <Point X="137.0" Y="114.0" />
  <Point X="137.0" Y="115.0" />
  <Point X="137.0" Y="116.0" />
  <Point X="137.10858228289877" Y="116.0" />
  <Point X="138.0" Y="116.0" />
  <Point X="139.0" Y="116.0" />
  <Point X="140.0" Y="116.0" />
  <Point X="141.0" Y="116.0" />
  <Point X="141.90166259668084" Y="116.0" />
  <Point X="142.0" Y="116.0" />
  <Point X="143.0" Y="117.0" />
  <Point X="144.0" Y="117.0" />
  <Point X="145.0" Y="117.0" />
  <Point X="146.0" Y="117.0" />
  <Point X="146.28052934808983" Y="117.0" />
  <Point X="147.0" Y="117.0" />
  <Point X="148.0" Y="117.0" />
  <Point X="149.0" Y="117.0" />
  <Point X="150.0" Y="117.0" />
  <Point X="151.0" Y="117.0" />
  <Point X="151.0" Y="117.0736096618719" />
  <Point X="151.0" Y="118.0" />
  <Point X="152.0" Y="118.0" />
  <Point X="153.0" Y="118.0" />
  <Point X="153.0" Y="119.0" />
  <Point X="153.86668997565397" Y="119.0" />
  <Point X="154.0" Y="119.0" />
  <Point X="154.0" Y="120.0" />
  <Point X="154.0" Y="121.0" />
  <Point X="154.0" Y="122.0" />
  <Point X="154.0" Y="123.0" />
  <Point X="154.0" Y="123.65977028943604" />
  <Point X="154.0" Y="124.0" />
  <Point X="154.0" Y="125.0" />
  <Point X="153.0" Y="125.0" />
  <Point X="153.0" Y="126.0" />
  <Point X="153.0" Y="127.0" />
  <Point X="152.5471493967819" Y="127.0" />
  <Point X="152.0" Y="127.0" />
  <Point X="152.0" Y="128.0" />
  <Point X="151.0" Y="129.0" />
  <Point X="151.0" Y="130.0" />
  <Point X="151.0" Y="130.8317173546271" />
  <Point X="151.0" Y="131.0" />
  <Point X="151.0" Y="132.0" />
  <Point X="150.0" Y="132.0" />
  <Point X="150.0" Y="133.0" />
  <Point X="150.0" Y="134.0" />
  <Point X="150.0" Y="134.62479766840917" />
  <Point X="150.0" Y="135.0" />
  <Point X="150.0" Y="136.0" />
  <Point X="150.0" Y="137.0" />
  <Point X="150.0" Y="138.0" />
  <Point X="150.0" Y="139.0" />
  <Point X="150.0" Y="139.41787798219124" />
  <Point X="150.0" Y="140.0" />
  <Point X="151.0" Y="140.0" />
  <Point X="151.0" Y="141.0" />
  <Point X="152.0" Y="141.0" />
  <Point X="152.0" Y="142.0" />
  <Point X="152.2109582959733" Y="142.0" />
  <Point X="153.0" Y="142.0" />
  <Point X="153.0" Y="143.0" />
  <Point X="154.0" Y="143.0" />
  <Point X="154.0" Y="144.0" />
  <Point X="155.0" Y="144.0" />
  <Point X="155.0" Y="144.00403860975538" />
  <Point X="155.0" Y="145.0" />
  <Point X="156.0" Y="145.0" />
  <Point X="156.0" Y="146.0" />
  <Point X="156.0" Y="147.0" />
  <Point X="156.0" Y="147.79711892353745" />
  <Point X="156.0" Y="148.0" />
  <Point X="156.0" Y="149.0" />
  <Point X="156.0" Y="150.0" />
  <Point X="155.0" Y="150.0" />
  <Point X="155.0" Y="151.0" />
  <Point X="154.40980076268048" Y="151.0" />
  <Point X="154.0" Y="151.0" />
  <Point X="154.0" Y="152.0" />
  <Point X="154.0" Y="153.0" />
  <Point X="153.0" Y="153.0" />
  <Point X="153.0" Y="154.0" />
  <Point X="152.6167204488984" Y="154.0" />
  <Point X="152.0" Y="154.0" />
  <Point X="151.0" Y="155.0" />
  <Point X="150.0" Y="156.0" />
  <Point X="150.0" Y="157.0" />
  <Point X="149.65206725986252" Y="157.0" />
  <Point X="149.0" Y="157.0" />
  <Point X="149.0" Y="158.0" />
  <Point X="148.0" Y="158.0" />
  <Point X="147.0" Y="158.0" />
  <Point X="147.0" Y="159.0" />
  <Point X="146.90028871333766" Y="159.09971128666234" />
  <Point X="146.0" Y="160.0" />
  <Point X="146.0" Y="161.0" />
  <Point X="145.0" Y="161.0" />
  <Point X="144.0" Y="162.0" />
  <Point X="143.9252826830637" Y="162.0747173169363" />
  <Point X="143.0" Y="163.0" />
  <Point X="143.0" Y="164.0" />
  <Point X="142.0" Y="164.0" />
  <Point X="142.0" Y="165.0" />
  <Point X="141.51546700563557" Y="165.0" />
  <Point X="141.0" Y="165.0" />
  <Point X="141.0" Y="166.0" />
  <Point X="140.0" Y="167.0" />
  <Point X="139.0" Y="168.0" />
  <Point X="139.0" Y="168.44918618340031" />
  <Point X="139.0" Y="169.0" />
  <Point X="138.0" Y="169.0" />
  <Point X="138.0" Y="170.0" />
  <Point X="138.0" Y="171.0" />
  <Point X="137.0" Y="171.0" />
  <Point X="137.0" Y="171.24226649718238" />
  <Point X="137.0" Y="172.0" />
  <Point X="137.0" Y="173.0" />
  <Point X="136.0" Y="174.0" />
  <Point X="135.0" Y="175.0" />
  <Point X="135.0" Y="175.20691968621827" />
  <Point X="135.0" Y="176.0" />
  <Point X="135.0" Y="177.0" />
  <Point X="134.0" Y="177.0" />
  <Point X="134.0" Y="178.0" />
  <Point X="134.0" Y="179.0" />
</Project_1_Part_4>
