<?xml version="1.0" encoding="utf-8" standalone="yes"?>
<Gesture Name="right_sq_bracket7" Subject="3" Number="3" NumPts="279">
  <Point X="86.0" Y="65.0" />
  <Point X="87.0" Y="65.0" />
  <Point X="88.0" Y="65.0" />
  <Point X="89.0" Y="65.0" />
  <Point X="89.64092386668621" Y="65.0" />
  <Point X="90.0" Y="65.0" />
  <Point X="91.0" Y="65.0" />
  <Point X="92.0" Y="65.0" />
  <Point X="93.0" Y="65.0" />
  <Point X="93.28184773337242" Y="65.0" />
  <Point X="94.0" Y="65.0" />
  <Point X="95.0" Y="65.0" />
  <Point X="95.0" Y="66.0" />
  <Point X="95.92277160005862" Y="66.0" />
  <Point X="96.0" Y="66.0" />
  <Point X="97.0" Y="66.0" />
  <Point X="98.0" Y="66.0" />
  <Point X="99.0" Y="66.0" />
  <Point X="99.56369546674483" Y="66.0" />
  <Point X="100.0" Y="66.0" />
  <Point X="101.0" Y="66.0" />
  <Point X="102.0" Y="67.0" />
  <Point X="102.79040577105793" Y="67.0" />
  <Point X="103.0" Y="67.0" />
  <Point X="104.0" Y="67.0" />
  <Point X="105.0" Y="67.0" />
  <Point X="106.0" Y="67.0" />
  <Point X="106.43132963774414" Y="67.0" />
  <Point X="107.0" Y="67.0" />
  <Point X="109.0" Y="67.0" />
  <Point X="109.75819772413374" Y="67.75819772413374" />
  <Point X="110.0" Y="68.0" />
  <Point X="111.0" Y="68.0" />
  <Point X="113.0" Y="68.0" />
  <Point X="113.21139933649185" Y="68.21139933649185" />
  <Point X="114.0" Y="69.0" />
  <Point X="116.0" Y="69.0" />
  <Point X="116.52567411305655" Y="69.0" />
  <Point X="117.0" Y="69.0" />
  <Point X="119.0" Y="69.0" />
  <Point X="120.0" Y="69.0" />
  <Point X="120.16659797974276" Y="69.0" />
  <Point X="121.0" Y="69.0" />
  <Point X="122.0" Y="69.0" />
  <Point X="123.0" Y="69.0" />
  <Point X="123.0" Y="69.80752184642897" />
  <Point X="123.0" Y="70.0" />
  <Point X="124.0" Y="70.0" />
  <Point X="125.0" Y="70.0" />
  <Point X="126.0" Y="70.0" />
  <Point X="126.44844571311518" Y="70.0" />
  <Point X="127.0" Y="70.0" />
  <Point X="128.0" Y="70.0" />
  <Point X="129.0" Y="70.0" />
  <Point X="130.0" Y="70.0" />
  <Point X="130.08936957980137" Y="70.0" />
  <Point X="131.0" Y="70.0" />
  <Point X="131.0" Y="71.0" />
  <Point X="132.0" Y="71.0" />
  <Point X="132.73029344648756" Y="71.0" />
  <Point X="133.0" Y="71.0" />
  <Point X="134.0" Y="71.0" />
  <Point X="135.0" Y="71.0" />
  <Point X="136.0" Y="71.0" />
  <Point X="136.37121731317376" Y="71.0" />
  <Point X="137.0" Y="71.0" />
  <Point X="138.0" Y="72.0" />
  <Point X="139.0" Y="72.0" />
  <Point X="139.59792761748687" Y="72.0" />
  <Point X="140.0" Y="72.0" />
  <Point X="140.0" Y="73.0" />
  <Point X="141.0" Y="73.0" />
  <Point X="142.0" Y="73.0" />
  <Point X="142.23885148417307" Y="73.0" />
  <Point X="143.0" Y="73.0" />
  <Point X="143.0" Y="74.0" />
  <Point X="144.0" Y="74.0" />
  <Point X="144.87977535085926" Y="74.0" />
  <Point X="145.0" Y="74.0" />
  <Point X="146.0" Y="74.0" />
  <Point X="147.0" Y="74.0" />
  <Point X="148.0" Y="74.0" />
  <Point X="148.0" Y="74.52069921754547" />
  <Point X="148.0" Y="75.0" />
  <Point X="149.0" Y="75.0" />
  <Point X="149.0" Y="76.0" />
  <Point X="149.0" Y="77.0" />
  <Point X="149.0" Y="77.16162308423168" />
  <Point X="149.0" Y="78.0" />
  <Point X="149.0" Y="79.0" />
  <Point X="149.0" Y="80.0" />
  <Point X="149.0" Y="80.80254695091789" />
  <Point X="149.0" Y="81.0" />
  <Point X="149.0" Y="82.0" />
  <Point X="149.0" Y="83.0" />
  <Point X="149.0" Y="84.0" />
  <Point X="149.0" Y="84.4434708176041" />
  <Point X="149.0" Y="85.0" />
  <Point X="149.0" Y="86.0" />
  <Point X="149.0" Y="87.0" />
  <Point X="149.0" Y="88.0" />
  <Point X="149.0" Y="88.0843946842903" />
  <Point X="149.0" Y="89.0" />
  <Point X="149.0" Y="90.0" />
  <Point X="149.0" Y="91.0" />
  <Point X="149.0" Y="91.72531855097651" />
  <Point X="149.0" Y="92.0" />
  <Point X="149.0" Y="93.0" />
  <Point X="149.0" Y="94.0" />
  <Point X="149.0" Y="95.0" />
  <Point X="149.0" Y="95.36624241766272" />
  <Point X="149.0" Y="96.0" />
  <Point X="149.0" Y="97.0" />
  <Point X="149.0" Y="98.0" />
  <Point X="149.0" Y="99.0" />
  <Point X="149.0" Y="99.00716628434893" />
  <Point X="149.0" Y="100.0" />
  <Point X="149.0" Y="101.0" />
  <Point X="149.0" Y="102.0" />
  <Point X="149.0" Y="102.64809015103513" />
  <Point X="149.0" Y="103.0" />
  <Point X="149.0" Y="104.0" />
  <Point X="149.0" Y="105.0" />
  <Point X="149.0" Y="106.0" />
  <Point X="149.0" Y="106.28901401772134" />
  <Point X="149.0" Y="107.0" />
  <Point X="149.0" Y="108.0" />
  <Point X="149.0" Y="109.0" />
  <Point X="149.0" Y="109.92993788440755" />
  <Point X="149.0" Y="110.0" />
  <Point X="149.0" Y="111.0" />
  <Point X="149.0" Y="112.0" />
  <Point X="149.0" Y="113.57086175109376" />
  <Point X="149.0" Y="114.0" />
  <Point X="149.0" Y="115.0" />
  <Point X="148.0" Y="115.0" />
  <Point X="148.0" Y="116.0" />
  <Point X="148.0" Y="116.21178561777997" />
  <Point X="148.0" Y="117.0" />
  <Point X="148.0" Y="118.0" />
  <Point X="148.0" Y="119.0" />
  <Point X="147.61865672553498" Y="119.76268654893006" />
  <Point X="147.0" Y="121.0" />
  <Point X="147.0" Y="122.0" />
  <Point X="147.0" Y="123.0" />
  <Point X="147.0" Y="123.25756537365258" />
  <Point X="147.0" Y="124.0" />
  <Point X="147.0" Y="125.0" />
  <Point X="147.0" Y="126.0" />
  <Point X="147.0" Y="126.89848924033879" />
  <Point X="147.0" Y="128.0" />
  <Point X="147.0" Y="129.0" />
  <Point X="147.0" Y="130.0" />
  <Point X="147.0" Y="130.53941310702498" />
  <Point X="147.0" Y="132.0" />
  <Point X="146.0" Y="132.0" />
  <Point X="146.0" Y="133.0" />
  <Point X="146.0" Y="133.18033697371118" />
  <Point X="146.0" Y="134.0" />
  <Point X="146.0" Y="135.0" />
  <Point X="146.0" Y="136.0" />
  <Point X="146.0" Y="136.82126084039737" />
  <Point X="146.0" Y="137.0" />
  <Point X="146.0" Y="138.0" />
  <Point X="146.0" Y="139.0" />
  <Point X="146.0" Y="140.0" />
  <Point X="146.0" Y="140.46218470708357" />
  <Point X="146.0" Y="141.0" />
  <Point X="146.0" Y="142.0" />
  <Point X="146.0" Y="143.0" />
  <Point X="146.0" Y="144.0" />
  <Point X="146.0" Y="144.10310857376976" />
  <Point X="146.0" Y="145.0" />
  <Point X="146.0" Y="146.0" />
  <Point X="146.0" Y="147.0" />
  <Point X="146.0" Y="147.74403244045595" />
  <Point X="146.0" Y="148.0" />
  <Point X="146.0" Y="149.0" />
  <Point X="145.0" Y="150.0" />
  <Point X="145.0" Y="150.97074274476907" />
  <Point X="145.0" Y="151.0" />
  <Point X="145.0" Y="152.0" />
  <Point X="145.0" Y="153.0" />
  <Point X="145.0" Y="154.0" />
  <Point X="145.0" Y="154.61166661145526" />
  <Point X="145.0" Y="155.0" />
  <Point X="145.0" Y="156.0" />
  <Point X="145.0" Y="157.0" />
  <Point X="145.0" Y="158.0" />
  <Point X="145.0" Y="158.25259047814146" />
  <Point X="145.0" Y="159.0" />
  <Point X="145.0" Y="160.0" />
  <Point X="145.0" Y="161.0" />
  <Point X="145.0" Y="161.89351434482765" />
  <Point X="145.0" Y="162.0" />
  <Point X="145.0" Y="163.0" />
  <Point X="145.0" Y="164.0" />
  <Point X="144.0" Y="165.0" />
  <Point X="144.0" Y="165.12022464914077" />
  <Point X="144.0" Y="166.0" />
  <Point X="144.0" Y="167.0" />
  <Point X="144.0" Y="168.0" />
  <Point X="144.0" Y="168.76114851582696" />
  <Point X="144.0" Y="169.0" />
  <Point X="143.0" Y="169.0" />
  <Point X="142.0" Y="169.0" />
  <Point X="141.0" Y="169.0" />
  <Point X="140.59792761748685" Y="169.0" />
  <Point X="140.0" Y="169.0" />
  <Point X="139.0" Y="169.0" />
  <Point X="138.0" Y="169.0" />
  <Point X="137.0" Y="169.0" />
  <Point X="136.95700375080065" Y="169.0" />
  <Point X="136.0" Y="169.0" />
  <Point X="135.0" Y="169.0" />
  <Point X="134.0" Y="169.0" />
  <Point X="133.31607988411446" Y="169.0" />
  <Point X="133.0" Y="169.0" />
  <Point X="132.0" Y="169.0" />
  <Point X="131.0" Y="169.0" />
  <Point X="130.06319383590932" Y="169.93680616409068" />
  <Point X="130.0" Y="170.0" />
  <Point X="129.0" Y="170.0" />
  <Point X="128.0" Y="170.0" />
  <Point X="126.44844571311513" Y="170.0" />
  <Point X="126.0" Y="170.0" />
  <Point X="126.0" Y="171.0" />
  <Point X="125.0" Y="171.0" />
  <Point X="124.0" Y="171.0" />
  <Point X="123.80752184642893" Y="171.0" />
  <Point X="123.0" Y="171.0" />
  <Point X="122.0" Y="171.0" />
  <Point X="121.0" Y="171.0" />
  <Point X="120.16659797974272" Y="171.0" />
  <Point X="120.0" Y="171.0" />
  <Point X="119.0" Y="171.0" />
  <Point X="118.0" Y="171.0" />
  <Point X="117.0" Y="172.0" />
  <Point X="116.93988767542962" Y="172.0" />
  <Point X="116.0" Y="172.0" />
  <Point X="115.0" Y="172.0" />
  <Point X="114.0" Y="172.0" />
  <Point X="113.29896380874341" Y="172.0" />
  <Point X="113.0" Y="172.0" />
  <Point X="112.0" Y="172.0" />
  <Point X="111.0" Y="172.0" />
  <Point X="110.0" Y="172.0" />
  <Point X="109.75819772413371" Y="172.2418022758663" />
  <Point X="109.0" Y="173.0" />
  <Point X="108.0" Y="173.0" />
  <Point X="107.0" Y="173.0" />
  <Point X="106.4313296377441" Y="173.0" />
  <Point X="106.0" Y="173.0" />
  <Point X="105.0" Y="173.0" />
  <Point X="104.0" Y="173.0" />
  <Point X="103.0" Y="173.0" />
  <Point X="102.79040577105789" Y="173.0" />
  <Point X="102.0" Y="173.0" />
  <Point X="101.0" Y="173.0" />
  <Point X="100.0" Y="173.0" />
  <Point X="99.39859288705935" Y="173.60140711294065" />
  <Point X="99.0" Y="174.0" />
  <Point X="98.0" Y="174.0" />
  <Point X="97.0" Y="174.0" />
  <Point X="96.0" Y="174.0" />
  <Point X="95.92277160005858" Y="174.0" />
  <Point X="95.0" Y="174.0" />
  <Point X="94.0" Y="174.0" />
  <Point X="94.0" Y="175.0" />
  <Point X="93.28184773337237" Y="175.0" />
  <Point X="93.0" Y="175.0" />
  <Point X="92.0" Y="175.0" />
  <Point X="91.0" Y="175.0" />
  <Point X="90.0" Y="175.0" />
  <Point X="89.64092386668617" Y="175.0" />
  <Point X="89.0" Y="175.0" />
  <Point X="88.0" Y="175.0" />
  <Point X="87.0" Y="175.0" />
  <Point X="87.0" Y="174.0" />
</Project_1_Part_4>
