<?xml version="1.0" encoding="utf-8" standalone="yes"?>
<Gesture Name="right_curly_brace5" Subject="3" Number="3" NumPts="315">
  <Point X="112.0" Y="73.0" />
  <Point X="113.0" Y="73.0" />
  <Point X="113.0" Y="72.0" />
  <Point X="114.0" Y="72.0" />
  <Point X="115.0" Y="72.0" />
  <Point X="115.2564179195643" Y="72.0" />
  <Point X="116.0" Y="72.0" />
  <Point X="117.0" Y="72.0" />
  <Point X="118.0" Y="72.0" />
  <Point X="119.0" Y="72.0" />
  <Point X="119.5128358391286" Y="72.0" />
  <Point X="120.0" Y="72.0" />
  <Point X="121.0" Y="72.0" />
  <Point X="122.0" Y="72.0" />
  <Point X="123.0" Y="72.0" />
  <Point X="123.7692537586929" Y="72.0" />
  <Point X="124.0" Y="72.0" />
  <Point X="125.0" Y="72.0" />
  <Point X="126.0" Y="72.0" />
  <Point X="127.0" Y="72.0" />
  <Point X="128.0" Y="72.0" />
  <Point X="128.0256716782572" Y="72.0" />
  <Point X="129.0" Y="72.0" />
  <Point X="130.0" Y="72.0" />
  <Point X="131.0" Y="72.0" />
  <Point X="132.0" Y="72.0" />
  <Point X="132.2820895978215" Y="72.0" />
  <Point X="133.0" Y="72.0" />
  <Point X="134.0" Y="72.0" />
  <Point X="135.0" Y="72.0" />
  <Point X="136.0" Y="72.0" />
  <Point X="136.53850751738582" Y="72.0" />
  <Point X="137.0" Y="72.0" />
  <Point X="138.0" Y="73.0" />
  <Point X="139.0" Y="73.0" />
  <Point X="139.9763107293782" Y="73.97631072937821" />
  <Point X="140.0" Y="74.0" />
  <Point X="141.0" Y="74.0" />
  <Point X="142.0" Y="74.0" />
  <Point X="143.0" Y="74.0" />
  <Point X="143.86473236030642" Y="74.86473236030642" />
  <Point X="144.0" Y="75.0" />
  <Point X="145.0" Y="75.0" />
  <Point X="146.0" Y="75.0" />
  <Point X="147.0" Y="75.0" />
  <Point X="147.0" Y="76.0" />
  <Point X="147.06512058895945" Y="76.0" />
  <Point X="148.0" Y="76.0" />
  <Point X="149.0" Y="76.0" />
  <Point X="150.0" Y="77.0" />
  <Point X="150.90732494615065" Y="77.0" />
  <Point X="151.0" Y="77.0" />
  <Point X="151.0" Y="78.0" />
  <Point X="152.0" Y="78.0" />
  <Point X="153.0" Y="78.0" />
  <Point X="153.0" Y="79.0" />
  <Point X="153.16374286571497" Y="79.0" />
  <Point X="154.0" Y="79.0" />
  <Point X="155.0" Y="80.0" />
  <Point X="156.0" Y="80.0" />
  <Point X="156.0" Y="81.0" />
  <Point X="156.00420532164617" Y="81.00420532164618" />
  <Point X="157.0" Y="82.0" />
  <Point X="157.0" Y="83.0" />
  <Point X="157.0" Y="84.0" />
  <Point X="157.84815158009738" Y="84.0" />
  <Point X="158.0" Y="84.0" />
  <Point X="158.0" Y="85.0" />
  <Point X="158.0" Y="86.0" />
  <Point X="158.0" Y="87.0" />
  <Point X="158.0" Y="88.0" />
  <Point X="158.0" Y="88.10456949966168" />
  <Point X="158.0" Y="89.0" />
  <Point X="158.0" Y="90.0" />
  <Point X="158.0" Y="91.0" />
  <Point X="158.0" Y="92.0" />
  <Point X="158.0" Y="92.36098741922598" />
  <Point X="158.0" Y="93.0" />
  <Point X="157.0" Y="93.0" />
  <Point X="157.0" Y="94.0" />
  <Point X="157.0" Y="95.0" />
  <Point X="156.3825946612097" Y="95.0" />
  <Point X="156.0" Y="95.0" />
  <Point X="156.0" Y="96.0" />
  <Point X="155.0" Y="97.0" />
  <Point X="154.0" Y="97.0" />
  <Point X="154.0" Y="97.4596096959815" />
  <Point X="154.0" Y="98.0" />
  <Point X="154.0" Y="99.0" />
  <Point X="153.0" Y="99.0" />
  <Point X="153.0" Y="100.0" />
  <Point X="152.2839723844542" Y="100.0" />
  <Point X="152.0" Y="100.0" />
  <Point X="151.0" Y="101.0" />
  <Point X="150.0" Y="102.0" />
  <Point X="150.0" Y="103.0" />
  <Point X="149.8559815896361" Y="103.0" />
  <Point X="149.0" Y="103.0" />
  <Point X="149.0" Y="104.0" />
  <Point X="148.0" Y="104.0" />
  <Point X="147.00974197448775" Y="104.99025802551225" />
  <Point X="147.0" Y="105.0" />
  <Point X="146.0" Y="105.0" />
  <Point X="145.0" Y="106.0" />
  <Point X="145.0" Y="107.0" />
  <Point X="144.17157287525367" Y="107.0" />
  <Point X="144.0" Y="107.0" />
  <Point X="144.0" Y="108.0" />
  <Point X="143.0" Y="108.0" />
  <Point X="142.0" Y="109.0" />
  <Point X="141.32936851806247" Y="109.0" />
  <Point X="141.0" Y="109.0" />
  <Point X="140.0" Y="110.0" />
  <Point X="139.0" Y="111.0" />
  <Point X="138.22315673814347" Y="111.77684326185651" />
  <Point X="138.0" Y="112.0" />
  <Point X="137.0" Y="112.0" />
  <Point X="137.0" Y="113.0" />
  <Point X="136.0" Y="113.0" />
  <Point X="135.33473510721527" Y="113.66526489278473" />
  <Point X="135.0" Y="114.0" />
  <Point X="134.0" Y="115.0" />
  <Point X="134.0" Y="116.0" />
  <Point X="133.0" Y="116.0" />
  <Point X="133.0" Y="116.36881742876497" />
  <Point X="133.0" Y="117.0" />
  <Point X="134.0" Y="117.0" />
  <Point X="134.0" Y="118.0" />
  <Point X="135.0" Y="118.0" />
  <Point X="135.62523534832928" Y="118.0" />
  <Point X="136.0" Y="118.0" />
  <Point X="137.0" Y="118.0" />
  <Point X="138.0" Y="118.0" />
  <Point X="139.0" Y="118.0" />
  <Point X="139.0" Y="118.88165326789358" />
  <Point X="139.0" Y="119.0" />
  <Point X="140.0" Y="119.0" />
  <Point X="141.0" Y="119.0" />
  <Point X="142.0" Y="119.0" />
  <Point X="142.0" Y="120.0" />
  <Point X="142.13807118745788" Y="120.0" />
  <Point X="143.0" Y="120.0" />
  <Point X="144.0" Y="120.0" />
  <Point X="145.0" Y="120.0" />
  <Point X="146.0" Y="120.0" />
  <Point X="146.3944891070222" Y="120.0" />
  <Point X="147.0" Y="120.0" />
  <Point X="148.0" Y="120.0" />
  <Point X="148.0" Y="121.0" />
  <Point X="149.0" Y="121.0" />
  <Point X="149.6509070265865" Y="121.0" />
  <Point X="150.0" Y="121.0" />
  <Point X="151.0" Y="121.0" />
  <Point X="152.0" Y="121.0" />
  <Point X="152.0" Y="122.0" />
  <Point X="152.90732494615082" Y="122.0" />
  <Point X="153.0" Y="122.0" />
  <Point X="154.0" Y="122.0" />
  <Point X="154.0" Y="123.0" />
  <Point X="154.0" Y="124.0" />
  <Point X="154.0" Y="125.0" />
  <Point X="154.0" Y="125.16374286571512" />
  <Point X="154.0" Y="126.0" />
  <Point X="154.0" Y="127.0" />
  <Point X="154.0" Y="128.0" />
  <Point X="154.0" Y="129.0" />
  <Point X="153.70290145954024" Y="129.29709854045976" />
  <Point X="153.0" Y="130.0" />
  <Point X="153.0" Y="131.0" />
  <Point X="153.0" Y="132.0" />
  <Point X="152.0" Y="132.0" />
  <Point X="152.0" Y="132.26236514247066" />
  <Point X="152.0" Y="133.0" />
  <Point X="152.0" Y="134.0" />
  <Point X="152.0" Y="135.0" />
  <Point X="152.0" Y="136.0" />
  <Point X="152.0" Y="136.51878306203497" />
  <Point X="152.0" Y="137.0" />
  <Point X="152.0" Y="138.0" />
  <Point X="152.0" Y="139.0" />
  <Point X="152.0" Y="140.0" />
  <Point X="152.0" Y="140.77520098159928" />
  <Point X="152.0" Y="141.0" />
  <Point X="152.0" Y="142.0" />
  <Point X="153.0" Y="142.0" />
  <Point X="153.0" Y="143.0" />
  <Point X="154.0" Y="143.0" />
  <Point X="154.0" Y="143.0316189011636" />
  <Point X="154.0" Y="144.0" />
  <Point X="155.0" Y="145.0" />
  <Point X="156.0" Y="146.0" />
  <Point X="156.4596096959817" Y="146.0" />
  <Point X="157.0" Y="146.0" />
  <Point X="157.0" Y="147.0" />
  <Point X="158.0" Y="147.0" />
  <Point X="158.0" Y="148.0" />
  <Point X="158.50630798246942" Y="148.50630798246942" />
  <Point X="159.0" Y="149.0" />
  <Point X="159.0" Y="150.0" />
  <Point X="160.0" Y="150.0" />
  <Point X="160.0" Y="151.0" />
  <Point X="160.0" Y="151.55823197273722" />
  <Point X="160.0" Y="152.0" />
  <Point X="160.0" Y="153.0" />
  <Point X="160.0" Y="154.0" />
  <Point X="160.0" Y="155.0" />
  <Point X="160.0" Y="155.81464989230153" />
  <Point X="160.0" Y="156.0" />
  <Point X="160.0" Y="157.0" />
  <Point X="159.0" Y="157.0" />
  <Point X="159.0" Y="158.0" />
  <Point X="158.0" Y="158.0" />
  <Point X="158.0" Y="158.07106781186584" />
  <Point X="158.0" Y="159.0" />
  <Point X="157.0" Y="160.0" />
  <Point X="157.0" Y="161.0" />
  <Point X="156.08672783094295" Y="161.0" />
  <Point X="156.0" Y="161.0" />
  <Point X="156.0" Y="162.0" />
  <Point X="155.0" Y="162.0" />
  <Point X="155.0" Y="163.0" />
  <Point X="154.0" Y="163.0" />
  <Point X="154.0" Y="163.16969008862137" />
  <Point X="154.0" Y="164.0" />
  <Point X="153.0" Y="164.0" />
  <Point X="153.0" Y="165.0" />
  <Point X="152.0" Y="166.0" />
  <Point X="151.99158935670746" Y="166.00841064329254" />
  <Point X="151.0" Y="167.0" />
  <Point X="150.0" Y="168.0" />
  <Point X="149.0" Y="169.0" />
  <Point X="149.0" Y="169.0256716782576" />
  <Point X="149.0" Y="170.0" />
  <Point X="148.0" Y="170.0" />
  <Point X="148.0" Y="171.0" />
  <Point X="147.0" Y="171.0" />
  <Point X="146.80053253247794" Y="171.19946746752206" />
  <Point X="146.0" Y="172.0" />
  <Point X="146.0" Y="173.0" />
  <Point X="145.0" Y="173.0" />
  <Point X="145.0" Y="174.0" />
  <Point X="144.87570604498688" Y="174.0" />
  <Point X="144.0" Y="174.0" />
  <Point X="144.0" Y="175.0" />
  <Point X="143.0" Y="176.0" />
  <Point X="142.31658248943498" Y="176.68341751056502" />
  <Point X="142.0" Y="177.0" />
  <Point X="141.0" Y="178.0" />
  <Point X="140.0" Y="178.0" />
  <Point X="140.0" Y="179.0" />
  <Point X="139.72105407732022" Y="179.27894592267978" />
  <Point X="139.0" Y="180.0" />
  <Point X="138.0" Y="181.0" />
  <Point X="138.0" Y="182.0" />
  <Point X="137.17752009815948" Y="182.0" />
  <Point X="137.0" Y="182.0" />
  <Point X="137.0" Y="183.0" />
  <Point X="136.0" Y="183.0" />
  <Point X="136.0" Y="184.0" />
  <Point X="135.0" Y="184.0" />
  <Point X="135.0" Y="184.07889782140484" />
  <Point X="135.0" Y="185.0" />
  <Point X="134.0" Y="186.0" />
  <Point X="133.0" Y="186.0" />
  <Point X="133.0" Y="186.92110217859604" />
  <Point X="133.0" Y="187.0" />
  <Point X="132.0" Y="187.0" />
  <Point X="132.0" Y="188.0" />
  <Point X="131.0" Y="189.0" />
  <Point X="131.0" Y="189.76330653578725" />
  <Point X="131.0" Y="190.0" />
  <Point X="130.0" Y="190.0" />
  <Point X="129.0" Y="190.0" />
  <Point X="129.0" Y="191.0" />
  <Point X="128.0" Y="191.0" />
  <Point X="128.0" Y="191.01972445535156" />
  <Point X="128.0" Y="192.0" />
  <Point X="127.0" Y="192.0" />
  <Point X="127.0" Y="193.0" />
  <Point X="126.0" Y="193.0" />
  <Point X="125.80473785412403" Y="193.19526214587597" />
  <Point X="125.0" Y="194.0" />
  <Point X="124.0" Y="194.0" />
  <Point X="124.0" Y="195.0" />
  <Point X="123.0" Y="195.0" />
  <Point X="122.91631622319582" Y="195.08368377680418" />
  <Point X="122.0" Y="196.0" />
  <Point X="121.0" Y="196.0" />
  <Point X="120.0" Y="196.0" />
  <Point X="119.32078781108106" Y="196.67921218891894" />
  <Point X="119.0" Y="197.0" />
  <Point X="118.0" Y="197.0" />
  <Point X="117.0" Y="198.0" />
  <Point X="116.0" Y="198.0" />
  <Point X="115.61145811588361" Y="198.0" />
  <Point X="115.0" Y="198.0" />
  <Point X="115.0" Y="199.0" />
  <Point X="114.0" Y="199.0" />
  <Point X="113.0" Y="199.0" />
  <Point X="112.35504019631931" Y="199.0" />
  <Point X="112.0" Y="199.0" />
  <Point X="111.0" Y="200.0" />
  <Point X="110.0" Y="200.0" />
  <Point X="109.0" Y="200.0" />
  <Point X="108.5128358391281" Y="200.0" />
  <Point X="108.0" Y="200.0" />
  <Point X="107.0" Y="200.0" />
  <Point X="106.0" Y="200.0" />
  <Point X="105.0" Y="200.0" />
  <Point X="105.0" Y="200.7435820804362" />
  <Point X="105.0" Y="201.0" />
  <Point X="104.0" Y="201.0" />
  <Point X="103.0" Y="201.0" />
  <Point X="102.0" Y="201.0" />
  <Point X="101.0" Y="201.0" />
</Project_1_Part_4>
