<?xml version="1.0" encoding="utf-8" standalone="yes"?>
<Gesture Name="right_sq_bracket3" Subject="3" Number="3" NumPts="243">
  <Point X="121.0" Y="66.0" />
  <Point X="122.0" Y="66.0" />
  <Point X="123.0" Y="66.0" />
  <Point X="123.6695835902234" Y="65.3304164097766" />
  <Point X="124.0" Y="65.0" />
  <Point X="125.0" Y="65.0" />
  <Point X="126.0" Y="65.0" />
  <Point X="126.47965482649968" Y="65.0" />
  <Point X="127.0" Y="65.0" />
  <Point X="128.0" Y="65.0" />
  <Point X="129.0" Y="65.0" />
  <Point X="129.42658902093606" Y="65.0" />
  <Point X="130.0" Y="65.0" />
  <Point X="131.0" Y="65.0" />
  <Point X="132.0" Y="65.0" />
  <Point X="132.37352321537244" Y="65.0" />
  <Point X="133.0" Y="65.0" />
  <Point X="134.0" Y="65.0" />
  <Point X="135.0" Y="65.0" />
  <Point X="135.32045740980882" Y="65.0" />
  <Point X="136.0" Y="65.0" />
  <Point X="137.0" Y="65.0" />
  <Point X="138.0" Y="65.0" />
  <Point X="138.2673916042452" Y="65.0" />
  <Point X="139.0" Y="65.0" />
  <Point X="140.0" Y="65.0" />
  <Point X="141.21432579868159" Y="65.0" />
  <Point X="142.0" Y="65.0" />
  <Point X="143.0" Y="65.0" />
  <Point X="144.0" Y="65.0" />
  <Point X="144.16125999311797" Y="65.0" />
  <Point X="145.0" Y="65.0" />
  <Point X="146.0" Y="65.0" />
  <Point X="147.0" Y="65.0" />
  <Point X="147.10819418755435" Y="65.0" />
  <Point X="148.0" Y="65.0" />
  <Point X="149.0" Y="65.0" />
  <Point X="150.0" Y="65.0" />
  <Point X="150.05512838199073" Y="65.0" />
  <Point X="151.0" Y="65.0" />
  <Point X="152.0" Y="65.0" />
  <Point X="153.0" Y="65.0" />
  <Point X="153.0020625764271" Y="65.0" />
  <Point X="154.0" Y="65.0" />
  <Point X="155.0" Y="65.0" />
  <Point X="155.9489967708635" Y="65.0" />
  <Point X="156.0" Y="65.0" />
  <Point X="157.0" Y="65.0" />
  <Point X="158.0" Y="65.0" />
  <Point X="158.89593096529987" Y="65.0" />
  <Point X="159.0" Y="65.0" />
  <Point X="160.0" Y="65.0" />
  <Point X="160.0" Y="66.0" />
  <Point X="160.0" Y="66.84286515973625" />
  <Point X="160.0" Y="67.0" />
  <Point X="160.0" Y="68.0" />
  <Point X="160.0" Y="69.0" />
  <Point X="160.0" Y="69.78979935417263" />
  <Point X="160.0" Y="70.0" />
  <Point X="160.0" Y="71.0" />
  <Point X="160.0" Y="72.0" />
  <Point X="160.0" Y="72.73673354860901" />
  <Point X="160.0" Y="73.0" />
  <Point X="160.0" Y="74.0" />
  <Point X="160.0" Y="75.0" />
  <Point X="160.0" Y="75.68366774304539" />
  <Point X="160.0" Y="76.0" />
  <Point X="160.0" Y="77.0" />
  <Point X="160.0" Y="78.0" />
  <Point X="160.0" Y="78.63060193748177" />
  <Point X="160.0" Y="79.0" />
  <Point X="160.0" Y="80.0" />
  <Point X="160.0" Y="81.0" />
  <Point X="160.0" Y="81.57753613191815" />
  <Point X="160.0" Y="82.0" />
  <Point X="160.0" Y="83.0" />
  <Point X="160.0" Y="84.0" />
  <Point X="160.0" Y="84.52447032635453" />
  <Point X="160.0" Y="85.0" />
  <Point X="160.0" Y="86.0" />
  <Point X="160.0" Y="87.0" />
  <Point X="160.0" Y="87.47140452079091" />
  <Point X="160.0" Y="89.0" />
  <Point X="160.0" Y="90.0" />
  <Point X="160.0" Y="90.41833871522729" />
  <Point X="160.0" Y="91.0" />
  <Point X="160.0" Y="93.0" />
  <Point X="160.0" Y="93.36527290966367" />
  <Point X="160.0" Y="94.0" />
  <Point X="160.0" Y="95.0" />
  <Point X="160.0" Y="96.31220710410005" />
  <Point X="160.0" Y="97.0" />
  <Point X="160.0" Y="98.0" />
  <Point X="160.0" Y="99.25914129853643" />
  <Point X="160.0" Y="100.0" />
  <Point X="160.0" Y="101.0" />
  <Point X="160.0" Y="102.0" />
  <Point X="160.0" Y="102.20607549297281" />
  <Point X="160.0" Y="103.0" />
  <Point X="160.0" Y="104.0" />
  <Point X="160.0" Y="105.0" />
  <Point X="160.0" Y="105.1530096874092" />
  <Point X="160.0" Y="106.0" />
  <Point X="160.0" Y="107.0" />
  <Point X="160.0" Y="108.0" />
  <Point X="160.0" Y="108.09994388184558" />
  <Point X="160.0" Y="109.0" />
  <Point X="160.0" Y="110.0" />
  <Point X="160.0" Y="111.0" />
  <Point X="160.0" Y="111.04687807628196" />
  <Point X="160.0" Y="112.0" />
  <Point X="160.0" Y="113.0" />
  <Point X="160.0" Y="113.99381227071834" />
  <Point X="160.0" Y="114.0" />
  <Point X="160.0" Y="115.0" />
  <Point X="160.0" Y="116.0" />
  <Point X="160.0" Y="116.94074646515472" />
  <Point X="160.0" Y="117.0" />
  <Point X="160.0" Y="118.0" />
  <Point X="160.0" Y="119.0" />
  <Point X="160.0" Y="119.8876806595911" />
  <Point X="160.0" Y="120.0" />
  <Point X="160.0" Y="121.0" />
  <Point X="160.0" Y="122.0" />
  <Point X="160.0" Y="122.83461485402748" />
  <Point X="160.0" Y="123.0" />
  <Point X="160.0" Y="124.0" />
  <Point X="160.0" Y="125.0" />
  <Point X="160.0" Y="125.78154904846386" />
  <Point X="160.0" Y="126.0" />
  <Point X="160.0" Y="127.0" />
  <Point X="160.0" Y="128.0" />
  <Point X="159.48488455896447" Y="128.51511544103553" />
  <Point X="159.0" Y="129.0" />
  <Point X="159.0" Y="130.0" />
  <Point X="159.0" Y="131.0" />
  <Point X="159.0" Y="131.26120387496354" />
  <Point X="159.0" Y="132.0" />
  <Point X="159.0" Y="133.0" />
  <Point X="159.0" Y="134.0" />
  <Point X="159.0" Y="134.20813806939992" />
  <Point X="159.0" Y="135.0" />
  <Point X="159.0" Y="136.0" />
  <Point X="159.0" Y="137.0" />
  <Point X="159.0" Y="137.1550722638363" />
  <Point X="159.0" Y="138.0" />
  <Point X="159.0" Y="139.0" />
  <Point X="159.0" Y="140.0" />
  <Point X="159.0" Y="140.10200645827268" />
  <Point X="159.0" Y="141.0" />
  <Point X="158.0" Y="141.0" />
  <Point X="158.0" Y="142.0" />
  <Point X="158.0" Y="142.04894065270906" />
  <Point X="158.0" Y="143.0" />
  <Point X="158.0" Y="144.0" />
  <Point X="158.0" Y="144.99587484714544" />
  <Point X="158.0" Y="145.0" />
  <Point X="158.0" Y="146.0" />
  <Point X="158.0" Y="147.0" />
  <Point X="158.0" Y="147.94280904158182" />
  <Point X="158.0" Y="148.0" />
  <Point X="158.0" Y="149.0" />
  <Point X="158.0" Y="150.0" />
  <Point X="158.0" Y="150.8897432360182" />
  <Point X="158.0" Y="151.0" />
  <Point X="158.0" Y="152.0" />
  <Point X="158.0" Y="153.0" />
  <Point X="158.0" Y="153.83667743045459" />
  <Point X="158.0" Y="154.0" />
  <Point X="158.0" Y="155.0" />
  <Point X="158.0" Y="156.0" />
  <Point X="158.0" Y="156.78361162489097" />
  <Point X="158.0" Y="157.0" />
  <Point X="158.0" Y="158.0" />
  <Point X="158.0" Y="159.0" />
  <Point X="158.0" Y="159.73054581932735" />
  <Point X="158.0" Y="160.0" />
  <Point X="158.0" Y="161.0" />
  <Point X="158.0" Y="162.0" />
  <Point X="158.0" Y="162.67748001376373" />
  <Point X="158.0" Y="163.0" />
  <Point X="157.0" Y="163.0" />
  <Point X="157.0" Y="164.0" />
  <Point X="157.0" Y="164.6244142082001" />
  <Point X="157.0" Y="165.0" />
  <Point X="156.0" Y="165.0" />
  <Point X="155.0" Y="165.0" />
  <Point X="154.4286515973635" Y="165.0" />
  <Point X="154.0" Y="165.0" />
  <Point X="153.0" Y="165.0" />
  <Point X="152.0" Y="165.0" />
  <Point X="151.48171740292713" Y="165.0" />
  <Point X="151.0" Y="165.0" />
  <Point X="150.0" Y="165.0" />
  <Point X="149.0" Y="165.0" />
  <Point X="148.53478320849075" Y="165.0" />
  <Point X="148.0" Y="165.0" />
  <Point X="147.0" Y="165.0" />
  <Point X="146.0" Y="165.0" />
  <Point X="145.58784901405437" Y="165.0" />
  <Point X="145.0" Y="165.0" />
  <Point X="144.0" Y="165.0" />
  <Point X="143.0" Y="165.0" />
  <Point X="142.640914819618" Y="165.0" />
  <Point X="142.0" Y="165.0" />
  <Point X="141.0" Y="165.0" />
  <Point X="140.0" Y="165.0" />
  <Point X="139.78361162489145" Y="165.21638837510855" />
  <Point X="139.0" Y="166.0" />
  <Point X="138.0" Y="166.0" />
  <Point X="137.1612599931183" Y="166.0" />
  <Point X="137.0" Y="166.0" />
  <Point X="136.0" Y="166.0" />
  <Point X="135.0" Y="166.0" />
  <Point X="134.21432579868193" Y="166.0" />
  <Point X="134.0" Y="166.0" />
  <Point X="133.0" Y="166.0" />
  <Point X="132.0" Y="166.0" />
  <Point X="132.0" Y="166.73260839575445" />
  <Point X="132.0" Y="167.0" />
  <Point X="131.0" Y="167.0" />
  <Point X="130.0" Y="167.0" />
  <Point X="129.32045740980917" Y="167.0" />
  <Point X="129.0" Y="167.0" />
  <Point X="128.0" Y="167.0" />
  <Point X="127.0" Y="167.0" />
  <Point X="126.37352321537278" Y="167.0" />
  <Point X="126.0" Y="167.0" />
  <Point X="125.0" Y="167.0" />
  <Point X="124.0" Y="167.0" />
  <Point X="123.59453720829731" Y="167.4054627917027" />
  <Point X="123.0" Y="168.0" />
  <Point X="122.0" Y="168.0" />
  <Point X="121.0" Y="168.0" />
  <Point X="120.8938683888731" Y="168.0" />
  <Point X="120.0" Y="168.0" />
  <Point X="119.0" Y="168.0" />
  <Point X="118.0" Y="168.0" />
  <Point X="117.94693419443672" Y="168.0" />
  <Point X="117.0" Y="168.0" />
  <Point X="116.0" Y="168.0" />
  <Point X="115.00000000000034" Y="168.0" />
  <Point X="115.0" Y="168.0" />
</Project_1_Part_4>
