<?xml version="1.0" encoding="utf-8" standalone="yes"?>
<Gesture Name="star2" Subject="3" Number="3" NumPts="493">
  <Point X="100.0" Y="146.0" />
  <Point X="99.0" Y="146.0" />
  <Point X="99.0" Y="145.0" />
  <Point X="99.0" Y="144.0" />
  <Point X="99.0" Y="143.0" />
  <Point X="99.0" Y="142.0" />
  <Point X="99.0" Y="141.0" />
  <Point X="99.0" Y="140.0" />
  <Point X="99.0" Y="139.0" />
  <Point X="99.0" Y="138.95919004953433" />
  <Point X="99.0" Y="138.0" />
  <Point X="99.0" Y="137.0" />
  <Point X="100.0" Y="137.0" />
  <Point X="100.0" Y="136.0" />
  <Point X="100.0" Y="135.0" />
  <Point X="101.0" Y="134.0" />
  <Point X="101.0" Y="133.0" />
  <Point X="101.47192754780141" Y="132.5280724521986" />
  <Point X="102.0" Y="132.0" />
  <Point X="102.0" Y="131.0" />
  <Point X="102.0" Y="130.0" />
  <Point X="103.0" Y="130.0" />
  <Point X="103.0" Y="129.0" />
  <Point X="104.0" Y="129.0" />
  <Point X="104.0" Y="128.0" />
  <Point X="104.91499810288867" Y="127.08500189711133" />
  <Point X="105.0" Y="127.0" />
  <Point X="105.0" Y="126.0" />
  <Point X="106.0" Y="125.0" />
  <Point X="107.0" Y="124.0" />
  <Point X="108.0" Y="123.0" />
  <Point X="108.0" Y="121.0" />
  <Point X="108.6779584276241" Y="121.0" />
  <Point X="109.0" Y="121.0" />
  <Point X="110.0" Y="120.0" />
  <Point X="110.0" Y="119.0" />
  <Point X="111.0" Y="118.0" />
  <Point X="112.0" Y="117.0" />
  <Point X="112.0" Y="116.0" />
  <Point X="112.0" Y="115.0" />
  <Point X="112.47612769097049" Y="115.0" />
  <Point X="113.0" Y="115.0" />
  <Point X="114.0" Y="114.0" />
  <Point X="115.0" Y="112.0" />
  <Point X="116.0" Y="111.0" />
  <Point X="116.0" Y="110.0" />
  <Point X="117.0" Y="109.0" />
  <Point X="117.0" Y="108.96177102318292" />
  <Point X="117.0" Y="108.0" />
  <Point X="118.0" Y="107.0" />
  <Point X="119.0" Y="107.0" />
  <Point X="119.0" Y="106.0" />
  <Point X="120.0" Y="104.0" />
  <Point X="121.0" Y="103.0" />
  <Point X="121.0" Y="102.98545617496323" />
  <Point X="121.0" Y="102.0" />
  <Point X="122.0" Y="101.0" />
  <Point X="123.0" Y="100.0" />
  <Point X="124.0" Y="99.0" />
  <Point X="124.0" Y="98.0" />
  <Point X="125.0" Y="98.0" />
  <Point X="125.0" Y="97.18728691161685" />
  <Point X="125.0" Y="96.0" />
  <Point X="126.0" Y="95.0" />
  <Point X="126.0" Y="94.0" />
  <Point X="127.0" Y="94.0" />
  <Point X="127.0" Y="92.0" />
  <Point X="128.0" Y="92.0" />
  <Point X="128.0" Y="91.56069052352427" />
  <Point X="128.0" Y="91.0" />
  <Point X="129.0" Y="89.0" />
  <Point X="130.0" Y="88.0" />
  <Point X="130.0" Y="87.0" />
  <Point X="131.0" Y="86.0" />
  <Point X="131.0" Y="85.0" />
  <Point X="131.29389077841822" Y="84.7061092215818" />
  <Point X="132.0" Y="84.0" />
  <Point X="132.0" Y="83.0" />
  <Point X="133.0" Y="82.0" />
  <Point X="133.0" Y="81.0" />
  <Point X="134.0" Y="80.0" />
  <Point X="135.0" Y="79.0" />
  <Point X="135.0" Y="78.2004199743313" />
  <Point X="135.0" Y="78.0" />
  <Point X="135.0" Y="77.0" />
  <Point X="136.0" Y="76.0" />
  <Point X="136.0" Y="75.0" />
  <Point X="136.0" Y="74.0" />
  <Point X="137.0" Y="74.0" />
  <Point X="137.0" Y="73.0" />
  <Point X="137.0" Y="72.0" />
  <Point X="137.42617641376128" Y="72.0" />
  <Point X="138.0" Y="72.0" />
  <Point X="138.0" Y="71.0" />
  <Point X="138.0" Y="70.0" />
  <Point X="138.0" Y="69.0" />
  <Point X="139.0" Y="69.0" />
  <Point X="139.0" Y="68.0" />
  <Point X="140.0" Y="68.0" />
  <Point X="140.0" Y="67.0" />
  <Point X="140.0" Y="67.46698636422695" />
  <Point X="140.0" Y="68.0" />
  <Point X="140.0" Y="69.0" />
  <Point X="140.0" Y="70.0" />
  <Point X="140.0" Y="71.0" />
  <Point X="140.0" Y="72.0" />
  <Point X="139.0" Y="72.0" />
  <Point X="139.0" Y="73.0" />
  <Point X="139.0" Y="74.0" />
  <Point X="139.0" Y="74.50779631469263" />
  <Point X="139.0" Y="75.0" />
  <Point X="139.0" Y="76.0" />
  <Point X="139.0" Y="77.0" />
  <Point X="139.0" Y="78.0" />
  <Point X="139.0" Y="79.0" />
  <Point X="139.0" Y="80.0" />
  <Point X="139.0" Y="82.0" />
  <Point X="139.0" Y="82.5486062651583" />
  <Point X="139.0" Y="83.0" />
  <Point X="139.0" Y="84.0" />
  <Point X="139.0" Y="85.0" />
  <Point X="139.0" Y="86.0" />
  <Point X="139.0" Y="87.0" />
  <Point X="139.0" Y="88.0" />
  <Point X="139.0" Y="89.0" />
  <Point X="140.0" Y="90.0" />
  <Point X="140.0" Y="90.17520265325088" />
  <Point X="140.0" Y="91.0" />
  <Point X="140.0" Y="92.0" />
  <Point X="140.0" Y="93.0" />
  <Point X="140.0" Y="94.0" />
  <Point X="140.0" Y="96.0" />
  <Point X="141.0" Y="96.0" />
  <Point X="141.0" Y="97.0" />
  <Point X="141.0" Y="97.21601260371655" />
  <Point X="141.0" Y="98.0" />
  <Point X="141.0" Y="99.0" />
  <Point X="141.0" Y="100.0" />
  <Point X="142.0" Y="101.0" />
  <Point X="142.0" Y="102.0" />
  <Point X="142.0" Y="103.0" />
  <Point X="143.0" Y="104.0" />
  <Point X="143.0" Y="104.42839542943602" />
  <Point X="143.0" Y="105.0" />
  <Point X="143.0" Y="106.0" />
  <Point X="143.0" Y="107.0" />
  <Point X="144.0" Y="108.0" />
  <Point X="144.0" Y="109.0" />
  <Point X="145.0" Y="111.0" />
  <Point X="145.0" Y="111.8189238400288" />
  <Point X="145.0" Y="112.0" />
  <Point X="146.0" Y="113.0" />
  <Point X="146.0" Y="114.0" />
  <Point X="146.0" Y="115.0" />
  <Point X="146.0" Y="116.0" />
  <Point X="147.0" Y="116.0" />
  <Point X="147.0" Y="117.0" />
  <Point X="147.0" Y="118.0" />
  <Point X="147.3150303744604" Y="118.3150303744604" />
  <Point X="148.0" Y="119.0" />
  <Point X="148.0" Y="120.0" />
  <Point X="149.0" Y="121.0" />
  <Point X="150.0" Y="122.0" />
  <Point X="150.0" Y="123.0" />
  <Point X="150.0" Y="124.0" />
  <Point X="151.0" Y="124.0" />
  <Point X="151.0" Y="124.24368949146776" />
  <Point X="151.0" Y="125.0" />
  <Point X="152.0" Y="125.0" />
  <Point X="152.0" Y="126.0" />
  <Point X="152.0" Y="127.0" />
  <Point X="153.0" Y="127.0" />
  <Point X="153.0" Y="128.0" />
  <Point X="154.0" Y="128.0" />
  <Point X="154.0" Y="129.0" />
  <Point X="154.28449944193343" Y="129.0" />
  <Point X="155.0" Y="129.0" />
  <Point X="155.0" Y="130.0" />
  <Point X="155.0" Y="131.0" />
  <Point X="156.0" Y="131.0" />
  <Point X="156.0" Y="132.0" />
  <Point X="156.0" Y="133.0" />
  <Point X="157.0" Y="133.0" />
  <Point X="157.0" Y="134.0" />
  <Point X="157.3253093923991" Y="134.0" />
  <Point X="158.0" Y="134.0" />
  <Point X="158.0" Y="135.0" />
  <Point X="158.0" Y="136.0" />
  <Point X="158.0" Y="137.0" />
  <Point X="159.0" Y="137.0" />
  <Point X="159.0" Y="138.0" />
  <Point X="159.0" Y="139.0" />
  <Point X="159.0" Y="140.0" />
  <Point X="159.0" Y="140.36611934286478" />
  <Point X="159.0" Y="141.0" />
  <Point X="160.0" Y="141.0" />
  <Point X="159.0" Y="141.0" />
  <Point X="159.0" Y="140.0" />
  <Point X="159.0" Y="139.0" />
  <Point X="158.0" Y="139.0" />
  <Point X="158.0" Y="138.0" />
  <Point X="157.0" Y="138.0" />
  <Point X="157.0" Y="137.59307070666955" />
  <Point X="157.0" Y="137.0" />
  <Point X="156.0" Y="137.0" />
  <Point X="156.0" Y="136.0" />
  <Point X="155.0" Y="135.0" />
  <Point X="154.0" Y="134.0" />
  <Point X="153.0" Y="134.0" />
  <Point X="153.0" Y="133.0" />
  <Point X="152.38068788095006" Y="133.0" />
  <Point X="152.0" Y="133.0" />
  <Point X="152.0" Y="132.0" />
  <Point X="151.0" Y="132.0" />
  <Point X="150.0" Y="131.0" />
  <Point X="149.0" Y="130.0" />
  <Point X="148.0" Y="129.0" />
  <Point X="147.0" Y="129.0" />
  <Point X="147.0" Y="128.58251861760368" />
  <Point X="147.0" Y="128.0" />
  <Point X="146.0" Y="128.0" />
  <Point X="145.0" Y="127.0" />
  <Point X="144.0" Y="127.0" />
  <Point X="144.0" Y="126.0" />
  <Point X="143.0" Y="126.0" />
  <Point X="142.0" Y="125.0" />
  <Point X="141.3701357918842" Y="125.0" />
  <Point X="141.0" Y="125.0" />
  <Point X="140.0" Y="124.0" />
  <Point X="139.0" Y="123.0" />
  <Point X="138.0" Y="123.0" />
  <Point X="136.0" Y="122.0" />
  <Point X="135.0" Y="122.0" />
  <Point X="134.5713666786519" Y="121.57136667865191" />
  <Point X="134.0" Y="121.0" />
  <Point X="133.0" Y="121.0" />
  <Point X="132.0" Y="120.0" />
  <Point X="130.0" Y="120.0" />
  <Point X="130.0" Y="119.0" />
  <Point X="128.18143811794502" Y="119.0" />
  <Point X="128.0" Y="119.0" />
  <Point X="127.0" Y="119.0" />
  <Point X="127.0" Y="118.0" />
  <Point X="125.0" Y="118.0" />
  <Point X="125.0" Y="117.0" />
  <Point X="123.0" Y="117.0" />
  <Point X="122.14062816747935" Y="117.0" />
  <Point X="122.0" Y="117.0" />
  <Point X="121.0" Y="116.0" />
  <Point X="120.0" Y="116.0" />
  <Point X="119.0" Y="115.0" />
  <Point X="118.0" Y="115.0" />
  <Point X="117.0" Y="115.0" />
  <Point X="115.14696630058928" Y="114.07348315029465" />
  <Point X="115.0" Y="114.0" />
  <Point X="114.0" Y="114.0" />
  <Point X="113.0" Y="114.0" />
  <Point X="112.0" Y="114.0" />
  <Point X="111.0" Y="113.0" />
  <Point X="110.0" Y="113.0" />
  <Point X="109.0" Y="112.0" />
  <Point X="107.95193049354017" Y="112.0" />
  <Point X="107.0" Y="112.0" />
  <Point X="105.0" Y="112.0" />
  <Point X="104.0" Y="112.0" />
  <Point X="103.0" Y="111.0" />
  <Point X="102.0" Y="111.0" />
  <Point X="101.0" Y="110.0" />
  <Point X="100.7395476678207" Y="110.0" />
  <Point X="100.0" Y="110.0" />
  <Point X="99.0" Y="110.0" />
  <Point X="98.0" Y="110.0" />
  <Point X="97.0" Y="110.0" />
  <Point X="96.0" Y="110.0" />
  <Point X="95.0" Y="110.0" />
  <Point X="94.0" Y="109.0" />
  <Point X="93.11295127972812" Y="109.0" />
  <Point X="93.0" Y="109.0" />
  <Point X="92.0" Y="109.0" />
  <Point X="91.0" Y="109.0" />
  <Point X="90.0" Y="109.0" />
  <Point X="89.0" Y="109.0" />
  <Point X="88.0" Y="109.0" />
  <Point X="88.0" Y="108.0" />
  <Point X="88.0" Y="107.0" />
  <Point X="88.0" Y="106.07214132926245" />
  <Point X="88.0" Y="106.0" />
  <Point X="88.0" Y="105.0" />
  <Point X="88.0" Y="104.0" />
  <Point X="88.0" Y="103.0" />
  <Point X="88.0" Y="102.0" />
  <Point X="88.0" Y="101.0" />
  <Point X="88.0" Y="100.0" />
  <Point X="89.0" Y="100.0" />
  <Point X="89.96866862120322" Y="100.0" />
  <Point X="90.0" Y="100.0" />
  <Point X="91.0" Y="100.0" />
  <Point X="92.0" Y="100.0" />
  <Point X="92.0" Y="99.0" />
  <Point X="93.0" Y="99.0" />
  <Point X="94.0" Y="99.0" />
  <Point X="95.0" Y="99.0" />
  <Point X="95.0" Y="98.0" />
  <Point X="96.0" Y="98.0" />
  <Point X="96.0094785716689" Y="98.0" />
  <Point X="97.0" Y="98.0" />
  <Point X="99.0" Y="98.0" />
  <Point X="100.0" Y="98.0" />
  <Point X="101.0" Y="97.0" />
  <Point X="103.0" Y="97.0" />
  <Point X="103.63607495976147" Y="97.0" />
  <Point X="104.0" Y="97.0" />
  <Point X="105.0" Y="97.0" />
  <Point X="106.0" Y="97.0" />
  <Point X="107.0" Y="97.0" />
  <Point X="108.0" Y="96.0" />
  <Point X="109.0" Y="96.0" />
  <Point X="110.0" Y="96.0" />
  <Point X="111.0" Y="96.0" />
  <Point X="111.26267134785405" Y="96.0" />
  <Point X="112.0" Y="96.0" />
  <Point X="113.0" Y="95.0" />
  <Point X="115.0" Y="95.0" />
  <Point X="117.0" Y="95.0" />
  <Point X="118.0" Y="95.0" />
  <Point X="118.88926773594663" Y="95.0" />
  <Point X="120.0" Y="95.0" />
  <Point X="121.0" Y="95.0" />
  <Point X="123.0" Y="95.0" />
  <Point X="124.0" Y="94.0" />
  <Point X="125.0" Y="94.0" />
  <Point X="126.51586412403921" Y="94.0" />
  <Point X="127.0" Y="94.0" />
  <Point X="128.0" Y="94.0" />
  <Point X="129.0" Y="94.0" />
  <Point X="131.0" Y="93.0" />
  <Point X="132.0" Y="93.0" />
  <Point X="133.0" Y="93.0" />
  <Point X="134.0" Y="93.0" />
  <Point X="134.32060609700508" Y="93.0" />
  <Point X="136.0" Y="93.0" />
  <Point X="137.0" Y="93.0" />
  <Point X="138.0" Y="93.0" />
  <Point X="139.0" Y="93.0" />
  <Point X="140.0" Y="92.0" />
  <Point X="141.0" Y="92.0" />
  <Point X="141.94720248509765" Y="92.0" />
  <Point X="142.0" Y="92.0" />
  <Point X="143.0" Y="92.0" />
  <Point X="144.0" Y="92.0" />
  <Point X="145.0" Y="92.0" />
  <Point X="147.0" Y="92.0" />
  <Point X="148.0" Y="92.0" />
  <Point X="149.0" Y="91.0" />
  <Point X="149.5737988731902" Y="91.0" />
  <Point X="150.0" Y="91.0" />
  <Point X="151.0" Y="91.0" />
  <Point X="152.0" Y="91.0" />
  <Point X="153.0" Y="91.0" />
  <Point X="154.0" Y="91.0" />
  <Point X="155.0" Y="91.0" />
  <Point X="156.0" Y="91.0" />
  <Point X="157.0" Y="91.0" />
  <Point X="157.61460882365589" Y="91.0" />
  <Point X="158.0" Y="91.0" />
  <Point X="159.0" Y="90.0" />
  <Point X="160.0" Y="90.0" />
  <Point X="161.0" Y="90.0" />
  <Point X="162.0" Y="89.0" />
  <Point X="163.0" Y="89.0" />
  <Point X="164.0" Y="89.0" />
  <Point X="164.82699164937537" Y="89.0" />
  <Point X="165.0" Y="89.0" />
  <Point X="166.0" Y="89.0" />
  <Point X="167.0" Y="88.0" />
  <Point X="168.0" Y="88.0" />
  <Point X="169.0" Y="88.0" />
  <Point X="170.0" Y="88.0" />
  <Point X="171.0" Y="88.0" />
  <Point X="171.0" Y="87.0" />
  <Point X="171.45358803746794" Y="87.0" />
  <Point X="172.0" Y="87.0" />
  <Point X="173.0" Y="87.0" />
  <Point X="174.0" Y="87.0" />
  <Point X="175.0" Y="86.0" />
  <Point X="175.0" Y="85.0" />
  <Point X="176.0" Y="85.0" />
  <Point X="175.0" Y="85.0" />
  <Point X="174.0" Y="85.0" />
  <Point X="173.9198155744395" Y="85.0" />
  <Point X="173.0" Y="85.0" />
  <Point X="172.0" Y="85.0" />
  <Point X="171.0" Y="85.0" />
  <Point X="171.0" Y="86.0" />
  <Point X="170.0" Y="86.0" />
  <Point X="169.0" Y="86.0" />
  <Point X="169.0" Y="87.0" />
  <Point X="168.0" Y="87.0" />
  <Point X="167.87900562397382" Y="87.0" />
  <Point X="167.0" Y="87.0" />
  <Point X="167.0" Y="88.0" />
  <Point X="166.0" Y="88.0" />
  <Point X="165.0" Y="88.0" />
  <Point X="164.0" Y="89.0" />
  <Point X="163.0" Y="90.0" />
  <Point X="162.0" Y="90.0" />
  <Point X="161.66662279825434" Y="90.0" />
  <Point X="161.0" Y="90.0" />
  <Point X="161.0" Y="91.0" />
  <Point X="160.0" Y="91.0" />
  <Point X="159.0" Y="91.0" />
  <Point X="158.0" Y="92.0" />
  <Point X="157.0" Y="92.0" />
  <Point X="157.0" Y="93.0" />
  <Point X="156.04002641016177" Y="93.0" />
  <Point X="156.0" Y="93.0" />
  <Point X="155.0" Y="94.0" />
  <Point X="154.0" Y="94.0" />
  <Point X="154.0" Y="95.0" />
  <Point X="153.0" Y="95.0" />
  <Point X="152.0" Y="96.0" />
  <Point X="151.0" Y="96.0" />
  <Point X="150.1710188285916" Y="96.8289811714084" />
  <Point X="150.0" Y="97.0" />
  <Point X="149.0" Y="97.0" />
  <Point X="149.0" Y="98.0" />
  <Point X="148.0" Y="98.0" />
  <Point X="147.0" Y="99.0" />
  <Point X="145.0" Y="100.0" />
  <Point X="143.97259718815727" Y="100.51370140592137" />
  <Point X="143.0" Y="101.0" />
  <Point X="141.0" Y="102.0" />
  <Point X="141.0" Y="103.0" />
  <Point X="140.0" Y="103.0" />
  <Point X="139.0" Y="104.0" />
  <Point X="138.07854674036383" Y="104.92145325963618" />
  <Point X="137.0" Y="106.0" />
  <Point X="136.0" Y="106.0" />
  <Point X="135.0" Y="106.0" />
  <Point X="134.0" Y="108.0" />
  <Point X="133.0" Y="108.0" />
  <Point X="132.0" Y="108.0" />
  <Point X="131.87502770582023" Y="108.24994458835954" />
  <Point X="131.0" Y="110.0" />
  <Point X="130.0" Y="110.0" />
  <Point X="129.0" Y="111.0" />
  <Point X="128.0" Y="112.0" />
  <Point X="126.0" Y="113.0" />
  <Point X="126.0" Y="113.01969341580997" />
  <Point X="126.0" Y="114.0" />
  <Point X="124.0" Y="115.0" />
  <Point X="124.0" Y="116.0" />
  <Point X="123.0" Y="116.0" />
  <Point X="122.0" Y="117.0" />
  <Point X="122.0" Y="118.0" />
  <Point X="121.58977817359725" Y="118.0" />
  <Point X="120.0" Y="118.0" />
  <Point X="120.0" Y="119.0" />
  <Point X="119.0" Y="120.0" />
  <Point X="119.0" Y="121.0" />
  <Point X="118.0" Y="121.0" />
  <Point X="117.0" Y="122.0" />
  <Point X="116.44312546989883" Y="122.27843726505058" />
  <Point X="115.0" Y="123.0" />
  <Point X="115.0" Y="124.0" />
  <Point X="114.0" Y="124.0" />
  <Point X="114.0" Y="125.0" />
  <Point X="113.0" Y="126.0" />
  <Point X="112.0" Y="127.0" />
  <Point X="111.57649995992337" Y="127.42350004007663" />
  <Point X="111.0" Y="128.0" />
  <Point X="110.0" Y="130.0" />
  <Point X="109.0" Y="130.0" />
  <Point X="108.0" Y="131.0" />
  <Point X="108.0" Y="132.0" />
  <Point X="107.0" Y="133.0" />
  <Point X="106.83897921381148" Y="133.0" />
  <Point X="106.0" Y="133.0" />
  <Point X="106.0" Y="134.0" />
  <Point X="105.0" Y="134.0" />
  <Point X="105.0" Y="135.0" />
  <Point X="104.0" Y="136.0" />
  <Point X="104.0" Y="137.0" />
  <Point X="103.0" Y="138.0" />
  <Point X="102.62659638809201" Y="138.0" />
  <Point X="102.0" Y="138.0" />
  <Point X="102.0" Y="139.0" />
  <Point X="101.0" Y="139.0" />
  <Point X="101.0" Y="140.0" />
  <Point X="100.0" Y="141.0" />
  <Point X="100.0" Y="142.0" />
  <Point X="100.0" Y="143.0" />
  <Point X="99.0" Y="143.0" />
</Project_1_Part_4>
