<?xml version="1.0" encoding="utf-8" standalone="yes"?>
<Gesture Name="star6" Subject="3" Number="3" NumPts="575">
  <Point X="98.0" Y="144.0" />
  <Point X="98.0" Y="143.0" />
  <Point X="98.0" Y="142.0" />
  <Point X="98.0" Y="141.0" />
  <Point X="98.0" Y="140.0" />
  <Point X="98.0" Y="139.0" />
  <Point X="99.0" Y="138.0" />
  <Point X="99.0" Y="137.0" />
  <Point X="99.0" Y="136.0" />
  <Point X="100.0" Y="135.0" />
  <Point X="100.26355310641173" Y="134.73644689358827" />
  <Point X="101.0" Y="134.0" />
  <Point X="101.0" Y="133.0" />
  <Point X="102.0" Y="132.0" />
  <Point X="102.0" Y="131.0" />
  <Point X="102.0" Y="130.0" />
  <Point X="103.0" Y="130.0" />
  <Point X="103.0" Y="129.0" />
  <Point X="103.0" Y="128.0" />
  <Point X="104.0" Y="127.0" />
  <Point X="104.23421299401001" Y="126.76578700598999" />
  <Point X="105.0" Y="126.0" />
  <Point X="105.0" Y="125.0" />
  <Point X="106.0" Y="124.0" />
  <Point X="106.0" Y="123.0" />
  <Point X="106.0" Y="122.0" />
  <Point X="107.0" Y="121.0" />
  <Point X="108.0" Y="121.0" />
  <Point X="108.0" Y="120.0" />
  <Point X="108.0" Y="119.0" />
  <Point X="108.28973400773289" Y="119.0" />
  <Point X="109.0" Y="119.0" />
  <Point X="109.0" Y="118.0" />
  <Point X="110.0" Y="117.0" />
  <Point X="111.0" Y="116.0" />
  <Point X="111.0" Y="114.0" />
  <Point X="112.0" Y="114.0" />
  <Point X="113.0" Y="113.0" />
  <Point X="113.0" Y="112.0" />
  <Point X="113.17553276920655" Y="111.82446723079345" />
  <Point X="114.0" Y="111.0" />
  <Point X="114.0" Y="109.0" />
  <Point X="115.0" Y="109.0" />
  <Point X="116.0" Y="107.0" />
  <Point X="117.0" Y="106.0" />
  <Point X="117.0" Y="105.0" />
  <Point X="117.0" Y="104.0" />
  <Point X="117.3442589641451" Y="103.82787051792745" />
  <Point X="119.0" Y="103.0" />
  <Point X="119.0" Y="102.0" />
  <Point X="120.0" Y="100.0" />
  <Point X="120.0" Y="99.0" />
  <Point X="122.0" Y="98.0" />
  <Point X="122.0" Y="96.1221632074141" />
  <Point X="122.0" Y="96.0" />
  <Point X="123.0" Y="95.0" />
  <Point X="124.0" Y="94.0" />
  <Point X="124.0" Y="92.0" />
  <Point X="125.0" Y="92.0" />
  <Point X="126.0" Y="90.0" />
  <Point X="127.0" Y="89.0" />
  <Point X="127.0" Y="88.39972436979396" />
  <Point X="127.0" Y="88.0" />
  <Point X="127.0" Y="87.0" />
  <Point X="129.0" Y="85.0" />
  <Point X="129.0" Y="84.0" />
  <Point X="129.0" Y="83.0" />
  <Point X="130.0" Y="82.0" />
  <Point X="131.0" Y="81.0" />
  <Point X="131.0" Y="80.0" />
  <Point X="131.06465316994277" Y="79.87069366011445" />
  <Point X="132.0" Y="78.0" />
  <Point X="133.0" Y="77.0" />
  <Point X="134.0" Y="75.0" />
  <Point X="134.0" Y="74.0" />
  <Point X="135.0" Y="73.0" />
  <Point X="135.9146203630773" Y="71.17075927384545" />
  <Point X="136.0" Y="71.0" />
  <Point X="136.0" Y="70.0" />
  <Point X="137.0" Y="69.0" />
  <Point X="137.0" Y="68.0" />
  <Point X="137.0" Y="67.0" />
  <Point X="139.0" Y="65.0" />
  <Point X="139.0" Y="64.0" />
  <Point X="139.0" Y="63.0" />
  <Point X="139.54276960954783" Y="62.45723039045218" />
  <Point X="140.0" Y="62.0" />
  <Point X="141.0" Y="60.0" />
  <Point X="142.0" Y="59.0" />
  <Point X="142.0" Y="58.0" />
  <Point X="143.0" Y="57.0" />
  <Point X="143.0" Y="55.0" />
  <Point X="144.0" Y="55.0" />
  <Point X="144.346504229435" Y="54.653495770564994" />
  <Point X="145.0" Y="54.0" />
  <Point X="145.0" Y="53.0" />
  <Point X="145.0" Y="52.0" />
  <Point X="146.0" Y="51.0" />
  <Point X="146.0" Y="50.0" />
  <Point X="147.0" Y="50.0" />
  <Point X="147.0" Y="49.0" />
  <Point X="148.0" Y="49.0" />
  <Point X="148.0" Y="48.0" />
  <Point X="148.0" Y="47.13724864182036" />
  <Point X="148.0" Y="47.0" />
  <Point X="149.0" Y="47.0" />
  <Point X="149.0" Y="46.0" />
  <Point X="150.0" Y="45.0" />
  <Point X="150.0" Y="44.0" />
  <Point X="151.0" Y="43.0" />
  <Point X="152.0" Y="43.0" />
  <Point X="152.0" Y="42.0" />
  <Point X="152.0" Y="41.0" />
  <Point X="153.0" Y="41.0" />
  <Point X="153.0" Y="40.764528264327325" />
  <Point X="153.0" Y="40.0" />
  <Point X="154.0" Y="39.0" />
  <Point X="154.0" Y="38.0" />
  <Point X="155.0" Y="38.0" />
  <Point X="155.0" Y="39.0" />
  <Point X="155.0" Y="40.0" />
  <Point X="155.0" Y="41.0" />
  <Point X="155.0" Y="42.0" />
  <Point X="155.0" Y="43.0" />
  <Point X="155.0" Y="44.0" />
  <Point X="155.0" Y="44.0224056755388" />
  <Point X="155.0" Y="45.0" />
  <Point X="155.0" Y="46.0" />
  <Point X="155.0" Y="47.0" />
  <Point X="155.0" Y="48.0" />
  <Point X="155.0" Y="49.0" />
  <Point X="155.0" Y="50.0" />
  <Point X="155.0" Y="51.0" />
  <Point X="155.0" Y="52.0" />
  <Point X="155.99440321141947" Y="53.98880642283893" />
  <Point X="156.0" Y="54.0" />
  <Point X="156.0" Y="55.0" />
  <Point X="156.0" Y="57.0" />
  <Point X="157.0" Y="58.0" />
  <Point X="157.0" Y="60.0" />
  <Point X="157.0" Y="61.0" />
  <Point X="157.0" Y="63.0" />
  <Point X="157.0" Y="63.77441914014435" />
  <Point X="157.0" Y="65.0" />
  <Point X="157.0" Y="66.0" />
  <Point X="157.0" Y="68.0" />
  <Point X="158.0" Y="69.0" />
  <Point X="158.0" Y="70.0" />
  <Point X="158.0" Y="71.0" />
  <Point X="158.0" Y="72.0" />
  <Point X="158.6982583247564" Y="73.39651664951283" />
  <Point X="159.0" Y="74.0" />
  <Point X="159.0" Y="75.0" />
  <Point X="159.0" Y="76.0" />
  <Point X="159.0" Y="77.0" />
  <Point X="159.0" Y="79.0" />
  <Point X="159.0" Y="80.0" />
  <Point X="159.0" Y="82.0" />
  <Point X="159.0" Y="83.0" />
  <Point X="159.0" Y="83.5264326047499" />
  <Point X="159.0" Y="84.0" />
  <Point X="160.0" Y="86.0" />
  <Point X="160.0" Y="87.0" />
  <Point X="160.0" Y="88.0" />
  <Point X="160.0" Y="90.0" />
  <Point X="160.0" Y="91.0" />
  <Point X="160.0" Y="92.0" />
  <Point X="160.0" Y="93.0" />
  <Point X="160.0" Y="93.49151212948932" />
  <Point X="160.0" Y="94.0" />
  <Point X="160.0" Y="95.0" />
  <Point X="161.0" Y="96.0" />
  <Point X="161.0" Y="97.0" />
  <Point X="161.0" Y="98.0" />
  <Point X="161.0" Y="99.0" />
  <Point X="161.0" Y="100.0" />
  <Point X="161.0" Y="101.0" />
  <Point X="161.0" Y="102.0" />
  <Point X="161.0" Y="103.27844606935544" />
  <Point X="161.0" Y="104.0" />
  <Point X="161.0" Y="105.0" />
  <Point X="162.0" Y="106.0" />
  <Point X="162.0" Y="107.0" />
  <Point X="162.0" Y="108.0" />
  <Point X="162.0" Y="109.0" />
  <Point X="162.0" Y="110.0" />
  <Point X="162.0" Y="111.0" />
  <Point X="162.0" Y="112.0" />
  <Point X="162.0" Y="113.0" />
  <Point X="162.0" Y="113.06538000922156" />
  <Point X="162.0" Y="114.0" />
  <Point X="162.0" Y="115.0" />
  <Point X="163.0" Y="115.0" />
  <Point X="163.0" Y="116.0" />
  <Point X="163.0" Y="117.0" />
  <Point X="163.0" Y="118.0" />
  <Point X="163.0" Y="119.0" />
  <Point X="163.0" Y="120.0" />
  <Point X="164.0" Y="120.0" />
  <Point X="164.0" Y="121.0" />
  <Point X="164.0" Y="121.26652751146078" />
  <Point X="164.0" Y="122.0" />
  <Point X="165.0" Y="123.0" />
  <Point X="165.0" Y="124.0" />
  <Point X="165.0" Y="125.0" />
  <Point X="165.0" Y="126.0" />
  <Point X="165.0" Y="127.0" />
  <Point X="165.0" Y="128.0" />
  <Point X="166.0" Y="128.0" />
  <Point X="166.0" Y="129.0" />
  <Point X="166.0" Y="130.0" />
  <Point X="166.0" Y="130.0534614513269" />
  <Point X="166.0" Y="131.0" />
  <Point X="166.0" Y="132.0" />
  <Point X="166.0" Y="133.0" />
  <Point X="166.0" Y="134.0" />
  <Point X="166.0" Y="135.0" />
  <Point X="166.0" Y="136.0" />
  <Point X="166.0" Y="137.0" />
  <Point X="166.0" Y="138.0" />
  <Point X="166.0" Y="139.0" />
  <Point X="166.0" Y="140.0" />
  <Point X="166.0" Y="140.25460895356613" />
  <Point X="166.0" Y="141.0" />
  <Point X="166.0" Y="142.0" />
  <Point X="165.0" Y="142.0" />
  <Point X="165.0" Y="141.0" />
  <Point X="164.0" Y="141.0" />
  <Point X="163.0" Y="140.0" />
  <Point X="163.0" Y="139.0" />
  <Point X="162.0" Y="139.0" />
  <Point X="162.0" Y="138.0" />
  <Point X="161.0" Y="138.0" />
  <Point X="160.95845710656775" Y="138.0" />
  <Point X="160.0" Y="138.0" />
  <Point X="160.0" Y="137.0" />
  <Point X="159.0" Y="137.0" />
  <Point X="159.0" Y="136.0" />
  <Point X="158.0" Y="136.0" />
  <Point X="158.0" Y="135.0" />
  <Point X="157.0" Y="135.0" />
  <Point X="156.0" Y="134.0" />
  <Point X="155.0" Y="134.0" />
  <Point X="154.41417841311878" Y="133.41417841311878" />
  <Point X="154.0" Y="133.0" />
  <Point X="153.0" Y="133.0" />
  <Point X="153.0" Y="132.0" />
  <Point X="152.0" Y="131.0" />
  <Point X="151.0" Y="131.0" />
  <Point X="150.0" Y="131.0" />
  <Point X="150.0" Y="130.0" />
  <Point X="149.0" Y="130.0" />
  <Point X="148.0" Y="130.0" />
  <Point X="147.15062530670704" Y="129.15062530670704" />
  <Point X="147.0" Y="129.0" />
  <Point X="147.0" Y="128.0" />
  <Point X="146.0" Y="128.0" />
  <Point X="145.0" Y="128.0" />
  <Point X="145.0" Y="127.0" />
  <Point X="144.0" Y="127.0" />
  <Point X="143.0" Y="127.0" />
  <Point X="143.0" Y="126.0" />
  <Point X="141.0" Y="126.0" />
  <Point X="140.11618863057788" Y="125.55809431528894" />
  <Point X="139.0" Y="125.0" />
  <Point X="138.0" Y="124.0" />
  <Point X="137.0" Y="124.0" />
  <Point X="136.0" Y="123.0" />
  <Point X="135.0" Y="122.0" />
  <Point X="134.0" Y="122.0" />
  <Point X="132.0" Y="121.0" />
  <Point X="132.0" Y="120.52549798922213" />
  <Point X="132.0" Y="120.0" />
  <Point X="130.0" Y="120.0" />
  <Point X="129.0" Y="119.0" />
  <Point X="128.0" Y="118.0" />
  <Point X="126.0" Y="118.0" />
  <Point X="125.0" Y="117.0" />
  <Point X="124.0" Y="116.0" />
  <Point X="123.98120473647529" Y="116.0" />
  <Point X="122.0" Y="116.0" />
  <Point X="121.0" Y="115.0" />
  <Point X="119.0" Y="114.0" />
  <Point X="118.0" Y="114.0" />
  <Point X="117.0" Y="113.0" />
  <Point X="116.0" Y="113.0" />
  <Point X="115.1829751218203" Y="112.1829751218203" />
  <Point X="115.0" Y="112.0" />
  <Point X="114.0" Y="112.0" />
  <Point X="112.0" Y="111.0" />
  <Point X="111.0" Y="110.0" />
  <Point X="109.0" Y="110.0" />
  <Point X="108.0" Y="109.0" />
  <Point X="107.0" Y="108.0" />
  <Point X="106.536327061235" Y="108.0" />
  <Point X="106.0" Y="108.0" />
  <Point X="105.0" Y="107.0" />
  <Point X="104.0" Y="106.0" />
  <Point X="102.0" Y="106.0" />
  <Point X="101.0" Y="105.0" />
  <Point X="100.0" Y="104.0" />
  <Point X="99.0" Y="104.0" />
  <Point X="98.0" Y="104.0" />
  <Point X="97.99436705196175" Y="103.99436705196175" />
  <Point X="97.0" Y="103.0" />
  <Point X="96.0" Y="103.0" />
  <Point X="95.0" Y="103.0" />
  <Point X="94.0" Y="102.0" />
  <Point X="92.0" Y="101.0" />
  <Point X="91.0" Y="101.0" />
  <Point X="91.0" Y="100.0" />
  <Point X="90.0" Y="100.0" />
  <Point X="89.85538140849492" Y="100.0" />
  <Point X="89.0" Y="100.0" />
  <Point X="88.0" Y="99.0" />
  <Point X="87.0" Y="99.0" />
  <Point X="86.0" Y="99.0" />
  <Point X="85.0" Y="98.0" />
  <Point X="84.0" Y="98.0" />
  <Point X="83.0" Y="98.0" />
  <Point X="83.0" Y="97.0" />
  <Point X="82.0" Y="97.0" />
  <Point X="81.63418610684938" Y="96.63418610684938" />
  <Point X="81.0" Y="96.0" />
  <Point X="80.0" Y="96.0" />
  <Point X="80.0" Y="95.0" />
  <Point X="80.0" Y="94.0" />
  <Point X="81.0" Y="94.0" />
  <Point X="82.0" Y="94.0" />
  <Point X="83.0" Y="94.0" />
  <Point X="84.0" Y="93.0" />
  <Point X="85.0" Y="93.0" />
  <Point X="85.89005934649113" Y="93.0" />
  <Point X="86.0" Y="93.0" />
  <Point X="86.0" Y="92.0" />
  <Point X="87.0" Y="92.0" />
  <Point X="88.0" Y="92.0" />
  <Point X="89.0" Y="92.0" />
  <Point X="90.0" Y="92.0" />
  <Point X="91.0" Y="92.0" />
  <Point X="92.0" Y="91.0" />
  <Point X="93.0" Y="91.0" />
  <Point X="94.0" Y="91.0" />
  <Point X="94.67699328635724" Y="91.0" />
  <Point X="95.0" Y="91.0" />
  <Point X="96.0" Y="91.0" />
  <Point X="97.0" Y="91.0" />
  <Point X="98.0" Y="91.0" />
  <Point X="99.0" Y="91.0" />
  <Point X="100.0" Y="91.0" />
  <Point X="101.0" Y="91.0" />
  <Point X="102.0" Y="90.0" />
  <Point X="104.0" Y="90.0" />
  <Point X="104.46392722622336" Y="90.0" />
  <Point X="105.0" Y="90.0" />
  <Point X="106.0" Y="90.0" />
  <Point X="107.0" Y="90.0" />
  <Point X="108.0" Y="90.0" />
  <Point X="110.0" Y="89.0" />
  <Point X="111.0" Y="89.0" />
  <Point X="113.0" Y="89.0" />
  <Point X="114.0" Y="88.0" />
  <Point X="114.01479318858969" Y="88.0" />
  <Point X="115.0" Y="88.0" />
  <Point X="116.0" Y="88.0" />
  <Point X="118.0" Y="88.0" />
  <Point X="119.0" Y="88.0" />
  <Point X="122.0" Y="87.0" />
  <Point X="123.0" Y="87.0" />
  <Point X="124.05366303066053" Y="87.0" />
  <Point X="125.0" Y="87.0" />
  <Point X="126.0" Y="87.0" />
  <Point X="128.0" Y="87.0" />
  <Point X="129.0" Y="87.0" />
  <Point X="130.0" Y="87.0" />
  <Point X="131.0" Y="87.0" />
  <Point X="132.0" Y="87.0" />
  <Point X="133.0" Y="87.0" />
  <Point X="134.0" Y="87.0" />
  <Point X="134.25481053289974" Y="87.0" />
  <Point X="135.0" Y="87.0" />
  <Point X="137.0" Y="87.0" />
  <Point X="139.0" Y="87.0" />
  <Point X="141.0" Y="86.0" />
  <Point X="142.0" Y="86.0" />
  <Point X="143.0" Y="86.0" />
  <Point X="144.21989005763916" Y="86.0" />
  <Point X="145.0" Y="86.0" />
  <Point X="146.0" Y="86.0" />
  <Point X="147.0" Y="86.0" />
  <Point X="149.0" Y="86.0" />
  <Point X="151.0" Y="86.0" />
  <Point X="152.0" Y="86.0" />
  <Point X="153.0" Y="86.0" />
  <Point X="154.0" Y="86.0" />
  <Point X="154.42103755987839" Y="86.0" />
  <Point X="156.0" Y="86.0" />
  <Point X="157.0" Y="86.0" />
  <Point X="158.0" Y="86.0" />
  <Point X="159.0" Y="86.0" />
  <Point X="160.0" Y="86.0" />
  <Point X="161.0" Y="86.0" />
  <Point X="162.0" Y="86.0" />
  <Point X="163.0" Y="86.0" />
  <Point X="164.0" Y="86.0" />
  <Point X="164.6221850621176" Y="86.0" />
  <Point X="166.0" Y="86.0" />
  <Point X="167.0" Y="86.0" />
  <Point X="168.0" Y="86.0" />
  <Point X="169.0" Y="86.0" />
  <Point X="170.0" Y="86.0" />
  <Point X="171.0" Y="86.0" />
  <Point X="173.0" Y="86.0" />
  <Point X="174.0" Y="86.0" />
  <Point X="174.82333256435683" Y="86.0" />
  <Point X="176.0" Y="86.0" />
  <Point X="177.0" Y="86.0" />
  <Point X="179.0" Y="86.0" />
  <Point X="180.0" Y="86.0" />
  <Point X="181.0" Y="86.0" />
  <Point X="182.0" Y="86.0" />
  <Point X="183.0" Y="86.0" />
  <Point X="184.0" Y="86.0" />
  <Point X="185.0" Y="86.0" />
  <Point X="185.02448006659606" Y="86.0" />
  <Point X="187.0" Y="86.0" />
  <Point X="188.0" Y="86.0" />
  <Point X="189.0" Y="86.0" />
  <Point X="190.0" Y="86.0" />
  <Point X="191.0" Y="86.0" />
  <Point X="192.0" Y="86.0" />
  <Point X="193.0" Y="86.0" />
  <Point X="194.0" Y="86.0" />
  <Point X="195.0" Y="86.0" />
  <Point X="195.22562756883528" Y="86.0" />
  <Point X="196.0" Y="86.0" />
  <Point X="197.0" Y="86.0" />
  <Point X="198.0" Y="86.0" />
  <Point X="199.0" Y="86.0" />
  <Point X="200.0" Y="86.0" />
  <Point X="201.0" Y="86.0" />
  <Point X="202.0" Y="86.0" />
  <Point X="203.0" Y="86.0" />
  <Point X="204.0" Y="86.0" />
  <Point X="205.0" Y="86.0" />
  <Point X="205.4267750710745" Y="86.0" />
  <Point X="206.0" Y="86.0" />
  <Point X="207.0" Y="86.0" />
  <Point X="208.0" Y="86.0" />
  <Point X="208.0" Y="85.0" />
  <Point X="209.0" Y="85.0" />
  <Point X="210.0" Y="85.0" />
  <Point X="211.0" Y="85.0" />
  <Point X="212.0" Y="85.0" />
  <Point X="211.0" Y="85.0" />
  <Point X="210.0" Y="85.0" />
  <Point X="209.37207742668627" Y="85.0" />
  <Point X="209.0" Y="85.0" />
  <Point X="208.0" Y="85.0" />
  <Point X="207.0" Y="85.0" />
  <Point X="206.0" Y="85.0" />
  <Point X="205.0" Y="85.0" />
  <Point X="204.0" Y="85.0" />
  <Point X="203.0" Y="85.0" />
  <Point X="202.0" Y="85.0" />
  <Point X="201.0" Y="85.0" />
  <Point X="200.0" Y="85.0" />
  <Point X="199.17092992444705" Y="85.0" />
  <Point X="199.0" Y="85.0" />
  <Point X="198.0" Y="85.0" />
  <Point X="197.0" Y="85.0" />
  <Point X="196.0" Y="85.0" />
  <Point X="196.0" Y="86.0" />
  <Point X="194.0" Y="86.0" />
  <Point X="193.0" Y="86.0" />
  <Point X="192.0" Y="86.0" />
  <Point X="191.0" Y="87.0" />
  <Point X="190.38399598458093" Y="87.0" />
  <Point X="190.0" Y="87.0" />
  <Point X="188.0" Y="88.0" />
  <Point X="187.0" Y="89.0" />
  <Point X="186.0" Y="89.0" />
  <Point X="184.0" Y="90.0" />
  <Point X="183.0" Y="91.0" />
  <Point X="182.0" Y="91.0" />
  <Point X="181.4834115620875" Y="91.0" />
  <Point X="181.0" Y="91.0" />
  <Point X="181.0" Y="92.0" />
  <Point X="180.0" Y="92.0" />
  <Point X="179.0" Y="93.0" />
  <Point X="178.0" Y="93.0" />
  <Point X="177.0" Y="94.0" />
  <Point X="176.0" Y="94.0" />
  <Point X="175.0" Y="95.0" />
  <Point X="174.0" Y="96.0" />
  <Point X="173.93911830934067" Y="96.0" />
  <Point X="173.0" Y="96.0" />
  <Point X="172.0" Y="97.0" />
  <Point X="171.0" Y="98.0" />
  <Point X="170.0" Y="98.0" />
  <Point X="169.0" Y="99.0" />
  <Point X="167.0" Y="100.0" />
  <Point X="166.0" Y="101.0" />
  <Point X="165.63089303409362" Y="101.0" />
  <Point X="165.0" Y="101.0" />
  <Point X="165.0" Y="102.0" />
  <Point X="164.0" Y="102.0" />
  <Point X="163.0" Y="103.0" />
  <Point X="162.0" Y="104.0" />
  <Point X="160.0" Y="104.0" />
  <Point X="160.0" Y="105.0" />
  <Point X="158.44206226203642" Y="105.77896886898179" />
  <Point X="158.0" Y="106.0" />
  <Point X="157.0" Y="106.0" />
  <Point X="156.0" Y="107.0" />
  <Point X="155.0" Y="107.0" />
  <Point X="154.0" Y="108.0" />
  <Point X="152.0" Y="109.0" />
  <Point X="151.0" Y="109.0" />
  <Point X="150.0" Y="110.0" />
  <Point X="149.7958933218346" Y="110.1020533390827" />
  <Point X="148.0" Y="111.0" />
  <Point X="147.0" Y="111.0" />
  <Point X="146.0" Y="112.0" />
  <Point X="144.0" Y="113.0" />
  <Point X="143.0" Y="114.0" />
  <Point X="141.0959589355656" Y="114.9520205322172" />
  <Point X="141.0" Y="115.0" />
  <Point X="139.0" Y="115.0" />
  <Point X="138.0" Y="115.0" />
  <Point X="137.0" Y="116.0" />
  <Point X="137.0" Y="117.0" />
  <Point X="136.0" Y="117.0" />
  <Point X="134.0" Y="117.0" />
  <Point X="132.60244789765466" Y="117.93170140156356" />
  <Point X="131.0" Y="119.0" />
  <Point X="129.0" Y="119.0" />
  <Point X="128.0" Y="120.0" />
  <Point X="127.0" Y="120.0" />
  <Point X="125.0" Y="121.0" />
  <Point X="124.0" Y="122.0" />
  <Point X="123.7892502870912" Y="122.0" />
  <Point X="123.0" Y="122.0" />
  <Point X="120.0" Y="122.0" />
  <Point X="119.0" Y="123.0" />
  <Point X="118.0" Y="123.0" />
  <Point X="116.0" Y="124.0" />
  <Point X="115.0" Y="124.0" />
  <Point X="114.31879023094217" Y="124.34060488452891" />
  <Point X="113.0" Y="125.0" />
  <Point X="112.0" Y="125.0" />
  <Point X="111.0" Y="126.0" />
  <Point X="109.0" Y="126.0" />
  <Point X="108.0" Y="126.0" />
  <Point X="107.0" Y="126.0" />
  <Point X="105.0" Y="127.0" />
  <Point X="104.94596738273854" Y="127.05403261726146" />
  <Point X="104.0" Y="128.0" />
  <Point X="103.0" Y="128.0" />
  <Point X="102.0" Y="128.0" />
  <Point X="101.0" Y="128.0" />
  <Point X="99.0" Y="129.0" />
  <Point X="98.0" Y="129.0" />
  <Point X="96.0" Y="129.0" />
  <Point X="96.0" Y="129.627279622508" />
  <Point X="96.0" Y="130.0" />
  <Point X="95.0" Y="130.0" />
  <Point X="94.0" Y="130.0" />
  <Point X="93.0" Y="131.0" />
  <Point X="92.0" Y="131.0" />
  <Point X="91.0" Y="132.0" />
  <Point X="90.0" Y="132.0" />
  <Point X="89.0" Y="132.0" />
  <Point X="89.0" Y="133.0" />
  <Point X="88.0" Y="133.0" />
</Project_1_Part_4>
