<?xml version="1.0" encoding="utf-8" standalone="yes"?>
<Gesture Name="triangle4" Subject="3" Number="3" NumPts="393">
  <Point X="211.0" Y="18.0" />
  <Point X="210.0" Y="18.0" />
  <Point X="209.0" Y="18.0" />
  <Point X="209.0" Y="19.0" />
  <Point X="208.0" Y="19.0" />
  <Point X="207.0" Y="20.0" />
  <Point X="206.0" Y="20.0" />
  <Point X="205.0" Y="20.0" />
  <Point X="204.54883127150526" Y="20.45116872849475" />
  <Point X="204.0" Y="21.0" />
  <Point X="197.5317341239342" Y="24.332136966458137" />
  <Point X="190.3734776423184" Y="28.01972363880568" />
  <Point X="183.21522116070258" Y="31.707310311153222" />
  <Point X="176.05696467908678" Y="35.394896983500765" />
  <Point X="168.89870819747097" Y="39.08248365584831" />
  <Point X="161.74045171585516" Y="42.77007032819585" />
  <Point X="154.58219523423935" Y="46.45765700054339" />
  <Point X="147.42393875262354" Y="50.14524367289093" />
  <Point X="140.26568227100773" Y="53.83283034523846" />
  <Point X="133.10742578939193" Y="57.520417017586" />
  <Point X="125.9491693077761" Y="61.208003689933534" />
  <Point X="118.79091282616028" Y="64.89559036228107" />
  <Point X="111.63265634454446" Y="68.5831770346286" />
  <Point X="105.0" Y="72.0" />
  <Point X="104.40875682743486" Y="72.0" />
  <Point X="104.0" Y="72.0" />
  <Point X="103.0" Y="72.0" />
  <Point X="102.0" Y="72.0" />
  <Point X="101.0" Y="72.0" />
  <Point X="100.0" Y="72.0" />
  <Point X="100.0" Y="73.0" />
  <Point X="100.0" Y="74.0" />
  <Point X="99.0" Y="74.0" />
  <Point X="98.35649433030586" Y="74.0" />
  <Point X="98.0" Y="74.0" />
  <Point X="98.0" Y="75.0" />
  <Point X="97.0" Y="75.0" />
  <Point X="97.0" Y="76.0" />
  <Point X="96.0" Y="76.0" />
  <Point X="96.0" Y="77.0" />
  <Point X="95.0" Y="78.0" />
  <Point X="94.09380404873254" Y="78.90619595126746" />
  <Point X="94.0" Y="79.0" />
  <Point X="94.0" Y="80.0" />
  <Point X="93.0" Y="80.0" />
  <Point X="93.0" Y="81.0" />
  <Point X="92.0" Y="82.0" />
  <Point X="91.0" Y="82.0" />
  <Point X="91.0" Y="83.0" />
  <Point X="90.0" Y="84.0" />
  <Point X="90.0" Y="84.09117641445974" />
  <Point X="90.0" Y="85.0" />
  <Point X="89.0" Y="86.0" />
  <Point X="88.0" Y="87.0" />
  <Point X="88.0" Y="88.0" />
  <Point X="88.0" Y="89.0" />
  <Point X="87.0" Y="89.0" />
  <Point X="87.0" Y="90.0" />
  <Point X="87.0" Y="90.31501178684255" />
  <Point X="87.0" Y="91.0" />
  <Point X="86.0" Y="92.0" />
  <Point X="86.0" Y="93.0" />
  <Point X="85.0" Y="94.0" />
  <Point X="84.0" Y="95.0" />
  <Point X="84.0" Y="96.0" />
  <Point X="83.49704856553166" Y="97.0059028689367" />
  <Point X="83.0" Y="98.0" />
  <Point X="83.0" Y="99.0" />
  <Point X="82.0" Y="100.0" />
  <Point X="81.0" Y="101.0" />
  <Point X="81.0" Y="103.0" />
  <Point X="80.21341371534535" Y="103.78658628465465" />
  <Point X="80.0" Y="104.0" />
  <Point X="80.0" Y="105.0" />
  <Point X="79.0" Y="106.0" />
  <Point X="79.0" Y="107.0" />
  <Point X="79.0" Y="108.0" />
  <Point X="78.0" Y="109.0" />
  <Point X="78.0" Y="110.0" />
  <Point X="77.58765886769869" Y="110.82468226460263" />
  <Point X="77.0" Y="112.0" />
  <Point X="77.0" Y="113.0" />
  <Point X="76.0" Y="114.0" />
  <Point X="75.0" Y="115.0" />
  <Point X="75.0" Y="116.0" />
  <Point X="75.0" Y="117.90979019662798" />
  <Point X="75.0" Y="118.0" />
  <Point X="74.0" Y="118.0" />
  <Point X="74.0" Y="119.0" />
  <Point X="73.0" Y="121.0" />
  <Point X="73.0" Y="122.0" />
  <Point X="72.0" Y="123.0" />
  <Point X="72.0" Y="124.0" />
  <Point X="72.0" Y="124.3117711538841" />
  <Point X="72.0" Y="125.0" />
  <Point X="71.0" Y="126.0" />
  <Point X="71.0" Y="127.0" />
  <Point X="71.0" Y="128.0" />
  <Point X="70.0" Y="129.0" />
  <Point X="70.0" Y="130.0" />
  <Point X="69.0" Y="130.0" />
  <Point X="69.0" Y="130.5356065262669" />
  <Point X="69.0" Y="131.0" />
  <Point X="68.0" Y="132.0" />
  <Point X="68.0" Y="133.0" />
  <Point X="68.0" Y="134.0" />
  <Point X="68.0" Y="135.0" />
  <Point X="67.0" Y="135.0" />
  <Point X="67.0" Y="136.0" />
  <Point X="66.17010026473416" Y="136.82989973526583" />
  <Point X="66.0" Y="137.0" />
  <Point X="66.0" Y="138.0" />
  <Point X="65.0" Y="139.0" />
  <Point X="65.0" Y="140.0" />
  <Point X="65.0" Y="141.0" />
  <Point X="64.0" Y="141.0" />
  <Point X="64.0" Y="142.0" />
  <Point X="64.0" Y="143.0" />
  <Point X="63.602509166594416" Y="143.0" />
  <Point X="63.0" Y="143.0" />
  <Point X="63.0" Y="144.0" />
  <Point X="62.0" Y="145.0" />
  <Point X="62.0" Y="146.0" />
  <Point X="61.0" Y="147.0" />
  <Point X="61.0" Y="148.0" />
  <Point X="61.0" Y="149.0" />
  <Point X="60.56065602655812" Y="149.43934397344188" />
  <Point X="60.0" Y="150.0" />
  <Point X="60.0" Y="151.0" />
  <Point X="60.0" Y="152.0" />
  <Point X="60.0" Y="153.0" />
  <Point X="61.0" Y="153.0" />
  <Point X="62.0" Y="153.0" />
  <Point X="63.0" Y="153.0" />
  <Point X="64.0" Y="153.0" />
  <Point X="64.2593751405443" Y="153.0" />
  <Point X="65.0" Y="153.0" />
  <Point X="66.0" Y="153.0" />
  <Point X="67.0" Y="153.0" />
  <Point X="68.0" Y="153.0" />
  <Point X="69.0" Y="153.0" />
  <Point X="70.0" Y="153.0" />
  <Point X="71.0" Y="153.0" />
  <Point X="72.0" Y="153.0" />
  <Point X="72.31163763767329" Y="153.0" />
  <Point X="73.0" Y="153.0" />
  <Point X="74.0" Y="153.0" />
  <Point X="75.0" Y="153.0" />
  <Point X="76.0" Y="153.0" />
  <Point X="77.0" Y="153.0" />
  <Point X="78.0" Y="153.0" />
  <Point X="79.0" Y="153.0" />
  <Point X="79.96442303417994" Y="152.03557696582007" />
  <Point X="80.0" Y="152.0" />
  <Point X="81.0" Y="152.0" />
  <Point X="82.0" Y="152.0" />
  <Point X="83.0" Y="152.0" />
  <Point X="85.0" Y="152.0" />
  <Point X="86.0" Y="152.0" />
  <Point X="88.0" Y="152.0" />
  <Point X="88.00194906955818" Y="152.0" />
  <Point X="89.0" Y="152.0" />
  <Point X="90.0" Y="152.0" />
  <Point X="91.0" Y="152.0" />
  <Point X="92.0" Y="152.0" />
  <Point X="94.0" Y="152.0" />
  <Point X="95.83734268131154" Y="151.08132865934422" />
  <Point X="96.0" Y="151.0" />
  <Point X="97.0" Y="151.0" />
  <Point X="99.0" Y="151.0" />
  <Point X="100.0" Y="151.0" />
  <Point X="101.0" Y="151.0" />
  <Point X="102.0" Y="150.0" />
  <Point X="103.45619252394329" Y="150.0" />
  <Point X="104.0" Y="150.0" />
  <Point X="105.0" Y="150.0" />
  <Point X="107.0" Y="150.0" />
  <Point X="108.0" Y="150.0" />
  <Point X="110.0" Y="150.0" />
  <Point X="111.0" Y="150.0" />
  <Point X="111.50845502107228" Y="150.0" />
  <Point X="112.0" Y="150.0" />
  <Point X="114.0" Y="150.0" />
  <Point X="115.0" Y="150.0" />
  <Point X="116.0" Y="149.0" />
  <Point X="117.0" Y="149.0" />
  <Point X="118.0" Y="149.0" />
  <Point X="119.0" Y="149.0" />
  <Point X="119.14650395582818" Y="149.0" />
  <Point X="121.0" Y="149.0" />
  <Point X="123.0" Y="148.0" />
  <Point X="124.0" Y="148.0" />
  <Point X="125.0" Y="148.0" />
  <Point X="126.96269847545739" Y="148.0" />
  <Point X="128.0" Y="148.0" />
  <Point X="129.0" Y="148.0" />
  <Point X="130.0" Y="148.0" />
  <Point X="131.0" Y="148.0" />
  <Point X="133.0" Y="148.0" />
  <Point X="134.0" Y="148.0" />
  <Point X="135.01496097258638" Y="148.0" />
  <Point X="136.0" Y="148.0" />
  <Point X="138.0" Y="148.0" />
  <Point X="140.0" Y="148.0" />
  <Point X="141.0" Y="148.0" />
  <Point X="142.0" Y="148.0" />
  <Point X="142.7546409524772" Y="147.2453590475228" />
  <Point X="143.0" Y="147.0" />
  <Point X="145.0" Y="147.0" />
  <Point X="146.0" Y="147.0" />
  <Point X="147.0" Y="147.0" />
  <Point X="149.0" Y="147.0" />
  <Point X="150.0" Y="147.0" />
  <Point X="150.7052724044713" Y="147.0" />
  <Point X="151.0" Y="147.0" />
  <Point X="152.0" Y="147.0" />
  <Point X="154.0" Y="147.0" />
  <Point X="154.0" Y="146.0" />
  <Point X="156.0" Y="146.0" />
  <Point X="157.0" Y="146.0" />
  <Point X="157.75753490160028" Y="146.0" />
  <Point X="158.0" Y="146.0" />
  <Point X="159.0" Y="146.0" />
  <Point X="160.0" Y="146.0" />
  <Point X="162.0" Y="146.0" />
  <Point X="163.0" Y="146.0" />
  <Point X="164.0" Y="146.0" />
  <Point X="165.0" Y="146.0" />
  <Point X="165.80979739872927" Y="146.0" />
  <Point X="167.0" Y="146.0" />
  <Point X="168.0" Y="146.0" />
  <Point X="169.0" Y="146.0" />
  <Point X="170.0" Y="146.0" />
  <Point X="171.0" Y="146.0" />
  <Point X="172.0" Y="146.0" />
  <Point X="173.0" Y="146.0" />
  <Point X="173.86205989585827" Y="146.0" />
  <Point X="174.0" Y="146.0" />
  <Point X="175.0" Y="146.0" />
  <Point X="176.0" Y="146.0" />
  <Point X="177.0" Y="146.0" />
  <Point X="178.0" Y="146.0" />
  <Point X="179.0" Y="146.0" />
  <Point X="181.0" Y="146.0" />
  <Point X="181.91432239298726" Y="146.0" />
  <Point X="182.0" Y="146.0" />
  <Point X="183.0" Y="146.0" />
  <Point X="184.0" Y="146.0" />
  <Point X="185.0" Y="146.0" />
  <Point X="186.0" Y="146.0" />
  <Point X="187.0" Y="146.0" />
  <Point X="188.0" Y="147.0" />
  <Point X="189.0" Y="147.0" />
  <Point X="189.55237132774315" Y="147.0" />
  <Point X="190.0" Y="147.0" />
  <Point X="191.0" Y="147.0" />
  <Point X="192.0" Y="147.0" />
  <Point X="193.0" Y="147.0" />
  <Point X="193.0" Y="146.0" />
  <Point X="193.0" Y="145.0" />
  <Point X="192.0" Y="145.0" />
  <Point X="192.0" Y="144.0" />
  <Point X="191.57245932229816" Y="143.57245932229816" />
  <Point X="191.0" Y="143.0" />
  <Point X="191.0" Y="142.0" />
  <Point X="190.0" Y="141.0" />
  <Point X="190.0" Y="140.0" />
  <Point X="189.0" Y="140.0" />
  <Point X="188.0" Y="140.0" />
  <Point X="188.0" Y="139.0" />
  <Point X="188.0" Y="138.17153080274508" />
  <Point X="188.0" Y="138.0" />
  <Point X="187.0" Y="138.0" />
  <Point X="187.0" Y="137.0" />
  <Point X="186.0" Y="137.0" />
  <Point X="186.0" Y="136.0" />
  <Point X="185.0" Y="136.0" />
  <Point X="184.0" Y="135.0" />
  <Point X="184.0" Y="134.0" />
  <Point X="183.67012186530866" Y="133.67012186530866" />
  <Point X="183.0" Y="133.0" />
  <Point X="182.0" Y="133.0" />
  <Point X="182.0" Y="132.0" />
  <Point X="180.0" Y="131.0" />
  <Point X="180.0" Y="130.0" />
  <Point X="179.0" Y="130.0" />
  <Point X="179.0" Y="129.13150091073305" />
  <Point X="179.0" Y="129.0" />
  <Point X="178.0" Y="129.0" />
  <Point X="177.0" Y="128.0" />
  <Point X="177.0" Y="127.0" />
  <Point X="176.0" Y="127.0" />
  <Point X="176.0" Y="126.0" />
  <Point X="175.0" Y="126.0" />
  <Point X="175.0" Y="125.0" />
  <Point X="174.5469296737667" Y="124.77346483688335" />
  <Point X="173.0" Y="124.0" />
  <Point X="173.0" Y="123.0" />
  <Point X="172.0" Y="123.0" />
  <Point X="172.0" Y="122.0" />
  <Point X="171.0" Y="122.0" />
  <Point X="170.0" Y="120.0" />
  <Point X="169.9224759112653" Y="119.96123795563265" />
  <Point X="168.0" Y="119.0" />
  <Point X="168.0" Y="118.0" />
  <Point X="167.0" Y="118.0" />
  <Point X="166.0" Y="117.0" />
  <Point X="165.0" Y="117.0" />
  <Point X="165.0" Y="115.51134447659165" />
  <Point X="165.0" Y="115.0" />
  <Point X="163.0" Y="115.0" />
  <Point X="163.0" Y="114.0" />
  <Point X="162.0" Y="113.0" />
  <Point X="161.0" Y="112.0" />
  <Point X="160.0" Y="112.0" />
  <Point X="159.4961928560524" Y="111.49619285605239" />
  <Point X="159.0" Y="111.0" />
  <Point X="158.0" Y="110.0" />
  <Point X="158.0" Y="109.0" />
  <Point X="157.0" Y="108.0" />
  <Point X="156.0" Y="108.0" />
  <Point X="155.0" Y="106.0" />
  <Point X="154.71395527169892" Y="106.0" />
  <Point X="154.0" Y="106.0" />
  <Point X="154.0" Y="105.0" />
  <Point X="153.0" Y="105.0" />
  <Point X="152.0" Y="104.0" />
  <Point X="151.0" Y="103.0" />
  <Point X="150.0" Y="102.0" />
  <Point X="149.22524676084126" Y="101.22524676084126" />
  <Point X="149.0" Y="101.0" />
  <Point X="148.0" Y="100.0" />
  <Point X="147.0" Y="100.0" />
  <Point X="146.0" Y="98.0" />
  <Point X="145.0" Y="97.0" />
  <Point X="144.0" Y="96.0" />
  <Point X="143.7449931915524" Y="96.0" />
  <Point X="143.0" Y="96.0" />
  <Point X="143.0" Y="95.0" />
  <Point X="142.0" Y="95.0" />
  <Point X="142.0" Y="94.0" />
  <Point X="140.0" Y="93.0" />
  <Point X="139.0" Y="92.0" />
  <Point X="138.53543949571431" Y="91.5354394957143" />
  <Point X="138.0" Y="91.0" />
  <Point X="137.0" Y="90.0" />
  <Point X="136.0" Y="90.0" />
  <Point X="135.0" Y="89.0" />
  <Point X="134.0" Y="88.0" />
  <Point X="133.0" Y="88.0" />
  <Point X="133.0" Y="87.0" />
  <Point X="132.9476039866597" Y="87.0" />
  <Point X="132.0" Y="87.0" />
  <Point X="131.0" Y="86.0" />
  <Point X="130.0" Y="85.0" />
  <Point X="129.0" Y="85.0" />
  <Point X="128.0" Y="85.0" />
  <Point X="128.0" Y="84.0" />
  <Point X="127.09756813279208" Y="83.09756813279208" />
  <Point X="127.0" Y="83.0" />
  <Point X="126.0" Y="83.0" />
  <Point X="126.0" Y="82.0" />
  <Point X="125.0" Y="82.0" />
  <Point X="124.0" Y="82.0" />
  <Point X="124.0" Y="81.0" />
  <Point X="123.0" Y="81.0" />
  <Point X="122.0" Y="80.0" />
  <Point X="121.64639940429733" Y="79.64639940429733" />
  <Point X="121.0" Y="79.0" />
  <Point X="120.0" Y="79.0" />
  <Point X="119.0" Y="78.0" />
  <Point X="118.0" Y="78.0" />
  <Point X="118.0" Y="77.0" />
  <Point X="117.0" Y="77.0" />
  <Point X="116.0" Y="77.0" />
  <Point X="116.0" Y="76.27609786951128" />
  <Point X="116.0" Y="76.0" />
  <Point X="115.0" Y="76.0" />
  <Point X="115.0" Y="75.0" />
  <Point X="114.0" Y="75.0" />
  <Point X="113.0" Y="74.0" />
  <Point X="112.0" Y="74.0" />
  <Point X="111.0" Y="73.0" />
  <Point X="110.05226249712847" Y="73.0" />
  <Point X="110.0" Y="73.0" />
  <Point X="110.0" Y="72.0" />
  <Point X="110.0" Y="71.0" />
  <Point X="109.0" Y="71.0" />
  <Point X="109.0" Y="70.0" />
  <Point X="109.0" Y="69.0" />
  <Point X="108.0" Y="69.0" />
  <Point X="107.0" Y="69.0" />
  <Point X="107.0" Y="68.0" />
</Project_1_Part_4>
