<?xml version="1.0" encoding="utf-8" standalone="yes"?>
<Gesture Name="triangle8" Subject="3" Number="3" NumPts="374">
  <Point X="127.0" Y="78.0" />
  <Point X="126.0" Y="78.0" />
  <Point X="125.0" Y="78.0" />
  <Point X="125.0" Y="79.0" />
  <Point X="124.0" Y="79.0" />
  <Point X="123.0" Y="80.0" />
  <Point X="122.63543703575871" Y="80.36456296424129" />
  <Point X="122.0" Y="81.0" />
  <Point X="121.0" Y="82.0" />
  <Point X="120.0" Y="83.0" />
  <Point X="119.0" Y="84.0" />
  <Point X="118.44244694677124" Y="84.55755305322876" />
  <Point X="118.0" Y="85.0" />
  <Point X="118.0" Y="86.0" />
  <Point X="117.0" Y="86.0" />
  <Point X="117.0" Y="87.0" />
  <Point X="116.0" Y="88.0" />
  <Point X="115.1101445843855" Y="88.0" />
  <Point X="115.0" Y="88.0" />
  <Point X="115.0" Y="89.0" />
  <Point X="114.0" Y="90.0" />
  <Point X="113.0" Y="91.0" />
  <Point X="113.0" Y="92.0" />
  <Point X="112.29910745591557" Y="92.70089254408443" />
  <Point X="111.0" Y="94.0" />
  <Point X="111.0" Y="95.0" />
  <Point X="110.0" Y="95.0" />
  <Point X="109.06417511065742" Y="96.87164977868518" />
  <Point X="109.0" Y="97.0" />
  <Point X="108.0" Y="98.0" />
  <Point X="107.0" Y="100.0" />
  <Point X="106.0" Y="100.0" />
  <Point X="106.0" Y="101.0" />
  <Point X="105.86399799902436" Y="101.0" />
  <Point X="105.0" Y="101.0" />
  <Point X="105.0" Y="102.0" />
  <Point X="104.0" Y="103.0" />
  <Point X="104.0" Y="104.0" />
  <Point X="103.0" Y="104.0" />
  <Point X="102.5392690986139" Y="104.4607309013861" />
  <Point X="102.0" Y="105.0" />
  <Point X="102.0" Y="107.0" />
  <Point X="101.0" Y="107.0" />
  <Point X="101.0" Y="108.0" />
  <Point X="100.17470613437261" Y="108.82529386562739" />
  <Point X="100.0" Y="109.0" />
  <Point X="99.0" Y="109.0" />
  <Point X="99.0" Y="110.0" />
  <Point X="98.0" Y="110.0" />
  <Point X="98.0" Y="111.0" />
  <Point X="97.0" Y="112.0" />
  <Point X="97.0" Y="112.26849810370945" />
  <Point X="97.0" Y="113.0" />
  <Point X="96.0" Y="114.0" />
  <Point X="95.0" Y="115.0" />
  <Point X="94.0" Y="115.0" />
  <Point X="94.0" Y="116.0" />
  <Point X="93.73847342470349" Y="116.26152657529651" />
  <Point X="93.0" Y="117.0" />
  <Point X="93.0" Y="118.0" />
  <Point X="92.0" Y="118.0" />
  <Point X="92.0" Y="119.0" />
  <Point X="91.0" Y="119.0" />
  <Point X="90.3739104604622" Y="119.6260895395378" />
  <Point X="90.0" Y="120.0" />
  <Point X="89.0" Y="121.0" />
  <Point X="88.0" Y="122.0" />
  <Point X="88.0" Y="123.0" />
  <Point X="87.0" Y="124.0" />
  <Point X="86.84164648067603" Y="124.0" />
  <Point X="86.0" Y="124.0" />
  <Point X="86.0" Y="126.0" />
  <Point X="85.0" Y="126.0" />
  <Point X="84.0" Y="127.0" />
  <Point X="83.52346418841998" Y="127.47653581158002" />
  <Point X="83.0" Y="128.0" />
  <Point X="83.0" Y="129.0" />
  <Point X="82.0" Y="129.0" />
  <Point X="82.0" Y="130.0" />
  <Point X="81.0" Y="131.0" />
  <Point X="81.0" Y="131.77527973368882" />
  <Point X="81.0" Y="132.0" />
  <Point X="80.0" Y="132.0" />
  <Point X="79.0" Y="133.0" />
  <Point X="79.0" Y="134.0" />
  <Point X="78.0" Y="134.0" />
  <Point X="78.0" Y="135.0" />
  <Point X="77.79433825993739" Y="135.2056617400626" />
  <Point X="77.0" Y="136.0" />
  <Point X="76.0" Y="137.0" />
  <Point X="76.0" Y="138.0" />
  <Point X="75.0" Y="138.0" />
  <Point X="75.0" Y="139.0" />
  <Point X="74.72266851450956" Y="139.27733148549044" />
  <Point X="74.0" Y="140.0" />
  <Point X="74.0" Y="141.0" />
  <Point X="73.0" Y="141.0" />
  <Point X="73.0" Y="142.0" />
  <Point X="72.0" Y="143.0" />
  <Point X="72.0" Y="143.4935622740495" />
  <Point X="72.0" Y="144.0" />
  <Point X="71.0" Y="144.0" />
  <Point X="71.0" Y="145.0" />
  <Point X="70.0" Y="146.0" />
  <Point X="70.0" Y="147.0" />
  <Point X="69.28643580484045" Y="147.71356419515956" />
  <Point X="69.0" Y="148.0" />
  <Point X="69.0" Y="149.0" />
  <Point X="69.0" Y="150.0" />
  <Point X="68.0" Y="150.0" />
  <Point X="68.0" Y="151.0" />
  <Point X="68.0" Y="152.0" />
  <Point X="67.47529794921255" Y="152.0" />
  <Point X="67.0" Y="152.0" />
  <Point X="67.0" Y="153.0" />
  <Point X="67.0" Y="154.0" />
  <Point X="66.0" Y="154.0" />
  <Point X="66.0" Y="155.0" />
  <Point X="66.0" Y="156.0" />
  <Point X="66.0" Y="156.45448550152952" />
  <Point X="66.0" Y="157.0" />
  <Point X="65.0" Y="157.0" />
  <Point X="65.0" Y="158.0" />
  <Point X="65.0" Y="159.0" />
  <Point X="65.0" Y="160.0" />
  <Point X="65.0" Y="161.0" />
  <Point X="65.0" Y="161.38426895227158" />
  <Point X="65.0" Y="162.0" />
  <Point X="65.0" Y="163.0" />
  <Point X="65.0" Y="164.0" />
  <Point X="65.0" Y="165.0" />
  <Point X="66.0" Y="165.0" />
  <Point X="67.0" Y="165.0" />
  <Point X="67.31405240301365" Y="165.0" />
  <Point X="68.0" Y="165.0" />
  <Point X="69.0" Y="165.0" />
  <Point X="70.0" Y="165.0" />
  <Point X="71.0" Y="165.0" />
  <Point X="72.0" Y="165.0" />
  <Point X="73.0" Y="165.0" />
  <Point X="73.24383585375571" Y="165.0" />
  <Point X="74.0" Y="165.0" />
  <Point X="75.0" Y="165.0" />
  <Point X="76.0" Y="165.0" />
  <Point X="77.0" Y="165.0" />
  <Point X="78.0" Y="165.0" />
  <Point X="79.0" Y="165.0" />
  <Point X="79.17361930449778" Y="165.0" />
  <Point X="80.0" Y="165.0" />
  <Point X="81.0" Y="165.0" />
  <Point X="83.0" Y="165.0" />
  <Point X="84.0" Y="165.0" />
  <Point X="85.0" Y="165.0" />
  <Point X="85.10340275523984" Y="165.0" />
  <Point X="87.0" Y="165.0" />
  <Point X="88.0" Y="165.0" />
  <Point X="89.0" Y="165.0" />
  <Point X="91.0" Y="165.0" />
  <Point X="91.0331862059819" Y="165.0" />
  <Point X="92.0" Y="165.0" />
  <Point X="93.0" Y="165.0" />
  <Point X="94.0" Y="165.0" />
  <Point X="95.0" Y="165.0" />
  <Point X="96.0" Y="165.0" />
  <Point X="96.96296965672397" Y="165.0" />
  <Point X="98.0" Y="165.0" />
  <Point X="100.0" Y="165.0" />
  <Point X="101.0" Y="165.0" />
  <Point X="102.89275310746604" Y="165.0" />
  <Point X="103.0" Y="165.0" />
  <Point X="104.0" Y="165.0" />
  <Point X="105.0" Y="165.0" />
  <Point X="107.0" Y="165.0" />
  <Point X="108.0" Y="165.0" />
  <Point X="108.8225365582081" Y="165.0" />
  <Point X="110.0" Y="165.0" />
  <Point X="111.0" Y="165.0" />
  <Point X="113.0" Y="165.0" />
  <Point X="114.0" Y="165.0" />
  <Point X="114.75232000895016" Y="165.0" />
  <Point X="115.0" Y="165.0" />
  <Point X="117.0" Y="165.0" />
  <Point X="119.0" Y="165.0" />
  <Point X="120.0" Y="165.0" />
  <Point X="120.68210345969223" Y="165.0" />
  <Point X="121.0" Y="165.0" />
  <Point X="123.0" Y="165.0" />
  <Point X="124.0" Y="165.0" />
  <Point X="125.0" Y="165.0" />
  <Point X="126.6118869104343" Y="165.0" />
  <Point X="127.0" Y="165.0" />
  <Point X="129.0" Y="165.0" />
  <Point X="130.0" Y="165.0" />
  <Point X="132.0" Y="165.0" />
  <Point X="132.54167036117636" Y="165.0" />
  <Point X="133.0" Y="165.0" />
  <Point X="134.0" Y="165.0" />
  <Point X="136.0" Y="165.0" />
  <Point X="137.0" Y="165.0" />
  <Point X="138.47145381191842" Y="165.0" />
  <Point X="139.0" Y="165.0" />
  <Point X="140.0" Y="165.0" />
  <Point X="142.0" Y="165.0" />
  <Point X="143.0" Y="165.0" />
  <Point X="144.0" Y="165.0" />
  <Point X="144.4012372626605" Y="165.0" />
  <Point X="145.0" Y="165.0" />
  <Point X="147.0" Y="165.0" />
  <Point X="148.0" Y="165.0" />
  <Point X="150.0" Y="165.0" />
  <Point X="150.33102071340255" Y="165.0" />
  <Point X="151.0" Y="165.0" />
  <Point X="153.0" Y="165.0" />
  <Point X="154.0" Y="165.0" />
  <Point X="156.0" Y="165.0" />
  <Point X="156.26080416414462" Y="165.0" />
  <Point X="157.0" Y="165.0" />
  <Point X="158.0" Y="165.0" />
  <Point X="160.0" Y="165.0" />
  <Point X="161.0" Y="165.0" />
  <Point X="162.0" Y="165.0" />
  <Point X="162.19058761488668" Y="165.0" />
  <Point X="163.0" Y="165.0" />
  <Point X="165.0" Y="165.0" />
  <Point X="166.0" Y="165.0" />
  <Point X="167.0" Y="165.0" />
  <Point X="168.0" Y="165.0" />
  <Point X="168.12037106562875" Y="165.0" />
  <Point X="169.0" Y="165.0" />
  <Point X="170.0" Y="165.0" />
  <Point X="171.0" Y="165.0" />
  <Point X="172.0" Y="165.0" />
  <Point X="173.0" Y="165.0" />
  <Point X="174.0" Y="165.0" />
  <Point X="174.0" Y="165.0501545163708" />
  <Point X="174.0" Y="166.0" />
  <Point X="175.0" Y="166.0" />
  <Point X="176.0" Y="166.0" />
  <Point X="177.0" Y="166.0" />
  <Point X="176.0" Y="165.0" />
  <Point X="176.0" Y="164.43427559526023" />
  <Point X="176.0" Y="164.0" />
  <Point X="176.0" Y="163.0" />
  <Point X="176.0" Y="162.0" />
  <Point X="175.0" Y="162.0" />
  <Point X="175.0" Y="161.0" />
  <Point X="175.0" Y="160.0" />
  <Point X="174.6496230352576" Y="159.6496230352576" />
  <Point X="174.0" Y="159.0" />
  <Point X="174.0" Y="158.0" />
  <Point X="173.0" Y="157.0" />
  <Point X="172.0" Y="157.0" />
  <Point X="172.0" Y="156.0" />
  <Point X="172.0" Y="155.40313581852232" />
  <Point X="172.0" Y="155.0" />
  <Point X="171.0" Y="155.0" />
  <Point X="171.0" Y="154.0" />
  <Point X="171.0" Y="153.0" />
  <Point X="170.0" Y="153.0" />
  <Point X="170.0" Y="152.0" />
  <Point X="170.0" Y="151.47335236778025" />
  <Point X="170.0" Y="151.0" />
  <Point X="169.0" Y="151.0" />
  <Point X="168.0" Y="150.0" />
  <Point X="168.0" Y="149.0" />
  <Point X="167.0" Y="149.0" />
  <Point X="167.0" Y="148.0" />
  <Point X="167.0" Y="147.9577824794113" />
  <Point X="167.0" Y="147.0" />
  <Point X="166.0" Y="146.0" />
  <Point X="165.0" Y="145.0" />
  <Point X="164.0" Y="144.0" />
  <Point X="164.0" Y="143.27063971578852" />
  <Point X="164.0" Y="143.0" />
  <Point X="163.0" Y="142.0" />
  <Point X="163.0" Y="141.0" />
  <Point X="162.0" Y="141.0" />
  <Point X="162.0" Y="140.0" />
  <Point X="161.11970143286462" Y="139.11970143286462" />
  <Point X="161.0" Y="139.0" />
  <Point X="160.0" Y="139.0" />
  <Point X="160.0" Y="138.0" />
  <Point X="159.0" Y="137.0" />
  <Point X="159.0" Y="136.0" />
  <Point X="158.0" Y="136.0" />
  <Point X="158.0" Y="135.65371350142365" />
  <Point X="158.0" Y="135.0" />
  <Point X="157.0" Y="135.0" />
  <Point X="156.0" Y="133.0" />
  <Point X="155.0" Y="132.0" />
  <Point X="154.72013891538967" Y="131.44027783077934" />
  <Point X="154.0" Y="130.0" />
  <Point X="153.0" Y="129.0" />
  <Point X="152.0" Y="128.0" />
  <Point X="151.0" Y="127.0" />
  <Point X="150.94564951318984" Y="126.94564951318984" />
  <Point X="150.0" Y="126.0" />
  <Point X="150.0" Y="125.0" />
  <Point X="149.0" Y="124.0" />
  <Point X="148.025870615973" Y="122.05174123194598" />
  <Point X="148.0" Y="122.0" />
  <Point X="147.0" Y="122.0" />
  <Point X="147.0" Y="121.0" />
  <Point X="146.0" Y="120.0" />
  <Point X="145.0" Y="119.0" />
  <Point X="144.26212850885872" Y="118.26212850885871" />
  <Point X="144.0" Y="118.0" />
  <Point X="144.0" Y="117.0" />
  <Point X="143.0" Y="116.0" />
  <Point X="142.0" Y="114.0" />
  <Point X="141.35738403114198" Y="113.35738403114198" />
  <Point X="141.0" Y="113.0" />
  <Point X="140.0" Y="112.0" />
  <Point X="140.0" Y="111.0" />
  <Point X="139.0" Y="111.0" />
  <Point X="139.0" Y="110.0" />
  <Point X="138.28571428571414" Y="109.28571428571414" />
  <Point X="138.0" Y="109.0" />
  <Point X="137.0" Y="108.0" />
  <Point X="136.0" Y="107.0" />
  <Point X="135.0" Y="105.0" />
  <Point X="134.5387726693246" Y="105.0" />
  <Point X="134.0" Y="105.0" />
  <Point X="134.0" Y="104.0" />
  <Point X="133.0" Y="103.0" />
  <Point X="133.0" Y="102.0" />
  <Point X="132.0" Y="102.0" />
  <Point X="132.0" Y="101.02320278095563" />
  <Point X="132.0" Y="101.0" />
  <Point X="131.0" Y="100.0" />
  <Point X="130.0" Y="99.0" />
  <Point X="130.0" Y="98.0" />
  <Point X="129.0" Y="97.0" />
  <Point X="129.0" Y="96.33606001733285" />
  <Point X="129.0" Y="96.0" />
  <Point X="128.0" Y="96.0" />
  <Point X="128.0" Y="95.0" />
  <Point X="127.0" Y="94.0" />
  <Point X="126.0" Y="93.0" />
  <Point X="126.0" Y="92.23470369133699" />
  <Point X="126.0" Y="92.0" />
  <Point X="125.0" Y="92.0" />
  <Point X="125.0" Y="91.0" />
  <Point X="125.0" Y="90.0" />
  <Point X="124.0" Y="90.0" />
  <Point X="124.0" Y="89.0" />
  <Point X="124.0" Y="88.30492024059492" />
  <Point X="124.0" Y="88.0" />
  <Point X="124.0" Y="87.0" />
  <Point X="123.0" Y="87.0" />
  <Point X="122.0" Y="86.0" />
  <Point X="122.0" Y="85.0" />
  <Point X="122.0" Y="84.0" />
  <Point X="121.78935035222595" Y="84.0" />
  <Point X="121.0" Y="84.0" />
  <Point X="121.0" Y="83.0" />
  <Point X="121.0" Y="82.0" />
  <Point X="121.0" Y="81.0" />
  <Point X="120.0" Y="81.0" />
  <Point X="120.0" Y="80.0" />
  <Point X="120.0" Y="79.85956690148389" />
  <Point X="120.0" Y="79.0" />
  <Point X="120.0" Y="78.0" />
  <Point X="119.0" Y="78.0" />
  <Point X="119.0" Y="77.0" />
  <Point X="118.0" Y="77.0" />
  <Point X="118.0" Y="76.0" />
  <Point X="118.0" Y="75.92978345074182" />
  <Point X="118.0" Y="75.0" />
  <Point X="118.0" Y="74.0" />
  <Point X="118.0" Y="73.0" />
  <Point X="117.0" Y="73.0" />
  <Point X="117.0" Y="72.0" />
  <Point X="117.0" Y="71.0" />
</Project_1_Part_4>
