<?xml version="1.0" encoding="utf-8" standalone="yes"?>
<Gesture Name="v4" Subject="3" Number="3" NumPts="231">
  <Point X="61.0" Y="119.0" />
  <Point X="61.0" Y="120.0" />
  <Point X="61.0" Y="121.0" />
  <Point X="61.0" Y="122.0" />
  <Point X="61.0" Y="122.12643225763594" />
  <Point X="61.0" Y="123.0" />
  <Point X="61.0" Y="124.0" />
  <Point X="61.0" Y="125.0" />
  <Point X="61.0" Y="125.25286451527188" />
  <Point X="61.0" Y="126.0" />
  <Point X="61.0" Y="127.0" />
  <Point X="61.0" Y="128.0" />
  <Point X="61.0" Y="128.37929677290782" />
  <Point X="61.0" Y="129.0" />
  <Point X="62.0" Y="130.0" />
  <Point X="62.0" Y="131.0" />
  <Point X="62.0" Y="131.09151546817066" />
  <Point X="62.0" Y="132.0" />
  <Point X="62.99189637708892" Y="133.98379275417784" />
  <Point X="63.0" Y="134.0" />
  <Point X="63.0" Y="135.0" />
  <Point X="64.0" Y="135.0" />
  <Point X="64.0" Y="136.10831200594274" />
  <Point X="64.0" Y="137.0" />
  <Point X="64.99940801713792" Y="138.99881603427585" />
  <Point X="65.0" Y="139.0" />
  <Point X="66.0" Y="140.0" />
  <Point X="66.0" Y="141.0" />
  <Point X="66.50267866201821" Y="141.5026786620182" />
  <Point X="67.0" Y="142.0" />
  <Point X="67.0" Y="143.0" />
  <Point X="68.0" Y="144.0" />
  <Point X="68.0062933311264" Y="144.00629333112641" />
  <Point X="69.0" Y="145.0" />
  <Point X="69.0" Y="146.0" />
  <Point X="69.5099080002346" Y="146.5099080002346" />
  <Point X="70.0" Y="147.0" />
  <Point X="70.0" Y="148.0" />
  <Point X="71.0" Y="149.0" />
  <Point X="71.0" Y="149.01912394238406" />
  <Point X="71.0" Y="150.0" />
  <Point X="72.0" Y="151.0" />
  <Point X="72.0" Y="151.7313426376469" />
  <Point X="72.0" Y="152.0" />
  <Point X="73.0" Y="153.0" />
  <Point X="73.0" Y="154.0" />
  <Point X="73.31364522637261" Y="154.3136452263726" />
  <Point X="74.0" Y="155.0" />
  <Point X="74.0" Y="156.0" />
  <Point X="74.8172598954808" Y="156.81725989548082" />
  <Point X="75.0" Y="157.0" />
  <Point X="76.0" Y="158.0" />
  <Point X="76.0" Y="159.0" />
  <Point X="76.320874564589" Y="159.320874564589" />
  <Point X="77.0" Y="160.0" />
  <Point X="77.0" Y="161.0" />
  <Point X="78.0" Y="161.0" />
  <Point X="78.0" Y="161.16600385632518" />
  <Point X="78.0" Y="162.0" />
  <Point X="79.0" Y="163.0" />
  <Point X="79.0" Y="163.878222551588" />
  <Point X="79.0" Y="164.0" />
  <Point X="80.0" Y="164.0" />
  <Point X="80.0" Y="165.0" />
  <Point X="81.0" Y="165.0" />
  <Point X="81.0" Y="165.00465480922395" />
  <Point X="81.0" Y="166.0" />
  <Point X="82.0" Y="166.0" />
  <Point X="82.0" Y="167.0" />
  <Point X="82.09269255390248" Y="167.09269255390248" />
  <Point X="83.0" Y="168.0" />
  <Point X="84.0" Y="169.0" />
  <Point X="84.0" Y="169.42909219974965" />
  <Point X="84.0" Y="170.0" />
  <Point X="85.0" Y="170.0" />
  <Point X="85.0" Y="171.0" />
  <Point X="85.55552445738559" Y="171.0" />
  <Point X="86.0" Y="171.0" />
  <Point X="86.0" Y="172.0" />
  <Point X="87.0" Y="173.0" />
  <Point X="87.26774315264844" Y="173.0" />
  <Point X="88.0" Y="173.0" />
  <Point X="88.0" Y="174.0" />
  <Point X="89.0" Y="174.0" />
  <Point X="89.0" Y="174.39417541028436" />
  <Point X="89.0" Y="175.0" />
  <Point X="90.0" Y="176.0" />
  <Point X="90.0" Y="177.0" />
  <Point X="90.10639410554721" Y="177.0" />
  <Point X="91.0" Y="177.0" />
  <Point X="91.0" Y="178.0" />
  <Point X="92.0" Y="178.0" />
  <Point X="92.0" Y="178.23282636318314" />
  <Point X="92.0" Y="179.0" />
  <Point X="93.0" Y="179.0" />
  <Point X="93.0" Y="180.0" />
  <Point X="93.0" Y="180.35925862081908" />
  <Point X="93.0" Y="181.0" />
  <Point X="94.0" Y="181.0" />
  <Point X="94.0" Y="182.0" />
  <Point X="94.48569087845502" Y="182.0" />
  <Point X="95.0" Y="182.0" />
  <Point X="95.0" Y="183.0" />
  <Point X="95.0" Y="184.0" />
  <Point X="95.61212313609096" Y="184.0" />
  <Point X="96.0" Y="184.0" />
  <Point X="96.0" Y="185.0" />
  <Point X="97.0" Y="185.0" />
  <Point X="97.0" Y="185.7385553937269" />
  <Point X="97.0" Y="186.0" />
  <Point X="98.0" Y="186.0" />
  <Point X="98.0" Y="187.0" />
  <Point X="98.0" Y="187.86498765136284" />
  <Point X="98.0" Y="188.0" />
  <Point X="98.0" Y="189.0" />
  <Point X="99.0" Y="189.0" />
  <Point X="99.0" Y="188.00858009100122" />
  <Point X="99.0" Y="188.0" />
  <Point X="99.0" Y="187.0" />
  <Point X="99.0" Y="186.0" />
  <Point X="99.0" Y="185.0" />
  <Point X="99.0" Y="184.88214783336528" />
  <Point X="99.0" Y="184.0" />
  <Point X="99.0" Y="183.0" />
  <Point X="99.0" Y="182.0" />
  <Point X="99.0" Y="181.75571557572934" />
  <Point X="99.0" Y="180.0" />
  <Point X="99.0" Y="179.0" />
  <Point X="99.26213627967513" Y="178.73786372032487" />
  <Point X="100.0" Y="178.0" />
  <Point X="100.0" Y="177.0" />
  <Point X="100.0" Y="176.0" />
  <Point X="100.0" Y="175.91706462283057" />
  <Point X="100.0" Y="175.0" />
  <Point X="100.98805924374255" Y="173.0238815125149" />
  <Point X="101.0" Y="173.0" />
  <Point X="101.0" Y="172.0" />
  <Point X="101.0" Y="171.0" />
  <Point X="101.0" Y="170.0" />
  <Point X="101.0" Y="169.90026808505846" />
  <Point X="101.0" Y="169.0" />
  <Point X="101.0" Y="168.0" />
  <Point X="101.0" Y="167.0" />
  <Point X="101.0" Y="166.77383582742252" />
  <Point X="101.0" Y="166.0" />
  <Point X="102.0" Y="166.0" />
  <Point X="102.0" Y="165.0" />
  <Point X="102.0" Y="164.64740356978658" />
  <Point X="102.0" Y="164.0" />
  <Point X="102.0" Y="163.0" />
  <Point X="102.0" Y="162.0" />
  <Point X="102.33872443356118" Y="161.66127556643883" />
  <Point X="103.0" Y="161.0" />
  <Point X="103.0" Y="160.0" />
  <Point X="103.0" Y="159.0" />
  <Point X="103.13523232148282" Y="158.86476767851718" />
  <Point X="104.0" Y="158.0" />
  <Point X="104.0" Y="157.0" />
  <Point X="104.0" Y="156.09653392162497" />
  <Point X="104.0" Y="156.0" />
  <Point X="105.0" Y="154.0" />
  <Point X="105.3550117288468" Y="153.2899765423064" />
  <Point X="106.0" Y="152.0" />
  <Point X="106.0" Y="151.0" />
  <Point X="106.0" Y="150.31580536135266" />
  <Point X="106.0" Y="150.0" />
  <Point X="107.0" Y="149.0" />
  <Point X="107.0" Y="148.0" />
  <Point X="107.0" Y="147.60358666608983" />
  <Point X="107.0" Y="147.0" />
  <Point X="108.0" Y="146.0" />
  <Point X="108.78392122566885" Y="145.21607877433115" />
  <Point X="109.0" Y="145.0" />
  <Point X="109.0" Y="144.0" />
  <Point X="109.0" Y="143.0" />
  <Point X="109.5804291135905" Y="142.4195708864095" />
  <Point X="110.0" Y="142.0" />
  <Point X="110.0" Y="141.0" />
  <Point X="110.6856094873345" Y="139.628781025331" />
  <Point X="111.0" Y="139.0" />
  <Point X="112.0" Y="138.0" />
  <Point X="112.45133696632524" Y="137.0973260673495" />
  <Point X="113.0" Y="136.0" />
  <Point X="113.84951997734966" Y="134.30096004530068" />
  <Point X="114.0" Y="134.0" />
  <Point X="114.0" Y="133.0" />
  <Point X="115.0" Y="133.0" />
  <Point X="115.0" Y="132.21005130226592" />
  <Point X="115.0" Y="131.0" />
  <Point X="116.0" Y="131.0" />
  <Point X="116.64797918769234" Y="130.35202081230764" />
  <Point X="117.0" Y="130.0" />
  <Point X="117.0" Y="128.0" />
  <Point X="117.62859965063286" Y="128.0" />
  <Point X="118.0" Y="128.0" />
  <Point X="118.0" Y="127.0" />
  <Point X="118.0" Y="126.0" />
  <Point X="118.53388818234909" Y="125.46611181765091" />
  <Point X="120.0" Y="124.0" />
  <Point X="120.0" Y="123.0" />
  <Point X="120.05303704115855" Y="123.0" />
  <Point X="121.0" Y="123.0" />
  <Point X="121.97468830139566" Y="121.0506233972087" />
  <Point X="122.0" Y="121.0" />
  <Point X="123.0" Y="120.0" />
  <Point X="123.0" Y="119.0" />
  <Point X="123.65562001655753" Y="119.0" />
  <Point X="124.0" Y="119.0" />
  <Point X="124.0" Y="118.0" />
  <Point X="124.0" Y="117.0" />
  <Point X="124.78205227419348" Y="117.0" />
  <Point X="125.0" Y="117.0" />
  <Point X="125.0" Y="116.0" />
  <Point X="126.0" Y="116.0" />
  <Point X="126.0" Y="115.09151546817058" />
  <Point X="126.0" Y="115.0" />
  <Point X="127.0" Y="115.0" />
  <Point X="127.0" Y="114.0" />
  <Point X="127.0" Y="113.0" />
  <Point X="127.02468989860822" Y="112.97531010139178" />
  <Point X="128.0" Y="112.0" />
  <Point X="128.0" Y="111.0" />
  <Point X="128.7471354847282" Y="111.0" />
  <Point X="129.0" Y="111.0" />
  <Point X="129.0" Y="110.0" />
  <Point X="129.0" Y="109.0" />
  <Point X="129.87356774236414" Y="109.0" />
  <Point X="130.0" Y="109.0" />
  <Point X="130.0" Y="108.0" />
  <Point X="130.0" Y="107.0" />
  <Point X="131.0" Y="107.0" />
</Project_1_Part_4>
