<?xml version="1.0" encoding="utf-8" standalone="yes"?>
<Gesture Name="v7" Subject="3" Number="3" NumPts="222">
  <Point X="75.0" Y="92.0" />
  <Point X="75.0" Y="93.0" />
  <Point X="75.0" Y="94.0" />
  <Point X="75.0" Y="94.84135905713016" />
  <Point X="75.0" Y="95.0" />
  <Point X="76.0" Y="96.0" />
  <Point X="76.0" Y="97.0" />
  <Point X="76.0" Y="97.26850455188723" />
  <Point X="76.0" Y="98.0" />
  <Point X="76.0" Y="99.0" />
  <Point X="76.0" Y="100.0" />
  <Point X="76.0" Y="100.1098636090174" />
  <Point X="76.0" Y="101.0" />
  <Point X="76.0" Y="102.0" />
  <Point X="76.0" Y="102.95122266614756" />
  <Point X="76.0" Y="103.0" />
  <Point X="76.0" Y="104.0" />
  <Point X="76.0" Y="105.0" />
  <Point X="76.0" Y="105.79258172327772" />
  <Point X="76.0" Y="106.0" />
  <Point X="77.0" Y="106.0" />
  <Point X="77.0" Y="107.63394078040788" />
  <Point X="77.0" Y="108.0" />
  <Point X="77.0" Y="109.0" />
  <Point X="77.0" Y="110.0" />
  <Point X="77.33608773822002" Y="110.33608773822002" />
  <Point X="78.0" Y="111.0" />
  <Point X="78.0" Y="112.0" />
  <Point X="78.0" Y="112.90244533229512" />
  <Point X="78.0" Y="114.0" />
  <Point X="78.0" Y="115.0" />
  <Point X="78.0" Y="115.74380438942528" />
  <Point X="78.0" Y="116.0" />
  <Point X="78.0" Y="117.0" />
  <Point X="78.0" Y="118.0" />
  <Point X="78.58516344655544" Y="118.0" />
  <Point X="79.0" Y="118.0" />
  <Point X="79.0" Y="119.0" />
  <Point X="79.0" Y="120.4265225036856" />
  <Point X="79.0" Y="121.0" />
  <Point X="79.0" Y="122.0" />
  <Point X="79.0" Y="123.0" />
  <Point X="79.0" Y="123.26788156081577" />
  <Point X="79.0" Y="125.0" />
  <Point X="79.0" Y="126.0" />
  <Point X="79.07724478173057" Y="126.07724478173057" />
  <Point X="80.0" Y="127.0" />
  <Point X="80.0" Y="128.0" />
  <Point X="80.0" Y="128.53638611270298" />
  <Point X="80.0" Y="129.0" />
  <Point X="81.0" Y="130.0" />
  <Point X="81.0" Y="130.96353160746006" />
  <Point X="81.0" Y="131.0" />
  <Point X="81.0" Y="132.0" />
  <Point X="81.0" Y="133.0" />
  <Point X="81.0" Y="133.80489066459023" />
  <Point X="81.0" Y="134.0" />
  <Point X="81.0" Y="135.0" />
  <Point X="81.0" Y="136.0" />
  <Point X="81.6462497217204" Y="136.0" />
  <Point X="82.0" Y="136.0" />
  <Point X="82.0" Y="137.0" />
  <Point X="82.0" Y="138.0" />
  <Point X="82.0" Y="138.48760877885056" />
  <Point X="82.0" Y="139.0" />
  <Point X="82.0" Y="140.0" />
  <Point X="82.0" Y="141.0" />
  <Point X="82.23261538761423" Y="141.23261538761423" />
  <Point X="83.0" Y="142.0" />
  <Point X="83.0" Y="143.0" />
  <Point X="83.75611333073779" Y="143.0" />
  <Point X="84.0" Y="143.0" />
  <Point X="84.0" Y="145.0" />
  <Point X="84.0" Y="145.59747238786795" />
  <Point X="84.0" Y="146.0" />
  <Point X="84.0" Y="147.0" />
  <Point X="85.0" Y="148.0" />
  <Point X="85.0" Y="148.02461788262502" />
  <Point X="85.0" Y="150.0" />
  <Point X="85.0" Y="150.8659769397552" />
  <Point X="85.0" Y="151.0" />
  <Point X="86.0" Y="151.0" />
  <Point X="86.0" Y="152.0" />
  <Point X="86.50016207997498" Y="152.50016207997498" />
  <Point X="87.0" Y="153.0" />
  <Point X="87.0" Y="154.0" />
  <Point X="87.0" Y="155.0" />
  <Point X="87.09509277468445" Y="155.09509277468445" />
  <Point X="88.0" Y="156.0" />
  <Point X="88.0" Y="157.0" />
  <Point X="88.39713025058045" Y="157.39713025058046" />
  <Point X="89.0" Y="158.0" />
  <Point X="89.0" Y="159.0" />
  <Point X="89.44219249642944" Y="159.88438499285888" />
  <Point X="90.0" Y="161.0" />
  <Point X="91.0" Y="162.0" />
  <Point X="91.0" Y="162.17984999841386" />
  <Point X="91.0" Y="163.0" />
  <Point X="92.0" Y="164.0" />
  <Point X="92.0" Y="164.60699549317093" />
  <Point X="92.0" Y="165.0" />
  <Point X="93.0" Y="166.0" />
  <Point X="94.0" Y="166.0" />
  <Point X="94.0" Y="166.034140987928" />
  <Point X="94.0" Y="167.0" />
  <Point X="94.0" Y="168.0" />
  <Point X="94.87550004505816" Y="168.0" />
  <Point X="95.0" Y="168.0" />
  <Point X="95.0" Y="169.0" />
  <Point X="96.0" Y="170.0" />
  <Point X="96.0" Y="170.30264553981522" />
  <Point X="96.0" Y="171.0" />
  <Point X="97.0" Y="172.0" />
  <Point X="97.0" Y="172.7297910345723" />
  <Point X="97.0" Y="173.0" />
  <Point X="98.0" Y="173.0" />
  <Point X="98.0" Y="174.0" />
  <Point X="98.57115009170245" Y="174.0" />
  <Point X="99.0" Y="174.0" />
  <Point X="99.0" Y="175.0" />
  <Point X="99.99879479762758" Y="175.99879479762757" />
  <Point X="100.0" Y="176.0" />
  <Point X="100.0" Y="177.0" />
  <Point X="101.0" Y="177.0" />
  <Point X="101.0" Y="177.83965464358968" />
  <Point X="101.0" Y="178.0" />
  <Point X="102.0" Y="179.0" />
  <Point X="102.0" Y="180.0" />
  <Point X="102.26680013834675" Y="180.0" />
  <Point X="103.0" Y="180.0" />
  <Point X="103.0" Y="181.0" />
  <Point X="104.0" Y="181.0" />
  <Point X="104.0" Y="181.10815919547693" />
  <Point X="104.0" Y="182.0" />
  <Point X="104.0" Y="183.0" />
  <Point X="104.94951825260709" Y="183.0" />
  <Point X="105.0" Y="183.0" />
  <Point X="105.0" Y="184.0" />
  <Point X="105.0" Y="183.0" />
  <Point X="105.79087730973725" Y="183.0" />
  <Point X="106.0" Y="183.0" />
  <Point X="106.0" Y="182.0" />
  <Point X="106.0" Y="181.0" />
  <Point X="106.4470586223247" Y="180.5529413776753" />
  <Point X="107.0" Y="180.0" />
  <Point X="107.0" Y="179.0" />
  <Point X="107.0" Y="178.0" />
  <Point X="107.0" Y="177.9406181383755" />
  <Point X="107.0" Y="177.0" />
  <Point X="107.0" Y="176.0" />
  <Point X="107.90074091875466" Y="176.0" />
  <Point X="108.0" Y="176.0" />
  <Point X="108.0" Y="175.0" />
  <Point X="108.0" Y="174.0" />
  <Point X="108.0" Y="173.25790002411517" />
  <Point X="108.0" Y="173.0" />
  <Point X="109.0" Y="172.0" />
  <Point X="109.0" Y="171.0" />
  <Point X="109.0" Y="170.8307545293581" />
  <Point X="109.0" Y="170.0" />
  <Point X="109.0" Y="169.0" />
  <Point X="110.0" Y="169.0" />
  <Point X="110.0" Y="168.98939547222793" />
  <Point X="110.0" Y="168.0" />
  <Point X="110.0" Y="167.0" />
  <Point X="110.60242922820838" Y="166.39757077179164" />
  <Point X="111.0" Y="166.0" />
  <Point X="111.0" Y="165.0" />
  <Point X="111.0" Y="164.0" />
  <Point X="111.19735992291783" Y="163.80264007708217" />
  <Point X="112.0" Y="163.0" />
  <Point X="112.0" Y="162.0" />
  <Point X="112.0" Y="161.29374542558364" />
  <Point X="112.0" Y="161.0" />
  <Point X="113.0" Y="161.0" />
  <Point X="113.0" Y="159.45238636845346" />
  <Point X="113.0" Y="159.0" />
  <Point X="113.0" Y="158.0" />
  <Point X="113.98215200704621" Y="157.0178479929538" />
  <Point X="114.0" Y="157.0" />
  <Point X="114.0" Y="156.0" />
  <Point X="115.0" Y="156.0" />
  <Point X="115.0" Y="155.1838818165662" />
  <Point X="115.0" Y="155.0" />
  <Point X="115.0" Y="154.0" />
  <Point X="115.0" Y="153.0" />
  <Point X="115.4649066152786" Y="152.53509338472142" />
  <Point X="116.0" Y="152.0" />
  <Point X="116.0" Y="151.0" />
  <Point X="116.0" Y="150.0" />
  <Point X="116.05983730998804" Y="149.94016269001196" />
  <Point X="117.0" Y="149.0" />
  <Point X="117.0" Y="148.0" />
  <Point X="117.0" Y="147.48823176992192" />
  <Point X="117.0" Y="147.0" />
  <Point X="117.0" Y="145.0" />
  <Point X="117.24969869940695" Y="144.75030130059304" />
  <Point X="118.0" Y="144.0" />
  <Point X="118.0" Y="143.0" />
  <Point X="118.55173617530296" Y="142.44826382469705" />
  <Point X="119.0" Y="142.0" />
  <Point X="119.0" Y="141.0" />
  <Point X="119.0" Y="140.0" />
  <Point X="119.0" Y="139.79258172327764" />
  <Point X="119.0" Y="139.0" />
  <Point X="119.0" Y="138.0" />
  <Point X="119.0" Y="137.0" />
  <Point X="119.03449078353532" Y="136.96550921646468" />
  <Point X="120.0" Y="136.0" />
  <Point X="120.0" Y="135.0" />
  <Point X="120.0" Y="134.52407717139042" />
  <Point X="120.0" Y="134.0" />
  <Point X="120.0" Y="133.0" />
  <Point X="120.0" Y="132.0" />
  <Point X="120.0" Y="131.68271811426024" />
  <Point X="120.0" Y="131.0" />
  <Point X="120.0" Y="130.0" />
  <Point X="120.0" Y="129.0" />
  <Point X="120.0" Y="128.84135905713006" />
  <Point X="120.0" Y="128.0" />
  <Point X="120.0" Y="127.0" />
  <Point X="121.0" Y="127.0" />
</Project_1_Part_4>
