<?xml version="1.0" encoding="utf-8" standalone="yes"?>
<Gesture Name="x4" Subject="3" Number="3" NumPts="436">
  <Point X="33.0" Y="88.0" />
  <Point X="34.0" Y="88.0" />
  <Point X="34.0" Y="89.0" />
  <Point X="35.0" Y="90.0" />
  <Point X="35.0" Y="91.0" />
  <Point X="35.0" Y="92.0" />
  <Point X="36.0" Y="92.0" />
  <Point X="36.0" Y="93.0" />
  <Point X="37.0" Y="93.0" />
  <Point X="37.0" Y="93.159754973606" />
  <Point X="37.0" Y="94.0" />
  <Point X="38.0" Y="96.0" />
  <Point X="38.0" Y="97.0" />
  <Point X="39.0" Y="97.0" />
  <Point X="39.0" Y="99.0" />
  <Point X="40.0" Y="100.0" />
  <Point X="40.05900238261907" Y="100.05900238261907" />
  <Point X="41.0" Y="101.0" />
  <Point X="41.0" Y="102.0" />
  <Point X="42.0" Y="103.0" />
  <Point X="44.0" Y="105.0" />
  <Point X="44.0" Y="107.0" />
  <Point X="44.000393332530344" Y="107.00039333253035" />
  <Point X="45.0" Y="108.0" />
  <Point X="46.0" Y="110.0" />
  <Point X="47.0" Y="111.0" />
  <Point X="48.0" Y="112.0" />
  <Point X="48.0" Y="114.0" />
  <Point X="48.085700549825056" Y="114.04285027491252" />
  <Point X="50.0" Y="115.0" />
  <Point X="50.0" Y="116.0" />
  <Point X="51.0" Y="117.0" />
  <Point X="52.0" Y="119.0" />
  <Point X="52.79757644405762" Y="120.59515288811524" />
  <Point X="53.0" Y="121.0" />
  <Point X="53.0" Y="122.0" />
  <Point X="55.0" Y="123.0" />
  <Point X="55.0" Y="125.0" />
  <Point X="57.0" Y="127.0" />
  <Point X="57.02541989016912" Y="127.05083978033824" />
  <Point X="58.0" Y="129.0" />
  <Point X="59.0" Y="130.0" />
  <Point X="60.0" Y="132.0" />
  <Point X="61.0" Y="134.0" />
  <Point X="61.359487178621215" Y="134.3594871786212" />
  <Point X="63.0" Y="136.0" />
  <Point X="63.0" Y="137.0" />
  <Point X="65.0" Y="138.0" />
  <Point X="65.0" Y="139.0" />
  <Point X="65.90241669642562" Y="140.80483339285124" />
  <Point X="66.0" Y="141.0" />
  <Point X="67.0" Y="142.0" />
  <Point X="67.0" Y="143.0" />
  <Point X="69.0" Y="144.0" />
  <Point X="70.0" Y="146.0" />
  <Point X="71.0" Y="147.0" />
  <Point X="71.0" Y="147.05520255597202" />
  <Point X="71.0" Y="148.0" />
  <Point X="72.0" Y="149.0" />
  <Point X="73.0" Y="150.0" />
  <Point X="74.0" Y="151.0" />
  <Point X="75.0" Y="152.0" />
  <Point X="75.0" Y="153.0" />
  <Point X="75.86966662216227" Y="153.43483331108115" />
  <Point X="77.0" Y="154.0" />
  <Point X="77.0" Y="155.0" />
  <Point X="78.0" Y="156.0" />
  <Point X="79.0" Y="157.0" />
  <Point X="79.0" Y="158.0" />
  <Point X="80.0" Y="159.0" />
  <Point X="80.7548907337781" Y="159.7548907337781" />
  <Point X="81.0" Y="160.0" />
  <Point X="82.0" Y="160.0" />
  <Point X="82.0" Y="161.0" />
  <Point X="84.0" Y="162.0" />
  <Point X="84.0" Y="163.0" />
  <Point X="85.0" Y="164.0" />
  <Point X="85.0" Y="165.0" />
  <Point X="85.51612934254092" Y="165.25806467127046" />
  <Point X="87.0" Y="166.0" />
  <Point X="87.0" Y="167.0" />
  <Point X="88.0" Y="167.0" />
  <Point X="88.0" Y="168.0" />
  <Point X="89.0" Y="169.0" />
  <Point X="90.0" Y="170.0" />
  <Point X="90.76828819224572" Y="170.76828819224573" />
  <Point X="91.0" Y="171.0" />
  <Point X="91.0" Y="172.0" />
  <Point X="92.0" Y="173.0" />
  <Point X="93.0" Y="173.0" />
  <Point X="94.0" Y="175.0" />
  <Point X="95.0" Y="176.0" />
  <Point X="95.83564709325935" Y="176.83564709325935" />
  <Point X="96.0" Y="177.0" />
  <Point X="97.0" Y="177.0" />
  <Point X="97.0" Y="178.0" />
  <Point X="98.0" Y="179.0" />
  <Point X="98.0" Y="180.0" />
  <Point X="99.0" Y="181.0" />
  <Point X="100.0" Y="181.0" />
  <Point X="101.0" Y="182.0" />
  <Point X="101.0" Y="182.09889773913176" />
  <Point X="101.0" Y="183.0" />
  <Point X="101.0" Y="184.0" />
  <Point X="103.0" Y="185.0" />
  <Point X="104.0" Y="186.0" />
  <Point X="104.0" Y="187.0" />
  <Point X="105.0" Y="188.0" />
  <Point X="105.60837117286488" Y="188.0" />
  <Point X="106.0" Y="188.0" />
  <Point X="106.0" Y="189.0" />
  <Point X="107.0" Y="189.0" />
  <Point X="107.0" Y="191.0" />
  <Point X="108.0" Y="191.0" />
  <Point X="109.0" Y="192.0" />
  <Point X="110.0" Y="193.0" />
  <Point X="110.35391258409778" Y="193.0" />
  <Point X="111.0" Y="193.0" />
  <Point X="112.0" Y="195.0" />
  <Point X="113.0" Y="196.0" />
  <Point X="114.0" Y="197.0" />
  <Point X="114.0" Y="198.0" />
  <Point X="115.0" Y="198.0" />
  <Point X="115.61050610798988" Y="198.6105061079899" />
  <Point X="116.0" Y="199.0" />
  <Point X="117.0" Y="200.0" />
  <Point X="118.0" Y="201.0" />
  <Point X="118.0" Y="202.0" />
  <Point X="119.0" Y="202.0" />
  <Point X="120.0" Y="203.0" />
  <Point X="121.0" Y="204.0" />
  <Point X="121.25900383908771" Y="204.2590038390877" />
  <Point X="122.0" Y="205.0" />
  <Point X="122.0" Y="206.0" />
  <Point X="123.0" Y="206.0" />
  <Point X="124.0" Y="207.0" />
  <Point X="125.0" Y="207.0" />
  <Point X="125.0" Y="208.0" />
  <Point X="126.0" Y="208.0" />
  <Point X="126.0" Y="209.0" />
  <Point X="126.07907444543935" Y="209.07907444543935" />
  <Point X="127.0" Y="210.0" />
  <Point X="128.0" Y="210.0" />
  <Point X="128.0" Y="211.0" />
  <Point X="129.0" Y="211.0" />
  <Point X="130.0" Y="211.0" />
  <Point X="130.0" Y="212.0" />
  <Point X="131.0" Y="212.0" />
  <Point X="132.0" Y="212.0" />
  <Point X="132.0" Y="211.72841687321653" />
  <Point X="132.0" Y="211.0" />
  <Point X="132.0" Y="210.0" />
  <Point X="132.0" Y="209.0" />
  <Point X="132.0" Y="208.0" />
  <Point X="132.0" Y="207.0" />
  <Point X="132.0" Y="206.0" />
  <Point X="132.0" Y="205.0" />
  <Point X="132.0" Y="204.0" />
  <Point X="131.15444833723743" Y="204.0" />
  <Point X="131.0" Y="204.0" />
  <Point X="131.0" Y="203.0" />
  <Point X="131.0" Y="202.0" />
  <Point X="131.0" Y="201.0" />
  <Point X="131.0" Y="200.0" />
  <Point X="131.0" Y="199.0" />
  <Point X="131.0" Y="198.0" />
  <Point X="131.0" Y="197.0" />
  <Point X="131.0" Y="196.0" />
  <Point X="131.0" Y="195.58047980125832" />
  <Point X="131.0" Y="195.0" />
  <Point X="131.0" Y="194.0" />
  <Point X="131.0" Y="193.0" />
  <Point X="131.0" Y="191.0" />
  <Point X="131.0" Y="190.0" />
  <Point X="131.0" Y="189.0" />
  <Point X="131.0" Y="188.0" />
  <Point X="131.0" Y="187.00651126527922" />
  <Point X="131.0" Y="187.0" />
  <Point X="131.0" Y="186.0" />
  <Point X="131.0" Y="185.0" />
  <Point X="131.0" Y="184.0" />
  <Point X="131.0" Y="183.0" />
  <Point X="131.0" Y="182.0" />
  <Point X="131.0" Y="181.0" />
  <Point X="131.0" Y="180.0" />
  <Point X="131.0" Y="179.0" />
  <Point X="131.0" Y="178.4325427293001" />
  <Point X="131.0" Y="178.0" />
  <Point X="132.0" Y="177.0" />
  <Point X="132.0" Y="176.0" />
  <Point X="132.0" Y="174.0" />
  <Point X="132.0" Y="173.0" />
  <Point X="132.0" Y="172.0" />
  <Point X="132.0" Y="171.0" />
  <Point X="132.0" Y="170.2727877556941" />
  <Point X="132.0" Y="170.0" />
  <Point X="133.0" Y="169.0" />
  <Point X="133.0" Y="167.0" />
  <Point X="133.0" Y="166.0" />
  <Point X="134.0" Y="165.0" />
  <Point X="134.0" Y="163.0" />
  <Point X="134.0" Y="162.5272463444612" />
  <Point X="134.0" Y="161.0" />
  <Point X="134.0" Y="160.0" />
  <Point X="135.0" Y="159.0" />
  <Point X="135.0" Y="157.0" />
  <Point X="136.0" Y="156.0" />
  <Point X="136.0" Y="155.0" />
  <Point X="136.0" Y="154.78170493322827" />
  <Point X="136.0" Y="153.0" />
  <Point X="137.0" Y="152.0" />
  <Point X="137.0" Y="151.0" />
  <Point X="138.0" Y="150.0" />
  <Point X="138.0" Y="149.0" />
  <Point X="138.0" Y="148.0" />
  <Point X="138.43104077680246" Y="147.13791844639505" />
  <Point X="139.0" Y="146.0" />
  <Point X="139.0" Y="145.0" />
  <Point X="140.0" Y="143.0" />
  <Point X="140.0" Y="142.0" />
  <Point X="140.0" Y="141.0" />
  <Point X="140.0" Y="140.0" />
  <Point X="140.7535418181084" Y="139.2464581818916" />
  <Point X="141.0" Y="139.0" />
  <Point X="142.0" Y="138.0" />
  <Point X="142.0" Y="136.0" />
  <Point X="143.0" Y="134.0" />
  <Point X="143.0" Y="133.0" />
  <Point X="143.70442513759286" Y="131.59114972481424" />
  <Point X="144.0" Y="131.0" />
  <Point X="145.0" Y="130.0" />
  <Point X="145.0" Y="129.0" />
  <Point X="145.0" Y="128.0" />
  <Point X="146.0" Y="126.0" />
  <Point X="146.0" Y="125.0" />
  <Point X="146.8929072276784" Y="124.10709277232161" />
  <Point X="147.0" Y="124.0" />
  <Point X="148.0" Y="123.0" />
  <Point X="148.0" Y="121.0" />
  <Point X="149.0" Y="120.0" />
  <Point X="149.0" Y="119.0" />
  <Point X="149.0" Y="118.0" />
  <Point X="149.0" Y="117.0" />
  <Point X="149.59408936018355" Y="117.0" />
  <Point X="150.0" Y="117.0" />
  <Point X="150.0" Y="115.0" />
  <Point X="151.0" Y="115.0" />
  <Point X="151.0" Y="114.0" />
  <Point X="152.0" Y="113.0" />
  <Point X="152.0" Y="112.0" />
  <Point X="152.0" Y="111.0" />
  <Point X="152.0" Y="110.24615566621046" />
  <Point X="152.0" Y="110.0" />
  <Point X="153.0" Y="109.0" />
  <Point X="154.0" Y="108.0" />
  <Point X="154.0" Y="107.0" />
  <Point X="154.0" Y="106.0" />
  <Point X="155.0" Y="105.0" />
  <Point X="155.0" Y="104.0" />
  <Point X="155.76733260910638" Y="103.23266739089362" />
  <Point X="156.0" Y="103.0" />
  <Point X="156.0" Y="102.0" />
  <Point X="156.0" Y="101.0" />
  <Point X="157.0" Y="100.0" />
  <Point X="158.0" Y="100.0" />
  <Point X="158.0" Y="99.0" />
  <Point X="158.0" Y="98.0" />
  <Point X="158.0" Y="97.0" />
  <Point X="158.83071359388228" Y="97.0" />
  <Point X="159.0" Y="97.0" />
  <Point X="159.0" Y="96.0" />
  <Point X="160.0" Y="95.0" />
  <Point X="160.0" Y="94.0" />
  <Point X="160.0" Y="93.0" />
  <Point X="161.0" Y="93.0" />
  <Point X="161.0" Y="92.0" />
  <Point X="161.0" Y="91.0" />
  <Point X="161.99046856748828" Y="91.0" />
  <Point X="162.0" Y="91.0" />
  <Point X="162.0" Y="90.0" />
  <Point X="162.0" Y="89.0" />
  <Point X="163.0" Y="89.0" />
  <Point X="163.0" Y="88.0" />
  <Point X="163.0" Y="87.0" />
  <Point X="162.0" Y="87.0" />
  <Point X="161.0" Y="87.0" />
  <Point X="160.0" Y="87.0" />
  <Point X="159.60088269658493" Y="87.39911730341508" />
  <Point X="159.0" Y="88.0" />
  <Point X="158.0" Y="88.0" />
  <Point X="157.0" Y="88.0" />
  <Point X="156.0" Y="89.0" />
  <Point X="155.0" Y="90.0" />
  <Point X="154.0" Y="90.0" />
  <Point X="153.0" Y="90.0" />
  <Point X="152.3665985278602" Y="90.6334014721398" />
  <Point X="152.0" Y="91.0" />
  <Point X="150.0" Y="91.0" />
  <Point X="150.0" Y="92.0" />
  <Point X="149.0" Y="92.0" />
  <Point X="148.0" Y="92.0" />
  <Point X="148.0" Y="93.0" />
  <Point X="147.0" Y="94.0" />
  <Point X="146.42639815067056" Y="94.28680092466472" />
  <Point X="145.0" Y="95.0" />
  <Point X="144.0" Y="95.0" />
  <Point X="142.0" Y="96.0" />
  <Point X="142.0" Y="97.0" />
  <Point X="140.0" Y="98.0" />
  <Point X="139.49292903296018" Y="98.0" />
  <Point X="139.0" Y="98.0" />
  <Point X="139.0" Y="99.0" />
  <Point X="137.0" Y="99.0" />
  <Point X="136.0" Y="100.0" />
  <Point X="135.0" Y="101.0" />
  <Point X="134.0" Y="101.0" />
  <Point X="133.11426929312515" Y="101.88573070687485" />
  <Point X="133.0" Y="102.0" />
  <Point X="131.0" Y="103.0" />
  <Point X="130.0" Y="105.0" />
  <Point X="128.0" Y="105.0" />
  <Point X="126.6280492221957" Y="106.3719507778043" />
  <Point X="126.0" Y="107.0" />
  <Point X="124.0" Y="108.0" />
  <Point X="122.0" Y="110.0" />
  <Point X="121.0" Y="110.0" />
  <Point X="119.85358353999553" Y="111.14641646000447" />
  <Point X="119.0" Y="112.0" />
  <Point X="117.0" Y="113.0" />
  <Point X="117.0" Y="114.0" />
  <Point X="115.0" Y="115.0" />
  <Point X="113.66025668787954" Y="116.33974331212046" />
  <Point X="113.0" Y="117.0" />
  <Point X="112.0" Y="117.0" />
  <Point X="110.0" Y="119.0" />
  <Point X="108.0" Y="121.0" />
  <Point X="107.30465217559517" Y="121.69534782440483" />
  <Point X="107.0" Y="122.0" />
  <Point X="105.0" Y="123.0" />
  <Point X="102.0" Y="125.0" />
  <Point X="101.0" Y="125.0" />
  <Point X="100.4179488022822" Y="126.16410239543559" />
  <Point X="100.0" Y="127.0" />
  <Point X="97.0" Y="129.0" />
  <Point X="95.0" Y="130.0" />
  <Point X="94.00276700418505" Y="131.49584949372243" />
  <Point X="93.0" Y="133.0" />
  <Point X="92.0" Y="134.0" />
  <Point X="90.0" Y="136.0" />
  <Point X="87.55178338608245" Y="136.6120541534794" />
  <Point X="86.0" Y="137.0" />
  <Point X="86.0" Y="138.0" />
  <Point X="84.0" Y="139.0" />
  <Point X="82.0" Y="142.0" />
  <Point X="81.90609085902958" Y="142.09390914097042" />
  <Point X="80.0" Y="144.0" />
  <Point X="78.0" Y="145.0" />
  <Point X="76.0" Y="147.0" />
  <Point X="75.42451839564285" Y="147.57548160435715" />
  <Point X="74.0" Y="149.0" />
  <Point X="71.0" Y="151.0" />
  <Point X="70.0" Y="153.0" />
  <Point X="69.31905785147688" Y="153.22698071617438" />
  <Point X="67.0" Y="154.0" />
  <Point X="66.0" Y="155.0" />
  <Point X="64.0" Y="157.0" />
  <Point X="63.0" Y="158.0" />
  <Point X="62.66581237308139" Y="158.3341876269186" />
  <Point X="62.0" Y="159.0" />
  <Point X="60.0" Y="160.0" />
  <Point X="58.0" Y="163.0" />
  <Point X="57.0" Y="164.0" />
  <Point X="56.73374966649106" Y="164.26625033350894" />
  <Point X="55.0" Y="166.0" />
  <Point X="54.0" Y="167.0" />
  <Point X="52.0" Y="168.0" />
  <Point X="50.25217720310433" Y="169.74782279689566" />
  <Point X="50.0" Y="170.0" />
  <Point X="48.0" Y="171.0" />
  <Point X="46.0" Y="173.0" />
  <Point X="45.0" Y="174.0" />
  <Point X="45.0" Y="175.0" />
  <Point X="44.47771152090416" Y="175.52228847909583" />
  <Point X="44.0" Y="176.0" />
  <Point X="42.0" Y="177.0" />
  <Point X="41.0" Y="178.0" />
  <Point X="39.0" Y="180.0" />
  <Point X="38.0" Y="181.0" />
  <Point X="37.99613905751743" Y="181.00386094248256" />
  <Point X="37.0" Y="182.0" />
  <Point X="36.0" Y="183.0" />
  <Point X="35.0" Y="185.0" />
  <Point X="33.0" Y="185.0" />
  <Point X="33.0" Y="186.0" />
  <Point X="32.63588693769035" Y="186.36411306230966" />
  <Point X="32.0" Y="187.0" />
  <Point X="31.0" Y="188.0" />
  <Point X="30.0" Y="189.0" />
  <Point X="29.0" Y="190.0" />
  <Point X="28.0" Y="191.0" />
  <Point X="27.0" Y="192.0" />
  <Point X="26.573175644219432" Y="192.42682435578058" />
  <Point X="26.0" Y="193.0" />
  <Point X="26.0" Y="195.0" />
  <Point X="25.0" Y="195.0" />
  <Point X="25.0" Y="196.0" />
  <Point X="24.0" Y="196.0" />
  <Point X="23.0" Y="197.0" />
  <Point X="22.045998256681248" Y="197.95400174331874" />
  <Point X="22.0" Y="198.0" />
  <Point X="22.0" Y="199.0" />
  <Point X="21.0" Y="200.0" />
  <Point X="21.0" Y="201.0" />
  <Point X="20.0" Y="201.0" />
  <Point X="19.0" Y="202.0" />
  <Point X="19.0" Y="203.0" />
  <Point X="19.0" Y="204.0" />
  <Point X="18.319509947211237" Y="204.0" />
  <Point X="18.0" Y="204.0" />
  <Point X="18.0" Y="205.0" />
  <Point X="18.0" Y="206.0" />
  <Point X="17.0" Y="206.0" />
  <Point X="17.0" Y="207.0" />
  <Point X="17.0" Y="208.0" />
  <Point X="17.0" Y="209.0" />
  <Point X="17.0" Y="210.0" />
  <Point X="17.0" Y="211.0" />
  <Point X="16.820070606351084" Y="210.8200706063511" />
  <Point X="16.0" Y="210.0" />
  <Point X="15.0" Y="209.0" />
  <Point X="15.0" Y="208.0" />
  <Point X="15.0" Y="207.0" />
  <Point X="15.0" Y="206.0" />
  <Point X="14.0" Y="206.0" />
  <Point X="14.0" Y="205.0" />
  <Point X="14.0" Y="204.0" />
</Project_1_Part_4>
