<?xml version="1.0" encoding="utf-8" standalone="yes"?>
<Gesture Name="x5" Subject="3" Number="3" NumPts="406">
  <Point X="198.0" Y="24.0" />
  <Point X="188.41984214162662" Y="27.326443700824093" />
  <Point X="178.83968428325323" Y="30.652887401648186" />
  <Point X="169.25952642487985" Y="33.97933110247228" />
  <Point X="159.67936856650647" Y="37.30577480329637" />
  <Point X="150.09921070813309" Y="40.632218504120466" />
  <Point X="140.5190528497597" Y="43.95866220494456" />
  <Point X="130.93889499138632" Y="47.28510590576865" />
  <Point X="121.35873713301292" Y="50.611549606592746" />
  <Point X="111.77857927463953" Y="53.93799330741684" />
  <Point X="102.19842141626613" Y="57.26443700824093" />
  <Point X="92.61826355789273" Y="60.590880709065026" />
  <Point X="83.03810569951933" Y="63.91732440988912" />
  <Point X="73.45794784114594" Y="67.24376811071322" />
  <Point X="63.87778998277254" Y="70.57021181153732" />
  <Point X="54.29763212439914" Y="73.8966555123614" />
  <Point X="54.0" Y="74.0" />
  <Point X="54.0" Y="75.0" />
  <Point X="55.0" Y="75.0" />
  <Point X="55.0" Y="76.0" />
  <Point X="55.0" Y="77.0" />
  <Point X="56.0" Y="77.0" />
  <Point X="56.0" Y="78.0" />
  <Point X="57.0" Y="79.0" />
  <Point X="58.0" Y="80.0" />
  <Point X="58.0" Y="80.99774469035714" />
  <Point X="58.0" Y="81.0" />
  <Point X="59.0" Y="82.0" />
  <Point X="59.0" Y="83.0" />
  <Point X="60.0" Y="84.0" />
  <Point X="61.0" Y="84.0" />
  <Point X="61.0" Y="86.0" />
  <Point X="63.0" Y="87.0" />
  <Point X="63.0" Y="88.0" />
  <Point X="63.07448483270073" Y="88.0" />
  <Point X="64.0" Y="88.0" />
  <Point X="64.0" Y="90.0" />
  <Point X="65.0" Y="91.0" />
  <Point X="66.0" Y="92.0" />
  <Point X="67.0" Y="93.0" />
  <Point X="69.0" Y="94.0" />
  <Point X="69.23306347255794" Y="94.69919041767382" />
  <Point X="70.0" Y="97.0" />
  <Point X="71.0" Y="98.0" />
  <Point X="72.0" Y="99.0" />
  <Point X="74.0" Y="102.0" />
  <Point X="75.1466472484577" Y="102.57332362422885" />
  <Point X="76.0" Y="103.0" />
  <Point X="77.0" Y="105.0" />
  <Point X="78.0" Y="106.0" />
  <Point X="79.0" Y="108.0" />
  <Point X="81.33402396527757" Y="110.33402396527757" />
  <Point X="82.0" Y="111.0" />
  <Point X="82.0" Y="112.0" />
  <Point X="83.0" Y="113.0" />
  <Point X="84.0" Y="114.0" />
  <Point X="86.0" Y="116.0" />
  <Point X="87.0" Y="117.0" />
  <Point X="87.62588769705347" Y="117.9388315455802" />
  <Point X="89.0" Y="120.0" />
  <Point X="90.0" Y="122.0" />
  <Point X="92.0" Y="123.0" />
  <Point X="93.0" Y="125.0" />
  <Point X="93.67586335915666" Y="125.67586335915666" />
  <Point X="94.0" Y="126.0" />
  <Point X="95.0" Y="127.0" />
  <Point X="96.0" Y="128.0" />
  <Point X="97.0" Y="129.0" />
  <Point X="98.0" Y="131.0" />
  <Point X="100.0" Y="132.0" />
  <Point X="100.0" Y="132.96806016892802" />
  <Point X="100.0" Y="133.0" />
  <Point X="102.0" Y="134.0" />
  <Point X="103.0" Y="136.0" />
  <Point X="104.0" Y="137.0" />
  <Point X="105.0" Y="138.0" />
  <Point X="107.0" Y="139.0" />
  <Point X="107.0" Y="139.57266435627204" />
  <Point X="107.0" Y="140.0" />
  <Point X="109.0" Y="142.0" />
  <Point X="111.0" Y="144.0" />
  <Point X="113.0" Y="146.0" />
  <Point X="113.54945477462488" Y="147.09890954924975" />
  <Point X="114.0" Y="148.0" />
  <Point X="115.0" Y="148.0" />
  <Point X="116.0" Y="149.0" />
  <Point X="117.0" Y="150.0" />
  <Point X="117.0" Y="151.0" />
  <Point X="118.0" Y="152.0" />
  <Point X="120.0" Y="153.0" />
  <Point X="120.29295926406773" Y="153.58591852813547" />
  <Point X="121.0" Y="155.0" />
  <Point X="122.0" Y="155.0" />
  <Point X="122.0" Y="156.0" />
  <Point X="123.0" Y="156.0" />
  <Point X="124.0" Y="158.0" />
  <Point X="125.0" Y="158.0" />
  <Point X="125.0" Y="159.0" />
  <Point X="126.0" Y="159.0" />
  <Point X="126.14497596761178" Y="159.28995193522357" />
  <Point X="127.0" Y="161.0" />
  <Point X="128.0" Y="162.0" />
  <Point X="129.0" Y="162.0" />
  <Point X="130.0" Y="164.0" />
  <Point X="131.0" Y="165.0" />
  <Point X="132.0" Y="166.0" />
  <Point X="132.0" Y="166.75063472115448" />
  <Point X="132.0" Y="167.0" />
  <Point X="133.0" Y="167.0" />
  <Point X="134.0" Y="168.0" />
  <Point X="135.0" Y="168.0" />
  <Point X="135.0" Y="170.0" />
  <Point X="136.0" Y="170.0" />
  <Point X="136.0" Y="171.0" />
  <Point X="137.0" Y="171.0" />
  <Point X="137.0" Y="172.47765640337096" />
  <Point X="137.0" Y="173.0" />
  <Point X="138.0" Y="173.0" />
  <Point X="138.0" Y="174.0" />
  <Point X="139.0" Y="174.0" />
  <Point X="139.0" Y="176.0" />
  <Point X="140.0" Y="176.0" />
  <Point X="141.0" Y="177.0" />
  <Point X="141.0" Y="178.0" />
  <Point X="141.8518360434657" Y="178.8518360434657" />
  <Point X="142.0" Y="179.0" />
  <Point X="142.0" Y="180.0" />
  <Point X="143.0" Y="180.0" />
  <Point X="143.0" Y="181.0" />
  <Point X="143.0" Y="182.0" />
  <Point X="144.0" Y="182.0" />
  <Point X="145.0" Y="183.0" />
  <Point X="145.0" Y="184.0" />
  <Point X="146.0" Y="185.0" />
  <Point X="146.0" Y="186.0" />
  <Point X="146.0730247862172" Y="186.0730247862172" />
  <Point X="147.0" Y="187.0" />
  <Point X="148.0" Y="188.0" />
  <Point X="148.0" Y="189.0" />
  <Point X="148.0" Y="190.0" />
  <Point X="149.0" Y="191.0" />
  <Point X="149.0" Y="192.0" />
  <Point X="150.0" Y="192.0" />
  <Point X="150.0" Y="193.0" />
  <Point X="150.0" Y="194.0" />
  <Point X="150.0" Y="193.99813279947196" />
  <Point X="150.0" Y="193.0" />
  <Point X="150.0" Y="192.0" />
  <Point X="150.0" Y="191.0" />
  <Point X="150.0" Y="190.0" />
  <Point X="150.0" Y="189.0" />
  <Point X="150.0" Y="188.0" />
  <Point X="149.0" Y="187.0" />
  <Point X="149.0" Y="186.0" />
  <Point X="149.0" Y="185.0" />
  <Point X="149.0" Y="184.2711111172555" />
  <Point X="149.0" Y="184.0" />
  <Point X="148.0" Y="183.0" />
  <Point X="148.0" Y="182.0" />
  <Point X="148.0" Y="181.0" />
  <Point X="148.0" Y="180.0" />
  <Point X="148.0" Y="179.0" />
  <Point X="148.0" Y="178.0" />
  <Point X="148.0" Y="177.0" />
  <Point X="148.0" Y="176.0" />
  <Point X="147.34889700151743" Y="174.69779400303483" />
  <Point X="147.0" Y="174.0" />
  <Point X="147.0" Y="173.0" />
  <Point X="147.0" Y="172.0" />
  <Point X="147.0" Y="171.0" />
  <Point X="147.0" Y="170.0" />
  <Point X="147.0" Y="169.0" />
  <Point X="147.0" Y="168.0" />
  <Point X="147.0" Y="167.0" />
  <Point X="147.0" Y="166.0" />
  <Point X="147.0" Y="165.0" />
  <Point X="147.0" Y="164.6389221679492" />
  <Point X="147.0" Y="164.0" />
  <Point X="147.0" Y="163.0" />
  <Point X="147.0" Y="162.0" />
  <Point X="147.0" Y="160.0" />
  <Point X="147.0" Y="159.0" />
  <Point X="147.0" Y="158.0" />
  <Point X="147.0" Y="157.0" />
  <Point X="147.0" Y="155.0" />
  <Point X="147.0" Y="154.49768692335962" />
  <Point X="147.0" Y="154.0" />
  <Point X="147.0" Y="152.0" />
  <Point X="147.0" Y="150.0" />
  <Point X="147.0" Y="149.0" />
  <Point X="147.0" Y="147.0" />
  <Point X="147.0" Y="146.0" />
  <Point X="147.0" Y="144.35645167877004" />
  <Point X="147.0" Y="144.0" />
  <Point X="147.0" Y="143.0" />
  <Point X="147.0" Y="141.0" />
  <Point X="147.0" Y="140.0" />
  <Point X="147.0" Y="139.0" />
  <Point X="147.0" Y="137.0" />
  <Point X="147.0" Y="136.0" />
  <Point X="147.0" Y="134.21521643418046" />
  <Point X="147.0" Y="134.0" />
  <Point X="147.0" Y="133.0" />
  <Point X="147.0" Y="131.0" />
  <Point X="147.0" Y="130.0" />
  <Point X="147.0" Y="129.0" />
  <Point X="148.0" Y="128.0" />
  <Point X="148.0" Y="126.0" />
  <Point X="148.0" Y="125.0" />
  <Point X="148.0" Y="124.48819475196399" />
  <Point X="148.0" Y="124.0" />
  <Point X="148.0" Y="122.0" />
  <Point X="148.0" Y="121.0" />
  <Point X="148.0" Y="119.0" />
  <Point X="149.0" Y="119.0" />
  <Point X="149.0" Y="118.0" />
  <Point X="150.0" Y="116.0" />
  <Point X="150.0" Y="115.58302748487421" />
  <Point X="150.0" Y="114.0" />
  <Point X="150.0" Y="113.0" />
  <Point X="150.0" Y="112.0" />
  <Point X="150.0" Y="111.0" />
  <Point X="150.0" Y="110.0" />
  <Point X="151.0" Y="110.0" />
  <Point X="151.0" Y="109.0" />
  <Point X="151.0" Y="107.0" />
  <Point X="151.0" Y="106.44179224028463" />
  <Point X="151.0" Y="106.0" />
  <Point X="151.0" Y="105.0" />
  <Point X="152.0" Y="105.0" />
  <Point X="152.0" Y="104.0" />
  <Point X="152.0" Y="103.0" />
  <Point X="153.0" Y="103.0" />
  <Point X="153.0" Y="102.0" />
  <Point X="153.0" Y="101.0" />
  <Point X="153.0" Y="100.0" />
  <Point X="153.0" Y="99.0" />
  <Point X="153.69944300430495" Y="99.0" />
  <Point X="154.0" Y="99.0" />
  <Point X="154.0" Y="98.0" />
  <Point X="154.0" Y="97.0" />
  <Point X="154.0" Y="96.0" />
  <Point X="154.0" Y="95.0" />
  <Point X="155.0" Y="95.0" />
  <Point X="155.0" Y="94.0" />
  <Point X="155.0" Y="93.0" />
  <Point X="156.0" Y="92.0" />
  <Point X="156.0" Y="91.0" />
  <Point X="156.42646468652143" Y="91.0" />
  <Point X="157.0" Y="91.0" />
  <Point X="157.0" Y="90.0" />
  <Point X="157.0" Y="89.0" />
  <Point X="157.0" Y="88.0" />
  <Point X="157.0" Y="87.0" />
  <Point X="158.0" Y="87.0" />
  <Point X="158.0" Y="86.0" />
  <Point X="158.0" Y="85.0" />
  <Point X="158.0" Y="84.0" />
  <Point X="158.0" Y="83.0" />
  <Point X="158.567699931111" Y="83.0" />
  <Point X="159.0" Y="83.0" />
  <Point X="159.0" Y="82.0" />
  <Point X="159.0" Y="81.0" />
  <Point X="159.0" Y="80.0" />
  <Point X="160.0" Y="79.0" />
  <Point X="160.0" Y="78.0" />
  <Point X="160.0" Y="77.0" />
  <Point X="160.0" Y="76.0" />
  <Point X="159.0" Y="76.0" />
  <Point X="158.0" Y="76.0" />
  <Point X="157.70527838667252" Y="76.0" />
  <Point X="157.0" Y="76.0" />
  <Point X="156.0" Y="76.0" />
  <Point X="156.0" Y="77.0" />
  <Point X="155.0" Y="77.0" />
  <Point X="154.0" Y="78.0" />
  <Point X="153.0" Y="78.0" />
  <Point X="152.0" Y="78.0" />
  <Point X="152.0" Y="79.0" />
  <Point X="151.0" Y="79.0" />
  <Point X="151.0" Y="80.0" />
  <Point X="150.98462516827553" Y="80.01537483172447" />
  <Point X="150.0" Y="81.0" />
  <Point X="149.0" Y="81.0" />
  <Point X="148.0" Y="82.0" />
  <Point X="147.0" Y="83.0" />
  <Point X="146.0" Y="84.0" />
  <Point X="146.0" Y="85.0" />
  <Point X="145.0" Y="85.0" />
  <Point X="144.0" Y="86.0" />
  <Point X="143.95889627274622" Y="86.08220745450755" />
  <Point X="143.0" Y="88.0" />
  <Point X="142.0" Y="88.0" />
  <Point X="141.0" Y="89.0" />
  <Point X="140.0" Y="91.0" />
  <Point X="139.0" Y="92.0" />
  <Point X="139.0" Y="93.0" />
  <Point X="138.34056431226205" Y="93.65943568773797" />
  <Point X="138.0" Y="94.0" />
  <Point X="137.0" Y="95.0" />
  <Point X="136.0" Y="96.0" />
  <Point X="135.0" Y="97.0" />
  <Point X="135.0" Y="99.0" />
  <Point X="134.0" Y="101.0" />
  <Point X="133.16498049366203" Y="101.83501950633799" />
  <Point X="133.0" Y="102.0" />
  <Point X="132.0" Y="103.0" />
  <Point X="131.0" Y="104.0" />
  <Point X="131.0" Y="105.0" />
  <Point X="129.0" Y="107.0" />
  <Point X="128.0" Y="110.0" />
  <Point X="127.93721904129106" Y="110.06278095870894" />
  <Point X="127.0" Y="111.0" />
  <Point X="126.0" Y="113.0" />
  <Point X="125.0" Y="115.0" />
  <Point X="124.0" Y="115.0" />
  <Point X="123.0" Y="117.0" />
  <Point X="122.504664686348" Y="117.99067062730403" />
  <Point X="122.0" Y="119.0" />
  <Point X="121.0" Y="121.0" />
  <Point X="120.0" Y="122.0" />
  <Point X="117.0" Y="125.0" />
  <Point X="117.0" Y="126.1198484730797" />
  <Point X="117.0" Y="128.0" />
  <Point X="115.0" Y="129.0" />
  <Point X="115.0" Y="130.0" />
  <Point X="114.0" Y="131.0" />
  <Point X="113.0" Y="132.0" />
  <Point X="111.44677729455702" Y="133.55322270544298" />
  <Point X="110.0" Y="135.0" />
  <Point X="109.0" Y="137.0" />
  <Point X="108.0" Y="138.0" />
  <Point X="107.0" Y="140.0" />
  <Point X="105.02435911810636" Y="140.98782044094682" />
  <Point X="105.0" Y="141.0" />
  <Point X="104.0" Y="143.0" />
  <Point X="103.0" Y="144.0" />
  <Point X="102.0" Y="145.0" />
  <Point X="99.0" Y="149.0" />
  <Point X="98.95572064815305" Y="149.02213967592348" />
  <Point X="97.0" Y="150.0" />
  <Point X="96.0" Y="152.0" />
  <Point X="95.0" Y="153.0" />
  <Point X="95.0" Y="154.0" />
  <Point X="93.0" Y="155.0" />
  <Point X="92.24458115909373" Y="155.7554188409063" />
  <Point X="90.0" Y="158.0" />
  <Point X="90.0" Y="159.0" />
  <Point X="89.0" Y="160.0" />
  <Point X="87.0" Y="161.0" />
  <Point X="86.0" Y="163.0" />
  <Point X="85.94302938939134" Y="163.05697061060866" />
  <Point X="85.0" Y="164.0" />
  <Point X="84.0" Y="165.0" />
  <Point X="84.0" Y="166.0" />
  <Point X="82.0" Y="167.0" />
  <Point X="81.0" Y="168.0" />
  <Point X="79.06033878960477" Y="169.93966121039523" />
  <Point X="79.0" Y="170.0" />
  <Point X="77.0" Y="172.0" />
  <Point X="76.0" Y="173.0" />
  <Point X="75.0" Y="174.0" />
  <Point X="74.0" Y="175.0" />
  <Point X="74.0" Y="176.0" />
  <Point X="72.22470916081258" Y="176.8876454195937" />
  <Point X="72.0" Y="177.0" />
  <Point X="71.0" Y="178.0" />
  <Point X="70.0" Y="179.0" />
  <Point X="69.0" Y="180.0" />
  <Point X="69.0" Y="181.0" />
  <Point X="68.0" Y="182.0" />
  <Point X="67.0" Y="183.0" />
  <Point X="66.0" Y="183.0" />
  <Point X="66.0" Y="183.81893495335217" />
  <Point X="66.0" Y="184.0" />
  <Point X="65.0" Y="184.0" />
  <Point X="65.0" Y="185.0" />
  <Point X="64.0" Y="186.0" />
  <Point X="64.0" Y="187.0" />
  <Point X="63.0" Y="187.0" />
  <Point X="62.0" Y="188.0" />
  <Point X="61.0" Y="189.0" />
  <Point X="61.0" Y="190.0" />
  <Point X="61.0" Y="190.71752951082246" />
  <Point X="61.0" Y="191.0" />
  <Point X="60.0" Y="191.0" />
  <Point X="60.0" Y="192.0" />
  <Point X="59.0" Y="192.0" />
  <Point X="59.0" Y="193.0" />
  <Point X="58.0" Y="193.0" />
  <Point X="58.0" Y="194.0" />
  <Point X="58.0" Y="195.0" />
  <Point X="57.0" Y="195.0" />
  <Point X="57.0" Y="196.0" />
  <Point X="56.14123524458797" Y="196.0" />
  <Point X="56.0" Y="196.0" />
  <Point X="56.0" Y="197.0" />
  <Point X="55.0" Y="197.0" />
  <Point X="55.0" Y="196.0" />
  <Point X="54.0" Y="196.0" />
  <Point X="54.0" Y="195.0" />
  <Point X="54.0" Y="194.0" />
  <Point X="54.0" Y="193.0" />
  <Point X="54.0" Y="192.0" />
  <Point X="54.0" Y="191.0" />
  <Point X="54.0" Y="190.0" />
</Project_1_Part_4>
