<?xml version="1.0" encoding="utf-8" standalone="yes"?>
<Gesture Name="x6" Subject="3" Number="3" NumPts="426">
  <Point X="56.0" Y="66.0" />
  <Point X="57.0" Y="66.0" />
  <Point X="57.0" Y="67.0" />
  <Point X="58.0" Y="67.0" />
  <Point X="58.0" Y="68.0" />
  <Point X="58.0" Y="69.0" />
  <Point X="59.0" Y="69.0" />
  <Point X="59.0" Y="69.2890682415041" />
  <Point X="59.0" Y="70.0" />
  <Point X="59.0" Y="71.0" />
  <Point X="60.0" Y="71.0" />
  <Point X="60.0" Y="72.0" />
  <Point X="61.0" Y="73.0" />
  <Point X="61.0" Y="74.0" />
  <Point X="61.11591100877298" Y="74.11591100877298" />
  <Point X="62.0" Y="75.0" />
  <Point X="62.0" Y="76.0" />
  <Point X="63.0" Y="76.0" />
  <Point X="63.0" Y="77.0" />
  <Point X="63.0" Y="78.0" />
  <Point X="64.0" Y="78.0" />
  <Point X="64.0" Y="78.0387775997661" />
  <Point X="64.0" Y="79.0" />
  <Point X="65.0" Y="80.0" />
  <Point X="65.0" Y="81.0" />
  <Point X="66.0" Y="81.0" />
  <Point X="66.0" Y="82.0" />
  <Point X="66.0" Y="82.91363227889711" />
  <Point X="66.0" Y="83.0" />
  <Point X="66.0" Y="84.0" />
  <Point X="67.0" Y="84.0" />
  <Point X="67.0" Y="85.0" />
  <Point X="68.0" Y="85.0" />
  <Point X="68.0" Y="86.0" />
  <Point X="68.85043769371228" Y="86.85043769371228" />
  <Point X="69.0" Y="87.0" />
  <Point X="69.0" Y="88.0" />
  <Point X="70.0" Y="88.0" />
  <Point X="70.0" Y="89.0" />
  <Point X="70.0" Y="90.0" />
  <Point X="71.0" Y="90.0" />
  <Point X="71.0" Y="91.0" />
  <Point X="71.0548398075055" Y="91.0548398075055" />
  <Point X="72.0" Y="92.0" />
  <Point X="73.0" Y="92.0" />
  <Point X="73.0" Y="93.0" />
  <Point X="73.0" Y="94.0" />
  <Point X="74.0" Y="94.0" />
  <Point X="74.0" Y="94.95240987866322" />
  <Point X="74.0" Y="95.0" />
  <Point X="75.0" Y="96.0" />
  <Point X="75.0" Y="97.0" />
  <Point X="76.0" Y="98.0" />
  <Point X="77.0" Y="98.0" />
  <Point X="77.0" Y="99.0" />
  <Point X="77.0" Y="99.41305099542113" />
  <Point X="77.0" Y="100.0" />
  <Point X="78.0" Y="101.0" />
  <Point X="78.0" Y="102.0" />
  <Point X="79.0" Y="102.0" />
  <Point X="79.0" Y="103.0" />
  <Point X="79.0" Y="104.0" />
  <Point X="79.28790567455214" Y="104.0" />
  <Point X="80.0" Y="104.0" />
  <Point X="81.0" Y="105.0" />
  <Point X="81.0" Y="106.0" />
  <Point X="82.0" Y="106.0" />
  <Point X="82.0" Y="107.0" />
  <Point X="82.0" Y="108.0" />
  <Point X="82.16276035368314" Y="108.0" />
  <Point X="83.0" Y="108.0" />
  <Point X="83.0" Y="109.0" />
  <Point X="84.0" Y="110.0" />
  <Point X="85.0" Y="110.0" />
  <Point X="85.0" Y="111.0" />
  <Point X="85.0" Y="112.0" />
  <Point X="85.03761503281414" Y="112.0" />
  <Point X="86.0" Y="112.0" />
  <Point X="86.0" Y="113.0" />
  <Point X="87.0" Y="113.0" />
  <Point X="87.0" Y="114.0" />
  <Point X="87.0" Y="115.0" />
  <Point X="88.0" Y="115.0" />
  <Point X="88.0" Y="115.32668327431824" />
  <Point X="88.0" Y="116.0" />
  <Point X="89.0" Y="116.0" />
  <Point X="89.0" Y="117.0" />
  <Point X="90.0" Y="117.0" />
  <Point X="90.0" Y="118.0" />
  <Point X="90.0" Y="119.0" />
  <Point X="90.61575151582234" Y="119.0" />
  <Point X="91.0" Y="119.0" />
  <Point X="91.0" Y="120.0" />
  <Point X="92.0" Y="120.0" />
  <Point X="92.0" Y="121.0" />
  <Point X="93.0" Y="121.0" />
  <Point X="93.0" Y="122.0" />
  <Point X="93.90481975732644" Y="122.0" />
  <Point X="94.0" Y="122.0" />
  <Point X="94.0" Y="123.0" />
  <Point X="95.0" Y="124.0" />
  <Point X="96.0" Y="124.0" />
  <Point X="96.0" Y="125.0" />
  <Point X="97.0" Y="126.0" />
  <Point X="97.36546087408435" Y="126.0" />
  <Point X="98.0" Y="126.0" />
  <Point X="98.0" Y="127.0" />
  <Point X="98.0" Y="128.0" />
  <Point X="99.0" Y="128.0" />
  <Point X="99.0" Y="129.0" />
  <Point X="100.0" Y="129.0" />
  <Point X="100.0" Y="129.65452911558845" />
  <Point X="100.0" Y="130.0" />
  <Point X="100.0" Y="131.0" />
  <Point X="101.0" Y="131.0" />
  <Point X="102.0" Y="132.0" />
  <Point X="102.0" Y="133.0" />
  <Point X="103.0" Y="134.0" />
  <Point X="103.0" Y="134.11517023234634" />
  <Point X="103.0" Y="135.0" />
  <Point X="104.0" Y="135.0" />
  <Point X="104.0" Y="136.0" />
  <Point X="104.0" Y="137.0" />
  <Point X="105.0" Y="137.0" />
  <Point X="105.0" Y="138.0" />
  <Point X="105.40423847385044" Y="138.0" />
  <Point X="106.0" Y="138.0" />
  <Point X="106.0" Y="139.0" />
  <Point X="107.0" Y="140.0" />
  <Point X="107.0" Y="141.0" />
  <Point X="108.0" Y="141.0" />
  <Point X="108.0" Y="142.0" />
  <Point X="108.0" Y="142.27909315298146" />
  <Point X="108.0" Y="143.0" />
  <Point X="109.0" Y="143.0" />
  <Point X="109.0" Y="144.0" />
  <Point X="110.0" Y="145.0" />
  <Point X="110.0" Y="146.0" />
  <Point X="111.0" Y="146.0" />
  <Point X="111.0" Y="146.15394783211246" />
  <Point X="111.0" Y="147.0" />
  <Point X="111.0" Y="148.0" />
  <Point X="111.0" Y="149.0" />
  <Point X="112.0" Y="149.0" />
  <Point X="112.0" Y="150.0" />
  <Point X="112.0" Y="151.0" />
  <Point X="112.44301607361656" Y="151.0" />
  <Point X="113.0" Y="151.0" />
  <Point X="113.0" Y="152.0" />
  <Point X="114.0" Y="153.0" />
  <Point X="114.0" Y="154.0" />
  <Point X="114.0" Y="155.0" />
  <Point X="115.0" Y="155.0" />
  <Point X="115.0" Y="155.31787075274758" />
  <Point X="115.0" Y="156.0" />
  <Point X="115.0" Y="157.0" />
  <Point X="116.0" Y="158.0" />
  <Point X="116.0" Y="159.0" />
  <Point X="116.0" Y="160.0" />
  <Point X="117.0" Y="160.0" />
  <Point X="117.0" Y="160.19272543187859" />
  <Point X="117.0" Y="161.0" />
  <Point X="118.0" Y="161.0" />
  <Point X="118.0" Y="162.0" />
  <Point X="119.0" Y="162.0" />
  <Point X="119.0" Y="163.0" />
  <Point X="120.0" Y="163.0" />
  <Point X="120.34067957358167" Y="163.34067957358167" />
  <Point X="121.0" Y="164.0" />
  <Point X="122.0" Y="164.0" />
  <Point X="122.0" Y="165.0" />
  <Point X="122.0" Y="166.0" />
  <Point X="123.0" Y="166.0" />
  <Point X="123.0" Y="167.0" />
  <Point X="123.0" Y="167.35664835251367" />
  <Point X="123.0" Y="168.0" />
  <Point X="124.0" Y="168.0" />
  <Point X="124.0" Y="169.0" />
  <Point X="124.0" Y="170.0" />
  <Point X="125.0" Y="170.0" />
  <Point X="125.0" Y="171.0" />
  <Point X="125.0" Y="171.64571659401778" />
  <Point X="125.0" Y="172.0" />
  <Point X="126.0" Y="172.0" />
  <Point X="126.0" Y="171.0" />
  <Point X="126.0" Y="170.0" />
  <Point X="126.0" Y="169.0" />
  <Point X="126.0" Y="168.0" />
  <Point X="126.0" Y="167.0652151644781" />
  <Point X="126.0" Y="167.0" />
  <Point X="126.0" Y="166.0" />
  <Point X="126.0" Y="165.0" />
  <Point X="126.0" Y="164.0" />
  <Point X="126.0" Y="163.0" />
  <Point X="126.0" Y="162.0" />
  <Point X="126.0" Y="161.0" />
  <Point X="126.0" Y="160.776146922974" />
  <Point X="126.0" Y="160.0" />
  <Point X="126.0" Y="159.0" />
  <Point X="126.0" Y="158.0" />
  <Point X="126.0" Y="157.0" />
  <Point X="126.0" Y="156.0" />
  <Point X="126.0" Y="155.0" />
  <Point X="126.0" Y="154.48707868146988" />
  <Point X="126.0" Y="154.0" />
  <Point X="126.0" Y="153.0" />
  <Point X="126.0" Y="152.0" />
  <Point X="127.0" Y="151.0" />
  <Point X="127.0" Y="150.0" />
  <Point X="127.0" Y="149.0" />
  <Point X="127.0" Y="148.61222400233888" />
  <Point X="127.0" Y="148.0" />
  <Point X="127.0" Y="147.0" />
  <Point X="127.0" Y="146.0" />
  <Point X="127.0" Y="145.0" />
  <Point X="127.0" Y="144.0" />
  <Point X="127.0" Y="143.0" />
  <Point X="127.0" Y="142.32315576083477" />
  <Point X="127.0" Y="142.0" />
  <Point X="127.0" Y="141.0" />
  <Point X="127.0" Y="140.0" />
  <Point X="127.0" Y="139.0" />
  <Point X="127.0" Y="138.0" />
  <Point X="127.0" Y="137.0" />
  <Point X="127.0" Y="136.03408751933065" />
  <Point X="127.0" Y="136.0" />
  <Point X="127.0" Y="135.0" />
  <Point X="127.0" Y="134.0" />
  <Point X="127.0" Y="133.0" />
  <Point X="127.0" Y="132.0" />
  <Point X="127.0" Y="131.0" />
  <Point X="127.0" Y="130.0" />
  <Point X="127.0" Y="129.74501927782654" />
  <Point X="127.0" Y="129.0" />
  <Point X="127.0" Y="128.0" />
  <Point X="127.0" Y="127.0" />
  <Point X="127.0" Y="126.0" />
  <Point X="127.0" Y="125.0" />
  <Point X="127.0" Y="124.0" />
  <Point X="127.0" Y="123.45595103632245" />
  <Point X="127.0" Y="123.0" />
  <Point X="127.0" Y="122.0" />
  <Point X="127.0" Y="121.0" />
  <Point X="127.0" Y="120.0" />
  <Point X="127.0" Y="119.0" />
  <Point X="127.0" Y="118.0" />
  <Point X="127.0" Y="117.16688279481835" />
  <Point X="127.0" Y="117.0" />
  <Point X="127.0" Y="116.0" />
  <Point X="127.0" Y="115.0" />
  <Point X="127.0" Y="114.0" />
  <Point X="127.0" Y="113.0" />
  <Point X="127.0" Y="112.0" />
  <Point X="127.0" Y="111.0" />
  <Point X="127.0" Y="110.87781455331425" />
  <Point X="127.0" Y="110.0" />
  <Point X="127.0" Y="109.0" />
  <Point X="127.0" Y="108.0" />
  <Point X="127.0" Y="107.0" />
  <Point X="127.0" Y="106.0" />
  <Point X="127.99790705289357" Y="105.00209294710643" />
  <Point X="128.0" Y="105.0" />
  <Point X="128.0" Y="104.0" />
  <Point X="128.0" Y="103.0" />
  <Point X="128.0" Y="102.0" />
  <Point X="128.0" Y="101.0" />
  <Point X="128.0" Y="100.0" />
  <Point X="128.0" Y="99.0" />
  <Point X="128.0" Y="98.71389163267915" />
  <Point X="128.0" Y="98.0" />
  <Point X="128.0" Y="97.0" />
  <Point X="128.0" Y="96.0" />
  <Point X="128.0" Y="95.0" />
  <Point X="128.0" Y="94.0" />
  <Point X="129.0" Y="94.0" />
  <Point X="129.0" Y="93.42482339117505" />
  <Point X="129.0" Y="93.0" />
  <Point X="129.0" Y="92.0" />
  <Point X="129.0" Y="91.0" />
  <Point X="129.0" Y="90.0" />
  <Point X="129.0" Y="89.0" />
  <Point X="129.0" Y="88.0" />
  <Point X="129.0" Y="87.13575514967096" />
  <Point X="129.0" Y="87.0" />
  <Point X="129.0" Y="86.0" />
  <Point X="129.0" Y="85.0" />
  <Point X="129.0" Y="84.0" />
  <Point X="129.0" Y="83.0" />
  <Point X="129.0" Y="82.0" />
  <Point X="129.0" Y="81.0" />
  <Point X="129.0" Y="80.84668690816686" />
  <Point X="129.0" Y="80.0" />
  <Point X="129.0" Y="79.0" />
  <Point X="128.0" Y="80.0" />
  <Point X="127.0" Y="80.0" />
  <Point X="127.0" Y="81.0" />
  <Point X="126.0" Y="81.0" />
  <Point X="125.97183222903585" Y="81.0" />
  <Point X="125.0" Y="81.0" />
  <Point X="125.0" Y="82.0" />
  <Point X="124.0" Y="82.0" />
  <Point X="123.0" Y="83.0" />
  <Point X="123.0" Y="84.0" />
  <Point X="122.09697754990485" Y="84.0" />
  <Point X="122.0" Y="84.0" />
  <Point X="121.0" Y="85.0" />
  <Point X="120.0" Y="86.0" />
  <Point X="120.0" Y="87.0" />
  <Point X="119.0" Y="87.0" />
  <Point X="118.03574424462117" Y="87.96425575537883" />
  <Point X="118.0" Y="88.0" />
  <Point X="117.0" Y="88.0" />
  <Point X="117.0" Y="89.0" />
  <Point X="116.0" Y="90.0" />
  <Point X="116.0" Y="91.0" />
  <Point X="115.0" Y="92.0" />
  <Point X="114.58990887876213" Y="92.0" />
  <Point X="114.0" Y="92.0" />
  <Point X="114.0" Y="93.0" />
  <Point X="113.0" Y="93.0" />
  <Point X="113.0" Y="94.0" />
  <Point X="112.0" Y="95.0" />
  <Point X="111.09140611110199" Y="95.90859388889801" />
  <Point X="111.0" Y="96.0" />
  <Point X="110.0" Y="96.0" />
  <Point X="110.0" Y="98.0" />
  <Point X="109.0" Y="98.0" />
  <Point X="108.0" Y="99.0" />
  <Point X="107.47279043493567" Y="99.52720956506433" />
  <Point X="107.0" Y="100.0" />
  <Point X="106.0" Y="101.0" />
  <Point X="106.0" Y="102.0" />
  <Point X="105.0" Y="103.0" />
  <Point X="104.0" Y="104.0" />
  <Point X="103.62219909086149" Y="104.0" />
  <Point X="103.0" Y="104.0" />
  <Point X="103.0" Y="105.0" />
  <Point X="102.0" Y="106.0" />
  <Point X="101.0" Y="107.0" />
  <Point X="100.0" Y="108.0" />
  <Point X="99.62055852702862" Y="108.1897207364857" />
  <Point X="98.0" Y="109.0" />
  <Point X="98.0" Y="110.0" />
  <Point X="97.0" Y="111.0" />
  <Point X="96.0" Y="111.0" />
  <Point X="95.24833476821509" Y="111.75166523178491" />
  <Point X="95.0" Y="112.0" />
  <Point X="95.0" Y="113.0" />
  <Point X="93.0" Y="114.0" />
  <Point X="93.0" Y="115.0" />
  <Point X="91.4778621366524" Y="115.7610689316738" />
  <Point X="91.0" Y="116.0" />
  <Point X="91.0" Y="117.0" />
  <Point X="90.0" Y="117.0" />
  <Point X="89.0" Y="118.0" />
  <Point X="88.0" Y="119.0" />
  <Point X="88.0" Y="119.92637500604388" />
  <Point X="88.0" Y="120.0" />
  <Point X="87.0" Y="120.0" />
  <Point X="86.0" Y="122.0" />
  <Point X="85.0" Y="122.0" />
  <Point X="84.0" Y="123.0" />
  <Point X="83.60037032403596" Y="123.39962967596404" />
  <Point X="83.0" Y="124.0" />
  <Point X="83.0" Y="125.0" />
  <Point X="82.0" Y="125.0" />
  <Point X="81.0" Y="126.0" />
  <Point X="80.0" Y="127.0" />
  <Point X="80.0" Y="127.61158926205992" />
  <Point X="80.0" Y="128.0" />
  <Point X="79.0" Y="129.0" />
  <Point X="78.0" Y="129.0" />
  <Point X="77.0" Y="130.0" />
  <Point X="77.0" Y="131.0" />
  <Point X="76.24181862814369" Y="131.75818137185632" />
  <Point X="76.0" Y="132.0" />
  <Point X="75.0" Y="133.0" />
  <Point X="74.0" Y="134.0" />
  <Point X="73.0" Y="135.0" />
  <Point X="72.0" Y="136.0" />
  <Point X="72.0" Y="136.29023080845647" />
  <Point X="72.0" Y="137.0" />
  <Point X="71.0" Y="137.0" />
  <Point X="71.0" Y="138.0" />
  <Point X="70.0" Y="138.0" />
  <Point X="70.0" Y="139.0" />
  <Point X="68.8832669322514" Y="140.11673306774858" />
  <Point X="68.0" Y="141.0" />
  <Point X="68.0" Y="143.0" />
  <Point X="67.0" Y="143.0" />
  <Point X="67.0" Y="144.0" />
  <Point X="66.26465125608509" Y="144.7353487439149" />
  <Point X="66.0" Y="145.0" />
  <Point X="65.0" Y="145.0" />
  <Point X="65.0" Y="146.0" />
  <Point X="65.0" Y="147.0" />
  <Point X="64.0" Y="148.0" />
  <Point X="64.0" Y="149.0" />
  <Point X="63.499418716523614" Y="149.0" />
  <Point X="63.0" Y="149.0" />
  <Point X="63.0" Y="150.0" />
  <Point X="63.0" Y="151.0" />
  <Point X="62.0" Y="152.0" />
  <Point X="62.0" Y="153.0" />
  <Point X="61.0" Y="153.0" />
  <Point X="61.0" Y="153.37543596260738" />
  <Point X="61.0" Y="154.0" />
  <Point X="61.0" Y="155.0" />
  <Point X="60.0" Y="156.0" />
  <Point X="60.0" Y="157.0" />
  <Point X="60.0" Y="158.0" />
  <Point X="59.0" Y="158.0" />
  <Point X="59.0" Y="158.2502906417384" />
  <Point X="59.0" Y="159.0" />
  <Point X="59.0" Y="160.0" />
  <Point X="58.0" Y="161.0" />
  <Point X="57.0" Y="162.0" />
  <Point X="57.0" Y="163.0" />
  <Point X="57.0" Y="163.7109317584963" />
  <Point X="57.0" Y="164.0" />
  <Point X="56.0" Y="164.0" />
  <Point X="56.0" Y="165.0" />
  <Point X="56.0" Y="166.0" />
  <Point X="55.0" Y="166.0" />
  <Point X="55.0" Y="167.0" />
  <Point X="55.0" Y="168.0" />
</Project_1_Part_4>
