<?xml version="1.0" encoding="utf-8" standalone="yes"?>
<Gesture Name="zig_zag6" Subject="3" Number="3" NumPts="485">
  <Point X="75.0" Y="171.0" />
  <Point X="75.0" Y="170.0" />
  <Point X="75.0" Y="169.0" />
  <Point X="75.0" Y="168.0" />
  <Point X="75.0" Y="167.0" />
  <Point X="75.0" Y="166.0" />
  <Point X="75.0" Y="165.0" />
  <Point X="75.0" Y="164.0" />
  <Point X="75.0" Y="163.0" />
  <Point X="75.0" Y="162.70595209663492" />
  <Point X="75.0" Y="162.0" />
  <Point X="76.0" Y="161.0" />
  <Point X="76.0" Y="160.0" />
  <Point X="76.0" Y="159.0" />
  <Point X="77.0" Y="158.0" />
  <Point X="77.0" Y="157.0" />
  <Point X="78.0" Y="156.0" />
  <Point X="78.0" Y="155.65454488038912" />
  <Point X="78.0" Y="155.0" />
  <Point X="78.0" Y="154.0" />
  <Point X="79.0" Y="153.0" />
  <Point X="80.0" Y="152.0" />
  <Point X="80.0" Y="150.0" />
  <Point X="81.0" Y="149.0" />
  <Point X="81.0" Y="148.60313766414333" />
  <Point X="81.0" Y="148.0" />
  <Point X="81.0" Y="147.0" />
  <Point X="82.0" Y="146.0" />
  <Point X="82.0" Y="145.0" />
  <Point X="83.0" Y="145.0" />
  <Point X="83.0" Y="143.0" />
  <Point X="84.0" Y="143.0" />
  <Point X="84.0" Y="142.72330332315136" />
  <Point X="84.0" Y="142.0" />
  <Point X="84.0" Y="141.0" />
  <Point X="85.0" Y="140.0" />
  <Point X="85.0" Y="139.0" />
  <Point X="85.0" Y="137.0" />
  <Point X="86.0" Y="136.0" />
  <Point X="86.52489770655424" Y="135.47510229344576" />
  <Point X="87.0" Y="135.0" />
  <Point X="87.0" Y="134.0" />
  <Point X="88.0" Y="133.0" />
  <Point X="88.0" Y="132.0" />
  <Point X="88.0" Y="131.0" />
  <Point X="88.0" Y="130.0" />
  <Point X="89.0" Y="130.0" />
  <Point X="89.0" Y="129.0" />
  <Point X="89.14703453539047" Y="128.85296546460953" />
  <Point X="90.0" Y="128.0" />
  <Point X="90.0" Y="126.0" />
  <Point X="91.0" Y="125.0" />
  <Point X="91.0" Y="124.0" />
  <Point X="91.0" Y="123.0" />
  <Point X="92.0" Y="122.0" />
  <Point X="92.1833849265998" Y="121.8166150734002" />
  <Point X="93.0" Y="121.0" />
  <Point X="93.0" Y="119.0" />
  <Point X="94.0" Y="118.0" />
  <Point X="94.0" Y="116.0" />
  <Point X="94.0" Y="115.0" />
  <Point X="94.51262853662259" Y="114.48737146337741" />
  <Point X="95.0" Y="114.0" />
  <Point X="96.0" Y="113.0" />
  <Point X="96.0" Y="112.0" />
  <Point X="96.0" Y="111.0" />
  <Point X="97.0" Y="110.0" />
  <Point X="97.0" Y="109.0" />
  <Point X="98.0" Y="108.0" />
  <Point X="98.0" Y="107.63784011717615" />
  <Point X="98.0" Y="107.0" />
  <Point X="98.0" Y="105.0" />
  <Point X="99.0" Y="105.0" />
  <Point X="99.0" Y="104.0" />
  <Point X="99.0" Y="103.0" />
  <Point X="100.0" Y="102.0" />
  <Point X="100.55543670242285" Y="100.88912659515428" />
  <Point X="101.0" Y="100.0" />
  <Point X="101.0" Y="99.0" />
  <Point X="101.0" Y="98.0" />
  <Point X="102.0" Y="97.0" />
  <Point X="102.0" Y="96.0" />
  <Point X="102.0" Y="95.0" />
  <Point X="102.0" Y="94.0" />
  <Point X="102.62632731779328" Y="93.37367268220672" />
  <Point X="103.0" Y="93.0" />
  <Point X="104.0" Y="92.0" />
  <Point X="104.0" Y="91.0" />
  <Point X="104.0" Y="90.0" />
  <Point X="105.0" Y="89.0" />
  <Point X="105.0" Y="88.0" />
  <Point X="105.0" Y="87.0" />
  <Point X="105.0" Y="86.06283219644618" />
  <Point X="105.0" Y="86.0" />
  <Point X="106.0" Y="86.0" />
  <Point X="106.0" Y="84.0" />
  <Point X="106.0" Y="83.0" />
  <Point X="107.0" Y="82.0" />
  <Point X="108.0" Y="81.0" />
  <Point X="108.0" Y="80.0" />
  <Point X="108.0" Y="79.59721141782728" />
  <Point X="108.0" Y="79.0" />
  <Point X="108.0" Y="78.0" />
  <Point X="109.0" Y="78.0" />
  <Point X="109.0" Y="77.0" />
  <Point X="109.0" Y="76.0" />
  <Point X="109.0" Y="75.0" />
  <Point X="110.0" Y="75.0" />
  <Point X="110.0" Y="76.0" />
  <Point X="110.0" Y="76.6968364855378" />
  <Point X="110.0" Y="77.0" />
  <Point X="110.0" Y="78.0" />
  <Point X="110.0" Y="79.0" />
  <Point X="110.0" Y="80.0" />
  <Point X="110.0" Y="81.0" />
  <Point X="110.0" Y="82.0" />
  <Point X="110.0" Y="83.0" />
  <Point X="110.890350565786" Y="84.78070113157199" />
  <Point X="111.0" Y="85.0" />
  <Point X="111.0" Y="87.0" />
  <Point X="111.0" Y="88.0" />
  <Point X="112.0" Y="90.0" />
  <Point X="112.0" Y="92.0" />
  <Point X="112.0" Y="92.81279633726838" />
  <Point X="112.0" Y="94.0" />
  <Point X="112.0" Y="95.0" />
  <Point X="112.0" Y="96.0" />
  <Point X="112.0" Y="97.0" />
  <Point X="113.0" Y="98.0" />
  <Point X="113.0" Y="100.0" />
  <Point X="113.3097538559784" Y="100.61950771195679" />
  <Point X="114.0" Y="102.0" />
  <Point X="114.0" Y="103.0" />
  <Point X="114.0" Y="105.0" />
  <Point X="114.0" Y="107.0" />
  <Point X="114.0" Y="108.0" />
  <Point X="114.53076184820779" Y="108.53076184820779" />
  <Point X="115.0" Y="109.0" />
  <Point X="115.0" Y="111.0" />
  <Point X="116.0" Y="112.0" />
  <Point X="116.0" Y="113.0" />
  <Point X="116.0" Y="114.0" />
  <Point X="116.0" Y="116.0" />
  <Point X="116.09670161413712" Y="116.19340322827425" />
  <Point X="117.0" Y="118.0" />
  <Point X="117.0" Y="119.0" />
  <Point X="118.0" Y="120.0" />
  <Point X="118.0" Y="121.0" />
  <Point X="118.0" Y="123.85999774623676" />
  <Point X="118.0" Y="124.0" />
  <Point X="118.0" Y="126.0" />
  <Point X="119.0" Y="127.0" />
  <Point X="119.0" Y="128.0" />
  <Point X="120.0" Y="130.0" />
  <Point X="121.0" Y="131.0" />
  <Point X="121.0" Y="131.08955054735586" />
  <Point X="121.0" Y="132.0" />
  <Point X="121.0" Y="134.0" />
  <Point X="121.0" Y="135.0" />
  <Point X="122.0" Y="135.0" />
  <Point X="122.0" Y="137.0" />
  <Point X="122.0" Y="138.0" />
  <Point X="122.0" Y="138.38359845072094" />
  <Point X="122.0" Y="139.0" />
  <Point X="123.0" Y="140.0" />
  <Point X="123.0" Y="141.0" />
  <Point X="124.0" Y="142.0" />
  <Point X="124.0" Y="143.0" />
  <Point X="124.0" Y="144.0" />
  <Point X="125.0" Y="144.0" />
  <Point X="125.0" Y="144.84921922933984" />
  <Point X="125.0" Y="145.0" />
  <Point X="125.0" Y="146.0" />
  <Point X="126.0" Y="147.0" />
  <Point X="126.0" Y="148.0" />
  <Point X="127.0" Y="148.0" />
  <Point X="127.0" Y="149.0" />
  <Point X="127.0" Y="150.0" />
  <Point X="128.0" Y="150.0" />
  <Point X="128.0" Y="150.7290535703318" />
  <Point X="128.0" Y="151.0" />
  <Point X="128.0" Y="152.0" />
  <Point X="129.0" Y="152.0" />
  <Point X="129.0" Y="153.0" />
  <Point X="130.0" Y="154.0" />
  <Point X="131.0" Y="154.0" />
  <Point X="131.0" Y="155.0" />
  <Point X="132.0" Y="155.0" />
  <Point X="132.0" Y="155.6088879113238" />
  <Point X="132.0" Y="156.0" />
  <Point X="133.0" Y="156.0" />
  <Point X="134.0" Y="156.0" />
  <Point X="135.0" Y="156.0" />
  <Point X="135.0" Y="155.0" />
  <Point X="135.0" Y="154.0" />
  <Point X="136.0" Y="154.0" />
  <Point X="136.0" Y="153.0" />
  <Point X="136.0" Y="152.09706418531113" />
  <Point X="136.0" Y="152.0" />
  <Point X="136.0" Y="151.0" />
  <Point X="136.0" Y="150.0" />
  <Point X="136.0" Y="149.0" />
  <Point X="136.0" Y="148.0" />
  <Point X="137.0" Y="148.0" />
  <Point X="137.0" Y="147.0" />
  <Point X="137.0" Y="146.0" />
  <Point X="137.0" Y="145.0" />
  <Point X="137.0" Y="144.80301628194604" />
  <Point X="137.0" Y="144.0" />
  <Point X="137.0" Y="143.0" />
  <Point X="137.0" Y="142.0" />
  <Point X="137.0" Y="141.0" />
  <Point X="138.0" Y="141.0" />
  <Point X="138.0" Y="140.0" />
  <Point X="138.0" Y="139.0" />
  <Point X="138.0" Y="138.0" />
  <Point X="138.0" Y="137.50896837858096" />
  <Point X="138.0" Y="137.0" />
  <Point X="139.0" Y="135.0" />
  <Point X="139.0" Y="134.0" />
  <Point X="139.0" Y="133.0" />
  <Point X="139.0" Y="132.0" />
  <Point X="139.0" Y="130.0" />
  <Point X="139.0" Y="129.45098845271568" />
  <Point X="139.0" Y="129.0" />
  <Point X="139.0" Y="128.0" />
  <Point X="140.0" Y="128.0" />
  <Point X="140.0" Y="126.0" />
  <Point X="140.0" Y="125.0" />
  <Point X="140.0" Y="124.0" />
  <Point X="140.0" Y="123.0" />
  <Point X="140.0" Y="122.1569405493506" />
  <Point X="140.0" Y="122.0" />
  <Point X="140.0" Y="121.0" />
  <Point X="140.0" Y="120.0" />
  <Point X="140.0" Y="119.0" />
  <Point X="140.0" Y="118.0" />
  <Point X="141.0" Y="117.0" />
  <Point X="141.0" Y="116.0" />
  <Point X="141.0" Y="115.0" />
  <Point X="141.0" Y="114.2771062083586" />
  <Point X="141.0" Y="114.0" />
  <Point X="141.0" Y="113.0" />
  <Point X="142.0" Y="112.0" />
  <Point X="142.0" Y="111.0" />
  <Point X="142.0" Y="110.0" />
  <Point X="142.0" Y="109.0" />
  <Point X="142.0" Y="107.0" />
  <Point X="142.0" Y="106.39727186736661" />
  <Point X="142.0" Y="106.0" />
  <Point X="142.0" Y="105.0" />
  <Point X="142.0" Y="104.0" />
  <Point X="142.0" Y="103.0" />
  <Point X="142.0" Y="102.0" />
  <Point X="142.0" Y="101.0" />
  <Point X="142.0" Y="100.0" />
  <Point X="142.0" Y="99.0" />
  <Point X="142.0" Y="98.10322396400153" />
  <Point X="142.0" Y="98.0" />
  <Point X="142.0" Y="97.0" />
  <Point X="143.0" Y="96.0" />
  <Point X="143.0" Y="95.0" />
  <Point X="143.0" Y="94.0" />
  <Point X="143.0" Y="93.0" />
  <Point X="143.0" Y="92.0" />
  <Point X="143.0" Y="91.0" />
  <Point X="143.0" Y="90.22338962300954" />
  <Point X="143.0" Y="90.0" />
  <Point X="143.0" Y="89.0" />
  <Point X="143.0" Y="88.0" />
  <Point X="143.0" Y="87.0" />
  <Point X="143.0" Y="88.0" />
  <Point X="143.0" Y="89.0" />
  <Point X="143.0" Y="90.0" />
  <Point X="143.0" Y="91.0" />
  <Point X="143.0" Y="92.0" />
  <Point X="143.0" Y="92.07065828035554" />
  <Point X="143.0" Y="94.0" />
  <Point X="144.0" Y="94.0" />
  <Point X="144.0" Y="95.0" />
  <Point X="144.0" Y="96.0" />
  <Point X="144.0" Y="97.0" />
  <Point X="144.0" Y="98.0" />
  <Point X="144.0" Y="99.0" />
  <Point X="144.0" Y="99.36470618372063" />
  <Point X="144.0" Y="100.0" />
  <Point X="144.0" Y="101.0" />
  <Point X="144.0" Y="102.0" />
  <Point X="145.0" Y="104.0" />
  <Point X="145.0" Y="106.0" />
  <Point X="145.63624457033578" Y="107.27248914067154" />
  <Point X="146.0" Y="108.0" />
  <Point X="146.0" Y="109.0" />
  <Point X="146.0" Y="110.0" />
  <Point X="146.0" Y="112.0" />
  <Point X="146.0" Y="114.0" />
  <Point X="146.0" Y="115.0" />
  <Point X="146.3398822131536" Y="115.33988221315361" />
  <Point X="147.0" Y="116.0" />
  <Point X="147.0" Y="119.0" />
  <Point X="148.0" Y="120.0" />
  <Point X="148.0" Y="122.0" />
  <Point X="148.0" Y="122.9462868140701" />
  <Point X="148.0" Y="123.0" />
  <Point X="148.0" Y="125.0" />
  <Point X="148.0" Y="126.0" />
  <Point X="149.0" Y="128.0" />
  <Point X="149.0" Y="130.0" />
  <Point X="149.71012382192842" Y="130.71012382192842" />
  <Point X="150.0" Y="131.0" />
  <Point X="150.0" Y="133.0" />
  <Point X="150.0" Y="134.0" />
  <Point X="150.0" Y="136.0" />
  <Point X="150.0" Y="137.0" />
  <Point X="151.0" Y="138.0" />
  <Point X="151.0" Y="138.4698875185543" />
  <Point X="151.0" Y="140.0" />
  <Point X="152.0" Y="141.0" />
  <Point X="152.0" Y="142.0" />
  <Point X="152.0" Y="143.0" />
  <Point X="152.0" Y="144.0" />
  <Point X="152.0" Y="145.0" />
  <Point X="152.0" Y="146.0" />
  <Point X="152.24729069841433" Y="146.24729069841433" />
  <Point X="153.0" Y="147.0" />
  <Point X="153.0" Y="148.0" />
  <Point X="153.0" Y="149.0" />
  <Point X="153.0" Y="150.0" />
  <Point X="153.0" Y="151.0" />
  <Point X="153.0" Y="152.0" />
  <Point X="154.0" Y="152.0" />
  <Point X="154.0" Y="153.0" />
  <Point X="154.0" Y="153.22955620053824" />
  <Point X="154.0" Y="154.0" />
  <Point X="155.0" Y="154.0" />
  <Point X="155.0" Y="155.0" />
  <Point X="155.0" Y="156.0" />
  <Point X="155.0" Y="157.0" />
  <Point X="155.0" Y="158.0" />
  <Point X="156.0" Y="159.0" />
  <Point X="156.0" Y="160.0" />
  <Point X="156.0" Y="160.10939054153022" />
  <Point X="156.0" Y="161.0" />
  <Point X="156.0" Y="162.0" />
  <Point X="157.0" Y="162.0" />
  <Point X="157.0" Y="163.0" />
  <Point X="157.0" Y="164.0" />
  <Point X="157.0" Y="165.0" />
  <Point X="158.0" Y="165.0" />
  <Point X="158.99238084136337" Y="165.99238084136337" />
  <Point X="159.0" Y="166.0" />
  <Point X="159.0" Y="167.0" />
  <Point X="159.0" Y="168.0" />
  <Point X="160.0" Y="168.0" />
  <Point X="160.0" Y="169.0" />
  <Point X="160.0" Y="170.0" />
  <Point X="161.0" Y="170.0" />
  <Point X="161.0" Y="171.0" />
  <Point X="161.90741088901305" Y="171.90741088901305" />
  <Point X="162.0" Y="172.0" />
  <Point X="163.0" Y="172.0" />
  <Point X="164.0" Y="172.0" />
  <Point X="164.0" Y="171.0" />
  <Point X="164.0" Y="170.0" />
  <Point X="164.0" Y="169.0" />
  <Point X="164.0" Y="168.0" />
  <Point X="165.0" Y="167.0" />
  <Point X="165.0" Y="166.25110643549382" />
  <Point X="165.0" Y="166.0" />
  <Point X="165.0" Y="165.0" />
  <Point X="165.0" Y="164.0" />
  <Point X="165.0" Y="163.0" />
  <Point X="166.0" Y="163.0" />
  <Point X="166.0" Y="162.0" />
  <Point X="167.0" Y="161.0" />
  <Point X="167.0" Y="160.0" />
  <Point X="167.0" Y="159.37127209450185" />
  <Point X="167.0" Y="158.0" />
  <Point X="168.0" Y="156.0" />
  <Point X="169.0" Y="154.0" />
  <Point X="169.0" Y="153.0" />
  <Point X="169.0" Y="152.0" />
  <Point X="169.0" Y="151.54936014613634" />
  <Point X="169.0" Y="151.0" />
  <Point X="170.0" Y="151.0" />
  <Point X="170.0" Y="150.0" />
  <Point X="170.0" Y="148.0" />
  <Point X="171.0" Y="148.0" />
  <Point X="171.0" Y="146.0" />
  <Point X="171.52657376300306" Y="145.47342623699694" />
  <Point X="172.0" Y="145.0" />
  <Point X="172.0" Y="144.0" />
  <Point X="172.0" Y="143.0" />
  <Point X="173.0" Y="141.0" />
  <Point X="173.0" Y="140.0" />
  <Point X="173.0" Y="139.0" />
  <Point X="173.0" Y="138.0" />
  <Point X="173.27467854294164" Y="137.72532145705836" />
  <Point X="174.0" Y="137.0" />
  <Point X="174.0" Y="136.0" />
  <Point X="175.0" Y="135.0" />
  <Point X="175.0" Y="134.0" />
  <Point X="175.0" Y="132.0" />
  <Point X="176.0" Y="131.0" />
  <Point X="176.0" Y="130.56013866303326" />
  <Point X="176.0" Y="130.0" />
  <Point X="177.0" Y="128.0" />
  <Point X="177.0" Y="127.0" />
  <Point X="177.0" Y="126.0" />
  <Point X="178.0" Y="124.0" />
  <Point X="178.56428216763922" Y="122.87143566472155" />
  <Point X="179.0" Y="122.0" />
  <Point X="180.0" Y="121.0" />
  <Point X="180.0" Y="120.0" />
  <Point X="180.0" Y="118.0" />
  <Point X="181.0" Y="118.0" />
  <Point X="181.0" Y="116.09446035117556" />
  <Point X="181.0" Y="116.0" />
  <Point X="181.0" Y="115.0" />
  <Point X="181.0" Y="114.0" />
  <Point X="182.0" Y="112.0" />
  <Point X="182.0" Y="111.0" />
  <Point X="183.0" Y="110.0" />
  <Point X="183.69287071229783" Y="108.61425857540435" />
  <Point X="184.0" Y="108.0" />
  <Point X="184.0" Y="107.0" />
  <Point X="184.0" Y="106.0" />
  <Point X="184.0" Y="105.0" />
  <Point X="185.0" Y="103.0" />
  <Point X="186.0" Y="101.0" />
  <Point X="186.0" Y="100.86485001681764" />
  <Point X="186.0" Y="100.0" />
  <Point X="187.0" Y="98.0" />
  <Point X="187.0" Y="97.0" />
  <Point X="188.0" Y="96.0" />
  <Point X="188.0" Y="94.0" />
  <Point X="188.0" Y="93.22108365332544" />
  <Point X="188.0" Y="93.0" />
  <Point X="189.0" Y="92.0" />
  <Point X="189.0" Y="90.0" />
  <Point X="190.0" Y="90.0" />
  <Point X="190.0" Y="89.0" />
  <Point X="190.0" Y="88.0" />
  <Point X="190.0" Y="87.0" />
  <Point X="190.4658070783603" Y="86.53419292163967" />
  <Point X="191.0" Y="86.0" />
  <Point X="191.0" Y="84.0" />
  <Point X="191.0" Y="83.0" />
  <Point X="191.0" Y="81.0" />
  <Point X="192.0" Y="81.0" />
  <Point X="192.0" Y="80.0" />
  <Point X="192.24086254714882" Y="79.51827490570233" />
  <Point X="193.0" Y="78.0" />
  <Point X="193.0" Y="77.0" />
  <Point X="193.0" Y="76.0" />
  <Point X="193.0" Y="75.0" />
  <Point X="194.0" Y="73.0" />
  <Point X="194.0" Y="72.0" />
  <Point X="194.25490985705096" Y="71.74509014294905" />
  <Point X="195.0" Y="71.0" />
  <Point X="195.0" Y="70.0" />
  <Point X="195.0" Y="69.0" />
  <Point X="195.0" Y="68.0" />
  <Point X="196.0" Y="67.0" />
  <Point X="196.0" Y="66.0" />
  <Point X="196.0" Y="65.0" />
  <Point X="196.0" Y="64.17388224435706" />
  <Point X="196.0" Y="64.0" />
  <Point X="196.0" Y="63.0" />
  <Point X="196.0" Y="62.0" />
  <Point X="197.0" Y="62.0" />
  <Point X="197.0" Y="61.0" />
  <Point X="197.0" Y="60.0" />
  <Point X="198.0" Y="59.0" />
  <Point X="198.0" Y="58.0" />
  <Point X="198.0" Y="57.29404790336507" />
  <Point X="198.0" Y="57.0" />
  <Point X="198.0" Y="56.0" />
  <Point X="198.0" Y="55.0" />
  <Point X="198.0" Y="54.0" />
  <Point X="199.0" Y="54.0" />
  <Point X="199.0" Y="53.0" />
  <Point X="199.0" Y="52.0" />
  <Point X="199.0" Y="51.0" />
  <Point X="200.0" Y="51.0" />
</Project_1_Part_4>
