<?xml version="1.0" encoding="utf-8" standalone="yes"?>
<Gesture Name="zig_zag3" Subject="3" Number="3" NumPts="464">
  <Point X="68.0" Y="170.0" />
  <Point X="68.0" Y="169.0" />
  <Point X="68.0" Y="168.0" />
  <Point X="68.0" Y="167.0" />
  <Point X="68.0" Y="166.0" />
  <Point X="68.0" Y="165.0" />
  <Point X="68.0" Y="164.0" />
  <Point X="68.0" Y="163.0" />
  <Point X="68.0" Y="162.5510319803678" />
  <Point X="68.0" Y="162.0" />
  <Point X="68.0" Y="161.0" />
  <Point X="68.0" Y="160.0" />
  <Point X="68.0" Y="159.0" />
  <Point X="69.0" Y="158.0" />
  <Point X="69.0" Y="157.0" />
  <Point X="69.0" Y="156.0" />
  <Point X="69.0" Y="155.5162775231087" />
  <Point X="69.0" Y="155.0" />
  <Point X="69.0" Y="154.0" />
  <Point X="70.0" Y="154.0" />
  <Point X="70.0" Y="153.0" />
  <Point X="70.0" Y="151.0" />
  <Point X="70.0" Y="150.0" />
  <Point X="70.93269049652349" Y="150.0" />
  <Point X="71.0" Y="150.0" />
  <Point X="71.0" Y="149.0" />
  <Point X="72.0" Y="148.0" />
  <Point X="72.0" Y="147.0" />
  <Point X="72.0" Y="146.0" />
  <Point X="73.0" Y="144.0" />
  <Point X="73.0" Y="143.2686230237172" />
  <Point X="73.0" Y="143.0" />
  <Point X="73.0" Y="142.0" />
  <Point X="74.0" Y="140.0" />
  <Point X="74.0" Y="139.0" />
  <Point X="75.0" Y="138.0" />
  <Point X="75.0" Y="136.46993654395789" />
  <Point X="75.0" Y="136.0" />
  <Point X="76.0" Y="135.0" />
  <Point X="76.0" Y="134.0" />
  <Point X="77.0" Y="133.0" />
  <Point X="77.0" Y="132.0" />
  <Point X="77.0" Y="131.0" />
  <Point X="77.0" Y="130.0" />
  <Point X="77.0" Y="129.84939564907188" />
  <Point X="77.0" Y="129.0" />
  <Point X="78.0" Y="129.0" />
  <Point X="78.0" Y="127.0" />
  <Point X="78.0" Y="126.0" />
  <Point X="78.0" Y="124.0" />
  <Point X="78.59957237056031" Y="124.0" />
  <Point X="79.0" Y="124.0" />
  <Point X="79.0" Y="122.0" />
  <Point X="79.0" Y="121.0" />
  <Point X="79.0" Y="120.0" />
  <Point X="80.0" Y="118.0" />
  <Point X="80.0" Y="117.18752758730729" />
  <Point X="80.0" Y="116.0" />
  <Point X="81.0" Y="115.0" />
  <Point X="81.0" Y="114.0" />
  <Point X="81.0" Y="113.0" />
  <Point X="81.0" Y="112.0" />
  <Point X="81.0" Y="111.0" />
  <Point X="81.0" Y="110.15277313004819" />
  <Point X="81.0" Y="110.0" />
  <Point X="82.0" Y="110.0" />
  <Point X="82.0" Y="109.0" />
  <Point X="82.0" Y="108.0" />
  <Point X="82.0" Y="107.0" />
  <Point X="82.0" Y="106.0" />
  <Point X="83.0" Y="106.0" />
  <Point X="83.0" Y="105.0" />
  <Point X="83.0" Y="104.703805110416" />
  <Point X="83.0" Y="104.0" />
  <Point X="83.0" Y="103.0" />
  <Point X="83.0" Y="102.0" />
  <Point X="83.0" Y="101.0" />
  <Point X="83.0" Y="100.0" />
  <Point X="83.0" Y="99.0" />
  <Point X="83.0" Y="98.0" />
  <Point X="83.0" Y="97.25483709078381" />
  <Point X="83.0" Y="97.0" />
  <Point X="84.0" Y="96.0" />
  <Point X="84.0" Y="95.0" />
  <Point X="84.0" Y="94.0" />
  <Point X="84.0" Y="93.0" />
  <Point X="84.0" Y="92.0" />
  <Point X="84.0" Y="91.0" />
  <Point X="84.0" Y="90.22008263352471" />
  <Point X="84.0" Y="90.0" />
  <Point X="84.0" Y="89.0" />
  <Point X="84.0" Y="88.0" />
  <Point X="85.0" Y="87.0" />
  <Point X="85.0" Y="86.0" />
  <Point X="85.0" Y="85.0" />
  <Point X="85.0" Y="84.0" />
  <Point X="85.0" Y="83.18532817626561" />
  <Point X="85.0" Y="83.0" />
  <Point X="85.0" Y="82.0" />
  <Point X="86.0" Y="82.0" />
  <Point X="86.0" Y="81.0" />
  <Point X="86.0" Y="80.0" />
  <Point X="87.0" Y="81.0" />
  <Point X="87.0" Y="82.0" />
  <Point X="87.0" Y="82.84942628099348" />
  <Point X="87.0" Y="83.0" />
  <Point X="88.0" Y="83.0" />
  <Point X="88.0" Y="84.0" />
  <Point X="88.0" Y="85.0" />
  <Point X="88.0" Y="86.0" />
  <Point X="88.0" Y="87.0" />
  <Point X="89.0" Y="88.0" />
  <Point X="89.0" Y="88.88418073825258" />
  <Point X="89.0" Y="89.0" />
  <Point X="89.0" Y="90.0" />
  <Point X="89.0" Y="91.0" />
  <Point X="90.0" Y="92.0" />
  <Point X="90.0" Y="94.0" />
  <Point X="91.0" Y="95.0" />
  <Point X="91.0" Y="95.50472163313859" />
  <Point X="91.0" Y="97.0" />
  <Point X="91.0" Y="98.0" />
  <Point X="92.0" Y="98.0" />
  <Point X="92.0" Y="100.0" />
  <Point X="93.0" Y="101.0" />
  <Point X="93.0" Y="101.53947609039768" />
  <Point X="93.0" Y="102.0" />
  <Point X="93.0" Y="104.0" />
  <Point X="94.0" Y="104.0" />
  <Point X="94.0" Y="105.0" />
  <Point X="95.0" Y="107.0" />
  <Point X="95.0" Y="107.75237613253009" />
  <Point X="95.0" Y="108.0" />
  <Point X="95.0" Y="109.0" />
  <Point X="96.0" Y="111.0" />
  <Point X="97.0" Y="112.0" />
  <Point X="97.0" Y="114.0" />
  <Point X="97.24644269218754" Y="114.49288538437509" />
  <Point X="98.0" Y="116.0" />
  <Point X="98.0" Y="117.0" />
  <Point X="99.0" Y="117.0" />
  <Point X="99.0" Y="119.0" />
  <Point X="99.0" Y="120.0" />
  <Point X="99.54020317351494" Y="120.54020317351494" />
  <Point X="100.0" Y="121.0" />
  <Point X="100.0" Y="122.0" />
  <Point X="100.0" Y="124.0" />
  <Point X="101.0" Y="124.0" />
  <Point X="101.0" Y="125.0" />
  <Point X="101.0" Y="126.0" />
  <Point X="101.5647782859193" Y="126.5647782859193" />
  <Point X="102.0" Y="127.0" />
  <Point X="103.0" Y="128.0" />
  <Point X="103.0" Y="129.0" />
  <Point X="103.0" Y="130.0" />
  <Point X="104.0" Y="130.0" />
  <Point X="104.0" Y="131.0" />
  <Point X="104.0" Y="132.0" />
  <Point X="104.18749788055894" Y="132.37499576111787" />
  <Point X="105.0" Y="134.0" />
  <Point X="106.0" Y="134.0" />
  <Point X="106.0" Y="135.0" />
  <Point X="106.0" Y="136.0" />
  <Point X="106.0" Y="137.0" />
  <Point X="107.0" Y="137.0" />
  <Point X="107.0" Y="137.63215804869932" />
  <Point X="107.0" Y="138.0" />
  <Point X="107.0" Y="139.0" />
  <Point X="108.0" Y="140.0" />
  <Point X="108.0" Y="141.0" />
  <Point X="109.0" Y="141.0" />
  <Point X="109.0" Y="142.0" />
  <Point X="110.0" Y="143.0" />
  <Point X="110.0" Y="143.25269894358533" />
  <Point X="110.0" Y="144.0" />
  <Point X="110.0" Y="145.0" />
  <Point X="111.0" Y="145.0" />
  <Point X="111.0" Y="146.0" />
  <Point X="111.0" Y="147.0" />
  <Point X="112.0" Y="148.0" />
  <Point X="112.0" Y="149.0" />
  <Point X="112.28745340084443" Y="149.0" />
  <Point X="113.0" Y="149.0" />
  <Point X="113.0" Y="150.0" />
  <Point X="114.0" Y="150.0" />
  <Point X="114.0" Y="151.0" />
  <Point X="114.0" Y="152.0" />
  <Point X="115.0" Y="152.0" />
  <Point X="115.0" Y="153.0" />
  <Point X="115.73642142047662" Y="153.0" />
  <Point X="116.0" Y="153.0" />
  <Point X="116.0" Y="154.0" />
  <Point X="117.0" Y="154.0" />
  <Point X="117.0" Y="153.0" />
  <Point X="117.0" Y="152.0" />
  <Point X="117.0" Y="151.0" />
  <Point X="117.0" Y="150.0" />
  <Point X="117.0" Y="149.0" />
  <Point X="117.0" Y="148.81461055989118" />
  <Point X="117.0" Y="148.0" />
  <Point X="117.0" Y="147.0" />
  <Point X="117.0" Y="146.0" />
  <Point X="117.0" Y="145.0" />
  <Point X="117.0" Y="144.0" />
  <Point X="117.0" Y="143.0" />
  <Point X="117.0" Y="142.0" />
  <Point X="117.0" Y="141.365642540259" />
  <Point X="117.0" Y="141.0" />
  <Point X="117.0" Y="140.0" />
  <Point X="117.0" Y="139.0" />
  <Point X="117.0" Y="138.0" />
  <Point X="117.0" Y="137.0" />
  <Point X="117.0" Y="136.0" />
  <Point X="117.0" Y="135.0" />
  <Point X="117.0" Y="134.0" />
  <Point X="117.0" Y="133.9166745206268" />
  <Point X="117.0" Y="133.0" />
  <Point X="117.0" Y="132.0" />
  <Point X="118.0" Y="132.0" />
  <Point X="118.0" Y="131.0" />
  <Point X="118.0" Y="130.0" />
  <Point X="118.0" Y="129.0" />
  <Point X="118.0" Y="128.0" />
  <Point X="118.0" Y="127.46770650099461" />
  <Point X="118.0" Y="127.0" />
  <Point X="118.0" Y="125.0" />
  <Point X="118.0" Y="124.0" />
  <Point X="118.0" Y="123.0" />
  <Point X="118.0" Y="122.0" />
  <Point X="118.0" Y="121.0" />
  <Point X="118.0" Y="120.01873848136242" />
  <Point X="118.0" Y="120.0" />
  <Point X="118.0" Y="118.0" />
  <Point X="118.0" Y="117.0" />
  <Point X="118.0" Y="116.0" />
  <Point X="118.0" Y="115.0" />
  <Point X="118.0" Y="114.0" />
  <Point X="118.0" Y="113.0" />
  <Point X="118.0" Y="112.56977046173023" />
  <Point X="118.0" Y="111.0" />
  <Point X="118.0" Y="110.0" />
  <Point X="118.0" Y="109.0" />
  <Point X="118.0" Y="108.0" />
  <Point X="118.0" Y="107.0" />
  <Point X="118.0" Y="106.0" />
  <Point X="118.0" Y="105.12080244209804" />
  <Point X="118.0" Y="105.0" />
  <Point X="118.0" Y="104.0" />
  <Point X="118.0" Y="103.0" />
  <Point X="118.0" Y="102.0" />
  <Point X="118.0" Y="101.0" />
  <Point X="118.0" Y="100.0" />
  <Point X="118.0" Y="99.0" />
  <Point X="118.0" Y="98.0" />
  <Point X="118.0" Y="97.67183442246585" />
  <Point X="118.0" Y="97.0" />
  <Point X="118.0" Y="96.0" />
  <Point X="118.0" Y="95.0" />
  <Point X="118.0" Y="94.0" />
  <Point X="118.0" Y="93.0" />
  <Point X="118.0" Y="92.0" />
  <Point X="118.0" Y="91.0" />
  <Point X="118.0" Y="90.22286640283366" />
  <Point X="118.0" Y="90.0" />
  <Point X="118.0" Y="89.0" />
  <Point X="118.0" Y="88.0" />
  <Point X="118.0" Y="87.0" />
  <Point X="118.0" Y="86.0" />
  <Point X="118.0" Y="85.0" />
  <Point X="117.0" Y="85.0" />
  <Point X="117.0" Y="84.0" />
  <Point X="117.0" Y="83.77389838320147" />
  <Point X="117.0" Y="83.0" />
  <Point X="117.0" Y="84.0" />
  <Point X="117.0" Y="85.0" />
  <Point X="117.0" Y="86.0" />
  <Point X="117.0" Y="87.0" />
  <Point X="117.0" Y="88.0" />
  <Point X="117.0" Y="89.0" />
  <Point X="117.0" Y="89.67506963643072" />
  <Point X="117.0" Y="91.0" />
  <Point X="117.0" Y="92.0" />
  <Point X="117.0" Y="93.0" />
  <Point X="118.0" Y="93.0" />
  <Point X="118.0" Y="95.0" />
  <Point X="118.0" Y="96.0" />
  <Point X="118.0" Y="96.12403765606291" />
  <Point X="118.0" Y="98.0" />
  <Point X="118.0" Y="99.0" />
  <Point X="118.0" Y="100.0" />
  <Point X="118.0" Y="101.0" />
  <Point X="118.0" Y="102.0" />
  <Point X="118.0" Y="103.0" />
  <Point X="118.40517619894239" Y="103.40517619894239" />
  <Point X="119.0" Y="104.0" />
  <Point X="119.0" Y="105.0" />
  <Point X="119.0" Y="106.0" />
  <Point X="119.0" Y="108.0" />
  <Point X="119.0" Y="109.0" />
  <Point X="119.0" Y="110.0" />
  <Point X="119.0" Y="110.6077601329542" />
  <Point X="119.0" Y="111.0" />
  <Point X="120.0" Y="113.0" />
  <Point X="120.0" Y="115.0" />
  <Point X="121.0" Y="116.0" />
  <Point X="121.0" Y="117.0" />
  <Point X="121.0" Y="117.40644661271351" />
  <Point X="121.0" Y="119.0" />
  <Point X="121.0" Y="121.0" />
  <Point X="121.0" Y="122.0" />
  <Point X="122.0" Y="123.0" />
  <Point X="122.0" Y="124.0" />
  <Point X="122.0" Y="124.4412010699726" />
  <Point X="122.0" Y="125.0" />
  <Point X="122.0" Y="126.0" />
  <Point X="122.0" Y="128.0" />
  <Point X="123.0" Y="128.0" />
  <Point X="123.0" Y="129.0" />
  <Point X="123.0" Y="130.0" />
  <Point X="123.62944459966221" Y="130.6294445996622" />
  <Point X="124.0" Y="131.0" />
  <Point X="124.0" Y="132.0" />
  <Point X="124.0" Y="133.0" />
  <Point X="124.0" Y="134.0" />
  <Point X="125.0" Y="135.0" />
  <Point X="125.0" Y="136.0" />
  <Point X="125.0" Y="137.0" />
  <Point X="125.0" Y="137.5107099844908" />
  <Point X="125.0" Y="138.0" />
  <Point X="126.0" Y="139.0" />
  <Point X="126.0" Y="140.0" />
  <Point X="126.0" Y="141.0" />
  <Point X="127.0" Y="141.0" />
  <Point X="127.0" Y="142.0" />
  <Point X="128.0" Y="142.0" />
  <Point X="128.0" Y="142.5454644417499" />
  <Point X="128.0" Y="143.0" />
  <Point X="128.0" Y="144.0" />
  <Point X="129.0" Y="144.0" />
  <Point X="129.0" Y="145.0" />
  <Point X="130.0" Y="145.0" />
  <Point X="130.0" Y="146.0" />
  <Point X="131.0" Y="147.0" />
  <Point X="131.58021889900903" Y="147.0" />
  <Point X="132.0" Y="147.0" />
  <Point X="133.0" Y="147.0" />
  <Point X="133.0" Y="146.0" />
  <Point X="133.0" Y="145.0" />
  <Point X="134.0" Y="145.0" />
  <Point X="134.0" Y="144.0" />
  <Point X="134.0" Y="143.0" />
  <Point X="134.0" Y="142.0" />
  <Point X="134.02918691864122" Y="142.0" />
  <Point X="135.0" Y="142.0" />
  <Point X="135.0" Y="141.0" />
  <Point X="136.0" Y="140.0" />
  <Point X="136.0" Y="139.0" />
  <Point X="136.0" Y="138.0" />
  <Point X="137.0" Y="137.0" />
  <Point X="137.0" Y="136.35027218647278" />
  <Point X="137.0" Y="136.0" />
  <Point X="137.0" Y="135.0" />
  <Point X="137.0" Y="134.0" />
  <Point X="138.0" Y="133.0" />
  <Point X="138.0" Y="132.0" />
  <Point X="138.0" Y="131.0" />
  <Point X="139.0" Y="130.0" />
  <Point X="139.0" Y="129.72973129158677" />
  <Point X="139.0" Y="129.0" />
  <Point X="140.0" Y="127.0" />
  <Point X="140.0" Y="126.0" />
  <Point X="140.0" Y="125.0" />
  <Point X="141.0" Y="125.0" />
  <Point X="141.0" Y="124.0" />
  <Point X="141.0" Y="123.51683124945437" />
  <Point X="141.0" Y="123.0" />
  <Point X="141.0" Y="122.0" />
  <Point X="142.0" Y="120.0" />
  <Point X="143.0" Y="118.0" />
  <Point X="143.0" Y="117.0" />
  <Point X="143.0" Y="116.53999918482175" />
  <Point X="143.0" Y="116.0" />
  <Point X="144.0" Y="115.0" />
  <Point X="144.0" Y="114.0" />
  <Point X="145.0" Y="113.0" />
  <Point X="145.0" Y="112.0" />
  <Point X="145.0" Y="111.0" />
  <Point X="145.0" Y="110.0" />
  <Point X="145.03601934774554" Y="109.9279613045089" />
  <Point X="146.0" Y="108.0" />
  <Point X="146.0" Y="107.0" />
  <Point X="146.0" Y="106.0" />
  <Point X="146.0" Y="105.0" />
  <Point X="146.0" Y="103.0" />
  <Point X="146.13123114106966" Y="102.73753771786065" />
  <Point X="147.0" Y="101.0" />
  <Point X="148.0" Y="100.0" />
  <Point X="148.0" Y="99.0" />
  <Point X="148.0" Y="97.0" />
  <Point X="148.77225127874135" Y="96.22774872125866" />
  <Point X="149.0" Y="96.0" />
  <Point X="149.0" Y="95.0" />
  <Point X="149.0" Y="93.0" />
  <Point X="149.0" Y="92.0" />
  <Point X="150.0" Y="91.0" />
  <Point X="150.0" Y="90.0" />
  <Point X="150.0" Y="89.28733087315803" />
  <Point X="150.0" Y="89.0" />
  <Point X="151.0" Y="88.0" />
  <Point X="151.0" Y="86.0" />
  <Point X="151.0" Y="85.0" />
  <Point X="151.0" Y="84.0" />
  <Point X="151.0" Y="82.25257641589893" />
  <Point X="151.0" Y="82.0" />
  <Point X="152.0" Y="81.0" />
  <Point X="152.0" Y="80.0" />
  <Point X="152.0" Y="79.0" />
  <Point X="153.0" Y="78.0" />
  <Point X="153.0" Y="77.0" />
  <Point X="153.0" Y="76.0" />
  <Point X="153.0" Y="75.63203552101292" />
  <Point X="153.0" Y="75.0" />
  <Point X="153.0" Y="74.0" />
  <Point X="153.0" Y="72.0" />
  <Point X="154.0" Y="72.0" />
  <Point X="154.0" Y="71.0" />
  <Point X="154.57456450504176" Y="69.27630648487471" />
  <Point X="155.0" Y="68.0" />
  <Point X="155.0" Y="67.0" />
  <Point X="155.0" Y="66.0" />
  <Point X="155.0" Y="65.0" />
  <Point X="155.0" Y="64.0" />
  <Point X="156.0" Y="63.0" />
  <Point X="156.0" Y="62.31059070429001" />
  <Point X="156.0" Y="61.0" />
  <Point X="156.0" Y="60.0" />
  <Point X="157.0" Y="59.0" />
  <Point X="157.0" Y="58.0" />
  <Point X="157.0" Y="57.0" />
  <Point X="157.0" Y="56.0" />
  <Point X="157.51206110041394" Y="55.487938899586055" />
  <Point X="158.0" Y="55.0" />
  <Point X="158.0" Y="54.0" />
  <Point X="159.0" Y="54.0" />
  <Point X="159.0" Y="53.0" />
  <Point X="159.0" Y="52.0" />
  <Point X="160.0" Y="51.0" />
  <Point X="160.0" Y="50.0" />
  <Point X="160.0" Y="49.655295352144904" />
  <Point X="160.0" Y="49.0" />
  <Point X="161.0" Y="49.0" />
  <Point X="161.0" Y="48.0" />
  <Point X="162.0" Y="47.0" />
  <Point X="163.0" Y="46.0" />
  <Point X="163.0" Y="45.0" />
  <Point X="163.96524554274112" Y="45.0" />
  <Point X="164.0" Y="45.0" />
  <Point X="164.0" Y="44.0" />
  <Point X="165.0" Y="43.0" />
  <Point X="166.0" Y="43.0" />
  <Point X="166.0" Y="42.0" />
  <Point X="167.0" Y="42.0" />
  <Point X="167.0" Y="41.0" />
  <Point X="168.0" Y="41.0" />
</Project_1_Part_4>
