<?xml version="1.0" encoding="utf-8" standalone="yes"?>
<Gesture Name="zig_zag4" Subject="3" Number="3" NumPts="439">
  <Point X="207.0" Y="21.0" />
  <Point X="200.14632647677647" Y="28.25981713941457" />
  <Point X="193.29265295355293" Y="35.51963427882914" />
  <Point X="186.4389794303294" Y="42.7794514182437" />
  <Point X="179.58530590710586" Y="50.03926855765827" />
  <Point X="172.73163238388233" Y="57.29908569707283" />
  <Point X="165.8779588606588" Y="64.5589028364874" />
  <Point X="159.02428533743526" Y="71.81871997590197" />
  <Point X="152.17061181421172" Y="79.07853711531654" />
  <Point X="145.3169382909882" Y="86.3383542547311" />
  <Point X="138.46326476776466" Y="93.59817139414567" />
  <Point X="131.60959124454112" Y="100.85798853356023" />
  <Point X="124.75591772131757" Y="108.1178056729748" />
  <Point X="117.90224419809402" Y="115.37762281238936" />
  <Point X="111.04857067487048" Y="122.63743995180393" />
  <Point X="104.19489715164693" Y="129.89725709121848" />
  <Point X="97.34122362842338" Y="137.15707423063304" />
  <Point X="90.48755010519983" Y="144.4168913700476" />
  <Point X="83.63387658197628" Y="151.67670850946217" />
  <Point X="76.78020305875273" Y="158.93652564887674" />
  <Point X="72.0" Y="164.0" />
  <Point X="72.0" Y="163.0" />
  <Point X="72.0" Y="162.0" />
  <Point X="72.0" Y="161.0" />
  <Point X="72.0204637741102" Y="161.0" />
  <Point X="73.0" Y="161.0" />
  <Point X="73.0" Y="160.0" />
  <Point X="73.0" Y="159.0" />
  <Point X="74.0" Y="158.0" />
  <Point X="74.0" Y="157.0" />
  <Point X="74.0" Y="156.0" />
  <Point X="75.0" Y="155.0" />
  <Point X="75.0" Y="154.0" />
  <Point X="75.0" Y="153.0" />
  <Point X="75.1243892283087" Y="152.8756107716913" />
  <Point X="76.0" Y="152.0" />
  <Point X="76.0" Y="151.0" />
  <Point X="77.0" Y="151.0" />
  <Point X="77.0" Y="150.0" />
  <Point X="77.0" Y="149.0" />
  <Point X="77.0" Y="148.0" />
  <Point X="78.0" Y="148.0" />
  <Point X="78.0" Y="147.0" />
  <Point X="78.0" Y="146.0" />
  <Point X="78.52720160198886" Y="145.47279839801112" />
  <Point X="79.0" Y="145.0" />
  <Point X="79.0" Y="144.0" />
  <Point X="79.0" Y="143.0" />
  <Point X="80.0" Y="143.0" />
  <Point X="80.0" Y="142.0" />
  <Point X="81.0" Y="141.0" />
  <Point X="81.0" Y="140.0" />
  <Point X="81.0" Y="139.0" />
  <Point X="82.0" Y="138.0" />
  <Point X="82.0" Y="137.51318874715852" />
  <Point X="82.0" Y="137.0" />
  <Point X="82.0" Y="136.0" />
  <Point X="83.0" Y="136.0" />
  <Point X="83.0" Y="135.0" />
  <Point X="84.0" Y="134.0" />
  <Point X="84.0" Y="133.0" />
  <Point X="84.0" Y="132.0" />
  <Point X="85.0" Y="131.0" />
  <Point X="85.0" Y="130.0" />
  <Point X="85.0" Y="129.35773958758142" />
  <Point X="85.0" Y="129.0" />
  <Point X="86.0" Y="129.0" />
  <Point X="86.0" Y="128.0" />
  <Point X="86.0" Y="127.0" />
  <Point X="86.0" Y="126.0" />
  <Point X="87.0" Y="125.0" />
  <Point X="87.0" Y="124.0" />
  <Point X="88.0" Y="123.0" />
  <Point X="88.0" Y="122.0" />
  <Point X="88.0" Y="121.20229042800432" />
  <Point X="88.0" Y="121.0" />
  <Point X="88.0" Y="120.0" />
  <Point X="89.0" Y="119.0" />
  <Point X="89.0" Y="118.0" />
  <Point X="89.0" Y="117.0" />
  <Point X="89.0" Y="116.0" />
  <Point X="90.0" Y="115.0" />
  <Point X="90.0" Y="114.0" />
  <Point X="90.8734791389288" Y="112.2530417221424" />
  <Point X="91.0" Y="112.0" />
  <Point X="91.0" Y="111.0" />
  <Point X="91.0" Y="110.0" />
  <Point X="91.0" Y="109.0" />
  <Point X="92.0" Y="107.0" />
  <Point X="92.0" Y="106.0" />
  <Point X="92.0" Y="104.0" />
  <Point X="93.0" Y="104.0" />
  <Point X="93.0" Y="103.53510093910351" />
  <Point X="93.0" Y="103.0" />
  <Point X="93.0" Y="102.0" />
  <Point X="93.0" Y="101.0" />
  <Point X="94.0" Y="100.0" />
  <Point X="94.0" Y="98.0" />
  <Point X="94.0" Y="96.0" />
  <Point X="95.0" Y="95.0" />
  <Point X="95.0" Y="94.37965177952643" />
  <Point X="95.0" Y="93.0" />
  <Point X="96.0" Y="92.0" />
  <Point X="96.0" Y="91.0" />
  <Point X="96.0" Y="90.0" />
  <Point X="96.0" Y="89.0" />
  <Point X="96.0" Y="88.0" />
  <Point X="96.0" Y="87.0" />
  <Point X="97.0" Y="86.0" />
  <Point X="97.0" Y="85.22420261994932" />
  <Point X="97.0" Y="85.0" />
  <Point X="97.0" Y="84.0" />
  <Point X="97.0" Y="83.0" />
  <Point X="97.0" Y="82.0" />
  <Point X="98.0" Y="82.0" />
  <Point X="98.0" Y="81.0" />
  <Point X="98.0" Y="80.0" />
  <Point X="98.0" Y="79.0" />
  <Point X="98.0" Y="78.0" />
  <Point X="99.0" Y="77.0" />
  <Point X="99.0" Y="76.65453989799913" />
  <Point X="99.0" Y="76.0" />
  <Point X="100.0" Y="76.0" />
  <Point X="100.0" Y="77.0" />
  <Point X="100.0" Y="78.0" />
  <Point X="100.0" Y="79.0" />
  <Point X="100.0" Y="80.0" />
  <Point X="100.0" Y="81.0" />
  <Point X="100.0" Y="82.0" />
  <Point X="100.0" Y="83.0" />
  <Point X="100.0" Y="84.0" />
  <Point X="100.0" Y="84.32933638632416" />
  <Point X="100.0" Y="86.0" />
  <Point X="101.0" Y="87.0" />
  <Point X="101.0" Y="88.0" />
  <Point X="101.0" Y="89.0" />
  <Point X="101.0" Y="90.0" />
  <Point X="101.0" Y="91.0" />
  <Point X="101.0" Y="92.0" />
  <Point X="101.0" Y="93.0" />
  <Point X="101.0" Y="93.89899910827435" />
  <Point X="101.0" Y="94.0" />
  <Point X="102.0" Y="95.0" />
  <Point X="102.0" Y="97.0" />
  <Point X="102.0" Y="99.0" />
  <Point X="103.0" Y="100.0" />
  <Point X="103.0" Y="102.0" />
  <Point X="103.0" Y="103.0" />
  <Point X="103.0" Y="103.05444826785146" />
  <Point X="103.0" Y="104.0" />
  <Point X="103.0" Y="105.0" />
  <Point X="103.0" Y="106.0" />
  <Point X="104.0" Y="107.0" />
  <Point X="104.0" Y="108.0" />
  <Point X="105.0" Y="110.0" />
  <Point X="105.0" Y="111.0" />
  <Point X="105.0" Y="112.0" />
  <Point X="105.0" Y="112.38804301230185" />
  <Point X="105.0" Y="114.0" />
  <Point X="106.0" Y="115.0" />
  <Point X="106.0" Y="116.0" />
  <Point X="107.0" Y="117.0" />
  <Point X="107.0" Y="119.0" />
  <Point X="107.0" Y="120.0" />
  <Point X="107.0" Y="121.0" />
  <Point X="107.38430700025741" Y="121.38430700025741" />
  <Point X="108.0" Y="122.0" />
  <Point X="108.0" Y="123.0" />
  <Point X="109.0" Y="124.0" />
  <Point X="109.0" Y="126.0" />
  <Point X="109.0" Y="127.0" />
  <Point X="109.0" Y="128.0" />
  <Point X="110.0" Y="128.0" />
  <Point X="110.0" Y="129.0" />
  <Point X="110.0" Y="129.69894133145604" />
  <Point X="110.0" Y="130.0" />
  <Point X="110.0" Y="131.0" />
  <Point X="111.0" Y="131.0" />
  <Point X="111.0" Y="132.0" />
  <Point X="112.0" Y="133.0" />
  <Point X="112.0" Y="134.0" />
  <Point X="112.0" Y="135.0" />
  <Point X="113.0" Y="135.0" />
  <Point X="113.0" Y="136.0" />
  <Point X="113.89703852880429" Y="136.89703852880427" />
  <Point X="114.0" Y="137.0" />
  <Point X="114.0" Y="138.0" />
  <Point X="115.0" Y="139.0" />
  <Point X="116.0" Y="139.0" />
  <Point X="116.0" Y="140.0" />
  <Point X="117.0" Y="140.0" />
  <Point X="118.0" Y="140.0" />
  <Point X="119.0" Y="140.0" />
  <Point X="120.0" Y="140.0" />
  <Point X="120.0" Y="139.0" />
  <Point X="120.0" Y="138.57594678701668" />
  <Point X="120.0" Y="138.0" />
  <Point X="120.0" Y="137.0" />
  <Point X="120.0" Y="136.0" />
  <Point X="120.0" Y="135.0" />
  <Point X="120.0" Y="134.0" />
  <Point X="120.0" Y="133.0" />
  <Point X="121.0" Y="132.0" />
  <Point X="121.0" Y="131.0" />
  <Point X="121.0" Y="130.0" />
  <Point X="121.0" Y="129.0062840650665" />
  <Point X="121.0" Y="129.0" />
  <Point X="121.0" Y="128.0" />
  <Point X="121.0" Y="127.0" />
  <Point X="121.0" Y="126.0" />
  <Point X="121.0" Y="125.0" />
  <Point X="122.0" Y="124.0" />
  <Point X="122.0" Y="123.0" />
  <Point X="122.0" Y="122.0" />
  <Point X="122.0" Y="121.0" />
  <Point X="122.0" Y="120.0" />
  <Point X="122.0" Y="119.4366213431163" />
  <Point X="122.0" Y="119.0" />
  <Point X="122.0" Y="118.0" />
  <Point X="122.0" Y="117.0" />
  <Point X="122.0" Y="116.0" />
  <Point X="122.0" Y="115.0" />
  <Point X="123.0" Y="114.0" />
  <Point X="123.0" Y="113.0" />
  <Point X="123.0" Y="112.0" />
  <Point X="123.0" Y="111.0" />
  <Point X="123.0" Y="110.0" />
  <Point X="123.0" Y="109.8669586211661" />
  <Point X="123.0" Y="109.0" />
  <Point X="123.0" Y="108.0" />
  <Point X="123.0" Y="107.0" />
  <Point X="124.0" Y="107.0" />
  <Point X="124.0" Y="105.0" />
  <Point X="124.0" Y="104.0" />
  <Point X="124.0" Y="103.0" />
  <Point X="124.0" Y="102.0" />
  <Point X="124.0" Y="101.0" />
  <Point X="124.0" Y="100.88308233684282" />
  <Point X="124.0" Y="100.0" />
  <Point X="124.0" Y="99.0" />
  <Point X="124.0" Y="98.0" />
  <Point X="124.0" Y="97.0" />
  <Point X="124.0" Y="96.0" />
  <Point X="124.0" Y="95.0" />
  <Point X="124.0" Y="94.0" />
  <Point X="124.0" Y="93.0" />
  <Point X="125.0" Y="92.0" />
  <Point X="125.0" Y="91.31341961489262" />
  <Point X="125.0" Y="91.0" />
  <Point X="125.0" Y="90.0" />
  <Point X="125.0" Y="89.0" />
  <Point X="125.0" Y="88.0" />
  <Point X="125.0" Y="87.0" />
  <Point X="125.0" Y="86.0" />
  <Point X="125.0" Y="85.0" />
  <Point X="125.0" Y="84.0" />
  <Point X="125.0" Y="85.0" />
  <Point X="126.0" Y="86.0" />
  <Point X="126.0" Y="86.25624310705757" />
  <Point X="126.0" Y="87.0" />
  <Point X="126.0" Y="88.0" />
  <Point X="126.0" Y="89.0" />
  <Point X="126.0" Y="90.0" />
  <Point X="126.0" Y="91.0" />
  <Point X="126.0" Y="92.0" />
  <Point X="126.0" Y="93.0" />
  <Point X="126.0" Y="94.0" />
  <Point X="126.0" Y="95.0" />
  <Point X="126.0" Y="96.0" />
  <Point X="126.0" Y="96.24011939138086" />
  <Point X="126.0" Y="97.0" />
  <Point X="126.0" Y="98.0" />
  <Point X="126.0" Y="99.0" />
  <Point X="126.0" Y="100.0" />
  <Point X="127.0" Y="101.0" />
  <Point X="127.0" Y="103.0" />
  <Point X="127.0" Y="104.0" />
  <Point X="127.0" Y="105.0" />
  <Point X="127.0" Y="105.80978211333105" />
  <Point X="127.0" Y="106.0" />
  <Point X="128.0" Y="107.0" />
  <Point X="128.0" Y="108.0" />
  <Point X="128.0" Y="110.0" />
  <Point X="128.0" Y="111.0" />
  <Point X="129.0" Y="113.0" />
  <Point X="129.0" Y="114.0" />
  <Point X="129.0" Y="115.0" />
  <Point X="129.0" Y="115.14337685778145" />
  <Point X="129.0" Y="116.0" />
  <Point X="129.0" Y="118.0" />
  <Point X="129.0" Y="119.0" />
  <Point X="129.0" Y="120.0" />
  <Point X="129.0" Y="121.0" />
  <Point X="129.0" Y="123.0" />
  <Point X="129.0" Y="124.0" />
  <Point X="129.7970883408961" Y="124.7970883408961" />
  <Point X="130.0" Y="125.0" />
  <Point X="130.0" Y="126.0" />
  <Point X="130.0" Y="127.0" />
  <Point X="130.0" Y="128.0" />
  <Point X="131.0" Y="130.0" />
  <Point X="131.0" Y="131.0" />
  <Point X="131.0" Y="132.0" />
  <Point X="131.0" Y="133.0" />
  <Point X="131.0" Y="134.0" />
  <Point X="131.0" Y="134.46084788655511" />
  <Point X="131.0" Y="136.0" />
  <Point X="132.0" Y="136.0" />
  <Point X="132.0" Y="137.0" />
  <Point X="132.0" Y="138.0" />
  <Point X="132.0" Y="139.0" />
  <Point X="132.0" Y="140.0" />
  <Point X="133.0" Y="141.0" />
  <Point X="133.0" Y="142.0" />
  <Point X="133.0" Y="143.0" />
  <Point X="133.0" Y="143.0305106085053" />
  <Point X="133.0" Y="144.0" />
  <Point X="134.0" Y="144.0" />
  <Point X="134.0" Y="145.0" />
  <Point X="135.0" Y="145.0" />
  <Point X="135.0" Y="146.0" />
  <Point X="135.0" Y="147.0" />
  <Point X="136.0" Y="147.0" />
  <Point X="136.0" Y="148.0" />
  <Point X="137.0" Y="148.0" />
  <Point X="137.0" Y="149.0" />
  <Point X="137.01438689282858" Y="149.0" />
  <Point X="138.0" Y="149.0" />
  <Point X="139.0" Y="149.0" />
  <Point X="140.0" Y="149.0" />
  <Point X="140.0" Y="148.0" />
  <Point X="141.0" Y="148.0" />
  <Point X="141.0" Y="147.0" />
  <Point X="142.0" Y="146.0" />
  <Point X="143.0" Y="145.0" />
  <Point X="143.0" Y="144.0" />
  <Point X="143.16983605240569" Y="144.0" />
  <Point X="144.0" Y="144.0" />
  <Point X="144.0" Y="143.0" />
  <Point X="144.0" Y="142.0" />
  <Point X="144.0" Y="141.0" />
  <Point X="145.0" Y="141.0" />
  <Point X="145.0" Y="140.0" />
  <Point X="146.0" Y="139.0" />
  <Point X="146.0" Y="138.0" />
  <Point X="146.0" Y="137.0" />
  <Point X="146.52290459802617" Y="136.47709540197383" />
  <Point X="147.0" Y="136.0" />
  <Point X="147.0" Y="135.0" />
  <Point X="148.0" Y="135.0" />
  <Point X="148.0" Y="134.0" />
  <Point X="148.0" Y="133.0" />
  <Point X="149.0" Y="132.0" />
  <Point X="149.0" Y="131.0" />
  <Point X="150.0" Y="130.0" />
  <Point X="150.0" Y="129.0" />
  <Point X="150.33993053407943" Y="128.66006946592057" />
  <Point X="151.0" Y="128.0" />
  <Point X="151.0" Y="127.0" />
  <Point X="152.0" Y="126.0" />
  <Point X="152.0" Y="125.0" />
  <Point X="152.0" Y="123.0" />
  <Point X="153.0" Y="122.0" />
  <Point X="154.0" Y="121.0" />
  <Point X="154.0" Y="120.19224359360923" />
  <Point X="154.0" Y="119.0" />
  <Point X="154.0" Y="118.0" />
  <Point X="155.0" Y="117.0" />
  <Point X="155.0" Y="116.0" />
  <Point X="155.0" Y="114.0" />
  <Point X="156.0" Y="114.0" />
  <Point X="157.0" Y="112.0" />
  <Point X="157.0" Y="111.85864884915884" />
  <Point X="157.0" Y="111.0" />
  <Point X="157.0" Y="110.0" />
  <Point X="157.0" Y="109.0" />
  <Point X="158.0" Y="108.0" />
  <Point X="159.0" Y="106.0" />
  <Point X="159.0" Y="104.0" />
  <Point X="160.0" Y="103.0" />
  <Point X="160.0" Y="102.93926766708154" />
  <Point X="160.0" Y="100.0" />
  <Point X="160.0" Y="99.0" />
  <Point X="160.0" Y="98.0" />
  <Point X="161.0" Y="97.0" />
  <Point X="161.0" Y="96.0" />
  <Point X="162.0" Y="94.0" />
  <Point X="162.0" Y="93.60567292263114" />
  <Point X="162.0" Y="93.0" />
  <Point X="162.0" Y="92.0" />
  <Point X="162.0" Y="91.0" />
  <Point X="162.0" Y="90.0" />
  <Point X="163.0" Y="90.0" />
  <Point X="163.0" Y="89.0" />
  <Point X="163.0" Y="88.0" />
  <Point X="163.0" Y="87.0" />
  <Point X="163.0" Y="86.0" />
  <Point X="163.0" Y="85.0" />
  <Point X="163.0" Y="84.62179663830786" />
  <Point X="163.0" Y="84.0" />
  <Point X="164.0" Y="83.0" />
  <Point X="164.0" Y="82.0" />
  <Point X="165.0" Y="81.0" />
  <Point X="165.0" Y="80.0" />
  <Point X="165.0" Y="79.0" />
  <Point X="165.0" Y="78.0" />
  <Point X="165.0" Y="77.0" />
  <Point X="166.0" Y="76.0" />
  <Point X="166.0" Y="75.88056104110386" />
  <Point X="166.0" Y="75.0" />
  <Point X="166.0" Y="74.0" />
  <Point X="166.0" Y="73.0" />
  <Point X="167.0" Y="72.0" />
  <Point X="167.0" Y="71.0" />
  <Point X="167.0" Y="70.0" />
  <Point X="167.0" Y="69.0" />
  <Point X="168.0" Y="68.0" />
  <Point X="168.0" Y="67.0" />
  <Point X="168.27488811847323" Y="67.0" />
  <Point X="169.0" Y="67.0" />
  <Point X="169.0" Y="66.0" />
  <Point X="170.0" Y="65.0" />
  <Point X="170.0" Y="64.0" />
  <Point X="171.0" Y="63.0" />
  <Point X="171.0" Y="62.0" />
  <Point X="172.0" Y="62.0" />
  <Point X="173.0" Y="62.0" />
  <Point X="173.0" Y="61.0" />
  <Point X="173.43033727805033" Y="61.0" />
  <Point X="174.0" Y="61.0" />
  <Point X="174.0" Y="60.0" />
  <Point X="175.0" Y="60.0" />
  <Point X="176.0" Y="59.0" />
  <Point X="177.0" Y="59.0" />
  <Point X="178.0" Y="59.0" />
  <Point X="179.0" Y="59.0" />
  <Point X="179.0" Y="58.0" />
  <Point X="180.0" Y="58.0" />
  <Point X="181.0" Y="58.0" />
</Project_1_Part_4>
