<?xml version="1.0" encoding="utf-8" standalone="yes"?>
<Gesture Name="circle4" Subject="6" Number="6" NumPts="179">
  <Point X="117.0" Y="94.0" />
  <Point X="116.0" Y="94.0" />
  <Point X="115.0" Y="94.0" />
  <Point X="114.0" Y="94.0" />
  <Point X="113.0" Y="94.0" />
  <Point X="112.0" Y="94.0" />
  <Point X="111.0" Y="94.0" />
  <Point X="110.0" Y="94.0" />
  <Point X="109.0" Y="94.0" />
  <Point X="108.0" Y="94.0" />
  <Point X="107.0" Y="94.0" />
  <Point X="106.0" Y="94.0" />
  <Point X="105.0" Y="94.0" />
  <Point X="104.0" Y="94.0" />
  <Point X="104.0" Y="95.0" />
  <Point X="103.0" Y="95.0" />
  <Point X="102.0" Y="95.0" />
  <Point X="101.0" Y="96.0" />
  <Point X="100.0" Y="96.0" />
  <Point X="100.0" Y="97.0" />
  <Point X="99.0" Y="97.0" />
  <Point X="98.0" Y="97.0" />
  <Point X="98.0" Y="98.0" />
  <Point X="97.0" Y="98.0" />
  <Point X="96.0" Y="98.0" />
  <Point X="96.0" Y="99.0" />
  <Point X="95.0" Y="99.0" />
  <Point X="95.0" Y="100.0" />
  <Point X="94.0" Y="100.0" />
  <Point X="94.0" Y="101.0" />
  <Point X="93.0" Y="101.0" />
  <Point X="93.0" Y="102.0" />
  <Point X="92.0" Y="102.0" />
  <Point X="92.0" Y="103.0" />
  <Point X="92.0" Y="104.0" />
  <Point X="91.0" Y="104.0" />
  <Point X="91.0" Y="105.0" />
  <Point X="91.0" Y="106.0" />
  <Point X="91.0" Y="107.0" />
  <Point X="91.0" Y="108.0" />
  <Point X="91.0" Y="109.0" />
  <Point X="90.0" Y="109.0" />
  <Point X="90.0" Y="110.0" />
  <Point X="90.0" Y="111.0" />
  <Point X="90.0" Y="112.0" />
  <Point X="90.0" Y="113.0" />
  <Point X="90.0" Y="114.0" />
  <Point X="90.0" Y="115.0" />
  <Point X="90.0" Y="116.0" />
  <Point X="89.0" Y="116.0" />
  <Point X="89.0" Y="117.0" />
  <Point X="89.0" Y="118.0" />
  <Point X="89.0" Y="119.0" />
  <Point X="89.0" Y="120.0" />
  <Point X="89.0" Y="121.0" />
  <Point X="89.0" Y="122.0" />
  <Point X="89.0" Y="123.0" />
  <Point X="89.0" Y="124.0" />
  <Point X="89.0" Y="125.0" />
  <Point X="89.0" Y="126.0" />
  <Point X="89.0" Y="127.0" />
  <Point X="89.0" Y="128.0" />
  <Point X="89.0" Y="129.0" />
  <Point X="90.0" Y="129.0" />
  <Point X="90.0" Y="130.0" />
  <Point X="90.0" Y="131.0" />
  <Point X="91.0" Y="131.0" />
  <Point X="91.0" Y="132.0" />
  <Point X="91.0" Y="133.0" />
  <Point X="92.0" Y="133.0" />
  <Point X="92.0" Y="134.0" />
  <Point X="93.0" Y="135.0" />
  <Point X="93.0" Y="136.0" />
  <Point X="94.0" Y="136.0" />
  <Point X="94.0" Y="137.0" />
  <Point X="95.0" Y="137.0" />
  <Point X="95.0" Y="138.0" />
  <Point X="95.0" Y="139.0" />
  <Point X="96.0" Y="139.0" />
  <Point X="96.0" Y="140.0" />
  <Point X="97.0" Y="140.0" />
  <Point X="97.0" Y="141.0" />
  <Point X="97.0" Y="142.0" />
  <Point X="98.0" Y="142.0" />
  <Point X="99.0" Y="143.0" />
  <Point X="100.0" Y="144.0" />
  <Point X="101.0" Y="145.0" />
  <Point X="102.0" Y="146.0" />
  <Point X="103.0" Y="146.0" />
  <Point X="103.0" Y="147.0" />
  <Point X="104.0" Y="147.0" />
  <Point X="105.0" Y="147.0" />
  <Point X="106.0" Y="147.0" />
  <Point X="107.0" Y="147.0" />
  <Point X="108.0" Y="147.0" />
  <Point X="109.0" Y="147.0" />
  <Point X="110.0" Y="147.0" />
  <Point X="111.0" Y="147.0" />
  <Point X="112.0" Y="147.0" />
  <Point X="113.0" Y="147.0" />
  <Point X="114.0" Y="147.0" />
  <Point X="115.0" Y="146.0" />
  <Point X="116.0" Y="146.0" />
  <Point X="116.0" Y="145.0" />
  <Point X="117.0" Y="145.0" />
  <Point X="118.0" Y="145.0" />
  <Point X="118.0" Y="144.0" />
  <Point X="119.0" Y="144.0" />
  <Point X="119.0" Y="143.0" />
  <Point X="120.0" Y="143.0" />
  <Point X="121.0" Y="143.0" />
  <Point X="121.0" Y="142.0" />
  <Point X="122.0" Y="142.0" />
  <Point X="122.0" Y="141.0" />
  <Point X="123.0" Y="141.0" />
  <Point X="123.0" Y="140.0" />
  <Point X="124.0" Y="140.0" />
  <Point X="124.0" Y="139.0" />
  <Point X="125.0" Y="139.0" />
  <Point X="125.0" Y="138.0" />
  <Point X="126.0" Y="138.0" />
  <Point X="126.0" Y="137.0" />
  <Point X="127.0" Y="137.0" />
  <Point X="127.0" Y="136.0" />
  <Point X="127.0" Y="135.0" />
  <Point X="128.0" Y="135.0" />
  <Point X="128.0" Y="134.0" />
  <Point X="128.0" Y="133.0" />
  <Point X="129.0" Y="133.0" />
  <Point X="129.0" Y="132.0" />
  <Point X="129.0" Y="131.0" />
  <Point X="129.0" Y="130.0" />
  <Point X="130.0" Y="129.0" />
  <Point X="130.0" Y="128.0" />
  <Point X="130.0" Y="127.0" />
  <Point X="130.0" Y="126.0" />
  <Point X="130.0" Y="125.0" />
  <Point X="131.0" Y="125.0" />
  <Point X="131.0" Y="124.0" />
  <Point X="131.0" Y="123.0" />
  <Point X="131.0" Y="122.0" />
  <Point X="131.0" Y="121.0" />
  <Point X="131.0" Y="120.0" />
  <Point X="132.0" Y="120.0" />
  <Point X="132.0" Y="119.0" />
  <Point X="132.0" Y="118.0" />
  <Point X="132.0" Y="117.0" />
  <Point X="132.0" Y="116.0" />
  <Point X="132.0" Y="115.0" />
  <Point X="132.0" Y="114.0" />
  <Point X="132.0" Y="113.0" />
  <Point X="132.0" Y="112.0" />
  <Point X="132.0" Y="111.0" />
  <Point X="132.0" Y="110.0" />
  <Point X="132.0" Y="109.0" />
  <Point X="131.0" Y="109.0" />
  <Point X="131.0" Y="108.0" />
  <Point X="130.0" Y="107.0" />
  <Point X="130.0" Y="106.0" />
  <Point X="129.0" Y="106.0" />
  <Point X="129.0" Y="105.0" />
  <Point X="128.0" Y="105.0" />
  <Point X="128.0" Y="104.0" />
  <Point X="127.0" Y="104.0" />
  <Point X="127.0" Y="103.0" />
  <Point X="126.0" Y="103.0" />
  <Point X="126.0" Y="102.0" />
  <Point X="125.0" Y="102.0" />
  <Point X="125.0" Y="101.0" />
  <Point X="124.0" Y="101.0" />
  <Point X="124.0" Y="100.0" />
  <Point X="123.0" Y="100.0" />
  <Point X="122.0" Y="99.0" />
  <Point X="121.0" Y="98.0" />
  <Point X="121.0" Y="97.0" />
  <Point X="120.0" Y="97.0" />
  <Point X="119.0" Y="97.0" />
  <Point X="119.0" Y="96.0" />
  <Point X="118.0" Y="96.0" />
</Project_1_Part_4>
