<?xml version="1.0" encoding="utf-8" standalone="yes"?>
<Gesture Name="right_curly_brace7" Subject="6" Number="6" NumPts="301">
  <Point X="130.0" Y="40.0" />
  <Point X="131.0" Y="40.0" />
  <Point X="132.0" Y="40.0" />
  <Point X="133.0" Y="40.0" />
  <Point X="134.0" Y="40.0" />
  <Point X="135.0" Y="40.0" />
  <Point X="136.0" Y="40.0" />
  <Point X="137.0" Y="40.0" />
  <Point X="138.0" Y="40.0" />
  <Point X="139.0" Y="40.0" />
  <Point X="140.0" Y="40.0" />
  <Point X="141.0" Y="40.0" />
  <Point X="142.0" Y="40.0" />
  <Point X="143.0" Y="40.0" />
  <Point X="143.0" Y="41.0" />
  <Point X="144.0" Y="41.0" />
  <Point X="145.0" Y="41.0" />
  <Point X="146.0" Y="41.0" />
  <Point X="147.0" Y="41.0" />
  <Point X="148.0" Y="42.0" />
  <Point X="149.0" Y="42.0" />
  <Point X="150.0" Y="42.0" />
  <Point X="150.0" Y="43.0" />
  <Point X="151.0" Y="43.0" />
  <Point X="152.0" Y="43.0" />
  <Point X="152.0" Y="44.0" />
  <Point X="153.0" Y="44.0" />
  <Point X="154.0" Y="45.0" />
  <Point X="155.0" Y="45.0" />
  <Point X="155.0" Y="46.0" />
  <Point X="156.0" Y="46.0" />
  <Point X="157.0" Y="47.0" />
  <Point X="158.0" Y="47.0" />
  <Point X="158.0" Y="48.0" />
  <Point X="159.0" Y="48.0" />
  <Point X="160.0" Y="49.0" />
  <Point X="161.0" Y="49.0" />
  <Point X="161.0" Y="50.0" />
  <Point X="162.0" Y="50.0" />
  <Point X="162.0" Y="51.0" />
  <Point X="163.0" Y="52.0" />
  <Point X="163.0" Y="53.0" />
  <Point X="164.0" Y="53.0" />
  <Point X="164.0" Y="54.0" />
  <Point X="165.0" Y="54.0" />
  <Point X="165.0" Y="55.0" />
  <Point X="165.0" Y="56.0" />
  <Point X="166.0" Y="56.0" />
  <Point X="166.0" Y="57.0" />
  <Point X="166.0" Y="58.0" />
  <Point X="167.0" Y="59.0" />
  <Point X="168.0" Y="60.0" />
  <Point X="168.0" Y="61.0" />
  <Point X="168.0" Y="62.0" />
  <Point X="169.0" Y="62.0" />
  <Point X="169.0" Y="63.0" />
  <Point X="169.0" Y="64.0" />
  <Point X="170.0" Y="65.0" />
  <Point X="170.0" Y="66.0" />
  <Point X="171.0" Y="67.0" />
  <Point X="171.0" Y="68.0" />
  <Point X="171.0" Y="69.0" />
  <Point X="172.0" Y="69.0" />
  <Point X="172.0" Y="70.0" />
  <Point X="172.0" Y="71.0" />
  <Point X="172.0" Y="72.0" />
  <Point X="173.0" Y="72.0" />
  <Point X="173.0" Y="73.0" />
  <Point X="173.0" Y="74.0" />
  <Point X="174.0" Y="74.0" />
  <Point X="174.0" Y="75.0" />
  <Point X="174.0" Y="76.0" />
  <Point X="174.0" Y="77.0" />
  <Point X="175.0" Y="77.0" />
  <Point X="175.0" Y="78.0" />
  <Point X="175.0" Y="79.0" />
  <Point X="175.0" Y="80.0" />
  <Point X="176.0" Y="80.0" />
  <Point X="176.0" Y="81.0" />
  <Point X="176.0" Y="82.0" />
  <Point X="177.0" Y="83.0" />
  <Point X="177.0" Y="84.0" />
  <Point X="177.0" Y="85.0" />
  <Point X="177.0" Y="86.0" />
  <Point X="178.0" Y="86.0" />
  <Point X="178.0" Y="87.0" />
  <Point X="178.0" Y="88.0" />
  <Point X="178.0" Y="89.0" />
  <Point X="178.0" Y="90.0" />
  <Point X="178.0" Y="91.0" />
  <Point X="179.0" Y="91.0" />
  <Point X="179.0" Y="92.0" />
  <Point X="179.0" Y="93.0" />
  <Point X="179.0" Y="94.0" />
  <Point X="179.0" Y="95.0" />
  <Point X="179.0" Y="96.0" />
  <Point X="179.0" Y="97.0" />
  <Point X="179.0" Y="98.0" />
  <Point X="179.0" Y="99.0" />
  <Point X="179.0" Y="100.0" />
  <Point X="179.0" Y="101.0" />
  <Point X="179.0" Y="102.0" />
  <Point X="179.0" Y="103.0" />
  <Point X="179.0" Y="104.0" />
  <Point X="179.0" Y="105.0" />
  <Point X="179.0" Y="106.0" />
  <Point X="179.0" Y="107.0" />
  <Point X="179.0" Y="108.0" />
  <Point X="179.0" Y="109.0" />
  <Point X="178.0" Y="109.0" />
  <Point X="178.0" Y="110.0" />
  <Point X="178.0" Y="111.0" />
  <Point X="178.0" Y="112.0" />
  <Point X="177.0" Y="112.0" />
  <Point X="177.0" Y="113.0" />
  <Point X="177.0" Y="114.0" />
  <Point X="176.0" Y="114.0" />
  <Point X="176.0" Y="115.0" />
  <Point X="176.0" Y="116.0" />
  <Point X="175.0" Y="117.0" />
  <Point X="175.0" Y="118.0" />
  <Point X="175.0" Y="119.0" />
  <Point X="174.0" Y="119.0" />
  <Point X="174.0" Y="120.0" />
  <Point X="174.0" Y="121.0" />
  <Point X="174.0" Y="122.0" />
  <Point X="175.0" Y="122.0" />
  <Point X="176.0" Y="122.0" />
  <Point X="177.0" Y="122.0" />
  <Point X="177.0" Y="123.0" />
  <Point X="178.0" Y="123.0" />
  <Point X="179.0" Y="123.0" />
  <Point X="179.0" Y="124.0" />
  <Point X="180.0" Y="124.0" />
  <Point X="181.0" Y="124.0" />
  <Point X="182.0" Y="125.0" />
  <Point X="183.0" Y="125.0" />
  <Point X="183.0" Y="126.0" />
  <Point X="184.0" Y="126.0" />
  <Point X="185.0" Y="126.0" />
  <Point X="185.0" Y="127.0" />
  <Point X="186.0" Y="127.0" />
  <Point X="187.0" Y="128.0" />
  <Point X="188.0" Y="128.0" />
  <Point X="188.0" Y="129.0" />
  <Point X="189.0" Y="129.0" />
  <Point X="189.0" Y="130.0" />
  <Point X="190.0" Y="130.0" />
  <Point X="190.0" Y="131.0" />
  <Point X="191.0" Y="131.0" />
  <Point X="191.0" Y="132.0" />
  <Point X="191.0" Y="133.0" />
  <Point X="192.0" Y="133.0" />
  <Point X="192.0" Y="134.0" />
  <Point X="193.0" Y="134.0" />
  <Point X="193.0" Y="135.0" />
  <Point X="193.0" Y="136.0" />
  <Point X="193.0" Y="137.0" />
  <Point X="194.0" Y="137.0" />
  <Point X="194.0" Y="138.0" />
  <Point X="194.0" Y="139.0" />
  <Point X="194.0" Y="140.0" />
  <Point X="194.0" Y="141.0" />
  <Point X="193.0" Y="141.0" />
  <Point X="193.0" Y="142.0" />
  <Point X="192.0" Y="142.0" />
  <Point X="191.0" Y="142.0" />
  <Point X="190.0" Y="143.0" />
  <Point X="189.0" Y="143.0" />
  <Point X="188.0" Y="143.0" />
  <Point X="188.0" Y="144.0" />
  <Point X="187.0" Y="144.0" />
  <Point X="186.0" Y="144.0" />
  <Point X="186.0" Y="145.0" />
  <Point X="185.0" Y="145.0" />
  <Point X="184.0" Y="145.0" />
  <Point X="183.0" Y="145.0" />
  <Point X="183.0" Y="146.0" />
  <Point X="182.0" Y="146.0" />
  <Point X="183.0" Y="146.0" />
  <Point X="183.0" Y="147.0" />
  <Point X="184.0" Y="147.0" />
  <Point X="185.0" Y="147.0" />
  <Point X="185.0" Y="148.0" />
  <Point X="186.0" Y="148.0" />
  <Point X="186.0" Y="149.0" />
  <Point X="187.0" Y="149.0" />
  <Point X="187.0" Y="150.0" />
  <Point X="188.0" Y="150.0" />
  <Point X="188.0" Y="151.0" />
  <Point X="189.0" Y="151.0" />
  <Point X="189.0" Y="152.0" />
  <Point X="190.0" Y="152.0" />
  <Point X="190.0" Y="153.0" />
  <Point X="190.0" Y="154.0" />
  <Point X="191.0" Y="154.0" />
  <Point X="191.0" Y="155.0" />
  <Point X="192.0" Y="155.0" />
  <Point X="192.0" Y="156.0" />
  <Point X="192.0" Y="157.0" />
  <Point X="192.0" Y="158.0" />
  <Point X="193.0" Y="158.0" />
  <Point X="193.0" Y="159.0" />
  <Point X="193.0" Y="160.0" />
  <Point X="193.0" Y="161.0" />
  <Point X="193.0" Y="162.0" />
  <Point X="193.0" Y="163.0" />
  <Point X="193.0" Y="164.0" />
  <Point X="193.0" Y="165.0" />
  <Point X="193.0" Y="166.0" />
  <Point X="193.0" Y="167.0" />
  <Point X="193.0" Y="168.0" />
  <Point X="193.0" Y="169.0" />
  <Point X="193.0" Y="170.0" />
  <Point X="193.0" Y="171.0" />
  <Point X="192.0" Y="171.0" />
  <Point X="192.0" Y="172.0" />
  <Point X="192.0" Y="173.0" />
  <Point X="191.0" Y="173.0" />
  <Point X="191.0" Y="174.0" />
  <Point X="191.0" Y="175.0" />
  <Point X="190.0" Y="175.0" />
  <Point X="190.0" Y="176.0" />
  <Point X="189.0" Y="176.0" />
  <Point X="189.0" Y="177.0" />
  <Point X="188.0" Y="178.0" />
  <Point X="187.0" Y="179.0" />
  <Point X="186.0" Y="180.0" />
  <Point X="185.0" Y="180.0" />
  <Point X="185.0" Y="181.0" />
  <Point X="184.0" Y="181.0" />
  <Point X="184.0" Y="182.0" />
  <Point X="183.0" Y="182.0" />
  <Point X="183.0" Y="183.0" />
  <Point X="182.0" Y="183.0" />
  <Point X="182.0" Y="184.0" />
  <Point X="181.0" Y="184.0" />
  <Point X="180.0" Y="184.0" />
  <Point X="180.0" Y="185.0" />
  <Point X="179.0" Y="185.0" />
  <Point X="179.0" Y="186.0" />
  <Point X="178.0" Y="186.0" />
  <Point X="177.0" Y="186.0" />
  <Point X="177.0" Y="187.0" />
  <Point X="176.0" Y="187.0" />
  <Point X="176.0" Y="188.0" />
  <Point X="175.0" Y="188.0" />
  <Point X="174.0" Y="188.0" />
  <Point X="174.0" Y="189.0" />
  <Point X="173.0" Y="189.0" />
  <Point X="172.0" Y="190.0" />
  <Point X="171.0" Y="190.0" />
  <Point X="171.0" Y="191.0" />
  <Point X="170.0" Y="191.0" />
  <Point X="169.0" Y="191.0" />
  <Point X="169.0" Y="192.0" />
  <Point X="168.0" Y="192.0" />
  <Point X="167.0" Y="192.0" />
  <Point X="167.0" Y="193.0" />
  <Point X="166.0" Y="193.0" />
  <Point X="165.0" Y="194.0" />
  <Point X="164.0" Y="194.0" />
  <Point X="164.0" Y="195.0" />
  <Point X="163.0" Y="195.0" />
  <Point X="162.0" Y="195.0" />
  <Point X="162.0" Y="196.0" />
  <Point X="161.0" Y="196.0" />
  <Point X="160.0" Y="196.0" />
  <Point X="159.0" Y="197.0" />
  <Point X="158.0" Y="197.0" />
  <Point X="157.0" Y="197.0" />
  <Point X="157.0" Y="198.0" />
  <Point X="156.0" Y="198.0" />
  <Point X="155.0" Y="199.0" />
  <Point X="154.0" Y="199.0" />
  <Point X="153.0" Y="199.0" />
  <Point X="153.0" Y="200.0" />
  <Point X="152.0" Y="200.0" />
  <Point X="151.0" Y="200.0" />
  <Point X="151.0" Y="201.0" />
  <Point X="150.0" Y="201.0" />
  <Point X="149.0" Y="202.0" />
  <Point X="148.0" Y="202.0" />
  <Point X="147.0" Y="202.0" />
  <Point X="147.0" Y="203.0" />
  <Point X="146.0" Y="203.0" />
  <Point X="145.0" Y="203.0" />
  <Point X="145.0" Y="204.0" />
  <Point X="144.0" Y="204.0" />
  <Point X="143.0" Y="204.0" />
  <Point X="142.0" Y="205.0" />
  <Point X="141.0" Y="205.0" />
  <Point X="141.0" Y="206.0" />
  <Point X="140.0" Y="206.0" />
  <Point X="139.0" Y="206.0" />
  <Point X="139.0" Y="207.0" />
  <Point X="138.0" Y="207.0" />
  <Point X="137.0" Y="208.0" />
  <Point X="136.0" Y="208.0" />
  <Point X="136.0" Y="209.0" />
  <Point X="135.0" Y="209.0" />
</Project_1_Part_4>
