<?xml version="1.0" encoding="utf-8" standalone="yes"?>
<Gesture Name="x2" Subject="6" Number="6" NumPts="268">
  <Point X="72.0" Y="75.0" />
  <Point X="72.0" Y="76.0" />
  <Point X="73.0" Y="76.0" />
  <Point X="73.0" Y="77.0" />
  <Point X="74.0" Y="77.0" />
  <Point X="74.0" Y="78.0" />
  <Point X="75.0" Y="78.0" />
  <Point X="75.0" Y="79.0" />
  <Point X="76.0" Y="79.0" />
  <Point X="76.0" Y="80.0" />
  <Point X="77.0" Y="81.0" />
  <Point X="77.0" Y="82.0" />
  <Point X="78.0" Y="82.0" />
  <Point X="78.0" Y="83.0" />
  <Point X="79.0" Y="83.0" />
  <Point X="79.0" Y="84.0" />
  <Point X="80.0" Y="84.0" />
  <Point X="80.0" Y="85.0" />
  <Point X="81.0" Y="86.0" />
  <Point X="81.0" Y="87.0" />
  <Point X="82.0" Y="88.0" />
  <Point X="82.0" Y="89.0" />
  <Point X="83.0" Y="89.0" />
  <Point X="84.0" Y="90.0" />
  <Point X="84.0" Y="91.0" />
  <Point X="85.0" Y="92.0" />
  <Point X="86.0" Y="92.0" />
  <Point X="86.0" Y="93.0" />
  <Point X="87.0" Y="94.0" />
  <Point X="87.0" Y="95.0" />
  <Point X="88.0" Y="95.0" />
  <Point X="88.0" Y="96.0" />
  <Point X="89.0" Y="97.0" />
  <Point X="90.0" Y="97.0" />
  <Point X="90.0" Y="98.0" />
  <Point X="91.0" Y="99.0" />
  <Point X="91.0" Y="100.0" />
  <Point X="92.0" Y="101.0" />
  <Point X="93.0" Y="102.0" />
  <Point X="93.0" Y="103.0" />
  <Point X="94.0" Y="103.0" />
  <Point X="94.0" Y="104.0" />
  <Point X="95.0" Y="105.0" />
  <Point X="96.0" Y="106.0" />
  <Point X="97.0" Y="107.0" />
  <Point X="97.0" Y="108.0" />
  <Point X="98.0" Y="109.0" />
  <Point X="98.0" Y="110.0" />
  <Point X="99.0" Y="110.0" />
  <Point X="99.0" Y="111.0" />
  <Point X="100.0" Y="112.0" />
  <Point X="101.0" Y="113.0" />
  <Point X="101.0" Y="114.0" />
  <Point X="102.0" Y="114.0" />
  <Point X="102.0" Y="115.0" />
  <Point X="103.0" Y="116.0" />
  <Point X="103.0" Y="117.0" />
  <Point X="104.0" Y="117.0" />
  <Point X="104.0" Y="118.0" />
  <Point X="105.0" Y="119.0" />
  <Point X="105.0" Y="120.0" />
  <Point X="105.0" Y="121.0" />
  <Point X="106.0" Y="121.0" />
  <Point X="107.0" Y="122.0" />
  <Point X="107.0" Y="123.0" />
  <Point X="107.0" Y="124.0" />
  <Point X="108.0" Y="124.0" />
  <Point X="109.0" Y="125.0" />
  <Point X="109.0" Y="126.0" />
  <Point X="110.0" Y="127.0" />
  <Point X="110.0" Y="128.0" />
  <Point X="111.0" Y="129.0" />
  <Point X="111.0" Y="130.0" />
  <Point X="112.0" Y="130.0" />
  <Point X="112.0" Y="131.0" />
  <Point X="113.0" Y="132.0" />
  <Point X="113.0" Y="133.0" />
  <Point X="114.0" Y="133.0" />
  <Point X="114.0" Y="134.0" />
  <Point X="115.0" Y="135.0" />
  <Point X="115.0" Y="136.0" />
  <Point X="116.0" Y="136.0" />
  <Point X="116.0" Y="137.0" />
  <Point X="117.0" Y="138.0" />
  <Point X="117.0" Y="139.0" />
  <Point X="118.0" Y="139.0" />
  <Point X="118.0" Y="140.0" />
  <Point X="119.0" Y="140.0" />
  <Point X="119.0" Y="141.0" />
  <Point X="120.0" Y="142.0" />
  <Point X="120.0" Y="143.0" />
  <Point X="120.0" Y="142.0" />
  <Point X="121.0" Y="141.0" />
  <Point X="121.0" Y="140.0" />
  <Point X="121.0" Y="139.0" />
  <Point X="121.0" Y="138.0" />
  <Point X="121.0" Y="137.0" />
  <Point X="121.0" Y="136.0" />
  <Point X="122.0" Y="136.0" />
  <Point X="122.0" Y="135.0" />
  <Point X="122.0" Y="134.0" />
  <Point X="122.0" Y="133.0" />
  <Point X="122.0" Y="132.0" />
  <Point X="122.0" Y="131.0" />
  <Point X="122.0" Y="130.0" />
  <Point X="123.0" Y="130.0" />
  <Point X="123.0" Y="129.0" />
  <Point X="123.0" Y="128.0" />
  <Point X="123.0" Y="127.0" />
  <Point X="123.0" Y="126.0" />
  <Point X="123.0" Y="125.0" />
  <Point X="123.0" Y="124.0" />
  <Point X="123.0" Y="123.0" />
  <Point X="123.0" Y="122.0" />
  <Point X="124.0" Y="121.0" />
  <Point X="124.0" Y="120.0" />
  <Point X="124.0" Y="119.0" />
  <Point X="124.0" Y="118.0" />
  <Point X="124.0" Y="117.0" />
  <Point X="124.0" Y="116.0" />
  <Point X="125.0" Y="115.0" />
  <Point X="125.0" Y="114.0" />
  <Point X="125.0" Y="113.0" />
  <Point X="125.0" Y="112.0" />
  <Point X="125.0" Y="110.0" />
  <Point X="126.0" Y="109.0" />
  <Point X="126.0" Y="108.0" />
  <Point X="126.0" Y="107.0" />
  <Point X="126.0" Y="106.0" />
  <Point X="126.0" Y="105.0" />
  <Point X="127.0" Y="104.0" />
  <Point X="127.0" Y="103.0" />
  <Point X="127.0" Y="102.0" />
  <Point X="127.0" Y="101.0" />
  <Point X="127.0" Y="100.0" />
  <Point X="127.0" Y="99.0" />
  <Point X="127.0" Y="98.0" />
  <Point X="128.0" Y="97.0" />
  <Point X="128.0" Y="96.0" />
  <Point X="128.0" Y="95.0" />
  <Point X="128.0" Y="94.0" />
  <Point X="128.0" Y="93.0" />
  <Point X="129.0" Y="92.0" />
  <Point X="129.0" Y="91.0" />
  <Point X="129.0" Y="90.0" />
  <Point X="129.0" Y="89.0" />
  <Point X="129.0" Y="88.0" />
  <Point X="130.0" Y="87.0" />
  <Point X="130.0" Y="86.0" />
  <Point X="130.0" Y="85.0" />
  <Point X="130.0" Y="84.0" />
  <Point X="130.0" Y="83.0" />
  <Point X="131.0" Y="83.0" />
  <Point X="131.0" Y="82.0" />
  <Point X="131.0" Y="81.0" />
  <Point X="131.0" Y="80.0" />
  <Point X="131.0" Y="79.0" />
  <Point X="131.0" Y="78.0" />
  <Point X="132.0" Y="78.0" />
  <Point X="132.0" Y="77.0" />
  <Point X="132.0" Y="76.0" />
  <Point X="132.0" Y="75.0" />
  <Point X="132.0" Y="74.0" />
  <Point X="133.0" Y="74.0" />
  <Point X="133.0" Y="73.0" />
  <Point X="133.0" Y="72.0" />
  <Point X="133.0" Y="71.0" />
  <Point X="133.0" Y="70.0" />
  <Point X="134.0" Y="69.0" />
  <Point X="134.0" Y="68.0" />
  <Point X="134.0" Y="67.0" />
  <Point X="134.0" Y="66.0" />
  <Point X="134.0" Y="65.0" />
  <Point X="134.0" Y="64.0" />
  <Point X="135.0" Y="64.0" />
  <Point X="134.0" Y="64.0" />
  <Point X="133.0" Y="65.0" />
  <Point X="132.0" Y="66.0" />
  <Point X="131.0" Y="67.0" />
  <Point X="130.0" Y="68.0" />
  <Point X="129.0" Y="68.0" />
  <Point X="129.0" Y="69.0" />
  <Point X="128.0" Y="69.0" />
  <Point X="128.0" Y="70.0" />
  <Point X="127.0" Y="70.0" />
  <Point X="127.0" Y="71.0" />
  <Point X="126.0" Y="71.0" />
  <Point X="126.0" Y="72.0" />
  <Point X="125.0" Y="72.0" />
  <Point X="124.0" Y="73.0" />
  <Point X="123.0" Y="73.0" />
  <Point X="123.0" Y="74.0" />
  <Point X="122.0" Y="74.0" />
  <Point X="122.0" Y="75.0" />
  <Point X="121.0" Y="75.0" />
  <Point X="121.0" Y="76.0" />
  <Point X="120.0" Y="76.0" />
  <Point X="120.0" Y="77.0" />
  <Point X="119.0" Y="77.0" />
  <Point X="119.0" Y="78.0" />
  <Point X="118.0" Y="79.0" />
  <Point X="117.0" Y="79.0" />
  <Point X="117.0" Y="80.0" />
  <Point X="116.0" Y="80.0" />
  <Point X="116.0" Y="81.0" />
  <Point X="115.0" Y="81.0" />
  <Point X="115.0" Y="82.0" />
  <Point X="114.0" Y="83.0" />
  <Point X="113.0" Y="84.0" />
  <Point X="112.0" Y="84.0" />
  <Point X="112.0" Y="85.0" />
  <Point X="111.0" Y="86.0" />
  <Point X="110.0" Y="87.0" />
  <Point X="109.0" Y="88.0" />
  <Point X="109.0" Y="89.0" />
  <Point X="108.0" Y="89.0" />
  <Point X="107.0" Y="90.0" />
  <Point X="107.0" Y="91.0" />
  <Point X="106.0" Y="92.0" />
  <Point X="105.0" Y="92.0" />
  <Point X="105.0" Y="93.0" />
  <Point X="104.0" Y="94.0" />
  <Point X="103.0" Y="95.0" />
  <Point X="102.0" Y="96.0" />
  <Point X="102.0" Y="97.0" />
  <Point X="101.0" Y="97.0" />
  <Point X="100.0" Y="98.0" />
  <Point X="100.0" Y="99.0" />
  <Point X="99.0" Y="100.0" />
  <Point X="98.0" Y="101.0" />
  <Point X="97.0" Y="102.0" />
  <Point X="97.0" Y="103.0" />
  <Point X="96.0" Y="104.0" />
  <Point X="95.0" Y="105.0" />
  <Point X="95.0" Y="106.0" />
  <Point X="94.0" Y="106.0" />
  <Point X="94.0" Y="107.0" />
  <Point X="93.0" Y="108.0" />
  <Point X="92.0" Y="109.0" />
  <Point X="92.0" Y="110.0" />
  <Point X="91.0" Y="110.0" />
  <Point X="91.0" Y="111.0" />
  <Point X="90.0" Y="111.0" />
  <Point X="90.0" Y="112.0" />
  <Point X="89.0" Y="113.0" />
  <Point X="88.0" Y="114.0" />
  <Point X="87.0" Y="115.0" />
  <Point X="87.0" Y="116.0" />
  <Point X="86.0" Y="116.0" />
  <Point X="86.0" Y="117.0" />
  <Point X="85.0" Y="117.0" />
  <Point X="85.0" Y="118.0" />
  <Point X="84.0" Y="118.0" />
  <Point X="84.0" Y="119.0" />
  <Point X="83.0" Y="119.0" />
  <Point X="83.0" Y="120.0" />
  <Point X="82.0" Y="120.0" />
  <Point X="82.0" Y="121.0" />
  <Point X="81.0" Y="121.0" />
  <Point X="81.0" Y="122.0" />
  <Point X="80.0" Y="122.0" />
  <Point X="80.0" Y="123.0" />
  <Point X="79.0" Y="123.0" />
  <Point X="79.0" Y="124.0" />
  <Point X="78.0" Y="124.0" />
  <Point X="78.0" Y="125.0" />
  <Point X="77.0" Y="125.0" />
  <Point X="77.0" Y="126.0" />
</Project_1_Part_4>
