<?xml version="1.0" encoding="utf-8" standalone="yes"?>
<Gesture Name="check3" Subject="5" Number="5" NumPts="131">
  <Point X="37.0" Y="158.0" />
  <Point X="37.0" Y="157.0" />
  <Point X="38.0" Y="157.0" />
  <Point X="38.0" Y="155.0" />
  <Point X="39.0" Y="155.0" />
  <Point X="41.0" Y="155.0" />
  <Point X="41.0" Y="154.0" />
  <Point X="42.0" Y="154.0" />
  <Point X="43.0" Y="154.0" />
  <Point X="43.0" Y="153.0" />
  <Point X="44.0" Y="153.0" />
  <Point X="46.0" Y="153.0" />
  <Point X="46.0" Y="152.0" />
  <Point X="47.0" Y="152.0" />
  <Point X="48.0" Y="150.0" />
  <Point X="49.0" Y="150.0" />
  <Point X="51.0" Y="150.0" />
  <Point X="51.0" Y="149.0" />
  <Point X="52.0" Y="149.0" />
  <Point X="53.0" Y="148.0" />
  <Point X="54.0" Y="148.0" />
  <Point X="56.0" Y="147.0" />
  <Point X="57.0" Y="147.0" />
  <Point X="58.0" Y="147.0" />
  <Point X="58.0" Y="145.0" />
  <Point X="59.0" Y="145.0" />
  <Point X="61.0" Y="145.0" />
  <Point X="61.0" Y="144.0" />
  <Point X="62.0" Y="144.0" />
  <Point X="62.0" Y="146.0" />
  <Point X="63.0" Y="146.0" />
  <Point X="63.0" Y="147.0" />
  <Point X="63.0" Y="148.0" />
  <Point X="63.0" Y="149.0" />
  <Point X="63.0" Y="151.0" />
  <Point X="64.0" Y="151.0" />
  <Point X="66.0" Y="151.0" />
  <Point X="66.0" Y="152.0" />
  <Point X="66.0" Y="153.0" />
  <Point X="67.0" Y="153.0" />
  <Point X="67.0" Y="154.0" />
  <Point X="67.0" Y="156.0" />
  <Point X="68.0" Y="156.0" />
  <Point X="68.0" Y="157.0" />
  <Point X="69.0" Y="157.0" />
  <Point X="69.0" Y="155.0" />
  <Point X="69.0" Y="154.0" />
  <Point X="69.0" Y="153.0" />
  <Point X="71.0" Y="153.0" />
  <Point X="71.0" Y="152.0" />
  <Point X="71.0" Y="150.0" />
  <Point X="72.0" Y="149.0" />
  <Point X="72.0" Y="148.0" />
  <Point X="72.0" Y="147.0" />
  <Point X="73.0" Y="147.0" />
  <Point X="73.0" Y="145.0" />
  <Point X="73.0" Y="144.0" />
  <Point X="73.0" Y="143.0" />
  <Point X="74.0" Y="143.0" />
  <Point X="74.0" Y="142.0" />
  <Point X="74.0" Y="140.0" />
  <Point X="76.0" Y="140.0" />
  <Point X="76.0" Y="139.0" />
  <Point X="76.0" Y="138.0" />
  <Point X="77.0" Y="138.0" />
  <Point X="77.0" Y="137.0" />
  <Point X="77.0" Y="135.0" />
  <Point X="77.0" Y="134.0" />
  <Point X="78.0" Y="134.0" />
  <Point X="78.0" Y="133.0" />
  <Point X="78.0" Y="132.0" />
  <Point X="79.0" Y="130.0" />
  <Point X="79.0" Y="129.0" />
  <Point X="79.0" Y="128.0" />
  <Point X="81.0" Y="128.0" />
  <Point X="81.0" Y="127.0" />
  <Point X="81.0" Y="125.0" />
  <Point X="82.0" Y="125.0" />
  <Point X="82.0" Y="124.0" />
  <Point X="82.0" Y="123.0" />
  <Point X="82.0" Y="122.0" />
  <Point X="83.0" Y="122.0" />
  <Point X="83.0" Y="120.0" />
  <Point X="83.0" Y="119.0" />
  <Point X="84.0" Y="119.0" />
  <Point X="84.0" Y="118.0" />
  <Point X="84.0" Y="117.0" />
  <Point X="84.0" Y="115.0" />
  <Point X="86.0" Y="115.0" />
  <Point X="86.0" Y="114.0" />
  <Point X="86.0" Y="113.0" />
  <Point X="86.0" Y="112.0" />
  <Point X="87.0" Y="112.0" />
  <Point X="87.0" Y="110.0" />
  <Point X="87.0" Y="109.0" />
  <Point X="87.0" Y="108.0" />
  <Point X="88.0" Y="108.0" />
  <Point X="88.0" Y="107.0" />
  <Point X="88.0" Y="105.0" />
  <Point X="88.0" Y="104.0" />
  <Point X="89.0" Y="104.0" />
  <Point X="89.0" Y="103.0" />
  <Point X="89.0" Y="102.0" />
  <Point X="89.0" Y="100.0" />
  <Point X="91.0" Y="100.0" />
  <Point X="91.0" Y="99.0" />
  <Point X="91.0" Y="98.0" />
  <Point X="91.0" Y="97.0" />
  <Point X="91.0" Y="95.0" />
  <Point X="92.0" Y="95.0" />
  <Point X="92.0" Y="94.0" />
  <Point X="92.0" Y="93.0" />
  <Point X="93.0" Y="92.0" />
  <Point X="93.0" Y="90.0" />
  <Point X="93.0" Y="89.0" />
  <Point X="94.0" Y="88.0" />
  <Point X="94.0" Y="87.0" />
  <Point X="94.0" Y="85.0" />
  <Point X="94.0" Y="84.0" />
  <Point X="96.0" Y="84.0" />
  <Point X="96.0" Y="83.0" />
  <Point X="96.0" Y="82.0" />
  <Point X="97.0" Y="82.0" />
  <Point X="97.0" Y="80.0" />
  <Point X="97.0" Y="79.0" />
  <Point X="97.0" Y="78.0" />
  <Point X="98.0" Y="78.0" />
  <Point X="98.0" Y="77.0" />
  <Point X="98.0" Y="75.0" />
  <Point X="99.0" Y="74.0" />
  <Point X="99.0" Y="73.0" />
</Project_1_Part_4>
