<?xml version="1.0" encoding="utf-8" standalone="yes"?>
<Gesture Name="pigtail5" Subject="5" Number="5" NumPts="150">
  <Point X="85.0" Y="163.0" />
  <Point X="86.0" Y="163.0" />
  <Point X="87.0" Y="163.0" />
  <Point X="87.0" Y="164.0" />
  <Point X="88.0" Y="164.0" />
  <Point X="89.0" Y="164.0" />
  <Point X="91.0" Y="164.0" />
  <Point X="92.0" Y="164.0" />
  <Point X="93.0" Y="164.0" />
  <Point X="94.0" Y="164.0" />
  <Point X="96.0" Y="164.0" />
  <Point X="97.0" Y="164.0" />
  <Point X="98.0" Y="164.0" />
  <Point X="99.0" Y="164.0" />
  <Point X="101.0" Y="164.0" />
  <Point X="102.0" Y="164.0" />
  <Point X="103.0" Y="164.0" />
  <Point X="104.0" Y="164.0" />
  <Point X="106.0" Y="164.0" />
  <Point X="107.0" Y="164.0" />
  <Point X="108.0" Y="164.0" />
  <Point X="109.0" Y="164.0" />
  <Point X="111.0" Y="164.0" />
  <Point X="112.0" Y="164.0" />
  <Point X="113.0" Y="164.0" />
  <Point X="114.0" Y="164.0" />
  <Point X="116.0" Y="164.0" />
  <Point X="117.0" Y="164.0" />
  <Point X="118.0" Y="164.0" />
  <Point X="119.0" Y="164.0" />
  <Point X="121.0" Y="164.0" />
  <Point X="122.0" Y="164.0" />
  <Point X="122.0" Y="163.0" />
  <Point X="123.0" Y="163.0" />
  <Point X="124.0" Y="163.0" />
  <Point X="126.0" Y="163.0" />
  <Point X="126.0" Y="162.0" />
  <Point X="127.0" Y="162.0" />
  <Point X="128.0" Y="162.0" />
  <Point X="128.0" Y="160.0" />
  <Point X="129.0" Y="160.0" />
  <Point X="131.0" Y="160.0" />
  <Point X="131.0" Y="159.0" />
  <Point X="132.0" Y="159.0" />
  <Point X="133.0" Y="159.0" />
  <Point X="134.0" Y="159.0" />
  <Point X="134.0" Y="158.0" />
  <Point X="136.0" Y="158.0" />
  <Point X="137.0" Y="158.0" />
  <Point X="137.0" Y="157.0" />
  <Point X="138.0" Y="157.0" />
  <Point X="139.0" Y="157.0" />
  <Point X="139.0" Y="155.0" />
  <Point X="141.0" Y="155.0" />
  <Point X="142.0" Y="154.0" />
  <Point X="143.0" Y="154.0" />
  <Point X="143.0" Y="153.0" />
  <Point X="144.0" Y="153.0" />
  <Point X="146.0" Y="153.0" />
  <Point X="146.0" Y="152.0" />
  <Point X="147.0" Y="152.0" />
  <Point X="147.0" Y="150.0" />
  <Point X="147.0" Y="149.0" />
  <Point X="148.0" Y="149.0" />
  <Point X="148.0" Y="148.0" />
  <Point X="148.0" Y="147.0" />
  <Point X="148.0" Y="145.0" />
  <Point X="148.0" Y="144.0" />
  <Point X="148.0" Y="143.0" />
  <Point X="148.0" Y="142.0" />
  <Point X="148.0" Y="140.0" />
  <Point X="148.0" Y="139.0" />
  <Point X="148.0" Y="138.0" />
  <Point X="147.0" Y="138.0" />
  <Point X="145.0" Y="138.0" />
  <Point X="145.0" Y="137.0" />
  <Point X="144.0" Y="137.0" />
  <Point X="143.0" Y="137.0" />
  <Point X="142.0" Y="137.0" />
  <Point X="142.0" Y="135.0" />
  <Point X="140.0" Y="135.0" />
  <Point X="139.0" Y="135.0" />
  <Point X="138.0" Y="135.0" />
  <Point X="137.0" Y="135.0" />
  <Point X="137.0" Y="134.0" />
  <Point X="135.0" Y="134.0" />
  <Point X="134.0" Y="134.0" />
  <Point X="133.0" Y="134.0" />
  <Point X="133.0" Y="136.0" />
  <Point X="132.0" Y="137.0" />
  <Point X="132.0" Y="138.0" />
  <Point X="130.0" Y="138.0" />
  <Point X="130.0" Y="139.0" />
  <Point X="129.0" Y="139.0" />
  <Point X="129.0" Y="141.0" />
  <Point X="128.0" Y="142.0" />
  <Point X="128.0" Y="143.0" />
  <Point X="127.0" Y="143.0" />
  <Point X="127.0" Y="144.0" />
  <Point X="127.0" Y="146.0" />
  <Point X="125.0" Y="146.0" />
  <Point X="125.0" Y="147.0" />
  <Point X="125.0" Y="148.0" />
  <Point X="124.0" Y="148.0" />
  <Point X="124.0" Y="149.0" />
  <Point X="124.0" Y="151.0" />
  <Point X="124.0" Y="152.0" />
  <Point X="124.0" Y="153.0" />
  <Point X="124.0" Y="154.0" />
  <Point X="124.0" Y="156.0" />
  <Point X="124.0" Y="157.0" />
  <Point X="124.0" Y="158.0" />
  <Point X="124.0" Y="159.0" />
  <Point X="124.0" Y="161.0" />
  <Point X="124.0" Y="162.0" />
  <Point X="124.0" Y="163.0" />
  <Point X="124.0" Y="164.0" />
  <Point X="126.0" Y="164.0" />
  <Point X="126.0" Y="166.0" />
  <Point X="127.0" Y="166.0" />
  <Point X="127.0" Y="167.0" />
  <Point X="128.0" Y="167.0" />
  <Point X="128.0" Y="168.0" />
  <Point X="129.0" Y="168.0" />
  <Point X="131.0" Y="168.0" />
  <Point X="131.0" Y="169.0" />
  <Point X="132.0" Y="169.0" />
  <Point X="133.0" Y="169.0" />
  <Point X="134.0" Y="169.0" />
  <Point X="134.0" Y="171.0" />
  <Point X="136.0" Y="171.0" />
  <Point X="137.0" Y="171.0" />
  <Point X="138.0" Y="171.0" />
  <Point X="138.0" Y="172.0" />
  <Point X="139.0" Y="172.0" />
  <Point X="141.0" Y="172.0" />
  <Point X="142.0" Y="172.0" />
  <Point X="143.0" Y="172.0" />
  <Point X="143.0" Y="173.0" />
  <Point X="144.0" Y="173.0" />
  <Point X="146.0" Y="173.0" />
  <Point X="147.0" Y="173.0" />
  <Point X="148.0" Y="173.0" />
  <Point X="148.0" Y="174.0" />
  <Point X="149.0" Y="174.0" />
  <Point X="151.0" Y="174.0" />
  <Point X="152.0" Y="174.0" />
  <Point X="152.0" Y="176.0" />
  <Point X="153.0" Y="176.0" />
  <Point X="154.0" Y="176.0" />
</Project_1_Part_4>
