<?xml version="1.0" encoding="utf-8" standalone="yes"?>
<Gesture Name="pigtail10" Subject="5" Number="5" NumPts="189">
  <Point X="228.0" Y="24.0" />
  <Point X="95.0" Y="107.0" />
  <Point X="95.0" Y="108.0" />
  <Point X="96.0" Y="108.0" />
  <Point X="97.0" Y="108.0" />
  <Point X="98.0" Y="108.0" />
  <Point X="99.0" Y="108.0" />
  <Point X="101.0" Y="108.0" />
  <Point X="102.0" Y="108.0" />
  <Point X="103.0" Y="108.0" />
  <Point X="104.0" Y="108.0" />
  <Point X="106.0" Y="108.0" />
  <Point X="107.0" Y="108.0" />
  <Point X="108.0" Y="108.0" />
  <Point X="108.0" Y="107.0" />
  <Point X="109.0" Y="107.0" />
  <Point X="111.0" Y="107.0" />
  <Point X="112.0" Y="107.0" />
  <Point X="112.0" Y="105.0" />
  <Point X="113.0" Y="105.0" />
  <Point X="114.0" Y="104.0" />
  <Point X="116.0" Y="104.0" />
  <Point X="116.0" Y="103.0" />
  <Point X="117.0" Y="103.0" />
  <Point X="118.0" Y="103.0" />
  <Point X="118.0" Y="102.0" />
  <Point X="119.0" Y="102.0" />
  <Point X="121.0" Y="102.0" />
  <Point X="121.0" Y="100.0" />
  <Point X="122.0" Y="100.0" />
  <Point X="122.0" Y="99.0" />
  <Point X="123.0" Y="99.0" />
  <Point X="124.0" Y="99.0" />
  <Point X="124.0" Y="98.0" />
  <Point X="126.0" Y="98.0" />
  <Point X="127.0" Y="98.0" />
  <Point X="127.0" Y="97.0" />
  <Point X="128.0" Y="97.0" />
  <Point X="128.0" Y="95.0" />
  <Point X="129.0" Y="95.0" />
  <Point X="131.0" Y="95.0" />
  <Point X="131.0" Y="94.0" />
  <Point X="132.0" Y="94.0" />
  <Point X="133.0" Y="94.0" />
  <Point X="133.0" Y="93.0" />
  <Point X="134.0" Y="93.0" />
  <Point X="134.0" Y="92.0" />
  <Point X="136.0" Y="92.0" />
  <Point X="136.0" Y="90.0" />
  <Point X="137.0" Y="90.0" />
  <Point X="138.0" Y="89.0" />
  <Point X="139.0" Y="89.0" />
  <Point X="139.0" Y="88.0" />
  <Point X="141.0" Y="88.0" />
  <Point X="141.0" Y="87.0" />
  <Point X="142.0" Y="87.0" />
  <Point X="142.0" Y="85.0" />
  <Point X="142.0" Y="84.0" />
  <Point X="143.0" Y="84.0" />
  <Point X="143.0" Y="83.0" />
  <Point X="143.0" Y="82.0" />
  <Point X="143.0" Y="80.0" />
  <Point X="144.0" Y="80.0" />
  <Point X="144.0" Y="79.0" />
  <Point X="144.0" Y="78.0" />
  <Point X="144.0" Y="77.0" />
  <Point X="144.0" Y="75.0" />
  <Point X="144.0" Y="74.0" />
  <Point X="144.0" Y="73.0" />
  <Point X="144.0" Y="72.0" />
  <Point X="144.0" Y="70.0" />
  <Point X="144.0" Y="69.0" />
  <Point X="144.0" Y="68.0" />
  <Point X="144.0" Y="67.0" />
  <Point X="143.0" Y="67.0" />
  <Point X="142.0" Y="67.0" />
  <Point X="140.0" Y="67.0" />
  <Point X="140.0" Y="65.0" />
  <Point X="139.0" Y="65.0" />
  <Point X="138.0" Y="65.0" />
  <Point X="137.0" Y="65.0" />
  <Point X="135.0" Y="65.0" />
  <Point X="134.0" Y="65.0" />
  <Point X="133.0" Y="65.0" />
  <Point X="132.0" Y="65.0" />
  <Point X="130.0" Y="65.0" />
  <Point X="130.0" Y="66.0" />
  <Point X="129.0" Y="66.0" />
  <Point X="128.0" Y="66.0" />
  <Point X="128.0" Y="67.0" />
  <Point X="127.0" Y="68.0" />
  <Point X="127.0" Y="69.0" />
  <Point X="125.0" Y="69.0" />
  <Point X="125.0" Y="71.0" />
  <Point X="124.0" Y="71.0" />
  <Point X="124.0" Y="72.0" />
  <Point X="123.0" Y="73.0" />
  <Point X="123.0" Y="74.0" />
  <Point X="122.0" Y="74.0" />
  <Point X="122.0" Y="76.0" />
  <Point X="120.0" Y="76.0" />
  <Point X="120.0" Y="77.0" />
  <Point X="120.0" Y="78.0" />
  <Point X="119.0" Y="78.0" />
  <Point X="119.0" Y="79.0" />
  <Point X="119.0" Y="81.0" />
  <Point X="118.0" Y="81.0" />
  <Point X="118.0" Y="82.0" />
  <Point X="118.0" Y="83.0" />
  <Point X="117.0" Y="83.0" />
  <Point X="117.0" Y="84.0" />
  <Point X="117.0" Y="86.0" />
  <Point X="117.0" Y="87.0" />
  <Point X="115.0" Y="87.0" />
  <Point X="115.0" Y="88.0" />
  <Point X="115.0" Y="89.0" />
  <Point X="115.0" Y="91.0" />
  <Point X="116.0" Y="91.0" />
  <Point X="116.0" Y="92.0" />
  <Point X="117.0" Y="92.0" />
  <Point X="117.0" Y="93.0" />
  <Point X="118.0" Y="93.0" />
  <Point X="118.0" Y="94.0" />
  <Point X="119.0" Y="94.0" />
  <Point X="119.0" Y="96.0" />
  <Point X="121.0" Y="96.0" />
  <Point X="121.0" Y="97.0" />
  <Point X="122.0" Y="97.0" />
  <Point X="123.0" Y="97.0" />
  <Point X="123.0" Y="98.0" />
  <Point X="124.0" Y="98.0" />
  <Point X="126.0" Y="98.0" />
  <Point X="126.0" Y="99.0" />
  <Point X="127.0" Y="99.0" />
  <Point X="128.0" Y="99.0" />
  <Point X="128.0" Y="101.0" />
  <Point X="129.0" Y="101.0" />
  <Point X="131.0" Y="101.0" />
  <Point X="131.0" Y="102.0" />
  <Point X="132.0" Y="102.0" />
  <Point X="133.0" Y="102.0" />
  <Point X="133.0" Y="103.0" />
  <Point X="134.0" Y="103.0" />
  <Point X="136.0" Y="103.0" />
  <Point X="136.0" Y="104.0" />
  <Point X="137.0" Y="104.0" />
  <Point X="138.0" Y="104.0" />
  <Point X="138.0" Y="106.0" />
  <Point X="139.0" Y="106.0" />
  <Point X="141.0" Y="106.0" />
  <Point X="142.0" Y="106.0" />
  <Point X="142.0" Y="107.0" />
  <Point X="143.0" Y="107.0" />
  <Point X="144.0" Y="107.0" />
  <Point X="146.0" Y="107.0" />
  <Point X="146.0" Y="108.0" />
  <Point X="147.0" Y="108.0" />
  <Point X="148.0" Y="108.0" />
  <Point X="149.0" Y="108.0" />
  <Point X="151.0" Y="108.0" />
  <Point X="152.0" Y="108.0" />
  <Point X="153.0" Y="108.0" />
  <Point X="154.0" Y="108.0" />
  <Point X="156.0" Y="108.0" />
  <Point X="157.0" Y="108.0" />
  <Point X="157.0" Y="107.0" />
  <Point X="158.0" Y="107.0" />
  <Point X="159.0" Y="107.0" />
  <Point X="161.0" Y="107.0" />
  <Point X="161.0" Y="105.0" />
  <Point X="162.0" Y="105.0" />
  <Point X="163.0" Y="105.0" />
  <Point X="163.0" Y="104.0" />
  <Point X="164.0" Y="104.0" />
  <Point X="166.0" Y="104.0" />
  <Point X="166.0" Y="103.0" />
  <Point X="167.0" Y="103.0" />
  <Point X="168.0" Y="103.0" />
  <Point X="169.0" Y="103.0" />
  <Point X="169.0" Y="102.0" />
  <Point X="171.0" Y="102.0" />
  <Point X="172.0" Y="102.0" />
  <Point X="172.0" Y="100.0" />
  <Point X="173.0" Y="100.0" />
  <Point X="174.0" Y="100.0" />
  <Point X="174.0" Y="99.0" />
  <Point X="176.0" Y="99.0" />
  <Point X="177.0" Y="99.0" />
  <Point X="177.0" Y="98.0" />
</Project_1_Part_4>
