<?xml version="1.0" encoding="utf-8" standalone="yes"?>
<Gesture Name="right_curly_brace4" Subject="5" Number="5" NumPts="180">
  <Point X="88.0" Y="49.0" />
  <Point X="89.0" Y="49.0" />
  <Point X="91.0" Y="49.0" />
  <Point X="92.0" Y="49.0" />
  <Point X="93.0" Y="49.0" />
  <Point X="94.0" Y="49.0" />
  <Point X="96.0" Y="49.0" />
  <Point X="97.0" Y="49.0" />
  <Point X="98.0" Y="49.0" />
  <Point X="99.0" Y="49.0" />
  <Point X="101.0" Y="49.0" />
  <Point X="101.0" Y="51.0" />
  <Point X="101.0" Y="52.0" />
  <Point X="101.0" Y="53.0" />
  <Point X="102.0" Y="53.0" />
  <Point X="102.0" Y="54.0" />
  <Point X="102.0" Y="56.0" />
  <Point X="102.0" Y="57.0" />
  <Point X="102.0" Y="58.0" />
  <Point X="102.0" Y="59.0" />
  <Point X="102.0" Y="61.0" />
  <Point X="102.0" Y="62.0" />
  <Point X="102.0" Y="63.0" />
  <Point X="102.0" Y="64.0" />
  <Point X="102.0" Y="66.0" />
  <Point X="102.0" Y="67.0" />
  <Point X="102.0" Y="68.0" />
  <Point X="102.0" Y="69.0" />
  <Point X="102.0" Y="71.0" />
  <Point X="100.0" Y="71.0" />
  <Point X="100.0" Y="72.0" />
  <Point X="100.0" Y="73.0" />
  <Point X="99.0" Y="73.0" />
  <Point X="99.0" Y="74.0" />
  <Point X="99.0" Y="76.0" />
  <Point X="98.0" Y="76.0" />
  <Point X="98.0" Y="77.0" />
  <Point X="98.0" Y="78.0" />
  <Point X="97.0" Y="78.0" />
  <Point X="97.0" Y="79.0" />
  <Point X="97.0" Y="81.0" />
  <Point X="95.0" Y="81.0" />
  <Point X="95.0" Y="82.0" />
  <Point X="94.0" Y="82.0" />
  <Point X="94.0" Y="83.0" />
  <Point X="94.0" Y="84.0" />
  <Point X="93.0" Y="84.0" />
  <Point X="93.0" Y="86.0" />
  <Point X="92.0" Y="87.0" />
  <Point X="92.0" Y="88.0" />
  <Point X="90.0" Y="88.0" />
  <Point X="90.0" Y="89.0" />
  <Point X="90.0" Y="91.0" />
  <Point X="89.0" Y="91.0" />
  <Point X="89.0" Y="92.0" />
  <Point X="89.0" Y="93.0" />
  <Point X="88.0" Y="93.0" />
  <Point X="88.0" Y="94.0" />
  <Point X="88.0" Y="96.0" />
  <Point X="88.0" Y="97.0" />
  <Point X="88.0" Y="98.0" />
  <Point X="89.0" Y="98.0" />
  <Point X="89.0" Y="99.0" />
  <Point X="91.0" Y="99.0" />
  <Point X="91.0" Y="101.0" />
  <Point X="92.0" Y="101.0" />
  <Point X="93.0" Y="101.0" />
  <Point X="93.0" Y="102.0" />
  <Point X="94.0" Y="102.0" />
  <Point X="96.0" Y="102.0" />
  <Point X="96.0" Y="103.0" />
  <Point X="97.0" Y="103.0" />
  <Point X="98.0" Y="103.0" />
  <Point X="98.0" Y="104.0" />
  <Point X="99.0" Y="104.0" />
  <Point X="101.0" Y="104.0" />
  <Point X="102.0" Y="104.0" />
  <Point X="102.0" Y="106.0" />
  <Point X="103.0" Y="106.0" />
  <Point X="104.0" Y="106.0" />
  <Point X="106.0" Y="106.0" />
  <Point X="107.0" Y="106.0" />
  <Point X="107.0" Y="107.0" />
  <Point X="108.0" Y="107.0" />
  <Point X="108.0" Y="108.0" />
  <Point X="107.0" Y="108.0" />
  <Point X="107.0" Y="109.0" />
  <Point X="105.0" Y="109.0" />
  <Point X="104.0" Y="109.0" />
  <Point X="103.0" Y="109.0" />
  <Point X="103.0" Y="111.0" />
  <Point X="102.0" Y="111.0" />
  <Point X="100.0" Y="111.0" />
  <Point X="99.0" Y="111.0" />
  <Point X="98.0" Y="111.0" />
  <Point X="98.0" Y="112.0" />
  <Point X="97.0" Y="112.0" />
  <Point X="95.0" Y="112.0" />
  <Point X="94.0" Y="112.0" />
  <Point X="93.0" Y="112.0" />
  <Point X="92.0" Y="112.0" />
  <Point X="90.0" Y="112.0" />
  <Point X="89.0" Y="112.0" />
  <Point X="88.0" Y="112.0" />
  <Point X="87.0" Y="112.0" />
  <Point X="87.0" Y="113.0" />
  <Point X="87.0" Y="114.0" />
  <Point X="87.0" Y="116.0" />
  <Point X="87.0" Y="117.0" />
  <Point X="87.0" Y="118.0" />
  <Point X="87.0" Y="119.0" />
  <Point X="87.0" Y="121.0" />
  <Point X="87.0" Y="122.0" />
  <Point X="87.0" Y="123.0" />
  <Point X="87.0" Y="124.0" />
  <Point X="87.0" Y="126.0" />
  <Point X="87.0" Y="127.0" />
  <Point X="87.0" Y="128.0" />
  <Point X="87.0" Y="129.0" />
  <Point X="87.0" Y="131.0" />
  <Point X="88.0" Y="131.0" />
  <Point X="88.0" Y="132.0" />
  <Point X="89.0" Y="132.0" />
  <Point X="89.0" Y="133.0" />
  <Point X="89.0" Y="134.0" />
  <Point X="91.0" Y="134.0" />
  <Point X="91.0" Y="136.0" />
  <Point X="92.0" Y="136.0" />
  <Point X="92.0" Y="137.0" />
  <Point X="93.0" Y="137.0" />
  <Point X="93.0" Y="138.0" />
  <Point X="94.0" Y="138.0" />
  <Point X="94.0" Y="139.0" />
  <Point X="96.0" Y="139.0" />
  <Point X="96.0" Y="141.0" />
  <Point X="97.0" Y="141.0" />
  <Point X="97.0" Y="142.0" />
  <Point X="97.0" Y="143.0" />
  <Point X="97.0" Y="144.0" />
  <Point X="97.0" Y="146.0" />
  <Point X="97.0" Y="147.0" />
  <Point X="97.0" Y="148.0" />
  <Point X="97.0" Y="149.0" />
  <Point X="97.0" Y="151.0" />
  <Point X="95.0" Y="151.0" />
  <Point X="95.0" Y="152.0" />
  <Point X="95.0" Y="153.0" />
  <Point X="94.0" Y="153.0" />
  <Point X="94.0" Y="154.0" />
  <Point X="93.0" Y="154.0" />
  <Point X="93.0" Y="156.0" />
  <Point X="93.0" Y="157.0" />
  <Point X="92.0" Y="157.0" />
  <Point X="92.0" Y="158.0" />
  <Point X="90.0" Y="158.0" />
  <Point X="90.0" Y="159.0" />
  <Point X="89.0" Y="159.0" />
  <Point X="89.0" Y="161.0" />
  <Point X="89.0" Y="162.0" />
  <Point X="88.0" Y="162.0" />
  <Point X="88.0" Y="163.0" />
  <Point X="87.0" Y="163.0" />
  <Point X="87.0" Y="164.0" />
  <Point X="85.0" Y="164.0" />
  <Point X="85.0" Y="166.0" />
  <Point X="85.0" Y="167.0" />
  <Point X="84.0" Y="167.0" />
  <Point X="84.0" Y="168.0" />
  <Point X="83.0" Y="168.0" />
  <Point X="83.0" Y="169.0" />
  <Point X="82.0" Y="169.0" />
  <Point X="82.0" Y="171.0" />
  <Point X="80.0" Y="171.0" />
  <Point X="80.0" Y="172.0" />
  <Point X="79.0" Y="172.0" />
  <Point X="79.0" Y="173.0" />
  <Point X="78.0" Y="173.0" />
  <Point X="78.0" Y="174.0" />
  <Point X="77.0" Y="174.0" />
  <Point X="77.0" Y="176.0" />
</Project_1_Part_4>
