<?xml version="1.0" encoding="utf-8" standalone="yes"?>
<Gesture Name="right_sq_bracket5" Subject="5" Number="5" NumPts="152">
  <Point X="120.0" Y="72.0" />
  <Point X="121.0" Y="72.0" />
  <Point X="122.0" Y="72.0" />
  <Point X="122.0" Y="73.0" />
  <Point X="123.0" Y="73.0" />
  <Point X="124.0" Y="73.0" />
  <Point X="126.0" Y="73.0" />
  <Point X="127.0" Y="73.0" />
  <Point X="128.0" Y="73.0" />
  <Point X="129.0" Y="73.0" />
  <Point X="131.0" Y="73.0" />
  <Point X="131.0" Y="74.0" />
  <Point X="132.0" Y="74.0" />
  <Point X="133.0" Y="74.0" />
  <Point X="134.0" Y="74.0" />
  <Point X="136.0" Y="74.0" />
  <Point X="137.0" Y="74.0" />
  <Point X="138.0" Y="74.0" />
  <Point X="139.0" Y="74.0" />
  <Point X="141.0" Y="74.0" />
  <Point X="142.0" Y="74.0" />
  <Point X="143.0" Y="74.0" />
  <Point X="144.0" Y="74.0" />
  <Point X="146.0" Y="74.0" />
  <Point X="147.0" Y="74.0" />
  <Point X="148.0" Y="74.0" />
  <Point X="148.0" Y="76.0" />
  <Point X="149.0" Y="76.0" />
  <Point X="151.0" Y="76.0" />
  <Point X="152.0" Y="76.0" />
  <Point X="153.0" Y="76.0" />
  <Point X="154.0" Y="76.0" />
  <Point X="156.0" Y="76.0" />
  <Point X="157.0" Y="76.0" />
  <Point X="158.0" Y="76.0" />
  <Point X="159.0" Y="76.0" />
  <Point X="161.0" Y="76.0" />
  <Point X="162.0" Y="76.0" />
  <Point X="162.0" Y="77.0" />
  <Point X="162.0" Y="78.0" />
  <Point X="162.0" Y="79.0" />
  <Point X="162.0" Y="81.0" />
  <Point X="162.0" Y="82.0" />
  <Point X="162.0" Y="83.0" />
  <Point X="162.0" Y="84.0" />
  <Point X="162.0" Y="86.0" />
  <Point X="162.0" Y="87.0" />
  <Point X="162.0" Y="88.0" />
  <Point X="162.0" Y="89.0" />
  <Point X="162.0" Y="91.0" />
  <Point X="162.0" Y="92.0" />
  <Point X="162.0" Y="93.0" />
  <Point X="162.0" Y="94.0" />
  <Point X="162.0" Y="96.0" />
  <Point X="162.0" Y="97.0" />
  <Point X="162.0" Y="98.0" />
  <Point X="162.0" Y="99.0" />
  <Point X="162.0" Y="101.0" />
  <Point X="162.0" Y="102.0" />
  <Point X="162.0" Y="103.0" />
  <Point X="162.0" Y="104.0" />
  <Point X="162.0" Y="106.0" />
  <Point X="162.0" Y="107.0" />
  <Point X="162.0" Y="108.0" />
  <Point X="162.0" Y="109.0" />
  <Point X="162.0" Y="111.0" />
  <Point X="162.0" Y="112.0" />
  <Point X="162.0" Y="113.0" />
  <Point X="162.0" Y="114.0" />
  <Point X="162.0" Y="116.0" />
  <Point X="162.0" Y="117.0" />
  <Point X="162.0" Y="118.0" />
  <Point X="160.0" Y="119.0" />
  <Point X="160.0" Y="121.0" />
  <Point X="160.0" Y="122.0" />
  <Point X="160.0" Y="123.0" />
  <Point X="160.0" Y="124.0" />
  <Point X="160.0" Y="126.0" />
  <Point X="160.0" Y="127.0" />
  <Point X="160.0" Y="128.0" />
  <Point X="160.0" Y="129.0" />
  <Point X="159.0" Y="129.0" />
  <Point X="159.0" Y="131.0" />
  <Point X="159.0" Y="132.0" />
  <Point X="159.0" Y="133.0" />
  <Point X="159.0" Y="134.0" />
  <Point X="159.0" Y="136.0" />
  <Point X="159.0" Y="137.0" />
  <Point X="159.0" Y="138.0" />
  <Point X="159.0" Y="139.0" />
  <Point X="159.0" Y="141.0" />
  <Point X="159.0" Y="142.0" />
  <Point X="159.0" Y="143.0" />
  <Point X="159.0" Y="144.0" />
  <Point X="159.0" Y="146.0" />
  <Point X="159.0" Y="147.0" />
  <Point X="158.0" Y="147.0" />
  <Point X="158.0" Y="148.0" />
  <Point X="158.0" Y="149.0" />
  <Point X="158.0" Y="151.0" />
  <Point X="158.0" Y="152.0" />
  <Point X="158.0" Y="153.0" />
  <Point X="158.0" Y="154.0" />
  <Point X="158.0" Y="156.0" />
  <Point X="158.0" Y="157.0" />
  <Point X="158.0" Y="158.0" />
  <Point X="158.0" Y="159.0" />
  <Point X="158.0" Y="161.0" />
  <Point X="158.0" Y="162.0" />
  <Point X="158.0" Y="163.0" />
  <Point X="158.0" Y="164.0" />
  <Point X="157.0" Y="164.0" />
  <Point X="155.0" Y="164.0" />
  <Point X="154.0" Y="164.0" />
  <Point X="153.0" Y="164.0" />
  <Point X="153.0" Y="166.0" />
  <Point X="152.0" Y="166.0" />
  <Point X="150.0" Y="166.0" />
  <Point X="149.0" Y="166.0" />
  <Point X="148.0" Y="166.0" />
  <Point X="147.0" Y="166.0" />
  <Point X="145.0" Y="166.0" />
  <Point X="144.0" Y="166.0" />
  <Point X="143.0" Y="166.0" />
  <Point X="142.0" Y="166.0" />
  <Point X="140.0" Y="166.0" />
  <Point X="139.0" Y="166.0" />
  <Point X="138.0" Y="166.0" />
  <Point X="137.0" Y="166.0" />
  <Point X="137.0" Y="165.0" />
  <Point X="135.0" Y="165.0" />
  <Point X="134.0" Y="165.0" />
  <Point X="134.0" Y="164.0" />
  <Point X="133.0" Y="164.0" />
  <Point X="132.0" Y="164.0" />
  <Point X="130.0" Y="164.0" />
  <Point X="129.0" Y="164.0" />
  <Point X="128.0" Y="164.0" />
  <Point X="127.0" Y="164.0" />
  <Point X="125.0" Y="164.0" />
  <Point X="124.0" Y="164.0" />
  <Point X="124.0" Y="163.0" />
  <Point X="123.0" Y="163.0" />
  <Point X="122.0" Y="163.0" />
  <Point X="120.0" Y="163.0" />
  <Point X="119.0" Y="163.0" />
  <Point X="118.0" Y="163.0" />
  <Point X="117.0" Y="163.0" />
  <Point X="115.0" Y="163.0" />
  <Point X="114.0" Y="163.0" />
  <Point X="113.0" Y="163.0" />
  <Point X="112.0" Y="163.0" />
</Project_1_Part_4>
