<?xml version="1.0" encoding="utf-8" standalone="yes"?>
<Gesture Name="arrow4" Subject="1" Number="1" NumPts="375">
  <Point X="66.0" Y="139.0" />
  <Point X="67.0" Y="139.0" />
  <Point X="68.0" Y="139.0" />
  <Point X="69.0" Y="139.0" />
  <Point X="69.0" Y="138.0" />
  <Point X="70.0" Y="138.0" />
  <Point X="70.14305068744159" Y="138.0" />
  <Point X="71.0" Y="138.0" />
  <Point X="71.0" Y="137.0" />
  <Point X="72.0" Y="137.0" />
  <Point X="73.0" Y="137.0" />
  <Point X="73.0" Y="136.0" />
  <Point X="73.28610137488317" Y="136.0" />
  <Point X="74.0" Y="136.0" />
  <Point X="75.0" Y="136.0" />
  <Point X="75.0" Y="135.0" />
  <Point X="75.0" Y="134.0" />
  <Point X="76.0" Y="134.0" />
  <Point X="76.42915206232476" Y="134.0" />
  <Point X="77.0" Y="134.0" />
  <Point X="77.0" Y="133.0" />
  <Point X="78.0" Y="133.0" />
  <Point X="79.0" Y="132.0" />
  <Point X="80.0" Y="132.0" />
  <Point X="80.11171522575992" Y="131.88828477424008" />
  <Point X="81.0" Y="131.0" />
  <Point X="82.0" Y="131.0" />
  <Point X="82.0" Y="130.0" />
  <Point X="83.0" Y="130.0" />
  <Point X="83.0" Y="129.11317368753825" />
  <Point X="83.0" Y="129.0" />
  <Point X="84.0" Y="129.0" />
  <Point X="85.0" Y="129.0" />
  <Point X="85.0" Y="128.0" />
  <Point X="86.0" Y="128.0" />
  <Point X="86.0" Y="127.0" />
  <Point X="86.02987699990334" Y="127.0" />
  <Point X="87.0" Y="127.0" />
  <Point X="88.0" Y="126.0" />
  <Point X="89.0" Y="125.0" />
  <Point X="90.0" Y="125.0" />
  <Point X="90.24359868393614" Y="124.75640131606386" />
  <Point X="91.0" Y="124.0" />
  <Point X="92.0" Y="124.0" />
  <Point X="92.0" Y="123.0" />
  <Point X="93.0" Y="123.0" />
  <Point X="93.75896435745258" Y="122.24103564254742" />
  <Point X="94.0" Y="122.0" />
  <Point X="94.0" Y="121.0" />
  <Point X="95.0" Y="121.0" />
  <Point X="95.0" Y="120.0" />
  <Point X="96.0" Y="120.0" />
  <Point X="96.80217481273571" Y="120.0" />
  <Point X="97.0" Y="120.0" />
  <Point X="98.0" Y="119.0" />
  <Point X="98.0" Y="118.0" />
  <Point X="99.0" Y="118.0" />
  <Point X="100.0" Y="117.0" />
  <Point X="100.1167983754311" Y="117.0" />
  <Point X="101.0" Y="117.0" />
  <Point X="102.0" Y="116.0" />
  <Point X="103.0" Y="116.0" />
  <Point X="103.0" Y="115.0" />
  <Point X="103.8456355004996" Y="115.0" />
  <Point X="104.0" Y="115.0" />
  <Point X="104.0" Y="114.0" />
  <Point X="105.0" Y="114.0" />
  <Point X="105.0" Y="113.0" />
  <Point X="106.0" Y="113.0" />
  <Point X="106.0" Y="112.01131381205882" />
  <Point X="106.0" Y="112.0" />
  <Point X="107.0" Y="112.0" />
  <Point X="108.0" Y="111.0" />
  <Point X="108.0" Y="110.0" />
  <Point X="109.0" Y="110.0" />
  <Point X="109.71752331300968" Y="110.0" />
  <Point X="110.0" Y="110.0" />
  <Point X="110.0" Y="109.0" />
  <Point X="111.0" Y="109.0" />
  <Point X="112.0" Y="108.0" />
  <Point X="113.0" Y="107.0" />
  <Point X="113.02273127380502" Y="106.97726872619498" />
  <Point X="114.0" Y="106.0" />
  <Point X="115.0" Y="105.0" />
  <Point X="116.0" Y="105.0" />
  <Point X="116.0" Y="104.0" />
  <Point X="116.34677043840047" Y="104.0" />
  <Point X="117.0" Y="104.0" />
  <Point X="117.0" Y="103.0" />
  <Point X="118.0" Y="102.0" />
  <Point X="119.0" Y="102.0" />
  <Point X="119.0" Y="101.0" />
  <Point X="119.07560756346896" Y="101.0" />
  <Point X="120.0" Y="101.0" />
  <Point X="121.0" Y="101.0" />
  <Point X="121.0" Y="100.0" />
  <Point X="121.0" Y="99.0" />
  <Point X="122.0" Y="99.0" />
  <Point X="122.0" Y="98.78134174908945" />
  <Point X="122.0" Y="98.0" />
  <Point X="123.0" Y="98.0" />
  <Point X="124.0" Y="97.0" />
  <Point X="125.0" Y="97.0" />
  <Point X="125.0" Y="96.05250462402095" />
  <Point X="125.0" Y="96.0" />
  <Point X="125.0" Y="95.0" />
  <Point X="126.0" Y="95.0" />
  <Point X="127.0" Y="94.0" />
  <Point X="128.0" Y="94.0" />
  <Point X="128.0" Y="93.32366749895246" />
  <Point X="128.0" Y="93.0" />
  <Point X="129.0" Y="93.0" />
  <Point X="129.0" Y="92.0" />
  <Point X="130.0" Y="92.0" />
  <Point X="130.0" Y="91.0" />
  <Point X="130.0" Y="90.18061681151087" />
  <Point X="130.0" Y="90.0" />
  <Point X="131.0" Y="90.0" />
  <Point X="132.0" Y="90.0" />
  <Point X="132.0" Y="89.0" />
  <Point X="133.0" Y="89.0" />
  <Point X="133.0" Y="88.03756612406929" />
  <Point X="133.0" Y="88.0" />
  <Point X="134.0" Y="88.0" />
  <Point X="134.0" Y="87.0" />
  <Point X="135.0" Y="86.0" />
  <Point X="136.0" Y="85.0" />
  <Point X="136.27705743862612" Y="85.0" />
  <Point X="137.0" Y="85.0" />
  <Point X="137.0" Y="84.0" />
  <Point X="138.0" Y="84.0" />
  <Point X="138.0" Y="83.0" />
  <Point X="138.0" Y="82.0" />
  <Point X="138.4201081260677" Y="82.0" />
  <Point X="139.0" Y="82.0" />
  <Point X="139.0" Y="81.0" />
  <Point X="140.0" Y="81.0" />
  <Point X="141.0" Y="80.0" />
  <Point X="141.8124269782905" Y="79.18757302170951" />
  <Point X="142.0" Y="79.0" />
  <Point X="142.0" Y="78.0" />
  <Point X="143.0" Y="78.0" />
  <Point X="143.0" Y="77.0" />
  <Point X="144.0" Y="77.0" />
  <Point X="144.0" Y="76.12221762379531" />
  <Point X="144.0" Y="76.0" />
  <Point X="145.0" Y="76.0" />
  <Point X="145.0" Y="75.0" />
  <Point X="145.0" Y="74.0" />
  <Point X="146.0" Y="74.0" />
  <Point X="146.0" Y="73.0" />
  <Point X="146.02083306364628" Y="73.0" />
  <Point X="147.0" Y="73.0" />
  <Point X="148.0" Y="72.0" />
  <Point X="149.0" Y="72.0" />
  <Point X="149.0" Y="71.0" />
  <Point X="149.0" Y="70.25032981128523" />
  <Point X="149.0" Y="70.0" />
  <Point X="150.0" Y="70.0" />
  <Point X="150.0" Y="69.0" />
  <Point X="151.0" Y="69.0" />
  <Point X="151.0" Y="68.0" />
  <Point X="151.89272087615635" Y="68.0" />
  <Point X="152.0" Y="68.0" />
  <Point X="152.0" Y="67.0" />
  <Point X="152.0" Y="66.0" />
  <Point X="153.0" Y="66.0" />
  <Point X="154.0" Y="66.0" />
  <Point X="154.0" Y="65.0" />
  <Point X="154.0" Y="64.96422843640207" />
  <Point X="154.0" Y="64.0" />
  <Point X="155.0" Y="64.0" />
  <Point X="156.0" Y="63.0" />
  <Point X="156.0" Y="62.0" />
  <Point X="156.7646086886664" Y="62.0" />
  <Point X="157.0" Y="62.0" />
  <Point X="157.0" Y="61.0" />
  <Point X="158.0" Y="61.0" />
  <Point X="158.0" Y="60.0" />
  <Point X="159.0" Y="60.0" />
  <Point X="159.0" Y="59.092340623892" />
  <Point X="159.0" Y="59.0" />
  <Point X="160.0" Y="58.0" />
  <Point X="161.0" Y="58.0" />
  <Point X="161.0" Y="57.0" />
  <Point X="162.0" Y="57.0" />
  <Point X="162.0" Y="56.36350349882351" />
  <Point X="162.0" Y="56.0" />
  <Point X="163.0" Y="56.0" />
  <Point X="162.0" Y="56.0" />
  <Point X="161.0" Y="56.0" />
  <Point X="160.0" Y="56.0" />
  <Point X="159.22045281138193" Y="56.0" />
  <Point X="159.0" Y="56.0" />
  <Point X="158.0" Y="56.0" />
  <Point X="157.0" Y="56.0" />
  <Point X="156.0" Y="56.0" />
  <Point X="155.0" Y="56.0" />
  <Point X="154.07740212394035" Y="56.0" />
  <Point X="154.0" Y="56.0" />
  <Point X="153.0" Y="56.0" />
  <Point X="152.0" Y="56.0" />
  <Point X="151.0" Y="56.0" />
  <Point X="150.0" Y="56.0" />
  <Point X="149.0" Y="56.0" />
  <Point X="148.93435143649876" Y="56.0" />
  <Point X="148.0" Y="56.0" />
  <Point X="147.0" Y="56.0" />
  <Point X="146.0" Y="56.0" />
  <Point X="145.0" Y="56.0" />
  <Point X="144.0" Y="56.0" />
  <Point X="143.79130074905717" Y="56.0" />
  <Point X="143.0" Y="56.0" />
  <Point X="142.0" Y="56.0" />
  <Point X="141.0" Y="56.0" />
  <Point X="140.0" Y="56.0" />
  <Point X="140.0" Y="57.0" />
  <Point X="139.64825006161558" Y="57.0" />
  <Point X="139.0" Y="57.0" />
  <Point X="138.0" Y="58.0" />
  <Point X="137.0" Y="58.0" />
  <Point X="136.0" Y="58.0" />
  <Point X="135.0" Y="58.0" />
  <Point X="134.9194129365471" Y="58.0" />
  <Point X="134.0" Y="58.0" />
  <Point X="134.0" Y="59.0" />
  <Point X="133.0" Y="59.0" />
  <Point X="132.0" Y="59.0" />
  <Point X="131.0" Y="59.0" />
  <Point X="131.0" Y="59.22363775089448" />
  <Point X="131.0" Y="60.0" />
  <Point X="130.0" Y="60.0" />
  <Point X="129.0" Y="60.0" />
  <Point X="129.0" Y="61.0" />
  <Point X="128.0" Y="61.0" />
  <Point X="127.63331156166393" Y="61.0" />
  <Point X="127.0" Y="61.0" />
  <Point X="127.0" Y="62.0" />
  <Point X="126.0" Y="62.0" />
  <Point X="126.0" Y="63.0" />
  <Point X="125.0" Y="63.0" />
  <Point X="124.49026087422234" Y="63.0" />
  <Point X="124.0" Y="63.0" />
  <Point X="124.0" Y="64.0" />
  <Point X="123.0" Y="64.0" />
  <Point X="122.0" Y="64.0" />
  <Point X="122.0" Y="65.0" />
  <Point X="121.34721018678076" Y="65.0" />
  <Point X="121.0" Y="65.0" />
  <Point X="121.0" Y="66.0" />
  <Point X="122.0" Y="66.0" />
  <Point X="123.0" Y="66.0" />
  <Point X="124.0" Y="66.0" />
  <Point X="124.79584050066083" Y="66.0" />
  <Point X="125.0" Y="66.0" />
  <Point X="126.0" Y="66.0" />
  <Point X="127.0" Y="66.0" />
  <Point X="128.0" Y="66.0" />
  <Point X="129.0" Y="66.0" />
  <Point X="129.93889118810242" Y="66.0" />
  <Point X="130.0" Y="66.0" />
  <Point X="131.0" Y="65.0" />
  <Point X="132.0" Y="65.0" />
  <Point X="133.0" Y="65.0" />
  <Point X="134.0" Y="65.0" />
  <Point X="134.6677283131709" Y="65.0" />
  <Point X="135.0" Y="65.0" />
  <Point X="136.0" Y="65.0" />
  <Point X="137.0" Y="65.0" />
  <Point X="137.0" Y="64.0" />
  <Point X="138.0" Y="64.0" />
  <Point X="138.81077900061248" Y="64.0" />
  <Point X="139.0" Y="64.0" />
  <Point X="140.0" Y="64.0" />
  <Point X="141.0" Y="64.0" />
  <Point X="142.0" Y="64.0" />
  <Point X="143.0" Y="64.0" />
  <Point X="143.95382968805407" Y="64.0" />
  <Point X="144.0" Y="64.0" />
  <Point X="145.0" Y="64.0" />
  <Point X="145.0" Y="63.0" />
  <Point X="146.0" Y="63.0" />
  <Point X="147.0" Y="63.0" />
  <Point X="147.0" Y="62.0" />
  <Point X="147.09688037549566" Y="62.0" />
  <Point X="148.0" Y="62.0" />
  <Point X="149.0" Y="62.0" />
  <Point X="150.0" Y="62.0" />
  <Point X="151.0" Y="62.0" />
  <Point X="151.0" Y="61.0" />
  <Point X="151.23993106293725" Y="61.0" />
  <Point X="152.0" Y="61.0" />
  <Point X="153.0" Y="61.0" />
  <Point X="154.0" Y="61.0" />
  <Point X="154.0" Y="60.0" />
  <Point X="155.0" Y="60.0" />
  <Point X="155.38298175037883" Y="60.0" />
  <Point X="156.0" Y="60.0" />
  <Point X="157.0" Y="60.0" />
  <Point X="157.0" Y="59.0" />
  <Point X="158.0" Y="59.0" />
  <Point X="158.0" Y="58.0" />
  <Point X="158.52603243782042" Y="58.0" />
  <Point X="159.0" Y="58.0" />
  <Point X="159.0" Y="57.0" />
  <Point X="160.0" Y="57.0" />
  <Point X="161.0" Y="57.0" />
  <Point X="161.0" Y="56.0" />
  <Point X="161.669083125262" Y="56.0" />
  <Point X="162.0" Y="56.0" />
  <Point X="162.0" Y="57.0" />
  <Point X="162.0" Y="58.0" />
  <Point X="162.0" Y="59.0" />
  <Point X="161.0" Y="59.0" />
  <Point X="161.0" Y="59.81213381270359" />
  <Point X="161.0" Y="60.0" />
  <Point X="161.0" Y="61.0" />
  <Point X="160.0" Y="61.0" />
  <Point X="160.0" Y="62.0" />
  <Point X="160.0" Y="63.0" />
  <Point X="160.0" Y="63.95518450014518" />
  <Point X="160.0" Y="64.0" />
  <Point X="160.0" Y="65.0" />
  <Point X="160.0" Y="66.0" />
  <Point X="159.0" Y="67.0" />
  <Point X="159.0" Y="68.0" />
  <Point X="159.0" Y="68.68402162521367" />
  <Point X="159.0" Y="69.0" />
  <Point X="159.0" Y="70.0" />
  <Point X="158.0" Y="71.0" />
  <Point X="158.0" Y="72.0" />
  <Point X="158.0" Y="73.0" />
  <Point X="158.0" Y="73.41285875028217" />
  <Point X="158.0" Y="74.0" />
  <Point X="158.0" Y="75.0" />
  <Point X="158.0" Y="76.0" />
  <Point X="157.0" Y="77.0" />
  <Point X="157.0" Y="78.0" />
  <Point X="157.0" Y="78.14169587535066" />
  <Point X="157.0" Y="79.0" />
  <Point X="156.0" Y="79.0" />
  <Point X="156.0" Y="80.0" />
  <Point X="156.0" Y="81.0" />
  <Point X="156.0" Y="82.0" />
  <Point X="156.0" Y="82.28474656279225" />
  <Point X="156.0" Y="83.0" />
  <Point X="156.0" Y="84.0" />
  <Point X="155.0" Y="84.0" />
  <Point X="155.0" Y="85.0" />
  <Point X="155.0" Y="86.0" />
  <Point X="155.0" Y="86.42779725023384" />
  <Point X="155.0" Y="87.0" />
  <Point X="155.0" Y="88.0" />
  <Point X="154.0" Y="88.0" />
  <Point X="154.0" Y="89.0" />
  <Point X="154.0" Y="90.0" />
  <Point X="154.0" Y="90.57084793767542" />
  <Point X="154.0" Y="91.0" />
  <Point X="154.0" Y="92.0" />
  <Point X="154.0" Y="93.0" />
  <Point X="154.0" Y="94.0" />
  <Point X="153.0" Y="94.0" />
  <Point X="153.0" Y="94.71389862511701" />
  <Point X="153.0" Y="95.0" />
  <Point X="153.0" Y="96.0" />
  <Point X="153.0" Y="97.0" />
  <Point X="153.0" Y="98.0" />
  <Point X="152.0" Y="98.0" />
  <Point X="152.0" Y="98.8569493125586" />
  <Point X="152.0" Y="99.0" />
  <Point X="152.0" Y="100.0" />
  <Point X="152.0" Y="101.0" />
  <Point X="152.0" Y="102.0" />
  <Point X="152.0" Y="103.0" />
  <Point X="152.0" Y="104.0" />
</Project_1_Part_4>
