<?xml version="1.0" encoding="utf-8" standalone="yes"?>
<Gesture Name="arrow9" Subject="1" Number="1" NumPts="342">
  <Point X="95.0" Y="163.0" />
  <Point X="96.0" Y="163.0" />
  <Point X="97.0" Y="163.0" />
  <Point X="97.0" Y="162.0" />
  <Point X="97.0" Y="161.0" />
  <Point X="97.0" Y="160.42133580757593" />
  <Point X="97.0" Y="160.0" />
  <Point X="98.0" Y="160.0" />
  <Point X="98.0" Y="159.0" />
  <Point X="99.0" Y="159.0" />
  <Point X="99.0" Y="158.0" />
  <Point X="99.0" Y="157.84267161515186" />
  <Point X="99.0" Y="157.0" />
  <Point X="100.0" Y="156.0" />
  <Point X="101.0" Y="156.0" />
  <Point X="101.0" Y="155.0" />
  <Point X="101.0" Y="154.6782209851009" />
  <Point X="101.0" Y="154.0" />
  <Point X="102.0" Y="154.0" />
  <Point X="102.0" Y="153.0" />
  <Point X="102.0" Y="152.0" />
  <Point X="102.63670949797158" Y="151.36329050202843" />
  <Point X="103.0" Y="151.0" />
  <Point X="103.0" Y="150.0" />
  <Point X="104.0" Y="150.0" />
  <Point X="104.0" Y="149.0" />
  <Point X="105.0" Y="149.0" />
  <Point X="105.0" Y="148.93510616262589" />
  <Point X="105.0" Y="148.0" />
  <Point X="105.0" Y="147.0" />
  <Point X="106.0" Y="147.0" />
  <Point X="106.0" Y="146.0" />
  <Point X="106.0" Y="145.35644197020181" />
  <Point X="106.0" Y="145.0" />
  <Point X="107.0" Y="145.0" />
  <Point X="107.0" Y="144.0" />
  <Point X="107.0" Y="143.0" />
  <Point X="108.0" Y="143.0" />
  <Point X="108.0" Y="142.77777777777774" />
  <Point X="108.0" Y="142.0" />
  <Point X="109.0" Y="142.0" />
  <Point X="109.0" Y="141.0" />
  <Point X="109.0" Y="140.0" />
  <Point X="109.0" Y="139.19911358535367" />
  <Point X="109.0" Y="139.0" />
  <Point X="110.0" Y="139.0" />
  <Point X="110.0" Y="138.0" />
  <Point X="111.0" Y="137.0" />
  <Point X="111.0" Y="136.0346629553027" />
  <Point X="111.0" Y="136.0" />
  <Point X="112.0" Y="135.0" />
  <Point X="113.0" Y="135.0" />
  <Point X="113.0" Y="134.0" />
  <Point X="113.0" Y="133.0" />
  <Point X="113.12978767474826" Y="133.0" />
  <Point X="114.0" Y="133.0" />
  <Point X="114.0" Y="132.0" />
  <Point X="114.0" Y="131.0" />
  <Point X="115.0" Y="131.0" />
  <Point X="115.0" Y="130.29154813282767" />
  <Point X="115.0" Y="130.0" />
  <Point X="115.0" Y="129.0" />
  <Point X="116.0" Y="129.0" />
  <Point X="116.0" Y="128.0" />
  <Point X="117.0" Y="128.0" />
  <Point X="117.0" Y="127.71288394040361" />
  <Point X="117.0" Y="127.0" />
  <Point X="118.0" Y="126.0" />
  <Point X="119.0" Y="125.0" />
  <Point X="119.0" Y="124.0" />
  <Point X="119.0" Y="123.96264687272574" />
  <Point X="119.0" Y="123.0" />
  <Point X="120.0" Y="123.0" />
  <Point X="121.0" Y="123.0" />
  <Point X="121.0" Y="122.0" />
  <Point X="121.0" Y="121.38398268030168" />
  <Point X="121.0" Y="121.0" />
  <Point X="122.0" Y="121.0" />
  <Point X="122.0" Y="120.0" />
  <Point X="123.0" Y="119.0" />
  <Point X="123.0" Y="118.21953205025072" />
  <Point X="123.0" Y="118.0" />
  <Point X="124.0" Y="118.0" />
  <Point X="124.0" Y="117.0" />
  <Point X="125.0" Y="117.0" />
  <Point X="125.0" Y="116.0" />
  <Point X="125.0" Y="115.64086785782666" />
  <Point X="125.0" Y="115.0" />
  <Point X="126.0" Y="115.0" />
  <Point X="126.0" Y="114.0" />
  <Point X="127.0" Y="114.0" />
  <Point X="127.0" Y="113.0622036654026" />
  <Point X="127.0" Y="113.0" />
  <Point X="127.0" Y="112.0" />
  <Point X="128.0" Y="112.0" />
  <Point X="129.0" Y="111.0" />
  <Point X="129.0" Y="110.0" />
  <Point X="129.10224696464837" Y="110.0" />
  <Point X="130.0" Y="110.0" />
  <Point X="130.0" Y="109.0" />
  <Point X="130.0" Y="108.0" />
  <Point X="131.0" Y="108.0" />
  <Point X="131.0" Y="107.31908884292757" />
  <Point X="131.0" Y="107.0" />
  <Point X="132.0" Y="107.0" />
  <Point X="132.0" Y="106.0" />
  <Point X="133.0" Y="106.0" />
  <Point X="134.0" Y="106.0" />
  <Point X="134.0" Y="105.74042465050351" />
  <Point X="134.0" Y="105.0" />
  <Point X="134.0" Y="104.0" />
  <Point X="135.0" Y="104.0" />
  <Point X="135.0" Y="103.0" />
  <Point X="135.83823954192056" Y="103.0" />
  <Point X="136.0" Y="103.0" />
  <Point X="136.0" Y="102.0" />
  <Point X="137.0" Y="102.0" />
  <Point X="137.0" Y="101.0" />
  <Point X="138.0" Y="101.0" />
  <Point X="138.0" Y="100.58309626565539" />
  <Point X="138.0" Y="99.0" />
  <Point X="139.0" Y="99.0" />
  <Point X="139.0" Y="97.00443207323133" />
  <Point X="139.0" Y="97.0" />
  <Point X="140.0" Y="97.0" />
  <Point X="141.0" Y="97.0" />
  <Point X="141.0" Y="96.0" />
  <Point X="142.0" Y="96.0" />
  <Point X="142.0" Y="95.42576788080727" />
  <Point X="142.0" Y="95.0" />
  <Point X="143.0" Y="95.0" />
  <Point X="143.0" Y="94.0" />
  <Point X="144.0" Y="93.0" />
  <Point X="144.52232758113573" Y="92.47767241886426" />
  <Point X="145.0" Y="92.0" />
  <Point X="146.0" Y="91.0" />
  <Point X="146.0" Y="90.0" />
  <Point X="147.0" Y="90.0" />
  <Point X="147.0" Y="89.51108018307845" />
  <Point X="147.0" Y="89.0" />
  <Point X="148.0" Y="89.0" />
  <Point X="148.0" Y="88.0" />
  <Point X="149.0" Y="87.0" />
  <Point X="149.0" Y="86.34662955302748" />
  <Point X="149.0" Y="86.0" />
  <Point X="150.0" Y="86.0" />
  <Point X="150.0" Y="85.0" />
  <Point X="150.0" Y="84.0" />
  <Point X="151.0" Y="84.0" />
  <Point X="151.23203463939657" Y="84.0" />
  <Point X="152.0" Y="84.0" />
  <Point X="152.0" Y="83.0" />
  <Point X="153.0" Y="82.0" />
  <Point X="154.0" Y="82.0" />
  <Point X="154.0" Y="81.60351473055246" />
  <Point X="154.0" Y="81.0" />
  <Point X="154.0" Y="80.0" />
  <Point X="155.0" Y="80.0" />
  <Point X="155.0" Y="79.0" />
  <Point X="155.9751494618716" Y="79.0" />
  <Point X="156.0" Y="79.0" />
  <Point X="156.0" Y="78.0" />
  <Point X="157.0" Y="78.0" />
  <Point X="157.0" Y="77.0" />
  <Point X="157.0" Y="76.0" />
  <Point X="157.55381365429568" Y="76.0" />
  <Point X="158.0" Y="76.0" />
  <Point X="158.0" Y="75.0" />
  <Point X="159.0" Y="75.0" />
  <Point X="159.0" Y="74.0" />
  <Point X="158.0" Y="74.0" />
  <Point X="157.86752215328025" Y="74.0" />
  <Point X="157.0" Y="74.0" />
  <Point X="156.0" Y="74.0" />
  <Point X="155.0" Y="74.0" />
  <Point X="154.0" Y="75.0" />
  <Point X="153.70307152322928" Y="75.0" />
  <Point X="153.0" Y="75.0" />
  <Point X="152.0" Y="75.0" />
  <Point X="151.0" Y="75.0" />
  <Point X="150.0" Y="75.0" />
  <Point X="149.1244073308052" Y="75.0" />
  <Point X="149.0" Y="75.0" />
  <Point X="148.0" Y="75.0" />
  <Point X="147.0" Y="75.0" />
  <Point X="147.0" Y="76.0" />
  <Point X="146.0" Y="76.0" />
  <Point X="145.54574313838114" Y="76.0" />
  <Point X="145.0" Y="76.0" />
  <Point X="145.0" Y="77.0" />
  <Point X="144.0" Y="77.0" />
  <Point X="143.0" Y="77.0" />
  <Point X="142.0" Y="77.0" />
  <Point X="141.96707894595707" Y="77.0" />
  <Point X="141.0" Y="77.0" />
  <Point X="141.0" Y="78.0" />
  <Point X="140.0" Y="78.0" />
  <Point X="139.0" Y="78.0" />
  <Point X="138.388414753533" Y="78.0" />
  <Point X="138.0" Y="78.0" />
  <Point X="137.0" Y="78.0" />
  <Point X="137.0" Y="79.0" />
  <Point X="136.0" Y="79.0" />
  <Point X="135.0" Y="79.0" />
  <Point X="134.80975056110893" Y="79.0" />
  <Point X="134.0" Y="79.0" />
  <Point X="133.0" Y="79.0" />
  <Point X="133.0" Y="80.0" />
  <Point X="132.0" Y="80.0" />
  <Point X="131.23108636868486" Y="80.0" />
  <Point X="131.0" Y="80.0" />
  <Point X="130.0" Y="80.0" />
  <Point X="130.0" Y="81.0" />
  <Point X="129.0" Y="81.0" />
  <Point X="128.0" Y="81.0" />
  <Point X="127.6524221762608" Y="81.0" />
  <Point X="127.0" Y="81.0" />
  <Point X="127.0" Y="82.0" />
  <Point X="126.0" Y="82.0" />
  <Point X="125.0" Y="82.0" />
  <Point X="124.07375798383674" Y="82.0" />
  <Point X="124.0" Y="82.0" />
  <Point X="123.0" Y="82.0" />
  <Point X="123.0" Y="83.0" />
  <Point X="122.0" Y="83.0" />
  <Point X="121.0" Y="83.0" />
  <Point X="121.0" Y="83.50490620858731" />
  <Point X="121.0" Y="84.0" />
  <Point X="120.0" Y="84.0" />
  <Point X="121.0" Y="84.0" />
  <Point X="122.0" Y="84.0" />
  <Point X="122.0" Y="83.0" />
  <Point X="122.08357040101137" Y="83.0" />
  <Point X="123.0" Y="83.0" />
  <Point X="124.0" Y="83.0" />
  <Point X="125.0" Y="83.0" />
  <Point X="125.0" Y="82.0" />
  <Point X="125.66223459343543" Y="82.0" />
  <Point X="126.0" Y="82.0" />
  <Point X="127.0" Y="82.0" />
  <Point X="128.0" Y="82.0" />
  <Point X="129.0" Y="81.0" />
  <Point X="129.58455472743395" Y="80.41544527256606" />
  <Point X="130.0" Y="80.0" />
  <Point X="131.0" Y="80.0" />
  <Point X="132.0" Y="80.0" />
  <Point X="132.0" Y="79.0" />
  <Point X="132.99113585353737" Y="79.0" />
  <Point X="133.0" Y="79.0" />
  <Point X="134.0" Y="79.0" />
  <Point X="134.0" Y="78.0" />
  <Point X="135.0" Y="78.0" />
  <Point X="136.0" Y="78.0" />
  <Point X="136.56980004596144" Y="78.0" />
  <Point X="137.0" Y="78.0" />
  <Point X="138.0" Y="78.0" />
  <Point X="138.0" Y="77.0" />
  <Point X="139.0" Y="77.0" />
  <Point X="139.81208685091264" Y="76.18791314908736" />
  <Point X="140.0" Y="76.0" />
  <Point X="141.0" Y="76.0" />
  <Point X="142.0" Y="76.0" />
  <Point X="142.0" Y="75.0" />
  <Point X="143.0" Y="75.0" />
  <Point X="143.31291486843648" Y="75.0" />
  <Point X="144.0" Y="75.0" />
  <Point X="145.0" Y="75.0" />
  <Point X="146.0" Y="74.0" />
  <Point X="147.0" Y="74.0" />
  <Point X="147.47736549848744" Y="74.0" />
  <Point X="148.0" Y="74.0" />
  <Point X="149.0" Y="74.0" />
  <Point X="150.0" Y="74.0" />
  <Point X="151.0" Y="74.0" />
  <Point X="152.0" Y="74.0" />
  <Point X="152.05602969091152" Y="74.0" />
  <Point X="153.0" Y="74.0" />
  <Point X="154.0" Y="74.0" />
  <Point X="155.0" Y="74.0" />
  <Point X="156.0" Y="74.0" />
  <Point X="156.6346938833356" Y="74.0" />
  <Point X="157.0" Y="74.0" />
  <Point X="158.0" Y="74.0" />
  <Point X="159.0" Y="74.0" />
  <Point X="160.0" Y="74.0" />
  <Point X="161.0" Y="74.0" />
  <Point X="161.21335807575966" Y="74.0" />
  <Point X="162.0" Y="74.0" />
  <Point X="162.0" Y="73.0" />
  <Point X="162.0" Y="74.0" />
  <Point X="162.0" Y="75.0" />
  <Point X="162.0" Y="75.79202226818371" />
  <Point X="162.0" Y="76.0" />
  <Point X="162.0" Y="77.0" />
  <Point X="162.0" Y="78.0" />
  <Point X="162.0" Y="79.0" />
  <Point X="162.0" Y="80.0" />
  <Point X="162.0" Y="80.37068646060777" />
  <Point X="162.0" Y="81.0" />
  <Point X="162.0" Y="82.0" />
  <Point X="162.0" Y="83.0" />
  <Point X="162.0" Y="84.0" />
  <Point X="162.0" Y="84.94935065303183" />
  <Point X="162.0" Y="85.0" />
  <Point X="162.0" Y="86.0" />
  <Point X="161.0" Y="86.0" />
  <Point X="161.0" Y="87.0" />
  <Point X="161.0" Y="88.0" />
  <Point X="161.0" Y="88.52801484545589" />
  <Point X="161.0" Y="89.0" />
  <Point X="161.0" Y="90.0" />
  <Point X="160.0" Y="90.0" />
  <Point X="160.0" Y="91.0" />
  <Point X="160.0" Y="92.0" />
  <Point X="160.0" Y="92.10667903787994" />
  <Point X="160.0" Y="93.0" />
  <Point X="160.0" Y="94.0" />
  <Point X="160.0" Y="95.0" />
  <Point X="160.0" Y="96.0" />
  <Point X="160.0" Y="96.685343230304" />
  <Point X="160.0" Y="97.0" />
  <Point X="159.0" Y="97.0" />
  <Point X="159.0" Y="98.0" />
  <Point X="159.0" Y="99.0" />
  <Point X="159.0" Y="100.0" />
  <Point X="159.0" Y="100.26400742272806" />
  <Point X="159.0" Y="101.0" />
  <Point X="159.0" Y="102.0" />
  <Point X="159.0" Y="103.0" />
  <Point X="159.0" Y="104.0" />
  <Point X="159.0" Y="104.84267161515211" />
  <Point X="159.0" Y="105.0" />
  <Point X="159.0" Y="106.0" />
  <Point X="159.0" Y="107.0" />
  <Point X="159.0" Y="108.0" />
  <Point X="159.0" Y="109.0" />
  <Point X="159.0" Y="109.42133580757617" />
  <Point X="159.0" Y="110.0" />
  <Point X="159.0" Y="111.0" />
  <Point X="158.0" Y="111.0" />
  <Point X="158.0" Y="110.0" />
  <Point X="158.0" Y="109.0" />
</Project_1_Part_4>
