<?xml version="1.0" encoding="utf-8" standalone="yes"?>
<Gesture Name="arrow8" Subject="1" Number="1" NumPts="426">
  <Point X="83.0" Y="165.0" />
  <Point X="83.0" Y="164.0" />
  <Point X="84.0" Y="163.0" />
  <Point X="85.0" Y="162.0" />
  <Point X="86.0" Y="161.0" />
  <Point X="86.0" Y="160.0" />
  <Point X="86.00517466776789" Y="160.0" />
  <Point X="87.0" Y="160.0" />
  <Point X="87.0" Y="159.0" />
  <Point X="88.0" Y="159.0" />
  <Point X="88.0" Y="158.0" />
  <Point X="89.0" Y="158.0" />
  <Point X="89.0" Y="157.0" />
  <Point X="89.25299002265507" Y="157.0" />
  <Point X="90.0" Y="157.0" />
  <Point X="90.0" Y="156.0" />
  <Point X="91.0" Y="156.0" />
  <Point X="91.0" Y="155.0" />
  <Point X="91.0" Y="154.0" />
  <Point X="92.0" Y="154.0" />
  <Point X="92.50080537754225" Y="154.0" />
  <Point X="93.0" Y="154.0" />
  <Point X="93.0" Y="153.0" />
  <Point X="94.0" Y="153.0" />
  <Point X="94.0" Y="152.0" />
  <Point X="95.0" Y="151.0" />
  <Point X="95.0" Y="150.0" />
  <Point X="95.33440717005634" Y="150.0" />
  <Point X="96.0" Y="150.0" />
  <Point X="97.0" Y="150.0" />
  <Point X="97.0" Y="149.0" />
  <Point X="98.0" Y="148.0" />
  <Point X="99.0" Y="148.0" />
  <Point X="99.0" Y="147.0" />
  <Point X="99.0" Y="146.8319910374296" />
  <Point X="99.0" Y="146.0" />
  <Point X="100.0" Y="146.0" />
  <Point X="101.0" Y="146.0" />
  <Point X="101.0" Y="145.0" />
  <Point X="102.0" Y="144.0" />
  <Point X="102.70824575702963" Y="143.29175424297037" />
  <Point X="103.0" Y="143.0" />
  <Point X="103.0" Y="142.0" />
  <Point X="104.0" Y="141.0" />
  <Point X="104.0" Y="140.0" />
  <Point X="105.0" Y="140.0" />
  <Point X="106.0" Y="139.0" />
  <Point X="106.0" Y="138.9932145771476" />
  <Point X="106.0" Y="138.0" />
  <Point X="107.0" Y="138.0" />
  <Point X="107.0" Y="137.0" />
  <Point X="108.0" Y="136.0" />
  <Point X="108.0" Y="135.0" />
  <Point X="108.59424349880813" Y="134.4057565011919" />
  <Point X="109.0" Y="134.0" />
  <Point X="110.0" Y="134.0" />
  <Point X="110.0" Y="133.0" />
  <Point X="110.0" Y="132.0" />
  <Point X="111.0" Y="132.0" />
  <Point X="111.0" Y="131.0" />
  <Point X="111.47658219791754" Y="130.52341780208246" />
  <Point X="112.0" Y="130.0" />
  <Point X="112.0" Y="129.0" />
  <Point X="112.0" Y="128.0" />
  <Point X="113.0" Y="128.0" />
  <Point X="114.0" Y="127.0" />
  <Point X="114.0" Y="126.0" />
  <Point X="114.0" Y="125.90662276197845" />
  <Point X="114.0" Y="125.0" />
  <Point X="115.0" Y="125.0" />
  <Point X="115.0" Y="124.0" />
  <Point X="116.0" Y="124.0" />
  <Point X="116.0" Y="123.0" />
  <Point X="116.0" Y="122.0" />
  <Point X="116.34119259290873" Y="122.0" />
  <Point X="117.0" Y="122.0" />
  <Point X="117.0" Y="121.0" />
  <Point X="118.0" Y="120.0" />
  <Point X="118.0" Y="119.0" />
  <Point X="119.0" Y="119.0" />
  <Point X="119.0" Y="118.0" />
  <Point X="119.0" Y="117.82520561457719" />
  <Point X="119.0" Y="117.0" />
  <Point X="120.0" Y="116.0" />
  <Point X="120.0" Y="115.0" />
  <Point X="121.0" Y="114.0" />
  <Point X="122.0" Y="113.0" />
  <Point X="122.0" Y="112.8200309468093" />
  <Point X="122.0" Y="112.0" />
  <Point X="122.0" Y="111.0" />
  <Point X="123.0" Y="111.0" />
  <Point X="123.0" Y="110.0" />
  <Point X="123.0" Y="109.0" />
  <Point X="124.0" Y="109.0" />
  <Point X="124.0" Y="108.57221559192212" />
  <Point X="124.0" Y="108.0" />
  <Point X="124.0" Y="107.0" />
  <Point X="125.0" Y="107.0" />
  <Point X="125.0" Y="106.0" />
  <Point X="126.0" Y="106.0" />
  <Point X="126.0" Y="105.0" />
  <Point X="126.0" Y="104.32440023703494" />
  <Point X="126.0" Y="104.0" />
  <Point X="127.0" Y="104.0" />
  <Point X="127.0" Y="103.0" />
  <Point X="127.0" Y="102.0" />
  <Point X="128.0" Y="101.0" />
  <Point X="128.0" Y="100.0" />
  <Point X="128.50920155547914" Y="100.0" />
  <Point X="129.0" Y="100.0" />
  <Point X="130.0" Y="99.0" />
  <Point X="130.0" Y="98.0" />
  <Point X="130.0" Y="97.0" />
  <Point X="131.0" Y="96.0" />
  <Point X="131.0" Y="95.07141021437988" />
  <Point X="131.0" Y="95.0" />
  <Point X="131.0" Y="94.0" />
  <Point X="132.0" Y="94.0" />
  <Point X="132.0" Y="93.0" />
  <Point X="133.0" Y="92.0" />
  <Point X="134.0" Y="91.0" />
  <Point X="134.0" Y="90.6520219842389" />
  <Point X="134.0" Y="90.0" />
  <Point X="134.0" Y="89.0" />
  <Point X="135.0" Y="89.0" />
  <Point X="135.0" Y="88.0" />
  <Point X="135.0" Y="87.0" />
  <Point X="136.0" Y="86.0" />
  <Point X="136.0" Y="85.81842019172481" />
  <Point X="136.0" Y="85.0" />
  <Point X="137.0" Y="84.0" />
  <Point X="137.0" Y="83.0" />
  <Point X="138.0" Y="82.0" />
  <Point X="139.0" Y="82.0" />
  <Point X="139.0" Y="81.39903196158383" />
  <Point X="139.0" Y="81.0" />
  <Point X="139.0" Y="80.0" />
  <Point X="139.0" Y="79.0" />
  <Point X="140.0" Y="79.0" />
  <Point X="140.0" Y="78.0" />
  <Point X="140.0" Y="77.0" />
  <Point X="140.0" Y="76.15121660669665" />
  <Point X="140.0" Y="76.0" />
  <Point X="141.0" Y="76.0" />
  <Point X="141.0" Y="75.0" />
  <Point X="142.0" Y="75.0" />
  <Point X="142.0" Y="76.0" />
  <Point X="142.0" Y="77.0" />
  <Point X="142.0" Y="78.0" />
  <Point X="142.0" Y="78.09659874819053" />
  <Point X="142.0" Y="79.0" />
  <Point X="142.0" Y="80.0" />
  <Point X="143.0" Y="80.0" />
  <Point X="143.0" Y="81.0" />
  <Point X="143.0" Y="82.0" />
  <Point X="143.0" Y="83.0" />
  <Point X="143.0" Y="83.34441410307771" />
  <Point X="143.0" Y="84.0" />
  <Point X="143.0" Y="85.0" />
  <Point X="143.0" Y="86.0" />
  <Point X="143.0" Y="87.0" />
  <Point X="143.0" Y="88.0" />
  <Point X="143.0" Y="89.0" />
  <Point X="143.0" Y="89.59222945796489" />
  <Point X="143.0" Y="90.0" />
  <Point X="143.0" Y="91.0" />
  <Point X="143.0" Y="92.0" />
  <Point X="143.0" Y="93.0" />
  <Point X="143.0" Y="94.0" />
  <Point X="143.0" Y="95.0" />
  <Point X="143.0" Y="95.84004481285207" />
  <Point X="143.0" Y="96.0" />
  <Point X="143.0" Y="97.0" />
  <Point X="143.0" Y="98.0" />
  <Point X="143.0" Y="99.0" />
  <Point X="143.0" Y="100.0" />
  <Point X="143.0" Y="101.0" />
  <Point X="143.0" Y="102.0" />
  <Point X="143.0" Y="102.08786016773925" />
  <Point X="143.0" Y="103.0" />
  <Point X="143.0" Y="104.0" />
  <Point X="143.0" Y="105.0" />
  <Point X="143.0" Y="106.0" />
  <Point X="143.0" Y="107.0" />
  <Point X="143.0" Y="108.0" />
  <Point X="143.0" Y="108.33567552262643" />
  <Point X="143.0" Y="109.0" />
  <Point X="143.0" Y="110.0" />
  <Point X="143.0" Y="111.0" />
  <Point X="143.0" Y="112.0" />
  <Point X="143.0" Y="113.0" />
  <Point X="143.0" Y="114.0" />
  <Point X="143.0" Y="114.58349087751361" />
  <Point X="143.0" Y="115.0" />
  <Point X="143.0" Y="116.0" />
  <Point X="143.0" Y="117.0" />
  <Point X="143.0" Y="118.0" />
  <Point X="143.0" Y="119.0" />
  <Point X="143.0" Y="120.0" />
  <Point X="143.0" Y="120.83130623240079" />
  <Point X="143.0" Y="121.0" />
  <Point X="143.0" Y="122.0" />
  <Point X="142.0" Y="122.0" />
  <Point X="142.0" Y="123.0" />
  <Point X="142.0" Y="124.0" />
  <Point X="142.0" Y="125.0" />
  <Point X="142.0" Y="126.0" />
  <Point X="142.0" Y="126.07912158728797" />
  <Point X="142.0" Y="127.0" />
  <Point X="142.0" Y="128.0" />
  <Point X="142.0" Y="129.0" />
  <Point X="142.0" Y="130.0" />
  <Point X="142.0" Y="131.0" />
  <Point X="142.0" Y="132.0" />
  <Point X="142.0" Y="132.32693694217514" />
  <Point X="142.0" Y="133.0" />
  <Point X="142.0" Y="132.0" />
  <Point X="142.0" Y="131.0" />
  <Point X="142.0" Y="130.0" />
  <Point X="142.0" Y="129.0" />
  <Point X="142.0" Y="128.0" />
  <Point X="142.0" Y="127.42524770293768" />
  <Point X="142.0" Y="127.0" />
  <Point X="142.0" Y="126.0" />
  <Point X="142.0" Y="125.0" />
  <Point X="142.0" Y="124.0" />
  <Point X="142.0" Y="123.0" />
  <Point X="142.0" Y="122.0" />
  <Point X="142.58164316467818" Y="121.41835683532182" />
  <Point X="143.0" Y="121.0" />
  <Point X="143.0" Y="120.0" />
  <Point X="143.0" Y="119.0" />
  <Point X="143.0" Y="118.0" />
  <Point X="143.0" Y="117.0" />
  <Point X="143.0" Y="116.0" />
  <Point X="143.0" Y="115.34383055553643" />
  <Point X="143.0" Y="115.0" />
  <Point X="143.0" Y="114.0" />
  <Point X="143.0" Y="113.0" />
  <Point X="143.0" Y="112.0" />
  <Point X="143.0" Y="111.0" />
  <Point X="144.0" Y="110.0" />
  <Point X="144.0" Y="109.51022876302234" />
  <Point X="144.0" Y="109.0" />
  <Point X="144.0" Y="108.0" />
  <Point X="144.0" Y="107.0" />
  <Point X="144.0" Y="106.0" />
  <Point X="144.0" Y="105.0" />
  <Point X="144.0" Y="104.0" />
  <Point X="144.0" Y="103.26241340813516" />
  <Point X="144.0" Y="103.0" />
  <Point X="144.0" Y="102.0" />
  <Point X="144.0" Y="101.0" />
  <Point X="144.0" Y="100.0" />
  <Point X="144.0" Y="99.0" />
  <Point X="144.0" Y="98.0" />
  <Point X="144.0" Y="97.01459805324798" />
  <Point X="144.0" Y="97.0" />
  <Point X="145.0" Y="97.0" />
  <Point X="145.0" Y="96.0" />
  <Point X="145.0" Y="95.0" />
  <Point X="145.0" Y="94.0" />
  <Point X="145.0" Y="93.0" />
  <Point X="145.0" Y="92.0" />
  <Point X="145.2332173016392" Y="92.0" />
  <Point X="146.0" Y="92.0" />
  <Point X="146.0" Y="91.0" />
  <Point X="146.0" Y="90.0" />
  <Point X="146.0" Y="89.0" />
  <Point X="146.0" Y="88.0" />
  <Point X="146.0" Y="87.0" />
  <Point X="146.34014145340197" Y="86.65985854659802" />
  <Point X="147.0" Y="86.0" />
  <Point X="147.0" Y="85.0" />
  <Point X="147.0" Y="84.0" />
  <Point X="147.0" Y="83.0" />
  <Point X="147.0" Y="82.0" />
  <Point X="147.0" Y="81.0" />
  <Point X="147.0" Y="80.68536555095955" />
  <Point X="147.0" Y="80.0" />
  <Point X="147.0" Y="79.0" />
  <Point X="147.0" Y="78.0" />
  <Point X="147.0" Y="77.0" />
  <Point X="146.0" Y="77.0" />
  <Point X="145.0" Y="77.0" />
  <Point X="145.0" Y="76.43755019607237" />
  <Point X="145.0" Y="76.0" />
  <Point X="145.0" Y="75.0" />
  <Point X="144.0" Y="75.0" />
  <Point X="143.0" Y="75.0" />
  <Point X="142.0" Y="75.0" />
  <Point X="141.0" Y="75.0" />
  <Point X="140.42705601164286" Y="75.57294398835715" />
  <Point X="140.0" Y="76.0" />
  <Point X="139.0" Y="76.0" />
  <Point X="139.0" Y="77.0" />
  <Point X="138.0" Y="77.0" />
  <Point X="137.0" Y="77.0" />
  <Point X="137.0" Y="78.0" />
  <Point X="136.54471731253344" Y="78.45528268746656" />
  <Point X="136.0" Y="79.0" />
  <Point X="135.0" Y="79.0" />
  <Point X="135.0" Y="80.0" />
  <Point X="134.0" Y="80.0" />
  <Point X="133.0" Y="80.0" />
  <Point X="133.0" Y="81.0" />
  <Point X="132.52253125615704" Y="81.0" />
  <Point X="132.0" Y="81.0" />
  <Point X="132.0" Y="82.0" />
  <Point X="131.0" Y="83.0" />
  <Point X="130.0" Y="84.0" />
  <Point X="129.0" Y="84.0" />
  <Point X="128.3658263519415" Y="84.63417364805849" />
  <Point X="128.0" Y="85.0" />
  <Point X="127.0" Y="85.0" />
  <Point X="127.0" Y="86.0" />
  <Point X="127.0" Y="87.0" />
  <Point X="126.0" Y="87.0" />
  <Point X="125.0" Y="88.0" />
  <Point X="124.77638087164554" Y="88.22361912835446" />
  <Point X="124.0" Y="89.0" />
  <Point X="124.0" Y="90.0" />
  <Point X="123.0" Y="90.0" />
  <Point X="122.0" Y="91.0" />
  <Point X="121.0" Y="91.0" />
  <Point X="121.0" Y="91.7356334342659" />
  <Point X="121.0" Y="92.0" />
  <Point X="119.0" Y="93.0" />
  <Point X="118.0" Y="94.0" />
  <Point X="117.0" Y="94.0" />
  <Point X="116.05730839757815" Y="94.94269160242185" />
  <Point X="116.0" Y="95.0" />
  <Point X="115.0" Y="95.0" />
  <Point X="115.0" Y="96.0" />
  <Point X="114.0" Y="97.0" />
  <Point X="113.0" Y="97.0" />
  <Point X="112.0" Y="98.0" />
  <Point X="111.6616580829519" Y="98.0" />
  <Point X="111.0" Y="98.0" />
  <Point X="110.0" Y="99.0" />
  <Point X="109.0" Y="100.0" />
  <Point X="108.0" Y="101.0" />
  <Point X="107.0" Y="101.0" />
  <Point X="106.75709709342657" Y="101.24290290657343" />
  <Point X="106.0" Y="102.0" />
  <Point X="104.0" Y="103.0" />
  <Point X="104.0" Y="104.0" />
  <Point X="103.0" Y="105.0" />
  <Point X="102.4731631625428" Y="105.0" />
  <Point X="102.0" Y="105.0" />
  <Point X="101.0" Y="105.0" />
  <Point X="100.0" Y="107.0" />
  <Point X="99.0" Y="107.0" />
  <Point X="99.0" Y="108.0" />
  <Point X="98.46141578515541" Y="108.0" />
  <Point X="98.0" Y="108.0" />
  <Point X="97.0" Y="108.0" />
  <Point X="96.0" Y="109.0" />
  <Point X="95.0" Y="110.0" />
  <Point X="94.0" Y="111.0" />
  <Point X="93.45624111738752" Y="111.0" />
  <Point X="93.0" Y="111.0" />
  <Point X="92.0" Y="112.0" />
  <Point X="91.0" Y="113.0" />
  <Point X="89.0" Y="114.0" />
  <Point X="88.48587741300287" Y="114.51412258699713" />
  <Point X="88.0" Y="115.0" />
  <Point X="87.0" Y="115.0" />
  <Point X="86.0" Y="117.0" />
  <Point X="85.0" Y="117.0" />
  <Point X="84.0" Y="117.0" />
  <Point X="84.0" Y="117.32461295026798" />
  <Point X="84.0" Y="118.0" />
  <Point X="83.0" Y="118.0" />
  <Point X="82.0" Y="120.0" />
  <Point X="81.0" Y="120.0" />
  <Point X="80.05505055020622" Y="120.94494944979378" />
  <Point X="80.0" Y="121.0" />
  <Point X="79.0" Y="122.0" />
  <Point X="78.0" Y="123.0" />
  <Point X="78.0" Y="124.0" />
  <Point X="77.0" Y="124.0" />
  <Point X="76.0" Y="124.0" />
  <Point X="76.0" Y="124.34153499542326" />
  <Point X="76.0" Y="125.0" />
  <Point X="75.0" Y="125.0" />
  <Point X="75.0" Y="126.0" />
  <Point X="74.0" Y="126.0" />
  <Point X="74.0" Y="127.0" />
  <Point X="73.0" Y="128.0" />
  <Point X="72.82486321206265" Y="128.0" />
  <Point X="72.0" Y="128.0" />
  <Point X="72.0" Y="129.0" />
  <Point X="71.0" Y="129.0" />
  <Point X="71.0" Y="130.0" />
  <Point X="70.0" Y="130.0" />
  <Point X="70.0" Y="131.0" />
  <Point X="69.57704785717547" Y="131.0" />
  <Point X="69.0" Y="131.0" />
  <Point X="69.0" Y="132.0" />
  <Point X="68.0" Y="132.0" />
  <Point X="68.0" Y="133.0" />
  <Point X="67.0" Y="133.0" />
  <Point X="67.0" Y="134.0" />
  <Point X="66.32923250228829" Y="134.0" />
  <Point X="66.0" Y="134.0" />
  <Point X="66.0" Y="135.0" />
  <Point X="66.0" Y="136.0" />
  <Point X="65.0" Y="136.0" />
  <Point X="65.0" Y="137.0" />
  <Point X="64.0" Y="137.0" />
  <Point X="64.0" Y="137.9185828525989" />
  <Point X="64.0" Y="138.0" />
  <Point X="63.0" Y="138.0" />
  <Point X="63.0" Y="137.0" />
  <Point X="63.0" Y="136.0" />
  <Point X="63.0" Y="135.0" />
  <Point X="64.0" Y="135.0" />
  <Point X="64.0" Y="134.0" />
  <Point X="64.16639820748607" Y="134.0" />
  <Point X="65.0" Y="134.0" />
  <Point X="65.0" Y="133.0" />
  <Point X="66.0" Y="132.0" />
  <Point X="66.0" Y="131.0" />
  <Point X="67.0" Y="131.0" />
  <Point X="67.0" Y="130.0" />
</Project_1_Part_4>
