<?xml version="1.0" encoding="utf-8" standalone="yes"?>
<Gesture Name="arrow3" Subject="1" Number="1" NumPts="367">
  <Point X="99.0" Y="60.0" />
  <Point X="100.0" Y="60.0" />
  <Point X="100.0" Y="61.0" />
  <Point X="100.84033532534848" Y="61.840335325348484" />
  <Point X="101.0" Y="62.0" />
  <Point X="101.0" Y="63.0" />
  <Point X="101.0" Y="63.26987778699824" />
  <Point X="101.0" Y="64.0" />
  <Point X="101.96261366572496" Y="64.0" />
  <Point X="102.0" Y="64.0" />
  <Point X="102.0" Y="65.0" />
  <Point X="102.0" Y="66.0" />
  <Point X="102.0" Y="66.95396913636957" />
  <Point X="102.0" Y="67.0" />
  <Point X="102.15102727977398" Y="67.0" />
  <Point X="103.0" Y="67.0" />
  <Point X="103.0" Y="68.0" />
  <Point X="103.0" Y="69.0" />
  <Point X="103.0" Y="69.33944089382301" />
  <Point X="103.0" Y="70.0" />
  <Point X="103.6380604857409" Y="70.0" />
  <Point X="104.0" Y="70.0" />
  <Point X="104.0" Y="71.0" />
  <Point X="104.52785450787204" Y="71.0" />
  <Point X="105.0" Y="71.0" />
  <Point X="105.0" Y="72.0" />
  <Point X="105.0" Y="73.0" />
  <Point X="105.0" Y="73.32215183511222" />
  <Point X="105.0" Y="73.71626812192106" />
  <Point X="105.0" Y="74.0" />
  <Point X="106.0" Y="74.0" />
  <Point X="106.0" Y="75.0" />
  <Point X="106.0" Y="75.90468173597009" />
  <Point X="106.0" Y="76.0" />
  <Point X="106.0" Y="77.0" />
  <Point X="106.00624318448355" Y="77.0" />
  <Point X="107.0" Y="77.0" />
  <Point X="107.0" Y="78.0" />
  <Point X="107.0" Y="78.09309535001911" />
  <Point X="107.0" Y="79.0" />
  <Point X="107.0" Y="80.0" />
  <Point X="107.48814023017604" Y="80.48814023017604" />
  <Point X="107.90616367864394" Y="80.90616367864394" />
  <Point X="108.0" Y="81.0" />
  <Point X="108.0" Y="82.0" />
  <Point X="109.0" Y="82.0" />
  <Point X="109.0" Y="83.0" />
  <Point X="109.0" Y="83.05570901574409" />
  <Point X="109.0" Y="83.96021232085312" />
  <Point X="109.0" Y="84.0" />
  <Point X="109.0" Y="85.0" />
  <Point X="109.87972754815435" Y="85.87972754815435" />
  <Point X="110.0" Y="86.0" />
  <Point X="110.0" Y="87.0" />
  <Point X="110.0" Y="88.0" />
  <Point X="110.0" Y="88.23009010785135" />
  <Point X="110.0" Y="89.0" />
  <Point X="110.01832268146904" Y="89.0" />
  <Point X="111.0" Y="89.0" />
  <Point X="111.0" Y="90.0" />
  <Point X="111.0" Y="91.0" />
  <Point X="111.20673629551807" Y="91.0" />
  <Point X="111.91418145722268" Y="91.0" />
  <Point X="112.0" Y="91.0" />
  <Point X="112.0" Y="92.0" />
  <Point X="112.0" Y="93.0" />
  <Point X="112.27941318064015" Y="93.27941318064015" />
  <Point X="113.0" Y="94.0" />
  <Point X="113.0" Y="95.0" />
  <Point X="113.0" Y="95.18405924422092" />
  <Point X="113.0" Y="96.0" />
  <Point X="113.16934996124303" Y="96.0" />
  <Point X="114.0" Y="96.0" />
  <Point X="114.0" Y="97.0" />
  <Point X="114.0" Y="98.35776357529205" />
  <Point X="114.0" Y="98.86815059359225" />
  <Point X="114.0" Y="99.0" />
  <Point X="115.0" Y="100.0" />
  <Point X="115.0" Y="101.0" />
  <Point X="115.0" Y="101.13196362696799" />
  <Point X="115.0" Y="102.0" />
  <Point X="116.0" Y="102.0" />
  <Point X="116.0" Y="102.13802838059048" />
  <Point X="116.0" Y="103.0" />
  <Point X="116.0" Y="103.32037724101701" />
  <Point X="116.0" Y="104.0" />
  <Point X="117.0" Y="105.0" />
  <Point X="117.0" Y="106.0" />
  <Point X="117.0" Y="106.09457729269295" />
  <Point X="117.0" Y="106.40790616758872" />
  <Point X="117.0" Y="107.0" />
  <Point X="118.0" Y="108.0" />
  <Point X="118.0" Y="108.86877734436888" />
  <Point X="118.0" Y="109.0" />
  <Point X="118.0" Y="110.0" />
  <Point X="118.67778395458696" Y="110.0" />
  <Point X="119.0" Y="110.0" />
  <Point X="119.0" Y="111.0" />
  <Point X="119.04044011451987" Y="111.04044011451987" />
  <Point X="120.0" Y="112.0" />
  <Point X="120.0" Y="113.0" />
  <Point X="120.0" Y="113.83139101009385" />
  <Point X="120.0" Y="113.9476617415852" />
  <Point X="120.0" Y="114.0" />
  <Point X="120.0" Y="115.0" />
  <Point X="121.0" Y="115.0" />
  <Point X="121.0" Y="116.0" />
  <Point X="121.0" Y="116.01980462414288" />
  <Point X="121.0" Y="117.0" />
  <Point X="121.44671689465092" Y="117.44671689465092" />
  <Point X="122.0" Y="118.0" />
  <Point X="122.0" Y="118.79400467581881" />
  <Point X="122.0" Y="119.0" />
  <Point X="122.0" Y="120.0" />
  <Point X="123.0" Y="121.0" />
  <Point X="123.0" Y="121.48741731558167" />
  <Point X="123.0" Y="121.56820472749475" />
  <Point X="123.0" Y="122.0" />
  <Point X="123.0" Y="123.0" />
  <Point X="123.0" Y="124.0" />
  <Point X="123.75661834154377" Y="124.0" />
  <Point X="124.0" Y="124.0" />
  <Point X="124.0" Y="125.0" />
  <Point X="124.171508664953" Y="125.0" />
  <Point X="125.0" Y="125.0" />
  <Point X="125.0" Y="125.9450319555928" />
  <Point X="125.0" Y="126.0" />
  <Point X="125.0" Y="127.0" />
  <Point X="125.0" Y="128.0" />
  <Point X="125.0" Y="128.85560001432432" />
  <Point X="125.0" Y="129.0" />
  <Point X="125.13344556964182" Y="129.0" />
  <Point X="126.0" Y="129.0" />
  <Point X="126.0" Y="130.0" />
  <Point X="126.0" Y="131.0" />
  <Point X="126.0" Y="131.32185918369086" />
  <Point X="126.0" Y="132.0" />
  <Point X="126.53969136369565" Y="132.0" />
  <Point X="127.0" Y="132.0" />
  <Point X="127.0" Y="133.0" />
  <Point X="127.0" Y="133.5102727977399" />
  <Point X="127.0" Y="134.0" />
  <Point X="127.0" Y="135.0" />
  <Point X="127.0" Y="136.0" />
  <Point X="127.22378271306698" Y="136.0" />
  <Point X="127.69868641178893" Y="136.0" />
  <Point X="128.0" Y="136.0" />
  <Point X="128.0" Y="137.0" />
  <Point X="128.0" Y="138.0" />
  <Point X="128.88710002583795" Y="138.0" />
  <Point X="129.0" Y="138.0" />
  <Point X="129.0" Y="138.9078740624383" />
  <Point X="129.0" Y="139.0" />
  <Point X="129.0" Y="140.0" />
  <Point X="130.0" Y="140.0" />
  <Point X="130.0" Y="140.075513639887" />
  <Point X="130.0" Y="141.0" />
  <Point X="130.0" Y="142.0" />
  <Point X="130.41858275691848" Y="142.41858275691848" />
  <Point X="130.89373153218466" Y="142.89373153218466" />
  <Point X="131.0" Y="143.0" />
  <Point X="131.0" Y="144.0" />
  <Point X="131.0" Y="145.0" />
  <Point X="131.0" Y="146.0" />
  <Point X="131.03812730561197" Y="146.0" />
  <Point X="131.86184319880786" Y="146.0" />
  <Point X="132.0" Y="146.0" />
  <Point X="132.0" Y="147.0" />
  <Point X="132.0" Y="148.0" />
  <Point X="132.226540919661" Y="148.0" />
  <Point X="133.0" Y="148.0" />
  <Point X="133.0" Y="149.0" />
  <Point X="133.0" Y="149.5459345481792" />
  <Point X="133.0" Y="150.0" />
  <Point X="133.0" Y="150.41495453371004" />
  <Point X="133.0" Y="151.0" />
  <Point X="133.0" Y="152.0" />
  <Point X="134.0" Y="152.0" />
  <Point X="134.0" Y="152.60336814775908" />
  <Point X="134.0" Y="153.0" />
  <Point X="134.0" Y="153.23002589755052" />
  <Point X="134.0" Y="154.0" />
  <Point X="134.0" Y="155.0" />
  <Point X="134.55987425299435" Y="155.55987425299435" />
  <Point X="135.0" Y="156.0" />
  <Point X="135.0" Y="157.0" />
  <Point X="135.49990368454874" Y="157.0" />
  <Point X="136.0" Y="157.0" />
  <Point X="136.0" Y="157.56598181348406" />
  <Point X="136.0" Y="158.0" />
  <Point X="137.0" Y="159.0" />
  <Point X="137.0" Y="160.0" />
  <Point X="137.0" Y="160.34018186516" />
  <Point X="137.0" Y="160.76978147154696" />
  <Point X="137.0" Y="161.0" />
  <Point X="137.0" Y="162.0" />
  <Point X="138.0" Y="162.0" />
  <Point X="138.52859547920903" Y="162.0" />
  <Point X="139.0" Y="162.0" />
  <Point X="139.0" Y="163.0" />
  <Point X="139.0" Y="163.4538728209183" />
  <Point X="139.0" Y="164.0" />
  <Point X="139.0" Y="163.28299090674193" />
  <Point X="139.0" Y="163.0" />
  <Point X="139.0" Y="162.0" />
  <Point X="138.0" Y="162.0" />
  <Point X="138.0" Y="161.0945772926929" />
  <Point X="138.0" Y="161.0" />
  <Point X="137.86203582971038" Y="161.0" />
  <Point X="137.0" Y="161.0" />
  <Point X="136.0" Y="161.0" />
  <Point X="136.0" Y="160.0" />
  <Point X="136.0" Y="159.90616367864385" />
  <Point X="136.0" Y="159.0" />
  <Point X="135.17794448033905" Y="159.0" />
  <Point X="135.0" Y="159.0" />
  <Point X="135.0" Y="158.0" />
  <Point X="134.7177500645948" Y="158.0" />
  <Point X="134.0" Y="158.0" />
  <Point X="134.0" Y="157.0" />
  <Point X="133.0" Y="157.0" />
  <Point X="132.52933645054577" Y="157.0" />
  <Point X="132.49385313096772" Y="157.0" />
  <Point X="132.0" Y="157.0" />
  <Point X="132.0" Y="156.0" />
  <Point X="131.0" Y="155.0" />
  <Point X="130.75513639886984" Y="155.0" />
  <Point X="130.0" Y="155.0" />
  <Point X="130.0" Y="154.2239753439695" />
  <Point X="130.0" Y="154.0" />
  <Point X="129.0" Y="154.0" />
  <Point X="128.69362674301317" Y="153.69362674301317" />
  <Point X="128.0" Y="153.0" />
  <Point X="127.0" Y="153.0" />
  <Point X="127.0" Y="152.0" />
  <Point X="127.0" Y="151.95409755697128" />
  <Point X="127.0" Y="151.79252273314486" />
  <Point X="127.0" Y="151.0" />
  <Point X="126.0" Y="151.0" />
  <Point X="126.0" Y="150.0" />
  <Point X="125.60410911909584" Y="150.0" />
  <Point X="125.0" Y="150.0" />
  <Point X="124.27000620759995" Y="150.0" />
  <Point X="124.0" Y="150.0" />
  <Point X="124.0" Y="149.0" />
  <Point X="123.41569550504681" Y="149.0" />
  <Point X="123.0" Y="149.0" />
  <Point X="123.0" Y="148.0" />
  <Point X="122.00009080707832" Y="147.00009080707832" />
  <Point X="122.0" Y="147.0" />
  <Point X="121.74649900399234" Y="146.74649900399234" />
  <Point X="121.0" Y="146.0" />
  <Point X="120.0" Y="146.0" />
  <Point X="120.0" Y="145.0" />
  <Point X="119.86729540169495" Y="145.0" />
  <Point X="119.0" Y="145.0" />
  <Point X="118.80925839380025" Y="144.80925839380026" />
  <Point X="118.0" Y="144.0" />
  <Point X="118.0" Y="143.093095350019" />
  <Point X="118.0" Y="143.0" />
  <Point X="117.0" Y="143.0" />
  <Point X="117.0" Y="142.0" />
  <Point X="116.46037284660525" Y="142.0" />
  <Point X="116.0" Y="142.0" />
  <Point X="115.90468173596999" Y="142.0" />
  <Point X="115.0" Y="142.0" />
  <Point X="115.0" Y="141.0" />
  <Point X="114.09226448378497" Y="140.09226448378496" />
  <Point X="114.0" Y="140.0" />
  <Point X="113.19049505960702" Y="140.0" />
  <Point X="113.0" Y="140.0" />
  <Point X="113.0" Y="139.0" />
  <Point X="112.0" Y="139.0" />
  <Point X="111.94206807024503" Y="139.0" />
  <Point X="111.0" Y="139.0" />
  <Point X="111.0" Y="138.0" />
  <Point X="110.50640371023569" Y="138.0" />
  <Point X="110.0" Y="138.0" />
  <Point X="110.0" Y="137.753654456196" />
  <Point X="110.0" Y="137.0" />
  <Point X="109.0" Y="137.0" />
  <Point X="109.0" Y="136.0" />
  <Point X="108.56524084214696" Y="136.0" />
  <Point X="108.0" Y="136.0" />
  <Point X="107.82231236086436" Y="136.0" />
  <Point X="107.0" Y="136.0" />
  <Point X="107.0" Y="135.0" />
  <Point X="106.37682722809794" Y="135.0" />
  <Point X="106.0" Y="135.0" />
  <Point X="106.0" Y="134.0" />
  <Point X="105.13822101149303" Y="134.0" />
  <Point X="105.0" Y="134.0" />
  <Point X="104.18841361404891" Y="134.0" />
  <Point X="104.0" Y="134.0" />
  <Point X="104.0" Y="133.0" />
  <Point X="103.0" Y="133.0" />
  <Point X="102.0" Y="133.0" />
  <Point X="102.42509865947534" Y="133.34244058679957" />
  <Point X="106.07285310830144" Y="136.28090944835392" />
  <Point X="109.72060755712755" Y="139.21937830990828" />
  <Point X="113.36836200595366" Y="142.15784717146266" />
  <Point X="117.01611645477976" Y="145.09631603301702" />
  <Point X="120.66387090360587" Y="148.03478489457137" />
  <Point X="124.31162535243197" Y="150.97325375612576" />
  <Point X="127.95937980125808" Y="153.9117226176801" />
  <Point X="131.6071342500842" Y="156.8501914792345" />
  <Point X="135.2548886989103" Y="159.78866034078885" />
  <Point X="138.0" Y="162.0" />
  <Point X="138.0" Y="161.0" />
  <Point X="138.0" Y="160.84091349371334" />
  <Point X="138.0" Y="160.0" />
  <Point X="138.0" Y="159.0" />
  <Point X="138.0" Y="158.0" />
  <Point X="138.0" Y="157.0" />
  <Point X="138.0" Y="156.15682214434202" />
  <Point X="138.0" Y="156.0" />
  <Point X="138.0" Y="155.0" />
  <Point X="138.0" Y="154.0" />
  <Point X="138.0" Y="153.0" />
  <Point X="138.0" Y="152.0" />
  <Point X="138.0" Y="151.4727307949707" />
  <Point X="138.0" Y="151.0" />
  <Point X="138.0" Y="150.0" />
  <Point X="138.0" Y="149.0" />
  <Point X="138.0" Y="148.0" />
  <Point X="138.0" Y="147.0" />
  <Point X="138.0" Y="146.78863944559936" />
  <Point X="138.0" Y="146.0" />
  <Point X="138.0" Y="145.0" />
  <Point X="138.0" Y="144.0" />
  <Point X="138.0" Y="143.0" />
  <Point X="138.0" Y="142.10454809622803" />
  <Point X="138.0" Y="142.0" />
  <Point X="138.0" Y="141.0" />
  <Point X="138.0" Y="140.0" />
  <Point X="138.0" Y="139.0" />
  <Point X="138.0" Y="138.0" />
  <Point X="138.0" Y="137.4204567468567" />
  <Point X="138.0" Y="137.0" />
  <Point X="138.0" Y="136.0" />
  <Point X="138.0" Y="135.0" />
  <Point X="138.0" Y="134.0" />
  <Point X="138.0" Y="133.0" />
  <Point X="138.0" Y="132.73636539748537" />
  <Point X="138.0" Y="132.0" />
  <Point X="138.0" Y="131.0" />
  <Point X="138.0" Y="130.0" />
  <Point X="138.0" Y="129.0" />
  <Point X="138.0" Y="128.05227404811404" />
  <Point X="138.0" Y="128.0" />
  <Point X="138.0" Y="127.0" />
  <Point X="138.0" Y="126.0" />
  <Point X="138.0" Y="125.0" />
  <Point X="138.0" Y="124.0" />
  <Point X="138.0" Y="123.36818269874271" />
  <Point X="138.0" Y="123.0" />
  <Point X="138.0" Y="122.0" />
  <Point X="138.0" Y="121.0" />
  <Point X="138.0" Y="120.0" />
  <Point X="138.0" Y="119.0" />
  <Point X="138.0" Y="118.68409134937139" />
  <Point X="138.0" Y="118.0" />
  <Point X="138.0" Y="117.0" />
  <Point X="138.0" Y="116.0" />
  <Point X="138.0" Y="115.0" />
  <Point X="138.0" Y="114.00000000000006" />
  <Point X="138.0" Y="114.0" />
</Project_1_Part_4>
