<?xml version="1.0" encoding="utf-8" standalone="yes"?>
<Gesture Name="caret5" Subject="1" Number="1" NumPts="281">
  <Point X="211.0" Y="24.0" />
  <Point X="207.78636623310373" Y="29.429932916479892" />
  <Point X="204.57273246620747" Y="34.859865832959784" />
  <Point X="201.3590986993112" Y="40.289798749439676" />
  <Point X="198.14546493241494" Y="45.71973166591957" />
  <Point X="194.93183116551867" Y="51.14966458239946" />
  <Point X="191.7181973986224" Y="56.57959749887935" />
  <Point X="188.50456363172614" Y="62.009530415359244" />
  <Point X="185.29092986482988" Y="67.43946333183914" />
  <Point X="182.0772960979336" Y="72.86939624831903" />
  <Point X="178.86366233103735" Y="78.29932916479893" />
  <Point X="175.65002856414108" Y="83.72926208127882" />
  <Point X="172.43639479724482" Y="89.15919499775872" />
  <Point X="169.22276103034855" Y="94.58912791423862" />
  <Point X="166.00912726345229" Y="100.01906083071852" />
  <Point X="162.79549349655602" Y="105.44899374719841" />
  <Point X="159.58185972965975" Y="110.8789266636783" />
  <Point X="156.3682259627635" Y="116.3088595801582" />
  <Point X="153.15459219586722" Y="121.7387924966381" />
  <Point X="149.94095842897096" Y="127.168725413118" />
  <Point X="146.7273246620747" Y="132.5986583295979" />
  <Point X="143.51369089517843" Y="138.02859124607778" />
  <Point X="140.30005712828216" Y="143.45852416255767" />
  <Point X="137.0864233613859" Y="148.88845707903755" />
  <Point X="133.87278959448963" Y="154.31838999551744" />
  <Point X="130.6591558275934" Y="159.74832291199735" />
  <Point X="127.44552206069713" Y="165.17825582847723" />
  <Point X="124.23188829380088" Y="170.60818874495715" />
  <Point X="124.0" Y="171.0" />
  <Point X="123.0" Y="171.0" />
  <Point X="122.0" Y="171.0" />
  <Point X="121.0" Y="171.0" />
  <Point X="120.0" Y="171.0" />
  <Point X="119.0" Y="171.0" />
  <Point X="118.14564470314912" Y="171.0" />
  <Point X="118.0" Y="171.0" />
  <Point X="117.0" Y="171.0" />
  <Point X="116.0" Y="171.0" />
  <Point X="116.0" Y="170.0" />
  <Point X="115.0" Y="170.0" />
  <Point X="115.0" Y="169.0" />
  <Point X="114.0" Y="169.0" />
  <Point X="113.88403464560768" Y="168.88403464560767" />
  <Point X="113.0" Y="168.0" />
  <Point X="112.0" Y="168.0" />
  <Point X="111.0" Y="167.0" />
  <Point X="110.0" Y="167.0" />
  <Point X="110.0" Y="166.0" />
  <Point X="109.35478286770302" Y="166.0" />
  <Point X="109.0" Y="166.0" />
  <Point X="109.0" Y="165.0" />
  <Point X="108.0" Y="165.0" />
  <Point X="107.0" Y="165.0" />
  <Point X="107.0" Y="164.0" />
  <Point X="106.0" Y="164.0" />
  <Point X="106.0" Y="163.04513838760687" />
  <Point X="106.0" Y="163.0" />
  <Point X="105.0" Y="163.0" />
  <Point X="104.0" Y="163.0" />
  <Point X="104.0" Y="162.0" />
  <Point X="103.0" Y="162.0" />
  <Point X="103.0" Y="161.0" />
  <Point X="102.0" Y="161.0" />
  <Point X="101.81296594833567" Y="160.8129659483357" />
  <Point X="101.0" Y="160.0" />
  <Point X="100.0" Y="160.0" />
  <Point X="99.0" Y="159.0" />
  <Point X="98.0" Y="159.0" />
  <Point X="98.0" Y="158.0" />
  <Point X="97.25427655216077" Y="158.0" />
  <Point X="97.0" Y="158.0" />
  <Point X="97.0" Y="157.0" />
  <Point X="96.0" Y="157.0" />
  <Point X="96.0" Y="156.0" />
  <Point X="95.0" Y="156.0" />
  <Point X="94.0" Y="156.0" />
  <Point X="94.0" Y="155.0" />
  <Point X="93.94463207206464" Y="155.0" />
  <Point X="93.0" Y="155.0" />
  <Point X="92.0" Y="154.0" />
  <Point X="91.0" Y="153.0" />
  <Point X="90.0" Y="152.0" />
  <Point X="89.0" Y="152.0" />
  <Point X="89.0" Y="151.8776282790878" />
  <Point X="89.0" Y="151.0" />
  <Point X="88.0" Y="151.0" />
  <Point X="87.0" Y="151.0" />
  <Point X="87.0" Y="150.0" />
  <Point X="87.0" Y="149.0" />
  <Point X="86.0" Y="149.0" />
  <Point X="85.56798379899165" Y="149.0" />
  <Point X="85.0" Y="149.0" />
  <Point X="85.0" Y="148.0" />
  <Point X="84.0" Y="148.0" />
  <Point X="84.0" Y="147.0" />
  <Point X="83.0" Y="147.0" />
  <Point X="83.0" Y="146.0" />
  <Point X="82.25833931889551" Y="146.0" />
  <Point X="82.0" Y="146.0" />
  <Point X="82.0" Y="145.0" />
  <Point X="81.0" Y="145.0" />
  <Point X="81.0" Y="144.0" />
  <Point X="80.0" Y="144.0" />
  <Point X="80.0" Y="143.0" />
  <Point X="79.0" Y="143.0" />
  <Point X="78.94869483879937" Y="143.0" />
  <Point X="78.0" Y="143.0" />
  <Point X="78.0" Y="142.0" />
  <Point X="78.0" Y="141.0" />
  <Point X="77.0" Y="141.0" />
  <Point X="77.0" Y="140.0" />
  <Point X="76.0" Y="140.0" />
  <Point X="76.0" Y="139.63905035870323" />
  <Point X="76.0" Y="139.0" />
  <Point X="75.0" Y="139.0" />
  <Point X="74.0" Y="138.0" />
  <Point X="74.0" Y="137.0" />
  <Point X="73.0" Y="137.0" />
  <Point X="73.0" Y="136.0" />
  <Point X="72.74361944098018" Y="136.0" />
  <Point X="72.0" Y="136.0" />
  <Point X="72.0" Y="135.0" />
  <Point X="71.0" Y="135.0" />
  <Point X="70.0" Y="135.0" />
  <Point X="70.0" Y="134.0" />
  <Point X="69.0" Y="134.0" />
  <Point X="69.0" Y="133.43397496088403" />
  <Point X="69.0" Y="133.0" />
  <Point X="69.0" Y="132.0" />
  <Point X="68.0" Y="132.0" />
  <Point X="68.0" Y="131.0" />
  <Point X="67.0" Y="131.0" />
  <Point X="66.0" Y="131.0" />
  <Point X="66.0" Y="130.12433048078788" />
  <Point X="66.0" Y="130.0" />
  <Point X="65.0" Y="129.0" />
  <Point X="65.0" Y="128.0" />
  <Point X="64.0" Y="128.0" />
  <Point X="64.0" Y="127.0" />
  <Point X="63.0" Y="127.0" />
  <Point X="62.22889956306483" Y="127.0" />
  <Point X="62.0" Y="127.0" />
  <Point X="62.0" Y="126.0" />
  <Point X="62.0" Y="125.0" />
  <Point X="61.0" Y="125.0" />
  <Point X="61.0" Y="124.0" />
  <Point X="61.0" Y="123.0" />
  <Point X="60.0" Y="123.0" />
  <Point X="60.0" Y="122.91925508296869" />
  <Point X="60.0" Y="122.0" />
  <Point X="60.0" Y="121.0" />
  <Point X="59.0" Y="121.0" />
  <Point X="59.0" Y="120.0" />
  <Point X="58.0" Y="120.0" />
  <Point X="58.0" Y="119.0" />
  <Point X="58.0" Y="118.60961060287255" />
  <Point X="58.0" Y="118.0" />
  <Point X="59.0" Y="118.0" />
  <Point X="60.0" Y="118.0" />
  <Point X="61.0" Y="118.0" />
  <Point X="62.0" Y="118.0" />
  <Point X="63.0" Y="118.0" />
  <Point X="63.70003387722359" Y="118.0" />
  <Point X="64.0" Y="118.0" />
  <Point X="65.0" Y="118.0" />
  <Point X="66.0" Y="118.0" />
  <Point X="67.0" Y="118.0" />
  <Point X="68.0" Y="118.0" />
  <Point X="69.0" Y="118.0" />
  <Point X="70.0" Y="118.0" />
  <Point X="70.00967835731973" Y="118.0" />
  <Point X="71.0" Y="118.0" />
  <Point X="72.0" Y="118.0" />
  <Point X="73.0" Y="118.0" />
  <Point X="74.0" Y="118.0" />
  <Point X="75.0" Y="118.0" />
  <Point X="76.0" Y="118.0" />
  <Point X="76.31932283741587" Y="118.0" />
  <Point X="77.0" Y="118.0" />
  <Point X="78.0" Y="119.0" />
  <Point X="79.0" Y="119.0" />
  <Point X="81.0" Y="120.0" />
  <Point X="81.97868577763913" Y="120.0" />
  <Point X="82.0" Y="120.0" />
  <Point X="83.0" Y="120.0" />
  <Point X="84.0" Y="120.0" />
  <Point X="85.0" Y="120.0" />
  <Point X="85.0" Y="121.0" />
  <Point X="86.0" Y="121.0" />
  <Point X="87.28833025773527" Y="121.0" />
  <Point X="88.0" Y="121.0" />
  <Point X="89.0" Y="122.0" />
  <Point X="90.0" Y="122.0" />
  <Point X="91.0" Y="122.0" />
  <Point X="92.0" Y="122.0" />
  <Point X="92.83704555447193" Y="122.83704555447193" />
  <Point X="93.0" Y="123.0" />
  <Point X="94.0" Y="123.0" />
  <Point X="95.0" Y="123.0" />
  <Point X="96.0" Y="124.0" />
  <Point X="97.0" Y="124.0" />
  <Point X="98.0" Y="124.0" />
  <Point X="98.47021082847799" Y="124.47021082847799" />
  <Point X="99.0" Y="125.0" />
  <Point X="100.0" Y="125.0" />
  <Point X="101.0" Y="125.0" />
  <Point X="102.0" Y="126.0" />
  <Point X="103.0" Y="126.0" />
  <Point X="104.0" Y="126.0" />
  <Point X="104.14619588615821" Y="126.0" />
  <Point X="105.0" Y="126.0" />
  <Point X="105.0" Y="127.0" />
  <Point X="106.0" Y="127.0" />
  <Point X="106.0" Y="128.0" />
  <Point X="107.0" Y="128.0" />
  <Point X="108.0" Y="128.0" />
  <Point X="108.45584036625435" Y="128.0" />
  <Point X="109.0" Y="128.0" />
  <Point X="110.0" Y="129.0" />
  <Point X="111.0" Y="129.0" />
  <Point X="112.0" Y="129.0" />
  <Point X="112.0" Y="130.0" />
  <Point X="113.0" Y="130.0" />
  <Point X="113.3512712839774" Y="130.0" />
  <Point X="114.0" Y="130.0" />
  <Point X="115.0" Y="130.0" />
  <Point X="116.0" Y="130.0" />
  <Point X="116.0" Y="131.0" />
  <Point X="117.0" Y="131.0" />
  <Point X="118.0" Y="131.0" />
  <Point X="118.46733801856949" Y="131.46733801856948" />
  <Point X="119.0" Y="132.0" />
  <Point X="120.0" Y="132.0" />
  <Point X="120.0" Y="133.0" />
  <Point X="121.0" Y="133.0" />
  <Point X="122.0" Y="133.0" />
  <Point X="123.0" Y="133.0" />
  <Point X="123.55634668179658" Y="133.0" />
  <Point X="124.0" Y="133.0" />
  <Point X="125.0" Y="133.0" />
  <Point X="125.0" Y="134.0" />
  <Point X="126.0" Y="134.0" />
  <Point X="127.0" Y="134.0" />
  <Point X="128.0" Y="134.0" />
  <Point X="128.86599116189274" Y="134.0" />
  <Point X="129.0" Y="134.0" />
  <Point X="130.0" Y="134.0" />
  <Point X="130.0" Y="135.0" />
  <Point X="131.0" Y="135.0" />
  <Point X="131.0" Y="136.0" />
  <Point X="132.0" Y="136.0" />
  <Point X="133.0" Y="136.0" />
  <Point X="133.1756356419889" Y="136.0" />
  <Point X="134.0" Y="136.0" />
  <Point X="134.0" Y="137.0" />
  <Point X="135.0" Y="137.0" />
  <Point X="136.0" Y="137.0" />
  <Point X="137.0" Y="137.0" />
  <Point X="138.0" Y="137.0" />
  <Point X="138.34314486510135" Y="137.34314486510135" />
  <Point X="139.0" Y="138.0" />
  <Point X="140.0" Y="138.0" />
  <Point X="141.0" Y="138.0" />
  <Point X="142.0" Y="138.0" />
  <Point X="142.0" Y="139.0" />
  <Point X="143.0" Y="139.0" />
  <Point X="143.38071103980806" Y="139.0" />
  <Point X="144.0" Y="139.0" />
  <Point X="145.0" Y="139.0" />
  <Point X="145.0" Y="140.0" />
  <Point X="146.0" Y="140.0" />
  <Point X="147.0" Y="140.0" />
  <Point X="148.0" Y="140.0" />
  <Point X="148.69035551990422" Y="140.0" />
  <Point X="149.0" Y="140.0" />
  <Point X="150.0" Y="140.0" />
  <Point X="151.0" Y="140.0" />
  <Point X="151.0" Y="141.0" />
  <Point X="152.0" Y="141.0" />
  <Point X="153.0" Y="141.0" />
  <Point X="154.0" Y="141.0" />
</Project_1_Part_4>
