<?xml version="1.0" encoding="utf-8" standalone="yes"?>
<Gesture Name="check7" Subject="1" Number="1" NumPts="243">
  <Point X="91.0" Y="116.0" />
  <Point X="91.0" Y="117.0" />
  <Point X="91.0" Y="118.0" />
  <Point X="92.0" Y="118.0" />
  <Point X="92.0" Y="118.05325935014805" />
  <Point X="92.0" Y="119.0" />
  <Point X="92.0" Y="120.0" />
  <Point X="92.7824268764891" Y="120.7824268764891" />
  <Point X="93.0" Y="121.0" />
  <Point X="93.0" Y="122.0" />
  <Point X="93.0" Y="123.0" />
  <Point X="93.74556448807107" Y="123.0" />
  <Point X="94.0" Y="123.0" />
  <Point X="94.0" Y="124.0" />
  <Point X="94.0" Y="125.0" />
  <Point X="94.79882383821912" Y="125.0" />
  <Point X="95.0" Y="125.0" />
  <Point X="95.0" Y="126.0" />
  <Point X="95.0" Y="127.0" />
  <Point X="95.85208318836717" Y="127.0" />
  <Point X="96.0" Y="127.0" />
  <Point X="96.0" Y="128.0" />
  <Point X="96.0" Y="129.0" />
  <Point X="96.90534253851523" Y="129.0" />
  <Point X="97.0" Y="129.0" />
  <Point X="97.0" Y="130.0" />
  <Point X="97.0" Y="131.0" />
  <Point X="97.95860188866328" Y="131.0" />
  <Point X="98.0" Y="131.0" />
  <Point X="98.0" Y="132.0" />
  <Point X="98.0" Y="133.0" />
  <Point X="99.0" Y="133.0" />
  <Point X="99.00838716239677" Y="133.00838716239676" />
  <Point X="100.0" Y="134.0" />
  <Point X="100.0" Y="135.0" />
  <Point X="100.0" Y="135.65090702658628" />
  <Point X="100.0" Y="136.0" />
  <Point X="101.0" Y="136.0" />
  <Point X="101.0" Y="137.0" />
  <Point X="101.49792082007241" Y="137.4979208200724" />
  <Point X="102.0" Y="138.0" />
  <Point X="102.0" Y="139.0" />
  <Point X="102.0" Y="140.0" />
  <Point X="102.3432121645093" Y="140.0" />
  <Point X="103.0" Y="140.0" />
  <Point X="103.0" Y="141.0" />
  <Point X="104.0" Y="141.0" />
  <Point X="104.0" Y="141.39647151465735" />
  <Point X="104.0" Y="142.0" />
  <Point X="104.0" Y="143.0" />
  <Point X="105.0" Y="143.0" />
  <Point X="105.0" Y="143.44973086480542" />
  <Point X="105.0" Y="144.0" />
  <Point X="105.0" Y="145.0" />
  <Point X="106.0" Y="145.0" />
  <Point X="106.0" Y="145.50299021495348" />
  <Point X="106.0" Y="146.0" />
  <Point X="107.0" Y="147.0" />
  <Point X="107.0" Y="148.0" />
  <Point X="107.14203600272845" Y="148.0" />
  <Point X="108.0" Y="148.0" />
  <Point X="108.0" Y="149.0" />
  <Point X="109.0" Y="149.0" />
  <Point X="109.0" Y="149.1952953528765" />
  <Point X="109.0" Y="150.0" />
  <Point X="110.0" Y="150.0" />
  <Point X="110.0" Y="151.0" />
  <Point X="110.0" Y="151.24855470302458" />
  <Point X="110.0" Y="152.0" />
  <Point X="110.0" Y="153.0" />
  <Point X="111.0" Y="153.0" />
  <Point X="111.30181405317263" Y="153.0" />
  <Point X="112.0" Y="153.0" />
  <Point X="112.0" Y="154.0" />
  <Point X="112.0" Y="155.0" />
  <Point X="112.0" Y="155.3550734033207" />
  <Point X="112.0" Y="156.0" />
  <Point X="113.0" Y="156.0" />
  <Point X="113.0" Y="157.0" />
  <Point X="113.40833275346874" Y="157.0" />
  <Point X="114.0" Y="157.0" />
  <Point X="114.0" Y="156.0" />
  <Point X="114.0" Y="155.0" />
  <Point X="114.0" Y="154.5384078963832" />
  <Point X="114.0" Y="154.0" />
  <Point X="114.0" Y="153.0" />
  <Point X="114.0" Y="152.0" />
  <Point X="114.0" Y="151.48514854623514" />
  <Point X="114.0" Y="151.0" />
  <Point X="114.0" Y="150.0" />
  <Point X="114.0" Y="149.0" />
  <Point X="114.0" Y="148.43188919608707" />
  <Point X="114.0" Y="148.0" />
  <Point X="114.0" Y="147.0" />
  <Point X="114.0" Y="146.0" />
  <Point X="114.0" Y="145.378629845939" />
  <Point X="114.0" Y="145.0" />
  <Point X="114.0" Y="144.0" />
  <Point X="114.0" Y="143.0" />
  <Point X="114.0" Y="142.32537049579093" />
  <Point X="114.0" Y="142.0" />
  <Point X="114.0" Y="141.0" />
  <Point X="114.0" Y="140.0" />
  <Point X="114.0" Y="139.27211114564287" />
  <Point X="114.0" Y="139.0" />
  <Point X="114.0" Y="138.0" />
  <Point X="114.0" Y="137.0" />
  <Point X="114.0" Y="136.2188517954948" />
  <Point X="114.0" Y="136.0" />
  <Point X="114.0" Y="135.0" />
  <Point X="114.0" Y="134.0" />
  <Point X="114.5900152401686" Y="133.4099847598314" />
  <Point X="115.0" Y="133.0" />
  <Point X="115.0" Y="132.0" />
  <Point X="115.0" Y="131.0" />
  <Point X="115.47345334242821" Y="131.0" />
  <Point X="116.0" Y="131.0" />
  <Point X="116.0" Y="130.0" />
  <Point X="116.0" Y="129.0" />
  <Point X="116.37244211665771" Y="128.6275578833423" />
  <Point X="117.0" Y="128.0" />
  <Point X="117.0" Y="127.0" />
  <Point X="117.0" Y="126.0" />
  <Point X="117.0" Y="125.83424151964877" />
  <Point X="117.0" Y="125.0" />
  <Point X="118.0" Y="125.0" />
  <Point X="118.0" Y="124.0" />
  <Point X="118.1548689931468" Y="123.8451310068532" />
  <Point X="119.0" Y="123.0" />
  <Point X="119.0" Y="122.0" />
  <Point X="119.85806361827424" Y="122.0" />
  <Point X="120.0" Y="122.0" />
  <Point X="120.0" Y="121.0" />
  <Point X="121.0" Y="121.0" />
  <Point X="121.0" Y="120.0886770315777" />
  <Point X="121.0" Y="120.0" />
  <Point X="122.0" Y="120.0" />
  <Point X="122.0" Y="119.0" />
  <Point X="122.0" Y="118.03541768142965" />
  <Point X="122.0" Y="118.0" />
  <Point X="123.0" Y="118.0" />
  <Point X="123.0" Y="117.0" />
  <Point X="124.0" Y="117.0" />
  <Point X="124.0" Y="116.9821583312816" />
  <Point X="124.0" Y="116.0" />
  <Point X="125.0" Y="116.0" />
  <Point X="125.0" Y="115.0" />
  <Point X="125.05027601258975" Y="114.94972398741025" />
  <Point X="126.0" Y="114.0" />
  <Point X="126.0" Y="113.0" />
  <Point X="126.71014680664142" Y="113.0" />
  <Point X="127.0" Y="113.0" />
  <Point X="127.0" Y="112.0" />
  <Point X="128.0" Y="112.0" />
  <Point X="128.76340615678947" Y="112.0" />
  <Point X="129.0" Y="112.0" />
  <Point X="129.0" Y="111.0" />
  <Point X="130.0" Y="111.0" />
  <Point X="130.0" Y="110.18333449306247" />
  <Point X="130.0" Y="110.0" />
  <Point X="131.0" Y="109.0" />
  <Point X="131.0" Y="108.0" />
  <Point X="131.4557112947125" Y="108.0" />
  <Point X="133.0" Y="108.0" />
  <Point X="133.0" Y="107.0" />
  <Point X="133.3598965944058" Y="106.6401034055942" />
  <Point X="134.0" Y="106.0" />
  <Point X="135.0" Y="105.0" />
  <Point X="135.73380287026242" Y="105.0" />
  <Point X="136.0" Y="105.0" />
  <Point X="137.0" Y="104.0" />
  <Point X="137.97075059564108" Y="103.02924940435891" />
  <Point X="138.0" Y="103.0" />
  <Point X="138.0" Y="102.0" />
  <Point X="139.0" Y="102.0" />
  <Point X="139.71551742447892" Y="101.28448257552108" />
  <Point X="140.0" Y="101.0" />
  <Point X="141.0" Y="101.0" />
  <Point X="141.0" Y="100.0" />
  <Point X="141.6509402335873" Y="100.0" />
  <Point X="142.0" Y="100.0" />
  <Point X="143.0" Y="99.0" />
  <Point X="143.91215786334112" Y="98.08784213665889" />
  <Point X="144.0" Y="98.0" />
  <Point X="145.0" Y="98.0" />
  <Point X="145.0" Y="97.0" />
  <Point X="145.92903180913723" Y="97.0" />
  <Point X="146.0" Y="97.0" />
  <Point X="147.0" Y="96.0" />
  <Point X="148.0" Y="96.0" />
  <Point X="148.40169152101677" Y="95.59830847898323" />
  <Point X="149.0" Y="95.0" />
  <Point X="149.0" Y="94.0" />
  <Point X="150.0" Y="94.0" />
  <Point X="150.20712338468715" Y="94.0" />
  <Point X="151.0" Y="94.0" />
  <Point X="152.0" Y="93.0" />
  <Point X="152.59833195987898" Y="92.40166804012104" />
  <Point X="153.0" Y="92.0" />
  <Point X="154.0" Y="92.0" />
  <Point X="155.0" Y="91.0" />
  <Point X="155.05020556990334" Y="90.94979443009666" />
  <Point X="156.0" Y="90.0" />
  <Point X="157.0" Y="90.0" />
  <Point X="157.0" Y="89.28995281436106" />
  <Point X="157.0" Y="89.0" />
  <Point X="159.0" Y="89.0" />
  <Point X="159.0" Y="88.236693464213" />
  <Point X="159.0" Y="88.0" />
  <Point X="160.0" Y="88.0" />
  <Point X="161.0" Y="88.0" />
  <Point X="161.0" Y="87.18343411406495" />
  <Point X="161.0" Y="87.0" />
  <Point X="162.0" Y="87.0" />
  <Point X="163.0" Y="87.0" />
  <Point X="163.0" Y="86.1301747639169" />
  <Point X="163.0" Y="86.0" />
  <Point X="164.0" Y="86.0" />
  <Point X="165.0" Y="86.0" />
  <Point X="165.0" Y="85.07691541376884" />
  <Point X="165.0" Y="85.0" />
  <Point X="166.0" Y="85.0" />
  <Point X="167.0" Y="84.0" />
  <Point X="167.56213037400613" Y="84.0" />
  <Point X="168.0" Y="84.0" />
  <Point X="169.0" Y="84.0" />
  <Point X="169.0" Y="83.0" />
  <Point X="169.6153897241542" Y="83.0" />
  <Point X="170.0" Y="83.0" />
  <Point X="170.0" Y="82.0" />
  <Point X="171.0" Y="82.0" />
  <Point X="171.66864907430227" Y="82.0" />
  <Point X="172.0" Y="82.0" />
  <Point X="173.0" Y="81.0" />
  <Point X="174.0" Y="81.0" />
  <Point X="174.21757312351107" Y="80.78242687648893" />
  <Point X="175.0" Y="80.0" />
  <Point X="176.0" Y="80.0" />
  <Point X="176.9467406498522" Y="80.0" />
  <Point X="177.0" Y="80.0" />
  <Point X="177.0" Y="79.0" />
  <Point X="178.0" Y="79.0" />
  <Point X="178.0" Y="78.0" />
</Project_1_Part_4>
