<?xml version="1.0" encoding="utf-8" standalone="yes"?>
<Gesture Name="check10" Subject="1" Number="1" NumPts="250">
  <Point X="82.0" Y="92.0" />
  <Point X="82.0" Y="93.0" />
  <Point X="82.0" Y="94.0" />
  <Point X="82.0" Y="95.0" />
  <Point X="82.0" Y="95.04442841068608" />
  <Point X="82.0" Y="96.0" />
  <Point X="83.0" Y="96.0" />
  <Point X="83.0" Y="97.0" />
  <Point X="83.0" Y="97.08885682137216" />
  <Point X="83.0" Y="98.0" />
  <Point X="83.0" Y="99.0" />
  <Point X="84.0" Y="99.0" />
  <Point X="84.0" Y="99.13328523205824" />
  <Point X="84.0" Y="100.0" />
  <Point X="85.0" Y="100.0" />
  <Point X="85.0" Y="101.0" />
  <Point X="85.0" Y="101.17771364274432" />
  <Point X="85.0" Y="102.0" />
  <Point X="85.0" Y="103.0" />
  <Point X="86.0" Y="103.0" />
  <Point X="86.0" Y="103.2221420534304" />
  <Point X="86.0" Y="104.0" />
  <Point X="86.0" Y="105.0" />
  <Point X="87.0" Y="105.0" />
  <Point X="87.0" Y="105.26657046411648" />
  <Point X="87.0" Y="106.0" />
  <Point X="87.0" Y="107.0" />
  <Point X="87.92701619450084" Y="107.92701619450084" />
  <Point X="88.0" Y="108.0" />
  <Point X="89.0" Y="108.0" />
  <Point X="89.0" Y="109.0" />
  <Point X="89.0" Y="109.94121372311557" />
  <Point X="89.0" Y="110.0" />
  <Point X="89.0" Y="111.0" />
  <Point X="90.0" Y="111.0" />
  <Point X="90.0" Y="111.98564213380165" />
  <Point X="90.0" Y="112.0" />
  <Point X="90.0" Y="113.0" />
  <Point X="91.0" Y="113.0" />
  <Point X="91.0" Y="114.0" />
  <Point X="91.02126308592125" Y="114.02126308592125" />
  <Point X="92.0" Y="115.0" />
  <Point X="92.0" Y="116.0" />
  <Point X="92.66028539280073" Y="116.0" />
  <Point X="93.0" Y="116.0" />
  <Point X="93.0" Y="117.0" />
  <Point X="94.0" Y="118.0" />
  <Point X="94.0" Y="118.29050024111372" />
  <Point X="94.0" Y="119.0" />
  <Point X="94.0" Y="120.0" />
  <Point X="94.0" Y="121.0" />
  <Point X="94.3349286517998" Y="121.0" />
  <Point X="95.0" Y="121.0" />
  <Point X="95.0" Y="122.0" />
  <Point X="95.0" Y="123.0" />
  <Point X="95.0" Y="123.37935706248588" />
  <Point X="95.0" Y="124.0" />
  <Point X="96.0" Y="125.0" />
  <Point X="96.0" Y="126.0" />
  <Point X="96.00957191079887" Y="126.0" />
  <Point X="97.0" Y="126.0" />
  <Point X="97.0" Y="127.0" />
  <Point X="97.0" Y="128.0" />
  <Point X="97.0" Y="128.05400032148495" />
  <Point X="97.0" Y="129.0" />
  <Point X="97.0" Y="130.0" />
  <Point X="97.0" Y="131.0" />
  <Point X="97.09842873217103" Y="131.0" />
  <Point X="98.0" Y="131.0" />
  <Point X="98.0" Y="132.0" />
  <Point X="98.0" Y="133.0" />
  <Point X="98.0" Y="133.1428571428571" />
  <Point X="98.0" Y="134.0" />
  <Point X="98.0" Y="135.0" />
  <Point X="98.0" Y="136.0" />
  <Point X="98.18728555354319" Y="136.0" />
  <Point X="99.0" Y="136.0" />
  <Point X="99.0" Y="137.0" />
  <Point X="99.0" Y="138.0" />
  <Point X="99.0" Y="137.76828603577073" />
  <Point X="99.0" Y="137.0" />
  <Point X="99.0" Y="136.0" />
  <Point X="99.0" Y="135.0" />
  <Point X="99.27614237491535" Y="135.0" />
  <Point X="100.0" Y="135.0" />
  <Point X="100.0" Y="134.0" />
  <Point X="101.0" Y="134.0" />
  <Point X="101.0" Y="133.67942921439857" />
  <Point X="101.0" Y="133.0" />
  <Point X="101.0" Y="132.0" />
  <Point X="101.96520018800909" Y="131.03479981199092" />
  <Point X="102.0" Y="131.0" />
  <Point X="102.0" Y="130.0" />
  <Point X="102.0" Y="129.0" />
  <Point X="102.9952140446005" Y="129.0" />
  <Point X="103.0" Y="129.0" />
  <Point X="103.0" Y="128.0" />
  <Point X="103.0" Y="127.0" />
  <Point X="104.0" Y="127.0" />
  <Point X="104.0" Y="126.96035754471342" />
  <Point X="104.0" Y="126.0" />
  <Point X="105.0" Y="126.0" />
  <Point X="105.0" Y="125.0" />
  <Point X="105.0" Y="124.91592913402734" />
  <Point X="105.0" Y="124.0" />
  <Point X="106.0" Y="123.0" />
  <Point X="106.0" Y="122.28571428571435" />
  <Point X="106.0" Y="122.0" />
  <Point X="106.0" Y="121.0" />
  <Point X="107.0" Y="121.0" />
  <Point X="107.0" Y="120.24128587502827" />
  <Point X="107.0" Y="120.0" />
  <Point X="107.0" Y="119.0" />
  <Point X="108.0" Y="119.0" />
  <Point X="108.0" Y="118.19685746434219" />
  <Point X="108.0" Y="118.0" />
  <Point X="108.0" Y="117.0" />
  <Point X="109.0" Y="117.0" />
  <Point X="109.0" Y="116.1524290536561" />
  <Point X="109.0" Y="116.0" />
  <Point X="110.0" Y="116.0" />
  <Point X="110.0" Y="115.0" />
  <Point X="110.0" Y="114.10800064297003" />
  <Point X="110.0" Y="114.0" />
  <Point X="111.0" Y="114.0" />
  <Point X="111.0" Y="113.0" />
  <Point X="111.6621544246434" Y="112.3378455753566" />
  <Point X="112.0" Y="112.0" />
  <Point X="112.0" Y="111.0" />
  <Point X="113.0" Y="111.0" />
  <Point X="113.0" Y="110.43335738397096" />
  <Point X="113.0" Y="110.0" />
  <Point X="114.0" Y="110.0" />
  <Point X="114.0" Y="109.0" />
  <Point X="114.61107102671512" Y="109.0" />
  <Point X="115.0" Y="109.0" />
  <Point X="115.0" Y="108.0" />
  <Point X="115.0" Y="107.0" />
  <Point X="115.6554994374012" Y="107.0" />
  <Point X="116.0" Y="107.0" />
  <Point X="116.0" Y="106.0" />
  <Point X="117.0" Y="106.0" />
  <Point X="117.0" Y="105.30007215191272" />
  <Point X="117.0" Y="105.0" />
  <Point X="118.0" Y="105.0" />
  <Point X="118.0" Y="104.0" />
  <Point X="118.74435625877337" Y="104.0" />
  <Point X="119.0" Y="104.0" />
  <Point X="119.0" Y="103.0" />
  <Point X="119.0" Y="102.0" />
  <Point X="119.78878466945945" Y="102.0" />
  <Point X="120.0" Y="102.0" />
  <Point X="120.0" Y="101.0" />
  <Point X="121.0" Y="101.0" />
  <Point X="121.83321308014553" Y="101.0" />
  <Point X="122.0" Y="101.0" />
  <Point X="122.0" Y="100.0" />
  <Point X="122.0" Y="99.0" />
  <Point X="122.8776414908316" Y="99.0" />
  <Point X="123.0" Y="99.0" />
  <Point X="123.0" Y="98.0" />
  <Point X="124.0" Y="98.0" />
  <Point X="124.0" Y="97.07793009848231" />
  <Point X="124.0" Y="97.0" />
  <Point X="125.0" Y="97.0" />
  <Point X="125.0" Y="96.0" />
  <Point X="125.96649831220377" Y="96.0" />
  <Point X="126.0" Y="96.0" />
  <Point X="126.0" Y="95.0" />
  <Point X="127.0" Y="94.0" />
  <Point X="127.59671316051676" Y="94.0" />
  <Point X="128.0" Y="94.0" />
  <Point X="128.0" Y="93.0" />
  <Point X="129.0" Y="93.0" />
  <Point X="129.0" Y="92.35885842879716" />
  <Point X="129.0" Y="92.0" />
  <Point X="130.0" Y="92.0" />
  <Point X="131.0" Y="91.0" />
  <Point X="131.0" Y="90.72864358048417" />
  <Point X="131.0" Y="90.0" />
  <Point X="132.0" Y="90.0" />
  <Point X="132.0" Y="89.0" />
  <Point X="132.2232935948316" Y="88.77670640516838" />
  <Point X="133.0" Y="88.0" />
  <Point X="134.0" Y="88.0" />
  <Point X="134.0" Y="87.0540003214851" />
  <Point X="134.0" Y="87.0" />
  <Point X="135.0" Y="87.0" />
  <Point X="136.0" Y="86.0" />
  <Point X="136.0" Y="85.42378547317212" />
  <Point X="136.0" Y="85.0" />
  <Point X="137.0" Y="85.0" />
  <Point X="137.0" Y="84.0" />
  <Point X="137.62064293751396" Y="84.0" />
  <Point X="138.0" Y="84.0" />
  <Point X="138.0" Y="83.0" />
  <Point X="139.0" Y="83.0" />
  <Point X="139.0" Y="82.33492865179996" />
  <Point X="139.0" Y="82.0" />
  <Point X="140.0" Y="81.0" />
  <Point X="140.9159056531317" Y="80.0840943468683" />
  <Point X="141.0" Y="80.0" />
  <Point X="142.0" Y="80.0" />
  <Point X="142.0" Y="79.0" />
  <Point X="142.92550104482604" Y="79.0" />
  <Point X="143.0" Y="79.0" />
  <Point X="143.0" Y="78.0" />
  <Point X="144.0" Y="78.0" />
  <Point X="144.0" Y="77.03007054448788" />
  <Point X="144.0" Y="77.0" />
  <Point X="145.0" Y="77.0" />
  <Point X="145.0" Y="76.0" />
  <Point X="146.0" Y="76.0" />
  <Point X="146.0143578661982" Y="76.0" />
  <Point X="147.0" Y="76.0" />
  <Point X="147.0" Y="75.0" />
  <Point X="148.0" Y="75.0" />
  <Point X="148.0" Y="74.94121372311572" />
  <Point X="148.0" Y="74.0" />
  <Point X="148.0" Y="73.0" />
  <Point X="149.0" Y="73.0" />
  <Point X="149.0" Y="72.89678531242964" />
  <Point X="149.0" Y="72.0" />
  <Point X="150.0" Y="72.0" />
  <Point X="151.0" Y="72.0" />
  <Point X="151.0" Y="71.85235690174356" />
  <Point X="151.0" Y="71.0" />
  <Point X="152.0" Y="71.0" />
  <Point X="153.0" Y="71.0" />
  <Point X="153.0" Y="70.80792849105748" />
  <Point X="153.0" Y="70.0" />
  <Point X="153.0" Y="69.0" />
  <Point X="154.0" Y="69.0" />
  <Point X="154.16723069691946" Y="68.83276930308054" />
  <Point X="155.0" Y="68.0" />
  <Point X="156.0" Y="68.0" />
  <Point X="156.0" Y="67.1332852320584" />
  <Point X="156.0" Y="67.0" />
  <Point X="157.0" Y="67.0" />
  <Point X="157.0" Y="66.0" />
  <Point X="157.9111431786277" Y="66.0" />
  <Point X="158.0" Y="66.0" />
  <Point X="158.0" Y="65.0" />
  <Point X="159.0" Y="65.0" />
  <Point X="159.9555715893138" Y="65.0" />
  <Point X="160.0" Y="65.0" />
  <Point X="160.0" Y="64.0" />
  <Point X="161.0" Y="64.0" />
  <Point X="161.0" Y="63.00000000000012" />
  <Point X="161.0" Y="63.0" />
</Project_1_Part_4>
