<?xml version="1.0" encoding="utf-8" standalone="yes"?>
<Gesture Name="check3" Subject="1" Number="1" NumPts="239">
  <Point X="57.0" Y="107.0" />
  <Point X="57.0" Y="108.0" />
  <Point X="58.0" Y="109.0" />
  <Point X="58.0" Y="109.66477347489163" />
  <Point X="58.0" Y="110.0" />
  <Point X="59.0" Y="110.0" />
  <Point X="59.0" Y="111.0" />
  <Point X="59.743760512156356" Y="111.0" />
  <Point X="60.0" Y="111.0" />
  <Point X="60.0" Y="112.0" />
  <Point X="61.0" Y="112.0" />
  <Point X="61.0" Y="112.82274754942108" />
  <Point X="61.0" Y="113.0" />
  <Point X="61.0" Y="114.0" />
  <Point X="62.0" Y="114.0" />
  <Point X="62.63762264107598" Y="114.63762264107598" />
  <Point X="63.0" Y="115.0" />
  <Point X="64.0" Y="115.0" />
  <Point X="64.0" Y="116.0" />
  <Point X="64.40058169193824" Y="116.40058169193824" />
  <Point X="65.0" Y="117.0" />
  <Point X="65.0" Y="118.0" />
  <Point X="66.0" Y="118.0" />
  <Point X="66.1635407428005" Y="118.1635407428005" />
  <Point X="67.0" Y="119.0" />
  <Point X="68.0" Y="120.0" />
  <Point X="68.34071335603586" Y="120.34071335603586" />
  <Point X="69.0" Y="121.0" />
  <Point X="69.0" Y="122.0" />
  <Point X="69.81077918808468" Y="122.81077918808468" />
  <Point X="70.0" Y="123.0" />
  <Point X="71.0" Y="123.0" />
  <Point X="71.0" Y="124.0" />
  <Point X="71.81138839877083" Y="124.0" />
  <Point X="72.0" Y="124.0" />
  <Point X="72.0" Y="125.0" />
  <Point X="72.0" Y="126.0" />
  <Point X="72.89037543603555" Y="126.0" />
  <Point X="73.0" Y="126.0" />
  <Point X="73.0" Y="127.0" />
  <Point X="74.0" Y="127.0" />
  <Point X="74.6854427782984" Y="127.6854427782984" />
  <Point X="75.0" Y="128.0" />
  <Point X="76.0" Y="128.0" />
  <Point X="76.0" Y="129.0" />
  <Point X="76.44840182916066" Y="129.44840182916067" />
  <Point X="77.0" Y="130.0" />
  <Point X="77.0" Y="131.0" />
  <Point X="78.0" Y="131.0" />
  <Point X="78.29890942308354" Y="131.0" />
  <Point X="79.0" Y="131.0" />
  <Point X="79.0" Y="132.0" />
  <Point X="79.9743199308852" Y="132.9743199308852" />
  <Point X="80.0" Y="133.0" />
  <Point X="81.0" Y="134.0" />
  <Point X="81.0" Y="135.0" />
  <Point X="81.6284563728668" Y="135.0" />
  <Point X="82.0" Y="135.0" />
  <Point X="83.0" Y="136.0" />
  <Point X="83.91445159498282" Y="136.91445159498284" />
  <Point X="84.0" Y="137.0" />
  <Point X="85.0" Y="138.0" />
  <Point X="85.0" Y="139.0" />
  <Point X="85.54378976027695" Y="139.0" />
  <Point X="86.0" Y="139.0" />
  <Point X="86.0" Y="140.0" />
  <Point X="87.0" Y="141.0" />
  <Point X="87.20856323516858" Y="141.0" />
  <Point X="88.0" Y="141.0" />
  <Point X="88.0" Y="142.0" />
  <Point X="88.91043552875618" Y="142.91043552875618" />
  <Point X="89.0" Y="143.0" />
  <Point X="90.0" Y="144.0" />
  <Point X="90.0" Y="145.0" />
  <Point X="90.53811018495185" Y="145.0" />
  <Point X="91.0" Y="145.0" />
  <Point X="91.0" Y="146.0" />
  <Point X="92.0" Y="147.0" />
  <Point X="92.0" Y="147.20288365984348" />
  <Point X="92.0" Y="148.0" />
  <Point X="93.0" Y="148.0" />
  <Point X="93.0" Y="149.0" />
  <Point X="93.0" Y="149.2818706971082" />
  <Point X="93.0" Y="150.0" />
  <Point X="94.0" Y="151.0" />
  <Point X="94.0" Y="151.94664417199982" />
  <Point X="94.0" Y="152.0" />
  <Point X="95.0" Y="152.0" />
  <Point X="96.0" Y="152.0" />
  <Point X="96.0" Y="153.0" />
  <Point X="96.0" Y="152.97436879073547" />
  <Point X="96.0" Y="152.0" />
  <Point X="96.0" Y="151.0" />
  <Point X="96.0" Y="150.0" />
  <Point X="96.0" Y="149.89538175347076" />
  <Point X="96.0" Y="149.0" />
  <Point X="96.0" Y="148.0" />
  <Point X="96.0" Y="147.0" />
  <Point X="96.0" Y="146.81639471620605" />
  <Point X="96.0" Y="146.0" />
  <Point X="96.0" Y="145.0" />
  <Point X="96.0" Y="144.0" />
  <Point X="96.0" Y="143.73740767894134" />
  <Point X="96.0" Y="143.0" />
  <Point X="97.0" Y="142.0" />
  <Point X="97.0" Y="141.0726342040497" />
  <Point X="97.0" Y="141.0" />
  <Point X="98.0" Y="140.0" />
  <Point X="98.0" Y="139.0" />
  <Point X="98.0" Y="138.40786072915807" />
  <Point X="98.0" Y="138.0" />
  <Point X="98.0" Y="137.0" />
  <Point X="98.0" Y="136.0" />
  <Point X="98.67112630810665" Y="136.0" />
  <Point X="99.0" Y="136.0" />
  <Point X="99.0" Y="135.0" />
  <Point X="100.0" Y="134.0" />
  <Point X="100.0" Y="133.66410021700173" />
  <Point X="100.0" Y="133.0" />
  <Point X="100.0" Y="132.0" />
  <Point X="101.0" Y="132.0" />
  <Point X="101.0" Y="131.58511317973702" />
  <Point X="101.0" Y="130.0" />
  <Point X="102.0" Y="129.0" />
  <Point X="102.0" Y="128.9203397048454" />
  <Point X="102.0" Y="128.0" />
  <Point X="102.0" Y="127.0" />
  <Point X="103.0" Y="127.0" />
  <Point X="103.11218060457087" Y="126.88781939542913" />
  <Point X="104.0" Y="126.0" />
  <Point X="104.0" Y="125.0" />
  <Point X="104.58224643661968" Y="124.41775356338032" />
  <Point X="105.0" Y="124.0" />
  <Point X="105.0" Y="123.0" />
  <Point X="106.0" Y="122.0" />
  <Point X="106.0" Y="121.92601928017051" />
  <Point X="106.0" Y="121.0" />
  <Point X="107.0" Y="121.0" />
  <Point X="107.81527131953077" Y="120.18472868046923" />
  <Point X="108.0" Y="120.0" />
  <Point X="108.0" Y="119.0" />
  <Point X="108.0" Y="118.0" />
  <Point X="108.81774123198585" Y="118.0" />
  <Point X="109.0" Y="118.0" />
  <Point X="109.0" Y="117.0" />
  <Point X="110.0" Y="117.0" />
  <Point X="110.0" Y="116.10327173074943" />
  <Point X="110.0" Y="116.0" />
  <Point X="111.0" Y="115.0" />
  <Point X="112.0" Y="114.0" />
  <Point X="112.10414847211757" Y="113.89585152788243" />
  <Point X="113.0" Y="113.0" />
  <Point X="113.0" Y="112.0" />
  <Point X="113.0" Y="111.18793834333927" />
  <Point X="113.0" Y="111.0" />
  <Point X="114.0" Y="111.0" />
  <Point X="115.0" Y="110.0" />
  <Point X="115.0" Y="109.52316486844764" />
  <Point X="115.0" Y="109.0" />
  <Point X="116.0" Y="109.0" />
  <Point X="116.0" Y="108.0" />
  <Point X="116.39302562470438" Y="107.60697437529562" />
  <Point X="117.0" Y="107.0" />
  <Point X="118.0" Y="106.0" />
  <Point X="118.0" Y="105.19361791866437" />
  <Point X="118.0" Y="105.0" />
  <Point X="120.0" Y="104.0" />
  <Point X="120.0" Y="103.35069885889943" />
  <Point X="120.0" Y="103.0" />
  <Point X="121.0" Y="102.0" />
  <Point X="122.0" Y="102.0" />
  <Point X="122.0" Y="101.6859253840078" />
  <Point X="122.0" Y="101.0" />
  <Point X="123.0" Y="100.0" />
  <Point X="123.97884809088383" Y="100.0" />
  <Point X="124.0" Y="100.0" />
  <Point X="124.0" Y="99.0" />
  <Point X="124.0" Y="98.0" />
  <Point X="125.0" Y="98.0" />
  <Point X="125.0" Y="97.94216487185145" />
  <Point X="125.0" Y="97.0" />
  <Point X="126.0" Y="97.0" />
  <Point X="127.0" Y="97.0" />
  <Point X="127.0" Y="96.86317783458672" />
  <Point X="127.0" Y="96.0" />
  <Point X="127.0" Y="95.0" />
  <Point X="128.0" Y="95.0" />
  <Point X="128.0" Y="94.784190797322" />
  <Point X="128.0" Y="94.0" />
  <Point X="129.0" Y="94.0" />
  <Point X="129.0" Y="93.0" />
  <Point X="129.2947962399427" Y="93.0" />
  <Point X="130.0" Y="93.0" />
  <Point X="130.0" Y="92.0" />
  <Point X="131.0" Y="92.0" />
  <Point X="131.0" Y="91.62621672279256" />
  <Point X="131.0" Y="91.0" />
  <Point X="132.0" Y="91.0" />
  <Point X="132.0" Y="90.0" />
  <Point X="132.45277031447216" Y="90.0" />
  <Point X="133.0" Y="90.0" />
  <Point X="133.0" Y="89.0" />
  <Point X="134.0" Y="89.0" />
  <Point X="134.37600922935894" Y="88.62399077064104" />
  <Point X="135.0" Y="88.0" />
  <Point X="136.0" Y="87.0" />
  <Point X="136.0" Y="86.21768273574459" />
  <Point X="136.0" Y="86.0" />
  <Point X="137.0" Y="86.0" />
  <Point X="137.0" Y="85.0" />
  <Point X="137.86130430152014" Y="85.0" />
  <Point X="138.0" Y="85.0" />
  <Point X="139.0" Y="85.0" />
  <Point X="139.0" Y="84.0" />
  <Point X="139.0" Y="83.05970866121514" />
  <Point X="139.0" Y="83.0" />
  <Point X="140.0" Y="83.0" />
  <Point X="141.0" Y="83.0" />
  <Point X="141.0" Y="82.0" />
  <Point X="141.0" Y="81.98072162395042" />
  <Point X="141.0" Y="81.0" />
  <Point X="142.0" Y="81.0" />
  <Point X="143.0" Y="81.0" />
  <Point X="143.0" Y="80.90173458668569" />
  <Point X="143.0" Y="80.0" />
  <Point X="143.0" Y="79.0" />
  <Point X="144.0" Y="79.0" />
  <Point X="144.17725245057903" Y="79.0" />
  <Point X="145.0" Y="79.0" />
  <Point X="145.0" Y="78.0" />
  <Point X="146.0" Y="78.0" />
  <Point X="146.0" Y="77.74376051215624" />
  <Point X="146.0" Y="77.0" />
  <Point X="147.0" Y="77.0" />
  <Point X="148.0" Y="77.0" />
  <Point X="148.0" Y="76.66477347489152" />
  <Point X="148.0" Y="76.0" />
  <Point X="149.0" Y="75.0" />
  <Point X="149.0" Y="74.0" />
</Project_1_Part_4>
