<?xml version="1.0" encoding="utf-8" standalone="yes"?>
<Gesture Name="check1" Subject="1" Number="1" NumPts="267">
  <Point X="21.0" Y="107.0" />
  <Point X="22.0" Y="107.0" />
  <Point X="22.0" Y="108.0" />
  <Point X="22.0" Y="109.0" />
  <Point X="22.54326026578439" Y="109.0" />
  <Point X="23.0" Y="109.0" />
  <Point X="23.0" Y="110.0" />
  <Point X="24.0" Y="110.0" />
  <Point X="24.0" Y="111.0" />
  <Point X="24.08652053156878" Y="111.0" />
  <Point X="25.0" Y="111.0" />
  <Point X="25.0" Y="112.0" />
  <Point X="25.0" Y="113.0" />
  <Point X="25.62978079735317" Y="113.0" />
  <Point X="26.0" Y="113.0" />
  <Point X="26.0" Y="114.0" />
  <Point X="27.0" Y="115.0" />
  <Point X="27.536572071541393" Y="115.53657207154139" />
  <Point X="28.0" Y="116.0" />
  <Point X="28.0" Y="117.0" />
  <Point X="28.0" Y="118.0" />
  <Point X="28.887874204175752" Y="118.0" />
  <Point X="29.0" Y="118.0" />
  <Point X="29.0" Y="119.0" />
  <Point X="30.0" Y="119.0" />
  <Point X="30.0" Y="120.0" />
  <Point X="30.0" Y="120.43113446996014" />
  <Point X="30.0" Y="121.0" />
  <Point X="31.0" Y="121.0" />
  <Point X="31.0" Y="122.0" />
  <Point X="31.974394735744532" Y="122.0" />
  <Point X="32.0" Y="122.0" />
  <Point X="32.0" Y="123.0" />
  <Point X="32.0" Y="124.0" />
  <Point X="33.0" Y="124.0" />
  <Point X="33.0" Y="124.51765500152892" />
  <Point X="33.0" Y="125.0" />
  <Point X="33.0" Y="126.0" />
  <Point X="34.0" Y="126.0" />
  <Point X="34.0" Y="127.0" />
  <Point X="34.043073598595036" Y="127.04307359859503" />
  <Point X="35.0" Y="128.0" />
  <Point X="35.0" Y="129.0" />
  <Point X="36.0" Y="129.0" />
  <Point X="36.0" Y="129.1899619707246" />
  <Point X="36.0" Y="130.0" />
  <Point X="37.0" Y="130.0" />
  <Point X="37.0" Y="131.0" />
  <Point X="37.0" Y="131.733222236509" />
  <Point X="37.0" Y="132.0" />
  <Point X="38.0" Y="132.0" />
  <Point X="38.0" Y="133.0" />
  <Point X="38.0" Y="134.0" />
  <Point X="38.27648250229338" Y="134.0" />
  <Point X="39.0" Y="134.0" />
  <Point X="40.0" Y="135.0" />
  <Point X="40.0" Y="136.0" />
  <Point X="40.405529205704674" Y="136.0" />
  <Point X="41.0" Y="136.0" />
  <Point X="41.0" Y="137.0" />
  <Point X="42.0" Y="138.0" />
  <Point X="42.0" Y="138.53457590911597" />
  <Point X="42.0" Y="139.0" />
  <Point X="43.0" Y="139.0" />
  <Point X="44.0" Y="139.0" />
  <Point X="44.0" Y="140.0" />
  <Point X="44.05503848709367" Y="140.05503848709367" />
  <Point X="45.0" Y="141.0" />
  <Point X="45.0" Y="142.0" />
  <Point X="46.0" Y="142.0" />
  <Point X="46.0" Y="142.20688287831166" />
  <Point X="46.0" Y="143.0" />
  <Point X="47.0" Y="143.0" />
  <Point X="47.0" Y="144.0" />
  <Point X="47.75014314409605" Y="144.0" />
  <Point X="48.0" Y="144.0" />
  <Point X="48.0" Y="145.0" />
  <Point X="49.0" Y="146.0" />
  <Point X="49.87918984750734" Y="146.0" />
  <Point X="50.0" Y="146.0" />
  <Point X="50.0" Y="147.0" />
  <Point X="51.0" Y="148.0" />
  <Point X="52.0" Y="148.0" />
  <Point X="52.0" Y="148.00823655091864" />
  <Point X="52.0" Y="149.0" />
  <Point X="52.0" Y="150.0" />
  <Point X="53.0" Y="150.0" />
  <Point X="53.0" Y="150.55149681670304" />
  <Point X="53.0" Y="151.0" />
  <Point X="54.0" Y="151.0" />
  <Point X="54.0" Y="152.0" />
  <Point X="55.0" Y="152.0" />
  <Point X="55.0" Y="152.09475708248743" />
  <Point X="55.0" Y="153.0" />
  <Point X="55.0" Y="154.0" />
  <Point X="56.0" Y="154.0" />
  <Point X="56.0" Y="154.63801734827183" />
  <Point X="56.0" Y="155.0" />
  <Point X="57.0" Y="155.0" />
  <Point X="58.0" Y="156.0" />
  <Point X="58.0" Y="156.76706405168312" />
  <Point X="58.0" Y="157.0" />
  <Point X="59.0" Y="157.0" />
  <Point X="59.0" Y="158.0" />
  <Point X="59.0" Y="159.0" />
  <Point X="59.31032431746751" Y="159.0" />
  <Point X="60.0" Y="159.0" />
  <Point X="60.0" Y="160.0" />
  <Point X="61.0" Y="160.0" />
  <Point X="61.0" Y="160.8535845832519" />
  <Point X="61.0" Y="161.0" />
  <Point X="62.0" Y="161.0" />
  <Point X="62.0" Y="162.0" />
  <Point X="62.0" Y="163.0" />
  <Point X="62.39684484903628" Y="163.0" />
  <Point X="63.0" Y="163.0" />
  <Point X="63.0" Y="164.0" />
  <Point X="63.0" Y="165.0" />
  <Point X="63.94010511482067" Y="165.0" />
  <Point X="64.0" Y="165.0" />
  <Point X="64.0" Y="164.0" />
  <Point X="65.0" Y="164.0" />
  <Point X="65.0" Y="163.0" />
  <Point X="65.0" Y="162.51663461939495" />
  <Point X="65.0" Y="162.0" />
  <Point X="65.0" Y="161.0" />
  <Point X="65.0" Y="160.0" />
  <Point X="66.0" Y="160.0" />
  <Point X="66.0" Y="159.97337435361055" />
  <Point X="66.0" Y="159.0" />
  <Point X="66.0" Y="158.0" />
  <Point X="66.0" Y="157.0" />
  <Point X="66.56988591217383" Y="157.0" />
  <Point X="67.0" Y="157.0" />
  <Point X="67.0" Y="156.0" />
  <Point X="67.0" Y="155.0" />
  <Point X="67.78711321088615" Y="154.21288678911387" />
  <Point X="68.0" Y="154.0" />
  <Point X="68.0" Y="153.0" />
  <Point X="69.0" Y="152.0" />
  <Point X="69.0" Y="151.1720206810036" />
  <Point X="69.0" Y="151.0" />
  <Point X="69.0" Y="150.0" />
  <Point X="70.0" Y="149.0" />
  <Point X="70.0" Y="148.0429739775923" />
  <Point X="70.0" Y="148.0" />
  <Point X="70.0" Y="147.0" />
  <Point X="71.0" Y="146.0" />
  <Point X="71.76796938928837" Y="145.23203061071163" />
  <Point X="72.0" Y="145.0" />
  <Point X="72.0" Y="144.0" />
  <Point X="73.0" Y="144.0" />
  <Point X="73.0" Y="143.0" />
  <Point X="73.0" Y="142.7848805707697" />
  <Point X="73.0" Y="142.0" />
  <Point X="74.0" Y="142.0" />
  <Point X="74.0" Y="141.0" />
  <Point X="74.53625542505907" Y="140.46374457494093" />
  <Point X="75.0" Y="140.0" />
  <Point X="75.0" Y="139.0" />
  <Point X="75.0" Y="138.0" />
  <Point X="75.88742639842597" Y="138.0" />
  <Point X="76.0" Y="138.0" />
  <Point X="77.0" Y="137.0" />
  <Point X="78.0" Y="136.0" />
  <Point X="78.0" Y="135.39774046053583" />
  <Point X="78.0" Y="135.0" />
  <Point X="78.0" Y="134.0" />
  <Point X="79.0" Y="134.0" />
  <Point X="79.0" Y="133.0" />
  <Point X="79.14551980524855" Y="133.0" />
  <Point X="80.0" Y="133.0" />
  <Point X="80.0" Y="132.0" />
  <Point X="81.0" Y="132.0" />
  <Point X="81.0" Y="131.31121992896706" />
  <Point X="81.0" Y="130.0" />
  <Point X="82.0" Y="129.0" />
  <Point X="82.57829085804543" Y="128.42170914195455" />
  <Point X="83.0" Y="128.0" />
  <Point X="83.0" Y="127.0" />
  <Point X="84.0" Y="126.0" />
  <Point X="84.37664743830389" Y="125.62335256169611" />
  <Point X="85.0" Y="125.0" />
  <Point X="86.0" Y="125.0" />
  <Point X="86.0" Y="124.0" />
  <Point X="86.46789723737578" Y="123.53210276262422" />
  <Point X="87.0" Y="123.0" />
  <Point X="87.0" Y="122.0" />
  <Point X="88.0" Y="122.0" />
  <Point X="88.0" Y="121.20924667769498" />
  <Point X="88.0" Y="121.0" />
  <Point X="89.0" Y="120.0" />
  <Point X="90.0" Y="119.0" />
  <Point X="90.35750361670611" Y="118.64249638329389" />
  <Point X="91.0" Y="118.0" />
  <Point X="92.0" Y="117.0" />
  <Point X="92.8629669781511" Y="116.1370330218489" />
  <Point X="93.0" Y="116.0" />
  <Point X="94.0" Y="115.0" />
  <Point X="95.0" Y="114.0" />
  <Point X="95.0" Y="113.47896081695347" />
  <Point X="95.0" Y="113.0" />
  <Point X="96.0" Y="113.0" />
  <Point X="97.0" Y="112.0" />
  <Point X="97.0" Y="111.34991411354218" />
  <Point X="97.0" Y="111.0" />
  <Point X="98.0" Y="111.0" />
  <Point X="98.0" Y="110.0" />
  <Point X="99.0" Y="110.0" />
  <Point X="99.0" Y="109.8066538477578" />
  <Point X="99.0" Y="109.0" />
  <Point X="100.0" Y="109.0" />
  <Point X="100.0" Y="108.0" />
  <Point X="100.52085939325214" Y="107.47914060674786" />
  <Point X="101.0" Y="107.0" />
  <Point X="102.0" Y="107.0" />
  <Point X="102.0" Y="106.0" />
  <Point X="102.86565312143789" Y="106.0" />
  <Point X="103.0" Y="106.0" />
  <Point X="103.0" Y="105.0" />
  <Point X="104.0" Y="104.0" />
  <Point X="104.70335899139593" Y="103.29664100860407" />
  <Point X="105.0" Y="103.0" />
  <Point X="106.0" Y="102.0" />
  <Point X="107.0" Y="101.0" />
  <Point X="107.0" Y="100.70468059648572" />
  <Point X="107.0" Y="100.0" />
  <Point X="108.0" Y="100.0" />
  <Point X="109.0" Y="99.0" />
  <Point X="109.30007215191281" Y="98.69992784808719" />
  <Point X="110.0" Y="98.0" />
  <Point X="110.0" Y="97.0" />
  <Point X="111.0" Y="97.0" />
  <Point X="111.0" Y="96.44658718966312" />
  <Point X="111.0" Y="96.0" />
  <Point X="112.0" Y="95.0" />
  <Point X="113.0" Y="94.0" />
  <Point X="113.26824595137508" Y="94.0" />
  <Point X="114.0" Y="94.0" />
  <Point X="114.0" Y="93.0" />
  <Point X="115.0" Y="92.0" />
  <Point X="115.28092833031505" Y="91.71907166968495" />
  <Point X="116.0" Y="91.0" />
  <Point X="117.0" Y="90.0" />
  <Point X="117.0" Y="89.0" />
  <Point X="117.11212579582457" Y="89.0" />
  <Point X="118.0" Y="89.0" />
  <Point X="119.0" Y="89.0" />
  <Point X="119.0" Y="88.0" />
  <Point X="119.0" Y="87.34461393839105" />
  <Point X="119.0" Y="87.0" />
  <Point X="120.0" Y="87.0" />
  <Point X="120.0" Y="86.0" />
  <Point X="120.84757094634418" Y="85.15242905365582" />
  <Point X="121.0" Y="85.0" />
  <Point X="122.0" Y="85.0" />
  <Point X="122.0" Y="84.0" />
  <Point X="122.0" Y="83.0" />
  <Point X="122.32769303080462" Y="83.0" />
  <Point X="123.0" Y="83.0" />
  <Point X="124.0" Y="82.0" />
  <Point X="124.0" Y="81.0" />
  <Point X="124.45673973421592" Y="81.0" />
  <Point X="125.0" Y="81.0" />
  <Point X="126.0" Y="81.0" />
  <Point X="126.0" Y="80.0" />
  <Point X="126.0" Y="79.0" />
</Project_1_Part_4>
