<?xml version="1.0" encoding="utf-8" standalone="yes"?>
<Gesture Name="circle4" Subject="1" Number="1" NumPts="322">
  <Point X="49.0" Y="58.0" />
  <Point X="48.0" Y="58.0" />
  <Point X="47.0" Y="58.0" />
  <Point X="46.0" Y="58.0" />
  <Point X="45.0" Y="58.0" />
  <Point X="44.665345061576424" Y="58.0" />
  <Point X="44.0" Y="58.0" />
  <Point X="43.0" Y="58.0" />
  <Point X="42.0" Y="59.0" />
  <Point X="41.0" Y="59.0" />
  <Point X="40.8196196661797" Y="59.1803803338203" />
  <Point X="40.0" Y="60.0" />
  <Point X="39.0" Y="60.0" />
  <Point X="39.0" Y="61.0" />
  <Point X="38.0" Y="61.0" />
  <Point X="37.82446230947546" Y="61.0" />
  <Point X="37.0" Y="61.0" />
  <Point X="37.0" Y="62.0" />
  <Point X="36.0" Y="62.0" />
  <Point X="36.0" Y="63.0" />
  <Point X="35.48980737105188" Y="63.0" />
  <Point X="35.0" Y="63.0" />
  <Point X="34.0" Y="63.0" />
  <Point X="34.0" Y="64.0" />
  <Point X="33.0" Y="64.0" />
  <Point X="33.0" Y="64.8448475673717" />
  <Point X="33.0" Y="65.0" />
  <Point X="32.0" Y="65.0" />
  <Point X="32.0" Y="66.0" />
  <Point X="31.0" Y="66.0" />
  <Point X="31.0" Y="67.0" />
  <Point X="30.820497494204723" Y="67.0" />
  <Point X="30.0" Y="67.0" />
  <Point X="30.0" Y="68.0" />
  <Point X="29.0" Y="68.0" />
  <Point X="28.0" Y="69.0" />
  <Point X="28.0" Y="69.09994388184576" />
  <Point X="28.0" Y="70.0" />
  <Point X="27.0" Y="70.0" />
  <Point X="27.0" Y="71.0" />
  <Point X="26.0" Y="71.0" />
  <Point X="26.0" Y="71.43459882026934" />
  <Point X="26.0" Y="72.0" />
  <Point X="25.0" Y="72.0" />
  <Point X="25.0" Y="73.0" />
  <Point X="25.0" Y="74.0" />
  <Point X="24.23074624130708" Y="74.0" />
  <Point X="24.0" Y="74.0" />
  <Point X="24.0" Y="75.0" />
  <Point X="24.0" Y="76.0" />
  <Point X="23.0" Y="76.0" />
  <Point X="23.0" Y="77.0" />
  <Point X="22.926525455644665" Y="77.07347454435534" />
  <Point X="22.0" Y="78.0" />
  <Point X="22.0" Y="79.0" />
  <Point X="21.0" Y="79.0" />
  <Point X="21.0" Y="80.0" />
  <Point X="21.0" Y="80.02435007316699" />
  <Point X="21.0" Y="81.0" />
  <Point X="20.0" Y="82.0" />
  <Point X="20.0" Y="83.0" />
  <Point X="19.331931559451263" Y="83.66806844054874" />
  <Point X="19.0" Y="84.0" />
  <Point X="18.0" Y="84.0" />
  <Point X="18.0" Y="85.0" />
  <Point X="18.0" Y="86.0" />
  <Point X="18.0" Y="86.86523282526795" />
  <Point X="18.0" Y="87.0" />
  <Point X="17.0" Y="87.0" />
  <Point X="17.0" Y="88.0" />
  <Point X="17.0" Y="89.0" />
  <Point X="17.0" Y="90.0" />
  <Point X="17.0" Y="90.19988776369154" />
  <Point X="17.0" Y="91.0" />
  <Point X="17.0" Y="92.0" />
  <Point X="17.0" Y="93.0" />
  <Point X="17.0" Y="94.0" />
  <Point X="17.0" Y="94.53454270211512" />
  <Point X="17.0" Y="95.0" />
  <Point X="17.0" Y="96.0" />
  <Point X="17.0" Y="97.0" />
  <Point X="17.0" Y="98.0" />
  <Point X="17.0" Y="98.8691976405387" />
  <Point X="17.0" Y="99.0" />
  <Point X="17.0" Y="100.0" />
  <Point X="17.0" Y="101.0" />
  <Point X="17.0" Y="102.0" />
  <Point X="17.0" Y="103.0" />
  <Point X="17.0" Y="103.20385257896228" />
  <Point X="17.0" Y="104.0" />
  <Point X="17.0" Y="105.0" />
  <Point X="17.0" Y="106.0" />
  <Point X="17.0" Y="107.0" />
  <Point X="17.0" Y="107.53850751738587" />
  <Point X="17.0" Y="108.0" />
  <Point X="18.0" Y="109.0" />
  <Point X="18.0" Y="110.0" />
  <Point X="19.0" Y="110.0" />
  <Point X="19.0" Y="110.45894889343634" />
  <Point X="19.0" Y="111.0" />
  <Point X="19.0" Y="112.0" />
  <Point X="20.0" Y="112.0" />
  <Point X="20.0" Y="113.0" />
  <Point X="20.0" Y="113.79360383185993" />
  <Point X="20.0" Y="114.0" />
  <Point X="21.0" Y="114.0" />
  <Point X="21.0" Y="115.0" />
  <Point X="21.0" Y="116.0" />
  <Point X="22.0" Y="116.0" />
  <Point X="22.0" Y="116.12825877028351" />
  <Point X="22.0" Y="117.0" />
  <Point X="23.0" Y="118.0" />
  <Point X="24.0" Y="118.0" />
  <Point X="24.0" Y="119.0" />
  <Point X="24.048700146333992" Y="119.0" />
  <Point X="25.0" Y="119.0" />
  <Point X="25.0" Y="120.0" />
  <Point X="26.0" Y="120.0" />
  <Point X="26.0" Y="121.0" />
  <Point X="26.271072980034422" Y="121.27107298003442" />
  <Point X="27.0" Y="122.0" />
  <Point X="28.0" Y="122.0" />
  <Point X="29.0" Y="123.0" />
  <Point X="29.629030099910942" Y="123.62903009991093" />
  <Point X="30.0" Y="124.0" />
  <Point X="31.0" Y="124.0" />
  <Point X="32.0" Y="125.0" />
  <Point X="33.0" Y="125.0" />
  <Point X="33.0" Y="125.39581071211234" />
  <Point X="33.0" Y="126.0" />
  <Point X="34.0" Y="126.0" />
  <Point X="35.0" Y="127.0" />
  <Point X="36.0" Y="127.0" />
  <Point X="36.31625208816282" Y="127.0" />
  <Point X="37.0" Y="127.0" />
  <Point X="38.0" Y="128.0" />
  <Point X="39.0" Y="128.0" />
  <Point X="40.0" Y="128.0" />
  <Point X="40.2366934642133" Y="128.0" />
  <Point X="41.0" Y="128.0" />
  <Point X="41.0" Y="129.0" />
  <Point X="42.0" Y="129.0" />
  <Point X="43.0" Y="130.0" />
  <Point X="43.15713484026379" Y="130.0" />
  <Point X="44.0" Y="130.0" />
  <Point X="45.0" Y="130.0" />
  <Point X="46.0" Y="130.0" />
  <Point X="47.0" Y="130.0" />
  <Point X="47.49178977868736" Y="130.0" />
  <Point X="48.0" Y="130.0" />
  <Point X="49.0" Y="131.0" />
  <Point X="50.0" Y="131.0" />
  <Point X="51.0" Y="131.0" />
  <Point X="51.412231154737846" Y="131.0" />
  <Point X="52.0" Y="131.0" />
  <Point X="53.0" Y="131.0" />
  <Point X="54.0" Y="131.0" />
  <Point X="55.0" Y="131.0" />
  <Point X="55.74688609316142" Y="131.0" />
  <Point X="56.0" Y="131.0" />
  <Point X="57.0" Y="131.0" />
  <Point X="58.0" Y="131.0" />
  <Point X="59.0" Y="131.0" />
  <Point X="60.0" Y="131.0" />
  <Point X="60.081541031585" Y="131.0" />
  <Point X="61.0" Y="131.0" />
  <Point X="62.0" Y="131.0" />
  <Point X="63.0" Y="131.0" />
  <Point X="63.0" Y="130.0" />
  <Point X="63.294294992695576" Y="129.70570500730443" />
  <Point X="64.0" Y="129.0" />
  <Point X="65.0" Y="129.0" />
  <Point X="66.0" Y="129.0" />
  <Point X="66.0" Y="128.0" />
  <Point X="66.33663734605905" Y="128.0" />
  <Point X="67.0" Y="128.0" />
  <Point X="68.0" Y="128.0" />
  <Point X="68.0" Y="127.0" />
  <Point X="69.0" Y="127.0" />
  <Point X="69.47467532651588" Y="126.52532467348412" />
  <Point X="70.0" Y="126.0" />
  <Point X="70.0" Y="125.0" />
  <Point X="71.0" Y="125.0" />
  <Point X="71.0" Y="124.0" />
  <Point X="71.59173366053311" Y="124.0" />
  <Point X="72.0" Y="124.0" />
  <Point X="73.0" Y="124.0" />
  <Point X="73.0" Y="123.0" />
  <Point X="74.0" Y="123.0" />
  <Point X="74.0" Y="122.07361140104331" />
  <Point X="74.0" Y="122.0" />
  <Point X="75.0" Y="121.0" />
  <Point X="75.0" Y="120.0" />
  <Point X="76.0" Y="120.0" />
  <Point X="76.84682997500717" Y="120.0" />
  <Point X="77.0" Y="120.0" />
  <Point X="77.0" Y="119.0" />
  <Point X="78.0" Y="118.0" />
  <Point X="79.0" Y="117.0" />
  <Point X="79.24964955652958" Y="116.75035044347042" />
  <Point X="80.0" Y="116.0" />
  <Point X="81.0" Y="116.0" />
  <Point X="81.0" Y="115.0" />
  <Point X="82.0" Y="115.0" />
  <Point X="82.0" Y="114.72650083526496" />
  <Point X="82.0" Y="114.0" />
  <Point X="83.0" Y="113.0" />
  <Point X="84.0" Y="112.0" />
  <Point X="84.0" Y="111.22027302158757" />
  <Point X="84.0" Y="111.0" />
  <Point X="85.0" Y="110.0" />
  <Point X="86.0" Y="110.0" />
  <Point X="86.0" Y="109.0" />
  <Point X="86.0" Y="108.2998316455371" />
  <Point X="86.0" Y="108.0" />
  <Point X="87.0" Y="108.0" />
  <Point X="87.0" Y="107.0" />
  <Point X="88.0" Y="106.0" />
  <Point X="88.0" Y="105.37939026948662" />
  <Point X="88.0" Y="105.0" />
  <Point X="88.0" Y="104.0" />
  <Point X="89.0" Y="104.0" />
  <Point X="89.0" Y="103.0" />
  <Point X="89.95526466893696" Y="103.0" />
  <Point X="90.0" Y="103.0" />
  <Point X="90.0" Y="102.0" />
  <Point X="90.0" Y="101.0" />
  <Point X="90.0" Y="100.0" />
  <Point X="90.0" Y="99.0" />
  <Point X="90.0" Y="98.71008039263945" />
  <Point X="90.0" Y="98.0" />
  <Point X="91.0" Y="97.0" />
  <Point X="91.0" Y="96.0" />
  <Point X="91.0" Y="95.0" />
  <Point X="91.0" Y="94.78963901658898" />
  <Point X="91.0" Y="94.0" />
  <Point X="91.0" Y="93.0" />
  <Point X="91.0" Y="92.0" />
  <Point X="91.0" Y="91.0" />
  <Point X="91.0" Y="90.4549840781654" />
  <Point X="91.0" Y="90.0" />
  <Point X="91.0" Y="89.0" />
  <Point X="91.0" Y="88.0" />
  <Point X="91.0" Y="87.0" />
  <Point X="91.0" Y="86.12032913974181" />
  <Point X="91.0" Y="86.0" />
  <Point X="91.0" Y="85.0" />
  <Point X="91.0" Y="84.0" />
  <Point X="91.0" Y="83.0" />
  <Point X="91.0" Y="82.0" />
  <Point X="91.0" Y="81.78567420131823" />
  <Point X="91.0" Y="81.0" />
  <Point X="90.0" Y="80.0" />
  <Point X="89.0" Y="79.0" />
  <Point X="88.49049165449237" Y="78.49049165449237" />
  <Point X="88.0" Y="78.0" />
  <Point X="88.0" Y="77.0" />
  <Point X="87.0" Y="77.0" />
  <Point X="87.0" Y="76.0" />
  <Point X="87.0" Y="75.35900501159036" />
  <Point X="87.0" Y="75.0" />
  <Point X="86.0" Y="75.0" />
  <Point X="85.0" Y="75.0" />
  <Point X="85.0" Y="74.0" />
  <Point X="84.02435007316677" Y="74.0" />
  <Point X="84.0" Y="74.0" />
  <Point X="83.0" Y="74.0" />
  <Point X="83.0" Y="73.0" />
  <Point X="83.0" Y="72.0" />
  <Point X="82.0" Y="72.0" />
  <Point X="81.68969513474319" Y="72.0" />
  <Point X="81.0" Y="72.0" />
  <Point X="80.0" Y="71.0" />
  <Point X="79.0" Y="71.0" />
  <Point X="79.0" Y="70.0" />
  <Point X="78.76925375869271" Y="70.0" />
  <Point X="78.0" Y="70.0" />
  <Point X="77.0" Y="70.0" />
  <Point X="77.0" Y="69.0" />
  <Point X="76.0" Y="69.0" />
  <Point X="75.43459882026913" Y="69.0" />
  <Point X="75.0" Y="69.0" />
  <Point X="75.0" Y="68.0" />
  <Point X="74.0" Y="68.0" />
  <Point X="74.0" Y="67.0" />
  <Point X="73.09994388184555" Y="67.0" />
  <Point X="73.0" Y="67.0" />
  <Point X="72.0" Y="66.0" />
  <Point X="71.0" Y="66.0" />
  <Point X="71.0" Y="65.0" />
  <Point X="70.17950250579507" Y="65.0" />
  <Point X="70.0" Y="65.0" />
  <Point X="70.0" Y="64.0" />
  <Point X="69.0" Y="64.0" />
  <Point X="68.0" Y="63.0" />
  <Point X="67.2590611297446" Y="63.0" />
  <Point X="67.0" Y="63.0" />
  <Point X="66.0" Y="62.0" />
  <Point X="65.0" Y="62.0" />
  <Point X="64.0" Y="62.0" />
  <Point X="64.0" Y="61.33861975369411" />
  <Point X="64.0" Y="61.0" />
  <Point X="63.0" Y="61.0" />
  <Point X="63.0" Y="60.0" />
  <Point X="62.0" Y="60.0" />
  <Point X="62.0" Y="59.003964815270535" />
  <Point X="62.0" Y="59.0" />
  <Point X="61.0" Y="59.0" />
  <Point X="60.0" Y="59.0" />
  <Point X="60.0" Y="58.0" />
  <Point X="59.0" Y="58.0" />
  <Point X="58.66930987684696" Y="58.0" />
  <Point X="58.0" Y="58.0" />
  <Point X="57.0" Y="58.0" />
  <Point X="56.0" Y="58.0" />
  <Point X="55.0" Y="58.0" />
  <Point X="54.334654938423384" Y="58.0" />
  <Point X="54.0" Y="58.0" />
  <Point X="53.0" Y="58.0" />
  <Point X="53.0" Y="57.0" />
  <Point X="52.0" Y="57.0" />
  <Point X="51.0" Y="57.0" />
</Project_1_Part_4>
