<?xml version="1.0" encoding="utf-8" standalone="yes"?>
<Gesture Name="delete_mark6" Subject="1" Number="1" NumPts="478">
  <Point X="78.0" Y="77.0" />
  <Point X="79.0" Y="77.0" />
  <Point X="79.0" Y="78.0" />
  <Point X="80.0" Y="78.0" />
  <Point X="81.0" Y="78.0" />
  <Point X="81.0" Y="79.0" />
  <Point X="81.0" Y="80.0" />
  <Point X="82.0" Y="80.0" />
  <Point X="82.32537645833754" Y="80.0" />
  <Point X="83.0" Y="80.0" />
  <Point X="84.0" Y="80.0" />
  <Point X="84.0" Y="81.0" />
  <Point X="85.0" Y="81.0" />
  <Point X="86.0" Y="81.0" />
  <Point X="86.0" Y="82.0" />
  <Point X="87.0" Y="82.0" />
  <Point X="87.65075291667509" Y="82.0" />
  <Point X="88.0" Y="82.0" />
  <Point X="89.0" Y="82.0" />
  <Point X="89.0" Y="83.0" />
  <Point X="90.0" Y="83.0" />
  <Point X="90.0" Y="84.0" />
  <Point X="91.0" Y="84.0" />
  <Point X="92.0" Y="84.0" />
  <Point X="92.97612937501263" Y="84.0" />
  <Point X="93.0" Y="84.0" />
  <Point X="93.0" Y="85.0" />
  <Point X="94.0" Y="85.0" />
  <Point X="95.0" Y="85.0" />
  <Point X="96.0" Y="85.0" />
  <Point X="96.0" Y="86.0" />
  <Point X="97.0" Y="86.0" />
  <Point X="98.0" Y="86.0" />
  <Point X="98.0" Y="86.30150583335018" />
  <Point X="98.0" Y="87.0" />
  <Point X="99.0" Y="87.0" />
  <Point X="100.0" Y="87.0" />
  <Point X="100.0" Y="88.0" />
  <Point X="101.0" Y="88.0" />
  <Point X="102.0" Y="89.0" />
  <Point X="103.0" Y="89.0" />
  <Point X="103.0" Y="89.21266872931463" />
  <Point X="103.0" Y="90.0" />
  <Point X="104.0" Y="90.0" />
  <Point X="105.0" Y="90.0" />
  <Point X="105.0" Y="91.0" />
  <Point X="106.0" Y="91.0" />
  <Point X="106.0" Y="92.0" />
  <Point X="107.0" Y="92.0" />
  <Point X="107.53804518765217" Y="92.0" />
  <Point X="108.0" Y="92.0" />
  <Point X="108.0" Y="93.0" />
  <Point X="109.0" Y="93.0" />
  <Point X="110.0" Y="94.0" />
  <Point X="111.0" Y="94.0" />
  <Point X="111.0" Y="95.0" />
  <Point X="112.0" Y="96.0" />
  <Point X="112.03499452124353" Y="96.0" />
  <Point X="113.0" Y="96.0" />
  <Point X="114.0" Y="96.0" />
  <Point X="114.0" Y="97.0" />
  <Point X="115.0" Y="97.0" />
  <Point X="116.0" Y="97.0" />
  <Point X="116.0" Y="98.0" />
  <Point X="117.0" Y="98.0" />
  <Point X="117.36037097958108" Y="98.0" />
  <Point X="118.0" Y="98.0" />
  <Point X="118.0" Y="99.0" />
  <Point X="119.0" Y="99.0" />
  <Point X="119.0" Y="100.0" />
  <Point X="120.0" Y="100.0" />
  <Point X="121.0" Y="100.0" />
  <Point X="122.0" Y="101.0" />
  <Point X="122.27153387554553" Y="101.0" />
  <Point X="123.0" Y="101.0" />
  <Point X="123.0" Y="102.0" />
  <Point X="124.0" Y="102.0" />
  <Point X="125.0" Y="102.0" />
  <Point X="125.0" Y="103.0" />
  <Point X="125.0" Y="104.0" />
  <Point X="126.0" Y="104.0" />
  <Point X="126.59691033388307" Y="104.0" />
  <Point X="127.0" Y="104.0" />
  <Point X="127.0" Y="105.0" />
  <Point X="128.0" Y="105.0" />
  <Point X="129.0" Y="105.0" />
  <Point X="129.0" Y="106.0" />
  <Point X="129.0" Y="107.0" />
  <Point X="130.0" Y="107.0" />
  <Point X="130.0" Y="107.92228679222062" />
  <Point X="130.0" Y="108.0" />
  <Point X="130.0" Y="109.0" />
  <Point X="131.0" Y="109.0" />
  <Point X="131.0" Y="110.0" />
  <Point X="131.0" Y="111.0" />
  <Point X="132.0" Y="111.0" />
  <Point X="133.0" Y="111.0" />
  <Point X="133.0" Y="112.0" />
  <Point X="133.0" Y="112.24766325055816" />
  <Point X="133.0" Y="113.0" />
  <Point X="134.0" Y="113.0" />
  <Point X="134.0" Y="114.0" />
  <Point X="134.0" Y="115.0" />
  <Point X="135.0" Y="115.0" />
  <Point X="135.0" Y="116.0" />
  <Point X="136.0" Y="117.0" />
  <Point X="136.0" Y="117.15882614652261" />
  <Point X="136.0" Y="118.0" />
  <Point X="137.0" Y="118.0" />
  <Point X="138.0" Y="118.0" />
  <Point X="138.0" Y="119.0" />
  <Point X="138.0" Y="120.0" />
  <Point X="139.0" Y="120.0" />
  <Point X="139.0" Y="121.0" />
  <Point X="139.34238294536482" Y="121.3423829453648" />
  <Point X="140.0" Y="122.0" />
  <Point X="140.0" Y="123.0" />
  <Point X="141.0" Y="123.0" />
  <Point X="142.0" Y="123.0" />
  <Point X="142.0" Y="124.0" />
  <Point X="142.0" Y="125.0" />
  <Point X="143.0" Y="125.0" />
  <Point X="143.0" Y="125.39536550082461" />
  <Point X="143.0" Y="126.0" />
  <Point X="144.0" Y="126.0" />
  <Point X="144.0" Y="127.0" />
  <Point X="145.0" Y="127.0" />
  <Point X="145.0" Y="128.0" />
  <Point X="146.0" Y="129.0" />
  <Point X="146.0" Y="130.0" />
  <Point X="146.30652839678905" Y="130.0" />
  <Point X="147.0" Y="130.0" />
  <Point X="147.0" Y="131.0" />
  <Point X="148.0" Y="131.0" />
  <Point X="148.0" Y="132.0" />
  <Point X="148.0" Y="133.0" />
  <Point X="149.0" Y="133.0" />
  <Point X="150.0" Y="134.0" />
  <Point X="150.2176912927535" Y="134.0" />
  <Point X="151.0" Y="134.0" />
  <Point X="151.0" Y="135.0" />
  <Point X="151.0" Y="136.0" />
  <Point X="152.0" Y="136.0" />
  <Point X="152.0" Y="137.0" />
  <Point X="153.0" Y="137.0" />
  <Point X="153.0" Y="138.0" />
  <Point X="153.54306775109103" Y="138.0" />
  <Point X="154.0" Y="138.0" />
  <Point X="154.0" Y="139.0" />
  <Point X="155.0" Y="139.0" />
  <Point X="155.0" Y="140.0" />
  <Point X="156.0" Y="140.0" />
  <Point X="156.0" Y="141.0" />
  <Point X="157.0" Y="141.0" />
  <Point X="157.0" Y="141.86844420942856" />
  <Point X="157.0" Y="142.0" />
  <Point X="158.0" Y="143.0" />
  <Point X="159.0" Y="143.0" />
  <Point X="159.0" Y="144.0" />
  <Point X="160.0" Y="144.0" />
  <Point X="160.0" Y="145.0" />
  <Point X="160.0" Y="146.0" />
  <Point X="159.4487345291154" Y="146.5512654708846" />
  <Point X="159.0" Y="147.0" />
  <Point X="158.0" Y="147.0" />
  <Point X="157.0" Y="147.0" />
  <Point X="156.0" Y="147.0" />
  <Point X="155.0" Y="147.0" />
  <Point X="155.0" Y="148.0" />
  <Point X="154.0" Y="148.0" />
  <Point X="153.30922999864256" Y="148.0" />
  <Point X="153.0" Y="148.0" />
  <Point X="152.0" Y="148.0" />
  <Point X="151.0" Y="149.0" />
  <Point X="150.0" Y="149.0" />
  <Point X="149.0" Y="149.0" />
  <Point X="148.0" Y="149.0" />
  <Point X="147.0" Y="149.0" />
  <Point X="146.57436916648442" Y="149.42563083351558" />
  <Point X="146.0" Y="150.0" />
  <Point X="145.0" Y="150.0" />
  <Point X="144.0" Y="150.0" />
  <Point X="142.0" Y="150.0" />
  <Point X="141.0" Y="151.0" />
  <Point X="140.0" Y="151.0" />
  <Point X="139.90111776908674" Y="151.0" />
  <Point X="139.0" Y="151.0" />
  <Point X="138.0" Y="151.0" />
  <Point X="137.0" Y="151.0" />
  <Point X="135.0" Y="151.0" />
  <Point X="135.0" Y="152.0" />
  <Point X="134.0" Y="152.0" />
  <Point X="133.5757413107492" Y="152.0" />
  <Point X="133.0" Y="152.0" />
  <Point X="132.0" Y="152.0" />
  <Point X="131.0" Y="152.0" />
  <Point X="130.0" Y="152.0" />
  <Point X="130.0" Y="153.0" />
  <Point X="128.0" Y="153.0" />
  <Point X="127.46992790372451" Y="153.5300720962755" />
  <Point X="127.0" Y="154.0" />
  <Point X="126.0" Y="154.0" />
  <Point X="125.0" Y="154.0" />
  <Point X="123.0" Y="154.0" />
  <Point X="122.0" Y="154.0" />
  <Point X="121.0" Y="155.0" />
  <Point X="120.77944813515428" Y="155.11027593242287" />
  <Point X="119.0" Y="156.0" />
  <Point X="118.0" Y="156.0" />
  <Point X="117.0" Y="156.0" />
  <Point X="116.0" Y="156.0" />
  <Point X="115.0" Y="156.0" />
  <Point X="114.0" Y="156.0" />
  <Point X="113.76248780880464" Y="156.23751219119538" />
  <Point X="113.0" Y="157.0" />
  <Point X="112.0" Y="157.0" />
  <Point X="111.0" Y="157.0" />
  <Point X="110.0" Y="157.0" />
  <Point X="109.0" Y="157.0" />
  <Point X="108.0" Y="157.0" />
  <Point X="106.88459933192526" Y="157.55770033403738" />
  <Point X="106.0" Y="158.0" />
  <Point X="104.0" Y="158.0" />
  <Point X="104.0" Y="159.0" />
  <Point X="103.0" Y="159.0" />
  <Point X="101.0" Y="159.0" />
  <Point X="100.66363566118034" Y="159.0" />
  <Point X="100.0" Y="159.0" />
  <Point X="99.0" Y="159.0" />
  <Point X="98.0" Y="159.0" />
  <Point X="97.0" Y="159.0" />
  <Point X="96.0" Y="160.0" />
  <Point X="94.0" Y="160.0" />
  <Point X="93.75247276521588" Y="160.0" />
  <Point X="92.0" Y="160.0" />
  <Point X="91.0" Y="160.0" />
  <Point X="89.0" Y="160.0" />
  <Point X="88.0" Y="160.0" />
  <Point X="87.0" Y="160.0" />
  <Point X="86.59489591362686" Y="160.40510408637314" />
  <Point X="86.0" Y="161.0" />
  <Point X="85.0" Y="161.0" />
  <Point X="84.0" Y="161.0" />
  <Point X="82.0" Y="161.0" />
  <Point X="81.0" Y="162.0" />
  <Point X="80.0" Y="162.0" />
  <Point X="79.93014697328698" Y="162.0" />
  <Point X="79.0" Y="162.0" />
  <Point X="78.0" Y="162.0" />
  <Point X="77.0" Y="162.0" />
  <Point X="76.0" Y="162.0" />
  <Point X="74.0" Y="162.0" />
  <Point X="73.0" Y="162.0" />
  <Point X="72.64649600188588" Y="162.17675199905705" />
  <Point X="71.0" Y="163.0" />
  <Point X="70.0" Y="163.0" />
  <Point X="69.0" Y="163.0" />
  <Point X="68.0" Y="163.0" />
  <Point X="67.0" Y="163.0" />
  <Point X="66.0" Y="163.0" />
  <Point X="65.51546203411169" Y="163.0" />
  <Point X="65.0" Y="163.0" />
  <Point X="64.0" Y="163.0" />
  <Point X="63.0" Y="164.0" />
  <Point X="62.0" Y="164.0" />
  <Point X="61.0" Y="164.0" />
  <Point X="59.0" Y="164.0" />
  <Point X="58.60429913814725" Y="164.0" />
  <Point X="58.0" Y="164.0" />
  <Point X="57.0" Y="164.0" />
  <Point X="56.0" Y="164.0" />
  <Point X="55.0" Y="164.0" />
  <Point X="54.0" Y="164.0" />
  <Point X="53.0" Y="164.0" />
  <Point X="52.0" Y="164.0" />
  <Point X="51.2789226798097" Y="164.0" />
  <Point X="51.0" Y="164.0" />
  <Point X="50.0" Y="164.0" />
  <Point X="49.0" Y="164.0" />
  <Point X="48.0" Y="164.0" />
  <Point X="47.0" Y="164.0" />
  <Point X="46.0" Y="164.0" />
  <Point X="46.0" Y="163.0" />
  <Point X="47.0" Y="163.0" />
  <Point X="47.04645377852784" Y="163.0" />
  <Point X="48.0" Y="163.0" />
  <Point X="48.0" Y="162.0" />
  <Point X="49.0" Y="162.0" />
  <Point X="49.0" Y="161.0" />
  <Point X="49.0" Y="160.0" />
  <Point X="50.0" Y="160.0" />
  <Point X="50.0" Y="159.0" />
  <Point X="50.371830236865385" Y="159.0" />
  <Point X="51.0" Y="159.0" />
  <Point X="52.0" Y="158.0" />
  <Point X="53.0" Y="158.0" />
  <Point X="53.0" Y="157.0" />
  <Point X="54.0" Y="156.0" />
  <Point X="55.0" Y="155.0" />
  <Point X="55.454566008083646" Y="155.0" />
  <Point X="56.0" Y="155.0" />
  <Point X="56.0" Y="154.0" />
  <Point X="57.0" Y="154.0" />
  <Point X="57.0" Y="153.0" />
  <Point X="58.0" Y="153.0" />
  <Point X="58.0" Y="152.0" />
  <Point X="59.0" Y="152.0" />
  <Point X="59.77994246642119" Y="152.0" />
  <Point X="60.0" Y="152.0" />
  <Point X="60.0" Y="151.0" />
  <Point X="61.0" Y="151.0" />
  <Point X="61.0" Y="150.0" />
  <Point X="62.0" Y="150.0" />
  <Point X="63.0" Y="149.0" />
  <Point X="63.0" Y="148.0" />
  <Point X="63.691105362385635" Y="148.0" />
  <Point X="64.0" Y="148.0" />
  <Point X="65.0" Y="147.0" />
  <Point X="66.0" Y="146.0" />
  <Point X="67.0" Y="146.0" />
  <Point X="68.0" Y="145.0" />
  <Point X="68.0" Y="144.0" />
  <Point X="68.7738411336039" Y="144.0" />
  <Point X="69.0" Y="144.0" />
  <Point X="70.0" Y="143.0" />
  <Point X="71.0" Y="142.0" />
  <Point X="72.0" Y="142.0" />
  <Point X="73.0" Y="142.0" />
  <Point X="73.0" Y="141.0" />
  <Point X="73.0" Y="140.0" />
  <Point X="73.27079046719524" Y="140.0" />
  <Point X="74.0" Y="140.0" />
  <Point X="75.0" Y="139.0" />
  <Point X="76.0" Y="139.0" />
  <Point X="77.0" Y="138.0" />
  <Point X="78.0" Y="137.0" />
  <Point X="78.0" Y="136.0" />
  <Point X="78.3535262384135" Y="136.0" />
  <Point X="79.0" Y="136.0" />
  <Point X="80.0" Y="136.0" />
  <Point X="80.0" Y="135.0" />
  <Point X="81.0" Y="135.0" />
  <Point X="81.0" Y="134.0" />
  <Point X="83.0" Y="134.0" />
  <Point X="83.0" Y="133.32109730324896" />
  <Point X="83.0" Y="133.0" />
  <Point X="84.0" Y="133.0" />
  <Point X="84.0" Y="132.0" />
  <Point X="85.0" Y="132.0" />
  <Point X="86.0" Y="131.0" />
  <Point X="87.0" Y="131.0" />
  <Point X="88.0" Y="130.0" />
  <Point X="88.0" Y="129.82414796965762" />
  <Point X="88.0" Y="129.0" />
  <Point X="89.0" Y="129.0" />
  <Point X="90.0" Y="128.0" />
  <Point X="91.0" Y="128.0" />
  <Point X="91.0" Y="127.0" />
  <Point X="92.0" Y="127.0" />
  <Point X="93.0" Y="127.0" />
  <Point X="93.061528844456" Y="126.938471155544" />
  <Point X="94.0" Y="126.0" />
  <Point X="95.0" Y="125.0" />
  <Point X="96.0" Y="125.0" />
  <Point X="96.0" Y="124.0" />
  <Point X="97.0" Y="124.0" />
  <Point X="98.0" Y="123.0" />
  <Point X="98.16975069752509" Y="123.0" />
  <Point X="99.0" Y="123.0" />
  <Point X="100.0" Y="122.0" />
  <Point X="100.0" Y="121.0" />
  <Point X="101.0" Y="121.0" />
  <Point X="102.0" Y="121.0" />
  <Point X="103.0" Y="120.0" />
  <Point X="103.66670003111645" Y="120.0" />
  <Point X="104.0" Y="120.0" />
  <Point X="105.0" Y="120.0" />
  <Point X="105.0" Y="119.0" />
  <Point X="106.0" Y="118.0" />
  <Point X="108.0" Y="117.0" />
  <Point X="109.0" Y="117.0" />
  <Point X="109.0" Y="116.6582050504189" />
  <Point X="109.0" Y="116.0" />
  <Point X="110.0" Y="116.0" />
  <Point X="111.0" Y="116.0" />
  <Point X="111.0" Y="115.0" />
  <Point X="112.0" Y="115.0" />
  <Point X="112.0" Y="114.0" />
  <Point X="113.0" Y="114.0" />
  <Point X="113.59673624830013" Y="113.70163187584994" />
  <Point X="115.0" Y="113.0" />
  <Point X="117.0" Y="112.0" />
  <Point X="117.0" Y="111.0" />
  <Point X="118.0" Y="111.0" />
  <Point X="119.0" Y="110.0" />
  <Point X="119.10619834888351" Y="110.0" />
  <Point X="120.0" Y="110.0" />
  <Point X="121.0" Y="109.0" />
  <Point X="122.0" Y="109.0" />
  <Point X="123.0" Y="108.0" />
  <Point X="124.0" Y="108.0" />
  <Point X="124.0" Y="107.0" />
  <Point X="124.60314768247486" Y="107.0" />
  <Point X="125.0" Y="107.0" />
  <Point X="127.0" Y="106.0" />
  <Point X="128.0" Y="105.0" />
  <Point X="130.0" Y="104.0" />
  <Point X="130.73692874341475" Y="103.26307125658523" />
  <Point X="131.0" Y="103.0" />
  <Point X="132.0" Y="103.0" />
  <Point X="133.0" Y="103.0" />
  <Point X="133.0" Y="102.0" />
  <Point X="134.0" Y="101.0" />
  <Point X="135.0" Y="101.0" />
  <Point X="136.0" Y="101.0" />
  <Point X="136.0" Y="100.46087604296893" />
  <Point X="136.0" Y="100.0" />
  <Point X="137.0" Y="100.0" />
  <Point X="138.0" Y="99.0" />
  <Point X="139.0" Y="99.0" />
  <Point X="140.0" Y="99.0" />
  <Point X="140.0" Y="98.0" />
  <Point X="141.0" Y="98.0" />
  <Point X="141.0" Y="97.54971314700448" />
  <Point X="141.0" Y="97.0" />
  <Point X="142.0" Y="97.0" />
  <Point X="143.0" Y="96.0" />
  <Point X="144.0" Y="96.0" />
  <Point X="145.0" Y="96.0" />
  <Point X="146.0" Y="95.0" />
  <Point X="146.94723618658688" Y="95.0" />
  <Point X="147.0" Y="95.0" />
  <Point X="147.0" Y="94.0" />
  <Point X="148.0" Y="94.0" />
  <Point X="149.0" Y="94.0" />
  <Point X="149.0" Y="93.0" />
  <Point X="150.0" Y="93.0" />
  <Point X="151.0" Y="92.0" />
  <Point X="151.85839908255133" Y="92.0" />
  <Point X="152.0" Y="92.0" />
  <Point X="153.0" Y="92.0" />
  <Point X="154.0" Y="91.0" />
  <Point X="155.0" Y="91.0" />
  <Point X="155.0" Y="90.0" />
  <Point X="156.0" Y="90.0" />
  <Point X="157.0" Y="89.0" />
  <Point X="157.35534841614268" Y="89.0" />
  <Point X="158.0" Y="89.0" />
  <Point X="158.0" Y="88.0" />
  <Point X="159.0" Y="88.0" />
  <Point X="160.0" Y="87.0" />
  <Point X="161.0" Y="87.0" />
  <Point X="162.0" Y="87.0" />
  <Point X="162.0" Y="86.0" />
  <Point X="162.26651131210713" Y="86.0" />
  <Point X="163.0" Y="86.0" />
  <Point X="163.0" Y="85.0" />
  <Point X="164.0" Y="85.0" />
  <Point X="165.0" Y="85.0" />
  <Point X="165.0" Y="84.0" />
  <Point X="166.0" Y="84.0" />
  <Point X="167.0" Y="83.0" />
  <Point X="167.17767420807158" Y="83.0" />
  <Point X="168.0" Y="83.0" />
  <Point X="169.0" Y="83.0" />
  <Point X="169.0" Y="82.0" />
  <Point X="170.0" Y="82.0" />
  <Point X="170.0" Y="81.0" />
  <Point X="171.0" Y="81.0" />
  <Point X="172.0" Y="80.0" />
  <Point X="172.08883710403603" Y="80.0" />
  <Point X="173.0" Y="80.0" />
  <Point X="174.0" Y="79.0" />
  <Point X="175.0" Y="79.0" />
  <Point X="175.0" Y="78.0" />
  <Point X="176.0" Y="78.0" />
  <Point X="176.0" Y="77.0" />
  <Point X="177.0" Y="77.0" />
</Project_1_Part_4>
