<?xml version="1.0" encoding="utf-8" standalone="yes"?>
<Gesture Name="delete_mark1" Subject="1" Number="1" NumPts="444">
  <Point X="83.0" Y="81.0" />
  <Point X="84.0" Y="81.0" />
  <Point X="85.0" Y="81.0" />
  <Point X="86.0" Y="81.0" />
  <Point X="87.0" Y="81.0" />
  <Point X="88.0" Y="81.0" />
  <Point X="88.0" Y="82.0" />
  <Point X="88.39767974395497" Y="82.0" />
  <Point X="89.0" Y="82.0" />
  <Point X="89.0" Y="83.0" />
  <Point X="90.0" Y="83.0" />
  <Point X="91.0" Y="83.0" />
  <Point X="92.0" Y="83.0" />
  <Point X="92.0" Y="84.0" />
  <Point X="92.79535948790993" Y="84.0" />
  <Point X="93.0" Y="84.0" />
  <Point X="94.0" Y="85.0" />
  <Point X="95.0" Y="85.0" />
  <Point X="96.0" Y="85.0" />
  <Point X="96.0" Y="86.0" />
  <Point X="96.0" Y="87.0" />
  <Point X="96.7788256694918" Y="87.0" />
  <Point X="97.0" Y="87.0" />
  <Point X="98.0" Y="87.0" />
  <Point X="98.0" Y="88.0" />
  <Point X="99.0" Y="88.0" />
  <Point X="100.0" Y="88.0" />
  <Point X="100.0" Y="89.0" />
  <Point X="101.0" Y="89.0" />
  <Point X="101.12480817476434" Y="89.12480817476434" />
  <Point X="102.0" Y="90.0" />
  <Point X="102.0" Y="91.0" />
  <Point X="103.0" Y="91.0" />
  <Point X="104.0" Y="91.0" />
  <Point X="105.0" Y="92.0" />
  <Point X="105.74575803265553" Y="92.0" />
  <Point X="106.0" Y="92.0" />
  <Point X="106.0" Y="93.0" />
  <Point X="107.0" Y="93.0" />
  <Point X="108.0" Y="93.0" />
  <Point X="108.0" Y="94.0" />
  <Point X="109.0" Y="95.0" />
  <Point X="109.72922421423739" Y="95.0" />
  <Point X="110.0" Y="95.0" />
  <Point X="110.0" Y="96.0" />
  <Point X="111.0" Y="96.0" />
  <Point X="112.0" Y="97.0" />
  <Point X="113.0" Y="97.0" />
  <Point X="113.0" Y="98.0" />
  <Point X="113.71269039581925" Y="98.0" />
  <Point X="114.0" Y="98.0" />
  <Point X="114.0" Y="99.0" />
  <Point X="115.0" Y="99.0" />
  <Point X="116.0" Y="99.0" />
  <Point X="116.0" Y="100.0" />
  <Point X="117.0" Y="101.0" />
  <Point X="117.69615657740111" Y="101.0" />
  <Point X="118.0" Y="101.0" />
  <Point X="119.0" Y="102.0" />
  <Point X="120.0" Y="103.0" />
  <Point X="121.0" Y="103.0" />
  <Point X="122.0" Y="104.0" />
  <Point X="122.0" Y="104.85119563423679" />
  <Point X="122.0" Y="105.0" />
  <Point X="123.0" Y="105.0" />
  <Point X="124.0" Y="106.0" />
  <Point X="125.0" Y="106.0" />
  <Point X="126.0" Y="106.0" />
  <Point X="126.0" Y="107.0" />
  <Point X="126.83466181581865" Y="107.0" />
  <Point X="127.0" Y="107.0" />
  <Point X="128.0" Y="108.0" />
  <Point X="128.0" Y="109.0" />
  <Point X="129.0" Y="109.0" />
  <Point X="130.0" Y="109.0" />
  <Point X="130.0" Y="110.0" />
  <Point X="130.81812799740052" Y="110.0" />
  <Point X="131.0" Y="110.0" />
  <Point X="132.0" Y="110.0" />
  <Point X="132.0" Y="111.0" />
  <Point X="133.0" Y="111.0" />
  <Point X="134.0" Y="112.0" />
  <Point X="134.0" Y="113.0" />
  <Point X="134.80159417898238" Y="113.0" />
  <Point X="135.0" Y="113.0" />
  <Point X="136.0" Y="113.0" />
  <Point X="137.0" Y="114.0" />
  <Point X="138.0" Y="114.0" />
  <Point X="138.0" Y="115.0" />
  <Point X="139.0" Y="115.0" />
  <Point X="139.55512150459575" Y="115.55512150459573" />
  <Point X="140.0" Y="116.0" />
  <Point X="140.0" Y="117.0" />
  <Point X="141.0" Y="117.0" />
  <Point X="142.0" Y="117.0" />
  <Point X="143.0" Y="118.0" />
  <Point X="143.95764389184646" Y="118.95764389184646" />
  <Point X="144.0" Y="119.0" />
  <Point X="145.0" Y="119.0" />
  <Point X="145.0" Y="120.0" />
  <Point X="146.0" Y="120.0" />
  <Point X="146.0" Y="121.0" />
  <Point X="147.0" Y="121.0" />
  <Point X="147.0" Y="122.0" />
  <Point X="147.3377791613549" Y="122.0" />
  <Point X="148.0" Y="122.0" />
  <Point X="149.0" Y="122.0" />
  <Point X="149.0" Y="123.0" />
  <Point X="150.0" Y="123.0" />
  <Point X="150.0" Y="124.0" />
  <Point X="151.0" Y="124.0" />
  <Point X="151.0" Y="124.73545890530986" />
  <Point X="151.0" Y="125.0" />
  <Point X="152.0" Y="125.0" />
  <Point X="152.0" Y="126.0" />
  <Point X="153.0" Y="126.0" />
  <Point X="153.0" Y="127.0" />
  <Point X="154.0" Y="127.0" />
  <Point X="154.0" Y="128.0" />
  <Point X="154.09414324173318" Y="128.09414324173318" />
  <Point X="155.0" Y="129.0" />
  <Point X="156.0" Y="129.0" />
  <Point X="156.0" Y="130.0" />
  <Point X="156.0" Y="131.0" />
  <Point X="157.0" Y="131.0" />
  <Point X="158.0" Y="131.0" />
  <Point X="158.0" Y="131.11660483084668" />
  <Point X="158.0" Y="132.0" />
  <Point X="158.0" Y="133.0" />
  <Point X="159.0" Y="133.0" />
  <Point X="159.0" Y="134.0" />
  <Point X="160.0" Y="135.0" />
  <Point X="160.77786767267497" Y="135.77786767267497" />
  <Point X="161.0" Y="136.0" />
  <Point X="161.0" Y="137.0" />
  <Point X="162.0" Y="137.0" />
  <Point X="163.0" Y="138.0" />
  <Point X="164.0" Y="138.0" />
  <Point X="164.0" Y="139.0" />
  <Point X="164.66932363163733" Y="139.0" />
  <Point X="165.0" Y="139.0" />
  <Point X="165.0" Y="140.0" />
  <Point X="166.0" Y="140.0" />
  <Point X="166.0" Y="141.0" />
  <Point X="167.0" Y="141.0" />
  <Point X="167.0" Y="142.0" />
  <Point X="168.0" Y="142.0" />
  <Point X="168.0" Y="142.0670033755923" />
  <Point X="168.0" Y="143.0" />
  <Point X="169.0" Y="143.0" />
  <Point X="170.0" Y="143.0" />
  <Point X="170.0" Y="144.0" />
  <Point X="171.0" Y="144.0" />
  <Point X="171.0" Y="145.0" />
  <Point X="171.46468311954726" Y="145.0" />
  <Point X="172.0" Y="145.0" />
  <Point X="172.0" Y="146.0" />
  <Point X="173.0" Y="146.0" />
  <Point X="172.0" Y="146.0" />
  <Point X="171.0" Y="146.0" />
  <Point X="170.0" Y="146.0" />
  <Point X="169.13763713649777" Y="146.0" />
  <Point X="169.0" Y="146.0" />
  <Point X="168.0" Y="146.0" />
  <Point X="167.0" Y="146.0" />
  <Point X="166.0" Y="146.0" />
  <Point X="165.0" Y="146.0" />
  <Point X="164.0" Y="146.0" />
  <Point X="163.0" Y="146.0" />
  <Point X="162.7399573925428" Y="146.0" />
  <Point X="162.0" Y="146.0" />
  <Point X="161.0" Y="146.0" />
  <Point X="160.0" Y="146.0" />
  <Point X="159.0" Y="146.0" />
  <Point X="158.0" Y="146.0" />
  <Point X="157.0" Y="146.0" />
  <Point X="156.34227764858784" Y="146.0" />
  <Point X="156.0" Y="146.0" />
  <Point X="156.0" Y="147.0" />
  <Point X="155.0" Y="147.0" />
  <Point X="154.0" Y="147.0" />
  <Point X="153.0" Y="147.0" />
  <Point X="152.0" Y="147.0" />
  <Point X="151.0" Y="147.0" />
  <Point X="151.0" Y="147.05540209536713" />
  <Point X="151.0" Y="148.0" />
  <Point X="150.0" Y="148.0" />
  <Point X="149.0" Y="148.0" />
  <Point X="148.0" Y="148.0" />
  <Point X="148.0" Y="149.0" />
  <Point X="147.0" Y="149.0" />
  <Point X="146.5469181606779" Y="149.0" />
  <Point X="146.0" Y="149.0" />
  <Point X="145.0" Y="149.0" />
  <Point X="144.0" Y="149.0" />
  <Point X="143.0" Y="149.0" />
  <Point X="142.0" Y="149.0" />
  <Point X="141.0" Y="149.0" />
  <Point X="140.14923841672294" Y="149.0" />
  <Point X="140.0" Y="149.0" />
  <Point X="139.0" Y="149.0" />
  <Point X="138.0" Y="149.0" />
  <Point X="137.0" Y="149.0" />
  <Point X="136.0" Y="149.0" />
  <Point X="135.0" Y="149.0" />
  <Point X="134.0" Y="149.0" />
  <Point X="133.75155867276797" Y="149.0" />
  <Point X="133.0" Y="149.0" />
  <Point X="132.0" Y="149.0" />
  <Point X="131.0" Y="149.0" />
  <Point X="130.0" Y="150.0" />
  <Point X="129.0" Y="150.0" />
  <Point X="128.0" Y="150.0" />
  <Point X="127.76809249118611" Y="150.0" />
  <Point X="127.0" Y="150.0" />
  <Point X="125.0" Y="150.0" />
  <Point X="124.0" Y="150.0" />
  <Point X="123.0" Y="150.0" />
  <Point X="122.0" Y="150.0" />
  <Point X="121.37041274723114" Y="150.0" />
  <Point X="121.0" Y="150.0" />
  <Point X="120.0" Y="150.0" />
  <Point X="118.0" Y="150.0" />
  <Point X="118.0" Y="151.0" />
  <Point X="117.0" Y="151.0" />
  <Point X="116.0" Y="151.0" />
  <Point X="115.97273300327618" Y="151.0" />
  <Point X="115.0" Y="151.0" />
  <Point X="114.0" Y="151.0" />
  <Point X="113.0" Y="151.0" />
  <Point X="112.0" Y="151.0" />
  <Point X="111.0" Y="151.0" />
  <Point X="110.0" Y="151.0" />
  <Point X="109.57505325932121" Y="151.0" />
  <Point X="109.0" Y="151.0" />
  <Point X="109.0" Y="152.0" />
  <Point X="108.0" Y="152.0" />
  <Point X="107.0" Y="152.0" />
  <Point X="106.0" Y="152.0" />
  <Point X="105.0" Y="152.0" />
  <Point X="104.17737351536624" Y="152.0" />
  <Point X="104.0" Y="152.0" />
  <Point X="103.0" Y="152.0" />
  <Point X="102.0" Y="152.0" />
  <Point X="101.0" Y="153.0" />
  <Point X="100.0" Y="153.0" />
  <Point X="99.0" Y="153.0" />
  <Point X="98.19390733378438" Y="153.0" />
  <Point X="98.0" Y="153.0" />
  <Point X="97.0" Y="153.0" />
  <Point X="96.0" Y="153.0" />
  <Point X="95.0" Y="153.0" />
  <Point X="95.0" Y="154.0" />
  <Point X="94.0" Y="154.0" />
  <Point X="93.0" Y="154.0" />
  <Point X="92.79622758982941" Y="154.0" />
  <Point X="92.0" Y="154.0" />
  <Point X="91.0" Y="154.0" />
  <Point X="90.0" Y="154.0" />
  <Point X="89.0" Y="154.0" />
  <Point X="88.0" Y="154.0" />
  <Point X="87.0" Y="154.0" />
  <Point X="86.39854784587445" Y="154.0" />
  <Point X="86.0" Y="154.0" />
  <Point X="85.0" Y="154.0" />
  <Point X="84.0" Y="154.0" />
  <Point X="83.0" Y="154.0" />
  <Point X="82.0" Y="154.0" />
  <Point X="81.0" Y="154.0" />
  <Point X="80.29350705956747" Y="154.70649294043253" />
  <Point X="80.0" Y="155.0" />
  <Point X="79.0" Y="155.0" />
  <Point X="78.0" Y="155.0" />
  <Point X="77.0" Y="155.0" />
  <Point X="76.0" Y="155.0" />
  <Point X="75.0" Y="155.0" />
  <Point X="74.0174019203376" Y="155.0" />
  <Point X="74.0" Y="155.0" />
  <Point X="73.0" Y="155.0" />
  <Point X="74.0" Y="155.0" />
  <Point X="75.0" Y="155.0" />
  <Point X="75.0" Y="154.0" />
  <Point X="76.0" Y="154.0" />
  <Point X="76.0" Y="153.0" />
  <Point X="76.0" Y="152.61972217638265" />
  <Point X="76.0" Y="152.0" />
  <Point X="77.0" Y="152.0" />
  <Point X="78.0" Y="152.0" />
  <Point X="78.0" Y="151.0" />
  <Point X="79.0" Y="151.0" />
  <Point X="79.0" Y="150.0" />
  <Point X="79.77795756757232" Y="150.0" />
  <Point X="80.0" Y="150.0" />
  <Point X="80.0" Y="149.0" />
  <Point X="81.0" Y="148.0" />
  <Point X="82.0" Y="148.0" />
  <Point X="82.0" Y="147.0" />
  <Point X="83.0" Y="147.0" />
  <Point X="83.0" Y="146.23857625084582" />
  <Point X="83.0" Y="146.0" />
  <Point X="84.0" Y="146.0" />
  <Point X="85.0" Y="145.0" />
  <Point X="86.0" Y="144.0" />
  <Point X="87.0" Y="143.0" />
  <Point X="87.91646280598985" Y="143.0" />
  <Point X="88.0" Y="143.0" />
  <Point X="88.0" Y="142.0" />
  <Point X="89.0" Y="142.0" />
  <Point X="90.0" Y="141.0" />
  <Point X="90.0" Y="140.0" />
  <Point X="91.0" Y="140.0" />
  <Point X="91.0" Y="139.1000710124283" />
  <Point X="91.0" Y="139.0" />
  <Point X="92.0" Y="139.0" />
  <Point X="92.0" Y="138.0" />
  <Point X="93.0" Y="138.0" />
  <Point X="93.0" Y="137.0" />
  <Point X="94.0" Y="137.0" />
  <Point X="94.91754793338939" Y="136.0824520666106" />
  <Point X="95.0" Y="136.0" />
  <Point X="96.0" Y="136.0" />
  <Point X="96.0" Y="135.0" />
  <Point X="97.0" Y="135.0" />
  <Point X="97.0" Y="134.0" />
  <Point X="98.0" Y="134.0" />
  <Point X="98.0" Y="133.0" />
  <Point X="98.28107491310854" Y="133.0" />
  <Point X="99.0" Y="133.0" />
  <Point X="99.0" Y="132.0" />
  <Point X="100.0" Y="132.0" />
  <Point X="101.0" Y="131.0" />
  <Point X="102.0" Y="131.0" />
  <Point X="102.0" Y="130.0" />
  <Point X="102.2645410946904" Y="130.0" />
  <Point X="103.0" Y="130.0" />
  <Point X="104.0" Y="129.0" />
  <Point X="104.0" Y="128.0" />
  <Point X="105.0" Y="128.0" />
  <Point X="105.0" Y="127.0" />
  <Point X="106.0" Y="127.0" />
  <Point X="106.24800727627226" Y="127.0" />
  <Point X="107.0" Y="127.0" />
  <Point X="107.0" Y="126.0" />
  <Point X="108.0" Y="126.0" />
  <Point X="108.0" Y="125.0" />
  <Point X="109.0" Y="125.0" />
  <Point X="109.0" Y="124.0" />
  <Point X="109.64568702022723" Y="124.0" />
  <Point X="110.0" Y="124.0" />
  <Point X="111.0" Y="123.0" />
  <Point X="112.0" Y="122.0" />
  <Point X="113.0" Y="121.0" />
  <Point X="114.0" Y="121.0" />
  <Point X="114.56619883896408" Y="120.43380116103592" />
  <Point X="115.0" Y="120.0" />
  <Point X="115.0" Y="119.0" />
  <Point X="116.0" Y="119.0" />
  <Point X="117.0" Y="118.0" />
  <Point X="117.0" Y="117.0" />
  <Point X="118.36997869627167" Y="117.0" />
  <Point X="119.0" Y="117.0" />
  <Point X="120.0" Y="116.0" />
  <Point X="120.0" Y="115.0" />
  <Point X="121.0" Y="115.0" />
  <Point X="122.0" Y="114.0" />
  <Point X="122.93923131548044" Y="114.0" />
  <Point X="123.0" Y="114.0" />
  <Point X="124.0" Y="113.0" />
  <Point X="125.0" Y="113.0" />
  <Point X="125.0" Y="112.0" />
  <Point X="125.0" Y="111.0" />
  <Point X="126.0" Y="111.0" />
  <Point X="126.9226974970623" Y="111.0" />
  <Point X="127.0" Y="111.0" />
  <Point X="127.0" Y="110.0" />
  <Point X="128.0" Y="110.0" />
  <Point X="129.0" Y="109.0" />
  <Point X="130.0" Y="109.0" />
  <Point X="130.0" Y="108.0" />
  <Point X="130.90616367864416" Y="108.0" />
  <Point X="131.0" Y="108.0" />
  <Point X="131.0" Y="107.0" />
  <Point X="132.0" Y="107.0" />
  <Point X="132.0" Y="106.0" />
  <Point X="133.0" Y="106.0" />
  <Point X="134.0" Y="106.0" />
  <Point X="134.0" Y="105.0" />
  <Point X="134.30384342259913" Y="105.0" />
  <Point X="135.0" Y="105.0" />
  <Point X="135.0" Y="104.0" />
  <Point X="136.0" Y="103.0" />
  <Point X="137.0" Y="103.0" />
  <Point X="137.0" Y="102.0" />
  <Point X="138.0" Y="102.0" />
  <Point X="138.20315856941642" Y="101.7968414305836" />
  <Point X="139.0" Y="101.0" />
  <Point X="140.0" Y="100.0" />
  <Point X="140.0" Y="99.0" />
  <Point X="141.0" Y="99.0" />
  <Point X="141.0" Y="98.0" />
  <Point X="141.85656222338977" Y="98.0" />
  <Point X="142.0" Y="98.0" />
  <Point X="142.0" Y="97.0" />
  <Point X="143.0" Y="97.0" />
  <Point X="144.0" Y="97.0" />
  <Point X="144.0" Y="96.0" />
  <Point X="145.0" Y="96.0" />
  <Point X="145.0" Y="95.0" />
  <Point X="145.25424196734474" Y="95.0" />
  <Point X="146.0" Y="95.0" />
  <Point X="146.0" Y="94.0" />
  <Point X="147.0" Y="94.0" />
  <Point X="147.0" Y="93.0" />
  <Point X="148.0" Y="93.0" />
  <Point X="148.0" Y="92.0" />
  <Point X="148.6519217112997" Y="92.0" />
  <Point X="149.0" Y="92.0" />
  <Point X="149.0" Y="91.0" />
  <Point X="150.0" Y="91.0" />
  <Point X="150.0" Y="90.0" />
  <Point X="151.0" Y="90.0" />
  <Point X="152.0" Y="90.0" />
  <Point X="152.0" Y="89.0" />
  <Point X="152.0" Y="88.95039854474533" />
  <Point X="152.0" Y="88.0" />
  <Point X="153.0" Y="88.0" />
  <Point X="153.0" Y="87.0" />
  <Point X="154.0" Y="87.0" />
  <Point X="154.0" Y="86.0" />
  <Point X="155.0" Y="86.0" />
  <Point X="155.31627556905838" Y="85.68372443094161" />
  <Point X="156.0" Y="85.0" />
  <Point X="157.0" Y="85.0" />
  <Point X="157.0" Y="84.0" />
  <Point X="158.0" Y="83.0" />
  <Point X="159.0" Y="83.0" />
  <Point X="160.0" Y="83.0" />
  <Point X="160.0" Y="82.98346618158159" />
  <Point X="160.0" Y="82.0" />
  <Point X="161.0" Y="81.0" />
  <Point X="162.0" Y="81.0" />
  <Point X="163.0" Y="81.0" />
  <Point X="163.0" Y="80.0" />
  <Point X="164.0" Y="80.0" />
</Project_1_Part_4>
