<?xml version="1.0" encoding="utf-8" standalone="yes"?>
<Gesture Name="delete_mark2" Subject="1" Number="1" NumPts="460">
  <Point X="61.0" Y="67.0" />
  <Point X="61.0" Y="68.0" />
  <Point X="62.0" Y="68.0" />
  <Point X="62.0" Y="69.0" />
  <Point X="63.0" Y="69.0" />
  <Point X="64.0" Y="69.0" />
  <Point X="64.0" Y="70.0" />
  <Point X="64.62807210309403" Y="70.0" />
  <Point X="65.0" Y="70.0" />
  <Point X="65.0" Y="71.0" />
  <Point X="66.0" Y="71.0" />
  <Point X="67.0" Y="71.0" />
  <Point X="67.0" Y="72.0" />
  <Point X="68.0" Y="72.0" />
  <Point X="68.0" Y="73.0" />
  <Point X="68.25614420618805" Y="73.0" />
  <Point X="69.0" Y="73.0" />
  <Point X="69.0" Y="74.0" />
  <Point X="70.0" Y="74.0" />
  <Point X="71.0" Y="74.0" />
  <Point X="72.0" Y="75.0" />
  <Point X="73.0" Y="75.0" />
  <Point X="73.0" Y="75.47000274690899" />
  <Point X="73.0" Y="76.0" />
  <Point X="74.0" Y="76.0" />
  <Point X="74.0" Y="77.0" />
  <Point X="75.0" Y="77.0" />
  <Point X="76.0" Y="77.0" />
  <Point X="76.0" Y="78.0" />
  <Point X="77.0" Y="78.0" />
  <Point X="77.06934939150099" Y="78.06934939150099" />
  <Point X="78.0" Y="79.0" />
  <Point X="79.0" Y="79.0" />
  <Point X="80.0" Y="80.0" />
  <Point X="81.0" Y="81.0" />
  <Point X="82.0" Y="81.0" />
  <Point X="82.48350626597777" Y="81.0" />
  <Point X="83.0" Y="81.0" />
  <Point X="83.0" Y="82.0" />
  <Point X="84.0" Y="82.0" />
  <Point X="85.0" Y="83.0" />
  <Point X="86.0" Y="83.0" />
  <Point X="87.0" Y="83.0" />
  <Point X="87.0" Y="83.6973648066987" />
  <Point X="87.0" Y="84.0" />
  <Point X="88.0" Y="85.0" />
  <Point X="89.0" Y="85.0" />
  <Point X="90.0" Y="85.0" />
  <Point X="91.0" Y="86.0" />
  <Point X="92.0" Y="86.0" />
  <Point X="92.49700978504654" Y="86.0" />
  <Point X="93.0" Y="86.0" />
  <Point X="93.0" Y="87.0" />
  <Point X="94.0" Y="87.0" />
  <Point X="95.0" Y="87.0" />
  <Point X="95.0" Y="88.0" />
  <Point X="96.0" Y="88.0" />
  <Point X="96.0" Y="89.0" />
  <Point X="96.12508188814057" Y="89.0" />
  <Point X="97.0" Y="89.0" />
  <Point X="98.0" Y="89.0" />
  <Point X="99.0" Y="90.0" />
  <Point X="100.0" Y="90.0" />
  <Point X="100.0" Y="91.0" />
  <Point X="101.0" Y="91.0" />
  <Point X="101.3389404288615" Y="91.0" />
  <Point X="102.0" Y="91.0" />
  <Point X="102.0" Y="92.0" />
  <Point X="103.0" Y="92.0" />
  <Point X="103.0" Y="93.0" />
  <Point X="104.0" Y="93.0" />
  <Point X="105.0" Y="93.0" />
  <Point X="105.68378111883814" Y="93.68378111883814" />
  <Point X="106.0" Y="94.0" />
  <Point X="107.0" Y="94.0" />
  <Point X="107.0" Y="95.0" />
  <Point X="108.0" Y="95.0" />
  <Point X="109.0" Y="95.0" />
  <Point X="109.0" Y="96.0" />
  <Point X="109.83500194319657" Y="96.83500194319657" />
  <Point X="110.0" Y="97.0" />
  <Point X="111.0" Y="97.0" />
  <Point X="112.0" Y="97.0" />
  <Point X="112.0" Y="98.0" />
  <Point X="113.0" Y="98.0" />
  <Point X="114.0" Y="99.0" />
  <Point X="114.69332954874156" Y="99.69332954874156" />
  <Point X="115.0" Y="100.0" />
  <Point X="116.0" Y="100.0" />
  <Point X="117.0" Y="101.0" />
  <Point X="118.0" Y="101.0" />
  <Point X="119.0" Y="102.0" />
  <Point X="120.0" Y="102.0" />
  <Point X="120.0" Y="102.36594746699907" />
  <Point X="120.0" Y="103.0" />
  <Point X="121.0" Y="103.0" />
  <Point X="121.0" Y="104.0" />
  <Point X="122.0" Y="104.0" />
  <Point X="123.0" Y="104.0" />
  <Point X="124.0" Y="105.0" />
  <Point X="124.57980600772001" Y="105.0" />
  <Point X="125.0" Y="105.0" />
  <Point X="126.0" Y="105.0" />
  <Point X="126.0" Y="106.0" />
  <Point X="127.0" Y="106.0" />
  <Point X="127.0" Y="107.0" />
  <Point X="128.0" Y="107.0" />
  <Point X="129.0" Y="107.0" />
  <Point X="129.20787811081405" Y="107.0" />
  <Point X="130.0" Y="107.0" />
  <Point X="131.0" Y="107.0" />
  <Point X="131.0" Y="108.0" />
  <Point X="132.0" Y="109.0" />
  <Point X="133.0" Y="109.0" />
  <Point X="134.0" Y="109.0" />
  <Point X="134.2982128461753" Y="109.2982128461753" />
  <Point X="135.0" Y="110.0" />
  <Point X="136.0" Y="110.0" />
  <Point X="136.0" Y="111.0" />
  <Point X="137.0" Y="111.0" />
  <Point X="138.0" Y="111.0" />
  <Point X="138.0" Y="112.0" />
  <Point X="138.63559519225592" Y="112.0" />
  <Point X="139.0" Y="112.0" />
  <Point X="140.0" Y="113.0" />
  <Point X="141.0" Y="113.0" />
  <Point X="141.0" Y="114.0" />
  <Point X="142.0" Y="114.0" />
  <Point X="143.0" Y="114.0" />
  <Point X="143.0" Y="114.84945373297685" />
  <Point X="143.0" Y="115.0" />
  <Point X="144.0" Y="115.0" />
  <Point X="144.0" Y="116.0" />
  <Point X="145.0" Y="116.0" />
  <Point X="145.0" Y="117.0" />
  <Point X="146.0" Y="117.0" />
  <Point X="146.0" Y="118.0" />
  <Point X="146.4775258360709" Y="118.0" />
  <Point X="147.0" Y="118.0" />
  <Point X="148.0" Y="118.0" />
  <Point X="148.0" Y="119.0" />
  <Point X="149.0" Y="119.0" />
  <Point X="149.0" Y="120.0" />
  <Point X="150.0" Y="120.0" />
  <Point X="150.0" Y="121.0" />
  <Point X="150.10559793916494" Y="121.0" />
  <Point X="151.0" Y="121.0" />
  <Point X="152.0" Y="121.0" />
  <Point X="152.0" Y="122.0" />
  <Point X="153.0" Y="122.0" />
  <Point X="154.0" Y="122.0" />
  <Point X="154.0" Y="123.0" />
  <Point X="154.73367004225898" Y="123.0" />
  <Point X="155.0" Y="123.0" />
  <Point X="155.0" Y="124.0" />
  <Point X="156.0" Y="124.0" />
  <Point X="156.0" Y="125.0" />
  <Point X="157.0" Y="125.0" />
  <Point X="157.0" Y="126.0" />
  <Point X="158.0" Y="126.0" />
  <Point X="158.36174214535302" Y="126.0" />
  <Point X="159.0" Y="126.0" />
  <Point X="159.0" Y="127.0" />
  <Point X="160.0" Y="127.0" />
  <Point X="160.0" Y="128.0" />
  <Point X="161.0" Y="128.0" />
  <Point X="161.0" Y="129.0" />
  <Point X="161.98981424844706" Y="129.0" />
  <Point X="162.0" Y="129.0" />
  <Point X="162.0" Y="130.0" />
  <Point X="163.0" Y="130.0" />
  <Point X="162.0" Y="130.0" />
  <Point X="162.0" Y="131.0" />
  <Point X="161.0" Y="131.0" />
  <Point X="160.0" Y="131.0" />
  <Point X="159.3821136484589" Y="131.0" />
  <Point X="159.0" Y="131.0" />
  <Point X="158.0" Y="131.0" />
  <Point X="157.0" Y="131.0" />
  <Point X="157.0" Y="132.0" />
  <Point X="156.0" Y="132.0" />
  <Point X="155.0" Y="132.0" />
  <Point X="154.1189743276508" Y="132.8810256723492" />
  <Point X="154.0" Y="133.0" />
  <Point X="153.0" Y="133.0" />
  <Point X="152.0" Y="133.0" />
  <Point X="151.0" Y="133.0" />
  <Point X="150.0" Y="133.0" />
  <Point X="149.0" Y="133.0" />
  <Point X="149.0" Y="134.0" />
  <Point X="148.54018300464392" Y="134.0" />
  <Point X="148.0" Y="134.0" />
  <Point X="147.0" Y="134.0" />
  <Point X="146.0" Y="134.0" />
  <Point X="145.0" Y="134.0" />
  <Point X="144.0" Y="134.0" />
  <Point X="143.0" Y="134.0" />
  <Point X="143.0" Y="135.0" />
  <Point X="142.91211090154988" Y="135.0" />
  <Point X="142.0" Y="135.0" />
  <Point X="141.0" Y="135.0" />
  <Point X="140.0" Y="135.0" />
  <Point X="139.0" Y="135.0" />
  <Point X="139.0" Y="136.0" />
  <Point X="138.0" Y="136.0" />
  <Point X="137.28403879845584" Y="136.0" />
  <Point X="137.0" Y="136.0" />
  <Point X="136.0" Y="136.0" />
  <Point X="135.0" Y="136.0" />
  <Point X="135.0" Y="137.0" />
  <Point X="134.0" Y="137.0" />
  <Point X="133.0" Y="138.0" />
  <Point X="132.0701802577349" Y="138.0" />
  <Point X="132.0" Y="138.0" />
  <Point X="131.0" Y="138.0" />
  <Point X="130.0" Y="138.0" />
  <Point X="129.0" Y="138.0" />
  <Point X="129.0" Y="139.0" />
  <Point X="127.0" Y="139.0" />
  <Point X="126.44210815464088" Y="139.0" />
  <Point X="126.0" Y="139.0" />
  <Point X="125.0" Y="139.0" />
  <Point X="124.0" Y="139.0" />
  <Point X="124.0" Y="140.0" />
  <Point X="123.0" Y="140.0" />
  <Point X="122.0" Y="140.0" />
  <Point X="121.161396849806" Y="140.838603150194" />
  <Point X="121.0" Y="141.0" />
  <Point X="120.0" Y="141.0" />
  <Point X="119.0" Y="141.0" />
  <Point X="118.0" Y="141.0" />
  <Point X="117.0" Y="142.0" />
  <Point X="116.0" Y="142.0" />
  <Point X="115.01439107319901" Y="142.0" />
  <Point X="115.0" Y="142.0" />
  <Point X="114.0" Y="142.0" />
  <Point X="112.0" Y="142.0" />
  <Point X="112.0" Y="143.0" />
  <Point X="111.0" Y="143.0" />
  <Point X="110.0" Y="143.0" />
  <Point X="109.38631897010498" Y="143.0" />
  <Point X="109.0" Y="143.0" />
  <Point X="108.0" Y="143.0" />
  <Point X="107.0" Y="143.0" />
  <Point X="107.0" Y="144.0" />
  <Point X="106.0" Y="144.0" />
  <Point X="105.0" Y="144.0" />
  <Point X="105.0" Y="145.0" />
  <Point X="104.75824686701095" Y="145.0" />
  <Point X="104.0" Y="145.0" />
  <Point X="103.0" Y="145.0" />
  <Point X="102.0" Y="145.0" />
  <Point X="100.0" Y="145.0" />
  <Point X="99.0" Y="145.0" />
  <Point X="99.0" Y="145.86982523608307" />
  <Point X="99.0" Y="146.0" />
  <Point X="98.0" Y="146.0" />
  <Point X="96.0" Y="146.0" />
  <Point X="95.0" Y="146.0" />
  <Point X="94.0" Y="146.0" />
  <Point X="93.0" Y="146.0" />
  <Point X="92.5021026608229" Y="146.0" />
  <Point X="92.0" Y="146.0" />
  <Point X="92.0" Y="147.0" />
  <Point X="91.0" Y="147.0" />
  <Point X="90.0" Y="147.0" />
  <Point X="89.0" Y="147.0" />
  <Point X="88.0" Y="147.0" />
  <Point X="87.0" Y="147.0" />
  <Point X="86.87403055772887" Y="147.0" />
  <Point X="86.0" Y="147.0" />
  <Point X="85.0" Y="147.0" />
  <Point X="84.0" Y="147.0" />
  <Point X="83.0" Y="147.0" />
  <Point X="82.0" Y="147.0" />
  <Point X="81.0" Y="147.0" />
  <Point X="80.24595845463485" Y="147.0" />
  <Point X="80.0" Y="147.0" />
  <Point X="79.0" Y="147.0" />
  <Point X="78.0" Y="147.0" />
  <Point X="77.0" Y="147.0" />
  <Point X="76.0" Y="147.0" />
  <Point X="75.0" Y="147.0" />
  <Point X="74.0" Y="147.0" />
  <Point X="73.61788635154082" Y="147.0" />
  <Point X="73.0" Y="147.0" />
  <Point X="72.0" Y="147.0" />
  <Point X="71.0" Y="147.0" />
  <Point X="72.0" Y="147.0" />
  <Point X="72.0" Y="146.0" />
  <Point X="72.0" Y="145.0" />
  <Point X="73.0" Y="145.0" />
  <Point X="73.0" Y="144.98981424844678" />
  <Point X="73.0" Y="144.0" />
  <Point X="73.0" Y="143.0" />
  <Point X="74.0" Y="143.0" />
  <Point X="74.0" Y="142.0" />
  <Point X="75.0" Y="142.0" />
  <Point X="75.0" Y="141.0" />
  <Point X="75.63825785464725" Y="141.0" />
  <Point X="76.0" Y="141.0" />
  <Point X="76.0" Y="140.0" />
  <Point X="76.0" Y="139.0" />
  <Point X="77.0" Y="139.0" />
  <Point X="77.0" Y="138.0" />
  <Point X="78.0" Y="138.0" />
  <Point X="78.0" Y="137.0" />
  <Point X="78.26632995774128" Y="137.0" />
  <Point X="79.0" Y="137.0" />
  <Point X="79.0" Y="136.0" />
  <Point X="79.0" Y="135.0" />
  <Point X="80.0" Y="135.0" />
  <Point X="80.0" Y="134.0" />
  <Point X="81.0" Y="134.0" />
  <Point X="81.0" Y="133.10559793916468" />
  <Point X="81.0" Y="133.0" />
  <Point X="82.0" Y="133.0" />
  <Point X="82.0" Y="132.0" />
  <Point X="82.0" Y="131.0" />
  <Point X="83.0" Y="131.0" />
  <Point X="83.0" Y="130.0" />
  <Point X="83.0" Y="129.0" />
  <Point X="83.52247416392935" Y="129.0" />
  <Point X="84.0" Y="129.0" />
  <Point X="85.0" Y="129.0" />
  <Point X="85.0" Y="128.0" />
  <Point X="85.0" Y="127.0" />
  <Point X="86.0" Y="127.0" />
  <Point X="86.0" Y="126.0" />
  <Point X="86.8135590674811" Y="125.1864409325189" />
  <Point X="87.0" Y="125.0" />
  <Point X="87.0" Y="124.0" />
  <Point X="88.0" Y="123.0" />
  <Point X="89.0" Y="123.0" />
  <Point X="89.0" Y="122.0" />
  <Point X="90.0" Y="121.0" />
  <Point X="90.0" Y="120.46402231700188" />
  <Point X="90.0" Y="120.0" />
  <Point X="91.0" Y="120.0" />
  <Point X="91.0" Y="119.0" />
  <Point X="92.0" Y="118.0" />
  <Point X="93.0" Y="118.0" />
  <Point X="93.0" Y="117.0" />
  <Point X="93.74983622371906" Y="117.0" />
  <Point X="94.0" Y="117.0" />
  <Point X="94.0" Y="116.0" />
  <Point X="94.0" Y="115.0" />
  <Point X="95.0" Y="115.0" />
  <Point X="95.0" Y="114.0" />
  <Point X="96.0" Y="114.0" />
  <Point X="96.97432832174295" Y="113.02567167825705" />
  <Point X="97.0" Y="113.0" />
  <Point X="97.0" Y="112.0" />
  <Point X="98.0" Y="112.0" />
  <Point X="98.0" Y="111.0" />
  <Point X="99.0" Y="111.0" />
  <Point X="99.0" Y="110.0" />
  <Point X="100.0" Y="110.0" />
  <Point X="100.41844236491484" Y="109.58155763508516" />
  <Point X="101.0" Y="109.0" />
  <Point X="102.0" Y="108.0" />
  <Point X="103.0" Y="107.0" />
  <Point X="103.0" Y="106.0" />
  <Point X="104.0" Y="106.0" />
  <Point X="104.69098353283292" Y="105.30901646716708" />
  <Point X="105.0" Y="105.0" />
  <Point X="106.0" Y="104.0" />
  <Point X="107.0" Y="104.0" />
  <Point X="107.0" Y="103.0" />
  <Point X="107.0" Y="102.0" />
  <Point X="108.0" Y="102.0" />
  <Point X="108.77684326185663" Y="102.0" />
  <Point X="109.0" Y="102.0" />
  <Point X="109.0" Y="101.0" />
  <Point X="110.0" Y="101.0" />
  <Point X="110.0" Y="100.0" />
  <Point X="111.0" Y="100.0" />
  <Point X="111.0" Y="99.0" />
  <Point X="111.99342518154978" Y="98.00657481845022" />
  <Point X="112.0" Y="98.0" />
  <Point X="113.0" Y="98.0" />
  <Point X="113.0" Y="97.0" />
  <Point X="114.0" Y="96.0" />
  <Point X="115.0" Y="96.0" />
  <Point X="115.0" Y="95.0" />
  <Point X="116.0" Y="95.0" />
  <Point X="116.14464600590821" Y="94.85535399409179" />
  <Point X="117.0" Y="94.0" />
  <Point X="118.0" Y="93.0" />
  <Point X="118.0" Y="92.0" />
  <Point X="119.0" Y="92.0" />
  <Point X="119.0" Y="91.0" />
  <Point X="120.0" Y="91.0" />
  <Point X="120.0" Y="90.99579467835366" />
  <Point X="120.0" Y="90.0" />
  <Point X="121.0" Y="90.0" />
  <Point X="122.0" Y="90.0" />
  <Point X="122.0" Y="89.0" />
  <Point X="122.0" Y="88.0" />
  <Point X="123.0" Y="88.0" />
  <Point X="123.44708765462508" Y="87.55291234537492" />
  <Point X="124.0" Y="87.0" />
  <Point X="125.0" Y="87.0" />
  <Point X="125.0" Y="86.0" />
  <Point X="126.0" Y="86.0" />
  <Point X="126.0" Y="85.0" />
  <Point X="127.0" Y="85.0" />
  <Point X="127.8461359654613" Y="85.0" />
  <Point X="128.0" Y="85.0" />
  <Point X="128.0" Y="84.0" />
  <Point X="129.0" Y="84.0" />
  <Point X="129.0" Y="83.0" />
  <Point X="130.0" Y="83.0" />
  <Point X="130.0" Y="82.0" />
  <Point X="131.0" Y="82.0" />
  <Point X="131.33531574096884" Y="81.66468425903115" />
  <Point X="132.0" Y="81.0" />
  <Point X="133.0" Y="81.0" />
  <Point X="133.0" Y="80.0" />
  <Point X="134.0" Y="79.0" />
  <Point X="135.0" Y="79.0" />
  <Point X="135.0" Y="78.0" />
  <Point X="135.27385304690316" Y="78.0" />
  <Point X="136.0" Y="78.0" />
  <Point X="137.0" Y="77.0" />
  <Point X="138.0" Y="77.0" />
  <Point X="138.0" Y="76.0" />
  <Point X="138.0" Y="75.0" />
  <Point X="139.0" Y="75.0" />
  <Point X="139.4877115876241" Y="75.0" />
  <Point X="140.0" Y="75.0" />
  <Point X="140.0" Y="74.0" />
  <Point X="141.0" Y="74.0" />
  <Point X="142.0" Y="74.0" />
  <Point X="142.0" Y="73.0" />
  <Point X="143.0" Y="73.0" />
  <Point X="143.0" Y="72.0" />
  <Point X="143.11578369071813" Y="72.0" />
  <Point X="144.0" Y="72.0" />
  <Point X="145.0" Y="72.0" />
  <Point X="145.0" Y="71.0" />
  <Point X="145.0" Y="70.0" />
  <Point X="146.0" Y="70.0" />
  <Point X="147.0" Y="70.0" />
  <Point X="147.0" Y="69.25614420618784" />
  <Point X="147.0" Y="69.0" />
  <Point X="148.0" Y="69.0" />
  <Point X="149.0" Y="69.0" />
  <Point X="149.0" Y="68.0" />
  <Point X="150.0" Y="68.0" />
  <Point X="151.0" Y="68.0" />
  <Point X="151.0" Y="67.0" />
  <Point X="151.0" Y="66.62807210309381" />
  <Point X="151.0" Y="66.0" />
  <Point X="152.0" Y="66.0" />
  <Point X="152.0" Y="65.0" />
  <Point X="153.0" Y="65.0" />
  <Point X="154.0" Y="65.0" />
  <Point X="154.0" Y="64.0" />
  <Point X="155.0" Y="64.0" />
</Project_1_Part_4>
