<?xml version="1.0" encoding="utf-8" standalone="yes"?>
<Gesture Name="delete_mark3" Subject="1" Number="1" NumPts="453">
  <Point X="79.0" Y="75.0" />
  <Point X="80.0" Y="75.0" />
  <Point X="81.0" Y="75.0" />
  <Point X="82.0" Y="75.0" />
  <Point X="82.0" Y="76.0" />
  <Point X="83.0" Y="77.0" />
  <Point X="84.0" Y="77.0" />
  <Point X="84.0" Y="77.41885591625231" />
  <Point X="84.0" Y="78.0" />
  <Point X="85.0" Y="78.0" />
  <Point X="85.0" Y="79.0" />
  <Point X="86.0" Y="79.0" />
  <Point X="87.0" Y="80.0" />
  <Point X="87.0" Y="81.0" />
  <Point X="87.83771183250462" Y="81.0" />
  <Point X="88.0" Y="81.0" />
  <Point X="88.0" Y="82.0" />
  <Point X="89.0" Y="82.0" />
  <Point X="89.0" Y="83.0" />
  <Point X="90.0" Y="83.0" />
  <Point X="91.0" Y="83.0" />
  <Point X="91.0" Y="84.0" />
  <Point X="91.67078131113003" Y="84.0" />
  <Point X="92.0" Y="84.0" />
  <Point X="93.0" Y="85.0" />
  <Point X="93.0" Y="86.0" />
  <Point X="94.0" Y="86.0" />
  <Point X="95.0" Y="87.0" />
  <Point X="96.0" Y="88.0" />
  <Point X="96.26121010263614" Y="88.0" />
  <Point X="97.0" Y="88.0" />
  <Point X="97.0" Y="89.0" />
  <Point X="97.0" Y="90.0" />
  <Point X="98.0" Y="90.0" />
  <Point X="99.0" Y="90.0" />
  <Point X="99.0" Y="91.0" />
  <Point X="100.0" Y="91.0" />
  <Point X="100.0" Y="91.09427958126155" />
  <Point X="100.0" Y="92.0" />
  <Point X="101.0" Y="92.0" />
  <Point X="102.0" Y="93.0" />
  <Point X="103.0" Y="94.0" />
  <Point X="104.0" Y="95.0" />
  <Point X="104.0" Y="95.68470837276766" />
  <Point X="104.0" Y="96.0" />
  <Point X="105.0" Y="96.0" />
  <Point X="105.0" Y="97.0" />
  <Point X="106.0" Y="98.0" />
  <Point X="107.0" Y="98.0" />
  <Point X="107.0" Y="99.0" />
  <Point X="108.0" Y="99.0" />
  <Point X="108.0" Y="99.10356428901997" />
  <Point X="108.0" Y="100.0" />
  <Point X="109.0" Y="101.0" />
  <Point X="109.0" Y="102.0" />
  <Point X="110.0" Y="102.0" />
  <Point X="110.0" Y="103.0" />
  <Point X="110.0" Y="104.0" />
  <Point X="110.52242020527228" Y="104.0" />
  <Point X="111.0" Y="104.0" />
  <Point X="112.0" Y="104.0" />
  <Point X="112.0" Y="105.0" />
  <Point X="112.0" Y="106.0" />
  <Point X="113.0" Y="106.0" />
  <Point X="113.0" Y="107.0" />
  <Point X="114.0" Y="107.0" />
  <Point X="114.0" Y="107.35548968389769" />
  <Point X="114.0" Y="108.0" />
  <Point X="115.0" Y="108.0" />
  <Point X="116.0" Y="108.0" />
  <Point X="116.0" Y="109.0" />
  <Point X="116.0" Y="110.0" />
  <Point X="117.0" Y="110.0" />
  <Point X="117.0" Y="111.0" />
  <Point X="117.18855916252309" Y="111.0" />
  <Point X="118.0" Y="111.0" />
  <Point X="119.0" Y="111.0" />
  <Point X="119.0" Y="112.0" />
  <Point X="120.0" Y="112.0" />
  <Point X="121.0" Y="113.0" />
  <Point X="121.0" Y="114.0" />
  <Point X="121.6074150787754" Y="114.0" />
  <Point X="122.0" Y="114.0" />
  <Point X="123.0" Y="115.0" />
  <Point X="124.0" Y="115.0" />
  <Point X="125.0" Y="115.0" />
  <Point X="125.0" Y="116.0" />
  <Point X="126.0" Y="116.0" />
  <Point X="126.0" Y="117.0" />
  <Point X="126.02627099502772" Y="117.0" />
  <Point X="127.0" Y="117.0" />
  <Point X="128.0" Y="117.0" />
  <Point X="128.0" Y="118.0" />
  <Point X="129.0" Y="118.0" />
  <Point X="129.0" Y="119.0" />
  <Point X="130.0" Y="119.0" />
  <Point X="130.60764547626817" Y="119.60764547626817" />
  <Point X="131.0" Y="120.0" />
  <Point X="132.0" Y="120.0" />
  <Point X="133.0" Y="120.0" />
  <Point X="133.0" Y="121.0" />
  <Point X="134.0" Y="121.0" />
  <Point X="135.0" Y="122.0" />
  <Point X="135.86398282753234" Y="122.0" />
  <Point X="136.0" Y="122.0" />
  <Point X="137.0" Y="122.0" />
  <Point X="137.0" Y="123.0" />
  <Point X="138.0" Y="123.0" />
  <Point X="139.0" Y="123.0" />
  <Point X="139.0" Y="124.0" />
  <Point X="140.0" Y="124.0" />
  <Point X="140.69705230615773" Y="124.0" />
  <Point X="141.0" Y="124.0" />
  <Point X="142.0" Y="125.0" />
  <Point X="143.0" Y="125.0" />
  <Point X="144.0" Y="125.0" />
  <Point X="144.0" Y="126.0" />
  <Point X="145.0" Y="126.0" />
  <Point X="145.0" Y="127.0" />
  <Point X="145.11590822241004" Y="127.0" />
  <Point X="146.0" Y="127.0" />
  <Point X="146.0" Y="128.0" />
  <Point X="147.0" Y="128.0" />
  <Point X="147.0" Y="129.0" />
  <Point X="148.0" Y="129.0" />
  <Point X="149.0" Y="129.0" />
  <Point X="149.67102856759698" Y="129.67102856759698" />
  <Point X="150.0" Y="130.0" />
  <Point X="150.0" Y="131.0" />
  <Point X="151.0" Y="131.0" />
  <Point X="152.0" Y="131.0" />
  <Point X="152.0" Y="132.0" />
  <Point X="151.0" Y="132.0" />
  <Point X="150.0" Y="132.0" />
  <Point X="150.0" Y="132.36783361728774" />
  <Point X="150.0" Y="133.0" />
  <Point X="149.0" Y="133.0" />
  <Point X="148.0" Y="133.0" />
  <Point X="147.0" Y="133.0" />
  <Point X="146.0" Y="133.0" />
  <Point X="145.0" Y="133.0" />
  <Point X="144.0" Y="133.0" />
  <Point X="143.85794005851844" Y="133.14205994148156" />
  <Point X="143.0" Y="134.0" />
  <Point X="142.0" Y="134.0" />
  <Point X="141.0" Y="134.0" />
  <Point X="141.0" Y="135.0" />
  <Point X="139.0" Y="135.0" />
  <Point X="138.38024098783453" Y="135.0" />
  <Point X="138.0" Y="135.0" />
  <Point X="137.0" Y="135.0" />
  <Point X="136.0" Y="135.0" />
  <Point X="135.0" Y="135.0" />
  <Point X="134.0" Y="135.0" />
  <Point X="133.0" Y="135.0" />
  <Point X="132.0" Y="135.0" />
  <Point X="131.54717150920914" Y="135.0" />
  <Point X="131.0" Y="135.0" />
  <Point X="130.0" Y="135.0" />
  <Point X="129.0" Y="136.0" />
  <Point X="128.0" Y="136.0" />
  <Point X="127.0" Y="136.0" />
  <Point X="126.0" Y="136.0" />
  <Point X="125.12831559295682" Y="136.0" />
  <Point X="125.0" Y="136.0" />
  <Point X="124.0" Y="137.0" />
  <Point X="123.0" Y="137.0" />
  <Point X="122.0" Y="137.0" />
  <Point X="120.0" Y="137.0" />
  <Point X="119.0" Y="137.0" />
  <Point X="118.70945967670451" Y="137.0" />
  <Point X="118.0" Y="137.0" />
  <Point X="117.0" Y="137.0" />
  <Point X="116.0" Y="137.0" />
  <Point X="115.0" Y="137.0" />
  <Point X="114.0" Y="137.0" />
  <Point X="112.10058565008801" Y="137.949707174956" />
  <Point X="112.0" Y="138.0" />
  <Point X="111.0" Y="138.0" />
  <Point X="110.0" Y="139.0" />
  <Point X="109.0" Y="139.0" />
  <Point X="108.0" Y="139.0" />
  <Point X="106.0" Y="139.0" />
  <Point X="105.6936022593266" Y="139.0" />
  <Point X="104.0" Y="139.0" />
  <Point X="103.0" Y="139.0" />
  <Point X="101.0" Y="140.0" />
  <Point X="100.0" Y="140.0" />
  <Point X="99.09660075820098" Y="140.0" />
  <Point X="99.0" Y="140.0" />
  <Point X="98.0" Y="140.0" />
  <Point X="97.0" Y="140.0" />
  <Point X="96.0" Y="141.0" />
  <Point X="94.0" Y="141.0" />
  <Point X="93.0" Y="141.0" />
  <Point X="92.67774484194867" Y="141.0" />
  <Point X="92.0" Y="141.0" />
  <Point X="90.0" Y="141.0" />
  <Point X="90.0" Y="142.0" />
  <Point X="88.0" Y="142.0" />
  <Point X="87.0" Y="142.0" />
  <Point X="86.84467536332326" Y="142.0" />
  <Point X="86.0" Y="142.0" />
  <Point X="85.0" Y="143.0" />
  <Point X="83.0" Y="143.0" />
  <Point X="82.0" Y="143.0" />
  <Point X="81.0" Y="143.0" />
  <Point X="80.42581944707095" Y="143.0" />
  <Point X="79.0" Y="143.0" />
  <Point X="78.0" Y="143.0" />
  <Point X="77.0" Y="143.0" />
  <Point X="76.0" Y="144.0" />
  <Point X="75.0" Y="144.0" />
  <Point X="74.00696353081864" Y="144.0" />
  <Point X="73.0" Y="144.0" />
  <Point X="72.0" Y="144.0" />
  <Point X="71.0" Y="144.0" />
  <Point X="69.0" Y="144.0" />
  <Point X="68.0" Y="144.0" />
  <Point X="67.4158548823273" Y="144.5841451176727" />
  <Point X="67.0" Y="145.0" />
  <Point X="66.0" Y="145.0" />
  <Point X="65.0" Y="145.0" />
  <Point X="64.0" Y="146.0" />
  <Point X="63.0" Y="146.0" />
  <Point X="62.0" Y="146.0" />
  <Point X="61.16925169831402" Y="146.0" />
  <Point X="61.0" Y="146.0" />
  <Point X="60.0" Y="147.0" />
  <Point X="59.0" Y="147.0" />
  <Point X="58.0" Y="147.0" />
  <Point X="57.0" Y="147.0" />
  <Point X="56.0" Y="147.0" />
  <Point X="54.75039578206171" Y="147.0" />
  <Point X="54.0" Y="147.0" />
  <Point X="53.0" Y="147.0" />
  <Point X="52.0" Y="147.0" />
  <Point X="51.0" Y="147.0" />
  <Point X="50.0" Y="147.0" />
  <Point X="49.0" Y="148.0" />
  <Point X="48.3315398658094" Y="148.0" />
  <Point X="48.0" Y="148.0" />
  <Point X="48.0" Y="149.0" />
  <Point X="47.0" Y="149.0" />
  <Point X="46.0" Y="149.0" />
  <Point X="45.0" Y="149.0" />
  <Point X="44.0" Y="149.0" />
  <Point X="43.0" Y="149.0" />
  <Point X="43.0" Y="148.498470387184" />
  <Point X="43.0" Y="148.0" />
  <Point X="44.0" Y="147.0" />
  <Point X="44.0" Y="146.0" />
  <Point X="45.0" Y="146.0" />
  <Point X="45.0" Y="145.0" />
  <Point X="45.0" Y="144.0" />
  <Point X="45.92038552906831" Y="144.0" />
  <Point X="46.0" Y="144.0" />
  <Point X="46.0" Y="143.0" />
  <Point X="47.0" Y="143.0" />
  <Point X="47.0" Y="142.0" />
  <Point X="48.0" Y="141.0" />
  <Point X="48.0" Y="140.0" />
  <Point X="49.0" Y="140.0" />
  <Point X="49.0" Y="139.66075855467938" />
  <Point X="49.0" Y="139.0" />
  <Point X="50.0" Y="139.0" />
  <Point X="50.0" Y="138.0" />
  <Point X="51.0" Y="138.0" />
  <Point X="51.0" Y="137.0" />
  <Point X="52.0" Y="137.0" />
  <Point X="52.0" Y="136.0" />
  <Point X="52.121842222794754" Y="135.87815777720525" />
  <Point X="53.0" Y="135.0" />
  <Point X="53.0" Y="134.0" />
  <Point X="54.0" Y="134.0" />
  <Point X="55.0" Y="134.0" />
  <Point X="55.0" Y="133.0" />
  <Point X="56.0" Y="133.0" />
  <Point X="56.0" Y="132.40883315980167" />
  <Point X="56.0" Y="132.0" />
  <Point X="56.0" Y="131.0" />
  <Point X="57.0" Y="131.0" />
  <Point X="57.0" Y="130.0" />
  <Point X="58.0" Y="130.0" />
  <Point X="59.0" Y="130.0" />
  <Point X="59.0" Y="129.0" />
  <Point X="59.42423631882373" Y="129.0" />
  <Point X="60.0" Y="129.0" />
  <Point X="60.0" Y="128.0" />
  <Point X="61.0" Y="128.0" />
  <Point X="61.0" Y="127.0" />
  <Point X="62.0" Y="127.0" />
  <Point X="63.0" Y="126.0" />
  <Point X="63.84309223507604" Y="126.0" />
  <Point X="64.0" Y="126.0" />
  <Point X="65.0" Y="125.0" />
  <Point X="66.0" Y="125.0" />
  <Point X="67.0" Y="125.0" />
  <Point X="67.0" Y="124.0" />
  <Point X="68.0" Y="123.0" />
  <Point X="68.84773458895526" Y="123.0" />
  <Point X="69.0" Y="123.0" />
  <Point X="69.0" Y="122.0" />
  <Point X="70.0" Y="122.0" />
  <Point X="71.0" Y="122.0" />
  <Point X="72.0" Y="121.0" />
  <Point X="73.0" Y="121.0" />
  <Point X="73.89561473521877" Y="120.10438526478123" />
  <Point X="74.0" Y="120.0" />
  <Point X="74.0" Y="119.0" />
  <Point X="76.0" Y="119.0" />
  <Point X="76.0" Y="118.0" />
  <Point X="78.0" Y="118.0" />
  <Point X="78.48468381275434" Y="117.51531618724566" />
  <Point X="79.0" Y="117.0" />
  <Point X="80.0" Y="117.0" />
  <Point X="81.0" Y="116.0" />
  <Point X="82.0" Y="115.0" />
  <Point X="83.0" Y="115.0" />
  <Point X="83.0" Y="114.0" />
  <Point X="83.27587521296601" Y="114.0" />
  <Point X="84.0" Y="114.0" />
  <Point X="85.0" Y="114.0" />
  <Point X="86.0" Y="114.0" />
  <Point X="86.0" Y="113.0" />
  <Point X="87.0" Y="113.0" />
  <Point X="88.0" Y="112.0" />
  <Point X="88.49124909257166" Y="111.50875090742834" />
  <Point X="89.0" Y="111.0" />
  <Point X="90.0" Y="111.0" />
  <Point X="90.0" Y="110.0" />
  <Point X="91.0" Y="110.0" />
  <Point X="93.0" Y="109.0" />
  <Point X="93.0" Y="108.12248093202916" />
  <Point X="93.0" Y="108.0" />
  <Point X="94.0" Y="108.0" />
  <Point X="95.0" Y="108.0" />
  <Point X="96.0" Y="107.0" />
  <Point X="97.0" Y="106.0" />
  <Point X="98.0" Y="105.0" />
  <Point X="98.46794785947695" Y="105.0" />
  <Point X="99.0" Y="105.0" />
  <Point X="100.0" Y="105.0" />
  <Point X="100.0" Y="104.0" />
  <Point X="101.0" Y="104.0" />
  <Point X="102.0" Y="104.0" />
  <Point X="102.0" Y="103.0" />
  <Point X="103.0" Y="103.0" />
  <Point X="103.30101733810235" Y="103.0" />
  <Point X="104.0" Y="103.0" />
  <Point X="105.0" Y="101.0" />
  <Point X="106.0" Y="101.0" />
  <Point X="107.0" Y="101.0" />
  <Point X="108.0" Y="101.0" />
  <Point X="108.63499521085137" Y="100.36500478914863" />
  <Point X="109.0" Y="100.0" />
  <Point X="110.0" Y="100.0" />
  <Point X="110.0" Y="99.0" />
  <Point X="111.0" Y="99.0" />
  <Point X="111.0" Y="98.0" />
  <Point X="112.0" Y="98.0" />
  <Point X="113.0" Y="98.0" />
  <Point X="113.0" Y="97.68312524451972" />
  <Point X="113.0" Y="97.0" />
  <Point X="114.0" Y="97.0" />
  <Point X="115.0" Y="97.0" />
  <Point X="115.0" Y="96.0" />
  <Point X="116.0" Y="96.0" />
  <Point X="117.0" Y="96.0" />
  <Point X="118.0" Y="96.0" />
  <Point X="118.0" Y="95.85005576589431" />
  <Point X="118.0" Y="95.0" />
  <Point X="118.0" Y="94.0" />
  <Point X="119.0" Y="94.0" />
  <Point X="120.0" Y="94.0" />
  <Point X="121.0" Y="94.0" />
  <Point X="121.0" Y="93.0" />
  <Point X="121.9830137127311" Y="93.0" />
  <Point X="122.0" Y="93.0" />
  <Point X="122.0" Y="92.0" />
  <Point X="123.0" Y="92.0" />
  <Point X="124.0" Y="92.0" />
  <Point X="125.0" Y="92.0" />
  <Point X="125.0" Y="91.0" />
  <Point X="126.0" Y="91.0" />
  <Point X="126.0" Y="90.1839168086435" />
  <Point X="126.0" Y="90.0" />
  <Point X="127.0" Y="90.0" />
  <Point X="128.0" Y="90.0" />
  <Point X="129.0" Y="89.0" />
  <Point X="130.0" Y="89.0" />
  <Point X="130.0" Y="88.0" />
  <Point X="131.0" Y="88.0" />
  <Point X="131.2349391076088" Y="88.0" />
  <Point X="132.0" Y="88.0" />
  <Point X="133.0" Y="88.0" />
  <Point X="133.0" Y="87.0" />
  <Point X="134.0" Y="86.0" />
  <Point X="135.0" Y="86.0" />
  <Point X="136.0" Y="86.0" />
  <Point X="136.0" Y="85.34620497613889" />
  <Point X="136.0" Y="85.0" />
  <Point X="137.0" Y="85.0" />
  <Point X="138.0" Y="85.0" />
  <Point X="139.0" Y="85.0" />
  <Point X="139.0" Y="84.0" />
  <Point X="140.0" Y="84.0" />
  <Point X="141.0" Y="84.0" />
  <Point X="141.0" Y="83.51313549751349" />
  <Point X="141.0" Y="83.0" />
  <Point X="142.0" Y="83.0" />
  <Point X="143.0" Y="82.0" />
  <Point X="144.0" Y="82.0" />
  <Point X="144.0" Y="81.0" />
  <Point X="145.0" Y="81.0" />
  <Point X="145.9057204187388" Y="81.0" />
  <Point X="146.0" Y="81.0" />
  <Point X="147.0" Y="81.0" />
  <Point X="147.0" Y="80.0" />
  <Point X="148.0" Y="80.0" />
  <Point X="149.0" Y="80.0" />
  <Point X="149.0" Y="79.0" />
  <Point X="150.0" Y="78.0" />
  <Point X="150.32457633499112" Y="78.0" />
  <Point X="151.0" Y="78.0" />
  <Point X="152.0" Y="78.0" />
  <Point X="153.0" Y="77.0" />
  <Point X="154.0" Y="76.0" />
  <Point X="155.0" Y="76.0" />
  <Point X="155.93989954858012" Y="75.0601004514199" />
  <Point X="156.0" Y="75.0" />
  <Point X="157.0" Y="74.0" />
  <Point X="158.0" Y="74.0" />
  <Point X="158.0" Y="73.0" />
  <Point X="159.0" Y="73.0" />
  <Point X="159.0" Y="72.0" />
  <Point X="160.0" Y="72.0" />
  <Point X="160.0" Y="71.66613895725045" />
  <Point X="160.0" Y="71.0" />
  <Point X="161.0" Y="71.0" />
  <Point X="161.0" Y="70.0" />
  <Point X="162.0" Y="70.0" />
  <Point X="162.0" Y="69.0" />
  <Point X="163.0" Y="69.0" />
  <Point X="163.0" Y="68.0" />
  <Point X="163.16693052137495" Y="68.0" />
  <Point X="164.0" Y="68.0" />
  <Point X="165.0" Y="68.0" />
  <Point X="165.0" Y="67.0" />
  <Point X="166.0" Y="67.0" />
  <Point X="166.0" Y="66.0" />
  <Point X="166.0" Y="65.0" />
  <Point X="167.0" Y="65.0" />
</Project_1_Part_4>
