<?xml version="1.0" encoding="utf-8" standalone="yes"?>
<Gesture Name="delete_mark7" Subject="1" Number="1" NumPts="575">
  <Point X="211.0" Y="29.0" />
  <Point X="200.87412136666168" Y="32.08470474922889" />
  <Point X="200.004376975102" Y="32.34965999433979" />
  <Point X="190.74824273332337" Y="35.16940949845778" />
  <Point X="189.00875395020398" Y="35.699319988679584" />
  <Point X="180.62236409998505" Y="38.25411424768667" />
  <Point X="178.01313092530597" Y="39.04897998301937" />
  <Point X="170.49648546664673" Y="41.33881899691556" />
  <Point X="167.01750790040796" Y="42.39863997735916" />
  <Point X="160.37060683330841" Y="44.423523746144454" />
  <Point X="156.02188487550995" Y="45.748299971698955" />
  <Point X="150.2447281999701" Y="47.508228495373345" />
  <Point X="145.02626185061195" Y="49.097959966038744" />
  <Point X="140.11884956663178" Y="50.592933244602236" />
  <Point X="134.03063882571394" Y="52.44761996037853" />
  <Point X="129.99297093329346" Y="53.67763799383113" />
  <Point X="123.03501580081593" Y="55.79727995471833" />
  <Point X="119.86709229995516" Y="56.76234274306002" />
  <Point X="112.03939277591792" Y="59.14693994905812" />
  <Point X="109.74121366661686" Y="59.84704749228891" />
  <Point X="101.04376975101991" Y="62.49659994339791" />
  <Point X="99.61533503327855" Y="62.93175224151779" />
  <Point X="90.0481467261219" Y="65.8462599377377" />
  <Point X="89.48945639994025" Y="66.01645699074668" />
  <Point X="79.36357776660195" Y="69.10116173997557" />
  <Point X="79.05252370122389" Y="69.19591993207749" />
  <Point X="69.23769913326365" Y="72.18586648920446" />
  <Point X="68.05690067632588" Y="72.54557992641729" />
  <Point X="60.0" Y="75.0" />
  <Point X="60.928478120054656" Y="75.0" />
  <Point X="61.0" Y="75.0" />
  <Point X="62.0" Y="75.0" />
  <Point X="63.0" Y="75.0" />
  <Point X="63.0" Y="75.072058521206" />
  <Point X="63.0" Y="76.0" />
  <Point X="64.0" Y="76.0" />
  <Point X="65.0" Y="76.0" />
  <Point X="66.0" Y="76.0" />
  <Point X="66.0" Y="77.0" />
  <Point X="66.0" Y="78.0" />
  <Point X="67.0" Y="78.0" />
  <Point X="68.0" Y="78.0" />
  <Point X="68.0" Y="78.51378971145397" />
  <Point X="68.0" Y="79.0" />
  <Point X="69.0" Y="79.0" />
  <Point X="70.0" Y="80.0" />
  <Point X="70.1523631211287" Y="80.0" />
  <Point X="71.0" Y="80.0" />
  <Point X="71.0" Y="81.0" />
  <Point X="71.0" Y="82.0" />
  <Point X="72.0" Y="82.0" />
  <Point X="73.0" Y="82.0" />
  <Point X="73.0" Y="83.0" />
  <Point X="74.0" Y="83.0" />
  <Point X="74.0" Y="83.68488774048018" />
  <Point X="74.0" Y="84.0" />
  <Point X="75.0" Y="84.0" />
  <Point X="75.0" Y="85.0" />
  <Point X="76.0" Y="85.0" />
  <Point X="76.0" Y="85.64688128342449" />
  <Point X="76.0" Y="86.0" />
  <Point X="77.0" Y="86.0" />
  <Point X="77.0" Y="87.0" />
  <Point X="78.0" Y="87.0" />
  <Point X="78.0" Y="88.0" />
  <Point X="79.0" Y="88.0" />
  <Point X="79.0" Y="89.0" />
  <Point X="79.27019933187948" Y="89.0" />
  <Point X="80.0" Y="89.0" />
  <Point X="80.0" Y="90.0" />
  <Point X="81.0" Y="90.0" />
  <Point X="82.0" Y="91.0" />
  <Point X="82.0" Y="91.72718588334719" />
  <Point X="82.0" Y="92.0" />
  <Point X="83.0" Y="92.0" />
  <Point X="83.0" Y="93.0" />
  <Point X="84.0" Y="94.0" />
  <Point X="85.0" Y="95.0" />
  <Point X="85.6128702361595" Y="95.0" />
  <Point X="86.0" Y="95.0" />
  <Point X="86.0" Y="96.0" />
  <Point X="87.0" Y="96.0" />
  <Point X="87.0" Y="97.0" />
  <Point X="88.0" Y="98.0" />
  <Point X="88.69230234002337" Y="98.69230234002337" />
  <Point X="89.0" Y="99.0" />
  <Point X="90.0" Y="99.0" />
  <Point X="90.0" Y="100.0" />
  <Point X="91.0" Y="100.0" />
  <Point X="91.0" Y="101.36975470281261" />
  <Point X="91.0" Y="102.0" />
  <Point X="92.0" Y="102.0" />
  <Point X="92.0" Y="103.0" />
  <Point X="93.0" Y="103.0" />
  <Point X="94.0" Y="104.0" />
  <Point X="95.0" Y="105.0" />
  <Point X="95.0" Y="105.23094083370019" />
  <Point X="95.0" Y="106.0" />
  <Point X="96.0" Y="106.0" />
  <Point X="96.0" Y="107.0" />
  <Point X="97.0" Y="107.0" />
  <Point X="97.08954741549304" Y="107.08954741549304" />
  <Point X="98.0" Y="108.0" />
  <Point X="99.0" Y="109.0" />
  <Point X="99.0" Y="110.0" />
  <Point X="100.0" Y="110.0" />
  <Point X="100.0" Y="111.0" />
  <Point X="101.0" Y="111.0" />
  <Point X="101.63429731910118" Y="111.63429731910118" />
  <Point X="102.0" Y="112.0" />
  <Point X="103.0" Y="113.0" />
  <Point X="103.74606589799787" Y="113.74606589799787" />
  <Point X="104.0" Y="114.0" />
  <Point X="104.0" Y="115.0" />
  <Point X="106.0" Y="115.0" />
  <Point X="106.0" Y="116.0" />
  <Point X="107.0" Y="116.0" />
  <Point X="107.0" Y="117.0" />
  <Point X="108.0" Y="117.0" />
  <Point X="108.81240158982664" Y="117.81240158982664" />
  <Point X="109.0" Y="118.0" />
  <Point X="109.0" Y="119.0" />
  <Point X="109.81198097802576" Y="119.0" />
  <Point X="110.0" Y="119.0" />
  <Point X="111.0" Y="120.0" />
  <Point X="112.0" Y="120.0" />
  <Point X="113.0" Y="121.0" />
  <Point X="114.0" Y="122.0" />
  <Point X="115.0" Y="123.0" />
  <Point X="116.0" Y="124.0" />
  <Point X="117.0" Y="124.0" />
  <Point X="117.1581461344835" Y="124.0" />
  <Point X="118.0" Y="124.0" />
  <Point X="118.0" Y="124.32622475755959" />
  <Point X="118.0" Y="125.0" />
  <Point X="119.0" Y="126.0" />
  <Point X="120.0" Y="126.0" />
  <Point X="121.0" Y="127.0" />
  <Point X="122.0" Y="128.0" />
  <Point X="123.0" Y="128.0" />
  <Point X="123.0" Y="129.0" />
  <Point X="124.0" Y="129.0" />
  <Point X="124.0" Y="130.0" />
  <Point X="124.41002360966" Y="130.0" />
  <Point X="124.66889566183961" Y="130.0" />
  <Point X="125.0" Y="130.0" />
  <Point X="126.0" Y="131.0" />
  <Point X="127.0" Y="131.0" />
  <Point X="127.0" Y="132.0" />
  <Point X="128.0" Y="132.0" />
  <Point X="129.0" Y="132.0" />
  <Point X="129.0" Y="133.0" />
  <Point X="130.0" Y="134.0" />
  <Point X="131.0" Y="134.0" />
  <Point X="131.0" Y="135.0" />
  <Point X="131.42578012849273" Y="135.0" />
  <Point X="132.0" Y="135.0" />
  <Point X="132.0761146472096" Y="135.0" />
  <Point X="133.0" Y="135.0" />
  <Point X="133.0" Y="136.0" />
  <Point X="134.0" Y="136.0" />
  <Point X="135.0" Y="137.0" />
  <Point X="136.0" Y="138.0" />
  <Point X="137.0" Y="138.0" />
  <Point X="138.0" Y="138.0" />
  <Point X="138.0" Y="139.0" />
  <Point X="139.0" Y="139.0" />
  <Point X="139.18266459514584" Y="139.0" />
  <Point X="140.0" Y="139.0" />
  <Point X="140.0" Y="139.7422056847592" />
  <Point X="140.0" Y="140.0" />
  <Point X="141.0" Y="140.0" />
  <Point X="142.0" Y="140.0" />
  <Point X="142.0" Y="141.0" />
  <Point X="143.0" Y="141.0" />
  <Point X="143.0" Y="142.0" />
  <Point X="144.0" Y="142.0" />
  <Point X="145.0" Y="142.0" />
  <Point X="146.0" Y="142.0" />
  <Point X="146.0" Y="142.76797618654516" />
  <Point X="146.0" Y="143.0" />
  <Point X="147.0" Y="143.0" />
  <Point X="148.0" Y="143.0" />
  <Point X="148.0" Y="143.23672384705498" />
  <Point X="148.0" Y="144.0" />
  <Point X="149.0" Y="144.0" />
  <Point X="149.0" Y="145.0" />
  <Point X="150.0" Y="145.0" />
  <Point X="150.0" Y="146.0" />
  <Point X="151.0" Y="146.0" />
  <Point X="151.0" Y="147.0" />
  <Point X="152.0" Y="147.0" />
  <Point X="152.0" Y="147.35328777794447" />
  <Point X="152.0" Y="148.0" />
  <Point X="153.0" Y="148.0" />
  <Point X="154.0" Y="148.0" />
  <Point X="154.0" Y="148.73124200935075" />
  <Point X="154.0" Y="149.0" />
  <Point X="155.0" Y="150.0" />
  <Point X="155.0" Y="151.0" />
  <Point X="156.0" Y="151.0" />
  <Point X="157.0" Y="151.0" />
  <Point X="157.0" Y="152.0" />
  <Point X="158.0" Y="152.0" />
  <Point X="158.0" Y="152.52438580697068" />
  <Point X="158.0" Y="153.0" />
  <Point X="159.0" Y="153.0" />
  <Point X="159.0" Y="154.0" />
  <Point X="159.0" Y="155.0" />
  <Point X="159.81154660927345" Y="155.0" />
  <Point X="160.0" Y="155.0" />
  <Point X="159.0" Y="155.0" />
  <Point X="159.0" Y="156.0" />
  <Point X="158.0" Y="156.0" />
  <Point X="157.0" Y="156.0" />
  <Point X="156.0" Y="157.0" />
  <Point X="155.3045161640031" Y="157.0" />
  <Point X="155.0" Y="157.0" />
  <Point X="155.0" Y="158.0" />
  <Point X="154.0" Y="158.0" />
  <Point X="153.0" Y="158.0" />
  <Point X="153.0" Y="159.0" />
  <Point X="152.10814879080385" Y="159.0" />
  <Point X="152.0" Y="159.0" />
  <Point X="151.0" Y="159.0" />
  <Point X="150.0" Y="159.0" />
  <Point X="149.0" Y="160.0" />
  <Point X="148.0" Y="160.0" />
  <Point X="147.1334181349769" Y="160.0" />
  <Point X="147.0" Y="160.0" />
  <Point X="146.0" Y="160.0" />
  <Point X="145.0" Y="160.0" />
  <Point X="145.0" Y="161.0" />
  <Point X="144.0" Y="161.0" />
  <Point X="143.0" Y="161.0" />
  <Point X="142.02784419088115" Y="161.0" />
  <Point X="142.0" Y="161.0" />
  <Point X="141.0" Y="162.0" />
  <Point X="140.0" Y="162.0" />
  <Point X="139.0" Y="162.0" />
  <Point X="138.0" Y="162.0" />
  <Point X="137.97335629140335" Y="162.02664370859665" />
  <Point X="137.0" Y="163.0" />
  <Point X="136.0" Y="163.0" />
  <Point X="135.0" Y="163.0" />
  <Point X="134.0" Y="163.0" />
  <Point X="133.0" Y="164.0" />
  <Point X="132.0" Y="164.0" />
  <Point X="131.77596671570464" Y="164.0" />
  <Point X="131.0" Y="164.0" />
  <Point X="130.0" Y="165.0" />
  <Point X="129.0" Y="165.0" />
  <Point X="128.61964920167068" Y="165.0" />
  <Point X="128.0" Y="165.0" />
  <Point X="127.0" Y="165.0" />
  <Point X="126.0" Y="165.0" />
  <Point X="125.0" Y="166.0" />
  <Point X="124.0" Y="166.0" />
  <Point X="123.0" Y="166.0" />
  <Point X="122.0" Y="166.0" />
  <Point X="121.10987567815505" Y="166.0" />
  <Point X="121.0" Y="166.0" />
  <Point X="120.0" Y="166.0" />
  <Point X="118.61234198336828" Y="166.69382900831584" />
  <Point X="118.0" Y="167.0" />
  <Point X="117.0" Y="168.0" />
  <Point X="115.0" Y="168.0" />
  <Point X="113.0" Y="168.0" />
  <Point X="112.0" Y="168.0" />
  <Point X="111.0" Y="168.0" />
  <Point X="110.26563905573215" Y="168.0" />
  <Point X="110.0" Y="168.0" />
  <Point X="109.0" Y="168.0" />
  <Point X="108.51352112111806" Y="168.0" />
  <Point X="108.0" Y="168.0" />
  <Point X="106.0" Y="168.0" />
  <Point X="105.0" Y="169.0" />
  <Point X="104.0" Y="169.0" />
  <Point X="103.0" Y="169.0" />
  <Point X="102.0" Y="169.0" />
  <Point X="101.0" Y="169.0" />
  <Point X="100.0" Y="169.0" />
  <Point X="99.18533445580945" Y="169.0" />
  <Point X="99.0" Y="169.0" />
  <Point X="98.34242309209185" Y="169.0" />
  <Point X="98.0" Y="169.0" />
  <Point X="97.0" Y="169.0" />
  <Point X="97.0" Y="170.0" />
  <Point X="95.0" Y="170.0" />
  <Point X="94.0" Y="170.0" />
  <Point X="93.0" Y="170.0" />
  <Point X="92.0" Y="170.0" />
  <Point X="91.0" Y="170.0" />
  <Point X="90.0" Y="170.0" />
  <Point X="89.0" Y="170.0" />
  <Point X="88.75711150069255" Y="170.0" />
  <Point X="88.69081629351366" Y="170.0" />
  <Point X="87.0" Y="170.0" />
  <Point X="86.0" Y="170.0" />
  <Point X="85.0" Y="170.0" />
  <Point X="84.0" Y="170.0" />
  <Point X="82.0" Y="170.0" />
  <Point X="81.0" Y="170.0" />
  <Point X="80.0" Y="170.0" />
  <Point X="79.0" Y="170.0" />
  <Point X="78.17179990929324" Y="170.0" />
  <Point X="77.19629813121787" Y="170.0" />
  <Point X="77.0" Y="170.0" />
  <Point X="76.0" Y="170.0" />
  <Point X="74.0" Y="170.0" />
  <Point X="73.0" Y="170.0" />
  <Point X="72.0" Y="170.0" />
  <Point X="71.0" Y="170.0" />
  <Point X="69.0" Y="170.0" />
  <Point X="67.58648831789394" Y="170.0" />
  <Point X="67.0" Y="170.0" />
  <Point X="65.70177996892208" Y="170.0" />
  <Point X="65.0" Y="170.0" />
  <Point X="64.0" Y="170.0" />
  <Point X="63.0" Y="170.0" />
  <Point X="61.0" Y="170.0" />
  <Point X="60.0" Y="171.0" />
  <Point X="58.0" Y="171.0" />
  <Point X="57.41539028886773" Y="171.0" />
  <Point X="56.0" Y="171.0" />
  <Point X="55.0" Y="171.0" />
  <Point X="54.62147536899939" Y="171.0" />
  <Point X="54.0" Y="171.0" />
  <Point X="52.0" Y="171.0" />
  <Point X="51.0" Y="171.0" />
  <Point X="50.0" Y="171.0" />
  <Point X="49.0" Y="171.0" />
  <Point X="48.0" Y="171.0" />
  <Point X="46.83007869746842" Y="171.0" />
  <Point X="46.0" Y="171.0" />
  <Point X="45.0" Y="171.0" />
  <Point X="43.1269572067036" Y="171.0" />
  <Point X="43.0" Y="171.0" />
  <Point X="42.0" Y="171.0" />
  <Point X="41.0" Y="171.0" />
  <Point X="40.0" Y="171.0" />
  <Point X="39.0" Y="171.0" />
  <Point X="38.0" Y="171.0" />
  <Point X="37.0" Y="171.0" />
  <Point X="36.24476710606912" Y="171.0" />
  <Point X="36.0" Y="171.0" />
  <Point X="35.0" Y="171.0" />
  <Point X="34.0" Y="171.0" />
  <Point X="33.0" Y="171.0" />
  <Point X="32.0" Y="171.0" />
  <Point X="31.63243904440781" Y="171.0" />
  <Point X="31.0" Y="171.0" />
  <Point X="31.0" Y="170.0" />
  <Point X="31.0" Y="169.0" />
  <Point X="32.0" Y="169.0" />
  <Point X="32.0" Y="168.0" />
  <Point X="32.9479080960592" Y="167.0520919039408" />
  <Point X="33.0" Y="167.0" />
  <Point X="33.0" Y="166.0" />
  <Point X="34.0" Y="165.0" />
  <Point X="34.0" Y="164.0" />
  <Point X="35.0" Y="164.0" />
  <Point X="36.0" Y="164.0" />
  <Point X="36.0" Y="163.9663480068582" />
  <Point X="36.0" Y="163.0" />
  <Point X="37.0" Y="163.0" />
  <Point X="37.0" Y="162.0" />
  <Point X="37.0" Y="161.0" />
  <Point X="38.0" Y="161.0" />
  <Point X="38.0" Y="160.9025710480167" />
  <Point X="38.0" Y="160.0" />
  <Point X="39.0" Y="160.0" />
  <Point X="39.0" Y="159.0" />
  <Point X="40.0" Y="159.0" />
  <Point X="41.0" Y="158.0" />
  <Point X="41.0" Y="157.0" />
  <Point X="41.11395659306449" Y="157.0" />
  <Point X="42.0" Y="157.0" />
  <Point X="42.0" Y="156.0" />
  <Point X="43.0" Y="156.0" />
  <Point X="43.0" Y="155.0" />
  <Point X="43.18987724920337" Y="154.81012275079664" />
  <Point X="44.0" Y="154.0" />
  <Point X="45.0" Y="154.0" />
  <Point X="46.0" Y="153.0" />
  <Point X="47.0" Y="152.0" />
  <Point X="48.0" Y="152.0" />
  <Point X="48.96579053162882" Y="151.0342094683712" />
  <Point X="49.0" Y="151.0" />
  <Point X="50.0" Y="150.0" />
  <Point X="50.0" Y="149.0" />
  <Point X="50.55350251289474" Y="148.44649748710526" />
  <Point X="51.0" Y="148.0" />
  <Point X="52.0" Y="148.0" />
  <Point X="53.0" Y="147.0" />
  <Point X="53.0" Y="146.0" />
  <Point X="55.0" Y="146.0" />
  <Point X="55.0" Y="145.0" />
  <Point X="56.0" Y="145.0" />
  <Point X="56.14389480235427" Y="144.85610519764572" />
  <Point X="57.0" Y="144.0" />
  <Point X="57.79580743302647" Y="143.20419256697355" />
  <Point X="58.0" Y="143.0" />
  <Point X="58.0" Y="142.0" />
  <Point X="60.0" Y="142.0" />
  <Point X="60.0" Y="141.0" />
  <Point X="61.0" Y="141.0" />
  <Point X="61.0" Y="140.0" />
  <Point X="62.0" Y="139.0" />
  <Point X="63.0" Y="139.0" />
  <Point X="63.32199907307972" Y="138.67800092692028" />
  <Point X="64.0" Y="138.0" />
  <Point X="64.46811256910335" Y="138.0" />
  <Point X="65.0" Y="138.0" />
  <Point X="65.0" Y="137.0" />
  <Point X="66.0" Y="136.0" />
  <Point X="67.0" Y="136.0" />
  <Point X="68.0" Y="135.0" />
  <Point X="69.0" Y="134.0" />
  <Point X="70.0" Y="134.0" />
  <Point X="71.0" Y="134.0" />
  <Point X="71.0" Y="133.0" />
  <Point X="71.20721012499173" Y="132.79278987500828" />
  <Point X="71.57331049210337" Y="132.42668950789664" />
  <Point X="72.0" Y="132.0" />
  <Point X="73.0" Y="132.0" />
  <Point X="73.0" Y="131.0" />
  <Point X="74.0" Y="131.0" />
  <Point X="75.0" Y="130.0" />
  <Point X="75.0" Y="129.0" />
  <Point X="77.0" Y="129.0" />
  <Point X="77.0" Y="128.0" />
  <Point X="78.40216483202747" Y="127.29891758398627" />
  <Point X="78.75229950635443" Y="127.12385024682278" />
  <Point X="79.0" Y="127.0" />
  <Point X="80.0" Y="127.0" />
  <Point X="80.0" Y="126.0" />
  <Point X="81.0" Y="126.0" />
  <Point X="81.0" Y="125.0" />
  <Point X="82.0" Y="125.0" />
  <Point X="83.0" Y="125.0" />
  <Point X="83.0" Y="123.0" />
  <Point X="84.0" Y="123.0" />
  <Point X="84.91691155393602" Y="123.0" />
  <Point X="85.0" Y="123.0" />
  <Point X="85.0" Y="122.0" />
  <Point X="85.21758059136992" Y="122.0" />
  <Point X="86.0" Y="122.0" />
  <Point X="87.0" Y="122.0" />
  <Point X="87.0" Y="121.0" />
  <Point X="88.0" Y="120.0" />
  <Point X="89.0" Y="120.0" />
  <Point X="90.0" Y="119.0" />
  <Point X="91.0" Y="118.0" />
  <Point X="92.0" Y="118.0" />
  <Point X="92.18355251648164" Y="117.81644748351836" />
  <Point X="93.0" Y="117.0" />
  <Point X="93.7461705447108" Y="116.2538294552892" />
  <Point X="94.0" Y="116.0" />
  <Point X="95.0" Y="116.0" />
  <Point X="95.0" Y="115.0" />
  <Point X="96.0" Y="115.0" />
  <Point X="96.0" Y="114.0" />
  <Point X="97.0" Y="114.0" />
  <Point X="98.0" Y="114.0" />
  <Point X="98.0" Y="113.0" />
  <Point X="99.0" Y="113.0" />
  <Point X="99.0" Y="112.98353307513084" />
  <Point X="99.0" Y="112.0" />
  <Point X="100.0" Y="112.0" />
  <Point X="100.0" Y="111.0" />
  <Point X="100.13554910409601" Y="111.0" />
  <Point X="101.0" Y="111.0" />
  <Point X="102.0" Y="111.0" />
  <Point X="102.0" Y="110.0" />
  <Point X="103.0" Y="110.0" />
  <Point X="103.0" Y="109.0" />
  <Point X="104.0" Y="108.0" />
  <Point X="105.0" Y="108.0" />
  <Point X="105.13262845081236" Y="107.86737154918764" />
  <Point X="106.0" Y="107.0" />
  <Point X="107.0" Y="107.0" />
  <Point X="107.0" Y="106.0" />
  <Point X="107.8016401416456" Y="106.0" />
  <Point X="108.0" Y="106.0" />
  <Point X="108.0" Y="105.0" />
  <Point X="109.0" Y="105.0" />
  <Point X="109.0" Y="104.0" />
  <Point X="110.0" Y="104.0" />
  <Point X="111.0" Y="103.0" />
  <Point X="111.9444494205485" Y="103.0" />
  <Point X="112.0" Y="103.0" />
  <Point X="112.0" Y="102.0" />
  <Point X="114.0" Y="102.0" />
  <Point X="114.0" Y="101.0" />
  <Point X="114.62362910739476" Y="100.37637089260524" />
  <Point X="115.0" Y="100.0" />
  <Point X="116.0" Y="99.0" />
  <Point X="117.0" Y="99.0" />
  <Point X="118.0" Y="98.0" />
  <Point X="119.0" Y="98.0" />
  <Point X="119.0" Y="97.71287967517148" />
  <Point X="119.0" Y="97.0" />
  <Point X="120.0" Y="96.0" />
  <Point X="121.0" Y="96.0" />
  <Point X="122.0" Y="95.0" />
  <Point X="123.0" Y="95.0" />
  <Point X="123.21594694049331" Y="94.78405305950669" />
  <Point X="124.0" Y="94.0" />
  <Point X="125.0" Y="93.0" />
  <Point X="126.0" Y="92.0" />
  <Point X="126.80136410436235" Y="92.0" />
  <Point X="127.0" Y="92.0" />
  <Point X="127.0" Y="91.0" />
  <Point X="128.0" Y="91.0" />
  <Point X="129.0" Y="91.0" />
  <Point X="129.0" Y="90.0" />
  <Point X="130.0" Y="90.0" />
  <Point X="131.0" Y="89.0" />
  <Point X="131.10115799240532" Y="88.8988420075947" />
  <Point X="132.0" Y="88.0" />
  <Point X="133.0" Y="88.0" />
  <Point X="134.0" Y="87.0" />
  <Point X="134.14403500864236" Y="87.0" />
  <Point X="136.0" Y="87.0" />
  <Point X="136.0" Y="86.0" />
  <Point X="137.0" Y="86.0" />
  <Point X="137.0" Y="85.0" />
  <Point X="138.0" Y="84.0" />
  <Point X="139.0" Y="84.0" />
  <Point X="139.39493647997853" Y="84.0" />
  <Point X="140.0" Y="84.0" />
  <Point X="140.0" Y="83.0" />
  <Point X="141.0" Y="83.0" />
  <Point X="141.22283270791135" Y="82.77716729208863" />
  <Point X="142.0" Y="82.0" />
  <Point X="143.0" Y="82.0" />
  <Point X="144.0" Y="82.0" />
  <Point X="144.0" Y="81.0" />
  <Point X="145.0" Y="81.0" />
  <Point X="145.0" Y="80.0" />
  <Point X="146.0" Y="80.0" />
  <Point X="147.0" Y="80.0" />
  <Point X="147.0" Y="79.52475892009878" />
  <Point X="147.0" Y="79.0" />
  <Point X="148.0" Y="79.0" />
  <Point X="148.34381728448344" Y="78.65618271551655" />
  <Point X="149.0" Y="78.0" />
  <Point X="150.0" Y="78.0" />
  <Point X="150.0" Y="77.0" />
  <Point X="151.0" Y="77.0" />
  <Point X="152.0" Y="76.0" />
  <Point X="153.0" Y="76.0" />
  <Point X="153.0" Y="75.0" />
  <Point X="154.0" Y="75.0" />
  <Point X="154.8070436798355" Y="74.19295632016453" />
  <Point X="155.0" Y="74.0" />
  <Point X="155.82890197097478" Y="74.0" />
  <Point X="156.0" Y="74.0" />
  <Point X="157.0" Y="74.0" />
  <Point X="158.0" Y="73.0" />
  <Point X="158.0" Y="72.0" />
  <Point X="159.0" Y="72.0" />
  <Point X="160.0" Y="72.0" />
  <Point X="161.0" Y="72.0" />
  <Point X="161.0" Y="71.0" />
  <Point X="162.0" Y="71.0" />
  <Point X="162.0" Y="70.0" />
  <Point X="162.80742315500044" Y="70.0" />
  <Point X="163.0" Y="70.0" />
  <Point X="171.0897255765392" Y="62.1075848033764" />
  <Point X="179.3172941824045" Y="54.080688602532184" />
  <Point X="187.54486278826982" Y="46.05379240168797" />
  <Point X="195.77243139413514" Y="38.026896200843765" />
  <Point X="204.0" Y="30.0" />
</Project_1_Part_4>
