<?xml version="1.0" encoding="utf-8" standalone="yes"?>
<Gesture Name="delete_mark10" Subject="1" Number="1" NumPts="468">
  <Point X="67.0" Y="75.0" />
  <Point X="67.0" Y="76.0" />
  <Point X="68.0" Y="76.0" />
  <Point X="68.0" Y="77.0" />
  <Point X="69.0" Y="78.0" />
  <Point X="70.0" Y="78.0" />
  <Point X="70.0" Y="79.0" />
  <Point X="70.68663460966641" Y="79.0" />
  <Point X="71.0" Y="79.0" />
  <Point X="72.0" Y="79.0" />
  <Point X="72.0" Y="80.0" />
  <Point X="73.0" Y="80.0" />
  <Point X="73.0" Y="81.0" />
  <Point X="73.0" Y="82.0" />
  <Point X="74.0" Y="82.0" />
  <Point X="74.5568344150119" Y="82.5568344150119" />
  <Point X="75.0" Y="83.0" />
  <Point X="76.0" Y="83.0" />
  <Point X="76.0" Y="84.0" />
  <Point X="77.0" Y="84.0" />
  <Point X="77.0" Y="85.0" />
  <Point X="78.0" Y="85.0" />
  <Point X="78.0" Y="86.0" />
  <Point X="78.47411739137235" Y="86.0" />
  <Point X="79.0" Y="86.0" />
  <Point X="80.0" Y="87.0" />
  <Point X="81.0" Y="88.0" />
  <Point X="82.0" Y="89.0" />
  <Point X="82.0" Y="90.0" />
  <Point X="83.0" Y="90.0" />
  <Point X="83.23498917358346" Y="90.23498917358346" />
  <Point X="84.0" Y="91.0" />
  <Point X="85.0" Y="92.0" />
  <Point X="85.0" Y="93.0" />
  <Point X="86.0" Y="93.0" />
  <Point X="86.0" Y="94.0" />
  <Point X="87.0" Y="94.0" />
  <Point X="87.0" Y="94.6047459235859" />
  <Point X="87.0" Y="95.0" />
  <Point X="88.0" Y="95.0" />
  <Point X="88.0" Y="96.0" />
  <Point X="89.0" Y="96.0" />
  <Point X="89.0" Y="97.0" />
  <Point X="89.0" Y="98.0" />
  <Point X="90.0" Y="98.0" />
  <Point X="90.0" Y="98.70559409562541" />
  <Point X="90.0" Y="99.0" />
  <Point X="91.0" Y="99.0" />
  <Point X="91.0" Y="100.0" />
  <Point X="91.0" Y="101.0" />
  <Point X="92.0" Y="101.0" />
  <Point X="93.0" Y="101.0" />
  <Point X="93.0" Y="102.0" />
  <Point X="93.0" Y="102.80644226766493" />
  <Point X="93.0" Y="103.0" />
  <Point X="94.0" Y="103.0" />
  <Point X="94.0" Y="104.0" />
  <Point X="95.0" Y="105.0" />
  <Point X="96.0" Y="106.0" />
  <Point X="97.0" Y="107.0" />
  <Point X="97.0" Y="107.66464975258516" />
  <Point X="97.0" Y="108.0" />
  <Point X="98.0" Y="108.0" />
  <Point X="99.0" Y="109.0" />
  <Point X="99.0" Y="110.0" />
  <Point X="100.0" Y="110.0" />
  <Point X="101.0" Y="111.0" />
  <Point X="101.66260911704597" Y="111.66260911704597" />
  <Point X="102.0" Y="112.0" />
  <Point X="103.0" Y="113.0" />
  <Point X="104.0" Y="113.0" />
  <Point X="105.0" Y="114.0" />
  <Point X="105.0" Y="115.0" />
  <Point X="106.0" Y="115.0" />
  <Point X="106.0" Y="115.79527828479871" />
  <Point X="106.0" Y="116.0" />
  <Point X="107.0" Y="117.0" />
  <Point X="108.0" Y="117.0" />
  <Point X="108.0" Y="118.0" />
  <Point X="109.0" Y="119.0" />
  <Point X="109.0" Y="120.0" />
  <Point X="110.0" Y="120.0" />
  <Point X="110.0" Y="120.06769933209203" />
  <Point X="110.0" Y="121.0" />
  <Point X="111.0" Y="121.0" />
  <Point X="111.0" Y="122.0" />
  <Point X="112.0" Y="122.0" />
  <Point X="112.0" Y="123.0" />
  <Point X="113.0" Y="123.0" />
  <Point X="113.0" Y="124.0" />
  <Point X="113.16854750413155" Y="124.0" />
  <Point X="114.0" Y="124.0" />
  <Point X="114.0" Y="125.0" />
  <Point X="115.0" Y="125.0" />
  <Point X="115.0" Y="126.0" />
  <Point X="115.0" Y="127.0" />
  <Point X="116.0" Y="127.0" />
  <Point X="117.0" Y="127.0" />
  <Point X="117.0" Y="127.26939567617107" />
  <Point X="117.0" Y="128.0" />
  <Point X="117.0" Y="129.0" />
  <Point X="118.0" Y="129.0" />
  <Point X="118.0" Y="130.0" />
  <Point X="119.0" Y="131.0" />
  <Point X="120.0" Y="132.0" />
  <Point X="120.5418167234644" Y="132.0" />
  <Point X="121.0" Y="132.0" />
  <Point X="121.0" Y="133.0" />
  <Point X="122.0" Y="133.0" />
  <Point X="122.0" Y="134.0" />
  <Point X="123.0" Y="134.0" />
  <Point X="123.0" Y="135.0" />
  <Point X="123.0" Y="136.0" />
  <Point X="123.64266489550391" Y="136.0" />
  <Point X="124.0" Y="136.0" />
  <Point X="125.0" Y="137.0" />
  <Point X="126.0" Y="137.0" />
  <Point X="126.0" Y="138.0" />
  <Point X="127.0" Y="138.0" />
  <Point X="127.0" Y="139.0" />
  <Point X="127.93995669433386" Y="139.93995669433386" />
  <Point X="128.0" Y="140.0" />
  <Point X="129.0" Y="141.0" />
  <Point X="130.0" Y="141.0" />
  <Point X="130.0" Y="142.0" />
  <Point X="131.0" Y="142.0" />
  <Point X="131.0" Y="143.0" />
  <Point X="132.0" Y="143.0" />
  <Point X="132.0" Y="143.60172055246366" />
  <Point X="132.0" Y="144.0" />
  <Point X="133.0" Y="144.0" />
  <Point X="134.0" Y="145.0" />
  <Point X="135.0" Y="145.0" />
  <Point X="135.0" Y="146.0" />
  <Point X="136.0" Y="146.0" />
  <Point X="136.0" Y="147.0" />
  <Point X="136.28835516213007" Y="147.0" />
  <Point X="137.0" Y="147.0" />
  <Point X="138.0" Y="147.0" />
  <Point X="138.0" Y="148.0" />
  <Point X="139.0" Y="148.0" />
  <Point X="139.0" Y="149.0" />
  <Point X="140.0" Y="149.0" />
  <Point X="141.0" Y="149.0" />
  <Point X="141.3892033341696" Y="149.0" />
  <Point X="142.0" Y="149.0" />
  <Point X="142.0" Y="150.0" />
  <Point X="143.0" Y="150.0" />
  <Point X="144.0" Y="150.0" />
  <Point X="145.0" Y="150.0" />
  <Point X="146.0" Y="150.0" />
  <Point X="147.0" Y="150.0" />
  <Point X="147.0" Y="150.4900515062091" />
  <Point X="147.0" Y="151.0" />
  <Point X="147.0" Y="152.0" />
  <Point X="146.0" Y="152.0" />
  <Point X="145.0" Y="152.0" />
  <Point X="144.0" Y="152.0" />
  <Point X="144.0" Y="153.0" />
  <Point X="143.0" Y="153.0" />
  <Point X="142.40910032175137" Y="153.0" />
  <Point X="142.0" Y="153.0" />
  <Point X="141.0" Y="153.0" />
  <Point X="140.0" Y="154.0" />
  <Point X="139.0" Y="154.0" />
  <Point X="138.0" Y="154.0" />
  <Point X="137.0" Y="154.0" />
  <Point X="136.0" Y="154.0" />
  <Point X="136.0" Y="154.27753428791505" />
  <Point X="136.0" Y="155.0" />
  <Point X="135.0" Y="155.0" />
  <Point X="134.0" Y="156.0" />
  <Point X="133.0" Y="156.0" />
  <Point X="132.0" Y="156.0" />
  <Point X="131.0" Y="156.0" />
  <Point X="130.03583110241854" Y="156.0" />
  <Point X="130.0" Y="156.0" />
  <Point X="129.0" Y="156.0" />
  <Point X="128.0" Y="156.0" />
  <Point X="127.0" Y="156.0" />
  <Point X="127.0" Y="157.0" />
  <Point X="126.0" Y="157.0" />
  <Point X="125.0" Y="157.0" />
  <Point X="124.0" Y="157.0" />
  <Point X="123.93498293037902" Y="157.0" />
  <Point X="123.0" Y="157.0" />
  <Point X="122.0" Y="157.0" />
  <Point X="121.0" Y="157.0" />
  <Point X="120.0" Y="158.0" />
  <Point X="119.0" Y="158.0" />
  <Point X="118.0" Y="158.0" />
  <Point X="117.3277022998846" Y="158.3361488500577" />
  <Point X="116.0" Y="159.0" />
  <Point X="115.0" Y="159.0" />
  <Point X="114.0" Y="159.0" />
  <Point X="113.0" Y="159.0" />
  <Point X="112.0" Y="160.0" />
  <Point X="111.0" Y="160.0" />
  <Point X="110.79778168854598" Y="160.0" />
  <Point X="110.0" Y="160.0" />
  <Point X="109.0" Y="160.0" />
  <Point X="109.0" Y="161.0" />
  <Point X="108.0" Y="161.0" />
  <Point X="107.0" Y="161.0" />
  <Point X="106.0" Y="161.0" />
  <Point X="105.0" Y="161.0" />
  <Point X="104.69693351650646" Y="161.0" />
  <Point X="104.0" Y="161.0" />
  <Point X="103.0" Y="161.0" />
  <Point X="102.0" Y="161.0" />
  <Point X="101.0" Y="162.0" />
  <Point X="100.0" Y="162.0" />
  <Point X="99.0" Y="162.0" />
  <Point X="98.30017564567885" Y="162.69982435432115" />
  <Point X="98.0" Y="163.0" />
  <Point X="96.0" Y="163.0" />
  <Point X="94.0" Y="163.0" />
  <Point X="93.0" Y="163.0" />
  <Point X="93.0" Y="164.0" />
  <Point X="92.32366429717362" Y="164.0" />
  <Point X="92.0" Y="164.0" />
  <Point X="91.0" Y="164.0" />
  <Point X="90.0" Y="164.0" />
  <Point X="89.0" Y="164.0" />
  <Point X="88.0" Y="164.0" />
  <Point X="87.0" Y="164.0" />
  <Point X="86.0" Y="164.0" />
  <Point X="85.2228161251341" Y="164.0" />
  <Point X="85.0" Y="164.0" />
  <Point X="84.0" Y="165.0" />
  <Point X="83.0" Y="165.0" />
  <Point X="82.0" Y="165.0" />
  <Point X="81.0" Y="165.0" />
  <Point X="80.0" Y="165.0" />
  <Point X="79.0" Y="166.0" />
  <Point X="78.95039507784078" Y="166.0" />
  <Point X="78.0" Y="166.0" />
  <Point X="77.0" Y="166.0" />
  <Point X="76.0" Y="166.0" />
  <Point X="75.0" Y="166.0" />
  <Point X="74.0" Y="166.0" />
  <Point X="73.0" Y="166.0" />
  <Point X="72.0" Y="166.0" />
  <Point X="71.89361359684158" Y="166.1063864031584" />
  <Point X="71.0" Y="167.0" />
  <Point X="70.0" Y="167.0" />
  <Point X="69.0" Y="167.0" />
  <Point X="68.0" Y="167.0" />
  <Point X="67.0" Y="167.0" />
  <Point X="66.0" Y="167.0" />
  <Point X="65.16291229613485" Y="167.0" />
  <Point X="65.0" Y="167.0" />
  <Point X="64.0" Y="167.0" />
  <Point X="63.0" Y="167.0" />
  <Point X="62.0" Y="167.0" />
  <Point X="61.0" Y="167.0" />
  <Point X="60.0" Y="167.0" />
  <Point X="59.0" Y="167.0" />
  <Point X="58.161084649176544" Y="167.41945767541173" />
  <Point X="57.0" Y="168.0" />
  <Point X="56.0" Y="168.0" />
  <Point X="55.0" Y="168.0" />
  <Point X="54.0" Y="168.0" />
  <Point X="53.0" Y="169.0" />
  <Point X="52.0" Y="169.0" />
  <Point X="51.6114974919287" Y="169.0" />
  <Point X="51.0" Y="169.0" />
  <Point X="50.0" Y="169.0" />
  <Point X="49.0" Y="169.0" />
  <Point X="48.0" Y="169.0" />
  <Point X="47.0" Y="169.0" />
  <Point X="46.0" Y="169.0" />
  <Point X="45.0" Y="169.0" />
  <Point X="44.51064931988919" Y="169.0" />
  <Point X="44.0" Y="169.0" />
  <Point X="43.0" Y="169.0" />
  <Point X="42.0" Y="169.0" />
  <Point X="41.0" Y="169.0" />
  <Point X="40.0" Y="169.0" />
  <Point X="39.0" Y="169.0" />
  <Point X="38.0" Y="169.0" />
  <Point X="37.40980114784968" Y="169.0" />
  <Point X="37.0" Y="169.0" />
  <Point X="36.0" Y="169.0" />
  <Point X="35.0" Y="169.0" />
  <Point X="35.0" Y="168.0" />
  <Point X="35.0" Y="167.0" />
  <Point X="35.0" Y="166.0" />
  <Point X="36.0" Y="166.0" />
  <Point X="36.0" Y="165.30895297581017" />
  <Point X="36.0" Y="165.0" />
  <Point X="37.0" Y="164.0" />
  <Point X="38.0" Y="163.0" />
  <Point X="39.0" Y="162.0" />
  <Point X="39.0" Y="161.0" />
  <Point X="40.0" Y="161.0" />
  <Point X="40.0" Y="160.45074549088994" />
  <Point X="40.0" Y="160.0" />
  <Point X="41.0" Y="160.0" />
  <Point X="42.0" Y="160.0" />
  <Point X="42.0" Y="159.0" />
  <Point X="43.0" Y="159.0" />
  <Point X="44.0" Y="158.0" />
  <Point X="45.0" Y="158.0" />
  <Point X="45.0" Y="157.76411088122353" />
  <Point X="45.0" Y="157.0" />
  <Point X="46.0" Y="156.0" />
  <Point X="47.0" Y="156.0" />
  <Point X="48.0" Y="155.0" />
  <Point X="49.0" Y="154.0" />
  <Point X="49.77364312774711" Y="153.2263568722529" />
  <Point X="50.0" Y="153.0" />
  <Point X="51.0" Y="152.0" />
  <Point X="52.0" Y="152.0" />
  <Point X="53.0" Y="151.0" />
  <Point X="54.0" Y="151.0" />
  <Point X="55.0" Y="150.0" />
  <Point X="55.38048745999925" Y="149.61951254000076" />
  <Point X="56.0" Y="149.0" />
  <Point X="57.0" Y="148.0" />
  <Point X="57.0" Y="147.0" />
  <Point X="58.0" Y="147.0" />
  <Point X="59.0" Y="147.0" />
  <Point X="59.0" Y="146.0" />
  <Point X="59.81051157353715" Y="146.0" />
  <Point X="60.0" Y="146.0" />
  <Point X="62.0" Y="144.0" />
  <Point X="63.0" Y="144.0" />
  <Point X="63.0" Y="143.0" />
  <Point X="64.0" Y="143.0" />
  <Point X="64.0" Y="142.0" />
  <Point X="64.08293262083048" Y="142.0" />
  <Point X="66.0" Y="142.0" />
  <Point X="67.0" Y="141.0" />
  <Point X="67.0" Y="140.0" />
  <Point X="69.0" Y="140.0" />
  <Point X="69.5441662072633" Y="139.45583379273668" />
  <Point X="70.0" Y="139.0" />
  <Point X="71.0" Y="138.0" />
  <Point X="72.0" Y="137.0" />
  <Point X="73.0" Y="137.0" />
  <Point X="74.0" Y="137.0" />
  <Point X="75.0" Y="136.0" />
  <Point X="75.15101053951545" Y="135.84898946048455" />
  <Point X="76.0" Y="135.0" />
  <Point X="78.0" Y="135.0" />
  <Point X="78.0" Y="134.0" />
  <Point X="79.0" Y="134.0" />
  <Point X="79.0" Y="133.0" />
  <Point X="79.90019576271045" Y="133.0" />
  <Point X="80.0" Y="133.0" />
  <Point X="81.0" Y="132.0" />
  <Point X="82.0" Y="132.0" />
  <Point X="83.0" Y="131.0" />
  <Point X="84.0" Y="130.0" />
  <Point X="85.0" Y="130.0" />
  <Point X="85.0" Y="129.2415967523693" />
  <Point X="85.0" Y="129.0" />
  <Point X="86.0" Y="129.0" />
  <Point X="87.0" Y="129.0" />
  <Point X="87.0" Y="128.0" />
  <Point X="88.0" Y="128.0" />
  <Point X="89.0" Y="127.0" />
  <Point X="90.0" Y="127.0" />
  <Point X="90.31468928677953" Y="126.68531071322047" />
  <Point X="91.0" Y="126.0" />
  <Point X="91.0" Y="125.0" />
  <Point X="93.0" Y="125.0" />
  <Point X="94.0" Y="124.0" />
  <Point X="94.0" Y="123.0" />
  <Point X="94.71745890459044" Y="123.0" />
  <Point X="95.0" Y="123.0" />
  <Point X="97.0" Y="123.0" />
  <Point X="97.0" Y="122.0" />
  <Point X="98.0" Y="121.0" />
  <Point X="98.0" Y="120.0" />
  <Point X="99.0" Y="120.0" />
  <Point X="99.40409351425686" Y="120.0" />
  <Point X="100.0" Y="120.0" />
  <Point X="101.0" Y="119.0" />
  <Point X="102.0" Y="119.0" />
  <Point X="102.0" Y="118.0" />
  <Point X="103.0" Y="118.0" />
  <Point X="104.0" Y="118.0" />
  <Point X="104.0" Y="117.0" />
  <Point X="104.06415447167048" Y="116.93584552832952" />
  <Point X="105.0" Y="116.0" />
  <Point X="106.0" Y="116.0" />
  <Point X="106.0" Y="115.0" />
  <Point X="107.0" Y="115.0" />
  <Point X="108.0" Y="115.0" />
  <Point X="109.0" Y="114.0" />
  <Point X="109.3248104931252" Y="113.8375947534374" />
  <Point X="111.0" Y="113.0" />
  <Point X="112.0" Y="112.0" />
  <Point X="114.0" Y="111.0" />
  <Point X="115.0" Y="111.0" />
  <Point X="115.0" Y="110.42235217411657" />
  <Point X="115.0" Y="110.0" />
  <Point X="116.0" Y="110.0" />
  <Point X="117.0" Y="109.0" />
  <Point X="118.0" Y="109.0" />
  <Point X="118.0" Y="108.0" />
  <Point X="119.0" Y="108.0" />
  <Point X="119.89398268351235" Y="107.10601731648765" />
  <Point X="120.0" Y="107.0" />
  <Point X="121.0" Y="107.0" />
  <Point X="121.0" Y="106.0" />
  <Point X="122.0" Y="106.0" />
  <Point X="123.0" Y="106.0" />
  <Point X="123.0" Y="105.0" />
  <Point X="124.0" Y="105.0" />
  <Point X="124.0" Y="104.04908295478373" />
  <Point X="124.0" Y="104.0" />
  <Point X="125.0" Y="104.0" />
  <Point X="125.0" Y="103.0" />
  <Point X="126.0" Y="103.0" />
  <Point X="127.0" Y="103.0" />
  <Point X="127.0" Y="102.0" />
  <Point X="128.0" Y="102.0" />
  <Point X="128.0" Y="101.0" />
  <Point X="128.0517652172558" Y="101.0" />
  <Point X="129.0" Y="101.0" />
  <Point X="129.0" Y="100.0" />
  <Point X="130.0" Y="100.0" />
  <Point X="131.0" Y="100.0" />
  <Point X="131.0" Y="99.0" />
  <Point X="132.0" Y="99.0" />
  <Point X="133.0" Y="99.0" />
  <Point X="133.0" Y="98.84738661070469" />
  <Point X="133.0" Y="98.0" />
  <Point X="134.0" Y="98.0" />
  <Point X="135.0" Y="97.0" />
  <Point X="136.0" Y="96.0" />
  <Point X="137.0" Y="95.0" />
  <Point X="138.0" Y="95.0" />
  <Point X="138.0" Y="94.98917912578446" />
  <Point X="138.0" Y="94.0" />
  <Point X="139.0" Y="94.0" />
  <Point X="140.0" Y="94.0" />
  <Point X="140.0" Y="93.0" />
  <Point X="140.0" Y="92.0" />
  <Point X="141.0" Y="92.0" />
  <Point X="142.0" Y="92.0" />
  <Point X="142.0" Y="91.88833095374494" />
  <Point X="142.0" Y="91.0" />
  <Point X="143.0" Y="91.0" />
  <Point X="143.0" Y="90.0" />
  <Point X="144.0" Y="90.0" />
  <Point X="145.0" Y="90.0" />
  <Point X="145.0" Y="89.0" />
  <Point X="145.0" Y="88.0" />
  <Point X="145.21251721829458" Y="88.0" />
  <Point X="146.0" Y="88.0" />
  <Point X="147.0" Y="88.0" />
  <Point X="147.0" Y="87.0" />
  <Point X="148.0" Y="87.0" />
  <Point X="148.0" Y="86.0" />
  <Point X="149.0" Y="86.0" />
  <Point X="150.0" Y="86.0" />
  <Point X="150.0" Y="85.6866346096659" />
  <Point X="150.0" Y="85.0" />
  <Point X="151.0" Y="85.0" />
  <Point X="152.0" Y="84.0" />
  <Point X="152.0" Y="83.0" />
  <Point X="153.0" Y="83.0" />
  <Point X="154.0" Y="83.0" />
  <Point X="154.0" Y="82.0" />
</Project_1_Part_4>
