<?xml version="1.0" encoding="utf-8" standalone="yes"?>
<Gesture Name="delete_mark5" Subject="1" Number="1" NumPts="469">
  <Point X="59.0" Y="67.0" />
  <Point X="60.0" Y="67.0" />
  <Point X="60.0" Y="68.0" />
  <Point X="60.0" Y="69.0" />
  <Point X="61.0" Y="69.0" />
  <Point X="62.0" Y="70.0" />
  <Point X="62.94699088233271" Y="70.94699088233271" />
  <Point X="63.0" Y="71.0" />
  <Point X="63.0" Y="72.0" />
  <Point X="64.0" Y="72.0" />
  <Point X="64.0" Y="73.0" />
  <Point X="64.0" Y="74.0" />
  <Point X="65.0" Y="74.0" />
  <Point X="65.0" Y="75.0" />
  <Point X="65.67849469847717" Y="75.0" />
  <Point X="66.0" Y="75.0" />
  <Point X="66.0" Y="76.0" />
  <Point X="67.0" Y="76.0" />
  <Point X="67.0" Y="77.0" />
  <Point X="68.0" Y="77.0" />
  <Point X="68.0" Y="78.0" />
  <Point X="68.0" Y="79.0" />
  <Point X="68.43195561008885" Y="79.0" />
  <Point X="69.0" Y="79.0" />
  <Point X="69.0" Y="80.0" />
  <Point X="70.0" Y="81.0" />
  <Point X="71.0" Y="81.0" />
  <Point X="71.0" Y="82.0" />
  <Point X="72.0" Y="82.0" />
  <Point X="72.0" Y="82.77120295932744" />
  <Point X="72.0" Y="83.0" />
  <Point X="73.0" Y="83.0" />
  <Point X="73.0" Y="84.0" />
  <Point X="74.0" Y="84.0" />
  <Point X="74.0" Y="85.0" />
  <Point X="75.0" Y="85.0" />
  <Point X="75.0" Y="86.0" />
  <Point X="75.52466387093912" Y="86.0" />
  <Point X="76.0" Y="86.0" />
  <Point X="76.0" Y="87.0" />
  <Point X="77.0" Y="87.0" />
  <Point X="77.0" Y="88.0" />
  <Point X="78.0" Y="88.0" />
  <Point X="79.0" Y="88.0" />
  <Point X="79.0" Y="89.0" />
  <Point X="79.0" Y="89.2781247825508" />
  <Point X="79.0" Y="90.0" />
  <Point X="80.0" Y="90.0" />
  <Point X="81.0" Y="90.0" />
  <Point X="81.0" Y="91.0" />
  <Point X="82.0" Y="91.0" />
  <Point X="83.0" Y="92.0" />
  <Point X="83.6173721317894" Y="92.0" />
  <Point X="84.0" Y="92.0" />
  <Point X="84.0" Y="93.0" />
  <Point X="85.0" Y="94.0" />
  <Point X="86.0" Y="94.0" />
  <Point X="87.0" Y="95.0" />
  <Point X="88.0" Y="95.0" />
  <Point X="88.0" Y="95.54240591865488" />
  <Point X="88.0" Y="96.0" />
  <Point X="89.0" Y="96.0" />
  <Point X="89.0" Y="97.0" />
  <Point X="90.0" Y="97.0" />
  <Point X="90.0" Y="98.0" />
  <Point X="91.0" Y="98.0" />
  <Point X="91.0" Y="99.0" />
  <Point X="91.29586683026656" Y="99.0" />
  <Point X="92.0" Y="99.0" />
  <Point X="93.0" Y="99.0" />
  <Point X="93.0" Y="100.0" />
  <Point X="94.0" Y="100.0" />
  <Point X="94.0" Y="101.0" />
  <Point X="95.0" Y="101.0" />
  <Point X="95.0" Y="102.0" />
  <Point X="95.04932774187824" Y="102.0" />
  <Point X="96.0" Y="102.0" />
  <Point X="96.0" Y="103.0" />
  <Point X="97.0" Y="103.0" />
  <Point X="98.0" Y="104.0" />
  <Point X="99.0" Y="104.0" />
  <Point X="99.0" Y="105.0" />
  <Point X="99.38857509111683" Y="105.0" />
  <Point X="100.0" Y="105.0" />
  <Point X="100.0" Y="106.0" />
  <Point X="101.0" Y="106.0" />
  <Point X="101.0" Y="107.0" />
  <Point X="102.0" Y="107.0" />
  <Point X="103.0" Y="108.0" />
  <Point X="103.72782244035542" Y="108.0" />
  <Point X="104.0" Y="108.0" />
  <Point X="105.0" Y="109.0" />
  <Point X="105.0" Y="110.0" />
  <Point X="106.0" Y="110.0" />
  <Point X="107.0" Y="110.0" />
  <Point X="107.0" Y="111.0" />
  <Point X="108.0" Y="111.0" />
  <Point X="108.04742550303467" Y="111.04742550303467" />
  <Point X="109.0" Y="112.0" />
  <Point X="110.0" Y="112.0" />
  <Point X="110.0" Y="113.0" />
  <Point X="111.0" Y="113.0" />
  <Point X="112.0" Y="114.0" />
  <Point X="112.99210357645948" Y="114.0" />
  <Point X="113.0" Y="114.0" />
  <Point X="113.0" Y="115.0" />
  <Point X="114.0" Y="115.0" />
  <Point X="115.0" Y="116.0" />
  <Point X="116.0" Y="116.0" />
  <Point X="117.0" Y="117.0" />
  <Point X="117.64851404888664" Y="117.64851404888664" />
  <Point X="118.0" Y="118.0" />
  <Point X="119.0" Y="118.0" />
  <Point X="120.0" Y="119.0" />
  <Point X="121.0" Y="119.0" />
  <Point X="122.0" Y="120.0" />
  <Point X="123.0" Y="120.0" />
  <Point X="123.42795758781736" Y="120.0" />
  <Point X="124.0" Y="120.0" />
  <Point X="124.0" Y="121.0" />
  <Point X="125.0" Y="121.0" />
  <Point X="126.0" Y="122.0" />
  <Point X="127.0" Y="122.0" />
  <Point X="128.0" Y="122.0" />
  <Point X="128.0" Y="122.76720493705595" />
  <Point X="128.0" Y="123.0" />
  <Point X="129.0" Y="123.0" />
  <Point X="129.0" Y="124.0" />
  <Point X="130.0" Y="124.0" />
  <Point X="131.0" Y="124.0" />
  <Point X="132.0" Y="124.0" />
  <Point X="132.0" Y="125.0" />
  <Point X="132.0" Y="125.52066584866763" />
  <Point X="132.0" Y="126.0" />
  <Point X="133.0" Y="126.0" />
  <Point X="134.0" Y="126.0" />
  <Point X="134.0" Y="127.0" />
  <Point X="135.0" Y="127.0" />
  <Point X="135.0" Y="128.0" />
  <Point X="136.0" Y="128.0" />
  <Point X="136.2741267602793" Y="128.0" />
  <Point X="137.0" Y="128.0" />
  <Point X="137.0" Y="129.0" />
  <Point X="138.0" Y="129.0" />
  <Point X="138.0" Y="130.0" />
  <Point X="138.0" Y="131.0" />
  <Point X="139.0" Y="131.0" />
  <Point X="140.0" Y="131.0" />
  <Point X="140.0" Y="131.02758767189098" />
  <Point X="140.0" Y="132.0" />
  <Point X="141.0" Y="132.0" />
  <Point X="141.0" Y="133.0" />
  <Point X="142.0" Y="133.0" />
  <Point X="142.0" Y="134.0" />
  <Point X="142.0" Y="135.0" />
  <Point X="142.78104858350267" Y="135.0" />
  <Point X="143.0" Y="135.0" />
  <Point X="144.0" Y="136.0" />
  <Point X="144.0" Y="137.0" />
  <Point X="145.0" Y="137.0" />
  <Point X="145.0" Y="138.0" />
  <Point X="146.0" Y="138.0" />
  <Point X="146.0" Y="139.0" />
  <Point X="146.0" Y="139.12029593274124" />
  <Point X="146.0" Y="140.0" />
  <Point X="147.0" Y="140.0" />
  <Point X="147.0" Y="141.0" />
  <Point X="148.0" Y="141.0" />
  <Point X="147.0" Y="142.0" />
  <Point X="146.0" Y="142.0" />
  <Point X="146.0" Y="142.45954328197982" />
  <Point X="146.0" Y="143.0" />
  <Point X="145.0" Y="143.0" />
  <Point X="144.0" Y="143.0" />
  <Point X="143.0" Y="143.0" />
  <Point X="142.0" Y="143.0" />
  <Point X="141.0" Y="144.0" />
  <Point X="140.2012093687816" Y="144.0" />
  <Point X="140.0" Y="144.0" />
  <Point X="139.0" Y="144.0" />
  <Point X="138.0" Y="144.0" />
  <Point X="137.0" Y="144.0" />
  <Point X="136.0" Y="145.0" />
  <Point X="135.0" Y="145.0" />
  <Point X="134.0" Y="145.0" />
  <Point X="133.86196201954303" Y="145.0" />
  <Point X="133.0" Y="145.0" />
  <Point X="132.0" Y="145.0" />
  <Point X="131.0" Y="145.0" />
  <Point X="130.0" Y="146.0" />
  <Point X="129.0" Y="146.0" />
  <Point X="129.0" Y="147.0" />
  <Point X="128.52271467030445" Y="147.0" />
  <Point X="128.0" Y="147.0" />
  <Point X="127.0" Y="147.0" />
  <Point X="126.0" Y="147.0" />
  <Point X="125.0" Y="147.0" />
  <Point X="124.0" Y="147.0" />
  <Point X="123.0" Y="147.0" />
  <Point X="122.0" Y="147.0" />
  <Point X="121.76925375869277" Y="147.0" />
  <Point X="121.0" Y="147.0" />
  <Point X="120.0" Y="147.0" />
  <Point X="119.0" Y="147.0" />
  <Point X="118.0" Y="147.0" />
  <Point X="117.0" Y="147.0" />
  <Point X="116.0" Y="148.0" />
  <Point X="115.43000640945418" Y="148.0" />
  <Point X="115.0" Y="148.0" />
  <Point X="114.0" Y="148.0" />
  <Point X="113.0" Y="148.0" />
  <Point X="112.0" Y="148.0" />
  <Point X="111.0" Y="148.0" />
  <Point X="110.0" Y="148.0" />
  <Point X="109.0" Y="148.0" />
  <Point X="108.6765454978425" Y="148.0" />
  <Point X="108.0" Y="148.0" />
  <Point X="107.0" Y="148.0" />
  <Point X="106.0" Y="148.0" />
  <Point X="105.0" Y="148.0" />
  <Point X="105.0" Y="149.0" />
  <Point X="104.0" Y="149.0" />
  <Point X="103.0" Y="149.0" />
  <Point X="102.92308458623081" Y="149.0" />
  <Point X="102.0" Y="149.0" />
  <Point X="101.0" Y="149.0" />
  <Point X="100.0" Y="149.0" />
  <Point X="99.0" Y="149.0" />
  <Point X="98.0" Y="149.0" />
  <Point X="97.0" Y="149.0" />
  <Point X="96.16962367461913" Y="149.0" />
  <Point X="96.0" Y="149.0" />
  <Point X="95.0" Y="149.0" />
  <Point X="94.0" Y="149.0" />
  <Point X="93.0" Y="149.0" />
  <Point X="92.0" Y="149.0" />
  <Point X="91.0" Y="149.0" />
  <Point X="90.0" Y="149.0" />
  <Point X="89.41616276300745" Y="149.0" />
  <Point X="89.0" Y="149.0" />
  <Point X="88.0" Y="149.0" />
  <Point X="87.0" Y="149.0" />
  <Point X="86.0" Y="149.0" />
  <Point X="85.0" Y="149.0" />
  <Point X="84.0" Y="149.0" />
  <Point X="83.0" Y="149.0" />
  <Point X="82.66270185139577" Y="149.0" />
  <Point X="82.0" Y="149.0" />
  <Point X="81.0" Y="149.0" />
  <Point X="80.0" Y="149.0" />
  <Point X="79.0" Y="149.0" />
  <Point X="78.0" Y="149.0" />
  <Point X="77.0" Y="149.0" />
  <Point X="76.0" Y="149.0" />
  <Point X="76.0" Y="149.0907590602159" />
  <Point X="76.0" Y="150.0" />
  <Point X="75.0" Y="150.0" />
  <Point X="74.0" Y="150.0" />
  <Point X="73.0" Y="150.0" />
  <Point X="72.0" Y="150.0" />
  <Point X="71.0" Y="150.0" />
  <Point X="70.15578002817242" Y="150.0" />
  <Point X="70.0" Y="150.0" />
  <Point X="69.0" Y="150.0" />
  <Point X="68.0" Y="150.0" />
  <Point X="67.0" Y="150.0" />
  <Point X="66.0" Y="150.0" />
  <Point X="65.0" Y="150.0" />
  <Point X="65.0" Y="151.0" />
  <Point X="64.40231911656073" Y="151.0" />
  <Point X="64.0" Y="151.0" />
  <Point X="63.0" Y="151.0" />
  <Point X="62.0" Y="151.0" />
  <Point X="61.0" Y="151.0" />
  <Point X="60.0" Y="151.0" />
  <Point X="59.0" Y="151.0" />
  <Point X="58.0" Y="151.0" />
  <Point X="57.64885820494905" Y="151.0" />
  <Point X="57.0" Y="151.0" />
  <Point X="56.0" Y="151.0" />
  <Point X="55.0" Y="151.0" />
  <Point X="54.0" Y="151.0" />
  <Point X="53.0" Y="151.0" />
  <Point X="52.0" Y="151.0" />
  <Point X="51.0" Y="151.0" />
  <Point X="50.89539729333737" Y="151.0" />
  <Point X="50.0" Y="151.0" />
  <Point X="51.0" Y="151.0" />
  <Point X="51.0" Y="150.0" />
  <Point X="52.0" Y="150.0" />
  <Point X="52.0" Y="149.0" />
  <Point X="53.0" Y="149.0" />
  <Point X="53.0" Y="148.14193638172569" />
  <Point X="53.0" Y="148.0" />
  <Point X="54.0" Y="148.0" />
  <Point X="55.0" Y="148.0" />
  <Point X="55.0" Y="147.0" />
  <Point X="56.0" Y="146.0" />
  <Point X="57.0" Y="146.0" />
  <Point X="57.0" Y="145.0" />
  <Point X="57.1973109675129" Y="145.0" />
  <Point X="58.0" Y="145.0" />
  <Point X="58.0" Y="144.0" />
  <Point X="59.0" Y="144.0" />
  <Point X="60.0" Y="143.0" />
  <Point X="60.0" Y="142.0" />
  <Point X="61.0" Y="142.0" />
  <Point X="61.379404024277015" Y="141.62059597572298" />
  <Point X="62.0" Y="141.0" />
  <Point X="63.0" Y="141.0" />
  <Point X="63.0" Y="140.0" />
  <Point X="64.0" Y="140.0" />
  <Point X="64.0" Y="139.0" />
  <Point X="65.0" Y="139.0" />
  <Point X="65.0" Y="138.12419433400993" />
  <Point X="65.0" Y="138.0" />
  <Point X="66.0" Y="138.0" />
  <Point X="67.0" Y="138.0" />
  <Point X="67.0" Y="137.0" />
  <Point X="68.0" Y="137.0" />
  <Point X="68.0" Y="136.0" />
  <Point X="69.0" Y="136.0" />
  <Point X="69.44495866419625" Y="135.55504133580376" />
  <Point X="70.0" Y="135.0" />
  <Point X="71.0" Y="134.0" />
  <Point X="72.0" Y="134.0" />
  <Point X="73.0" Y="133.0" />
  <Point X="74.0" Y="132.0" />
  <Point X="74.72587323972104" Y="132.0" />
  <Point X="75.0" Y="132.0" />
  <Point X="75.0" Y="131.0" />
  <Point X="76.0" Y="130.0" />
  <Point X="77.0" Y="130.0" />
  <Point X="77.0" Y="129.0" />
  <Point X="78.0" Y="129.0" />
  <Point X="79.0" Y="129.0" />
  <Point X="79.0" Y="128.93487941104038" />
  <Point X="79.0" Y="128.0" />
  <Point X="80.0" Y="128.0" />
  <Point X="81.0" Y="127.0" />
  <Point X="81.0" Y="126.0" />
  <Point X="82.0" Y="126.0" />
  <Point X="83.0" Y="126.0" />
  <Point X="83.0" Y="125.5956320618018" />
  <Point X="83.0" Y="125.0" />
  <Point X="84.0" Y="125.0" />
  <Point X="85.0" Y="124.0" />
  <Point X="86.0" Y="124.0" />
  <Point X="87.0" Y="123.0" />
  <Point X="87.0" Y="122.0" />
  <Point X="87.32940172506369" Y="122.0" />
  <Point X="88.0" Y="122.0" />
  <Point X="89.0" Y="122.0" />
  <Point X="90.0" Y="121.0" />
  <Point X="91.0" Y="120.0" />
  <Point X="92.0" Y="120.0" />
  <Point X="92.0" Y="119.0" />
  <Point X="92.17991307585979" Y="118.82008692414021" />
  <Point X="93.0" Y="118.0" />
  <Point X="94.0" Y="118.0" />
  <Point X="95.0" Y="118.0" />
  <Point X="95.0" Y="117.0" />
  <Point X="96.0" Y="117.0" />
  <Point X="97.0" Y="116.0" />
  <Point X="97.17946929879466" Y="116.0" />
  <Point X="98.0" Y="116.0" />
  <Point X="98.0" Y="115.0" />
  <Point X="99.0" Y="115.0" />
  <Point X="99.0" Y="114.0" />
  <Point X="100.0" Y="114.0" />
  <Point X="100.0" Y="113.0" />
  <Point X="100.93293021040634" Y="113.0" />
  <Point X="101.0" Y="113.0" />
  <Point X="102.0" Y="113.0" />
  <Point X="103.0" Y="112.0" />
  <Point X="104.0" Y="112.0" />
  <Point X="105.0" Y="111.0" />
  <Point X="105.0" Y="110.0" />
  <Point X="105.85796399727182" Y="110.0" />
  <Point X="106.0" Y="110.0" />
  <Point X="107.0" Y="110.0" />
  <Point X="107.0" Y="109.0" />
  <Point X="108.0" Y="109.0" />
  <Point X="108.0" Y="108.0" />
  <Point X="109.0" Y="108.0" />
  <Point X="110.0" Y="107.0" />
  <Point X="110.19721134651041" Y="107.0" />
  <Point X="111.0" Y="107.0" />
  <Point X="111.0" Y="106.0" />
  <Point X="112.0" Y="106.0" />
  <Point X="112.0" Y="105.0" />
  <Point X="113.0" Y="105.0" />
  <Point X="114.0" Y="105.0" />
  <Point X="114.0" Y="104.0493277418779" />
  <Point X="114.0" Y="104.0" />
  <Point X="115.0" Y="104.0" />
  <Point X="115.0" Y="103.0" />
  <Point X="116.0" Y="103.0" />
  <Point X="117.0" Y="103.0" />
  <Point X="117.0" Y="102.0" />
  <Point X="117.0" Y="101.0" />
  <Point X="117.70413316973378" Y="101.0" />
  <Point X="118.0" Y="101.0" />
  <Point X="119.0" Y="101.0" />
  <Point X="120.0" Y="100.0" />
  <Point X="121.0" Y="99.0" />
  <Point X="122.0" Y="98.0" />
  <Point X="123.0" Y="98.0" />
  <Point X="123.0" Y="97.78504660577383" />
  <Point X="123.0" Y="97.0" />
  <Point X="124.0" Y="97.0" />
  <Point X="124.0" Y="96.0" />
  <Point X="125.0" Y="96.0" />
  <Point X="125.0" Y="95.0" />
  <Point X="126.0" Y="95.0" />
  <Point X="126.684772322656" Y="94.315227677344" />
  <Point X="127.0" Y="94.0" />
  <Point X="128.0" Y="93.0" />
  <Point X="129.0" Y="93.0" />
  <Point X="129.0" Y="92.0" />
  <Point X="130.0" Y="92.0" />
  <Point X="130.0" Y="91.0" />
  <Point X="130.89344809270332" Y="91.0" />
  <Point X="131.0" Y="91.0" />
  <Point X="132.0" Y="91.0" />
  <Point X="132.0" Y="90.0" />
  <Point X="133.0" Y="90.0" />
  <Point X="133.0" Y="89.0" />
  <Point X="134.0" Y="89.0" />
  <Point X="134.0" Y="88.0" />
  <Point X="134.646909004315" Y="88.0" />
  <Point X="135.0" Y="88.0" />
  <Point X="136.0" Y="88.0" />
  <Point X="136.0" Y="87.0" />
  <Point X="137.0" Y="87.0" />
  <Point X="138.0" Y="87.0" />
  <Point X="138.0" Y="86.0" />
  <Point X="139.0" Y="86.0" />
  <Point X="139.0" Y="85.59963008407331" />
  <Point X="139.0" Y="85.0" />
  <Point X="140.0" Y="85.0" />
  <Point X="141.0" Y="84.0" />
  <Point X="142.0" Y="84.0" />
  <Point X="142.0" Y="83.0" />
  <Point X="143.0" Y="83.0" />
  <Point X="143.73961726516526" Y="83.0" />
  <Point X="144.0" Y="83.0" />
  <Point X="144.0" Y="82.0" />
  <Point X="145.0" Y="82.0" />
  <Point X="145.0" Y="81.0" />
  <Point X="146.0" Y="81.0" />
  <Point X="147.0" Y="81.0" />
  <Point X="147.0" Y="80.0" />
  <Point X="147.49307817677695" Y="80.0" />
  <Point X="148.0" Y="80.0" />
  <Point X="148.0" Y="79.0" />
  <Point X="149.0" Y="79.0" />
  <Point X="150.0" Y="79.0" />
  <Point X="150.0" Y="78.0" />
  <Point X="151.0" Y="78.0" />
  <Point X="151.0" Y="77.0" />
  <Point X="151.24653908838863" Y="77.0" />
  <Point X="152.0" Y="77.0" />
  <Point X="153.0" Y="77.0" />
  <Point X="153.0" Y="76.0" />
  <Point X="154.0" Y="76.0" />
  <Point X="155.0" Y="76.0" />
  <Point X="156.0" Y="76.0" />
  <Point X="156.0" Y="75.0" />
</Project_1_Part_4>
