<?xml version="1.0" encoding="utf-8" standalone="yes"?>
<Gesture Name="delete_mark9" Subject="1" Number="1" NumPts="419">
  <Point X="73.0" Y="87.0" />
  <Point X="74.0" Y="87.0" />
  <Point X="74.0" Y="88.0" />
  <Point X="74.0" Y="89.0" />
  <Point X="75.0" Y="89.0" />
  <Point X="76.0" Y="89.0" />
  <Point X="76.0" Y="90.0" />
  <Point X="76.07296869263536" Y="90.0" />
  <Point X="77.0" Y="90.0" />
  <Point X="78.0" Y="90.0" />
  <Point X="78.0" Y="91.0" />
  <Point X="79.0" Y="91.0" />
  <Point X="80.0" Y="91.0" />
  <Point X="80.0" Y="92.0" />
  <Point X="80.14593738527071" Y="92.0" />
  <Point X="81.0" Y="92.0" />
  <Point X="81.0" Y="93.0" />
  <Point X="82.0" Y="93.0" />
  <Point X="83.0" Y="93.0" />
  <Point X="83.0" Y="94.0" />
  <Point X="84.0" Y="94.0" />
  <Point X="84.21890607790607" Y="94.0" />
  <Point X="85.0" Y="94.0" />
  <Point X="85.0" Y="95.0" />
  <Point X="86.0" Y="95.0" />
  <Point X="87.0" Y="95.0" />
  <Point X="87.0" Y="96.0" />
  <Point X="88.0" Y="96.0" />
  <Point X="88.0" Y="96.29187477054143" />
  <Point X="88.0" Y="97.0" />
  <Point X="89.0" Y="97.0" />
  <Point X="90.0" Y="98.0" />
  <Point X="91.0" Y="98.0" />
  <Point X="92.0" Y="99.0" />
  <Point X="92.5364163384306" Y="99.0" />
  <Point X="93.0" Y="99.0" />
  <Point X="94.0" Y="99.0" />
  <Point X="94.0" Y="100.0" />
  <Point X="94.0" Y="101.0" />
  <Point X="95.0" Y="101.0" />
  <Point X="96.0" Y="101.0" />
  <Point X="96.0" Y="101.60938503106595" />
  <Point X="96.0" Y="102.0" />
  <Point X="97.0" Y="102.0" />
  <Point X="98.0" Y="102.0" />
  <Point X="98.0" Y="103.0" />
  <Point X="99.0" Y="103.0" />
  <Point X="99.0" Y="104.0" />
  <Point X="99.68235372370131" Y="104.0" />
  <Point X="100.0" Y="104.0" />
  <Point X="100.0" Y="105.0" />
  <Point X="101.0" Y="105.0" />
  <Point X="102.0" Y="105.0" />
  <Point X="102.0" Y="106.0" />
  <Point X="103.0" Y="106.0" />
  <Point X="103.75532241633667" Y="106.0" />
  <Point X="104.0" Y="106.0" />
  <Point X="104.0" Y="107.0" />
  <Point X="105.0" Y="107.0" />
  <Point X="106.0" Y="107.0" />
  <Point X="107.0" Y="108.0" />
  <Point X="107.0" Y="109.0" />
  <Point X="107.41407754659893" Y="109.0" />
  <Point X="108.0" Y="109.0" />
  <Point X="110.0" Y="110.0" />
  <Point X="111.0" Y="111.0" />
  <Point X="112.0" Y="111.0" />
  <Point X="112.59168199317598" Y="111.59168199317598" />
  <Point X="113.0" Y="112.0" />
  <Point X="114.0" Y="113.0" />
  <Point X="115.0" Y="113.0" />
  <Point X="116.0" Y="114.0" />
  <Point X="117.0" Y="114.0" />
  <Point X="117.47170577529896" Y="114.47170577529896" />
  <Point X="118.0" Y="115.0" />
  <Point X="119.0" Y="115.0" />
  <Point X="119.0" Y="116.0" />
  <Point X="120.0" Y="117.0" />
  <Point X="121.0" Y="117.0" />
  <Point X="121.91163427276668" Y="117.0" />
  <Point X="122.0" Y="117.0" />
  <Point X="122.0" Y="118.0" />
  <Point X="123.0" Y="118.0" />
  <Point X="123.0" Y="119.0" />
  <Point X="124.0" Y="119.0" />
  <Point X="125.0" Y="119.0" />
  <Point X="125.69621943361217" Y="119.69621943361217" />
  <Point X="126.0" Y="120.0" />
  <Point X="126.0" Y="121.0" />
  <Point X="127.0" Y="121.0" />
  <Point X="129.0" Y="122.0" />
  <Point X="130.0" Y="122.0" />
  <Point X="130.0" Y="122.40729011816452" />
  <Point X="130.0" Y="123.0" />
  <Point X="131.0" Y="123.0" />
  <Point X="132.0" Y="124.0" />
  <Point X="133.0" Y="124.0" />
  <Point X="133.0" Y="125.0" />
  <Point X="134.0" Y="125.0" />
  <Point X="134.0660452484268" Y="125.0" />
  <Point X="135.0" Y="125.0" />
  <Point X="135.0" Y="126.0" />
  <Point X="136.0" Y="126.0" />
  <Point X="137.0" Y="127.0" />
  <Point X="138.0" Y="127.0" />
  <Point X="138.0" Y="127.72480037868907" />
  <Point X="138.0" Y="128.0" />
  <Point X="139.0" Y="128.0" />
  <Point X="139.0" Y="129.0" />
  <Point X="140.0" Y="129.0" />
  <Point X="141.0" Y="130.0" />
  <Point X="142.0" Y="130.0" />
  <Point X="142.0" Y="130.38355550895133" />
  <Point X="142.0" Y="131.0" />
  <Point X="143.0" Y="131.0" />
  <Point X="143.0" Y="132.0" />
  <Point X="144.0" Y="132.0" />
  <Point X="144.0" Y="133.0" />
  <Point X="144.0" Y="134.0" />
  <Point X="144.4565242015867" Y="134.0" />
  <Point X="145.0" Y="134.0" />
  <Point X="146.0" Y="134.0" />
  <Point X="146.0" Y="135.0" />
  <Point X="147.0" Y="135.0" />
  <Point X="147.0" Y="136.0" />
  <Point X="148.0" Y="137.0" />
  <Point X="148.0" Y="137.11527933184897" />
  <Point X="148.0" Y="138.0" />
  <Point X="149.0" Y="138.0" />
  <Point X="150.0" Y="138.0" />
  <Point X="150.0" Y="139.0" />
  <Point X="151.0" Y="139.0" />
  <Point X="151.0" Y="140.0" />
  <Point X="151.18824802448432" Y="140.0" />
  <Point X="152.0" Y="140.0" />
  <Point X="152.0" Y="141.0" />
  <Point X="152.0" Y="142.0" />
  <Point X="153.0" Y="142.0" />
  <Point X="153.0" Y="143.0" />
  <Point X="154.0" Y="143.0" />
  <Point X="154.0" Y="143.26121671711968" />
  <Point X="154.0" Y="144.0" />
  <Point X="154.0" Y="145.0" />
  <Point X="155.0" Y="145.0" />
  <Point X="155.0" Y="146.0" />
  <Point X="156.0" Y="146.0" />
  <Point X="157.0" Y="146.0" />
  <Point X="157.0" Y="146.33418540975504" />
  <Point X="157.0" Y="147.0" />
  <Point X="158.0" Y="147.0" />
  <Point X="158.0" Y="148.0" />
  <Point X="157.0" Y="148.0" />
  <Point X="156.0" Y="149.0" />
  <Point X="156.0" Y="149.99294054001732" />
  <Point X="156.0" Y="150.0" />
  <Point X="155.0" Y="150.0" />
  <Point X="154.0" Y="150.0" />
  <Point X="153.0" Y="150.0" />
  <Point X="153.0" Y="151.0" />
  <Point X="152.0" Y="151.0" />
  <Point X="151.24628835346195" Y="151.75371164653805" />
  <Point X="151.0" Y="152.0" />
  <Point X="150.0" Y="152.0" />
  <Point X="149.0" Y="152.0" />
  <Point X="148.0" Y="153.0" />
  <Point X="147.0" Y="153.0" />
  <Point X="147.0" Y="154.0" />
  <Point X="146.68954919945816" Y="154.0" />
  <Point X="146.0" Y="154.0" />
  <Point X="145.0" Y="154.0" />
  <Point X="144.0" Y="154.0" />
  <Point X="143.0" Y="154.0" />
  <Point X="142.0" Y="154.0" />
  <Point X="141.0" Y="154.0" />
  <Point X="141.0" Y="154.3834194931772" />
  <Point X="141.0" Y="155.0" />
  <Point X="140.0" Y="155.0" />
  <Point X="139.0" Y="155.0" />
  <Point X="138.0" Y="155.0" />
  <Point X="137.0" Y="155.0" />
  <Point X="136.0" Y="155.0" />
  <Point X="135.54361181418744" Y="155.0" />
  <Point X="135.0" Y="155.0" />
  <Point X="134.0" Y="156.0" />
  <Point X="133.0" Y="156.0" />
  <Point X="132.0" Y="156.0" />
  <Point X="131.0" Y="156.0" />
  <Point X="130.0" Y="156.0" />
  <Point X="129.88485668392516" Y="156.0" />
  <Point X="129.0" Y="156.0" />
  <Point X="128.0" Y="156.0" />
  <Point X="127.0" Y="156.0" />
  <Point X="126.0" Y="156.0" />
  <Point X="125.0" Y="157.0" />
  <Point X="124.2261015536629" Y="157.0" />
  <Point X="124.0" Y="157.0" />
  <Point X="123.0" Y="157.0" />
  <Point X="122.0" Y="157.0" />
  <Point X="122.0" Y="158.0" />
  <Point X="121.0" Y="158.0" />
  <Point X="119.15313286102754" Y="158.0" />
  <Point X="119.0" Y="158.0" />
  <Point X="118.0" Y="158.0" />
  <Point X="117.0" Y="158.0" />
  <Point X="116.0" Y="158.0" />
  <Point X="115.0" Y="158.0" />
  <Point X="113.08016416839219" Y="158.0" />
  <Point X="113.0" Y="158.0" />
  <Point X="112.0" Y="159.0" />
  <Point X="111.0" Y="159.0" />
  <Point X="110.0" Y="159.0" />
  <Point X="109.0" Y="159.0" />
  <Point X="108.0" Y="159.0" />
  <Point X="107.42140903812992" Y="159.0" />
  <Point X="107.0" Y="159.0" />
  <Point X="105.0" Y="159.0" />
  <Point X="104.0" Y="160.0" />
  <Point X="103.0" Y="160.0" />
  <Point X="102.0" Y="160.0" />
  <Point X="101.76265390786766" Y="160.0" />
  <Point X="101.0" Y="160.0" />
  <Point X="100.0" Y="160.0" />
  <Point X="100.0" Y="161.0" />
  <Point X="99.0" Y="161.0" />
  <Point X="98.0" Y="161.0" />
  <Point X="97.0" Y="161.0" />
  <Point X="96.6896852152323" Y="161.0" />
  <Point X="96.0" Y="161.0" />
  <Point X="95.0" Y="161.0" />
  <Point X="94.0" Y="161.0" />
  <Point X="93.0" Y="161.0" />
  <Point X="92.0" Y="161.0" />
  <Point X="91.0" Y="161.0" />
  <Point X="90.72897765401153" Y="161.27102234598846" />
  <Point X="90.0" Y="162.0" />
  <Point X="89.0" Y="162.0" />
  <Point X="88.0" Y="162.0" />
  <Point X="87.0" Y="162.0" />
  <Point X="86.0" Y="162.0" />
  <Point X="85.0" Y="162.0" />
  <Point X="84.95796139233468" Y="162.0" />
  <Point X="84.0" Y="162.0" />
  <Point X="83.0" Y="162.0" />
  <Point X="82.0" Y="162.0" />
  <Point X="81.0" Y="162.0" />
  <Point X="80.0" Y="162.0" />
  <Point X="79.0" Y="162.0" />
  <Point X="78.88499269969932" Y="162.0" />
  <Point X="78.0" Y="162.0" />
  <Point X="77.0" Y="162.0" />
  <Point X="76.0" Y="162.0" />
  <Point X="75.0" Y="162.0" />
  <Point X="74.0" Y="162.0" />
  <Point X="73.0" Y="162.0" />
  <Point X="72.81202400706397" Y="162.0" />
  <Point X="72.0" Y="162.0" />
  <Point X="71.0" Y="162.0" />
  <Point X="70.0" Y="162.0" />
  <Point X="70.0" Y="161.0" />
  <Point X="70.0" Y="160.0" />
  <Point X="70.0" Y="159.0" />
  <Point X="70.0" Y="158.7390553144286" />
  <Point X="70.0" Y="158.0" />
  <Point X="70.0" Y="157.0" />
  <Point X="71.0" Y="157.0" />
  <Point X="71.0" Y="156.0" />
  <Point X="72.0" Y="156.0" />
  <Point X="72.0" Y="155.0" />
  <Point X="72.23611241405891" Y="154.7638875859411" />
  <Point X="73.0" Y="154.0" />
  <Point X="74.0" Y="153.0" />
  <Point X="74.0" Y="152.0" />
  <Point X="75.0" Y="152.0" />
  <Point X="76.0" Y="152.0" />
  <Point X="76.0" Y="151.42154505390405" />
  <Point X="76.0" Y="151.0" />
  <Point X="77.0" Y="151.0" />
  <Point X="77.0" Y="150.0" />
  <Point X="78.0" Y="150.0" />
  <Point X="79.0" Y="150.0" />
  <Point X="80.0" Y="149.0" />
  <Point X="80.0" Y="148.76278992364178" />
  <Point X="80.0" Y="148.0" />
  <Point X="81.0" Y="148.0" />
  <Point X="82.0" Y="147.0" />
  <Point X="83.0" Y="147.0" />
  <Point X="84.0" Y="146.0" />
  <Point X="84.4817516442474" Y="146.0" />
  <Point X="85.0" Y="146.0" />
  <Point X="86.0" Y="145.0" />
  <Point X="87.0" Y="145.0" />
  <Point X="88.0" Y="144.0" />
  <Point X="89.0" Y="143.0" />
  <Point X="89.31207964976348" Y="143.0" />
  <Point X="90.0" Y="143.0" />
  <Point X="90.0" Y="142.0" />
  <Point X="91.0" Y="142.0" />
  <Point X="92.0" Y="142.0" />
  <Point X="93.0" Y="141.0" />
  <Point X="93.97083478002574" Y="141.0" />
  <Point X="94.0" Y="141.0" />
  <Point X="95.0" Y="140.0" />
  <Point X="95.0" Y="139.0" />
  <Point X="96.0" Y="139.0" />
  <Point X="97.0" Y="139.0" />
  <Point X="98.0" Y="139.0" />
  <Point X="98.0" Y="138.37041008971198" />
  <Point X="98.0" Y="138.0" />
  <Point X="99.0" Y="138.0" />
  <Point X="100.0" Y="138.0" />
  <Point X="101.0" Y="137.0" />
  <Point X="102.0" Y="136.0" />
  <Point X="102.87413147817719" Y="136.0" />
  <Point X="103.0" Y="136.0" />
  <Point X="103.0" Y="135.0" />
  <Point X="104.0" Y="135.0" />
  <Point X="105.0" Y="135.0" />
  <Point X="105.0" Y="134.0" />
  <Point X="106.0" Y="134.0" />
  <Point X="106.94710017081255" Y="134.0" />
  <Point X="107.0" Y="134.0" />
  <Point X="107.0" Y="133.0" />
  <Point X="108.0" Y="133.0" />
  <Point X="109.0" Y="132.0" />
  <Point X="110.0" Y="132.0" />
  <Point X="110.0" Y="131.0" />
  <Point X="110.42840439180782" Y="130.57159560819218" />
  <Point X="111.0" Y="130.0" />
  <Point X="112.0" Y="130.0" />
  <Point X="112.0" Y="129.0" />
  <Point X="113.0" Y="129.0" />
  <Point X="114.0" Y="128.0" />
  <Point X="114.60132139274424" Y="127.39867860725576" />
  <Point X="115.0" Y="127.0" />
  <Point X="116.0" Y="127.0" />
  <Point X="116.0" Y="126.0" />
  <Point X="117.0" Y="126.0" />
  <Point X="118.0" Y="126.0" />
  <Point X="118.0" Y="125.0" />
  <Point X="118.50915199922625" Y="125.0" />
  <Point X="119.0" Y="125.0" />
  <Point X="119.0" Y="124.0" />
  <Point X="120.0" Y="124.0" />
  <Point X="120.0" Y="123.0" />
  <Point X="121.0" Y="123.0" />
  <Point X="121.0" Y="122.0" />
  <Point X="121.5821206918616" Y="122.0" />
  <Point X="122.0" Y="122.0" />
  <Point X="122.0" Y="121.0" />
  <Point X="123.0" Y="121.0" />
  <Point X="124.0" Y="121.0" />
  <Point X="124.0" Y="120.0" />
  <Point X="125.0" Y="119.0" />
  <Point X="125.24087582212387" Y="119.0" />
  <Point X="126.0" Y="119.0" />
  <Point X="126.0" Y="118.0" />
  <Point X="127.0" Y="118.0" />
  <Point X="128.0" Y="118.0" />
  <Point X="128.0" Y="117.0" />
  <Point X="129.0" Y="117.0" />
  <Point X="129.0" Y="116.68615548524077" />
  <Point X="129.0" Y="116.0" />
  <Point X="129.0" Y="115.0" />
  <Point X="130.0" Y="115.0" />
  <Point X="131.0" Y="115.0" />
  <Point X="132.0" Y="115.0" />
  <Point X="132.0" Y="114.0" />
  <Point X="132.3868132073946" Y="114.0" />
  <Point X="133.0" Y="114.0" />
  <Point X="133.0" Y="113.0" />
  <Point X="134.0" Y="112.0" />
  <Point X="135.0" Y="111.0" />
  <Point X="136.0" Y="110.0" />
  <Point X="136.21714121291066" Y="110.0" />
  <Point X="137.0" Y="110.0" />
  <Point X="137.0" Y="109.0" />
  <Point X="138.0" Y="109.0" />
  <Point X="139.0" Y="108.0" />
  <Point X="139.0" Y="107.0" />
  <Point X="139.87589634317294" Y="107.0" />
  <Point X="140.0" Y="107.0" />
  <Point X="140.0" Y="106.0" />
  <Point X="141.0" Y="106.0" />
  <Point X="142.0" Y="105.0" />
  <Point X="143.0" Y="104.0" />
  <Point X="144.0" Y="104.0" />
  <Point X="144.0" Y="103.87956208893789" />
  <Point X="144.0" Y="103.0" />
  <Point X="145.0" Y="103.0" />
  <Point X="145.0" Y="102.0" />
  <Point X="146.0" Y="102.0" />
  <Point X="146.0" Y="101.0" />
  <Point X="147.0" Y="101.0" />
  <Point X="147.19340660369747" Y="101.0" />
  <Point X="148.0" Y="101.0" />
  <Point X="148.0" Y="100.0" />
  <Point X="149.0" Y="99.0" />
  <Point X="150.0" Y="99.0" />
  <Point X="150.0" Y="98.0" />
  <Point X="150.60256934075062" Y="97.39743065924938" />
  <Point X="151.0" Y="97.0" />
  <Point X="152.0" Y="97.0" />
  <Point X="153.0" Y="96.0" />
  <Point X="153.0" Y="95.0" />
  <Point X="154.0" Y="95.0" />
  <Point X="154.0" Y="94.0" />
  <Point X="154.09670330184892" Y="94.0" />
  <Point X="155.0" Y="94.0" />
  <Point X="156.0" Y="93.0" />
  <Point X="157.0" Y="93.0" />
  <Point X="157.0" Y="92.0" />
  <Point X="157.0" Y="91.0" />
  <Point X="157.7554584321112" Y="91.0" />
  <Point X="158.0" Y="91.0" />
  <Point X="158.0" Y="90.0" />
  <Point X="159.0" Y="90.0" />
  <Point X="160.0" Y="89.0" />
  <Point X="161.0" Y="89.0" />
  <Point X="162.0" Y="88.0" />
</Project_1_Part_4>
