<?xml version="1.0" encoding="utf-8" standalone="yes"?>
<Gesture Name="delete_mark4" Subject="1" Number="1" NumPts="427">
  <Point X="71.0" Y="69.0" />
  <Point X="72.0" Y="69.0" />
  <Point X="73.0" Y="69.0" />
  <Point X="73.0" Y="70.0" />
  <Point X="74.0" Y="70.0" />
  <Point X="75.0" Y="70.0" />
  <Point X="75.0" Y="71.0" />
  <Point X="75.40664984234147" Y="71.0" />
  <Point X="76.0" Y="71.0" />
  <Point X="77.0" Y="72.0" />
  <Point X="78.0" Y="72.0" />
  <Point X="78.0" Y="73.0" />
  <Point X="79.0" Y="73.0" />
  <Point X="79.0" Y="74.0" />
  <Point X="79.39908612230982" Y="74.0" />
  <Point X="80.0" Y="74.0" />
  <Point X="80.0" Y="75.0" />
  <Point X="81.0" Y="75.0" />
  <Point X="81.0" Y="76.0" />
  <Point X="82.0" Y="76.0" />
  <Point X="82.0" Y="77.0" />
  <Point X="82.80573596465129" Y="77.0" />
  <Point X="83.0" Y="77.0" />
  <Point X="83.0" Y="78.0" />
  <Point X="84.0" Y="79.0" />
  <Point X="85.0" Y="80.0" />
  <Point X="86.0" Y="80.0" />
  <Point X="86.0" Y="81.0" />
  <Point X="86.0" Y="81.38395868224656" />
  <Point X="86.0" Y="82.0" />
  <Point X="87.0" Y="82.0" />
  <Point X="87.0" Y="83.0" />
  <Point X="88.0" Y="83.0" />
  <Point X="88.0" Y="84.0" />
  <Point X="89.0" Y="84.0" />
  <Point X="89.55904464900007" Y="84.55904464900007" />
  <Point X="90.0" Y="85.0" />
  <Point X="90.0" Y="86.0" />
  <Point X="91.0" Y="86.0" />
  <Point X="91.0" Y="87.0" />
  <Point X="92.0" Y="87.0" />
  <Point X="92.0" Y="88.0" />
  <Point X="92.5536962912747" Y="88.5536962912747" />
  <Point X="93.0" Y="89.0" />
  <Point X="94.0" Y="89.0" />
  <Point X="94.0" Y="90.0" />
  <Point X="95.0" Y="90.0" />
  <Point X="95.0" Y="91.0" />
  <Point X="96.0" Y="92.0" />
  <Point X="96.25545471473589" Y="92.25545471473589" />
  <Point X="97.0" Y="93.0" />
  <Point X="98.0" Y="93.0" />
  <Point X="98.0" Y="94.0" />
  <Point X="99.0" Y="94.0" />
  <Point X="99.0" Y="95.0" />
  <Point X="100.0" Y="95.0" />
  <Point X="100.0" Y="95.35370380212001" />
  <Point X="100.0" Y="96.0" />
  <Point X="101.0" Y="97.0" />
  <Point X="102.0" Y="98.0" />
  <Point X="103.0" Y="99.0" />
  <Point X="103.0" Y="100.0" />
  <Point X="103.51771295734218" Y="100.0" />
  <Point X="104.0" Y="100.0" />
  <Point X="105.0" Y="101.0" />
  <Point X="106.0" Y="102.0" />
  <Point X="106.0" Y="103.0" />
  <Point X="107.0" Y="103.0" />
  <Point X="107.0" Y="104.0" />
  <Point X="107.09593567493745" Y="104.0" />
  <Point X="108.0" Y="104.0" />
  <Point X="108.0" Y="105.0" />
  <Point X="109.0" Y="105.0" />
  <Point X="109.0" Y="106.0" />
  <Point X="110.0" Y="106.0" />
  <Point X="110.0" Y="107.0" />
  <Point X="110.5025855172789" Y="107.0" />
  <Point X="111.0" Y="107.0" />
  <Point X="111.0" Y="108.0" />
  <Point X="112.0" Y="108.0" />
  <Point X="112.0" Y="109.0" />
  <Point X="113.0" Y="109.0" />
  <Point X="113.0" Y="110.0" />
  <Point X="113.90923535962037" Y="110.0" />
  <Point X="114.0" Y="110.0" />
  <Point X="115.0" Y="111.0" />
  <Point X="115.0" Y="112.0" />
  <Point X="116.0" Y="112.0" />
  <Point X="116.0" Y="113.0" />
  <Point X="117.0" Y="114.0" />
  <Point X="117.48745807721563" Y="114.0" />
  <Point X="118.0" Y="114.0" />
  <Point X="118.0" Y="115.0" />
  <Point X="119.0" Y="115.0" />
  <Point X="120.0" Y="116.0" />
  <Point X="121.0" Y="117.0" />
  <Point X="122.0" Y="117.0" />
  <Point X="122.0" Y="117.0656807948109" />
  <Point X="122.0" Y="118.0" />
  <Point X="123.0" Y="119.0" />
  <Point X="124.0" Y="119.0" />
  <Point X="125.0" Y="120.0" />
  <Point X="126.0" Y="121.0" />
  <Point X="126.16241532123878" Y="121.16241532123878" />
  <Point X="127.0" Y="122.0" />
  <Point X="128.0" Y="122.0" />
  <Point X="129.0" Y="122.0" />
  <Point X="129.0" Y="123.0" />
  <Point X="130.0" Y="123.0" />
  <Point X="130.0" Y="124.0" />
  <Point X="130.22212623000144" Y="124.0" />
  <Point X="131.0" Y="124.0" />
  <Point X="131.0" Y="125.0" />
  <Point X="132.0" Y="125.0" />
  <Point X="133.0" Y="125.0" />
  <Point X="133.0" Y="126.0" />
  <Point X="134.0" Y="126.0" />
  <Point X="134.6287760723429" Y="126.0" />
  <Point X="135.0" Y="126.0" />
  <Point X="135.0" Y="127.0" />
  <Point X="136.0" Y="127.0" />
  <Point X="136.0" Y="128.0" />
  <Point X="137.0" Y="128.0" />
  <Point X="137.0" Y="129.0" />
  <Point X="138.0" Y="129.0" />
  <Point X="138.02504990450305" Y="129.02504990450305" />
  <Point X="139.0" Y="130.0" />
  <Point X="140.0" Y="130.0" />
  <Point X="140.0" Y="131.0" />
  <Point X="141.0" Y="131.0" />
  <Point X="142.0" Y="132.0" />
  <Point X="142.0" Y="132.61364863227962" />
  <Point X="142.0" Y="133.0" />
  <Point X="143.0" Y="133.0" />
  <Point X="144.0" Y="133.0" />
  <Point X="144.0" Y="134.0" />
  <Point X="145.0" Y="134.0" />
  <Point X="145.0" Y="135.0" />
  <Point X="146.0" Y="135.0" />
  <Point X="146.01435318905231" Y="135.01435318905231" />
  <Point X="147.0" Y="136.0" />
  <Point X="148.0" Y="136.0" />
  <Point X="148.0" Y="137.0" />
  <Point X="147.0" Y="137.0" />
  <Point X="146.0" Y="137.0" />
  <Point X="145.0" Y="137.0" />
  <Point X="144.98726524541055" Y="137.0" />
  <Point X="144.0" Y="137.0" />
  <Point X="143.0" Y="137.0" />
  <Point X="142.0" Y="137.0" />
  <Point X="141.0" Y="137.0" />
  <Point X="140.0" Y="137.0" />
  <Point X="139.0" Y="137.0" />
  <Point X="138.5806154030691" Y="137.0" />
  <Point X="138.0" Y="137.0" />
  <Point X="137.0" Y="137.0" />
  <Point X="136.0" Y="137.0" />
  <Point X="136.0" Y="138.0" />
  <Point X="135.0" Y="138.0" />
  <Point X="134.0" Y="138.0" />
  <Point X="133.17396556072762" Y="138.0" />
  <Point X="133.0" Y="138.0" />
  <Point X="132.0" Y="138.0" />
  <Point X="131.0" Y="138.0" />
  <Point X="130.0" Y="139.0" />
  <Point X="128.0" Y="139.0" />
  <Point X="127.18152928075926" Y="139.0" />
  <Point X="127.0" Y="139.0" />
  <Point X="125.0" Y="139.0" />
  <Point X="124.0" Y="139.0" />
  <Point X="123.0" Y="139.0" />
  <Point X="122.0" Y="140.0" />
  <Point X="121.1890930007909" Y="140.0" />
  <Point X="121.0" Y="140.0" />
  <Point X="120.0" Y="141.0" />
  <Point X="119.0" Y="141.0" />
  <Point X="118.0" Y="141.0" />
  <Point X="117.0" Y="141.0" />
  <Point X="116.0" Y="141.0" />
  <Point X="115.19665672082255" Y="141.0" />
  <Point X="115.0" Y="141.0" />
  <Point X="113.0" Y="142.0" />
  <Point X="111.0" Y="142.0" />
  <Point X="111.0" Y="143.0" />
  <Point X="110.02607485598088" Y="143.0" />
  <Point X="110.0" Y="143.0" />
  <Point X="109.0" Y="143.0" />
  <Point X="108.0" Y="143.0" />
  <Point X="106.0" Y="143.0" />
  <Point X="105.0" Y="143.0" />
  <Point X="104.0" Y="143.0" />
  <Point X="103.61942501363941" Y="143.0" />
  <Point X="103.0" Y="143.0" />
  <Point X="102.0" Y="144.0" />
  <Point X="101.0" Y="144.0" />
  <Point X="100.0" Y="144.0" />
  <Point X="99.0" Y="144.0" />
  <Point X="98.0" Y="144.0" />
  <Point X="97.62698873367106" Y="144.0" />
  <Point X="97.0" Y="144.0" />
  <Point X="96.0" Y="144.0" />
  <Point X="95.0" Y="145.0" />
  <Point X="94.0" Y="146.0" />
  <Point X="93.0" Y="146.0" />
  <Point X="92.04876601607579" Y="146.0" />
  <Point X="92.0" Y="146.0" />
  <Point X="91.0" Y="146.0" />
  <Point X="90.0" Y="146.0" />
  <Point X="89.0" Y="146.0" />
  <Point X="88.0" Y="146.0" />
  <Point X="86.0" Y="146.0" />
  <Point X="85.64211617373434" Y="146.0" />
  <Point X="85.0" Y="146.0" />
  <Point X="83.0" Y="146.0" />
  <Point X="82.0" Y="146.0" />
  <Point X="81.0" Y="146.0" />
  <Point X="80.0" Y="146.0" />
  <Point X="79.31618029836287" Y="146.34190985081855" />
  <Point X="78.0" Y="147.0" />
  <Point X="77.0" Y="148.0" />
  <Point X="76.0" Y="148.0" />
  <Point X="75.0" Y="148.0" />
  <Point X="74.0" Y="148.0" />
  <Point X="73.47909802892431" Y="148.0" />
  <Point X="72.0" Y="148.0" />
  <Point X="71.0" Y="148.0" />
  <Point X="70.0" Y="148.0" />
  <Point X="69.0" Y="148.0" />
  <Point X="68.0" Y="148.0" />
  <Point X="67.07244818658285" Y="148.0" />
  <Point X="67.0" Y="148.0" />
  <Point X="66.0" Y="148.0" />
  <Point X="65.0" Y="148.0" />
  <Point X="64.0" Y="148.0" />
  <Point X="63.0" Y="148.0" />
  <Point X="62.0" Y="148.0" />
  <Point X="61.0" Y="148.0" />
  <Point X="60.66579834424139" Y="148.0" />
  <Point X="60.0" Y="148.0" />
  <Point X="59.0" Y="148.0" />
  <Point X="58.0" Y="148.0" />
  <Point X="57.0" Y="148.0" />
  <Point X="56.0" Y="148.0" />
  <Point X="55.0" Y="148.0" />
  <Point X="54.25914850189993" Y="148.0" />
  <Point X="54.0" Y="148.0" />
  <Point X="53.0" Y="148.0" />
  <Point X="52.0" Y="148.0" />
  <Point X="51.0" Y="148.0" />
  <Point X="50.0" Y="148.0" />
  <Point X="50.0" Y="147.0" />
  <Point X="50.0" Y="146.0" />
  <Point X="50.0" Y="145.85249865955848" />
  <Point X="50.0" Y="145.0" />
  <Point X="51.0" Y="145.0" />
  <Point X="52.0" Y="144.0" />
  <Point X="52.0" Y="143.0" />
  <Point X="53.0" Y="143.0" />
  <Point X="54.0" Y="143.0" />
  <Point X="54.0" Y="142.86006237959012" />
  <Point X="54.0" Y="142.0" />
  <Point X="55.0" Y="142.0" />
  <Point X="55.0" Y="141.0" />
  <Point X="56.0" Y="141.0" />
  <Point X="57.0" Y="140.0" />
  <Point X="58.0" Y="140.0" />
  <Point X="58.0" Y="139.86762609962176" />
  <Point X="58.0" Y="139.0" />
  <Point X="59.0" Y="139.0" />
  <Point X="59.0" Y="138.0" />
  <Point X="60.0" Y="138.0" />
  <Point X="60.0" Y="137.0" />
  <Point X="61.0" Y="137.0" />
  <Point X="61.5390237427197" Y="137.0" />
  <Point X="62.0" Y="137.0" />
  <Point X="62.0" Y="136.0" />
  <Point X="63.0" Y="136.0" />
  <Point X="64.0" Y="135.0" />
  <Point X="64.0" Y="134.0" />
  <Point X="65.0" Y="134.0" />
  <Point X="65.53146002268807" Y="134.0" />
  <Point X="66.0" Y="134.0" />
  <Point X="66.0" Y="133.0" />
  <Point X="67.0" Y="133.0" />
  <Point X="67.0" Y="132.0" />
  <Point X="68.0" Y="132.0" />
  <Point X="68.0" Y="131.0" />
  <Point X="68.66334384706037" Y="130.33665615293964" />
  <Point X="69.0" Y="130.0" />
  <Point X="70.0" Y="130.0" />
  <Point X="70.0" Y="129.0" />
  <Point X="71.0" Y="129.0" />
  <Point X="71.0" Y="128.0" />
  <Point X="72.0" Y="128.0" />
  <Point X="72.0" Y="127.06945385500212" />
  <Point X="72.0" Y="127.0" />
  <Point X="73.0" Y="127.0" />
  <Point X="74.0" Y="127.0" />
  <Point X="74.0" Y="126.0" />
  <Point X="75.0" Y="126.0" />
  <Point X="75.0" Y="125.0" />
  <Point X="76.0" Y="125.0" />
  <Point X="76.0" Y="124.66280401266067" />
  <Point X="76.0" Y="124.0" />
  <Point X="77.0" Y="124.0" />
  <Point X="78.0" Y="124.0" />
  <Point X="78.0" Y="123.0" />
  <Point X="79.0" Y="123.0" />
  <Point X="79.0" Y="122.0" />
  <Point X="79.7438458296808" Y="122.0" />
  <Point X="80.0" Y="122.0" />
  <Point X="80.0" Y="121.0" />
  <Point X="81.0" Y="121.0" />
  <Point X="82.0" Y="121.0" />
  <Point X="83.0" Y="120.0" />
  <Point X="83.0" Y="119.0" />
  <Point X="83.73628210964915" Y="119.0" />
  <Point X="84.0" Y="119.0" />
  <Point X="84.0" Y="118.0" />
  <Point X="85.0" Y="118.0" />
  <Point X="86.0" Y="118.0" />
  <Point X="86.0" Y="117.0" />
  <Point X="87.0" Y="117.0" />
  <Point X="87.80817493368734" Y="116.19182506631266" />
  <Point X="88.0" Y="116.0" />
  <Point X="89.0" Y="115.0" />
  <Point X="90.0" Y="115.0" />
  <Point X="90.0" Y="114.0" />
  <Point X="91.0" Y="114.0" />
  <Point X="92.0" Y="113.0" />
  <Point X="92.3069411072128" Y="113.0" />
  <Point X="93.0" Y="113.0" />
  <Point X="94.0" Y="113.0" />
  <Point X="94.0" Y="112.0" />
  <Point X="95.0" Y="112.0" />
  <Point X="95.0" Y="111.0" />
  <Point X="96.0" Y="111.0" />
  <Point X="96.0" Y="110.28640905044574" />
  <Point X="96.0" Y="110.0" />
  <Point X="97.0" Y="110.0" />
  <Point X="98.0" Y="109.0" />
  <Point X="99.0" Y="109.0" />
  <Point X="99.0" Y="108.0" />
  <Point X="100.0" Y="108.0" />
  <Point X="100.0" Y="107.29397277047738" />
  <Point X="100.0" Y="107.0" />
  <Point X="102.0" Y="106.0" />
  <Point X="103.0" Y="105.0" />
  <Point X="104.0" Y="105.0" />
  <Point X="105.0" Y="105.0" />
  <Point X="105.32696301626133" Y="104.67303698373867" />
  <Point X="106.0" Y="104.0" />
  <Point X="107.0" Y="103.0" />
  <Point X="108.0" Y="103.0" />
  <Point X="108.0" Y="102.0" />
  <Point X="109.0" Y="102.0" />
  <Point X="110.04061824958646" Y="102.0" />
  <Point X="111.0" Y="102.0" />
  <Point X="111.0" Y="101.0" />
  <Point X="112.0" Y="100.0" />
  <Point X="113.0" Y="100.0" />
  <Point X="114.0" Y="100.0" />
  <Point X="114.0" Y="99.0" />
  <Point X="114.03305452955482" Y="99.0" />
  <Point X="115.0" Y="99.0" />
  <Point X="116.0" Y="98.0" />
  <Point X="117.0" Y="98.0" />
  <Point X="118.0" Y="98.0" />
  <Point X="118.90582702757898" Y="96.18834594484204" />
  <Point X="119.0" Y="96.0" />
  <Point X="121.0" Y="96.0" />
  <Point X="121.0" Y="95.0" />
  <Point X="122.0" Y="95.0" />
  <Point X="123.0" Y="94.0" />
  <Point X="123.55285788002186" Y="93.44714211997814" />
  <Point X="124.0" Y="93.0" />
  <Point X="125.0" Y="93.0" />
  <Point X="126.0" Y="92.0" />
  <Point X="127.0" Y="92.0" />
  <Point X="129.0" Y="91.0" />
  <Point X="129.12401385208724" Y="91.0" />
  <Point X="130.0" Y="91.0" />
  <Point X="130.0" Y="90.0" />
  <Point X="131.0" Y="90.0" />
  <Point X="132.0" Y="89.0" />
  <Point X="133.0" Y="88.0" />
  <Point X="133.70223656968253" Y="88.0" />
  <Point X="134.0" Y="88.0" />
  <Point X="135.0" Y="87.0" />
  <Point X="136.0" Y="87.0" />
  <Point X="137.0" Y="86.0" />
  <Point X="138.0" Y="86.0" />
  <Point X="138.90542144506742" Y="85.09457855493258" />
  <Point X="139.0" Y="85.0" />
  <Point X="140.0" Y="85.0" />
  <Point X="140.0" Y="84.0" />
  <Point X="141.0" Y="84.0" />
  <Point X="142.0" Y="83.0" />
  <Point X="143.0" Y="83.0" />
  <Point X="143.6071798685286" Y="82.3928201314714" />
  <Point X="144.0" Y="82.0" />
  <Point X="145.0" Y="81.0" />
  <Point X="146.0" Y="81.0" />
  <Point X="146.0" Y="80.0" />
  <Point X="147.0" Y="79.0" />
  <Point X="148.0" Y="79.0" />
  <Point X="148.02269116009523" Y="79.0" />
  <Point X="149.0" Y="79.0" />
  <Point X="149.0" Y="78.0" />
  <Point X="150.0" Y="77.0" />
  <Point X="151.0" Y="77.0" />
  <Point X="152.0" Y="77.0" />
  <Point X="152.0" Y="76.0" />
  <Point X="152.0151274400636" Y="76.0" />
  <Point X="153.0" Y="76.0" />
  <Point X="154.0" Y="75.0" />
  <Point X="155.0" Y="75.0" />
  <Point X="155.0" Y="74.0" />
  <Point X="156.0" Y="74.0" />
  <Point X="156.0" Y="73.0" />
  <Point X="156.00756372003195" Y="73.0" />
  <Point X="157.0" Y="73.0" />
  <Point X="157.0" Y="72.0" />
  <Point X="158.0" Y="72.0" />
  <Point X="159.0" Y="72.0" />
  <Point X="160.0" Y="71.0" />
  <Point X="161.0" Y="71.0" />
</Project_1_Part_4>
