<?xml version="1.0" encoding="utf-8" standalone="yes"?>
<Gesture Name="left_sq_bracket10" Subject="1" Number="1" NumPts="226">
  <Point X="214.0" Y="18.0" />
  <Point X="213.0" Y="18.0" />
  <Point X="212.0" Y="18.0" />
  <Point X="209.35038137946043" Y="19.445246520294308" />
  <Point X="204.9449716130921" Y="21.84819730194976" />
  <Point X="200.53956184672376" Y="24.251148083605212" />
  <Point X="196.13415208035542" Y="26.654098865260664" />
  <Point X="191.72874231398708" Y="29.05704964691612" />
  <Point X="187.32333254761875" Y="31.460000428571572" />
  <Point X="182.9179227812504" Y="33.862951210227024" />
  <Point X="178.51251301488207" Y="36.26590199188248" />
  <Point X="174.10710324851374" Y="38.668852773537935" />
  <Point X="169.7016934821454" Y="41.07180355519339" />
  <Point X="165.29628371577707" Y="43.47475433684885" />
  <Point X="160.89087394940873" Y="45.8777051185043" />
  <Point X="156.4854641830404" Y="48.28065590015976" />
  <Point X="152.08005441667206" Y="50.68360668181521" />
  <Point X="147.67464465030372" Y="53.08655746347067" />
  <Point X="143.26923488393538" Y="55.489508245126125" />
  <Point X="138.86382511756705" Y="57.89245902678158" />
  <Point X="134.4584153511987" Y="60.295409808437036" />
  <Point X="130.05300558483037" Y="62.69836059009249" />
  <Point X="125.64759581846204" Y="65.10131137174795" />
  <Point X="121.24218605209371" Y="67.5042621534034" />
  <Point X="116.83677628572539" Y="69.90721293505887" />
  <Point X="112.43136651935706" Y="72.31016371671431" />
  <Point X="108.02595675298872" Y="74.71311449836978" />
  <Point X="103.62054698662038" Y="77.11606528002524" />
  <Point X="99.21513722025205" Y="79.51901606168069" />
  <Point X="94.80972745388372" Y="81.92196684333615" />
  <Point X="91.0" Y="84.0" />
  <Point X="90.32146563798347" Y="84.0" />
  <Point X="90.0" Y="84.0" />
  <Point X="89.0" Y="84.0" />
  <Point X="88.0" Y="84.0" />
  <Point X="87.0" Y="84.0" />
  <Point X="86.0" Y="85.0" />
  <Point X="85.71753136787174" Y="85.0" />
  <Point X="85.0" Y="85.0" />
  <Point X="84.0" Y="85.0" />
  <Point X="83.0" Y="85.0" />
  <Point X="82.0" Y="86.0" />
  <Point X="81.11359709776002" Y="86.0" />
  <Point X="81.0" Y="86.0" />
  <Point X="80.0" Y="86.0" />
  <Point X="79.0" Y="86.0" />
  <Point X="78.0" Y="86.0" />
  <Point X="77.0" Y="86.0" />
  <Point X="76.0954492652752" Y="86.0" />
  <Point X="76.0" Y="86.0" />
  <Point X="75.0" Y="86.0" />
  <Point X="75.0" Y="87.0" />
  <Point X="74.0" Y="87.0" />
  <Point X="73.0" Y="87.0" />
  <Point X="72.07730143279039" Y="87.0" />
  <Point X="72.0" Y="87.0" />
  <Point X="71.0" Y="88.0" />
  <Point X="70.0" Y="88.0" />
  <Point X="69.0" Y="88.0" />
  <Point X="68.0" Y="88.0" />
  <Point X="67.47336716267867" Y="88.0" />
  <Point X="67.0" Y="88.0" />
  <Point X="66.0" Y="88.0" />
  <Point X="65.0" Y="88.0" />
  <Point X="64.0" Y="88.0" />
  <Point X="63.0" Y="88.0" />
  <Point X="62.614781894120725" Y="88.38521810587928" />
  <Point X="62.0" Y="89.0" />
  <Point X="61.0" Y="89.0" />
  <Point X="60.0" Y="89.0" />
  <Point X="59.0" Y="89.0" />
  <Point X="58.0" Y="89.0" />
  <Point X="58.0" Y="89.14871493991787" />
  <Point X="58.0" Y="90.0" />
  <Point X="57.0" Y="90.0" />
  <Point X="57.0" Y="91.0" />
  <Point X="57.0" Y="92.0" />
  <Point X="57.0" Y="93.0" />
  <Point X="57.0" Y="93.16686277240268" />
  <Point X="57.0" Y="94.0" />
  <Point X="57.0" Y="95.0" />
  <Point X="57.0" Y="96.0" />
  <Point X="57.0" Y="97.0" />
  <Point X="57.0" Y="98.0" />
  <Point X="57.0" Y="98.1850106048875" />
  <Point X="57.0" Y="99.0" />
  <Point X="57.0" Y="100.0" />
  <Point X="57.0" Y="101.0" />
  <Point X="57.0" Y="102.0" />
  <Point X="57.0" Y="103.0" />
  <Point X="57.0" Y="103.20315843737231" />
  <Point X="57.0" Y="104.0" />
  <Point X="57.0" Y="105.0" />
  <Point X="57.0" Y="106.0" />
  <Point X="57.0" Y="107.0" />
  <Point X="57.0" Y="108.0" />
  <Point X="57.0" Y="108.22130626985712" />
  <Point X="57.0" Y="109.0" />
  <Point X="57.0" Y="110.0" />
  <Point X="57.0" Y="111.0" />
  <Point X="57.0" Y="113.0" />
  <Point X="57.0" Y="113.23945410234194" />
  <Point X="57.0" Y="114.0" />
  <Point X="57.0" Y="115.0" />
  <Point X="57.0" Y="117.0" />
  <Point X="57.0" Y="118.25760193482675" />
  <Point X="57.0" Y="119.0" />
  <Point X="57.0" Y="120.0" />
  <Point X="57.0" Y="122.0" />
  <Point X="57.0" Y="123.0" />
  <Point X="57.0" Y="123.27574976731157" />
  <Point X="57.0" Y="125.0" />
  <Point X="57.0" Y="126.0" />
  <Point X="57.0" Y="127.0" />
  <Point X="57.0" Y="128.0" />
  <Point X="57.0" Y="128.29389759979637" />
  <Point X="57.0" Y="130.0" />
  <Point X="57.0" Y="131.0" />
  <Point X="57.0" Y="132.0" />
  <Point X="56.072243777609145" Y="132.92775622239085" />
  <Point X="56.0" Y="133.0" />
  <Point X="56.0" Y="134.0" />
  <Point X="56.0" Y="135.0" />
  <Point X="56.0" Y="137.0" />
  <Point X="56.0" Y="137.9159797023929" />
  <Point X="56.0" Y="138.0" />
  <Point X="56.0" Y="139.0" />
  <Point X="56.0" Y="140.0" />
  <Point X="56.0" Y="141.0" />
  <Point X="56.0" Y="142.0" />
  <Point X="55.0658724651223" Y="142.0" />
  <Point X="55.0" Y="142.0" />
  <Point X="55.0" Y="143.0" />
  <Point X="55.0" Y="144.0" />
  <Point X="55.0" Y="145.0" />
  <Point X="55.0" Y="146.0" />
  <Point X="55.0" Y="146.95227536736252" />
  <Point X="55.0" Y="147.0" />
  <Point X="55.0" Y="148.0" />
  <Point X="55.0" Y="149.0" />
  <Point X="55.0" Y="150.0" />
  <Point X="55.0" Y="151.0" />
  <Point X="55.0" Y="151.97042319984732" />
  <Point X="55.0" Y="152.0" />
  <Point X="55.0" Y="153.0" />
  <Point X="55.0" Y="154.0" />
  <Point X="55.0" Y="155.0" />
  <Point X="55.0" Y="156.0" />
  <Point X="55.0" Y="156.98857103233212" />
  <Point X="55.0" Y="157.0" />
  <Point X="55.0" Y="158.0" />
  <Point X="55.0" Y="159.0" />
  <Point X="55.0" Y="160.0" />
  <Point X="55.0" Y="161.0" />
  <Point X="55.0" Y="162.0" />
  <Point X="55.0" Y="162.00671886481692" />
  <Point X="55.0" Y="163.0" />
  <Point X="55.0" Y="164.0" />
  <Point X="56.0" Y="164.0" />
  <Point X="57.0" Y="164.0" />
  <Point X="58.0" Y="164.0" />
  <Point X="58.02486669730173" Y="164.0" />
  <Point X="59.0" Y="164.0" />
  <Point X="60.0" Y="164.0" />
  <Point X="61.0" Y="164.0" />
  <Point X="62.0" Y="164.0" />
  <Point X="63.0" Y="164.0" />
  <Point X="63.04301452978655" Y="164.0" />
  <Point X="64.0" Y="164.0" />
  <Point X="65.0" Y="164.0" />
  <Point X="66.0" Y="164.0" />
  <Point X="67.0" Y="164.0" />
  <Point X="68.0" Y="164.0" />
  <Point X="68.06116236227136" Y="164.0" />
  <Point X="69.0" Y="164.0" />
  <Point X="70.0" Y="164.0" />
  <Point X="70.0" Y="163.0" />
  <Point X="72.0" Y="163.0" />
  <Point X="72.05608077652931" Y="162.9439192234707" />
  <Point X="73.0" Y="162.0" />
  <Point X="74.0" Y="162.0" />
  <Point X="75.0" Y="162.0" />
  <Point X="76.0" Y="162.0" />
  <Point X="76.68324446486788" Y="162.0" />
  <Point X="77.0" Y="162.0" />
  <Point X="78.0" Y="162.0" />
  <Point X="79.0" Y="162.0" />
  <Point X="80.0" Y="162.0" />
  <Point X="81.0" Y="162.0" />
  <Point X="81.7013922973527" Y="162.0" />
  <Point X="82.0" Y="162.0" />
  <Point X="83.0" Y="162.0" />
  <Point X="83.0" Y="161.0" />
  <Point X="85.0" Y="161.0" />
  <Point X="85.71954012983751" Y="161.0" />
  <Point X="86.0" Y="161.0" />
  <Point X="87.0" Y="161.0" />
  <Point X="88.0" Y="161.0" />
  <Point X="90.0" Y="161.0" />
  <Point X="90.5216241605578" Y="160.4783758394422" />
  <Point X="91.0" Y="160.0" />
  <Point X="92.0" Y="160.0" />
  <Point X="94.0" Y="160.0" />
  <Point X="95.34162223243403" Y="160.0" />
  <Point X="96.0" Y="160.0" />
  <Point X="96.0" Y="159.0" />
  <Point X="97.0" Y="159.0" />
  <Point X="99.0" Y="159.0" />
  <Point X="99.35977006491885" Y="159.0" />
  <Point X="100.0" Y="159.0" />
  <Point X="100.0" Y="158.0" />
  <Point X="101.0" Y="158.0" />
  <Point X="102.0" Y="158.0" />
  <Point X="103.0" Y="158.0" />
  <Point X="103.37791789740366" Y="158.0" />
  <Point X="104.0" Y="158.0" />
  <Point X="105.0" Y="158.0" />
  <Point X="106.0" Y="158.0" />
  <Point X="107.0" Y="158.0" />
  <Point X="107.98716754458628" Y="157.0128324554137" />
  <Point X="108.0" Y="157.0" />
  <Point X="109.0" Y="157.0" />
  <Point X="109.0" Y="156.0" />
  <Point X="110.0" Y="156.0" />
  <Point X="111.0" Y="156.0" />
  <Point X="112.0" Y="156.0" />
</Project_1_Part_4>
