<?xml version="1.0" encoding="utf-8" standalone="yes"?>
<Gesture Name="left_curly_brace1" Subject="1" Number="1" NumPts="361">
  <Point X="215.0" Y="17.0" />
  <Point X="215.0" Y="16.0" />
  <Point X="214.0" Y="16.0" />
  <Point X="213.0" Y="16.0" />
  <Point X="212.0" Y="16.0" />
  <Point X="209.7608648580179" Y="17.119567570991055" />
  <Point X="203.9440209520361" Y="20.027989523981944" />
  <Point X="198.12717704605433" Y="22.936411476972832" />
  <Point X="192.31033314007254" Y="25.84483342996372" />
  <Point X="186.49348923409076" Y="28.75325538295461" />
  <Point X="180.67664532810898" Y="31.661677335945498" />
  <Point X="174.8598014221272" Y="34.57009928893639" />
  <Point X="169.0429575161454" Y="37.47852124192728" />
  <Point X="163.22611361016362" Y="40.386943194918175" />
  <Point X="157.40926970418184" Y="43.29536514790907" />
  <Point X="151.59242579820005" Y="46.20378710089996" />
  <Point X="145.77558189221827" Y="49.11220905389085" />
  <Point X="139.95873798623649" Y="52.02063100688174" />
  <Point X="134.1418940802547" Y="54.929052959872635" />
  <Point X="128.32505017427292" Y="57.83747491286353" />
  <Point X="122.50820626829115" Y="60.74589686585442" />
  <Point X="116.69136236230938" Y="63.65431881884531" />
  <Point X="116.0" Y="64.0" />
  <Point X="115.0" Y="64.0" />
  <Point X="114.0" Y="64.0" />
  <Point X="113.0" Y="64.0" />
  <Point X="112.0" Y="64.0" />
  <Point X="111.0" Y="64.0" />
  <Point X="111.0" Y="64.73046257453602" />
  <Point X="111.0" Y="65.0" />
  <Point X="110.0" Y="65.0" />
  <Point X="109.0" Y="65.0" />
  <Point X="108.0" Y="65.0" />
  <Point X="107.0" Y="65.0" />
  <Point X="106.0" Y="65.0" />
  <Point X="105.0" Y="65.0" />
  <Point X="104.76610823132366" Y="65.0" />
  <Point X="104.0" Y="65.0" />
  <Point X="103.0" Y="66.0" />
  <Point X="102.0" Y="66.0" />
  <Point X="101.0" Y="66.0" />
  <Point X="100.0" Y="66.0" />
  <Point X="100.0" Y="67.0" />
  <Point X="99.67689259955642" Y="67.0" />
  <Point X="99.0" Y="67.0" />
  <Point X="98.0" Y="67.0" />
  <Point X="97.0" Y="67.0" />
  <Point X="96.0" Y="67.0" />
  <Point X="96.0" Y="68.0" />
  <Point X="95.0" Y="68.0" />
  <Point X="94.1734634054161" Y="68.0" />
  <Point X="94.0" Y="68.0" />
  <Point X="94.0" Y="69.0" />
  <Point X="93.0" Y="69.0" />
  <Point X="92.0" Y="69.0" />
  <Point X="92.0" Y="70.0" />
  <Point X="91.0" Y="70.0" />
  <Point X="90.0" Y="70.0" />
  <Point X="90.0" Y="70.32996578872422" />
  <Point X="90.0" Y="71.0" />
  <Point X="89.0" Y="71.0" />
  <Point X="88.0" Y="71.0" />
  <Point X="88.0" Y="72.0" />
  <Point X="87.0" Y="72.0" />
  <Point X="87.0" Y="73.0" />
  <Point X="86.16660501713545" Y="73.0" />
  <Point X="86.0" Y="73.0" />
  <Point X="86.0" Y="74.0" />
  <Point X="85.0" Y="74.0" />
  <Point X="84.0" Y="74.0" />
  <Point X="84.0" Y="75.0" />
  <Point X="83.0" Y="75.0" />
  <Point X="83.0" Y="76.0" />
  <Point X="83.0" Y="76.33682417700487" />
  <Point X="83.0" Y="77.0" />
  <Point X="82.0" Y="77.0" />
  <Point X="81.0" Y="77.0" />
  <Point X="81.0" Y="78.0" />
  <Point X="80.0" Y="78.0" />
  <Point X="80.0" Y="79.0" />
  <Point X="79.1597466288548" Y="79.0" />
  <Point X="79.0" Y="79.0" />
  <Point X="79.0" Y="80.0" />
  <Point X="79.0" Y="81.0" />
  <Point X="78.0" Y="81.0" />
  <Point X="78.0" Y="82.0" />
  <Point X="77.0" Y="82.0" />
  <Point X="76.04987294632447" Y="82.95012705367553" />
  <Point X="76.0" Y="83.0" />
  <Point X="76.0" Y="84.0" />
  <Point X="75.0" Y="84.0" />
  <Point X="75.0" Y="85.0" />
  <Point X="75.0" Y="86.0" />
  <Point X="74.0" Y="86.0" />
  <Point X="74.0" Y="87.0" />
  <Point X="73.69389474930057" Y="87.30610525069943" />
  <Point X="73.0" Y="88.0" />
  <Point X="72.0" Y="89.0" />
  <Point X="72.0" Y="90.0" />
  <Point X="72.0" Y="91.0" />
  <Point X="71.0" Y="91.0" />
  <Point X="71.0" Y="92.0" />
  <Point X="71.0" Y="92.10790026644689" />
  <Point X="71.0" Y="93.0" />
  <Point X="70.0" Y="93.0" />
  <Point X="70.0" Y="94.0" />
  <Point X="70.0" Y="95.0" />
  <Point X="70.0" Y="96.0" />
  <Point X="70.0" Y="97.0" />
  <Point X="69.38867053941279" Y="97.0" />
  <Point X="69.0" Y="97.0" />
  <Point X="69.0" Y="98.0" />
  <Point X="69.0" Y="99.0" />
  <Point X="69.0" Y="100.0" />
  <Point X="69.0" Y="101.0" />
  <Point X="69.0" Y="102.0" />
  <Point X="69.0" Y="103.0" />
  <Point X="69.0" Y="103.11475865472754" />
  <Point X="69.0" Y="104.0" />
  <Point X="69.0" Y="105.0" />
  <Point X="69.0" Y="106.0" />
  <Point X="69.0" Y="107.0" />
  <Point X="69.0" Y="108.0" />
  <Point X="69.0" Y="109.0" />
  <Point X="69.0" Y="109.61818784886786" />
  <Point X="69.0" Y="110.0" />
  <Point X="69.0" Y="111.0" />
  <Point X="69.0" Y="112.0" />
  <Point X="69.0" Y="113.0" />
  <Point X="69.0" Y="114.0" />
  <Point X="70.0" Y="114.0" />
  <Point X="70.0" Y="115.0" />
  <Point X="70.12161704300819" Y="115.0" />
  <Point X="71.0" Y="115.0" />
  <Point X="71.0" Y="116.0" />
  <Point X="72.0" Y="116.0" />
  <Point X="73.0" Y="116.0" />
  <Point X="73.0" Y="117.0" />
  <Point X="74.0" Y="118.0" />
  <Point X="74.0" Y="118.21083267477542" />
  <Point X="74.0" Y="119.0" />
  <Point X="75.0" Y="119.0" />
  <Point X="75.0" Y="120.0" />
  <Point X="76.0" Y="120.0" />
  <Point X="77.0" Y="120.0" />
  <Point X="78.0" Y="121.0" />
  <Point X="78.30004830654265" Y="121.0" />
  <Point X="79.0" Y="121.0" />
  <Point X="79.0" Y="122.0" />
  <Point X="80.0" Y="122.0" />
  <Point X="80.0" Y="123.0" />
  <Point X="81.0" Y="123.0" />
  <Point X="81.0" Y="124.0" />
  <Point X="81.80347750068297" Y="124.0" />
  <Point X="82.0" Y="124.0" />
  <Point X="83.0" Y="125.0" />
  <Point X="84.0" Y="125.0" />
  <Point X="84.0" Y="126.0" />
  <Point X="85.0" Y="126.0" />
  <Point X="85.0" Y="127.0" />
  <Point X="85.8926931324502" Y="127.0" />
  <Point X="86.0" Y="127.0" />
  <Point X="86.0" Y="128.0" />
  <Point X="87.0" Y="128.0" />
  <Point X="87.0" Y="129.0" />
  <Point X="88.0" Y="129.0" />
  <Point X="89.0" Y="129.0" />
  <Point X="89.0" Y="130.0" />
  <Point X="89.0" Y="130.39612232659053" />
  <Point X="89.0" Y="131.0" />
  <Point X="89.0" Y="132.0" />
  <Point X="88.0" Y="132.0" />
  <Point X="87.0" Y="132.0" />
  <Point X="86.0" Y="132.0" />
  <Point X="85.0" Y="132.0" />
  <Point X="84.10044847926915" Y="132.0" />
  <Point X="84.0" Y="132.0" />
  <Point X="83.0" Y="132.0" />
  <Point X="83.0" Y="133.0" />
  <Point X="82.0" Y="133.0" />
  <Point X="81.0" Y="133.0" />
  <Point X="80.0" Y="133.0" />
  <Point X="79.0" Y="133.0" />
  <Point X="79.0" Y="133.40298071487118" />
  <Point X="79.0" Y="134.0" />
  <Point X="78.0" Y="134.0" />
  <Point X="77.0" Y="134.0" />
  <Point X="76.0" Y="134.0" />
  <Point X="76.0" Y="135.0" />
  <Point X="75.0" Y="135.0" />
  <Point X="74.0935900909885" Y="135.0" />
  <Point X="74.0" Y="135.0" />
  <Point X="73.0" Y="135.0" />
  <Point X="72.0" Y="135.0" />
  <Point X="72.0" Y="136.0" />
  <Point X="71.0" Y="136.0" />
  <Point X="70.0" Y="136.0" />
  <Point X="70.0" Y="137.0" />
  <Point X="69.59016089684818" Y="137.0" />
  <Point X="69.0" Y="137.0" />
  <Point X="68.0" Y="137.0" />
  <Point X="67.0" Y="137.0" />
  <Point X="66.0" Y="137.0" />
  <Point X="65.0" Y="137.0" />
  <Point X="64.0" Y="137.0" />
  <Point X="64.0" Y="137.91326829729215" />
  <Point X="64.0" Y="138.0" />
  <Point X="63.0" Y="139.0" />
  <Point X="62.0" Y="139.0" />
  <Point X="61.0" Y="139.0" />
  <Point X="60.0" Y="139.0" />
  <Point X="59.0" Y="139.0" />
  <Point X="59.0" Y="140.0" />
  <Point X="58.99751607094063" Y="140.0" />
  <Point X="58.0" Y="140.0" />
  <Point X="57.0" Y="140.0" />
  <Point X="57.0" Y="141.0" />
  <Point X="56.0" Y="141.0" />
  <Point X="55.0" Y="141.0" />
  <Point X="56.0" Y="141.0" />
  <Point X="56.5059131231997" Y="141.0" />
  <Point X="57.0" Y="141.0" />
  <Point X="58.0" Y="141.0" />
  <Point X="59.0" Y="141.0" />
  <Point X="60.0" Y="141.0" />
  <Point X="61.0" Y="141.0" />
  <Point X="62.0" Y="141.0" />
  <Point X="63.0" Y="141.0" />
  <Point X="63.00934231734002" Y="141.0" />
  <Point X="64.0" Y="141.0" />
  <Point X="65.0" Y="141.0" />
  <Point X="66.0" Y="141.0" />
  <Point X="67.0" Y="141.0" />
  <Point X="68.0" Y="141.0" />
  <Point X="69.0" Y="141.0" />
  <Point X="69.51277151148034" Y="141.0" />
  <Point X="70.0" Y="141.0" />
  <Point X="71.0" Y="141.0" />
  <Point X="72.0" Y="141.0" />
  <Point X="73.0" Y="141.0" />
  <Point X="74.0" Y="141.0" />
  <Point X="75.0" Y="141.0" />
  <Point X="76.0" Y="141.0" />
  <Point X="76.01620070562066" Y="141.0" />
  <Point X="77.0" Y="141.0" />
  <Point X="78.0" Y="141.0" />
  <Point X="79.0" Y="141.0" />
  <Point X="80.0" Y="141.0" />
  <Point X="81.0" Y="141.0" />
  <Point X="82.0" Y="141.0" />
  <Point X="82.51962989976099" Y="141.0" />
  <Point X="83.0" Y="141.0" />
  <Point X="84.0" Y="141.0" />
  <Point X="85.0" Y="141.0" />
  <Point X="86.0" Y="141.0" />
  <Point X="87.0" Y="141.0" />
  <Point X="88.0" Y="141.0" />
  <Point X="89.0" Y="141.0" />
  <Point X="89.02305909390131" Y="141.0" />
  <Point X="90.0" Y="141.0" />
  <Point X="89.0" Y="141.0" />
  <Point X="89.0" Y="142.0" />
  <Point X="88.0" Y="142.0" />
  <Point X="88.0" Y="143.0" />
  <Point X="87.0" Y="143.0" />
  <Point X="87.0" Y="143.52648828804163" />
  <Point X="87.0" Y="144.0" />
  <Point X="86.0" Y="144.0" />
  <Point X="86.0" Y="145.0" />
  <Point X="86.0" Y="146.0" />
  <Point X="85.0" Y="146.0" />
  <Point X="84.0" Y="147.0" />
  <Point X="84.0" Y="147.61570391980885" />
  <Point X="84.0" Y="148.0" />
  <Point X="83.0" Y="149.0" />
  <Point X="83.0" Y="150.0" />
  <Point X="83.0" Y="151.0" />
  <Point X="83.0" Y="152.0" />
  <Point X="83.0" Y="153.0" />
  <Point X="82.50154660488957" Y="153.49845339511043" />
  <Point X="82.0" Y="154.0" />
  <Point X="82.0" Y="155.0" />
  <Point X="82.0" Y="156.0" />
  <Point X="82.0" Y="157.0" />
  <Point X="82.0" Y="158.0" />
  <Point X="82.0" Y="159.0" />
  <Point X="82.0" Y="159.79413518334331" />
  <Point X="82.0" Y="160.0" />
  <Point X="82.0" Y="161.0" />
  <Point X="81.0" Y="161.0" />
  <Point X="81.0" Y="162.0" />
  <Point X="81.0" Y="163.0" />
  <Point X="81.0" Y="164.0" />
  <Point X="81.0" Y="165.0" />
  <Point X="81.0" Y="165.29756437748364" />
  <Point X="81.0" Y="166.0" />
  <Point X="81.0" Y="167.0" />
  <Point X="81.0" Y="168.0" />
  <Point X="81.0" Y="169.0" />
  <Point X="81.0" Y="170.0" />
  <Point X="81.0" Y="171.0" />
  <Point X="81.0" Y="171.80099357162396" />
  <Point X="81.0" Y="172.0" />
  <Point X="82.0" Y="173.0" />
  <Point X="82.0" Y="174.0" />
  <Point X="82.0" Y="175.0" />
  <Point X="83.0" Y="175.0" />
  <Point X="83.0" Y="176.0" />
  <Point X="83.0" Y="176.89020920339118" />
  <Point X="83.0" Y="177.0" />
  <Point X="84.0" Y="177.0" />
  <Point X="84.0" Y="178.0" />
  <Point X="85.0" Y="178.0" />
  <Point X="85.0" Y="179.0" />
  <Point X="85.0" Y="180.0" />
  <Point X="86.0" Y="180.0" />
  <Point X="86.0" Y="180.3936383975315" />
  <Point X="86.0" Y="181.0" />
  <Point X="86.0" Y="182.0" />
  <Point X="87.0" Y="182.0" />
  <Point X="87.0" Y="183.0" />
  <Point X="87.0" Y="184.0" />
  <Point X="88.0" Y="184.0" />
  <Point X="88.0" Y="184.89706759167183" />
  <Point X="88.0" Y="185.0" />
  <Point X="89.0" Y="185.0" />
  <Point X="89.0" Y="186.0" />
  <Point X="90.0" Y="186.0" />
  <Point X="90.0" Y="187.0" />
  <Point X="91.0" Y="188.0" />
  <Point X="91.0" Y="188.98628322343905" />
  <Point X="91.0" Y="189.0" />
  <Point X="92.0" Y="189.0" />
  <Point X="93.0" Y="189.0" />
  <Point X="93.0" Y="190.0" />
  <Point X="94.0" Y="190.0" />
  <Point X="95.0" Y="190.0" />
  <Point X="95.0" Y="191.0" />
  <Point X="95.48971241757937" Y="191.0" />
  <Point X="96.0" Y="191.0" />
  <Point X="97.0" Y="191.0" />
  <Point X="98.0" Y="191.0" />
  <Point X="98.0" Y="192.0" />
  <Point X="99.0" Y="192.0" />
  <Point X="100.0" Y="192.0" />
  <Point X="100.9931416117197" Y="192.0" />
  <Point X="101.0" Y="192.0" />
  <Point X="102.0" Y="192.0" />
  <Point X="103.0" Y="192.0" />
  <Point X="104.0" Y="192.0" />
  <Point X="105.0" Y="192.0" />
  <Point X="106.0" Y="192.0" />
  <Point X="107.0" Y="192.0" />
  <Point X="107.49657080586002" Y="192.0" />
  <Point X="108.0" Y="192.0" />
  <Point X="109.0" Y="192.0" />
  <Point X="110.0" Y="192.0" />
  <Point X="111.0" Y="192.0" />
  <Point X="112.0" Y="192.0" />
  <Point X="113.0" Y="192.0" />
  <Point X="114.0" Y="192.0" />
</Project_1_Part_4>
