<?xml version="1.0" encoding="utf-8" standalone="yes"?>
<Gesture Name="left_sq_bracket9" Subject="1" Number="1" NumPts="212">
  <Point X="212.0" Y="27.0" />
  <Point X="208.00100029955536" Y="29.229530806442583" />
  <Point X="204.00200059911072" Y="31.459061612885165" />
  <Point X="200.00300089866607" Y="33.68859241932775" />
  <Point X="196.00400119822143" Y="35.91812322577033" />
  <Point X="192.0050014977768" Y="38.14765403221291" />
  <Point X="188.00600179733215" Y="40.377184838655495" />
  <Point X="184.0070020968875" Y="42.60671564509808" />
  <Point X="180.00800239644286" Y="44.83624645154066" />
  <Point X="176.00900269599822" Y="47.06577725798324" />
  <Point X="172.01000299555358" Y="49.295308064425825" />
  <Point X="168.01100329510894" Y="51.52483887086841" />
  <Point X="164.0120035946643" Y="53.75436967731099" />
  <Point X="160.01300389421965" Y="55.98390048375357" />
  <Point X="156.01400419377504" Y="58.213431290196155" />
  <Point X="152.01500449333042" Y="60.44296209663874" />
  <Point X="148.01600479288578" Y="62.67249290308132" />
  <Point X="144.01700509244117" Y="64.9020237095239" />
  <Point X="140.01800539199655" Y="67.13155451596649" />
  <Point X="136.0190056915519" Y="69.36108532240907" />
  <Point X="132.02000599110727" Y="71.59061612885165" />
  <Point X="128.02100629066265" Y="73.82014693529423" />
  <Point X="124.02200659021803" Y="76.04967774173682" />
  <Point X="120.0230068897734" Y="78.2792085481794" />
  <Point X="116.02400718932877" Y="80.50873935462198" />
  <Point X="112.02500748888414" Y="82.73827016106456" />
  <Point X="108.02600778843951" Y="84.96780096750715" />
  <Point X="104.02700808799489" Y="87.19733177394974" />
  <Point X="100.02800838755026" Y="89.42686258039232" />
  <Point X="99.0" Y="90.0" />
  <Point X="98.0" Y="90.0" />
  <Point X="97.0" Y="90.0" />
  <Point X="97.0" Y="89.0" />
  <Point X="96.59846675258873" Y="89.0" />
  <Point X="96.0" Y="89.0" />
  <Point X="95.0" Y="89.0" />
  <Point X="94.0" Y="89.0" />
  <Point X="93.0" Y="89.0" />
  <Point X="92.01995103010478" Y="89.0" />
  <Point X="92.0" Y="89.0" />
  <Point X="91.0" Y="88.0" />
  <Point X="90.0" Y="88.0" />
  <Point X="89.0" Y="88.0" />
  <Point X="88.0" Y="88.0" />
  <Point X="87.85564886999393" Y="88.0" />
  <Point X="87.0" Y="88.0" />
  <Point X="86.0" Y="88.0" />
  <Point X="85.0" Y="88.0" />
  <Point X="84.0" Y="88.0" />
  <Point X="83.48885594670932" Y="87.48885594670932" />
  <Point X="83.0" Y="87.0" />
  <Point X="82.0" Y="87.0" />
  <Point X="81.0" Y="87.0" />
  <Point X="80.0" Y="87.0" />
  <Point X="79.11283098739911" Y="87.0" />
  <Point X="79.0" Y="87.0" />
  <Point X="78.0" Y="87.0" />
  <Point X="77.0" Y="87.0" />
  <Point X="76.0" Y="87.0" />
  <Point X="75.0" Y="88.0" />
  <Point X="74.94852882728824" Y="88.0" />
  <Point X="74.0" Y="88.0" />
  <Point X="73.0" Y="88.0" />
  <Point X="72.0" Y="88.0" />
  <Point X="71.0" Y="88.0" />
  <Point X="70.37001310480429" Y="88.0" />
  <Point X="70.0" Y="88.0" />
  <Point X="70.0" Y="89.0" />
  <Point X="69.0" Y="89.0" />
  <Point X="68.0" Y="89.0" />
  <Point X="67.0" Y="89.0" />
  <Point X="67.0" Y="89.20850261767967" />
  <Point X="67.0" Y="90.0" />
  <Point X="66.0" Y="90.0" />
  <Point X="65.0" Y="90.0" />
  <Point X="64.0" Y="90.0" />
  <Point X="64.0" Y="90.78701834016363" />
  <Point X="64.0" Y="91.0" />
  <Point X="63.0" Y="91.0" />
  <Point X="63.0" Y="92.0" />
  <Point X="63.0" Y="93.0" />
  <Point X="63.0" Y="94.0" />
  <Point X="63.0" Y="94.36553406264758" />
  <Point X="63.0" Y="95.0" />
  <Point X="63.0" Y="96.0" />
  <Point X="63.0" Y="97.0" />
  <Point X="63.0" Y="98.0" />
  <Point X="63.0" Y="98.94404978513154" />
  <Point X="63.0" Y="99.0" />
  <Point X="63.0" Y="100.0" />
  <Point X="63.0" Y="101.0" />
  <Point X="63.0" Y="102.0" />
  <Point X="64.0" Y="103.0" />
  <Point X="64.0" Y="103.10835194524239" />
  <Point X="64.0" Y="104.0" />
  <Point X="64.0" Y="106.0" />
  <Point X="64.0" Y="107.0" />
  <Point X="64.0" Y="107.68686766772635" />
  <Point X="64.0" Y="109.0" />
  <Point X="64.0" Y="110.0" />
  <Point X="64.0" Y="112.0" />
  <Point X="64.0" Y="112.2653833902103" />
  <Point X="64.0" Y="113.0" />
  <Point X="64.0" Y="115.0" />
  <Point X="64.0" Y="116.0" />
  <Point X="64.0" Y="116.84389911269426" />
  <Point X="64.0" Y="117.0" />
  <Point X="64.0" Y="119.0" />
  <Point X="65.0" Y="120.0" />
  <Point X="65.0" Y="121.0" />
  <Point X="65.0" Y="121.00820127280511" />
  <Point X="65.0" Y="122.0" />
  <Point X="65.0" Y="124.0" />
  <Point X="65.0" Y="125.0" />
  <Point X="65.0" Y="125.58671699528907" />
  <Point X="65.0" Y="126.0" />
  <Point X="65.0" Y="127.0" />
  <Point X="65.0" Y="128.0" />
  <Point X="65.0" Y="129.0" />
  <Point X="65.0" Y="130.16523271777302" />
  <Point X="65.0" Y="131.0" />
  <Point X="65.0" Y="132.0" />
  <Point X="65.0" Y="134.0" />
  <Point X="65.0" Y="134.74374844025698" />
  <Point X="65.0" Y="135.0" />
  <Point X="65.0" Y="136.0" />
  <Point X="65.0" Y="137.0" />
  <Point X="65.0" Y="138.0" />
  <Point X="65.0" Y="139.0" />
  <Point X="65.0" Y="139.32226416274094" />
  <Point X="65.0" Y="140.0" />
  <Point X="65.0" Y="142.0" />
  <Point X="65.0" Y="143.0" />
  <Point X="65.0" Y="143.9007798852249" />
  <Point X="65.0" Y="144.0" />
  <Point X="65.0" Y="145.0" />
  <Point X="65.0" Y="146.0" />
  <Point X="65.0" Y="147.0" />
  <Point X="65.0" Y="148.0" />
  <Point X="65.0" Y="148.47929560770885" />
  <Point X="65.0" Y="149.0" />
  <Point X="65.0" Y="150.0" />
  <Point X="65.0" Y="151.0" />
  <Point X="65.0" Y="152.0" />
  <Point X="66.0" Y="152.0" />
  <Point X="66.0" Y="152.0578113301928" />
  <Point X="66.0" Y="153.0" />
  <Point X="66.0" Y="154.0" />
  <Point X="67.0" Y="154.0" />
  <Point X="67.0" Y="155.0" />
  <Point X="67.0" Y="155.63632705267676" />
  <Point X="67.0" Y="156.0" />
  <Point X="67.0" Y="157.0" />
  <Point X="67.0" Y="158.0" />
  <Point X="67.0" Y="159.0" />
  <Point X="67.0" Y="160.0" />
  <Point X="67.0" Y="160.21484277516072" />
  <Point X="67.0" Y="161.0" />
  <Point X="68.0" Y="161.0" />
  <Point X="68.0" Y="162.0" />
  <Point X="69.0" Y="162.0" />
  <Point X="69.79335849764468" Y="162.0" />
  <Point X="70.0" Y="162.0" />
  <Point X="71.0" Y="162.0" />
  <Point X="72.0" Y="162.0" />
  <Point X="73.0" Y="162.0" />
  <Point X="74.0" Y="162.0" />
  <Point X="74.0" Y="162.37187422012863" />
  <Point X="74.0" Y="163.0" />
  <Point X="75.0" Y="163.0" />
  <Point X="76.0" Y="163.0" />
  <Point X="77.0" Y="163.0" />
  <Point X="77.95038994261259" Y="163.0" />
  <Point X="78.0" Y="163.0" />
  <Point X="79.0" Y="163.0" />
  <Point X="80.0" Y="163.0" />
  <Point X="81.0" Y="163.0" />
  <Point X="82.0" Y="163.0" />
  <Point X="82.52890566509654" Y="163.0" />
  <Point X="83.0" Y="163.0" />
  <Point X="84.0" Y="163.0" />
  <Point X="85.0" Y="163.0" />
  <Point X="86.0" Y="163.0" />
  <Point X="87.0" Y="163.0" />
  <Point X="87.1074213875805" Y="163.0" />
  <Point X="88.0" Y="163.0" />
  <Point X="89.0" Y="163.0" />
  <Point X="90.0" Y="163.0" />
  <Point X="91.0" Y="163.0" />
  <Point X="91.68593711006446" Y="163.0" />
  <Point X="92.0" Y="163.0" />
  <Point X="93.0" Y="163.0" />
  <Point X="94.0" Y="163.0" />
  <Point X="95.0" Y="163.0" />
  <Point X="96.0" Y="163.0" />
  <Point X="96.26445283254841" Y="163.0" />
  <Point X="97.0" Y="163.0" />
  <Point X="98.0" Y="163.0" />
  <Point X="99.0" Y="163.0" />
  <Point X="100.0" Y="163.0" />
  <Point X="100.84296855503237" Y="163.0" />
  <Point X="101.0" Y="163.0" />
  <Point X="102.0" Y="163.0" />
  <Point X="103.0" Y="163.0" />
  <Point X="104.0" Y="163.0" />
  <Point X="105.0" Y="163.0" />
  <Point X="105.42148427751633" Y="163.0" />
  <Point X="106.0" Y="163.0" />
  <Point X="107.0" Y="163.0" />
  <Point X="108.0" Y="163.0" />
  <Point X="109.0" Y="163.0" />
  <Point X="110.0" Y="163.0" />
</Project_1_Part_4>
