<?xml version="1.0" encoding="utf-8" standalone="yes"?>
<Gesture Name="left_sq_bracket7" Subject="1" Number="1" NumPts="290">
  <Point X="86.0" Y="74.0" />
  <Point X="85.0" Y="74.0" />
  <Point X="84.0" Y="74.0" />
  <Point X="83.0" Y="74.0" />
  <Point X="82.12972261882021" Y="74.0" />
  <Point X="82.0" Y="74.0" />
  <Point X="81.0" Y="74.0" />
  <Point X="80.0" Y="74.0" />
  <Point X="79.0" Y="74.0" />
  <Point X="78.25944523764042" Y="74.0" />
  <Point X="78.0" Y="74.0" />
  <Point X="77.0" Y="74.0" />
  <Point X="77.0" Y="75.0" />
  <Point X="76.0" Y="75.0" />
  <Point X="75.38916785646063" Y="75.0" />
  <Point X="75.0" Y="75.0" />
  <Point X="74.0" Y="75.0" />
  <Point X="73.0" Y="75.0" />
  <Point X="72.0" Y="75.0" />
  <Point X="71.65980419257764" Y="75.34019580742236" />
  <Point X="71.0" Y="76.0" />
  <Point X="70.0" Y="76.0" />
  <Point X="69.0" Y="76.0" />
  <Point X="68.06282665647413" Y="76.0" />
  <Point X="68.0" Y="76.0" />
  <Point X="68.0" Y="77.0" />
  <Point X="67.0" Y="77.0" />
  <Point X="66.0" Y="77.0" />
  <Point X="65.19254927529434" Y="77.0" />
  <Point X="65.0" Y="77.0" />
  <Point X="64.0" Y="78.0" />
  <Point X="63.0" Y="79.0" />
  <Point X="62.150699018860735" Y="79.0" />
  <Point X="62.0" Y="79.0" />
  <Point X="61.0" Y="79.0" />
  <Point X="60.0" Y="80.0" />
  <Point X="59.0" Y="80.0" />
  <Point X="58.69463520005404" Y="80.0" />
  <Point X="58.0" Y="80.0" />
  <Point X="57.0" Y="81.0" />
  <Point X="56.0" Y="81.0" />
  <Point X="55.31895753938211" Y="81.34052123030894" />
  <Point X="54.0" Y="82.0" />
  <Point X="54.0" Y="83.0" />
  <Point X="53.0" Y="83.0" />
  <Point X="52.604361977567336" Y="83.0" />
  <Point X="52.0" Y="83.0" />
  <Point X="52.0" Y="84.0" />
  <Point X="50.0" Y="84.0" />
  <Point X="50.0" Y="84.26591540361245" />
  <Point X="50.0" Y="85.0" />
  <Point X="49.0" Y="85.0" />
  <Point X="48.0" Y="86.0" />
  <Point X="47.489483595951626" Y="86.51051640404837" />
  <Point X="47.0" Y="87.0" />
  <Point X="46.0" Y="87.0" />
  <Point X="45.0" Y="88.0" />
  <Point X="44.45989099583303" Y="88.54010900416696" />
  <Point X="44.0" Y="89.0" />
  <Point X="43.0" Y="89.0" />
  <Point X="43.0" Y="90.0" />
  <Point X="42.137405176900984" Y="90.86259482309902" />
  <Point X="42.0" Y="91.0" />
  <Point X="41.0" Y="91.0" />
  <Point X="41.0" Y="92.0" />
  <Point X="40.0" Y="92.0" />
  <Point X="39.522026139155486" Y="92.47797386084451" />
  <Point X="39.0" Y="93.0" />
  <Point X="39.0" Y="94.0" />
  <Point X="38.0" Y="94.0" />
  <Point X="38.0" Y="95.0" />
  <Point X="38.0" Y="95.13202093527283" />
  <Point X="38.0" Y="96.0" />
  <Point X="37.0" Y="96.0" />
  <Point X="36.0" Y="97.0" />
  <Point X="35.58416128247794" Y="97.41583871752206" />
  <Point X="35.0" Y="98.0" />
  <Point X="33.0" Y="99.0" />
  <Point X="33.0" Y="99.80808059538644" />
  <Point X="33.0" Y="100.0" />
  <Point X="33.0" Y="101.0" />
  <Point X="32.0" Y="101.0" />
  <Point X="32.0" Y="102.0" />
  <Point X="31.52032847469803" Y="102.47967152530197" />
  <Point X="31.0" Y="103.0" />
  <Point X="30.0" Y="103.0" />
  <Point X="30.0" Y="104.0" />
  <Point X="29.19784265576598" Y="104.80215734423402" />
  <Point X="29.0" Y="105.0" />
  <Point X="29.0" Y="106.0" />
  <Point X="28.0" Y="106.0" />
  <Point X="28.0" Y="107.0" />
  <Point X="27.40951438582037" Y="107.0" />
  <Point X="27.0" Y="107.0" />
  <Point X="26.0" Y="108.0" />
  <Point X="26.0" Y="109.0" />
  <Point X="26.0" Y="110.0" />
  <Point X="25.95345056701367" Y="110.0" />
  <Point X="25.0" Y="110.0" />
  <Point X="25.0" Y="111.0" />
  <Point X="25.0" Y="112.0" />
  <Point X="24.08317318583388" Y="112.0" />
  <Point X="24.0" Y="112.0" />
  <Point X="23.0" Y="113.0" />
  <Point X="23.0" Y="114.0" />
  <Point X="23.0" Y="115.0" />
  <Point X="22.62710936702718" Y="115.0" />
  <Point X="22.0" Y="115.0" />
  <Point X="22.0" Y="116.0" />
  <Point X="22.0" Y="117.0" />
  <Point X="21.0" Y="117.0" />
  <Point X="21.0" Y="117.24316801415262" />
  <Point X="21.0" Y="118.0" />
  <Point X="20.0" Y="118.0" />
  <Point X="20.0" Y="119.0" />
  <Point X="20.0" Y="120.0" />
  <Point X="19.919781991666063" Y="120.08021800833393" />
  <Point X="19.0" Y="121.0" />
  <Point X="19.0" Y="122.0" />
  <Point X="18.0" Y="123.0" />
  <Point X="18.0" Y="123.15529565176601" />
  <Point X="18.0" Y="124.0" />
  <Point X="18.0" Y="125.0" />
  <Point X="18.0" Y="126.0" />
  <Point X="18.0" Y="127.0" />
  <Point X="17.974426967054196" Y="127.0" />
  <Point X="17.0" Y="127.0" />
  <Point X="17.0" Y="128.0" />
  <Point X="16.0" Y="129.0" />
  <Point X="16.0" Y="129.4816368517525" />
  <Point X="16.0" Y="130.0" />
  <Point X="16.0" Y="131.0" />
  <Point X="16.0" Y="132.0" />
  <Point X="16.0" Y="133.0" />
  <Point X="16.0" Y="133.3519142329323" />
  <Point X="16.0" Y="134.0" />
  <Point X="15.0" Y="134.0" />
  <Point X="15.0" Y="135.0" />
  <Point X="15.0" Y="136.0" />
  <Point X="15.0" Y="136.2221916141121" />
  <Point X="15.0" Y="137.0" />
  <Point X="14.0" Y="138.0" />
  <Point X="14.0" Y="139.0" />
  <Point X="14.0" Y="139.6782554329188" />
  <Point X="14.0" Y="140.0" />
  <Point X="14.0" Y="141.0" />
  <Point X="14.0" Y="142.0" />
  <Point X="14.0" Y="143.0" />
  <Point X="14.0" Y="143.5485328140986" />
  <Point X="14.0" Y="144.0" />
  <Point X="14.0" Y="145.0" />
  <Point X="13.0" Y="146.0" />
  <Point X="13.0" Y="147.0" />
  <Point X="13.0" Y="147.0045966329053" />
  <Point X="13.0" Y="148.0" />
  <Point X="13.0" Y="149.0" />
  <Point X="13.0" Y="150.0" />
  <Point X="12.125125985914902" Y="150.0" />
  <Point X="12.0" Y="150.0" />
  <Point X="12.0" Y="151.0" />
  <Point X="12.0" Y="152.0" />
  <Point X="12.0" Y="153.0" />
  <Point X="12.0" Y="153.74515139526488" />
  <Point X="12.0" Y="154.0" />
  <Point X="12.0" Y="155.0" />
  <Point X="12.0" Y="156.0" />
  <Point X="12.0" Y="157.0" />
  <Point X="12.0" Y="157.61542877644467" />
  <Point X="12.0" Y="158.0" />
  <Point X="12.0" Y="159.0" />
  <Point X="12.0" Y="160.0" />
  <Point X="12.0" Y="161.0" />
  <Point X="12.0" Y="161.48570615762446" />
  <Point X="12.0" Y="162.0" />
  <Point X="13.0" Y="162.0" />
  <Point X="13.0" Y="163.0" />
  <Point X="13.0" Y="164.0" />
  <Point X="13.0" Y="164.35598353880425" />
  <Point X="13.0" Y="165.0" />
  <Point X="13.0" Y="166.0" />
  <Point X="14.0" Y="166.0" />
  <Point X="14.0" Y="167.0" />
  <Point X="14.0" Y="167.22626091998404" />
  <Point X="14.0" Y="168.0" />
  <Point X="15.0" Y="168.0" />
  <Point X="15.0" Y="169.0" />
  <Point X="15.0" Y="170.0" />
  <Point X="15.096538301163836" Y="170.0" />
  <Point X="16.0" Y="170.0" />
  <Point X="16.0" Y="171.0" />
  <Point X="17.0" Y="171.0" />
  <Point X="17.0" Y="171.96681568234362" />
  <Point X="17.0" Y="172.0" />
  <Point X="18.0" Y="173.0" />
  <Point X="19.0" Y="174.0" />
  <Point X="20.0" Y="174.0" />
  <Point X="20.008665938777224" Y="174.0" />
  <Point X="21.0" Y="174.0" />
  <Point X="21.0" Y="175.0" />
  <Point X="22.0" Y="175.0" />
  <Point X="22.878943319957017" Y="175.0" />
  <Point X="23.0" Y="175.0" />
  <Point X="24.0" Y="175.0" />
  <Point X="25.0" Y="175.0" />
  <Point X="25.0" Y="176.0" />
  <Point X="25.74922070113681" Y="176.0" />
  <Point X="26.0" Y="176.0" />
  <Point X="27.0" Y="176.0" />
  <Point X="28.0" Y="177.0" />
  <Point X="29.0" Y="177.0" />
  <Point X="29.205284519943508" Y="177.0" />
  <Point X="30.0" Y="177.0" />
  <Point X="32.0" Y="177.0" />
  <Point X="33.0" Y="177.0" />
  <Point X="33.0755619011233" Y="177.0" />
  <Point X="34.0" Y="177.0" />
  <Point X="35.0" Y="177.0" />
  <Point X="36.0" Y="177.0" />
  <Point X="36.94583928230309" Y="177.0" />
  <Point X="37.0" Y="177.0" />
  <Point X="38.0" Y="177.0" />
  <Point X="39.0" Y="177.0" />
  <Point X="40.0" Y="177.0" />
  <Point X="40.81611666348288" Y="177.0" />
  <Point X="41.0" Y="177.0" />
  <Point X="43.0" Y="177.0" />
  <Point X="44.0" Y="177.0" />
  <Point X="44.68639404466267" Y="177.0" />
  <Point X="45.0" Y="177.0" />
  <Point X="46.0" Y="177.0" />
  <Point X="47.0" Y="177.0" />
  <Point X="48.55667142584246" Y="177.0" />
  <Point X="49.0" Y="177.0" />
  <Point X="50.0" Y="177.0" />
  <Point X="51.0" Y="177.0" />
  <Point X="52.0" Y="177.0" />
  <Point X="52.42694880702225" Y="177.0" />
  <Point X="53.0" Y="177.0" />
  <Point X="54.0" Y="177.0" />
  <Point X="56.0" Y="177.0" />
  <Point X="56.29722618820204" Y="177.0" />
  <Point X="57.0" Y="177.0" />
  <Point X="58.0" Y="177.0" />
  <Point X="59.0" Y="177.0" />
  <Point X="60.0" Y="177.0" />
  <Point X="60.16750356938183" Y="177.0" />
  <Point X="61.0" Y="177.0" />
  <Point X="62.0" Y="177.0" />
  <Point X="63.0" Y="177.0" />
  <Point X="64.0" Y="177.0" />
  <Point X="64.03778095056163" Y="177.0" />
  <Point X="65.0" Y="177.0" />
  <Point X="66.0" Y="177.0" />
  <Point X="67.0" Y="177.0" />
  <Point X="67.90805833174142" Y="177.0" />
  <Point X="68.0" Y="177.0" />
  <Point X="69.0" Y="177.0" />
  <Point X="70.0" Y="177.0" />
  <Point X="71.0" Y="177.0" />
  <Point X="71.7783357129212" Y="177.0" />
  <Point X="72.0" Y="177.0" />
  <Point X="73.0" Y="177.0" />
  <Point X="74.0" Y="177.0" />
  <Point X="74.0" Y="176.0" />
  <Point X="74.648613094101" Y="176.0" />
  <Point X="75.0" Y="176.0" />
  <Point X="75.0" Y="175.0" />
  <Point X="76.0" Y="175.0" />
  <Point X="77.0" Y="175.0" />
  <Point X="77.0" Y="174.48110952471922" />
  <Point X="77.0" Y="174.0" />
  <Point X="78.0" Y="174.0" />
  <Point X="78.0" Y="173.0" />
  <Point X="79.0" Y="173.0" />
  <Point X="79.38916785646057" Y="173.0" />
  <Point X="80.0" Y="173.0" />
  <Point X="81.0" Y="173.0" />
  <Point X="82.0" Y="173.0" />
  <Point X="83.0" Y="173.0" />
  <Point X="83.25944523764036" Y="173.0" />
  <Point X="84.0" Y="173.0" />
  <Point X="85.0" Y="173.0" />
  <Point X="86.0" Y="173.0" />
  <Point X="87.0" Y="173.0" />
  <Point X="87.12972261882015" Y="173.0" />
  <Point X="88.0" Y="173.0" />
  <Point X="89.0" Y="173.0" />
  <Point X="90.0" Y="173.0" />
  <Point X="90.99999999999994" Y="173.0" />
  <Point X="91.0" Y="173.0" />
</Project_1_Part_4>
