<?xml version="1.0" encoding="utf-8" standalone="yes"?>
<Gesture Name="pigtail1" Subject="1" Number="1" NumPts="384">
  <Point X="57.0" Y="153.0" />
  <Point X="58.0" Y="153.0" />
  <Point X="58.0" Y="154.0" />
  <Point X="59.0" Y="155.0" />
  <Point X="60.0" Y="155.0" />
  <Point X="61.0" Y="155.0" />
  <Point X="61.0" Y="155.21795346784768" />
  <Point X="61.0" Y="156.0" />
  <Point X="62.0" Y="156.0" />
  <Point X="63.0" Y="156.0" />
  <Point X="64.0" Y="156.0" />
  <Point X="65.0" Y="157.0" />
  <Point X="65.43590693569534" Y="157.0" />
  <Point X="66.0" Y="157.0" />
  <Point X="67.0" Y="157.0" />
  <Point X="68.0" Y="157.0" />
  <Point X="69.0" Y="158.0" />
  <Point X="70.0" Y="158.0" />
  <Point X="70.653860403543" Y="158.0" />
  <Point X="71.0" Y="158.0" />
  <Point X="72.0" Y="159.0" />
  <Point X="73.0" Y="159.0" />
  <Point X="74.0" Y="159.0" />
  <Point X="75.87181387139067" Y="159.0" />
  <Point X="76.0" Y="159.0" />
  <Point X="77.0" Y="159.0" />
  <Point X="77.0" Y="160.0" />
  <Point X="78.0" Y="160.0" />
  <Point X="79.0" Y="160.0" />
  <Point X="80.0" Y="160.0" />
  <Point X="80.50398090161143" Y="160.0" />
  <Point X="81.0" Y="160.0" />
  <Point X="82.0" Y="160.0" />
  <Point X="83.0" Y="160.0" />
  <Point X="83.0" Y="161.0" />
  <Point X="84.0" Y="161.0" />
  <Point X="85.0" Y="161.0" />
  <Point X="85.13614793183218" Y="161.0" />
  <Point X="86.0" Y="161.0" />
  <Point X="87.0" Y="161.0" />
  <Point X="88.0" Y="161.0" />
  <Point X="89.0" Y="161.0" />
  <Point X="90.0" Y="161.0" />
  <Point X="90.76831496205294" Y="161.0" />
  <Point X="91.0" Y="161.0" />
  <Point X="92.0" Y="161.0" />
  <Point X="93.0" Y="161.0" />
  <Point X="95.0" Y="161.0" />
  <Point X="96.0" Y="161.0" />
  <Point X="96.4004819922737" Y="161.0" />
  <Point X="97.0" Y="161.0" />
  <Point X="99.0" Y="161.0" />
  <Point X="100.0" Y="161.0" />
  <Point X="101.0" Y="161.0" />
  <Point X="102.0" Y="161.0" />
  <Point X="102.03264902249445" Y="161.0" />
  <Point X="103.0" Y="161.0" />
  <Point X="104.0" Y="161.0" />
  <Point X="106.0" Y="161.0" />
  <Point X="107.0" Y="161.0" />
  <Point X="107.66481605271521" Y="161.0" />
  <Point X="108.0" Y="161.0" />
  <Point X="109.0" Y="161.0" />
  <Point X="110.0" Y="161.0" />
  <Point X="111.0" Y="161.0" />
  <Point X="112.0" Y="160.0" />
  <Point X="112.88276952056287" Y="160.0" />
  <Point X="113.0" Y="160.0" />
  <Point X="114.0" Y="159.0" />
  <Point X="115.0" Y="159.0" />
  <Point X="116.0" Y="159.0" />
  <Point X="117.0" Y="159.0" />
  <Point X="117.77832868931301" Y="158.221671310687" />
  <Point X="118.0" Y="158.0" />
  <Point X="119.0" Y="158.0" />
  <Point X="120.0" Y="158.0" />
  <Point X="121.0" Y="158.0" />
  <Point X="122.0" Y="157.0" />
  <Point X="122.90446289388511" Y="157.0" />
  <Point X="123.0" Y="157.0" />
  <Point X="124.0" Y="156.0" />
  <Point X="125.0" Y="155.0" />
  <Point X="126.0" Y="155.0" />
  <Point X="127.0" Y="155.0" />
  <Point X="127.50077500188253" Y="154.49922499811748" />
  <Point X="128.0" Y="154.0" />
  <Point X="129.0" Y="153.0" />
  <Point X="130.0" Y="153.0" />
  <Point X="130.0" Y="152.0" />
  <Point X="131.51194270483424" Y="152.0" />
  <Point X="132.0" Y="152.0" />
  <Point X="132.0" Y="151.0" />
  <Point X="133.0" Y="150.0" />
  <Point X="134.0" Y="150.0" />
  <Point X="135.0" Y="149.0" />
  <Point X="135.0" Y="148.6843173896912" />
  <Point X="135.0" Y="148.0" />
  <Point X="136.0" Y="148.0" />
  <Point X="136.0" Y="147.0" />
  <Point X="137.0" Y="147.0" />
  <Point X="137.0" Y="146.0" />
  <Point X="137.6702309083637" Y="145.3297690916363" />
  <Point X="138.0" Y="145.0" />
  <Point X="139.0" Y="144.0" />
  <Point X="140.0" Y="142.0" />
  <Point X="140.0" Y="141.0" />
  <Point X="140.51552156850437" Y="141.0" />
  <Point X="141.0" Y="141.0" />
  <Point X="141.0" Y="140.0" />
  <Point X="141.0" Y="139.0" />
  <Point X="141.0" Y="138.0" />
  <Point X="142.0" Y="138.0" />
  <Point X="142.0" Y="137.0" />
  <Point X="142.14768859872513" Y="137.0" />
  <Point X="143.0" Y="137.0" />
  <Point X="143.0" Y="136.0" />
  <Point X="143.0" Y="135.0" />
  <Point X="143.0" Y="134.0" />
  <Point X="143.0" Y="133.0" />
  <Point X="143.0" Y="132.22014437105412" />
  <Point X="143.0" Y="132.0" />
  <Point X="144.0" Y="132.0" />
  <Point X="144.0" Y="131.0" />
  <Point X="144.0" Y="130.0" />
  <Point X="144.0" Y="129.0" />
  <Point X="144.0" Y="128.0" />
  <Point X="144.0" Y="127.58797734083336" />
  <Point X="144.0" Y="127.0" />
  <Point X="144.0" Y="126.0" />
  <Point X="144.0" Y="125.0" />
  <Point X="144.0" Y="124.0" />
  <Point X="144.0" Y="123.0" />
  <Point X="144.0" Y="122.0" />
  <Point X="144.0" Y="121.9558103106126" />
  <Point X="144.0" Y="121.0" />
  <Point X="144.0" Y="120.0" />
  <Point X="144.0" Y="119.0" />
  <Point X="144.0" Y="118.0" />
  <Point X="144.0" Y="116.32364328039185" />
  <Point X="144.0" Y="116.0" />
  <Point X="144.0" Y="115.0" />
  <Point X="144.0" Y="114.0" />
  <Point X="144.0" Y="113.0" />
  <Point X="144.0" Y="112.0" />
  <Point X="144.0" Y="111.0" />
  <Point X="144.0" Y="110.69147625017109" />
  <Point X="144.0" Y="109.0" />
  <Point X="144.0" Y="108.0" />
  <Point X="144.0" Y="107.0" />
  <Point X="144.0" Y="106.0" />
  <Point X="144.0" Y="105.05930921995034" />
  <Point X="144.0" Y="105.0" />
  <Point X="143.0" Y="104.0" />
  <Point X="143.0" Y="103.0" />
  <Point X="142.0" Y="102.0" />
  <Point X="142.0" Y="101.0" />
  <Point X="141.47360801414246" Y="100.47360801414246" />
  <Point X="141.0" Y="100.0" />
  <Point X="141.0" Y="99.0" />
  <Point X="141.0" Y="98.0" />
  <Point X="140.0" Y="98.0" />
  <Point X="140.0" Y="97.0" />
  <Point X="140.0" Y="96.03761584662809" />
  <Point X="140.0" Y="96.0" />
  <Point X="139.0" Y="96.0" />
  <Point X="138.0" Y="95.0" />
  <Point X="138.0" Y="94.0" />
  <Point X="137.0" Y="93.0" />
  <Point X="136.45826848275948" Y="92.4582684827595" />
  <Point X="136.0" Y="92.0" />
  <Point X="135.0" Y="92.0" />
  <Point X="134.0" Y="91.0" />
  <Point X="133.0" Y="91.0" />
  <Point X="133.0" Y="90.0" />
  <Point X="132.43013603567894" Y="90.0" />
  <Point X="132.0" Y="90.0" />
  <Point X="132.0" Y="89.0" />
  <Point X="131.0" Y="89.0" />
  <Point X="130.0" Y="89.0" />
  <Point X="129.0" Y="89.0" />
  <Point X="128.0" Y="89.0" />
  <Point X="127.79796900545819" Y="89.0" />
  <Point X="127.0" Y="89.0" />
  <Point X="126.0" Y="89.0" />
  <Point X="125.0" Y="89.0" />
  <Point X="124.0" Y="89.0" />
  <Point X="123.0" Y="89.0" />
  <Point X="122.16580197523743" Y="89.0" />
  <Point X="122.0" Y="89.0" />
  <Point X="121.0" Y="89.0" />
  <Point X="121.0" Y="90.0" />
  <Point X="120.0" Y="90.0" />
  <Point X="119.0" Y="90.0" />
  <Point X="118.0" Y="91.0" />
  <Point X="117.94784850738976" Y="91.0" />
  <Point X="117.0" Y="91.0" />
  <Point X="117.0" Y="92.0" />
  <Point X="116.0" Y="92.0" />
  <Point X="115.0" Y="92.0" />
  <Point X="114.24674985743758" Y="93.50650028512486" />
  <Point X="114.0" Y="94.0" />
  <Point X="113.0" Y="94.0" />
  <Point X="112.0" Y="95.0" />
  <Point X="111.0" Y="96.0" />
  <Point X="110.0" Y="96.0" />
  <Point X="110.0" Y="96.25199045080578" />
  <Point X="110.0" Y="97.0" />
  <Point X="110.0" Y="98.0" />
  <Point X="109.0" Y="98.0" />
  <Point X="108.0" Y="98.0" />
  <Point X="108.0" Y="99.0" />
  <Point X="107.37480624952931" Y="99.62519375047069" />
  <Point X="107.0" Y="100.0" />
  <Point X="106.0" Y="101.0" />
  <Point X="105.0" Y="101.0" />
  <Point X="105.0" Y="102.0" />
  <Point X="104.0" Y="102.0" />
  <Point X="104.0" Y="102.68789738650112" />
  <Point X="104.0" Y="103.0" />
  <Point X="103.0" Y="104.0" />
  <Point X="102.0" Y="105.0" />
  <Point X="101.0" Y="106.0" />
  <Point X="101.0" Y="107.0" />
  <Point X="100.94525315577324" Y="107.05474684422676" />
  <Point X="100.0" Y="108.0" />
  <Point X="100.0" Y="109.0" />
  <Point X="99.0" Y="109.0" />
  <Point X="99.0" Y="110.0" />
  <Point X="99.0" Y="111.0" />
  <Point X="98.70462280254972" Y="111.0" />
  <Point X="98.0" Y="111.0" />
  <Point X="98.0" Y="112.0" />
  <Point X="98.0" Y="113.0" />
  <Point X="98.0" Y="114.0" />
  <Point X="98.0" Y="115.0" />
  <Point X="97.34412718676337" Y="115.65587281323663" />
  <Point X="97.0" Y="116.0" />
  <Point X="96.0" Y="117.0" />
  <Point X="96.0" Y="118.0" />
  <Point X="96.0" Y="119.0" />
  <Point X="96.0" Y="120.0" />
  <Point X="96.0" Y="120.7312841331456" />
  <Point X="96.0" Y="121.0" />
  <Point X="96.0" Y="122.0" />
  <Point X="96.0" Y="123.0" />
  <Point X="96.0" Y="124.0" />
  <Point X="96.0" Y="125.0" />
  <Point X="96.0" Y="126.0" />
  <Point X="96.0" Y="126.36345116336636" />
  <Point X="96.0" Y="127.0" />
  <Point X="96.0" Y="128.0" />
  <Point X="96.0" Y="129.0" />
  <Point X="96.0" Y="130.0" />
  <Point X="97.0" Y="131.0" />
  <Point X="97.0" Y="131.58140463121404" />
  <Point X="97.0" Y="133.0" />
  <Point X="98.0" Y="134.0" />
  <Point X="98.0" Y="135.0" />
  <Point X="98.0" Y="136.79935809906172" />
  <Point X="98.0" Y="137.0" />
  <Point X="99.0" Y="137.0" />
  <Point X="99.0" Y="138.0" />
  <Point X="100.0" Y="138.0" />
  <Point X="100.0" Y="139.0" />
  <Point X="101.0" Y="140.0" />
  <Point X="101.0" Y="140.0173115669094" />
  <Point X="101.0" Y="141.0" />
  <Point X="101.0" Y="142.0" />
  <Point X="102.0" Y="143.0" />
  <Point X="103.0" Y="144.0" />
  <Point X="103.0" Y="144.82105147238397" />
  <Point X="103.0" Y="145.0" />
  <Point X="104.0" Y="146.0" />
  <Point X="106.0" Y="147.0" />
  <Point X="106.0" Y="148.0" />
  <Point X="106.0" Y="148.80293696273185" />
  <Point X="106.0" Y="149.0" />
  <Point X="107.0" Y="149.0" />
  <Point X="107.0" Y="150.0" />
  <Point X="108.0" Y="150.0" />
  <Point X="109.0" Y="152.0" />
  <Point X="109.19903601545282" Y="152.0" />
  <Point X="110.0" Y="152.0" />
  <Point X="110.0" Y="153.0" />
  <Point X="111.0" Y="153.0" />
  <Point X="111.0" Y="154.0" />
  <Point X="112.0" Y="154.0" />
  <Point X="112.5877493101387" Y="154.5877493101387" />
  <Point X="113.0" Y="155.0" />
  <Point X="114.0" Y="155.0" />
  <Point X="114.0" Y="156.0" />
  <Point X="115.0" Y="157.0" />
  <Point X="116.0" Y="157.0" />
  <Point X="116.44897246642346" Y="157.44897246642344" />
  <Point X="117.0" Y="158.0" />
  <Point X="118.0" Y="158.0" />
  <Point X="119.0" Y="159.0" />
  <Point X="120.0" Y="159.0" />
  <Point X="121.0" Y="160.0" />
  <Point X="121.02446929424961" Y="160.0" />
  <Point X="122.0" Y="160.0" />
  <Point X="123.0" Y="160.0" />
  <Point X="123.0" Y="161.0" />
  <Point X="124.0" Y="161.0" />
  <Point X="125.0" Y="161.0" />
  <Point X="125.65663632447037" Y="161.0" />
  <Point X="126.0" Y="161.0" />
  <Point X="127.0" Y="161.0" />
  <Point X="127.0" Y="162.0" />
  <Point X="128.0" Y="162.0" />
  <Point X="129.0" Y="162.0" />
  <Point X="130.0" Y="162.0" />
  <Point X="130.28880335469114" Y="162.0" />
  <Point X="131.0" Y="162.0" />
  <Point X="132.0" Y="162.0" />
  <Point X="133.0" Y="162.0" />
  <Point X="134.0" Y="162.0" />
  <Point X="134.0" Y="163.0" />
  <Point X="134.9209703849119" Y="163.0" />
  <Point X="135.0" Y="163.0" />
  <Point X="136.0" Y="163.0" />
  <Point X="137.0" Y="163.0" />
  <Point X="138.0" Y="163.0" />
  <Point X="139.0" Y="163.0" />
  <Point X="140.0" Y="163.0" />
  <Point X="140.55313741513265" Y="163.0" />
  <Point X="141.0" Y="163.0" />
  <Point X="142.0" Y="163.0" />
  <Point X="143.0" Y="163.0" />
  <Point X="144.0" Y="163.0" />
  <Point X="145.0" Y="163.0" />
  <Point X="145.0" Y="162.0" />
  <Point X="145.1853044453534" Y="162.0" />
  <Point X="146.0" Y="162.0" />
  <Point X="147.0" Y="162.0" />
  <Point X="148.0" Y="161.0" />
  <Point X="148.0" Y="160.0" />
  <Point X="149.0" Y="160.0" />
  <Point X="149.28514640499162" Y="159.71485359500838" />
  <Point X="150.0" Y="159.0" />
  <Point X="150.0" Y="158.0" />
  <Point X="151.0" Y="158.0" />
  <Point X="152.0" Y="158.0" />
  <Point X="152.0" Y="157.0" />
  <Point X="152.0" Y="156.37878861895126" />
  <Point X="152.0" Y="156.0" />
  <Point X="153.0" Y="156.0" />
  <Point X="153.0" Y="155.0" />
  <Point X="154.0" Y="155.0" />
  <Point X="154.0" Y="154.0" />
  <Point X="155.0" Y="154.0" />
  <Point X="155.17916559281494" Y="153.82083440718506" />
  <Point X="156.0" Y="153.0" />
  <Point X="156.0" Y="152.0" />
  <Point X="157.0" Y="152.0" />
  <Point X="157.0" Y="151.0" />
  <Point X="157.0" Y="150.0" />
  <Point X="157.47133187911717" Y="150.0" />
  <Point X="158.0" Y="150.0" />
  <Point X="158.0" Y="149.0" />
  <Point X="159.0" Y="149.0" />
  <Point X="160.0" Y="149.0" />
  <Point X="160.0" Y="148.0" />
  <Point X="161.0" Y="148.0" />
  <Point X="161.10349890933793" Y="148.0" />
  <Point X="162.0" Y="148.0" />
  <Point X="163.0" Y="148.0" />
  <Point X="163.0" Y="147.0" />
  <Point X="163.0" Y="146.0" />
  <Point X="164.0" Y="146.0" />
  <Point X="164.0" Y="145.2643340604413" />
  <Point X="164.0" Y="145.0" />
  <Point X="165.0" Y="145.0" />
  <Point X="165.0" Y="144.0" />
  <Point X="165.0" Y="143.0" />
  <Point X="165.0" Y="142.0" />
  <Point X="166.0" Y="142.0" />
  <Point X="166.0" Y="141.63216703022056" />
  <Point X="166.0" Y="141.0" />
  <Point X="166.0" Y="140.0" />
  <Point X="166.0" Y="139.0" />
  <Point X="166.0" Y="138.0" />
  <Point X="165.0" Y="138.0" />
  <Point X="165.0" Y="137.0" />
</Project_1_Part_4>
