<?xml version="1.0" encoding="utf-8" standalone="yes"?>
<Gesture Name="pigtail10" Subject="1" Number="1" NumPts="356">
  <Point X="216.0" Y="19.0" />
  <Point X="217.0" Y="19.0" />
  <Point X="210.576465100036" Y="23.44180604784746" />
  <Point X="203.33042313162147" Y="28.452366983453242" />
  <Point X="196.08438116320696" Y="33.46292791905903" />
  <Point X="188.83833919479244" Y="38.47348885466481" />
  <Point X="181.59229722637792" Y="43.48404979027059" />
  <Point X="174.3462552579634" Y="48.49461072587637" />
  <Point X="167.1002132895489" Y="53.50517166148215" />
  <Point X="159.85417132113437" Y="58.51573259708793" />
  <Point X="152.60812935271986" Y="63.526293532693714" />
  <Point X="145.36208738430534" Y="68.5368544682995" />
  <Point X="138.11604541589082" Y="73.54741540390528" />
  <Point X="130.8700034474763" Y="78.55797633951106" />
  <Point X="123.62396147906179" Y="83.56853727511684" />
  <Point X="116.37791951064727" Y="88.57909821072262" />
  <Point X="109.13187754223276" Y="93.5896591463284" />
  <Point X="101.88583557381824" Y="98.60022008193418" />
  <Point X="94.63979360540372" Y="103.61078101753996" />
  <Point X="87.39375163698921" Y="108.62134195314574" />
  <Point X="80.14770966857469" Y="113.63190288875153" />
  <Point X="72.90166770016017" Y="118.6424638243573" />
  <Point X="65.65562573174566" Y="123.65302475996309" />
  <Point X="58.40958376333115" Y="128.66358569556888" />
  <Point X="51.16354179491664" Y="133.67414663117466" />
  <Point X="43.91749982650212" Y="138.68470756678045" />
  <Point X="36.67145785808761" Y="143.69526850238623" />
  <Point X="29.425415889673094" Y="148.705829437992" />
  <Point X="29.0" Y="149.0" />
  <Point X="30.0" Y="149.0" />
  <Point X="31.0" Y="149.0" />
  <Point X="32.0" Y="149.0" />
  <Point X="34.0" Y="149.0" />
  <Point X="35.0" Y="149.0" />
  <Point X="36.0" Y="149.0" />
  <Point X="37.0" Y="149.0" />
  <Point X="37.292483238582605" Y="149.0" />
  <Point X="39.0" Y="149.0" />
  <Point X="40.0" Y="149.0" />
  <Point X="41.0" Y="149.0" />
  <Point X="42.0" Y="149.0" />
  <Point X="43.0" Y="149.0" />
  <Point X="44.0" Y="149.0" />
  <Point X="45.0" Y="149.0" />
  <Point X="46.0" Y="149.0" />
  <Point X="46.10218499842914" Y="149.0" />
  <Point X="47.0" Y="149.0" />
  <Point X="48.0" Y="149.0" />
  <Point X="49.0" Y="149.0" />
  <Point X="51.0" Y="149.0" />
  <Point X="52.0" Y="148.0" />
  <Point X="54.0" Y="148.0" />
  <Point X="54.49767319590258" Y="148.0" />
  <Point X="56.0" Y="148.0" />
  <Point X="57.0" Y="148.0" />
  <Point X="59.0" Y="148.0" />
  <Point X="60.0" Y="148.0" />
  <Point X="61.0" Y="148.0" />
  <Point X="62.0" Y="148.0" />
  <Point X="63.0" Y="148.0" />
  <Point X="63.30737495574911" Y="148.0" />
  <Point X="64.0" Y="148.0" />
  <Point X="65.0" Y="148.0" />
  <Point X="66.0" Y="148.0" />
  <Point X="67.0" Y="148.0" />
  <Point X="68.0" Y="147.0" />
  <Point X="69.0" Y="147.0" />
  <Point X="70.0" Y="147.0" />
  <Point X="71.0" Y="147.0" />
  <Point X="71.70286315322255" Y="147.0" />
  <Point X="73.0" Y="147.0" />
  <Point X="75.0" Y="147.0" />
  <Point X="76.0" Y="146.0" />
  <Point X="77.0" Y="146.0" />
  <Point X="78.0" Y="146.0" />
  <Point X="80.0" Y="146.0" />
  <Point X="80.069544907016" Y="145.930455092984" />
  <Point X="81.0" Y="145.0" />
  <Point X="83.0" Y="144.0" />
  <Point X="84.0" Y="144.0" />
  <Point X="85.0" Y="144.0" />
  <Point X="86.0" Y="144.0" />
  <Point X="87.0" Y="143.0" />
  <Point X="87.84355800829655" Y="143.0" />
  <Point X="88.0" Y="143.0" />
  <Point X="90.0" Y="143.0" />
  <Point X="91.0" Y="142.0" />
  <Point X="93.0" Y="142.0" />
  <Point X="94.0" Y="142.0" />
  <Point X="95.0" Y="141.0" />
  <Point X="95.8248326433969" Y="141.0" />
  <Point X="96.0" Y="141.0" />
  <Point X="97.0" Y="141.0" />
  <Point X="99.0" Y="139.0" />
  <Point X="101.0" Y="139.0" />
  <Point X="102.0" Y="139.0" />
  <Point X="103.0" Y="138.0" />
  <Point X="103.27711070417578" Y="137.72288929582422" />
  <Point X="104.0" Y="137.0" />
  <Point X="105.0" Y="137.0" />
  <Point X="106.0" Y="137.0" />
  <Point X="107.0" Y="137.0" />
  <Point X="108.0" Y="136.0" />
  <Point X="110.0" Y="136.0" />
  <Point X="111.22819911115572" Y="135.38590044442213" />
  <Point X="112.0" Y="135.0" />
  <Point X="112.0" Y="134.0" />
  <Point X="114.0" Y="134.0" />
  <Point X="115.0" Y="133.0" />
  <Point X="116.0" Y="133.0" />
  <Point X="117.0" Y="132.0" />
  <Point X="118.0" Y="132.0" />
  <Point X="118.11837500882507" Y="132.0" />
  <Point X="119.0" Y="132.0" />
  <Point X="119.0" Y="131.0" />
  <Point X="120.0" Y="131.0" />
  <Point X="121.0" Y="131.0" />
  <Point X="121.0" Y="130.0" />
  <Point X="122.0" Y="130.0" />
  <Point X="123.0" Y="130.0" />
  <Point X="123.0" Y="129.0" />
  <Point X="123.9280767686716" Y="129.0" />
  <Point X="124.0" Y="129.0" />
  <Point X="124.0" Y="128.0" />
  <Point X="125.0" Y="128.0" />
  <Point X="126.0" Y="128.0" />
  <Point X="126.0" Y="127.0" />
  <Point X="127.0" Y="127.0" />
  <Point X="128.0" Y="127.0" />
  <Point X="128.0" Y="126.0" />
  <Point X="129.0" Y="126.0" />
  <Point X="129.0" Y="125.26222147148187" />
  <Point X="129.0" Y="125.0" />
  <Point X="130.0" Y="124.0" />
  <Point X="131.0" Y="124.0" />
  <Point X="132.0" Y="123.0" />
  <Point X="133.0" Y="123.0" />
  <Point X="133.0" Y="122.0" />
  <Point X="134.0" Y="121.0" />
  <Point X="134.0" Y="120.0" />
  <Point X="134.3048396012454" Y="120.0" />
  <Point X="135.0" Y="120.0" />
  <Point X="135.0" Y="119.0" />
  <Point X="136.0" Y="119.0" />
  <Point X="136.0" Y="118.0" />
  <Point X="137.0" Y="118.0" />
  <Point X="138.0" Y="117.0" />
  <Point X="138.0" Y="116.0" />
  <Point X="139.0" Y="116.0" />
  <Point X="139.0" Y="115.29967220128117" />
  <Point X="139.0" Y="115.0" />
  <Point X="140.0" Y="115.0" />
  <Point X="140.0" Y="114.0" />
  <Point X="141.0" Y="114.0" />
  <Point X="141.0" Y="113.0" />
  <Point X="141.0" Y="112.0" />
  <Point X="142.0" Y="112.0" />
  <Point X="142.0" Y="111.0" />
  <Point X="143.0" Y="111.0" />
  <Point X="143.0" Y="110.48997044143464" />
  <Point X="143.0" Y="110.0" />
  <Point X="144.0" Y="110.0" />
  <Point X="144.0" Y="109.0" />
  <Point X="144.0" Y="108.0" />
  <Point X="145.0" Y="108.0" />
  <Point X="145.0" Y="107.0" />
  <Point X="146.0" Y="106.0" />
  <Point X="146.0" Y="105.0" />
  <Point X="146.0" Y="104.0944822439612" />
  <Point X="146.0" Y="104.0" />
  <Point X="147.0" Y="104.0" />
  <Point X="147.0" Y="103.0" />
  <Point X="148.0" Y="103.0" />
  <Point X="148.0" Y="102.0" />
  <Point X="148.0" Y="101.0" />
  <Point X="148.0" Y="100.0" />
  <Point X="148.0" Y="99.0" />
  <Point X="149.0" Y="99.0" />
  <Point X="149.0" Y="98.28478048411466" />
  <Point X="149.0" Y="98.0" />
  <Point X="149.0" Y="97.0" />
  <Point X="149.0" Y="96.0" />
  <Point X="149.0" Y="95.0" />
  <Point X="149.0" Y="94.0" />
  <Point X="149.0" Y="93.0" />
  <Point X="149.0" Y="92.0" />
  <Point X="149.0" Y="91.0" />
  <Point X="149.0" Y="90.0" />
  <Point X="149.0" Y="89.47507872426813" />
  <Point X="149.0" Y="89.0" />
  <Point X="149.0" Y="88.0" />
  <Point X="148.0" Y="88.0" />
  <Point X="147.0" Y="88.0" />
  <Point X="147.0" Y="87.0" />
  <Point X="146.0" Y="87.0" />
  <Point X="145.0" Y="87.0" />
  <Point X="145.0" Y="86.0" />
  <Point X="144.0" Y="86.0" />
  <Point X="143.6653769644216" Y="86.0" />
  <Point X="143.0" Y="86.0" />
  <Point X="142.0" Y="86.0" />
  <Point X="141.0" Y="86.0" />
  <Point X="141.0" Y="85.0" />
  <Point X="140.0" Y="85.0" />
  <Point X="139.0" Y="85.0" />
  <Point X="138.0" Y="85.0" />
  <Point X="137.0" Y="85.0" />
  <Point X="136.0" Y="85.0" />
  <Point X="135.85567520457505" Y="85.0" />
  <Point X="135.0" Y="85.0" />
  <Point X="134.0" Y="85.0" />
  <Point X="133.0" Y="85.0" />
  <Point X="132.0" Y="85.0" />
  <Point X="131.0" Y="85.0" />
  <Point X="130.0" Y="85.0" />
  <Point X="129.0" Y="85.0" />
  <Point X="129.0" Y="86.0" />
  <Point X="128.0459734447285" Y="86.0" />
  <Point X="128.0" Y="86.0" />
  <Point X="127.0" Y="86.0" />
  <Point X="126.0" Y="86.0" />
  <Point X="126.0" Y="87.0" />
  <Point X="125.0" Y="87.0" />
  <Point X="124.0" Y="87.0" />
  <Point X="123.0" Y="88.0" />
  <Point X="122.0" Y="89.0" />
  <Point X="121.06469880962815" Y="89.0" />
  <Point X="121.0" Y="89.0" />
  <Point X="121.0" Y="90.0" />
  <Point X="120.0" Y="90.0" />
  <Point X="119.0" Y="90.0" />
  <Point X="119.0" Y="91.0" />
  <Point X="118.0" Y="91.0" />
  <Point X="117.0" Y="92.0" />
  <Point X="116.0" Y="93.0" />
  <Point X="115.35188301833695" Y="93.64811698166305" />
  <Point X="115.0" Y="94.0" />
  <Point X="114.0" Y="94.0" />
  <Point X="114.0" Y="95.0" />
  <Point X="113.0" Y="95.0" />
  <Point X="113.0" Y="96.0" />
  <Point X="112.0" Y="96.0" />
  <Point X="112.0" Y="97.0" />
  <Point X="111.0" Y="97.0" />
  <Point X="111.0" Y="98.0" />
  <Point X="110.77933741321078" Y="98.22066258678922" />
  <Point X="110.0" Y="99.0" />
  <Point X="109.0" Y="100.0" />
  <Point X="109.0" Y="101.0" />
  <Point X="109.0" Y="102.0" />
  <Point X="108.0" Y="102.0" />
  <Point X="107.0" Y="104.0" />
  <Point X="107.0" Y="105.0" />
  <Point X="106.95950351342262" Y="105.04049648657738" />
  <Point X="106.0" Y="106.0" />
  <Point X="106.0" Y="107.0" />
  <Point X="106.0" Y="108.0" />
  <Point X="105.0" Y="109.0" />
  <Point X="105.0" Y="110.0" />
  <Point X="104.0" Y="112.0" />
  <Point X="104.0" Y="112.80247733814676" />
  <Point X="104.0" Y="113.0" />
  <Point X="103.0" Y="113.0" />
  <Point X="103.0" Y="114.0" />
  <Point X="103.0" Y="115.0" />
  <Point X="103.0" Y="116.0" />
  <Point X="103.0" Y="117.0" />
  <Point X="103.0" Y="118.0" />
  <Point X="103.0" Y="119.0" />
  <Point X="102.0" Y="120.0" />
  <Point X="102.0" Y="120.1979655356202" />
  <Point X="102.0" Y="121.0" />
  <Point X="102.0" Y="122.0" />
  <Point X="102.0" Y="123.0" />
  <Point X="102.0" Y="124.0" />
  <Point X="102.0" Y="125.0" />
  <Point X="102.0" Y="126.0" />
  <Point X="102.0" Y="127.0" />
  <Point X="102.0" Y="128.0" />
  <Point X="102.0" Y="129.0" />
  <Point X="102.0" Y="129.00766729546675" />
  <Point X="102.0" Y="130.0" />
  <Point X="103.0" Y="131.0" />
  <Point X="103.0" Y="132.0" />
  <Point X="104.0" Y="132.0" />
  <Point X="104.0" Y="133.0" />
  <Point X="104.0" Y="134.0" />
  <Point X="105.0" Y="134.0" />
  <Point X="105.0" Y="135.0" />
  <Point X="105.0" Y="135.4031554929402" />
  <Point X="105.0" Y="136.0" />
  <Point X="106.0" Y="136.0" />
  <Point X="106.0" Y="137.0" />
  <Point X="107.0" Y="137.0" />
  <Point X="108.0" Y="137.0" />
  <Point X="108.0" Y="138.0" />
  <Point X="109.0" Y="139.0" />
  <Point X="110.0" Y="140.0" />
  <Point X="110.0" Y="140.38443012804052" />
  <Point X="110.0" Y="141.0" />
  <Point X="111.0" Y="141.0" />
  <Point X="112.0" Y="141.0" />
  <Point X="112.0" Y="142.0" />
  <Point X="113.0" Y="142.0" />
  <Point X="113.0" Y="143.0" />
  <Point X="114.0" Y="143.0" />
  <Point X="114.0" Y="144.0" />
  <Point X="115.0" Y="144.0" />
  <Point X="115.0" Y="144.19413188788707" />
  <Point X="115.0" Y="145.0" />
  <Point X="116.0" Y="145.0" />
  <Point X="117.0" Y="145.0" />
  <Point X="117.0" Y="146.0" />
  <Point X="118.0" Y="146.0" />
  <Point X="118.0" Y="147.0" />
  <Point X="119.0" Y="147.0" />
  <Point X="119.0" Y="148.0" />
  <Point X="120.0" Y="148.0" />
  <Point X="120.0038336477336" Y="148.0" />
  <Point X="121.0" Y="148.0" />
  <Point X="122.0" Y="149.0" />
  <Point X="123.0" Y="149.0" />
  <Point X="123.0" Y="150.0" />
  <Point X="124.0" Y="150.0" />
  <Point X="125.0" Y="150.0" />
  <Point X="126.0" Y="151.0" />
  <Point X="126.98510828283395" Y="151.0" />
  <Point X="127.0" Y="151.0" />
  <Point X="127.0" Y="152.0" />
  <Point X="128.0" Y="152.0" />
  <Point X="129.0" Y="152.0" />
  <Point X="130.0" Y="152.0" />
  <Point X="131.0" Y="153.0" />
  <Point X="132.0" Y="153.0" />
  <Point X="133.0" Y="153.0" />
  <Point X="134.0" Y="153.0" />
  <Point X="134.3805964803074" Y="153.0" />
  <Point X="135.0" Y="153.0" />
  <Point X="136.0" Y="153.0" />
  <Point X="137.0" Y="153.0" />
  <Point X="138.0" Y="153.0" />
  <Point X="139.0" Y="153.0" />
  <Point X="140.0" Y="153.0" />
  <Point X="141.0" Y="153.0" />
  <Point X="142.0" Y="153.0" />
  <Point X="143.0" Y="153.0" />
  <Point X="143.19029824015394" Y="153.0" />
  <Point X="144.0" Y="153.0" />
  <Point X="145.0" Y="153.0" />
  <Point X="146.0" Y="153.0" />
  <Point X="146.0" Y="154.0" />
  <Point X="147.0" Y="154.0" />
  <Point X="147.0" Y="155.0" />
  <Point X="148.0" Y="155.0" />
  <Point X="149.0" Y="155.0" />
  <Point X="150.0" Y="155.0" />
</Project_1_Part_4>
