<?xml version="1.0" encoding="utf-8" standalone="yes"?>
<Gesture Name="pigtail9" Subject="1" Number="1" NumPts="391">
  <Point X="209.0" Y="25.0" />
  <Point X="210.0" Y="25.0" />
  <Point X="203.46703444803953" Y="29.671830016808936" />
  <Point X="196.1206550850053" Y="34.925345491536895" />
  <Point X="188.77427572197107" Y="40.17886096626486" />
  <Point X="181.42789635893683" Y="45.43237644099282" />
  <Point X="174.0815169959026" Y="50.68589191572078" />
  <Point X="166.73513763286837" Y="55.93940739044874" />
  <Point X="159.38875826983414" Y="61.192922865176705" />
  <Point X="152.0423789067999" Y="66.44643833990466" />
  <Point X="144.69599954376568" Y="71.69995381463262" />
  <Point X="137.34962018073145" Y="76.95346928936058" />
  <Point X="130.00324081769722" Y="82.20698476408855" />
  <Point X="122.656861454663" Y="87.46050023881651" />
  <Point X="115.31048209162878" Y="92.71401571354447" />
  <Point X="107.96410272859457" Y="97.96753118827243" />
  <Point X="100.61772336556035" Y="103.2210466630004" />
  <Point X="93.27134400252613" Y="108.47456213772836" />
  <Point X="85.92496463949192" Y="113.72807761245632" />
  <Point X="78.5785852764577" Y="118.98159308718428" />
  <Point X="71.23220591342348" Y="124.23510856191224" />
  <Point X="63.88582655038927" Y="129.4886240366402" />
  <Point X="56.53944718735505" Y="134.74213951136818" />
  <Point X="49.193067824320835" Y="139.99565498609616" />
  <Point X="41.84668846128661" Y="145.2491704608241" />
  <Point X="38.0" Y="148.0" />
  <Point X="39.0" Y="148.0" />
  <Point X="40.0" Y="148.0" />
  <Point X="41.0" Y="148.0" />
  <Point X="42.0" Y="148.0" />
  <Point X="42.30247292841979" Y="148.0" />
  <Point X="43.0" Y="148.0" />
  <Point X="44.0" Y="148.0" />
  <Point X="45.0" Y="148.0" />
  <Point X="46.0" Y="148.0" />
  <Point X="47.0" Y="148.0" />
  <Point X="48.0" Y="148.0" />
  <Point X="49.0" Y="148.0" />
  <Point X="50.0" Y="148.0" />
  <Point X="51.33401291830087" Y="148.0" />
  <Point X="52.0" Y="148.0" />
  <Point X="53.0" Y="148.0" />
  <Point X="54.0" Y="148.0" />
  <Point X="55.0" Y="148.0" />
  <Point X="56.0" Y="148.0" />
  <Point X="57.0" Y="147.0" />
  <Point X="58.0" Y="147.0" />
  <Point X="59.0" Y="147.0" />
  <Point X="59.95133934580886" Y="147.0" />
  <Point X="61.0" Y="147.0" />
  <Point X="62.0" Y="146.0" />
  <Point X="63.0" Y="146.0" />
  <Point X="64.0" Y="146.0" />
  <Point X="66.0" Y="146.0" />
  <Point X="67.0" Y="146.0" />
  <Point X="67.0" Y="145.0" />
  <Point X="67.56866577331685" Y="145.0" />
  <Point X="69.0" Y="145.0" />
  <Point X="70.0" Y="145.0" />
  <Point X="71.0" Y="145.0" />
  <Point X="72.0" Y="145.0" />
  <Point X="73.0" Y="145.0" />
  <Point X="74.0" Y="145.0" />
  <Point X="75.0" Y="145.0" />
  <Point X="75.0" Y="144.0" />
  <Point X="75.60020576319793" Y="144.0" />
  <Point X="76.0" Y="144.0" />
  <Point X="77.0" Y="144.0" />
  <Point X="78.0" Y="143.0" />
  <Point X="79.0" Y="143.0" />
  <Point X="80.0" Y="143.0" />
  <Point X="81.0" Y="143.0" />
  <Point X="82.0" Y="143.0" />
  <Point X="83.0" Y="142.0" />
  <Point X="83.80331862833283" Y="142.0" />
  <Point X="85.0" Y="142.0" />
  <Point X="86.0" Y="142.0" />
  <Point X="87.0" Y="142.0" />
  <Point X="87.0" Y="141.0" />
  <Point X="89.0" Y="141.0" />
  <Point X="90.0" Y="140.0" />
  <Point X="91.0" Y="140.0" />
  <Point X="91.42064505584082" Y="140.0" />
  <Point X="92.0" Y="140.0" />
  <Point X="94.0" Y="140.0" />
  <Point X="94.0" Y="139.0" />
  <Point X="95.0" Y="138.0" />
  <Point X="96.0" Y="138.0" />
  <Point X="97.0" Y="138.0" />
  <Point X="98.0" Y="137.0" />
  <Point X="98.62375792097572" Y="137.0" />
  <Point X="99.0" Y="137.0" />
  <Point X="100.0" Y="137.0" />
  <Point X="101.0" Y="137.0" />
  <Point X="102.0" Y="136.0" />
  <Point X="103.0" Y="135.0" />
  <Point X="104.0" Y="135.0" />
  <Point X="105.0" Y="135.0" />
  <Point X="106.0" Y="134.0" />
  <Point X="106.41265722373753" Y="134.0" />
  <Point X="107.0" Y="134.0" />
  <Point X="108.0" Y="134.0" />
  <Point X="109.0" Y="133.0" />
  <Point X="110.0" Y="133.0" />
  <Point X="111.0" Y="132.0" />
  <Point X="112.0" Y="131.0" />
  <Point X="113.0" Y="131.0" />
  <Point X="113.84962876786663" Y="130.15037123213338" />
  <Point X="114.0" Y="130.0" />
  <Point X="115.0" Y="130.0" />
  <Point X="115.0" Y="129.0" />
  <Point X="116.0" Y="129.0" />
  <Point X="117.0" Y="129.0" />
  <Point X="118.0" Y="128.0" />
  <Point X="118.0" Y="127.0" />
  <Point X="119.0" Y="127.0" />
  <Point X="119.0" Y="126.0" />
  <Point X="119.40466939163423" Y="126.0" />
  <Point X="120.0" Y="126.0" />
  <Point X="121.0" Y="125.0" />
  <Point X="122.0" Y="125.0" />
  <Point X="123.0" Y="124.0" />
  <Point X="123.0" Y="123.0" />
  <Point X="124.0" Y="123.0" />
  <Point X="124.0" Y="122.0" />
  <Point X="125.0" Y="122.0" />
  <Point X="125.60778225676913" Y="122.0" />
  <Point X="126.0" Y="122.0" />
  <Point X="126.0" Y="121.0" />
  <Point X="127.0" Y="121.0" />
  <Point X="128.0" Y="120.0" />
  <Point X="128.0" Y="119.0" />
  <Point X="129.0" Y="118.0" />
  <Point X="130.0" Y="118.0" />
  <Point X="131.0" Y="117.0" />
  <Point X="131.0" Y="116.60331844046907" />
  <Point X="131.0" Y="116.0" />
  <Point X="132.0" Y="116.0" />
  <Point X="132.0" Y="115.0" />
  <Point X="133.0" Y="114.0" />
  <Point X="134.0" Y="114.0" />
  <Point X="135.0" Y="113.0" />
  <Point X="135.0" Y="112.0" />
  <Point X="136.0" Y="112.0" />
  <Point X="136.4241187049991" Y="111.57588129500091" />
  <Point X="137.0" Y="111.0" />
  <Point X="138.0" Y="110.0" />
  <Point X="139.0" Y="110.0" />
  <Point X="139.0" Y="109.0" />
  <Point X="140.0" Y="108.0" />
  <Point X="141.0" Y="108.0" />
  <Point X="141.0" Y="107.0" />
  <Point X="142.2420854297823" Y="106.37895728510885" />
  <Point X="143.0" Y="106.0" />
  <Point X="143.0" Y="105.0" />
  <Point X="144.0" Y="105.0" />
  <Point X="145.0" Y="104.0" />
  <Point X="146.0" Y="103.0" />
  <Point X="146.0" Y="102.0" />
  <Point X="147.0" Y="102.0" />
  <Point X="147.0" Y="101.0" />
  <Point X="147.35573861506273" Y="101.0" />
  <Point X="148.0" Y="101.0" />
  <Point X="148.0" Y="100.0" />
  <Point X="149.0" Y="100.0" />
  <Point X="149.0" Y="99.0" />
  <Point X="150.0" Y="98.0" />
  <Point X="151.0" Y="98.0" />
  <Point X="151.0" Y="97.0" />
  <Point X="152.0" Y="96.0" />
  <Point X="152.55885148019763" Y="96.0" />
  <Point X="153.0" Y="96.0" />
  <Point X="153.0" Y="95.0" />
  <Point X="154.0" Y="94.0" />
  <Point X="154.0" Y="93.0" />
  <Point X="155.0" Y="93.0" />
  <Point X="155.0" Y="92.0" />
  <Point X="155.0" Y="91.0" />
  <Point X="155.0" Y="90.0" />
  <Point X="156.0" Y="90.0" />
  <Point X="156.1245765932339" Y="89.8754234067661" />
  <Point X="157.0" Y="89.0" />
  <Point X="157.0" Y="88.0" />
  <Point X="157.0" Y="87.0" />
  <Point X="157.0" Y="86.0" />
  <Point X="157.0" Y="85.0" />
  <Point X="157.0" Y="84.0" />
  <Point X="158.0" Y="84.0" />
  <Point X="158.0" Y="83.0" />
  <Point X="158.0" Y="82.20649566478639" />
  <Point X="158.0" Y="82.0" />
  <Point X="158.0" Y="81.0" />
  <Point X="158.0" Y="80.0" />
  <Point X="157.0" Y="80.0" />
  <Point X="156.0" Y="80.0" />
  <Point X="156.0" Y="79.0" />
  <Point X="155.0" Y="79.0" />
  <Point X="154.0" Y="79.0" />
  <Point X="154.0" Y="78.0" />
  <Point X="153.1749556749053" Y="78.0" />
  <Point X="152.0" Y="78.0" />
  <Point X="151.0" Y="78.0" />
  <Point X="150.0" Y="78.0" />
  <Point X="150.0" Y="77.0" />
  <Point X="149.0" Y="77.0" />
  <Point X="148.0" Y="77.0" />
  <Point X="147.0" Y="77.0" />
  <Point X="146.0" Y="77.0" />
  <Point X="145.14341568502422" Y="77.0" />
  <Point X="145.0" Y="77.0" />
  <Point X="145.0" Y="76.0" />
  <Point X="144.0" Y="76.0" />
  <Point X="143.0" Y="76.0" />
  <Point X="142.0" Y="76.0" />
  <Point X="141.0" Y="76.0" />
  <Point X="140.0" Y="76.0" />
  <Point X="139.0" Y="76.0" />
  <Point X="138.0" Y="76.0" />
  <Point X="137.11187569514314" Y="76.0" />
  <Point X="136.0" Y="76.0" />
  <Point X="135.0" Y="76.0" />
  <Point X="134.0" Y="76.0" />
  <Point X="133.0" Y="76.0" />
  <Point X="132.0" Y="76.0" />
  <Point X="132.0" Y="77.0" />
  <Point X="131.0" Y="77.0" />
  <Point X="131.0" Y="78.0" />
  <Point X="130.08033570526206" Y="78.0" />
  <Point X="130.0" Y="78.0" />
  <Point X="129.0" Y="78.0" />
  <Point X="128.0" Y="78.0" />
  <Point X="127.0" Y="79.0" />
  <Point X="126.0" Y="79.0" />
  <Point X="125.0" Y="79.0" />
  <Point X="124.0" Y="79.0" />
  <Point X="124.0" Y="80.0" />
  <Point X="123.0" Y="80.0" />
  <Point X="122.46300927775407" Y="80.0" />
  <Point X="122.0" Y="80.0" />
  <Point X="121.0" Y="81.0" />
  <Point X="120.0" Y="82.0" />
  <Point X="119.0" Y="82.0" />
  <Point X="118.0" Y="82.0" />
  <Point X="117.0" Y="83.0" />
  <Point X="116.0" Y="84.0" />
  <Point X="115.08832353736537" Y="84.0" />
  <Point X="115.0" Y="84.0" />
  <Point X="115.0" Y="85.0" />
  <Point X="114.0" Y="85.0" />
  <Point X="114.0" Y="86.0" />
  <Point X="113.0" Y="86.0" />
  <Point X="113.0" Y="87.0" />
  <Point X="112.0" Y="87.0" />
  <Point X="111.0" Y="87.0" />
  <Point X="111.0" Y="88.0" />
  <Point X="111.0" Y="88.94321645251571" />
  <Point X="111.0" Y="89.0" />
  <Point X="110.0" Y="89.0" />
  <Point X="110.0" Y="90.0" />
  <Point X="110.0" Y="91.0" />
  <Point X="110.0" Y="92.0" />
  <Point X="110.0" Y="93.0" />
  <Point X="110.0" Y="94.0" />
  <Point X="109.0" Y="94.0" />
  <Point X="109.0" Y="95.0" />
  <Point X="109.0" Y="95.9747564423968" />
  <Point X="109.0" Y="96.0" />
  <Point X="109.0" Y="97.0" />
  <Point X="109.0" Y="98.0" />
  <Point X="109.0" Y="99.0" />
  <Point X="109.0" Y="100.0" />
  <Point X="109.0" Y="101.0" />
  <Point X="109.0" Y="102.0" />
  <Point X="109.0" Y="103.0" />
  <Point X="109.0" Y="104.0" />
  <Point X="109.71155903114752" Y="104.71155903114752" />
  <Point X="110.0" Y="105.0" />
  <Point X="111.0" Y="106.0" />
  <Point X="111.0" Y="107.0" />
  <Point X="112.0" Y="108.0" />
  <Point X="112.0" Y="109.0" />
  <Point X="112.0" Y="110.0" />
  <Point X="113.0" Y="110.0" />
  <Point X="113.0" Y="111.0" />
  <Point X="113.56228829661718" Y="111.56228829661718" />
  <Point X="114.0" Y="112.0" />
  <Point X="114.0" Y="113.0" />
  <Point X="115.0" Y="114.0" />
  <Point X="115.0" Y="115.0" />
  <Point X="116.0" Y="115.0" />
  <Point X="116.0" Y="116.0" />
  <Point X="117.0" Y="117.0" />
  <Point X="117.0" Y="118.0" />
  <Point X="117.41301756208685" Y="118.41301756208685" />
  <Point X="118.0" Y="119.0" />
  <Point X="118.0" Y="120.0" />
  <Point X="118.0" Y="121.0" />
  <Point X="119.0" Y="121.0" />
  <Point X="120.0" Y="122.0" />
  <Point X="120.0" Y="123.0" />
  <Point X="120.0" Y="124.0" />
  <Point X="121.0" Y="125.0" />
  <Point X="121.0" Y="125.3729943405633" />
  <Point X="121.0" Y="126.0" />
  <Point X="122.0" Y="126.0" />
  <Point X="122.0" Y="127.0" />
  <Point X="122.0" Y="128.0" />
  <Point X="123.0" Y="129.0" />
  <Point X="124.0" Y="129.0" />
  <Point X="124.0" Y="130.0" />
  <Point X="124.0" Y="131.0" />
  <Point X="124.99032076807129" Y="131.0" />
  <Point X="125.0" Y="131.0" />
  <Point X="125.0" Y="132.0" />
  <Point X="125.0" Y="133.0" />
  <Point X="125.0" Y="134.0" />
  <Point X="126.0" Y="134.0" />
  <Point X="126.0" Y="135.0" />
  <Point X="126.0" Y="136.0" />
  <Point X="126.0" Y="137.0" />
  <Point X="127.0" Y="137.0" />
  <Point X="127.0" Y="138.0" />
  <Point X="127.02186075795237" Y="138.0" />
  <Point X="128.0" Y="138.0" />
  <Point X="128.0" Y="139.0" />
  <Point X="128.0" Y="140.0" />
  <Point X="129.0" Y="141.0" />
  <Point X="129.0" Y="142.0" />
  <Point X="130.0" Y="142.0" />
  <Point X="130.0" Y="143.0" />
  <Point X="130.0" Y="144.0" />
  <Point X="130.45197359328657" Y="144.45197359328657" />
  <Point X="131.0" Y="145.0" />
  <Point X="132.0" Y="145.0" />
  <Point X="132.0" Y="146.0" />
  <Point X="133.0" Y="146.0" />
  <Point X="133.0" Y="147.0" />
  <Point X="134.0" Y="147.0" />
  <Point X="134.0" Y="148.0" />
  <Point X="134.0" Y="149.0" />
  <Point X="135.0" Y="149.0" />
  <Point X="135.25651361296835" Y="149.0" />
  <Point X="136.0" Y="149.0" />
  <Point X="136.0" Y="150.0" />
  <Point X="137.0" Y="150.0" />
  <Point X="138.0" Y="150.0" />
  <Point X="138.0" Y="151.0" />
  <Point X="139.0" Y="151.0" />
  <Point X="140.0" Y="151.0" />
  <Point X="140.0" Y="152.0" />
  <Point X="141.0" Y="152.0" />
  <Point X="141.0" Y="152.28805360284943" />
  <Point X="141.0" Y="153.0" />
  <Point X="142.0" Y="153.0" />
  <Point X="143.0" Y="153.0" />
  <Point X="144.0" Y="153.0" />
  <Point X="145.0" Y="154.0" />
  <Point X="146.0" Y="154.0" />
  <Point X="147.0" Y="154.0" />
  <Point X="148.0" Y="154.0" />
  <Point X="148.90538003035743" Y="154.0" />
  <Point X="149.0" Y="154.0" />
  <Point X="150.0" Y="154.0" />
  <Point X="151.0" Y="154.0" />
  <Point X="152.0" Y="154.0" />
  <Point X="153.0" Y="154.0" />
  <Point X="154.0" Y="154.0" />
  <Point X="155.0" Y="154.0" />
  <Point X="156.0" Y="154.0" />
  <Point X="157.0" Y="154.0" />
  <Point X="157.93692002023852" Y="154.0" />
  <Point X="158.0" Y="154.0" />
  <Point X="158.0" Y="153.0" />
  <Point X="158.0" Y="152.0" />
  <Point X="159.0" Y="152.0" />
  <Point X="160.0" Y="152.0" />
  <Point X="161.0" Y="152.0" />
  <Point X="161.0" Y="151.0" />
  <Point X="162.0" Y="151.0" />
  <Point X="162.0" Y="150.0" />
  <Point X="162.9684600101196" Y="150.0" />
  <Point X="163.0" Y="150.0" />
  <Point X="163.0" Y="149.0" />
  <Point X="164.0" Y="149.0" />
  <Point X="164.0" Y="148.0" />
  <Point X="165.0" Y="148.0" />
  <Point X="165.0" Y="147.0" />
  <Point X="165.0" Y="146.0" />
  <Point X="165.0" Y="145.0" />
  <Point X="165.0" Y="144.0" />
  <Point X="165.0" Y="143.0" />
</Project_1_Part_4>
