<?xml version="1.0" encoding="utf-8" standalone="yes"?>
<Gesture Name="question_mark1" Subject="1" Number="1" NumPts="548">
  <Point X="35.0" Y="150.0" />
  <Point X="35.0" Y="149.0" />
  <Point X="36.0" Y="148.0" />
  <Point X="37.0" Y="148.0" />
  <Point X="37.0" Y="147.0" />
  <Point X="38.0" Y="146.0" />
  <Point X="39.0" Y="145.0" />
  <Point X="39.61502515557747" Y="144.38497484442254" />
  <Point X="40.0" Y="144.0" />
  <Point X="41.0" Y="144.0" />
  <Point X="41.0" Y="143.0" />
  <Point X="42.0" Y="143.0" />
  <Point X="42.0" Y="142.0" />
  <Point X="43.0" Y="141.0" />
  <Point X="44.0" Y="141.0" />
  <Point X="44.0" Y="140.0" />
  <Point X="44.15376739480964" Y="140.0" />
  <Point X="45.0" Y="140.0" />
  <Point X="45.0" Y="139.0" />
  <Point X="46.0" Y="139.0" />
  <Point X="46.0" Y="138.0" />
  <Point X="47.0" Y="138.0" />
  <Point X="47.0" Y="137.0" />
  <Point X="48.0" Y="137.0" />
  <Point X="48.895327998426566" Y="136.10467200157345" />
  <Point X="49.0" Y="136.0" />
  <Point X="50.0" Y="135.0" />
  <Point X="50.0" Y="134.0" />
  <Point X="51.0" Y="134.0" />
  <Point X="51.0" Y="133.0" />
  <Point X="52.0" Y="133.0" />
  <Point X="52.0" Y="132.0" />
  <Point X="53.0" Y="132.0" />
  <Point X="53.0" Y="131.44982452326144" />
  <Point X="53.0" Y="131.0" />
  <Point X="54.0" Y="131.0" />
  <Point X="54.0" Y="130.0" />
  <Point X="55.0" Y="129.0" />
  <Point X="56.0" Y="128.0" />
  <Point X="57.0" Y="127.0" />
  <Point X="58.0" Y="127.0" />
  <Point X="58.0" Y="126.58004760704317" />
  <Point X="58.0" Y="126.0" />
  <Point X="59.0" Y="125.0" />
  <Point X="59.0" Y="124.0" />
  <Point X="60.0" Y="124.0" />
  <Point X="60.0" Y="123.0" />
  <Point X="61.0" Y="123.0" />
  <Point X="62.0" Y="123.0" />
  <Point X="62.0" Y="122.0" />
  <Point X="62.0" Y="121.8818435660787" />
  <Point X="62.0" Y="121.0" />
  <Point X="63.0" Y="121.0" />
  <Point X="63.0" Y="120.0" />
  <Point X="64.0" Y="119.0" />
  <Point X="65.0" Y="119.0" />
  <Point X="65.0" Y="118.0" />
  <Point X="66.0" Y="118.0" />
  <Point X="66.0" Y="117.18363952511423" />
  <Point X="66.0" Y="117.0" />
  <Point X="67.0" Y="116.0" />
  <Point X="67.0" Y="115.0" />
  <Point X="68.0" Y="115.0" />
  <Point X="68.0" Y="114.0" />
  <Point X="68.0" Y="113.0" />
  <Point X="69.0" Y="113.0" />
  <Point X="69.0" Y="112.0" />
  <Point X="69.51456451585024" Y="112.0" />
  <Point X="70.0" Y="112.0" />
  <Point X="70.0" Y="111.0" />
  <Point X="71.0" Y="111.0" />
  <Point X="71.0" Y="110.0" />
  <Point X="72.0" Y="109.0" />
  <Point X="72.0" Y="108.0" />
  <Point X="73.0" Y="108.0" />
  <Point X="73.0" Y="107.0" />
  <Point X="73.21276855681471" Y="107.0" />
  <Point X="74.0" Y="107.0" />
  <Point X="74.0" Y="106.0" />
  <Point X="75.0" Y="106.0" />
  <Point X="75.0" Y="105.0" />
  <Point X="75.0" Y="104.0" />
  <Point X="76.0" Y="104.0" />
  <Point X="76.0" Y="103.0" />
  <Point X="76.0" Y="102.0" />
  <Point X="76.32518616015227" Y="102.0" />
  <Point X="77.0" Y="102.0" />
  <Point X="78.0" Y="102.0" />
  <Point X="78.0" Y="101.0" />
  <Point X="78.0" Y="100.0" />
  <Point X="79.0" Y="100.0" />
  <Point X="79.0" Y="99.0" />
  <Point X="79.0" Y="98.0" />
  <Point X="80.0" Y="98.0" />
  <Point X="80.0" Y="97.56239623651017" />
  <Point X="80.0" Y="97.0" />
  <Point X="81.0" Y="97.0" />
  <Point X="81.0" Y="96.0" />
  <Point X="82.0" Y="96.0" />
  <Point X="82.0" Y="95.0" />
  <Point X="83.0" Y="94.0" />
  <Point X="83.0" Y="93.0" />
  <Point X="83.80313740065424" Y="92.19686259934576" />
  <Point X="84.0" Y="92.0" />
  <Point X="84.0" Y="91.0" />
  <Point X="85.0" Y="91.0" />
  <Point X="85.0" Y="90.0" />
  <Point X="86.0" Y="90.0" />
  <Point X="87.0" Y="89.0" />
  <Point X="87.0" Y="88.0" />
  <Point X="88.0" Y="87.0" />
  <Point X="88.00558472067257" Y="87.0" />
  <Point X="89.0" Y="87.0" />
  <Point X="89.0" Y="88.0" />
  <Point X="89.0" Y="89.0" />
  <Point X="90.0" Y="89.0" />
  <Point X="90.0" Y="90.0" />
  <Point X="91.0" Y="90.0" />
  <Point X="91.0" Y="91.0" />
  <Point X="91.0" Y="92.0" />
  <Point X="91.0" Y="92.11800232401013" />
  <Point X="91.0" Y="93.0" />
  <Point X="92.0" Y="93.0" />
  <Point X="92.0" Y="94.0" />
  <Point X="92.0" Y="95.0" />
  <Point X="93.0" Y="95.0" />
  <Point X="93.0" Y="96.0" />
  <Point X="93.0" Y="97.0" />
  <Point X="93.0" Y="98.0" />
  <Point X="93.2304199273477" Y="98.0" />
  <Point X="94.0" Y="98.0" />
  <Point X="94.0" Y="99.0" />
  <Point X="95.0" Y="99.0" />
  <Point X="95.0" Y="100.0" />
  <Point X="95.0" Y="101.0" />
  <Point X="95.0" Y="102.0" />
  <Point X="96.0" Y="102.0" />
  <Point X="96.0" Y="103.0" />
  <Point X="96.0" Y="103.34283753068526" />
  <Point X="96.0" Y="104.0" />
  <Point X="97.0" Y="105.0" />
  <Point X="97.0" Y="106.0" />
  <Point X="98.0" Y="106.0" />
  <Point X="98.0" Y="107.0" />
  <Point X="99.0" Y="107.0" />
  <Point X="99.0" Y="108.0" />
  <Point X="99.0" Y="109.0" />
  <Point X="99.0" Y="109.04104157164973" />
  <Point X="99.0" Y="110.0" />
  <Point X="100.0" Y="110.0" />
  <Point X="100.0" Y="111.0" />
  <Point X="101.0" Y="111.0" />
  <Point X="101.0" Y="112.0" />
  <Point X="101.0" Y="113.0" />
  <Point X="102.0" Y="113.0" />
  <Point X="102.0" Y="114.0" />
  <Point X="102.15345917498729" Y="114.0" />
  <Point X="103.0" Y="114.0" />
  <Point X="103.0" Y="115.0" />
  <Point X="103.0" Y="116.0" />
  <Point X="104.0" Y="116.0" />
  <Point X="104.0" Y="117.0" />
  <Point X="104.0" Y="118.0" />
  <Point X="105.0" Y="118.0" />
  <Point X="105.0" Y="119.0" />
  <Point X="105.18800327291353" Y="119.18800327291353" />
  <Point X="106.0" Y="120.0" />
  <Point X="107.0" Y="120.0" />
  <Point X="107.0" Y="121.0" />
  <Point X="107.0" Y="122.0" />
  <Point X="108.0" Y="122.0" />
  <Point X="108.0" Y="123.0" />
  <Point X="108.0" Y="124.0" />
  <Point X="108.96408081928932" Y="124.0" />
  <Point X="109.0" Y="124.0" />
  <Point X="109.0" Y="125.0" />
  <Point X="110.0" Y="126.0" />
  <Point X="111.0" Y="126.0" />
  <Point X="111.0" Y="127.0" />
  <Point X="112.0" Y="128.0" />
  <Point X="112.0" Y="129.0" />
  <Point X="113.0" Y="129.0" />
  <Point X="113.0" Y="129.2480712978807" />
  <Point X="113.0" Y="130.0" />
  <Point X="113.0" Y="131.0" />
  <Point X="114.0" Y="131.0" />
  <Point X="114.0" Y="132.0" />
  <Point X="115.0" Y="133.0" />
  <Point X="116.0" Y="133.0" />
  <Point X="116.0" Y="134.0" />
  <Point X="116.0" Y="134.94627533884517" />
  <Point X="116.0" Y="135.0" />
  <Point X="117.0" Y="135.0" />
  <Point X="117.0" Y="136.0" />
  <Point X="118.0" Y="137.0" />
  <Point X="118.0" Y="138.0" />
  <Point X="118.0" Y="139.0" />
  <Point X="119.0" Y="139.0" />
  <Point X="120.0" Y="140.0" />
  <Point X="120.0" Y="140.23026581743653" />
  <Point X="120.0" Y="141.0" />
  <Point X="121.0" Y="141.0" />
  <Point X="121.0" Y="142.0" />
  <Point X="121.0" Y="143.0" />
  <Point X="122.0" Y="143.0" />
  <Point X="122.0" Y="144.0" />
  <Point X="122.0" Y="145.0" />
  <Point X="123.0" Y="145.0" />
  <Point X="123.0" Y="145.3426834207741" />
  <Point X="123.0" Y="146.0" />
  <Point X="124.0" Y="146.0" />
  <Point X="124.0" Y="147.0" />
  <Point X="124.0" Y="148.0" />
  <Point X="125.0" Y="148.0" />
  <Point X="125.0" Y="149.0" />
  <Point X="125.0" Y="150.0" />
  <Point X="125.0" Y="151.0" />
  <Point X="125.45510102411167" Y="151.0" />
  <Point X="126.0" Y="151.0" />
  <Point X="126.0" Y="152.0" />
  <Point X="127.0" Y="152.0" />
  <Point X="127.0" Y="153.0" />
  <Point X="128.0" Y="153.0" />
  <Point X="128.0" Y="154.0" />
  <Point X="128.0" Y="155.0" />
  <Point X="129.0" Y="155.0" />
  <Point X="129.0" Y="155.56751862744923" />
  <Point X="129.0" Y="156.0" />
  <Point X="129.0" Y="155.0" />
  <Point X="130.0" Y="155.0" />
  <Point X="130.0" Y="154.0" />
  <Point X="130.0" Y="153.0" />
  <Point X="131.0" Y="152.0" />
  <Point X="132.0" Y="152.0" />
  <Point X="132.0" Y="151.0" />
  <Point X="132.0" Y="150.7342773315863" />
  <Point X="132.0" Y="150.0" />
  <Point X="132.0" Y="149.0" />
  <Point X="133.0" Y="149.0" />
  <Point X="133.0" Y="148.0" />
  <Point X="133.0" Y="147.0" />
  <Point X="133.0" Y="146.0" />
  <Point X="134.0" Y="146.0" />
  <Point X="134.0" Y="145.0" />
  <Point X="134.0" Y="144.62185972824875" />
  <Point X="134.0" Y="144.0" />
  <Point X="135.0" Y="144.0" />
  <Point X="135.0" Y="143.0" />
  <Point X="136.0" Y="143.0" />
  <Point X="136.0" Y="142.0" />
  <Point X="136.0" Y="141.0" />
  <Point X="137.0" Y="140.0" />
  <Point X="137.0" Y="139.0" />
  <Point X="137.0" Y="138.92365568728428" />
  <Point X="137.0" Y="138.0" />
  <Point X="138.0" Y="138.0" />
  <Point X="138.0" Y="137.0" />
  <Point X="139.0" Y="136.0" />
  <Point X="140.0" Y="136.0" />
  <Point X="140.0" Y="135.0" />
  <Point X="140.0" Y="134.0" />
  <Point X="140.54768839324413" Y="133.45231160675587" />
  <Point X="141.0" Y="133.0" />
  <Point X="141.0" Y="132.0" />
  <Point X="142.0" Y="131.0" />
  <Point X="142.0" Y="130.0" />
  <Point X="142.0" Y="129.0" />
  <Point X="143.0" Y="129.0" />
  <Point X="144.0" Y="128.0" />
  <Point X="144.0" Y="127.35567473010154" />
  <Point X="144.0" Y="127.0" />
  <Point X="144.0" Y="126.0" />
  <Point X="145.0" Y="126.0" />
  <Point X="145.0" Y="125.0" />
  <Point X="146.0" Y="125.0" />
  <Point X="146.0" Y="124.0" />
  <Point X="147.0" Y="123.0" />
  <Point X="147.0" Y="122.0" />
  <Point X="147.34252931086291" Y="122.0" />
  <Point X="148.0" Y="122.0" />
  <Point X="148.0" Y="121.0" />
  <Point X="149.0" Y="120.0" />
  <Point X="149.0" Y="119.0" />
  <Point X="150.0" Y="118.0" />
  <Point X="150.0" Y="117.0" />
  <Point X="151.0" Y="117.0" />
  <Point X="151.44301639167068" Y="116.5569836083293" />
  <Point X="152.0" Y="116.0" />
  <Point X="153.0" Y="115.0" />
  <Point X="153.0" Y="114.0" />
  <Point X="153.0" Y="113.0" />
  <Point X="154.0" Y="113.0" />
  <Point X="154.0" Y="112.0" />
  <Point X="155.0" Y="112.0" />
  <Point X="155.0" Y="111.08948973195434" />
  <Point X="155.0" Y="111.0" />
  <Point X="156.0" Y="111.0" />
  <Point X="156.0" Y="110.0" />
  <Point X="156.0" Y="109.0" />
  <Point X="157.0" Y="109.0" />
  <Point X="157.0" Y="108.0" />
  <Point X="158.0" Y="108.0" />
  <Point X="158.0" Y="107.0" />
  <Point X="158.7233192345198" Y="106.27668076548021" />
  <Point X="159.0" Y="106.0" />
  <Point X="159.0" Y="105.0" />
  <Point X="160.0" Y="105.0" />
  <Point X="160.0" Y="104.0" />
  <Point X="161.0" Y="104.0" />
  <Point X="161.0" Y="103.0" />
  <Point X="162.0" Y="103.0" />
  <Point X="162.0" Y="102.0" />
  <Point X="162.0" Y="101.27886808765231" />
  <Point X="162.0" Y="101.0" />
  <Point X="163.0" Y="101.0" />
  <Point X="163.0" Y="100.0" />
  <Point X="164.0" Y="100.0" />
  <Point X="165.0" Y="100.0" />
  <Point X="165.0" Y="99.0" />
  <Point X="165.0" Y="98.0" />
  <Point X="166.0" Y="98.0" />
  <Point X="166.0" Y="97.16645048431475" />
  <Point X="166.0" Y="97.0" />
  <Point X="166.0" Y="96.0" />
  <Point X="167.0" Y="96.0" />
  <Point X="167.0" Y="95.0" />
  <Point X="168.0" Y="95.0" />
  <Point X="168.0" Y="94.0" />
  <Point X="168.0" Y="93.0" />
  <Point X="169.0" Y="93.0" />
  <Point X="169.9459671190228" Y="93.0" />
  <Point X="170.0" Y="93.0" />
  <Point X="170.0" Y="92.0" />
  <Point X="170.0" Y="91.0" />
  <Point X="171.0" Y="91.0" />
  <Point X="171.0" Y="90.0" />
  <Point X="172.0" Y="90.0" />
  <Point X="172.0" Y="89.0" />
  <Point X="173.0" Y="89.0" />
  <Point X="173.0" Y="88.0" />
  <Point X="173.0" Y="88.05838472236037" />
  <Point X="173.0" Y="89.0" />
  <Point X="174.0" Y="89.0" />
  <Point X="174.0" Y="90.0" />
  <Point X="174.0" Y="91.0" />
  <Point X="174.0" Y="92.0" />
  <Point X="174.0" Y="93.0" />
  <Point X="174.0" Y="94.0" />
  <Point X="175.0" Y="94.0" />
  <Point X="175.0" Y="94.17080232569793" />
  <Point X="175.0" Y="95.0" />
  <Point X="175.0" Y="96.0" />
  <Point X="175.0" Y="97.0" />
  <Point X="176.0" Y="97.0" />
  <Point X="176.0" Y="98.0" />
  <Point X="176.0" Y="99.0" />
  <Point X="177.0" Y="99.0" />
  <Point X="177.0" Y="100.0" />
  <Point X="177.0" Y="100.2832199290355" />
  <Point X="177.0" Y="101.0" />
  <Point X="177.0" Y="102.0" />
  <Point X="177.0" Y="103.0" />
  <Point X="178.0" Y="103.0" />
  <Point X="178.0" Y="104.0" />
  <Point X="178.0" Y="105.0" />
  <Point X="178.0" Y="106.0" />
  <Point X="178.98686476321944" Y="106.98686476321944" />
  <Point X="179.0" Y="107.0" />
  <Point X="179.0" Y="108.0" />
  <Point X="179.0" Y="109.0" />
  <Point X="179.0" Y="110.0" />
  <Point X="179.0" Y="111.0" />
  <Point X="179.0" Y="112.0" />
  <Point X="180.0" Y="113.0" />
  <Point X="180.0" Y="114.0" />
  <Point X="180.0" Y="114.67962801096442" />
  <Point X="180.0" Y="115.0" />
  <Point X="180.0" Y="116.0" />
  <Point X="181.0" Y="116.0" />
  <Point X="181.0" Y="117.0" />
  <Point X="181.0" Y="118.0" />
  <Point X="181.0" Y="119.0" />
  <Point X="181.0" Y="120.0" />
  <Point X="182.0" Y="120.0" />
  <Point X="182.0" Y="120.79204561430198" />
  <Point X="182.0" Y="121.0" />
  <Point X="182.0" Y="122.0" />
  <Point X="182.0" Y="123.0" />
  <Point X="182.0" Y="124.0" />
  <Point X="182.0" Y="125.0" />
  <Point X="182.0" Y="126.0" />
  <Point X="182.0" Y="127.0" />
  <Point X="183.0" Y="128.0" />
  <Point X="183.0" Y="128.49024965526644" />
  <Point X="183.0" Y="129.0" />
  <Point X="183.0" Y="130.0" />
  <Point X="183.0" Y="131.0" />
  <Point X="183.0" Y="132.0" />
  <Point X="183.0" Y="133.0" />
  <Point X="183.0" Y="134.0" />
  <Point X="183.0" Y="135.0" />
  <Point X="183.0" Y="136.0" />
  <Point X="183.0" Y="136.60266725860401" />
  <Point X="183.0" Y="137.0" />
  <Point X="184.0" Y="137.0" />
  <Point X="184.0" Y="138.0" />
  <Point X="184.0" Y="139.0" />
  <Point X="185.0" Y="139.0" />
  <Point X="185.0" Y="140.0" />
  <Point X="185.0" Y="141.0" />
  <Point X="185.0" Y="142.0" />
  <Point X="185.7150848619416" Y="142.0" />
  <Point X="186.0" Y="142.0" />
  <Point X="186.0" Y="143.0" />
  <Point X="186.0" Y="144.0" />
  <Point X="187.0" Y="145.0" />
  <Point X="187.0" Y="146.0" />
  <Point X="187.0" Y="147.0" />
  <Point X="187.0" Y="148.0" />
  <Point X="188.0" Y="148.0" />
  <Point X="188.0" Y="148.41328890290606" />
  <Point X="188.0" Y="149.0" />
  <Point X="189.0" Y="149.0" />
  <Point X="189.0" Y="150.0" />
  <Point X="189.0" Y="151.0" />
  <Point X="189.0" Y="152.0" />
  <Point X="189.0" Y="153.0" />
  <Point X="189.0" Y="154.0" />
  <Point X="189.0" Y="155.0" />
  <Point X="189.0" Y="155.52570650624364" />
  <Point X="189.0" Y="156.0" />
  <Point X="189.0" Y="157.0" />
  <Point X="190.0" Y="157.0" />
  <Point X="190.0" Y="158.0" />
  <Point X="190.0" Y="159.0" />
  <Point X="190.0" Y="160.0" />
  <Point X="190.0" Y="161.0" />
  <Point X="191.0" Y="161.0" />
  <Point X="191.0" Y="161.6381241095812" />
  <Point X="191.0" Y="162.0" />
  <Point X="192.0" Y="162.0" />
  <Point X="192.0" Y="163.0" />
  <Point X="193.0" Y="163.0" />
  <Point X="194.0" Y="163.0" />
  <Point X="194.0" Y="164.0" />
  <Point X="194.0" Y="165.0" />
  <Point X="195.0" Y="165.0" />
  <Point X="195.7505417129188" Y="165.0" />
  <Point X="196.0" Y="165.0" />
  <Point X="196.0" Y="164.0" />
  <Point X="196.0" Y="163.0" />
  <Point X="196.0" Y="162.0" />
  <Point X="196.0" Y="161.0" />
  <Point X="196.0" Y="160.0" />
  <Point X="197.0" Y="160.0" />
  <Point X="197.0" Y="159.0" />
  <Point X="197.61020438441298" Y="158.38979561558702" />
  <Point X="198.0" Y="158.0" />
  <Point X="198.0" Y="157.0" />
  <Point X="198.0" Y="156.0" />
  <Point X="198.0" Y="155.0" />
  <Point X="199.0" Y="154.0" />
  <Point X="199.0" Y="153.0" />
  <Point X="200.0" Y="152.0" />
  <Point X="200.0" Y="151.26726376752535" />
  <Point X="200.0" Y="151.0" />
  <Point X="200.0" Y="150.0" />
  <Point X="201.0" Y="150.0" />
  <Point X="201.0" Y="149.0" />
  <Point X="202.0" Y="147.0" />
  <Point X="203.0" Y="146.0" />
  <Point X="203.0" Y="145.0" />
  <Point X="203.0" Y="144.80512770406068" />
  <Point X="203.0" Y="144.0" />
  <Point X="203.0" Y="143.0" />
  <Point X="204.0" Y="143.0" />
  <Point X="204.0" Y="142.0" />
  <Point X="205.0" Y="142.0" />
  <Point X="205.0" Y="141.0" />
  <Point X="206.0" Y="140.0" />
  <Point X="206.0" Y="139.1069236630962" />
  <Point X="206.0" Y="139.0" />
  <Point X="207.0" Y="139.0" />
  <Point X="207.0" Y="138.0" />
  <Point X="207.0" Y="137.0" />
  <Point X="208.0" Y="136.0" />
  <Point X="208.0" Y="135.0" />
  <Point X="209.0" Y="135.0" />
  <Point X="209.711642219235" Y="133.57671556153002" />
  <Point X="210.0" Y="133.0" />
  <Point X="211.0" Y="132.0" />
  <Point X="211.0" Y="131.0" />
  <Point X="211.0" Y="130.0" />
  <Point X="212.0" Y="130.0" />
  <Point X="212.0" Y="129.0" />
  <Point X="213.0" Y="129.0" />
  <Point X="213.74487790907992" Y="128.25512209092008" />
  <Point X="214.0" Y="128.0" />
  <Point X="214.0" Y="127.0" />
  <Point X="215.0" Y="126.0" />
  <Point X="215.0" Y="125.0" />
  <Point X="216.0" Y="125.0" />
  <Point X="216.0" Y="124.0" />
  <Point X="217.0" Y="123.0" />
  <Point X="217.65279628347085" Y="122.34720371652917" />
  <Point X="218.0" Y="122.0" />
  <Point X="218.0" Y="121.0" />
  <Point X="219.0" Y="121.0" />
  <Point X="219.0" Y="120.0" />
  <Point X="219.0" Y="119.0" />
  <Point X="220.0" Y="119.0" />
  <Point X="220.0" Y="118.0" />
  <Point X="221.0" Y="118.0" />
  <Point X="221.0" Y="117.37860260148432" />
  <Point X="221.0" Y="117.0" />
  <Point X="222.0" Y="117.0" />
  <Point X="222.0" Y="116.0" />
  <Point X="222.0" Y="115.0" />
  <Point X="223.0" Y="114.0" />
  <Point X="223.0" Y="113.0" />
  <Point X="224.0" Y="113.0" />
  <Point X="224.0" Y="112.0" />
  <Point X="224.31960143948015" Y="112.0" />
  <Point X="225.0" Y="112.0" />
  <Point X="225.0" Y="111.0" />
  <Point X="225.0" Y="110.0" />
  <Point X="226.0" Y="110.0" />
  <Point X="226.0" Y="109.0" />
  <Point X="227.0" Y="109.0" />
  <Point X="227.0" Y="108.0" />
  <Point X="227.0" Y="107.0" />
  <Point X="227.30548359477814" Y="106.69451640522188" />
  <Point X="228.0" Y="106.0" />
  <Point X="229.0" Y="105.0" />
  <Point X="229.0" Y="104.0" />
  <Point X="230.0" Y="103.0" />
  <Point X="230.0" Y="102.0" />
  <Point X="231.0" Y="102.0" />
  <Point X="231.0" Y="101.0" />
  <Point X="231.0" Y="100.698204040964" />
  <Point X="231.0" Y="100.0" />
  <Point X="232.0" Y="99.0" />
  <Point X="233.0" Y="99.0" />
  <Point X="233.0" Y="98.0" />
  <Point X="233.0" Y="97.0" />
  <Point X="234.0" Y="97.0" />
  <Point X="234.0" Y="96.0" />
  <Point X="234.0" Y="95.0" />
</Project_1_Part_4>
