<?xml version="1.0" encoding="utf-8" standalone="yes"?>
<Gesture Name="rectangle8" Subject="1" Number="1" NumPts="316">
  <Point X="51.0" Y="119.0" />
  <Point X="51.0" Y="120.0" />
  <Point X="51.0" Y="121.0" />
  <Point X="51.0" Y="122.0" />
  <Point X="51.0" Y="123.0" />
  <Point X="50.80464863826404" Y="123.0" />
  <Point X="50.0" Y="123.0" />
  <Point X="50.0" Y="124.0" />
  <Point X="50.0" Y="125.0" />
  <Point X="50.0" Y="126.0" />
  <Point X="50.0" Y="126.39070272347192" />
  <Point X="50.0" Y="127.0" />
  <Point X="50.0" Y="128.0" />
  <Point X="49.0" Y="128.0" />
  <Point X="49.0" Y="129.0" />
  <Point X="49.0" Y="129.58605408520788" />
  <Point X="49.0" Y="130.0" />
  <Point X="49.0" Y="131.0" />
  <Point X="49.0" Y="132.0" />
  <Point X="49.0" Y="133.0" />
  <Point X="49.0" Y="133.78140544694384" />
  <Point X="49.0" Y="134.0" />
  <Point X="49.0" Y="135.0" />
  <Point X="49.0" Y="136.0" />
  <Point X="48.0" Y="136.0" />
  <Point X="48.0" Y="136.9767568086798" />
  <Point X="48.0" Y="137.0" />
  <Point X="48.0" Y="138.0" />
  <Point X="48.0" Y="139.0" />
  <Point X="48.0" Y="140.0" />
  <Point X="48.0" Y="141.0" />
  <Point X="48.0" Y="141.17210817041575" />
  <Point X="48.0" Y="142.0" />
  <Point X="48.0" Y="143.0" />
  <Point X="47.0" Y="143.0" />
  <Point X="47.0" Y="144.0" />
  <Point X="47.0" Y="144.3674595321517" />
  <Point X="47.0" Y="145.0" />
  <Point X="47.0" Y="146.0" />
  <Point X="46.0" Y="147.0" />
  <Point X="46.0" Y="148.0" />
  <Point X="46.0" Y="148.14859733151457" />
  <Point X="46.0" Y="149.0" />
  <Point X="46.0" Y="150.0" />
  <Point X="46.0" Y="151.0" />
  <Point X="46.0" Y="152.0" />
  <Point X="45.656051306749475" Y="152.0" />
  <Point X="45.0" Y="152.0" />
  <Point X="45.0" Y="153.0" />
  <Point X="45.0" Y="154.0" />
  <Point X="45.0" Y="155.0" />
  <Point X="45.0" Y="155.53930005498648" />
  <Point X="45.0" Y="156.0" />
  <Point X="45.0" Y="157.0" />
  <Point X="44.0" Y="157.0" />
  <Point X="44.0" Y="158.0" />
  <Point X="44.0" Y="158.73465141672244" />
  <Point X="44.0" Y="159.0" />
  <Point X="44.0" Y="160.0" />
  <Point X="44.0" Y="161.0" />
  <Point X="43.0" Y="162.0" />
  <Point X="43.0" Y="162.5157892160853" />
  <Point X="43.0" Y="163.0" />
  <Point X="43.0" Y="164.0" />
  <Point X="43.0" Y="165.0" />
  <Point X="42.0" Y="165.0" />
  <Point X="42.0" Y="165.71114057782125" />
  <Point X="42.0" Y="166.0" />
  <Point X="42.0" Y="167.0" />
  <Point X="42.0" Y="168.0" />
  <Point X="42.0" Y="169.0" />
  <Point X="42.0" Y="169.9064919395572" />
  <Point X="42.0" Y="170.0" />
  <Point X="42.0" Y="171.0" />
  <Point X="42.0" Y="172.0" />
  <Point X="42.0" Y="173.0" />
  <Point X="42.0" Y="174.0" />
  <Point X="42.0" Y="174.10184330129317" />
  <Point X="42.0" Y="175.0" />
  <Point X="42.0" Y="176.0" />
  <Point X="42.0" Y="177.0" />
  <Point X="42.0" Y="178.0" />
  <Point X="42.0" Y="178.29719466302913" />
  <Point X="42.0" Y="179.0" />
  <Point X="43.0" Y="179.0" />
  <Point X="44.0" Y="179.0" />
  <Point X="45.0" Y="179.0" />
  <Point X="45.0" Y="179.4925460247651" />
  <Point X="45.0" Y="180.0" />
  <Point X="46.0" Y="180.0" />
  <Point X="47.0" Y="180.0" />
  <Point X="48.0" Y="180.0" />
  <Point X="48.68789738650105" Y="180.0" />
  <Point X="49.0" Y="180.0" />
  <Point X="50.0" Y="180.0" />
  <Point X="51.0" Y="180.0" />
  <Point X="52.0" Y="180.0" />
  <Point X="52.88324874823701" Y="180.0" />
  <Point X="53.0" Y="180.0" />
  <Point X="54.0" Y="180.0" />
  <Point X="55.0" Y="180.0" />
  <Point X="56.0" Y="180.0" />
  <Point X="57.0" Y="180.0" />
  <Point X="57.07860010997297" Y="180.0" />
  <Point X="58.0" Y="180.0" />
  <Point X="59.0" Y="180.0" />
  <Point X="60.0" Y="180.0" />
  <Point X="61.0" Y="180.0" />
  <Point X="61.273951471708926" Y="180.0" />
  <Point X="62.0" Y="180.0" />
  <Point X="63.0" Y="179.0" />
  <Point X="64.0" Y="179.0" />
  <Point X="65.0" Y="179.0" />
  <Point X="65.0550892710718" Y="179.0" />
  <Point X="66.0" Y="179.0" />
  <Point X="67.0" Y="179.0" />
  <Point X="68.0" Y="179.0" />
  <Point X="69.0" Y="179.0" />
  <Point X="69.25044063280775" Y="179.0" />
  <Point X="70.0" Y="179.0" />
  <Point X="71.0" Y="179.0" />
  <Point X="71.0" Y="178.0" />
  <Point X="72.44579199454371" Y="178.0" />
  <Point X="73.0" Y="178.0" />
  <Point X="74.0" Y="178.0" />
  <Point X="76.0" Y="178.0" />
  <Point X="76.64114335627967" Y="178.0" />
  <Point X="77.0" Y="178.0" />
  <Point X="78.0" Y="178.0" />
  <Point X="79.0" Y="178.0" />
  <Point X="80.0" Y="178.0" />
  <Point X="80.0" Y="177.16350528198438" />
  <Point X="80.0" Y="177.0" />
  <Point X="82.0" Y="177.0" />
  <Point X="84.0" Y="177.0" />
  <Point X="84.03184607975157" Y="177.0" />
  <Point X="86.0" Y="177.0" />
  <Point X="87.0" Y="177.0" />
  <Point X="88.22719744148753" Y="177.0" />
  <Point X="89.0" Y="177.0" />
  <Point X="90.0" Y="177.0" />
  <Point X="91.0" Y="177.0" />
  <Point X="91.0" Y="176.0" />
  <Point X="91.42254880322349" Y="176.0" />
  <Point X="92.0" Y="176.0" />
  <Point X="93.0" Y="176.0" />
  <Point X="94.0" Y="176.0" />
  <Point X="95.44709389986298" Y="175.2764530500685" />
  <Point X="96.0" Y="175.0" />
  <Point X="97.0" Y="175.0" />
  <Point X="98.0" Y="175.0" />
  <Point X="99.0" Y="175.0" />
  <Point X="99.57718354919561" Y="175.0" />
  <Point X="100.0" Y="175.0" />
  <Point X="102.0" Y="175.0" />
  <Point X="103.0" Y="175.0" />
  <Point X="103.54626467422305" Y="174.45373532577693" />
  <Point X="104.0" Y="174.0" />
  <Point X="105.0" Y="174.0" />
  <Point X="106.0" Y="174.0" />
  <Point X="107.0" Y="174.0" />
  <Point X="107.55367271029444" Y="174.0" />
  <Point X="108.0" Y="174.0" />
  <Point X="109.0" Y="174.0" />
  <Point X="110.0" Y="174.0" />
  <Point X="110.0" Y="173.0" />
  <Point X="110.7490240720304" Y="173.0" />
  <Point X="111.0" Y="173.0" />
  <Point X="112.0" Y="173.0" />
  <Point X="113.0" Y="173.0" />
  <Point X="114.0" Y="173.0" />
  <Point X="114.94437543376635" Y="173.0" />
  <Point X="115.0" Y="173.0" />
  <Point X="116.0" Y="173.0" />
  <Point X="116.0" Y="172.0" />
  <Point X="117.0" Y="172.0" />
  <Point X="118.0" Y="172.0" />
  <Point X="118.13972679550231" Y="172.0" />
  <Point X="119.0" Y="172.0" />
  <Point X="119.0" Y="171.0" />
  <Point X="119.0" Y="170.0" />
  <Point X="119.0" Y="169.0" />
  <Point X="119.0" Y="168.66492184276174" />
  <Point X="119.0" Y="168.0" />
  <Point X="119.0" Y="167.0" />
  <Point X="119.0" Y="166.0" />
  <Point X="119.0" Y="165.0" />
  <Point X="119.0" Y="164.46957048102578" />
  <Point X="119.0" Y="164.0" />
  <Point X="119.0" Y="163.0" />
  <Point X="120.0" Y="163.0" />
  <Point X="120.0" Y="162.0" />
  <Point X="120.0" Y="161.27421911928982" />
  <Point X="120.0" Y="161.0" />
  <Point X="120.0" Y="160.0" />
  <Point X="120.0" Y="159.0" />
  <Point X="120.0" Y="158.0" />
  <Point X="120.0" Y="157.07886775755387" />
  <Point X="120.0" Y="157.0" />
  <Point X="120.0" Y="156.0" />
  <Point X="120.0" Y="155.0" />
  <Point X="120.0" Y="154.0" />
  <Point X="120.0" Y="153.0" />
  <Point X="120.0" Y="152.8835163958179" />
  <Point X="120.0" Y="152.0" />
  <Point X="120.0" Y="151.0" />
  <Point X="121.0" Y="150.0" />
  <Point X="121.0" Y="149.10237859645505" />
  <Point X="121.0" Y="149.0" />
  <Point X="121.0" Y="148.0" />
  <Point X="121.0" Y="147.0" />
  <Point X="121.0" Y="146.0" />
  <Point X="121.0" Y="145.0" />
  <Point X="121.0" Y="144.9070272347191" />
  <Point X="121.0" Y="144.0" />
  <Point X="121.0" Y="143.0" />
  <Point X="121.0" Y="142.0" />
  <Point X="121.0" Y="141.0" />
  <Point X="121.0" Y="140.71167587298314" />
  <Point X="121.0" Y="140.0" />
  <Point X="121.0" Y="139.0" />
  <Point X="121.0" Y="138.0" />
  <Point X="121.0" Y="137.0" />
  <Point X="121.0" Y="136.51632451124718" />
  <Point X="121.0" Y="136.0" />
  <Point X="121.0" Y="135.0" />
  <Point X="121.0" Y="134.0" />
  <Point X="121.0" Y="133.0" />
  <Point X="121.0" Y="132.32097314951122" />
  <Point X="121.0" Y="132.0" />
  <Point X="121.0" Y="131.0" />
  <Point X="121.0" Y="130.0" />
  <Point X="121.0" Y="129.0" />
  <Point X="121.0" Y="128.12562178777526" />
  <Point X="121.0" Y="128.0" />
  <Point X="121.0" Y="127.0" />
  <Point X="121.0" Y="126.0" />
  <Point X="121.0" Y="125.0" />
  <Point X="121.0" Y="124.0" />
  <Point X="121.0697295739607" Y="124.0" />
  <Point X="122.0" Y="124.0" />
  <Point X="122.0" Y="123.0" />
  <Point X="122.0" Y="122.0" />
  <Point X="122.0" Y="121.0" />
  <Point X="122.0" Y="120.73491906430334" />
  <Point X="122.0" Y="120.0" />
  <Point X="122.0" Y="119.0" />
  <Point X="122.0" Y="118.0" />
  <Point X="122.0" Y="117.0" />
  <Point X="122.0" Y="116.53956770256738" />
  <Point X="122.0" Y="116.0" />
  <Point X="121.0" Y="116.0" />
  <Point X="120.0" Y="116.0" />
  <Point X="119.0" Y="116.0" />
  <Point X="118.34421634083142" Y="116.0" />
  <Point X="118.0" Y="116.0" />
  <Point X="118.0" Y="115.0" />
  <Point X="117.0" Y="115.0" />
  <Point X="116.0" Y="115.0" />
  <Point X="115.14886497909546" Y="115.0" />
  <Point X="115.0" Y="115.0" />
  <Point X="114.0" Y="115.0" />
  <Point X="113.0" Y="115.0" />
  <Point X="112.0" Y="115.0" />
  <Point X="111.0" Y="115.0" />
  <Point X="110.9535136173595" Y="115.0" />
  <Point X="110.0" Y="115.0" />
  <Point X="109.0" Y="115.0" />
  <Point X="108.0" Y="115.0" />
  <Point X="107.0" Y="115.0" />
  <Point X="106.75816225562355" Y="115.0" />
  <Point X="106.0" Y="115.0" />
  <Point X="105.0" Y="115.0" />
  <Point X="104.0" Y="115.0" />
  <Point X="103.0" Y="115.0" />
  <Point X="102.56281089388759" Y="115.0" />
  <Point X="102.0" Y="115.0" />
  <Point X="101.0" Y="115.0" />
  <Point X="100.0" Y="115.0" />
  <Point X="99.0" Y="115.0" />
  <Point X="98.36745953215163" Y="115.0" />
  <Point X="98.0" Y="115.0" />
  <Point X="97.0" Y="115.0" />
  <Point X="95.0" Y="115.0" />
  <Point X="94.17210817041567" Y="115.0" />
  <Point X="94.0" Y="115.0" />
  <Point X="93.0" Y="115.0" />
  <Point X="92.0" Y="115.0" />
  <Point X="91.0" Y="115.0" />
  <Point X="90.0" Y="115.0" />
  <Point X="89.97675680867971" Y="115.0" />
  <Point X="89.0" Y="115.0" />
  <Point X="88.0" Y="115.0" />
  <Point X="87.0" Y="115.0" />
  <Point X="86.0" Y="115.0" />
  <Point X="85.78140544694375" Y="115.0" />
  <Point X="85.0" Y="115.0" />
  <Point X="84.0" Y="115.0" />
  <Point X="83.0" Y="115.0" />
  <Point X="82.0" Y="115.0" />
  <Point X="81.58605408520779" Y="115.0" />
  <Point X="81.0" Y="115.0" />
  <Point X="80.0" Y="115.0" />
  <Point X="79.0" Y="115.0" />
  <Point X="78.0" Y="115.0" />
  <Point X="77.39070272347183" Y="115.0" />
  <Point X="77.0" Y="115.0" />
  <Point X="76.0" Y="115.0" />
  <Point X="75.0" Y="115.0" />
  <Point X="74.0" Y="115.0" />
  <Point X="73.19535136173587" Y="115.0" />
  <Point X="73.0" Y="115.0" />
  <Point X="72.0" Y="115.0" />
  <Point X="71.0" Y="115.0" />
  <Point X="70.0" Y="115.0" />
  <Point X="69.0" Y="115.0" />
</Project_1_Part_4>
