<?xml version="1.0" encoding="utf-8" standalone="yes"?>
<Gesture Name="rectangle1" Subject="1" Number="1" NumPts="412">
  <Point X="209.0" Y="26.0" />
  <Point X="210.0" Y="26.0" />
  <Point X="203.1606125156343" Y="28.779880074290574" />
  <Point X="195.39482359641994" Y="31.936297505971254" />
  <Point X="187.62903467720557" Y="35.092714937651934" />
  <Point X="179.8632457579912" Y="38.249132369332614" />
  <Point X="172.09745683877682" Y="41.405549801013294" />
  <Point X="164.33166791956245" Y="44.56196723269397" />
  <Point X="156.56587900034808" Y="47.71838466437465" />
  <Point X="148.8000900811337" Y="50.87480209605533" />
  <Point X="141.03430116191933" Y="54.03121952773601" />
  <Point X="133.26851224270496" Y="57.18763695941669" />
  <Point X="125.50272332349059" Y="60.34405439109737" />
  <Point X="117.73693440427621" Y="63.50047182277805" />
  <Point X="109.97114548506184" Y="66.65688925445873" />
  <Point X="102.20535656584747" Y="69.81330668613941" />
  <Point X="94.4395676466331" Y="72.96972411782009" />
  <Point X="86.67377872741872" Y="76.12614154950077" />
  <Point X="78.90798980820435" Y="79.28255898118145" />
  <Point X="71.14220088898998" Y="82.43897641286213" />
  <Point X="63.37641196977561" Y="85.59539384454281" />
  <Point X="55.610623050561244" Y="88.75181127622349" />
  <Point X="55.0" Y="89.0" />
  <Point X="54.0" Y="89.0" />
  <Point X="53.0" Y="89.0" />
  <Point X="53.0" Y="90.0" />
  <Point X="52.0" Y="90.0" />
  <Point X="52.0" Y="91.0" />
  <Point X="52.0" Y="92.0" />
  <Point X="51.0" Y="92.0" />
  <Point X="51.0" Y="92.72361267966077" />
  <Point X="51.0" Y="93.0" />
  <Point X="51.0" Y="94.0" />
  <Point X="51.0" Y="95.0" />
  <Point X="50.0" Y="96.0" />
  <Point X="50.0" Y="97.0" />
  <Point X="50.0" Y="98.0" />
  <Point X="49.0" Y="98.0" />
  <Point X="49.0" Y="99.0" />
  <Point X="49.0" Y="99.69214619332489" />
  <Point X="49.0" Y="100.0" />
  <Point X="48.0" Y="101.0" />
  <Point X="48.0" Y="102.0" />
  <Point X="48.0" Y="103.0" />
  <Point X="47.0" Y="103.0" />
  <Point X="47.0" Y="104.0" />
  <Point X="47.0" Y="105.0" />
  <Point X="47.0" Y="106.0" />
  <Point X="47.0" Y="106.660679706989" />
  <Point X="47.0" Y="107.0" />
  <Point X="47.0" Y="108.0" />
  <Point X="46.0" Y="109.0" />
  <Point X="46.0" Y="110.0" />
  <Point X="46.0" Y="111.0" />
  <Point X="46.0" Y="113.0" />
  <Point X="46.0" Y="114.0" />
  <Point X="46.0" Y="114.62921322065311" />
  <Point X="46.0" Y="115.0" />
  <Point X="45.0" Y="116.0" />
  <Point X="44.0" Y="117.0" />
  <Point X="44.0" Y="118.0" />
  <Point X="44.0" Y="119.0" />
  <Point X="44.0" Y="120.0" />
  <Point X="44.0" Y="121.0" />
  <Point X="44.0" Y="122.0" />
  <Point X="44.0" Y="122.18353317194413" />
  <Point X="44.0" Y="123.0" />
  <Point X="44.0" Y="124.0" />
  <Point X="44.0" Y="125.0" />
  <Point X="44.0" Y="126.0" />
  <Point X="44.0" Y="127.0" />
  <Point X="43.0" Y="127.0" />
  <Point X="43.0" Y="128.0" />
  <Point X="43.0" Y="129.0" />
  <Point X="43.0" Y="129.56628024798135" />
  <Point X="43.0" Y="130.0" />
  <Point X="43.0" Y="131.0" />
  <Point X="43.0" Y="132.0" />
  <Point X="43.0" Y="133.0" />
  <Point X="43.0" Y="134.0" />
  <Point X="43.0" Y="135.0" />
  <Point X="43.0" Y="136.0" />
  <Point X="43.0" Y="137.0" />
  <Point X="43.0" Y="137.94902732401857" />
  <Point X="43.0" Y="138.0" />
  <Point X="42.0" Y="139.0" />
  <Point X="42.0" Y="141.0" />
  <Point X="42.0" Y="142.0" />
  <Point X="42.0" Y="143.0" />
  <Point X="42.0" Y="145.0" />
  <Point X="42.0" Y="145.9175608376827" />
  <Point X="42.0" Y="146.0" />
  <Point X="42.0" Y="147.0" />
  <Point X="42.0" Y="148.0" />
  <Point X="42.0" Y="149.0" />
  <Point X="42.0" Y="150.0" />
  <Point X="42.0" Y="152.0" />
  <Point X="42.0" Y="153.0" />
  <Point X="42.0" Y="154.0" />
  <Point X="42.0" Y="154.3003079137199" />
  <Point X="42.0" Y="155.0" />
  <Point X="42.0" Y="156.0" />
  <Point X="42.0" Y="157.0" />
  <Point X="42.0" Y="158.0" />
  <Point X="42.0" Y="159.0" />
  <Point X="42.0" Y="160.0" />
  <Point X="42.0" Y="161.0" />
  <Point X="42.0" Y="162.0" />
  <Point X="42.0" Y="162.68305498975712" />
  <Point X="42.0" Y="163.0" />
  <Point X="42.0" Y="164.0" />
  <Point X="42.0" Y="165.0" />
  <Point X="43.0" Y="165.0" />
  <Point X="43.0" Y="166.0" />
  <Point X="43.0" Y="167.0" />
  <Point X="44.0" Y="167.0" />
  <Point X="45.0" Y="167.0" />
  <Point X="46.0" Y="167.0" />
  <Point X="46.06580206579433" Y="167.0" />
  <Point X="47.0" Y="167.0" />
  <Point X="48.0" Y="167.0" />
  <Point X="49.0" Y="167.0" />
  <Point X="50.0" Y="167.0" />
  <Point X="51.0" Y="167.0" />
  <Point X="52.0" Y="167.0" />
  <Point X="53.0" Y="167.0" />
  <Point X="54.0" Y="167.0" />
  <Point X="54.448549141831535" Y="167.0" />
  <Point X="55.0" Y="167.0" />
  <Point X="57.0" Y="167.0" />
  <Point X="58.0" Y="167.0" />
  <Point X="59.0" Y="167.0" />
  <Point X="60.0" Y="167.0" />
  <Point X="61.0" Y="167.0" />
  <Point X="62.0" Y="167.0" />
  <Point X="62.83129621786874" Y="167.0" />
  <Point X="63.0" Y="167.0" />
  <Point X="65.0" Y="167.0" />
  <Point X="66.0" Y="167.0" />
  <Point X="67.0" Y="167.0" />
  <Point X="68.0" Y="167.0" />
  <Point X="70.0" Y="167.0" />
  <Point X="71.0" Y="167.0" />
  <Point X="71.21404329390595" Y="167.0" />
  <Point X="72.0" Y="167.0" />
  <Point X="73.0" Y="167.0" />
  <Point X="74.0" Y="167.0" />
  <Point X="75.0" Y="167.0" />
  <Point X="76.0" Y="167.0" />
  <Point X="77.0" Y="167.0" />
  <Point X="78.0" Y="167.0" />
  <Point X="78.0" Y="166.0" />
  <Point X="78.59679036994315" Y="166.0" />
  <Point X="79.0" Y="166.0" />
  <Point X="80.0" Y="166.0" />
  <Point X="81.0" Y="166.0" />
  <Point X="82.0" Y="166.0" />
  <Point X="83.0" Y="166.0" />
  <Point X="84.0" Y="166.0" />
  <Point X="85.0" Y="166.0" />
  <Point X="86.0" Y="166.0" />
  <Point X="86.97953744598036" Y="166.0" />
  <Point X="87.0" Y="166.0" />
  <Point X="88.0" Y="166.0" />
  <Point X="88.0" Y="165.0" />
  <Point X="89.0" Y="165.0" />
  <Point X="90.0" Y="165.0" />
  <Point X="91.0" Y="165.0" />
  <Point X="91.0" Y="164.0" />
  <Point X="92.0" Y="164.0" />
  <Point X="93.0" Y="164.0" />
  <Point X="93.36228452201756" Y="164.0" />
  <Point X="94.0" Y="164.0" />
  <Point X="95.0" Y="164.0" />
  <Point X="96.0" Y="164.0" />
  <Point X="97.0" Y="164.0" />
  <Point X="98.0" Y="164.0" />
  <Point X="99.0" Y="164.0" />
  <Point X="100.0" Y="164.0" />
  <Point X="100.0" Y="163.0" />
  <Point X="100.74503159805477" Y="163.0" />
  <Point X="101.0" Y="163.0" />
  <Point X="102.0" Y="163.0" />
  <Point X="103.0" Y="163.0" />
  <Point X="104.0" Y="163.0" />
  <Point X="104.0" Y="162.0" />
  <Point X="105.0" Y="162.0" />
  <Point X="106.0" Y="162.0" />
  <Point X="107.0" Y="162.0" />
  <Point X="108.0" Y="162.0" />
  <Point X="108.12777867409197" Y="162.0" />
  <Point X="109.0" Y="162.0" />
  <Point X="110.0" Y="162.0" />
  <Point X="111.0" Y="162.0" />
  <Point X="112.0" Y="162.0" />
  <Point X="113.0" Y="162.0" />
  <Point X="114.0" Y="161.0" />
  <Point X="115.0" Y="161.0" />
  <Point X="116.0" Y="161.0" />
  <Point X="116.09631218775608" Y="161.0" />
  <Point X="117.0" Y="161.0" />
  <Point X="118.0" Y="161.0" />
  <Point X="119.0" Y="161.0" />
  <Point X="120.0" Y="160.0" />
  <Point X="121.0" Y="160.0" />
  <Point X="122.0" Y="160.0" />
  <Point X="123.0" Y="160.0" />
  <Point X="124.0" Y="160.0" />
  <Point X="124.0648457014202" Y="160.0" />
  <Point X="125.0" Y="160.0" />
  <Point X="126.0" Y="160.0" />
  <Point X="126.0" Y="159.0" />
  <Point X="127.0" Y="159.0" />
  <Point X="128.0" Y="159.0" />
  <Point X="128.0" Y="158.0" />
  <Point X="129.0" Y="158.0" />
  <Point X="130.0" Y="158.0" />
  <Point X="130.4475927774574" Y="158.0" />
  <Point X="131.0" Y="158.0" />
  <Point X="132.0" Y="158.0" />
  <Point X="132.0" Y="157.0" />
  <Point X="132.0" Y="156.0" />
  <Point X="133.0" Y="156.0" />
  <Point X="134.0" Y="156.0" />
  <Point X="135.0" Y="156.0" />
  <Point X="135.0" Y="155.0" />
  <Point X="135.0" Y="154.16966014650538" />
  <Point X="135.0" Y="154.0" />
  <Point X="136.0" Y="154.0" />
  <Point X="137.0" Y="154.0" />
  <Point X="137.0" Y="153.0" />
  <Point X="137.0" Y="152.0" />
  <Point X="138.0" Y="151.0" />
  <Point X="138.0" Y="150.0" />
  <Point X="138.0" Y="149.0" />
  <Point X="138.56488877522727" Y="148.43511122477273" />
  <Point X="139.0" Y="148.0" />
  <Point X="139.0" Y="147.0" />
  <Point X="139.0" Y="146.0" />
  <Point X="139.0" Y="145.0" />
  <Point X="139.0" Y="144.0" />
  <Point X="139.0" Y="143.0" />
  <Point X="139.0" Y="142.0" />
  <Point X="139.0" Y="141.0" />
  <Point X="139.0" Y="140.23259311917715" />
  <Point X="139.0" Y="140.0" />
  <Point X="139.0" Y="139.0" />
  <Point X="139.0" Y="138.0" />
  <Point X="139.0" Y="137.0" />
  <Point X="139.0" Y="136.0" />
  <Point X="139.0" Y="135.0" />
  <Point X="140.0" Y="134.0" />
  <Point X="140.0" Y="133.0" />
  <Point X="140.0" Y="132.26405960551304" />
  <Point X="140.0" Y="132.0" />
  <Point X="140.0" Y="131.0" />
  <Point X="140.0" Y="130.0" />
  <Point X="140.0" Y="129.0" />
  <Point X="140.0" Y="128.0" />
  <Point X="140.0" Y="127.0" />
  <Point X="140.0" Y="126.0" />
  <Point X="140.0" Y="125.0" />
  <Point X="140.0" Y="124.0" />
  <Point X="140.0" Y="123.88131252947584" />
  <Point X="140.0" Y="123.0" />
  <Point X="140.0" Y="122.0" />
  <Point X="140.0" Y="121.0" />
  <Point X="140.0" Y="120.0" />
  <Point X="140.0" Y="119.0" />
  <Point X="140.0" Y="118.0" />
  <Point X="140.0" Y="117.0" />
  <Point X="140.0" Y="116.0" />
  <Point X="140.0" Y="115.49856545343863" />
  <Point X="140.0" Y="115.0" />
  <Point X="140.0" Y="114.0" />
  <Point X="140.0" Y="113.0" />
  <Point X="140.0" Y="112.0" />
  <Point X="140.0" Y="111.0" />
  <Point X="140.0" Y="110.0" />
  <Point X="140.0" Y="109.0" />
  <Point X="140.0" Y="108.0" />
  <Point X="140.0" Y="107.11581837740142" />
  <Point X="140.0" Y="107.0" />
  <Point X="140.0" Y="106.0" />
  <Point X="140.0" Y="105.0" />
  <Point X="140.0" Y="104.0" />
  <Point X="140.0" Y="103.0" />
  <Point X="140.0" Y="102.0" />
  <Point X="140.0" Y="101.0" />
  <Point X="140.0" Y="100.0" />
  <Point X="140.0" Y="99.0" />
  <Point X="140.0" Y="98.73307130136422" />
  <Point X="140.0" Y="98.0" />
  <Point X="140.0" Y="97.0" />
  <Point X="140.0" Y="96.0" />
  <Point X="140.0" Y="95.0" />
  <Point X="140.0" Y="94.0" />
  <Point X="140.0" Y="93.0" />
  <Point X="140.0" Y="92.0" />
  <Point X="140.0" Y="91.0" />
  <Point X="140.0" Y="90.35032422532701" />
  <Point X="140.0" Y="90.0" />
  <Point X="140.0" Y="89.0" />
  <Point X="140.0" Y="88.0" />
  <Point X="140.0" Y="87.0" />
  <Point X="140.0" Y="86.0" />
  <Point X="140.0" Y="85.0" />
  <Point X="140.0" Y="84.0" />
  <Point X="139.0" Y="84.0" />
  <Point X="138.0" Y="84.0" />
  <Point X="138.0" Y="83.96757714928981" />
  <Point X="138.0" Y="83.0" />
  <Point X="137.0" Y="83.0" />
  <Point X="136.0" Y="83.0" />
  <Point X="135.0" Y="83.0" />
  <Point X="134.0" Y="83.0" />
  <Point X="133.0" Y="83.0" />
  <Point X="133.0" Y="82.0" />
  <Point X="132.0" Y="82.0" />
  <Point X="132.0" Y="81.5848300732526" />
  <Point X="132.0" Y="81.0" />
  <Point X="131.0" Y="81.0" />
  <Point X="130.0" Y="81.0" />
  <Point X="129.0" Y="81.0" />
  <Point X="128.0" Y="81.0" />
  <Point X="127.0" Y="81.0" />
  <Point X="126.0" Y="81.0" />
  <Point X="125.0" Y="81.0" />
  <Point X="124.2020829972154" Y="81.0" />
  <Point X="124.0" Y="81.0" />
  <Point X="123.0" Y="81.0" />
  <Point X="122.0" Y="81.0" />
  <Point X="121.0" Y="81.0" />
  <Point X="120.0" Y="81.0" />
  <Point X="119.0" Y="81.0" />
  <Point X="118.0" Y="81.0" />
  <Point X="117.0" Y="81.0" />
  <Point X="116.0" Y="81.0" />
  <Point X="115.8193359211782" Y="81.0" />
  <Point X="115.0" Y="81.0" />
  <Point X="114.0" Y="81.0" />
  <Point X="113.0" Y="81.0" />
  <Point X="112.0" Y="81.0" />
  <Point X="111.0" Y="81.0" />
  <Point X="110.0" Y="81.0" />
  <Point X="109.0" Y="81.0" />
  <Point X="108.0" Y="81.0" />
  <Point X="107.43658884514099" Y="81.0" />
  <Point X="107.0" Y="81.0" />
  <Point X="106.0" Y="81.0" />
  <Point X="105.0" Y="81.0" />
  <Point X="104.0" Y="81.0" />
  <Point X="103.0" Y="81.0" />
  <Point X="102.0" Y="81.0" />
  <Point X="101.0" Y="82.0" />
  <Point X="100.0" Y="82.0" />
  <Point X="99.46805533147688" Y="82.0" />
  <Point X="99.0" Y="82.0" />
  <Point X="98.0" Y="82.0" />
  <Point X="97.0" Y="82.0" />
  <Point X="96.0" Y="83.0" />
  <Point X="95.0" Y="83.0" />
  <Point X="94.0" Y="83.0" />
  <Point X="93.0" Y="83.0" />
  <Point X="92.0" Y="83.0" />
  <Point X="91.49952181781276" Y="83.0" />
  <Point X="91.0" Y="83.0" />
  <Point X="90.0" Y="83.0" />
  <Point X="90.0" Y="84.0" />
  <Point X="89.0" Y="84.0" />
  <Point X="88.0" Y="84.0" />
  <Point X="87.0" Y="84.0" />
  <Point X="87.0" Y="85.0" />
  <Point X="86.0" Y="85.0" />
  <Point X="85.11677474177556" Y="85.0" />
  <Point X="85.0" Y="85.0" />
  <Point X="84.0" Y="85.0" />
  <Point X="84.0" Y="86.0" />
  <Point X="83.0" Y="86.0" />
  <Point X="82.0" Y="86.0" />
  <Point X="81.0" Y="86.0" />
  <Point X="80.0" Y="86.0" />
  <Point X="80.0" Y="87.0" />
  <Point X="79.0" Y="87.0" />
  <Point X="78.73402766573835" Y="87.0" />
  <Point X="78.0" Y="87.0" />
  <Point X="77.0" Y="87.0" />
  <Point X="76.0" Y="87.0" />
  <Point X="75.0" Y="87.0" />
  <Point X="74.0" Y="88.0" />
  <Point X="73.0" Y="88.0" />
  <Point X="72.0" Y="88.0" />
  <Point X="71.0" Y="88.0" />
  <Point X="71.0" Y="88.23450584792576" />
  <Point X="71.0" Y="89.0" />
  <Point X="70.0" Y="89.0" />
  <Point X="69.0" Y="89.0" />
  <Point X="68.0" Y="89.0" />
  <Point X="67.0" Y="89.0" />
  <Point X="66.0" Y="89.0" />
  <Point X="66.0" Y="90.0" />
  <Point X="65.0" Y="90.0" />
  <Point X="64.38274707603703" Y="90.0" />
  <Point X="64.0" Y="90.0" />
  <Point X="63.0" Y="90.0" />
  <Point X="62.0" Y="90.0" />
  <Point X="62.0" Y="91.0" />
  <Point X="61.0" Y="91.0" />
  <Point X="60.0" Y="91.0" />
  <Point X="59.0" Y="91.0" />
  <Point X="59.0" Y="92.0" />
  <Point X="58.0" Y="92.0" />
</Project_1_Part_4>
