<?xml version="1.0" encoding="utf-8" standalone="yes"?>
<Gesture Name="rectangle7" Subject="1" Number="1" NumPts="299">
  <Point X="53.0" Y="122.0" />
  <Point X="53.0" Y="123.0" />
  <Point X="53.0" Y="124.0" />
  <Point X="53.0" Y="125.0" />
  <Point X="53.0" Y="125.84727307303541" />
  <Point X="53.0" Y="126.0" />
  <Point X="53.0" Y="127.0" />
  <Point X="53.0" Y="128.0" />
  <Point X="53.0" Y="129.0" />
  <Point X="53.0" Y="129.69454614607082" />
  <Point X="53.0" Y="130.0" />
  <Point X="53.0" Y="131.0" />
  <Point X="53.0" Y="132.0" />
  <Point X="54.0" Y="132.0" />
  <Point X="54.0" Y="132.54181921910623" />
  <Point X="54.0" Y="133.0" />
  <Point X="54.0" Y="134.0" />
  <Point X="54.0" Y="135.0" />
  <Point X="54.0" Y="136.0" />
  <Point X="54.0" Y="136.38909229214164" />
  <Point X="54.0" Y="137.0" />
  <Point X="54.0" Y="138.0" />
  <Point X="54.0" Y="139.0" />
  <Point X="54.0" Y="140.0" />
  <Point X="54.0" Y="140.23636536517705" />
  <Point X="54.0" Y="141.0" />
  <Point X="54.0" Y="142.0" />
  <Point X="54.0" Y="143.0" />
  <Point X="55.0" Y="143.0" />
  <Point X="55.0" Y="143.08363843821246" />
  <Point X="55.0" Y="144.0" />
  <Point X="55.0" Y="145.0" />
  <Point X="55.0" Y="146.0" />
  <Point X="55.0" Y="146.93091151124787" />
  <Point X="55.0" Y="147.0" />
  <Point X="56.0" Y="147.0" />
  <Point X="56.0" Y="148.0" />
  <Point X="56.0" Y="149.0" />
  <Point X="56.0" Y="149.77818458428328" />
  <Point X="56.0" Y="150.0" />
  <Point X="56.0" Y="151.0" />
  <Point X="56.0" Y="152.0" />
  <Point X="56.0" Y="153.0" />
  <Point X="56.0" Y="153.6254576573187" />
  <Point X="56.0" Y="154.0" />
  <Point X="56.0" Y="155.0" />
  <Point X="56.0" Y="156.0" />
  <Point X="56.0" Y="157.0" />
  <Point X="56.0" Y="157.4727307303541" />
  <Point X="56.0" Y="158.0" />
  <Point X="56.0" Y="159.0" />
  <Point X="56.0" Y="160.0" />
  <Point X="56.0" Y="161.0" />
  <Point X="56.32000380338951" Y="161.0" />
  <Point X="57.0" Y="161.0" />
  <Point X="57.0" Y="162.0" />
  <Point X="57.0" Y="163.0" />
  <Point X="57.0" Y="164.0" />
  <Point X="57.0" Y="164.16727687642492" />
  <Point X="57.0" Y="165.0" />
  <Point X="58.0" Y="165.0" />
  <Point X="58.0" Y="166.0" />
  <Point X="58.0" Y="167.0" />
  <Point X="58.0" Y="167.01454994946033" />
  <Point X="58.0" Y="168.0" />
  <Point X="59.0" Y="168.0" />
  <Point X="59.0" Y="169.0" />
  <Point X="59.0" Y="169.86182302249574" />
  <Point X="59.0" Y="170.0" />
  <Point X="60.0" Y="170.0" />
  <Point X="60.0" Y="171.0" />
  <Point X="61.0" Y="172.0" />
  <Point X="61.13187547790375" Y="172.2637509558075" />
  <Point X="62.0" Y="174.0" />
  <Point X="63.0" Y="174.0" />
  <Point X="63.0" Y="174.90608762869368" />
  <Point X="63.0" Y="175.0" />
  <Point X="63.0" Y="176.0" />
  <Point X="64.0" Y="176.0" />
  <Point X="65.0" Y="176.0" />
  <Point X="65.7533607017291" Y="176.0" />
  <Point X="66.0" Y="176.0" />
  <Point X="67.0" Y="176.0" />
  <Point X="68.0" Y="176.0" />
  <Point X="69.0" Y="176.0" />
  <Point X="69.6006337747645" Y="176.0" />
  <Point X="70.0" Y="176.0" />
  <Point X="71.0" Y="176.0" />
  <Point X="72.0" Y="176.0" />
  <Point X="73.0" Y="175.0" />
  <Point X="73.03369328542682" Y="175.0" />
  <Point X="74.0" Y="175.0" />
  <Point X="75.0" Y="175.0" />
  <Point X="76.0" Y="175.0" />
  <Point X="76.0" Y="174.11903364153778" />
  <Point X="76.0" Y="174.0" />
  <Point X="77.0" Y="174.0" />
  <Point X="78.0" Y="173.0" />
  <Point X="79.0" Y="173.0" />
  <Point X="79.31402586912454" Y="173.0" />
  <Point X="80.0" Y="173.0" />
  <Point X="81.0" Y="173.0" />
  <Point X="81.0" Y="172.0" />
  <Point X="82.0" Y="172.0" />
  <Point X="82.16129894215995" Y="172.0" />
  <Point X="83.0" Y="172.0" />
  <Point X="84.0" Y="172.0" />
  <Point X="85.0" Y="171.0" />
  <Point X="85.59435845282226" Y="171.0" />
  <Point X="86.0" Y="171.0" />
  <Point X="87.0" Y="171.0" />
  <Point X="88.0" Y="170.0" />
  <Point X="88.0" Y="169.0" />
  <Point X="88.02741796348458" Y="169.0" />
  <Point X="89.0" Y="169.0" />
  <Point X="90.0" Y="169.0" />
  <Point X="90.0" Y="168.0" />
  <Point X="90.87469103651999" Y="168.0" />
  <Point X="91.0" Y="168.0" />
  <Point X="92.0" Y="168.0" />
  <Point X="92.0" Y="167.0" />
  <Point X="93.0" Y="167.0" />
  <Point X="93.7219641095554" Y="167.0" />
  <Point X="94.0" Y="167.0" />
  <Point X="94.0" Y="166.0" />
  <Point X="95.0" Y="166.0" />
  <Point X="95.0" Y="165.0" />
  <Point X="95.56923718259081" Y="165.0" />
  <Point X="96.0" Y="165.0" />
  <Point X="97.0" Y="164.0" />
  <Point X="98.0" Y="164.0" />
  <Point X="98.0" Y="163.0" />
  <Point X="98.00229669325313" Y="163.0" />
  <Point X="99.0" Y="163.0" />
  <Point X="99.0" Y="162.0" />
  <Point X="100.0" Y="162.0" />
  <Point X="100.0" Y="161.15043023371146" />
  <Point X="100.0" Y="161.0" />
  <Point X="101.0" Y="161.0" />
  <Point X="102.0" Y="161.0" />
  <Point X="103.0" Y="160.0" />
  <Point X="103.28262927695086" Y="160.0" />
  <Point X="104.0" Y="160.0" />
  <Point X="105.0" Y="159.0" />
  <Point X="106.0" Y="159.0" />
  <Point X="106.0" Y="158.28431121238683" />
  <Point X="106.0" Y="158.0" />
  <Point X="107.0" Y="158.0" />
  <Point X="108.0" Y="158.0" />
  <Point X="109.0" Y="158.0" />
  <Point X="109.0" Y="157.43703813935142" />
  <Point X="109.0" Y="157.0" />
  <Point X="110.0" Y="157.0" />
  <Point X="111.0" Y="157.0" />
  <Point X="111.0" Y="156.0" />
  <Point X="111.410234933684" Y="156.0" />
  <Point X="112.0" Y="156.0" />
  <Point X="113.0" Y="156.0" />
  <Point X="113.0" Y="155.0" />
  <Point X="113.0" Y="154.0" />
  <Point X="113.0" Y="153.7424919932806" />
  <Point X="113.0" Y="153.0" />
  <Point X="114.0" Y="153.0" />
  <Point X="114.0" Y="152.0" />
  <Point X="114.0" Y="151.0" />
  <Point X="114.10478107975482" Y="151.0" />
  <Point X="115.0" Y="151.0" />
  <Point X="115.0" Y="150.0" />
  <Point X="115.0" Y="149.0" />
  <Point X="115.0" Y="148.04794584720977" />
  <Point X="115.0" Y="148.0" />
  <Point X="116.0" Y="147.0" />
  <Point X="116.0" Y="146.0" />
  <Point X="117.0" Y="146.0" />
  <Point X="117.0" Y="145.61488633654747" />
  <Point X="117.0" Y="145.0" />
  <Point X="117.0" Y="144.0" />
  <Point X="117.0" Y="143.0" />
  <Point X="117.0" Y="142.0" />
  <Point X="117.0" Y="141.76761326351206" />
  <Point X="117.0" Y="141.0" />
  <Point X="117.0" Y="140.0" />
  <Point X="118.0" Y="140.0" />
  <Point X="118.0" Y="139.0" />
  <Point X="118.0" Y="138.92034019047665" />
  <Point X="118.0" Y="138.0" />
  <Point X="118.0" Y="137.0" />
  <Point X="118.0" Y="136.0" />
  <Point X="118.0" Y="135.07306711744124" />
  <Point X="118.0" Y="135.0" />
  <Point X="118.0" Y="134.0" />
  <Point X="118.0" Y="133.0" />
  <Point X="118.0" Y="132.0" />
  <Point X="118.0" Y="131.22579404440583" />
  <Point X="118.0" Y="131.0" />
  <Point X="118.0" Y="130.0" />
  <Point X="118.0" Y="129.0" />
  <Point X="118.0" Y="128.0" />
  <Point X="118.0" Y="127.37852097137042" />
  <Point X="118.0" Y="127.0" />
  <Point X="119.0" Y="127.0" />
  <Point X="119.0" Y="126.0" />
  <Point X="119.0" Y="125.0" />
  <Point X="119.0" Y="124.53124789833501" />
  <Point X="119.0" Y="124.0" />
  <Point X="119.0" Y="123.0" />
  <Point X="119.0" Y="122.0" />
  <Point X="119.0" Y="121.0" />
  <Point X="119.0" Y="120.6839748252996" />
  <Point X="119.0" Y="120.0" />
  <Point X="119.0" Y="119.0" />
  <Point X="119.0" Y="118.0" />
  <Point X="119.0" Y="117.0" />
  <Point X="119.0" Y="116.83670175226419" />
  <Point X="119.0" Y="116.0" />
  <Point X="119.0" Y="115.0" />
  <Point X="118.0" Y="115.0" />
  <Point X="117.0" Y="115.0" />
  <Point X="116.98942867922878" Y="115.0" />
  <Point X="116.0" Y="115.0" />
  <Point X="115.0" Y="115.0" />
  <Point X="114.0" Y="115.0" />
  <Point X="113.14215560619337" Y="115.0" />
  <Point X="113.0" Y="115.0" />
  <Point X="112.0" Y="115.0" />
  <Point X="111.0" Y="115.0" />
  <Point X="110.0" Y="115.0" />
  <Point X="109.29488253315796" Y="115.0" />
  <Point X="109.0" Y="115.0" />
  <Point X="108.0" Y="115.0" />
  <Point X="107.0" Y="115.0" />
  <Point X="106.0" Y="115.0" />
  <Point X="105.44760946012255" Y="115.0" />
  <Point X="105.0" Y="115.0" />
  <Point X="104.0" Y="115.0" />
  <Point X="103.0" Y="115.0" />
  <Point X="103.0" Y="116.0" />
  <Point X="102.60033638708714" Y="116.0" />
  <Point X="102.0" Y="116.0" />
  <Point X="101.0" Y="116.0" />
  <Point X="100.0" Y="116.0" />
  <Point X="99.0" Y="116.0" />
  <Point X="98.75306331405173" Y="116.0" />
  <Point X="98.0" Y="116.0" />
  <Point X="97.0" Y="116.0" />
  <Point X="96.0" Y="116.0" />
  <Point X="95.0" Y="116.0" />
  <Point X="94.90579024101632" Y="116.0" />
  <Point X="94.0" Y="116.0" />
  <Point X="93.0" Y="116.0" />
  <Point X="93.0" Y="117.0" />
  <Point X="92.05851716798091" Y="117.0" />
  <Point X="92.0" Y="117.0" />
  <Point X="91.0" Y="117.0" />
  <Point X="90.0" Y="117.0" />
  <Point X="89.0" Y="117.0" />
  <Point X="88.2112440949455" Y="117.0" />
  <Point X="88.0" Y="117.0" />
  <Point X="87.0" Y="117.0" />
  <Point X="86.0" Y="118.0" />
  <Point X="85.0" Y="118.0" />
  <Point X="84.77818458428318" Y="118.0" />
  <Point X="84.0" Y="118.0" />
  <Point X="83.0" Y="118.0" />
  <Point X="82.0" Y="118.0" />
  <Point X="81.0" Y="118.0" />
  <Point X="80.93091151124777" Y="118.0" />
  <Point X="79.0" Y="118.0" />
  <Point X="78.0" Y="118.0" />
  <Point X="77.08363843821236" Y="118.0" />
  <Point X="77.0" Y="118.0" />
  <Point X="76.0" Y="118.0" />
  <Point X="75.0" Y="118.0" />
  <Point X="74.0" Y="118.0" />
  <Point X="74.0" Y="118.76363463482305" />
  <Point X="74.0" Y="119.0" />
  <Point X="73.0" Y="119.0" />
  <Point X="72.0" Y="119.0" />
  <Point X="71.0" Y="119.0" />
  <Point X="70.38909229214154" Y="119.0" />
  <Point X="70.0" Y="119.0" />
  <Point X="69.0" Y="119.0" />
  <Point X="68.0" Y="119.0" />
  <Point X="68.0" Y="120.0" />
  <Point X="67.54181921910613" Y="120.0" />
  <Point X="67.0" Y="120.0" />
  <Point X="66.0" Y="120.0" />
  <Point X="65.0" Y="120.0" />
  <Point X="64.0" Y="120.0" />
  <Point X="63.69454614607072" Y="120.0" />
  <Point X="63.0" Y="120.0" />
  <Point X="62.0" Y="120.0" />
  <Point X="61.0" Y="120.0" />
  <Point X="60.0" Y="120.0" />
  <Point X="59.84727307303531" Y="120.0" />
  <Point X="59.0" Y="120.0" />
  <Point X="58.0" Y="120.0" />
  <Point X="57.0" Y="120.0" />
  <Point X="56.0" Y="120.0" />
</Project_1_Part_4>
