<?xml version="1.0" encoding="utf-8" standalone="yes"?>
<Gesture Name="right_sq_bracket10" Subject="1" Number="1" NumPts="347">
  <Point X="112.0" Y="93.0" />
  <Point X="113.0" Y="93.0" />
  <Point X="114.0" Y="93.0" />
  <Point X="115.0" Y="93.0" />
  <Point X="116.0" Y="93.0" />
  <Point X="116.75043965933084" Y="93.0" />
  <Point X="117.0" Y="93.0" />
  <Point X="118.0" Y="93.0" />
  <Point X="119.0" Y="93.0" />
  <Point X="120.0" Y="93.0" />
  <Point X="121.0" Y="93.0" />
  <Point X="121.50087931866167" Y="93.0" />
  <Point X="122.0" Y="93.0" />
  <Point X="123.0" Y="93.0" />
  <Point X="124.0" Y="93.0" />
  <Point X="125.0" Y="93.0" />
  <Point X="126.0" Y="93.0" />
  <Point X="126.25131897799251" Y="93.0" />
  <Point X="127.0" Y="93.0" />
  <Point X="128.0" Y="93.0" />
  <Point X="129.0" Y="93.0" />
  <Point X="130.0" Y="93.0" />
  <Point X="131.0" Y="93.0" />
  <Point X="131.00175863732335" Y="93.0" />
  <Point X="132.0" Y="93.0" />
  <Point X="133.0" Y="93.0" />
  <Point X="134.0" Y="93.0" />
  <Point X="135.0" Y="93.0" />
  <Point X="135.75219829665417" Y="93.0" />
  <Point X="136.0" Y="93.0" />
  <Point X="137.0" Y="93.0" />
  <Point X="138.0" Y="93.0" />
  <Point X="139.0" Y="93.0" />
  <Point X="140.0" Y="93.0" />
  <Point X="140.502637955985" Y="93.0" />
  <Point X="141.0" Y="93.0" />
  <Point X="142.0" Y="93.0" />
  <Point X="143.0" Y="93.0" />
  <Point X="144.0" Y="93.0" />
  <Point X="145.0" Y="93.0" />
  <Point X="145.25307761531582" Y="93.0" />
  <Point X="146.0" Y="93.0" />
  <Point X="148.0" Y="93.0" />
  <Point X="149.0" Y="93.0" />
  <Point X="150.00351727464664" Y="93.0" />
  <Point X="151.0" Y="93.0" />
  <Point X="152.0" Y="93.0" />
  <Point X="153.0" Y="93.0" />
  <Point X="154.0" Y="93.0" />
  <Point X="154.0" Y="93.75395693397748" />
  <Point X="154.0" Y="94.0" />
  <Point X="155.0" Y="94.0" />
  <Point X="156.0" Y="94.0" />
  <Point X="158.0" Y="94.0" />
  <Point X="158.50439659330831" Y="94.0" />
  <Point X="159.0" Y="94.0" />
  <Point X="161.0" Y="94.0" />
  <Point X="162.0" Y="95.0" />
  <Point X="162.84062269026606" Y="95.0" />
  <Point X="163.0" Y="95.0" />
  <Point X="165.0" Y="95.0" />
  <Point X="166.0" Y="96.0" />
  <Point X="167.1768487872238" Y="96.0" />
  <Point X="168.0" Y="96.0" />
  <Point X="169.0" Y="96.0" />
  <Point X="170.0" Y="96.0" />
  <Point X="171.0" Y="96.0" />
  <Point X="171.92728844655463" Y="96.0" />
  <Point X="172.0" Y="96.0" />
  <Point X="173.0" Y="97.0" />
  <Point X="174.0" Y="98.0" />
  <Point X="175.0" Y="98.0" />
  <Point X="175.84930098113927" Y="98.0" />
  <Point X="176.0" Y="98.0" />
  <Point X="177.0" Y="98.0" />
  <Point X="178.0" Y="98.0" />
  <Point X="179.0" Y="98.0" />
  <Point X="179.0" Y="99.0" />
  <Point X="179.5997406404701" Y="99.0" />
  <Point X="180.0" Y="99.0" />
  <Point X="181.0" Y="99.0" />
  <Point X="182.0" Y="99.0" />
  <Point X="182.0" Y="100.0" />
  <Point X="183.0" Y="100.0" />
  <Point X="183.3501802998009" Y="100.0" />
  <Point X="184.0" Y="100.0" />
  <Point X="185.0" Y="100.0" />
  <Point X="186.0" Y="100.0" />
  <Point X="186.0" Y="101.0" />
  <Point X="187.0" Y="101.0" />
  <Point X="187.0" Y="101.10061995913175" />
  <Point X="187.0" Y="102.0" />
  <Point X="188.0" Y="102.0" />
  <Point X="189.0" Y="102.0" />
  <Point X="190.0" Y="102.0" />
  <Point X="190.85105961846259" Y="102.0" />
  <Point X="191.0" Y="102.0" />
  <Point X="192.0" Y="102.0" />
  <Point X="192.0" Y="103.0" />
  <Point X="193.0" Y="103.0" />
  <Point X="194.0" Y="103.0" />
  <Point X="194.42532421820653" Y="103.42532421820654" />
  <Point X="195.0" Y="104.0" />
  <Point X="196.0" Y="104.0" />
  <Point X="197.0" Y="104.0" />
  <Point X="197.0" Y="105.0" />
  <Point X="197.66307197137724" Y="105.66307197137724" />
  <Point X="198.0" Y="106.0" />
  <Point X="199.0" Y="106.0" />
  <Point X="200.0" Y="106.0" />
  <Point X="200.0" Y="107.0" />
  <Point X="201.0" Y="107.0" />
  <Point X="201.0" Y="107.27395147170888" />
  <Point X="201.0" Y="108.0" />
  <Point X="202.0" Y="108.0" />
  <Point X="203.0" Y="108.0" />
  <Point X="203.0" Y="109.0" />
  <Point X="203.0" Y="110.0" />
  <Point X="203.02439113103972" Y="110.0" />
  <Point X="204.0" Y="110.0" />
  <Point X="204.0" Y="111.0" />
  <Point X="204.0" Y="112.0" />
  <Point X="204.0" Y="113.0" />
  <Point X="204.0" Y="113.77483079037056" />
  <Point X="204.0" Y="114.0" />
  <Point X="204.0" Y="115.0" />
  <Point X="204.0" Y="116.0" />
  <Point X="204.0" Y="117.0" />
  <Point X="204.0" Y="118.0" />
  <Point X="204.0" Y="118.5252704497014" />
  <Point X="204.0" Y="119.0" />
  <Point X="204.0" Y="120.0" />
  <Point X="203.0" Y="120.0" />
  <Point X="203.0" Y="121.0" />
  <Point X="203.0" Y="122.0" />
  <Point X="203.0" Y="122.27571010903223" />
  <Point X="203.0" Y="123.0" />
  <Point X="202.0" Y="123.0" />
  <Point X="202.0" Y="124.0" />
  <Point X="202.0" Y="125.0" />
  <Point X="202.0" Y="126.0" />
  <Point X="201.97385023163693" Y="126.0" />
  <Point X="201.0" Y="126.0" />
  <Point X="201.0" Y="127.0" />
  <Point X="201.0" Y="128.0" />
  <Point X="200.0" Y="129.0" />
  <Point X="200.0" Y="129.36237586532081" />
  <Point X="200.0" Y="130.0" />
  <Point X="200.0" Y="131.0" />
  <Point X="200.0" Y="132.0" />
  <Point X="199.0" Y="133.0" />
  <Point X="198.5060138151226" Y="133.4939861848774" />
  <Point X="198.0" Y="134.0" />
  <Point X="198.0" Y="135.0" />
  <Point X="198.0" Y="136.0" />
  <Point X="198.0" Y="137.0" />
  <Point X="198.0" Y="138.0" />
  <Point X="197.97537284313844" Y="138.02462715686156" />
  <Point X="197.0" Y="139.0" />
  <Point X="197.0" Y="140.0" />
  <Point X="197.0" Y="141.0" />
  <Point X="196.0" Y="141.0" />
  <Point X="196.0" Y="141.37105415619405" />
  <Point X="196.0" Y="142.0" />
  <Point X="196.0" Y="143.0" />
  <Point X="196.0" Y="144.0" />
  <Point X="196.0" Y="145.0" />
  <Point X="196.0" Y="146.0" />
  <Point X="196.0" Y="146.12149381552487" />
  <Point X="196.0" Y="147.0" />
  <Point X="195.0" Y="147.0" />
  <Point X="195.0" Y="148.0" />
  <Point X="195.0" Y="149.0" />
  <Point X="194.1280665251443" Y="149.0" />
  <Point X="194.0" Y="149.0" />
  <Point X="194.0" Y="150.0" />
  <Point X="194.0" Y="151.0" />
  <Point X="194.0" Y="152.0" />
  <Point X="194.0" Y="153.0" />
  <Point X="193.37762686581348" Y="153.0" />
  <Point X="193.0" Y="153.0" />
  <Point X="192.0" Y="153.0" />
  <Point X="192.0" Y="155.0" />
  <Point X="192.0" Y="156.0" />
  <Point X="192.0" Y="156.37281279351734" />
  <Point X="192.0" Y="157.0" />
  <Point X="192.0" Y="158.0" />
  <Point X="191.0" Y="159.0" />
  <Point X="191.0" Y="160.0" />
  <Point X="190.29096110952491" Y="160.0" />
  <Point X="190.0" Y="160.0" />
  <Point X="190.0" Y="161.0" />
  <Point X="190.0" Y="162.0" />
  <Point X="190.0" Y="163.0" />
  <Point X="190.0" Y="164.0" />
  <Point X="189.5405214501941" Y="164.0" />
  <Point X="189.0" Y="164.0" />
  <Point X="189.0" Y="165.0" />
  <Point X="189.0" Y="166.0" />
  <Point X="189.0" Y="167.0" />
  <Point X="188.0" Y="167.0" />
  <Point X="188.0" Y="167.20991820913673" />
  <Point X="188.0" Y="168.0" />
  <Point X="188.0" Y="169.0" />
  <Point X="188.0" Y="170.0" />
  <Point X="188.0" Y="171.0" />
  <Point X="187.03964213153245" Y="171.0" />
  <Point X="187.0" Y="171.0" />
  <Point X="187.0" Y="172.0" />
  <Point X="186.0" Y="172.0" />
  <Point X="186.0" Y="173.0" />
  <Point X="186.0" Y="174.0" />
  <Point X="186.0" Y="174.71079752779838" />
  <Point X="186.0" Y="175.0" />
  <Point X="186.0" Y="176.0" />
  <Point X="186.0" Y="177.0" />
  <Point X="185.0" Y="177.0" />
  <Point X="185.0" Y="178.0" />
  <Point X="185.0" Y="178.4612371871292" />
  <Point X="185.0" Y="179.0" />
  <Point X="185.0" Y="180.0" />
  <Point X="184.0" Y="180.0" />
  <Point X="184.0" Y="181.0" />
  <Point X="184.0" Y="182.0" />
  <Point X="184.0" Y="182.21167684646002" />
  <Point X="184.0" Y="183.0" />
  <Point X="184.0" Y="184.0" />
  <Point X="184.0" Y="185.0" />
  <Point X="184.0" Y="186.0" />
  <Point X="184.0" Y="186.96211650579085" />
  <Point X="184.0" Y="187.0" />
  <Point X="184.0" Y="188.0" />
  <Point X="184.0" Y="189.0" />
  <Point X="184.0" Y="190.0" />
  <Point X="184.0" Y="191.0" />
  <Point X="184.0" Y="191.71255616512167" />
  <Point X="184.0" Y="192.0" />
  <Point X="184.0" Y="193.0" />
  <Point X="184.0" Y="194.0" />
  <Point X="183.0" Y="195.0" />
  <Point X="182.0" Y="195.0" />
  <Point X="182.0" Y="195.0487822620794" />
  <Point X="182.0" Y="196.0" />
  <Point X="182.0" Y="197.0" />
  <Point X="182.0" Y="198.0" />
  <Point X="181.0" Y="198.0" />
  <Point X="180.20077807858976" Y="198.0" />
  <Point X="180.0" Y="198.0" />
  <Point X="180.0" Y="199.0" />
  <Point X="179.0" Y="199.0" />
  <Point X="178.0" Y="199.0" />
  <Point X="177.0" Y="199.0" />
  <Point X="176.45033841925894" Y="199.0" />
  <Point X="176.0" Y="199.0" />
  <Point X="175.0" Y="199.0" />
  <Point X="174.0" Y="199.0" />
  <Point X="173.0" Y="199.0" />
  <Point X="172.0" Y="199.0" />
  <Point X="171.69989875992812" Y="199.0" />
  <Point X="171.0" Y="199.0" />
  <Point X="170.0" Y="199.0" />
  <Point X="169.0" Y="199.0" />
  <Point X="168.0" Y="199.0" />
  <Point X="167.0" Y="199.0" />
  <Point X="166.9494591005973" Y="199.0" />
  <Point X="166.0" Y="199.0" />
  <Point X="165.0" Y="199.0" />
  <Point X="164.0" Y="199.0" />
  <Point X="163.0" Y="199.0" />
  <Point X="162.19901944126647" Y="199.0" />
  <Point X="162.0" Y="199.0" />
  <Point X="161.0" Y="199.0" />
  <Point X="160.0" Y="199.0" />
  <Point X="159.0" Y="199.0" />
  <Point X="158.0" Y="199.0" />
  <Point X="157.44857978193565" Y="199.0" />
  <Point X="157.0" Y="199.0" />
  <Point X="156.0" Y="200.0" />
  <Point X="155.0" Y="200.0" />
  <Point X="154.0" Y="200.0" />
  <Point X="153.1123536849779" Y="200.0" />
  <Point X="153.0" Y="200.0" />
  <Point X="152.0" Y="200.0" />
  <Point X="151.0" Y="200.0" />
  <Point X="150.0" Y="200.0" />
  <Point X="149.0" Y="200.0" />
  <Point X="149.0" Y="200.63808597435292" />
  <Point X="149.0" Y="201.0" />
  <Point X="148.0" Y="201.0" />
  <Point X="146.0" Y="201.0" />
  <Point X="145.0" Y="201.0" />
  <Point X="144.61147436631626" Y="201.0" />
  <Point X="144.0" Y="201.0" />
  <Point X="143.0" Y="201.0" />
  <Point X="142.0" Y="201.0" />
  <Point X="142.0" Y="202.0" />
  <Point X="141.0" Y="202.0" />
  <Point X="141.0" Y="202.13896529301456" />
  <Point X="141.0" Y="203.0" />
  <Point X="140.0" Y="203.0" />
  <Point X="139.0" Y="203.0" />
  <Point X="138.0" Y="203.0" />
  <Point X="137.1105950476546" Y="203.0" />
  <Point X="137.0" Y="203.0" />
  <Point X="136.0" Y="203.0" />
  <Point X="135.0" Y="203.0" />
  <Point X="134.0" Y="203.0" />
  <Point X="134.0" Y="204.0" />
  <Point X="133.3601553883238" Y="204.0" />
  <Point X="133.0" Y="204.0" />
  <Point X="132.0" Y="204.0" />
  <Point X="131.0" Y="205.0" />
  <Point X="130.0" Y="205.0" />
  <Point X="129.02392929136604" Y="205.0" />
  <Point X="129.0" Y="205.0" />
  <Point X="127.0" Y="206.0" />
  <Point X="126.0" Y="207.0" />
  <Point X="125.0" Y="207.0" />
  <Point X="124.9237711719081" Y="207.0" />
  <Point X="124.0" Y="207.0" />
  <Point X="123.0" Y="207.0" />
  <Point X="122.0" Y="207.0" />
  <Point X="122.0" Y="208.0" />
  <Point X="121.17333151257726" Y="208.0" />
  <Point X="121.0" Y="208.0" />
  <Point X="120.0" Y="208.0" />
  <Point X="119.0" Y="208.0" />
  <Point X="118.0" Y="208.0" />
  <Point X="117.0" Y="209.0" />
  <Point X="116.884816134766" Y="209.115183865234" />
  <Point X="116.0" Y="210.0" />
  <Point X="115.0" Y="210.0" />
  <Point X="114.0" Y="210.0" />
  <Point X="113.0" Y="210.0" />
  <Point X="112.50087931866179" Y="210.0" />
  <Point X="112.0" Y="210.0" />
  <Point X="111.0" Y="210.0" />
  <Point X="111.0" Y="211.0" />
  <Point X="110.0" Y="211.0" />
  <Point X="109.0" Y="211.0" />
  <Point X="108.75043965933095" Y="211.0" />
  <Point X="108.0" Y="211.0" />
  <Point X="107.0" Y="211.0" />
  <Point X="106.0" Y="211.0" />
  <Point X="105.0" Y="211.0" />
  <Point X="104.00000000000011" Y="211.0" />
  <Point X="104.0" Y="211.0" />
</Project_1_Part_4>
