<?xml version="1.0" encoding="utf-8" standalone="yes"?>
<Gesture Name="right_curly_brace6" Subject="1" Number="1" NumPts="326">
  <Point X="117.0" Y="97.0" />
  <Point X="119.0" Y="97.0" />
  <Point X="119.0" Y="96.0" />
  <Point X="120.0" Y="96.0" />
  <Point X="120.54962642678652" Y="96.0" />
  <Point X="121.0" Y="96.0" />
  <Point X="122.0" Y="96.0" />
  <Point X="123.0" Y="96.0" />
  <Point X="124.0" Y="96.0" />
  <Point X="125.0" Y="96.0" />
  <Point X="125.09925285357303" Y="96.0" />
  <Point X="126.0" Y="96.0" />
  <Point X="127.0" Y="96.0" />
  <Point X="128.0" Y="96.0" />
  <Point X="129.0" Y="96.0" />
  <Point X="129.0" Y="95.35112071964045" />
  <Point X="129.0" Y="95.0" />
  <Point X="130.0" Y="95.0" />
  <Point X="131.0" Y="95.0" />
  <Point X="132.0" Y="95.0" />
  <Point X="133.0" Y="95.0" />
  <Point X="133.0" Y="94.80149429285393" />
  <Point X="133.0" Y="94.0" />
  <Point X="134.0" Y="94.0" />
  <Point X="135.0" Y="94.0" />
  <Point X="136.0" Y="94.0" />
  <Point X="136.7481321339326" Y="94.0" />
  <Point X="137.0" Y="94.0" />
  <Point X="138.0" Y="94.0" />
  <Point X="139.0" Y="94.0" />
  <Point X="139.0" Y="93.0" />
  <Point X="140.0" Y="93.0" />
  <Point X="140.2977585607191" Y="93.0" />
  <Point X="141.0" Y="93.0" />
  <Point X="142.0" Y="93.0" />
  <Point X="143.0" Y="93.0" />
  <Point X="144.0" Y="93.0" />
  <Point X="144.84738498750562" Y="93.0" />
  <Point X="145.0" Y="93.0" />
  <Point X="146.0" Y="92.0" />
  <Point X="147.0" Y="92.0" />
  <Point X="148.0" Y="92.0" />
  <Point X="148.98279785191903" Y="92.0" />
  <Point X="149.0" Y="92.0" />
  <Point X="150.0" Y="92.0" />
  <Point X="151.0" Y="92.0" />
  <Point X="152.0" Y="92.0" />
  <Point X="153.0" Y="92.0" />
  <Point X="152.46757572129445" Y="92.0" />
  <Point X="152.0" Y="92.0" />
  <Point X="152.0" Y="93.0" />
  <Point X="152.0" Y="94.0" />
  <Point X="151.0" Y="94.0" />
  <Point X="150.0" Y="94.0" />
  <Point X="150.0" Y="94.08205070549207" />
  <Point X="150.0" Y="95.0" />
  <Point X="149.0" Y="95.0" />
  <Point X="149.0" Y="96.0" />
  <Point X="148.0" Y="96.0" />
  <Point X="147.55333681624535" Y="96.44666318375465" />
  <Point X="147.0" Y="97.0" />
  <Point X="146.0" Y="98.0" />
  <Point X="145.0" Y="98.0" />
  <Point X="144.04337189918564" Y="98.95662810081437" />
  <Point X="144.0" Y="99.0" />
  <Point X="143.0" Y="99.0" />
  <Point X="142.0" Y="100.0" />
  <Point X="141.0" Y="100.0" />
  <Point X="140.24051376331246" Y="100.75948623668754" />
  <Point X="140.0" Y="101.0" />
  <Point X="139.0" Y="102.0" />
  <Point X="138.0" Y="102.0" />
  <Point X="137.0" Y="103.0" />
  <Point X="136.61893852397355" Y="103.0" />
  <Point X="136.0" Y="103.0" />
  <Point X="135.0" Y="104.0" />
  <Point X="134.0" Y="105.0" />
  <Point X="133.22058392919303" Y="105.77941607080697" />
  <Point X="133.0" Y="106.0" />
  <Point X="132.0" Y="106.0" />
  <Point X="131.0" Y="107.0" />
  <Point X="131.0" Y="108.0" />
  <Point X="130.17653991989292" Y="108.0" />
  <Point X="129.0" Y="108.0" />
  <Point X="129.0" Y="109.0" />
  <Point X="128.0" Y="109.0" />
  <Point X="128.0" Y="110.0" />
  <Point X="127.6269134931064" Y="110.0" />
  <Point X="127.0" Y="110.0" />
  <Point X="126.0" Y="111.0" />
  <Point X="125.0" Y="111.0" />
  <Point X="125.0" Y="112.0" />
  <Point X="124.64043664631971" Y="112.35956335368029" />
  <Point X="124.0" Y="113.0" />
  <Point X="123.0" Y="113.0" />
  <Point X="122.0" Y="114.0" />
  <Point X="121.13047172926" Y="114.86952827074" />
  <Point X="121.0" Y="115.0" />
  <Point X="120.0" Y="116.0" />
  <Point X="120.0" Y="117.0" />
  <Point X="119.0" Y="117.0" />
  <Point X="118.32761359338683" Y="117.67238640661317" />
  <Point X="118.0" Y="118.0" />
  <Point X="118.0" Y="119.0" />
  <Point X="117.0" Y="119.0" />
  <Point X="117.0" Y="120.0" />
  <Point X="117.0" Y="121.0" />
  <Point X="117.0" Y="121.08631083980107" />
  <Point X="117.0" Y="122.0" />
  <Point X="116.0" Y="122.0" />
  <Point X="116.0" Y="123.0" />
  <Point X="116.0" Y="124.0" />
  <Point X="116.0" Y="124.63593726658759" />
  <Point X="116.0" Y="125.0" />
  <Point X="116.0" Y="126.0" />
  <Point X="116.0" Y="127.0" />
  <Point X="117.0" Y="127.0" />
  <Point X="117.0" Y="128.0" />
  <Point X="117.1855636933741" Y="128.0" />
  <Point X="118.0" Y="128.0" />
  <Point X="119.0" Y="128.0" />
  <Point X="120.0" Y="129.0" />
  <Point X="120.0" Y="130.0" />
  <Point X="120.32097655778753" Y="130.0" />
  <Point X="121.0" Y="130.0" />
  <Point X="122.0" Y="130.0" />
  <Point X="123.0" Y="131.0" />
  <Point X="124.0" Y="131.0" />
  <Point X="124.0" Y="131.45638942220094" />
  <Point X="124.0" Y="132.0" />
  <Point X="125.0" Y="132.0" />
  <Point X="127.0" Y="132.0" />
  <Point X="127.0" Y="133.0" />
  <Point X="127.00425384761363" Y="133.00425384761363" />
  <Point X="128.0" Y="134.0" />
  <Point X="129.0" Y="134.0" />
  <Point X="130.0" Y="134.0" />
  <Point X="130.8071119834868" Y="134.8071119834868" />
  <Point X="131.0" Y="135.0" />
  <Point X="132.0" Y="135.0" />
  <Point X="133.0" Y="136.0" />
  <Point X="134.0" Y="136.0" />
  <Point X="134.60997011935999" Y="136.60997011935999" />
  <Point X="135.0" Y="137.0" />
  <Point X="136.0" Y="137.0" />
  <Point X="137.0" Y="137.0" />
  <Point X="138.0" Y="137.0" />
  <Point X="138.99804087985464" Y="137.0" />
  <Point X="139.0" Y="137.0" />
  <Point X="140.0" Y="139.0" />
  <Point X="141.0" Y="139.0" />
  <Point X="141.9274407798356" Y="139.9274407798356" />
  <Point X="142.0" Y="140.0" />
  <Point X="143.0" Y="140.0" />
  <Point X="145.0" Y="140.0" />
  <Point X="145.0" Y="141.0" />
  <Point X="145.4470121935548" Y="141.0" />
  <Point X="146.0" Y="141.0" />
  <Point X="148.0" Y="141.0" />
  <Point X="149.0" Y="142.0" />
  <Point X="149.4118367080223" Y="142.4118367080223" />
  <Point X="150.0" Y="143.0" />
  <Point X="151.0" Y="143.0" />
  <Point X="152.0" Y="143.0" />
  <Point X="153.0" Y="143.0" />
  <Point X="153.71783792238165" Y="143.0" />
  <Point X="154.0" Y="143.0" />
  <Point X="154.0" Y="144.0" />
  <Point X="155.0" Y="144.0" />
  <Point X="156.0" Y="144.0" />
  <Point X="157.0" Y="144.0" />
  <Point X="157.0" Y="144.26746434916816" />
  <Point X="157.0" Y="145.0" />
  <Point X="158.0" Y="145.0" />
  <Point X="158.0" Y="146.0" />
  <Point X="157.0" Y="147.0" />
  <Point X="156.59712278641842" Y="147.0" />
  <Point X="156.0" Y="147.0" />
  <Point X="155.0" Y="147.0" />
  <Point X="155.0" Y="148.0" />
  <Point X="154.0" Y="148.0" />
  <Point X="153.0474963596319" Y="148.0" />
  <Point X="153.0" Y="148.0" />
  <Point X="153.0" Y="149.0" />
  <Point X="152.0" Y="149.0" />
  <Point X="151.0" Y="149.0" />
  <Point X="151.0" Y="150.0" />
  <Point X="151.0" Y="150.5021300671546" />
  <Point X="151.0" Y="151.0" />
  <Point X="150.0" Y="151.0" />
  <Point X="150.0" Y="152.0" />
  <Point X="149.0" Y="152.0" />
  <Point X="149.0" Y="153.0" />
  <Point X="149.0" Y="153.05175649394113" />
  <Point X="149.0" Y="154.0" />
  <Point X="148.0" Y="154.0" />
  <Point X="148.0" Y="155.0" />
  <Point X="147.0" Y="155.0" />
  <Point X="147.0" Y="155.60138292072764" />
  <Point X="147.0" Y="156.0" />
  <Point X="146.0" Y="156.0" />
  <Point X="146.0" Y="157.0" />
  <Point X="145.0" Y="157.0" />
  <Point X="145.0" Y="158.0" />
  <Point X="145.0" Y="158.15100934751416" />
  <Point X="145.0" Y="159.0" />
  <Point X="144.0" Y="159.0" />
  <Point X="143.0" Y="159.0" />
  <Point X="143.0" Y="160.0" />
  <Point X="142.29936422569932" Y="160.0" />
  <Point X="142.0" Y="160.0" />
  <Point X="141.0" Y="161.0" />
  <Point X="140.0" Y="161.0" />
  <Point X="139.0" Y="161.0" />
  <Point X="139.0" Y="161.8360486387141" />
  <Point X="139.0" Y="162.0" />
  <Point X="138.0" Y="162.0" />
  <Point X="138.0" Y="163.0" />
  <Point X="137.0" Y="163.0" />
  <Point X="137.0" Y="164.0" />
  <Point X="136.6143249344994" Y="164.0" />
  <Point X="136.0" Y="164.0" />
  <Point X="135.0" Y="164.0" />
  <Point X="134.0" Y="164.0" />
  <Point X="134.0" Y="165.0" />
  <Point X="133.06469850771288" Y="165.0" />
  <Point X="133.0" Y="165.0" />
  <Point X="132.0" Y="165.0" />
  <Point X="131.0" Y="166.0" />
  <Point X="130.0" Y="167.0" />
  <Point X="129.34349920567254" Y="167.0" />
  <Point X="129.0" Y="167.0" />
  <Point X="128.0" Y="168.0" />
  <Point X="127.0" Y="168.0" />
  <Point X="126.0" Y="168.0" />
  <Point X="125.44003248179008" Y="168.55996751820993" />
  <Point X="125.0" Y="169.0" />
  <Point X="124.0" Y="169.0" />
  <Point X="123.0" Y="170.0" />
  <Point X="122.0" Y="170.0" />
  <Point X="121.4868870392188" Y="170.0" />
  <Point X="121.0" Y="170.0" />
  <Point X="120.0" Y="172.0" />
  <Point X="119.0" Y="172.0" />
  <Point X="118.17332858993207" Y="172.0" />
  <Point X="118.0" Y="172.0" />
  <Point X="118.0" Y="173.0" />
  <Point X="117.0" Y="173.0" />
  <Point X="116.0" Y="173.0" />
  <Point X="115.0" Y="173.0" />
  <Point X="115.0" Y="173.37629783685443" />
  <Point X="115.0" Y="174.0" />
  <Point X="115.0" Y="175.0" />
  <Point X="114.0" Y="175.0" />
  <Point X="113.0" Y="175.0" />
  <Point X="112.34527267431433" Y="175.65472732568568" />
  <Point X="112.0" Y="176.0" />
  <Point X="111.0" Y="176.0" />
  <Point X="110.0" Y="177.0" />
  <Point X="109.0" Y="177.0" />
  <Point X="109.0" Y="177.64712356568128" />
  <Point X="109.0" Y="178.0" />
  <Point X="109.0" Y="179.0" />
  <Point X="110.0" Y="179.0" />
  <Point X="111.0" Y="179.0" />
  <Point X="112.0" Y="179.0" />
  <Point X="112.1967499924678" Y="179.0" />
  <Point X="113.0" Y="179.0" />
  <Point X="114.0" Y="179.0" />
  <Point X="115.0" Y="179.0" />
  <Point X="116.0" Y="179.0" />
  <Point X="116.74637641925432" Y="179.0" />
  <Point X="117.0" Y="179.0" />
  <Point X="118.0" Y="179.0" />
  <Point X="118.0" Y="180.0" />
  <Point X="117.0" Y="180.0" />
  <Point X="117.0" Y="181.0" />
  <Point X="116.70399715395916" Y="181.0" />
  <Point X="116.0" Y="181.0" />
  <Point X="115.0" Y="181.0" />
  <Point X="115.0" Y="182.0" />
  <Point X="114.0" Y="182.0" />
  <Point X="114.0" Y="182.84562927282735" />
  <Point X="114.0" Y="183.0" />
  <Point X="113.0" Y="183.0" />
  <Point X="112.0" Y="183.0" />
  <Point X="111.0" Y="184.0" />
  <Point X="110.01895786275922" Y="184.0" />
  <Point X="110.0" Y="184.0" />
  <Point X="109.0" Y="185.0" />
  <Point X="108.0" Y="185.0" />
  <Point X="107.0" Y="185.0" />
  <Point X="107.0" Y="186.0" />
  <Point X="106.8835449983458" Y="186.0" />
  <Point X="106.0" Y="186.0" />
  <Point X="106.0" Y="187.0" />
  <Point X="105.0" Y="187.0" />
  <Point X="104.0" Y="187.0" />
  <Point X="103.52900930512715" Y="187.47099069487285" />
  <Point X="103.0" Y="188.0" />
  <Point X="102.0" Y="188.0" />
  <Point X="101.0" Y="188.0" />
  <Point X="101.0" Y="189.0" />
  <Point X="100.19850570714587" Y="189.0" />
  <Point X="100.0" Y="189.0" />
  <Point X="99.0" Y="189.0" />
  <Point X="98.0" Y="189.0" />
  <Point X="98.0" Y="190.0" />
  <Point X="98.0" Y="191.0" />
  <Point X="97.64887928035935" Y="191.0" />
  <Point X="97.0" Y="191.0" />
  <Point X="96.0" Y="191.0" />
  <Point X="96.0" Y="192.0" />
  <Point X="95.0" Y="192.0" />
  <Point X="95.0" Y="192.90074714642716" />
  <Point X="95.0" Y="193.0" />
  <Point X="96.0" Y="193.0" />
  <Point X="96.0" Y="192.0" />
  <Point X="96.0" Y="191.0" />
  <Point X="97.0" Y="191.0" />
  <Point X="97.0" Y="190.54962642678632" />
  <Point X="97.0" Y="190.0" />
  <Point X="98.0" Y="190.0" />
  <Point X="99.0" Y="190.0" />
  <Point X="99.0" Y="189.0" />
  <Point X="100.0" Y="189.0" />
</Project_1_Part_4>
