<?xml version="1.0" encoding="utf-8" standalone="yes"?>
<Gesture Name="right_sq_bracket2" Subject="1" Number="1" NumPts="302">
  <Point X="218.0" Y="26.0" />
  <Point X="212.77612532826706" Y="28.950521805330638" />
  <Point X="207.5522506565341" Y="31.901043610661276" />
  <Point X="202.32837598480117" Y="34.851565415991914" />
  <Point X="197.10450131306823" Y="37.80208722132255" />
  <Point X="191.88062664133528" Y="40.75260902665319" />
  <Point X="186.65675196960234" Y="43.70313083198383" />
  <Point X="181.4328772978694" Y="46.653652637314465" />
  <Point X="176.20900262613645" Y="49.6041744426451" />
  <Point X="170.9851279544035" Y="52.55469624797574" />
  <Point X="165.76125328267057" Y="55.505218053306386" />
  <Point X="160.53737861093762" Y="58.45573985863703" />
  <Point X="155.31350393920468" Y="61.406261663967676" />
  <Point X="150.08962926747174" Y="64.35678346929832" />
  <Point X="144.8657545957388" Y="67.30730527462896" />
  <Point X="139.64187992400588" Y="70.2578270799596" />
  <Point X="134.41800525227293" Y="73.20834888529023" />
  <Point X="129.19413058054" Y="76.15887069062089" />
  <Point X="123.97025590880706" Y="79.10939249595154" />
  <Point X="118.74638123707413" Y="82.05991430128219" />
  <Point X="113.5225065653412" Y="85.01043610661283" />
  <Point X="110.0" Y="87.0" />
  <Point X="111.0" Y="87.0" />
  <Point X="111.95399425331134" Y="87.0" />
  <Point X="112.0" Y="87.0" />
  <Point X="113.0" Y="87.0" />
  <Point X="114.0" Y="87.0" />
  <Point X="115.0" Y="87.0" />
  <Point X="116.0" Y="87.0" />
  <Point X="117.0" Y="87.0" />
  <Point X="117.95353136126428" Y="87.0" />
  <Point X="118.0" Y="87.0" />
  <Point X="119.0" Y="87.0" />
  <Point X="120.0" Y="87.0" />
  <Point X="121.0" Y="87.0" />
  <Point X="122.0" Y="87.0" />
  <Point X="123.0" Y="87.0" />
  <Point X="123.95306846921723" Y="87.0" />
  <Point X="124.0" Y="87.0" />
  <Point X="125.0" Y="87.0" />
  <Point X="126.0" Y="87.0" />
  <Point X="127.0" Y="87.0" />
  <Point X="128.0" Y="87.0" />
  <Point X="129.0" Y="87.0" />
  <Point X="129.95260557717017" Y="87.0" />
  <Point X="130.0" Y="87.0" />
  <Point X="131.0" Y="88.0" />
  <Point X="132.0" Y="88.0" />
  <Point X="134.0" Y="88.0" />
  <Point X="135.0" Y="88.0" />
  <Point X="135.53792912275003" Y="88.0" />
  <Point X="136.0" Y="88.0" />
  <Point X="137.0" Y="88.0" />
  <Point X="139.0" Y="88.0" />
  <Point X="140.0" Y="88.0" />
  <Point X="141.0" Y="89.0" />
  <Point X="141.12325266832988" Y="89.0" />
  <Point X="142.0" Y="89.0" />
  <Point X="143.0" Y="89.0" />
  <Point X="144.0" Y="89.0" />
  <Point X="145.0" Y="90.0" />
  <Point X="146.0" Y="90.0" />
  <Point X="146.70857621390974" Y="90.0" />
  <Point X="147.0" Y="90.0" />
  <Point X="148.0" Y="90.0" />
  <Point X="149.0" Y="90.0" />
  <Point X="151.0" Y="91.0" />
  <Point X="152.0" Y="91.0" />
  <Point X="152.4720453443629" Y="91.0" />
  <Point X="154.0" Y="91.0" />
  <Point X="155.0" Y="91.0" />
  <Point X="156.0" Y="91.0" />
  <Point X="157.0" Y="92.0" />
  <Point X="158.05736888994275" Y="92.0" />
  <Point X="159.0" Y="92.0" />
  <Point X="160.0" Y="93.0" />
  <Point X="161.0" Y="93.0" />
  <Point X="162.0" Y="93.0" />
  <Point X="163.0" Y="93.0" />
  <Point X="163.6426924355226" Y="93.0" />
  <Point X="164.0" Y="93.0" />
  <Point X="165.0" Y="93.0" />
  <Point X="166.0" Y="94.0" />
  <Point X="167.0" Y="94.0" />
  <Point X="168.0" Y="94.0" />
  <Point X="169.0" Y="94.0" />
  <Point X="169.0" Y="94.22801598110246" />
  <Point X="169.0" Y="95.0" />
  <Point X="170.0" Y="95.0" />
  <Point X="171.0" Y="95.0" />
  <Point X="172.0" Y="95.0" />
  <Point X="173.0" Y="96.0" />
  <Point X="173.8133395266823" Y="96.0" />
  <Point X="174.0" Y="96.0" />
  <Point X="174.0" Y="97.0" />
  <Point X="175.0" Y="97.0" />
  <Point X="176.0" Y="97.0" />
  <Point X="177.0" Y="97.0" />
  <Point X="178.0" Y="97.0" />
  <Point X="178.0" Y="97.81287663463526" />
  <Point X="178.0" Y="98.0" />
  <Point X="179.0" Y="98.0" />
  <Point X="179.0" Y="99.0" />
  <Point X="179.0" Y="100.0" />
  <Point X="179.0" Y="101.0" />
  <Point X="178.0" Y="102.0" />
  <Point X="177.6017998197849" Y="102.0" />
  <Point X="177.0" Y="102.0" />
  <Point X="177.0" Y="103.0" />
  <Point X="176.0" Y="104.0" />
  <Point X="176.0" Y="105.0" />
  <Point X="176.0" Y="106.0" />
  <Point X="175.01647627420505" Y="106.0" />
  <Point X="175.0" Y="106.0" />
  <Point X="175.0" Y="107.0" />
  <Point X="175.0" Y="108.0" />
  <Point X="174.0" Y="108.0" />
  <Point X="174.0" Y="109.0" />
  <Point X="173.0" Y="109.0" />
  <Point X="173.0" Y="109.9830608337479" />
  <Point X="173.0" Y="110.0" />
  <Point X="173.0" Y="111.0" />
  <Point X="172.0" Y="111.0" />
  <Point X="172.0" Y="112.0" />
  <Point X="172.0" Y="113.0" />
  <Point X="172.0" Y="114.0" />
  <Point X="171.01740205829915" Y="114.0" />
  <Point X="171.0" Y="114.0" />
  <Point X="171.0" Y="115.0" />
  <Point X="171.0" Y="116.0" />
  <Point X="171.0" Y="117.0" />
  <Point X="170.0" Y="117.0" />
  <Point X="170.0" Y="118.0" />
  <Point X="169.0178649503462" Y="118.0" />
  <Point X="169.0" Y="118.0" />
  <Point X="169.0" Y="119.0" />
  <Point X="169.0" Y="120.0" />
  <Point X="169.0" Y="121.0" />
  <Point X="168.0" Y="121.0" />
  <Point X="168.0" Y="122.0" />
  <Point X="168.0" Y="122.98167215760675" />
  <Point X="168.0" Y="123.0" />
  <Point X="167.0" Y="123.0" />
  <Point X="167.0" Y="124.0" />
  <Point X="167.0" Y="125.0" />
  <Point X="167.0" Y="126.0" />
  <Point X="166.0" Y="126.0" />
  <Point X="165.30618027455967" Y="126.69381972544033" />
  <Point X="165.0" Y="127.0" />
  <Point X="165.0" Y="128.0" />
  <Point X="165.0" Y="129.0" />
  <Point X="165.0" Y="130.0" />
  <Point X="164.0" Y="130.0" />
  <Point X="164.0" Y="131.0" />
  <Point X="163.59940080747853" Y="131.40059919252147" />
  <Point X="163.0" Y="132.0" />
  <Point X="163.0" Y="133.0" />
  <Point X="163.0" Y="134.0" />
  <Point X="163.0" Y="135.0" />
  <Point X="162.0" Y="135.0" />
  <Point X="162.0" Y="136.0" />
  <Point X="162.0" Y="136.15185635671943" />
  <Point X="162.0" Y="137.0" />
  <Point X="162.0" Y="138.0" />
  <Point X="162.0" Y="139.0" />
  <Point X="161.0" Y="139.0" />
  <Point X="160.0" Y="140.0" />
  <Point X="160.0" Y="140.7371799022993" />
  <Point X="160.0" Y="141.0" />
  <Point X="160.0" Y="142.0" />
  <Point X="160.0" Y="143.0" />
  <Point X="160.0" Y="144.0" />
  <Point X="159.0" Y="144.0" />
  <Point X="159.0" Y="145.0" />
  <Point X="159.0" Y="145.73671701025225" />
  <Point X="159.0" Y="146.0" />
  <Point X="158.0" Y="146.0" />
  <Point X="158.0" Y="147.0" />
  <Point X="158.0" Y="148.0" />
  <Point X="157.0" Y="148.0" />
  <Point X="156.0" Y="148.0" />
  <Point X="156.0" Y="148.7362541182052" />
  <Point X="156.0" Y="149.0" />
  <Point X="156.0" Y="150.0" />
  <Point X="156.0" Y="151.0" />
  <Point X="155.0" Y="152.0" />
  <Point X="154.0" Y="152.0" />
  <Point X="154.0" Y="153.0" />
  <Point X="154.0" Y="153.32157766378506" />
  <Point X="154.0" Y="154.0" />
  <Point X="153.0" Y="154.0" />
  <Point X="153.0" Y="155.0" />
  <Point X="152.0" Y="155.0" />
  <Point X="152.0" Y="156.0" />
  <Point X="152.0" Y="157.0" />
  <Point X="151.67888522826198" Y="157.0" />
  <Point X="151.0" Y="157.0" />
  <Point X="151.0" Y="158.0" />
  <Point X="150.0" Y="158.0" />
  <Point X="150.0" Y="159.0" />
  <Point X="149.0" Y="159.0" />
  <Point X="148.0" Y="159.0" />
  <Point X="148.0" Y="159.32065187969098" />
  <Point X="148.0" Y="160.0" />
  <Point X="147.0" Y="160.0" />
  <Point X="146.0" Y="160.0" />
  <Point X="146.0" Y="161.0" />
  <Point X="145.0" Y="161.0" />
  <Point X="144.0" Y="161.0" />
  <Point X="143.67981101235605" Y="161.0" />
  <Point X="143.0" Y="161.0" />
  <Point X="142.0" Y="162.0" />
  <Point X="141.0" Y="162.0" />
  <Point X="140.0" Y="163.0" />
  <Point X="139.0" Y="163.0" />
  <Point X="138.5087010291493" Y="163.0" />
  <Point X="138.0" Y="163.0" />
  <Point X="137.0" Y="164.0" />
  <Point X="136.0" Y="164.0" />
  <Point X="135.0" Y="164.0" />
  <Point X="134.0" Y="164.0" />
  <Point X="133.0" Y="164.0" />
  <Point X="132.92337748356945" Y="164.0" />
  <Point X="132.0" Y="164.0" />
  <Point X="131.0" Y="164.0" />
  <Point X="130.0" Y="165.0" />
  <Point X="129.0" Y="165.0" />
  <Point X="128.0" Y="166.0" />
  <Point X="127.75226750036269" Y="166.0" />
  <Point X="127.0" Y="166.0" />
  <Point X="126.0" Y="166.0" />
  <Point X="125.0" Y="166.0" />
  <Point X="124.0" Y="166.0" />
  <Point X="123.0" Y="166.0" />
  <Point X="122.0" Y="166.0" />
  <Point X="121.82515398369159" Y="166.1748460163084" />
  <Point X="121.0" Y="167.0" />
  <Point X="120.0" Y="167.0" />
  <Point X="119.0" Y="167.0" />
  <Point X="118.0" Y="167.0" />
  <Point X="117.0" Y="167.0" />
  <Point X="116.16740684682989" Y="167.0" />
  <Point X="116.0" Y="167.0" />
  <Point X="115.0" Y="167.0" />
  <Point X="114.0" Y="167.0" />
  <Point X="113.0" Y="167.0" />
  <Point X="112.0" Y="167.0" />
  <Point X="111.0" Y="167.0" />
  <Point X="110.41159504952935" Y="167.58840495047065" />
  <Point X="110.0" Y="168.0" />
  <Point X="109.0" Y="168.0" />
  <Point X="108.0" Y="168.0" />
  <Point X="107.0" Y="168.0" />
  <Point X="106.0" Y="168.0" />
  <Point X="105.0" Y="168.0" />
  <Point X="104.58254619329709" Y="168.0" />
  <Point X="104.0" Y="168.0" />
  <Point X="103.0" Y="168.0" />
  <Point X="102.0" Y="168.0" />
  <Point X="101.0" Y="168.0" />
  <Point X="100.0" Y="169.0" />
  <Point X="98.99722264771724" Y="169.0" />
  <Point X="98.0" Y="169.0" />
  <Point X="97.0" Y="169.0" />
  <Point X="96.0" Y="169.0" />
  <Point X="95.0" Y="169.0" />
  <Point X="94.0" Y="169.0" />
  <Point X="93.0" Y="169.0" />
  <Point X="92.99768553976429" Y="169.0" />
  <Point X="91.0" Y="169.0" />
  <Point X="90.0" Y="169.0" />
  <Point X="89.0" Y="169.0" />
  <Point X="88.0" Y="169.0" />
  <Point X="87.0" Y="169.0" />
  <Point X="86.99814843181134" Y="169.0" />
  <Point X="86.0" Y="169.0" />
  <Point X="85.0" Y="169.0" />
  <Point X="84.0" Y="169.0" />
  <Point X="83.0" Y="169.0" />
  <Point X="82.0" Y="169.0" />
  <Point X="81.0" Y="169.0" />
  <Point X="80.9986113238584" Y="169.0" />
  <Point X="80.0" Y="169.0" />
  <Point X="79.0" Y="169.0" />
  <Point X="78.0" Y="169.0" />
  <Point X="77.0" Y="169.0" />
  <Point X="76.0" Y="169.0" />
  <Point X="75.0" Y="169.0" />
  <Point X="74.99907421590545" Y="169.0" />
  <Point X="74.0" Y="169.0" />
  <Point X="73.0" Y="169.0" />
  <Point X="72.0" Y="169.0" />
  <Point X="71.0" Y="169.0" />
  <Point X="70.0" Y="169.0" />
  <Point X="70.0" Y="168.0" />
  <Point X="70.0" Y="167.9995371079525" />
  <Point X="70.0" Y="167.0" />
  <Point X="71.0" Y="167.0" />
  <Point X="71.0" Y="166.0" />
  <Point X="72.0" Y="166.0" />
  <Point X="72.0" Y="165.0" />
  <Point X="73.0" Y="165.0" />
</Project_1_Part_4>
