<?xml version="1.0" encoding="utf-8" standalone="yes"?>
<Gesture Name="right_curly_brace9" Subject="1" Number="1" NumPts="362">
  <Point X="130.0" Y="88.0" />
  <Point X="130.0" Y="89.0" />
  <Point X="131.0" Y="89.0" />
  <Point X="132.0" Y="89.0" />
  <Point X="133.0" Y="89.0" />
  <Point X="133.0" Y="90.0" />
  <Point X="133.10292586133048" Y="90.0" />
  <Point X="134.0" Y="90.0" />
  <Point X="135.0" Y="90.0" />
  <Point X="136.0" Y="90.0" />
  <Point X="137.0" Y="90.0" />
  <Point X="137.0" Y="91.0" />
  <Point X="137.20585172266095" Y="91.0" />
  <Point X="138.0" Y="91.0" />
  <Point X="139.0" Y="91.0" />
  <Point X="140.0" Y="91.0" />
  <Point X="141.0" Y="91.0" />
  <Point X="142.0" Y="91.0" />
  <Point X="142.30877758399143" Y="91.0" />
  <Point X="143.0" Y="91.0" />
  <Point X="144.0" Y="91.0" />
  <Point X="144.0" Y="92.0" />
  <Point X="145.0" Y="92.0" />
  <Point X="146.0" Y="92.0" />
  <Point X="146.4117034453219" Y="92.0" />
  <Point X="147.0" Y="92.0" />
  <Point X="148.0" Y="92.0" />
  <Point X="149.0" Y="92.0" />
  <Point X="150.0" Y="92.0" />
  <Point X="151.0" Y="92.0" />
  <Point X="151.51462930665238" Y="92.0" />
  <Point X="152.0" Y="92.0" />
  <Point X="153.0" Y="92.0" />
  <Point X="153.0" Y="93.0" />
  <Point X="154.0" Y="93.0" />
  <Point X="155.0" Y="93.0" />
  <Point X="155.61755516798286" Y="93.0" />
  <Point X="156.0" Y="93.0" />
  <Point X="157.0" Y="93.0" />
  <Point X="158.0" Y="93.0" />
  <Point X="159.0" Y="94.0" />
  <Point X="160.0" Y="94.0" />
  <Point X="160.30626746694023" Y="94.0" />
  <Point X="161.0" Y="94.0" />
  <Point X="162.0" Y="94.0" />
  <Point X="163.0" Y="94.0" />
  <Point X="164.0" Y="94.0" />
  <Point X="165.0" Y="94.0" />
  <Point X="165.4091933282707" Y="94.0" />
  <Point X="166.0" Y="94.0" />
  <Point X="167.0" Y="94.0" />
  <Point X="168.0" Y="94.0" />
  <Point X="168.0" Y="95.0" />
  <Point X="169.0" Y="95.0" />
  <Point X="169.51211918960118" Y="95.0" />
  <Point X="170.0" Y="95.0" />
  <Point X="171.0" Y="95.0" />
  <Point X="172.0" Y="95.0" />
  <Point X="173.0" Y="95.0" />
  <Point X="174.0" Y="95.0" />
  <Point X="174.0" Y="95.61504505093166" />
  <Point X="174.0" Y="96.0" />
  <Point X="175.0" Y="96.0" />
  <Point X="176.0" Y="96.0" />
  <Point X="177.0" Y="96.0" />
  <Point X="178.0" Y="96.0" />
  <Point X="178.71797091226213" Y="96.0" />
  <Point X="179.0" Y="96.0" />
  <Point X="180.0" Y="96.0" />
  <Point X="181.0" Y="96.0" />
  <Point X="181.0" Y="97.0" />
  <Point X="181.0" Y="98.0" />
  <Point X="181.0" Y="98.82089677359261" />
  <Point X="181.0" Y="99.0" />
  <Point X="181.0" Y="100.0" />
  <Point X="180.0" Y="100.0" />
  <Point X="179.0" Y="100.0" />
  <Point X="179.0" Y="101.0" />
  <Point X="178.07617736507692" Y="101.0" />
  <Point X="178.0" Y="101.0" />
  <Point X="178.0" Y="102.0" />
  <Point X="177.0" Y="102.0" />
  <Point X="177.0" Y="103.0" />
  <Point X="176.0" Y="103.0" />
  <Point X="175.0" Y="103.0" />
  <Point X="175.0" Y="103.02674849625356" />
  <Point X="175.0" Y="104.0" />
  <Point X="174.0" Y="104.0" />
  <Point X="174.0" Y="105.0" />
  <Point X="173.0" Y="105.0" />
  <Point X="171.9895885376015" Y="105.50520573119925" />
  <Point X="171.0" Y="106.0" />
  <Point X="171.0" Y="107.0" />
  <Point X="170.0" Y="107.0" />
  <Point X="169.0" Y="107.0" />
  <Point X="169.0" Y="107.9965322414147" />
  <Point X="169.0" Y="108.0" />
  <Point X="168.0" Y="108.0" />
  <Point X="167.0" Y="108.0" />
  <Point X="167.0" Y="109.0" />
  <Point X="166.0" Y="109.0" />
  <Point X="165.0" Y="109.0" />
  <Point X="165.0" Y="109.09945810274516" />
  <Point X="165.0" Y="110.0" />
  <Point X="164.0" Y="111.0" />
  <Point X="162.0" Y="111.0" />
  <Point X="161.44267936422563" Y="111.55732063577439" />
  <Point X="161.0" Y="112.0" />
  <Point X="161.0" Y="113.0" />
  <Point X="160.0" Y="113.0" />
  <Point X="159.0" Y="113.0" />
  <Point X="158.0" Y="114.0" />
  <Point X="158.0" Y="114.06266913828681" />
  <Point X="158.0" Y="115.0" />
  <Point X="157.0" Y="115.0" />
  <Point X="156.0" Y="115.0" />
  <Point X="155.0" Y="115.0" />
  <Point X="155.0" Y="116.0" />
  <Point X="154.83440500038273" Y="116.0" />
  <Point X="154.0" Y="116.0" />
  <Point X="154.0" Y="117.0" />
  <Point X="153.0" Y="117.0" />
  <Point X="152.0" Y="117.0" />
  <Point X="151.10302029714725" Y="117.89697970285275" />
  <Point X="151.0" Y="118.0" />
  <Point X="150.0" Y="119.0" />
  <Point X="149.0" Y="119.0" />
  <Point X="148.0" Y="119.0" />
  <Point X="147.0" Y="120.0" />
  <Point X="147.0" Y="120.12880603515893" />
  <Point X="147.0" Y="121.0" />
  <Point X="146.0" Y="121.0" />
  <Point X="145.0" Y="121.0" />
  <Point X="145.0" Y="122.0" />
  <Point X="144.0" Y="122.0" />
  <Point X="144.0" Y="122.2317318964894" />
  <Point X="144.0" Y="123.0" />
  <Point X="143.0" Y="123.0" />
  <Point X="142.0" Y="123.0" />
  <Point X="142.0" Y="124.0" />
  <Point X="141.0" Y="124.0" />
  <Point X="141.33465775781988" Y="124.0" />
  <Point X="142.0" Y="124.0" />
  <Point X="143.0" Y="124.0" />
  <Point X="144.0" Y="124.0" />
  <Point X="145.0" Y="124.0" />
  <Point X="146.0" Y="124.0" />
  <Point X="146.43758361915036" Y="124.0" />
  <Point X="147.0" Y="124.0" />
  <Point X="149.0" Y="124.0" />
  <Point X="150.0" Y="124.0" />
  <Point X="151.0" Y="124.0" />
  <Point X="151.54050948048084" Y="124.0" />
  <Point X="152.0" Y="124.0" />
  <Point X="153.0" Y="124.0" />
  <Point X="154.0" Y="124.0" />
  <Point X="155.0" Y="124.0" />
  <Point X="156.0" Y="124.0" />
  <Point X="156.6434353418113" Y="124.0" />
  <Point X="157.0" Y="124.0" />
  <Point X="158.0" Y="124.0" />
  <Point X="159.0" Y="124.0" />
  <Point X="160.0" Y="124.0" />
  <Point X="161.0" Y="124.0" />
  <Point X="161.7463612031418" Y="124.0" />
  <Point X="162.0" Y="124.0" />
  <Point X="163.0" Y="124.0" />
  <Point X="164.0" Y="124.0" />
  <Point X="165.0" Y="124.0" />
  <Point X="166.0" Y="124.0" />
  <Point X="166.84928706447226" Y="124.0" />
  <Point X="167.0" Y="124.0" />
  <Point X="168.0" Y="124.0" />
  <Point X="169.0" Y="124.0" />
  <Point X="170.0" Y="124.0" />
  <Point X="171.0" Y="124.0" />
  <Point X="171.95221292580274" Y="124.0" />
  <Point X="172.0" Y="124.0" />
  <Point X="173.0" Y="124.0" />
  <Point X="174.0" Y="124.0" />
  <Point X="175.0" Y="124.0" />
  <Point X="176.0" Y="124.0" />
  <Point X="177.0" Y="124.0" />
  <Point X="177.05513878713322" Y="124.0" />
  <Point X="178.0" Y="124.0" />
  <Point X="179.0" Y="124.0" />
  <Point X="179.0" Y="125.0" />
  <Point X="179.0" Y="126.0" />
  <Point X="179.0" Y="127.0" />
  <Point X="179.0" Y="127.1580646484637" />
  <Point X="179.0" Y="128.0" />
  <Point X="179.0" Y="129.0" />
  <Point X="178.0" Y="129.0" />
  <Point X="178.0" Y="130.0" />
  <Point X="177.0" Y="130.0" />
  <Point X="177.0" Y="130.26099050979417" />
  <Point X="177.0" Y="131.0" />
  <Point X="176.0" Y="131.0" />
  <Point X="176.0" Y="132.0" />
  <Point X="175.0" Y="133.0" />
  <Point X="174.05029719124846" Y="133.0" />
  <Point X="174.0" Y="133.0" />
  <Point X="173.0" Y="134.0" />
  <Point X="172.0" Y="135.0" />
  <Point X="171.0" Y="135.0" />
  <Point X="170.0" Y="135.0" />
  <Point X="170.0" Y="135.22420154533583" />
  <Point X="170.0" Y="136.0" />
  <Point X="169.0" Y="137.0" />
  <Point X="167.0" Y="137.0" />
  <Point X="167.0" Y="137.9129138442932" />
  <Point X="167.0" Y="138.0" />
  <Point X="166.0" Y="138.0" />
  <Point X="166.0" Y="139.0" />
  <Point X="165.0" Y="139.0" />
  <Point X="164.0" Y="140.0" />
  <Point X="163.39837385674943" Y="140.0" />
  <Point X="163.0" Y="140.0" />
  <Point X="162.0" Y="141.0" />
  <Point X="161.0" Y="141.0" />
  <Point X="160.0" Y="142.0" />
  <Point X="159.38048615630254" Y="142.61951384369746" />
  <Point X="159.0" Y="143.0" />
  <Point X="158.0" Y="143.0" />
  <Point X="157.0" Y="143.0" />
  <Point X="156.0" Y="144.0" />
  <Point X="155.0" Y="144.0" />
  <Point X="154.8934930194232" Y="144.1065069805768" />
  <Point X="154.0" Y="145.0" />
  <Point X="152.0" Y="146.0" />
  <Point X="151.0" Y="146.0" />
  <Point X="150.3967320621233" Y="146.0" />
  <Point X="150.0" Y="146.0" />
  <Point X="149.0" Y="147.0" />
  <Point X="148.0" Y="148.0" />
  <Point X="147.0" Y="149.0" />
  <Point X="146.53644688791212" Y="149.0" />
  <Point X="146.0" Y="149.0" />
  <Point X="144.0" Y="149.0" />
  <Point X="143.0" Y="150.0" />
  <Point X="142.1852253141232" Y="150.8147746858768" />
  <Point X="142.0" Y="151.0" />
  <Point X="141.0" Y="151.0" />
  <Point X="140.0" Y="151.0" />
  <Point X="139.0" Y="151.0" />
  <Point X="139.0" Y="152.0" />
  <Point X="138.15902228999735" Y="152.0" />
  <Point X="137.0" Y="152.0" />
  <Point X="137.0" Y="153.0" />
  <Point X="136.0" Y="153.0" />
  <Point X="135.0" Y="153.0" />
  <Point X="134.33255938392415" Y="153.66744061607585" />
  <Point X="134.0" Y="154.0" />
  <Point X="133.0" Y="154.0" />
  <Point X="132.0" Y="155.0" />
  <Point X="131.0" Y="155.0" />
  <Point X="129.78159769208258" Y="155.0" />
  <Point X="129.0" Y="155.0" />
  <Point X="129.0" Y="156.0" />
  <Point X="128.0" Y="157.0" />
  <Point X="127.0" Y="157.0" />
  <Point X="126.09288539312521" Y="157.0" />
  <Point X="126.0" Y="157.0" />
  <Point X="126.0" Y="158.0" />
  <Point X="125.0" Y="158.0" />
  <Point X="124.0" Y="158.0" />
  <Point X="124.0" Y="159.0" />
  <Point X="123.0" Y="159.0" />
  <Point X="122.98995953179474" Y="159.0" />
  <Point X="122.0" Y="159.0" />
  <Point X="122.0" Y="160.0" />
  <Point X="121.0" Y="160.0" />
  <Point X="120.0" Y="161.0" />
  <Point X="119.30124723283737" Y="161.0" />
  <Point X="119.0" Y="161.0" />
  <Point X="119.0" Y="162.0" />
  <Point X="120.0" Y="162.0" />
  <Point X="121.0" Y="162.0" />
  <Point X="122.0" Y="162.0" />
  <Point X="122.80167862849311" Y="162.0" />
  <Point X="123.0" Y="162.0" />
  <Point X="124.0" Y="162.0" />
  <Point X="125.0" Y="162.0" />
  <Point X="126.0" Y="162.0" />
  <Point X="127.0" Y="162.0" />
  <Point X="127.90460448982358" Y="162.0" />
  <Point X="128.0" Y="162.0" />
  <Point X="129.0" Y="162.0" />
  <Point X="130.0" Y="162.0" />
  <Point X="131.0" Y="162.0" />
  <Point X="132.0" Y="162.0" />
  <Point X="133.0" Y="162.0" />
  <Point X="133.00753035115406" Y="162.0" />
  <Point X="134.0" Y="162.0" />
  <Point X="135.0" Y="162.0" />
  <Point X="136.0" Y="162.0" />
  <Point X="137.0" Y="162.0" />
  <Point X="138.0" Y="162.0" />
  <Point X="138.11045621248454" Y="162.0" />
  <Point X="139.0" Y="162.0" />
  <Point X="140.0" Y="162.0" />
  <Point X="141.0" Y="162.0" />
  <Point X="142.0" Y="162.0" />
  <Point X="143.213382073815" Y="162.0" />
  <Point X="144.0" Y="162.0" />
  <Point X="145.0" Y="162.0" />
  <Point X="146.0" Y="162.0" />
  <Point X="147.0" Y="162.0" />
  <Point X="148.0" Y="162.0" />
  <Point X="148.3163079351455" Y="162.0" />
  <Point X="149.0" Y="162.0" />
  <Point X="151.0" Y="162.0" />
  <Point X="152.0" Y="162.0" />
  <Point X="153.0" Y="162.0" />
  <Point X="153.41923379647596" Y="162.0" />
  <Point X="154.0" Y="162.0" />
  <Point X="155.0" Y="162.0" />
  <Point X="156.0" Y="162.0" />
  <Point X="157.0" Y="162.0" />
  <Point X="158.0" Y="162.0" />
  <Point X="158.52215965780644" Y="162.0" />
  <Point X="159.0" Y="162.0" />
  <Point X="160.0" Y="162.0" />
  <Point X="161.0" Y="162.0" />
  <Point X="161.0" Y="163.0" />
  <Point X="160.0" Y="163.0" />
  <Point X="159.37491448086308" Y="163.0" />
  <Point X="159.0" Y="163.0" />
  <Point X="158.0" Y="163.0" />
  <Point X="157.0" Y="164.0" />
  <Point X="156.0" Y="165.0" />
  <Point X="155.1004157442788" Y="165.0" />
  <Point X="155.0" Y="165.0" />
  <Point X="154.0" Y="165.0" />
  <Point X="153.0" Y="165.0" />
  <Point X="152.0" Y="166.0" />
  <Point X="151.0" Y="166.0" />
  <Point X="150.41170344532142" Y="166.0" />
  <Point X="150.0" Y="166.0" />
  <Point X="149.0" Y="166.0" />
  <Point X="149.0" Y="167.0" />
  <Point X="148.0" Y="167.0" />
  <Point X="147.0" Y="167.0" />
  <Point X="146.30877758399095" Y="167.0" />
  <Point X="146.0" Y="167.0" />
  <Point X="145.0" Y="167.0" />
  <Point X="144.0" Y="167.0" />
  <Point X="143.0" Y="167.0" />
  <Point X="143.0" Y="168.0" />
  <Point X="142.20585172266047" Y="168.0" />
  <Point X="142.0" Y="168.0" />
  <Point X="142.0" Y="169.0" />
  <Point X="141.0" Y="169.0" />
  <Point X="140.0" Y="169.0" />
  <Point X="139.0" Y="169.0" />
  <Point X="138.10292586133" Y="169.0" />
  <Point X="138.0" Y="169.0" />
  <Point X="137.0" Y="169.0" />
  <Point X="136.0" Y="169.0" />
  <Point X="136.0" Y="170.0" />
  <Point X="135.0" Y="170.0" />
  <Point X="134.0" Y="170.0" />
</Project_1_Part_4>
