<?xml version="1.0" encoding="utf-8" standalone="yes"?>
<Gesture Name="right_curly_brace7" Subject="1" Number="1" NumPts="414">
  <Point X="100.0" Y="86.0" />
  <Point X="101.0" Y="86.0" />
  <Point X="102.0" Y="85.0" />
  <Point X="103.0" Y="85.0" />
  <Point X="104.0" Y="85.0" />
  <Point X="105.0" Y="85.0" />
  <Point X="106.0" Y="85.0" />
  <Point X="106.03193513373476" Y="85.0" />
  <Point X="107.0" Y="85.0" />
  <Point X="108.0" Y="85.0" />
  <Point X="109.0" Y="85.0" />
  <Point X="110.0" Y="85.0" />
  <Point X="111.0" Y="85.0" />
  <Point X="112.0" Y="85.0" />
  <Point X="112.47808382984262" Y="85.0" />
  <Point X="113.0" Y="85.0" />
  <Point X="114.0" Y="85.0" />
  <Point X="115.0" Y="85.0" />
  <Point X="116.0" Y="85.0" />
  <Point X="117.0" Y="85.0" />
  <Point X="118.0" Y="85.0" />
  <Point X="118.92423252595047" Y="85.0" />
  <Point X="119.0" Y="85.0" />
  <Point X="120.0" Y="85.0" />
  <Point X="121.0" Y="85.0" />
  <Point X="123.0" Y="85.0" />
  <Point X="125.0" Y="85.0" />
  <Point X="125.37038122205833" Y="85.0" />
  <Point X="127.0" Y="85.0" />
  <Point X="129.0" Y="85.0" />
  <Point X="131.0" Y="85.0" />
  <Point X="131.8165299181662" Y="85.0" />
  <Point X="133.0" Y="85.0" />
  <Point X="135.0" Y="86.0" />
  <Point X="136.0" Y="86.0" />
  <Point X="137.0" Y="87.0" />
  <Point X="137.61239707440117" Y="87.0" />
  <Point X="138.0" Y="87.0" />
  <Point X="140.0" Y="87.0" />
  <Point X="141.0" Y="87.0" />
  <Point X="142.0" Y="87.0" />
  <Point X="143.0" Y="87.0" />
  <Point X="144.0" Y="87.0" />
  <Point X="144.05854577050903" Y="87.0" />
  <Point X="146.0" Y="87.0" />
  <Point X="148.0" Y="87.0" />
  <Point X="149.0" Y="87.0" />
  <Point X="150.0" Y="88.0" />
  <Point X="150.0904809042438" Y="88.0" />
  <Point X="151.0" Y="88.0" />
  <Point X="154.0" Y="88.0" />
  <Point X="155.0" Y="89.0" />
  <Point X="156.0" Y="89.0" />
  <Point X="156.12241603797858" Y="89.0" />
  <Point X="158.0" Y="89.0" />
  <Point X="160.0" Y="89.0" />
  <Point X="161.0" Y="89.0" />
  <Point X="162.56856473408644" Y="89.0" />
  <Point X="163.0" Y="89.0" />
  <Point X="164.0" Y="89.0" />
  <Point X="165.0" Y="89.0" />
  <Point X="166.0" Y="89.0" />
  <Point X="167.0" Y="90.0" />
  <Point X="168.0" Y="90.0" />
  <Point X="168.424617528638" Y="90.424617528638" />
  <Point X="169.0" Y="91.0" />
  <Point X="170.0" Y="91.0" />
  <Point X="171.0" Y="91.0" />
  <Point X="172.0" Y="91.0" />
  <Point X="173.0" Y="91.0" />
  <Point X="174.0" Y="91.0" />
  <Point X="174.44719907825996" Y="91.44719907825996" />
  <Point X="175.0" Y="92.0" />
  <Point X="176.0" Y="92.0" />
  <Point X="176.0" Y="93.0" />
  <Point X="176.0" Y="94.0" />
  <Point X="175.0" Y="94.0" />
  <Point X="174.0" Y="95.0" />
  <Point X="173.74984342708234" Y="95.0" />
  <Point X="173.0" Y="95.0" />
  <Point X="173.0" Y="96.0" />
  <Point X="172.0" Y="96.0" />
  <Point X="171.0" Y="97.0" />
  <Point X="170.0" Y="98.0" />
  <Point X="169.13212185572067" Y="98.0" />
  <Point X="169.0" Y="98.0" />
  <Point X="168.0" Y="98.0" />
  <Point X="167.0" Y="99.0" />
  <Point X="165.0" Y="99.0" />
  <Point X="165.0" Y="100.0" />
  <Point X="164.1001867219859" Y="100.0" />
  <Point X="164.0" Y="100.0" />
  <Point X="163.0" Y="101.0" />
  <Point X="162.0" Y="101.0" />
  <Point X="161.0" Y="102.0" />
  <Point X="160.0" Y="102.0" />
  <Point X="158.64267556742834" Y="102.67866221628583" />
  <Point X="158.0" Y="103.0" />
  <Point X="158.0" Y="104.0" />
  <Point X="157.0" Y="104.0" />
  <Point X="156.0" Y="104.0" />
  <Point X="155.0" Y="104.0" />
  <Point X="155.0" Y="105.0" />
  <Point X="154.27238443201614" Y="105.0" />
  <Point X="154.0" Y="105.0" />
  <Point X="153.0" Y="106.0" />
  <Point X="151.0" Y="106.0" />
  <Point X="151.0" Y="107.0" />
  <Point X="149.42621000843988" Y="107.78689499578006" />
  <Point X="149.0" Y="108.0" />
  <Point X="148.0" Y="108.0" />
  <Point X="147.0" Y="110.0" />
  <Point X="146.0" Y="110.0" />
  <Point X="144.2664365571731" Y="110.0" />
  <Point X="144.0" Y="110.0" />
  <Point X="144.0" Y="111.0" />
  <Point X="143.0" Y="111.0" />
  <Point X="142.0" Y="111.0" />
  <Point X="141.0" Y="111.0" />
  <Point X="141.0" Y="112.0" />
  <Point X="140.16581754671114" Y="112.83418245328885" />
  <Point X="140.0" Y="113.0" />
  <Point X="138.0" Y="113.0" />
  <Point X="138.0" Y="114.0" />
  <Point X="137.0" Y="114.0" />
  <Point X="137.0" Y="115.0" />
  <Point X="135.78835272733048" Y="115.0" />
  <Point X="135.0" Y="115.0" />
  <Point X="134.0" Y="116.0" />
  <Point X="134.0" Y="117.0" />
  <Point X="133.0" Y="117.0" />
  <Point X="132.0" Y="117.0" />
  <Point X="132.0" Y="118.0" />
  <Point X="131.7564175935957" Y="118.0" />
  <Point X="131.0" Y="118.0" />
  <Point X="130.0" Y="119.0" />
  <Point X="130.0" Y="120.0" />
  <Point X="129.0" Y="120.0" />
  <Point X="129.0" Y="121.0" />
  <Point X="129.0" Y="122.0" />
  <Point X="128.72448245986092" Y="122.0" />
  <Point X="128.0" Y="122.0" />
  <Point X="128.0" Y="123.0" />
  <Point X="128.0" Y="124.0" />
  <Point X="128.0" Y="125.0" />
  <Point X="129.0" Y="125.0" />
  <Point X="130.0" Y="125.0" />
  <Point X="130.51029508940357" Y="125.51029508940358" />
  <Point X="131.0" Y="126.0" />
  <Point X="132.0" Y="126.0" />
  <Point X="133.0" Y="126.0" />
  <Point X="134.0" Y="126.0" />
  <Point X="135.0" Y="126.0" />
  <Point X="136.0" Y="126.0" />
  <Point X="136.0" Y="126.7536013699817" />
  <Point X="136.0" Y="127.0" />
  <Point X="137.0" Y="127.0" />
  <Point X="138.0" Y="127.0" />
  <Point X="139.0" Y="127.0" />
  <Point X="139.0" Y="128.0" />
  <Point X="140.0" Y="128.0" />
  <Point X="141.0" Y="128.0" />
  <Point X="141.19975006608956" Y="128.0" />
  <Point X="142.0" Y="128.0" />
  <Point X="143.0" Y="129.0" />
  <Point X="144.0" Y="129.0" />
  <Point X="145.0" Y="129.0" />
  <Point X="146.0" Y="129.0" />
  <Point X="147.0" Y="129.0" />
  <Point X="147.0" Y="129.23168519982434" />
  <Point X="147.0" Y="130.0" />
  <Point X="148.0" Y="130.0" />
  <Point X="149.0" Y="130.0" />
  <Point X="150.0" Y="130.0" />
  <Point X="151.0" Y="130.0" />
  <Point X="152.0" Y="130.0" />
  <Point X="152.6778338959322" Y="130.0" />
  <Point X="153.0" Y="130.0" />
  <Point X="153.0" Y="131.0" />
  <Point X="154.0" Y="131.0" />
  <Point X="155.0" Y="131.0" />
  <Point X="155.0" Y="132.0" />
  <Point X="154.0" Y="132.0" />
  <Point X="154.0" Y="133.0" />
  <Point X="153.9123310684194" Y="133.0876689315806" />
  <Point X="153.0" Y="134.0" />
  <Point X="152.0" Y="134.0" />
  <Point X="151.0" Y="134.0" />
  <Point X="150.0" Y="135.0" />
  <Point X="149.0" Y="135.0" />
  <Point X="148.2582958365983" Y="135.0" />
  <Point X="148.0" Y="135.0" />
  <Point X="148.0" Y="136.0" />
  <Point X="147.0" Y="136.0" />
  <Point X="147.0" Y="137.0" />
  <Point X="146.0" Y="137.0" />
  <Point X="145.0" Y="137.0" />
  <Point X="144.16006118798896" Y="137.83993881201104" />
  <Point X="144.0" Y="138.0" />
  <Point X="143.0" Y="138.0" />
  <Point X="142.0" Y="138.0" />
  <Point X="141.0" Y="139.0" />
  <Point X="140.0" Y="139.0" />
  <Point X="139.0" Y="139.0" />
  <Point X="138.19442556912878" Y="139.0" />
  <Point X="138.0" Y="139.0" />
  <Point X="138.0" Y="141.0" />
  <Point X="137.0" Y="141.0" />
  <Point X="136.0" Y="141.0" />
  <Point X="135.0" Y="141.0" />
  <Point X="135.0" Y="142.0" />
  <Point X="134.82200486993162" Y="142.17799513006838" />
  <Point X="134.0" Y="143.0" />
  <Point X="133.0" Y="143.0" />
  <Point X="132.0" Y="143.0" />
  <Point X="131.0" Y="144.0" />
  <Point X="130.0" Y="144.0" />
  <Point X="129.13055530165926" Y="144.0" />
  <Point X="129.0" Y="144.0" />
  <Point X="129.0" Y="145.0" />
  <Point X="128.0" Y="145.0" />
  <Point X="127.0" Y="145.0" />
  <Point X="126.0" Y="146.0" />
  <Point X="125.0" Y="147.0" />
  <Point X="124.51283373029759" Y="147.0" />
  <Point X="124.0" Y="147.0" />
  <Point X="123.0" Y="148.0" />
  <Point X="122.0" Y="148.0" />
  <Point X="122.0" Y="149.0" />
  <Point X="121.0" Y="149.0" />
  <Point X="120.0" Y="150.0" />
  <Point X="120.0" Y="150.10488784106408" />
  <Point X="120.0" Y="151.0" />
  <Point X="120.0" Y="152.0" />
  <Point X="120.0" Y="153.0" />
  <Point X="120.0" Y="154.0" />
  <Point X="121.0" Y="154.0" />
  <Point X="122.0" Y="154.0" />
  <Point X="122.0" Y="154.55103653717194" />
  <Point X="122.0" Y="155.0" />
  <Point X="123.0" Y="155.0" />
  <Point X="124.0" Y="155.0" />
  <Point X="125.0" Y="155.0" />
  <Point X="126.0" Y="155.0" />
  <Point X="127.0" Y="155.0" />
  <Point X="127.9971852332798" Y="155.0" />
  <Point X="128.0" Y="155.0" />
  <Point X="128.0" Y="156.0" />
  <Point X="129.0" Y="156.0" />
  <Point X="130.0" Y="156.0" />
  <Point X="131.0" Y="156.0" />
  <Point X="131.0" Y="157.0" />
  <Point X="130.0" Y="157.0" />
  <Point X="130.0" Y="157.44333392938765" />
  <Point X="130.0" Y="158.0" />
  <Point X="129.0" Y="158.0" />
  <Point X="129.0" Y="159.0" />
  <Point X="128.0" Y="159.0" />
  <Point X="128.0" Y="160.0" />
  <Point X="127.0" Y="161.0" />
  <Point X="127.0" Y="161.47526906312243" />
  <Point X="127.0" Y="162.0" />
  <Point X="127.0" Y="163.0" />
  <Point X="127.0" Y="164.0" />
  <Point X="128.0" Y="164.0" />
  <Point X="128.0" Y="165.0" />
  <Point X="129.0" Y="165.0" />
  <Point X="129.92141775923028" Y="165.0" />
  <Point X="130.0" Y="165.0" />
  <Point X="131.0" Y="165.0" />
  <Point X="132.0" Y="165.0" />
  <Point X="133.0" Y="165.0" />
  <Point X="133.0" Y="166.0" />
  <Point X="134.0" Y="166.0" />
  <Point X="135.0" Y="166.0" />
  <Point X="135.36756645533814" Y="166.0" />
  <Point X="136.0" Y="166.0" />
  <Point X="138.0" Y="166.0" />
  <Point X="138.0" Y="167.0" />
  <Point X="139.0" Y="167.0" />
  <Point X="140.0" Y="167.0" />
  <Point X="140.813715151446" Y="167.0" />
  <Point X="141.0" Y="167.0" />
  <Point X="142.0" Y="167.0" />
  <Point X="143.0" Y="167.0" />
  <Point X="145.0" Y="167.0" />
  <Point X="146.0" Y="167.0" />
  <Point X="147.0" Y="167.0" />
  <Point X="147.25986384755385" Y="167.0" />
  <Point X="148.0" Y="167.0" />
  <Point X="149.0" Y="167.0" />
  <Point X="150.0" Y="167.0" />
  <Point X="151.0" Y="167.0" />
  <Point X="152.0" Y="168.0" />
  <Point X="153.0" Y="168.0" />
  <Point X="153.29179898128862" Y="168.0" />
  <Point X="154.0" Y="168.0" />
  <Point X="155.0" Y="168.0" />
  <Point X="156.0" Y="168.0" />
  <Point X="157.0" Y="168.0" />
  <Point X="158.0" Y="168.0" />
  <Point X="159.0" Y="168.0" />
  <Point X="159.0" Y="168.73794767739648" />
  <Point X="159.0" Y="169.0" />
  <Point X="158.0" Y="169.0" />
  <Point X="157.0" Y="169.0" />
  <Point X="156.0" Y="169.0" />
  <Point X="155.0" Y="170.0" />
  <Point X="154.0" Y="170.0" />
  <Point X="153.23011718886875" Y="170.0" />
  <Point X="153.0" Y="170.0" />
  <Point X="152.0" Y="171.0" />
  <Point X="151.0" Y="171.0" />
  <Point X="150.0" Y="171.0" />
  <Point X="150.0" Y="172.0" />
  <Point X="149.0" Y="172.0" />
  <Point X="148.19818205513397" Y="172.0" />
  <Point X="147.0" Y="172.0" />
  <Point X="145.0" Y="173.0" />
  <Point X="144.0" Y="173.0" />
  <Point X="143.0" Y="173.0" />
  <Point X="141.9881013365259" Y="173.0" />
  <Point X="141.0" Y="173.0" />
  <Point X="140.0" Y="173.0" />
  <Point X="139.0" Y="174.0" />
  <Point X="138.0" Y="175.0" />
  <Point X="136.37037976516422" Y="175.0" />
  <Point X="136.0" Y="175.0" />
  <Point X="136.0" Y="176.0" />
  <Point X="135.0" Y="176.0" />
  <Point X="134.0" Y="176.0" />
  <Point X="133.0" Y="176.0" />
  <Point X="132.0" Y="176.0" />
  <Point X="131.0" Y="176.0" />
  <Point X="130.9661151039655" Y="176.067769792069" />
  <Point X="130.0" Y="178.0" />
  <Point X="129.0" Y="178.0" />
  <Point X="128.0" Y="178.0" />
  <Point X="127.0" Y="178.0" />
  <Point X="126.0" Y="178.0" />
  <Point X="126.0" Y="178.28584964955172" />
  <Point X="126.0" Y="179.0" />
  <Point X="125.0" Y="179.0" />
  <Point X="124.0" Y="179.0" />
  <Point X="123.0" Y="181.0" />
  <Point X="122.0" Y="181.0" />
  <Point X="121.50406963184021" Y="181.0" />
  <Point X="121.0" Y="181.0" />
  <Point X="119.0" Y="182.0" />
  <Point X="118.0" Y="182.0" />
  <Point X="117.0" Y="182.0" />
  <Point X="117.0" Y="183.0" />
  <Point X="116.29398891323214" Y="183.0" />
  <Point X="116.0" Y="183.0" />
  <Point X="114.0" Y="184.0" />
  <Point X="113.0" Y="185.0" />
  <Point X="112.0" Y="185.0" />
  <Point X="111.0" Y="186.0" />
  <Point X="110.91233531937026" Y="186.0" />
  <Point X="110.0" Y="186.0" />
  <Point X="109.0" Y="187.0" />
  <Point X="108.0" Y="187.0" />
  <Point X="107.0" Y="188.0" />
  <Point X="108.0" Y="188.0" />
  <Point X="108.70538625199141" Y="188.0" />
  <Point X="109.0" Y="188.0" />
  <Point X="109.0" Y="189.0" />
  <Point X="110.0" Y="189.0" />
  <Point X="111.0" Y="189.0" />
  <Point X="112.0" Y="189.0" />
  <Point X="113.0" Y="189.0" />
  <Point X="114.0" Y="189.0" />
  <Point X="114.15153494809927" Y="189.0" />
  <Point X="115.0" Y="189.0" />
  <Point X="116.0" Y="189.0" />
  <Point X="117.0" Y="189.0" />
  <Point X="118.0" Y="189.0" />
  <Point X="119.0" Y="189.0" />
  <Point X="120.0" Y="189.0" />
  <Point X="120.59768364420712" Y="189.0" />
  <Point X="121.0" Y="189.0" />
  <Point X="123.0" Y="189.0" />
  <Point X="124.0" Y="189.0" />
  <Point X="124.0" Y="188.0" />
  <Point X="126.0" Y="188.0" />
  <Point X="126.04383234031498" Y="188.0" />
  <Point X="127.0" Y="188.0" />
  <Point X="128.0" Y="188.0" />
  <Point X="129.0" Y="188.0" />
  <Point X="130.0" Y="188.0" />
  <Point X="130.0" Y="187.0" />
  <Point X="131.0" Y="187.0" />
  <Point X="131.48998103642285" Y="187.0" />
  <Point X="132.0" Y="187.0" />
  <Point X="133.0" Y="187.0" />
  <Point X="134.0" Y="187.0" />
  <Point X="135.0" Y="187.0" />
  <Point X="136.0" Y="187.0" />
  <Point X="137.0" Y="187.0" />
  <Point X="137.9361297325307" Y="187.0" />
  <Point X="138.0" Y="187.0" />
  <Point X="138.0" Y="186.0" />
  <Point X="139.0" Y="185.0" />
  <Point X="140.0" Y="185.0" />
  <Point X="141.0" Y="185.0" />
  <Point X="141.0" Y="184.0" />
  <Point X="140.03193513373452" Y="184.0" />
  <Point X="140.0" Y="184.0" />
  <Point X="139.0" Y="184.0" />
  <Point X="138.0" Y="184.0" />
  <Point X="137.0" Y="184.0" />
  <Point X="136.0" Y="184.0" />
  <Point X="135.0" Y="183.0" />
  <Point X="134.0" Y="183.0" />
</Project_1_Part_4>
