<?xml version="1.0" encoding="utf-8" standalone="yes"?>
<Gesture Name="right_curly_brace1" Subject="1" Number="1" NumPts="394">
  <Point X="105.0" Y="61.0" />
  <Point X="106.0" Y="61.0" />
  <Point X="107.0" Y="61.0" />
  <Point X="108.0" Y="61.0" />
  <Point X="109.0" Y="61.0" />
  <Point X="110.0" Y="61.0" />
  <Point X="110.48408689973108" Y="61.0" />
  <Point X="111.0" Y="61.0" />
  <Point X="112.0" Y="61.0" />
  <Point X="113.0" Y="61.0" />
  <Point X="114.0" Y="61.0" />
  <Point X="115.0" Y="61.0" />
  <Point X="115.0" Y="61.96817379946217" />
  <Point X="115.0" Y="62.0" />
  <Point X="116.0" Y="62.0" />
  <Point X="117.0" Y="62.0" />
  <Point X="118.0" Y="62.0" />
  <Point X="119.0" Y="62.0" />
  <Point X="119.0" Y="63.0" />
  <Point X="119.45226069919326" Y="63.0" />
  <Point X="120.0" Y="63.0" />
  <Point X="121.0" Y="63.0" />
  <Point X="121.0" Y="64.0" />
  <Point X="122.0" Y="64.0" />
  <Point X="123.0" Y="64.0" />
  <Point X="123.93634759892434" Y="64.0" />
  <Point X="124.0" Y="64.0" />
  <Point X="125.0" Y="64.0" />
  <Point X="125.0" Y="65.0" />
  <Point X="126.0" Y="65.0" />
  <Point X="127.0" Y="65.0" />
  <Point X="128.0" Y="65.0" />
  <Point X="128.297292085044" Y="65.29729208504402" />
  <Point X="129.0" Y="66.0" />
  <Point X="130.0" Y="66.0" />
  <Point X="131.0" Y="66.0" />
  <Point X="132.0" Y="67.0" />
  <Point X="133.0" Y="67.0" />
  <Point X="133.0" Y="67.07609427364031" />
  <Point X="133.0" Y="68.0" />
  <Point X="134.0" Y="68.0" />
  <Point X="135.0" Y="68.0" />
  <Point X="136.0" Y="69.0" />
  <Point X="137.0" Y="69.0" />
  <Point X="137.1032146875705" Y="69.1032146875705" />
  <Point X="138.0" Y="70.0" />
  <Point X="139.0" Y="70.0" />
  <Point X="140.0" Y="70.0" />
  <Point X="140.0" Y="71.0" />
  <Point X="141.0" Y="71.0" />
  <Point X="141.0" Y="71.21584094835629" />
  <Point X="141.0" Y="72.0" />
  <Point X="142.0" Y="72.0" />
  <Point X="143.0" Y="72.0" />
  <Point X="144.0" Y="73.0" />
  <Point X="145.0" Y="73.0" />
  <Point X="145.0" Y="73.28571428571428" />
  <Point X="145.0" Y="74.0" />
  <Point X="146.0" Y="74.0" />
  <Point X="146.0" Y="75.0" />
  <Point X="147.0" Y="75.0" />
  <Point X="147.0" Y="76.0" />
  <Point X="147.76980118544537" Y="76.0" />
  <Point X="148.0" Y="76.0" />
  <Point X="149.0" Y="77.0" />
  <Point X="149.0" Y="78.0" />
  <Point X="150.0" Y="78.0" />
  <Point X="150.0" Y="79.0" />
  <Point X="150.0" Y="79.83967452280336" />
  <Point X="150.0" Y="80.0" />
  <Point X="151.0" Y="81.0" />
  <Point X="152.0" Y="82.0" />
  <Point X="152.0" Y="83.0" />
  <Point X="152.0" Y="84.0" />
  <Point X="152.0" Y="84.49533429778826" />
  <Point X="152.0" Y="85.0" />
  <Point X="152.0" Y="86.0" />
  <Point X="152.0" Y="87.0" />
  <Point X="152.0" Y="88.0" />
  <Point X="152.0" Y="89.0" />
  <Point X="152.0" Y="89.97942119751934" />
  <Point X="152.0" Y="90.0" />
  <Point X="151.0" Y="90.0" />
  <Point X="151.0" Y="91.0" />
  <Point X="150.0" Y="91.0" />
  <Point X="150.0" Y="92.0" />
  <Point X="150.0" Y="93.0" />
  <Point X="149.67225028129934" Y="93.32774971870066" />
  <Point X="149.0" Y="94.0" />
  <Point X="148.0" Y="95.0" />
  <Point X="147.0" Y="95.0" />
  <Point X="147.0" Y="96.0" />
  <Point X="146.20862880825626" Y="96.79137119174372" />
  <Point X="146.0" Y="97.0" />
  <Point X="145.0" Y="98.0" />
  <Point X="144.0" Y="99.0" />
  <Point X="143.0" Y="99.0" />
  <Point X="143.0" Y="100.0" />
  <Point X="142.74500733521322" Y="100.2549926647868" />
  <Point X="142.0" Y="101.0" />
  <Point X="141.0" Y="101.0" />
  <Point X="141.0" Y="102.0" />
  <Point X="140.0" Y="102.0" />
  <Point X="139.0" Y="102.0" />
  <Point X="139.0" Y="102.43048742220513" />
  <Point X="139.0" Y="103.0" />
  <Point X="138.0" Y="103.0" />
  <Point X="138.0" Y="104.0" />
  <Point X="137.0" Y="105.0" />
  <Point X="136.0" Y="105.0" />
  <Point X="135.49963924043686" Y="105.0" />
  <Point X="135.0" Y="105.0" />
  <Point X="135.0" Y="106.0" />
  <Point X="134.0" Y="106.0" />
  <Point X="134.0" Y="107.0" />
  <Point X="133.0" Y="107.0" />
  <Point X="133.0" Y="107.98444765929422" />
  <Point X="133.0" Y="108.0" />
  <Point X="132.0" Y="108.0" />
  <Point X="131.0" Y="109.0" />
  <Point X="130.0" Y="109.0" />
  <Point X="130.0" Y="110.0" />
  <Point X="129.0" Y="110.0" />
  <Point X="129.0" Y="110.05432099665221" />
  <Point X="129.0" Y="111.0" />
  <Point X="128.0" Y="111.0" />
  <Point X="127.0" Y="111.0" />
  <Point X="127.0" Y="112.0" />
  <Point X="127.0" Y="113.0" />
  <Point X="126.46159210361671" Y="113.0" />
  <Point X="126.0" Y="113.0" />
  <Point X="126.0" Y="114.0" />
  <Point X="125.0" Y="114.0" />
  <Point X="124.0" Y="115.0" />
  <Point X="123.0" Y="115.0" />
  <Point X="122.56988021475301" Y="115.43011978524699" />
  <Point X="122.0" Y="116.0" />
  <Point X="122.0" Y="117.0" />
  <Point X="121.0" Y="117.0" />
  <Point X="120.0" Y="118.0" />
  <Point X="119.0" Y="118.0" />
  <Point X="118.73605899127381" Y="118.0" />
  <Point X="118.0" Y="118.0" />
  <Point X="118.0" Y="119.0" />
  <Point X="117.0" Y="119.0" />
  <Point X="116.0" Y="119.0" />
  <Point X="116.0" Y="120.0" />
  <Point X="116.0" Y="120.74802790845727" />
  <Point X="116.0" Y="121.0" />
  <Point X="115.0" Y="121.0" />
  <Point X="114.0" Y="121.0" />
  <Point X="113.0" Y="121.0" />
  <Point X="114.0" Y="121.0" />
  <Point X="115.0" Y="121.0" />
  <Point X="115.23211480818836" Y="121.0" />
  <Point X="116.0" Y="121.0" />
  <Point X="117.0" Y="121.0" />
  <Point X="118.0" Y="121.0" />
  <Point X="119.0" Y="121.0" />
  <Point X="120.0" Y="121.0" />
  <Point X="120.71620170791944" Y="121.0" />
  <Point X="121.0" Y="121.0" />
  <Point X="122.0" Y="121.0" />
  <Point X="123.0" Y="121.0" />
  <Point X="124.0" Y="121.0" />
  <Point X="125.0" Y="121.0" />
  <Point X="126.0" Y="121.0" />
  <Point X="126.20028860765052" Y="121.0" />
  <Point X="127.0" Y="121.0" />
  <Point X="128.0" Y="121.0" />
  <Point X="129.0" Y="121.0" />
  <Point X="130.0" Y="121.0" />
  <Point X="130.0" Y="122.0" />
  <Point X="130.68437550738162" Y="122.0" />
  <Point X="131.0" Y="122.0" />
  <Point X="132.0" Y="122.0" />
  <Point X="133.0" Y="122.0" />
  <Point X="134.0" Y="122.0" />
  <Point X="135.0" Y="122.0" />
  <Point X="136.0" Y="122.0" />
  <Point X="136.1684624071127" Y="122.0" />
  <Point X="137.0" Y="122.0" />
  <Point X="138.0" Y="122.0" />
  <Point X="139.0" Y="122.0" />
  <Point X="140.0" Y="122.0" />
  <Point X="141.0" Y="122.0" />
  <Point X="141.6525493068438" Y="122.0" />
  <Point X="142.0" Y="122.0" />
  <Point X="143.0" Y="122.0" />
  <Point X="144.0" Y="122.0" />
  <Point X="145.0" Y="122.0" />
  <Point X="146.0" Y="122.0" />
  <Point X="147.0" Y="122.0" />
  <Point X="147.1366362065749" Y="122.0" />
  <Point X="148.0" Y="122.0" />
  <Point X="149.0" Y="122.0" />
  <Point X="150.0" Y="122.0" />
  <Point X="151.0" Y="122.0" />
  <Point X="152.0" Y="122.0" />
  <Point X="151.379276893694" Y="122.0" />
  <Point X="151.0" Y="122.0" />
  <Point X="150.0" Y="122.0" />
  <Point X="149.0" Y="122.0" />
  <Point X="148.0" Y="122.0" />
  <Point X="147.0" Y="122.0" />
  <Point X="146.0" Y="122.0" />
  <Point X="145.8951899939629" Y="122.0" />
  <Point X="145.0" Y="122.0" />
  <Point X="144.0" Y="122.0" />
  <Point X="143.0" Y="122.0" />
  <Point X="142.0" Y="122.0" />
  <Point X="141.0" Y="123.0" />
  <Point X="140.8253166566049" Y="123.0" />
  <Point X="140.0" Y="123.0" />
  <Point X="139.0" Y="123.0" />
  <Point X="138.0" Y="123.0" />
  <Point X="137.0" Y="124.0" />
  <Point X="136.0" Y="124.0" />
  <Point X="135.75544331924692" Y="124.0" />
  <Point X="135.0" Y="124.0" />
  <Point X="134.0" Y="124.0" />
  <Point X="133.0" Y="125.0" />
  <Point X="132.0" Y="125.0" />
  <Point X="131.0705576207985" Y="125.92944237920149" />
  <Point X="131.0" Y="126.0" />
  <Point X="130.0" Y="126.0" />
  <Point X="129.0" Y="126.0" />
  <Point X="128.0" Y="126.0" />
  <Point X="127.0" Y="127.0" />
  <Point X="126.02991020690403" Y="127.0" />
  <Point X="126.0" Y="127.0" />
  <Point X="125.0" Y="127.0" />
  <Point X="126.0" Y="127.0" />
  <Point X="127.0" Y="127.0" />
  <Point X="128.0" Y="127.0" />
  <Point X="129.0" Y="127.0" />
  <Point X="129.45417669282705" Y="127.0" />
  <Point X="130.0" Y="127.0" />
  <Point X="131.0" Y="127.0" />
  <Point X="132.0" Y="127.0" />
  <Point X="133.0" Y="127.0" />
  <Point X="133.0" Y="128.0" />
  <Point X="133.93826359255814" Y="128.0" />
  <Point X="134.0" Y="128.0" />
  <Point X="135.0" Y="128.0" />
  <Point X="136.0" Y="128.0" />
  <Point X="137.0" Y="128.0" />
  <Point X="138.0" Y="128.0" />
  <Point X="139.0" Y="128.0" />
  <Point X="139.42235049228924" Y="128.0" />
  <Point X="140.0" Y="128.0" />
  <Point X="141.0" Y="128.0" />
  <Point X="142.0" Y="128.0" />
  <Point X="143.0" Y="128.0" />
  <Point X="144.0" Y="128.0" />
  <Point X="144.90643739202034" Y="128.0" />
  <Point X="145.0" Y="128.0" />
  <Point X="146.0" Y="128.0" />
  <Point X="147.0" Y="128.0" />
  <Point X="148.0" Y="128.0" />
  <Point X="149.0" Y="128.0" />
  <Point X="150.0" Y="128.0" />
  <Point X="150.39052429175143" Y="128.0" />
  <Point X="151.0" Y="128.0" />
  <Point X="152.0" Y="128.0" />
  <Point X="153.0" Y="128.0" />
  <Point X="152.0" Y="128.0" />
  <Point X="151.0" Y="128.0" />
  <Point X="150.12538880851747" Y="128.0" />
  <Point X="150.0" Y="128.0" />
  <Point X="150.0" Y="129.0" />
  <Point X="149.0" Y="129.0" />
  <Point X="149.0" Y="130.0" />
  <Point X="148.0" Y="130.0" />
  <Point X="147.0" Y="130.0" />
  <Point X="146.64130190878637" Y="130.0" />
  <Point X="146.0" Y="130.0" />
  <Point X="146.0" Y="131.0" />
  <Point X="145.0" Y="131.0" />
  <Point X="144.0" Y="131.0" />
  <Point X="143.0" Y="131.0" />
  <Point X="143.0" Y="131.84278499094472" />
  <Point X="143.0" Y="132.0" />
  <Point X="142.0" Y="132.0" />
  <Point X="142.0" Y="133.0" />
  <Point X="141.0" Y="133.0" />
  <Point X="141.0" Y="134.0" />
  <Point X="140.0" Y="134.0" />
  <Point X="139.67312810932418" Y="134.0" />
  <Point X="139.0" Y="134.0" />
  <Point X="138.0" Y="135.0" />
  <Point X="137.0" Y="135.0" />
  <Point X="137.0" Y="136.0" />
  <Point X="136.0" Y="136.0" />
  <Point X="135.6032547719662" Y="136.0" />
  <Point X="135.0" Y="136.0" />
  <Point X="135.0" Y="137.0" />
  <Point X="134.0" Y="137.0" />
  <Point X="134.0" Y="138.0" />
  <Point X="133.0" Y="138.0" />
  <Point X="132.1191678722351" Y="138.0" />
  <Point X="132.0" Y="138.0" />
  <Point X="131.0" Y="139.0" />
  <Point X="130.0" Y="139.0" />
  <Point X="129.0" Y="140.0" />
  <Point X="128.0" Y="140.0" />
  <Point X="127.62064293751394" Y="140.37935706248606" />
  <Point X="127.0" Y="141.0" />
  <Point X="126.0" Y="141.0" />
  <Point X="126.0" Y="142.0" />
  <Point X="125.0" Y="142.0" />
  <Point X="125.0" Y="143.0" />
  <Point X="124.3936347598922" Y="143.0" />
  <Point X="124.0" Y="143.0" />
  <Point X="123.0" Y="143.0" />
  <Point X="122.0" Y="143.0" />
  <Point X="122.0" Y="144.0" />
  <Point X="121.0" Y="144.0" />
  <Point X="120.22893389736053" Y="144.77106610263945" />
  <Point X="120.0" Y="145.0" />
  <Point X="119.0" Y="145.0" />
  <Point X="119.0" Y="146.0" />
  <Point X="118.0" Y="146.0" />
  <Point X="117.0" Y="147.0" />
  <Point X="116.25388808517621" Y="147.0" />
  <Point X="116.0" Y="147.0" />
  <Point X="115.0" Y="147.0" />
  <Point X="115.0" Y="148.0" />
  <Point X="114.0" Y="148.0" />
  <Point X="113.0" Y="148.0" />
  <Point X="113.0" Y="149.0" />
  <Point X="112.76980118544513" Y="149.0" />
  <Point X="112.0" Y="149.0" />
  <Point X="111.0" Y="150.0" />
  <Point X="110.0" Y="151.0" />
  <Point X="109.0" Y="151.0" />
  <Point X="109.0" Y="151.88585858953977" />
  <Point X="109.0" Y="152.0" />
  <Point X="108.0" Y="152.0" />
  <Point X="107.0" Y="152.0" />
  <Point X="107.0" Y="153.0" />
  <Point X="107.0" Y="154.0" />
  <Point X="106.0" Y="154.0" />
  <Point X="105.63005451072915" Y="154.0" />
  <Point X="105.0" Y="154.0" />
  <Point X="105.0" Y="155.0" />
  <Point X="105.0" Y="156.0" />
  <Point X="104.0" Y="156.0" />
  <Point X="103.0" Y="156.0" />
  <Point X="103.0" Y="156.85403238900193" />
  <Point X="103.0" Y="157.0" />
  <Point X="103.0" Y="158.0" />
  <Point X="102.0" Y="158.0" />
  <Point X="102.0" Y="159.0" />
  <Point X="101.0" Y="159.0" />
  <Point X="101.0" Y="160.0" />
  <Point X="100.66188071126699" Y="160.0" />
  <Point X="100.0" Y="160.0" />
  <Point X="100.0" Y="161.0" />
  <Point X="99.0" Y="161.0" />
  <Point X="99.0" Y="162.0" />
  <Point X="98.0" Y="162.0" />
  <Point X="98.0" Y="162.8222061884641" />
  <Point X="98.0" Y="163.0" />
  <Point X="97.0" Y="164.0" />
  <Point X="96.0" Y="165.0" />
  <Point X="96.0" Y="166.0" />
  <Point X="95.0" Y="166.0" />
  <Point X="95.0" Y="166.47786596344898" />
  <Point X="95.0" Y="167.0" />
  <Point X="94.0" Y="168.0" />
  <Point X="93.0" Y="168.0" />
  <Point X="93.0" Y="169.0" />
  <Point X="93.0" Y="170.0" />
  <Point X="92.45226069919303" Y="170.0" />
  <Point X="92.0" Y="170.0" />
  <Point X="92.0" Y="171.0" />
  <Point X="91.0" Y="171.0" />
  <Point X="91.0" Y="172.0" />
  <Point X="90.0" Y="172.0" />
  <Point X="90.0" Y="173.0" />
  <Point X="89.96817379946195" Y="173.0" />
  <Point X="89.0" Y="173.0" />
  <Point X="89.0" Y="174.0" />
  <Point X="88.0" Y="174.0" />
  <Point X="88.0" Y="175.0" />
  <Point X="87.0" Y="175.0" />
  <Point X="87.0" Y="175.51591310026913" />
  <Point X="87.0" Y="176.0" />
  <Point X="86.0" Y="176.0" />
  <Point X="86.0" Y="177.0" />
  <Point X="85.0" Y="177.0" />
  <Point X="84.0" Y="177.0" />
  <Point X="83.0" Y="177.0" />
</Project_1_Part_4>
