<?xml version="1.0" encoding="utf-8" standalone="yes"?>
<Gesture Name="right_sq_bracket6" Subject="1" Number="1" NumPts="331">
  <Point X="105.0" Y="63.0" />
  <Point X="105.0" Y="64.0" />
  <Point X="106.0" Y="64.0" />
  <Point X="107.0" Y="64.0" />
  <Point X="108.0" Y="65.0" />
  <Point X="108.08112978248369" Y="65.0" />
  <Point X="109.0" Y="65.0" />
  <Point X="110.0" Y="65.0" />
  <Point X="111.0" Y="65.0" />
  <Point X="112.0" Y="65.0" />
  <Point X="112.57647312734046" Y="65.0" />
  <Point X="113.0" Y="65.0" />
  <Point X="113.0" Y="66.0" />
  <Point X="114.0" Y="66.0" />
  <Point X="115.0" Y="67.0" />
  <Point X="115.65760290982415" Y="67.0" />
  <Point X="116.0" Y="67.0" />
  <Point X="117.0" Y="67.0" />
  <Point X="118.0" Y="67.0" />
  <Point X="119.0" Y="67.0" />
  <Point X="120.0" Y="67.0" />
  <Point X="120.15294625468093" Y="67.0" />
  <Point X="121.0" Y="67.0" />
  <Point X="122.0" Y="67.0" />
  <Point X="124.0" Y="67.0" />
  <Point X="124.57984784546898" Y="67.28992392273449" />
  <Point X="126.0" Y="68.0" />
  <Point X="127.0" Y="68.0" />
  <Point X="128.0" Y="68.0" />
  <Point X="128.9075649668947" Y="68.0" />
  <Point X="129.0" Y="68.0" />
  <Point X="130.0" Y="68.0" />
  <Point X="131.0" Y="68.0" />
  <Point X="132.0" Y="68.0" />
  <Point X="133.0" Y="68.0" />
  <Point X="133.4029083117515" Y="68.0" />
  <Point X="134.0" Y="68.0" />
  <Point X="135.0" Y="68.0" />
  <Point X="136.0" Y="68.0" />
  <Point X="137.0" Y="68.0" />
  <Point X="137.63515983759976" Y="68.63515983759976" />
  <Point X="138.0" Y="69.0" />
  <Point X="139.0" Y="69.0" />
  <Point X="140.0" Y="69.0" />
  <Point X="141.97938143909195" Y="69.0" />
  <Point X="142.0" Y="69.0" />
  <Point X="143.0" Y="69.0" />
  <Point X="144.0" Y="69.0" />
  <Point X="145.0" Y="70.0" />
  <Point X="146.0" Y="70.0" />
  <Point X="146.06051122157564" Y="70.0" />
  <Point X="147.0" Y="70.0" />
  <Point X="148.0" Y="70.0" />
  <Point X="149.0" Y="70.0" />
  <Point X="150.0" Y="70.0" />
  <Point X="150.5558545664324" Y="70.0" />
  <Point X="151.0" Y="70.0" />
  <Point X="152.0" Y="70.0" />
  <Point X="153.0" Y="70.0" />
  <Point X="154.0" Y="70.0" />
  <Point X="155.0511979112892" Y="70.0" />
  <Point X="156.0" Y="70.0" />
  <Point X="157.0" Y="70.0" />
  <Point X="158.0" Y="70.0" />
  <Point X="159.54654125614599" Y="70.0" />
  <Point X="160.0" Y="70.0" />
  <Point X="161.0" Y="70.0" />
  <Point X="163.0" Y="70.0" />
  <Point X="164.0" Y="70.0" />
  <Point X="164.04188460100278" Y="70.0" />
  <Point X="165.0" Y="70.0" />
  <Point X="166.0" Y="70.0" />
  <Point X="167.0" Y="70.0" />
  <Point X="168.0" Y="70.0" />
  <Point X="168.53722794585957" Y="70.0" />
  <Point X="169.0" Y="70.0" />
  <Point X="170.0" Y="70.0" />
  <Point X="171.0" Y="70.0" />
  <Point X="172.0" Y="70.0" />
  <Point X="173.0" Y="70.0" />
  <Point X="173.03257129071636" Y="70.0" />
  <Point X="174.0" Y="70.0" />
  <Point X="175.0" Y="70.0" />
  <Point X="176.0" Y="70.0" />
  <Point X="177.0" Y="70.0" />
  <Point X="177.0" Y="70.52791463557314" />
  <Point X="177.0" Y="71.0" />
  <Point X="178.0" Y="71.0" />
  <Point X="179.0" Y="71.0" />
  <Point X="179.0" Y="72.0" />
  <Point X="180.0" Y="72.0" />
  <Point X="180.0" Y="72.02325798042992" />
  <Point X="180.0" Y="73.0" />
  <Point X="180.0" Y="74.0" />
  <Point X="180.0" Y="75.0" />
  <Point X="180.0" Y="76.0" />
  <Point X="180.0" Y="76.5186013252867" />
  <Point X="180.0" Y="77.0" />
  <Point X="180.0" Y="78.0" />
  <Point X="180.0" Y="79.0" />
  <Point X="180.0" Y="80.0" />
  <Point X="180.0" Y="81.0" />
  <Point X="180.0" Y="81.01394467014347" />
  <Point X="180.0" Y="82.0" />
  <Point X="180.0" Y="83.0" />
  <Point X="180.0" Y="84.0" />
  <Point X="180.0" Y="85.0" />
  <Point X="180.0" Y="85.50928801500025" />
  <Point X="180.0" Y="86.0" />
  <Point X="180.0" Y="87.0" />
  <Point X="180.0" Y="88.0" />
  <Point X="180.0" Y="89.0" />
  <Point X="180.0" Y="90.0" />
  <Point X="180.0" Y="90.00463135985703" />
  <Point X="180.0" Y="91.0" />
  <Point X="180.0" Y="92.0" />
  <Point X="180.0" Y="93.0" />
  <Point X="180.0" Y="94.0" />
  <Point X="180.0" Y="94.49997470471381" />
  <Point X="180.0" Y="95.0" />
  <Point X="180.0" Y="96.0" />
  <Point X="180.0" Y="97.0" />
  <Point X="180.0" Y="98.0" />
  <Point X="180.0" Y="98.99531804957059" />
  <Point X="180.0" Y="99.0" />
  <Point X="180.0" Y="100.0" />
  <Point X="180.0" Y="101.0" />
  <Point X="180.0" Y="102.0" />
  <Point X="179.0" Y="102.0" />
  <Point X="179.0" Y="102.49066139442736" />
  <Point X="179.0" Y="103.0" />
  <Point X="179.0" Y="104.0" />
  <Point X="179.0" Y="105.0" />
  <Point X="179.0" Y="106.0" />
  <Point X="179.0" Y="106.98600473928414" />
  <Point X="179.0" Y="107.0" />
  <Point X="179.0" Y="108.0" />
  <Point X="179.0" Y="109.0" />
  <Point X="178.0" Y="109.0" />
  <Point X="178.0" Y="110.0" />
  <Point X="178.0" Y="110.48134808414092" />
  <Point X="178.0" Y="111.0" />
  <Point X="178.0" Y="112.0" />
  <Point X="178.0" Y="113.0" />
  <Point X="178.0" Y="114.0" />
  <Point X="178.0" Y="114.9766914289977" />
  <Point X="178.0" Y="115.0" />
  <Point X="178.0" Y="116.0" />
  <Point X="178.0" Y="117.0" />
  <Point X="178.0" Y="118.0" />
  <Point X="178.0" Y="119.0" />
  <Point X="178.0" Y="119.47203477385447" />
  <Point X="178.0" Y="120.0" />
  <Point X="178.0" Y="121.0" />
  <Point X="178.0" Y="122.0" />
  <Point X="178.0" Y="123.0" />
  <Point X="178.0" Y="123.96737811871125" />
  <Point X="178.0" Y="125.0" />
  <Point X="179.0" Y="126.0" />
  <Point X="179.0" Y="127.0" />
  <Point X="179.0" Y="128.0" />
  <Point X="179.0" Y="128.04850790119494" />
  <Point X="179.0" Y="129.0" />
  <Point X="179.0" Y="130.0" />
  <Point X="179.0" Y="131.0" />
  <Point X="179.0" Y="132.0" />
  <Point X="179.0" Y="132.5438512460517" />
  <Point X="179.0" Y="133.0" />
  <Point X="179.0" Y="134.0" />
  <Point X="179.0" Y="135.0" />
  <Point X="179.0" Y="136.0" />
  <Point X="179.0" Y="137.0" />
  <Point X="179.0" Y="137.0391945909085" />
  <Point X="179.0" Y="138.0" />
  <Point X="179.0" Y="139.0" />
  <Point X="179.0" Y="140.0" />
  <Point X="179.0" Y="141.0" />
  <Point X="179.0" Y="141.5345379357653" />
  <Point X="179.0" Y="142.0" />
  <Point X="179.0" Y="143.0" />
  <Point X="179.0" Y="144.0" />
  <Point X="179.0" Y="145.0" />
  <Point X="179.0" Y="146.0" />
  <Point X="179.0" Y="146.02988128062208" />
  <Point X="179.0" Y="147.0" />
  <Point X="179.0" Y="148.0" />
  <Point X="179.0" Y="149.0" />
  <Point X="179.0" Y="150.0" />
  <Point X="178.62861010567772" Y="150.37138989432228" />
  <Point X="178.0" Y="151.0" />
  <Point X="178.0" Y="152.0" />
  <Point X="178.0" Y="153.0" />
  <Point X="177.0" Y="154.0" />
  <Point X="177.0" Y="154.19214084558945" />
  <Point X="177.0" Y="155.0" />
  <Point X="177.0" Y="156.0" />
  <Point X="176.0" Y="156.0" />
  <Point X="176.0" Y="157.0" />
  <Point X="176.0" Y="157.68748419044624" />
  <Point X="176.0" Y="158.0" />
  <Point X="175.0" Y="158.0" />
  <Point X="175.0" Y="159.0" />
  <Point X="174.0" Y="159.0" />
  <Point X="174.0" Y="160.0" />
  <Point X="174.0" Y="160.18282753530303" />
  <Point X="174.0" Y="161.0" />
  <Point X="174.0" Y="162.0" />
  <Point X="173.0" Y="162.0" />
  <Point X="173.0" Y="163.0" />
  <Point X="173.0" Y="163.67817088015983" />
  <Point X="173.0" Y="164.0" />
  <Point X="173.0" Y="165.0" />
  <Point X="172.0" Y="165.0" />
  <Point X="172.0" Y="166.0" />
  <Point X="172.0" Y="167.0" />
  <Point X="171.82648577498338" Y="167.0" />
  <Point X="171.0" Y="167.0" />
  <Point X="171.0" Y="168.0" />
  <Point X="170.0" Y="168.0" />
  <Point X="170.0" Y="169.0" />
  <Point X="169.52704627669456" Y="169.47295372330544" />
  <Point X="169.0" Y="170.0" />
  <Point X="169.0" Y="171.0" />
  <Point X="168.0" Y="171.0" />
  <Point X="168.0" Y="172.0" />
  <Point X="167.2500126476429" Y="172.0" />
  <Point X="167.0" Y="172.0" />
  <Point X="166.0" Y="172.0" />
  <Point X="166.0" Y="173.0" />
  <Point X="165.0" Y="173.0" />
  <Point X="165.0" Y="174.0" />
  <Point X="165.0" Y="174.2453306972139" />
  <Point X="165.0" Y="175.0" />
  <Point X="164.0" Y="175.0" />
  <Point X="163.0" Y="175.0" />
  <Point X="162.0" Y="176.0" />
  <Point X="161.67353952030243" Y="176.0" />
  <Point X="161.0" Y="176.0" />
  <Point X="160.0" Y="176.0" />
  <Point X="159.0" Y="176.0" />
  <Point X="158.0" Y="176.0" />
  <Point X="157.17819617544563" Y="176.0" />
  <Point X="157.0" Y="176.0" />
  <Point X="156.0" Y="176.0" />
  <Point X="155.0" Y="176.0" />
  <Point X="154.0" Y="176.0" />
  <Point X="153.0" Y="176.0" />
  <Point X="152.68285283058884" Y="176.0" />
  <Point X="152.0" Y="176.0" />
  <Point X="151.0" Y="176.0" />
  <Point X="150.0" Y="176.0" />
  <Point X="149.0" Y="176.0" />
  <Point X="148.18750948573205" Y="176.0" />
  <Point X="148.0" Y="176.0" />
  <Point X="147.0" Y="176.0" />
  <Point X="146.0" Y="176.0" />
  <Point X="145.0" Y="176.0" />
  <Point X="144.0" Y="176.0" />
  <Point X="143.69216614087526" Y="176.0" />
  <Point X="142.0" Y="176.0" />
  <Point X="141.0" Y="176.0" />
  <Point X="140.0" Y="176.0" />
  <Point X="139.19682279601847" Y="176.0" />
  <Point X="139.0" Y="176.0" />
  <Point X="138.0" Y="176.0" />
  <Point X="137.0" Y="176.0" />
  <Point X="136.0" Y="176.0" />
  <Point X="135.0" Y="176.0" />
  <Point X="134.70147945116167" Y="176.0" />
  <Point X="134.0" Y="176.0" />
  <Point X="133.0" Y="176.0" />
  <Point X="132.0" Y="176.0" />
  <Point X="131.0" Y="176.0" />
  <Point X="130.20613610630488" Y="176.0" />
  <Point X="130.0" Y="176.0" />
  <Point X="128.0" Y="176.0" />
  <Point X="127.0" Y="176.0" />
  <Point X="126.08839281926517" Y="176.91160718073482" />
  <Point X="126.0" Y="177.0" />
  <Point X="125.0" Y="177.0" />
  <Point X="124.0" Y="177.0" />
  <Point X="122.0" Y="177.0" />
  <Point X="121.62966297896442" Y="177.0" />
  <Point X="121.0" Y="177.0" />
  <Point X="120.0" Y="177.0" />
  <Point X="119.0" Y="177.0" />
  <Point X="118.0" Y="177.0" />
  <Point X="117.13431963410764" Y="177.0" />
  <Point X="117.0" Y="177.0" />
  <Point X="116.0" Y="177.0" />
  <Point X="115.0" Y="177.0" />
  <Point X="114.0" Y="177.0" />
  <Point X="113.0376109047736" Y="177.9623890952264" />
  <Point X="113.0" Y="178.0" />
  <Point X="112.0" Y="178.0" />
  <Point X="111.0" Y="178.0" />
  <Point X="110.0" Y="178.0" />
  <Point X="109.0" Y="178.0" />
  <Point X="108.55784650676718" Y="178.0" />
  <Point X="108.0" Y="178.0" />
  <Point X="107.0" Y="178.0" />
  <Point X="106.0" Y="178.0" />
  <Point X="105.0" Y="178.0" />
  <Point X="104.0625031619104" Y="178.0" />
  <Point X="104.0" Y="178.0" />
  <Point X="103.0" Y="178.0" />
  <Point X="102.0" Y="178.0" />
  <Point X="101.0" Y="178.0" />
  <Point X="100.0" Y="178.0" />
  <Point X="100.0" Y="178.4328401829464" />
  <Point X="100.0" Y="179.0" />
  <Point X="99.0" Y="179.0" />
  <Point X="98.0" Y="179.0" />
  <Point X="97.0" Y="179.0" />
  <Point X="96.07181647219683" Y="179.0" />
  <Point X="96.0" Y="179.0" />
  <Point X="95.0" Y="179.0" />
  <Point X="94.0" Y="179.0" />
  <Point X="93.0" Y="179.0" />
  <Point X="92.0" Y="179.0" />
  <Point X="91.57647312734005" Y="179.0" />
  <Point X="91.0" Y="179.0" />
  <Point X="91.0" Y="178.0" />
  <Point X="91.0" Y="177.0" />
  <Point X="91.0" Y="176.0" />
  <Point X="91.0" Y="175.0811297824833" />
  <Point X="91.0" Y="175.0" />
  <Point X="92.0" Y="175.0" />
  <Point X="92.0" Y="174.0" />
  <Point X="92.0" Y="173.0" />
  <Point X="93.0" Y="172.0" />
</Project_1_Part_4>
