<?xml version="1.0" encoding="utf-8" standalone="yes"?>
<Gesture Name="right_curly_brace4" Subject="1" Number="1" NumPts="310">
  <Point X="106.0" Y="99.0" />
  <Point X="107.0" Y="99.0" />
  <Point X="108.0" Y="99.0" />
  <Point X="109.0" Y="99.0" />
  <Point X="109.9945885571348" Y="98.0054114428652" />
  <Point X="110.0" Y="98.0" />
  <Point X="111.0" Y="98.0" />
  <Point X="112.0" Y="98.0" />
  <Point X="113.0" Y="98.0" />
  <Point X="114.0" Y="98.0" />
  <Point X="114.39890769058917" Y="98.0" />
  <Point X="115.0" Y="98.0" />
  <Point X="116.0" Y="98.0" />
  <Point X="117.0" Y="98.0" />
  <Point X="118.0" Y="98.0" />
  <Point X="118.80546831707031" Y="98.0" />
  <Point X="119.0" Y="98.0" />
  <Point X="120.0" Y="98.0" />
  <Point X="121.0" Y="98.0" />
  <Point X="123.0" Y="98.0" />
  <Point X="123.21202894355145" Y="98.0" />
  <Point X="124.0" Y="98.0" />
  <Point X="125.0" Y="98.0" />
  <Point X="127.0" Y="98.0" />
  <Point X="127.61858957003258" Y="98.0" />
  <Point X="128.0" Y="98.0" />
  <Point X="129.0" Y="98.0" />
  <Point X="130.0" Y="98.0" />
  <Point X="131.0" Y="98.0" />
  <Point X="132.0" Y="98.0" />
  <Point X="132.02515019651372" Y="98.0" />
  <Point X="133.0" Y="98.0" />
  <Point X="135.0" Y="98.0" />
  <Point X="136.43171082299486" Y="98.0" />
  <Point X="137.0" Y="98.0" />
  <Point X="138.0" Y="98.0" />
  <Point X="139.0" Y="97.0" />
  <Point X="140.0" Y="97.0" />
  <Point X="140.4240578871029" Y="97.0" />
  <Point X="142.0" Y="97.0" />
  <Point X="143.0" Y="97.0" />
  <Point X="144.0" Y="97.0" />
  <Point X="144.83061851358403" Y="97.0" />
  <Point X="146.0" Y="97.0" />
  <Point X="147.0" Y="97.0" />
  <Point X="148.0" Y="97.0" />
  <Point X="149.0" Y="97.0" />
  <Point X="149.23717914006517" Y="97.0" />
  <Point X="150.0" Y="97.0" />
  <Point X="151.0" Y="97.0" />
  <Point X="152.0" Y="97.0" />
  <Point X="153.6437397665463" Y="97.0" />
  <Point X="154.0" Y="97.0" />
  <Point X="156.0" Y="97.0" />
  <Point X="157.0" Y="97.0" />
  <Point X="158.0" Y="97.0" />
  <Point X="158.05030039302744" Y="97.0" />
  <Point X="159.0" Y="97.0" />
  <Point X="160.0" Y="97.0" />
  <Point X="161.0" Y="97.0" />
  <Point X="162.45686101950858" Y="97.0" />
  <Point X="163.0" Y="97.0" />
  <Point X="164.0" Y="97.0" />
  <Point X="165.0" Y="97.0" />
  <Point X="166.0" Y="97.0" />
  <Point X="166.86342164598972" Y="97.0" />
  <Point X="167.0" Y="97.0" />
  <Point X="168.0" Y="97.0" />
  <Point X="169.0" Y="97.0" />
  <Point X="170.0" Y="97.0" />
  <Point X="170.0" Y="96.0" />
  <Point X="170.26998227247086" Y="96.0" />
  <Point X="171.0" Y="96.0" />
  <Point X="172.0" Y="96.0" />
  <Point X="173.0" Y="96.0" />
  <Point X="174.0" Y="96.0" />
  <Point X="174.0" Y="96.676542898952" />
  <Point X="174.0" Y="97.0" />
  <Point X="173.0" Y="98.0" />
  <Point X="173.0" Y="99.0" />
  <Point X="172.0" Y="99.0" />
  <Point X="172.0" Y="99.66888996306002" />
  <Point X="172.0" Y="100.0" />
  <Point X="172.0" Y="101.0" />
  <Point X="171.0" Y="101.0" />
  <Point X="170.0" Y="102.0" />
  <Point X="169.33876297283194" Y="102.0" />
  <Point X="169.0" Y="102.0" />
  <Point X="169.0" Y="103.0" />
  <Point X="168.0" Y="103.0" />
  <Point X="168.0" Y="104.0" />
  <Point X="167.0" Y="104.0" />
  <Point X="166.95205981935612" Y="104.04794018064388" />
  <Point X="166.0" Y="105.0" />
  <Point X="165.0" Y="105.0" />
  <Point X="165.0" Y="106.0" />
  <Point X="164.0" Y="106.0" />
  <Point X="164.0" Y="106.06014471775723" />
  <Point X="164.0" Y="107.0" />
  <Point X="163.0" Y="107.0" />
  <Point X="162.0" Y="108.0" />
  <Point X="161.05862273199577" Y="108.47068863400212" />
  <Point X="160.0" Y="109.0" />
  <Point X="159.0" Y="110.0" />
  <Point X="158.0" Y="110.0" />
  <Point X="157.42811263447626" Y="110.57188736552375" />
  <Point X="157.0" Y="111.0" />
  <Point X="156.0" Y="111.0" />
  <Point X="155.0" Y="112.0" />
  <Point X="154.0" Y="112.0" />
  <Point X="154.0" Y="112.38690437020844" />
  <Point X="154.0" Y="113.0" />
  <Point X="152.0" Y="114.0" />
  <Point X="151.0" Y="114.0" />
  <Point X="150.44260298081022" Y="114.0" />
  <Point X="150.0" Y="114.0" />
  <Point X="149.0" Y="115.0" />
  <Point X="148.0" Y="115.0" />
  <Point X="147.0" Y="116.0" />
  <Point X="146.86446947907527" Y="116.0" />
  <Point X="146.0" Y="116.0" />
  <Point X="145.0" Y="116.0" />
  <Point X="144.0" Y="117.0" />
  <Point X="143.0" Y="117.0" />
  <Point X="143.0" Y="117.12787758503276" />
  <Point X="143.0" Y="118.0" />
  <Point X="142.0" Y="118.0" />
  <Point X="141.0" Y="118.0" />
  <Point X="140.0" Y="119.0" />
  <Point X="139.8797753508592" Y="119.0" />
  <Point X="139.0" Y="119.0" />
  <Point X="138.0" Y="120.0" />
  <Point X="137.0" Y="120.0" />
  <Point X="136.21329299700542" Y="120.78670700299459" />
  <Point X="136.0" Y="121.0" />
  <Point X="134.0" Y="121.0" />
  <Point X="134.0" Y="122.0" />
  <Point X="133.01173060168563" Y="122.49413469915719" />
  <Point X="132.0" Y="123.0" />
  <Point X="131.0" Y="124.0" />
  <Point X="130.0" Y="124.0" />
  <Point X="129.13880213603488" Y="124.0" />
  <Point X="129.0" Y="124.0" />
  <Point X="128.0" Y="124.0" />
  <Point X="128.0" Y="125.0" />
  <Point X="127.0" Y="126.0" />
  <Point X="126.14645507192685" Y="126.0" />
  <Point X="126.0" Y="126.0" />
  <Point X="125.0" Y="126.0" />
  <Point X="124.0" Y="127.0" />
  <Point X="123.0" Y="128.0" />
  <Point X="122.56832157019191" Y="128.0" />
  <Point X="122.0" Y="128.0" />
  <Point X="121.0" Y="128.0" />
  <Point X="120.0" Y="128.0" />
  <Point X="120.0" Y="129.0" />
  <Point X="119.16176094371077" Y="129.0" />
  <Point X="119.0" Y="129.0" />
  <Point X="118.0" Y="129.0" />
  <Point X="118.0" Y="130.0" />
  <Point X="117.0" Y="130.0" />
  <Point X="117.0" Y="131.0" />
  <Point X="117.24479968277036" Y="131.0" />
  <Point X="118.0" Y="131.0" />
  <Point X="118.0" Y="132.0" />
  <Point X="119.0" Y="132.0" />
  <Point X="120.0" Y="132.0" />
  <Point X="120.4605812916675" Y="132.4605812916675" />
  <Point X="121.0" Y="133.0" />
  <Point X="122.0" Y="133.0" />
  <Point X="123.0" Y="133.0" />
  <Point X="124.0" Y="133.0" />
  <Point X="124.64370737335953" Y="133.0" />
  <Point X="125.0" Y="133.0" />
  <Point X="126.0" Y="133.0" />
  <Point X="127.0" Y="133.0" />
  <Point X="127.0" Y="134.0" />
  <Point X="128.0" Y="134.0" />
  <Point X="128.0" Y="134.05026799984066" />
  <Point X="128.0" Y="135.0" />
  <Point X="129.0" Y="135.0" />
  <Point X="130.0" Y="135.0" />
  <Point X="131.0" Y="135.0" />
  <Point X="131.4568286263218" Y="135.0" />
  <Point X="132.0" Y="135.0" />
  <Point X="133.0" Y="135.0" />
  <Point X="134.0" Y="135.0" />
  <Point X="134.0" Y="136.0" />
  <Point X="134.86338925280293" Y="136.0" />
  <Point X="135.0" Y="136.0" />
  <Point X="136.0" Y="136.0" />
  <Point X="137.0" Y="136.0" />
  <Point X="137.0" Y="137.0" />
  <Point X="138.0" Y="137.0" />
  <Point X="138.26994987928407" Y="137.0" />
  <Point X="139.0" Y="137.0" />
  <Point X="139.0" Y="138.0" />
  <Point X="140.0" Y="138.0" />
  <Point X="140.0" Y="139.0" />
  <Point X="140.6765105057652" Y="139.0" />
  <Point X="141.0" Y="139.0" />
  <Point X="141.0" Y="140.0" />
  <Point X="141.0" Y="141.0" />
  <Point X="141.0" Y="142.0" />
  <Point X="141.0" Y="143.0" />
  <Point X="141.0" Y="143.08307113224635" />
  <Point X="141.0" Y="144.0" />
  <Point X="140.0" Y="144.0" />
  <Point X="140.0" Y="145.0" />
  <Point X="140.0" Y="146.0" />
  <Point X="139.51036824127252" Y="146.0" />
  <Point X="139.0" Y="146.0" />
  <Point X="139.0" Y="147.0" />
  <Point X="138.0" Y="147.0" />
  <Point X="138.0" Y="148.0" />
  <Point X="138.0" Y="148.89619238520862" />
  <Point X="138.0" Y="149.0" />
  <Point X="137.0" Y="149.0" />
  <Point X="137.0" Y="150.0" />
  <Point X="137.0" Y="151.0" />
  <Point X="136.0" Y="151.0" />
  <Point X="136.0" Y="151.30275301168976" />
  <Point X="136.0" Y="152.0" />
  <Point X="136.0" Y="153.0" />
  <Point X="136.0" Y="154.0" />
  <Point X="136.0" Y="155.0" />
  <Point X="136.7093136381709" Y="155.0" />
  <Point X="137.0" Y="155.0" />
  <Point X="137.0" Y="156.0" />
  <Point X="137.0" Y="157.0" />
  <Point X="137.0" Y="158.0" />
  <Point X="137.0" Y="159.0" />
  <Point X="137.0" Y="159.11587426465204" />
  <Point X="137.0" Y="160.0" />
  <Point X="137.0" Y="161.0" />
  <Point X="137.0" Y="162.0" />
  <Point X="137.0" Y="163.0" />
  <Point X="137.0" Y="163.52243489113317" />
  <Point X="137.0" Y="164.0" />
  <Point X="136.0" Y="164.0" />
  <Point X="136.0" Y="165.0" />
  <Point X="135.0" Y="165.0" />
  <Point X="135.0" Y="165.9289955176143" />
  <Point X="135.0" Y="166.0" />
  <Point X="134.0" Y="166.0" />
  <Point X="133.0" Y="166.0" />
  <Point X="133.0" Y="167.0" />
  <Point X="133.0" Y="168.0" />
  <Point X="132.66444385590455" Y="168.0" />
  <Point X="132.0" Y="168.0" />
  <Point X="131.0" Y="169.0" />
  <Point X="130.0" Y="170.0" />
  <Point X="129.0863103541696" Y="170.0" />
  <Point X="129.0" Y="170.0" />
  <Point X="129.0" Y="171.0" />
  <Point X="128.0" Y="172.0" />
  <Point X="127.0" Y="172.0" />
  <Point X="126.35933529839858" Y="172.64066470160142" />
  <Point X="126.0" Y="173.0" />
  <Point X="125.0" Y="174.0" />
  <Point X="125.0" Y="175.0" />
  <Point X="124.0" Y="175.0" />
  <Point X="123.65763996007722" Y="175.34236003992277" />
  <Point X="123.0" Y="176.0" />
  <Point X="122.0" Y="176.0" />
  <Point X="121.0" Y="177.0" />
  <Point X="120.24883784056932" Y="177.75116215943066" />
  <Point X="120.0" Y="178.0" />
  <Point X="119.0" Y="178.0" />
  <Point X="118.0" Y="179.0" />
  <Point X="117.0" Y="179.0" />
  <Point X="117.0" Y="179.64043721514327" />
  <Point X="117.0" Y="180.0" />
  <Point X="115.0" Y="181.0" />
  <Point X="114.0" Y="181.0" />
  <Point X="114.0" Y="181.8109298641246" />
  <Point X="114.0" Y="182.0" />
  <Point X="112.0" Y="182.0" />
  <Point X="112.0" Y="183.0" />
  <Point X="111.0" Y="183.0" />
  <Point X="110.8462109992491" Y="183.15378900075092" />
  <Point X="110.0" Y="184.0" />
  <Point X="110.0" Y="185.0" />
  <Point X="108.0" Y="185.0" />
  <Point X="107.85162244211428" Y="185.1483775578857" />
  <Point X="107.0" Y="186.0" />
  <Point X="106.0" Y="186.0" />
  <Point X="106.0" Y="187.0" />
  <Point X="105.0" Y="187.0" />
  <Point X="104.85703388497947" Y="187.14296611502053" />
  <Point X="104.0" Y="188.0" />
  <Point X="103.0" Y="189.0" />
  <Point X="102.0" Y="189.0" />
  <Point X="102.0" Y="189.78031812055676" />
  <Point X="102.0" Y="190.0" />
  <Point X="101.0" Y="190.0" />
  <Point X="101.0" Y="191.0" />
  <Point X="100.0" Y="191.0" />
  <Point X="100.0" Y="192.0" />
  <Point X="99.8131212529621" Y="192.0" />
  <Point X="99.0" Y="192.0" />
  <Point X="99.0" Y="193.0" />
  <Point X="99.0" Y="192.0" />
  <Point X="99.0" Y="191.0" />
  <Point X="99.0" Y="190.40656062648097" />
  <Point X="99.0" Y="190.0" />
  <Point X="99.0" Y="189.0" />
  <Point X="99.0" Y="188.0" />
  <Point X="99.0" Y="187.0" />
  <Point X="99.0" Y="186.0" />
</Project_1_Part_4>
