<?xml version="1.0" encoding="utf-8" standalone="yes"?>
<Gesture Name="star3" Subject="1" Number="1" NumPts="717">
  <Point X="212.0" Y="21.0" />
  <Point X="201.11251621741448" Y="30.61055667228227" />
  <Point X="190.22503243482896" Y="40.22111334456454" />
  <Point X="179.33754865224344" Y="49.831670016846815" />
  <Point X="168.45006486965792" Y="59.442226689129086" />
  <Point X="157.5625810870724" Y="69.05278336141136" />
  <Point X="146.67509730448688" Y="78.66334003369363" />
  <Point X="135.78761352190136" Y="88.2738967059759" />
  <Point X="124.90012973931586" Y="97.88445337825817" />
  <Point X="114.01264595673035" Y="107.49501005054044" />
  <Point X="103.12516217414485" Y="117.10556672282272" />
  <Point X="92.23767839155934" Y="126.716123395105" />
  <Point X="81.35019460897384" Y="136.3266800673873" />
  <Point X="70.46271082638833" Y="145.93723673966957" />
  <Point X="59.57522704380282" Y="155.54779341195183" />
  <Point X="50.0" Y="164.0" />
  <Point X="51.0" Y="164.0" />
  <Point X="51.75036929421358" Y="164.0" />
  <Point X="52.0" Y="164.0" />
  <Point X="53.0" Y="164.0" />
  <Point X="53.0" Y="163.0" />
  <Point X="54.0" Y="163.0" />
  <Point X="54.0" Y="162.0" />
  <Point X="55.0" Y="162.0" />
  <Point X="55.0" Y="161.0" />
  <Point X="56.0" Y="161.0" />
  <Point X="57.0" Y="161.0" />
  <Point X="57.0" Y="160.0" />
  <Point X="58.0" Y="160.0" />
  <Point X="58.0" Y="159.0" />
  <Point X="59.0" Y="158.0" />
  <Point X="60.0" Y="158.0" />
  <Point X="60.0" Y="157.1414442369246" />
  <Point X="60.0" Y="157.0" />
  <Point X="61.0" Y="157.0" />
  <Point X="62.0" Y="157.0" />
  <Point X="62.0" Y="156.0" />
  <Point X="63.0" Y="156.0" />
  <Point X="63.0" Y="155.0" />
  <Point X="64.0" Y="154.0" />
  <Point X="65.0" Y="153.0" />
  <Point X="66.0" Y="153.0" />
  <Point X="66.0" Y="152.0" />
  <Point X="67.0" Y="152.0" />
  <Point X="68.0" Y="150.0" />
  <Point X="69.0" Y="150.0" />
  <Point X="69.0" Y="149.68353930793566" />
  <Point X="69.0" Y="149.0" />
  <Point X="70.0" Y="149.0" />
  <Point X="70.0" Y="148.0" />
  <Point X="71.0" Y="148.0" />
  <Point X="71.0" Y="147.0" />
  <Point X="71.0" Y="146.0" />
  <Point X="72.0" Y="146.0" />
  <Point X="73.0" Y="146.0" />
  <Point X="73.0" Y="145.0" />
  <Point X="74.0" Y="145.0" />
  <Point X="74.0" Y="143.0" />
  <Point X="75.0" Y="143.0" />
  <Point X="75.0" Y="142.0" />
  <Point X="75.83886072329925" Y="142.0" />
  <Point X="76.0" Y="142.0" />
  <Point X="76.0" Y="141.0" />
  <Point X="77.0" Y="140.0" />
  <Point X="77.0" Y="139.0" />
  <Point X="78.0" Y="139.0" />
  <Point X="79.0" Y="139.0" />
  <Point X="79.0" Y="138.0" />
  <Point X="79.0" Y="137.0" />
  <Point X="80.0" Y="137.0" />
  <Point X="80.0" Y="136.0" />
  <Point X="81.0" Y="136.0" />
  <Point X="82.0" Y="134.0" />
  <Point X="83.0" Y="134.0" />
  <Point X="83.0" Y="133.28902078533872" />
  <Point X="83.0" Y="133.0" />
  <Point X="84.0" Y="133.0" />
  <Point X="84.0" Y="132.0" />
  <Point X="85.0" Y="131.0" />
  <Point X="85.0" Y="130.0" />
  <Point X="86.0" Y="130.0" />
  <Point X="86.0" Y="129.0" />
  <Point X="87.0" Y="129.0" />
  <Point X="88.0" Y="127.0" />
  <Point X="89.0" Y="127.0" />
  <Point X="89.0" Y="126.0" />
  <Point X="90.0" Y="126.0" />
  <Point X="90.0" Y="125.0" />
  <Point X="90.58309770602331" Y="125.0" />
  <Point X="91.0" Y="125.0" />
  <Point X="91.0" Y="124.0" />
  <Point X="92.0" Y="123.0" />
  <Point X="93.0" Y="123.0" />
  <Point X="93.0" Y="122.0" />
  <Point X="94.0" Y="121.0" />
  <Point X="94.0" Y="120.0" />
  <Point X="95.0" Y="120.0" />
  <Point X="95.0" Y="119.0" />
  <Point X="96.0" Y="118.0" />
  <Point X="97.0" Y="118.0" />
  <Point X="97.0" Y="117.0" />
  <Point X="97.0" Y="116.0" />
  <Point X="97.86285705013894" Y="116.0" />
  <Point X="98.0" Y="116.0" />
  <Point X="98.0" Y="115.0" />
  <Point X="99.0" Y="115.0" />
  <Point X="99.0" Y="114.0" />
  <Point X="100.0" Y="113.0" />
  <Point X="100.0" Y="112.0" />
  <Point X="101.0" Y="111.0" />
  <Point X="102.0" Y="111.0" />
  <Point X="102.0" Y="110.0" />
  <Point X="103.0" Y="109.0" />
  <Point X="103.0" Y="108.0" />
  <Point X="104.0" Y="108.0" />
  <Point X="104.0" Y="107.0" />
  <Point X="104.80795180067233" Y="106.19204819932767" />
  <Point X="106.0" Y="105.0" />
  <Point X="107.0" Y="104.0" />
  <Point X="108.0" Y="104.0" />
  <Point X="108.0" Y="103.0" />
  <Point X="108.0" Y="102.0" />
  <Point X="109.0" Y="102.0" />
  <Point X="109.0" Y="101.0" />
  <Point X="109.0" Y="100.0" />
  <Point X="110.0" Y="100.0" />
  <Point X="110.0" Y="99.0" />
  <Point X="110.0" Y="98.0" />
  <Point X="111.0" Y="97.0" />
  <Point X="111.0" Y="96.0" />
  <Point X="111.0081621759971" Y="96.0" />
  <Point X="112.0" Y="96.0" />
  <Point X="112.0" Y="95.0" />
  <Point X="113.0" Y="95.0" />
  <Point X="113.0" Y="94.0" />
  <Point X="113.0" Y="93.0" />
  <Point X="114.0" Y="93.0" />
  <Point X="114.0" Y="92.0" />
  <Point X="114.0" Y="91.0" />
  <Point X="115.0" Y="91.0" />
  <Point X="115.0" Y="90.0" />
  <Point X="115.0" Y="89.0" />
  <Point X="116.0" Y="88.0" />
  <Point X="117.0" Y="88.0" />
  <Point X="117.0" Y="87.0" />
  <Point X="117.0" Y="86.88365135514108" />
  <Point X="117.0" Y="86.0" />
  <Point X="118.0" Y="86.0" />
  <Point X="118.0" Y="85.0" />
  <Point X="118.0" Y="84.0" />
  <Point X="119.0" Y="84.0" />
  <Point X="119.0" Y="83.0" />
  <Point X="120.0" Y="83.0" />
  <Point X="120.0" Y="82.0" />
  <Point X="120.0" Y="81.0" />
  <Point X="121.0" Y="81.0" />
  <Point X="122.0" Y="81.0" />
  <Point X="122.0" Y="80.0" />
  <Point X="123.0" Y="80.0" />
  <Point X="123.0" Y="81.0" />
  <Point X="123.0" Y="81.63874867609383" />
  <Point X="123.0" Y="82.0" />
  <Point X="124.0" Y="82.0" />
  <Point X="125.0" Y="83.0" />
  <Point X="125.0" Y="84.0" />
  <Point X="125.0" Y="85.0" />
  <Point X="126.0" Y="85.0" />
  <Point X="126.0" Y="86.0" />
  <Point X="126.0" Y="87.0" />
  <Point X="126.0" Y="88.0" />
  <Point X="127.0" Y="89.0" />
  <Point X="127.0" Y="90.0" />
  <Point X="127.0" Y="91.0" />
  <Point X="128.0" Y="92.0" />
  <Point X="128.0" Y="92.91850802020946" />
  <Point X="128.0" Y="93.0" />
  <Point X="129.0" Y="94.0" />
  <Point X="129.0" Y="95.0" />
  <Point X="129.0" Y="96.0" />
  <Point X="129.0" Y="97.0" />
  <Point X="129.0" Y="98.0" />
  <Point X="130.0" Y="98.0" />
  <Point X="130.0" Y="99.0" />
  <Point X="130.0" Y="100.0" />
  <Point X="130.0" Y="101.0" />
  <Point X="131.0" Y="102.0" />
  <Point X="131.0" Y="103.0" />
  <Point X="131.0" Y="104.0" />
  <Point X="131.0" Y="105.0" />
  <Point X="131.0" Y="105.61248092669818" />
  <Point X="131.0" Y="106.0" />
  <Point X="132.0" Y="107.0" />
  <Point X="132.0" Y="108.0" />
  <Point X="133.0" Y="110.0" />
  <Point X="133.0" Y="111.0" />
  <Point X="133.0" Y="112.0" />
  <Point X="133.0" Y="113.0" />
  <Point X="133.0" Y="114.0" />
  <Point X="133.0" Y="115.0" />
  <Point X="134.0" Y="117.0" />
  <Point X="134.0" Y="118.0" />
  <Point X="134.0" Y="119.0" />
  <Point X="134.0" Y="119.24853144056041" />
  <Point X="134.0" Y="120.0" />
  <Point X="134.0" Y="121.0" />
  <Point X="134.0" Y="122.0" />
  <Point X="134.0" Y="123.0" />
  <Point X="134.0" Y="124.0" />
  <Point X="135.0" Y="125.0" />
  <Point X="135.0" Y="126.0" />
  <Point X="135.0" Y="127.0" />
  <Point X="136.0" Y="128.0" />
  <Point X="136.0" Y="129.0" />
  <Point X="136.0" Y="130.0" />
  <Point X="136.0" Y="131.0" />
  <Point X="136.0" Y="132.0" />
  <Point X="136.0" Y="132.94250434704912" />
  <Point X="136.0" Y="133.0" />
  <Point X="136.0" Y="134.0" />
  <Point X="136.0" Y="135.0" />
  <Point X="136.0" Y="136.0" />
  <Point X="137.0" Y="136.0" />
  <Point X="137.0" Y="137.0" />
  <Point X="137.0" Y="138.0" />
  <Point X="137.0" Y="140.0" />
  <Point X="137.0" Y="141.0" />
  <Point X="137.0" Y="142.0" />
  <Point X="137.0" Y="143.0" />
  <Point X="137.0" Y="144.0" />
  <Point X="137.0" Y="145.0" />
  <Point X="138.0" Y="146.0" />
  <Point X="138.0" Y="146.05069081591094" />
  <Point X="138.0" Y="147.0" />
  <Point X="138.0" Y="148.0" />
  <Point X="138.0" Y="149.0" />
  <Point X="138.0" Y="150.0" />
  <Point X="138.0" Y="151.0" />
  <Point X="138.0" Y="152.0" />
  <Point X="138.0" Y="153.0" />
  <Point X="139.0" Y="153.0" />
  <Point X="139.0" Y="154.0" />
  <Point X="139.0" Y="155.0" />
  <Point X="140.0" Y="155.0" />
  <Point X="140.0" Y="156.0" />
  <Point X="140.0" Y="157.0" />
  <Point X="141.0" Y="157.0" />
  <Point X="141.0" Y="157.57309084714586" />
  <Point X="141.0" Y="158.0" />
  <Point X="141.0" Y="159.0" />
  <Point X="141.0" Y="160.0" />
  <Point X="142.0" Y="160.0" />
  <Point X="142.0" Y="161.0" />
  <Point X="142.0" Y="162.0" />
  <Point X="143.0" Y="163.0" />
  <Point X="143.0" Y="164.0" />
  <Point X="144.0" Y="164.0" />
  <Point X="144.0" Y="165.0" />
  <Point X="145.0" Y="165.0" />
  <Point X="145.0" Y="166.0" />
  <Point X="146.0" Y="166.0" />
  <Point X="146.0" Y="167.0" />
  <Point X="146.0" Y="167.68127731600768" />
  <Point X="146.0" Y="168.0" />
  <Point X="147.0" Y="168.0" />
  <Point X="148.0" Y="168.0" />
  <Point X="148.0" Y="169.0" />
  <Point X="149.0" Y="170.0" />
  <Point X="149.0" Y="171.0" />
  <Point X="149.0" Y="172.0" />
  <Point X="148.0" Y="172.0" />
  <Point X="147.0" Y="172.0" />
  <Point X="146.0" Y="172.0" />
  <Point X="145.0" Y="172.0" />
  <Point X="144.0" Y="172.0" />
  <Point X="143.0" Y="172.0" />
  <Point X="142.0" Y="172.0" />
  <Point X="142.0" Y="171.2105362151305" />
  <Point X="142.0" Y="171.0" />
  <Point X="141.0" Y="171.0" />
  <Point X="140.0" Y="171.0" />
  <Point X="139.0" Y="171.0" />
  <Point X="139.0" Y="170.0" />
  <Point X="138.0" Y="170.0" />
  <Point X="137.0" Y="170.0" />
  <Point X="137.0" Y="169.0" />
  <Point X="136.0" Y="169.0" />
  <Point X="135.0" Y="169.0" />
  <Point X="134.0" Y="169.0" />
  <Point X="134.0" Y="168.0" />
  <Point X="133.0" Y="167.0" />
  <Point X="132.0" Y="167.0" />
  <Point X="131.1023497462687" Y="167.0" />
  <Point X="131.0" Y="167.0" />
  <Point X="131.0" Y="166.0" />
  <Point X="130.0" Y="166.0" />
  <Point X="129.0" Y="165.0" />
  <Point X="128.0" Y="165.0" />
  <Point X="127.0" Y="165.0" />
  <Point X="127.0" Y="164.0" />
  <Point X="126.0" Y="164.0" />
  <Point X="125.0" Y="163.0" />
  <Point X="124.0" Y="163.0" />
  <Point X="124.0" Y="162.0" />
  <Point X="123.0" Y="162.0" />
  <Point X="122.0" Y="162.0" />
  <Point X="122.0" Y="161.0" />
  <Point X="121.40837683977996" Y="161.0" />
  <Point X="121.0" Y="161.0" />
  <Point X="120.0" Y="161.0" />
  <Point X="119.0" Y="160.0" />
  <Point X="119.0" Y="159.0" />
  <Point X="118.0" Y="159.0" />
  <Point X="117.0" Y="159.0" />
  <Point X="116.0" Y="158.0" />
  <Point X="115.0" Y="158.0" />
  <Point X="114.0" Y="157.0" />
  <Point X="113.0" Y="157.0" />
  <Point X="112.0" Y="156.0" />
  <Point X="111.0" Y="156.0" />
  <Point X="110.0" Y="156.0" />
  <Point X="110.0" Y="155.54283105803742" />
  <Point X="110.0" Y="155.0" />
  <Point X="109.0" Y="155.0" />
  <Point X="109.0" Y="154.0" />
  <Point X="108.0" Y="154.0" />
  <Point X="107.0" Y="154.0" />
  <Point X="106.0" Y="153.0" />
  <Point X="105.0" Y="153.0" />
  <Point X="105.0" Y="152.0" />
  <Point X="104.0" Y="152.0" />
  <Point X="103.0" Y="152.0" />
  <Point X="102.0" Y="151.0" />
  <Point X="101.0" Y="150.0" />
  <Point X="100.0" Y="150.0" />
  <Point X="99.26307171392179" Y="150.0" />
  <Point X="99.0" Y="150.0" />
  <Point X="99.0" Y="149.0" />
  <Point X="98.0" Y="149.0" />
  <Point X="97.0" Y="148.0" />
  <Point X="96.0" Y="148.0" />
  <Point X="95.0" Y="147.0" />
  <Point X="94.0" Y="147.0" />
  <Point X="94.0" Y="146.0" />
  <Point X="93.0" Y="146.0" />
  <Point X="92.0" Y="146.0" />
  <Point X="92.0" Y="145.0" />
  <Point X="91.0" Y="145.0" />
  <Point X="90.0" Y="145.0" />
  <Point X="90.0" Y="144.0" />
  <Point X="89.56909880743306" Y="144.0" />
  <Point X="89.0" Y="144.0" />
  <Point X="89.0" Y="143.0" />
  <Point X="88.0" Y="143.0" />
  <Point X="88.0" Y="142.0" />
  <Point X="87.0" Y="142.0" />
  <Point X="86.0" Y="141.0" />
  <Point X="85.0" Y="141.0" />
  <Point X="85.0" Y="140.0" />
  <Point X="84.0" Y="140.0" />
  <Point X="83.0" Y="139.0" />
  <Point X="82.0" Y="138.0" />
  <Point X="81.0" Y="138.0" />
  <Point X="81.0" Y="137.0" />
  <Point X="80.28933946331745" Y="137.0" />
  <Point X="80.0" Y="137.0" />
  <Point X="80.0" Y="136.0" />
  <Point X="79.0" Y="136.0" />
  <Point X="78.0" Y="136.0" />
  <Point X="78.0" Y="135.0" />
  <Point X="77.0" Y="134.0" />
  <Point X="76.0" Y="134.0" />
  <Point X="75.0" Y="133.0" />
  <Point X="74.0" Y="133.0" />
  <Point X="73.0" Y="133.0" />
  <Point X="73.0" Y="132.0" />
  <Point X="72.0" Y="132.0" />
  <Point X="72.0" Y="131.0" />
  <Point X="71.0" Y="131.0" />
  <Point X="71.0" Y="130.59536655682874" />
  <Point X="71.0" Y="130.0" />
  <Point X="70.0" Y="130.0" />
  <Point X="69.0" Y="130.0" />
  <Point X="69.0" Y="129.0" />
  <Point X="68.0" Y="129.0" />
  <Point X="67.0" Y="128.0" />
  <Point X="66.0" Y="128.0" />
  <Point X="65.0" Y="128.0" />
  <Point X="65.0" Y="127.0" />
  <Point X="64.0" Y="127.0" />
  <Point X="64.0" Y="126.0" />
  <Point X="63.0" Y="126.0" />
  <Point X="62.0" Y="125.0" />
  <Point X="61.0" Y="125.0" />
  <Point X="60.93027478148737" Y="124.93027478148737" />
  <Point X="60.0" Y="124.0" />
  <Point X="58.0" Y="124.0" />
  <Point X="58.0" Y="123.0" />
  <Point X="57.0" Y="123.0" />
  <Point X="56.0" Y="123.0" />
  <Point X="56.0" Y="122.0" />
  <Point X="55.0" Y="121.0" />
  <Point X="54.0" Y="121.0" />
  <Point X="53.0" Y="121.0" />
  <Point X="53.0" Y="120.0" />
  <Point X="52.0" Y="120.0" />
  <Point X="51.0" Y="120.0" />
  <Point X="51.0" Y="119.20742074385129" />
  <Point X="51.0" Y="119.0" />
  <Point X="50.0" Y="119.0" />
  <Point X="49.0" Y="118.0" />
  <Point X="49.0" Y="117.0" />
  <Point X="48.0" Y="117.0" />
  <Point X="48.0" Y="116.0" />
  <Point X="47.0" Y="116.0" />
  <Point X="46.0" Y="116.0" />
  <Point X="46.0" Y="115.0" />
  <Point X="45.0" Y="115.0" />
  <Point X="45.0" Y="114.0" />
  <Point X="44.0" Y="113.0" />
  <Point X="43.0" Y="113.0" />
  <Point X="43.0" Y="112.0" />
  <Point X="42.51344783736256" Y="112.0" />
  <Point X="42.0" Y="112.0" />
  <Point X="42.0" Y="111.0" />
  <Point X="41.0" Y="111.0" />
  <Point X="40.0" Y="111.0" />
  <Point X="40.0" Y="110.0" />
  <Point X="39.0" Y="110.0" />
  <Point X="39.0" Y="109.0" />
  <Point X="38.0" Y="109.0" />
  <Point X="37.0" Y="109.0" />
  <Point X="37.0" Y="108.0" />
  <Point X="38.0" Y="108.0" />
  <Point X="39.0" Y="108.0" />
  <Point X="40.0" Y="108.0" />
  <Point X="41.0" Y="108.0" />
  <Point X="42.0" Y="108.0" />
  <Point X="42.00895219387235" Y="108.0" />
  <Point X="43.0" Y="108.0" />
  <Point X="44.0" Y="108.0" />
  <Point X="45.0" Y="108.0" />
  <Point X="46.0" Y="108.0" />
  <Point X="47.0" Y="108.0" />
  <Point X="48.0" Y="108.0" />
  <Point X="49.0" Y="108.0" />
  <Point X="50.0" Y="108.0" />
  <Point X="51.0" Y="108.0" />
  <Point X="52.0" Y="108.0" />
  <Point X="53.0" Y="108.0" />
  <Point X="54.0" Y="108.0" />
  <Point X="55.0" Y="108.0" />
  <Point X="56.0" Y="108.0" />
  <Point X="56.531352225107256" Y="108.0" />
  <Point X="57.0" Y="108.0" />
  <Point X="57.0" Y="109.0" />
  <Point X="58.0" Y="109.0" />
  <Point X="59.0" Y="109.0" />
  <Point X="60.0" Y="109.0" />
  <Point X="61.0" Y="109.0" />
  <Point X="62.0" Y="109.0" />
  <Point X="63.0" Y="109.0" />
  <Point X="64.0" Y="110.0" />
  <Point X="65.0" Y="110.0" />
  <Point X="66.0" Y="110.0" />
  <Point X="67.0" Y="110.0" />
  <Point X="68.0" Y="110.0" />
  <Point X="69.0" Y="110.0" />
  <Point X="69.63953869396907" Y="110.0" />
  <Point X="70.0" Y="110.0" />
  <Point X="71.0" Y="110.0" />
  <Point X="73.0" Y="110.0" />
  <Point X="73.0" Y="111.0" />
  <Point X="74.0" Y="111.0" />
  <Point X="75.0" Y="111.0" />
  <Point X="76.0" Y="111.0" />
  <Point X="77.0" Y="111.0" />
  <Point X="78.0" Y="111.0" />
  <Point X="79.0" Y="111.0" />
  <Point X="81.0" Y="111.0" />
  <Point X="82.0" Y="111.0" />
  <Point X="83.0" Y="111.0" />
  <Point X="83.16193872520398" Y="111.0" />
  <Point X="84.0" Y="111.0" />
  <Point X="85.0" Y="111.0" />
  <Point X="86.0" Y="111.0" />
  <Point X="87.0" Y="111.0" />
  <Point X="88.0" Y="112.0" />
  <Point X="89.0" Y="112.0" />
  <Point X="90.0" Y="112.0" />
  <Point X="91.0" Y="112.0" />
  <Point X="92.0" Y="112.0" />
  <Point X="93.0" Y="112.0" />
  <Point X="94.0" Y="112.0" />
  <Point X="95.0" Y="112.0" />
  <Point X="96.0" Y="112.0" />
  <Point X="97.0" Y="112.0" />
  <Point X="97.2701251940658" Y="112.0" />
  <Point X="98.0" Y="112.0" />
  <Point X="99.0" Y="112.0" />
  <Point X="100.0" Y="112.0" />
  <Point X="101.0" Y="112.0" />
  <Point X="101.0" Y="113.0" />
  <Point X="102.0" Y="113.0" />
  <Point X="104.0" Y="113.0" />
  <Point X="105.0" Y="113.0" />
  <Point X="106.0" Y="113.0" />
  <Point X="107.0" Y="113.0" />
  <Point X="108.0" Y="113.0" />
  <Point X="109.0" Y="113.0" />
  <Point X="110.0" Y="113.0" />
  <Point X="110.79252522530071" Y="113.0" />
  <Point X="111.0" Y="113.0" />
  <Point X="112.0" Y="113.0" />
  <Point X="113.0" Y="114.0" />
  <Point X="114.0" Y="114.0" />
  <Point X="115.0" Y="114.0" />
  <Point X="116.0" Y="114.0" />
  <Point X="117.0" Y="114.0" />
  <Point X="118.0" Y="114.0" />
  <Point X="119.0" Y="114.0" />
  <Point X="120.0" Y="114.0" />
  <Point X="121.0" Y="114.0" />
  <Point X="122.0" Y="114.0" />
  <Point X="123.0" Y="114.0" />
  <Point X="124.0" Y="114.0" />
  <Point X="124.90071169416252" Y="114.0" />
  <Point X="125.0" Y="114.0" />
  <Point X="125.0" Y="115.0" />
  <Point X="126.0" Y="115.0" />
  <Point X="127.0" Y="115.0" />
  <Point X="128.0" Y="115.0" />
  <Point X="129.0" Y="115.0" />
  <Point X="130.0" Y="115.0" />
  <Point X="131.0" Y="115.0" />
  <Point X="132.0" Y="115.0" />
  <Point X="133.0" Y="115.0" />
  <Point X="133.0" Y="116.0" />
  <Point X="134.0" Y="116.0" />
  <Point X="135.0" Y="116.0" />
  <Point X="136.0" Y="116.0" />
  <Point X="137.0" Y="116.0" />
  <Point X="137.42311172539743" Y="116.0" />
  <Point X="138.0" Y="116.0" />
  <Point X="139.0" Y="116.0" />
  <Point X="140.0" Y="116.0" />
  <Point X="141.0" Y="116.0" />
  <Point X="142.0" Y="116.0" />
  <Point X="143.0" Y="116.0" />
  <Point X="144.0" Y="116.0" />
  <Point X="145.0" Y="116.0" />
  <Point X="146.0" Y="116.0" />
  <Point X="147.0" Y="116.0" />
  <Point X="148.0" Y="116.0" />
  <Point X="149.0" Y="116.0" />
  <Point X="150.0" Y="116.0" />
  <Point X="151.0" Y="116.0" />
  <Point X="151.94551175663236" Y="116.0" />
  <Point X="152.0" Y="116.0" />
  <Point X="153.0" Y="116.0" />
  <Point X="154.0" Y="116.0" />
  <Point X="155.0" Y="116.0" />
  <Point X="156.0" Y="116.0" />
  <Point X="157.0" Y="116.0" />
  <Point X="158.0" Y="116.0" />
  <Point X="159.0" Y="116.0" />
  <Point X="160.0" Y="116.0" />
  <Point X="161.0" Y="116.0" />
  <Point X="162.0" Y="116.0" />
  <Point X="163.0" Y="116.0" />
  <Point X="164.0" Y="116.0" />
  <Point X="165.0" Y="116.0" />
  <Point X="166.0" Y="116.0" />
  <Point X="166.46791178786728" Y="116.0" />
  <Point X="167.0" Y="116.0" />
  <Point X="168.0" Y="116.0" />
  <Point X="169.0" Y="116.0" />
  <Point X="170.0" Y="116.0" />
  <Point X="169.0" Y="116.0" />
  <Point X="168.0" Y="116.0" />
  <Point X="168.0" Y="117.0" />
  <Point X="168.0" Y="118.0" />
  <Point X="167.0" Y="118.0" />
  <Point X="166.0" Y="118.0" />
  <Point X="166.0" Y="119.0" />
  <Point X="165.0" Y="119.0" />
  <Point X="164.0" Y="119.0" />
  <Point X="164.0" Y="120.0" />
  <Point X="163.0096881808978" Y="120.0" />
  <Point X="163.0" Y="120.0" />
  <Point X="162.0" Y="120.0" />
  <Point X="162.0" Y="121.0" />
  <Point X="161.0" Y="121.0" />
  <Point X="160.0" Y="122.0" />
  <Point X="159.0" Y="122.0" />
  <Point X="159.0" Y="123.0" />
  <Point X="158.0" Y="123.0" />
  <Point X="157.0" Y="123.0" />
  <Point X="156.0" Y="123.0" />
  <Point X="156.0" Y="124.0" />
  <Point X="155.0" Y="124.0" />
  <Point X="155.0" Y="125.0" />
  <Point X="154.0" Y="125.0" />
  <Point X="154.0" Y="126.0" />
  <Point X="153.90150171203598" Y="126.0" />
  <Point X="153.0" Y="126.0" />
  <Point X="152.0" Y="126.0" />
  <Point X="151.0" Y="127.0" />
  <Point X="150.0" Y="128.0" />
  <Point X="149.0" Y="128.0" />
  <Point X="148.0" Y="129.0" />
  <Point X="147.0" Y="129.0" />
  <Point X="146.0" Y="130.0" />
  <Point X="145.0" Y="130.0" />
  <Point X="145.0" Y="131.0" />
  <Point X="143.0" Y="131.0" />
  <Point X="142.31831790094782" Y="131.68168209905218" />
  <Point X="142.0" Y="132.0" />
  <Point X="141.0" Y="132.0" />
  <Point X="140.0" Y="132.0" />
  <Point X="139.0" Y="133.0" />
  <Point X="139.0" Y="134.0" />
  <Point X="138.0" Y="135.0" />
  <Point X="137.0" Y="135.0" />
  <Point X="136.0" Y="136.0" />
  <Point X="135.0" Y="136.0" />
  <Point X="134.0" Y="137.0" />
  <Point X="133.0" Y="137.0" />
  <Point X="132.0" Y="137.0" />
  <Point X="132.0" Y="138.0" />
  <Point X="131.584623710924" Y="138.0" />
  <Point X="131.0" Y="138.0" />
  <Point X="130.0" Y="138.0" />
  <Point X="129.0" Y="139.0" />
  <Point X="128.0" Y="139.0" />
  <Point X="127.0" Y="140.0" />
  <Point X="126.0" Y="140.0" />
  <Point X="126.0" Y="141.0" />
  <Point X="125.0" Y="141.0" />
  <Point X="124.0" Y="142.0" />
  <Point X="123.0" Y="142.0" />
  <Point X="122.0" Y="142.0" />
  <Point X="122.0" Y="143.0" />
  <Point X="120.48382459724056" Y="143.75808770137974" />
  <Point X="120.0" Y="144.0" />
  <Point X="119.0" Y="144.0" />
  <Point X="119.0" Y="145.0" />
  <Point X="118.0" Y="145.0" />
  <Point X="117.0" Y="145.0" />
  <Point X="116.0" Y="146.0" />
  <Point X="116.0" Y="147.0" />
  <Point X="115.0" Y="147.0" />
  <Point X="113.0" Y="147.0" />
  <Point X="113.0" Y="148.0" />
  <Point X="112.0" Y="148.0" />
  <Point X="112.0" Y="149.0" />
  <Point X="111.0" Y="149.0" />
  <Point X="110.43274587544634" Y="149.0" />
  <Point X="110.0" Y="149.0" />
  <Point X="109.0" Y="150.0" />
  <Point X="108.0" Y="150.0" />
  <Point X="108.0" Y="151.0" />
  <Point X="107.0" Y="151.0" />
  <Point X="107.0" Y="152.0" />
  <Point X="106.0" Y="152.0" />
  <Point X="105.0" Y="153.0" />
  <Point X="104.0" Y="153.0" />
  <Point X="104.0" Y="154.0" />
  <Point X="103.0" Y="154.0" />
  <Point X="103.0" Y="155.0" />
  <Point X="102.0" Y="155.0" />
  <Point X="102.0" Y="156.0" />
  <Point X="101.73877296895762" Y="156.0" />
  <Point X="101.0" Y="156.0" />
  <Point X="100.0" Y="156.0" />
  <Point X="100.0" Y="157.0" />
  <Point X="99.0" Y="157.0" />
  <Point X="99.0" Y="158.0" />
  <Point X="98.0" Y="158.0" />
  <Point X="97.0" Y="158.0" />
  <Point X="96.0" Y="158.0" />
  <Point X="96.0" Y="159.0" />
  <Point X="96.0" Y="160.0" />
  <Point X="95.0" Y="160.0" />
  <Point X="94.0" Y="160.0" />
  <Point X="94.0" Y="161.0" />
  <Point X="93.0" Y="161.0" />
  <Point X="92.21637293772271" Y="161.0" />
  <Point X="92.0" Y="161.0" />
  <Point X="92.0" Y="162.0" />
  <Point X="91.0" Y="162.0" />
  <Point X="90.0" Y="162.0" />
  <Point X="89.0" Y="163.0" />
  <Point X="88.0" Y="163.0" />
  <Point X="88.0" Y="164.0" />
  <Point X="87.0" Y="164.0" />
  <Point X="86.0" Y="164.0" />
  <Point X="85.0" Y="164.0" />
  <Point X="84.0" Y="165.0" />
  <Point X="83.0" Y="165.0" />
  <Point X="82.0" Y="165.0" />
  <Point X="81.0" Y="165.0" />
  <Point X="80.52240003123399" Y="165.0" />
  <Point X="80.0" Y="165.0" />
  <Point X="80.0" Y="166.0" />
  <Point X="79.0" Y="166.0" />
  <Point X="78.0" Y="166.0" />
  <Point X="78.0" Y="167.0" />
  <Point X="77.0" Y="167.0" />
  <Point X="76.0" Y="167.0" />
  <Point X="76.0" Y="168.0" />
  <Point X="75.0" Y="168.0" />
  <Point X="75.0" Y="167.0" />
  <Point X="75.0" Y="166.0" />
  <Point X="75.0" Y="165.0" />
  <Point X="75.0" Y="164.0" />
  <Point X="75.0" Y="163.0" />
  <Point X="76.0" Y="163.0" />
</Project_1_Part_4>
