<?xml version="1.0" encoding="utf-8" standalone="yes"?>
<Gesture Name="star1" Subject="1" Number="1" NumPts="292">
  <Point X="118.0" Y="69.0" />
  <Point X="119.0" Y="69.0" />
  <Point X="120.0" Y="69.0" />
  <Point X="121.0" Y="69.0" />
  <Point X="121.74443642756526" Y="69.0" />
  <Point X="122.0" Y="69.0" />
  <Point X="123.0" Y="69.0" />
  <Point X="124.0" Y="69.0" />
  <Point X="125.0" Y="69.0" />
  <Point X="125.48887285513052" Y="69.0" />
  <Point X="126.0" Y="69.0" />
  <Point X="127.0" Y="69.0" />
  <Point X="128.0" Y="69.0" />
  <Point X="129.0" Y="69.0" />
  <Point X="129.23330928269579" Y="69.0" />
  <Point X="130.0" Y="69.0" />
  <Point X="131.0" Y="69.0" />
  <Point X="132.0" Y="69.0" />
  <Point X="132.97774571026105" Y="69.0" />
  <Point X="133.0" Y="69.0" />
  <Point X="134.0" Y="69.0" />
  <Point X="135.0" Y="69.0" />
  <Point X="136.0" Y="69.0" />
  <Point X="136.7221821378263" Y="69.0" />
  <Point X="137.0" Y="69.0" />
  <Point X="138.0" Y="69.0" />
  <Point X="139.0" Y="69.0" />
  <Point X="140.0" Y="69.0" />
  <Point X="140.46661856539157" Y="69.0" />
  <Point X="141.0" Y="69.0" />
  <Point X="142.0" Y="69.0" />
  <Point X="143.0" Y="69.0" />
  <Point X="144.0" Y="69.0" />
  <Point X="144.21105499295683" Y="69.0" />
  <Point X="145.0" Y="69.0" />
  <Point X="146.0" Y="69.0" />
  <Point X="147.0" Y="69.0" />
  <Point X="147.9554914205221" Y="69.0" />
  <Point X="148.0" Y="69.0" />
  <Point X="149.0" Y="69.0" />
  <Point X="150.0" Y="69.0" />
  <Point X="151.0" Y="70.0" />
  <Point X="151.28571428571428" Y="70.0" />
  <Point X="152.0" Y="70.0" />
  <Point X="152.0" Y="71.0" />
  <Point X="153.0" Y="71.0" />
  <Point X="154.0" Y="71.0" />
  <Point X="154.03015071327954" Y="71.0" />
  <Point X="155.0" Y="71.0" />
  <Point X="156.0" Y="71.0" />
  <Point X="157.0" Y="71.0" />
  <Point X="157.54771581991125" Y="71.54771581991126" />
  <Point X="158.0" Y="72.0" />
  <Point X="159.0" Y="72.0" />
  <Point X="160.0" Y="72.0" />
  <Point X="160.0" Y="73.0" />
  <Point X="160.10481000603696" Y="73.0" />
  <Point X="161.0" Y="73.0" />
  <Point X="162.0" Y="73.0" />
  <Point X="163.0" Y="73.0" />
  <Point X="163.84924643360222" Y="73.0" />
  <Point X="164.0" Y="73.0" />
  <Point X="165.0" Y="74.0" />
  <Point X="166.0" Y="74.0" />
  <Point X="167.0" Y="74.0" />
  <Point X="167.1794692987944" Y="74.0" />
  <Point X="168.0" Y="74.0" />
  <Point X="169.0" Y="74.0" />
  <Point X="170.0" Y="74.0" />
  <Point X="170.653300004286" Y="74.65330000428601" />
  <Point X="171.0" Y="75.0" />
  <Point X="172.0" Y="75.0" />
  <Point X="173.0" Y="75.0" />
  <Point X="174.0" Y="75.0" />
  <Point X="174.25412859155185" Y="75.0" />
  <Point X="175.0" Y="75.0" />
  <Point X="176.0" Y="75.0" />
  <Point X="176.0" Y="76.0" />
  <Point X="176.0" Y="76.99856501911711" />
  <Point X="176.0" Y="77.0" />
  <Point X="177.0" Y="77.0" />
  <Point X="177.0" Y="78.0" />
  <Point X="177.0" Y="79.0" />
  <Point X="177.0" Y="79.74300144668237" />
  <Point X="177.0" Y="80.0" />
  <Point X="178.0" Y="80.0" />
  <Point X="178.0" Y="81.0" />
  <Point X="179.0" Y="82.0" />
  <Point X="179.0" Y="82.07322431187454" />
  <Point X="179.0" Y="83.0" />
  <Point X="179.0" Y="84.0" />
  <Point X="179.0" Y="85.0" />
  <Point X="179.0" Y="85.8176607394398" />
  <Point X="179.0" Y="86.0" />
  <Point X="179.0" Y="87.0" />
  <Point X="179.0" Y="88.0" />
  <Point X="179.0" Y="89.0" />
  <Point X="179.0" Y="89.56209716700506" />
  <Point X="179.0" Y="90.0" />
  <Point X="179.0" Y="91.0" />
  <Point X="179.0" Y="92.0" />
  <Point X="179.0" Y="93.0" />
  <Point X="179.0" Y="93.30653359457033" />
  <Point X="179.0" Y="94.0" />
  <Point X="179.0" Y="95.0" />
  <Point X="179.0" Y="96.0" />
  <Point X="179.0" Y="97.0" />
  <Point X="179.0" Y="97.05097002213559" />
  <Point X="179.0" Y="98.0" />
  <Point X="179.0" Y="100.0" />
  <Point X="179.0" Y="100.79540644970085" />
  <Point X="179.0" Y="101.0" />
  <Point X="179.0" Y="102.0" />
  <Point X="179.0" Y="103.0" />
  <Point X="179.0" Y="104.0" />
  <Point X="179.0" Y="104.53984287726611" />
  <Point X="179.0" Y="106.0" />
  <Point X="179.0" Y="107.0" />
  <Point X="179.0" Y="108.28427930483137" />
  <Point X="179.0" Y="109.0" />
  <Point X="179.0" Y="110.0" />
  <Point X="179.0" Y="111.0" />
  <Point X="179.0" Y="112.0" />
  <Point X="179.0" Y="112.02871573239663" />
  <Point X="179.0" Y="113.0" />
  <Point X="179.0" Y="115.0" />
  <Point X="179.0" Y="115.7731521599619" />
  <Point X="179.0" Y="116.0" />
  <Point X="179.0" Y="117.0" />
  <Point X="179.0" Y="118.0" />
  <Point X="179.0" Y="119.0" />
  <Point X="179.0" Y="119.51758858752716" />
  <Point X="179.0" Y="120.0" />
  <Point X="179.0" Y="121.0" />
  <Point X="179.0" Y="123.0" />
  <Point X="179.0" Y="123.26202501509242" />
  <Point X="179.0" Y="124.0" />
  <Point X="179.0" Y="125.0" />
  <Point X="179.0" Y="126.0" />
  <Point X="179.0" Y="127.0" />
  <Point X="179.0" Y="127.00646144265768" />
  <Point X="179.0" Y="128.0" />
  <Point X="179.0" Y="129.0" />
  <Point X="179.0" Y="130.0" />
  <Point X="179.0" Y="130.75089787022296" />
  <Point X="179.0" Y="131.0" />
  <Point X="179.0" Y="132.0" />
  <Point X="179.0" Y="133.0" />
  <Point X="179.0" Y="134.0" />
  <Point X="179.0" Y="134.49533429778822" />
  <Point X="179.0" Y="135.0" />
  <Point X="179.0" Y="136.0" />
  <Point X="180.0" Y="137.0" />
  <Point X="180.0" Y="137.82555716298037" />
  <Point X="180.0" Y="138.0" />
  <Point X="180.0" Y="139.0" />
  <Point X="180.0" Y="140.0" />
  <Point X="180.0" Y="141.0" />
  <Point X="180.0" Y="141.56999359054564" />
  <Point X="180.0" Y="142.0" />
  <Point X="180.0" Y="143.0" />
  <Point X="180.0" Y="144.0" />
  <Point X="180.0" Y="145.0" />
  <Point X="180.0" Y="145.3144300181109" />
  <Point X="180.0" Y="146.0" />
  <Point X="180.0" Y="147.0" />
  <Point X="180.0" Y="148.0" />
  <Point X="180.0" Y="149.0" />
  <Point X="180.0" Y="149.05886644567616" />
  <Point X="180.0" Y="150.0" />
  <Point X="180.0" Y="151.0" />
  <Point X="180.0" Y="152.0" />
  <Point X="180.0" Y="152.80330287324142" />
  <Point X="180.0" Y="153.0" />
  <Point X="180.0" Y="154.0" />
  <Point X="180.0" Y="155.0" />
  <Point X="180.0" Y="156.0" />
  <Point X="180.0" Y="156.54773930080668" />
  <Point X="180.0" Y="157.0" />
  <Point X="181.0" Y="158.0" />
  <Point X="181.0" Y="159.0" />
  <Point X="181.0" Y="159.87796216599884" />
  <Point X="181.0" Y="160.0" />
  <Point X="181.0" Y="161.0" />
  <Point X="181.0" Y="162.0" />
  <Point X="181.0" Y="163.0" />
  <Point X="181.0" Y="163.6223985935641" />
  <Point X="181.0" Y="164.0" />
  <Point X="181.0" Y="165.0" />
  <Point X="181.0" Y="166.0" />
  <Point X="181.0" Y="167.0" />
  <Point X="181.0" Y="167.36683502112936" />
  <Point X="181.0" Y="168.0" />
  <Point X="181.0" Y="169.0" />
  <Point X="181.0" Y="170.0" />
  <Point X="181.0" Y="171.0" />
  <Point X="181.0" Y="171.11127144869462" />
  <Point X="181.0" Y="172.0" />
  <Point X="181.0" Y="173.0" />
  <Point X="181.0" Y="174.0" />
  <Point X="181.0" Y="174.85570787625988" />
  <Point X="181.0" Y="175.0" />
  <Point X="181.0" Y="176.0" />
  <Point X="181.0" Y="177.0" />
  <Point X="180.0" Y="177.0" />
  <Point X="179.39985569617485" Y="177.0" />
  <Point X="179.0" Y="177.0" />
  <Point X="178.0" Y="177.0" />
  <Point X="177.0" Y="177.0" />
  <Point X="176.0" Y="177.0" />
  <Point X="175.6554192686096" Y="177.0" />
  <Point X="175.0" Y="177.0" />
  <Point X="174.0" Y="177.0" />
  <Point X="174.0" Y="176.0" />
  <Point X="173.0" Y="176.0" />
  <Point X="172.91098284104433" Y="176.0" />
  <Point X="172.0" Y="176.0" />
  <Point X="171.0" Y="176.0" />
  <Point X="170.0" Y="176.0" />
  <Point X="169.16654641347907" Y="176.0" />
  <Point X="169.0" Y="176.0" />
  <Point X="168.0" Y="176.0" />
  <Point X="167.0" Y="176.0" />
  <Point X="166.0" Y="176.0" />
  <Point X="165.4221099859138" Y="176.0" />
  <Point X="165.0" Y="176.0" />
  <Point X="164.0" Y="176.0" />
  <Point X="163.0" Y="176.0" />
  <Point X="162.0" Y="176.0" />
  <Point X="161.67767355834854" Y="176.0" />
  <Point X="161.0" Y="176.0" />
  <Point X="160.0" Y="176.0" />
  <Point X="160.0" Y="175.0" />
  <Point X="159.0" Y="175.0" />
  <Point X="158.93323713078328" Y="175.0" />
  <Point X="158.0" Y="175.0" />
  <Point X="157.0" Y="175.0" />
  <Point X="156.0" Y="175.0" />
  <Point X="155.18880070321802" Y="175.0" />
  <Point X="155.0" Y="175.0" />
  <Point X="154.0" Y="175.0" />
  <Point X="153.0" Y="175.0" />
  <Point X="152.0" Y="175.0" />
  <Point X="151.44436427565276" Y="175.0" />
  <Point X="151.0" Y="175.0" />
  <Point X="150.0" Y="175.0" />
  <Point X="149.0" Y="175.0" />
  <Point X="148.0" Y="175.0" />
  <Point X="147.6999278480875" Y="175.0" />
  <Point X="147.0" Y="175.0" />
  <Point X="146.0" Y="175.0" />
  <Point X="145.0" Y="175.0" />
  <Point X="144.0" Y="175.0" />
  <Point X="143.95549142052224" Y="175.0" />
  <Point X="143.0" Y="175.0" />
  <Point X="142.0" Y="175.0" />
  <Point X="141.0" Y="175.0" />
  <Point X="140.21105499295697" Y="175.0" />
  <Point X="140.0" Y="175.0" />
  <Point X="139.0" Y="175.0" />
  <Point X="138.0" Y="175.0" />
  <Point X="137.0" Y="175.0" />
  <Point X="136.4666185653917" Y="175.0" />
  <Point X="136.0" Y="175.0" />
  <Point X="135.0" Y="175.0" />
  <Point X="134.0" Y="175.0" />
  <Point X="133.0" Y="175.0" />
  <Point X="132.72218213782645" Y="175.0" />
  <Point X="132.0" Y="175.0" />
  <Point X="131.0" Y="175.0" />
  <Point X="130.0" Y="175.0" />
  <Point X="129.0" Y="175.0" />
  <Point X="128.9777457102612" Y="175.0" />
  <Point X="128.0" Y="175.0" />
  <Point X="127.0" Y="175.0" />
  <Point X="126.0" Y="175.0" />
  <Point X="125.23330928269593" Y="175.0" />
  <Point X="125.0" Y="175.0" />
  <Point X="124.0" Y="175.0" />
  <Point X="123.0" Y="175.0" />
  <Point X="122.0" Y="175.0" />
  <Point X="121.48887285513067" Y="175.0" />
  <Point X="121.0" Y="175.0" />
  <Point X="120.0" Y="175.0" />
  <Point X="119.0" Y="175.0" />
  <Point X="118.0" Y="175.0" />
  <Point X="117.7444364275654" Y="175.0" />
  <Point X="117.0" Y="175.0" />
  <Point X="116.0" Y="175.0" />
  <Point X="115.0" Y="175.0" />
  <Point X="115.0" Y="174.00000000000014" />
  <Point X="115.0" Y="174.0" />
</Project_1_Part_4>
