<?xml version="1.0" encoding="utf-8" standalone="yes"?>
<Gesture Name="star5" Subject="1" Number="1" NumPts="687">
  <Point X="41.0" Y="173.0" />
  <Point X="42.0" Y="173.0" />
  <Point X="43.0" Y="173.0" />
  <Point X="43.0" Y="172.0" />
  <Point X="44.0" Y="171.0" />
  <Point X="45.0" Y="171.0" />
  <Point X="46.0" Y="171.0" />
  <Point X="47.0" Y="170.0" />
  <Point X="48.0" Y="170.0" />
  <Point X="49.0" Y="169.0" />
  <Point X="50.0" Y="169.0" />
  <Point X="50.290063370757764" Y="169.0" />
  <Point X="51.0" Y="169.0" />
  <Point X="51.0" Y="168.0" />
  <Point X="52.0" Y="168.0" />
  <Point X="52.0" Y="167.0" />
  <Point X="53.0" Y="167.0" />
  <Point X="53.0" Y="166.0" />
  <Point X="54.0" Y="166.0" />
  <Point X="55.0" Y="165.0" />
  <Point X="56.0" Y="165.0" />
  <Point X="57.0" Y="165.0" />
  <Point X="57.0" Y="164.0" />
  <Point X="57.28889120931364" Y="163.71110879068635" />
  <Point X="58.0" Y="163.0" />
  <Point X="59.0" Y="163.0" />
  <Point X="60.0" Y="163.0" />
  <Point X="60.0" Y="162.0" />
  <Point X="61.0" Y="162.0" />
  <Point X="62.0" Y="160.0" />
  <Point X="63.0" Y="160.0" />
  <Point X="64.0" Y="160.0" />
  <Point X="65.0" Y="160.0" />
  <Point X="65.0" Y="159.0" />
  <Point X="65.29097638426589" Y="159.0" />
  <Point X="66.0" Y="159.0" />
  <Point X="66.0" Y="158.0" />
  <Point X="67.0" Y="158.0" />
  <Point X="68.0" Y="158.0" />
  <Point X="68.0" Y="157.0" />
  <Point X="69.0" Y="157.0" />
  <Point X="69.0" Y="156.0" />
  <Point X="70.0" Y="156.0" />
  <Point X="71.0" Y="156.0" />
  <Point X="72.0" Y="155.0" />
  <Point X="73.0" Y="155.0" />
  <Point X="73.40946687976984" Y="155.0" />
  <Point X="74.0" Y="155.0" />
  <Point X="74.0" Y="154.0" />
  <Point X="75.0" Y="154.0" />
  <Point X="76.0" Y="153.0" />
  <Point X="77.0" Y="152.0" />
  <Point X="78.0" Y="152.0" />
  <Point X="79.0" Y="151.0" />
  <Point X="80.0" Y="151.0" />
  <Point X="81.0" Y="151.0" />
  <Point X="82.0" Y="150.0" />
  <Point X="82.20174936497973" Y="149.79825063502025" />
  <Point X="83.0" Y="149.0" />
  <Point X="85.0" Y="148.0" />
  <Point X="86.0" Y="147.0" />
  <Point X="87.0" Y="147.0" />
  <Point X="88.0" Y="146.0" />
  <Point X="89.0" Y="145.0" />
  <Point X="90.0" Y="145.0" />
  <Point X="90.86093023039125" Y="143.2781395392175" />
  <Point X="91.0" Y="143.0" />
  <Point X="92.0" Y="143.0" />
  <Point X="92.0" Y="142.0" />
  <Point X="93.0" Y="142.0" />
  <Point X="94.0" Y="142.0" />
  <Point X="94.0" Y="141.0" />
  <Point X="95.0" Y="141.0" />
  <Point X="96.0" Y="141.0" />
  <Point X="96.0" Y="139.0" />
  <Point X="97.98717983690355" Y="138.0064100815482" />
  <Point X="98.0" Y="138.0" />
  <Point X="99.0" Y="137.0" />
  <Point X="99.0" Y="136.0" />
  <Point X="100.0" Y="136.0" />
  <Point X="101.0" Y="135.0" />
  <Point X="102.0" Y="134.0" />
  <Point X="103.0" Y="133.0" />
  <Point X="103.0" Y="132.0" />
  <Point X="104.0" Y="132.0" />
  <Point X="105.0" Y="131.0" />
  <Point X="105.0" Y="130.55269713207156" />
  <Point X="105.0" Y="130.0" />
  <Point X="106.0" Y="130.0" />
  <Point X="106.0" Y="129.0" />
  <Point X="108.0" Y="128.0" />
  <Point X="108.0" Y="127.0" />
  <Point X="109.0" Y="126.0" />
  <Point X="109.0" Y="125.0" />
  <Point X="110.0" Y="125.0" />
  <Point X="111.0" Y="124.0" />
  <Point X="111.64736461869539" Y="123.35263538130461" />
  <Point X="112.0" Y="123.0" />
  <Point X="112.0" Y="122.0" />
  <Point X="113.0" Y="122.0" />
  <Point X="113.0" Y="121.0" />
  <Point X="114.0" Y="121.0" />
  <Point X="114.0" Y="119.0" />
  <Point X="115.0" Y="119.0" />
  <Point X="115.0" Y="118.0" />
  <Point X="117.0" Y="117.0" />
  <Point X="117.0" Y="116.20206565843633" />
  <Point X="117.0" Y="116.0" />
  <Point X="118.0" Y="115.0" />
  <Point X="119.0" Y="114.0" />
  <Point X="120.0" Y="113.0" />
  <Point X="121.0" Y="112.0" />
  <Point X="121.0" Y="111.0" />
  <Point X="122.0" Y="111.0" />
  <Point X="123.0" Y="109.0" />
  <Point X="124.0" Y="109.0" />
  <Point X="124.0" Y="108.56228382755144" />
  <Point X="124.0" Y="108.0" />
  <Point X="125.0" Y="108.0" />
  <Point X="126.0" Y="107.0" />
  <Point X="126.0" Y="106.0" />
  <Point X="127.0" Y="106.0" />
  <Point X="127.0" Y="105.0" />
  <Point X="128.0" Y="105.0" />
  <Point X="129.0" Y="104.0" />
  <Point X="130.0" Y="102.0" />
  <Point X="130.90592512807962" Y="102.0" />
  <Point X="131.0" Y="102.0" />
  <Point X="132.0" Y="101.0" />
  <Point X="133.0" Y="100.0" />
  <Point X="134.0" Y="99.0" />
  <Point X="135.0" Y="99.0" />
  <Point X="135.0" Y="98.0" />
  <Point X="136.0" Y="98.0" />
  <Point X="137.0" Y="97.0" />
  <Point X="138.0" Y="97.0" />
  <Point X="138.0" Y="96.0" />
  <Point X="138.55279835893558" Y="95.44720164106442" />
  <Point X="139.0" Y="95.0" />
  <Point X="140.0" Y="95.0" />
  <Point X="141.0" Y="94.0" />
  <Point X="142.0" Y="94.0" />
  <Point X="142.0" Y="93.0" />
  <Point X="143.0" Y="93.0" />
  <Point X="143.0" Y="92.0" />
  <Point X="145.0" Y="92.0" />
  <Point X="145.0" Y="91.0" />
  <Point X="146.0" Y="91.0" />
  <Point X="146.0" Y="90.51394813040486" />
  <Point X="146.0" Y="90.0" />
  <Point X="147.0" Y="90.0" />
  <Point X="148.0" Y="89.0" />
  <Point X="149.0" Y="89.0" />
  <Point X="150.0" Y="88.0" />
  <Point X="150.0" Y="87.0" />
  <Point X="151.0" Y="87.0" />
  <Point X="152.0" Y="87.0" />
  <Point X="153.0" Y="86.0" />
  <Point X="154.0" Y="86.0" />
  <Point X="154.54879634943578" Y="85.45120365056424" />
  <Point X="155.0" Y="85.0" />
  <Point X="156.0" Y="84.0" />
  <Point X="157.0" Y="84.0" />
  <Point X="158.0" Y="83.0" />
  <Point X="159.0" Y="83.0" />
  <Point X="159.0" Y="82.0" />
  <Point X="160.0" Y="82.0" />
  <Point X="161.0" Y="82.0" />
  <Point X="162.0" Y="82.0" />
  <Point X="162.0" Y="81.0" />
  <Point X="162.0" Y="82.0" />
  <Point X="162.0" Y="82.06617861111067" />
  <Point X="162.0" Y="83.0" />
  <Point X="162.0" Y="84.0" />
  <Point X="162.0" Y="85.0" />
  <Point X="162.0" Y="86.0" />
  <Point X="162.0" Y="87.0" />
  <Point X="162.0" Y="88.0" />
  <Point X="161.0" Y="89.0" />
  <Point X="161.0" Y="90.0" />
  <Point X="160.0" Y="90.0" />
  <Point X="160.0" Y="91.0" />
  <Point X="160.0" Y="92.0" />
  <Point X="160.0" Y="92.18466910661462" />
  <Point X="160.0" Y="93.0" />
  <Point X="160.0" Y="94.0" />
  <Point X="159.0" Y="95.0" />
  <Point X="159.0" Y="96.0" />
  <Point X="159.0" Y="97.0" />
  <Point X="159.0" Y="98.0" />
  <Point X="159.0" Y="99.0" />
  <Point X="158.0" Y="100.0" />
  <Point X="158.0" Y="101.0" />
  <Point X="158.0" Y="102.0" />
  <Point X="158.0" Y="102.88894603974548" />
  <Point X="158.0" Y="103.0" />
  <Point X="157.0" Y="103.0" />
  <Point X="157.0" Y="104.0" />
  <Point X="157.0" Y="105.0" />
  <Point X="157.0" Y="106.0" />
  <Point X="157.0" Y="107.0" />
  <Point X="157.0" Y="108.0" />
  <Point X="156.0" Y="109.0" />
  <Point X="156.0" Y="110.0" />
  <Point X="156.0" Y="111.0" />
  <Point X="155.0" Y="112.0" />
  <Point X="155.0" Y="112.59322297287633" />
  <Point X="155.0" Y="113.0" />
  <Point X="155.0" Y="114.0" />
  <Point X="155.0" Y="115.0" />
  <Point X="155.0" Y="116.0" />
  <Point X="154.0" Y="117.0" />
  <Point X="153.0" Y="119.0" />
  <Point X="153.0" Y="120.0" />
  <Point X="153.0" Y="121.0" />
  <Point X="153.0" Y="122.0" />
  <Point X="153.0" Y="123.0" />
  <Point X="153.0" Y="123.4756454908805" />
  <Point X="153.0" Y="124.0" />
  <Point X="153.0" Y="125.0" />
  <Point X="153.0" Y="126.0" />
  <Point X="152.0" Y="126.0" />
  <Point X="152.0" Y="127.0" />
  <Point X="152.0" Y="128.0" />
  <Point X="152.0" Y="129.0" />
  <Point X="152.0" Y="130.0" />
  <Point X="152.0" Y="131.0" />
  <Point X="152.0" Y="132.0" />
  <Point X="152.0" Y="133.0" />
  <Point X="151.0" Y="133.0" />
  <Point X="151.0" Y="133.00834954875754" />
  <Point X="151.0" Y="135.0" />
  <Point X="151.0" Y="136.0" />
  <Point X="151.0" Y="137.0" />
  <Point X="151.0" Y="138.0" />
  <Point X="151.0" Y="139.0" />
  <Point X="151.0" Y="140.0" />
  <Point X="151.0" Y="142.0" />
  <Point X="150.0" Y="142.0" />
  <Point X="150.0" Y="143.0" />
  <Point X="150.0" Y="143.5410536066346" />
  <Point X="150.0" Y="145.0" />
  <Point X="150.0" Y="146.0" />
  <Point X="150.0" Y="147.0" />
  <Point X="149.0" Y="148.0" />
  <Point X="149.0" Y="149.0" />
  <Point X="149.0" Y="150.0" />
  <Point X="149.0" Y="152.0" />
  <Point X="149.0" Y="153.0" />
  <Point X="149.0" Y="154.0" />
  <Point X="149.0" Y="154.65954410213854" />
  <Point X="149.0" Y="155.0" />
  <Point X="149.0" Y="156.0" />
  <Point X="149.0" Y="157.0" />
  <Point X="149.0" Y="158.0" />
  <Point X="149.0" Y="159.0" />
  <Point X="149.0" Y="160.0" />
  <Point X="149.0" Y="161.0" />
  <Point X="149.0" Y="162.0" />
  <Point X="149.0" Y="163.0" />
  <Point X="149.0" Y="164.0" />
  <Point X="149.0" Y="165.0" />
  <Point X="149.0" Y="166.0" />
  <Point X="149.0" Y="166.1922481600156" />
  <Point X="149.0" Y="167.0" />
  <Point X="149.0" Y="168.0" />
  <Point X="149.0" Y="169.0" />
  <Point X="149.0" Y="170.0" />
  <Point X="149.0" Y="171.0" />
  <Point X="149.0" Y="172.0" />
  <Point X="149.0" Y="173.0" />
  <Point X="149.0" Y="174.0" />
  <Point X="149.0" Y="175.0" />
  <Point X="149.0" Y="176.0" />
  <Point X="149.0" Y="177.0" />
  <Point X="149.0" Y="177.72495221789265" />
  <Point X="149.0" Y="178.0" />
  <Point X="149.0" Y="179.0" />
  <Point X="149.0" Y="180.0" />
  <Point X="149.0" Y="181.0" />
  <Point X="148.0" Y="181.0" />
  <Point X="147.0" Y="181.0" />
  <Point X="147.0" Y="180.0" />
  <Point X="146.0" Y="180.0" />
  <Point X="145.0" Y="179.0" />
  <Point X="144.0" Y="179.0" />
  <Point X="143.0" Y="178.0" />
  <Point X="142.57077084897648" Y="178.0" />
  <Point X="142.0" Y="178.0" />
  <Point X="141.0" Y="178.0" />
  <Point X="141.0" Y="177.0" />
  <Point X="140.0" Y="177.0" />
  <Point X="139.0" Y="176.0" />
  <Point X="138.0" Y="175.0" />
  <Point X="137.0" Y="175.0" />
  <Point X="136.0" Y="174.0" />
  <Point X="135.0" Y="174.0" />
  <Point X="135.0" Y="173.0" />
  <Point X="134.28070747821872" Y="173.0" />
  <Point X="134.0" Y="173.0" />
  <Point X="133.0" Y="173.0" />
  <Point X="133.0" Y="172.0" />
  <Point X="132.0" Y="172.0" />
  <Point X="131.0" Y="171.0" />
  <Point X="130.0" Y="171.0" />
  <Point X="130.0" Y="170.0" />
  <Point X="129.0" Y="170.0" />
  <Point X="128.0" Y="169.0" />
  <Point X="127.0" Y="169.0" />
  <Point X="126.0" Y="168.0" />
  <Point X="125.99338438494159" Y="167.99338438494158" />
  <Point X="125.0" Y="167.0" />
  <Point X="124.0" Y="166.0" />
  <Point X="123.0" Y="166.0" />
  <Point X="123.0" Y="165.0" />
  <Point X="122.0" Y="165.0" />
  <Point X="121.0" Y="164.0" />
  <Point X="120.0" Y="164.0" />
  <Point X="120.0" Y="163.0" />
  <Point X="119.0" Y="163.0" />
  <Point X="118.0811718273184" Y="162.0811718273184" />
  <Point X="118.0" Y="162.0" />
  <Point X="117.0" Y="162.0" />
  <Point X="116.0" Y="161.0" />
  <Point X="116.0" Y="160.0" />
  <Point X="114.0" Y="160.0" />
  <Point X="114.0" Y="159.0" />
  <Point X="113.0" Y="158.0" />
  <Point X="112.0" Y="157.0" />
  <Point X="111.0" Y="157.0" />
  <Point X="111.0" Y="156.0" />
  <Point X="110.82473092831853" Y="156.0" />
  <Point X="109.0" Y="156.0" />
  <Point X="108.0" Y="155.0" />
  <Point X="106.0" Y="154.0" />
  <Point X="104.0" Y="152.0" />
  <Point X="103.0" Y="152.0" />
  <Point X="102.0" Y="151.0" />
  <Point X="101.42367197978312" Y="150.4236719797831" />
  <Point X="101.0" Y="150.0" />
  <Point X="99.0" Y="150.0" />
  <Point X="99.0" Y="149.0" />
  <Point X="97.0" Y="148.0" />
  <Point X="96.0" Y="147.0" />
  <Point X="95.0" Y="147.0" />
  <Point X="94.0" Y="146.0" />
  <Point X="93.0" Y="145.0" />
  <Point X="92.54516726654877" Y="145.0" />
  <Point X="92.0" Y="145.0" />
  <Point X="91.0" Y="145.0" />
  <Point X="90.0" Y="144.0" />
  <Point X="89.0" Y="143.0" />
  <Point X="88.0" Y="142.0" />
  <Point X="87.0" Y="142.0" />
  <Point X="86.0" Y="141.0" />
  <Point X="85.0" Y="140.0" />
  <Point X="84.0" Y="139.0" />
  <Point X="83.4977445829103" Y="139.0" />
  <Point X="83.0" Y="139.0" />
  <Point X="82.0" Y="138.0" />
  <Point X="81.0" Y="137.0" />
  <Point X="80.0" Y="137.0" />
  <Point X="79.0" Y="136.0" />
  <Point X="78.0" Y="136.0" />
  <Point X="77.0" Y="135.0" />
  <Point X="76.0" Y="135.0" />
  <Point X="76.0" Y="134.0" />
  <Point X="75.02553244987845" Y="133.02553244987845" />
  <Point X="75.0" Y="133.0" />
  <Point X="74.0" Y="133.0" />
  <Point X="73.0" Y="132.0" />
  <Point X="72.0" Y="132.0" />
  <Point X="71.0" Y="131.0" />
  <Point X="70.0" Y="131.0" />
  <Point X="70.0" Y="130.0" />
  <Point X="69.0" Y="130.0" />
  <Point X="68.0" Y="130.0" />
  <Point X="67.0" Y="129.0" />
  <Point X="66.11331989225526" Y="128.11331989225528" />
  <Point X="66.0" Y="128.0" />
  <Point X="65.0" Y="128.0" />
  <Point X="64.0" Y="127.0" />
  <Point X="63.0" Y="126.0" />
  <Point X="62.0" Y="126.0" />
  <Point X="62.0" Y="125.0" />
  <Point X="61.0" Y="125.0" />
  <Point X="61.0" Y="124.0" />
  <Point X="60.0" Y="124.0" />
  <Point X="59.0" Y="123.0" />
  <Point X="58.20110733463208" Y="122.20110733463208" />
  <Point X="58.0" Y="122.0" />
  <Point X="57.0" Y="121.0" />
  <Point X="56.0" Y="121.0" />
  <Point X="56.0" Y="120.0" />
  <Point X="55.0" Y="119.0" />
  <Point X="54.0" Y="119.0" />
  <Point X="54.0" Y="118.0" />
  <Point X="53.0" Y="118.0" />
  <Point X="53.0" Y="117.0" />
  <Point X="52.0" Y="117.0" />
  <Point X="51.0" Y="116.0" />
  <Point X="50.99434534937163" Y="116.0" />
  <Point X="50.0" Y="116.0" />
  <Point X="49.0" Y="116.0" />
  <Point X="49.0" Y="115.0" />
  <Point X="48.0" Y="115.0" />
  <Point X="48.0" Y="114.0" />
  <Point X="47.0" Y="114.0" />
  <Point X="47.0" Y="113.0" />
  <Point X="46.0" Y="113.0" />
  <Point X="46.0" Y="112.0" />
  <Point X="47.0" Y="112.0" />
  <Point X="48.0" Y="112.0" />
  <Point X="48.53835870850542" Y="112.0" />
  <Point X="49.0" Y="112.0" />
  <Point X="50.0" Y="112.0" />
  <Point X="51.0" Y="112.0" />
  <Point X="52.0" Y="112.0" />
  <Point X="53.0" Y="112.0" />
  <Point X="54.0" Y="112.0" />
  <Point X="55.0" Y="112.0" />
  <Point X="56.0" Y="112.0" />
  <Point X="57.0" Y="112.0" />
  <Point X="58.0" Y="112.0" />
  <Point X="59.0" Y="112.0" />
  <Point X="60.0" Y="112.0" />
  <Point X="60.07106276638247" Y="112.0" />
  <Point X="61.0" Y="112.0" />
  <Point X="63.0" Y="112.0" />
  <Point X="64.0" Y="113.0" />
  <Point X="65.0" Y="113.0" />
  <Point X="67.0" Y="113.0" />
  <Point X="67.0" Y="114.0" />
  <Point X="68.0" Y="114.0" />
  <Point X="69.0" Y="114.0" />
  <Point X="70.0" Y="114.0" />
  <Point X="70.18955326188642" Y="114.0" />
  <Point X="71.0" Y="114.0" />
  <Point X="73.0" Y="114.0" />
  <Point X="74.0" Y="114.0" />
  <Point X="75.0" Y="114.0" />
  <Point X="76.0" Y="114.0" />
  <Point X="77.0" Y="114.0" />
  <Point X="78.0" Y="114.0" />
  <Point X="80.0" Y="114.0" />
  <Point X="81.0" Y="114.0" />
  <Point X="81.72225731976347" Y="114.0" />
  <Point X="82.0" Y="114.0" />
  <Point X="83.0" Y="114.0" />
  <Point X="84.0" Y="114.0" />
  <Point X="86.0" Y="114.0" />
  <Point X="87.0" Y="114.0" />
  <Point X="89.0" Y="114.0" />
  <Point X="91.0" Y="115.0" />
  <Point X="93.0" Y="115.0" />
  <Point X="93.01889340014073" Y="115.0" />
  <Point X="94.0" Y="115.0" />
  <Point X="95.0" Y="115.0" />
  <Point X="96.0" Y="115.0" />
  <Point X="97.0" Y="115.0" />
  <Point X="98.0" Y="115.0" />
  <Point X="100.0" Y="115.0" />
  <Point X="101.0" Y="115.0" />
  <Point X="102.0" Y="115.0" />
  <Point X="103.0" Y="115.0" />
  <Point X="104.0" Y="115.0" />
  <Point X="104.55159745801778" Y="115.0" />
  <Point X="105.0" Y="115.0" />
  <Point X="106.0" Y="115.0" />
  <Point X="108.0" Y="115.0" />
  <Point X="110.0" Y="115.0" />
  <Point X="111.0" Y="115.0" />
  <Point X="112.0" Y="115.0" />
  <Point X="113.0" Y="115.0" />
  <Point X="115.0" Y="115.0" />
  <Point X="116.0" Y="115.0" />
  <Point X="116.07540156805885" Y="115.03770078402943" />
  <Point X="118.0" Y="116.0" />
  <Point X="119.0" Y="116.0" />
  <Point X="120.0" Y="117.0" />
  <Point X="121.0" Y="117.0" />
  <Point X="123.0" Y="117.0" />
  <Point X="124.0" Y="117.0" />
  <Point X="126.0" Y="117.0" />
  <Point X="126.966724033899" Y="117.0" />
  <Point X="127.0" Y="117.0" />
  <Point X="128.0" Y="117.0" />
  <Point X="129.0" Y="117.0" />
  <Point X="130.0" Y="117.0" />
  <Point X="131.0" Y="117.0" />
  <Point X="132.0" Y="117.0" />
  <Point X="133.0" Y="117.0" />
  <Point X="135.0" Y="117.0" />
  <Point X="136.0" Y="117.0" />
  <Point X="137.0" Y="117.0" />
  <Point X="138.49942809177605" Y="117.0" />
  <Point X="139.0" Y="117.0" />
  <Point X="140.0" Y="117.0" />
  <Point X="141.0" Y="117.0" />
  <Point X="142.0" Y="117.0" />
  <Point X="143.0" Y="117.0" />
  <Point X="144.0" Y="117.0" />
  <Point X="145.0" Y="117.0" />
  <Point X="146.0" Y="117.0" />
  <Point X="147.0" Y="117.0" />
  <Point X="148.0" Y="117.0" />
  <Point X="148.0" Y="118.0" />
  <Point X="149.0321321496531" Y="118.0" />
  <Point X="150.0" Y="118.0" />
  <Point X="151.0" Y="118.0" />
  <Point X="152.0" Y="118.0" />
  <Point X="153.0" Y="118.0" />
  <Point X="154.0" Y="119.0" />
  <Point X="155.0" Y="119.0" />
  <Point X="156.0" Y="119.0" />
  <Point X="157.0" Y="119.0" />
  <Point X="158.0" Y="119.0" />
  <Point X="159.0" Y="119.0" />
  <Point X="160.0" Y="119.0" />
  <Point X="160.15062264515706" Y="119.0" />
  <Point X="161.0" Y="119.0" />
  <Point X="162.0" Y="119.0" />
  <Point X="163.0" Y="119.0" />
  <Point X="164.0" Y="119.0" />
  <Point X="165.0" Y="119.0" />
  <Point X="166.0" Y="119.0" />
  <Point X="167.0" Y="119.0" />
  <Point X="168.0" Y="119.0" />
  <Point X="169.0" Y="119.0" />
  <Point X="170.0" Y="119.0" />
  <Point X="171.0" Y="119.0" />
  <Point X="171.6833267030341" Y="119.0" />
  <Point X="172.0" Y="119.0" />
  <Point X="173.0" Y="119.0" />
  <Point X="174.0" Y="119.0" />
  <Point X="175.0" Y="119.0" />
  <Point X="176.0" Y="119.0" />
  <Point X="177.0" Y="119.0" />
  <Point X="178.0" Y="119.0" />
  <Point X="179.0" Y="119.0" />
  <Point X="180.0" Y="119.0" />
  <Point X="181.0" Y="119.0" />
  <Point X="182.0" Y="119.0" />
  <Point X="183.0" Y="119.0" />
  <Point X="183.21603076091117" Y="119.0" />
  <Point X="184.0" Y="119.0" />
  <Point X="185.0" Y="119.0" />
  <Point X="186.0" Y="119.0" />
  <Point X="187.0" Y="119.0" />
  <Point X="188.0" Y="119.0" />
  <Point X="189.0" Y="119.0" />
  <Point X="190.0" Y="119.0" />
  <Point X="191.0" Y="119.0" />
  <Point X="191.0" Y="120.0" />
  <Point X="190.0" Y="120.0" />
  <Point X="189.0" Y="120.0" />
  <Point X="189.0" Y="120.74873481878822" />
  <Point X="189.0" Y="121.0" />
  <Point X="188.0" Y="121.0" />
  <Point X="188.0" Y="122.0" />
  <Point X="187.0" Y="122.0" />
  <Point X="187.0" Y="123.0" />
  <Point X="186.0" Y="123.0" />
  <Point X="185.0" Y="124.0" />
  <Point X="184.0" Y="124.0" />
  <Point X="184.0" Y="125.0" />
  <Point X="183.0" Y="125.0" />
  <Point X="183.0" Y="126.0" />
  <Point X="182.13277468570783" Y="126.0" />
  <Point X="182.0" Y="126.0" />
  <Point X="181.0" Y="126.0" />
  <Point X="180.0" Y="127.0" />
  <Point X="179.0" Y="128.0" />
  <Point X="178.0" Y="128.0" />
  <Point X="177.0" Y="129.0" />
  <Point X="176.0" Y="129.0" />
  <Point X="176.0" Y="130.0" />
  <Point X="175.0" Y="130.0" />
  <Point X="174.0" Y="130.0" />
  <Point X="173.18167332301073" Y="130.81832667698927" />
  <Point X="173.0" Y="131.0" />
  <Point X="173.0" Y="132.0" />
  <Point X="172.0" Y="132.0" />
  <Point X="171.0" Y="132.0" />
  <Point X="170.0" Y="133.0" />
  <Point X="169.0" Y="133.0" />
  <Point X="168.0" Y="134.0" />
  <Point X="168.0" Y="135.0" />
  <Point X="167.0" Y="135.0" />
  <Point X="166.0" Y="136.0" />
  <Point X="164.9668615065654" Y="136.0" />
  <Point X="164.0" Y="136.0" />
  <Point X="163.0" Y="137.0" />
  <Point X="162.0" Y="138.0" />
  <Point X="161.0" Y="139.0" />
  <Point X="160.0" Y="139.0" />
  <Point X="159.0" Y="139.0" />
  <Point X="159.0" Y="140.0" />
  <Point X="157.0" Y="140.0" />
  <Point X="157.0" Y="141.0" />
  <Point X="156.67679813580764" Y="141.0" />
  <Point X="156.0" Y="141.0" />
  <Point X="155.0" Y="142.0" />
  <Point X="154.0" Y="142.0" />
  <Point X="153.0" Y="143.0" />
  <Point X="152.0" Y="144.0" />
  <Point X="151.0" Y="144.0" />
  <Point X="150.0" Y="144.0" />
  <Point X="150.0" Y="145.0" />
  <Point X="149.0" Y="145.0" />
  <Point X="148.0" Y="146.0" />
  <Point X="147.800948327423" Y="146.0" />
  <Point X="147.0" Y="146.0" />
  <Point X="145.0" Y="147.0" />
  <Point X="145.0" Y="148.0" />
  <Point X="144.0" Y="148.0" />
  <Point X="143.0" Y="148.0" />
  <Point X="143.0" Y="149.0" />
  <Point X="142.0" Y="149.0" />
  <Point X="141.0" Y="150.0" />
  <Point X="140.0" Y="150.0" />
  <Point X="140.0" Y="151.0" />
  <Point X="139.9185258094188" Y="151.0" />
  <Point X="139.0" Y="151.0" />
  <Point X="138.0" Y="152.0" />
  <Point X="137.0" Y="152.0" />
  <Point X="136.0" Y="153.0" />
  <Point X="135.0" Y="154.0" />
  <Point X="134.0" Y="154.0" />
  <Point X="133.0" Y="155.0" />
  <Point X="132.0" Y="156.0" />
  <Point X="131.0" Y="156.0" />
  <Point X="131.0" Y="156.54311043659277" />
  <Point X="131.0" Y="157.0" />
  <Point X="129.0" Y="158.0" />
  <Point X="128.0" Y="159.0" />
  <Point X="127.0" Y="159.0" />
  <Point X="127.0" Y="160.0" />
  <Point X="126.0" Y="160.0" />
  <Point X="125.0" Y="160.0" />
  <Point X="125.0" Y="161.0" />
  <Point X="123.0" Y="161.0" />
  <Point X="122.69910276218616" Y="161.30089723781384" />
  <Point X="122.0" Y="162.0" />
  <Point X="121.0" Y="163.0" />
  <Point X="120.0" Y="164.0" />
  <Point X="119.0" Y="164.0" />
  <Point X="118.0" Y="164.0" />
  <Point X="117.0" Y="165.0" />
  <Point X="116.0" Y="165.0" />
  <Point X="115.0" Y="166.0" />
  <Point X="114.0" Y="167.0" />
  <Point X="113.52704436176458" Y="167.0" />
  <Point X="113.0" Y="167.0" />
  <Point X="112.0" Y="167.0" />
  <Point X="111.0" Y="168.0" />
  <Point X="111.0" Y="169.0" />
  <Point X="109.0" Y="169.0" />
  <Point X="108.0" Y="169.0" />
  <Point X="108.0" Y="170.0" />
  <Point X="107.0" Y="171.0" />
  <Point X="106.0" Y="171.0" />
  <Point X="105.0" Y="171.0" />
  <Point X="104.82276742863372" Y="171.0" />
  <Point X="104.0" Y="171.0" />
  <Point X="104.0" Y="172.0" />
  <Point X="103.0" Y="173.0" />
  <Point X="102.0" Y="173.0" />
  <Point X="101.0" Y="173.0" />
  <Point X="100.0" Y="173.0" />
  <Point X="100.0" Y="174.0" />
  <Point X="99.0" Y="174.0" />
  <Point X="98.0" Y="174.0" />
  <Point X="97.0" Y="175.0" />
  <Point X="96.11849049550287" Y="175.0" />
  <Point X="96.0" Y="175.0" />
  <Point X="95.0" Y="175.0" />
  <Point X="94.0" Y="175.0" />
  <Point X="93.0" Y="175.0" />
  <Point X="93.0" Y="174.0" />
  <Point X="93.0" Y="173.0" />
  <Point X="93.0" Y="172.0" />
  <Point X="93.0" Y="171.0" />
  <Point X="94.0" Y="171.0" />
  <Point X="95.0" Y="171.0" />
  <Point X="96.0" Y="170.0" />
  <Point X="97.0" Y="170.0" />
</Project_1_Part_4>
