<?xml version="1.0" encoding="utf-8" standalone="yes"?>
<Gesture Name="triangle5" Subject="1" Number="1" NumPts="353">
  <Point X="117.0" Y="90.0" />
  <Point X="117.0" Y="91.0" />
  <Point X="116.0" Y="91.0" />
  <Point X="116.0" Y="92.0" />
  <Point X="116.0" Y="93.0" />
  <Point X="115.0" Y="93.0" />
  <Point X="115.0" Y="93.09834856337926" />
  <Point X="115.0" Y="94.0" />
  <Point X="115.0" Y="95.0" />
  <Point X="114.0" Y="95.0" />
  <Point X="114.0" Y="96.0" />
  <Point X="113.1538073466426" Y="96.8461926533574" />
  <Point X="113.0" Y="97.0" />
  <Point X="113.0" Y="98.0" />
  <Point X="112.0" Y="99.0" />
  <Point X="111.0" Y="99.0" />
  <Point X="111.0" Y="100.0" />
  <Point X="111.0" Y="100.4666185653916" />
  <Point X="111.0" Y="101.0" />
  <Point X="110.0" Y="101.0" />
  <Point X="110.0" Y="102.0" />
  <Point X="110.0" Y="103.0" />
  <Point X="109.0" Y="103.0" />
  <Point X="109.0" Y="103.56496712877086" />
  <Point X="109.0" Y="104.0" />
  <Point X="108.0" Y="105.0" />
  <Point X="107.0" Y="105.0" />
  <Point X="107.0" Y="106.0" />
  <Point X="106.1167514136401" Y="106.8832485863599" />
  <Point X="106.0" Y="107.0" />
  <Point X="106.0" Y="108.0" />
  <Point X="105.0" Y="108.0" />
  <Point X="105.0" Y="109.0" />
  <Point X="105.0" Y="110.0" />
  <Point X="104.0667628692168" Y="110.0" />
  <Point X="104.0" Y="110.0" />
  <Point X="104.0" Y="111.0" />
  <Point X="103.0" Y="111.0" />
  <Point X="103.0" Y="112.0" />
  <Point X="102.0" Y="113.0" />
  <Point X="102.0" Y="113.61737213178937" />
  <Point X="102.0" Y="114.0" />
  <Point X="101.0" Y="115.0" />
  <Point X="100.0" Y="115.0" />
  <Point X="100.0" Y="116.0" />
  <Point X="99.07969548063761" Y="116.92030451936239" />
  <Point X="99.0" Y="117.0" />
  <Point X="99.0" Y="118.0" />
  <Point X="97.0" Y="118.0" />
  <Point X="97.0" Y="119.0" />
  <Point X="96.30304576336563" Y="119.69695423663437" />
  <Point X="96.0" Y="120.0" />
  <Point X="96.0" Y="121.0" />
  <Point X="95.0" Y="122.0" />
  <Point X="94.0" Y="123.0" />
  <Point X="93.405075702534" Y="123.594924297466" />
  <Point X="93.0" Y="124.0" />
  <Point X="92.0" Y="125.0" />
  <Point X="92.0" Y="126.0" />
  <Point X="91.0" Y="126.0" />
  <Point X="91.0" Y="127.0" />
  <Point X="90.92131920407547" Y="127.07868079592453" />
  <Point X="90.0" Y="128.0" />
  <Point X="89.0" Y="128.0" />
  <Point X="89.0" Y="129.0" />
  <Point X="88.0" Y="130.0" />
  <Point X="87.7304559244304" Y="130.2695440755696" />
  <Point X="87.0" Y="131.0" />
  <Point X="87.0" Y="133.0" />
  <Point X="86.0" Y="133.0" />
  <Point X="85.24669942597187" Y="133.75330057402812" />
  <Point X="85.0" Y="134.0" />
  <Point X="84.0" Y="134.0" />
  <Point X="84.0" Y="135.0" />
  <Point X="84.0" Y="136.0" />
  <Point X="83.0" Y="136.0" />
  <Point X="82.47004970869989" Y="136.5299502913001" />
  <Point X="82.0" Y="137.0" />
  <Point X="82.0" Y="138.0" />
  <Point X="81.0" Y="139.0" />
  <Point X="81.0" Y="140.0" />
  <Point X="80.0" Y="140.0" />
  <Point X="80.0" Y="140.01938432797326" />
  <Point X="80.0" Y="141.0" />
  <Point X="79.0" Y="141.0" />
  <Point X="78.0" Y="141.0" />
  <Point X="78.0" Y="142.0" />
  <Point X="78.0" Y="143.0" />
  <Point X="77.88226710864748" Y="143.0" />
  <Point X="77.0" Y="143.0" />
  <Point X="77.0" Y="144.0" />
  <Point X="76.0" Y="145.0" />
  <Point X="75.0" Y="145.0" />
  <Point X="75.0" Y="145.8018678923587" />
  <Point X="75.0" Y="146.0" />
  <Point X="75.0" Y="147.0" />
  <Point X="74.0" Y="147.0" />
  <Point X="74.0" Y="148.0" />
  <Point X="73.0" Y="148.0" />
  <Point X="73.0" Y="148.90021645573796" />
  <Point X="73.0" Y="149.0" />
  <Point X="72.0" Y="149.0" />
  <Point X="72.0" Y="150.0" />
  <Point X="72.0" Y="151.0" />
  <Point X="71.0" Y="151.0" />
  <Point X="71.0" Y="151.99856501911722" />
  <Point X="71.0" Y="152.0" />
  <Point X="70.0" Y="152.0" />
  <Point X="69.0" Y="152.0" />
  <Point X="69.0" Y="153.0" />
  <Point X="68.0" Y="154.0" />
  <Point X="68.0" Y="154.68270002012338" />
  <Point X="68.0" Y="155.0" />
  <Point X="67.0" Y="155.0" />
  <Point X="67.0" Y="156.0" />
  <Point X="66.0" Y="157.0" />
  <Point X="65.0" Y="157.0" />
  <Point X="65.0" Y="157.36683502112953" />
  <Point X="65.0" Y="158.0" />
  <Point X="64.0" Y="159.0" />
  <Point X="64.0" Y="160.0" />
  <Point X="63.0" Y="160.0" />
  <Point X="62.0" Y="160.0" />
  <Point X="62.0" Y="160.0509700221357" />
  <Point X="62.0" Y="161.0" />
  <Point X="62.0" Y="162.0" />
  <Point X="61.0" Y="162.0" />
  <Point X="61.0" Y="163.0" />
  <Point X="61.0" Y="164.0" />
  <Point X="61.14931858551495" Y="164.0" />
  <Point X="62.0" Y="164.0" />
  <Point X="63.0" Y="165.0" />
  <Point X="64.0" Y="165.0" />
  <Point X="65.0" Y="165.0" />
  <Point X="65.83345358652112" Y="165.0" />
  <Point X="66.0" Y="165.0" />
  <Point X="67.0" Y="165.0" />
  <Point X="67.0" Y="166.0" />
  <Point X="68.0" Y="166.0" />
  <Point X="69.0" Y="166.0" />
  <Point X="69.93180214990038" Y="166.0" />
  <Point X="70.0" Y="166.0" />
  <Point X="71.0" Y="166.0" />
  <Point X="72.0" Y="166.0" />
  <Point X="73.0" Y="166.0" />
  <Point X="74.0" Y="166.0" />
  <Point X="75.0" Y="166.0" />
  <Point X="75.03015071327964" Y="166.0" />
  <Point X="76.0" Y="166.0" />
  <Point X="77.0" Y="166.0" />
  <Point X="78.0" Y="166.0" />
  <Point X="79.0" Y="166.0" />
  <Point X="80.0" Y="166.0" />
  <Point X="80.1284992766589" Y="166.0" />
  <Point X="81.0" Y="166.0" />
  <Point X="82.0" Y="166.0" />
  <Point X="83.0" Y="166.0" />
  <Point X="84.0" Y="166.0" />
  <Point X="85.0" Y="166.0" />
  <Point X="85.22684784003816" Y="166.0" />
  <Point X="86.0" Y="166.0" />
  <Point X="87.0" Y="166.0" />
  <Point X="88.0" Y="166.0" />
  <Point X="89.0" Y="166.0" />
  <Point X="90.0" Y="166.0" />
  <Point X="90.32519640341742" Y="166.0" />
  <Point X="91.0" Y="166.0" />
  <Point X="92.0" Y="166.0" />
  <Point X="93.0" Y="166.0" />
  <Point X="94.0" Y="166.0" />
  <Point X="95.0" Y="166.0" />
  <Point X="95.42354496679668" Y="166.0" />
  <Point X="97.0" Y="166.0" />
  <Point X="98.0" Y="166.0" />
  <Point X="100.0" Y="166.0" />
  <Point X="100.52189353017594" Y="166.0" />
  <Point X="101.0" Y="166.0" />
  <Point X="102.0" Y="166.0" />
  <Point X="103.0" Y="166.0" />
  <Point X="105.0" Y="166.0" />
  <Point X="105.6202420935552" Y="166.0" />
  <Point X="106.0" Y="166.0" />
  <Point X="107.0" Y="166.0" />
  <Point X="108.0" Y="166.0" />
  <Point X="109.0" Y="166.0" />
  <Point X="110.0" Y="166.0" />
  <Point X="110.71859065693447" Y="166.0" />
  <Point X="112.0" Y="166.0" />
  <Point X="113.0" Y="166.0" />
  <Point X="114.0" Y="166.0" />
  <Point X="115.0" Y="166.0" />
  <Point X="115.81693922031373" Y="166.0" />
  <Point X="116.0" Y="166.0" />
  <Point X="117.0" Y="166.0" />
  <Point X="118.0" Y="165.0" />
  <Point X="119.0" Y="165.0" />
  <Point X="120.0" Y="165.0" />
  <Point X="120.5010742213199" Y="165.0" />
  <Point X="121.0" Y="165.0" />
  <Point X="122.0" Y="165.0" />
  <Point X="123.0" Y="165.0" />
  <Point X="124.0" Y="164.0" />
  <Point X="125.0" Y="164.0" />
  <Point X="125.18520922232607" Y="164.0" />
  <Point X="126.0" Y="164.0" />
  <Point X="127.0" Y="164.0" />
  <Point X="129.0" Y="164.0" />
  <Point X="130.0" Y="164.0" />
  <Point X="130.28355778570534" Y="164.0" />
  <Point X="131.0" Y="164.0" />
  <Point X="132.0" Y="164.0" />
  <Point X="133.0" Y="164.0" />
  <Point X="134.0" Y="163.0" />
  <Point X="134.9676927867115" Y="163.0" />
  <Point X="135.0" Y="163.0" />
  <Point X="136.0" Y="163.0" />
  <Point X="137.0" Y="163.0" />
  <Point X="138.0" Y="163.0" />
  <Point X="139.0" Y="163.0" />
  <Point X="140.0" Y="163.0" />
  <Point X="140.06604135009076" Y="163.0" />
  <Point X="141.0" Y="163.0" />
  <Point X="142.0" Y="163.0" />
  <Point X="143.0" Y="163.0" />
  <Point X="144.0" Y="162.0" />
  <Point X="144.7501763510969" Y="162.0" />
  <Point X="145.0" Y="162.0" />
  <Point X="145.0" Y="161.0" />
  <Point X="146.0" Y="161.0" />
  <Point X="147.0" Y="161.0" />
  <Point X="148.0" Y="161.0" />
  <Point X="148.84852491447617" Y="161.0" />
  <Point X="149.0" Y="161.0" />
  <Point X="150.0" Y="161.0" />
  <Point X="151.0" Y="161.0" />
  <Point X="152.0" Y="161.0" />
  <Point X="153.0" Y="161.0" />
  <Point X="153.94687347785543" Y="161.0" />
  <Point X="154.0" Y="161.0" />
  <Point X="155.0" Y="161.0" />
  <Point X="156.0" Y="161.0" />
  <Point X="157.0" Y="161.0" />
  <Point X="158.0" Y="161.0" />
  <Point X="159.0" Y="161.0" />
  <Point X="159.0452220412347" Y="161.0" />
  <Point X="160.0" Y="161.0" />
  <Point X="161.0" Y="161.0" />
  <Point X="162.0" Y="161.0" />
  <Point X="163.0" Y="161.0" />
  <Point X="163.0" Y="160.0" />
  <Point X="162.85642939538604" Y="160.0" />
  <Point X="162.0" Y="160.0" />
  <Point X="162.0" Y="159.0" />
  <Point X="161.0" Y="159.0" />
  <Point X="160.0" Y="159.0" />
  <Point X="160.0" Y="158.0" />
  <Point X="159.75808083200678" Y="158.0" />
  <Point X="159.0" Y="158.0" />
  <Point X="159.0" Y="157.0" />
  <Point X="159.0" Y="156.0" />
  <Point X="158.0" Y="156.0" />
  <Point X="158.0" Y="155.0" />
  <Point X="157.65973226862752" Y="155.0" />
  <Point X="157.0" Y="155.0" />
  <Point X="156.0" Y="154.0" />
  <Point X="155.0" Y="153.0" />
  <Point X="155.0" Y="152.0" />
  <Point X="154.38981082999445" Y="152.0" />
  <Point X="154.0" Y="152.0" />
  <Point X="154.0" Y="151.0" />
  <Point X="153.0" Y="151.0" />
  <Point X="153.0" Y="150.0" />
  <Point X="152.0" Y="149.0" />
  <Point X="152.0" Y="148.70567582898826" />
  <Point X="152.0" Y="148.0" />
  <Point X="151.0" Y="148.0" />
  <Point X="151.0" Y="147.0" />
  <Point X="150.0" Y="146.0" />
  <Point X="150.0" Y="145.0215408279821" />
  <Point X="150.0" Y="145.0" />
  <Point X="149.0" Y="145.0" />
  <Point X="148.0" Y="144.0" />
  <Point X="148.0" Y="143.0" />
  <Point X="147.0" Y="142.0" />
  <Point X="146.82436838589345" Y="141.82436838589345" />
  <Point X="146.0" Y="141.0" />
  <Point X="145.0" Y="140.0" />
  <Point X="144.0" Y="139.0" />
  <Point X="144.0" Y="138.0" />
  <Point X="143.92639832506183" Y="137.92639832506183" />
  <Point X="143.0" Y="137.0" />
  <Point X="141.0" Y="135.0" />
  <Point X="141.0" Y="134.0402036368291" />
  <Point X="141.0" Y="134.0" />
  <Point X="140.0" Y="134.0" />
  <Point X="140.0" Y="133.0" />
  <Point X="139.0" Y="132.0" />
  <Point X="138.0" Y="131.0" />
  <Point X="137.83756498458513" Y="130.83756498458513" />
  <Point X="137.0" Y="130.0" />
  <Point X="137.0" Y="129.0" />
  <Point X="136.0" Y="128.0" />
  <Point X="135.0" Y="127.0" />
  <Point X="135.0" Y="126.91457432193603" />
  <Point X="135.0" Y="126.0" />
  <Point X="134.0" Y="126.0" />
  <Point X="134.0" Y="125.0" />
  <Point X="133.0" Y="125.0" />
  <Point X="133.0" Y="124.0" />
  <Point X="132.87005198766806" Y="123.87005198766808" />
  <Point X="132.0" Y="123.0" />
  <Point X="131.0" Y="122.0" />
  <Point X="130.0" Y="121.0" />
  <Point X="130.0" Y="120.0" />
  <Point X="129.97208192683644" Y="119.97208192683645" />
  <Point X="129.0" Y="119.0" />
  <Point X="128.0" Y="118.0" />
  <Point X="127.0" Y="117.0" />
  <Point X="126.36700508481827" Y="116.36700508481827" />
  <Point X="126.0" Y="116.0" />
  <Point X="126.0" Y="115.0" />
  <Point X="125.0" Y="114.0" />
  <Point X="124.0" Y="113.0" />
  <Point X="123.46903502398665" Y="112.46903502398665" />
  <Point X="123.0" Y="112.0" />
  <Point X="123.0" Y="111.0" />
  <Point X="122.0" Y="111.0" />
  <Point X="122.0" Y="110.0" />
  <Point X="121.0" Y="109.0" />
  <Point X="121.0" Y="108.97918069114374" />
  <Point X="121.0" Y="108.0" />
  <Point X="120.0" Y="108.0" />
  <Point X="120.0" Y="107.0" />
  <Point X="119.0" Y="107.0" />
  <Point X="119.0" Y="106.0" />
  <Point X="118.88083212776448" Y="106.0" />
  <Point X="118.0" Y="106.0" />
  <Point X="118.0" Y="105.0" />
  <Point X="117.0" Y="105.0" />
  <Point X="117.0" Y="104.0" />
  <Point X="117.0" Y="103.0" />
  <Point X="116.78248356438522" Y="103.0" />
  <Point X="116.0" Y="103.0" />
  <Point X="115.0" Y="103.0" />
  <Point X="115.0" Y="102.0" />
  <Point X="114.0" Y="101.0" />
  <Point X="113.09834856337905" Y="101.0" />
  <Point X="113.0" Y="101.0" />
  <Point X="113.0" Y="100.0" />
  <Point X="113.0" Y="99.0" />
  <Point X="112.0" Y="99.0" />
  <Point X="111.0" Y="99.0" />
  <Point X="111.0" Y="98.0" />
</Project_1_Part_4>
