<?xml version="1.0" encoding="utf-8" standalone="yes"?>
<Gesture Name="triangle7" Subject="1" Number="1" NumPts="515">
  <Point X="55.0" Y="95.0" />
  <Point X="55.0" Y="96.0" />
  <Point X="55.0" Y="97.0" />
  <Point X="55.0" Y="98.0" />
  <Point X="55.0" Y="99.0" />
  <Point X="55.0" Y="100.0" />
  <Point X="55.0" Y="101.0" />
  <Point X="55.0" Y="102.0" />
  <Point X="55.0" Y="102.66084186662175" />
  <Point X="55.0" Y="103.0" />
  <Point X="55.0" Y="104.0" />
  <Point X="55.0" Y="105.0" />
  <Point X="55.0" Y="106.0" />
  <Point X="55.0" Y="107.0" />
  <Point X="55.0" Y="108.0" />
  <Point X="55.0" Y="109.0" />
  <Point X="55.0" Y="110.0" />
  <Point X="55.0" Y="110.3216837332435" />
  <Point X="55.0" Y="111.0" />
  <Point X="55.0" Y="112.0" />
  <Point X="55.0" Y="113.0" />
  <Point X="55.0" Y="114.0" />
  <Point X="55.0" Y="115.0" />
  <Point X="55.0" Y="116.0" />
  <Point X="55.0" Y="117.0" />
  <Point X="55.0" Y="117.98252559986526" />
  <Point X="55.0" Y="118.0" />
  <Point X="55.0" Y="119.0" />
  <Point X="55.0" Y="120.0" />
  <Point X="55.0" Y="121.0" />
  <Point X="55.0" Y="122.0" />
  <Point X="55.0" Y="123.0" />
  <Point X="55.0" Y="124.0" />
  <Point X="55.0" Y="125.0" />
  <Point X="55.0" Y="125.643367466487" />
  <Point X="55.0" Y="126.0" />
  <Point X="55.0" Y="127.0" />
  <Point X="56.0" Y="127.0" />
  <Point X="56.0" Y="128.0" />
  <Point X="56.0" Y="129.0" />
  <Point X="56.0" Y="130.0" />
  <Point X="56.0" Y="131.0" />
  <Point X="56.0" Y="132.0" />
  <Point X="56.0" Y="132.30420933310876" />
  <Point X="56.0" Y="134.0" />
  <Point X="56.0" Y="135.0" />
  <Point X="56.0" Y="137.0" />
  <Point X="56.0" Y="138.0" />
  <Point X="56.0" Y="139.9650511997305" />
  <Point X="56.0" Y="140.0" />
  <Point X="56.0" Y="141.0" />
  <Point X="56.0" Y="142.0" />
  <Point X="56.0" Y="143.0" />
  <Point X="56.0" Y="144.0" />
  <Point X="56.0" Y="145.0" />
  <Point X="56.0" Y="146.0" />
  <Point X="56.0" Y="147.0" />
  <Point X="56.0" Y="147.62589306635226" />
  <Point X="56.0" Y="148.0" />
  <Point X="56.0" Y="149.0" />
  <Point X="56.0" Y="150.0" />
  <Point X="56.0" Y="152.0" />
  <Point X="57.0" Y="152.0" />
  <Point X="57.0" Y="153.0" />
  <Point X="57.0" Y="154.0" />
  <Point X="57.0" Y="154.286734932974" />
  <Point X="57.0" Y="155.0" />
  <Point X="57.0" Y="156.0" />
  <Point X="57.0" Y="158.0" />
  <Point X="57.0" Y="159.0" />
  <Point X="57.0" Y="160.0" />
  <Point X="57.0" Y="161.0" />
  <Point X="57.0" Y="161.94757679959577" />
  <Point X="57.0" Y="162.0" />
  <Point X="58.0" Y="163.0" />
  <Point X="58.0" Y="164.0" />
  <Point X="58.0" Y="165.0" />
  <Point X="58.0" Y="166.0" />
  <Point X="58.0" Y="167.0" />
  <Point X="58.0" Y="168.0" />
  <Point X="58.0" Y="169.0" />
  <Point X="58.0" Y="169.1942051038444" />
  <Point X="58.0" Y="170.0" />
  <Point X="59.0" Y="170.0" />
  <Point X="59.0" Y="171.0" />
  <Point X="59.0" Y="172.0" />
  <Point X="59.0" Y="173.0" />
  <Point X="59.0" Y="174.0" />
  <Point X="59.0" Y="175.0" />
  <Point X="59.0" Y="175.85504697046616" />
  <Point X="59.0" Y="176.0" />
  <Point X="59.0" Y="177.0" />
  <Point X="59.0" Y="178.0" />
  <Point X="59.0" Y="179.0" />
  <Point X="59.0" Y="180.0" />
  <Point X="59.0" Y="181.0" />
  <Point X="59.0" Y="182.0" />
  <Point X="59.0" Y="183.0" />
  <Point X="59.0" Y="183.5158888370879" />
  <Point X="59.0" Y="184.0" />
  <Point X="59.0" Y="185.0" />
  <Point X="59.0" Y="186.0" />
  <Point X="59.0" Y="187.0" />
  <Point X="59.0" Y="188.0" />
  <Point X="59.0" Y="189.0" />
  <Point X="59.0" Y="190.0" />
  <Point X="59.0" Y="191.0" />
  <Point X="59.0" Y="191.17673070370967" />
  <Point X="59.0" Y="192.0" />
  <Point X="59.0" Y="193.0" />
  <Point X="59.0" Y="194.0" />
  <Point X="60.0" Y="194.0" />
  <Point X="60.0" Y="195.0" />
  <Point X="60.0" Y="196.0" />
  <Point X="61.0" Y="196.0" />
  <Point X="61.83757257033142" Y="196.0" />
  <Point X="62.0" Y="196.0" />
  <Point X="63.0" Y="196.0" />
  <Point X="63.0" Y="195.0" />
  <Point X="64.0" Y="195.0" />
  <Point X="65.0" Y="195.0" />
  <Point X="65.0" Y="194.0" />
  <Point X="66.0" Y="194.0" />
  <Point X="67.0" Y="194.0" />
  <Point X="67.49841443695317" Y="194.0" />
  <Point X="68.0" Y="194.0" />
  <Point X="69.0" Y="194.0" />
  <Point X="70.0" Y="194.0" />
  <Point X="70.0" Y="193.0" />
  <Point X="71.0" Y="193.0" />
  <Point X="72.0" Y="193.0" />
  <Point X="73.0" Y="192.0" />
  <Point X="73.74504274120183" Y="192.0" />
  <Point X="74.0" Y="192.0" />
  <Point X="75.0" Y="192.0" />
  <Point X="76.0" Y="192.0" />
  <Point X="77.0" Y="191.0" />
  <Point X="78.0" Y="191.0" />
  <Point X="79.0" Y="191.0" />
  <Point X="80.0" Y="191.0" />
  <Point X="80.99167104545049" Y="191.0" />
  <Point X="81.0" Y="191.0" />
  <Point X="82.0" Y="191.0" />
  <Point X="83.0" Y="191.0" />
  <Point X="84.0" Y="190.0" />
  <Point X="85.0" Y="190.0" />
  <Point X="86.0" Y="190.0" />
  <Point X="87.0" Y="189.0" />
  <Point X="87.82408578732604" Y="189.0" />
  <Point X="88.0" Y="189.0" />
  <Point X="89.0" Y="189.0" />
  <Point X="90.0" Y="189.0" />
  <Point X="92.0" Y="188.0" />
  <Point X="93.0" Y="188.0" />
  <Point X="95.0" Y="188.0" />
  <Point X="95.0" Y="187.751140323552" />
  <Point X="95.0" Y="187.0" />
  <Point X="96.0" Y="187.0" />
  <Point X="97.0" Y="187.0" />
  <Point X="98.0" Y="187.0" />
  <Point X="99.0" Y="187.0" />
  <Point X="100.0" Y="187.0" />
  <Point X="101.0" Y="187.0" />
  <Point X="101.90970154306976" Y="187.0" />
  <Point X="102.0" Y="187.0" />
  <Point X="103.0" Y="187.0" />
  <Point X="104.0" Y="187.0" />
  <Point X="105.0" Y="186.0" />
  <Point X="106.0" Y="186.0" />
  <Point X="107.0" Y="186.0" />
  <Point X="108.0" Y="186.0" />
  <Point X="109.0" Y="186.0" />
  <Point X="109.15632984731842" Y="186.0" />
  <Point X="110.0" Y="186.0" />
  <Point X="111.0" Y="186.0" />
  <Point X="112.0" Y="186.0" />
  <Point X="113.0" Y="186.0" />
  <Point X="114.0" Y="186.0" />
  <Point X="115.0" Y="186.0" />
  <Point X="116.0" Y="186.0" />
  <Point X="116.81717171394017" Y="186.0" />
  <Point X="118.0" Y="186.0" />
  <Point X="119.0" Y="186.0" />
  <Point X="121.0" Y="186.0" />
  <Point X="123.0" Y="186.0" />
  <Point X="124.0" Y="186.0" />
  <Point X="124.47801358056192" Y="186.0" />
  <Point X="125.0" Y="186.0" />
  <Point X="126.0" Y="186.0" />
  <Point X="127.0" Y="186.0" />
  <Point X="128.0" Y="186.0" />
  <Point X="129.0" Y="186.0" />
  <Point X="130.0" Y="186.0" />
  <Point X="131.0" Y="186.0" />
  <Point X="132.0" Y="186.0" />
  <Point X="132.13885544718366" Y="186.0" />
  <Point X="133.0" Y="186.0" />
  <Point X="134.0" Y="186.0" />
  <Point X="136.0" Y="186.0" />
  <Point X="137.0" Y="186.0" />
  <Point X="138.0" Y="186.0" />
  <Point X="139.0" Y="186.0" />
  <Point X="139.7996973138054" Y="186.0" />
  <Point X="140.0" Y="186.0" />
  <Point X="141.0" Y="186.0" />
  <Point X="142.0" Y="186.0" />
  <Point X="143.0" Y="186.0" />
  <Point X="144.0" Y="186.0" />
  <Point X="145.0" Y="186.0" />
  <Point X="147.0" Y="186.0" />
  <Point X="147.46053918042716" Y="186.0" />
  <Point X="148.0" Y="186.0" />
  <Point X="149.0" Y="186.0" />
  <Point X="150.0" Y="186.0" />
  <Point X="151.0" Y="186.0" />
  <Point X="152.0" Y="187.0" />
  <Point X="153.0" Y="187.0" />
  <Point X="154.0" Y="187.0" />
  <Point X="154.7071674846758" Y="187.0" />
  <Point X="155.0" Y="187.0" />
  <Point X="156.0" Y="187.0" />
  <Point X="157.0" Y="187.0" />
  <Point X="158.0" Y="187.0" />
  <Point X="159.0" Y="187.0" />
  <Point X="160.0" Y="187.0" />
  <Point X="161.0" Y="187.0" />
  <Point X="162.0" Y="187.0" />
  <Point X="162.36800935129756" Y="187.0" />
  <Point X="163.0" Y="187.0" />
  <Point X="164.0" Y="187.0" />
  <Point X="165.0" Y="187.0" />
  <Point X="166.0" Y="187.0" />
  <Point X="167.0" Y="187.0" />
  <Point X="168.0" Y="187.0" />
  <Point X="169.0" Y="187.0" />
  <Point X="170.0" Y="187.0" />
  <Point X="170.0288512179193" Y="187.0" />
  <Point X="171.0" Y="187.0" />
  <Point X="172.0" Y="187.0" />
  <Point X="173.0" Y="187.0" />
  <Point X="174.0" Y="187.0" />
  <Point X="175.0" Y="187.0" />
  <Point X="176.0" Y="187.0" />
  <Point X="177.0" Y="187.0" />
  <Point X="177.68969308454106" Y="187.0" />
  <Point X="178.0" Y="187.0" />
  <Point X="179.0" Y="187.0" />
  <Point X="180.0" Y="187.0" />
  <Point X="181.0" Y="187.0" />
  <Point X="182.0" Y="187.0" />
  <Point X="183.0" Y="187.0" />
  <Point X="184.0" Y="187.0" />
  <Point X="185.0" Y="187.0" />
  <Point X="185.3505349511628" Y="187.0" />
  <Point X="186.0" Y="187.0" />
  <Point X="187.0" Y="187.0" />
  <Point X="188.0" Y="187.0" />
  <Point X="189.0" Y="187.0" />
  <Point X="190.0" Y="187.0" />
  <Point X="191.0" Y="187.0" />
  <Point X="192.0" Y="187.0" />
  <Point X="193.0" Y="187.0" />
  <Point X="193.01137681778457" Y="187.0" />
  <Point X="194.0" Y="187.0" />
  <Point X="195.0" Y="187.0" />
  <Point X="196.0" Y="187.0" />
  <Point X="197.0" Y="187.0" />
  <Point X="198.0" Y="187.0" />
  <Point X="199.0" Y="187.0" />
  <Point X="200.0" Y="187.0" />
  <Point X="200.67221868440632" Y="187.0" />
  <Point X="201.0" Y="187.0" />
  <Point X="202.0" Y="187.0" />
  <Point X="203.0" Y="187.0" />
  <Point X="204.0" Y="187.0" />
  <Point X="205.0" Y="187.0" />
  <Point X="206.0" Y="187.0" />
  <Point X="206.0" Y="186.0" />
  <Point X="206.0" Y="185.0" />
  <Point X="206.0" Y="184.66693944897193" />
  <Point X="206.0" Y="184.0" />
  <Point X="205.0" Y="184.0" />
  <Point X="205.0" Y="183.0" />
  <Point X="204.0" Y="183.0" />
  <Point X="204.0" Y="182.0" />
  <Point X="203.0" Y="182.0" />
  <Point X="203.0" Y="181.0" />
  <Point X="202.00609758235018" Y="181.0" />
  <Point X="202.0" Y="181.0" />
  <Point X="202.0" Y="180.0" />
  <Point X="201.0" Y="180.0" />
  <Point X="200.0" Y="179.0" />
  <Point X="200.0" Y="178.0" />
  <Point X="199.0" Y="178.0" />
  <Point X="198.0" Y="178.0" />
  <Point X="198.0" Y="177.0" />
  <Point X="197.75946927810153" Y="177.0" />
  <Point X="197.0" Y="177.0" />
  <Point X="197.0" Y="176.0" />
  <Point X="196.0" Y="176.0" />
  <Point X="196.0" Y="175.0" />
  <Point X="195.0" Y="175.0" />
  <Point X="195.0" Y="174.0" />
  <Point X="194.0" Y="174.0" />
  <Point X="193.36263333028168" Y="173.36263333028168" />
  <Point X="193.0" Y="173.0" />
  <Point X="192.0" Y="172.0" />
  <Point X="191.0" Y="171.0" />
  <Point X="190.0" Y="171.0" />
  <Point X="189.0" Y="170.0" />
  <Point X="189.0" Y="169.0" />
  <Point X="188.0946397943504" Y="169.0" />
  <Point X="188.0" Y="169.0" />
  <Point X="187.0" Y="169.0" />
  <Point X="186.0" Y="168.0" />
  <Point X="185.0" Y="167.0" />
  <Point X="185.0" Y="166.0" />
  <Point X="184.0" Y="166.0" />
  <Point X="183.0" Y="165.0" />
  <Point X="182.67643861484794" Y="165.0" />
  <Point X="182.0" Y="165.0" />
  <Point X="182.0" Y="164.0" />
  <Point X="181.0" Y="164.0" />
  <Point X="180.0" Y="164.0" />
  <Point X="180.0" Y="163.0" />
  <Point X="179.0" Y="163.0" />
  <Point X="178.0" Y="163.0" />
  <Point X="178.0" Y="162.0155967482262" />
  <Point X="178.0" Y="162.0" />
  <Point X="177.0" Y="161.0" />
  <Point X="176.0" Y="160.0" />
  <Point X="175.0" Y="160.0" />
  <Point X="174.0" Y="160.0" />
  <Point X="174.0" Y="159.0" />
  <Point X="173.0" Y="159.0" />
  <Point X="172.42242245769535" Y="158.42242245769535" />
  <Point X="172.0" Y="158.0" />
  <Point X="171.0" Y="157.0" />
  <Point X="170.0" Y="157.0" />
  <Point X="169.0" Y="157.0" />
  <Point X="169.0" Y="156.0" />
  <Point X="168.0" Y="156.0" />
  <Point X="167.0" Y="155.0" />
  <Point X="166.7649808268482" Y="155.0" />
  <Point X="166.0" Y="155.0" />
  <Point X="165.0" Y="154.0" />
  <Point X="164.0" Y="153.0" />
  <Point X="163.0" Y="153.0" />
  <Point X="162.0" Y="152.0" />
  <Point X="161.0" Y="152.0" />
  <Point X="160.34677964734573" Y="152.0" />
  <Point X="160.0" Y="152.0" />
  <Point X="160.0" Y="151.0" />
  <Point X="158.0" Y="151.0" />
  <Point X="157.0" Y="150.0" />
  <Point X="156.0" Y="150.0" />
  <Point X="156.0" Y="149.0" />
  <Point X="155.10015134309708" Y="149.0" />
  <Point X="155.0" Y="149.0" />
  <Point X="154.0" Y="149.0" />
  <Point X="153.0" Y="148.0" />
  <Point X="152.0" Y="148.0" />
  <Point X="151.0" Y="147.0" />
  <Point X="150.0" Y="147.0" />
  <Point X="149.0" Y="146.0" />
  <Point X="148.68195016359462" Y="146.0" />
  <Point X="148.0" Y="146.0" />
  <Point X="148.0" Y="145.0" />
  <Point X="147.0" Y="145.0" />
  <Point X="146.0" Y="144.0" />
  <Point X="145.0" Y="144.0" />
  <Point X="144.0" Y="144.0" />
  <Point X="143.0" Y="143.0" />
  <Point X="142.84953542171905" Y="143.0" />
  <Point X="142.0" Y="143.0" />
  <Point X="141.0" Y="143.0" />
  <Point X="141.0" Y="142.0" />
  <Point X="140.0" Y="141.0" />
  <Point X="139.0" Y="141.0" />
  <Point X="138.0" Y="141.0" />
  <Point X="138.0" Y="140.0" />
  <Point X="137.6029071174704" Y="140.0" />
  <Point X="137.0" Y="140.0" />
  <Point X="136.0" Y="140.0" />
  <Point X="136.0" Y="139.0" />
  <Point X="135.0" Y="139.0" />
  <Point X="135.0" Y="138.0" />
  <Point X="134.0" Y="138.0" />
  <Point X="133.0" Y="137.0" />
  <Point X="132.35627881322176" Y="137.0" />
  <Point X="132.0" Y="137.0" />
  <Point X="132.0" Y="136.0" />
  <Point X="131.0" Y="136.0" />
  <Point X="130.0" Y="136.0" />
  <Point X="129.0" Y="135.0" />
  <Point X="128.0" Y="135.0" />
  <Point X="128.0" Y="134.0" />
  <Point X="127.1096505089731" Y="134.0" />
  <Point X="127.0" Y="134.0" />
  <Point X="127.0" Y="133.0" />
  <Point X="126.0" Y="133.0" />
  <Point X="125.0" Y="133.0" />
  <Point X="125.0" Y="132.0" />
  <Point X="124.0" Y="132.0" />
  <Point X="123.0" Y="132.0" />
  <Point X="123.0" Y="131.0" />
  <Point X="122.44880864235135" Y="131.0" />
  <Point X="122.0" Y="131.0" />
  <Point X="121.0" Y="131.0" />
  <Point X="121.0" Y="130.0" />
  <Point X="120.0" Y="130.0" />
  <Point X="120.0" Y="129.0" />
  <Point X="119.0" Y="129.0" />
  <Point X="118.0" Y="129.0" />
  <Point X="117.142963088095" Y="128.142963088095" />
  <Point X="117.0" Y="128.0" />
  <Point X="116.0" Y="128.0" />
  <Point X="115.0" Y="127.0" />
  <Point X="114.0" Y="127.0" />
  <Point X="114.0" Y="126.0" />
  <Point X="113.0" Y="126.0" />
  <Point X="112.0" Y="126.0" />
  <Point X="112.0" Y="125.0" />
  <Point X="111.95555203385403" Y="125.0" />
  <Point X="111.0" Y="125.0" />
  <Point X="111.0" Y="124.0" />
  <Point X="110.0" Y="124.0" />
  <Point X="109.0" Y="124.0" />
  <Point X="108.0" Y="123.0" />
  <Point X="107.0" Y="123.0" />
  <Point X="107.0" Y="122.0" />
  <Point X="106.70892372960537" Y="122.0" />
  <Point X="106.0" Y="122.0" />
  <Point X="105.0" Y="121.0" />
  <Point X="104.0" Y="121.0" />
  <Point X="104.0" Y="120.0" />
  <Point X="103.0" Y="120.0" />
  <Point X="102.0" Y="120.0" />
  <Point X="102.0" Y="119.0" />
  <Point X="101.46229542535671" Y="119.0" />
  <Point X="101.0" Y="119.0" />
  <Point X="100.0" Y="119.0" />
  <Point X="99.0" Y="118.0" />
  <Point X="98.0" Y="117.0" />
  <Point X="97.0" Y="117.0" />
  <Point X="97.0" Y="116.0" />
  <Point X="96.0" Y="116.0" />
  <Point X="95.73828612144139" Y="115.73828612144139" />
  <Point X="95.0" Y="115.0" />
  <Point X="94.0" Y="115.0" />
  <Point X="94.0" Y="114.0" />
  <Point X="93.0" Y="114.0" />
  <Point X="92.0" Y="113.0" />
  <Point X="92.0" Y="112.0" />
  <Point X="91.0" Y="112.0" />
  <Point X="91.0" Y="111.7974659416056" />
  <Point X="91.0" Y="111.0" />
  <Point X="90.0" Y="111.0" />
  <Point X="90.0" Y="110.0" />
  <Point X="89.0" Y="110.0" />
  <Point X="88.0" Y="110.0" />
  <Point X="87.0" Y="109.0" />
  <Point X="87.0" Y="108.0" />
  <Point X="86.55083763735693" Y="108.0" />
  <Point X="86.0" Y="108.0" />
  <Point X="85.0" Y="107.0" />
  <Point X="84.0" Y="107.0" />
  <Point X="84.0" Y="106.0" />
  <Point X="83.0" Y="106.0" />
  <Point X="82.0" Y="106.0" />
  <Point X="82.0" Y="105.0" />
  <Point X="82.0" Y="104.30420933310828" />
  <Point X="82.0" Y="104.0" />
  <Point X="81.0" Y="104.0" />
  <Point X="81.0" Y="103.0" />
  <Point X="80.0" Y="103.0" />
  <Point X="79.0" Y="103.0" />
  <Point X="79.0" Y="102.0" />
  <Point X="78.0" Y="102.0" />
  <Point X="77.0" Y="102.0" />
  <Point X="76.64336746648652" Y="102.0" />
  <Point X="76.0" Y="102.0" />
  <Point X="76.0" Y="101.0" />
  <Point X="75.0" Y="101.0" />
  <Point X="75.0" Y="100.0" />
  <Point X="74.0" Y="100.0" />
  <Point X="73.0" Y="100.0" />
  <Point X="73.0" Y="99.0" />
  <Point X="72.0" Y="99.0" />
  <Point X="71.98252559986477" Y="99.0" />
  <Point X="71.0" Y="99.0" />
  <Point X="70.0" Y="99.0" />
  <Point X="70.0" Y="98.0" />
  <Point X="69.0" Y="98.0" />
  <Point X="68.0" Y="98.0" />
  <Point X="68.0" Y="97.0" />
  <Point X="67.0" Y="97.0" />
  <Point X="66.32168373324302" Y="97.0" />
  <Point X="66.0" Y="97.0" />
  <Point X="66.0" Y="96.0" />
  <Point X="65.0" Y="96.0" />
  <Point X="64.0" Y="96.0" />
  <Point X="63.0" Y="96.0" />
  <Point X="62.0" Y="96.0" />
  <Point X="61.0" Y="96.0" />
  <Point X="61.0" Y="95.0" />
  <Point X="60.66084186662127" Y="95.0" />
  <Point X="60.0" Y="95.0" />
  <Point X="59.0" Y="95.0" />
  <Point X="58.0" Y="95.0" />
  <Point X="57.0" Y="95.0" />
  <Point X="57.0" Y="94.0" />
  <Point X="56.0" Y="94.0" />
  <Point X="55.0" Y="94.0" />
  <Point X="54.0" Y="94.0" />
</Project_1_Part_4>
