<?xml version="1.0" encoding="utf-8" standalone="yes"?>
<Gesture Name="triangle4" Subject="1" Number="1" NumPts="344">
  <Point X="116.0" Y="97.0" />
  <Point X="115.0" Y="97.0" />
  <Point X="114.0" Y="97.0" />
  <Point X="113.0" Y="97.0" />
  <Point X="113.0" Y="98.0" />
  <Point X="112.0" Y="98.0" />
  <Point X="112.0" Y="98.07364460804428" />
  <Point X="112.0" Y="99.0" />
  <Point X="111.0" Y="99.0" />
  <Point X="111.0" Y="100.0" />
  <Point X="110.0" Y="100.0" />
  <Point X="109.18874401532159" Y="100.81125598467841" />
  <Point X="109.0" Y="101.0" />
  <Point X="108.0" Y="101.0" />
  <Point X="108.0" Y="102.0" />
  <Point X="108.0" Y="103.0" />
  <Point X="107.0" Y="103.0" />
  <Point X="106.4295626323891" Y="103.5704373676109" />
  <Point X="106.0" Y="104.0" />
  <Point X="105.0" Y="104.0" />
  <Point X="105.0" Y="105.0" />
  <Point X="104.0" Y="105.0" />
  <Point X="104.0" Y="106.0" />
  <Point X="103.5338486925691" Y="106.0" />
  <Point X="103.0" Y="106.0" />
  <Point X="103.0" Y="107.0" />
  <Point X="103.0" Y="108.0" />
  <Point X="102.0" Y="108.0" />
  <Point X="101.0" Y="108.0" />
  <Point X="101.0" Y="108.53979591547518" />
  <Point X="101.0" Y="109.0" />
  <Point X="100.0" Y="109.0" />
  <Point X="100.0" Y="110.0" />
  <Point X="99.0" Y="111.0" />
  <Point X="98.15201848359168" Y="111.84798151640832" />
  <Point X="98.0" Y="112.0" />
  <Point X="97.0" Y="112.0" />
  <Point X="97.0" Y="113.0" />
  <Point X="96.0" Y="113.0" />
  <Point X="96.0" Y="114.85865800681754" />
  <Point X="96.0" Y="115.0" />
  <Point X="95.0" Y="115.0" />
  <Point X="94.0" Y="115.0" />
  <Point X="94.0" Y="116.0" />
  <Point X="93.0" Y="116.0" />
  <Point X="93.0" Y="116.93230261486181" />
  <Point X="93.0" Y="117.0" />
  <Point X="92.0" Y="118.0" />
  <Point X="92.0" Y="119.0" />
  <Point X="90.0" Y="119.0" />
  <Point X="90.0" Y="119.591733660533" />
  <Point X="90.0" Y="121.0" />
  <Point X="89.0" Y="121.0" />
  <Point X="88.0" Y="122.0" />
  <Point X="87.11529295186175" Y="122.88470704813825" />
  <Point X="87.0" Y="123.0" />
  <Point X="86.0" Y="124.0" />
  <Point X="85.0" Y="124.0" />
  <Point X="85.0" Y="125.0" />
  <Point X="84.0" Y="125.0" />
  <Point X="84.0" Y="125.49638218950227" />
  <Point X="84.0" Y="126.0" />
  <Point X="84.0" Y="127.0" />
  <Point X="83.0" Y="127.0" />
  <Point X="83.0" Y="128.0" />
  <Point X="82.0" Y="128.0" />
  <Point X="81.59693018599678" Y="128.4030698140032" />
  <Point X="81.0" Y="129.0" />
  <Point X="80.0" Y="130.0" />
  <Point X="79.0" Y="131.0" />
  <Point X="78.00932167831812" Y="131.99067832168188" />
  <Point X="78.0" Y="132.0" />
  <Point X="76.0" Y="134.0" />
  <Point X="75.0" Y="135.0" />
  <Point X="74.42171317063945" Y="135.57828682936056" />
  <Point X="74.0" Y="136.0" />
  <Point X="73.0" Y="137.0" />
  <Point X="72.0" Y="138.0" />
  <Point X="72.0" Y="139.0" />
  <Point X="71.35117500205158" Y="139.0" />
  <Point X="71.0" Y="139.0" />
  <Point X="70.0" Y="140.0" />
  <Point X="69.0" Y="140.0" />
  <Point X="69.0" Y="142.0" />
  <Point X="68.69174395638039" Y="142.0" />
  <Point X="68.0" Y="142.0" />
  <Point X="67.0" Y="143.0" />
  <Point X="65.0" Y="143.0" />
  <Point X="65.0" Y="143.9676870892908" />
  <Point X="65.0" Y="144.0" />
  <Point X="64.0" Y="145.0" />
  <Point X="63.0" Y="146.0" />
  <Point X="62.0" Y="146.0" />
  <Point X="62.0" Y="147.0" />
  <Point X="61.849453732976784" Y="147.15054626702323" />
  <Point X="61.0" Y="148.0" />
  <Point X="61.0" Y="149.0" />
  <Point X="60.0" Y="149.0" />
  <Point X="59.0" Y="150.0" />
  <Point X="58.6760587876712" Y="150.3239412123288" />
  <Point X="58.0" Y="151.0" />
  <Point X="57.0" Y="152.0" />
  <Point X="56.0" Y="153.0" />
  <Point X="55.0" Y="153.0" />
  <Point X="55.0" Y="153.28912597681196" />
  <Point X="55.0" Y="154.0" />
  <Point X="54.0" Y="155.0" />
  <Point X="53.0" Y="156.0" />
  <Point X="52.0" Y="157.0" />
  <Point X="51.87987010226305" Y="157.0" />
  <Point X="51.0" Y="157.0" />
  <Point X="51.0" Y="158.0" />
  <Point X="50.0" Y="159.0" />
  <Point X="49.0" Y="159.0" />
  <Point X="48.448767170567926" Y="159.55123282943208" />
  <Point X="48.0" Y="160.0" />
  <Point X="47.0" Y="161.0" />
  <Point X="47.0" Y="162.0" />
  <Point X="46.0" Y="163.0" />
  <Point X="45.5682654440758" Y="163.4317345559242" />
  <Point X="45.0" Y="164.0" />
  <Point X="44.0" Y="165.0" />
  <Point X="43.0" Y="166.0" />
  <Point X="42.0" Y="167.0" />
  <Point X="41.97264477711497" Y="167.0" />
  <Point X="41.0" Y="167.0" />
  <Point X="41.0" Y="168.0" />
  <Point X="40.0" Y="168.0" />
  <Point X="40.0" Y="169.0" />
  <Point X="39.0" Y="169.0" />
  <Point X="39.0" Y="169.1009998309293" />
  <Point X="39.0" Y="170.0" />
  <Point X="38.0" Y="170.0" />
  <Point X="38.0" Y="171.0" />
  <Point X="37.0" Y="171.0" />
  <Point X="36.16940095171871" Y="171.8305990482813" />
  <Point X="36.0" Y="172.0" />
  <Point X="35.0" Y="172.0" />
  <Point X="35.0" Y="173.0" />
  <Point X="35.0" Y="174.0" />
  <Point X="34.0" Y="174.0" />
  <Point X="34.0" Y="174.83407548464479" />
  <Point X="34.0" Y="175.0" />
  <Point X="35.0" Y="175.0" />
  <Point X="36.0" Y="175.0" />
  <Point X="37.0" Y="175.0" />
  <Point X="38.0" Y="175.0" />
  <Point X="38.90772009268906" Y="175.0" />
  <Point X="39.0" Y="175.0" />
  <Point X="40.0" Y="175.0" />
  <Point X="41.0" Y="175.0" />
  <Point X="42.0" Y="175.0" />
  <Point X="43.0" Y="175.0" />
  <Point X="43.98136470073334" Y="175.0" />
  <Point X="44.0" Y="175.0" />
  <Point X="45.0" Y="175.0" />
  <Point X="46.0" Y="175.0" />
  <Point X="47.0" Y="175.0" />
  <Point X="49.0" Y="175.0" />
  <Point X="49.05500930877761" Y="175.0" />
  <Point X="50.0" Y="175.0" />
  <Point X="51.0" Y="175.0" />
  <Point X="52.0" Y="175.0" />
  <Point X="53.0" Y="175.0" />
  <Point X="54.0" Y="175.0" />
  <Point X="54.12865391682189" Y="175.0" />
  <Point X="55.0" Y="175.0" />
  <Point X="56.0" Y="175.0" />
  <Point X="57.0" Y="175.0" />
  <Point X="59.0" Y="175.0" />
  <Point X="59.202298524866166" Y="175.0" />
  <Point X="60.0" Y="175.0" />
  <Point X="61.0" Y="175.0" />
  <Point X="62.0" Y="175.0" />
  <Point X="63.0" Y="175.0" />
  <Point X="64.0" Y="175.0" />
  <Point X="64.27594313291044" Y="175.0" />
  <Point X="65.0" Y="175.0" />
  <Point X="66.0" Y="175.0" />
  <Point X="67.0" Y="175.0" />
  <Point X="68.0" Y="175.0" />
  <Point X="69.0" Y="175.0" />
  <Point X="69.34958774095472" Y="175.0" />
  <Point X="70.0" Y="175.0" />
  <Point X="71.0" Y="175.0" />
  <Point X="72.0" Y="175.0" />
  <Point X="74.0" Y="175.0" />
  <Point X="74.423232348999" Y="175.0" />
  <Point X="75.0" Y="175.0" />
  <Point X="76.0" Y="175.0" />
  <Point X="77.0" Y="175.0" />
  <Point X="79.0" Y="175.0" />
  <Point X="79.49687695704327" Y="175.0" />
  <Point X="80.0" Y="175.0" />
  <Point X="82.0" Y="175.0" />
  <Point X="83.0" Y="175.0" />
  <Point X="84.0" Y="175.0" />
  <Point X="84.57052156508755" Y="175.0" />
  <Point X="85.0" Y="175.0" />
  <Point X="86.0" Y="175.0" />
  <Point X="87.0" Y="175.0" />
  <Point X="88.0" Y="175.0" />
  <Point X="89.0" Y="175.0" />
  <Point X="89.64416617313182" Y="175.0" />
  <Point X="91.0" Y="175.0" />
  <Point X="93.0" Y="175.0" />
  <Point X="94.0" Y="175.0" />
  <Point X="94.7178107811761" Y="175.0" />
  <Point X="95.0" Y="175.0" />
  <Point X="96.0" Y="175.0" />
  <Point X="97.0" Y="175.0" />
  <Point X="98.0" Y="175.0" />
  <Point X="99.0" Y="175.0" />
  <Point X="99.79145538922037" Y="175.0" />
  <Point X="101.0" Y="175.0" />
  <Point X="103.0" Y="175.0" />
  <Point X="104.0" Y="175.0" />
  <Point X="104.86509999726465" Y="175.0" />
  <Point X="105.0" Y="175.0" />
  <Point X="106.0" Y="175.0" />
  <Point X="107.0" Y="175.0" />
  <Point X="108.0" Y="175.0" />
  <Point X="109.93874460530893" Y="175.0" />
  <Point X="110.0" Y="175.0" />
  <Point X="111.0" Y="175.0" />
  <Point X="112.0" Y="175.0" />
  <Point X="113.0" Y="175.0" />
  <Point X="114.0" Y="175.0" />
  <Point X="115.0" Y="175.0" />
  <Point X="115.0123892133532" Y="175.0" />
  <Point X="116.0" Y="175.0" />
  <Point X="117.0" Y="175.0" />
  <Point X="118.0" Y="175.0" />
  <Point X="119.0" Y="175.0" />
  <Point X="120.0" Y="175.0" />
  <Point X="120.08603382139748" Y="175.0" />
  <Point X="121.0" Y="175.0" />
  <Point X="122.0" Y="175.0" />
  <Point X="123.0" Y="175.0" />
  <Point X="123.0" Y="174.0" />
  <Point X="124.0" Y="174.0" />
  <Point X="124.15967842944175" Y="174.0" />
  <Point X="125.0" Y="174.0" />
  <Point X="126.0" Y="174.0" />
  <Point X="127.0" Y="174.0" />
  <Point X="127.0" Y="173.0" />
  <Point X="128.0" Y="173.0" />
  <Point X="128.23332303748603" Y="173.0" />
  <Point X="129.0" Y="173.0" />
  <Point X="130.0" Y="173.0" />
  <Point X="131.0" Y="173.0" />
  <Point X="132.0" Y="173.0" />
  <Point X="133.0" Y="173.0" />
  <Point X="133.0" Y="172.6930323544697" />
  <Point X="133.0" Y="172.0" />
  <Point X="134.0" Y="172.0" />
  <Point X="134.0" Y="171.0" />
  <Point X="135.0" Y="171.0" />
  <Point X="135.0" Y="170.0" />
  <Point X="135.0" Y="169.61938774642542" />
  <Point X="135.0" Y="169.0" />
  <Point X="135.0" Y="168.0" />
  <Point X="135.0" Y="167.0" />
  <Point X="135.0" Y="166.0" />
  <Point X="135.0" Y="165.0" />
  <Point X="135.0" Y="164.54574313838114" />
  <Point X="135.0" Y="164.0" />
  <Point X="135.0" Y="163.0" />
  <Point X="135.0" Y="162.0" />
  <Point X="135.0" Y="161.0" />
  <Point X="135.0" Y="160.0" />
  <Point X="135.0" Y="159.47209853033686" />
  <Point X="135.0" Y="159.0" />
  <Point X="134.0" Y="158.0" />
  <Point X="134.0" Y="157.0" />
  <Point X="134.0" Y="156.0" />
  <Point X="134.0" Y="155.0" />
  <Point X="134.0" Y="154.8126674846657" />
  <Point X="134.0" Y="153.0" />
  <Point X="134.0" Y="152.0" />
  <Point X="134.0" Y="151.0" />
  <Point X="133.1083545251379" Y="150.1083545251379" />
  <Point X="133.0" Y="150.0" />
  <Point X="133.0" Y="149.0" />
  <Point X="133.0" Y="148.0" />
  <Point X="133.0" Y="147.0" />
  <Point X="133.0" Y="146.0" />
  <Point X="132.07959183095025" Y="146.0" />
  <Point X="132.0" Y="146.0" />
  <Point X="132.0" Y="145.0" />
  <Point X="132.0" Y="144.0" />
  <Point X="132.0" Y="143.0" />
  <Point X="132.0" Y="142.0" />
  <Point X="132.0" Y="141.00594722290597" />
  <Point X="132.0" Y="141.0" />
  <Point X="132.0" Y="140.0" />
  <Point X="132.0" Y="139.0" />
  <Point X="132.0" Y="137.0" />
  <Point X="132.0" Y="136.0" />
  <Point X="131.9521307199001" Y="135.9521307199001" />
  <Point X="131.0" Y="135.0" />
  <Point X="131.0" Y="134.0" />
  <Point X="131.0" Y="133.0" />
  <Point X="131.0" Y="132.0" />
  <Point X="131.0" Y="131.27287156919053" />
  <Point X="131.0" Y="131.0" />
  <Point X="131.0" Y="130.0" />
  <Point X="131.0" Y="129.0" />
  <Point X="130.0" Y="129.0" />
  <Point X="130.0" Y="127.19922696114625" />
  <Point X="130.0" Y="127.0" />
  <Point X="129.0" Y="126.0" />
  <Point X="129.0" Y="125.0" />
  <Point X="129.0" Y="124.0" />
  <Point X="129.0" Y="122.53979591547507" />
  <Point X="129.0" Y="122.0" />
  <Point X="129.0" Y="121.0" />
  <Point X="129.0" Y="120.0" />
  <Point X="129.0" Y="119.0" />
  <Point X="128.0" Y="118.0" />
  <Point X="128.0" Y="117.88036486980388" />
  <Point X="128.0" Y="117.0" />
  <Point X="128.0" Y="116.0" />
  <Point X="128.0" Y="115.0" />
  <Point X="128.0" Y="114.0" />
  <Point X="128.0" Y="113.0" />
  <Point X="127.80672026175961" Y="113.0" />
  <Point X="127.0" Y="113.0" />
  <Point X="127.0" Y="112.0" />
  <Point X="127.0" Y="111.0" />
  <Point X="127.0" Y="110.0" />
  <Point X="127.0" Y="109.0" />
  <Point X="127.0" Y="108.73307565371533" />
  <Point X="127.0" Y="108.0" />
  <Point X="127.0" Y="107.0" />
  <Point X="127.0" Y="106.0" />
  <Point X="127.0" Y="105.0" />
  <Point X="126.0" Y="105.0" />
  <Point X="126.0" Y="104.65943104567106" />
  <Point X="126.0" Y="104.0" />
  <Point X="126.0" Y="103.0" />
  <Point X="125.0" Y="102.0" />
  <Point X="125.0" Y="101.0" />
  <Point X="125.0" Y="100.0" />
</Project_1_Part_4>
