<?xml version="1.0" encoding="utf-8" standalone="yes"?>
<Gesture Name="v6" Subject="1" Number="1" NumPts="277">
  <Point X="29.0" Y="62.0" />
  <Point X="30.0" Y="62.0" />
  <Point X="31.0" Y="62.0" />
  <Point X="32.0" Y="62.0" />
  <Point X="33.0" Y="62.0" />
  <Point X="33.0" Y="62.35269182116098" />
  <Point X="33.0" Y="63.0" />
  <Point X="34.0" Y="63.0" />
  <Point X="35.0" Y="63.0" />
  <Point X="36.0" Y="64.0" />
  <Point X="36.29117007994887" Y="64.0" />
  <Point X="37.0" Y="64.0" />
  <Point X="38.0" Y="65.0" />
  <Point X="39.0" Y="66.0" />
  <Point X="39.81543477636366" Y="66.0" />
  <Point X="40.0" Y="66.0" />
  <Point X="41.0" Y="66.0" />
  <Point X="41.0" Y="67.0" />
  <Point X="42.0" Y="67.0" />
  <Point X="42.82599023839404" Y="67.82599023839404" />
  <Point X="43.0" Y="68.0" />
  <Point X="44.0" Y="68.0" />
  <Point X="45.0" Y="69.0" />
  <Point X="46.513720791110956" Y="69.75686039555548" />
  <Point X="47.0" Y="70.0" />
  <Point X="48.0" Y="71.0" />
  <Point X="50.0" Y="72.0" />
  <Point X="50.11224160335542" Y="72.11224160335541" />
  <Point X="51.0" Y="73.0" />
  <Point X="52.0" Y="73.0" />
  <Point X="52.0" Y="74.0" />
  <Point X="53.0" Y="74.0" />
  <Point X="53.06873916295393" Y="74.06873916295393" />
  <Point X="54.0" Y="75.0" />
  <Point X="54.0" Y="76.0" />
  <Point X="56.0" Y="76.0" />
  <Point X="56.02523672255244" Y="76.02523672255245" />
  <Point X="57.0" Y="77.0" />
  <Point X="57.0" Y="78.0" />
  <Point X="58.0" Y="78.0" />
  <Point X="58.688841063337506" Y="78.6888410633375" />
  <Point X="59.0" Y="79.0" />
  <Point X="60.0" Y="79.0" />
  <Point X="60.0" Y="80.0" />
  <Point X="61.0" Y="80.0" />
  <Point X="61.0" Y="80.91264663287929" />
  <Point X="61.0" Y="81.0" />
  <Point X="62.0" Y="81.0" />
  <Point X="63.0" Y="82.0" />
  <Point X="64.0" Y="83.0" />
  <Point X="64.43691132929408" Y="83.0" />
  <Point X="65.0" Y="83.0" />
  <Point X="66.0" Y="84.0" />
  <Point X="67.0" Y="85.0" />
  <Point X="67.67965408569268" Y="85.67965408569268" />
  <Point X="68.0" Y="86.0" />
  <Point X="68.0" Y="87.0" />
  <Point X="70.0" Y="87.0" />
  <Point X="70.0" Y="87.89965428449675" />
  <Point X="70.0" Y="88.0" />
  <Point X="71.0" Y="89.0" />
  <Point X="72.0" Y="90.0" />
  <Point X="73.0" Y="91.0" />
  <Point X="73.00686276726279" Y="91.00686276726279" />
  <Point X="74.0" Y="92.0" />
  <Point X="74.0" Y="93.0" />
  <Point X="75.0" Y="94.0" />
  <Point X="75.53397011495323" Y="94.0" />
  <Point X="76.0" Y="94.0" />
  <Point X="76.0" Y="95.0" />
  <Point X="77.0" Y="95.0" />
  <Point X="77.0" Y="96.88666193611422" />
  <Point X="77.0" Y="97.0" />
  <Point X="78.0" Y="97.0" />
  <Point X="78.0" Y="98.0" />
  <Point X="79.0" Y="98.0" />
  <Point X="79.87635544605833" Y="98.87635544605833" />
  <Point X="80.0" Y="99.0" />
  <Point X="80.0" Y="100.0" />
  <Point X="81.0" Y="100.0" />
  <Point X="81.0" Y="101.0" />
  <Point X="81.0" Y="102.0" />
  <Point X="81.17783201606309" Y="102.0" />
  <Point X="82.0" Y="102.0" />
  <Point X="82.0" Y="103.0" />
  <Point X="82.0" Y="104.0" />
  <Point X="83.0" Y="104.0" />
  <Point X="83.37513700288225" Y="104.37513700288225" />
  <Point X="84.0" Y="105.0" />
  <Point X="84.0" Y="106.0" />
  <Point X="84.0" Y="107.0" />
  <Point X="85.0" Y="107.0" />
  <Point X="85.0" Y="107.46900209601196" />
  <Point X="85.0" Y="108.0" />
  <Point X="85.0" Y="109.0" />
  <Point X="86.0" Y="109.0" />
  <Point X="86.0" Y="110.0" />
  <Point X="86.0" Y="110.82169391717295" />
  <Point X="86.0" Y="111.0" />
  <Point X="87.0" Y="112.0" />
  <Point X="87.0" Y="113.0" />
  <Point X="88.0" Y="114.0" />
  <Point X="88.0" Y="114.34595861358774" />
  <Point X="88.0" Y="115.0" />
  <Point X="88.0" Y="116.0" />
  <Point X="89.0" Y="116.0" />
  <Point X="89.0" Y="117.0" />
  <Point X="89.0" Y="117.69865043474871" />
  <Point X="89.0" Y="118.0" />
  <Point X="90.0" Y="118.0" />
  <Point X="90.0" Y="119.0" />
  <Point X="90.0" Y="120.0" />
  <Point X="90.74341123850171" Y="120.74341123850171" />
  <Point X="91.0" Y="121.0" />
  <Point X="91.0" Y="122.0" />
  <Point X="92.0" Y="122.0" />
  <Point X="92.0" Y="123.0" />
  <Point X="92.0" Y="123.98982051469758" />
  <Point X="92.0" Y="124.0" />
  <Point X="93.0" Y="125.0" />
  <Point X="93.0" Y="126.0" />
  <Point X="93.0" Y="127.0" />
  <Point X="93.92829877348547" Y="127.0" />
  <Point X="94.0" Y="127.0" />
  <Point X="94.0" Y="128.0" />
  <Point X="94.0" Y="129.0" />
  <Point X="95.0" Y="130.0" />
  <Point X="95.0" Y="130.86677703227335" />
  <Point X="95.0" Y="131.0" />
  <Point X="96.0" Y="131.0" />
  <Point X="96.0" Y="132.0" />
  <Point X="97.0" Y="132.0" />
  <Point X="97.0" Y="133.0" />
  <Point X="97.0" Y="133.21946885343434" />
  <Point X="97.0" Y="134.0" />
  <Point X="97.0" Y="135.0" />
  <Point X="98.0" Y="135.0" />
  <Point X="98.0" Y="136.0" />
  <Point X="98.57216067459532" Y="136.0" />
  <Point X="99.0" Y="136.0" />
  <Point X="99.0" Y="137.0" />
  <Point X="99.0" Y="138.0" />
  <Point X="100.0" Y="138.0" />
  <Point X="100.0" Y="138.9248524957563" />
  <Point X="100.0" Y="139.0" />
  <Point X="100.0" Y="140.0" />
  <Point X="100.0" Y="139.0" />
  <Point X="100.0" Y="138.0" />
  <Point X="100.0" Y="137.0" />
  <Point X="100.0" Y="136.7224556830827" />
  <Point X="100.0" Y="136.0" />
  <Point X="101.0" Y="135.0" />
  <Point X="101.0" Y="134.0" />
  <Point X="101.0" Y="133.0" />
  <Point X="101.15275102817053" Y="132.8472489718295" />
  <Point X="102.0" Y="132.0" />
  <Point X="102.0" Y="131.0" />
  <Point X="103.0" Y="131.0" />
  <Point X="103.0" Y="129.84549916550694" />
  <Point X="103.0" Y="129.0" />
  <Point X="104.0" Y="129.0" />
  <Point X="104.0" Y="128.0" />
  <Point X="104.0" Y="127.0" />
  <Point X="104.0" Y="126.49280734434595" />
  <Point X="104.0" Y="126.0" />
  <Point X="105.0" Y="125.0" />
  <Point X="106.0" Y="124.0" />
  <Point X="106.7293504881526" Y="123.2706495118474" />
  <Point X="107.0" Y="123.0" />
  <Point X="107.0" Y="122.0" />
  <Point X="108.0" Y="121.0" />
  <Point X="108.0" Y="120.0" />
  <Point X="108.0" Y="119.44427795151636" />
  <Point X="108.0" Y="119.0" />
  <Point X="109.0" Y="118.0" />
  <Point X="110.0" Y="116.0" />
  <Point X="110.0" Y="115.74186767022826" />
  <Point X="110.0" Y="115.0" />
  <Point X="111.0" Y="114.0" />
  <Point X="111.98235411922303" Y="112.03529176155394" />
  <Point X="112.0" Y="112.0" />
  <Point X="112.0" Y="111.0" />
  <Point X="113.0" Y="110.0" />
  <Point X="113.84926795113407" Y="108.30146409773188" />
  <Point X="114.0" Y="108.0" />
  <Point X="114.0" Y="106.0" />
  <Point X="114.9014237195788" Y="104.19715256084238" />
  <Point X="115.0" Y="104.0" />
  <Point X="117.0" Y="102.0" />
  <Point X="117.0" Y="101.0" />
  <Point X="117.21484833727239" Y="100.78515166272761" />
  <Point X="118.0" Y="100.0" />
  <Point X="119.0" Y="98.0" />
  <Point X="119.45000944686714" Y="97.09998110626572" />
  <Point X="120.0" Y="96.0" />
  <Point X="121.0" Y="95.0" />
  <Point X="121.54032636555675" Y="93.37902090332973" />
  <Point X="122.0" Y="92.0" />
  <Point X="123.0" Y="91.0" />
  <Point X="123.8236535720483" Y="89.76451964192755" />
  <Point X="125.0" Y="88.0" />
  <Point X="126.0" Y="87.0" />
  <Point X="126.3657266170673" Y="86.26854676586541" />
  <Point X="127.0" Y="85.0" />
  <Point X="128.0" Y="83.0" />
  <Point X="128.4938047984302" Y="82.5061952015698" />
  <Point X="129.0" Y="82.0" />
  <Point X="130.0" Y="80.0" />
  <Point X="130.62643700392294" Y="78.74712599215411" />
  <Point X="131.0" Y="78.0" />
  <Point X="132.0" Y="77.0" />
  <Point X="133.0" Y="76.0" />
  <Point X="133.30810889930027" Y="75.38378220139948" />
  <Point X="134.0" Y="74.0" />
  <Point X="134.0" Y="73.0" />
  <Point X="135.0" Y="73.0" />
  <Point X="135.0" Y="72.19442371303079" />
  <Point X="135.0" Y="71.0" />
  <Point X="137.0" Y="69.0" />
  <Point X="137.0" Y="68.670159016616" />
  <Point X="137.0" Y="68.0" />
  <Point X="138.0" Y="67.0" />
  <Point X="139.0" Y="65.0" />
  <Point X="139.0228050879515" Y="64.97719491204852" />
  <Point X="140.0" Y="64.0" />
  <Point X="141.0" Y="63.0" />
  <Point X="141.0" Y="61.4434840389131" />
  <Point X="141.0" Y="61.0" />
  <Point X="142.0" Y="61.0" />
  <Point X="144.0" Y="59.0" />
  <Point X="144.05712055070816" Y="58.942879449291844" />
  <Point X="145.0" Y="58.0" />
  <Point X="146.0" Y="57.0" />
  <Point X="146.0" Y="56.0" />
  <Point X="146.42783167267976" Y="55.572168327320234" />
  <Point X="147.0" Y="55.0" />
  <Point X="147.0" Y="54.0" />
  <Point X="148.0" Y="54.0" />
  <Point X="148.69028474457662" Y="52.61943051084678" />
  <Point X="149.0" Y="52.0" />
  <Point X="150.0" Y="50.0" />
  <Point X="150.63686770402128" Y="48.72626459195745" />
  <Point X="151.0" Y="48.0" />
  <Point X="152.0" Y="47.0" />
  <Point X="152.0" Y="46.0" />
  <Point X="152.79654854834203" Y="45.20345145165798" />
  <Point X="153.0" Y="45.0" />
  <Point X="154.0" Y="44.0" />
  <Point X="154.0" Y="43.0" />
  <Point X="155.0" Y="43.0" />
  <Point X="155.46015288912707" Y="42.53984711087292" />
  <Point X="156.0" Y="42.0" />
  <Point X="156.0" Y="41.0" />
  <Point X="156.0" Y="40.0" />
  <Point X="157.0" Y="40.0" />
  <Point X="157.58923271535656" Y="40.0" />
  <Point X="158.0" Y="40.0" />
  <Point X="158.0" Y="39.0" />
  <Point X="158.0" Y="38.0" />
  <Point X="159.0" Y="38.0" />
  <Point X="159.0" Y="37.05807546348246" />
  <Point X="159.0" Y="37.0" />
  <Point X="159.0" Y="36.0" />
  <Point X="160.0" Y="36.0" />
  <Point X="160.0" Y="35.0" />
  <Point X="161.0" Y="35.0" />
  <Point X="161.0" Y="34.70538364232148" />
  <Point X="161.0" Y="34.0" />
  <Point X="162.0" Y="34.0" />
  <Point X="162.0" Y="33.0" />
  <Point X="162.0" Y="32.0" />
  <Point X="162.6473081788395" Y="32.0" />
  <Point X="163.0" Y="32.0" />
  <Point X="163.0" Y="31.0" />
  <Point X="164.0" Y="31.0" />
  <Point X="164.0" Y="30.0" />
  <Point X="165.0" Y="30.0" />
</Project_1_Part_4>
