<?xml version="1.0" encoding="utf-8" standalone="yes"?>
<Gesture Name="v9" Subject="1" Number="1" NumPts="246">
  <Point X="221.0" Y="19.0" />
  <Point X="215.44780372318752" Y="20.94878412364941" />
  <Point X="209.89560744637504" Y="22.89756824729882" />
  <Point X="204.34341116956256" Y="24.84635237094823" />
  <Point X="198.79121489275008" Y="26.795136494597642" />
  <Point X="193.2390186159376" Y="28.743920618247053" />
  <Point X="187.68682233912511" Y="30.692704741896463" />
  <Point X="182.13462606231263" Y="32.641488865545874" />
  <Point X="176.58242978550015" Y="34.590272989195284" />
  <Point X="171.03023350868767" Y="36.539057112844695" />
  <Point X="165.4780372318752" Y="38.487841236494106" />
  <Point X="159.9258409550627" Y="40.436625360143516" />
  <Point X="154.37364467825023" Y="42.38540948379293" />
  <Point X="148.82144840143775" Y="44.33419360744234" />
  <Point X="143.26925212462527" Y="46.28297773109175" />
  <Point X="137.7170558478128" Y="48.23176185474116" />
  <Point X="132.1648595710003" Y="50.18054597839057" />
  <Point X="126.61266329418784" Y="52.12933010203999" />
  <Point X="121.06046701737537" Y="54.078114225689404" />
  <Point X="115.5082707405629" Y="56.026898349338815" />
  <Point X="109.95607446375044" Y="57.975682472988225" />
  <Point X="104.40387818693797" Y="59.92446659663764" />
  <Point X="98.8516819101255" Y="61.873250720287054" />
  <Point X="93.29948563331304" Y="63.822034843936464" />
  <Point X="87.74728935650057" Y="65.77081896758588" />
  <Point X="82.1950930796881" Y="67.7196030912353" />
  <Point X="76.64289680287564" Y="69.66838721488472" />
  <Point X="71.09070052606316" Y="71.61717133853412" />
  <Point X="70.0" Y="72.0" />
  <Point X="70.0" Y="73.0" />
  <Point X="70.0" Y="74.0" />
  <Point X="70.0" Y="75.0" />
  <Point X="70.0" Y="76.0" />
  <Point X="70.0" Y="76.72833594867123" />
  <Point X="70.0" Y="77.0" />
  <Point X="70.0" Y="78.0" />
  <Point X="70.0" Y="79.0" />
  <Point X="71.0" Y="80.0" />
  <Point X="71.0" Y="81.0" />
  <Point X="71.84739196112317" Y="81.84739196112317" />
  <Point X="72.0" Y="82.0" />
  <Point X="73.0" Y="82.0" />
  <Point X="73.0" Y="83.0" />
  <Point X="74.0" Y="84.0" />
  <Point X="74.0" Y="85.0" />
  <Point X="74.88687941514551" Y="85.88687941514551" />
  <Point X="75.0" Y="86.0" />
  <Point X="75.0" Y="87.0" />
  <Point X="76.0" Y="87.0" />
  <Point X="77.0" Y="88.0" />
  <Point X="77.0" Y="89.0" />
  <Point X="77.92636686916786" Y="89.92636686916786" />
  <Point X="78.0" Y="90.0" />
  <Point X="79.0" Y="91.0" />
  <Point X="79.0" Y="92.0" />
  <Point X="80.0" Y="93.0" />
  <Point X="81.0" Y="94.0" />
  <Point X="81.0" Y="94.5374971583861" />
  <Point X="81.0" Y="95.0" />
  <Point X="82.0" Y="95.0" />
  <Point X="82.0" Y="96.0" />
  <Point X="83.0" Y="97.0" />
  <Point X="83.0" Y="98.0" />
  <Point X="83.0" Y="99.0" />
  <Point X="83.0075544137812" Y="99.0" />
  <Point X="84.0" Y="99.0" />
  <Point X="85.0" Y="100.0" />
  <Point X="85.0" Y="102.0" />
  <Point X="86.0" Y="103.0" />
  <Point X="86.0" Y="103.06339810680319" />
  <Point X="86.0" Y="104.0" />
  <Point X="87.0" Y="105.0" />
  <Point X="87.0" Y="106.0" />
  <Point X="87.0" Y="107.0" />
  <Point X="87.0" Y="108.0" />
  <Point X="87.53345536219828" Y="108.0" />
  <Point X="88.0" Y="108.0" />
  <Point X="88.0" Y="109.0" />
  <Point X="89.0" Y="110.0" />
  <Point X="89.0" Y="111.0" />
  <Point X="89.0" Y="112.0" />
  <Point X="89.0" Y="113.0" />
  <Point X="89.00351261759337" Y="113.0" />
  <Point X="90.0" Y="113.0" />
  <Point X="90.0" Y="115.0" />
  <Point X="90.0" Y="116.0" />
  <Point X="90.0" Y="117.0" />
  <Point X="90.0" Y="117.88778343536156" />
  <Point X="90.0" Y="118.0" />
  <Point X="91.0" Y="118.0" />
  <Point X="91.0" Y="119.0" />
  <Point X="92.0" Y="119.0" />
  <Point X="92.0" Y="120.0" />
  <Point X="92.0" Y="121.0" />
  <Point X="92.0" Y="121.77205425312974" />
  <Point X="92.0" Y="122.0" />
  <Point X="92.0" Y="123.0" />
  <Point X="92.0" Y="125.0" />
  <Point X="93.0" Y="125.0" />
  <Point X="93.0" Y="126.0" />
  <Point X="93.0" Y="126.65632507089792" />
  <Point X="93.0" Y="127.0" />
  <Point X="93.0" Y="128.0" />
  <Point X="94.0" Y="129.0" />
  <Point X="94.0" Y="130.0" />
  <Point X="94.0" Y="132.0" />
  <Point X="94.0" Y="132.12638232629303" />
  <Point X="94.0" Y="133.0" />
  <Point X="95.0" Y="134.0" />
  <Point X="95.0" Y="135.0" />
  <Point X="96.0" Y="135.0" />
  <Point X="96.0" Y="136.0" />
  <Point X="96.0" Y="136.59643958168812" />
  <Point X="96.0" Y="137.0" />
  <Point X="96.0" Y="138.0" />
  <Point X="97.0" Y="138.0" />
  <Point X="97.0" Y="139.0" />
  <Point X="97.0" Y="140.0" />
  <Point X="97.0" Y="141.0" />
  <Point X="97.4807103994563" Y="141.0" />
  <Point X="98.0" Y="141.0" />
  <Point X="98.0" Y="142.0" />
  <Point X="98.0" Y="143.0" />
  <Point X="99.0" Y="143.0" />
  <Point X="99.0" Y="144.0" />
  <Point X="100.0" Y="144.0" />
  <Point X="100.0" Y="144.36498121722448" />
  <Point X="100.0" Y="145.0" />
  <Point X="100.0" Y="146.0" />
  <Point X="101.0" Y="147.0" />
  <Point X="101.0" Y="148.0" />
  <Point X="101.0" Y="149.0" />
  <Point X="101.83503847261957" Y="149.0" />
  <Point X="102.0" Y="149.0" />
  <Point X="102.0" Y="150.0" />
  <Point X="102.0" Y="151.0" />
  <Point X="102.0" Y="152.0" />
  <Point X="102.0" Y="153.0" />
  <Point X="102.0" Y="154.0" />
  <Point X="102.0" Y="154.71930929038777" />
  <Point X="102.0" Y="155.0" />
  <Point X="102.0" Y="156.0" />
  <Point X="103.0" Y="156.0" />
  <Point X="103.0" Y="157.0" />
  <Point X="103.0" Y="158.0" />
  <Point X="103.0" Y="159.0" />
  <Point X="103.0" Y="159.60358010815597" />
  <Point X="103.0" Y="160.0" />
  <Point X="103.0" Y="161.0" />
  <Point X="103.0" Y="160.0" />
  <Point X="103.0" Y="159.0" />
  <Point X="103.0" Y="158.0" />
  <Point X="103.0" Y="157.0" />
  <Point X="103.0" Y="156.51214907407584" />
  <Point X="103.0" Y="156.0" />
  <Point X="103.0" Y="155.0" />
  <Point X="103.0" Y="154.0" />
  <Point X="103.0" Y="153.0" />
  <Point X="103.0" Y="152.0" />
  <Point X="103.0" Y="151.0" />
  <Point X="103.0" Y="150.62787825630764" />
  <Point X="103.0" Y="150.0" />
  <Point X="103.0" Y="149.0" />
  <Point X="103.0" Y="148.0" />
  <Point X="103.0" Y="147.0" />
  <Point X="103.0" Y="146.0" />
  <Point X="103.0" Y="145.0" />
  <Point X="103.18129691885454" Y="144.81870308114546" />
  <Point X="104.0" Y="144.0" />
  <Point X="104.0" Y="143.0" />
  <Point X="104.0" Y="142.0" />
  <Point X="104.0" Y="141.0" />
  <Point X="105.0" Y="140.0" />
  <Point X="105.22078437287689" Y="139.7792156271231" />
  <Point X="106.0" Y="139.0" />
  <Point X="106.0" Y="138.0" />
  <Point X="106.0" Y="137.0" />
  <Point X="107.0" Y="135.0" />
  <Point X="107.0" Y="134.45377446762217" />
  <Point X="107.0" Y="134.0" />
  <Point X="107.0" Y="133.0" />
  <Point X="108.0" Y="131.0" />
  <Point X="108.0" Y="129.0" />
  <Point X="108.1374816207532" Y="128.86251837924678" />
  <Point X="109.0" Y="128.0" />
  <Point X="109.0" Y="127.0" />
  <Point X="110.0" Y="125.0" />
  <Point X="111.0" Y="124.0" />
  <Point X="111.0" Y="123.98579591183156" />
  <Point X="111.0" Y="123.0" />
  <Point X="112.0" Y="121.0" />
  <Point X="113.0" Y="120.0" />
  <Point X="113.0" Y="118.75180663393625" />
  <Point X="113.0" Y="118.0" />
  <Point X="113.0" Y="117.0" />
  <Point X="115.0" Y="117.0" />
  <Point X="115.0" Y="116.0" />
  <Point X="115.80077310383845" Y="115.19922689616155" />
  <Point X="116.0" Y="115.0" />
  <Point X="116.0" Y="113.0" />
  <Point X="117.0" Y="112.0" />
  <Point X="118.0" Y="111.0" />
  <Point X="118.0" Y="110.22590568551917" />
  <Point X="118.0" Y="110.0" />
  <Point X="119.0" Y="109.0" />
  <Point X="120.0" Y="107.0" />
  <Point X="121.0" Y="106.0" />
  <Point X="121.0" Y="105.40612996999695" />
  <Point X="121.0" Y="105.0" />
  <Point X="122.0" Y="104.0" />
  <Point X="123.0" Y="103.0" />
  <Point X="124.0" Y="102.0" />
  <Point X="124.0" Y="101.0" />
  <Point X="124.16652376056751" Y="100.83347623943249" />
  <Point X="125.0" Y="100.0" />
  <Point X="126.0" Y="100.0" />
  <Point X="126.0" Y="99.0" />
  <Point X="127.0" Y="98.0" />
  <Point X="127.0" Y="97.0" />
  <Point X="127.29134385367395" Y="97.0" />
  <Point X="128.0" Y="97.0" />
  <Point X="128.0" Y="96.0" />
  <Point X="128.0" Y="95.0" />
  <Point X="129.0" Y="95.0" />
  <Point X="130.0" Y="95.0" />
  <Point X="130.0" Y="94.0" />
  <Point X="130.0" Y="93.82438532855787" />
  <Point X="130.0" Y="93.0" />
  <Point X="131.0" Y="93.0" />
  <Point X="131.0" Y="92.0" />
  <Point X="132.0" Y="92.0" />
  <Point X="132.0" Y="91.0" />
  <Point X="133.0" Y="91.0" />
  <Point X="133.0" Y="90.94011451078968" />
  <Point X="133.0" Y="90.0" />
  <Point X="134.0" Y="89.0" />
  <Point X="134.0" Y="88.0" />
  <Point X="135.0" Y="87.0" />
  <Point X="136.0" Y="87.0" />
  <Point X="136.0" Y="86.88427081776769" />
  <Point X="136.0" Y="86.0" />
  <Point X="136.0" Y="85.0" />
  <Point X="137.0" Y="85.0" />
  <Point X="138.0" Y="85.0" />
  <Point X="138.0" Y="84.0" />
  <Point X="138.0" Y="83.0" />
</Project_1_Part_4>
