<?xml version="1.0" encoding="utf-8" standalone="yes"?>
<Gesture Name="x1" Subject="1" Number="1" NumPts="461">
  <Point X="59.0" Y="88.0" />
  <Point X="59.0" Y="89.0" />
  <Point X="60.0" Y="89.0" />
  <Point X="60.0" Y="90.0" />
  <Point X="60.0" Y="91.0" />
  <Point X="60.0" Y="92.0" />
  <Point X="61.0" Y="92.0" />
  <Point X="61.0" Y="92.85756477651215" />
  <Point X="61.0" Y="93.0" />
  <Point X="62.0" Y="93.0" />
  <Point X="62.0" Y="94.0" />
  <Point X="63.0" Y="94.0" />
  <Point X="63.0" Y="95.0" />
  <Point X="64.0" Y="96.0" />
  <Point X="64.0" Y="97.0" />
  <Point X="64.3009159906512" Y="97.0" />
  <Point X="65.0" Y="97.0" />
  <Point X="65.0" Y="98.0" />
  <Point X="66.0" Y="98.0" />
  <Point X="66.0" Y="99.0" />
  <Point X="67.0" Y="99.0" />
  <Point X="67.0" Y="100.0" />
  <Point X="68.0" Y="100.0" />
  <Point X="68.0" Y="100.15848076716335" />
  <Point X="68.0" Y="101.0" />
  <Point X="69.0" Y="101.0" />
  <Point X="69.0" Y="102.0" />
  <Point X="69.0" Y="103.0" />
  <Point X="70.0" Y="103.0" />
  <Point X="71.0" Y="104.0" />
  <Point X="71.42555947511387" Y="104.42555947511387" />
  <Point X="72.0" Y="105.0" />
  <Point X="72.0" Y="106.0" />
  <Point X="72.0" Y="107.0" />
  <Point X="73.0" Y="107.0" />
  <Point X="74.0" Y="108.0" />
  <Point X="75.0" Y="108.0" />
  <Point X="75.0" Y="108.63096963306837" />
  <Point X="75.0" Y="109.0" />
  <Point X="76.0" Y="110.0" />
  <Point X="76.0" Y="111.0" />
  <Point X="77.0" Y="111.0" />
  <Point X="77.0" Y="112.0" />
  <Point X="78.0" Y="113.0" />
  <Point X="78.466766337417" Y="113.466766337417" />
  <Point X="79.0" Y="114.0" />
  <Point X="79.0" Y="115.0" />
  <Point X="81.0" Y="116.0" />
  <Point X="82.0" Y="117.0" />
  <Point X="83.0" Y="118.0" />
  <Point X="83.0" Y="118.03896339672741" />
  <Point X="83.0" Y="119.0" />
  <Point X="84.0" Y="119.0" />
  <Point X="84.0" Y="120.0" />
  <Point X="86.0" Y="121.0" />
  <Point X="86.0" Y="122.0" />
  <Point X="86.46701588311139" Y="122.46701588311139" />
  <Point X="87.0" Y="123.0" />
  <Point X="88.0" Y="124.0" />
  <Point X="89.0" Y="125.0" />
  <Point X="90.0" Y="126.0" />
  <Point X="91.0" Y="127.0" />
  <Point X="91.31604643900914" Y="127.31604643900914" />
  <Point X="92.0" Y="128.0" />
  <Point X="94.0" Y="130.0" />
  <Point X="95.0" Y="132.0" />
  <Point X="95.82581327227952" Y="132.0" />
  <Point X="96.0" Y="132.0" />
  <Point X="97.0" Y="133.0" />
  <Point X="98.0" Y="134.0" />
  <Point X="99.0" Y="135.0" />
  <Point X="100.0" Y="135.0" />
  <Point X="101.0" Y="136.0" />
  <Point X="101.0" Y="136.0265237992993" />
  <Point X="101.0" Y="137.0" />
  <Point X="103.0" Y="138.0" />
  <Point X="103.0" Y="139.0" />
  <Point X="105.0" Y="139.0" />
  <Point X="105.0" Y="139.64802059831166" />
  <Point X="105.0" Y="140.0" />
  <Point X="106.0" Y="141.0" />
  <Point X="107.0" Y="142.0" />
  <Point X="108.0" Y="142.0" />
  <Point X="109.0" Y="143.0" />
  <Point X="109.0" Y="144.0" />
  <Point X="109.23518487841191" Y="144.11759243920596" />
  <Point X="111.0" Y="145.0" />
  <Point X="111.0" Y="146.0" />
  <Point X="112.0" Y="146.0" />
  <Point X="113.0" Y="147.0" />
  <Point X="114.0" Y="148.0" />
  <Point X="114.0" Y="148.0560143619707" />
  <Point X="114.0" Y="149.0" />
  <Point X="116.0" Y="149.0" />
  <Point X="116.0" Y="150.0" />
  <Point X="117.0" Y="150.0" />
  <Point X="117.0" Y="151.0" />
  <Point X="117.91357913848286" Y="151.0" />
  <Point X="118.0" Y="151.0" />
  <Point X="119.0" Y="152.0" />
  <Point X="120.0" Y="153.0" />
  <Point X="121.0" Y="153.0" />
  <Point X="121.0" Y="154.0" />
  <Point X="122.0" Y="154.0" />
  <Point X="122.66660143512335" Y="154.66660143512337" />
  <Point X="123.0" Y="155.0" />
  <Point X="124.0" Y="155.0" />
  <Point X="124.0" Y="156.0" />
  <Point X="125.0" Y="157.0" />
  <Point X="126.0" Y="157.0" />
  <Point X="127.0" Y="158.0" />
  <Point X="127.39431164746146" Y="158.39431164746148" />
  <Point X="128.0" Y="159.0" />
  <Point X="129.0" Y="160.0" />
  <Point X="130.0" Y="160.0" />
  <Point X="131.0" Y="161.0" />
  <Point X="132.0" Y="161.0" />
  <Point X="132.0" Y="162.0" />
  <Point X="132.17256496903457" Y="162.0" />
  <Point X="133.0" Y="162.0" />
  <Point X="134.0" Y="163.0" />
  <Point X="135.0" Y="163.0" />
  <Point X="135.0" Y="164.0" />
  <Point X="136.0" Y="164.0" />
  <Point X="136.0" Y="165.0" />
  <Point X="136.61591618317362" Y="165.0" />
  <Point X="137.0" Y="165.0" />
  <Point X="138.0" Y="166.0" />
  <Point X="139.0" Y="166.0" />
  <Point X="139.0" Y="167.0" />
  <Point X="140.0" Y="167.0" />
  <Point X="140.0" Y="168.0" />
  <Point X="141.0" Y="168.0" />
  <Point X="141.0" Y="168.05926739731268" />
  <Point X="141.0" Y="169.0" />
  <Point X="142.0" Y="169.0" />
  <Point X="142.0" Y="168.0" />
  <Point X="141.0" Y="168.0" />
  <Point X="141.0" Y="167.0" />
  <Point X="141.0" Y="166.0" />
  <Point X="140.08316782617518" Y="166.0" />
  <Point X="140.0" Y="166.0" />
  <Point X="140.0" Y="165.0" />
  <Point X="140.0" Y="164.0" />
  <Point X="139.0" Y="164.0" />
  <Point X="139.0" Y="163.0" />
  <Point X="139.0" Y="162.0" />
  <Point X="139.0" Y="161.0" />
  <Point X="138.22560304966305" Y="161.0" />
  <Point X="138.0" Y="161.0" />
  <Point X="138.0" Y="160.0" />
  <Point X="138.0" Y="159.0" />
  <Point X="138.0" Y="158.0" />
  <Point X="138.0" Y="157.0" />
  <Point X="137.0" Y="157.0" />
  <Point X="137.0" Y="156.0" />
  <Point X="137.0" Y="155.36803827315092" />
  <Point X="137.0" Y="155.0" />
  <Point X="137.0" Y="154.0" />
  <Point X="137.0" Y="153.0" />
  <Point X="137.0" Y="152.0" />
  <Point X="137.0" Y="151.0" />
  <Point X="136.0" Y="151.0" />
  <Point X="136.0" Y="150.0" />
  <Point X="136.0" Y="149.51047349663878" />
  <Point X="136.0" Y="149.0" />
  <Point X="136.0" Y="148.0" />
  <Point X="136.0" Y="147.0" />
  <Point X="136.0" Y="146.0" />
  <Point X="136.0" Y="145.0" />
  <Point X="136.0" Y="144.0" />
  <Point X="136.0" Y="143.0" />
  <Point X="135.75456940231084" Y="142.75456940231084" />
  <Point X="135.0" Y="142.0" />
  <Point X="135.0" Y="141.0" />
  <Point X="135.0" Y="140.0" />
  <Point X="135.0" Y="139.0" />
  <Point X="135.0" Y="138.0" />
  <Point X="134.0" Y="138.0" />
  <Point X="134.0" Y="137.2095575059876" />
  <Point X="134.0" Y="137.0" />
  <Point X="134.0" Y="136.0" />
  <Point X="134.0" Y="135.0" />
  <Point X="134.0" Y="134.0" />
  <Point X="134.0" Y="133.0" />
  <Point X="134.0" Y="132.0" />
  <Point X="134.0" Y="131.0" />
  <Point X="134.0" Y="130.35199272947546" />
  <Point X="134.0" Y="130.0" />
  <Point X="133.0" Y="130.0" />
  <Point X="133.0" Y="129.0" />
  <Point X="133.0" Y="128.0" />
  <Point X="133.0" Y="127.0" />
  <Point X="133.0" Y="126.0" />
  <Point X="133.0" Y="125.0" />
  <Point X="133.0" Y="124.4944279529633" />
  <Point X="133.0" Y="124.0" />
  <Point X="133.0" Y="123.0" />
  <Point X="133.0" Y="122.0" />
  <Point X="133.0" Y="121.0" />
  <Point X="133.0" Y="120.0" />
  <Point X="132.0" Y="119.0" />
  <Point X="132.0" Y="118.05107673882425" />
  <Point X="132.0" Y="118.0" />
  <Point X="132.0" Y="117.0" />
  <Point X="131.0" Y="116.0" />
  <Point X="131.0" Y="115.0" />
  <Point X="131.0" Y="114.0" />
  <Point X="131.0" Y="113.0" />
  <Point X="131.0" Y="112.0" />
  <Point X="131.0" Y="111.6077255246852" />
  <Point X="131.0" Y="111.0" />
  <Point X="131.0" Y="110.0" />
  <Point X="131.0" Y="109.0" />
  <Point X="130.0" Y="108.0" />
  <Point X="130.0" Y="107.0" />
  <Point X="130.0" Y="106.0" />
  <Point X="130.0" Y="105.16437431054614" />
  <Point X="130.0" Y="105.0" />
  <Point X="130.0" Y="104.0" />
  <Point X="130.0" Y="103.0" />
  <Point X="129.0" Y="103.0" />
  <Point X="129.0" Y="102.0" />
  <Point X="129.0" Y="101.0" />
  <Point X="129.0" Y="100.0" />
  <Point X="129.0" Y="99.30680953403399" />
  <Point X="129.0" Y="99.0" />
  <Point X="129.0" Y="98.0" />
  <Point X="129.0" Y="97.0" />
  <Point X="128.0" Y="97.0" />
  <Point X="128.0" Y="96.0" />
  <Point X="128.0" Y="95.0" />
  <Point X="127.0" Y="95.0" />
  <Point X="127.0" Y="94.44924475752184" />
  <Point X="127.0" Y="94.0" />
  <Point X="127.0" Y="93.0" />
  <Point X="127.0" Y="92.0" />
  <Point X="127.0" Y="91.0" />
  <Point X="126.0" Y="90.0" />
  <Point X="126.0" Y="89.0" />
  <Point X="126.0" Y="88.00589354338278" />
  <Point X="126.0" Y="88.0" />
  <Point X="126.0" Y="87.0" />
  <Point X="126.0" Y="86.0" />
  <Point X="125.0" Y="85.0" />
  <Point X="125.0" Y="84.0" />
  <Point X="125.0" Y="83.0" />
  <Point X="125.0" Y="82.0" />
  <Point X="124.69067071452616" Y="81.69067071452616" />
  <Point X="124.0" Y="81.0" />
  <Point X="124.0" Y="80.0" />
  <Point X="123.0" Y="80.0" />
  <Point X="123.0" Y="79.0" />
  <Point X="123.0" Y="78.0" />
  <Point X="123.0" Y="77.0" />
  <Point X="123.0" Y="76.11919111510467" />
  <Point X="123.0" Y="76.0" />
  <Point X="123.0" Y="75.0" />
  <Point X="122.0" Y="75.0" />
  <Point X="122.0" Y="74.0" />
  <Point X="122.0" Y="73.0" />
  <Point X="121.0" Y="72.0" />
  <Point X="121.0" Y="71.0" />
  <Point X="121.0" Y="70.67583990096561" />
  <Point X="121.0" Y="70.0" />
  <Point X="120.0" Y="69.0" />
  <Point X="120.0" Y="68.0" />
  <Point X="119.0" Y="68.0" />
  <Point X="119.0" Y="67.0" />
  <Point X="119.0" Y="66.0" />
  <Point X="119.0" Y="65.23248868682656" />
  <Point X="119.0" Y="65.0" />
  <Point X="118.0" Y="65.0" />
  <Point X="118.0" Y="64.0" />
  <Point X="118.0" Y="63.0" />
  <Point X="117.0" Y="63.0" />
  <Point X="117.0" Y="62.0" />
  <Point X="117.0" Y="61.0" />
  <Point X="117.0" Y="60.37492391031441" />
  <Point X="117.0" Y="60.0" />
  <Point X="116.0" Y="60.0" />
  <Point X="116.0" Y="59.0" />
  <Point X="115.0" Y="58.0" />
  <Point X="115.0" Y="57.0" />
  <Point X="115.0" Y="56.0" />
  <Point X="115.0" Y="55.0" />
  <Point X="115.0" Y="54.93157269617535" />
  <Point X="115.0" Y="54.0" />
  <Point X="114.0" Y="54.0" />
  <Point X="113.0" Y="54.0" />
  <Point X="113.0" Y="55.0" />
  <Point X="112.0" Y="55.0" />
  <Point X="112.0" Y="56.0" />
  <Point X="112.0" Y="56.9259920803368" />
  <Point X="112.0" Y="57.0" />
  <Point X="111.0" Y="57.0" />
  <Point X="111.0" Y="58.0" />
  <Point X="111.0" Y="59.0" />
  <Point X="110.0" Y="59.0" />
  <Point X="110.0" Y="60.0" />
  <Point X="110.0" Y="61.0" />
  <Point X="110.0" Y="61.783556856848946" />
  <Point X="110.0" Y="62.0" />
  <Point X="109.0" Y="62.0" />
  <Point X="109.0" Y="63.0" />
  <Point X="109.0" Y="64.0" />
  <Point X="109.0" Y="65.0" />
  <Point X="109.0" Y="66.0" />
  <Point X="108.0" Y="67.0" />
  <Point X="108.0" Y="67.226908070988" />
  <Point X="108.0" Y="68.0" />
  <Point X="108.0" Y="69.0" />
  <Point X="108.0" Y="70.0" />
  <Point X="107.0" Y="70.0" />
  <Point X="107.0" Y="71.0" />
  <Point X="107.0" Y="72.0" />
  <Point X="106.0" Y="72.0" />
  <Point X="106.0" Y="72.08447284750015" />
  <Point X="106.0" Y="73.0" />
  <Point X="106.0" Y="74.0" />
  <Point X="106.0" Y="75.0" />
  <Point X="106.0" Y="76.0" />
  <Point X="105.0" Y="76.0" />
  <Point X="105.0" Y="77.0" />
  <Point X="105.0" Y="77.9420376240123" />
  <Point X="105.0" Y="78.0" />
  <Point X="105.0" Y="79.0" />
  <Point X="104.0" Y="79.0" />
  <Point X="104.0" Y="80.0" />
  <Point X="104.0" Y="81.0" />
  <Point X="104.0" Y="82.0" />
  <Point X="103.0" Y="82.0" />
  <Point X="103.0" Y="82.79960240052445" />
  <Point X="103.0" Y="83.0" />
  <Point X="102.0" Y="83.0" />
  <Point X="102.0" Y="84.0" />
  <Point X="102.0" Y="85.0" />
  <Point X="102.0" Y="86.0" />
  <Point X="101.0" Y="86.0" />
  <Point X="101.0" Y="87.0" />
  <Point X="100.7061059039129" Y="87.58778819217419" />
  <Point X="100.0" Y="89.0" />
  <Point X="99.0" Y="89.0" />
  <Point X="99.0" Y="90.0" />
  <Point X="99.0" Y="91.0" />
  <Point X="98.0" Y="91.0" />
  <Point X="98.0" Y="92.0" />
  <Point X="98.0" Y="92.27866397604896" />
  <Point X="98.0" Y="93.0" />
  <Point X="98.0" Y="94.0" />
  <Point X="97.0" Y="94.0" />
  <Point X="97.0" Y="95.0" />
  <Point X="97.0" Y="96.0" />
  <Point X="96.0" Y="96.0" />
  <Point X="96.0" Y="97.0" />
  <Point X="96.0" Y="97.13622875256111" />
  <Point X="96.0" Y="98.0" />
  <Point X="96.0" Y="99.0" />
  <Point X="95.0" Y="100.0" />
  <Point X="94.0" Y="101.0" />
  <Point X="94.0" Y="102.0" />
  <Point X="94.0" Y="103.0" />
  <Point X="93.83463359567293" Y="103.0" />
  <Point X="93.0" Y="103.0" />
  <Point X="93.0" Y="104.0" />
  <Point X="93.0" Y="105.0" />
  <Point X="93.0" Y="106.0" />
  <Point X="92.0" Y="107.0" />
  <Point X="92.0" Y="108.0" />
  <Point X="91.56957164415488" Y="108.43042835584512" />
  <Point X="91.0" Y="109.0" />
  <Point X="90.0" Y="109.0" />
  <Point X="90.0" Y="110.0" />
  <Point X="90.0" Y="111.0" />
  <Point X="89.0" Y="111.0" />
  <Point X="89.0" Y="112.0" />
  <Point X="89.0" Y="113.0" />
  <Point X="89.0" Y="113.05206883260517" />
  <Point X="89.0" Y="114.0" />
  <Point X="88.0" Y="114.0" />
  <Point X="88.0" Y="115.0" />
  <Point X="87.0" Y="115.0" />
  <Point X="86.0" Y="116.0" />
  <Point X="86.0" Y="117.0" />
  <Point X="85.6496851254114" Y="117.3503148745886" />
  <Point X="85.0" Y="118.0" />
  <Point X="84.0" Y="119.0" />
  <Point X="84.0" Y="120.0" />
  <Point X="83.0" Y="120.0" />
  <Point X="83.0" Y="121.0" />
  <Point X="82.0" Y="121.0" />
  <Point X="82.0" Y="121.5245576985102" />
  <Point X="82.0" Y="122.0" />
  <Point X="81.0" Y="122.0" />
  <Point X="81.0" Y="123.0" />
  <Point X="80.0" Y="124.0" />
  <Point X="80.0" Y="125.0" />
  <Point X="79.0" Y="125.0" />
  <Point X="78.03209108735075" Y="125.0" />
  <Point X="78.0" Y="125.0" />
  <Point X="78.0" Y="126.0" />
  <Point X="77.0" Y="127.0" />
  <Point X="76.0" Y="127.0" />
  <Point X="76.0" Y="128.0" />
  <Point X="76.0" Y="129.0" />
  <Point X="75.0" Y="129.0" />
  <Point X="74.5887398732117" Y="129.0" />
  <Point X="74.0" Y="129.0" />
  <Point X="74.0" Y="130.0" />
  <Point X="74.0" Y="131.0" />
  <Point X="73.0" Y="131.0" />
  <Point X="73.0" Y="132.0" />
  <Point X="72.0" Y="132.0" />
  <Point X="72.0" Y="133.0" />
  <Point X="72.0" Y="133.26882490330044" />
  <Point X="72.0" Y="134.0" />
  <Point X="71.0" Y="134.0" />
  <Point X="71.0" Y="135.0" />
  <Point X="70.0" Y="135.0" />
  <Point X="70.0" Y="136.0" />
  <Point X="69.0" Y="136.0" />
  <Point X="69.0" Y="137.0" />
  <Point X="68.87361032018741" Y="137.0" />
  <Point X="68.0" Y="137.0" />
  <Point X="68.0" Y="138.0" />
  <Point X="68.0" Y="139.0" />
  <Point X="67.0" Y="140.0" />
  <Point X="66.0" Y="140.0" />
  <Point X="66.0" Y="141.0" />
  <Point X="66.0" Y="141.56974089395163" />
  <Point X="66.0" Y="142.0" />
  <Point X="66.0" Y="143.0" />
  <Point X="65.0" Y="143.0" />
  <Point X="65.0" Y="144.0" />
  <Point X="64.0" Y="144.0" />
  <Point X="64.0" Y="145.0" />
  <Point X="64.0" Y="146.0" />
  <Point X="63.57269432953622" Y="146.0" />
  <Point X="63.0" Y="146.0" />
  <Point X="63.0" Y="147.0" />
  <Point X="63.0" Y="148.0" />
  <Point X="62.0" Y="148.0" />
  <Point X="62.0" Y="149.0" />
  <Point X="61.0" Y="149.0" />
  <Point X="61.0" Y="150.0" />
  <Point X="61.0" Y="150.28487044697593" />
  <Point X="61.0" Y="151.0" />
  <Point X="61.0" Y="152.0" />
  <Point X="60.0" Y="152.0" />
  <Point X="60.0" Y="153.0" />
  <Point X="60.0" Y="154.0" />
  <Point X="60.0" Y="155.0" />
  <Point X="59.0" Y="155.0" />
  <Point X="59.0" Y="155.14243522348806" />
  <Point X="59.0" Y="156.0" />
  <Point X="59.0" Y="157.0" />
  <Point X="59.0" Y="158.0" />
  <Point X="58.0" Y="158.0" />
  <Point X="57.0" Y="158.0" />
  <Point X="57.0" Y="157.0" />
  <Point X="58.0" Y="157.0" />
</Project_1_Part_4>
