<?xml version="1.0" encoding="utf-8" standalone="yes"?>
<Gesture Name="x10" Subject="1" Number="1" NumPts="363">
  <Point X="73.0" Y="50.0" />
  <Point X="73.0" Y="51.0" />
  <Point X="73.0" Y="52.0" />
  <Point X="73.0" Y="53.0" />
  <Point X="73.0" Y="54.0" />
  <Point X="73.0" Y="55.0" />
  <Point X="73.0" Y="55.563715184081424" />
  <Point X="73.0" Y="56.0" />
  <Point X="73.0" Y="57.0" />
  <Point X="74.0" Y="57.0" />
  <Point X="74.0" Y="58.0" />
  <Point X="74.0" Y="59.0" />
  <Point X="74.0" Y="60.0" />
  <Point X="74.09010687745705" Y="60.090106877457046" />
  <Point X="75.0" Y="61.0" />
  <Point X="75.0" Y="62.0" />
  <Point X="75.0" Y="63.0" />
  <Point X="75.0" Y="64.0" />
  <Point X="75.90292726915195" Y="64.90292726915195" />
  <Point X="76.0" Y="65.0" />
  <Point X="76.0" Y="66.0" />
  <Point X="76.0" Y="67.0" />
  <Point X="76.0" Y="68.0" />
  <Point X="77.0" Y="68.0" />
  <Point X="78.0" Y="69.0" />
  <Point X="78.0" Y="69.01222004920642" />
  <Point X="78.0" Y="70.0" />
  <Point X="78.0" Y="71.0" />
  <Point X="79.0" Y="73.0" />
  <Point X="79.0" Y="74.0" />
  <Point X="79.33986725578805" Y="74.0" />
  <Point X="80.0" Y="74.0" />
  <Point X="80.0" Y="76.0" />
  <Point X="81.0" Y="76.0" />
  <Point X="81.0" Y="77.0" />
  <Point X="81.6389292705928" Y="77.6389292705928" />
  <Point X="82.0" Y="78.0" />
  <Point X="82.0" Y="79.0" />
  <Point X="83.0" Y="81.0" />
  <Point X="84.0" Y="82.0" />
  <Point X="84.0" Y="82.40280252170493" />
  <Point X="84.0" Y="83.0" />
  <Point X="85.0" Y="84.0" />
  <Point X="85.0" Y="85.0" />
  <Point X="86.0" Y="86.0" />
  <Point X="86.0" Y="87.0" />
  <Point X="86.09764478627149" Y="87.09764478627149" />
  <Point X="87.0" Y="88.0" />
  <Point X="87.0" Y="89.0" />
  <Point X="88.0" Y="90.0" />
  <Point X="88.0" Y="91.0" />
  <Point X="88.61757195915293" Y="91.61757195915293" />
  <Point X="89.0" Y="92.0" />
  <Point X="89.0" Y="93.0" />
  <Point X="90.0" Y="93.0" />
  <Point X="90.0" Y="94.0" />
  <Point X="91.0" Y="95.0" />
  <Point X="91.0" Y="95.60866669971062" />
  <Point X="91.0" Y="96.0" />
  <Point X="92.0" Y="97.0" />
  <Point X="92.0" Y="98.0" />
  <Point X="93.0" Y="99.0" />
  <Point X="94.0" Y="99.0" />
  <Point X="94.0" Y="99.34395475904586" />
  <Point X="94.0" Y="100.0" />
  <Point X="94.0" Y="101.0" />
  <Point X="95.0" Y="101.0" />
  <Point X="95.0" Y="102.0" />
  <Point X="96.0" Y="103.0" />
  <Point X="96.0" Y="103.49345638075418" />
  <Point X="96.0" Y="104.0" />
  <Point X="96.0" Y="105.0" />
  <Point X="97.0" Y="106.0" />
  <Point X="98.0" Y="107.0" />
  <Point X="98.0" Y="108.0" />
  <Point X="98.16174674474594" Y="108.16174674474594" />
  <Point X="99.0" Y="109.0" />
  <Point X="99.0" Y="110.0" />
  <Point X="100.0" Y="110.0" />
  <Point X="100.0" Y="111.0" />
  <Point X="100.0" Y="112.0" />
  <Point X="100.26746035525429" Y="112.26746035525429" />
  <Point X="101.0" Y="113.0" />
  <Point X="102.0" Y="114.0" />
  <Point X="102.0" Y="115.0" />
  <Point X="103.0" Y="116.0" />
  <Point X="103.0" Y="116.69932055875988" />
  <Point X="103.0" Y="117.0" />
  <Point X="103.0" Y="118.0" />
  <Point X="104.0" Y="118.0" />
  <Point X="104.0" Y="119.0" />
  <Point X="104.0" Y="120.0" />
  <Point X="105.0" Y="120.0" />
  <Point X="105.0" Y="120.26303574284131" />
  <Point X="105.0" Y="121.0" />
  <Point X="105.0" Y="122.0" />
  <Point X="106.0" Y="122.0" />
  <Point X="106.0" Y="123.0" />
  <Point X="107.0" Y="124.0" />
  <Point X="107.0" Y="124.41253736454964" />
  <Point X="107.0" Y="125.0" />
  <Point X="107.0" Y="126.0" />
  <Point X="108.0" Y="126.0" />
  <Point X="108.0" Y="127.0" />
  <Point X="108.0" Y="128.0" />
  <Point X="108.69031479728767" Y="128.69031479728767" />
  <Point X="109.0" Y="129.0" />
  <Point X="109.0" Y="130.0" />
  <Point X="109.0" Y="131.0" />
  <Point X="110.0" Y="132.0" />
  <Point X="111.0" Y="132.0" />
  <Point X="111.0" Y="132.7115406079663" />
  <Point X="111.0" Y="133.0" />
  <Point X="111.0" Y="134.0" />
  <Point X="111.0" Y="135.0" />
  <Point X="112.0" Y="135.0" />
  <Point X="112.0" Y="136.0" />
  <Point X="112.0" Y="137.0" />
  <Point X="112.0" Y="137.27525579204772" />
  <Point X="112.0" Y="138.0" />
  <Point X="112.0" Y="139.0" />
  <Point X="113.0" Y="139.0" />
  <Point X="113.0" Y="140.0" />
  <Point X="113.0" Y="141.0" />
  <Point X="113.0" Y="141.83897097612913" />
  <Point X="113.0" Y="142.0" />
  <Point X="114.0" Y="142.0" />
  <Point X="114.0" Y="141.0" />
  <Point X="114.0" Y="140.0" />
  <Point X="114.0" Y="139.0" />
  <Point X="115.0" Y="139.0" />
  <Point X="115.0" Y="138.59731383978945" />
  <Point X="115.0" Y="138.0" />
  <Point X="115.0" Y="137.0" />
  <Point X="115.0" Y="136.0" />
  <Point X="115.0" Y="135.0" />
  <Point X="115.0" Y="134.0" />
  <Point X="115.0" Y="133.03359865570803" />
  <Point X="115.0" Y="133.0" />
  <Point X="115.0" Y="132.0" />
  <Point X="115.0" Y="131.0" />
  <Point X="115.0" Y="130.0" />
  <Point X="116.0" Y="129.0" />
  <Point X="116.0" Y="128.0" />
  <Point X="116.0" Y="127.88409703399971" />
  <Point X="116.0" Y="127.0" />
  <Point X="116.0" Y="126.0" />
  <Point X="116.0" Y="125.0" />
  <Point X="116.0" Y="124.0" />
  <Point X="116.0" Y="122.32038184991828" />
  <Point X="116.0" Y="122.0" />
  <Point X="116.0" Y="121.0" />
  <Point X="116.0" Y="120.0" />
  <Point X="116.0" Y="119.0" />
  <Point X="116.0" Y="118.0" />
  <Point X="116.87916943186204" Y="117.12083056813796" />
  <Point X="117.0" Y="117.0" />
  <Point X="117.0" Y="116.0" />
  <Point X="117.0" Y="115.0" />
  <Point X="117.0" Y="114.0" />
  <Point X="117.0" Y="112.0" />
  <Point X="117.17568113305335" Y="111.6486377338933" />
  <Point X="118.0" Y="110.0" />
  <Point X="118.0" Y="109.0" />
  <Point X="118.0" Y="108.0" />
  <Point X="119.0" Y="107.0" />
  <Point X="119.0" Y="106.69373139991998" />
  <Point X="119.0" Y="106.0" />
  <Point X="119.0" Y="105.0" />
  <Point X="119.0" Y="103.0" />
  <Point X="119.0" Y="102.0" />
  <Point X="119.0" Y="101.13001621583857" />
  <Point X="119.0" Y="101.0" />
  <Point X="120.0" Y="100.0" />
  <Point X="120.0" Y="99.0" />
  <Point X="120.0" Y="97.0" />
  <Point X="120.72088504381122" Y="96.27911495618878" />
  <Point X="121.0" Y="96.0" />
  <Point X="121.0" Y="95.0" />
  <Point X="121.0" Y="94.0" />
  <Point X="121.0" Y="93.0" />
  <Point X="121.0" Y="91.0" />
  <Point X="121.0" Y="90.83101297242192" />
  <Point X="121.0" Y="90.0" />
  <Point X="121.0" Y="89.0" />
  <Point X="122.0" Y="89.0" />
  <Point X="122.0" Y="87.0" />
  <Point X="122.0" Y="86.2672977883405" />
  <Point X="122.0" Y="86.0" />
  <Point X="122.0" Y="85.0" />
  <Point X="122.0" Y="84.0" />
  <Point X="122.0" Y="83.0" />
  <Point X="122.0" Y="82.0" />
  <Point X="123.0" Y="82.0" />
  <Point X="123.0" Y="81.70358260425908" />
  <Point X="123.0" Y="81.0" />
  <Point X="123.0" Y="80.0" />
  <Point X="124.0" Y="79.0" />
  <Point X="124.0" Y="78.0" />
  <Point X="124.0" Y="77.0" />
  <Point X="124.0" Y="76.55408098255076" />
  <Point X="124.0" Y="76.0" />
  <Point X="124.0" Y="75.0" />
  <Point X="125.0" Y="74.0" />
  <Point X="125.0" Y="73.0" />
  <Point X="125.0" Y="72.0" />
  <Point X="125.0" Y="71.40457936084243" />
  <Point X="125.0" Y="71.0" />
  <Point X="125.0" Y="70.0" />
  <Point X="125.0" Y="69.0" />
  <Point X="125.0" Y="68.0" />
  <Point X="125.0" Y="67.0" />
  <Point X="125.0" Y="66.0" />
  <Point X="125.15913582323898" Y="66.0" />
  <Point X="126.0" Y="66.0" />
  <Point X="126.0" Y="65.0" />
  <Point X="126.0" Y="64.0" />
  <Point X="126.0" Y="63.0" />
  <Point X="126.0" Y="62.0" />
  <Point X="126.0" Y="62.72285100732041" />
  <Point X="126.0" Y="63.0" />
  <Point X="125.0" Y="63.0" />
  <Point X="125.0" Y="64.0" />
  <Point X="124.0" Y="64.0" />
  <Point X="123.0" Y="65.0" />
  <Point X="122.38315354042787" Y="65.61684645957213" />
  <Point X="122.0" Y="66.0" />
  <Point X="122.0" Y="67.0" />
  <Point X="121.0" Y="67.0" />
  <Point X="121.0" Y="68.0" />
  <Point X="120.0" Y="68.0" />
  <Point X="119.27743992991952" Y="68.72256007008048" />
  <Point X="119.0" Y="69.0" />
  <Point X="119.0" Y="70.0" />
  <Point X="118.0" Y="70.0" />
  <Point X="118.0" Y="71.0" />
  <Point X="117.0" Y="71.0" />
  <Point X="117.0" Y="72.0" />
  <Point X="116.87883310059773" Y="72.12116689940227" />
  <Point X="116.0" Y="73.0" />
  <Point X="115.0" Y="73.0" />
  <Point X="115.0" Y="74.0" />
  <Point X="114.0" Y="75.0" />
  <Point X="113.09335606821938" Y="75.0" />
  <Point X="113.0" Y="75.0" />
  <Point X="112.0" Y="77.0" />
  <Point X="111.0" Y="77.0" />
  <Point X="110.00079462661932" Y="78.99841074676135" />
  <Point X="110.0" Y="79.0" />
  <Point X="108.0" Y="79.0" />
  <Point X="108.0" Y="81.0" />
  <Point X="107.0" Y="81.0" />
  <Point X="106.60264958568143" Y="81.39735041431857" />
  <Point X="106.0" Y="82.0" />
  <Point X="105.0" Y="83.0" />
  <Point X="104.0" Y="83.0" />
  <Point X="104.0" Y="84.0" />
  <Point X="103.0827224128" Y="84.9172775872" />
  <Point X="103.0" Y="85.0" />
  <Point X="102.0" Y="85.0" />
  <Point X="102.0" Y="86.0" />
  <Point X="100.0" Y="87.0" />
  <Point X="99.14393407000274" Y="87.85606592999726" />
  <Point X="99.0" Y="88.0" />
  <Point X="99.0" Y="89.0" />
  <Point X="97.0" Y="90.0" />
  <Point X="96.0" Y="91.0" />
  <Point X="95.49803894601895" Y="91.50196105398105" />
  <Point X="95.0" Y="92.0" />
  <Point X="94.0" Y="93.0" />
  <Point X="93.0" Y="94.0" />
  <Point X="93.0" Y="95.0" />
  <Point X="91.96904537271477" Y="95.0" />
  <Point X="91.0" Y="95.0" />
  <Point X="91.0" Y="96.0" />
  <Point X="90.0" Y="97.0" />
  <Point X="88.04974064211449" Y="97.97512967894276" />
  <Point X="88.0" Y="98.0" />
  <Point X="87.0" Y="99.0" />
  <Point X="87.0" Y="100.0" />
  <Point X="86.0" Y="100.0" />
  <Point X="85.0" Y="101.0" />
  <Point X="84.51939625745882" Y="101.48060374254118" />
  <Point X="84.0" Y="102.0" />
  <Point X="83.0" Y="103.0" />
  <Point X="82.0" Y="103.0" />
  <Point X="82.0" Y="104.0" />
  <Point X="81.0" Y="104.0" />
  <Point X="80.70657586576392" Y="104.29342413423608" />
  <Point X="80.0" Y="105.0" />
  <Point X="79.0" Y="106.0" />
  <Point X="79.0" Y="107.0" />
  <Point X="77.0767557416535" Y="107.96162212917325" />
  <Point X="77.0" Y="108.0" />
  <Point X="76.0" Y="109.0" />
  <Point X="75.0" Y="109.0" />
  <Point X="74.0" Y="109.0" />
  <Point X="73.07709152204957" Y="110.84581695590084" />
  <Point X="73.0" Y="111.0" />
  <Point X="72.0" Y="111.0" />
  <Point X="71.0" Y="113.0" />
  <Point X="70.0" Y="113.0" />
  <Point X="69.0" Y="113.0" />
  <Point X="69.0" Y="113.15526532278986" />
  <Point X="69.0" Y="114.0" />
  <Point X="68.0" Y="114.0" />
  <Point X="67.0" Y="115.0" />
  <Point X="66.0" Y="116.0" />
  <Point X="65.10944661787491" Y="116.0" />
  <Point X="65.0" Y="116.0" />
  <Point X="64.0" Y="117.0" />
  <Point X="63.0" Y="119.0" />
  <Point X="62.0" Y="119.0" />
  <Point X="61.19601297366637" Y="119.0" />
  <Point X="61.0" Y="119.0" />
  <Point X="61.0" Y="120.0" />
  <Point X="60.0" Y="120.0" />
  <Point X="59.0" Y="121.0" />
  <Point X="58.0" Y="122.0" />
  <Point X="57.61867492999859" Y="122.38132507000141" />
  <Point X="57.0" Y="123.0" />
  <Point X="56.0" Y="123.0" />
  <Point X="56.0" Y="124.0" />
  <Point X="55.0" Y="124.0" />
  <Point X="54.0" Y="124.0" />
  <Point X="54.0" Y="124.68877670737719" />
  <Point X="54.0" Y="125.0" />
  <Point X="53.0" Y="126.0" />
  <Point X="52.0" Y="127.0" />
  <Point X="52.0" Y="128.0" />
  <Point X="51.0" Y="128.0" />
  <Point X="50.57593523328758" Y="128.0" />
  <Point X="50.0" Y="128.0" />
  <Point X="50.0" Y="129.0" />
  <Point X="50.0" Y="130.0" />
  <Point X="49.0" Y="130.0" />
  <Point X="49.0" Y="131.0" />
  <Point X="48.01222004920616" Y="131.0" />
  <Point X="48.0" Y="131.0" />
  <Point X="48.0" Y="132.0" />
  <Point X="47.0" Y="133.0" />
  <Point X="47.0" Y="134.0" />
  <Point X="46.0" Y="134.0" />
  <Point X="46.0" Y="135.0" />
  <Point X="45.862718427497825" Y="135.0" />
  <Point X="45.0" Y="135.0" />
  <Point X="45.0" Y="136.0" />
  <Point X="44.0" Y="137.0" />
  <Point X="44.0" Y="138.0" />
  <Point X="44.0" Y="137.0" />
  <Point X="44.0" Y="136.7132168057895" />
  <Point X="44.0" Y="136.0" />
  <Point X="44.0" Y="135.0" />
  <Point X="44.0" Y="134.0" />
  <Point X="44.0" Y="133.0" />
  <Point X="45.0" Y="133.0" />
  <Point X="45.60139317067838" Y="132.3986068293216" />
  <Point X="46.0" Y="132.0" />
  <Point X="46.0" Y="131.0" />
  <Point X="47.0" Y="131.0" />
  <Point X="47.0" Y="130.0" />
  <Point X="47.0" Y="129.0" />
  <Point X="47.0" Y="128.0" />
</Project_1_Part_4>
