<?xml version="1.0" encoding="utf-8" standalone="yes"?>
<Gesture Name="x4" Subject="1" Number="1" NumPts="377">
  <Point X="76.0" Y="73.0" />
  <Point X="76.0" Y="74.0" />
  <Point X="76.0" Y="75.0" />
  <Point X="77.0" Y="75.0" />
  <Point X="78.0" Y="76.0" />
  <Point X="78.0" Y="77.0" />
  <Point X="78.12203945720066" Y="77.0" />
  <Point X="79.0" Y="77.0" />
  <Point X="79.0" Y="78.0" />
  <Point X="80.0" Y="78.0" />
  <Point X="80.0" Y="79.0" />
  <Point X="80.0" Y="80.0" />
  <Point X="80.6582924767744" Y="80.0" />
  <Point X="81.0" Y="80.0" />
  <Point X="81.0" Y="81.0" />
  <Point X="82.0" Y="82.0" />
  <Point X="83.0" Y="82.0" />
  <Point X="83.0" Y="83.0" />
  <Point X="83.0" Y="83.78033193397506" />
  <Point X="83.0" Y="84.0" />
  <Point X="84.0" Y="84.0" />
  <Point X="84.0" Y="85.0" />
  <Point X="85.0" Y="86.0" />
  <Point X="85.0" Y="87.0" />
  <Point X="85.63807292984909" Y="87.63807292984909" />
  <Point X="86.0" Y="88.0" />
  <Point X="87.0" Y="89.0" />
  <Point X="87.0" Y="90.0" />
  <Point X="88.0" Y="90.0" />
  <Point X="88.0" Y="91.0" />
  <Point X="88.43147463879454" Y="91.43147463879454" />
  <Point X="89.0" Y="92.0" />
  <Point X="89.0" Y="93.0" />
  <Point X="90.0" Y="93.0" />
  <Point X="90.0" Y="94.0" />
  <Point X="90.0" Y="95.0" />
  <Point X="90.73223674320393" Y="95.0" />
  <Point X="91.0" Y="95.0" />
  <Point X="91.0" Y="96.0" />
  <Point X="92.0" Y="96.0" />
  <Point X="92.0" Y="97.0" />
  <Point X="93.0" Y="98.0" />
  <Point X="93.60406449431235" Y="98.60406449431235" />
  <Point X="94.0" Y="99.0" />
  <Point X="94.0" Y="100.0" />
  <Point X="95.0" Y="101.0" />
  <Point X="95.0" Y="102.0" />
  <Point X="96.0" Y="103.0" />
  <Point X="96.14788853285904" Y="103.0" />
  <Point X="97.0" Y="103.0" />
  <Point X="97.0" Y="104.0" />
  <Point X="98.0" Y="105.0" />
  <Point X="98.0" Y="106.0" />
  <Point X="99.0" Y="106.0" />
  <Point X="99.0" Y="106.2699279900597" />
  <Point X="99.0" Y="108.0" />
  <Point X="100.0" Y="108.0" />
  <Point X="100.0" Y="110.0" />
  <Point X="100.80618100963345" Y="110.0" />
  <Point X="101.0" Y="110.0" />
  <Point X="101.0" Y="111.0" />
  <Point X="103.0" Y="112.0" />
  <Point X="103.0" Y="113.0" />
  <Point X="103.0" Y="114.0" />
  <Point X="103.10636605170741" Y="114.0" />
  <Point X="105.0" Y="114.0" />
  <Point X="105.0" Y="115.0" />
  <Point X="106.0" Y="116.0" />
  <Point X="106.0" Y="117.0" />
  <Point X="106.22840550890807" Y="117.0" />
  <Point X="107.0" Y="117.0" />
  <Point X="108.0" Y="119.0" />
  <Point X="109.0" Y="121.0" />
  <Point X="109.20684469535944" Y="121.20684469535944" />
  <Point X="110.0" Y="122.0" />
  <Point X="110.0" Y="123.0" />
  <Point X="112.0" Y="124.0" />
  <Point X="112.0" Y="125.0" />
  <Point X="112.12621435540724" Y="125.12621435540724" />
  <Point X="113.0" Y="126.0" />
  <Point X="113.0" Y="127.0" />
  <Point X="114.0" Y="127.0" />
  <Point X="114.0" Y="128.0" />
  <Point X="115.0" Y="128.0" />
  <Point X="115.13440267174694" Y="128.26880534349388" />
  <Point X="116.0" Y="130.0" />
  <Point X="116.0" Y="131.0" />
  <Point X="117.0" Y="131.0" />
  <Point X="117.0" Y="132.0" />
  <Point X="117.42477216202741" Y="132.4247721620274" />
  <Point X="118.0" Y="133.0" />
  <Point X="118.0" Y="134.0" />
  <Point X="119.0" Y="134.0" />
  <Point X="120.0" Y="135.0" />
  <Point X="120.0" Y="136.0" />
  <Point X="120.21817387097286" Y="136.21817387097286" />
  <Point X="121.0" Y="137.0" />
  <Point X="121.0" Y="138.0" />
  <Point X="122.0" Y="138.0" />
  <Point X="122.0" Y="139.0" />
  <Point X="123.0" Y="140.0" />
  <Point X="123.01157557991831" Y="140.01157557991831" />
  <Point X="124.0" Y="141.0" />
  <Point X="124.0" Y="142.0" />
  <Point X="125.0" Y="142.0" />
  <Point X="125.0" Y="143.0" />
  <Point X="126.0" Y="143.0" />
  <Point X="126.0" Y="143.13840979931348" />
  <Point X="126.0" Y="144.0" />
  <Point X="126.0" Y="145.0" />
  <Point X="127.0" Y="145.0" />
  <Point X="127.0" Y="146.0" />
  <Point X="128.0" Y="146.0" />
  <Point X="128.0" Y="146.6746628188872" />
  <Point X="128.0" Y="147.0" />
  <Point X="129.0" Y="147.0" />
  <Point X="129.0" Y="148.0" />
  <Point X="130.0" Y="149.0" />
  <Point X="130.0" Y="150.0" />
  <Point X="130.79670227608787" Y="150.0" />
  <Point X="131.0" Y="150.0" />
  <Point X="132.0" Y="150.0" />
  <Point X="132.0" Y="151.0" />
  <Point X="133.0" Y="151.0" />
  <Point X="133.0" Y="152.0" />
  <Point X="134.0" Y="152.0" />
  <Point X="134.0" Y="152.33295529566163" />
  <Point X="134.0" Y="153.0" />
  <Point X="135.0" Y="154.0" />
  <Point X="136.0" Y="154.0" />
  <Point X="137.0" Y="154.0" />
  <Point X="137.0" Y="155.0" />
  <Point X="137.4549947528623" Y="155.0" />
  <Point X="138.0" Y="155.0" />
  <Point X="138.0" Y="156.0" />
  <Point X="139.0" Y="156.0" />
  <Point X="140.0" Y="156.0" />
  <Point X="141.0" Y="156.0" />
  <Point X="141.0" Y="156.99124777243605" />
  <Point X="141.0" Y="157.0" />
  <Point X="142.0" Y="157.0" />
  <Point X="142.0" Y="156.0" />
  <Point X="142.0" Y="155.0" />
  <Point X="142.0" Y="154.0" />
  <Point X="142.0" Y="153.0" />
  <Point X="142.0" Y="152.4724992079902" />
  <Point X="142.0" Y="152.0" />
  <Point X="142.0" Y="151.0" />
  <Point X="142.0" Y="150.0" />
  <Point X="142.0" Y="149.0" />
  <Point X="142.0" Y="148.0" />
  <Point X="142.0" Y="147.0" />
  <Point X="142.0" Y="146.93624618841648" />
  <Point X="142.0" Y="146.0" />
  <Point X="141.0" Y="145.0" />
  <Point X="141.0" Y="144.0" />
  <Point X="141.0" Y="143.0" />
  <Point X="141.0" Y="142.0" />
  <Point X="141.0" Y="141.81420673121582" />
  <Point X="141.0" Y="141.0" />
  <Point X="141.0" Y="140.0" />
  <Point X="140.0" Y="140.0" />
  <Point X="140.0" Y="139.0" />
  <Point X="140.0" Y="138.0" />
  <Point X="140.0" Y="137.27795371164206" />
  <Point X="140.0" Y="137.0" />
  <Point X="140.0" Y="136.0" />
  <Point X="140.0" Y="135.0" />
  <Point X="139.0" Y="135.0" />
  <Point X="139.0" Y="134.0" />
  <Point X="139.0" Y="132.74170069206832" />
  <Point X="139.0" Y="132.0" />
  <Point X="139.0" Y="131.0" />
  <Point X="139.0" Y="130.0" />
  <Point X="139.0" Y="129.0" />
  <Point X="139.0" Y="128.0" />
  <Point X="138.43816666121336" Y="127.43816666121336" />
  <Point X="138.0" Y="127.0" />
  <Point X="138.0" Y="126.0" />
  <Point X="138.0" Y="125.0" />
  <Point X="138.0" Y="124.0" />
  <Point X="138.0" Y="123.0" />
  <Point X="138.0" Y="122.08340821529391" />
  <Point X="138.0" Y="122.0" />
  <Point X="138.0" Y="121.0" />
  <Point X="138.0" Y="120.0" />
  <Point X="138.0" Y="119.0" />
  <Point X="138.0" Y="118.0" />
  <Point X="138.0" Y="117.0" />
  <Point X="138.0" Y="116.54715519572017" />
  <Point X="138.0" Y="116.0" />
  <Point X="138.0" Y="115.0" />
  <Point X="138.0" Y="114.0" />
  <Point X="138.0" Y="113.0" />
  <Point X="138.0" Y="112.0" />
  <Point X="138.0" Y="111.01090217614642" />
  <Point X="138.0" Y="111.0" />
  <Point X="138.0" Y="110.0" />
  <Point X="138.0" Y="109.0" />
  <Point X="138.0" Y="108.0" />
  <Point X="138.0" Y="107.0" />
  <Point X="138.0" Y="106.0" />
  <Point X="138.0" Y="105.47464915657267" />
  <Point X="138.0" Y="105.0" />
  <Point X="138.0" Y="104.0" />
  <Point X="138.0" Y="103.0" />
  <Point X="138.0" Y="102.0" />
  <Point X="138.0" Y="101.0" />
  <Point X="138.0" Y="100.0" />
  <Point X="138.0" Y="99.93839613699892" />
  <Point X="138.0" Y="99.0" />
  <Point X="138.0" Y="98.0" />
  <Point X="138.0" Y="97.0" />
  <Point X="138.0" Y="96.0" />
  <Point X="138.0" Y="95.0" />
  <Point X="138.0" Y="94.40214311742517" />
  <Point X="138.0" Y="94.0" />
  <Point X="138.0" Y="93.0" />
  <Point X="138.0" Y="92.0" />
  <Point X="138.0" Y="91.0" />
  <Point X="138.0" Y="90.0" />
  <Point X="138.0" Y="89.0" />
  <Point X="138.0" Y="88.86589009785142" />
  <Point X="138.0" Y="88.0" />
  <Point X="138.0" Y="87.0" />
  <Point X="138.0" Y="86.0" />
  <Point X="138.0" Y="85.0" />
  <Point X="138.0" Y="84.0" />
  <Point X="138.0" Y="83.32963707827767" />
  <Point X="138.0" Y="83.0" />
  <Point X="138.0" Y="82.0" />
  <Point X="138.0" Y="81.0" />
  <Point X="138.0" Y="80.0" />
  <Point X="138.0" Y="79.0" />
  <Point X="138.0" Y="78.0" />
  <Point X="138.0" Y="77.79338405870392" />
  <Point X="138.0" Y="77.0" />
  <Point X="138.0" Y="76.0" />
  <Point X="138.0" Y="75.0" />
  <Point X="138.0" Y="74.0" />
  <Point X="138.0" Y="73.0" />
  <Point X="138.0" Y="72.25713103913017" />
  <Point X="138.0" Y="72.0" />
  <Point X="138.0" Y="71.0" />
  <Point X="139.0" Y="71.0" />
  <Point X="139.0" Y="70.0" />
  <Point X="138.0" Y="70.0" />
  <Point X="138.0" Y="71.0" />
  <Point X="137.72087801955644" Y="71.0" />
  <Point X="137.0" Y="71.0" />
  <Point X="137.0" Y="72.0" />
  <Point X="136.0" Y="73.0" />
  <Point X="135.0" Y="73.0" />
  <Point X="135.0" Y="74.0" />
  <Point X="134.59883856235578" Y="74.0" />
  <Point X="134.0" Y="74.0" />
  <Point X="134.0" Y="75.0" />
  <Point X="133.0" Y="75.0" />
  <Point X="133.0" Y="76.0" />
  <Point X="132.0" Y="76.0" />
  <Point X="131.06258554278202" Y="76.0" />
  <Point X="131.0" Y="76.0" />
  <Point X="131.0" Y="77.0" />
  <Point X="130.0" Y="78.0" />
  <Point X="129.0" Y="79.0" />
  <Point X="128.0" Y="79.0" />
  <Point X="127.5437461715734" Y="79.4562538284266" />
  <Point X="127.0" Y="80.0" />
  <Point X="126.0" Y="81.0" />
  <Point X="126.0" Y="82.0" />
  <Point X="125.0" Y="82.0" />
  <Point X="125.0" Y="83.0" />
  <Point X="124.6469337531269" Y="83.0" />
  <Point X="124.0" Y="83.0" />
  <Point X="124.0" Y="84.0" />
  <Point X="123.0" Y="84.0" />
  <Point X="122.0" Y="85.0" />
  <Point X="122.0" Y="86.0" />
  <Point X="121.66404953486904" Y="86.33595046513096" />
  <Point X="121.0" Y="87.0" />
  <Point X="120.0" Y="87.0" />
  <Point X="120.0" Y="88.0" />
  <Point X="119.0" Y="88.0" />
  <Point X="119.0" Y="89.0" />
  <Point X="119.0" Y="89.59714516127441" />
  <Point X="119.0" Y="90.0" />
  <Point X="117.0" Y="90.0" />
  <Point X="117.0" Y="91.0" />
  <Point X="117.0" Y="92.0" />
  <Point X="116.0" Y="92.0" />
  <Point X="116.0" Y="92.13339818084816" />
  <Point X="116.0" Y="93.0" />
  <Point X="115.0" Y="93.0" />
  <Point X="115.0" Y="94.0" />
  <Point X="114.0" Y="95.0" />
  <Point X="113.11227153277886" Y="95.88772846722114" />
  <Point X="113.0" Y="96.0" />
  <Point X="112.0" Y="97.0" />
  <Point X="111.0" Y="98.0" />
  <Point X="111.0" Y="99.0" />
  <Point X="109.61448758616426" Y="99.69275620691788" />
  <Point X="109.0" Y="100.0" />
  <Point X="108.0" Y="101.0" />
  <Point X="107.0" Y="101.0" />
  <Point X="107.0" Y="102.0" />
  <Point X="106.0" Y="103.0" />
  <Point X="106.0" Y="103.02080788783104" />
  <Point X="106.0" Y="104.0" />
  <Point X="105.0" Y="104.0" />
  <Point X="105.0" Y="105.0" />
  <Point X="104.0" Y="106.0" />
  <Point X="103.0" Y="106.0" />
  <Point X="102.8989916736536" Y="106.1010083263464" />
  <Point X="102.0" Y="107.0" />
  <Point X="102.0" Y="108.0" />
  <Point X="101.0" Y="109.0" />
  <Point X="100.0" Y="110.0" />
  <Point X="99.69137640233505" Y="110.30862359766495" />
  <Point X="99.0" Y="111.0" />
  <Point X="98.0" Y="112.0" />
  <Point X="98.0" Y="113.0" />
  <Point X="97.0" Y="113.0" />
  <Point X="96.19086791220305" Y="113.80913208779695" />
  <Point X="96.0" Y="114.0" />
  <Point X="95.0" Y="115.0" />
  <Point X="94.0" Y="116.0" />
  <Point X="94.0" Y="117.0" />
  <Point X="93.0" Y="117.0" />
  <Point X="92.69035942207104" Y="117.30964057792896" />
  <Point X="92.0" Y="118.0" />
  <Point X="91.0" Y="119.0" />
  <Point X="90.0" Y="120.0" />
  <Point X="89.0" Y="121.0" />
  <Point X="88.77563736956594" Y="121.22436263043406" />
  <Point X="88.0" Y="122.0" />
  <Point X="87.0" Y="122.0" />
  <Point X="87.0" Y="123.0" />
  <Point X="86.0" Y="124.0" />
  <Point X="85.27512887943394" Y="124.72487112056606" />
  <Point X="85.0" Y="125.0" />
  <Point X="85.0" Y="126.0" />
  <Point X="84.0" Y="126.0" />
  <Point X="84.0" Y="127.0" />
  <Point X="83.0" Y="128.0" />
  <Point X="82.26705153549533" Y="128.0" />
  <Point X="82.0" Y="128.0" />
  <Point X="82.0" Y="129.0" />
  <Point X="81.0" Y="129.0" />
  <Point X="81.0" Y="130.0" />
  <Point X="80.0" Y="130.0" />
  <Point X="80.0" Y="131.0" />
  <Point X="80.0" Y="131.26920148407842" />
  <Point X="80.0" Y="132.0" />
  <Point X="79.0" Y="132.0" />
  <Point X="78.0" Y="133.0" />
  <Point X="78.0" Y="134.0" />
  <Point X="77.0" Y="134.0" />
  <Point X="77.0" Y="134.39124094127908" />
  <Point X="77.0" Y="135.0" />
  <Point X="77.0" Y="136.0" />
  <Point X="76.0" Y="136.0" />
  <Point X="76.0" Y="137.0" />
  <Point X="75.0" Y="137.0" />
  <Point X="75.0" Y="137.92749396085281" />
  <Point X="75.0" Y="138.0" />
  <Point X="74.0" Y="138.0" />
  <Point X="73.0" Y="138.0" />
  <Point X="73.0" Y="139.0" />
  <Point X="73.0" Y="140.0" />
  <Point X="72.0" Y="140.0" />
  <Point X="72.0" Y="140.46374698042655" />
  <Point X="72.0" Y="141.0" />
  <Point X="71.0" Y="141.0" />
  <Point X="70.0" Y="141.0" />
  <Point X="70.0" Y="142.0" />
  <Point X="69.0" Y="142.0" />
  <Point X="68.0" Y="142.0" />
</Project_1_Part_4>
