<?xml version="1.0" encoding="utf-8" standalone="yes"?>
<Gesture Name="x5" Subject="1" Number="1" NumPts="446">
  <Point X="213.0" Y="21.0" />
  <Point X="212.0" Y="21.0" />
  <Point X="204.4808165844522" Y="23.908881175357905" />
  <Point X="196.02899116143442" Y="27.17856546309472" />
  <Point X="187.57716573841662" Y="30.448249750831536" />
  <Point X="179.12534031539883" Y="33.71793403856835" />
  <Point X="170.67351489238104" Y="36.98761832630517" />
  <Point X="162.22168946936324" Y="40.25730261404198" />
  <Point X="153.76986404634545" Y="43.5269869017788" />
  <Point X="145.31803862332765" Y="46.796671189515614" />
  <Point X="136.86621320030986" Y="50.06635547725243" />
  <Point X="128.41438777729206" Y="53.33603976498924" />
  <Point X="119.96256235427425" Y="56.605724052726046" />
  <Point X="111.51073693125645" Y="59.875408340462855" />
  <Point X="103.05891150823864" Y="63.14509262819966" />
  <Point X="94.60708608522083" Y="66.41477691593647" />
  <Point X="86.15526066220302" Y="69.68446120367328" />
  <Point X="77.70343523918521" Y="72.9541454914101" />
  <Point X="75.0" Y="74.0" />
  <Point X="75.0" Y="75.0" />
  <Point X="75.0" Y="76.0" />
  <Point X="75.0" Y="77.0" />
  <Point X="75.0" Y="78.0" />
  <Point X="76.0" Y="79.0" />
  <Point X="76.52986431756257" Y="79.52986431756257" />
  <Point X="77.0" Y="80.0" />
  <Point X="77.0" Y="81.0" />
  <Point X="78.0" Y="81.0" />
  <Point X="78.0" Y="82.0" />
  <Point X="78.0" Y="83.0" />
  <Point X="78.0" Y="84.0" />
  <Point X="79.0" Y="84.0" />
  <Point X="79.0" Y="85.0" />
  <Point X="79.98808799161698" Y="85.98808799161698" />
  <Point X="80.0" Y="86.0" />
  <Point X="80.0" Y="87.0" />
  <Point X="81.0" Y="87.0" />
  <Point X="81.0" Y="88.0" />
  <Point X="81.0" Y="89.0" />
  <Point X="82.0" Y="90.0" />
  <Point X="82.0" Y="91.0" />
  <Point X="83.0" Y="91.0" />
  <Point X="83.729485877465" Y="92.45897175492998" />
  <Point X="84.0" Y="93.0" />
  <Point X="84.0" Y="94.0" />
  <Point X="85.0" Y="95.0" />
  <Point X="85.0" Y="96.0" />
  <Point X="85.0" Y="97.0" />
  <Point X="86.0" Y="97.0" />
  <Point X="86.0" Y="98.0" />
  <Point X="86.91371916602941" Y="99.82743833205882" />
  <Point X="87.0" Y="100.0" />
  <Point X="88.0" Y="100.0" />
  <Point X="88.0" Y="101.0" />
  <Point X="88.0" Y="102.0" />
  <Point X="89.0" Y="103.0" />
  <Point X="89.0" Y="104.0" />
  <Point X="89.0" Y="105.0" />
  <Point X="90.0" Y="105.0" />
  <Point X="90.65073885909388" Y="106.30147771818774" />
  <Point X="91.0" Y="107.0" />
  <Point X="91.0" Y="108.0" />
  <Point X="92.0" Y="108.0" />
  <Point X="92.0" Y="109.0" />
  <Point X="92.0" Y="110.0" />
  <Point X="93.0" Y="110.0" />
  <Point X="93.0" Y="111.0" />
  <Point X="94.0" Y="111.0" />
  <Point X="94.0" Y="112.0" />
  <Point X="94.19888654114168" Y="112.19888654114168" />
  <Point X="95.0" Y="113.0" />
  <Point X="95.0" Y="114.0" />
  <Point X="96.0" Y="114.0" />
  <Point X="96.0" Y="115.0" />
  <Point X="96.0" Y="116.0" />
  <Point X="97.0" Y="117.0" />
  <Point X="98.0" Y="117.0" />
  <Point X="98.0" Y="118.0" />
  <Point X="98.51508061593111" Y="118.0" />
  <Point X="99.0" Y="118.0" />
  <Point X="99.0" Y="119.0" />
  <Point X="100.0" Y="119.0" />
  <Point X="100.0" Y="120.0" />
  <Point X="100.0" Y="121.0" />
  <Point X="101.0" Y="121.0" />
  <Point X="102.0" Y="122.0" />
  <Point X="103.0" Y="122.0" />
  <Point X="103.0" Y="123.0" />
  <Point X="103.16310675037928" Y="123.0" />
  <Point X="104.0" Y="123.0" />
  <Point X="104.0" Y="124.0" />
  <Point X="104.0" Y="125.0" />
  <Point X="105.0" Y="125.0" />
  <Point X="106.0" Y="125.0" />
  <Point X="106.0" Y="126.0" />
  <Point X="107.0" Y="127.0" />
  <Point X="108.0" Y="128.0" />
  <Point X="108.0" Y="128.39691932245435" />
  <Point X="108.0" Y="129.0" />
  <Point X="109.0" Y="129.0" />
  <Point X="110.0" Y="129.0" />
  <Point X="110.0" Y="130.0" />
  <Point X="111.0" Y="130.0" />
  <Point X="111.0" Y="131.0" />
  <Point X="112.0" Y="131.0" />
  <Point X="112.0" Y="132.0" />
  <Point X="112.0" Y="133.0" />
  <Point X="112.45915901927562" Y="133.0" />
  <Point X="113.0" Y="133.0" />
  <Point X="114.0" Y="134.0" />
  <Point X="115.0" Y="134.0" />
  <Point X="115.0" Y="135.0" />
  <Point X="116.0" Y="136.0" />
  <Point X="117.0" Y="137.0" />
  <Point X="117.0" Y="138.0" />
  <Point X="118.0" Y="138.0" />
  <Point X="118.0" Y="138.2787580289776" />
  <Point X="118.0" Y="139.0" />
  <Point X="119.0" Y="139.0" />
  <Point X="119.0" Y="140.0" />
  <Point X="120.0" Y="140.0" />
  <Point X="120.0" Y="141.0" />
  <Point X="121.0" Y="141.0" />
  <Point X="121.0" Y="142.0" />
  <Point X="122.0" Y="142.0" />
  <Point X="122.0" Y="143.0" />
  <Point X="122.34099772579886" Y="143.0" />
  <Point X="123.0" Y="143.0" />
  <Point X="123.0" Y="144.0" />
  <Point X="123.0" Y="145.0" />
  <Point X="124.0" Y="145.0" />
  <Point X="124.0" Y="146.0" />
  <Point X="124.0" Y="147.0" />
  <Point X="125.0" Y="147.0" />
  <Point X="125.0" Y="148.0" />
  <Point X="126.0" Y="148.0" />
  <Point X="126.40323742262012" Y="148.0" />
  <Point X="127.0" Y="148.0" />
  <Point X="127.0" Y="149.0" />
  <Point X="127.0" Y="150.0" />
  <Point X="128.0" Y="151.0" />
  <Point X="128.0" Y="152.0" />
  <Point X="129.0" Y="152.0" />
  <Point X="129.0" Y="153.0" />
  <Point X="129.0" Y="154.0" />
  <Point X="130.0" Y="154.0" />
  <Point X="130.0" Y="154.0512635570683" />
  <Point X="130.0" Y="155.0" />
  <Point X="131.0" Y="155.0" />
  <Point X="131.0" Y="156.0" />
  <Point X="132.0" Y="156.0" />
  <Point X="132.0" Y="157.0" />
  <Point X="132.0" Y="158.0" />
  <Point X="132.0" Y="159.0" />
  <Point X="133.0" Y="159.0" />
  <Point X="133.0" Y="160.0" />
  <Point X="133.0" Y="160.11350325388955" />
  <Point X="133.0" Y="161.0" />
  <Point X="134.0" Y="162.0" />
  <Point X="134.0" Y="163.0" />
  <Point X="135.0" Y="163.0" />
  <Point X="135.0" Y="164.0" />
  <Point X="135.0" Y="165.0" />
  <Point X="135.0" Y="166.0" />
  <Point X="136.0" Y="167.0" />
  <Point X="136.0" Y="167.3473158259646" />
  <Point X="136.0" Y="168.0" />
  <Point X="136.0" Y="169.0" />
  <Point X="136.0" Y="170.0" />
  <Point X="136.0" Y="171.0" />
  <Point X="137.0" Y="171.0" />
  <Point X="137.0" Y="172.0" />
  <Point X="138.0" Y="172.0" />
  <Point X="137.0" Y="172.0" />
  <Point X="137.0" Y="171.0" />
  <Point X="137.0" Y="170.59044447721413" />
  <Point X="137.0" Y="170.0" />
  <Point X="137.0" Y="169.0" />
  <Point X="137.0" Y="168.0" />
  <Point X="137.0" Y="167.0" />
  <Point X="137.0" Y="166.0" />
  <Point X="137.0" Y="165.0" />
  <Point X="137.0" Y="164.0" />
  <Point X="137.0" Y="163.0" />
  <Point X="137.0" Y="162.0" />
  <Point X="137.0" Y="161.52820478039288" />
  <Point X="137.0" Y="161.0" />
  <Point X="137.0" Y="160.0" />
  <Point X="137.0" Y="159.0" />
  <Point X="137.0" Y="157.0" />
  <Point X="137.0" Y="156.0" />
  <Point X="137.0" Y="155.0" />
  <Point X="137.0" Y="154.0" />
  <Point X="137.0" Y="153.0" />
  <Point X="137.0" Y="152.46596508357163" />
  <Point X="137.0" Y="152.0" />
  <Point X="137.0" Y="151.0" />
  <Point X="137.0" Y="150.0" />
  <Point X="137.0" Y="149.0" />
  <Point X="137.0" Y="147.0" />
  <Point X="137.0" Y="146.0" />
  <Point X="137.0" Y="145.0" />
  <Point X="137.0" Y="144.0" />
  <Point X="137.0" Y="143.40372538675038" />
  <Point X="137.0" Y="143.0" />
  <Point X="138.0" Y="142.0" />
  <Point X="138.0" Y="141.0" />
  <Point X="138.0" Y="140.0" />
  <Point X="138.0" Y="138.0" />
  <Point X="139.0" Y="137.0" />
  <Point X="139.0" Y="136.0" />
  <Point X="139.0" Y="135.1699128146753" />
  <Point X="139.0" Y="135.0" />
  <Point X="139.0" Y="134.0" />
  <Point X="139.0" Y="133.0" />
  <Point X="139.0" Y="131.0" />
  <Point X="139.0" Y="130.0" />
  <Point X="139.0" Y="128.0" />
  <Point X="139.0" Y="127.0" />
  <Point X="139.0" Y="126.10767311785405" />
  <Point X="139.0" Y="126.0" />
  <Point X="139.0" Y="125.0" />
  <Point X="139.0" Y="124.0" />
  <Point X="140.0" Y="124.0" />
  <Point X="140.0" Y="123.0" />
  <Point X="140.0" Y="122.0" />
  <Point X="140.0" Y="121.0" />
  <Point X="140.0" Y="120.0" />
  <Point X="140.0" Y="118.04543342103278" />
  <Point X="140.0" Y="118.0" />
  <Point X="140.0" Y="117.0" />
  <Point X="140.0" Y="116.0" />
  <Point X="140.0" Y="115.0" />
  <Point X="141.0" Y="114.0" />
  <Point X="141.0" Y="113.0" />
  <Point X="141.0" Y="111.0" />
  <Point X="142.0" Y="111.0" />
  <Point X="142.0" Y="110.39740728658461" />
  <Point X="142.0" Y="110.0" />
  <Point X="142.0" Y="109.0" />
  <Point X="142.0" Y="108.0" />
  <Point X="142.0" Y="107.0" />
  <Point X="142.0" Y="106.0" />
  <Point X="142.0" Y="105.0" />
  <Point X="142.0" Y="104.0" />
  <Point X="142.0" Y="103.0" />
  <Point X="142.0" Y="102.0" />
  <Point X="142.0" Y="101.33516758976334" />
  <Point X="142.0" Y="101.0" />
  <Point X="142.0" Y="100.0" />
  <Point X="143.0" Y="100.0" />
  <Point X="143.0" Y="99.0" />
  <Point X="143.0" Y="98.0" />
  <Point X="143.0" Y="97.0" />
  <Point X="143.0" Y="96.0" />
  <Point X="143.0" Y="95.0" />
  <Point X="144.0" Y="95.0" />
  <Point X="144.0" Y="94.27292789294208" />
  <Point X="144.0" Y="94.0" />
  <Point X="144.0" Y="93.0" />
  <Point X="144.0" Y="92.0" />
  <Point X="144.0" Y="91.0" />
  <Point X="144.0" Y="90.0" />
  <Point X="144.0" Y="89.0" />
  <Point X="144.0" Y="88.0" />
  <Point X="144.0" Y="87.0" />
  <Point X="145.0" Y="86.0" />
  <Point X="145.0" Y="85.6249017584939" />
  <Point X="145.0" Y="85.0" />
  <Point X="145.0" Y="84.0" />
  <Point X="145.0" Y="83.0" />
  <Point X="146.0" Y="82.0" />
  <Point X="146.0" Y="81.0" />
  <Point X="146.0" Y="80.0" />
  <Point X="146.0" Y="79.0" />
  <Point X="146.0" Y="78.0" />
  <Point X="146.0" Y="77.0" />
  <Point X="146.01635140304796" Y="76.98364859695204" />
  <Point X="147.0" Y="76.0" />
  <Point X="147.0" Y="75.0" />
  <Point X="147.0" Y="74.0" />
  <Point X="147.0" Y="73.0" />
  <Point X="147.0" Y="72.0" />
  <Point X="148.0" Y="72.0" />
  <Point X="148.0" Y="71.0" />
  <Point X="148.0" Y="70.0" />
  <Point X="148.0" Y="69.32884948959757" />
  <Point X="148.0" Y="69.0" />
  <Point X="148.0" Y="70.0" />
  <Point X="147.0" Y="70.0" />
  <Point X="147.0" Y="71.0" />
  <Point X="147.0" Y="72.0" />
  <Point X="146.0" Y="72.0" />
  <Point X="146.0" Y="73.0" />
  <Point X="145.0" Y="73.0" />
  <Point X="145.0" Y="74.0" />
  <Point X="144.48141481121633" Y="74.51858518878367" />
  <Point X="144.0" Y="75.0" />
  <Point X="144.0" Y="76.0" />
  <Point X="144.0" Y="77.0" />
  <Point X="143.0" Y="77.0" />
  <Point X="143.0" Y="78.0" />
  <Point X="142.0" Y="78.0" />
  <Point X="141.0" Y="79.0" />
  <Point X="141.0" Y="80.0" />
  <Point X="140.31608435597536" Y="80.68391564402462" />
  <Point X="140.0" Y="81.0" />
  <Point X="140.0" Y="82.0" />
  <Point X="139.0" Y="82.0" />
  <Point X="139.0" Y="83.0" />
  <Point X="138.0" Y="83.0" />
  <Point X="138.0" Y="84.0" />
  <Point X="137.0" Y="85.0" />
  <Point X="136.0" Y="86.0" />
  <Point X="135.44364711954788" Y="86.55635288045212" />
  <Point X="135.0" Y="87.0" />
  <Point X="134.0" Y="88.0" />
  <Point X="133.0" Y="88.0" />
  <Point X="133.0" Y="89.0" />
  <Point X="133.0" Y="90.0" />
  <Point X="132.0" Y="90.0" />
  <Point X="132.0" Y="91.0" />
  <Point X="131.0" Y="92.0" />
  <Point X="130.3935992012973" Y="92.0" />
  <Point X="130.0" Y="92.0" />
  <Point X="129.0" Y="93.0" />
  <Point X="128.0" Y="94.0" />
  <Point X="128.0" Y="95.0" />
  <Point X="127.0" Y="95.0" />
  <Point X="126.0" Y="96.0" />
  <Point X="125.0" Y="97.0" />
  <Point X="124.09503087006962" Y="97.45248456496519" />
  <Point X="123.0" Y="98.0" />
  <Point X="123.0" Y="99.0" />
  <Point X="122.0" Y="100.0" />
  <Point X="121.0" Y="100.0" />
  <Point X="121.0" Y="101.0" />
  <Point X="120.0" Y="102.0" />
  <Point X="119.0" Y="102.0" />
  <Point X="118.28615389678993" Y="102.71384610321007" />
  <Point X="118.0" Y="103.0" />
  <Point X="117.0" Y="105.0" />
  <Point X="115.0" Y="105.0" />
  <Point X="115.0" Y="106.0" />
  <Point X="115.0" Y="107.0" />
  <Point X="113.0" Y="108.0" />
  <Point X="112.86888753934426" Y="108.13111246065574" />
  <Point X="112.0" Y="109.0" />
  <Point X="112.0" Y="110.0" />
  <Point X="111.0" Y="110.0" />
  <Point X="111.0" Y="111.0" />
  <Point X="109.0" Y="111.0" />
  <Point X="109.0" Y="112.0" />
  <Point X="108.0" Y="113.0" />
  <Point X="107.58076640786948" Y="113.0" />
  <Point X="107.0" Y="113.0" />
  <Point X="107.0" Y="114.0" />
  <Point X="106.0" Y="114.0" />
  <Point X="106.0" Y="115.0" />
  <Point X="105.0" Y="115.0" />
  <Point X="105.0" Y="116.0" />
  <Point X="104.0" Y="116.0" />
  <Point X="104.0" Y="117.0" />
  <Point X="103.0" Y="117.0" />
  <Point X="102.659546972422" Y="117.340453027578" />
  <Point X="102.0" Y="118.0" />
  <Point X="101.0" Y="118.0" />
  <Point X="101.0" Y="120.0" />
  <Point X="100.0" Y="120.0" />
  <Point X="100.0" Y="121.0" />
  <Point X="99.0" Y="121.0" />
  <Point X="98.0" Y="122.0" />
  <Point X="97.49421651718106" Y="122.50578348281894" />
  <Point X="97.0" Y="123.0" />
  <Point X="97.0" Y="124.0" />
  <Point X="95.0" Y="124.0" />
  <Point X="94.0" Y="125.0" />
  <Point X="93.0" Y="126.0" />
  <Point X="93.0" Y="127.0" />
  <Point X="92.0" Y="127.0" />
  <Point X="91.62177928075356" Y="127.37822071924644" />
  <Point X="91.0" Y="128.0" />
  <Point X="90.0" Y="128.0" />
  <Point X="90.0" Y="129.0" />
  <Point X="89.0" Y="129.0" />
  <Point X="88.0" Y="130.0" />
  <Point X="87.0" Y="131.0" />
  <Point X="86.0" Y="132.0" />
  <Point X="85.33512848195296" Y="132.66487151804705" />
  <Point X="85.0" Y="133.0" />
  <Point X="84.0" Y="133.0" />
  <Point X="84.0" Y="134.0" />
  <Point X="83.0" Y="135.0" />
  <Point X="82.0" Y="136.0" />
  <Point X="81.0" Y="136.0" />
  <Point X="81.0" Y="137.0" />
  <Point X="80.0" Y="138.0" />
  <Point X="79.6543442346134" Y="138.0" />
  <Point X="79.0" Y="138.0" />
  <Point X="79.0" Y="139.0" />
  <Point X="78.0" Y="139.0" />
  <Point X="78.0" Y="140.0" />
  <Point X="77.0" Y="140.0" />
  <Point X="77.0" Y="141.0" />
  <Point X="76.0" Y="141.0" />
  <Point X="76.0" Y="142.0" />
  <Point X="75.0" Y="142.0" />
  <Point X="75.0" Y="142.40789546220785" />
  <Point X="75.0" Y="143.0" />
  <Point X="74.0" Y="144.0" />
  <Point X="73.0" Y="144.0" />
  <Point X="73.0" Y="145.0" />
  <Point X="72.0" Y="146.0" />
  <Point X="72.0" Y="147.0" />
  <Point X="71.0" Y="147.0" />
  <Point X="71.0" Y="148.0" />
  <Point X="70.35829196571709" Y="148.0" />
  <Point X="70.0" Y="148.0" />
  <Point X="69.0" Y="149.0" />
  <Point X="69.0" Y="150.0" />
  <Point X="68.0" Y="150.0" />
  <Point X="68.0" Y="151.0" />
  <Point X="67.0" Y="151.0" />
  <Point X="67.0" Y="152.0" />
  <Point X="66.0" Y="152.0" />
  <Point X="65.0" Y="152.0" />
  <Point X="65.0" Y="152.2897341687311" />
  <Point X="65.0" Y="153.0" />
  <Point X="64.0" Y="153.0" />
  <Point X="64.0" Y="154.0" />
  <Point X="63.0" Y="155.0" />
  <Point X="62.0" Y="155.0" />
  <Point X="62.0" Y="156.0" />
  <Point X="61.0" Y="156.0" />
  <Point X="61.0" Y="157.0" />
  <Point X="60.06223969682075" Y="157.0" />
  <Point X="60.0" Y="157.0" />
  <Point X="60.0" Y="158.0" />
  <Point X="59.0" Y="158.0" />
  <Point X="59.0" Y="157.0" />
  <Point X="59.0" Y="156.0" />
  <Point X="59.0" Y="155.0" />
  <Point X="59.0" Y="154.0" />
  <Point X="59.0" Y="153.0" />
  <Point X="59.0" Y="152.0" />
  <Point X="59.0" Y="151.0" />
</Project_1_Part_4>
