<?xml version="1.0" encoding="utf-8" standalone="yes"?>
<Gesture Name="x7" Subject="1" Number="1" NumPts="418">
  <Point X="219.0" Y="23.0" />
  <Point X="218.0" Y="23.0" />
  <Point X="217.0" Y="23.0" />
  <Point X="210.76432241741742" Y="25.29065707115278" />
  <Point X="202.65130531580138" Y="28.270949067664787" />
  <Point X="194.53828821418534" Y="31.251241064176796" />
  <Point X="186.4252711125693" Y="34.231533060688804" />
  <Point X="178.31225401095327" Y="37.21182505720081" />
  <Point X="170.19923690933723" Y="40.19211705371282" />
  <Point X="162.0862198077212" Y="43.172409050224836" />
  <Point X="153.97320270610516" Y="46.15270104673685" />
  <Point X="145.86018560448912" Y="49.13299304324887" />
  <Point X="137.74716850287308" Y="52.11328503976088" />
  <Point X="129.63415140125704" Y="55.0935770362729" />
  <Point X="121.52113429964102" Y="58.07386903278491" />
  <Point X="113.408117198025" Y="61.05416102929693" />
  <Point X="105.29510009640897" Y="64.03445302580894" />
  <Point X="97.18208299479295" Y="67.01474502232095" />
  <Point X="89.06906589317693" Y="69.99503701883296" />
  <Point X="80.9560487915609" Y="72.97532901534497" />
  <Point X="72.84303168994488" Y="75.95562101185698" />
  <Point X="70.0" Y="77.0" />
  <Point X="70.0" Y="78.0" />
  <Point X="70.0" Y="79.0" />
  <Point X="71.0" Y="79.0" />
  <Point X="72.0" Y="80.0" />
  <Point X="72.0" Y="81.0" />
  <Point X="72.20009898817118" Y="81.0" />
  <Point X="73.0" Y="81.0" />
  <Point X="73.0" Y="82.0" />
  <Point X="74.0" Y="82.0" />
  <Point X="75.0" Y="83.0" />
  <Point X="76.0" Y="83.0" />
  <Point X="76.0" Y="84.0" />
  <Point X="77.0" Y="84.0" />
  <Point X="78.0" Y="85.0" />
  <Point X="78.0" Y="85.01477239943564" />
  <Point X="78.0" Y="86.0" />
  <Point X="79.0" Y="86.0" />
  <Point X="80.0" Y="87.0" />
  <Point X="81.0" Y="87.0" />
  <Point X="81.0" Y="88.0" />
  <Point X="82.0" Y="88.0" />
  <Point X="83.0" Y="89.0" />
  <Point X="83.82944581070011" Y="89.0" />
  <Point X="84.0" Y="89.0" />
  <Point X="84.0" Y="90.0" />
  <Point X="85.0" Y="91.0" />
  <Point X="86.0" Y="91.0" />
  <Point X="86.0" Y="92.0" />
  <Point X="87.0" Y="92.0" />
  <Point X="88.0" Y="93.0" />
  <Point X="89.0" Y="93.0" />
  <Point X="89.45546106974375" Y="93.45546106974375" />
  <Point X="90.0" Y="94.0" />
  <Point X="90.0" Y="95.0" />
  <Point X="91.0" Y="95.0" />
  <Point X="92.0" Y="96.0" />
  <Point X="93.0" Y="97.0" />
  <Point X="94.0" Y="97.0" />
  <Point X="95.0" Y="97.0" />
  <Point X="95.0" Y="98.0" />
  <Point X="95.03152216330123" Y="98.03152216330123" />
  <Point X="96.0" Y="99.0" />
  <Point X="97.0" Y="100.0" />
  <Point X="98.0" Y="100.0" />
  <Point X="99.0" Y="100.0" />
  <Point X="99.0" Y="101.0" />
  <Point X="100.0" Y="102.0" />
  <Point X="101.0" Y="102.0" />
  <Point X="101.31469003804526" Y="102.31469003804526" />
  <Point X="102.0" Y="103.0" />
  <Point X="102.0" Y="104.0" />
  <Point X="103.0" Y="104.0" />
  <Point X="104.0" Y="105.0" />
  <Point X="105.0" Y="105.0" />
  <Point X="106.0" Y="106.0" />
  <Point X="106.0" Y="107.0" />
  <Point X="106.84549876863868" Y="107.0" />
  <Point X="107.0" Y="107.0" />
  <Point X="107.0" Y="108.0" />
  <Point X="108.0" Y="108.0" />
  <Point X="108.0" Y="109.0" />
  <Point X="109.0" Y="109.0" />
  <Point X="110.0" Y="109.0" />
  <Point X="110.0" Y="110.0" />
  <Point X="111.0" Y="111.0" />
  <Point X="111.75970544397367" Y="111.75970544397367" />
  <Point X="112.0" Y="112.0" />
  <Point X="113.0" Y="112.0" />
  <Point X="113.0" Y="113.0" />
  <Point X="114.0" Y="114.0" />
  <Point X="115.0" Y="114.0" />
  <Point X="115.0" Y="115.0" />
  <Point X="116.0" Y="115.0" />
  <Point X="117.0" Y="116.0" />
  <Point X="117.33576653753116" Y="116.33576653753116" />
  <Point X="118.0" Y="117.0" />
  <Point X="118.0" Y="118.0" />
  <Point X="119.0" Y="118.0" />
  <Point X="119.0" Y="119.0" />
  <Point X="120.0" Y="119.0" />
  <Point X="121.0" Y="120.0" />
  <Point X="122.0" Y="120.0" />
  <Point X="122.0" Y="121.0" />
  <Point X="122.20472084990209" Y="121.20472084990209" />
  <Point X="123.0" Y="122.0" />
  <Point X="124.0" Y="123.0" />
  <Point X="125.0" Y="123.0" />
  <Point X="125.0" Y="124.0" />
  <Point X="126.0" Y="124.0" />
  <Point X="126.0" Y="125.0" />
  <Point X="127.0" Y="126.0" />
  <Point X="127.68997885132345" Y="126.0" />
  <Point X="128.0" Y="126.0" />
  <Point X="129.0" Y="127.0" />
  <Point X="129.0" Y="128.0" />
  <Point X="130.0" Y="129.0" />
  <Point X="131.0" Y="130.0" />
  <Point X="132.0" Y="130.0" />
  <Point X="133.0" Y="131.0" />
  <Point X="133.4781633805767" Y="131.4781633805767" />
  <Point X="134.0" Y="132.0" />
  <Point X="134.0" Y="133.0" />
  <Point X="136.0" Y="133.0" />
  <Point X="136.0" Y="134.0" />
  <Point X="137.0" Y="135.0" />
  <Point X="138.0" Y="136.0" />
  <Point X="138.76133125532073" Y="136.76133125532073" />
  <Point X="139.0" Y="137.0" />
  <Point X="140.0" Y="137.0" />
  <Point X="141.0" Y="138.0" />
  <Point X="142.0" Y="138.0" />
  <Point X="142.0" Y="139.0" />
  <Point X="143.0" Y="140.0" />
  <Point X="144.0" Y="140.0" />
  <Point X="144.0" Y="141.0" />
  <Point X="144.47714483562447" Y="141.0" />
  <Point X="145.0" Y="141.0" />
  <Point X="145.0" Y="142.0" />
  <Point X="146.0" Y="142.0" />
  <Point X="147.0" Y="142.0" />
  <Point X="148.0" Y="142.0" />
  <Point X="148.0" Y="143.0" />
  <Point X="148.0" Y="144.0" />
  <Point X="149.0" Y="144.0" />
  <Point X="149.0" Y="145.0" />
  <Point X="149.12024537163512" Y="145.0" />
  <Point X="150.0" Y="145.0" />
  <Point X="151.0" Y="146.0" />
  <Point X="152.0" Y="146.0" />
  <Point X="153.0" Y="146.0" />
  <Point X="153.0" Y="147.0" />
  <Point X="154.0" Y="148.0" />
  <Point X="154.0" Y="149.0" />
  <Point X="154.0" Y="149.9349187828996" />
  <Point X="154.0" Y="150.0" />
  <Point X="155.0" Y="150.0" />
  <Point X="156.0" Y="150.0" />
  <Point X="156.0" Y="151.0" />
  <Point X="156.0" Y="150.0" />
  <Point X="156.0" Y="149.0" />
  <Point X="156.0" Y="148.0" />
  <Point X="156.0" Y="147.0" />
  <Point X="156.0" Y="146.0" />
  <Point X="156.0" Y="145.42198068108976" />
  <Point X="156.0" Y="145.0" />
  <Point X="156.0" Y="144.0" />
  <Point X="156.0" Y="143.0" />
  <Point X="156.0" Y="142.0" />
  <Point X="156.0" Y="141.0" />
  <Point X="156.0" Y="140.0" />
  <Point X="156.0" Y="139.0" />
  <Point X="156.0" Y="138.0" />
  <Point X="156.0" Y="137.0" />
  <Point X="156.0" Y="136.7788801450791" />
  <Point X="156.0" Y="136.0" />
  <Point X="156.0" Y="135.0" />
  <Point X="156.0" Y="134.0" />
  <Point X="156.0" Y="132.0" />
  <Point X="156.0" Y="130.0" />
  <Point X="156.0" Y="129.0" />
  <Point X="156.0" Y="128.13577960906846" />
  <Point X="156.0" Y="128.0" />
  <Point X="156.0" Y="127.0" />
  <Point X="156.0" Y="126.0" />
  <Point X="156.0" Y="125.0" />
  <Point X="156.0" Y="124.0" />
  <Point X="156.0" Y="123.0" />
  <Point X="156.0" Y="122.0" />
  <Point X="156.0" Y="120.0" />
  <Point X="156.50732092694219" Y="120.0" />
  <Point X="157.0" Y="120.0" />
  <Point X="157.0" Y="119.0" />
  <Point X="157.0" Y="118.0" />
  <Point X="157.0" Y="117.0" />
  <Point X="157.0" Y="116.0" />
  <Point X="157.0" Y="115.0" />
  <Point X="157.0" Y="114.0" />
  <Point X="157.0" Y="113.0" />
  <Point X="157.0" Y="112.0" />
  <Point X="157.0" Y="111.84957853704717" />
  <Point X="157.0" Y="111.0" />
  <Point X="157.0" Y="110.0" />
  <Point X="157.0" Y="109.0" />
  <Point X="157.0" Y="108.0" />
  <Point X="157.0" Y="107.0" />
  <Point X="157.0" Y="106.0" />
  <Point X="157.0" Y="105.0" />
  <Point X="157.0" Y="104.0" />
  <Point X="157.79352199896348" Y="104.0" />
  <Point X="158.0" Y="104.0" />
  <Point X="158.0" Y="102.0" />
  <Point X="158.0" Y="101.0" />
  <Point X="158.0" Y="100.0" />
  <Point X="158.0" Y="99.0" />
  <Point X="158.0" Y="98.0" />
  <Point X="158.0" Y="97.0" />
  <Point X="159.0" Y="97.0" />
  <Point X="159.0" Y="96.56337746502587" />
  <Point X="159.0" Y="96.0" />
  <Point X="159.0" Y="95.0" />
  <Point X="160.0" Y="95.0" />
  <Point X="160.0" Y="94.0" />
  <Point X="160.0" Y="93.0" />
  <Point X="160.0" Y="92.0" />
  <Point X="160.0" Y="91.0" />
  <Point X="160.0" Y="90.0" />
  <Point X="160.0" Y="89.0" />
  <Point X="160.0" Y="88.92027692901522" />
  <Point X="160.0" Y="88.0" />
  <Point X="161.0" Y="88.0" />
  <Point X="161.0" Y="87.0" />
  <Point X="161.0" Y="86.0" />
  <Point X="161.0" Y="85.0" />
  <Point X="161.0" Y="84.0" />
  <Point X="162.0" Y="84.0" />
  <Point X="162.0" Y="83.0" />
  <Point X="162.0" Y="82.27717639300457" />
  <Point X="162.0" Y="82.0" />
  <Point X="162.0" Y="81.0" />
  <Point X="163.0" Y="81.0" />
  <Point X="163.0" Y="80.0" />
  <Point X="163.0" Y="79.0" />
  <Point X="163.0" Y="78.0" />
  <Point X="164.0" Y="78.0" />
  <Point X="164.0" Y="77.0" />
  <Point X="164.0" Y="76.0" />
  <Point X="164.0" Y="75.63407585699392" />
  <Point X="164.0" Y="75.0" />
  <Point X="164.0" Y="74.0" />
  <Point X="165.0" Y="74.0" />
  <Point X="165.0" Y="73.0" />
  <Point X="165.0" Y="72.0" />
  <Point X="165.0" Y="71.0" />
  <Point X="165.0" Y="70.0" />
  <Point X="164.0" Y="70.0" />
  <Point X="163.0" Y="70.0" />
  <Point X="162.99097532098327" Y="70.0" />
  <Point X="162.0" Y="70.0" />
  <Point X="162.0" Y="71.0" />
  <Point X="161.0" Y="71.0" />
  <Point X="160.0" Y="71.0" />
  <Point X="159.0" Y="71.0" />
  <Point X="159.0" Y="72.0" />
  <Point X="158.0" Y="72.0" />
  <Point X="157.0" Y="73.0" />
  <Point X="156.7620883473457" Y="73.0" />
  <Point X="156.0" Y="73.0" />
  <Point X="156.0" Y="74.0" />
  <Point X="155.0" Y="74.0" />
  <Point X="155.0" Y="75.0" />
  <Point X="154.0" Y="75.0" />
  <Point X="153.0" Y="75.0" />
  <Point X="153.0" Y="76.0" />
  <Point X="152.0" Y="76.0" />
  <Point X="152.0" Y="76.88101218866495" />
  <Point X="152.0" Y="77.0" />
  <Point X="151.0" Y="77.0" />
  <Point X="150.0" Y="77.0" />
  <Point X="150.0" Y="78.0" />
  <Point X="149.0" Y="78.0" />
  <Point X="149.0" Y="79.0" />
  <Point X="148.0" Y="79.0" />
  <Point X="147.0" Y="80.0" />
  <Point X="146.0" Y="80.0" />
  <Point X="145.9222895570892" Y="80.07771044291083" />
  <Point X="145.0" Y="81.0" />
  <Point X="144.0" Y="82.0" />
  <Point X="143.0" Y="83.0" />
  <Point X="142.0" Y="84.0" />
  <Point X="141.0" Y="84.0" />
  <Point X="141.0" Y="85.0" />
  <Point X="140.0" Y="85.0" />
  <Point X="140.0" Y="85.09614544882078" />
  <Point X="140.0" Y="86.0" />
  <Point X="140.0" Y="87.0" />
  <Point X="139.0" Y="87.0" />
  <Point X="138.0" Y="87.0" />
  <Point X="138.0" Y="88.0" />
  <Point X="137.0" Y="88.0" />
  <Point X="137.0" Y="89.0" />
  <Point X="136.0" Y="89.0" />
  <Point X="136.0" Y="89.73924598483143" />
  <Point X="136.0" Y="90.0" />
  <Point X="135.0" Y="91.0" />
  <Point X="134.0" Y="91.0" />
  <Point X="134.0" Y="92.0" />
  <Point X="133.0" Y="92.0" />
  <Point X="133.0" Y="93.0" />
  <Point X="132.0" Y="93.0" />
  <Point X="131.1198241832211" Y="94.76035163355778" />
  <Point X="131.0" Y="95.0" />
  <Point X="130.0" Y="95.0" />
  <Point X="130.0" Y="96.0" />
  <Point X="129.0" Y="96.0" />
  <Point X="129.0" Y="97.0" />
  <Point X="128.0" Y="97.0" />
  <Point X="128.0" Y="98.0" />
  <Point X="127.0" Y="99.0" />
  <Point X="126.03904804539324" Y="99.0" />
  <Point X="126.0" Y="99.0" />
  <Point X="126.0" Y="100.0" />
  <Point X="125.0" Y="100.0" />
  <Point X="124.0" Y="101.0" />
  <Point X="124.0" Y="102.0" />
  <Point X="123.0" Y="102.0" />
  <Point X="122.0" Y="102.0" />
  <Point X="122.0" Y="103.0" />
  <Point X="121.15865682531872" Y="103.84134317468128" />
  <Point X="121.0" Y="104.0" />
  <Point X="119.0" Y="105.0" />
  <Point X="119.0" Y="106.0" />
  <Point X="118.0" Y="106.0" />
  <Point X="117.0" Y="107.0" />
  <Point X="117.0" Y="108.0" />
  <Point X="116.0" Y="108.0" />
  <Point X="115.45662778065888" Y="108.54337221934112" />
  <Point X="114.0" Y="110.0" />
  <Point X="113.0" Y="111.0" />
  <Point X="112.0" Y="111.0" />
  <Point X="112.0" Y="112.0" />
  <Point X="110.0" Y="112.0" />
  <Point X="110.0" Y="113.0" />
  <Point X="109.83109578909965" Y="113.0" />
  <Point X="109.0" Y="113.0" />
  <Point X="109.0" Y="114.0" />
  <Point X="108.0" Y="114.0" />
  <Point X="108.0" Y="115.0" />
  <Point X="107.0" Y="115.0" />
  <Point X="106.0" Y="116.0" />
  <Point X="105.0" Y="116.0" />
  <Point X="104.0" Y="116.0" />
  <Point X="104.0" Y="116.39779118453791" />
  <Point X="104.0" Y="117.0" />
  <Point X="104.0" Y="118.0" />
  <Point X="103.0" Y="118.0" />
  <Point X="102.0" Y="119.0" />
  <Point X="101.0" Y="120.0" />
  <Point X="100.0" Y="120.0" />
  <Point X="99.0" Y="120.0" />
  <Point X="99.0" Y="121.0" />
  <Point X="99.0" Y="121.21246459580237" />
  <Point X="99.0" Y="122.0" />
  <Point X="98.0" Y="122.0" />
  <Point X="97.0" Y="123.0" />
  <Point X="96.0" Y="124.0" />
  <Point X="95.0" Y="125.0" />
  <Point X="94.0" Y="125.0" />
  <Point X="93.0" Y="126.0" />
  <Point X="92.80128911767935" Y="126.0" />
  <Point X="92.0" Y="126.0" />
  <Point X="92.0" Y="127.0" />
  <Point X="92.0" Y="128.0" />
  <Point X="91.0" Y="128.0" />
  <Point X="90.0" Y="128.0" />
  <Point X="89.0" Y="128.0" />
  <Point X="89.0" Y="129.0" />
  <Point X="89.0" Y="130.0" />
  <Point X="88.1581885816687" Y="130.0" />
  <Point X="88.0" Y="130.0" />
  <Point X="88.0" Y="131.0" />
  <Point X="87.0" Y="131.0" />
  <Point X="87.0" Y="132.0" />
  <Point X="86.0" Y="132.0" />
  <Point X="85.0" Y="132.0" />
  <Point X="85.0" Y="133.0" />
  <Point X="85.0" Y="134.0" />
  <Point X="84.0" Y="134.0" />
  <Point X="84.0" Y="134.48491195434195" />
  <Point X="84.0" Y="135.0" />
  <Point X="83.0" Y="135.0" />
  <Point X="83.0" Y="136.0" />
  <Point X="82.0" Y="136.0" />
  <Point X="81.0" Y="137.0" />
  <Point X="81.0" Y="138.0" />
  <Point X="80.0" Y="138.0" />
  <Point X="80.0" Y="139.0" />
  <Point X="79.28620107202049" Y="139.0" />
  <Point X="79.0" Y="139.0" />
  <Point X="79.0" Y="140.0" />
  <Point X="78.0" Y="140.0" />
  <Point X="78.0" Y="141.0" />
  <Point X="77.0" Y="141.0" />
  <Point X="77.0" Y="142.0" />
  <Point X="76.0" Y="142.0" />
  <Point X="76.0" Y="143.0" />
  <Point X="75.0" Y="143.0" />
  <Point X="75.0" Y="143.35689946399017" />
  <Point X="75.0" Y="144.0" />
  <Point X="74.0" Y="144.0" />
  <Point X="74.0" Y="145.0" />
  <Point X="73.0" Y="145.0" />
  <Point X="72.0" Y="145.0" />
  <Point X="72.0" Y="144.0" />
  <Point X="72.0" Y="143.0" />
  <Point X="72.0" Y="142.0" />
  <Point X="72.0" Y="141.0" />
</Project_1_Part_4>
