<?xml version="1.0" encoding="utf-8" standalone="yes"?>
<Gesture Name="x9" Subject="1" Number="1" NumPts="391">
  <Point X="72.0" Y="82.0" />
  <Point X="72.0" Y="83.0" />
  <Point X="72.0" Y="84.0" />
  <Point X="72.0" Y="85.0" />
  <Point X="72.0" Y="86.0" />
  <Point X="73.0" Y="86.0" />
  <Point X="73.0" Y="86.65563859632583" />
  <Point X="73.0" Y="87.0" />
  <Point X="74.0" Y="88.0" />
  <Point X="74.0" Y="89.0" />
  <Point X="75.0" Y="89.0" />
  <Point X="75.0" Y="90.0" />
  <Point X="75.89706363027857" Y="90.0" />
  <Point X="76.0" Y="90.0" />
  <Point X="76.0" Y="91.0" />
  <Point X="77.0" Y="91.0" />
  <Point X="77.0" Y="92.0" />
  <Point X="78.0" Y="93.0" />
  <Point X="78.0" Y="94.0" />
  <Point X="78.1384886642313" Y="94.0" />
  <Point X="79.0" Y="94.0" />
  <Point X="80.0" Y="95.0" />
  <Point X="81.0" Y="96.0" />
  <Point X="81.0" Y="97.0" />
  <Point X="81.96570013581093" Y="97.0" />
  <Point X="82.0" Y="97.0" />
  <Point X="82.0" Y="98.0" />
  <Point X="83.0" Y="98.0" />
  <Point X="83.0" Y="99.0" />
  <Point X="84.0" Y="99.0" />
  <Point X="85.0" Y="100.0" />
  <Point X="85.0" Y="100.20712516976367" />
  <Point X="85.0" Y="101.0" />
  <Point X="86.0" Y="101.0" />
  <Point X="86.0" Y="102.0" />
  <Point X="87.0" Y="102.0" />
  <Point X="87.0" Y="103.0" />
  <Point X="87.61006610956393" Y="103.61006610956393" />
  <Point X="88.0" Y="104.0" />
  <Point X="89.0" Y="104.0" />
  <Point X="89.0" Y="105.0" />
  <Point X="90.0" Y="106.0" />
  <Point X="91.0" Y="106.0" />
  <Point X="91.30856630684396" Y="106.6171326136879" />
  <Point X="92.0" Y="108.0" />
  <Point X="93.0" Y="108.0" />
  <Point X="94.0" Y="108.0" />
  <Point X="94.0" Y="109.0" />
  <Point X="95.0" Y="109.0" />
  <Point X="95.07746061797863" Y="109.07746061797863" />
  <Point X="96.0" Y="110.0" />
  <Point X="97.0" Y="111.0" />
  <Point X="98.0" Y="112.0" />
  <Point X="99.0" Y="112.0" />
  <Point X="99.36949424019444" Y="112.36949424019444" />
  <Point X="100.0" Y="113.0" />
  <Point X="100.0" Y="114.0" />
  <Point X="101.0" Y="115.0" />
  <Point X="102.0" Y="115.0" />
  <Point X="103.20725778541899" Y="115.6036288927095" />
  <Point X="104.0" Y="116.0" />
  <Point X="104.0" Y="117.0" />
  <Point X="105.0" Y="117.0" />
  <Point X="106.0" Y="118.0" />
  <Point X="107.0" Y="118.0" />
  <Point X="107.0" Y="118.3551122937343" />
  <Point X="107.0" Y="119.0" />
  <Point X="108.0" Y="119.0" />
  <Point X="108.0" Y="120.0" />
  <Point X="109.0" Y="121.0" />
  <Point X="110.0" Y="121.0" />
  <Point X="110.4218155896384" Y="121.4218155896384" />
  <Point X="111.0" Y="122.0" />
  <Point X="112.0" Y="122.0" />
  <Point X="112.0" Y="123.0" />
  <Point X="113.0" Y="123.0" />
  <Point X="114.0" Y="123.0" />
  <Point X="114.0" Y="123.83796236163975" />
  <Point X="114.0" Y="124.0" />
  <Point X="115.0" Y="124.0" />
  <Point X="115.0" Y="125.0" />
  <Point X="116.0" Y="125.0" />
  <Point X="117.0" Y="126.0" />
  <Point X="117.76324214695073" Y="126.76324214695073" />
  <Point X="118.0" Y="127.0" />
  <Point X="118.0" Y="128.0" />
  <Point X="119.0" Y="128.0" />
  <Point X="120.0" Y="128.0" />
  <Point X="121.0" Y="128.0" />
  <Point X="121.0" Y="129.0" />
  <Point X="121.28694336019598" Y="129.143471680098" />
  <Point X="123.0" Y="130.0" />
  <Point X="123.0" Y="131.0" />
  <Point X="124.0" Y="131.0" />
  <Point X="125.0" Y="132.0" />
  <Point X="125.23063665536543" Y="132.23063665536543" />
  <Point X="126.0" Y="133.0" />
  <Point X="127.0" Y="133.0" />
  <Point X="128.0" Y="133.0" />
  <Point X="128.0" Y="134.0" />
  <Point X="128.0" Y="135.0" />
  <Point X="128.5675945199509" Y="135.0" />
  <Point X="129.0" Y="135.0" />
  <Point X="130.0" Y="136.0" />
  <Point X="131.0" Y="136.0" />
  <Point X="131.0" Y="137.0" />
  <Point X="132.0" Y="137.0" />
  <Point X="132.0" Y="137.80901955390362" />
  <Point X="132.0" Y="138.0" />
  <Point X="133.0" Y="138.0" />
  <Point X="133.0" Y="139.0" />
  <Point X="134.0" Y="139.0" />
  <Point X="135.0" Y="139.0" />
  <Point X="135.0" Y="140.0" />
  <Point X="135.46465815022944" Y="140.0" />
  <Point X="136.0" Y="140.0" />
  <Point X="136.0" Y="141.0" />
  <Point X="137.0" Y="141.0" />
  <Point X="137.0" Y="142.0" />
  <Point X="138.0" Y="142.0" />
  <Point X="138.0" Y="143.0" />
  <Point X="138.12029674655525" Y="143.0" />
  <Point X="139.0" Y="143.0" />
  <Point X="140.0" Y="144.0" />
  <Point X="141.0" Y="144.0" />
  <Point X="141.0" Y="145.0" />
  <Point X="141.0" Y="146.0" />
  <Point X="141.361721780508" Y="146.0" />
  <Point X="142.0" Y="146.0" />
  <Point X="143.0" Y="146.0" />
  <Point X="143.0" Y="147.0" />
  <Point X="144.0" Y="147.0" />
  <Point X="144.0" Y="148.0" />
  <Point X="145.0" Y="148.0" />
  <Point X="145.0" Y="148.0173603768338" />
  <Point X="145.0" Y="149.0" />
  <Point X="146.0" Y="149.0" />
  <Point X="146.0" Y="150.0" />
  <Point X="147.0" Y="150.0" />
  <Point X="147.0" Y="151.0" />
  <Point X="147.67299897315962" Y="151.0" />
  <Point X="148.0" Y="151.0" />
  <Point X="148.0" Y="152.0" />
  <Point X="149.0" Y="152.0" />
  <Point X="149.0" Y="151.0" />
  <Point X="149.0" Y="150.0" />
  <Point X="149.0" Y="149.0" />
  <Point X="149.0" Y="148.67136243051456" />
  <Point X="149.0" Y="148.0" />
  <Point X="149.0" Y="147.0" />
  <Point X="149.0" Y="146.0" />
  <Point X="149.0" Y="145.0" />
  <Point X="149.0" Y="144.0" />
  <Point X="149.0" Y="143.01572383418875" />
  <Point X="149.0" Y="143.0" />
  <Point X="149.0" Y="142.0" />
  <Point X="149.0" Y="141.0" />
  <Point X="149.0" Y="140.0" />
  <Point X="149.0" Y="139.0" />
  <Point X="149.0" Y="138.0" />
  <Point X="149.0" Y="137.36008523786293" />
  <Point X="149.0" Y="137.0" />
  <Point X="149.0" Y="136.0" />
  <Point X="149.0" Y="135.0" />
  <Point X="149.0" Y="134.0" />
  <Point X="149.0" Y="132.0" />
  <Point X="149.0" Y="131.70444664153712" />
  <Point X="149.0" Y="131.0" />
  <Point X="149.0" Y="130.0" />
  <Point X="149.0" Y="129.0" />
  <Point X="149.0" Y="128.0" />
  <Point X="149.0" Y="127.0" />
  <Point X="149.0" Y="126.04880804521129" />
  <Point X="149.0" Y="126.0" />
  <Point X="149.0" Y="125.0" />
  <Point X="149.0" Y="124.0" />
  <Point X="149.0" Y="123.0" />
  <Point X="149.0" Y="122.0" />
  <Point X="149.0" Y="121.0" />
  <Point X="149.0" Y="120.39316944888546" />
  <Point X="149.0" Y="120.0" />
  <Point X="149.0" Y="119.0" />
  <Point X="149.0" Y="118.0" />
  <Point X="149.0" Y="117.0" />
  <Point X="149.0" Y="116.0" />
  <Point X="149.0" Y="115.0" />
  <Point X="149.0" Y="114.73753085255963" />
  <Point X="149.0" Y="114.0" />
  <Point X="149.0" Y="113.0" />
  <Point X="149.0" Y="112.0" />
  <Point X="149.0" Y="111.0" />
  <Point X="149.0" Y="110.0" />
  <Point X="149.0" Y="109.0818922562338" />
  <Point X="149.0" Y="109.0" />
  <Point X="149.0" Y="108.0" />
  <Point X="149.0" Y="107.0" />
  <Point X="150.0" Y="105.0" />
  <Point X="150.0" Y="104.0" />
  <Point X="150.0" Y="103.66232163740776" />
  <Point X="150.0" Y="103.0" />
  <Point X="150.0" Y="102.0" />
  <Point X="151.0" Y="101.0" />
  <Point X="151.0" Y="100.0" />
  <Point X="151.0" Y="99.0" />
  <Point X="151.0" Y="98.42089660345502" />
  <Point X="151.0" Y="98.0" />
  <Point X="151.0" Y="97.0" />
  <Point X="151.0" Y="96.0" />
  <Point X="151.0" Y="95.0" />
  <Point X="151.0" Y="94.0" />
  <Point X="151.0" Y="93.0" />
  <Point X="151.0" Y="92.76525800712919" />
  <Point X="151.0" Y="92.0" />
  <Point X="151.0" Y="91.0" />
  <Point X="151.0" Y="90.0" />
  <Point X="151.0" Y="89.0" />
  <Point X="152.0" Y="88.0" />
  <Point X="152.0" Y="87.52383297317645" />
  <Point X="152.0" Y="87.0" />
  <Point X="152.0" Y="86.0" />
  <Point X="152.0" Y="85.0" />
  <Point X="152.0" Y="84.0" />
  <Point X="152.0" Y="83.0" />
  <Point X="152.0" Y="82.0" />
  <Point X="152.0" Y="81.86819437685062" />
  <Point X="152.0" Y="81.0" />
  <Point X="152.0" Y="80.0" />
  <Point X="152.0" Y="79.0" />
  <Point X="152.0" Y="78.0" />
  <Point X="152.0" Y="77.0" />
  <Point X="152.7874442194752" Y="77.0" />
  <Point X="153.0" Y="77.0" />
  <Point X="153.0" Y="76.0" />
  <Point X="153.0" Y="75.0" />
  <Point X="153.0" Y="74.0" />
  <Point X="153.0" Y="73.0" />
  <Point X="153.0" Y="72.0" />
  <Point X="153.0" Y="71.55691718419898" />
  <Point X="153.0" Y="71.0" />
  <Point X="153.0" Y="70.0" />
  <Point X="153.0" Y="69.0" />
  <Point X="153.0" Y="70.0" />
  <Point X="153.0" Y="71.0" />
  <Point X="152.0" Y="71.0" />
  <Point X="152.0" Y="71.09872141212685" />
  <Point X="152.0" Y="72.0" />
  <Point X="151.0" Y="73.0" />
  <Point X="150.0" Y="74.0" />
  <Point X="150.0" Y="75.0" />
  <Point X="149.07406711629352" Y="75.0" />
  <Point X="149.0" Y="75.0" />
  <Point X="149.0" Y="76.0" />
  <Point X="148.0" Y="76.0" />
  <Point X="148.0" Y="77.0" />
  <Point X="148.0" Y="78.0" />
  <Point X="147.0" Y="78.0" />
  <Point X="147.0" Y="78.58157148003231" />
  <Point X="147.0" Y="79.0" />
  <Point X="146.0" Y="79.0" />
  <Point X="146.0" Y="80.0" />
  <Point X="145.0" Y="80.0" />
  <Point X="145.0" Y="81.0" />
  <Point X="145.0" Y="82.0" />
  <Point X="144.76278992364186" Y="82.0" />
  <Point X="144.0" Y="82.0" />
  <Point X="144.0" Y="83.0" />
  <Point X="143.0" Y="83.0" />
  <Point X="143.0" Y="84.0" />
  <Point X="142.0" Y="84.0" />
  <Point X="141.10715132731605" Y="84.0" />
  <Point X="141.0" Y="84.0" />
  <Point X="141.0" Y="85.0" />
  <Point X="140.0" Y="86.0" />
  <Point X="140.0" Y="87.0" />
  <Point X="139.0" Y="88.0" />
  <Point X="138.27993985573642" Y="88.0" />
  <Point X="138.0" Y="88.0" />
  <Point X="138.0" Y="89.0" />
  <Point X="137.0" Y="90.0" />
  <Point X="136.0" Y="91.0" />
  <Point X="135.0" Y="92.0" />
  <Point X="134.90591374809978" Y="92.09408625190021" />
  <Point X="134.0" Y="93.0" />
  <Point X="134.0" Y="94.0" />
  <Point X="133.0" Y="94.0" />
  <Point X="132.0" Y="95.0" />
  <Point X="132.0" Y="95.96026952504977" />
  <Point X="132.0" Y="96.0" />
  <Point X="131.0" Y="97.0" />
  <Point X="130.0" Y="98.0" />
  <Point X="129.0" Y="99.0" />
  <Point X="129.0" Y="100.0" />
  <Point X="128.62673256574368" Y="100.0" />
  <Point X="128.0" Y="100.0" />
  <Point X="127.0" Y="101.0" />
  <Point X="126.0" Y="103.0" />
  <Point X="126.0" Y="104.0" />
  <Point X="125.62137550929074" Y="104.0" />
  <Point X="125.0" Y="104.0" />
  <Point X="124.0" Y="105.0" />
  <Point X="124.0" Y="106.0" />
  <Point X="123.0" Y="106.0" />
  <Point X="123.0" Y="107.0" />
  <Point X="122.379950475338" Y="107.0" />
  <Point X="122.0" Y="107.0" />
  <Point X="122.0" Y="108.0" />
  <Point X="121.0" Y="108.0" />
  <Point X="121.0" Y="109.0" />
  <Point X="120.0" Y="110.0" />
  <Point X="119.39084549778384" Y="110.60915450221616" />
  <Point X="119.0" Y="111.0" />
  <Point X="118.0" Y="112.0" />
  <Point X="118.0" Y="113.0" />
  <Point X="117.0" Y="113.0" />
  <Point X="117.0" Y="114.0" />
  <Point X="116.31131396980564" Y="114.0" />
  <Point X="116.0" Y="114.0" />
  <Point X="116.0" Y="115.0" />
  <Point X="115.0" Y="115.0" />
  <Point X="115.0" Y="116.0" />
  <Point X="114.0" Y="117.0" />
  <Point X="113.34231215928496" Y="117.65768784071504" />
  <Point X="113.0" Y="118.0" />
  <Point X="112.0" Y="119.0" />
  <Point X="111.0" Y="120.0" />
  <Point X="111.0" Y="121.0" />
  <Point X="110.0" Y="121.0" />
  <Point X="110.0" Y="121.34310897335362" />
  <Point X="110.0" Y="122.0" />
  <Point X="109.0" Y="122.0" />
  <Point X="108.0" Y="123.0" />
  <Point X="108.0" Y="124.0" />
  <Point X="107.0" Y="124.0" />
  <Point X="107.0" Y="124.58453400730636" />
  <Point X="107.0" Y="125.0" />
  <Point X="106.0" Y="125.0" />
  <Point X="105.0" Y="126.0" />
  <Point X="105.0" Y="127.0" />
  <Point X="104.0" Y="127.0" />
  <Point X="104.0" Y="127.8259590412591" />
  <Point X="104.0" Y="128.0" />
  <Point X="103.0" Y="129.0" />
  <Point X="102.0" Y="130.0" />
  <Point X="101.0" Y="131.0" />
  <Point X="100.0" Y="131.0" />
  <Point X="100.0" Y="131.23895695046565" />
  <Point X="100.0" Y="132.0" />
  <Point X="100.0" Y="133.0" />
  <Point X="99.0" Y="133.0" />
  <Point X="99.0" Y="134.0" />
  <Point X="98.0" Y="135.0" />
  <Point X="97.51961801558161" Y="135.0" />
  <Point X="97.0" Y="135.0" />
  <Point X="97.0" Y="136.0" />
  <Point X="96.0" Y="136.0" />
  <Point X="96.0" Y="137.0" />
  <Point X="95.0" Y="137.0" />
  <Point X="95.0" Y="138.0" />
  <Point X="94.86397941925578" Y="138.0" />
  <Point X="94.0" Y="138.0" />
  <Point X="94.0" Y="139.0" />
  <Point X="93.0" Y="139.0" />
  <Point X="93.0" Y="140.0" />
  <Point X="93.0" Y="141.0" />
  <Point X="92.20834082292996" Y="141.0" />
  <Point X="92.0" Y="141.0" />
  <Point X="92.0" Y="142.0" />
  <Point X="91.0" Y="142.0" />
  <Point X="91.0" Y="143.0" />
  <Point X="90.0" Y="143.0" />
  <Point X="89.0" Y="143.0" />
  <Point X="89.0" Y="143.44729777339586" />
  <Point X="89.0" Y="144.0" />
  <Point X="89.0" Y="145.0" />
  <Point X="88.0" Y="145.0" />
  <Point X="88.0" Y="146.0" />
  <Point X="87.0" Y="146.0" />
  <Point X="87.0" Y="147.0" />
  <Point X="86.89706363027831" Y="147.0" />
  <Point X="86.0" Y="147.0" />
  <Point X="85.0" Y="148.0" />
  <Point X="85.0" Y="149.0" />
  <Point X="84.0" Y="149.0" />
  <Point X="84.0" Y="150.0" />
  <Point X="83.65563859632557" Y="150.0" />
  <Point X="83.0" Y="150.0" />
  <Point X="83.0" Y="151.0" />
  <Point X="82.0" Y="151.0" />
  <Point X="81.0" Y="151.0" />
  <Point X="81.0" Y="150.0" />
  <Point X="81.0" Y="149.0" />
</Project_1_Part_4>
