<?xml version="1.0" encoding="utf-8" standalone="yes"?>
<Gesture Name="arrow8" Subject="3" Number="3" NumPts="341">
  <Point X="227.0" Y="26.0" />
  <Point X="220.58181946754718" Y="27.517024489488847" />
  <Point X="214.16363893509435" Y="29.034048978977694" />
  <Point X="207.74545840264153" Y="30.55107346846654" />
  <Point X="201.3272778701887" Y="32.06809795795539" />
  <Point X="194.9090973377359" Y="33.585122447444235" />
  <Point X="188.49091680528306" Y="35.10214693693308" />
  <Point X="182.07273627283024" Y="36.61917142642193" />
  <Point X="175.65455574037742" Y="38.136195915910776" />
  <Point X="169.2363752079246" Y="39.65322040539962" />
  <Point X="162.81819467547177" Y="41.17024489488847" />
  <Point X="156.40001414301895" Y="42.687269384377316" />
  <Point X="149.98183361056613" Y="44.20429387386617" />
  <Point X="143.5636530781133" Y="45.721318363355024" />
  <Point X="137.14547254566048" Y="47.23834285284388" />
  <Point X="130.72729201320766" Y="48.755367342332725" />
  <Point X="124.30911148075484" Y="50.27239183182158" />
  <Point X="117.89093094830201" Y="51.78941632131043" />
  <Point X="117.0" Y="52.0" />
  <Point X="117.0" Y="53.0" />
  <Point X="117.0" Y="54.0" />
  <Point X="117.0" Y="55.0" />
  <Point X="117.0" Y="56.0" />
  <Point X="117.0" Y="57.0" />
  <Point X="117.0" Y="57.67954888680581" />
  <Point X="117.0" Y="58.0" />
  <Point X="117.0" Y="59.0" />
  <Point X="117.0" Y="60.0" />
  <Point X="117.0" Y="61.0" />
  <Point X="117.0" Y="62.0" />
  <Point X="117.0" Y="63.0" />
  <Point X="117.0" Y="64.27457766982604" />
  <Point X="117.0" Y="65.0" />
  <Point X="117.0" Y="66.0" />
  <Point X="117.0" Y="67.0" />
  <Point X="117.0" Y="68.0" />
  <Point X="117.0" Y="69.0" />
  <Point X="117.0" Y="70.86960645284627" />
  <Point X="117.0" Y="71.0" />
  <Point X="117.0" Y="72.0" />
  <Point X="117.0" Y="73.0" />
  <Point X="117.0" Y="75.0" />
  <Point X="117.0" Y="76.0" />
  <Point X="117.0" Y="77.0" />
  <Point X="117.0" Y="77.4646352358665" />
  <Point X="117.0" Y="78.0" />
  <Point X="117.0" Y="79.0" />
  <Point X="117.0" Y="81.0" />
  <Point X="117.0" Y="83.0" />
  <Point X="117.0" Y="84.0" />
  <Point X="117.0" Y="84.05966401888672" />
  <Point X="117.0" Y="86.0" />
  <Point X="117.0" Y="87.0" />
  <Point X="117.0" Y="88.0" />
  <Point X="117.0" Y="89.0" />
  <Point X="117.0" Y="90.0" />
  <Point X="117.0" Y="90.65469280190695" />
  <Point X="117.0" Y="91.0" />
  <Point X="117.0" Y="92.0" />
  <Point X="117.0" Y="93.0" />
  <Point X="117.0" Y="95.0" />
  <Point X="117.0" Y="97.0" />
  <Point X="117.0" Y="97.24972158492717" />
  <Point X="117.0" Y="99.0" />
  <Point X="117.0" Y="100.0" />
  <Point X="117.0" Y="102.0" />
  <Point X="117.0" Y="103.0" />
  <Point X="117.0" Y="103.8447503679474" />
  <Point X="117.0" Y="104.0" />
  <Point X="117.0" Y="105.0" />
  <Point X="117.0" Y="106.0" />
  <Point X="117.0" Y="107.0" />
  <Point X="117.0" Y="108.0" />
  <Point X="117.0" Y="109.0" />
  <Point X="117.0" Y="110.0" />
  <Point X="117.0" Y="110.43977915096762" />
  <Point X="117.0" Y="111.0" />
  <Point X="117.0" Y="112.0" />
  <Point X="117.0" Y="113.0" />
  <Point X="117.0" Y="114.0" />
  <Point X="117.0" Y="115.0" />
  <Point X="117.0" Y="116.0" />
  <Point X="117.0" Y="117.0" />
  <Point X="117.0" Y="117.03480793398785" />
  <Point X="117.0" Y="118.0" />
  <Point X="118.0" Y="119.0" />
  <Point X="118.0" Y="120.0" />
  <Point X="119.0" Y="120.0" />
  <Point X="119.0" Y="122.0" />
  <Point X="119.0" Y="122.21562315463498" />
  <Point X="119.0" Y="123.0" />
  <Point X="119.0" Y="125.0" />
  <Point X="119.0" Y="126.0" />
  <Point X="119.0" Y="128.0" />
  <Point X="119.0" Y="128.81065193765522" />
  <Point X="119.0" Y="129.0" />
  <Point X="119.0" Y="130.0" />
  <Point X="119.0" Y="131.0" />
  <Point X="119.0" Y="133.0" />
  <Point X="119.0" Y="134.0" />
  <Point X="119.0" Y="135.0" />
  <Point X="119.0" Y="135.40568072067543" />
  <Point X="119.0" Y="136.0" />
  <Point X="119.0" Y="137.0" />
  <Point X="119.0" Y="138.0" />
  <Point X="119.0" Y="139.0" />
  <Point X="119.0" Y="140.0" />
  <Point X="119.0" Y="141.0" />
  <Point X="119.0" Y="142.0" />
  <Point X="119.0" Y="142.00070950369565" />
  <Point X="119.0" Y="143.0" />
  <Point X="119.0" Y="144.0" />
  <Point X="119.0" Y="145.0" />
  <Point X="119.0" Y="146.0" />
  <Point X="119.0" Y="147.0" />
  <Point X="119.0" Y="148.0" />
  <Point X="119.0" Y="148.59573828671586" />
  <Point X="119.0" Y="149.0" />
  <Point X="119.0" Y="150.0" />
  <Point X="119.0" Y="151.0" />
  <Point X="119.0" Y="152.0" />
  <Point X="119.0" Y="154.0" />
  <Point X="119.0" Y="155.0" />
  <Point X="119.0" Y="155.19076706973607" />
  <Point X="119.0" Y="156.0" />
  <Point X="119.0" Y="157.0" />
  <Point X="119.0" Y="158.0" />
  <Point X="119.0" Y="160.0" />
  <Point X="119.0" Y="161.0" />
  <Point X="119.0" Y="161.78579585275628" />
  <Point X="119.0" Y="162.0" />
  <Point X="119.0" Y="164.0" />
  <Point X="119.0" Y="165.0" />
  <Point X="119.0" Y="166.0" />
  <Point X="119.0" Y="167.0" />
  <Point X="119.0" Y="168.0" />
  <Point X="119.0" Y="168.3808246357765" />
  <Point X="119.0" Y="170.0" />
  <Point X="119.0" Y="171.0" />
  <Point X="119.0" Y="172.0" />
  <Point X="119.0" Y="173.0" />
  <Point X="118.0" Y="174.0" />
  <Point X="118.0" Y="174.56163985642362" />
  <Point X="118.0" Y="175.0" />
  <Point X="118.0" Y="176.0" />
  <Point X="118.0" Y="177.0" />
  <Point X="118.0" Y="178.0" />
  <Point X="118.0" Y="179.0" />
  <Point X="118.0" Y="180.0" />
  <Point X="118.0" Y="181.0" />
  <Point X="118.0" Y="181.15666863944386" />
  <Point X="118.0" Y="182.0" />
  <Point X="118.0" Y="183.0" />
  <Point X="117.0" Y="183.0" />
  <Point X="116.0" Y="183.0" />
  <Point X="115.0" Y="183.0" />
  <Point X="114.0" Y="183.0" />
  <Point X="113.24830257753591" Y="183.0" />
  <Point X="113.0" Y="183.0" />
  <Point X="113.0" Y="182.0" />
  <Point X="112.0" Y="181.0" />
  <Point X="111.0" Y="181.0" />
  <Point X="111.0" Y="180.0" />
  <Point X="110.0" Y="180.0" />
  <Point X="110.0" Y="179.0674873568888" />
  <Point X="110.0" Y="179.0" />
  <Point X="109.0" Y="179.0" />
  <Point X="109.0" Y="178.0" />
  <Point X="108.0" Y="178.0" />
  <Point X="108.0" Y="177.0" />
  <Point X="107.0" Y="176.0" />
  <Point X="107.0" Y="175.0" />
  <Point X="106.88667213624166" Y="175.0" />
  <Point X="106.0" Y="175.0" />
  <Point X="105.0" Y="174.0" />
  <Point X="105.0" Y="173.0" />
  <Point X="104.0" Y="172.0" />
  <Point X="104.0" Y="171.0" />
  <Point X="103.37779586800467" Y="170.37779586800465" />
  <Point X="103.0" Y="170.0" />
  <Point X="103.0" Y="169.0" />
  <Point X="103.0" Y="168.0" />
  <Point X="102.0" Y="168.0" />
  <Point X="101.0" Y="167.0" />
  <Point X="101.0" Y="166.0" />
  <Point X="101.0" Y="165.35346881969357" />
  <Point X="101.0" Y="165.0" />
  <Point X="101.0" Y="164.0" />
  <Point X="100.0" Y="164.0" />
  <Point X="100.0" Y="163.0" />
  <Point X="100.0" Y="162.0" />
  <Point X="99.0" Y="161.0" />
  <Point X="99.0" Y="160.17265359904644" />
  <Point X="99.0" Y="160.0" />
  <Point X="99.0" Y="159.0" />
  <Point X="99.0" Y="158.0" />
  <Point X="99.0" Y="157.0" />
  <Point X="99.0" Y="156.0" />
  <Point X="98.0" Y="156.0" />
  <Point X="98.0" Y="155.0" />
  <Point X="98.0" Y="154.57762481602623" />
  <Point X="98.0" Y="154.0" />
  <Point X="97.0" Y="154.0" />
  <Point X="97.0" Y="155.0" />
  <Point X="98.0" Y="155.0" />
  <Point X="98.0" Y="156.0" />
  <Point X="98.0" Y="157.0" />
  <Point X="99.0" Y="157.0" />
  <Point X="99.0" Y="157.01740396699398" />
  <Point X="99.0" Y="158.0" />
  <Point X="99.0" Y="159.0" />
  <Point X="100.0" Y="159.0" />
  <Point X="100.0" Y="160.0" />
  <Point X="100.0" Y="161.0" />
  <Point X="101.0" Y="161.0" />
  <Point X="101.0" Y="161.6124327500142" />
  <Point X="101.0" Y="162.0" />
  <Point X="102.0" Y="162.0" />
  <Point X="102.0" Y="163.0" />
  <Point X="103.0" Y="164.0" />
  <Point X="103.0" Y="165.0" />
  <Point X="104.0" Y="166.0" />
  <Point X="104.0" Y="166.37903440828822" />
  <Point X="104.0" Y="167.0" />
  <Point X="105.0" Y="168.0" />
  <Point X="105.0" Y="169.0" />
  <Point X="106.0" Y="169.0" />
  <Point X="107.0" Y="170.0" />
  <Point X="107.0" Y="171.0" />
  <Point X="107.0" Y="171.14563606656225" />
  <Point X="107.0" Y="172.0" />
  <Point X="108.0" Y="172.0" />
  <Point X="108.0" Y="173.0" />
  <Point X="109.0" Y="173.0" />
  <Point X="109.0" Y="174.0" />
  <Point X="109.0" Y="175.0" />
  <Point X="109.74066484958247" Y="175.0" />
  <Point X="110.0" Y="175.0" />
  <Point X="111.0" Y="175.0" />
  <Point X="111.0" Y="176.0" />
  <Point X="112.0" Y="176.0" />
  <Point X="112.0" Y="177.0" />
  <Point X="113.0" Y="177.0" />
  <Point X="113.0" Y="178.0" />
  <Point X="113.3356936326027" Y="178.0" />
  <Point X="114.0" Y="178.0" />
  <Point X="115.0" Y="178.0" />
  <Point X="116.0" Y="178.0" />
  <Point X="116.0" Y="179.0" />
  <Point X="117.0" Y="179.0" />
  <Point X="118.0" Y="179.0" />
  <Point X="118.93072241562292" Y="179.0" />
  <Point X="119.0" Y="179.0" />
  <Point X="120.0" Y="179.0" />
  <Point X="121.0" Y="179.0" />
  <Point X="122.0" Y="179.0" />
  <Point X="123.0" Y="179.0" />
  <Point X="124.0" Y="179.0" />
  <Point X="125.0" Y="179.0" />
  <Point X="125.0" Y="178.47424880135685" />
  <Point X="125.0" Y="178.0" />
  <Point X="126.0" Y="178.0" />
  <Point X="127.0" Y="178.0" />
  <Point X="128.0" Y="178.0" />
  <Point X="129.0" Y="178.0" />
  <Point X="130.0" Y="178.0" />
  <Point X="131.0" Y="178.0" />
  <Point X="131.12077998166336" Y="178.0" />
  <Point X="132.0" Y="178.0" />
  <Point X="133.0" Y="177.0" />
  <Point X="134.0" Y="177.0" />
  <Point X="135.0" Y="177.0" />
  <Point X="136.0" Y="177.0" />
  <Point X="136.92036679391362" Y="176.07963320608638" />
  <Point X="137.0" Y="176.0" />
  <Point X="138.0" Y="176.0" />
  <Point X="139.0" Y="175.0" />
  <Point X="140.0" Y="175.0" />
  <Point X="141.0" Y="174.0" />
  <Point X="142.0" Y="174.0" />
  <Point X="142.0" Y="173.34601670178859" />
  <Point X="142.0" Y="173.0" />
  <Point X="143.0" Y="173.0" />
  <Point X="144.0" Y="173.0" />
  <Point X="144.0" Y="172.0" />
  <Point X="145.0" Y="172.0" />
  <Point X="145.0" Y="171.0" />
  <Point X="146.0" Y="171.0" />
  <Point X="146.24901208123163" Y="171.0" />
  <Point X="147.0" Y="171.0" />
  <Point X="147.0" Y="170.0" />
  <Point X="147.0" Y="169.0" />
  <Point X="148.0" Y="169.0" />
  <Point X="148.0" Y="168.0" />
  <Point X="149.0" Y="168.0" />
  <Point X="149.0" Y="167.15595913574816" />
  <Point X="149.0" Y="167.0" />
  <Point X="149.0" Y="166.0" />
  <Point X="150.0" Y="166.0" />
  <Point X="150.0" Y="165.0" />
  <Point X="151.0" Y="165.0" />
  <Point X="151.0" Y="164.0" />
  <Point X="151.0" Y="163.0" />
  <Point X="151.0" Y="162.56093035272795" />
  <Point X="151.0" Y="162.0" />
  <Point X="152.0" Y="162.0" />
  <Point X="152.0" Y="161.0" />
  <Point X="152.0" Y="160.0" />
  <Point X="152.0" Y="159.0" />
  <Point X="152.0" Y="158.0" />
  <Point X="153.0" Y="158.0" />
  <Point X="153.0" Y="157.96590156970774" />
  <Point X="153.0" Y="157.0" />
  <Point X="153.0" Y="156.0" />
  <Point X="153.0" Y="155.0" />
  <Point X="153.0" Y="154.0" />
  <Point X="154.0" Y="154.0" />
  <Point X="154.0" Y="153.0" />
  <Point X="154.0" Y="152.37087278668753" />
  <Point X="154.0" Y="152.0" />
  <Point X="154.0" Y="151.0" />
  <Point X="154.0" Y="150.0" />
  <Point X="155.0" Y="150.0" />
  <Point X="155.0" Y="149.0" />
  <Point X="156.0" Y="148.0" />
  <Point X="156.0" Y="147.1900575660404" />
  <Point X="156.0" Y="147.0" />
  <Point X="156.0" Y="146.0" />
  <Point X="156.0" Y="145.0" />
  <Point X="157.0" Y="145.0" />
  <Point X="157.0" Y="144.0" />
  <Point X="157.0" Y="143.0" />
  <Point X="157.0" Y="142.0" />
  <Point X="157.0" Y="141.59502878302015" />
  <Point X="157.0" Y="141.0" />
  <Point X="157.0" Y="140.0" />
  <Point X="157.0" Y="139.0" />
  <Point X="157.0" Y="138.0" />
  <Point X="157.0" Y="137.0" />
  <Point X="157.0" Y="136.0" />
  <Point X="157.0" Y="135.0" />
</Project_1_Part_4>
