<?xml version="1.0" encoding="utf-8" standalone="yes"?>
<Gesture Name="caret6" Subject="3" Number="3" NumPts="249">
  <Point X="82.0" Y="164.0" />
  <Point X="83.0" Y="164.0" />
  <Point X="83.0" Y="163.0" />
  <Point X="83.0" Y="162.0" />
  <Point X="83.2569807906288" Y="161.7430192093712" />
  <Point X="84.0" Y="161.0" />
  <Point X="84.0" Y="160.0" />
  <Point X="85.0" Y="160.0" />
  <Point X="85.22106836244416" Y="159.77893163755584" />
  <Point X="86.0" Y="159.0" />
  <Point X="86.0" Y="158.0" />
  <Point X="86.0" Y="157.0" />
  <Point X="86.26185003338365" Y="157.0" />
  <Point X="87.0" Y="157.0" />
  <Point X="87.0" Y="156.0" />
  <Point X="88.0" Y="156.0" />
  <Point X="88.0" Y="155.37472424723973" />
  <Point X="88.0" Y="155.0" />
  <Point X="89.0" Y="154.0" />
  <Point X="89.0" Y="153.0" />
  <Point X="89.57448790976379" Y="153.0" />
  <Point X="90.0" Y="153.0" />
  <Point X="90.0" Y="152.0" />
  <Point X="91.0" Y="152.0" />
  <Point X="91.0" Y="151.0620863708596" />
  <Point X="91.0" Y="151.0" />
  <Point X="92.0" Y="150.0" />
  <Point X="92.0" Y="149.0" />
  <Point X="92.62729265914781" Y="148.37270734085217" />
  <Point X="93.0" Y="148.0" />
  <Point X="94.0" Y="147.0" />
  <Point X="94.0" Y="146.0" />
  <Point X="94.29848701214972" Y="145.7015129878503" />
  <Point X="95.0" Y="145.0" />
  <Point X="95.0" Y="144.0" />
  <Point X="95.96968136515162" Y="143.03031863484838" />
  <Point X="96.0" Y="143.0" />
  <Point X="96.0" Y="142.0" />
  <Point X="97.0" Y="141.0" />
  <Point X="97.64087571815351" Y="140.35912428184648" />
  <Point X="98.0" Y="140.0" />
  <Point X="98.0" Y="139.0" />
  <Point X="99.0" Y="138.0" />
  <Point X="99.31207007115542" Y="137.6879299288446" />
  <Point X="100.0" Y="137.0" />
  <Point X="100.0" Y="136.0" />
  <Point X="100.98326442415731" Y="135.0167355758427" />
  <Point X="101.0" Y="135.0" />
  <Point X="102.0" Y="134.0" />
  <Point X="102.0" Y="133.0" />
  <Point X="102.0" Y="132.07445552132734" />
  <Point X="102.0" Y="132.0" />
  <Point X="103.0" Y="132.0" />
  <Point X="103.0" Y="131.0" />
  <Point X="103.91143956778801" Y="130.08856043221198" />
  <Point X="104.0" Y="130.0" />
  <Point X="104.0" Y="129.0" />
  <Point X="105.0" Y="129.0" />
  <Point X="105.0" Y="128.0" />
  <Point X="105.0" Y="127.7618176449472" />
  <Point X="105.0" Y="127.0" />
  <Point X="106.0" Y="126.0" />
  <Point X="106.0" Y="125.0" />
  <Point X="106.18739451205631" Y="125.0" />
  <Point X="107.0" Y="125.0" />
  <Point X="107.0" Y="124.0" />
  <Point X="108.0" Y="123.0" />
  <Point X="108.0" Y="122.86339333094017" />
  <Point X="108.0" Y="122.0" />
  <Point X="109.0" Y="122.0" />
  <Point X="109.0" Y="121.0" />
  <Point X="109.0" Y="120.49996761156356" />
  <Point X="109.0" Y="120.0" />
  <Point X="110.0" Y="120.0" />
  <Point X="110.0" Y="118.13654189218695" />
  <Point X="110.0" Y="118.0" />
  <Point X="111.0" Y="118.0" />
  <Point X="111.0" Y="117.0" />
  <Point X="111.86753787393391" Y="116.13246212606609" />
  <Point X="112.0" Y="116.0" />
  <Point X="112.0" Y="115.0" />
  <Point X="113.0" Y="115.0" />
  <Point X="113.0" Y="114.0" />
  <Point X="113.0" Y="113.82390401580682" />
  <Point X="113.0" Y="113.0" />
  <Point X="114.0" Y="113.0" />
  <Point X="114.0" Y="112.0" />
  <Point X="114.38149945519152" Y="111.61850054480848" />
  <Point X="115.0" Y="111.0" />
  <Point X="115.0" Y="110.0" />
  <Point X="116.0" Y="110.0" />
  <Point X="116.0" Y="109.5112661394267" />
  <Point X="116.0" Y="109.0" />
  <Point X="116.0" Y="108.0" />
  <Point X="117.0" Y="108.0" />
  <Point X="117.0" Y="107.14784042005009" />
  <Point X="117.0" Y="107.0" />
  <Point X="117.0" Y="106.0" />
  <Point X="118.0" Y="106.0" />
  <Point X="118.0" Y="105.0" />
  <Point X="118.0" Y="104.78441470067348" />
  <Point X="118.0" Y="104.0" />
  <Point X="119.0" Y="104.0" />
  <Point X="119.0" Y="103.0" />
  <Point X="119.57901101870313" Y="103.0" />
  <Point X="120.0" Y="103.0" />
  <Point X="120.0" Y="102.0" />
  <Point X="120.0" Y="101.0" />
  <Point X="120.66640340833551" Y="100.33359659166449" />
  <Point X="121.0" Y="100.0" />
  <Point X="121.0" Y="99.0" />
  <Point X="122.0" Y="99.0" />
  <Point X="122.0" Y="98.10835110491675" />
  <Point X="122.0" Y="98.0" />
  <Point X="122.0" Y="97.0" />
  <Point X="122.0" Y="96.0" />
  <Point X="123.0" Y="96.0" />
  <Point X="123.0" Y="95.74492538554014" />
  <Point X="123.0" Y="95.0" />
  <Point X="124.0" Y="95.0" />
  <Point X="124.0" Y="94.0" />
  <Point X="124.43734578022192" Y="93.56265421977808" />
  <Point X="125.0" Y="93.0" />
  <Point X="125.0" Y="92.0" />
  <Point X="125.0" Y="91.0" />
  <Point X="125.56771249084" Y="91.0" />
  <Point X="126.0" Y="91.0" />
  <Point X="126.0" Y="90.0" />
  <Point X="126.0" Y="89.0" />
  <Point X="126.65841414266606" Y="88.34158585733394" />
  <Point X="127.0" Y="88.0" />
  <Point X="128.0" Y="88.0" />
  <Point X="128.0" Y="87.0" />
  <Point X="128.0" Y="86.11964963277988" />
  <Point X="128.0" Y="86.0" />
  <Point X="129.0" Y="86.0" />
  <Point X="129.0" Y="85.0" />
  <Point X="129.0" Y="84.0" />
  <Point X="129.24377608659674" Y="84.0" />
  <Point X="130.0" Y="84.0" />
  <Point X="130.0" Y="83.0" />
  <Point X="131.0" Y="84.0" />
  <Point X="131.0" Y="84.19298824360025" />
  <Point X="131.0" Y="85.0" />
  <Point X="131.0" Y="86.0" />
  <Point X="132.0" Y="86.0" />
  <Point X="132.0" Y="86.55641396297686" />
  <Point X="132.0" Y="87.0" />
  <Point X="133.0" Y="87.0" />
  <Point X="133.0" Y="88.0" />
  <Point X="133.0" Y="88.91983968235347" />
  <Point X="133.0" Y="89.0" />
  <Point X="133.0" Y="90.0" />
  <Point X="134.0" Y="91.0" />
  <Point X="134.0" Y="91.86905183935698" />
  <Point X="134.0" Y="92.0" />
  <Point X="134.0" Y="93.0" />
  <Point X="135.0" Y="94.0" />
  <Point X="135.36593878388055" Y="94.73187756776109" />
  <Point X="136.0" Y="96.0" />
  <Point X="136.0" Y="97.0" />
  <Point X="136.0" Y="97.94562173823732" />
  <Point X="136.0" Y="99.0" />
  <Point X="136.0" Y="100.0" />
  <Point X="136.92563633417382" Y="100.92563633417382" />
  <Point X="137.0" Y="101.0" />
  <Point X="137.0" Y="102.0" />
  <Point X="137.0" Y="103.0" />
  <Point X="137.88972390598917" Y="103.88972390598917" />
  <Point X="138.0" Y="104.0" />
  <Point X="138.0" Y="105.0" />
  <Point X="138.0" Y="106.0" />
  <Point X="138.85381147780453" Y="106.85381147780453" />
  <Point X="139.0" Y="107.0" />
  <Point X="139.0" Y="108.0" />
  <Point X="140.0" Y="109.0" />
  <Point X="140.0" Y="109.7424703662514" />
  <Point X="140.0" Y="110.0" />
  <Point X="140.0" Y="111.0" />
  <Point X="140.0" Y="112.0" />
  <Point X="140.78198662143524" Y="112.78198662143522" />
  <Point X="141.0" Y="113.0" />
  <Point X="141.0" Y="114.0" />
  <Point X="142.0" Y="115.0" />
  <Point X="142.0" Y="115.64089468025844" />
  <Point X="142.0" Y="117.0" />
  <Point X="142.0" Y="118.0" />
  <Point X="142.0" Y="119.00432039963505" />
  <Point X="142.0" Y="120.0" />
  <Point X="142.0" Y="121.0" />
  <Point X="143.0" Y="121.0" />
  <Point X="143.0" Y="121.36774611901166" />
  <Point X="143.0" Y="123.0" />
  <Point X="144.0" Y="124.0" />
  <Point X="144.0" Y="124.31695827601517" />
  <Point X="144.0" Y="125.0" />
  <Point X="144.0" Y="126.0" />
  <Point X="145.0" Y="126.0" />
  <Point X="145.0" Y="126.68038399539178" />
  <Point X="145.0" Y="128.0" />
  <Point X="145.0" Y="129.0" />
  <Point X="145.3300816142479" Y="129.99024484274364" />
  <Point X="146.0" Y="132.0" />
  <Point X="146.8803180842698" Y="132.8803180842698" />
  <Point X="147.0" Y="133.0" />
  <Point X="147.0" Y="135.0" />
  <Point X="147.0" Y="136.0" />
  <Point X="147.1372988748986" Y="136.1372988748986" />
  <Point X="148.0" Y="137.0" />
  <Point X="148.0" Y="138.0" />
  <Point X="148.0" Y="139.0" />
  <Point X="148.10138644671395" Y="139.10138644671395" />
  <Point X="149.0" Y="140.0" />
  <Point X="149.0" Y="141.0" />
  <Point X="149.0" Y="142.0" />
  <Point X="149.0925942449872" Y="142.0" />
  <Point X="150.0" Y="142.0" />
  <Point X="150.0" Y="143.0" />
  <Point X="150.0" Y="144.0" />
  <Point X="150.0" Y="144.4560199643638" />
  <Point X="150.0" Y="145.0" />
  <Point X="150.0" Y="146.0" />
  <Point X="151.0" Y="146.0" />
  <Point X="151.0" Y="146.8194456837404" />
  <Point X="151.0" Y="147.0" />
  <Point X="151.0" Y="148.0" />
  <Point X="151.0" Y="150.0" />
  <Point X="151.18287140311702" Y="150.0" />
  <Point X="152.0" Y="150.0" />
  <Point X="152.0" Y="151.0" />
  <Point X="152.0" Y="152.0" />
  <Point X="152.0" Y="152.54629712249363" />
  <Point X="152.0" Y="153.0" />
  <Point X="152.0" Y="154.0" />
  <Point X="153.0" Y="154.0" />
  <Point X="153.0" Y="154.90972284187023" />
  <Point X="153.0" Y="155.0" />
  <Point X="154.0" Y="155.0" />
  <Point X="154.0" Y="156.0" />
  <Point X="154.0" Y="157.0" />
  <Point X="154.0" Y="157.27314856124684" />
  <Point X="154.0" Y="158.0" />
  <Point X="154.0" Y="159.0" />
  <Point X="155.0" Y="159.0" />
  <Point X="155.0" Y="159.63657428062345" />
  <Point X="155.0" Y="160.0" />
  <Point X="156.0" Y="160.0" />
  <Point X="156.0" Y="159.0" />
  <Point X="156.0" Y="158.0" />
</Project_1_Part_4>
