<?xml version="1.0" encoding="utf-8" standalone="yes"?>
<Gesture Name="check5" Subject="3" Number="3" NumPts="276">
  <Point X="53.0" Y="116.0" />
  <Point X="53.0" Y="117.0" />
  <Point X="53.0" Y="118.0" />
  <Point X="54.0" Y="119.0" />
  <Point X="54.0" Y="120.0" />
  <Point X="54.0" Y="120.27685368928147" />
  <Point X="54.0" Y="121.0" />
  <Point X="54.0" Y="122.0" />
  <Point X="55.0" Y="122.0" />
  <Point X="55.0" Y="123.96792094093603" />
  <Point X="55.0" Y="124.0" />
  <Point X="55.0" Y="125.0" />
  <Point X="56.0" Y="126.0" />
  <Point X="56.0" Y="127.0" />
  <Point X="56.0" Y="128.0" />
  <Point X="56.0" Y="128.24477463021748" />
  <Point X="56.0" Y="129.0" />
  <Point X="56.0" Y="130.0" />
  <Point X="57.0" Y="131.0" />
  <Point X="58.0" Y="132.0" />
  <Point X="58.0" Y="132.10741475712584" />
  <Point X="58.0" Y="134.0" />
  <Point X="58.0" Y="135.0" />
  <Point X="59.0" Y="135.0" />
  <Point X="59.0" Y="135.7984820087804" />
  <Point X="59.0" Y="137.0" />
  <Point X="60.0" Y="138.0" />
  <Point X="60.0" Y="139.0" />
  <Point X="60.0" Y="140.07533569806188" />
  <Point X="60.0" Y="141.0" />
  <Point X="60.0" Y="142.0" />
  <Point X="61.0" Y="144.0" />
  <Point X="61.37500345515477" Y="144.37500345515477" />
  <Point X="62.0" Y="145.0" />
  <Point X="62.0" Y="147.0" />
  <Point X="63.0" Y="147.0" />
  <Point X="63.0" Y="147.80718866149812" />
  <Point X="63.0" Y="148.0" />
  <Point X="63.0" Y="149.0" />
  <Point X="63.0" Y="150.0" />
  <Point X="64.0" Y="152.0" />
  <Point X="64.11725400940004" Y="152.23450801880008" />
  <Point X="65.0" Y="154.0" />
  <Point X="66.0" Y="155.0" />
  <Point X="66.0" Y="156.30297364743456" />
  <Point X="66.0" Y="157.0" />
  <Point X="67.0" Y="159.0" />
  <Point X="68.0" Y="160.0" />
  <Point X="68.0" Y="160.34375935921622" />
  <Point X="68.0" Y="161.0" />
  <Point X="68.0" Y="162.0" />
  <Point X="68.0" Y="163.0" />
  <Point X="69.0" Y="164.0" />
  <Point X="69.0" Y="164.6206130484977" />
  <Point X="69.0" Y="166.0" />
  <Point X="70.0" Y="167.0" />
  <Point X="71.0" Y="168.0" />
  <Point X="71.0" Y="168.48325317540605" />
  <Point X="71.0" Y="169.0" />
  <Point X="72.0" Y="170.0" />
  <Point X="72.0" Y="171.0" />
  <Point X="73.0" Y="171.0" />
  <Point X="73.0" Y="171.76010686468751" />
  <Point X="73.0" Y="172.0" />
  <Point X="73.0" Y="173.0" />
  <Point X="74.0" Y="173.0" />
  <Point X="74.0" Y="174.0" />
  <Point X="75.0" Y="174.0" />
  <Point X="75.0" Y="174.4511741163421" />
  <Point X="75.0" Y="175.0" />
  <Point X="76.0" Y="176.0" />
  <Point X="76.0" Y="177.0" />
  <Point X="77.0" Y="177.0" />
  <Point X="77.0" Y="177.72802780562355" />
  <Point X="77.0" Y="178.0" />
  <Point X="78.0" Y="178.0" />
  <Point X="78.0" Y="179.0" />
  <Point X="79.0" Y="179.0" />
  <Point X="79.0" Y="180.0" />
  <Point X="79.0" Y="180.41909505727813" />
  <Point X="79.0" Y="181.0" />
  <Point X="80.0" Y="181.0" />
  <Point X="81.0" Y="181.0" />
  <Point X="81.0" Y="182.0" />
  <Point X="81.78500329686402" Y="182.785003296864" />
  <Point X="82.0" Y="183.0" />
  <Point X="83.0" Y="183.0" />
  <Point X="84.0" Y="183.0" />
  <Point X="84.0" Y="184.0" />
  <Point X="84.0" Y="185.0" />
  <Point X="84.38701599821414" Y="185.0" />
  <Point X="85.0" Y="185.0" />
  <Point X="86.0" Y="185.0" />
  <Point X="87.0" Y="185.0" />
  <Point X="87.0" Y="184.0" />
  <Point X="88.0" Y="184.0" />
  <Point X="88.0" Y="183.9219167501313" />
  <Point X="88.0" Y="183.0" />
  <Point X="89.0" Y="183.0" />
  <Point X="89.0" Y="182.0" />
  <Point X="90.0" Y="181.0" />
  <Point X="90.0" Y="180.64506306084982" />
  <Point X="90.0" Y="180.0" />
  <Point X="91.0" Y="179.0" />
  <Point X="92.0" Y="179.0" />
  <Point X="92.0" Y="178.0" />
  <Point X="92.0" Y="177.36820937156835" />
  <Point X="92.0" Y="177.0" />
  <Point X="93.0" Y="176.0" />
  <Point X="93.0" Y="175.0" />
  <Point X="94.0" Y="174.0" />
  <Point X="94.3496153399281" Y="173.6503846600719" />
  <Point X="95.0" Y="173.0" />
  <Point X="95.0" Y="172.0" />
  <Point X="96.0" Y="171.0" />
  <Point X="96.95959402338863" Y="170.04040597661137" />
  <Point X="97.0" Y="170.0" />
  <Point X="97.0" Y="169.0" />
  <Point X="98.0" Y="168.0" />
  <Point X="98.99268494137583" Y="166.01463011724834" />
  <Point X="99.0" Y="166.0" />
  <Point X="99.0" Y="165.0" />
  <Point X="100.0" Y="163.0" />
  <Point X="100.64338039822042" Y="161.71323920355917" />
  <Point X="101.0" Y="161.0" />
  <Point X="102.0" Y="160.0" />
  <Point X="103.0" Y="158.0" />
  <Point X="103.0" Y="157.75663995990638" />
  <Point X="103.0" Y="157.0" />
  <Point X="104.0" Y="156.0" />
  <Point X="105.39796305021387" Y="153.9030554246792" />
  <Point X="106.0" Y="153.0" />
  <Point X="106.0" Y="152.0" />
  <Point X="107.0" Y="151.0" />
  <Point X="107.53286221849338" Y="149.93427556301324" />
  <Point X="108.0" Y="149.0" />
  <Point X="109.0" Y="148.0" />
  <Point X="110.0" Y="147.0" />
  <Point X="110.0" Y="146.18191170739888" />
  <Point X="110.0" Y="145.0" />
  <Point X="112.0" Y="143.0" />
  <Point X="112.48134768158155" Y="142.51865231841845" />
  <Point X="113.0" Y="142.0" />
  <Point X="114.0" Y="139.0" />
  <Point X="114.56236516872885" Y="138.43763483127117" />
  <Point X="115.0" Y="138.0" />
  <Point X="115.0" Y="137.0" />
  <Point X="116.7041267219303" Y="134.44380991710455" />
  <Point X="117.0" Y="134.0" />
  <Point X="118.0" Y="133.0" />
  <Point X="119.0" Y="132.0" />
  <Point X="119.594457325414" Y="130.811085349172" />
  <Point X="120.0" Y="130.0" />
  <Point X="121.0" Y="129.0" />
  <Point X="121.0" Y="128.0" />
  <Point X="121.75995740815183" Y="126.86006388777224" />
  <Point X="123.0" Y="125.0" />
  <Point X="123.0" Y="124.0" />
  <Point X="124.02922834008054" Y="122.97077165991946" />
  <Point X="125.0" Y="122.0" />
  <Point X="125.0" Y="121.0" />
  <Point X="126.63920702354106" Y="119.36079297645894" />
  <Point X="127.0" Y="119.0" />
  <Point X="128.0" Y="118.0" />
  <Point X="129.23726800643053" Y="115.52546398713898" />
  <Point X="130.0" Y="114.0" />
  <Point X="131.0" Y="113.0" />
  <Point X="131.70272152674139" Y="111.59455694651724" />
  <Point X="132.0" Y="111.0" />
  <Point X="132.0" Y="109.0" />
  <Point X="133.812406776172" Y="108.093796611914" />
  <Point X="134.0" Y="108.0" />
  <Point X="134.0" Y="106.0" />
  <Point X="135.7545664370464" Y="104.24543356295358" />
  <Point X="136.0" Y="104.0" />
  <Point X="137.0" Y="104.0" />
  <Point X="138.0" Y="101.0" />
  <Point X="138.12847714300716" Y="100.87152285699284" />
  <Point X="139.0" Y="100.0" />
  <Point X="140.0" Y="99.0" />
  <Point X="140.0" Y="98.0" />
  <Point X="140.73845582646769" Y="97.26154417353231" />
  <Point X="141.0" Y="97.0" />
  <Point X="142.0" Y="95.0" />
  <Point X="143.0" Y="94.0" />
  <Point X="143.30003846088917" Y="93.39992307822165" />
  <Point X="144.0" Y="92.0" />
  <Point X="145.0" Y="91.0" />
  <Point X="146.0" Y="90.0" />
  <Point X="146.13303644916635" Y="89.73392710166728" />
  <Point X="147.0" Y="88.0" />
  <Point X="148.0" Y="88.0" />
  <Point X="148.0" Y="86.24752218202406" />
  <Point X="148.0" Y="86.0" />
  <Point X="150.0" Y="85.0" />
  <Point X="150.0" Y="84.0" />
  <Point X="150.0" Y="83.0" />
  <Point X="150.1855731527113" Y="82.90721342364435" />
  <Point X="152.0" Y="82.0" />
  <Point X="152.0" Y="80.0" />
  <Point X="152.6624763662855" Y="80.0" />
  <Point X="153.0" Y="80.0" />
  <Point X="153.0" Y="78.0" />
  <Point X="154.0" Y="77.0" />
  <Point X="154.93933005556696" Y="77.0" />
  <Point X="155.0" Y="77.0" />
  <Point X="156.0" Y="75.0" />
  <Point X="157.0" Y="75.0" />
  <Point X="157.9859397242535" Y="74.01406027574647" />
  <Point X="158.0" Y="74.0" />
  <Point X="158.0" Y="73.0" />
  <Point X="159.0" Y="72.0" />
  <Point X="160.0" Y="71.0" />
  <Point X="160.0" Y="70.157244105743" />
  <Point X="160.0" Y="70.0" />
  <Point X="161.0" Y="70.0" />
  <Point X="161.0" Y="68.0" />
  <Point X="162.0" Y="67.0" />
  <Point X="162.11960958353845" Y="67.0" />
  <Point X="163.0" Y="67.0" />
  <Point X="164.0" Y="67.0" />
  <Point X="164.0" Y="66.0" />
  <Point X="165.0" Y="66.0" />
  <Point X="165.3625457022552" Y="65.27490859548962" />
  <Point X="166.0" Y="64.0" />
  <Point X="167.0" Y="64.0" />
  <Point X="167.0" Y="62.0" />
  <Point X="167.26567610934777" Y="62.0" />
  <Point X="168.0" Y="62.0" />
  <Point X="169.0" Y="61.0" />
  <Point X="170.0" Y="61.0" />
  <Point X="170.0" Y="60.0" />
  <Point X="170.3836264996065" Y="59.6163735003935" />
  <Point X="171.0" Y="59.0" />
  <Point X="171.0" Y="58.0" />
  <Point X="172.0" Y="58.0" />
  <Point X="173.0" Y="58.0" />
  <Point X="173.0" Y="57.180616512089316" />
  <Point X="173.0" Y="57.0" />
  <Point X="174.0" Y="57.0" />
  <Point X="174.0" Y="56.0" />
  <Point X="175.0" Y="56.0" />
  <Point X="175.0" Y="55.0" />
  <Point X="175.36094317940828" Y="54.639056820591726" />
  <Point X="176.0" Y="54.0" />
  <Point X="177.0" Y="54.0" />
  <Point X="177.0" Y="53.0" />
  <Point X="178.0" Y="53.0" />
  <Point X="178.7873044288467" Y="53.0" />
  <Point X="179.0" Y="53.0" />
  <Point X="179.0" Y="52.0" />
  <Point X="180.0" Y="51.0" />
  <Point X="181.0" Y="51.0" />
  <Point X="181.75247342158315" Y="50.24752657841685" />
  <Point X="182.0" Y="50.0" />
  <Point X="182.0" Y="49.0" />
  <Point X="183.0" Y="49.0" />
  <Point X="184.0" Y="49.0" />
  <Point X="184.9482385426706" Y="48.05176145732942" />
  <Point X="185.0" Y="48.0" />
  <Point X="186.0" Y="48.0" />
  <Point X="186.0" Y="47.0" />
  <Point X="187.0" Y="47.0" />
  <Point X="187.0" Y="46.0" />
  <Point X="187.6178654966911" Y="46.0" />
  <Point X="188.0" Y="46.0" />
  <Point X="189.0" Y="46.0" />
  <Point X="189.0" Y="45.0" />
  <Point X="190.0" Y="45.0" />
  <Point X="191.0" Y="45.0" />
  <Point X="191.0" Y="44.69106725165433" />
  <Point X="191.0" Y="44.0" />
  <Point X="192.0" Y="44.0" />
  <Point X="192.0" Y="43.0" />
  <Point X="193.0" Y="43.0" />
  <Point X="193.0" Y="42.0" />
</Project_1_Part_4>
