<?xml version="1.0" encoding="utf-8" standalone="yes"?>
<Gesture Name="check1" Subject="3" Number="3" NumPts="236">
  <Point X="68.0" Y="137.0" />
  <Point X="68.0" Y="138.0" />
  <Point X="68.0" Y="139.0" />
  <Point X="68.0" Y="140.0" />
  <Point X="68.77695886019198" Y="140.776958860192" />
  <Point X="69.0" Y="141.0" />
  <Point X="69.0" Y="143.0" />
  <Point X="69.0" Y="144.0" />
  <Point X="69.55391772038398" Y="144.55391772038396" />
  <Point X="70.0" Y="145.0" />
  <Point X="70.0" Y="146.0" />
  <Point X="71.0" Y="147.0" />
  <Point X="71.0" Y="148.0" />
  <Point X="71.0" Y="148.05371658534906" />
  <Point X="71.0" Y="149.0" />
  <Point X="72.0" Y="150.0" />
  <Point X="72.0" Y="151.0" />
  <Point X="72.52204900314105" Y="151.52204900314103" />
  <Point X="73.0" Y="152.0" />
  <Point X="73.0" Y="153.0" />
  <Point X="74.0" Y="154.0" />
  <Point X="74.0" Y="155.0" />
  <Point X="74.0" Y="155.00864741320868" />
  <Point X="74.0" Y="156.0" />
  <Point X="75.0" Y="157.0" />
  <Point X="76.0" Y="158.0" />
  <Point X="76.0" Y="158.27900604595195" />
  <Point X="76.0" Y="160.0" />
  <Point X="77.0" Y="160.0" />
  <Point X="77.0" Y="161.0" />
  <Point X="77.0" Y="161.3777918034414" />
  <Point X="77.0" Y="162.0" />
  <Point X="79.0" Y="163.0" />
  <Point X="79.0" Y="164.0" />
  <Point X="79.0" Y="164.24050958343105" />
  <Point X="79.0" Y="166.0" />
  <Point X="80.0" Y="166.0" />
  <Point X="80.0" Y="167.0" />
  <Point X="80.23991803638988" Y="167.2399180363899" />
  <Point X="81.0" Y="168.0" />
  <Point X="82.0" Y="169.0" />
  <Point X="82.0" Y="170.0" />
  <Point X="82.27264554557301" Y="170.54529109114603" />
  <Point X="83.0" Y="172.0" />
  <Point X="84.0" Y="173.0" />
  <Point X="84.74823083262243" Y="173.74823083262243" />
  <Point X="85.0" Y="174.0" />
  <Point X="85.0" Y="175.0" />
  <Point X="85.0" Y="176.0" />
  <Point X="86.0" Y="177.0" />
  <Point X="86.0" Y="177.3285168240236" />
  <Point X="86.0" Y="178.0" />
  <Point X="87.0" Y="178.0" />
  <Point X="88.0" Y="179.0" />
  <Point X="88.0" Y="180.0" />
  <Point X="88.01308901913997" Y="180.0" />
  <Point X="89.0" Y="180.0" />
  <Point X="89.0" Y="181.0" />
  <Point X="89.0" Y="182.0" />
  <Point X="89.78621419438494" Y="182.78621419438494" />
  <Point X="90.0" Y="183.0" />
  <Point X="90.0" Y="184.0" />
  <Point X="91.0" Y="184.0" />
  <Point X="91.0" Y="185.0" />
  <Point X="91.0" Y="185.79644697174578" />
  <Point X="91.0" Y="186.0" />
  <Point X="92.0" Y="186.0" />
  <Point X="93.0" Y="187.0" />
  <Point X="93.0" Y="188.0" />
  <Point X="93.34013191476892" Y="188.34013191476893" />
  <Point X="94.0" Y="189.0" />
  <Point X="95.0" Y="189.0" />
  <Point X="96.0" Y="189.0" />
  <Point X="97.0" Y="189.0" />
  <Point X="97.1655913619785" Y="189.0" />
  <Point X="98.0" Y="189.0" />
  <Point X="99.0" Y="189.0" />
  <Point X="99.0" Y="188.0" />
  <Point X="100.0" Y="188.0" />
  <Point X="100.18694285396636" Y="187.81305714603366" />
  <Point X="101.0" Y="187.0" />
  <Point X="101.0" Y="186.0" />
  <Point X="102.0" Y="185.0" />
  <Point X="102.5347357522112" Y="185.0" />
  <Point X="103.0" Y="185.0" />
  <Point X="103.0" Y="184.0" />
  <Point X="104.0" Y="184.0" />
  <Point X="104.73053302767975" Y="182.5389339446405" />
  <Point X="105.0" Y="182.0" />
  <Point X="106.0" Y="181.0" />
  <Point X="106.0" Y="180.0" />
  <Point X="107.08202572731723" Y="180.0" />
  <Point X="108.0" Y="180.0" />
  <Point X="108.0" Y="179.0" />
  <Point X="108.0" Y="178.0" />
  <Point X="109.0" Y="178.0" />
  <Point X="109.1278530270232" Y="177.8721469729768" />
  <Point X="110.0" Y="177.0" />
  <Point X="111.0" Y="177.0" />
  <Point X="111.0" Y="175.13461632007696" />
  <Point X="111.0" Y="175.0" />
  <Point X="112.0" Y="175.0" />
  <Point X="112.0" Y="174.0" />
  <Point X="113.0" Y="174.0" />
  <Point X="113.0" Y="173.0358305625875" />
  <Point X="113.0" Y="173.0" />
  <Point X="115.0" Y="172.0" />
  <Point X="115.0" Y="171.0" />
  <Point X="115.58469755870154" Y="170.41530244129845" />
  <Point X="116.0" Y="170.0" />
  <Point X="117.0" Y="169.0" />
  <Point X="118.0" Y="168.0" />
  <Point X="118.48297676245318" Y="167.51702323754682" />
  <Point X="119.0" Y="167.0" />
  <Point X="120.0" Y="166.0" />
  <Point X="120.0" Y="165.0" />
  <Point X="120.85273876296158" Y="164.57363061851922" />
  <Point X="122.0" Y="164.0" />
  <Point X="122.0" Y="163.0" />
  <Point X="123.62437700354342" Y="162.18781149822829" />
  <Point X="124.0" Y="162.0" />
  <Point X="124.0" Y="161.0" />
  <Point X="126.0" Y="160.0" />
  <Point X="126.0" Y="159.55724149700487" />
  <Point X="126.0" Y="159.0" />
  <Point X="128.0" Y="157.0" />
  <Point X="128.50424996246093" Y="156.49575003753907" />
  <Point X="129.0" Y="156.0" />
  <Point X="130.0" Y="155.0" />
  <Point X="131.0" Y="155.0" />
  <Point X="131.0" Y="154.01652423151836" />
  <Point X="131.0" Y="154.0" />
  <Point X="132.0" Y="152.0" />
  <Point X="133.0" Y="152.0" />
  <Point X="133.59834919632036" Y="151.40165080367964" />
  <Point X="135.0" Y="150.0" />
  <Point X="135.0" Y="149.0" />
  <Point X="135.78952161888543" Y="148.21047838111457" />
  <Point X="137.0" Y="147.0" />
  <Point X="138.68780082263706" Y="145.31219917736294" />
  <Point X="139.0" Y="145.0" />
  <Point X="140.0" Y="143.0" />
  <Point X="141.0049411963045" Y="141.9950588036955" />
  <Point X="143.0" Y="140.0" />
  <Point X="143.9032204000561" Y="139.0967795999439" />
  <Point X="144.0" Y="139.0" />
  <Point X="145.0" Y="137.0" />
  <Point X="146.0" Y="136.0" />
  <Point X="146.22036077372354" Y="135.77963922627646" />
  <Point X="147.0" Y="135.0" />
  <Point X="149.0" Y="133.0" />
  <Point X="149.07503451007452" Y="132.84993097985097" />
  <Point X="150.0" Y="131.0" />
  <Point X="151.8161344517308" Y="130.09193277413462" />
  <Point X="152.0" Y="130.0" />
  <Point X="152.0" Y="129.0" />
  <Point X="154.0" Y="127.0" />
  <Point X="154.0458139436235" Y="126.9541860563765" />
  <Point X="156.0" Y="125.0" />
  <Point X="156.94409314737513" Y="124.05590685262487" />
  <Point X="157.0" Y="124.0" />
  <Point X="158.0" Y="123.0" />
  <Point X="159.0" Y="121.0" />
  <Point X="159.33043717107202" Y="120.83478141446399" />
  <Point X="161.0" Y="120.0" />
  <Point X="161.9982513013269" Y="118.00349739734622" />
  <Point X="162.0" Y="118.0" />
  <Point X="163.0" Y="117.0" />
  <Point X="164.89551426837747" Y="115.10448573162255" />
  <Point X="165.0" Y="115.0" />
  <Point X="166.0" Y="114.0" />
  <Point X="167.0" Y="113.0" />
  <Point X="167.50203907274027" Y="111.99592185451947" />
  <Point X="168.0" Y="111.0" />
  <Point X="170.0" Y="110.0" />
  <Point X="170.33507178853114" Y="109.32985642293771" />
  <Point X="171.0" Y="108.0" />
  <Point X="173.0" Y="107.0" />
  <Point X="173.16810450432203" Y="106.66379099135597" />
  <Point X="174.0" Y="105.0" />
  <Point X="175.0" Y="104.0" />
  <Point X="175.58293693296304" Y="103.41706306703696" />
  <Point X="176.0" Y="103.0" />
  <Point X="178.0" Y="101.0" />
  <Point X="178.68054238697468" Y="101.0" />
  <Point X="179.0" Y="101.0" />
  <Point X="180.0" Y="99.0" />
  <Point X="181.0" Y="98.0" />
  <Point X="181.09124972919557" Y="97.90875027080443" />
  <Point X="183.0" Y="96.0" />
  <Point X="183.9895289329472" Y="95.0104710670528" />
  <Point X="184.0" Y="95.0" />
  <Point X="186.0" Y="93.0" />
  <Point X="186.88780813669882" Y="92.11219186330118" />
  <Point X="187.0" Y="92.0" />
  <Point X="188.0" Y="91.0" />
  <Point X="189.0" Y="90.0" />
  <Point X="189.78608734045045" Y="89.21391265954955" />
  <Point X="190.0" Y="89.0" />
  <Point X="192.68436654420208" Y="86.31563345579792" />
  <Point X="193.0" Y="86.0" />
  <Point X="194.0" Y="85.0" />
  <Point X="195.0" Y="84.0" />
  <Point X="195.0" Y="83.17601448118485" />
  <Point X="195.0" Y="83.0" />
  <Point X="197.0" Y="82.0" />
  <Point X="198.1926793404346" Y="80.8073206595654" />
  <Point X="199.0" Y="80.0" />
  <Point X="200.0" Y="79.0" />
  <Point X="201.0" Y="79.0" />
  <Point X="201.24276917099002" Y="78.51446165801994" />
  <Point X="202.0" Y="77.0" />
  <Point X="203.0" Y="77.0" />
  <Point X="203.9938853554806" Y="76.00611464451943" />
  <Point X="205.0" Y="75.0" />
  <Point X="206.0" Y="74.0" />
  <Point X="207.0" Y="74.0" />
  <Point X="207.0" Y="73.7382887804652" />
  <Point X="207.0" Y="73.0" />
  <Point X="208.0" Y="72.0" />
  <Point X="209.0" Y="71.0" />
  <Point X="209.53206985227806" Y="71.0" />
  <Point X="210.0" Y="71.0" />
  <Point X="210.0" Y="70.0" />
  <Point X="211.0" Y="70.0" />
  <Point X="212.0" Y="69.0" />
  <Point X="212.0" Y="68.78335795260558" />
  <Point X="212.0" Y="68.0" />
  <Point X="213.0" Y="68.0" />
  <Point X="213.0" Y="67.0" />
  <Point X="214.0" Y="67.0" />
  <Point X="214.0" Y="66.68457219511613" />
  <Point X="214.0" Y="66.0" />
  <Point X="215.0" Y="66.0" />
  <Point X="215.0" Y="65.0" />
  <Point X="216.0" Y="64.0" />
</Project_1_Part_4>
