<?xml version="1.0" encoding="utf-8" standalone="yes"?>
<Gesture Name="circle1" Subject="3" Number="3" NumPts="391">
  <Point X="129.0" Y="69.0" />
  <Point X="128.0" Y="69.0" />
  <Point X="127.0" Y="69.0" />
  <Point X="126.0" Y="69.0" />
  <Point X="125.0" Y="69.0" />
  <Point X="124.0" Y="69.0" />
  <Point X="123.0" Y="69.0" />
  <Point X="123.0" Y="69.32844001092288" />
  <Point X="123.0" Y="70.0" />
  <Point X="122.0" Y="70.0" />
  <Point X="122.0" Y="71.0" />
  <Point X="120.0" Y="71.0" />
  <Point X="120.0" Y="72.0" />
  <Point X="119.34311997815425" Y="72.0" />
  <Point X="119.0" Y="72.0" />
  <Point X="119.0" Y="73.0" />
  <Point X="118.0" Y="73.0" />
  <Point X="118.0" Y="74.0" />
  <Point X="117.0" Y="74.0" />
  <Point X="116.0" Y="74.0" />
  <Point X="116.0" Y="74.98532003276863" />
  <Point X="116.0" Y="75.0" />
  <Point X="116.0" Y="76.0" />
  <Point X="115.0" Y="76.0" />
  <Point X="115.0" Y="77.0" />
  <Point X="114.0" Y="77.0" />
  <Point X="114.0" Y="78.0" />
  <Point X="113.0" Y="78.0" />
  <Point X="113.0" Y="78.3137600436915" />
  <Point X="113.0" Y="79.0" />
  <Point X="112.0" Y="80.0" />
  <Point X="111.0" Y="81.0" />
  <Point X="111.0" Y="82.0" />
  <Point X="110.0" Y="82.0" />
  <Point X="110.0" Y="82.8137729298682" />
  <Point X="110.0" Y="83.0" />
  <Point X="110.0" Y="84.0" />
  <Point X="109.0" Y="84.0" />
  <Point X="108.0" Y="85.0" />
  <Point X="108.0" Y="86.0" />
  <Point X="107.22721518495601" Y="87.545569630088" />
  <Point X="107.0" Y="88.0" />
  <Point X="106.0" Y="89.0" />
  <Point X="105.0" Y="91.0" />
  <Point X="104.0" Y="92.0" />
  <Point X="104.0" Y="92.7558763095951" />
  <Point X="104.0" Y="93.0" />
  <Point X="104.0" Y="94.0" />
  <Point X="104.0" Y="95.0" />
  <Point X="102.0" Y="96.0" />
  <Point X="102.0" Y="97.0" />
  <Point X="102.0" Y="97.84824834301818" />
  <Point X="102.0" Y="98.0" />
  <Point X="102.0" Y="99.0" />
  <Point X="101.0" Y="100.0" />
  <Point X="100.0" Y="101.0" />
  <Point X="100.0" Y="102.0" />
  <Point X="99.39703924801857" Y="103.20592150396287" />
  <Point X="99.0" Y="104.0" />
  <Point X="98.0" Y="105.0" />
  <Point X="98.0" Y="106.0" />
  <Point X="98.0" Y="107.0" />
  <Point X="98.0" Y="108.0" />
  <Point X="97.08194231072301" Y="108.4590288446385" />
  <Point X="96.0" Y="109.0" />
  <Point X="96.0" Y="110.0" />
  <Point X="96.0" Y="111.0" />
  <Point X="96.0" Y="113.0" />
  <Point X="95.0" Y="113.0" />
  <Point X="95.0" Y="113.11879173366796" />
  <Point X="95.0" Y="114.0" />
  <Point X="95.0" Y="116.0" />
  <Point X="94.0" Y="117.0" />
  <Point X="94.0" Y="118.0" />
  <Point X="93.26954583826483" Y="118.73045416173517" />
  <Point X="93.0" Y="119.0" />
  <Point X="93.0" Y="120.0" />
  <Point X="93.0" Y="121.0" />
  <Point X="93.0" Y="122.0" />
  <Point X="92.0" Y="123.0" />
  <Point X="92.0" Y="124.0" />
  <Point X="92.0" Y="124.53303106839444" />
  <Point X="92.0" Y="125.0" />
  <Point X="92.0" Y="126.0" />
  <Point X="92.0" Y="127.0" />
  <Point X="91.0" Y="129.0" />
  <Point X="90.0" Y="129.0" />
  <Point X="90.0" Y="129.62540310181754" />
  <Point X="90.0" Y="130.0" />
  <Point X="90.0" Y="131.0" />
  <Point X="90.0" Y="132.0" />
  <Point X="89.0" Y="134.0" />
  <Point X="88.0" Y="135.0" />
  <Point X="88.0" Y="135.30356157286752" />
  <Point X="88.0" Y="136.0" />
  <Point X="88.0" Y="137.0" />
  <Point X="88.0" Y="138.0" />
  <Point X="88.0" Y="139.0" />
  <Point X="87.0" Y="140.0" />
  <Point X="87.0" Y="141.0" />
  <Point X="87.0" Y="141.2177880214173" />
  <Point X="87.0" Y="142.0" />
  <Point X="86.0" Y="143.0" />
  <Point X="86.0" Y="145.0" />
  <Point X="86.0" Y="146.0" />
  <Point X="86.0" Y="147.0" />
  <Point X="86.0" Y="147.1320144699671" />
  <Point X="86.0" Y="148.0" />
  <Point X="86.0" Y="149.0" />
  <Point X="86.0" Y="150.0" />
  <Point X="86.0" Y="152.0" />
  <Point X="85.0" Y="153.0" />
  <Point X="85.0" Y="153.04624091851687" />
  <Point X="85.0" Y="154.0" />
  <Point X="85.0" Y="155.0" />
  <Point X="85.0" Y="157.0" />
  <Point X="85.0" Y="158.0" />
  <Point X="85.0" Y="159.37468092943976" />
  <Point X="85.0" Y="160.0" />
  <Point X="85.0" Y="161.0" />
  <Point X="85.0" Y="162.0" />
  <Point X="85.0" Y="163.0" />
  <Point X="85.0" Y="164.0" />
  <Point X="85.0" Y="165.0" />
  <Point X="85.0" Y="165.70312094036265" />
  <Point X="85.0" Y="166.0" />
  <Point X="85.0" Y="167.0" />
  <Point X="85.0" Y="168.0" />
  <Point X="86.0" Y="170.0" />
  <Point X="86.0" Y="171.0" />
  <Point X="86.0" Y="171.79549297378574" />
  <Point X="86.0" Y="172.0" />
  <Point X="86.0" Y="173.0" />
  <Point X="86.0" Y="174.0" />
  <Point X="87.0" Y="175.0" />
  <Point X="87.0" Y="176.0" />
  <Point X="87.0" Y="177.0" />
  <Point X="87.0" Y="177.70971942233552" />
  <Point X="87.0" Y="178.0" />
  <Point X="87.0" Y="179.0" />
  <Point X="88.0" Y="181.0" />
  <Point X="89.0" Y="181.0" />
  <Point X="89.0" Y="182.0" />
  <Point X="89.0" Y="182.8020914557586" />
  <Point X="89.0" Y="183.0" />
  <Point X="89.0" Y="184.0" />
  <Point X="89.0" Y="185.0" />
  <Point X="90.0" Y="185.0" />
  <Point X="90.0" Y="186.0" />
  <Point X="90.0" Y="187.0" />
  <Point X="90.79940646643526" Y="187.79940646643524" />
  <Point X="91.0" Y="188.0" />
  <Point X="92.0" Y="189.0" />
  <Point X="92.0" Y="190.0" />
  <Point X="92.0" Y="191.0" />
  <Point X="93.0" Y="191.0" />
  <Point X="93.0" Y="192.63054435285818" />
  <Point X="93.0" Y="193.0" />
  <Point X="94.0" Y="194.0" />
  <Point X="95.0" Y="195.0" />
  <Point X="95.0" Y="196.0" />
  <Point X="96.0" Y="197.0" />
  <Point X="96.0" Y="197.71634367666178" />
  <Point X="96.0" Y="198.0" />
  <Point X="97.0" Y="198.0" />
  <Point X="97.0" Y="199.0" />
  <Point X="97.0" Y="200.0" />
  <Point X="98.0" Y="201.0" />
  <Point X="99.0" Y="201.0" />
  <Point X="99.0" Y="201.63057012521156" />
  <Point X="99.0" Y="202.0" />
  <Point X="99.0" Y="203.0" />
  <Point X="100.0" Y="203.0" />
  <Point X="100.0" Y="204.0" />
  <Point X="101.0" Y="204.0" />
  <Point X="101.0" Y="205.0" />
  <Point X="101.95901013613444" Y="205.0" />
  <Point X="102.0" Y="205.0" />
  <Point X="103.0" Y="206.0" />
  <Point X="103.0" Y="207.0" />
  <Point X="104.0" Y="207.0" />
  <Point X="104.0" Y="208.0" />
  <Point X="105.0" Y="208.0" />
  <Point X="105.0" Y="208.87323658468424" />
  <Point X="105.0" Y="209.0" />
  <Point X="106.0" Y="209.0" />
  <Point X="107.0" Y="209.0" />
  <Point X="107.0" Y="210.0" />
  <Point X="108.0" Y="211.0" />
  <Point X="109.0" Y="211.0" />
  <Point X="109.78746303323402" Y="211.0" />
  <Point X="110.0" Y="211.0" />
  <Point X="111.0" Y="212.0" />
  <Point X="112.0" Y="212.0" />
  <Point X="113.0" Y="212.0" />
  <Point X="114.0" Y="212.0" />
  <Point X="115.0" Y="212.0" />
  <Point X="115.7016894817838" Y="212.0" />
  <Point X="116.0" Y="212.0" />
  <Point X="117.0" Y="212.0" />
  <Point X="117.0" Y="211.0" />
  <Point X="118.0" Y="210.0" />
  <Point X="119.0" Y="210.0" />
  <Point X="120.0" Y="209.0" />
  <Point X="120.0" Y="208.79829763203952" />
  <Point X="120.0" Y="208.0" />
  <Point X="121.0" Y="207.0" />
  <Point X="122.0" Y="206.0" />
  <Point X="123.0" Y="205.0" />
  <Point X="123.0" Y="204.0" />
  <Point X="123.20329439584899" Y="203.79670560415101" />
  <Point X="124.0" Y="203.0" />
  <Point X="125.0" Y="201.0" />
  <Point X="126.0" Y="199.0" />
  <Point X="126.51589958173645" Y="198.48410041826355" />
  <Point X="127.0" Y="198.0" />
  <Point X="128.0" Y="197.0" />
  <Point X="128.0" Y="196.0" />
  <Point X="128.0" Y="195.0" />
  <Point X="129.0" Y="194.0" />
  <Point X="129.57656886541918" Y="193.42343113458082" />
  <Point X="130.0" Y="193.0" />
  <Point X="130.0" Y="192.0" />
  <Point X="131.0" Y="191.0" />
  <Point X="131.0" Y="190.0" />
  <Point X="133.0" Y="189.0" />
  <Point X="133.0" Y="188.92066358220524" />
  <Point X="133.0" Y="188.0" />
  <Point X="133.0" Y="187.0" />
  <Point X="134.0" Y="186.0" />
  <Point X="134.0" Y="185.0" />
  <Point X="135.0" Y="184.0" />
  <Point X="135.0" Y="183.42065069602856" />
  <Point X="135.0" Y="183.0" />
  <Point X="136.0" Y="182.0" />
  <Point X="136.0" Y="180.0" />
  <Point X="137.0" Y="179.0" />
  <Point X="137.0" Y="178.0" />
  <Point X="137.05611754282356" Y="177.94388245717644" />
  <Point X="138.0" Y="177.0" />
  <Point X="138.0" Y="176.0" />
  <Point X="139.0" Y="175.0" />
  <Point X="139.0" Y="173.0" />
  <Point X="139.57937507632482" Y="173.0" />
  <Point X="140.0" Y="173.0" />
  <Point X="140.0" Y="171.0" />
  <Point X="140.0" Y="170.0" />
  <Point X="140.0" Y="169.0" />
  <Point X="141.70640168943422" Y="168.14679915528288" />
  <Point X="142.0" Y="168.0" />
  <Point X="142.0" Y="167.0" />
  <Point X="142.0" Y="166.0" />
  <Point X="142.0" Y="165.0" />
  <Point X="143.0" Y="164.0" />
  <Point X="143.0" Y="162.4140264417023" />
  <Point X="143.0" Y="162.0" />
  <Point X="144.0" Y="161.0" />
  <Point X="145.0" Y="159.0" />
  <Point X="145.0" Y="157.0" />
  <Point X="145.26413202934768" Y="157.0" />
  <Point X="146.0" Y="157.0" />
  <Point X="146.0" Y="156.0" />
  <Point X="147.0" Y="154.0" />
  <Point X="147.0" Y="153.0" />
  <Point X="147.0" Y="152.0" />
  <Point X="147.25208644030576" Y="151.74791355969424" />
  <Point X="148.0" Y="151.0" />
  <Point X="148.0" Y="149.0" />
  <Point X="149.0" Y="148.0" />
  <Point X="149.0" Y="147.0" />
  <Point X="149.0" Y="146.14348305105256" />
  <Point X="149.0" Y="146.0" />
  <Point X="150.0" Y="144.0" />
  <Point X="152.0" Y="141.0" />
  <Point X="152.0" Y="140.65666229309346" />
  <Point X="152.0" Y="139.0" />
  <Point X="152.0" Y="138.0" />
  <Point X="152.0" Y="136.0" />
  <Point X="153.0" Y="135.0" />
  <Point X="153.0" Y="134.74243584454368" />
  <Point X="153.0" Y="134.0" />
  <Point X="154.0" Y="132.0" />
  <Point X="154.0" Y="131.0" />
  <Point X="154.0" Y="130.0" />
  <Point X="154.60370981672426" Y="128.79258036655145" />
  <Point X="155.0" Y="128.0" />
  <Point X="156.0" Y="127.0" />
  <Point X="156.0" Y="126.0" />
  <Point X="156.0" Y="124.0" />
  <Point X="156.72697270573775" Y="123.27302729426223" />
  <Point X="157.0" Y="123.0" />
  <Point X="157.0" Y="122.0" />
  <Point X="158.0" Y="119.0" />
  <Point X="158.0" Y="118.0" />
  <Point X="158.34884603516525" Y="117.30230792966948" />
  <Point X="159.0" Y="116.0" />
  <Point X="159.0" Y="115.0" />
  <Point X="160.0" Y="114.0" />
  <Point X="160.0" Y="113.0" />
  <Point X="160.0" Y="111.54179808063921" />
  <Point X="160.0" Y="111.0" />
  <Point X="161.0" Y="110.0" />
  <Point X="161.0" Y="109.0" />
  <Point X="161.0" Y="108.0" />
  <Point X="161.0" Y="107.0" />
  <Point X="161.0" Y="106.0" />
  <Point X="161.2633466244558" Y="105.7366533755442" />
  <Point X="162.0" Y="105.0" />
  <Point X="162.0" Y="104.0" />
  <Point X="162.0" Y="103.0" />
  <Point X="162.0" Y="102.0" />
  <Point X="162.0" Y="101.0" />
  <Point X="162.0" Y="100.0" />
  <Point X="162.2026955645789" Y="99.7973044354211" />
  <Point X="163.0" Y="99.0" />
  <Point X="163.0" Y="98.0" />
  <Point X="163.0" Y="97.0" />
  <Point X="163.0" Y="96.0" />
  <Point X="163.0" Y="95.0" />
  <Point X="163.0" Y="94.0" />
  <Point X="163.0" Y="93.79911873498986" />
  <Point X="163.0" Y="93.0" />
  <Point X="163.0" Y="92.0" />
  <Point X="163.0" Y="91.0" />
  <Point X="163.0" Y="90.0" />
  <Point X="163.0" Y="89.0" />
  <Point X="163.0" Y="88.0" />
  <Point X="163.0" Y="87.47067872406699" />
  <Point X="163.0" Y="87.0" />
  <Point X="163.0" Y="86.0" />
  <Point X="163.0" Y="85.0" />
  <Point X="163.0" Y="84.0" />
  <Point X="163.0" Y="83.0" />
  <Point X="163.0" Y="82.0" />
  <Point X="163.0" Y="81.14223871314411" />
  <Point X="163.0" Y="81.0" />
  <Point X="162.0" Y="80.0" />
  <Point X="162.0" Y="79.0" />
  <Point X="161.0" Y="79.0" />
  <Point X="161.0" Y="78.0" />
  <Point X="160.0" Y="77.0" />
  <Point X="160.0" Y="76.64222582696742" />
  <Point X="160.0" Y="76.0" />
  <Point X="159.0" Y="76.0" />
  <Point X="159.0" Y="75.0" />
  <Point X="158.0" Y="75.0" />
  <Point X="158.0" Y="74.0" />
  <Point X="158.0" Y="73.0" />
  <Point X="157.31378581604454" Y="73.0" />
  <Point X="157.0" Y="73.0" />
  <Point X="156.0" Y="73.0" />
  <Point X="156.0" Y="72.0" />
  <Point X="155.0" Y="72.0" />
  <Point X="155.0" Y="71.0" />
  <Point X="154.0" Y="71.0" />
  <Point X="154.0" Y="70.0" />
  <Point X="153.98534580512165" Y="70.0" />
  <Point X="153.0" Y="70.0" />
  <Point X="152.0" Y="69.0" />
  <Point X="151.0" Y="69.0" />
  <Point X="150.0" Y="69.0" />
  <Point X="149.0" Y="69.0" />
  <Point X="148.34318219811905" Y="68.34318219811905" />
  <Point X="148.0" Y="68.0" />
  <Point X="147.0" Y="68.0" />
  <Point X="146.0" Y="68.0" />
  <Point X="145.0" Y="68.0" />
  <Point X="144.0" Y="68.0" />
  <Point X="143.0" Y="68.0" />
  <Point X="142.40383325799596" Y="68.59616674200404" />
  <Point X="142.0" Y="69.0" />
  <Point X="142.0" Y="70.0" />
  <Point X="141.0" Y="70.0" />
  <Point X="140.0" Y="70.0" />
  <Point X="140.0" Y="71.0" />
  <Point X="139.0" Y="71.0" />
  <Point X="138.46448431787286" Y="71.53551568212714" />
  <Point X="138.0" Y="72.0" />
  <Point X="137.0" Y="72.0" />
  <Point X="137.0" Y="73.0" />
  <Point X="136.0" Y="73.0" />
  <Point X="136.0" Y="74.0" />
  <Point X="135.0" Y="74.0" />
  <Point X="134.32844001092252" Y="74.0" />
  <Point X="134.0" Y="74.0" />
  <Point X="134.0" Y="75.0" />
  <Point X="133.0" Y="75.0" />
  <Point X="133.0" Y="76.0" />
  <Point X="132.0" Y="76.0" />
  <Point X="131.0" Y="76.0" />
  <Point X="131.0" Y="77.0" />
</Project_1_Part_4>
