<?xml version="1.0" encoding="utf-8" standalone="yes"?>
<Gesture Name="circle8" Subject="3" Number="3" NumPts="351">
  <Point X="115.0" Y="86.0" />
  <Point X="114.0" Y="86.0" />
  <Point X="114.0" Y="85.0" />
  <Point X="113.0" Y="85.0" />
  <Point X="113.0" Y="84.0" />
  <Point X="112.0" Y="84.0" />
  <Point X="111.69830376521575" Y="84.0" />
  <Point X="111.0" Y="84.0" />
  <Point X="110.0" Y="84.0" />
  <Point X="109.0" Y="84.0" />
  <Point X="108.0" Y="84.0" />
  <Point X="107.0" Y="84.0" />
  <Point X="106.39660753043151" Y="84.0" />
  <Point X="106.0" Y="84.0" />
  <Point X="105.0" Y="84.0" />
  <Point X="104.0" Y="84.0" />
  <Point X="103.0" Y="84.0" />
  <Point X="102.0" Y="84.0" />
  <Point X="101.09491129564726" Y="84.0" />
  <Point X="101.0" Y="84.0" />
  <Point X="100.0" Y="84.0" />
  <Point X="100.0" Y="85.0" />
  <Point X="99.0" Y="85.0" />
  <Point X="98.0" Y="86.0" />
  <Point X="97.20742862323613" Y="86.0" />
  <Point X="97.0" Y="86.0" />
  <Point X="97.0" Y="87.0" />
  <Point X="96.0" Y="87.0" />
  <Point X="95.0" Y="87.0" />
  <Point X="95.0" Y="88.0" />
  <Point X="94.0" Y="88.0" />
  <Point X="93.93334273262806" Y="88.06665726737194" />
  <Point X="93.0" Y="89.0" />
  <Point X="93.0" Y="90.0" />
  <Point X="92.0" Y="90.0" />
  <Point X="92.0" Y="91.0" />
  <Point X="91.01824971604073" Y="91.0" />
  <Point X="91.0" Y="91.0" />
  <Point X="90.0" Y="92.0" />
  <Point X="90.0" Y="93.0" />
  <Point X="89.0" Y="94.0" />
  <Point X="88.0" Y="95.0" />
  <Point X="88.0" Y="95.04080583162423" />
  <Point X="88.0" Y="96.0" />
  <Point X="88.0" Y="97.0" />
  <Point X="87.0" Y="97.0" />
  <Point X="86.0" Y="98.0" />
  <Point X="86.0" Y="98.92828850403536" />
  <Point X="86.0" Y="99.0" />
  <Point X="85.0" Y="101.0" />
  <Point X="84.0" Y="102.0" />
  <Point X="83.0" Y="103.0" />
  <Point X="83.0" Y="103.16548963657362" />
  <Point X="83.0" Y="105.0" />
  <Point X="83.0" Y="106.0" />
  <Point X="82.0" Y="106.0" />
  <Point X="82.0" Y="107.46718587135787" />
  <Point X="82.0" Y="108.0" />
  <Point X="81.0" Y="108.0" />
  <Point X="81.0" Y="109.0" />
  <Point X="81.0" Y="111.0" />
  <Point X="81.0" Y="111.76888210614212" />
  <Point X="81.0" Y="112.0" />
  <Point X="80.0" Y="113.0" />
  <Point X="80.0" Y="114.0" />
  <Point X="79.0" Y="115.0" />
  <Point X="79.0" Y="116.0" />
  <Point X="79.0" Y="116.24215121618016" />
  <Point X="79.0" Y="117.0" />
  <Point X="78.0" Y="118.0" />
  <Point X="78.0" Y="119.0" />
  <Point X="78.0" Y="120.0" />
  <Point X="78.0" Y="121.0" />
  <Point X="77.94202596258444" Y="121.11594807483112" />
  <Point X="77.0" Y="123.0" />
  <Point X="77.0" Y="124.0" />
  <Point X="77.0" Y="125.0" />
  <Point X="77.0" Y="126.0" />
  <Point X="77.0" Y="126.19526214587576" />
  <Point X="77.0" Y="127.0" />
  <Point X="76.0" Y="128.0" />
  <Point X="76.0" Y="129.0" />
  <Point X="76.0" Y="130.0" />
  <Point X="76.0" Y="131.0" />
  <Point X="76.0" Y="131.0827448182869" />
  <Point X="76.0" Y="132.0" />
  <Point X="76.0" Y="133.0" />
  <Point X="76.0" Y="134.0" />
  <Point X="76.0" Y="136.0" />
  <Point X="76.0" Y="136.38444105307113" />
  <Point X="76.0" Y="137.0" />
  <Point X="76.0" Y="138.0" />
  <Point X="76.0" Y="139.0" />
  <Point X="76.0" Y="140.0" />
  <Point X="76.0" Y="141.0" />
  <Point X="76.0" Y="141.68613728785536" />
  <Point X="76.0" Y="143.0" />
  <Point X="76.0" Y="144.0" />
  <Point X="76.0" Y="145.0" />
  <Point X="76.0" Y="146.0" />
  <Point X="76.0" Y="146.9878335226396" />
  <Point X="76.0" Y="147.0" />
  <Point X="76.0" Y="149.0" />
  <Point X="76.0" Y="151.0" />
  <Point X="76.0" Y="152.0" />
  <Point X="76.0" Y="152.28952975742382" />
  <Point X="76.0" Y="153.0" />
  <Point X="76.0" Y="155.0" />
  <Point X="76.0" Y="157.0" />
  <Point X="76.0" Y="157.59122599220805" />
  <Point X="76.0" Y="159.0" />
  <Point X="76.0" Y="160.0" />
  <Point X="76.0" Y="161.0" />
  <Point X="76.0" Y="162.0" />
  <Point X="76.0" Y="162.89292222699228" />
  <Point X="76.0" Y="163.0" />
  <Point X="76.0" Y="164.0" />
  <Point X="77.0" Y="165.0" />
  <Point X="77.0" Y="166.0" />
  <Point X="77.0" Y="167.0" />
  <Point X="77.0" Y="167.78040489940344" />
  <Point X="77.0" Y="168.0" />
  <Point X="78.0" Y="168.0" />
  <Point X="78.0" Y="169.0" />
  <Point X="78.0" Y="170.0" />
  <Point X="79.0" Y="171.0" />
  <Point X="79.0" Y="171.6678875718146" />
  <Point X="79.0" Y="172.0" />
  <Point X="79.0" Y="173.0" />
  <Point X="80.0" Y="174.0" />
  <Point X="81.0" Y="175.0" />
  <Point X="81.0" Y="176.0" />
  <Point X="81.14115668185264" Y="176.0" />
  <Point X="82.0" Y="176.0" />
  <Point X="82.0" Y="177.0" />
  <Point X="83.0" Y="178.0" />
  <Point X="84.0" Y="178.0" />
  <Point X="84.0" Y="179.0" />
  <Point X="84.02025108160872" Y="179.02025108160873" />
  <Point X="85.0" Y="180.0" />
  <Point X="86.0" Y="181.0" />
  <Point X="87.0" Y="181.0" />
  <Point X="88.0" Y="182.0" />
  <Point X="88.08769490192874" Y="182.0" />
  <Point X="89.0" Y="182.0" />
  <Point X="89.0" Y="183.0" />
  <Point X="90.0" Y="183.0" />
  <Point X="91.0" Y="184.0" />
  <Point X="91.97517757433988" Y="184.0" />
  <Point X="92.0" Y="184.0" />
  <Point X="93.0" Y="184.0" />
  <Point X="93.0" Y="185.0" />
  <Point X="95.0" Y="185.0" />
  <Point X="96.0" Y="185.0" />
  <Point X="96.27687380912413" Y="185.0" />
  <Point X="97.0" Y="185.0" />
  <Point X="98.0" Y="185.0" />
  <Point X="99.0" Y="185.0" />
  <Point X="100.0" Y="185.0" />
  <Point X="101.57857004390837" Y="185.0" />
  <Point X="102.0" Y="185.0" />
  <Point X="103.0" Y="185.0" />
  <Point X="104.0" Y="185.0" />
  <Point X="105.0" Y="185.0" />
  <Point X="106.0" Y="185.0" />
  <Point X="106.88026627869262" Y="185.0" />
  <Point X="107.0" Y="185.0" />
  <Point X="108.0" Y="185.0" />
  <Point X="109.0" Y="185.0" />
  <Point X="110.0" Y="185.0" />
  <Point X="111.0" Y="185.0" />
  <Point X="111.0" Y="184.0" />
  <Point X="111.18196251347686" Y="184.0" />
  <Point X="112.0" Y="184.0" />
  <Point X="112.0" Y="183.0" />
  <Point X="114.0" Y="183.0" />
  <Point X="115.0" Y="183.0" />
  <Point X="115.34199838067562" Y="182.65800161932438" />
  <Point X="116.0" Y="182.0" />
  <Point X="117.0" Y="182.0" />
  <Point X="118.0" Y="182.0" />
  <Point X="118.0" Y="181.0" />
  <Point X="119.22638616935551" Y="180.38680691532224" />
  <Point X="120.0" Y="180.0" />
  <Point X="121.0" Y="180.0" />
  <Point X="122.0" Y="179.0" />
  <Point X="123.0" Y="179.0" />
  <Point X="124.0" Y="179.0" />
  <Point X="124.0159495822864" Y="178.9840504177136" />
  <Point X="125.0" Y="178.0" />
  <Point X="126.0" Y="177.0" />
  <Point X="127.0" Y="177.0" />
  <Point X="128.0" Y="177.0" />
  <Point X="128.3506013793204" Y="176.6493986206796" />
  <Point X="129.0" Y="176.0" />
  <Point X="130.0" Y="176.0" />
  <Point X="131.0" Y="175.0" />
  <Point X="132.0" Y="174.0" />
  <Point X="132.4963004513906" Y="173.7518497743047" />
  <Point X="134.0" Y="173.0" />
  <Point X="136.0" Y="173.0" />
  <Point X="136.0" Y="172.0" />
  <Point X="136.55500014920375" Y="171.72249992539813" />
  <Point X="138.0" Y="171.0" />
  <Point X="139.0" Y="170.0" />
  <Point X="140.0" Y="169.0" />
  <Point X="140.85771016310932" Y="169.0" />
  <Point X="141.0" Y="169.0" />
  <Point X="142.0" Y="168.0" />
  <Point X="144.0" Y="167.0" />
  <Point X="144.67490115381378" Y="165.65019769237242" />
  <Point X="145.0" Y="165.0" />
  <Point X="146.0" Y="165.0" />
  <Point X="147.0" Y="165.0" />
  <Point X="147.0" Y="164.0" />
  <Point X="148.0" Y="164.0" />
  <Point X="148.40641182534034" Y="163.59358817465966" />
  <Point X="149.0" Y="163.0" />
  <Point X="149.0" Y="162.0" />
  <Point X="150.0" Y="162.0" />
  <Point X="150.0" Y="161.0" />
  <Point X="151.0" Y="161.0" />
  <Point X="151.0" Y="160.53776421228375" />
  <Point X="151.0" Y="160.0" />
  <Point X="152.0" Y="159.0" />
  <Point X="153.0" Y="158.0" />
  <Point X="154.0" Y="157.0" />
  <Point X="154.36860863822184" Y="156.63139136177816" />
  <Point X="155.0" Y="156.0" />
  <Point X="155.0" Y="155.0" />
  <Point X="156.0" Y="154.0" />
  <Point X="157.0" Y="153.0" />
  <Point X="157.25953901620426" Y="152.48092196759146" />
  <Point X="158.0" Y="151.0" />
  <Point X="158.0" Y="150.0" />
  <Point X="159.0" Y="150.0" />
  <Point X="160.0" Y="149.0" />
  <Point X="160.0" Y="148.7682384220425" />
  <Point X="160.0" Y="148.0" />
  <Point X="160.0" Y="147.0" />
  <Point X="160.0" Y="146.0" />
  <Point X="161.0" Y="146.0" />
  <Point X="161.0" Y="145.0" />
  <Point X="161.0" Y="144.46654218725826" />
  <Point X="161.0" Y="144.0" />
  <Point X="161.0" Y="143.0" />
  <Point X="162.0" Y="143.0" />
  <Point X="163.0" Y="142.0" />
  <Point X="163.0" Y="141.0" />
  <Point X="163.0" Y="140.5790595148471" />
  <Point X="163.0" Y="140.0" />
  <Point X="163.0" Y="139.0" />
  <Point X="163.0" Y="138.0" />
  <Point X="164.0" Y="138.0" />
  <Point X="164.0" Y="137.0" />
  <Point X="164.0" Y="136.27736328006287" />
  <Point X="164.0" Y="136.0" />
  <Point X="165.0" Y="134.0" />
  <Point X="165.0" Y="133.0" />
  <Point X="165.0" Y="132.0" />
  <Point X="165.0" Y="131.2117350227784" />
  <Point X="165.0" Y="131.0" />
  <Point X="165.0" Y="130.0" />
  <Point X="165.0" Y="129.0" />
  <Point X="165.0" Y="128.0" />
  <Point X="165.0" Y="127.0" />
  <Point X="165.0" Y="126.0" />
  <Point X="165.0" Y="125.91003878799417" />
  <Point X="165.0" Y="125.0" />
  <Point X="165.0" Y="124.0" />
  <Point X="165.0" Y="123.0" />
  <Point X="165.0" Y="122.0" />
  <Point X="165.0" Y="121.0" />
  <Point X="165.0" Y="120.60834255320992" />
  <Point X="165.0" Y="120.0" />
  <Point X="165.0" Y="119.0" />
  <Point X="165.0" Y="118.0" />
  <Point X="165.0" Y="117.0" />
  <Point X="165.0" Y="116.0" />
  <Point X="165.0" Y="115.30664631842568" />
  <Point X="165.0" Y="115.0" />
  <Point X="165.0" Y="114.0" />
  <Point X="164.0" Y="113.0" />
  <Point X="164.0" Y="112.0" />
  <Point X="163.0" Y="111.0" />
  <Point X="163.0" Y="110.83337720838763" />
  <Point X="163.0" Y="110.0" />
  <Point X="162.0" Y="110.0" />
  <Point X="162.0" Y="109.0" />
  <Point X="161.0" Y="108.0" />
  <Point X="161.0" Y="107.0" />
  <Point X="160.9458945359765" Y="107.0" />
  <Point X="160.0" Y="107.0" />
  <Point X="160.0" Y="106.0" />
  <Point X="159.0" Y="106.0" />
  <Point X="159.0" Y="105.0" />
  <Point X="158.0413034248288" Y="104.0413034248288" />
  <Point X="158.0" Y="104.0" />
  <Point X="157.0" Y="104.0" />
  <Point X="157.0" Y="103.0" />
  <Point X="156.0" Y="103.0" />
  <Point X="156.0" Y="102.0" />
  <Point X="155.0" Y="102.0" />
  <Point X="154.7567156287811" Y="102.0" />
  <Point X="154.0" Y="102.0" />
  <Point X="153.0" Y="101.0" />
  <Point X="152.0" Y="100.0" />
  <Point X="151.0" Y="100.0" />
  <Point X="151.0" Y="99.28344651874306" />
  <Point X="151.0" Y="99.0" />
  <Point X="150.0" Y="99.0" />
  <Point X="149.0" Y="99.0" />
  <Point X="148.0" Y="99.0" />
  <Point X="148.0" Y="98.0" />
  <Point X="147.0" Y="98.0" />
  <Point X="146.98175028395883" Y="98.0" />
  <Point X="146.0" Y="98.0" />
  <Point X="145.0" Y="97.0" />
  <Point X="143.0" Y="97.0" />
  <Point X="143.0" Y="96.09426761154769" />
  <Point X="143.0" Y="96.0" />
  <Point X="142.0" Y="96.0" />
  <Point X="141.0" Y="96.0" />
  <Point X="141.0" Y="95.0" />
  <Point X="140.0" Y="95.0" />
  <Point X="139.0" Y="95.0" />
  <Point X="139.0" Y="94.79257137676345" />
  <Point X="139.0" Y="94.0" />
  <Point X="138.0" Y="94.0" />
  <Point X="137.0" Y="94.0" />
  <Point X="136.0" Y="94.0" />
  <Point X="135.0" Y="94.0" />
  <Point X="134.49087514197922" Y="94.0" />
  <Point X="134.0" Y="94.0" />
  <Point X="134.0" Y="93.0" />
  <Point X="133.0" Y="93.0" />
  <Point X="132.0" Y="92.0" />
  <Point X="131.0" Y="92.0" />
  <Point X="130.60339246956806" Y="92.0" />
  <Point X="130.0" Y="92.0" />
  <Point X="129.0" Y="92.0" />
  <Point X="128.0" Y="92.0" />
  <Point X="127.0" Y="92.0" />
  <Point X="127.0" Y="91.0" />
  <Point X="126.30169623478382" Y="91.0" />
  <Point X="126.0" Y="91.0" />
  <Point X="125.0" Y="91.0" />
  <Point X="125.0" Y="90.0" />
  <Point X="124.0" Y="90.0" />
  <Point X="123.0" Y="90.0" />
  <Point X="122.0" Y="90.0" />
</Project_1_Part_4>
