<?xml version="1.0" encoding="utf-8" standalone="yes"?>
<Gesture Name="circle7" Subject="3" Number="3" NumPts="355">
  <Point X="145.0" Y="80.0" />
  <Point X="144.0" Y="80.0" />
  <Point X="143.0" Y="80.0" />
  <Point X="142.0" Y="80.0" />
  <Point X="141.0" Y="80.0" />
  <Point X="140.0" Y="80.0" />
  <Point X="139.7429907764143" Y="80.0" />
  <Point X="139.0" Y="80.0" />
  <Point X="138.0" Y="80.0" />
  <Point X="137.0" Y="80.0" />
  <Point X="136.0" Y="80.0" />
  <Point X="135.0" Y="80.0" />
  <Point X="134.4859815528286" Y="80.0" />
  <Point X="134.0" Y="80.0" />
  <Point X="133.0" Y="80.0" />
  <Point X="132.0" Y="80.0" />
  <Point X="132.0" Y="81.0" />
  <Point X="131.0" Y="81.0" />
  <Point X="130.45480110552518" Y="81.54519889447482" />
  <Point X="130.0" Y="82.0" />
  <Point X="129.0" Y="82.0" />
  <Point X="128.0" Y="82.0" />
  <Point X="128.0" Y="83.0" />
  <Point X="127.0" Y="83.0" />
  <Point X="126.38617666803027" Y="83.0" />
  <Point X="126.0" Y="83.0" />
  <Point X="125.0" Y="84.0" />
  <Point X="124.0" Y="84.0" />
  <Point X="124.0" Y="85.0" />
  <Point X="123.0" Y="85.0" />
  <Point X="122.54338100681765" Y="85.0" />
  <Point X="122.0" Y="85.0" />
  <Point X="122.0" Y="86.0" />
  <Point X="121.0" Y="86.0" />
  <Point X="120.0" Y="86.0" />
  <Point X="120.0" Y="87.0" />
  <Point X="119.28637178323194" Y="87.0" />
  <Point X="118.0" Y="87.0" />
  <Point X="117.0" Y="88.0" />
  <Point X="117.0" Y="89.0" />
  <Point X="115.60789216281255" Y="89.69605391859372" />
  <Point X="115.0" Y="90.0" />
  <Point X="114.0" Y="90.0" />
  <Point X="113.0" Y="91.0" />
  <Point X="112.0" Y="92.0" />
  <Point X="111.2510620006796" Y="92.0" />
  <Point X="111.0" Y="92.0" />
  <Point X="110.0" Y="93.0" />
  <Point X="109.0" Y="94.0" />
  <Point X="108.0" Y="95.0" />
  <Point X="107.46026077242112" Y="95.53973922757888" />
  <Point X="107.0" Y="96.0" />
  <Point X="106.0" Y="97.0" />
  <Point X="105.0" Y="98.0" />
  <Point X="104.0" Y="99.0" />
  <Point X="103.74299390166344" Y="99.25700609833656" />
  <Point X="103.0" Y="100.0" />
  <Point X="102.0" Y="101.0" />
  <Point X="101.0" Y="102.0" />
  <Point X="100.38381567098547" Y="103.23236865802906" />
  <Point X="100.0" Y="104.0" />
  <Point X="99.0" Y="105.0" />
  <Point X="98.0" Y="106.0" />
  <Point X="97.0" Y="107.0" />
  <Point X="96.88959899023226" Y="107.11040100976774" />
  <Point X="96.0" Y="108.0" />
  <Point X="95.0" Y="109.0" />
  <Point X="95.0" Y="110.0" />
  <Point X="94.0" Y="110.0" />
  <Point X="94.0" Y="110.58471270415275" />
  <Point X="94.0" Y="111.0" />
  <Point X="94.0" Y="112.0" />
  <Point X="93.0" Y="113.0" />
  <Point X="92.0" Y="114.0" />
  <Point X="91.5468407878524" Y="114.9063184242952" />
  <Point X="91.0" Y="116.0" />
  <Point X="90.0" Y="117.0" />
  <Point X="89.0" Y="118.0" />
  <Point X="88.14736433278958" Y="118.85263566721042" />
  <Point X="88.0" Y="119.0" />
  <Point X="88.0" Y="120.0" />
  <Point X="87.0" Y="122.0" />
  <Point X="87.0" Y="123.0" />
  <Point X="86.42544985448919" Y="123.57455014551081" />
  <Point X="86.0" Y="124.0" />
  <Point X="86.0" Y="125.0" />
  <Point X="85.0" Y="126.0" />
  <Point X="84.0" Y="127.0" />
  <Point X="84.0" Y="127.82690514451124" />
  <Point X="84.0" Y="128.0" />
  <Point X="84.0" Y="129.0" />
  <Point X="83.0" Y="130.0" />
  <Point X="82.0" Y="131.0" />
  <Point X="82.0" Y="132.0" />
  <Point X="82.0" Y="132.25548724335076" />
  <Point X="82.0" Y="133.0" />
  <Point X="81.0" Y="134.0" />
  <Point X="81.0" Y="136.0" />
  <Point X="80.50883295337408" Y="136.98233409325184" />
  <Point X="80.0" Y="138.0" />
  <Point X="79.0" Y="138.0" />
  <Point X="79.0" Y="139.0" />
  <Point X="79.0" Y="141.0" />
  <Point X="79.0" Y="141.11922415064927" />
  <Point X="79.0" Y="143.0" />
  <Point X="79.0" Y="144.0" />
  <Point X="78.0" Y="144.0" />
  <Point X="78.0" Y="145.37623337423497" />
  <Point X="78.0" Y="146.0" />
  <Point X="77.0" Y="148.0" />
  <Point X="77.0" Y="149.0" />
  <Point X="77.0" Y="150.0" />
  <Point X="77.0" Y="150.3971746203209" />
  <Point X="77.0" Y="151.0" />
  <Point X="77.0" Y="152.0" />
  <Point X="77.0" Y="153.0" />
  <Point X="77.0" Y="154.0" />
  <Point X="77.0" Y="155.0" />
  <Point X="77.0" Y="155.6541838439066" />
  <Point X="77.0" Y="156.0" />
  <Point X="77.0" Y="157.0" />
  <Point X="77.0" Y="158.0" />
  <Point X="77.0" Y="159.0" />
  <Point X="77.0" Y="160.0" />
  <Point X="77.0" Y="160.9111930674923" />
  <Point X="77.0" Y="161.0" />
  <Point X="77.0" Y="162.0" />
  <Point X="77.0" Y="163.0" />
  <Point X="77.0" Y="164.0" />
  <Point X="77.0" Y="165.0" />
  <Point X="77.0" Y="166.0" />
  <Point X="77.0" Y="166.168202291078" />
  <Point X="77.0" Y="167.0" />
  <Point X="77.0" Y="168.0" />
  <Point X="78.0" Y="168.0" />
  <Point X="78.0" Y="169.0" />
  <Point X="79.0" Y="169.0" />
  <Point X="79.0" Y="169.4252115146637" />
  <Point X="79.0" Y="170.0" />
  <Point X="79.0" Y="171.0" />
  <Point X="80.0" Y="171.0" />
  <Point X="80.0" Y="172.0" />
  <Point X="81.6822207382494" Y="172.0" />
  <Point X="82.0" Y="172.0" />
  <Point X="82.0" Y="173.0" />
  <Point X="83.0" Y="173.0" />
  <Point X="83.0" Y="174.0" />
  <Point X="84.0" Y="174.0" />
  <Point X="84.93922996183511" Y="174.0" />
  <Point X="85.0" Y="174.0" />
  <Point X="85.0" Y="175.0" />
  <Point X="86.0" Y="175.0" />
  <Point X="87.0" Y="176.0" />
  <Point X="88.78202562304773" Y="176.0" />
  <Point X="89.0" Y="176.0" />
  <Point X="90.0" Y="176.0" />
  <Point X="90.0" Y="177.0" />
  <Point X="91.0" Y="177.0" />
  <Point X="92.0" Y="177.0" />
  <Point X="93.0" Y="177.0" />
  <Point X="93.03903484663344" Y="177.0" />
  <Point X="94.0" Y="177.0" />
  <Point X="95.0" Y="177.0" />
  <Point X="96.0" Y="177.0" />
  <Point X="97.0" Y="177.0" />
  <Point X="98.0" Y="177.0" />
  <Point X="98.29604407021915" Y="177.0" />
  <Point X="99.0" Y="177.0" />
  <Point X="100.0" Y="177.0" />
  <Point X="101.0" Y="177.0" />
  <Point X="102.0" Y="177.0" />
  <Point X="103.0" Y="177.0" />
  <Point X="103.55305329380487" Y="177.0" />
  <Point X="104.0" Y="177.0" />
  <Point X="105.0" Y="177.0" />
  <Point X="106.0" Y="177.0" />
  <Point X="107.0" Y="177.0" />
  <Point X="108.0" Y="177.0" />
  <Point X="108.81006251739058" Y="177.0" />
  <Point X="109.0" Y="177.0" />
  <Point X="110.0" Y="177.0" />
  <Point X="111.0" Y="177.0" />
  <Point X="112.0" Y="177.0" />
  <Point X="113.0" Y="177.0" />
  <Point X="114.0" Y="177.0" />
  <Point X="114.06707174097629" Y="177.0" />
  <Point X="115.0" Y="177.0" />
  <Point X="115.0" Y="176.0" />
  <Point X="116.0" Y="176.0" />
  <Point X="117.0" Y="175.0" />
  <Point X="117.90986740218891" Y="175.0" />
  <Point X="118.0" Y="175.0" />
  <Point X="119.0" Y="175.0" />
  <Point X="120.0" Y="175.0" />
  <Point X="121.0" Y="175.0" />
  <Point X="122.93811337363496" Y="174.03094331318252" />
  <Point X="123.0" Y="174.0" />
  <Point X="124.0" Y="174.0" />
  <Point X="125.0" Y="174.0" />
  <Point X="126.0" Y="174.0" />
  <Point X="126.0" Y="173.0" />
  <Point X="127.0" Y="173.0" />
  <Point X="127.13280729082061" Y="172.8671927091794" />
  <Point X="128.0" Y="172.0" />
  <Point X="129.0" Y="172.0" />
  <Point X="130.0" Y="172.0" />
  <Point X="131.0" Y="171.0" />
  <Point X="131.61639997070006" Y="171.0" />
  <Point X="132.0" Y="171.0" />
  <Point X="133.0" Y="171.0" />
  <Point X="134.0" Y="170.0" />
  <Point X="134.0" Y="169.0" />
  <Point X="135.0" Y="169.0" />
  <Point X="135.32470034521668" Y="168.67529965478332" />
  <Point X="136.0" Y="168.0" />
  <Point X="137.0" Y="168.0" />
  <Point X="137.0" Y="167.0" />
  <Point X="138.0" Y="167.0" />
  <Point X="138.92064687241472" Y="166.07935312758528" />
  <Point X="139.0" Y="166.0" />
  <Point X="139.0" Y="165.0" />
  <Point X="141.0" Y="165.0" />
  <Point X="142.0" Y="164.0" />
  <Point X="142.73057339196478" Y="164.0" />
  <Point X="143.0" Y="164.0" />
  <Point X="143.0" Y="163.0" />
  <Point X="144.0" Y="163.0" />
  <Point X="144.0" Y="162.0" />
  <Point X="144.0" Y="161.0" />
  <Point X="144.98758261555048" Y="161.0" />
  <Point X="145.0" Y="161.0" />
  <Point X="145.0" Y="160.0" />
  <Point X="146.0" Y="160.0" />
  <Point X="147.0" Y="159.0" />
  <Point X="147.0" Y="158.0" />
  <Point X="147.8303782767631" Y="158.0" />
  <Point X="148.0" Y="158.0" />
  <Point X="148.0" Y="157.0" />
  <Point X="149.0" Y="156.0" />
  <Point X="149.0" Y="155.0" />
  <Point X="150.0" Y="155.0" />
  <Point X="150.0" Y="154.32682606202428" />
  <Point X="150.0" Y="154.0" />
  <Point X="150.0" Y="153.0" />
  <Point X="151.0" Y="152.0" />
  <Point X="152.0" Y="152.0" />
  <Point X="152.0" Y="151.0" />
  <Point X="152.0" Y="150.48403040081166" />
  <Point X="152.0" Y="150.0" />
  <Point X="152.0" Y="149.0" />
  <Point X="153.0" Y="149.0" />
  <Point X="153.0" Y="148.0" />
  <Point X="153.0" Y="147.0" />
  <Point X="153.77297882277404" Y="147.0" />
  <Point X="154.0" Y="147.0" />
  <Point X="154.0" Y="146.0" />
  <Point X="154.0" Y="145.0" />
  <Point X="155.0" Y="145.0" />
  <Point X="155.0" Y="144.0" />
  <Point X="155.0" Y="143.0" />
  <Point X="155.0" Y="142.97001195364027" />
  <Point X="155.0" Y="142.0" />
  <Point X="156.0" Y="141.0" />
  <Point X="156.0" Y="140.0" />
  <Point X="156.0" Y="139.0" />
  <Point X="156.0" Y="138.12721629242765" />
  <Point X="156.0" Y="138.0" />
  <Point X="156.0" Y="137.0" />
  <Point X="157.0" Y="136.0" />
  <Point X="157.0" Y="135.0" />
  <Point X="157.0" Y="133.28442063121503" />
  <Point X="157.0" Y="133.0" />
  <Point X="157.0" Y="132.0" />
  <Point X="158.0" Y="132.0" />
  <Point X="158.0" Y="131.0" />
  <Point X="158.0" Y="130.0" />
  <Point X="158.68772398897" Y="129.31227601103" />
  <Point X="159.0" Y="129.0" />
  <Point X="159.0" Y="128.0" />
  <Point X="159.0" Y="127.0" />
  <Point X="159.0" Y="126.0" />
  <Point X="159.0" Y="125.0" />
  <Point X="159.0" Y="124.1846157464167" />
  <Point X="159.0" Y="124.0" />
  <Point X="159.0" Y="123.0" />
  <Point X="159.0" Y="122.0" />
  <Point X="159.0" Y="121.0" />
  <Point X="159.0" Y="120.0" />
  <Point X="159.0" Y="119.0" />
  <Point X="159.0" Y="118.92760652283098" />
  <Point X="159.0" Y="118.0" />
  <Point X="159.0" Y="117.0" />
  <Point X="159.0" Y="116.0" />
  <Point X="159.0" Y="115.0" />
  <Point X="159.0" Y="114.0" />
  <Point X="159.0" Y="113.67059729924527" />
  <Point X="159.0" Y="113.0" />
  <Point X="159.0" Y="112.0" />
  <Point X="159.0" Y="111.0" />
  <Point X="159.0" Y="110.0" />
  <Point X="159.0" Y="109.0" />
  <Point X="158.58534415173023" Y="108.58534415173023" />
  <Point X="158.0" Y="108.0" />
  <Point X="158.0" Y="107.0" />
  <Point X="157.0" Y="106.0" />
  <Point X="157.0" Y="105.0" />
  <Point X="156.0" Y="105.0" />
  <Point X="156.0" Y="104.98500597682005" />
  <Point X="156.0" Y="104.0" />
  <Point X="156.0" Y="103.0" />
  <Point X="155.0" Y="103.0" />
  <Point X="154.0" Y="103.0" />
  <Point X="154.0" Y="102.0" />
  <Point X="154.0" Y="101.72799675323434" />
  <Point X="154.0" Y="101.0" />
  <Point X="153.0" Y="101.0" />
  <Point X="152.0" Y="100.0" />
  <Point X="151.0" Y="99.0" />
  <Point X="150.2994146543948" Y="99.0" />
  <Point X="150.0" Y="99.0" />
  <Point X="149.0" Y="98.0" />
  <Point X="149.0" Y="97.0" />
  <Point X="148.0" Y="97.0" />
  <Point X="148.0" Y="96.0" />
  <Point X="147.4566189931822" Y="96.0" />
  <Point X="147.0" Y="96.0" />
  <Point X="146.0" Y="96.0" />
  <Point X="146.0" Y="95.0" />
  <Point X="145.0" Y="95.0" />
  <Point X="145.0" Y="94.0" />
  <Point X="144.1996097695965" Y="94.0" />
  <Point X="144.0" Y="94.0" />
  <Point X="144.0" Y="93.0" />
  <Point X="143.0" Y="92.0" />
  <Point X="143.0" Y="91.0" />
  <Point X="142.0" Y="91.0" />
  <Point X="142.0" Y="90.35681410838387" />
  <Point X="142.0" Y="90.0" />
  <Point X="141.0" Y="90.0" />
  <Point X="141.0" Y="89.0" />
  <Point X="141.0" Y="88.0" />
  <Point X="140.0" Y="88.0" />
  <Point X="140.0" Y="87.09980488479816" />
  <Point X="140.0" Y="87.0" />
  <Point X="140.0" Y="86.0" />
  <Point X="140.0" Y="85.0" />
  <Point X="139.0" Y="85.0" />
  <Point X="139.0" Y="84.0" />
  <Point X="139.0" Y="83.0" />
  <Point X="138.88883974601137" Y="82.88883974601137" />
  <Point X="138.0" Y="82.0" />
  <Point X="138.0" Y="81.0" />
  <Point X="137.0" Y="81.0" />
  <Point X="137.0" Y="80.0" />
  <Point X="136.0" Y="80.0" />
</Project_1_Part_4>
