<?xml version="1.0" encoding="utf-8" standalone="yes"?>
<Gesture Name="circle5" Subject="3" Number="3" NumPts="310">
  <Point X="106.0" Y="84.0" />
  <Point X="106.0" Y="83.0" />
  <Point X="105.0" Y="83.0" />
  <Point X="104.0" Y="83.0" />
  <Point X="103.0" Y="83.0" />
  <Point X="102.5908203232707" Y="83.0" />
  <Point X="102.0" Y="83.0" />
  <Point X="101.0" Y="83.0" />
  <Point X="101.0" Y="84.0" />
  <Point X="100.0" Y="84.0" />
  <Point X="99.18164064654141" Y="84.0" />
  <Point X="99.0" Y="84.0" />
  <Point X="99.0" Y="85.0" />
  <Point X="98.0" Y="85.0" />
  <Point X="97.0" Y="85.0" />
  <Point X="97.0" Y="86.0" />
  <Point X="96.77246096981212" Y="86.0" />
  <Point X="96.0" Y="86.0" />
  <Point X="95.0" Y="86.0" />
  <Point X="95.0" Y="87.0" />
  <Point X="94.0" Y="87.0" />
  <Point X="93.36328129308282" Y="87.0" />
  <Point X="93.0" Y="87.0" />
  <Point X="93.0" Y="88.0" />
  <Point X="92.0" Y="89.0" />
  <Point X="91.0" Y="89.0" />
  <Point X="90.55333137930498" Y="89.44666862069502" />
  <Point X="90.0" Y="90.0" />
  <Point X="89.0" Y="92.0" />
  <Point X="88.0" Y="92.0" />
  <Point X="87.72381614169052" Y="92.27618385830948" />
  <Point X="87.0" Y="93.0" />
  <Point X="87.0" Y="94.0" />
  <Point X="86.0" Y="94.0" />
  <Point X="85.38036361755191" Y="95.23927276489619" />
  <Point X="85.0" Y="96.0" />
  <Point X="84.0" Y="96.0" />
  <Point X="84.0" Y="97.0" />
  <Point X="83.0" Y="97.0" />
  <Point X="83.0" Y="97.5586607717155" />
  <Point X="83.0" Y="98.0" />
  <Point X="83.0" Y="99.0" />
  <Point X="81.0" Y="100.0" />
  <Point X="81.0" Y="100.731772470945" />
  <Point X="81.0" Y="102.0" />
  <Point X="79.0" Y="104.0" />
  <Point X="79.0" Y="104.31252502292811" />
  <Point X="79.0" Y="105.0" />
  <Point X="78.0" Y="106.0" />
  <Point X="77.0" Y="106.0" />
  <Point X="77.0" Y="107.30749113728432" />
  <Point X="77.0" Y="108.0" />
  <Point X="76.0" Y="109.0" />
  <Point X="76.0" Y="110.0" />
  <Point X="75.0790236451594" Y="110.9209763548406" />
  <Point X="75.0" Y="111.0" />
  <Point X="75.0" Y="113.0" />
  <Point X="74.0" Y="113.0" />
  <Point X="74.0" Y="114.29742336599672" />
  <Point X="74.0" Y="115.0" />
  <Point X="73.0" Y="115.0" />
  <Point X="73.0" Y="117.0" />
  <Point X="73.0" Y="117.70660304272602" />
  <Point X="73.0" Y="118.0" />
  <Point X="73.0" Y="120.0" />
  <Point X="72.0" Y="121.0" />
  <Point X="71.68624873476939" Y="121.62750253046123" />
  <Point X="71.0" Y="123.0" />
  <Point X="71.0" Y="124.0" />
  <Point X="71.0" Y="125.0" />
  <Point X="71.0" Y="125.87468085631173" />
  <Point X="71.0" Y="127.0" />
  <Point X="70.0" Y="128.0" />
  <Point X="70.0" Y="129.0" />
  <Point X="70.0" Y="129.86964697066793" />
  <Point X="70.0" Y="130.0" />
  <Point X="69.0" Y="132.0" />
  <Point X="69.0" Y="133.0" />
  <Point X="69.0" Y="134.0" />
  <Point X="69.0" Y="134.04275866989744" />
  <Point X="69.0" Y="135.0" />
  <Point X="69.0" Y="137.0" />
  <Point X="69.0" Y="138.0" />
  <Point X="69.0" Y="138.45193834662675" />
  <Point X="69.0" Y="139.0" />
  <Point X="68.0" Y="140.0" />
  <Point X="68.0" Y="141.0" />
  <Point X="68.0" Y="142.0" />
  <Point X="68.0" Y="142.44690446098295" />
  <Point X="68.0" Y="143.0" />
  <Point X="68.0" Y="144.0" />
  <Point X="68.0" Y="145.0" />
  <Point X="68.0" Y="146.0" />
  <Point X="68.0" Y="146.85608413771226" />
  <Point X="68.0" Y="147.0" />
  <Point X="68.0" Y="148.0" />
  <Point X="68.0" Y="149.0" />
  <Point X="68.0" Y="150.0" />
  <Point X="68.0" Y="151.0" />
  <Point X="68.0" Y="151.26526381444157" />
  <Point X="68.0" Y="152.0" />
  <Point X="68.0" Y="153.0" />
  <Point X="68.0" Y="154.0" />
  <Point X="69.0" Y="154.0" />
  <Point X="69.0" Y="154.67444349117088" />
  <Point X="69.0" Y="155.0" />
  <Point X="69.0" Y="156.0" />
  <Point X="70.0" Y="156.0" />
  <Point X="71.0" Y="157.0" />
  <Point X="71.66940960552708" Y="157.0" />
  <Point X="72.0" Y="157.0" />
  <Point X="73.0" Y="157.0" />
  <Point X="74.0" Y="157.0" />
  <Point X="75.0" Y="157.0" />
  <Point X="76.0" Y="157.0" />
  <Point X="76.07858928225637" Y="157.0" />
  <Point X="77.0" Y="157.0" />
  <Point X="78.0" Y="157.0" />
  <Point X="79.0" Y="157.0" />
  <Point X="80.0" Y="157.0" />
  <Point X="80.48776895898567" Y="157.0" />
  <Point X="81.0" Y="157.0" />
  <Point X="82.0" Y="157.0" />
  <Point X="83.0" Y="157.0" />
  <Point X="84.0" Y="157.0" />
  <Point X="84.89694863571496" Y="157.0" />
  <Point X="85.0" Y="157.0" />
  <Point X="86.0" Y="157.0" />
  <Point X="87.0" Y="157.0" />
  <Point X="88.0" Y="157.0" />
  <Point X="88.0" Y="156.0" />
  <Point X="88.30612831244426" Y="156.0" />
  <Point X="89.0" Y="156.0" />
  <Point X="90.0" Y="156.0" />
  <Point X="91.0" Y="156.0" />
  <Point X="92.0" Y="156.0" />
  <Point X="92.50579912978154" Y="155.49420087021846" />
  <Point X="93.0" Y="155.0" />
  <Point X="94.0" Y="155.0" />
  <Point X="95.0" Y="154.0" />
  <Point X="96.0" Y="154.0" />
  <Point X="96.29606054115666" Y="154.0" />
  <Point X="97.0" Y="154.0" />
  <Point X="98.0" Y="154.0" />
  <Point X="98.0" Y="153.0" />
  <Point X="99.70524021788596" Y="153.0" />
  <Point X="100.0" Y="153.0" />
  <Point X="101.0" Y="153.0" />
  <Point X="102.0" Y="153.0" />
  <Point X="102.0" Y="152.0" />
  <Point X="103.11441989461525" Y="152.0" />
  <Point X="104.0" Y="152.0" />
  <Point X="105.0" Y="151.0" />
  <Point X="106.0" Y="151.0" />
  <Point X="106.78445436989719" Y="150.2155456301028" />
  <Point X="107.0" Y="150.0" />
  <Point X="108.0" Y="150.0" />
  <Point X="109.0" Y="149.0" />
  <Point X="110.0" Y="149.0" />
  <Point X="110.69013856095455" Y="149.0" />
  <Point X="111.0" Y="149.0" />
  <Point X="112.0" Y="148.0" />
  <Point X="114.0" Y="148.0" />
  <Point X="114.0" Y="147.31489532468925" />
  <Point X="114.0" Y="147.0" />
  <Point X="115.0" Y="146.0" />
  <Point X="116.0" Y="146.0" />
  <Point X="116.0" Y="145.0" />
  <Point X="116.68007078966696" Y="145.0" />
  <Point X="117.0" Y="145.0" />
  <Point X="118.0" Y="145.0" />
  <Point X="119.0" Y="144.0" />
  <Point X="119.0" Y="143.0" />
  <Point X="119.67503690402316" Y="143.0" />
  <Point X="121.0" Y="143.0" />
  <Point X="121.0" Y="142.0" />
  <Point X="122.0" Y="142.0" />
  <Point X="122.76665689652495" Y="141.23334310347505" />
  <Point X="123.0" Y="141.0" />
  <Point X="124.0" Y="141.0" />
  <Point X="124.0" Y="140.0" />
  <Point X="125.0" Y="140.0" />
  <Point X="125.0" Y="139.0" />
  <Point X="125.07918269510866" Y="139.0" />
  <Point X="126.0" Y="139.0" />
  <Point X="126.0" Y="138.0" />
  <Point X="127.0" Y="138.0" />
  <Point X="128.0" Y="138.0" />
  <Point X="128.0" Y="137.51163762816205" />
  <Point X="128.0" Y="137.0" />
  <Point X="129.0" Y="137.0" />
  <Point X="129.0" Y="136.0" />
  <Point X="129.0" Y="135.0" />
  <Point X="129.89754204856726" Y="135.0" />
  <Point X="130.0" Y="135.0" />
  <Point X="130.0" Y="134.0" />
  <Point X="131.0" Y="134.0" />
  <Point X="132.0" Y="133.0" />
  <Point X="132.89250816292346" Y="133.0" />
  <Point X="133.0" Y="133.0" />
  <Point X="133.0" Y="132.0" />
  <Point X="133.0" Y="131.0" />
  <Point X="134.0" Y="130.0" />
  <Point X="134.0" Y="129.11252572272033" />
  <Point X="134.0" Y="129.0" />
  <Point X="135.0" Y="129.0" />
  <Point X="135.0" Y="128.0" />
  <Point X="135.0" Y="127.0" />
  <Point X="135.0" Y="126.0" />
  <Point X="135.0" Y="125.70334604599104" />
  <Point X="135.0" Y="125.0" />
  <Point X="136.0" Y="125.0" />
  <Point X="136.0" Y="124.0" />
  <Point X="137.0" Y="124.0" />
  <Point X="137.0" Y="123.29416636926175" />
  <Point X="137.0" Y="123.0" />
  <Point X="137.0" Y="122.0" />
  <Point X="137.0" Y="121.0" />
  <Point X="137.0" Y="120.0" />
  <Point X="137.0" Y="119.0" />
  <Point X="137.11501330746756" Y="119.0" />
  <Point X="138.0" Y="119.0" />
  <Point X="138.0" Y="118.0" />
  <Point X="138.0" Y="117.0" />
  <Point X="138.0" Y="116.0" />
  <Point X="138.0" Y="115.47580701580314" />
  <Point X="138.0" Y="115.0" />
  <Point X="139.0" Y="115.0" />
  <Point X="139.0" Y="114.0" />
  <Point X="139.0" Y="113.0" />
  <Point X="139.0" Y="112.06662733907385" />
  <Point X="139.0" Y="112.0" />
  <Point X="139.0" Y="111.0" />
  <Point X="139.0" Y="110.0" />
  <Point X="140.0" Y="109.0" />
  <Point X="140.0" Y="108.07166122471764" />
  <Point X="140.0" Y="108.0" />
  <Point X="140.0" Y="107.0" />
  <Point X="140.0" Y="106.0" />
  <Point X="140.0" Y="105.0" />
  <Point X="141.0" Y="105.0" />
  <Point X="141.0" Y="104.66248154798835" />
  <Point X="141.0" Y="104.0" />
  <Point X="141.0" Y="103.0" />
  <Point X="141.0" Y="102.0" />
  <Point X="141.0" Y="101.0" />
  <Point X="141.0" Y="100.25330187125905" />
  <Point X="141.0" Y="100.0" />
  <Point X="141.0" Y="99.0" />
  <Point X="141.0" Y="98.0" />
  <Point X="141.0" Y="97.0" />
  <Point X="141.0" Y="96.0" />
  <Point X="140.84412219452975" Y="96.0" />
  <Point X="140.0" Y="96.0" />
  <Point X="140.0" Y="95.0" />
  <Point X="140.0" Y="94.0" />
  <Point X="139.0" Y="94.0" />
  <Point X="138.6004440225765" Y="93.6004440225765" />
  <Point X="138.0" Y="93.0" />
  <Point X="137.0" Y="92.0" />
  <Point X="136.0" Y="92.0" />
  <Point X="135.0" Y="92.0" />
  <Point X="135.0" Y="91.85418996581734" />
  <Point X="135.0" Y="91.0" />
  <Point X="134.0" Y="90.0" />
  <Point X="133.0" Y="90.0" />
  <Point X="132.0" Y="90.0" />
  <Point X="131.85922385146114" Y="90.0" />
  <Point X="131.0" Y="90.0" />
  <Point X="131.0" Y="89.0" />
  <Point X="130.0" Y="89.0" />
  <Point X="129.0" Y="89.0" />
  <Point X="128.45004417473183" Y="89.0" />
  <Point X="128.0" Y="89.0" />
  <Point X="127.0" Y="89.0" />
  <Point X="126.0" Y="89.0" />
  <Point X="125.0" Y="88.0" />
  <Point X="124.45507806037563" Y="88.0" />
  <Point X="124.0" Y="88.0" />
  <Point X="123.0" Y="88.0" />
  <Point X="122.0" Y="88.0" />
  <Point X="121.0" Y="88.0" />
  <Point X="120.04589838364633" Y="88.0" />
  <Point X="120.0" Y="88.0" />
  <Point X="119.0" Y="88.0" />
  <Point X="118.0" Y="88.0" />
  <Point X="117.0" Y="88.0" />
  <Point X="116.0" Y="88.0" />
  <Point X="115.63671870691704" Y="88.0" />
  <Point X="115.0" Y="88.0" />
  <Point X="114.0" Y="88.0" />
  <Point X="113.0" Y="88.0" />
  <Point X="112.0" Y="88.0" />
  <Point X="111.22753903018774" Y="88.0" />
  <Point X="111.0" Y="88.0" />
  <Point X="110.0" Y="88.0" />
  <Point X="109.0" Y="88.0" />
  <Point X="108.0" Y="88.0" />
  <Point X="108.0" Y="87.0" />
  <Point X="107.81835935345845" Y="87.0" />
  <Point X="107.0" Y="87.0" />
  <Point X="106.0" Y="87.0" />
  <Point X="105.0" Y="87.0" />
  <Point X="104.0" Y="87.0" />
  <Point X="103.40917967672915" Y="87.0" />
  <Point X="103.0" Y="87.0" />
  <Point X="102.0" Y="87.0" />
  <Point X="101.0" Y="87.0" />
  <Point X="100.0" Y="87.0" />
  <Point X="100.0" Y="86.0" />
</Project_1_Part_4>
