<?xml version="1.0" encoding="utf-8" standalone="yes"?>
<Gesture Name="circle6" Subject="3" Number="3" NumPts="356">
  <Point X="148.0" Y="84.0" />
  <Point X="148.0" Y="83.0" />
  <Point X="147.0" Y="83.0" />
  <Point X="146.0" Y="83.0" />
  <Point X="145.0" Y="83.0" />
  <Point X="144.0" Y="83.0" />
  <Point X="143.68073110215215" Y="83.0" />
  <Point X="143.0" Y="83.0" />
  <Point X="142.0" Y="83.0" />
  <Point X="141.0" Y="83.0" />
  <Point X="140.0" Y="83.0" />
  <Point X="138.3614622043043" Y="83.0" />
  <Point X="138.0" Y="83.0" />
  <Point X="137.0" Y="83.0" />
  <Point X="136.0" Y="84.0" />
  <Point X="135.0" Y="84.0" />
  <Point X="134.0" Y="85.0" />
  <Point X="133.87062043120264" Y="85.0" />
  <Point X="133.0" Y="85.0" />
  <Point X="132.0" Y="86.0" />
  <Point X="130.0" Y="86.0" />
  <Point X="129.0" Y="86.0" />
  <Point X="128.97565084567967" Y="86.02434915432032" />
  <Point X="128.0" Y="87.0" />
  <Point X="127.0" Y="87.0" />
  <Point X="126.0" Y="87.0" />
  <Point X="125.0" Y="88.0" />
  <Point X="124.62857329942986" Y="88.37142670057014" />
  <Point X="124.0" Y="89.0" />
  <Point X="123.0" Y="89.0" />
  <Point X="122.0" Y="89.0" />
  <Point X="121.0" Y="90.0" />
  <Point X="120.0" Y="90.0" />
  <Point X="120.0" Y="90.01611845047545" />
  <Point X="120.0" Y="91.0" />
  <Point X="119.0" Y="91.0" />
  <Point X="119.0" Y="92.0" />
  <Point X="118.0" Y="92.0" />
  <Point X="117.05573855048988" Y="92.94426144951012" />
  <Point X="117.0" Y="93.0" />
  <Point X="116.0" Y="93.0" />
  <Point X="116.0" Y="94.0" />
  <Point X="115.0" Y="95.0" />
  <Point X="114.0" Y="96.0" />
  <Point X="113.58798444094813" Y="96.0" />
  <Point X="113.0" Y="96.0" />
  <Point X="112.0" Y="97.0" />
  <Point X="112.0" Y="98.0" />
  <Point X="110.0" Y="99.0" />
  <Point X="109.96377439423044" Y="99.0724512115391" />
  <Point X="109.0" Y="101.0" />
  <Point X="108.0" Y="101.0" />
  <Point X="108.0" Y="103.0" />
  <Point X="107.83579616262512" Y="103.0" />
  <Point X="107.0" Y="103.0" />
  <Point X="107.0" Y="104.0" />
  <Point X="105.0" Y="105.0" />
  <Point X="104.11795163692975" Y="105.88204836307025" />
  <Point X="104.0" Y="106.0" />
  <Point X="103.0" Y="108.0" />
  <Point X="101.0" Y="110.0" />
  <Point X="101.0" Y="110.08796499095172" />
  <Point X="101.0" Y="111.0" />
  <Point X="100.0" Y="112.0" />
  <Point X="99.0" Y="113.0" />
  <Point X="99.0" Y="114.0" />
  <Point X="98.741149745948" Y="114.51770050810401" />
  <Point X="98.0" Y="116.0" />
  <Point X="97.0" Y="116.0" />
  <Point X="97.0" Y="117.0" />
  <Point X="96.0" Y="118.0" />
  <Point X="96.0" Y="118.24779412202834" />
  <Point X="96.0" Y="119.0" />
  <Point X="95.0" Y="121.0" />
  <Point X="94.0" Y="122.0" />
  <Point X="94.0" Y="122.91678148000331" />
  <Point X="94.0" Y="123.0" />
  <Point X="93.0" Y="124.0" />
  <Point X="92.0" Y="125.0" />
  <Point X="92.0" Y="126.0" />
  <Point X="91.00466005237361" Y="126.99533994762639" />
  <Point X="91.0" Y="127.0" />
  <Point X="91.0" Y="128.0" />
  <Point X="90.0" Y="130.0" />
  <Point X="90.0" Y="131.0" />
  <Point X="90.0" Y="132.0" />
  <Point X="89.94582811739453" Y="132.05417188260546" />
  <Point X="89.0" Y="133.0" />
  <Point X="89.0" Y="134.0" />
  <Point X="89.0" Y="135.0" />
  <Point X="89.0" Y="136.0" />
  <Point X="88.01833405344532" Y="136.0" />
  <Point X="88.0" Y="136.0" />
  <Point X="87.0" Y="137.0" />
  <Point X="87.0" Y="138.0" />
  <Point X="87.0" Y="139.0" />
  <Point X="87.0" Y="140.0" />
  <Point X="87.0" Y="140.88672128202944" />
  <Point X="87.0" Y="141.0" />
  <Point X="86.0" Y="141.0" />
  <Point X="86.0" Y="143.0" />
  <Point X="86.0" Y="144.0" />
  <Point X="86.0" Y="145.0" />
  <Point X="86.0" Y="145.2059901798773" />
  <Point X="86.0" Y="146.0" />
  <Point X="85.0" Y="147.0" />
  <Point X="85.0" Y="148.0" />
  <Point X="85.0" Y="149.0" />
  <Point X="85.0" Y="150.0" />
  <Point X="85.0" Y="150.11104551535203" />
  <Point X="85.0" Y="151.0" />
  <Point X="85.0" Y="153.0" />
  <Point X="85.0" Y="154.0" />
  <Point X="85.0" Y="155.0" />
  <Point X="85.0" Y="155.43031441319988" />
  <Point X="85.0" Y="156.0" />
  <Point X="85.0" Y="157.0" />
  <Point X="85.0" Y="158.0" />
  <Point X="85.0" Y="159.0" />
  <Point X="85.0" Y="160.0" />
  <Point X="85.0" Y="160.74958331104773" />
  <Point X="85.0" Y="161.0" />
  <Point X="85.0" Y="162.0" />
  <Point X="85.0" Y="163.0" />
  <Point X="85.0" Y="164.0" />
  <Point X="85.0" Y="165.0" />
  <Point X="85.0" Y="166.0" />
  <Point X="85.0" Y="166.06885220889558" />
  <Point X="85.0" Y="167.0" />
  <Point X="85.0" Y="168.0" />
  <Point X="85.0" Y="169.0" />
  <Point X="86.0" Y="169.0" />
  <Point X="86.0" Y="170.0" />
  <Point X="86.27444306649991" Y="170.2744430664999" />
  <Point X="87.0" Y="171.0" />
  <Point X="88.0" Y="171.0" />
  <Point X="88.0" Y="172.0" />
  <Point X="89.0" Y="172.0" />
  <Point X="89.0" Y="173.0" />
  <Point X="89.20730705037663" Y="173.20730705037664" />
  <Point X="90.0" Y="174.0" />
  <Point X="92.0" Y="174.0" />
  <Point X="92.0" Y="175.0" />
  <Point X="93.0" Y="175.0" />
  <Point X="93.19823177769295" Y="175.0" />
  <Point X="94.0" Y="175.0" />
  <Point X="95.0" Y="175.0" />
  <Point X="96.0" Y="175.0" />
  <Point X="97.0" Y="176.0" />
  <Point X="98.0" Y="176.0" />
  <Point X="98.10328711316771" Y="176.0" />
  <Point X="99.0" Y="176.0" />
  <Point X="100.0" Y="176.0" />
  <Point X="101.0" Y="176.0" />
  <Point X="102.0" Y="176.0" />
  <Point X="103.0" Y="176.0" />
  <Point X="103.42255601101556" Y="176.0" />
  <Point X="104.0" Y="176.0" />
  <Point X="106.0" Y="176.0" />
  <Point X="107.0" Y="176.0" />
  <Point X="108.0" Y="176.0" />
  <Point X="108.7418249088634" Y="176.0" />
  <Point X="109.0" Y="176.0" />
  <Point X="110.0" Y="176.0" />
  <Point X="111.0" Y="176.0" />
  <Point X="112.0" Y="176.0" />
  <Point X="113.0" Y="176.0" />
  <Point X="114.0" Y="176.0" />
  <Point X="114.06109380671126" Y="176.0" />
  <Point X="115.0" Y="176.0" />
  <Point X="116.0" Y="176.0" />
  <Point X="117.0" Y="176.0" />
  <Point X="119.0" Y="176.0" />
  <Point X="119.3803627045591" Y="176.0" />
  <Point X="120.0" Y="176.0" />
  <Point X="121.0" Y="176.0" />
  <Point X="122.0" Y="176.0" />
  <Point X="123.0" Y="176.0" />
  <Point X="124.0" Y="176.0" />
  <Point X="124.69963160240695" Y="176.0" />
  <Point X="126.0" Y="176.0" />
  <Point X="127.0" Y="176.0" />
  <Point X="128.0" Y="175.0" />
  <Point X="129.0" Y="175.0" />
  <Point X="129.4275782342711" Y="174.5724217657289" />
  <Point X="130.0" Y="174.0" />
  <Point X="131.0" Y="174.0" />
  <Point X="132.0" Y="174.0" />
  <Point X="133.0" Y="174.0" />
  <Point X="134.0" Y="174.0" />
  <Point X="134.45592734969216" Y="173.77203632515392" />
  <Point X="136.0" Y="173.0" />
  <Point X="137.0" Y="173.0" />
  <Point X="138.0" Y="173.0" />
  <Point X="139.0" Y="172.0" />
  <Point X="139.17872963133146" Y="172.0" />
  <Point X="140.0" Y="172.0" />
  <Point X="141.0" Y="172.0" />
  <Point X="142.0" Y="172.0" />
  <Point X="143.0" Y="172.0" />
  <Point X="143.0" Y="171.0" />
  <Point X="143.4979985291793" Y="171.0" />
  <Point X="145.0" Y="171.0" />
  <Point X="146.0" Y="171.0" />
  <Point X="147.0" Y="170.0" />
  <Point X="148.0" Y="170.0" />
  <Point X="148.40305386465405" Y="170.0" />
  <Point X="149.0" Y="170.0" />
  <Point X="150.0" Y="169.0" />
  <Point X="151.0" Y="169.0" />
  <Point X="152.0" Y="169.0" />
  <Point X="152.0" Y="168.0" />
  <Point X="152.3081092001288" Y="168.0" />
  <Point X="153.0" Y="168.0" />
  <Point X="154.0" Y="167.0" />
  <Point X="155.0" Y="167.0" />
  <Point X="156.0" Y="167.0" />
  <Point X="156.0" Y="166.0" />
  <Point X="156.21316453560354" Y="166.0" />
  <Point X="157.0" Y="166.0" />
  <Point X="157.0" Y="165.0" />
  <Point X="158.0" Y="165.0" />
  <Point X="158.0" Y="164.0" />
  <Point X="159.0" Y="163.0" />
  <Point X="159.11821987107828" Y="163.0" />
  <Point X="160.0" Y="163.0" />
  <Point X="160.0" Y="162.0" />
  <Point X="161.0" Y="162.0" />
  <Point X="161.0" Y="161.0" />
  <Point X="162.0" Y="160.0" />
  <Point X="162.0" Y="159.97672479344698" />
  <Point X="162.0" Y="159.0" />
  <Point X="163.0" Y="159.0" />
  <Point X="163.0" Y="158.0" />
  <Point X="164.0" Y="157.0" />
  <Point X="164.65642882145042" Y="156.34357117854958" />
  <Point X="165.0" Y="156.0" />
  <Point X="165.0" Y="155.0" />
  <Point X="165.0" Y="154.0" />
  <Point X="166.0" Y="154.0" />
  <Point X="166.0" Y="153.0" />
  <Point X="166.0" Y="152.16661412249746" />
  <Point X="166.0" Y="152.0" />
  <Point X="167.0" Y="151.0" />
  <Point X="167.0" Y="150.0" />
  <Point X="167.0" Y="148.0" />
  <Point X="167.0" Y="147.2615587870227" />
  <Point X="167.0" Y="147.0" />
  <Point X="168.0" Y="146.0" />
  <Point X="169.0" Y="145.0" />
  <Point X="169.0" Y="144.0" />
  <Point X="169.0" Y="143.0" />
  <Point X="169.0" Y="142.77071701392103" />
  <Point X="169.0" Y="142.0" />
  <Point X="169.0" Y="141.0" />
  <Point X="169.0" Y="140.0" />
  <Point X="170.0" Y="140.0" />
  <Point X="170.0" Y="139.0" />
  <Point X="170.3878847569573" Y="138.6121152430427" />
  <Point X="171.0" Y="138.0" />
  <Point X="171.0" Y="137.0" />
  <Point X="171.0" Y="136.0" />
  <Point X="171.0" Y="135.0" />
  <Point X="171.0" Y="134.0" />
  <Point X="171.0" Y="133.54639278059844" />
  <Point X="171.0" Y="133.0" />
  <Point X="171.0" Y="132.0" />
  <Point X="172.0" Y="131.0" />
  <Point X="172.0" Y="130.0" />
  <Point X="172.0" Y="129.0" />
  <Point X="172.0" Y="128.64133744512367" />
  <Point X="172.0" Y="128.0" />
  <Point X="172.0" Y="127.0" />
  <Point X="172.0" Y="126.0" />
  <Point X="172.0" Y="125.0" />
  <Point X="172.0" Y="124.0" />
  <Point X="172.4793699274009" Y="123.52063007259908" />
  <Point X="173.0" Y="123.0" />
  <Point X="173.0" Y="122.0" />
  <Point X="173.0" Y="121.0" />
  <Point X="173.0" Y="120.0" />
  <Point X="173.0" Y="119.0" />
  <Point X="173.0" Y="118.41701321180106" />
  <Point X="173.0" Y="118.0" />
  <Point X="173.0" Y="117.0" />
  <Point X="173.0" Y="116.0" />
  <Point X="173.0" Y="115.0" />
  <Point X="173.0" Y="114.0" />
  <Point X="173.0" Y="113.09774431395321" />
  <Point X="173.0" Y="112.0" />
  <Point X="173.0" Y="111.0" />
  <Point X="173.0" Y="110.0" />
  <Point X="173.0" Y="109.0" />
  <Point X="173.0" Y="108.0" />
  <Point X="173.0" Y="107.77847541610537" />
  <Point X="173.0" Y="107.0" />
  <Point X="173.0" Y="106.0" />
  <Point X="173.0" Y="105.0" />
  <Point X="173.0" Y="104.0" />
  <Point X="173.0" Y="103.0" />
  <Point X="173.0" Y="102.45920651825752" />
  <Point X="173.0" Y="102.0" />
  <Point X="173.0" Y="101.0" />
  <Point X="173.0" Y="100.0" />
  <Point X="173.0" Y="99.0" />
  <Point X="173.0" Y="97.13993762040967" />
  <Point X="173.0" Y="97.0" />
  <Point X="172.0" Y="97.0" />
  <Point X="172.0" Y="96.0" />
  <Point X="172.0" Y="95.0" />
  <Point X="172.0" Y="94.0" />
  <Point X="171.0" Y="94.0" />
  <Point X="171.0" Y="93.82066872256182" />
  <Point X="171.0" Y="93.0" />
  <Point X="170.0" Y="93.0" />
  <Point X="170.0" Y="92.0" />
  <Point X="169.0" Y="92.0" />
  <Point X="169.0" Y="91.0" />
  <Point X="168.50139982471396" Y="91.0" />
  <Point X="168.0" Y="91.0" />
  <Point X="168.0" Y="90.0" />
  <Point X="167.0" Y="90.0" />
  <Point X="167.0" Y="89.0" />
  <Point X="166.0" Y="89.0" />
  <Point X="165.1821309268661" Y="89.0" />
  <Point X="165.0" Y="89.0" />
  <Point X="165.0" Y="88.0" />
  <Point X="164.0" Y="88.0" />
  <Point X="163.0" Y="88.0" />
  <Point X="162.0" Y="88.0" />
  <Point X="161.0" Y="88.0" />
  <Point X="160.86286202901826" Y="88.0" />
  <Point X="160.0" Y="88.0" />
  <Point X="159.0" Y="88.0" />
  <Point X="158.0" Y="87.0" />
  <Point X="157.0" Y="87.0" />
  <Point X="156.0" Y="87.0" />
  <Point X="155.9578066935435" Y="87.0" />
  <Point X="155.0" Y="87.0" />
  <Point X="154.0" Y="87.0" />
  <Point X="153.0" Y="87.0" />
  <Point X="153.0" Y="86.0" />
  <Point X="152.0" Y="86.0" />
  <Point X="152.0" Y="85.63853779569564" />
  <Point X="152.0" Y="85.0" />
  <Point X="151.0" Y="85.0" />
  <Point X="150.0" Y="85.0" />
  <Point X="150.0" Y="84.0" />
  <Point X="149.0" Y="84.0" />
  <Point X="148.3192688978478" Y="84.0" />
  <Point X="148.0" Y="84.0" />
  <Point X="147.0" Y="84.0" />
  <Point X="146.0" Y="84.0" />
  <Point X="145.0" Y="84.0" />
  <Point X="144.0" Y="84.0" />
  <Point X="143.0" Y="84.0" />
</Project_1_Part_4>
