<?xml version="1.0" encoding="utf-8" standalone="yes"?>
<Gesture Name="circle10" Subject="3" Number="3" NumPts="356">
  <Point X="135.0" Y="70.0" />
  <Point X="134.0" Y="70.0" />
  <Point X="133.0" Y="70.0" />
  <Point X="132.0" Y="70.0" />
  <Point X="131.0" Y="70.0" />
  <Point X="130.0" Y="70.0" />
  <Point X="129.76455403788052" Y="70.0" />
  <Point X="129.0" Y="70.0" />
  <Point X="128.0" Y="70.0" />
  <Point X="127.0" Y="70.0" />
  <Point X="126.0" Y="70.0" />
  <Point X="125.0" Y="70.0" />
  <Point X="124.52910807576103" Y="70.0" />
  <Point X="124.0" Y="70.0" />
  <Point X="123.0" Y="70.0" />
  <Point X="122.0" Y="70.0" />
  <Point X="121.0" Y="71.0" />
  <Point X="120.0" Y="71.0" />
  <Point X="119.79343690956041" Y="71.20656309043959" />
  <Point X="119.0" Y="72.0" />
  <Point X="118.0" Y="72.0" />
  <Point X="117.0" Y="72.0" />
  <Point X="116.0" Y="72.0" />
  <Point X="116.0" Y="73.0" />
  <Point X="115.88664327626825" Y="73.0" />
  <Point X="115.0" Y="73.0" />
  <Point X="114.0" Y="73.0" />
  <Point X="113.0" Y="73.0" />
  <Point X="113.0" Y="74.0" />
  <Point X="112.0" Y="74.0" />
  <Point X="112.0" Y="74.34880268585124" />
  <Point X="112.0" Y="75.0" />
  <Point X="111.0" Y="75.0" />
  <Point X="110.0" Y="75.0" />
  <Point X="110.0" Y="76.0" />
  <Point X="109.0" Y="76.0" />
  <Point X="108.58687381912083" Y="76.41312618087917" />
  <Point X="108.0" Y="77.0" />
  <Point X="106.0" Y="77.0" />
  <Point X="106.0" Y="78.0" />
  <Point X="105.00617482033005" Y="78.99382517966995" />
  <Point X="105.0" Y="79.0" />
  <Point X="104.0" Y="79.0" />
  <Point X="104.0" Y="80.0" />
  <Point X="103.0" Y="80.0" />
  <Point X="103.0" Y="81.0" />
  <Point X="102.0" Y="81.0" />
  <Point X="101.77328655253648" Y="81.0" />
  <Point X="101.0" Y="81.0" />
  <Point X="101.0" Y="82.0" />
  <Point X="101.0" Y="83.0" />
  <Point X="99.0" Y="83.0" />
  <Point X="99.0" Y="83.46215940958301" />
  <Point X="99.0" Y="84.0" />
  <Point X="98.0" Y="84.0" />
  <Point X="98.0" Y="85.0" />
  <Point X="97.0" Y="85.0" />
  <Point X="97.0" Y="86.0" />
  <Point X="96.506718511077" Y="86.493281488923" />
  <Point X="96.0" Y="87.0" />
  <Point X="95.0" Y="88.0" />
  <Point X="94.0" Y="89.0" />
  <Point X="93.0" Y="90.0" />
  <Point X="93.0" Y="90.27619708432961" />
  <Point X="93.0" Y="91.0" />
  <Point X="92.0" Y="92.0" />
  <Point X="92.0" Y="93.0" />
  <Point X="91.0" Y="94.0" />
  <Point X="91.0" Y="94.68321592170291" />
  <Point X="91.0" Y="95.0" />
  <Point X="90.0" Y="96.0" />
  <Point X="89.0" Y="97.0" />
  <Point X="89.0" Y="98.0" />
  <Point X="88.22908760877193" Y="98.77091239122807" />
  <Point X="88.0" Y="99.0" />
  <Point X="88.0" Y="100.0" />
  <Point X="88.0" Y="102.0" />
  <Point X="87.0" Y="102.0" />
  <Point X="87.0" Y="102.91146715882259" />
  <Point X="87.0" Y="103.0" />
  <Point X="86.0" Y="104.0" />
  <Point X="86.0" Y="105.0" />
  <Point X="86.0" Y="106.0" />
  <Point X="86.0" Y="107.0" />
  <Point X="86.0" Y="107.73269955856898" />
  <Point X="86.0" Y="108.0" />
  <Point X="85.0" Y="109.0" />
  <Point X="85.0" Y="110.0" />
  <Point X="85.0" Y="111.0" />
  <Point X="85.0" Y="112.0" />
  <Point X="85.0" Y="112.55393195831537" />
  <Point X="85.0" Y="114.0" />
  <Point X="85.0" Y="115.0" />
  <Point X="85.0" Y="116.0" />
  <Point X="84.0" Y="117.0" />
  <Point X="84.0" Y="117.37516435806177" />
  <Point X="84.0" Y="118.0" />
  <Point X="84.0" Y="119.0" />
  <Point X="84.0" Y="120.0" />
  <Point X="84.0" Y="121.0" />
  <Point X="84.0" Y="122.0" />
  <Point X="84.0" Y="122.61061032018125" />
  <Point X="84.0" Y="123.0" />
  <Point X="84.0" Y="124.0" />
  <Point X="84.0" Y="126.0" />
  <Point X="84.0" Y="127.0" />
  <Point X="84.0" Y="127.84605628230074" />
  <Point X="84.0" Y="128.0" />
  <Point X="84.0" Y="129.0" />
  <Point X="84.0" Y="130.0" />
  <Point X="84.0" Y="132.0" />
  <Point X="84.0" Y="133.0" />
  <Point X="84.0" Y="133.08150224442022" />
  <Point X="84.0" Y="134.0" />
  <Point X="84.0" Y="135.0" />
  <Point X="84.0" Y="136.0" />
  <Point X="84.0" Y="137.0" />
  <Point X="85.0" Y="137.0" />
  <Point X="85.0" Y="137.3169482065397" />
  <Point X="85.0" Y="138.0" />
  <Point X="85.0" Y="139.0" />
  <Point X="85.0" Y="140.0" />
  <Point X="86.0" Y="141.0" />
  <Point X="86.0" Y="142.0" />
  <Point X="86.1381806062861" Y="142.0" />
  <Point X="87.0" Y="142.0" />
  <Point X="87.0" Y="143.0" />
  <Point X="88.0" Y="143.0" />
  <Point X="88.0" Y="144.0" />
  <Point X="88.9713006613376" Y="144.9713006613376" />
  <Point X="89.0" Y="145.0" />
  <Point X="90.0" Y="145.0" />
  <Point X="90.0" Y="146.0" />
  <Point X="91.0" Y="146.0" />
  <Point X="91.0" Y="147.0" />
  <Point X="92.0" Y="147.0" />
  <Point X="92.19485896815198" Y="147.0" />
  <Point X="93.0" Y="147.0" />
  <Point X="93.0" Y="148.0" />
  <Point X="94.0" Y="148.0" />
  <Point X="95.0" Y="148.0" />
  <Point X="96.0" Y="148.0" />
  <Point X="96.43030493027146" Y="148.0" />
  <Point X="97.0" Y="148.0" />
  <Point X="98.0" Y="148.0" />
  <Point X="99.0" Y="148.0" />
  <Point X="100.0" Y="148.0" />
  <Point X="101.0" Y="148.0" />
  <Point X="101.66575089239095" Y="148.0" />
  <Point X="102.0" Y="148.0" />
  <Point X="103.0" Y="148.0" />
  <Point X="104.0" Y="148.0" />
  <Point X="105.0" Y="148.0" />
  <Point X="106.0" Y="148.0" />
  <Point X="106.90119685451043" Y="148.0" />
  <Point X="107.0" Y="148.0" />
  <Point X="108.0" Y="148.0" />
  <Point X="109.0" Y="148.0" />
  <Point X="110.0" Y="148.0" />
  <Point X="110.0" Y="147.0" />
  <Point X="111.13664281662992" Y="147.0" />
  <Point X="112.0" Y="147.0" />
  <Point X="113.0" Y="147.0" />
  <Point X="114.0" Y="147.0" />
  <Point X="114.0" Y="146.0" />
  <Point X="115.0" Y="146.0" />
  <Point X="115.3720887787494" Y="146.0" />
  <Point X="116.0" Y="146.0" />
  <Point X="117.0" Y="146.0" />
  <Point X="118.0" Y="145.0" />
  <Point X="120.0" Y="145.0" />
  <Point X="120.1933211784958" Y="145.0" />
  <Point X="121.0" Y="145.0" />
  <Point X="122.0" Y="144.0" />
  <Point X="123.0" Y="144.0" />
  <Point X="123.0" Y="143.0" />
  <Point X="124.0" Y="143.0" />
  <Point X="124.01455357824219" Y="143.0" />
  <Point X="125.0" Y="143.0" />
  <Point X="126.0" Y="143.0" />
  <Point X="127.0" Y="142.0" />
  <Point X="128.0" Y="142.0" />
  <Point X="128.59098993265636" Y="141.40901006734364" />
  <Point X="129.0" Y="141.0" />
  <Point X="130.0" Y="141.0" />
  <Point X="130.0" Y="140.0" />
  <Point X="132.0" Y="140.0" />
  <Point X="132.0" Y="139.34298162226503" />
  <Point X="132.0" Y="139.0" />
  <Point X="133.0" Y="139.0" />
  <Point X="135.0" Y="138.0" />
  <Point X="135.0" Y="137.0" />
  <Point X="135.65639636235466" Y="137.0" />
  <Point X="136.0" Y="137.0" />
  <Point X="137.0" Y="137.0" />
  <Point X="139.0" Y="136.0" />
  <Point X="139.0" Y="135.0" />
  <Point X="139.65577434697434" Y="135.0" />
  <Point X="140.0" Y="135.0" />
  <Point X="141.0" Y="133.0" />
  <Point X="142.0" Y="133.0" />
  <Point X="143.0" Y="133.0" />
  <Point X="143.46326265638032" Y="132.53673734361968" />
  <Point X="144.0" Y="132.0" />
  <Point X="145.0" Y="131.0" />
  <Point X="146.0" Y="130.0" />
  <Point X="147.0" Y="129.0" />
  <Point X="147.23374404422114" Y="129.0" />
  <Point X="148.0" Y="129.0" />
  <Point X="148.0" Y="128.0" />
  <Point X="149.0" Y="128.0" />
  <Point X="149.0" Y="127.0" />
  <Point X="150.0" Y="127.0" />
  <Point X="150.3317674351484" Y="126.66823256485158" />
  <Point X="151.0" Y="126.0" />
  <Point X="152.0" Y="125.0" />
  <Point X="152.0" Y="124.0" />
  <Point X="153.0" Y="124.0" />
  <Point X="153.61957321512574" Y="123.38042678487426" />
  <Point X="154.0" Y="123.0" />
  <Point X="155.0" Y="122.0" />
  <Point X="156.0" Y="121.0" />
  <Point X="156.0" Y="120.0" />
  <Point X="156.6144857762896" Y="119.38551422371039" />
  <Point X="157.0" Y="119.0" />
  <Point X="158.0" Y="119.0" />
  <Point X="159.0" Y="118.0" />
  <Point X="159.0" Y="117.0" />
  <Point X="159.90229155626693" Y="116.09770844373307" />
  <Point X="161.0" Y="115.0" />
  <Point X="161.0" Y="114.0" />
  <Point X="162.0" Y="114.0" />
  <Point X="163.0" Y="113.0" />
  <Point X="163.0" Y="112.73116176891237" />
  <Point X="163.0" Y="112.0" />
  <Point X="164.0" Y="111.0" />
  <Point X="164.0" Y="110.0" />
  <Point X="165.0" Y="109.0" />
  <Point X="165.47790311622157" Y="108.52209688377842" />
  <Point X="166.0" Y="108.0" />
  <Point X="166.0" Y="107.0" />
  <Point X="166.0" Y="106.0" />
  <Point X="167.0" Y="106.0" />
  <Point X="168.0" Y="105.0" />
  <Point X="168.0" Y="104.91712409416579" />
  <Point X="168.0" Y="104.0" />
  <Point X="168.0" Y="103.0" />
  <Point X="169.0" Y="102.0" />
  <Point X="169.0" Y="101.0" />
  <Point X="169.9041083055806" Y="101.0" />
  <Point X="170.0" Y="101.0" />
  <Point X="170.0" Y="100.0" />
  <Point X="171.0" Y="99.0" />
  <Point X="171.0" Y="97.0" />
  <Point X="171.72534070532697" Y="97.0" />
  <Point X="172.0" Y="97.0" />
  <Point X="172.0" Y="96.0" />
  <Point X="172.0" Y="95.0" />
  <Point X="173.0" Y="94.0" />
  <Point X="173.0" Y="93.0" />
  <Point X="173.0" Y="92.45342689492664" />
  <Point X="173.0" Y="92.0" />
  <Point X="174.0" Y="92.0" />
  <Point X="174.0" Y="90.0" />
  <Point X="175.0" Y="89.0" />
  <Point X="175.0" Y="88.63219449518024" />
  <Point X="175.0" Y="88.0" />
  <Point X="175.0" Y="87.0" />
  <Point X="175.0" Y="86.0" />
  <Point X="175.0" Y="85.0" />
  <Point X="175.0" Y="84.0" />
  <Point X="175.0" Y="83.39674853306076" />
  <Point X="175.0" Y="83.0" />
  <Point X="174.0" Y="83.0" />
  <Point X="174.0" Y="82.0" />
  <Point X="173.0" Y="82.0" />
  <Point X="173.0" Y="81.0" />
  <Point X="172.16130257094127" Y="81.0" />
  <Point X="172.0" Y="81.0" />
  <Point X="172.0" Y="80.0" />
  <Point X="171.0" Y="80.0" />
  <Point X="171.0" Y="79.0" />
  <Point X="170.0" Y="79.0" />
  <Point X="169.24046592413117" Y="78.24046592413117" />
  <Point X="169.0" Y="78.0" />
  <Point X="168.0" Y="78.0" />
  <Point X="168.0" Y="77.0" />
  <Point X="167.0" Y="77.0" />
  <Point X="166.0" Y="76.0" />
  <Point X="165.5188377714485" Y="76.0" />
  <Point X="165.0" Y="76.0" />
  <Point X="165.0" Y="75.0" />
  <Point X="164.0" Y="75.0" />
  <Point X="164.0" Y="74.0" />
  <Point X="163.0" Y="74.0" />
  <Point X="163.0" Y="73.283391809329" />
  <Point X="163.0" Y="73.0" />
  <Point X="162.0" Y="72.0" />
  <Point X="161.0" Y="72.0" />
  <Point X="161.0" Y="71.0" />
  <Point X="160.0" Y="70.0" />
  <Point X="159.91258249013194" Y="69.91258249013194" />
  <Point X="159.0" Y="69.0" />
  <Point X="158.0" Y="69.0" />
  <Point X="158.0" Y="68.0" />
  <Point X="157.0" Y="68.0" />
  <Point X="157.0" Y="67.05514057220931" />
  <Point X="157.0" Y="67.0" />
  <Point X="156.0" Y="67.0" />
  <Point X="156.0" Y="66.0" />
  <Point X="155.0" Y="66.0" />
  <Point X="155.0" Y="65.0" />
  <Point X="154.0" Y="65.0" />
  <Point X="153.8196946100898" Y="65.0" />
  <Point X="153.0" Y="65.0" />
  <Point X="153.0" Y="64.0" />
  <Point X="152.0" Y="64.0" />
  <Point X="151.0" Y="64.0" />
  <Point X="151.0" Y="63.0" />
  <Point X="150.70601939969234" Y="62.706019399692345" />
  <Point X="150.0" Y="62.0" />
  <Point X="149.0" Y="62.0" />
  <Point X="148.0" Y="62.0" />
  <Point X="147.0" Y="62.0" />
  <Point X="146.0" Y="62.0" />
  <Point X="145.76301624822392" Y="62.0" />
  <Point X="145.0" Y="62.0" />
  <Point X="144.0" Y="62.0" />
  <Point X="143.0" Y="62.0" />
  <Point X="142.0" Y="62.0" />
  <Point X="141.0" Y="62.0" />
  <Point X="140.52757028610444" Y="62.0" />
  <Point X="140.0" Y="62.0" />
  <Point X="139.0" Y="62.0" />
  <Point X="138.0" Y="62.0" />
  <Point X="137.0" Y="62.0" />
  <Point X="136.0" Y="62.0" />
  <Point X="136.0" Y="62.70787567601505" />
  <Point X="136.0" Y="63.0" />
  <Point X="135.0" Y="63.0" />
  <Point X="135.0" Y="64.0" />
  <Point X="134.0" Y="64.0" />
  <Point X="133.0" Y="65.0" />
  <Point X="132.47089192423857" Y="65.0" />
  <Point X="132.0" Y="65.0" />
  <Point X="132.0" Y="66.0" />
  <Point X="131.0" Y="66.0" />
  <Point X="131.0" Y="67.0" />
  <Point X="131.0" Y="68.0" />
  <Point X="130.2354459621191" Y="68.0" />
  <Point X="130.0" Y="68.0" />
  <Point X="130.0" Y="69.0" />
  <Point X="129.0" Y="69.0" />
  <Point X="129.0" Y="70.0" />
  <Point X="128.0" Y="70.0" />
  <Point X="128.0" Y="71.0" />
</Project_1_Part_4>
