<?xml version="1.0" encoding="utf-8" standalone="yes"?>
<Gesture Name="delete_mark1" Subject="3" Number="3" NumPts="419">
  <Point X="148.0" Y="68.0" />
  <Point X="147.0" Y="68.0" />
  <Point X="147.0" Y="69.0" />
  <Point X="146.0" Y="70.0" />
  <Point X="145.0" Y="70.0" />
  <Point X="144.0" Y="70.0" />
  <Point X="144.0" Y="71.0" />
  <Point X="143.17286393086223" Y="71.0" />
  <Point X="143.0" Y="71.0" />
  <Point X="142.0" Y="71.0" />
  <Point X="142.0" Y="72.0" />
  <Point X="141.0" Y="72.0" />
  <Point X="140.0" Y="72.0" />
  <Point X="140.0" Y="73.0" />
  <Point X="139.0" Y="74.0" />
  <Point X="138.34572786172447" Y="74.0" />
  <Point X="138.0" Y="74.0" />
  <Point X="138.0" Y="75.0" />
  <Point X="137.0" Y="75.0" />
  <Point X="136.0" Y="76.0" />
  <Point X="135.0" Y="77.0" />
  <Point X="135.0" Y="78.0" />
  <Point X="134.0" Y="78.0" />
  <Point X="134.0" Y="78.06719464504019" />
  <Point X="134.0" Y="79.0" />
  <Point X="133.0" Y="79.0" />
  <Point X="132.0" Y="79.0" />
  <Point X="132.0" Y="81.0" />
  <Point X="131.0" Y="81.0" />
  <Point X="130.0747194685679" Y="81.92528053143208" />
  <Point X="130.0" Y="82.0" />
  <Point X="129.0" Y="83.0" />
  <Point X="128.0" Y="84.0" />
  <Point X="128.0" Y="85.0" />
  <Point X="126.0" Y="85.0" />
  <Point X="126.0" Y="86.0" />
  <Point X="125.86259218233332" Y="86.27481563533337" />
  <Point X="125.0" Y="88.0" />
  <Point X="124.0" Y="89.0" />
  <Point X="123.0" Y="89.0" />
  <Point X="123.0" Y="90.0" />
  <Point X="122.0" Y="91.0" />
  <Point X="122.0" Y="91.48410775020747" />
  <Point X="122.0" Y="92.0" />
  <Point X="121.0" Y="92.0" />
  <Point X="120.0" Y="94.0" />
  <Point X="119.0" Y="94.0" />
  <Point X="119.0" Y="95.0" />
  <Point X="118.0" Y="96.0" />
  <Point X="117.94684265244969" Y="96.05315734755031" />
  <Point X="117.0" Y="97.0" />
  <Point X="117.0" Y="98.0" />
  <Point X="116.0" Y="99.0" />
  <Point X="115.0" Y="100.0" />
  <Point X="114.0" Y="100.0" />
  <Point X="114.0" Y="101.073884786237" />
  <Point X="114.0" Y="102.0" />
  <Point X="112.0" Y="102.0" />
  <Point X="112.0" Y="104.0" />
  <Point X="111.0" Y="105.0" />
  <Point X="110.36288204317401" Y="105.63711795682599" />
  <Point X="110.0" Y="106.0" />
  <Point X="109.0" Y="107.0" />
  <Point X="108.0" Y="109.0" />
  <Point X="106.0" Y="111.0" />
  <Point X="106.0" Y="111.24944825989343" />
  <Point X="106.0" Y="112.0" />
  <Point X="105.0" Y="113.0" />
  <Point X="104.0" Y="114.0" />
  <Point X="104.0" Y="116.0" />
  <Point X="102.51313038477763" Y="116.74343480761118" />
  <Point X="102.0" Y="117.0" />
  <Point X="102.0" Y="118.0" />
  <Point X="101.0" Y="120.0" />
  <Point X="100.0" Y="120.0" />
  <Point X="99.0" Y="122.0" />
  <Point X="98.86174898129141" Y="122.13825101870859" />
  <Point X="98.0" Y="123.0" />
  <Point X="97.0" Y="125.0" />
  <Point X="96.0" Y="126.0" />
  <Point X="95.0" Y="127.0" />
  <Point X="95.0" Y="127.95815743256135" />
  <Point X="95.0" Y="128.0" />
  <Point X="94.0" Y="128.0" />
  <Point X="94.0" Y="130.0" />
  <Point X="92.0" Y="131.0" />
  <Point X="92.0" Y="132.0" />
  <Point X="91.56913694204876" Y="132.86172611590248" />
  <Point X="91.0" Y="134.0" />
  <Point X="89.0" Y="135.0" />
  <Point X="89.0" Y="137.0" />
  <Point X="88.0" Y="138.0" />
  <Point X="87.77482948178192" Y="138.22517051821808" />
  <Point X="87.0" Y="139.0" />
  <Point X="86.0" Y="141.0" />
  <Point X="85.0" Y="142.0" />
  <Point X="84.0" Y="144.0" />
  <Point X="83.81669971256628" Y="144.18330028743372" />
  <Point X="83.0" Y="145.0" />
  <Point X="82.0" Y="146.0" />
  <Point X="81.0" Y="148.0" />
  <Point X="80.0" Y="149.0" />
  <Point X="80.0" Y="150.0" />
  <Point X="79.9902209058099" Y="150.0195581883802" />
  <Point X="79.0" Y="152.0" />
  <Point X="77.0" Y="153.0" />
  <Point X="77.0" Y="155.0" />
  <Point X="76.2089196041213" Y="155.0" />
  <Point X="76.0" Y="155.0" />
  <Point X="75.0" Y="157.0" />
  <Point X="75.0" Y="158.0" />
  <Point X="74.0" Y="158.0" />
  <Point X="74.0" Y="159.0" />
  <Point X="73.0" Y="160.0" />
  <Point X="72.82909800088281" Y="160.34180399823438" />
  <Point X="72.0" Y="162.0" />
  <Point X="71.0" Y="164.0" />
  <Point X="70.0" Y="165.0" />
  <Point X="70.0" Y="166.0" />
  <Point X="69.34067424687235" Y="166.32966287656382" />
  <Point X="68.0" Y="167.0" />
  <Point X="68.0" Y="168.0" />
  <Point X="68.0" Y="169.0" />
  <Point X="66.0" Y="170.0" />
  <Point X="66.0" Y="171.0" />
  <Point X="65.64194779937168" Y="171.35805220062832" />
  <Point X="65.0" Y="172.0" />
  <Point X="65.0" Y="173.0" />
  <Point X="64.0" Y="174.0" />
  <Point X="63.0" Y="174.0" />
  <Point X="63.0" Y="175.0" />
  <Point X="62.0" Y="176.0" />
  <Point X="62.0" Y="176.50507122255766" />
  <Point X="62.0" Y="177.0" />
  <Point X="61.0" Y="178.0" />
  <Point X="60.0" Y="178.0" />
  <Point X="60.0" Y="179.0" />
  <Point X="59.0" Y="180.0" />
  <Point X="59.0" Y="181.0" />
  <Point X="58.35088040890946" Y="181.64911959109054" />
  <Point X="58.0" Y="182.0" />
  <Point X="58.0" Y="183.0" />
  <Point X="57.0" Y="184.0" />
  <Point X="57.0" Y="185.0" />
  <Point X="55.0" Y="186.0" />
  <Point X="55.0" Y="187.0" />
  <Point X="54.93293215316926" Y="187.06706784683072" />
  <Point X="54.0" Y="188.0" />
  <Point X="54.0" Y="189.0" />
  <Point X="54.0" Y="190.0" />
  <Point X="53.0" Y="190.0" />
  <Point X="52.0" Y="191.0" />
  <Point X="52.0" Y="192.0" />
  <Point X="52.0" Y="192.50777076535184" />
  <Point X="52.0" Y="193.0" />
  <Point X="51.0" Y="193.0" />
  <Point X="51.0" Y="194.0" />
  <Point X="51.0" Y="195.0" />
  <Point X="50.0" Y="195.0" />
  <Point X="50.0" Y="196.0" />
  <Point X="50.0" Y="197.0" />
  <Point X="49.250879603137314" Y="197.0" />
  <Point X="49.0" Y="197.0" />
  <Point X="49.0" Y="198.0" />
  <Point X="48.0" Y="198.0" />
  <Point X="48.0" Y="199.0" />
  <Point X="48.0" Y="200.0" />
  <Point X="49.0" Y="200.0" />
  <Point X="49.0" Y="199.0" />
  <Point X="49.99047002837354" Y="199.0" />
  <Point X="50.0" Y="199.0" />
  <Point X="51.0" Y="198.0" />
  <Point X="52.0" Y="198.0" />
  <Point X="53.0" Y="198.0" />
  <Point X="54.0" Y="198.0" />
  <Point X="54.0" Y="197.0" />
  <Point X="55.0" Y="197.0" />
  <Point X="55.0" Y="196.1823939024887" />
  <Point X="55.0" Y="196.0" />
  <Point X="56.0" Y="196.0" />
  <Point X="57.0" Y="196.0" />
  <Point X="58.0" Y="196.0" />
  <Point X="59.0" Y="196.0" />
  <Point X="59.0" Y="195.0" />
  <Point X="60.0" Y="195.0" />
  <Point X="61.0" Y="195.0" />
  <Point X="61.04168799578135" Y="194.95831200421864" />
  <Point X="62.0" Y="194.0" />
  <Point X="63.0" Y="194.0" />
  <Point X="64.0" Y="194.0" />
  <Point X="65.0" Y="194.0" />
  <Point X="66.0" Y="193.0" />
  <Point X="67.0" Y="192.0" />
  <Point X="67.05766467341371" Y="192.0" />
  <Point X="68.0" Y="192.0" />
  <Point X="70.0" Y="192.0" />
  <Point X="71.0" Y="191.0" />
  <Point X="73.0" Y="190.0" />
  <Point X="73.64873276505168" Y="190.0" />
  <Point X="74.0" Y="190.0" />
  <Point X="75.0" Y="190.0" />
  <Point X="77.0" Y="189.0" />
  <Point X="78.0" Y="189.0" />
  <Point X="79.0" Y="188.0" />
  <Point X="80.0" Y="188.0" />
  <Point X="80.23980085668964" Y="188.0" />
  <Point X="82.0" Y="188.0" />
  <Point X="82.0" Y="187.0" />
  <Point X="83.0" Y="187.0" />
  <Point X="84.0" Y="187.0" />
  <Point X="85.0" Y="187.0" />
  <Point X="86.0" Y="187.0" />
  <Point X="86.0" Y="186.51884951179952" />
  <Point X="86.0" Y="186.0" />
  <Point X="88.0" Y="186.0" />
  <Point X="89.0" Y="186.0" />
  <Point X="90.0" Y="186.0" />
  <Point X="91.0" Y="186.0" />
  <Point X="92.0" Y="185.0" />
  <Point X="92.30828655733823" Y="185.0" />
  <Point X="93.0" Y="185.0" />
  <Point X="94.0" Y="185.0" />
  <Point X="95.0" Y="184.0" />
  <Point X="96.0" Y="184.0" />
  <Point X="97.0" Y="184.0" />
  <Point X="98.0" Y="184.0" />
  <Point X="99.0" Y="184.0" />
  <Point X="99.09575825750727" Y="183.90424174249273" />
  <Point X="100.0" Y="183.0" />
  <Point X="101.0" Y="183.0" />
  <Point X="102.0" Y="183.0" />
  <Point X="103.0" Y="183.0" />
  <Point X="104.0" Y="183.0" />
  <Point X="105.0" Y="183.0" />
  <Point X="105.96255869561375" Y="183.0" />
  <Point X="106.0" Y="183.0" />
  <Point X="107.0" Y="183.0" />
  <Point X="108.0" Y="183.0" />
  <Point X="109.0" Y="183.0" />
  <Point X="110.0" Y="183.0" />
  <Point X="111.0" Y="183.0" />
  <Point X="112.0" Y="183.0" />
  <Point X="113.0" Y="183.0" />
  <Point X="113.20390832712461" Y="183.0" />
  <Point X="114.0" Y="183.0" />
  <Point X="114.0" Y="182.0" />
  <Point X="115.0" Y="182.0" />
  <Point X="116.0" Y="182.0" />
  <Point X="116.0" Y="181.0" />
  <Point X="117.0" Y="181.0" />
  <Point X="118.0" Y="181.0" />
  <Point X="118.0" Y="180.55474204136453" />
  <Point X="118.0" Y="180.0" />
  <Point X="118.0" Y="179.0" />
  <Point X="119.0" Y="179.0" />
  <Point X="120.0" Y="179.0" />
  <Point X="120.0" Y="178.0" />
  <Point X="120.0" Y="177.0" />
  <Point X="120.0" Y="176.0" />
  <Point X="120.0" Y="175.3133924098537" />
  <Point X="120.0" Y="175.0" />
  <Point X="120.0" Y="174.0" />
  <Point X="121.0" Y="173.0" />
  <Point X="121.0" Y="172.0" />
  <Point X="121.0" Y="171.0" />
  <Point X="121.0" Y="170.0" />
  <Point X="121.0" Y="169.0" />
  <Point X="121.0" Y="168.48625634071593" />
  <Point X="121.0" Y="168.0" />
  <Point X="121.0" Y="167.0" />
  <Point X="121.0" Y="166.0" />
  <Point X="121.0" Y="165.0" />
  <Point X="121.0" Y="164.0" />
  <Point X="121.0" Y="163.0" />
  <Point X="121.0" Y="162.0" />
  <Point X="121.0" Y="161.24490670920508" />
  <Point X="121.0" Y="161.0" />
  <Point X="121.0" Y="160.0" />
  <Point X="121.0" Y="159.0" />
  <Point X="120.0" Y="158.0" />
  <Point X="119.0" Y="157.0" />
  <Point X="119.0" Y="156.0" />
  <Point X="118.47764745557264" Y="154.95529491114527" />
  <Point X="118.0" Y="154.0" />
  <Point X="118.0" Y="153.0" />
  <Point X="117.0" Y="153.0" />
  <Point X="117.0" Y="151.0" />
  <Point X="116.0" Y="150.0" />
  <Point X="115.24091611080247" Y="150.0" />
  <Point X="115.0" Y="150.0" />
  <Point X="115.0" Y="149.0" />
  <Point X="115.0" Y="148.0" />
  <Point X="114.0" Y="148.0" />
  <Point X="114.0" Y="147.0" />
  <Point X="113.0" Y="146.0" />
  <Point X="112.0" Y="145.0" />
  <Point X="112.0" Y="144.8279936040378" />
  <Point X="112.0" Y="144.0" />
  <Point X="111.0" Y="144.0" />
  <Point X="111.0" Y="143.0" />
  <Point X="110.0" Y="143.0" />
  <Point X="109.0" Y="141.0" />
  <Point X="108.16753163645402" Y="140.16753163645402" />
  <Point X="108.0" Y="140.0" />
  <Point X="107.0" Y="139.0" />
  <Point X="107.0" Y="138.0" />
  <Point X="105.0" Y="137.0" />
  <Point X="104.0" Y="135.0" />
  <Point X="103.91650864842491" Y="134.91650864842492" />
  <Point X="103.0" Y="134.0" />
  <Point X="102.0" Y="133.0" />
  <Point X="101.0" Y="132.0" />
  <Point X="100.0" Y="131.0" />
  <Point X="99.0" Y="130.0" />
  <Point X="98.71164357861628" Y="130.0" />
  <Point X="98.0" Y="130.0" />
  <Point X="97.0" Y="129.0" />
  <Point X="97.0" Y="128.0" />
  <Point X="96.0" Y="128.0" />
  <Point X="95.0" Y="127.0" />
  <Point X="94.0" Y="126.0" />
  <Point X="93.79701413321649" Y="125.79701413321649" />
  <Point X="93.0" Y="125.0" />
  <Point X="92.0" Y="124.0" />
  <Point X="91.0" Y="123.0" />
  <Point X="90.0" Y="122.0" />
  <Point X="89.0" Y="121.0" />
  <Point X="88.67660670383246" Y="120.67660670383246" />
  <Point X="87.0" Y="119.0" />
  <Point X="86.0" Y="118.0" />
  <Point X="85.0" Y="117.0" />
  <Point X="84.0" Y="116.0" />
  <Point X="83.55619927444843" Y="115.55619927444843" />
  <Point X="83.0" Y="115.0" />
  <Point X="82.0" Y="114.0" />
  <Point X="80.0" Y="112.0" />
  <Point X="80.0" Y="111.0" />
  <Point X="78.9158429893175" Y="110.45792149465875" />
  <Point X="78.0" Y="110.0" />
  <Point X="78.0" Y="109.0" />
  <Point X="77.0" Y="108.0" />
  <Point X="76.0" Y="107.0" />
  <Point X="75.0" Y="106.0" />
  <Point X="74.31073680813765" Y="105.31073680813765" />
  <Point X="74.0" Y="105.0" />
  <Point X="73.0" Y="105.0" />
  <Point X="72.0" Y="103.0" />
  <Point X="71.0" Y="102.0" />
  <Point X="70.0" Y="101.0" />
  <Point X="69.47857499002436" Y="100.47857499002436" />
  <Point X="69.0" Y="100.0" />
  <Point X="68.0" Y="98.0" />
  <Point X="67.0" Y="96.0" />
  <Point X="66.0" Y="95.0" />
  <Point X="65.52044522080871" Y="94.52044522080871" />
  <Point X="65.0" Y="94.0" />
  <Point X="65.0" Y="93.0" />
  <Point X="64.0" Y="93.0" />
  <Point X="63.0" Y="92.0" />
  <Point X="63.0" Y="91.0" />
  <Point X="62.0" Y="90.0" />
  <Point X="61.69728030460792" Y="89.39456060921584" />
  <Point X="61.0" Y="88.0" />
  <Point X="60.0" Y="88.0" />
  <Point X="59.0" Y="86.0" />
  <Point X="58.0" Y="86.0" />
  <Point X="58.0" Y="85.0" />
  <Point X="57.68454870932832" Y="84.68454870932833" />
  <Point X="57.0" Y="84.0" />
  <Point X="57.0" Y="83.0" />
  <Point X="57.0" Y="82.0" />
  <Point X="55.0" Y="82.0" />
  <Point X="55.0" Y="81.0" />
  <Point X="54.09967518587703" Y="80.09967518587703" />
  <Point X="54.0" Y="80.0" />
  <Point X="54.0" Y="79.0" />
  <Point X="53.0" Y="78.0" />
  <Point X="53.0" Y="77.0" />
  <Point X="52.0" Y="77.0" />
  <Point X="52.0" Y="76.0" />
  <Point X="51.0" Y="76.0" />
  <Point X="50.69313362726761" Y="75.38626725453523" />
  <Point X="50.0" Y="74.0" />
  <Point X="50.0" Y="73.0" />
  <Point X="49.0" Y="73.0" />
  <Point X="49.0" Y="71.0" />
  <Point X="48.0" Y="71.0" />
  <Point X="48.0" Y="70.30854427655053" />
  <Point X="48.0" Y="70.0" />
  <Point X="47.0" Y="69.0" />
  <Point X="46.0" Y="68.0" />
  <Point X="46.0" Y="67.0" />
  <Point X="45.0" Y="67.0" />
  <Point X="45.0" Y="66.0" />
  <Point X="44.21908666442079" Y="65.2190866644208" />
  <Point X="44.0" Y="65.0" />
  <Point X="44.0" Y="64.0" />
  <Point X="43.0" Y="63.0" />
  <Point X="42.0" Y="63.0" />
  <Point X="42.0" Y="62.0" />
  <Point X="42.0" Y="61.0" />
  <Point X="41.0" Y="61.0" />
  <Point X="41.0" Y="60.48269926302122" />
  <Point X="41.0" Y="60.0" />
  <Point X="41.0" Y="59.0" />
  <Point X="40.0" Y="59.0" />
  <Point X="40.0" Y="58.0" />
  <Point X="40.0" Y="57.0" />
  <Point X="40.0" Y="56.0" />
  <Point X="41.0" Y="56.0" />
  <Point X="41.0" Y="55.24134963151037" />
  <Point X="41.0" Y="55.0" />
  <Point X="42.0" Y="55.0" />
  <Point X="43.0" Y="55.0" />
  <Point X="43.0" Y="54.0" />
  <Point X="44.0" Y="54.0" />
  <Point X="45.0" Y="54.0" />
  <Point X="45.0" Y="53.0" />
  <Point X="46.0" Y="53.0" />
</Project_1_Part_4>
