<?xml version="1.0" encoding="utf-8" standalone="yes"?>
<Gesture Name="delete_mark5" Subject="3" Number="3" NumPts="412">
  <Point X="169.0" Y="67.0" />
  <Point X="168.0" Y="67.0" />
  <Point X="167.0" Y="67.0" />
  <Point X="167.0" Y="68.0" />
  <Point X="166.0" Y="68.0" />
  <Point X="165.0" Y="69.0" />
  <Point X="164.0" Y="69.0" />
  <Point X="164.0" Y="69.28831838497575" />
  <Point X="164.0" Y="70.0" />
  <Point X="163.0" Y="70.0" />
  <Point X="162.0" Y="71.0" />
  <Point X="161.0" Y="71.0" />
  <Point X="160.0" Y="71.0" />
  <Point X="160.0" Y="72.0" />
  <Point X="159.4233632300485" Y="72.0" />
  <Point X="159.0" Y="72.0" />
  <Point X="159.0" Y="73.0" />
  <Point X="158.0" Y="73.0" />
  <Point X="157.0" Y="74.0" />
  <Point X="156.0" Y="75.0" />
  <Point X="155.0" Y="75.0" />
  <Point X="154.68127756334212" Y="75.31872243665788" />
  <Point X="154.0" Y="76.0" />
  <Point X="153.0" Y="77.0" />
  <Point X="153.0" Y="78.0" />
  <Point X="152.0" Y="78.0" />
  <Point X="151.0" Y="79.0" />
  <Point X="150.08936714721625" Y="79.0" />
  <Point X="150.0" Y="79.0" />
  <Point X="150.0" Y="80.0" />
  <Point X="149.0" Y="81.0" />
  <Point X="148.0" Y="82.0" />
  <Point X="147.0" Y="82.0" />
  <Point X="147.0" Y="83.0" />
  <Point X="146.29810928533232" Y="83.35094535733384" />
  <Point X="145.0" Y="84.0" />
  <Point X="145.0" Y="85.0" />
  <Point X="144.0" Y="85.0" />
  <Point X="143.0" Y="87.0" />
  <Point X="142.0" Y="87.0" />
  <Point X="142.0" Y="87.0151336677357" />
  <Point X="142.0" Y="88.0" />
  <Point X="141.0" Y="89.0" />
  <Point X="141.0" Y="90.0" />
  <Point X="139.0" Y="91.0" />
  <Point X="139.0" Y="92.0" />
  <Point X="138.93261592478834" Y="92.0" />
  <Point X="138.0" Y="92.0" />
  <Point X="137.0" Y="93.0" />
  <Point X="136.0" Y="94.0" />
  <Point X="136.0" Y="95.0" />
  <Point X="135.0" Y="95.0" />
  <Point X="134.33426681594364" Y="95.66573318405636" />
  <Point X="134.0" Y="96.0" />
  <Point X="133.0" Y="97.0" />
  <Point X="133.0" Y="98.0" />
  <Point X="131.0" Y="99.0" />
  <Point X="131.0" Y="100.0" />
  <Point X="130.4816564176504" Y="100.2591717911748" />
  <Point X="129.0" Y="101.0" />
  <Point X="129.0" Y="102.0" />
  <Point X="128.0" Y="103.0" />
  <Point X="127.0" Y="104.0" />
  <Point X="126.13905323749195" Y="104.86094676250805" />
  <Point X="126.0" Y="105.0" />
  <Point X="126.0" Y="106.0" />
  <Point X="124.0" Y="107.0" />
  <Point X="123.0" Y="108.0" />
  <Point X="123.0" Y="109.0" />
  <Point X="122.23472860241071" Y="109.38263569879464" />
  <Point X="121.0" Y="110.0" />
  <Point X="121.0" Y="112.0" />
  <Point X="119.0" Y="112.0" />
  <Point X="119.0" Y="113.0" />
  <Point X="118.77226678378646" Y="113.22773321621354" />
  <Point X="118.0" Y="114.0" />
  <Point X="117.0" Y="115.0" />
  <Point X="117.0" Y="116.0" />
  <Point X="116.0" Y="117.0" />
  <Point X="115.0" Y="117.0" />
  <Point X="115.0" Y="117.78195466320159" />
  <Point X="115.0" Y="119.0" />
  <Point X="114.0" Y="119.0" />
  <Point X="113.0" Y="121.0" />
  <Point X="112.0" Y="121.0" />
  <Point X="112.0" Y="122.0" />
  <Point X="111.82434149999679" Y="122.17565850000321" />
  <Point X="111.0" Y="123.0" />
  <Point X="110.0" Y="124.0" />
  <Point X="108.0" Y="126.0" />
  <Point X="108.0" Y="127.0" />
  <Point X="107.70590366909288" Y="127.0" />
  <Point X="107.0" Y="127.0" />
  <Point X="106.0" Y="129.0" />
  <Point X="105.0" Y="130.0" />
  <Point X="104.0" Y="131.0" />
  <Point X="103.58313737087177" Y="131.83372525825646" />
  <Point X="103.0" Y="133.0" />
  <Point X="102.0" Y="133.0" />
  <Point X="102.0" Y="135.0" />
  <Point X="101.0" Y="135.0" />
  <Point X="100.37452834174438" Y="136.25094331651124" />
  <Point X="100.0" Y="137.0" />
  <Point X="99.0" Y="137.0" />
  <Point X="99.0" Y="139.0" />
  <Point X="98.0" Y="139.0" />
  <Point X="98.0" Y="140.0" />
  <Point X="97.13493888429186" Y="140.0" />
  <Point X="97.0" Y="140.0" />
  <Point X="97.0" Y="141.0" />
  <Point X="96.0" Y="142.0" />
  <Point X="95.0" Y="143.0" />
  <Point X="95.0" Y="144.0" />
  <Point X="94.0" Y="145.0" />
  <Point X="93.77022397141177" Y="145.22977602858825" />
  <Point X="93.0" Y="146.0" />
  <Point X="92.0" Y="147.0" />
  <Point X="92.0" Y="148.0" />
  <Point X="92.0" Y="149.0" />
  <Point X="91.0" Y="149.0" />
  <Point X="91.0" Y="150.0" />
  <Point X="90.80094280145963" Y="150.0" />
  <Point X="90.0" Y="150.0" />
  <Point X="90.0" Y="151.0" />
  <Point X="89.0" Y="152.0" />
  <Point X="89.0" Y="153.0" />
  <Point X="88.0" Y="153.0" />
  <Point X="88.0" Y="154.0" />
  <Point X="88.0" Y="154.48737558351613" />
  <Point X="88.0" Y="156.0" />
  <Point X="87.0" Y="156.0" />
  <Point X="86.0" Y="158.0" />
  <Point X="85.0" Y="158.0" />
  <Point X="85.0" Y="158.95383955336519" />
  <Point X="85.0" Y="159.0" />
  <Point X="85.0" Y="160.0" />
  <Point X="84.0" Y="160.0" />
  <Point X="84.0" Y="161.0" />
  <Point X="84.0" Y="162.0" />
  <Point X="84.0" Y="163.0" />
  <Point X="83.0" Y="163.0" />
  <Point X="82.34362849928596" Y="163.0" />
  <Point X="82.0" Y="163.0" />
  <Point X="82.0" Y="164.0" />
  <Point X="82.0" Y="165.0" />
  <Point X="81.0" Y="166.0" />
  <Point X="81.0" Y="167.0" />
  <Point X="80.0" Y="167.0" />
  <Point X="80.0" Y="167.9446898856898" />
  <Point X="80.0" Y="168.0" />
  <Point X="79.0" Y="169.0" />
  <Point X="79.0" Y="170.0" />
  <Point X="78.0" Y="171.0" />
  <Point X="77.0" Y="171.0" />
  <Point X="77.0" Y="172.0" />
  <Point X="77.0" Y="172.81879470829247" />
  <Point X="77.0" Y="173.0" />
  <Point X="77.0" Y="174.0" />
  <Point X="76.0" Y="174.0" />
  <Point X="76.0" Y="175.0" />
  <Point X="75.0" Y="175.0" />
  <Point X="75.0" Y="176.0" />
  <Point X="75.0" Y="177.0" />
  <Point X="74.63136638658271" Y="177.36863361341727" />
  <Point X="74.0" Y="178.0" />
  <Point X="74.0" Y="179.0" />
  <Point X="73.0" Y="179.0" />
  <Point X="73.0" Y="180.0" />
  <Point X="74.0" Y="180.0" />
  <Point X="75.0" Y="180.0" />
  <Point X="75.80964504061707" Y="180.0" />
  <Point X="76.0" Y="180.0" />
  <Point X="77.0" Y="180.0" />
  <Point X="78.0" Y="180.0" />
  <Point X="79.0" Y="180.0" />
  <Point X="80.0" Y="180.0" />
  <Point X="80.0" Y="179.0" />
  <Point X="81.0" Y="179.0" />
  <Point X="81.51217698796593" Y="179.0" />
  <Point X="82.0" Y="179.0" />
  <Point X="83.0" Y="178.0" />
  <Point X="84.0" Y="178.0" />
  <Point X="85.0" Y="178.0" />
  <Point X="86.0" Y="178.0" />
  <Point X="87.0" Y="178.0" />
  <Point X="87.80049537294168" Y="178.0" />
  <Point X="88.0" Y="178.0" />
  <Point X="89.0" Y="178.0" />
  <Point X="90.0" Y="178.0" />
  <Point X="91.0" Y="178.0" />
  <Point X="91.0" Y="177.0" />
  <Point X="93.0" Y="177.0" />
  <Point X="93.50302732029054" Y="177.0" />
  <Point X="94.0" Y="177.0" />
  <Point X="94.0" Y="176.0" />
  <Point X="95.0" Y="176.0" />
  <Point X="96.0" Y="176.0" />
  <Point X="97.0" Y="176.0" />
  <Point X="98.0" Y="176.0" />
  <Point X="99.0" Y="176.0" />
  <Point X="99.2055592676394" Y="176.0" />
  <Point X="100.0" Y="176.0" />
  <Point X="100.0" Y="175.0" />
  <Point X="101.0" Y="175.0" />
  <Point X="102.0" Y="174.0" />
  <Point X="103.0" Y="174.0" />
  <Point X="104.0" Y="174.0" />
  <Point X="104.49387765261515" Y="174.0" />
  <Point X="105.0" Y="174.0" />
  <Point X="106.0" Y="174.0" />
  <Point X="107.0" Y="173.0" />
  <Point X="108.0" Y="173.0" />
  <Point X="109.0" Y="173.0" />
  <Point X="110.0" Y="173.0" />
  <Point X="110.78219603759091" Y="173.0" />
  <Point X="111.0" Y="173.0" />
  <Point X="112.0" Y="173.0" />
  <Point X="113.0" Y="173.0" />
  <Point X="113.0" Y="172.0" />
  <Point X="114.0" Y="172.0" />
  <Point X="115.0" Y="172.0" />
  <Point X="116.0" Y="172.0" />
  <Point X="116.48472798493977" Y="172.0" />
  <Point X="117.0" Y="172.0" />
  <Point X="118.0" Y="172.0" />
  <Point X="119.0" Y="172.0" />
  <Point X="120.0" Y="172.0" />
  <Point X="121.0" Y="172.0" />
  <Point X="122.0" Y="172.0" />
  <Point X="123.0" Y="172.0" />
  <Point X="123.18725993228863" Y="172.0" />
  <Point X="124.0" Y="172.0" />
  <Point X="125.0" Y="172.0" />
  <Point X="126.0" Y="172.0" />
  <Point X="127.0" Y="172.0" />
  <Point X="128.0" Y="172.0" />
  <Point X="129.0" Y="172.0" />
  <Point X="129.88979187963747" Y="172.0" />
  <Point X="130.0" Y="172.0" />
  <Point X="131.0" Y="172.0" />
  <Point X="132.0" Y="172.0" />
  <Point X="133.0" Y="172.0" />
  <Point X="134.0" Y="172.0" />
  <Point X="135.0" Y="172.0" />
  <Point X="136.0" Y="172.0" />
  <Point X="136.59232382698633" Y="172.0" />
  <Point X="137.0" Y="172.0" />
  <Point X="138.0" Y="172.0" />
  <Point X="139.0" Y="172.0" />
  <Point X="140.0" Y="172.0" />
  <Point X="141.0" Y="172.0" />
  <Point X="142.0" Y="173.0" />
  <Point X="142.88064221196208" Y="173.0" />
  <Point X="143.0" Y="173.0" />
  <Point X="144.0" Y="173.0" />
  <Point X="145.0" Y="173.0" />
  <Point X="146.0" Y="173.0" />
  <Point X="147.0" Y="173.0" />
  <Point X="148.0" Y="173.0" />
  <Point X="149.0" Y="173.0" />
  <Point X="149.0" Y="172.41682584068906" />
  <Point X="149.0" Y="172.0" />
  <Point X="149.0" Y="171.0" />
  <Point X="149.0" Y="170.0" />
  <Point X="149.0" Y="169.0" />
  <Point X="148.0" Y="169.0" />
  <Point X="148.0" Y="168.0" />
  <Point X="148.0" Y="167.0" />
  <Point X="147.7142938933402" Y="167.0" />
  <Point X="147.0" Y="167.0" />
  <Point X="147.0" Y="166.0" />
  <Point X="146.0" Y="166.0" />
  <Point X="146.0" Y="165.0" />
  <Point X="145.0" Y="165.0" />
  <Point X="145.0" Y="164.0" />
  <Point X="144.3012101705839" Y="163.3012101705839" />
  <Point X="144.0" Y="163.0" />
  <Point X="144.0" Y="162.0" />
  <Point X="143.0" Y="162.0" />
  <Point X="143.0" Y="161.0" />
  <Point X="142.0" Y="161.0" />
  <Point X="142.0" Y="160.0" />
  <Point X="141.0" Y="160.0" />
  <Point X="141.0" Y="159.72344356101559" />
  <Point X="141.0" Y="159.0" />
  <Point X="140.0" Y="158.0" />
  <Point X="139.0" Y="157.0" />
  <Point X="138.0" Y="156.0" />
  <Point X="138.0" Y="155.0" />
  <Point X="137.47925283789655" Y="154.47925283789655" />
  <Point X="137.0" Y="154.0" />
  <Point X="136.0" Y="153.0" />
  <Point X="136.0" Y="152.0" />
  <Point X="135.0" Y="152.0" />
  <Point X="134.0" Y="151.0" />
  <Point X="134.0" Y="150.0" />
  <Point X="133.82438909602104" Y="149.91219454801052" />
  <Point X="132.0" Y="149.0" />
  <Point X="132.0" Y="148.0" />
  <Point X="131.0" Y="147.0" />
  <Point X="130.0" Y="146.0" />
  <Point X="129.41000721054723" Y="145.41000721054723" />
  <Point X="129.0" Y="145.0" />
  <Point X="129.0" Y="144.0" />
  <Point X="128.0" Y="143.0" />
  <Point X="127.0" Y="143.0" />
  <Point X="126.0" Y="141.0" />
  <Point X="125.66595381191468" Y="140.66595381191468" />
  <Point X="125.0" Y="140.0" />
  <Point X="125.0" Y="139.0" />
  <Point X="123.0" Y="138.0" />
  <Point X="123.0" Y="137.0" />
  <Point X="122.0" Y="136.0" />
  <Point X="121.88955050524783" Y="136.0" />
  <Point X="121.0" Y="136.0" />
  <Point X="121.0" Y="135.0" />
  <Point X="120.0" Y="134.0" />
  <Point X="119.0" Y="132.0" />
  <Point X="118.0" Y="132.0" />
  <Point X="117.92723839173706" Y="131.85447678347413" />
  <Point X="117.0" Y="130.0" />
  <Point X="116.0" Y="129.0" />
  <Point X="115.0" Y="128.0" />
  <Point X="115.0" Y="127.0" />
  <Point X="114.43379361601698" Y="126.43379361601698" />
  <Point X="114.0" Y="126.0" />
  <Point X="114.0" Y="125.0" />
  <Point X="113.0" Y="124.0" />
  <Point X="112.0" Y="123.0" />
  <Point X="111.0" Y="122.0" />
  <Point X="111.0" Y="121.15358555481252" />
  <Point X="111.0" Y="121.0" />
  <Point X="111.0" Y="120.0" />
  <Point X="110.0" Y="120.0" />
  <Point X="110.0" Y="118.0" />
  <Point X="109.0" Y="118.0" />
  <Point X="109.0" Y="117.0" />
  <Point X="108.7545037100571" Y="116.50900742011419" />
  <Point X="108.0" Y="115.0" />
  <Point X="107.0" Y="115.0" />
  <Point X="107.0" Y="113.0" />
  <Point X="106.0" Y="113.0" />
  <Point X="106.0" Y="111.9845896376146" />
  <Point X="106.0" Y="111.0" />
  <Point X="105.0" Y="111.0" />
  <Point X="105.0" Y="110.0" />
  <Point X="104.0" Y="108.0" />
  <Point X="103.0" Y="107.0" />
  <Point X="103.0" Y="106.93233923013864" />
  <Point X="103.0" Y="106.0" />
  <Point X="102.0" Y="105.0" />
  <Point X="102.0" Y="104.0" />
  <Point X="101.0" Y="102.0" />
  <Point X="101.0" Y="101.0" />
  <Point X="100.94637409124233" Y="100.89274818248468" />
  <Point X="100.0" Y="99.0" />
  <Point X="99.0" Y="99.0" />
  <Point X="99.0" Y="97.0" />
  <Point X="99.0" Y="96.0" />
  <Point X="98.58537015710525" Y="95.58537015710525" />
  <Point X="98.0" Y="95.0" />
  <Point X="97.0" Y="94.0" />
  <Point X="97.0" Y="93.0" />
  <Point X="97.0" Y="92.0" />
  <Point X="96.0" Y="91.0" />
  <Point X="96.0" Y="90.0" />
  <Point X="96.0" Y="89.95373359258404" />
  <Point X="96.0" Y="89.0" />
  <Point X="95.0" Y="87.0" />
  <Point X="94.0" Y="87.0" />
  <Point X="94.0" Y="85.0" />
  <Point X="94.0" Y="84.48726962273498" />
  <Point X="94.0" Y="84.0" />
  <Point X="93.0" Y="83.0" />
  <Point X="92.0" Y="82.0" />
  <Point X="92.0" Y="80.0" />
  <Point X="91.0" Y="80.0" />
  <Point X="91.0" Y="79.61316480013232" />
  <Point X="91.0" Y="79.0" />
  <Point X="91.0" Y="78.0" />
  <Point X="90.0" Y="77.0" />
  <Point X="89.0" Y="76.0" />
  <Point X="89.0" Y="74.0" />
  <Point X="88.73905997752966" Y="74.0" />
  <Point X="88.0" Y="74.0" />
  <Point X="88.0" Y="73.0" />
  <Point X="88.0" Y="72.0" />
  <Point X="87.0" Y="71.0" />
  <Point X="86.0" Y="70.0" />
  <Point X="86.0" Y="69.0" />
  <Point X="86.0" Y="68.864955154927" />
  <Point X="86.0" Y="68.0" />
  <Point X="85.0" Y="68.0" />
  <Point X="85.0" Y="67.0" />
  <Point X="84.0" Y="67.0" />
  <Point X="84.0" Y="66.0" />
  <Point X="83.0" Y="65.0" />
  <Point X="82.57663676995125" Y="65.0" />
  <Point X="82.0" Y="65.0" />
  <Point X="82.0" Y="64.0" />
  <Point X="82.0" Y="63.0" />
  <Point X="81.0" Y="62.0" />
  <Point X="81.0" Y="61.0" />
  <Point X="80.0" Y="61.0" />
  <Point X="80.0" Y="60.28831838497549" />
  <Point X="80.0" Y="60.0" />
  <Point X="79.0" Y="59.0" />
  <Point X="78.0" Y="59.0" />
  <Point X="78.0" Y="58.0" />
  <Point X="77.0" Y="58.0" />
  <Point X="77.0" Y="57.0" />
  <Point X="76.0" Y="57.0" />
</Project_1_Part_4>
