<?xml version="1.0" encoding="utf-8" standalone="yes"?>
<Gesture Name="delete_mark2" Subject="3" Number="3" NumPts="439">
  <Point X="215.0" Y="16.0" />
  <Point X="215.0" Y="15.0" />
  <Point X="208.9115802692776" Y="19.870735784577917" />
  <Point X="202.04229172911218" Y="25.36616661671026" />
  <Point X="195.17300318894675" Y="30.861597448842602" />
  <Point X="188.30371464878132" Y="36.357028280974944" />
  <Point X="181.4344261086159" Y="41.85245911310729" />
  <Point X="174.56513756845047" Y="47.34788994523963" />
  <Point X="167.69584902828504" Y="52.84332077737197" />
  <Point X="160.8265604881196" Y="58.338751609504314" />
  <Point X="160.0" Y="59.0" />
  <Point X="159.0" Y="59.0" />
  <Point X="158.0" Y="59.0" />
  <Point X="157.0" Y="59.0" />
  <Point X="156.0" Y="59.0" />
  <Point X="156.0" Y="60.0" />
  <Point X="155.0" Y="60.0" />
  <Point X="155.0" Y="61.0" />
  <Point X="154.261532309946" Y="61.0" />
  <Point X="154.0" Y="61.0" />
  <Point X="153.0" Y="61.0" />
  <Point X="152.0" Y="61.0" />
  <Point X="152.0" Y="62.0" />
  <Point X="151.0" Y="62.0" />
  <Point X="151.0" Y="63.0" />
  <Point X="150.0" Y="63.0" />
  <Point X="150.0" Y="64.0" />
  <Point X="149.0" Y="64.0" />
  <Point X="148.62138018373543" Y="64.37861981626459" />
  <Point X="148.0" Y="65.0" />
  <Point X="147.0" Y="65.0" />
  <Point X="147.0" Y="66.0" />
  <Point X="146.0" Y="66.0" />
  <Point X="145.0" Y="67.0" />
  <Point X="144.0" Y="67.0" />
  <Point X="144.0" Y="68.0" />
  <Point X="143.0" Y="69.0" />
  <Point X="143.0" Y="69.08979018111589" />
  <Point X="143.0" Y="70.0" />
  <Point X="142.0" Y="70.0" />
  <Point X="141.0" Y="71.0" />
  <Point X="140.0" Y="72.0" />
  <Point X="139.0" Y="73.0" />
  <Point X="138.0" Y="75.0" />
  <Point X="137.59193689441258" Y="75.0" />
  <Point X="137.0" Y="75.0" />
  <Point X="137.0" Y="76.0" />
  <Point X="136.0" Y="76.0" />
  <Point X="136.0" Y="77.0" />
  <Point X="135.0" Y="77.0" />
  <Point X="134.0" Y="79.0" />
  <Point X="133.0" Y="80.0" />
  <Point X="133.0" Y="80.55476315480513" />
  <Point X="133.0" Y="81.0" />
  <Point X="133.0" Y="82.0" />
  <Point X="132.0" Y="82.0" />
  <Point X="132.0" Y="83.0" />
  <Point X="130.0" Y="84.0" />
  <Point X="130.0" Y="85.0" />
  <Point X="129.0" Y="86.0" />
  <Point X="128.68629611841803" Y="86.62740776316394" />
  <Point X="128.0" Y="88.0" />
  <Point X="127.0" Y="90.0" />
  <Point X="127.0" Y="91.0" />
  <Point X="126.0" Y="92.0" />
  <Point X="125.0" Y="93.0" />
  <Point X="124.4642910119812" Y="94.0714179760376" />
  <Point X="124.0" Y="95.0" />
  <Point X="123.0" Y="96.0" />
  <Point X="123.0" Y="97.0" />
  <Point X="121.0" Y="98.0" />
  <Point X="121.0" Y="99.0" />
  <Point X="121.0" Y="100.0" />
  <Point X="120.50425756451061" Y="100.99148487097877" />
  <Point X="120.0" Y="102.0" />
  <Point X="119.0" Y="103.0" />
  <Point X="119.0" Y="105.0" />
  <Point X="118.0" Y="105.0" />
  <Point X="117.0" Y="107.0" />
  <Point X="117.0" Y="108.01914585680349" />
  <Point X="117.0" Y="109.0" />
  <Point X="115.0" Y="110.0" />
  <Point X="115.0" Y="111.0" />
  <Point X="115.0" Y="112.0" />
  <Point X="114.0" Y="114.0" />
  <Point X="113.04965450293147" Y="114.95034549706853" />
  <Point X="113.0" Y="115.0" />
  <Point X="113.0" Y="116.0" />
  <Point X="112.0" Y="117.0" />
  <Point X="112.0" Y="119.0" />
  <Point X="111.0" Y="119.0" />
  <Point X="111.0" Y="120.0" />
  <Point X="111.0" Y="121.0" />
  <Point X="110.07188985443159" Y="121.92811014556841" />
  <Point X="110.0" Y="122.0" />
  <Point X="109.0" Y="122.0" />
  <Point X="109.0" Y="123.0" />
  <Point X="109.0" Y="124.0" />
  <Point X="109.0" Y="125.0" />
  <Point X="108.0" Y="127.0" />
  <Point X="108.0" Y="128.0" />
  <Point X="107.0" Y="129.0" />
  <Point X="106.96815725482935" Y="129.03184274517065" />
  <Point X="106.0" Y="130.0" />
  <Point X="106.0" Y="131.0" />
  <Point X="106.0" Y="132.0" />
  <Point X="105.0" Y="133.0" />
  <Point X="105.0" Y="134.0" />
  <Point X="105.0" Y="135.0" />
  <Point X="104.0" Y="135.0" />
  <Point X="104.0" Y="136.01358690642792" />
  <Point X="104.0" Y="137.0" />
  <Point X="103.0" Y="137.0" />
  <Point X="103.0" Y="138.0" />
  <Point X="102.0" Y="140.0" />
  <Point X="102.0" Y="141.0" />
  <Point X="100.17955322554069" Y="142.82044677445933" />
  <Point X="100.0" Y="143.0" />
  <Point X="100.0" Y="145.0" />
  <Point X="100.0" Y="146.0" />
  <Point X="99.0" Y="146.0" />
  <Point X="99.0" Y="147.0" />
  <Point X="99.0" Y="148.0" />
  <Point X="99.0" Y="149.0" />
  <Point X="98.0" Y="149.0" />
  <Point X="97.6160021394139" Y="149.3839978605861" />
  <Point X="97.0" Y="150.0" />
  <Point X="97.0" Y="152.0" />
  <Point X="96.0" Y="152.0" />
  <Point X="96.0" Y="153.0" />
  <Point X="96.0" Y="154.0" />
  <Point X="96.0" Y="155.0" />
  <Point X="95.0" Y="155.0" />
  <Point X="95.0" Y="155.92582300908063" />
  <Point X="95.0" Y="156.0" />
  <Point X="94.0" Y="156.0" />
  <Point X="94.0" Y="158.0" />
  <Point X="94.0" Y="159.0" />
  <Point X="93.0" Y="159.0" />
  <Point X="93.0" Y="160.0" />
  <Point X="93.0" Y="162.0" />
  <Point X="92.27719540182878" Y="162.0" />
  <Point X="92.0" Y="162.0" />
  <Point X="92.0" Y="163.0" />
  <Point X="91.0" Y="165.0" />
  <Point X="90.0" Y="165.0" />
  <Point X="90.0" Y="166.0" />
  <Point X="90.0" Y="167.0" />
  <Point X="89.0" Y="168.0" />
  <Point X="89.0" Y="168.86950464738894" />
  <Point X="89.0" Y="169.0" />
  <Point X="88.0" Y="169.0" />
  <Point X="88.0" Y="170.0" />
  <Point X="88.0" Y="171.0" />
  <Point X="88.0" Y="172.0" />
  <Point X="87.0" Y="172.0" />
  <Point X="87.0" Y="173.0" />
  <Point X="87.0" Y="174.0" />
  <Point X="86.0" Y="174.0" />
  <Point X="86.0" Y="174.66648623647953" />
  <Point X="86.0" Y="175.0" />
  <Point X="86.0" Y="176.0" />
  <Point X="85.0" Y="176.0" />
  <Point X="85.0" Y="177.0" />
  <Point X="85.0" Y="178.0" />
  <Point X="84.0" Y="178.0" />
  <Point X="84.0" Y="179.0" />
  <Point X="84.0" Y="180.0" />
  <Point X="83.0" Y="180.0" />
  <Point X="83.0" Y="180.46346782557012" />
  <Point X="83.0" Y="181.0" />
  <Point X="82.0" Y="181.0" />
  <Point X="83.0" Y="181.0" />
  <Point X="84.0" Y="181.0" />
  <Point X="85.0" Y="181.0" />
  <Point X="86.0" Y="181.0" />
  <Point X="87.0" Y="181.0" />
  <Point X="88.0" Y="181.0" />
  <Point X="89.0" Y="181.0" />
  <Point X="89.26044941466071" Y="181.0" />
  <Point X="90.0" Y="181.0" />
  <Point X="90.0" Y="180.0" />
  <Point X="91.0" Y="180.0" />
  <Point X="92.0" Y="180.0" />
  <Point X="93.0" Y="180.0" />
  <Point X="94.0" Y="180.0" />
  <Point X="95.0" Y="180.0" />
  <Point X="96.0" Y="180.0" />
  <Point X="96.74771663338944" Y="179.25228336661056" />
  <Point X="97.0" Y="179.0" />
  <Point X="98.0" Y="179.0" />
  <Point X="99.0" Y="179.0" />
  <Point X="99.0" Y="178.0" />
  <Point X="100.0" Y="178.0" />
  <Point X="101.0" Y="178.0" />
  <Point X="103.0" Y="178.0" />
  <Point X="104.0" Y="178.0" />
  <Point X="104.4401990304688" Y="178.0" />
  <Point X="105.0" Y="178.0" />
  <Point X="106.0" Y="178.0" />
  <Point X="107.0" Y="178.0" />
  <Point X="108.0" Y="178.0" />
  <Point X="109.0" Y="177.0" />
  <Point X="110.0" Y="177.0" />
  <Point X="111.0" Y="177.0" />
  <Point X="112.0" Y="177.0" />
  <Point X="112.8229670571863" Y="177.0" />
  <Point X="113.0" Y="177.0" />
  <Point X="114.0" Y="177.0" />
  <Point X="115.0" Y="177.0" />
  <Point X="117.0" Y="177.0" />
  <Point X="118.0" Y="177.0" />
  <Point X="119.0" Y="177.0" />
  <Point X="120.0" Y="177.0" />
  <Point X="121.0" Y="177.0" />
  <Point X="121.6199486462769" Y="177.0" />
  <Point X="123.0" Y="177.0" />
  <Point X="123.0" Y="176.0" />
  <Point X="124.0" Y="176.0" />
  <Point X="125.0" Y="176.0" />
  <Point X="126.0" Y="176.0" />
  <Point X="127.0" Y="176.0" />
  <Point X="128.0" Y="176.0" />
  <Point X="128.0" Y="175.0" />
  <Point X="128.4169302353675" Y="175.0" />
  <Point X="129.0" Y="175.0" />
  <Point X="130.0" Y="175.0" />
  <Point X="131.0" Y="175.0" />
  <Point X="132.0" Y="175.0" />
  <Point X="133.0" Y="175.0" />
  <Point X="134.0" Y="175.0" />
  <Point X="135.0" Y="175.0" />
  <Point X="136.0" Y="175.0" />
  <Point X="137.0" Y="175.0" />
  <Point X="137.21391182445808" Y="175.0" />
  <Point X="138.0" Y="175.0" />
  <Point X="139.0" Y="175.0" />
  <Point X="140.0" Y="175.0" />
  <Point X="141.0" Y="175.0" />
  <Point X="141.0" Y="176.0" />
  <Point X="142.0" Y="176.0" />
  <Point X="143.0" Y="176.0" />
  <Point X="144.0" Y="176.0" />
  <Point X="145.0" Y="176.0" />
  <Point X="145.01089341354867" Y="176.0" />
  <Point X="146.0" Y="176.0" />
  <Point X="147.0" Y="176.0" />
  <Point X="148.0" Y="176.0" />
  <Point X="149.0" Y="176.0" />
  <Point X="150.0" Y="176.0" />
  <Point X="151.0" Y="175.0" />
  <Point X="152.0" Y="175.0" />
  <Point X="153.0" Y="175.0" />
  <Point X="153.0" Y="174.60633855973384" />
  <Point X="153.0" Y="174.0" />
  <Point X="154.0" Y="174.0" />
  <Point X="154.0" Y="173.0" />
  <Point X="155.0" Y="173.0" />
  <Point X="156.0" Y="173.0" />
  <Point X="157.0" Y="173.0" />
  <Point X="157.0" Y="172.0" />
  <Point X="157.0" Y="171.0" />
  <Point X="157.0" Y="170.0" />
  <Point X="157.0" Y="169.80935697064325" />
  <Point X="157.0" Y="169.0" />
  <Point X="157.0" Y="168.0" />
  <Point X="157.0" Y="167.0" />
  <Point X="157.0" Y="166.0" />
  <Point X="156.0" Y="166.0" />
  <Point X="156.0" Y="165.0" />
  <Point X="156.0" Y="164.0" />
  <Point X="155.0" Y="164.0" />
  <Point X="154.30164393502912" Y="163.30164393502912" />
  <Point X="154.0" Y="163.0" />
  <Point X="154.0" Y="162.0" />
  <Point X="153.0" Y="162.0" />
  <Point X="153.0" Y="161.0" />
  <Point X="152.0" Y="161.0" />
  <Point X="152.0" Y="160.0" />
  <Point X="151.0" Y="160.0" />
  <Point X="151.0" Y="159.0" />
  <Point X="150.0" Y="159.0" />
  <Point X="150.0" Y="158.62960735483517" />
  <Point X="150.0" Y="158.0" />
  <Point X="149.0" Y="157.0" />
  <Point X="148.0" Y="156.0" />
  <Point X="147.0" Y="155.0" />
  <Point X="146.0" Y="154.0" />
  <Point X="145.0" Y="153.0" />
  <Point X="144.0" Y="153.0" />
  <Point X="144.0" Y="152.90369357761006" />
  <Point X="144.0" Y="152.0" />
  <Point X="143.0" Y="152.0" />
  <Point X="142.0" Y="151.0" />
  <Point X="142.0" Y="150.0" />
  <Point X="141.0" Y="150.0" />
  <Point X="140.0" Y="149.0" />
  <Point X="139.0" Y="149.0" />
  <Point X="138.52377973413627" Y="148.0475594682725" />
  <Point X="138.0" Y="147.0" />
  <Point X="137.0" Y="146.0" />
  <Point X="136.0" Y="145.0" />
  <Point X="135.0" Y="145.0" />
  <Point X="134.0" Y="144.0" />
  <Point X="133.0" Y="143.0" />
  <Point X="132.31486992162138" Y="142.31486992162138" />
  <Point X="132.0" Y="142.0" />
  <Point X="131.0" Y="142.0" />
  <Point X="129.0" Y="140.0" />
  <Point X="129.0" Y="139.0" />
  <Point X="127.0" Y="138.0" />
  <Point X="126.0898169784595" Y="137.0898169784595" />
  <Point X="125.0" Y="136.0" />
  <Point X="124.0" Y="136.0" />
  <Point X="123.0" Y="135.0" />
  <Point X="122.0" Y="134.0" />
  <Point X="120.0" Y="132.0" />
  <Point X="119.57651842402689" Y="131.5765184240269" />
  <Point X="119.0" Y="131.0" />
  <Point X="117.0" Y="130.0" />
  <Point X="117.0" Y="129.0" />
  <Point X="116.0" Y="128.0" />
  <Point X="115.0" Y="127.0" />
  <Point X="114.0" Y="126.0" />
  <Point X="113.55014538438398" Y="125.77507269219198" />
  <Point X="112.0" Y="125.0" />
  <Point X="111.0" Y="124.0" />
  <Point X="110.0" Y="123.0" />
  <Point X="109.0" Y="122.0" />
  <Point X="108.0" Y="121.0" />
  <Point X="106.74153010864511" Y="120.37076505432256" />
  <Point X="106.0" Y="120.0" />
  <Point X="105.0" Y="119.0" />
  <Point X="104.0" Y="118.0" />
  <Point X="102.0" Y="116.0" />
  <Point X="102.0" Y="115.0" />
  <Point X="101.07293246979505" Y="114.07293246979505" />
  <Point X="100.0" Y="113.0" />
  <Point X="99.0" Y="113.0" />
  <Point X="98.0" Y="111.0" />
  <Point X="96.0" Y="111.0" />
  <Point X="95.08609309651617" Y="109.17218619303235" />
  <Point X="95.0" Y="109.0" />
  <Point X="94.0" Y="108.0" />
  <Point X="92.0" Y="106.0" />
  <Point X="91.0" Y="106.0" />
  <Point X="90.0" Y="104.0" />
  <Point X="89.20396541355548" Y="103.20396541355548" />
  <Point X="89.0" Y="103.0" />
  <Point X="87.0" Y="101.0" />
  <Point X="86.0" Y="100.0" />
  <Point X="84.0" Y="98.0" />
  <Point X="83.0" Y="97.0" />
  <Point X="82.97920496068923" Y="96.98960248034462" />
  <Point X="81.0" Y="96.0" />
  <Point X="81.0" Y="95.0" />
  <Point X="79.0" Y="93.0" />
  <Point X="78.0" Y="92.0" />
  <Point X="77.0" Y="92.0" />
  <Point X="77.0" Y="91.65847751478165" />
  <Point X="77.0" Y="91.0" />
  <Point X="75.0" Y="90.0" />
  <Point X="74.0" Y="88.0" />
  <Point X="72.0" Y="88.0" />
  <Point X="72.0" Y="86.33363188069063" />
  <Point X="72.0" Y="86.0" />
  <Point X="70.0" Y="86.0" />
  <Point X="69.0" Y="84.0" />
  <Point X="68.0" Y="83.0" />
  <Point X="67.0" Y="82.0" />
  <Point X="66.01086042209448" Y="81.01086042209448" />
  <Point X="66.0" Y="81.0" />
  <Point X="65.0" Y="81.0" />
  <Point X="64.0" Y="80.0" />
  <Point X="63.0" Y="78.0" />
  <Point X="62.0" Y="77.0" />
  <Point X="60.0" Y="77.0" />
  <Point X="60.0" Y="76.2828724693745" />
  <Point X="60.0" Y="76.0" />
  <Point X="58.0" Y="75.0" />
  <Point X="57.0" Y="74.0" />
  <Point X="56.0" Y="74.0" />
  <Point X="55.0" Y="73.0" />
  <Point X="54.0" Y="72.0" />
  <Point X="52.96459954490298" Y="72.0" />
  <Point X="52.0" Y="72.0" />
  <Point X="51.0" Y="71.0" />
  <Point X="50.0" Y="70.0" />
  <Point X="49.0" Y="69.0" />
  <Point X="48.0" Y="68.0" />
  <Point X="46.0" Y="68.0" />
  <Point X="45.82447220530477" Y="68.0" />
  <Point X="45.0" Y="68.0" />
  <Point X="44.0" Y="66.0" />
  <Point X="42.0" Y="66.0" />
  <Point X="41.0" Y="66.0" />
  <Point X="40.0" Y="64.0" />
  <Point X="39.64618255537969" Y="63.64618255537969" />
  <Point X="39.0" Y="63.0" />
  <Point X="38.0" Y="63.0" />
  <Point X="36.0" Y="63.0" />
  <Point X="35.0" Y="62.0" />
  <Point X="34.0" Y="61.0" />
  <Point X="32.0" Y="61.0" />
  <Point X="32.0" Y="60.94528566924246" />
  <Point X="32.0" Y="59.0" />
  <Point X="30.0" Y="59.0" />
  <Point X="29.0" Y="59.0" />
  <Point X="28.0" Y="59.0" />
  <Point X="28.0" Y="58.0" />
  <Point X="27.0" Y="58.0" />
  <Point X="26.148304080151867" Y="58.0" />
  <Point X="25.0" Y="58.0" />
  <Point X="24.0" Y="58.0" />
  <Point X="23.0" Y="57.0" />
  <Point X="22.0" Y="56.0" />
  <Point X="21.0" Y="56.0" />
  <Point X="20.0" Y="56.0" />
  <Point X="19.0" Y="55.0" />
  <Point X="18.59396317818056" Y="55.0" />
  <Point X="18.0" Y="55.0" />
  <Point X="17.0" Y="55.0" />
  <Point X="16.0" Y="55.0" />
  <Point X="16.0" Y="54.0" />
  <Point X="15.0" Y="54.0" />
  <Point X="15.0" Y="53.0" />
  <Point X="14.0" Y="53.0" />
  <Point X="13.0" Y="53.0" />
  <Point X="12.0" Y="53.0" />
  <Point X="11.796981589089967" Y="53.0" />
  <Point X="11.0" Y="53.0" />
  <Point X="11.0" Y="52.0" />
  <Point X="10.0" Y="52.0" />
  <Point X="10.0" Y="51.0" />
  <Point X="10.0" Y="50.0" />
  <Point X="9.0" Y="50.0" />
  <Point X="9.0" Y="49.0" />
  <Point X="8.0" Y="49.0" />
  <Point X="8.0" Y="48.0" />
</Project_1_Part_4>
