<?xml version="1.0" encoding="utf-8" standalone="yes"?>
<Gesture Name="delete_mark10" Subject="3" Number="3" NumPts="328">
  <Point X="159.0" Y="71.0" />
  <Point X="158.0" Y="71.0" />
  <Point X="157.0" Y="71.0" />
  <Point X="157.0" Y="72.0" />
  <Point X="156.0" Y="72.0" />
  <Point X="155.0" Y="72.0" />
  <Point X="155.0" Y="72.32207384992074" />
  <Point X="155.0" Y="73.0" />
  <Point X="154.0" Y="73.0" />
  <Point X="154.0" Y="74.0" />
  <Point X="153.0" Y="74.0" />
  <Point X="152.0" Y="75.0" />
  <Point X="151.8374120121698" Y="75.16258798783018" />
  <Point X="151.0" Y="76.0" />
  <Point X="150.0" Y="76.0" />
  <Point X="150.0" Y="77.0" />
  <Point X="149.0" Y="78.0" />
  <Point X="148.48835106528836" Y="78.51164893471164" />
  <Point X="148.0" Y="79.0" />
  <Point X="147.0" Y="80.0" />
  <Point X="147.0" Y="81.0" />
  <Point X="146.0" Y="81.0" />
  <Point X="146.0" Y="82.0" />
  <Point X="145.84639689959343" Y="82.15360310040656" />
  <Point X="145.0" Y="83.0" />
  <Point X="144.0" Y="83.0" />
  <Point X="144.0" Y="84.0" />
  <Point X="143.0" Y="85.0" />
  <Point X="142.49733595271198" Y="85.50266404728802" />
  <Point X="142.0" Y="86.0" />
  <Point X="141.0" Y="87.0" />
  <Point X="141.0" Y="88.0" />
  <Point X="140.0" Y="89.0" />
  <Point X="140.0" Y="89.79030747579353" />
  <Point X="140.0" Y="90.0" />
  <Point X="139.0" Y="90.0" />
  <Point X="138.0" Y="92.0" />
  <Point X="137.0" Y="93.0" />
  <Point X="137.0" Y="93.46209978584139" />
  <Point X="137.0" Y="94.0" />
  <Point X="136.0" Y="95.0" />
  <Point X="135.0" Y="96.0" />
  <Point X="134.0" Y="96.0" />
  <Point X="134.0" Y="96.95574651101595" />
  <Point X="134.0" Y="97.0" />
  <Point X="133.0" Y="98.0" />
  <Point X="133.0" Y="99.0" />
  <Point X="131.0" Y="100.0" />
  <Point X="130.55626304416796" Y="100.44373695583202" />
  <Point X="130.0" Y="101.0" />
  <Point X="130.0" Y="102.0" />
  <Point X="129.0" Y="102.0" />
  <Point X="128.0" Y="104.0" />
  <Point X="127.7883409273707" Y="104.2116590726293" />
  <Point X="127.0" Y="105.0" />
  <Point X="126.0" Y="106.0" />
  <Point X="126.0" Y="107.0" />
  <Point X="125.0" Y="108.0" />
  <Point X="125.0" Y="108.37876429391314" />
  <Point X="125.0" Y="109.0" />
  <Point X="124.0" Y="109.0" />
  <Point X="124.0" Y="110.0" />
  <Point X="123.0" Y="111.0" />
  <Point X="122.09021903360777" Y="111.90978096639223" />
  <Point X="122.0" Y="112.0" />
  <Point X="122.0" Y="113.0" />
  <Point X="121.0" Y="114.0" />
  <Point X="120.0" Y="115.0" />
  <Point X="119.03405130553976" Y="115.96594869446024" />
  <Point X="119.0" Y="116.0" />
  <Point X="118.0" Y="118.0" />
  <Point X="118.0" Y="119.0" />
  <Point X="117.0" Y="120.0" />
  <Point X="116.37636350806298" Y="120.0" />
  <Point X="116.0" Y="120.0" />
  <Point X="116.0" Y="122.0" />
  <Point X="115.0" Y="122.0" />
  <Point X="115.0" Y="123.0" />
  <Point X="114.33128180423412" Y="123.66871819576588" />
  <Point X="114.0" Y="124.0" />
  <Point X="113.0" Y="125.0" />
  <Point X="113.0" Y="126.0" />
  <Point X="112.0" Y="126.0" />
  <Point X="112.0" Y="127.43935706703232" />
  <Point X="112.0" Y="128.0" />
  <Point X="111.0" Y="128.0" />
  <Point X="110.0" Y="129.0" />
  <Point X="110.0" Y="130.0" />
  <Point X="110.0" Y="131.0" />
  <Point X="109.65278264542003" Y="131.0" />
  <Point X="109.0" Y="131.0" />
  <Point X="109.0" Y="132.0" />
  <Point X="108.0" Y="134.0" />
  <Point X="107.0" Y="134.0" />
  <Point X="107.0" Y="134.43322322700092" />
  <Point X="107.0" Y="135.0" />
  <Point X="106.0" Y="136.0" />
  <Point X="106.0" Y="137.0" />
  <Point X="105.0" Y="138.0" />
  <Point X="104.58549115612674" Y="138.82901768774653" />
  <Point X="104.0" Y="140.0" />
  <Point X="104.0" Y="141.0" />
  <Point X="103.0" Y="141.0" />
  <Point X="103.0" Y="142.0" />
  <Point X="102.28378863592795" Y="142.71621136407205" />
  <Point X="102.0" Y="143.0" />
  <Point X="102.0" Y="144.0" />
  <Point X="102.0" Y="145.0" />
  <Point X="101.0" Y="145.0" />
  <Point X="101.0" Y="146.0" />
  <Point X="100.34894125141957" Y="146.65105874858043" />
  <Point X="100.0" Y="147.0" />
  <Point X="100.0" Y="148.0" />
  <Point X="99.0" Y="149.0" />
  <Point X="99.0" Y="150.0" />
  <Point X="99.0" Y="151.0" />
  <Point X="98.58561716268134" Y="151.0" />
  <Point X="98.0" Y="151.0" />
  <Point X="98.0" Y="152.0" />
  <Point X="97.0" Y="152.0" />
  <Point X="97.0" Y="153.0" />
  <Point X="96.0" Y="153.0" />
  <Point X="96.0" Y="153.7364566872394" />
  <Point X="96.0" Y="154.0" />
  <Point X="95.0" Y="154.0" />
  <Point X="95.0" Y="155.0" />
  <Point X="95.0" Y="156.0" />
  <Point X="94.0" Y="156.0" />
  <Point X="94.0" Y="157.0" />
  <Point X="94.05853053716015" Y="157.0" />
  <Point X="95.0" Y="157.0" />
  <Point X="96.0" Y="157.0" />
  <Point X="97.0" Y="157.0" />
  <Point X="98.0" Y="157.0" />
  <Point X="99.0" Y="157.0" />
  <Point X="99.3806043870809" Y="157.0" />
  <Point X="100.0" Y="157.0" />
  <Point X="101.0" Y="157.0" />
  <Point X="102.0" Y="157.0" />
  <Point X="103.0" Y="157.0" />
  <Point X="104.0" Y="157.0" />
  <Point X="104.70267823700163" Y="157.0" />
  <Point X="105.0" Y="157.0" />
  <Point X="106.0" Y="157.0" />
  <Point X="107.0" Y="157.0" />
  <Point X="108.0" Y="157.0" />
  <Point X="109.0" Y="157.0" />
  <Point X="110.0" Y="157.0" />
  <Point X="110.02475208692238" Y="157.0" />
  <Point X="111.0" Y="157.0" />
  <Point X="112.0" Y="157.0" />
  <Point X="113.0" Y="157.0" />
  <Point X="114.0" Y="157.0" />
  <Point X="115.0" Y="157.0" />
  <Point X="115.34682593684312" Y="157.0" />
  <Point X="116.0" Y="157.0" />
  <Point X="118.0" Y="157.0" />
  <Point X="119.0" Y="157.0" />
  <Point X="120.66889978676386" Y="157.0" />
  <Point X="121.0" Y="157.0" />
  <Point X="123.0" Y="157.0" />
  <Point X="125.0" Y="157.0" />
  <Point X="125.9909736366846" Y="157.0" />
  <Point X="126.0" Y="157.0" />
  <Point X="127.0" Y="157.0" />
  <Point X="128.0" Y="157.0" />
  <Point X="130.0" Y="157.0" />
  <Point X="131.0" Y="157.0" />
  <Point X="131.31304748660534" Y="157.0" />
  <Point X="132.0" Y="157.0" />
  <Point X="133.0" Y="157.0" />
  <Point X="134.0" Y="157.0" />
  <Point X="135.0" Y="157.0" />
  <Point X="136.0" Y="157.0" />
  <Point X="136.63512133652608" Y="157.0" />
  <Point X="137.0" Y="157.0" />
  <Point X="138.0" Y="157.0" />
  <Point X="139.0" Y="157.0" />
  <Point X="141.0" Y="157.0" />
  <Point X="141.95719518644682" Y="157.0" />
  <Point X="142.0" Y="157.0" />
  <Point X="143.0" Y="157.0" />
  <Point X="145.0" Y="157.0" />
  <Point X="146.0" Y="157.0" />
  <Point X="147.27926903636757" Y="157.0" />
  <Point X="148.0" Y="157.0" />
  <Point X="149.0" Y="157.0" />
  <Point X="150.0" Y="157.0" />
  <Point X="152.0" Y="157.0" />
  <Point X="152.6013428862883" Y="157.0" />
  <Point X="153.0" Y="157.0" />
  <Point X="154.0" Y="157.0" />
  <Point X="155.0" Y="157.0" />
  <Point X="155.0" Y="158.0" />
  <Point X="156.0" Y="158.0" />
  <Point X="156.92341673620905" Y="158.0" />
  <Point X="157.0" Y="158.0" />
  <Point X="158.0" Y="158.0" />
  <Point X="159.0" Y="158.0" />
  <Point X="160.0" Y="158.0" />
  <Point X="161.0" Y="158.0" />
  <Point X="162.0" Y="158.0" />
  <Point X="162.2454905861298" Y="158.0" />
  <Point X="163.0" Y="158.0" />
  <Point X="163.0" Y="159.0" />
  <Point X="164.0" Y="159.0" />
  <Point X="165.0" Y="159.0" />
  <Point X="166.0" Y="159.0" />
  <Point X="166.0" Y="159.56756443605053" />
  <Point X="166.0" Y="160.0" />
  <Point X="166.0" Y="159.0" />
  <Point X="166.0" Y="158.0" />
  <Point X="166.0" Y="157.0" />
  <Point X="166.0" Y="156.0" />
  <Point X="166.0" Y="155.11036171402873" />
  <Point X="166.0" Y="155.0" />
  <Point X="166.0" Y="154.0" />
  <Point X="166.0" Y="153.0" />
  <Point X="165.0" Y="153.0" />
  <Point X="165.0" Y="152.0" />
  <Point X="164.0" Y="152.0" />
  <Point X="164.0" Y="151.78828786410799" />
  <Point X="164.0" Y="151.0" />
  <Point X="163.0" Y="150.0" />
  <Point X="162.0" Y="149.0" />
  <Point X="161.0" Y="149.0" />
  <Point X="160.50123596616982" Y="148.50123596616982" />
  <Point X="160.0" Y="148.0" />
  <Point X="159.0" Y="147.0" />
  <Point X="159.0" Y="146.0" />
  <Point X="158.0" Y="146.0" />
  <Point X="157.0" Y="146.0" />
  <Point X="157.0" Y="145.80099441375887" />
  <Point X="157.0" Y="145.0" />
  <Point X="156.0" Y="145.0" />
  <Point X="155.0" Y="144.0" />
  <Point X="154.0" Y="143.0" />
  <Point X="153.30734768858431" Y="143.0" />
  <Point X="153.0" Y="143.0" />
  <Point X="153.0" Y="142.0" />
  <Point X="151.0" Y="142.0" />
  <Point X="151.0" Y="141.0" />
  <Point X="150.28248025027162" Y="140.28248025027162" />
  <Point X="150.0" Y="140.0" />
  <Point X="149.0" Y="139.0" />
  <Point X="148.0" Y="139.0" />
  <Point X="147.0" Y="138.0" />
  <Point X="146.021354149205" Y="137.51067707460248" />
  <Point X="145.0" Y="137.0" />
  <Point X="144.0" Y="136.0" />
  <Point X="143.0" Y="135.0" />
  <Point X="141.79096871346098" Y="134.3954843567305" />
  <Point X="141.0" Y="134.0" />
  <Point X="140.0" Y="134.0" />
  <Point X="140.0" Y="133.0" />
  <Point X="139.0" Y="132.0" />
  <Point X="138.08452659564944" Y="131.54226329782472" />
  <Point X="137.0" Y="131.0" />
  <Point X="135.0" Y="129.0" />
  <Point X="134.09411904706562" Y="128.09411904706562" />
  <Point X="134.0" Y="128.0" />
  <Point X="132.0" Y="127.0" />
  <Point X="131.0" Y="127.0" />
  <Point X="131.0" Y="126.0" />
  <Point X="130.32619693026834" Y="125.32619693026835" />
  <Point X="130.0" Y="125.0" />
  <Point X="128.0" Y="125.0" />
  <Point X="126.41313490860693" Y="122.61970236291039" />
  <Point X="126.0" Y="122.0" />
  <Point X="125.0" Y="122.0" />
  <Point X="124.0" Y="121.0" />
  <Point X="123.0" Y="121.0" />
  <Point X="122.17758479330182" Y="120.17758479330182" />
  <Point X="121.0" Y="119.0" />
  <Point X="119.0" Y="118.0" />
  <Point X="118.0" Y="117.0" />
  <Point X="117.99424353411356" Y="116.99712176705678" />
  <Point X="116.0" Y="116.0" />
  <Point X="115.0" Y="115.0" />
  <Point X="114.0" Y="114.0" />
  <Point X="113.76385809836955" Y="113.88192904918478" />
  <Point X="112.0" Y="113.0" />
  <Point X="111.0" Y="112.0" />
  <Point X="110.0" Y="111.0" />
  <Point X="109.47840658013436" Y="111.0" />
  <Point X="109.0" Y="111.0" />
  <Point X="108.0" Y="110.0" />
  <Point X="106.0" Y="109.0" />
  <Point X="105.15614885780691" Y="108.15614885780691" />
  <Point X="105.0" Y="108.0" />
  <Point X="104.0" Y="107.0" />
  <Point X="102.0" Y="106.0" />
  <Point X="101.0" Y="105.0" />
  <Point X="100.96324908478483" Y="105.0" />
  <Point X="99.0" Y="105.0" />
  <Point X="98.0" Y="103.0" />
  <Point X="96.93485938779676" Y="102.64495312926559" />
  <Point X="95.0" Y="102.0" />
  <Point X="93.0" Y="101.0" />
  <Point X="93.0" Y="100.0" />
  <Point X="92.9535150001113" Y="100.0" />
  <Point X="92.0" Y="100.0" />
  <Point X="91.0" Y="100.0" />
  <Point X="91.0" Y="99.0" />
  <Point X="89.0" Y="99.0" />
  <Point X="89.0" Y="98.63144115019055" />
  <Point X="89.0" Y="98.0" />
  <Point X="87.0" Y="98.0" />
  <Point X="87.0" Y="97.0" />
  <Point X="86.0" Y="97.0" />
  <Point X="85.5116489347116" Y="96.5116489347116" />
  <Point X="85.0" Y="96.0" />
  <Point X="84.0" Y="96.0" />
  <Point X="83.0" Y="95.0" />
  <Point X="82.0" Y="95.0" />
  <Point X="81.16258798783014" Y="94.16258798783014" />
  <Point X="81.0" Y="94.0" />
  <Point X="80.0" Y="94.0" />
  <Point X="80.0" Y="93.0" />
  <Point X="79.0" Y="93.0" />
  <Point X="78.0" Y="92.0" />
  <Point X="77.32207384992068" Y="92.0" />
  <Point X="77.0" Y="92.0" />
  <Point X="76.0" Y="92.0" />
  <Point X="76.0" Y="91.0" />
  <Point X="75.0" Y="91.0" />
  <Point X="74.0" Y="91.0" />
  <Point X="74.0" Y="90.0" />
</Project_1_Part_4>
