<?xml version="1.0" encoding="utf-8" standalone="yes"?>
<Gesture Name="delete_mark9" Subject="3" Number="3" NumPts="348">
  <Point X="206.0" Y="25.0" />
  <Point X="199.88424508195064" Y="29.262495851973807" />
  <Point X="193.76849016390128" Y="33.52499170394761" />
  <Point X="187.65273524585191" Y="37.787487555921416" />
  <Point X="181.53698032780255" Y="42.04998340789522" />
  <Point X="175.42122540975316" Y="46.31247925986902" />
  <Point X="169.30547049170377" Y="50.574975111842825" />
  <Point X="163.1897155736544" Y="54.83747096381663" />
  <Point X="157.07396065560505" Y="59.09996681579043" />
  <Point X="150.95820573755566" Y="63.362462667764234" />
  <Point X="144.8424508195063" Y="67.62495851973804" />
  <Point X="140.0" Y="71.0" />
  <Point X="139.0" Y="71.0" />
  <Point X="138.44794375448663" Y="71.0" />
  <Point X="138.0" Y="71.0" />
  <Point X="137.0" Y="71.0" />
  <Point X="137.0" Y="72.0" />
  <Point X="136.0" Y="72.0" />
  <Point X="136.0" Y="73.0" />
  <Point X="135.0" Y="73.0" />
  <Point X="134.0" Y="73.0" />
  <Point X="133.28817383447995" Y="73.71182616552007" />
  <Point X="133.0" Y="74.0" />
  <Point X="132.0" Y="74.0" />
  <Point X="131.0" Y="75.0" />
  <Point X="130.0" Y="76.0" />
  <Point X="129.0" Y="76.0" />
  <Point X="128.0" Y="76.0" />
  <Point X="128.0" Y="77.0" />
  <Point X="127.78134849797165" Y="77.0" />
  <Point X="127.0" Y="77.0" />
  <Point X="126.0" Y="78.0" />
  <Point X="125.0" Y="78.0" />
  <Point X="124.0" Y="79.0" />
  <Point X="124.0" Y="80.0" />
  <Point X="123.0" Y="80.0" />
  <Point X="122.24435003085735" Y="80.37782498457133" />
  <Point X="121.0" Y="81.0" />
  <Point X="120.0" Y="82.0" />
  <Point X="119.0" Y="82.0" />
  <Point X="118.0" Y="83.0" />
  <Point X="118.0" Y="84.0" />
  <Point X="117.0" Y="84.0" />
  <Point X="117.0" Y="84.23496521867045" />
  <Point X="117.0" Y="85.0" />
  <Point X="116.0" Y="85.0" />
  <Point X="115.0" Y="86.0" />
  <Point X="115.0" Y="87.0" />
  <Point X="114.0" Y="87.0" />
  <Point X="113.0" Y="88.0" />
  <Point X="112.39107070625433" Y="88.60892929374567" />
  <Point X="112.0" Y="89.0" />
  <Point X="111.0" Y="90.0" />
  <Point X="110.0" Y="90.0" />
  <Point X="109.0" Y="91.0" />
  <Point X="108.0" Y="92.0" />
  <Point X="107.0" Y="93.0" />
  <Point X="106.82696656841387" Y="93.17303343158613" />
  <Point X="106.0" Y="94.0" />
  <Point X="105.0" Y="95.0" />
  <Point X="104.0" Y="95.0" />
  <Point X="103.0" Y="97.0" />
  <Point X="102.26888220227895" Y="98.46223559544211" />
  <Point X="102.0" Y="99.0" />
  <Point X="101.0" Y="99.0" />
  <Point X="100.0" Y="100.0" />
  <Point X="99.0" Y="100.0" />
  <Point X="98.0" Y="102.0" />
  <Point X="97.14928156417207" Y="102.85071843582793" />
  <Point X="97.0" Y="103.0" />
  <Point X="96.0" Y="104.0" />
  <Point X="95.0" Y="105.0" />
  <Point X="94.0" Y="106.0" />
  <Point X="94.0" Y="107.0" />
  <Point X="93.0" Y="107.0" />
  <Point X="92.55240123193727" Y="107.89519753612547" />
  <Point X="92.0" Y="109.0" />
  <Point X="91.0" Y="110.0" />
  <Point X="90.0" Y="111.0" />
  <Point X="90.0" Y="112.0" />
  <Point X="89.0" Y="113.0" />
  <Point X="88.0232294207685" Y="113.0" />
  <Point X="88.0" Y="113.0" />
  <Point X="88.0" Y="114.0" />
  <Point X="87.0" Y="115.0" />
  <Point X="87.0" Y="116.0" />
  <Point X="86.0" Y="116.0" />
  <Point X="85.0" Y="117.0" />
  <Point X="84.0" Y="118.0" />
  <Point X="84.0" Y="118.18874786392935" />
  <Point X="84.0" Y="119.0" />
  <Point X="83.0" Y="119.0" />
  <Point X="83.0" Y="120.0" />
  <Point X="82.0" Y="120.0" />
  <Point X="82.0" Y="121.0" />
  <Point X="81.0" Y="122.0" />
  <Point X="81.0" Y="123.0" />
  <Point X="80.77084772662661" Y="123.0" />
  <Point X="80.0" Y="123.0" />
  <Point X="80.0" Y="124.0" />
  <Point X="79.0" Y="124.0" />
  <Point X="79.0" Y="125.0" />
  <Point X="78.0" Y="125.0" />
  <Point X="77.0" Y="126.0" />
  <Point X="77.0" Y="127.0" />
  <Point X="76.80939464166565" Y="127.19060535833435" />
  <Point X="76.0" Y="128.0" />
  <Point X="75.0" Y="128.0" />
  <Point X="75.0" Y="129.0" />
  <Point X="74.0" Y="130.0" />
  <Point X="74.0" Y="131.0" />
  <Point X="73.0" Y="131.0" />
  <Point X="73.0" Y="131.89574752988838" />
  <Point X="73.0" Y="132.0" />
  <Point X="72.0" Y="132.0" />
  <Point X="72.0" Y="133.0" />
  <Point X="71.0" Y="133.0" />
  <Point X="71.0" Y="134.0" />
  <Point X="71.0" Y="135.0" />
  <Point X="70.0" Y="135.0" />
  <Point X="70.0" Y="136.0" />
  <Point X="69.64963449829449" Y="136.0" />
  <Point X="69.0" Y="136.0" />
  <Point X="69.0" Y="137.0" />
  <Point X="69.0" Y="138.0" />
  <Point X="69.0" Y="139.0" />
  <Point X="70.0" Y="140.0" />
  <Point X="71.0" Y="140.0" />
  <Point X="72.0" Y="140.0" />
  <Point X="72.0" Y="140.39076991114956" />
  <Point X="72.0" Y="141.0" />
  <Point X="73.0" Y="141.0" />
  <Point X="74.0" Y="141.0" />
  <Point X="75.0" Y="141.0" />
  <Point X="76.0" Y="141.0" />
  <Point X="77.0" Y="141.0" />
  <Point X="78.0" Y="141.0" />
  <Point X="78.84538788296669" Y="141.0" />
  <Point X="79.0" Y="141.0" />
  <Point X="80.0" Y="141.0" />
  <Point X="82.0" Y="141.0" />
  <Point X="83.0" Y="141.0" />
  <Point X="84.0" Y="141.0" />
  <Point X="85.0" Y="141.0" />
  <Point X="86.30000585478382" Y="141.0" />
  <Point X="87.0" Y="141.0" />
  <Point X="88.0" Y="141.0" />
  <Point X="89.0" Y="141.0" />
  <Point X="90.0" Y="141.0" />
  <Point X="92.0" Y="141.0" />
  <Point X="93.0" Y="141.0" />
  <Point X="93.75462382660095" Y="141.0" />
  <Point X="95.0" Y="141.0" />
  <Point X="96.0" Y="141.0" />
  <Point X="97.0" Y="141.0" />
  <Point X="98.0" Y="141.0" />
  <Point X="99.0" Y="141.0" />
  <Point X="100.0" Y="141.0" />
  <Point X="101.20924179841808" Y="141.0" />
  <Point X="102.0" Y="141.0" />
  <Point X="104.0" Y="141.0" />
  <Point X="105.0" Y="141.0" />
  <Point X="106.0" Y="141.0" />
  <Point X="108.0" Y="141.0" />
  <Point X="108.6638597702352" Y="141.0" />
  <Point X="109.0" Y="141.0" />
  <Point X="110.0" Y="141.0" />
  <Point X="112.0" Y="141.0" />
  <Point X="113.0" Y="141.0" />
  <Point X="114.0" Y="141.0" />
  <Point X="115.0" Y="141.0" />
  <Point X="116.0" Y="141.0" />
  <Point X="116.11847774205233" Y="141.0" />
  <Point X="118.0" Y="141.0" />
  <Point X="121.0" Y="141.0" />
  <Point X="122.0" Y="141.0" />
  <Point X="123.57309571386946" Y="141.0" />
  <Point X="124.0" Y="141.0" />
  <Point X="125.0" Y="141.0" />
  <Point X="127.0" Y="141.0" />
  <Point X="128.0" Y="141.0" />
  <Point X="130.0" Y="140.0" />
  <Point X="130.79164570818682" Y="140.0" />
  <Point X="131.0" Y="140.0" />
  <Point X="133.0" Y="140.0" />
  <Point X="134.0" Y="140.0" />
  <Point X="136.0" Y="140.0" />
  <Point X="137.0" Y="140.0" />
  <Point X="138.24626368000395" Y="140.0" />
  <Point X="139.0" Y="140.0" />
  <Point X="140.0" Y="140.0" />
  <Point X="141.0" Y="140.0" />
  <Point X="142.0" Y="140.0" />
  <Point X="143.0" Y="140.0" />
  <Point X="144.0" Y="140.0" />
  <Point X="145.70088165182108" Y="140.0" />
  <Point X="146.0" Y="140.0" />
  <Point X="148.0" Y="139.0" />
  <Point X="150.0" Y="139.0" />
  <Point X="151.0" Y="139.0" />
  <Point X="152.91943164613843" Y="139.0" />
  <Point X="153.0" Y="139.0" />
  <Point X="154.0" Y="139.0" />
  <Point X="155.0" Y="139.0" />
  <Point X="156.0" Y="139.0" />
  <Point X="157.0" Y="139.0" />
  <Point X="158.0" Y="139.0" />
  <Point X="159.0" Y="138.0" />
  <Point X="159.95983605558249" Y="138.0" />
  <Point X="160.0" Y="138.0" />
  <Point X="161.0" Y="138.0" />
  <Point X="162.0" Y="138.0" />
  <Point X="163.0" Y="138.0" />
  <Point X="164.0" Y="138.0" />
  <Point X="165.0" Y="138.0" />
  <Point X="166.0" Y="138.0" />
  <Point X="167.0" Y="138.0" />
  <Point X="167.41445402739961" Y="138.0" />
  <Point X="168.0" Y="138.0" />
  <Point X="169.0" Y="138.0" />
  <Point X="170.0" Y="138.0" />
  <Point X="171.0" Y="138.0" />
  <Point X="172.0" Y="138.0" />
  <Point X="173.0" Y="138.0" />
  <Point X="173.0" Y="137.0" />
  <Point X="172.13092800078326" Y="137.0" />
  <Point X="172.0" Y="137.0" />
  <Point X="172.0" Y="136.0" />
  <Point X="171.0" Y="136.0" />
  <Point X="170.0" Y="136.0" />
  <Point X="170.0" Y="135.0" />
  <Point X="169.0" Y="135.0" />
  <Point X="168.0" Y="135.0" />
  <Point X="167.06400984529333" Y="134.06400984529333" />
  <Point X="167.0" Y="134.0" />
  <Point X="166.0" Y="134.0" />
  <Point X="164.0" Y="133.0" />
  <Point X="162.0" Y="132.0" />
  <Point X="161.0" Y="132.0" />
  <Point X="160.10804157452168" Y="132.0" />
  <Point X="160.0" Y="132.0" />
  <Point X="159.0" Y="131.0" />
  <Point X="158.0" Y="131.0" />
  <Point X="156.0" Y="131.0" />
  <Point X="156.0" Y="130.0" />
  <Point X="155.0" Y="129.0" />
  <Point X="154.48185072745073" Y="129.0" />
  <Point X="153.0" Y="129.0" />
  <Point X="151.0" Y="128.0" />
  <Point X="150.0" Y="127.0" />
  <Point X="148.0" Y="127.0" />
  <Point X="147.67751429550648" Y="127.0" />
  <Point X="147.0" Y="127.0" />
  <Point X="146.0" Y="126.0" />
  <Point X="144.0" Y="126.0" />
  <Point X="143.0" Y="125.0" />
  <Point X="141.2570507058168" Y="124.1285253529084" />
  <Point X="141.0" Y="124.0" />
  <Point X="140.0" Y="124.0" />
  <Point X="139.0" Y="123.0" />
  <Point X="137.0" Y="123.0" />
  <Point X="135.0" Y="122.0" />
  <Point X="134.4830549939911" Y="122.0" />
  <Point X="133.0" Y="122.0" />
  <Point X="132.0" Y="121.0" />
  <Point X="129.0" Y="120.0" />
  <Point X="128.0" Y="120.0" />
  <Point X="127.64663707967742" Y="119.82331853983871" />
  <Point X="126.0" Y="119.0" />
  <Point X="125.0" Y="118.0" />
  <Point X="122.0" Y="117.0" />
  <Point X="120.96286947293956" Y="117.0" />
  <Point X="120.0" Y="117.0" />
  <Point X="118.0" Y="116.0" />
  <Point X="117.0" Y="115.0" />
  <Point X="115.0" Y="115.0" />
  <Point X="114.24736907153819" Y="114.6236845357691" />
  <Point X="111.0" Y="113.0" />
  <Point X="110.0" Y="112.0" />
  <Point X="107.59026458655084" Y="112.0" />
  <Point X="107.0" Y="112.0" />
  <Point X="105.0" Y="110.0" />
  <Point X="104.0" Y="109.0" />
  <Point X="102.0" Y="109.0" />
  <Point X="101.44392325778739" Y="108.7219616288937" />
  <Point X="100.0" Y="108.0" />
  <Point X="98.0" Y="107.0" />
  <Point X="96.0" Y="106.0" />
  <Point X="94.7763102452775" Y="105.38815512263875" />
  <Point X="94.0" Y="105.0" />
  <Point X="92.0" Y="104.0" />
  <Point X="91.0" Y="104.0" />
  <Point X="89.0" Y="103.0" />
  <Point X="88.00312442376753" Y="102.50156221188377" />
  <Point X="87.0" Y="102.0" />
  <Point X="86.0" Y="102.0" />
  <Point X="84.0" Y="100.0" />
  <Point X="81.62386743146996" Y="99.20795581048998" />
  <Point X="81.0" Y="99.0" />
  <Point X="79.0" Y="98.0" />
  <Point X="78.0" Y="97.0" />
  <Point X="76.0" Y="96.0" />
  <Point X="75.08934555937023" Y="96.0" />
  <Point X="75.0" Y="96.0" />
  <Point X="74.0" Y="96.0" />
  <Point X="73.0" Y="95.0" />
  <Point X="72.0" Y="94.0" />
  <Point X="70.0" Y="93.0" />
  <Point X="69.08021154314334" Y="92.08021154314334" />
  <Point X="69.0" Y="92.0" />
  <Point X="67.0" Y="91.0" />
  <Point X="65.0" Y="91.0" />
  <Point X="65.0" Y="90.0" />
  <Point X="63.0" Y="90.0" />
  <Point X="63.0" Y="89.89488625785484" />
  <Point X="63.0" Y="89.0" />
  <Point X="61.0" Y="89.0" />
  <Point X="59.0" Y="87.0" />
  <Point X="58.0" Y="87.0" />
  <Point X="57.482889565852446" Y="86.48288956585245" />
  <Point X="57.0" Y="86.0" />
  <Point X="56.0" Y="85.0" />
  <Point X="55.0" Y="85.0" />
  <Point X="54.0" Y="84.0" />
  <Point X="53.0" Y="84.0" />
  <Point X="53.0" Y="83.0" />
  <Point X="52.156303043194" Y="82.578151521597" />
  <Point X="51.0" Y="82.0" />
  <Point X="50.0" Y="82.0" />
  <Point X="50.0" Y="81.0" />
  <Point X="48.0" Y="81.0" />
  <Point X="47.0" Y="80.0" />
  <Point X="46.25238169414179" Y="80.0" />
  <Point X="46.0" Y="80.0" />
  <Point X="45.0" Y="79.0" />
  <Point X="44.0" Y="78.0" />
  <Point X="43.0" Y="78.0" />
  <Point X="43.0" Y="77.0" />
  <Point X="42.0" Y="77.0" />
  <Point X="41.0" Y="77.0" />
  <Point X="40.7356770130942" Y="76.73567701309419" />
  <Point X="40.0" Y="76.0" />
  <Point X="39.0" Y="76.0" />
  <Point X="39.0" Y="75.0" />
  <Point X="38.0" Y="74.0" />
  <Point X="37.0" Y="74.0" />
  <Point X="37.0" Y="73.0" />
  <Point X="38.0" Y="73.0" />
</Project_1_Part_4>
