<?xml version="1.0" encoding="utf-8" standalone="yes"?>
<Gesture Name="left_sq_bracket9" Subject="3" Number="3" NumPts="229">
  <Point X="123.0" Y="67.0" />
  <Point X="122.0" Y="67.0" />
  <Point X="121.0" Y="67.0" />
  <Point X="121.0" Y="66.35850454662899" />
  <Point X="121.0" Y="66.0" />
  <Point X="120.0" Y="66.0" />
  <Point X="119.0" Y="66.0" />
  <Point X="118.71700909325799" Y="66.0" />
  <Point X="118.0" Y="66.0" />
  <Point X="117.0" Y="65.0" />
  <Point X="116.48972720226008" Y="65.0" />
  <Point X="116.0" Y="65.0" />
  <Point X="115.0" Y="65.0" />
  <Point X="114.0" Y="65.0" />
  <Point X="113.84823174888908" Y="65.0" />
  <Point X="113.0" Y="65.0" />
  <Point X="112.0" Y="65.0" />
  <Point X="111.20673629551807" Y="65.0" />
  <Point X="111.0" Y="65.0" />
  <Point X="110.0" Y="65.0" />
  <Point X="109.0" Y="65.0" />
  <Point X="109.0" Y="64.56524084214706" />
  <Point X="109.0" Y="64.0" />
  <Point X="108.0" Y="64.0" />
  <Point X="107.0" Y="64.0" />
  <Point X="106.92374538877606" Y="64.0" />
  <Point X="106.0" Y="64.0" />
  <Point X="105.0" Y="64.0" />
  <Point X="104.28224993540505" Y="64.0" />
  <Point X="104.0" Y="64.0" />
  <Point X="103.0" Y="64.0" />
  <Point X="102.0" Y="64.0" />
  <Point X="101.64075448203404" Y="64.0" />
  <Point X="101.0" Y="64.0" />
  <Point X="100.0" Y="64.0" />
  <Point X="100.0" Y="65.0" />
  <Point X="99.99925902866303" Y="65.0" />
  <Point X="99.0" Y="65.0" />
  <Point X="99.0" Y="66.0" />
  <Point X="98.35776357529203" Y="66.0" />
  <Point X="98.0" Y="66.0" />
  <Point X="98.0" Y="67.0" />
  <Point X="97.0" Y="67.0" />
  <Point X="97.0" Y="67.28373187807898" />
  <Point X="97.0" Y="68.0" />
  <Point X="96.0" Y="68.0" />
  <Point X="96.0" Y="68.92522733144999" />
  <Point X="96.0" Y="69.0" />
  <Point X="96.0" Y="70.0" />
  <Point X="95.0" Y="70.0" />
  <Point X="95.0" Y="70.566722784821" />
  <Point X="95.0" Y="71.0" />
  <Point X="95.0" Y="72.0" />
  <Point X="94.0" Y="72.0" />
  <Point X="94.0" Y="72.208218238192" />
  <Point X="94.0" Y="73.0" />
  <Point X="94.0" Y="74.0" />
  <Point X="94.0" Y="74.84971369156301" />
  <Point X="94.0" Y="75.0" />
  <Point X="94.0" Y="76.0" />
  <Point X="94.0" Y="77.0" />
  <Point X="93.50879085506598" Y="77.0" />
  <Point X="93.0" Y="77.0" />
  <Point X="93.0" Y="78.0" />
  <Point X="93.0" Y="79.0" />
  <Point X="93.0" Y="79.13270459830503" />
  <Point X="93.0" Y="80.0" />
  <Point X="93.0" Y="81.0" />
  <Point X="93.0" Y="81.77420005167603" />
  <Point X="93.0" Y="82.0" />
  <Point X="93.0" Y="83.0" />
  <Point X="93.0" Y="84.0" />
  <Point X="93.0" Y="84.41569550504704" />
  <Point X="93.0" Y="85.0" />
  <Point X="93.0" Y="86.0" />
  <Point X="93.0" Y="87.0" />
  <Point X="93.0" Y="87.05719095841805" />
  <Point X="93.0" Y="88.0" />
  <Point X="93.0" Y="89.0" />
  <Point X="93.0" Y="89.69868641178905" />
  <Point X="93.0" Y="90.0" />
  <Point X="93.0" Y="91.0" />
  <Point X="93.0" Y="92.0" />
  <Point X="93.0" Y="92.34018186516006" />
  <Point X="93.0" Y="93.0" />
  <Point X="93.0" Y="94.0" />
  <Point X="93.0" Y="94.98167731853107" />
  <Point X="93.0" Y="95.0" />
  <Point X="93.0" Y="96.0" />
  <Point X="93.0" Y="97.0" />
  <Point X="93.0" Y="97.62317277190208" />
  <Point X="93.0" Y="98.0" />
  <Point X="93.0" Y="99.0" />
  <Point X="93.0" Y="100.0" />
  <Point X="93.0" Y="100.26466822527308" />
  <Point X="93.0" Y="101.0" />
  <Point X="93.0" Y="102.0" />
  <Point X="93.0" Y="102.90616367864409" />
  <Point X="93.0" Y="103.0" />
  <Point X="93.0" Y="104.0" />
  <Point X="93.0" Y="105.0" />
  <Point X="93.0" Y="105.5476591320151" />
  <Point X="93.0" Y="106.0" />
  <Point X="93.0" Y="107.0" />
  <Point X="93.0" Y="108.0" />
  <Point X="93.0" Y="108.1891545853861" />
  <Point X="93.0" Y="109.0" />
  <Point X="93.0" Y="110.0" />
  <Point X="93.0" Y="110.83065003875711" />
  <Point X="93.0" Y="111.0" />
  <Point X="94.0" Y="111.0" />
  <Point X="94.0" Y="112.0" />
  <Point X="94.0" Y="112.47214549212812" />
  <Point X="94.0" Y="113.0" />
  <Point X="94.0" Y="114.0" />
  <Point X="94.0" Y="115.0" />
  <Point X="94.0" Y="115.11364094549913" />
  <Point X="94.0" Y="116.0" />
  <Point X="94.0" Y="117.0" />
  <Point X="94.0" Y="117.75513639887014" />
  <Point X="94.0" Y="118.0" />
  <Point X="94.0" Y="119.0" />
  <Point X="94.0" Y="120.0" />
  <Point X="94.0" Y="120.39663185224114" />
  <Point X="94.0" Y="121.0" />
  <Point X="94.0" Y="122.0" />
  <Point X="94.0" Y="123.0" />
  <Point X="94.0" Y="123.03812730561215" />
  <Point X="94.0" Y="124.0" />
  <Point X="94.0" Y="125.0" />
  <Point X="94.0" Y="125.67962275898316" />
  <Point X="94.0" Y="126.0" />
  <Point X="94.0" Y="127.0" />
  <Point X="94.0" Y="128.0" />
  <Point X="94.0" Y="128.32111821235415" />
  <Point X="94.0" Y="129.0" />
  <Point X="94.0" Y="130.0" />
  <Point X="94.0" Y="130.96261366572514" />
  <Point X="94.0" Y="131.0" />
  <Point X="94.0" Y="132.0" />
  <Point X="94.0" Y="133.0" />
  <Point X="94.0" Y="133.60410911909614" />
  <Point X="94.0" Y="134.0" />
  <Point X="94.0" Y="135.0" />
  <Point X="94.0" Y="136.0" />
  <Point X="94.0" Y="136.24560457246713" />
  <Point X="94.0" Y="137.0" />
  <Point X="94.0" Y="138.0" />
  <Point X="94.0" Y="138.88710002583812" />
  <Point X="94.0" Y="139.0" />
  <Point X="95.0" Y="139.0" />
  <Point X="95.0" Y="140.0" />
  <Point X="95.0" Y="140.52859547920912" />
  <Point X="95.0" Y="141.0" />
  <Point X="95.0" Y="142.0" />
  <Point X="95.0" Y="143.0" />
  <Point X="95.0" Y="143.1700909325801" />
  <Point X="95.0" Y="144.0" />
  <Point X="95.0" Y="145.0" />
  <Point X="95.0" Y="145.8115863859511" />
  <Point X="95.0" Y="146.0" />
  <Point X="95.0" Y="147.0" />
  <Point X="95.0" Y="148.0" />
  <Point X="95.0" Y="148.4530818393221" />
  <Point X="95.0" Y="149.0" />
  <Point X="95.0" Y="150.0" />
  <Point X="95.0" Y="151.0" />
  <Point X="95.0" Y="151.0945772926931" />
  <Point X="95.0" Y="152.0" />
  <Point X="95.0" Y="153.0" />
  <Point X="95.0" Y="153.73607274606408" />
  <Point X="95.0" Y="154.0" />
  <Point X="95.0" Y="155.0" />
  <Point X="95.0" Y="156.0" />
  <Point X="95.0" Y="156.37756819943507" />
  <Point X="95.0" Y="157.0" />
  <Point X="95.0" Y="158.0" />
  <Point X="95.0" Y="159.0" />
  <Point X="95.0" Y="159.01906365280607" />
  <Point X="95.0" Y="160.0" />
  <Point X="95.0" Y="161.0" />
  <Point X="95.0" Y="161.66055910617706" />
  <Point X="95.0" Y="162.0" />
  <Point X="95.0" Y="163.0" />
  <Point X="95.0" Y="164.0" />
  <Point X="95.0" Y="164.30205455954805" />
  <Point X="95.0" Y="165.0" />
  <Point X="95.0" Y="166.0" />
  <Point X="95.0" Y="166.94355001291905" />
  <Point X="95.0" Y="167.0" />
  <Point X="94.0" Y="167.0" />
  <Point X="94.0" Y="168.0" />
  <Point X="94.0" Y="168.58504546629004" />
  <Point X="94.0" Y="169.0" />
  <Point X="94.0" Y="170.0" />
  <Point X="94.0" Y="171.0" />
  <Point X="94.0" Y="171.22654091966103" />
  <Point X="94.0" Y="172.0" />
  <Point X="94.0" Y="173.0" />
  <Point X="94.0" Y="173.86803637303203" />
  <Point X="94.0" Y="174.0" />
  <Point X="94.0" Y="175.0" />
  <Point X="94.0" Y="176.0" />
  <Point X="94.50953182640303" Y="176.0" />
  <Point X="95.0" Y="176.0" />
  <Point X="96.0" Y="176.0" />
  <Point X="97.0" Y="176.0" />
  <Point X="97.15102727977404" Y="176.0" />
  <Point X="98.0" Y="176.0" />
  <Point X="98.0" Y="177.0" />
  <Point X="98.79252273314505" Y="177.0" />
  <Point X="99.0" Y="177.0" />
  <Point X="100.0" Y="177.0" />
  <Point X="101.0" Y="177.0" />
  <Point X="101.43401818651606" Y="177.0" />
  <Point X="102.0" Y="177.0" />
  <Point X="103.0" Y="177.0" />
  <Point X="104.0" Y="177.0" />
  <Point X="104.07551363988706" Y="177.0" />
  <Point X="105.0" Y="177.0" />
  <Point X="106.0" Y="177.0" />
  <Point X="106.71700909325807" Y="177.0" />
  <Point X="107.0" Y="177.0" />
  <Point X="108.0" Y="177.0" />
  <Point X="109.0" Y="177.0" />
  <Point X="109.35850454662908" Y="177.0" />
  <Point X="110.0" Y="177.0" />
  <Point X="111.0" Y="177.0" />
  <Point X="112.0" Y="177.0" />
</Project_1_Part_4>
