<?xml version="1.0" encoding="utf-8" standalone="yes"?>
<Gesture Name="left_curly_brace2" Subject="3" Number="3" NumPts="278">
  <Point X="150.0" Y="55.0" />
  <Point X="149.0" Y="55.0" />
  <Point X="148.0" Y="55.0" />
  <Point X="147.0" Y="55.0" />
  <Point X="146.4466113495957" Y="55.0" />
  <Point X="146.0" Y="55.0" />
  <Point X="145.0" Y="55.0" />
  <Point X="144.0" Y="55.0" />
  <Point X="143.0" Y="55.0" />
  <Point X="142.89322269919143" Y="55.0" />
  <Point X="142.0" Y="55.0" />
  <Point X="141.0" Y="55.0" />
  <Point X="140.0" Y="55.0" />
  <Point X="139.33983404878714" Y="55.0" />
  <Point X="139.0" Y="55.0" />
  <Point X="139.0" Y="56.0" />
  <Point X="138.0" Y="56.0" />
  <Point X="137.0" Y="56.0" />
  <Point X="136.78644539838285" Y="56.0" />
  <Point X="136.0" Y="56.0" />
  <Point X="135.0" Y="57.0" />
  <Point X="134.0" Y="57.0" />
  <Point X="133.64727031035167" Y="57.0" />
  <Point X="133.0" Y="57.0" />
  <Point X="132.0" Y="57.0" />
  <Point X="132.0" Y="58.0" />
  <Point X="131.09388165994739" Y="58.0" />
  <Point X="131.0" Y="58.0" />
  <Point X="131.0" Y="59.0" />
  <Point X="130.0" Y="59.0" />
  <Point X="129.0" Y="59.0" />
  <Point X="128.5404930095431" Y="59.0" />
  <Point X="128.0" Y="59.0" />
  <Point X="128.0" Y="60.0" />
  <Point X="127.0" Y="60.0" />
  <Point X="126.0" Y="60.0" />
  <Point X="126.0" Y="60.012895640861174" />
  <Point X="126.0" Y="61.0" />
  <Point X="125.0" Y="61.0" />
  <Point X="124.0" Y="61.0" />
  <Point X="123.43371570873455" Y="61.0" />
  <Point X="123.0" Y="61.0" />
  <Point X="123.0" Y="62.0" />
  <Point X="122.0" Y="63.0" />
  <Point X="121.29454062070337" Y="63.0" />
  <Point X="121.0" Y="63.0" />
  <Point X="120.0" Y="64.0" />
  <Point X="119.0" Y="64.0" />
  <Point X="118.40275324052863" Y="64.59724675947137" />
  <Point X="118.0" Y="65.0" />
  <Point X="118.0" Y="66.0" />
  <Point X="117.0" Y="66.0" />
  <Point X="116.30434159200955" Y="66.69565840799045" />
  <Point X="116.0" Y="67.0" />
  <Point X="115.0" Y="68.0" />
  <Point X="114.0" Y="69.0" />
  <Point X="113.79171638111737" Y="69.20828361888263" />
  <Point X="113.0" Y="70.0" />
  <Point X="112.0" Y="71.0" />
  <Point X="112.0" Y="72.0" />
  <Point X="111.98048095569794" Y="72.0" />
  <Point X="111.0" Y="72.0" />
  <Point X="111.0" Y="73.0" />
  <Point X="110.0" Y="74.0" />
  <Point X="109.84130586766676" Y="74.0" />
  <Point X="109.0" Y="74.0" />
  <Point X="109.0" Y="75.0" />
  <Point X="108.0" Y="75.0" />
  <Point X="108.0" Y="75.71208278273751" />
  <Point X="108.0" Y="76.0" />
  <Point X="107.0" Y="78.0" />
  <Point X="107.0" Y="79.0" />
  <Point X="106.97920861712522" Y="79.02079138287478" />
  <Point X="106.0" Y="80.0" />
  <Point X="106.0" Y="81.0" />
  <Point X="105.1736901874196" Y="81.8263098125804" />
  <Point X="105.0" Y="82.0" />
  <Point X="105.0" Y="83.0" />
  <Point X="104.0" Y="84.0" />
  <Point X="104.0" Y="84.89354006933127" />
  <Point X="104.0" Y="85.0" />
  <Point X="104.0" Y="86.0" />
  <Point X="104.0" Y="87.0" />
  <Point X="103.0" Y="87.0" />
  <Point X="103.0" Y="87.44692871973554" />
  <Point X="103.0" Y="88.0" />
  <Point X="103.0" Y="89.0" />
  <Point X="103.0" Y="90.0" />
  <Point X="103.0" Y="91.0" />
  <Point X="103.0" Y="91.00031737013981" />
  <Point X="103.0" Y="92.0" />
  <Point X="103.0" Y="93.0" />
  <Point X="103.0" Y="94.0" />
  <Point X="103.0" Y="94.55370602054408" />
  <Point X="103.0" Y="95.0" />
  <Point X="103.0" Y="96.0" />
  <Point X="103.0" Y="97.0" />
  <Point X="103.0" Y="98.0" />
  <Point X="103.10709467094836" Y="98.0" />
  <Point X="104.0" Y="98.0" />
  <Point X="105.0" Y="98.0" />
  <Point X="105.0" Y="99.0" />
  <Point X="105.66048332135263" Y="99.0" />
  <Point X="106.0" Y="99.0" />
  <Point X="107.0" Y="99.0" />
  <Point X="108.0" Y="99.0" />
  <Point X="108.0" Y="100.0" />
  <Point X="108.2138719717569" Y="100.0" />
  <Point X="109.0" Y="100.0" />
  <Point X="109.0" Y="101.0" />
  <Point X="110.0" Y="101.0" />
  <Point X="110.76726062216117" Y="101.0" />
  <Point X="111.0" Y="101.0" />
  <Point X="112.0" Y="102.0" />
  <Point X="113.0" Y="102.0" />
  <Point X="113.0" Y="102.90643571019235" />
  <Point X="113.0" Y="103.0" />
  <Point X="114.0" Y="103.0" />
  <Point X="114.0" Y="104.0" />
  <Point X="115.0" Y="104.0" />
  <Point X="115.0" Y="104.45982436059663" />
  <Point X="115.0" Y="105.0" />
  <Point X="115.0" Y="106.0" />
  <Point X="116.0" Y="106.0" />
  <Point X="116.0" Y="107.0" />
  <Point X="115.9867869889991" Y="107.0" />
  <Point X="115.0" Y="107.0" />
  <Point X="114.0" Y="107.0" />
  <Point X="113.0" Y="107.0" />
  <Point X="112.43339833859483" Y="107.0" />
  <Point X="112.0" Y="107.0" />
  <Point X="111.0" Y="107.0" />
  <Point X="110.0" Y="107.0" />
  <Point X="109.0" Y="107.0" />
  <Point X="108.88000968819055" Y="107.0" />
  <Point X="108.0" Y="107.0" />
  <Point X="108.0" Y="108.0" />
  <Point X="107.0" Y="108.0" />
  <Point X="106.32662103778628" Y="108.0" />
  <Point X="106.0" Y="108.0" />
  <Point X="106.0" Y="109.0" />
  <Point X="106.0" Y="110.0" />
  <Point X="105.0" Y="110.0" />
  <Point X="105.0" Y="110.22676761261799" />
  <Point X="105.0" Y="111.0" />
  <Point X="104.0" Y="111.0" />
  <Point X="104.0" Y="112.0" />
  <Point X="104.0" Y="112.78015626302226" />
  <Point X="104.0" Y="113.0" />
  <Point X="104.0" Y="114.0" />
  <Point X="103.0" Y="114.0" />
  <Point X="103.0" Y="115.0" />
  <Point X="103.0" Y="115.33354491342654" />
  <Point X="103.0" Y="116.0" />
  <Point X="103.0" Y="117.0" />
  <Point X="103.0" Y="118.0" />
  <Point X="103.0" Y="118.88693356383081" />
  <Point X="103.0" Y="119.0" />
  <Point X="103.0" Y="120.0" />
  <Point X="103.0" Y="121.0" />
  <Point X="103.0" Y="122.0" />
  <Point X="103.44032221423508" Y="122.0" />
  <Point X="104.0" Y="122.0" />
  <Point X="104.0" Y="123.0" />
  <Point X="105.0" Y="123.0" />
  <Point X="105.0" Y="123.99371086463935" />
  <Point X="105.0" Y="124.0" />
  <Point X="106.0" Y="124.0" />
  <Point X="107.0" Y="124.0" />
  <Point X="107.0" Y="125.0" />
  <Point X="107.54709951504363" Y="125.0" />
  <Point X="108.0" Y="125.0" />
  <Point X="108.0" Y="126.0" />
  <Point X="109.0" Y="126.0" />
  <Point X="110.0" Y="126.0" />
  <Point X="110.1004881654479" Y="126.0" />
  <Point X="111.0" Y="126.0" />
  <Point X="111.0" Y="127.0" />
  <Point X="111.0" Y="128.0" />
  <Point X="111.0" Y="128.6538768158522" />
  <Point X="111.0" Y="129.0" />
  <Point X="111.0" Y="130.0" />
  <Point X="111.0" Y="131.0" />
  <Point X="111.0" Y="132.0" />
  <Point X="111.0" Y="132.20726546625647" />
  <Point X="111.0" Y="133.0" />
  <Point X="111.0" Y="134.0" />
  <Point X="111.0" Y="135.0" />
  <Point X="111.0" Y="135.76065411666076" />
  <Point X="111.0" Y="136.0" />
  <Point X="110.0" Y="136.0" />
  <Point X="110.0" Y="137.0" />
  <Point X="110.0" Y="138.0" />
  <Point X="109.77793822982572" Y="138.22206177017426" />
  <Point X="109.0" Y="139.0" />
  <Point X="109.0" Y="140.0" />
  <Point X="108.0" Y="140.0" />
  <Point X="108.0" Y="140.4532178550962" />
  <Point X="108.0" Y="141.0" />
  <Point X="108.0" Y="142.0" />
  <Point X="108.0" Y="143.0" />
  <Point X="107.0" Y="143.0" />
  <Point X="107.0" Y="143.00660650550049" />
  <Point X="107.0" Y="144.0" />
  <Point X="107.0" Y="145.0" />
  <Point X="106.0" Y="145.0" />
  <Point X="106.0" Y="145.55999515590477" />
  <Point X="106.0" Y="146.0" />
  <Point X="106.0" Y="147.0" />
  <Point X="106.0" Y="148.0" />
  <Point X="106.0" Y="149.0" />
  <Point X="106.0" Y="149.11338380630906" />
  <Point X="106.0" Y="150.0" />
  <Point X="106.0" Y="151.0" />
  <Point X="106.0" Y="152.0" />
  <Point X="106.0" Y="152.66677245671335" />
  <Point X="106.0" Y="153.0" />
  <Point X="106.0" Y="154.0" />
  <Point X="106.0" Y="155.0" />
  <Point X="106.0" Y="156.0" />
  <Point X="106.22016110711762" Y="156.0" />
  <Point X="107.0" Y="156.0" />
  <Point X="107.0" Y="157.0" />
  <Point X="108.0" Y="158.0" />
  <Point X="108.0" Y="158.35933619514879" />
  <Point X="108.0" Y="159.0" />
  <Point X="109.0" Y="159.0" />
  <Point X="110.0" Y="159.0" />
  <Point X="110.91272484555306" Y="159.0" />
  <Point X="111.0" Y="159.0" />
  <Point X="111.0" Y="160.0" />
  <Point X="112.0" Y="160.0" />
  <Point X="113.0" Y="160.0" />
  <Point X="113.46611349595733" Y="160.0" />
  <Point X="114.0" Y="160.0" />
  <Point X="115.0" Y="160.0" />
  <Point X="116.0" Y="160.0" />
  <Point X="117.0" Y="160.0" />
  <Point X="117.0195021463616" Y="160.0" />
  <Point X="118.0" Y="160.0" />
  <Point X="119.0" Y="160.0" />
  <Point X="120.0" Y="160.0" />
  <Point X="120.57289079676588" Y="160.0" />
  <Point X="121.0" Y="160.0" />
  <Point X="122.0" Y="160.0" />
  <Point X="123.0" Y="160.0" />
  <Point X="124.0" Y="160.0" />
  <Point X="124.12627944717015" Y="160.0" />
  <Point X="125.0" Y="160.0" />
  <Point X="127.0" Y="160.0" />
  <Point X="127.67966809757442" Y="160.0" />
  <Point X="128.0" Y="160.0" />
  <Point X="129.0" Y="160.0" />
  <Point X="130.0" Y="160.0" />
  <Point X="131.0" Y="160.0" />
  <Point X="131.2330567479787" Y="160.0" />
  <Point X="132.0" Y="160.0" />
  <Point X="133.0" Y="160.0" />
  <Point X="134.0" Y="160.0" />
  <Point X="134.786445398383" Y="160.0" />
  <Point X="135.0" Y="160.0" />
  <Point X="136.0" Y="160.0" />
  <Point X="137.0" Y="160.0" />
  <Point X="138.0" Y="160.0" />
  <Point X="138.33983404878728" Y="160.0" />
  <Point X="139.0" Y="160.0" />
  <Point X="140.0" Y="160.0" />
  <Point X="141.0" Y="160.0" />
  <Point X="141.89322269919157" Y="160.0" />
  <Point X="142.0" Y="160.0" />
  <Point X="143.0" Y="160.0" />
  <Point X="144.0" Y="160.0" />
  <Point X="145.0" Y="160.0" />
  <Point X="145.44661134959586" Y="160.0" />
  <Point X="146.0" Y="160.0" />
  <Point X="147.0" Y="160.0" />
  <Point X="148.0" Y="160.0" />
  <Point X="149.0" Y="160.0" />
</Project_1_Part_4>
