<?xml version="1.0" encoding="utf-8" standalone="yes"?>
<Gesture Name="left_sq_bracket8" Subject="3" Number="3" NumPts="273">
  <Point X="125.0" Y="65.0" />
  <Point X="124.0" Y="65.0" />
  <Point X="124.0" Y="64.0" />
  <Point X="123.0" Y="64.0" />
  <Point X="122.57857497656374" Y="64.0" />
  <Point X="122.0" Y="64.0" />
  <Point X="121.0" Y="63.0" />
  <Point X="120.0" Y="63.0" />
  <Point X="119.57136351550058" Y="63.0" />
  <Point X="119.0" Y="63.0" />
  <Point X="118.0" Y="63.0" />
  <Point X="117.0" Y="63.0" />
  <Point X="116.39891574331301" Y="62.39891574331302" />
  <Point X="116.0" Y="62.0" />
  <Point X="115.0" Y="62.0" />
  <Point X="114.0" Y="62.0" />
  <Point X="113.14272703100114" Y="62.0" />
  <Point X="113.0" Y="62.0" />
  <Point X="112.0" Y="62.0" />
  <Point X="111.0" Y="61.0" />
  <Point X="110.13551556993798" Y="61.0" />
  <Point X="110.0" Y="61.0" />
  <Point X="109.0" Y="61.0" />
  <Point X="108.0" Y="61.0" />
  <Point X="106.71409054650172" Y="61.0" />
  <Point X="106.0" Y="61.0" />
  <Point X="105.0" Y="61.0" />
  <Point X="104.0" Y="61.0" />
  <Point X="103.29266552306547" Y="61.0" />
  <Point X="103.0" Y="61.0" />
  <Point X="103.0" Y="60.0" />
  <Point X="102.0" Y="60.0" />
  <Point X="101.0" Y="60.0" />
  <Point X="100.87124049962921" Y="60.0" />
  <Point X="100.0" Y="60.0" />
  <Point X="99.0" Y="60.0" />
  <Point X="98.0" Y="60.0" />
  <Point X="97.44981547619295" Y="60.0" />
  <Point X="97.0" Y="60.0" />
  <Point X="95.0" Y="59.0" />
  <Point X="94.26445843025648" Y="59.0" />
  <Point X="94.0" Y="59.0" />
  <Point X="93.0" Y="59.0" />
  <Point X="92.0" Y="59.0" />
  <Point X="91.0" Y="59.0" />
  <Point X="90.84303340682023" Y="59.0" />
  <Point X="90.0" Y="59.0" />
  <Point X="89.0" Y="59.0" />
  <Point X="88.0" Y="59.0" />
  <Point X="87.42160838338397" Y="59.0" />
  <Point X="87.0" Y="59.0" />
  <Point X="86.0" Y="59.0" />
  <Point X="85.0" Y="59.0" />
  <Point X="84.00018335994771" Y="59.0" />
  <Point X="84.0" Y="59.0" />
  <Point X="84.0" Y="60.0" />
  <Point X="84.0" Y="61.0" />
  <Point X="83.0" Y="61.0" />
  <Point X="83.0" Y="61.42124166348855" />
  <Point X="83.0" Y="62.0" />
  <Point X="83.0" Y="63.0" />
  <Point X="82.0" Y="63.0" />
  <Point X="82.0" Y="63.842666686924815" />
  <Point X="82.0" Y="64.0" />
  <Point X="82.0" Y="65.0" />
  <Point X="81.0" Y="65.0" />
  <Point X="81.0" Y="66.0" />
  <Point X="81.0" Y="66.26409171036107" />
  <Point X="81.0" Y="67.0" />
  <Point X="80.0" Y="68.0" />
  <Point X="80.0" Y="69.0" />
  <Point X="79.72869682857576" Y="69.0" />
  <Point X="79.0" Y="69.0" />
  <Point X="79.0" Y="70.0" />
  <Point X="79.0" Y="71.0" />
  <Point X="79.0" Y="71.69272819486049" />
  <Point X="79.0" Y="72.0" />
  <Point X="79.0" Y="73.0" />
  <Point X="78.0" Y="73.0" />
  <Point X="78.0" Y="74.0" />
  <Point X="78.0" Y="74.11415321829675" />
  <Point X="78.0" Y="75.0" />
  <Point X="78.0" Y="76.0" />
  <Point X="78.0" Y="77.0" />
  <Point X="78.0" Y="77.535578241733" />
  <Point X="78.0" Y="78.0" />
  <Point X="77.0" Y="78.0" />
  <Point X="77.0" Y="79.0" />
  <Point X="77.0" Y="79.95700326516926" />
  <Point X="77.0" Y="80.0" />
  <Point X="77.0" Y="81.0" />
  <Point X="77.0" Y="82.0" />
  <Point X="76.02530400974767" Y="82.97469599025233" />
  <Point X="76.0" Y="83.0" />
  <Point X="76.0" Y="84.0" />
  <Point X="76.0" Y="85.0" />
  <Point X="76.0" Y="86.0" />
  <Point X="75.61436025033132" Y="86.0" />
  <Point X="75.0" Y="86.0" />
  <Point X="75.0" Y="87.0" />
  <Point X="75.0" Y="88.0" />
  <Point X="75.0" Y="88.80706477310494" />
  <Point X="75.0" Y="89.0" />
  <Point X="75.0" Y="90.0" />
  <Point X="75.0" Y="91.0" />
  <Point X="74.13132653424724" Y="91.86867346575276" />
  <Point X="74.0" Y="92.0" />
  <Point X="74.0" Y="93.0" />
  <Point X="74.0" Y="94.0" />
  <Point X="74.0" Y="95.0" />
  <Point X="74.0" Y="95.23570125760436" />
  <Point X="74.0" Y="96.0" />
  <Point X="74.0" Y="97.0" />
  <Point X="74.0" Y="98.0" />
  <Point X="74.0" Y="98.65712628104062" />
  <Point X="74.0" Y="99.0" />
  <Point X="74.0" Y="100.0" />
  <Point X="73.0" Y="100.0" />
  <Point X="73.0" Y="101.07855130447687" />
  <Point X="73.0" Y="102.0" />
  <Point X="73.0" Y="103.0" />
  <Point X="73.0" Y="104.0" />
  <Point X="73.0" Y="104.49997632791313" />
  <Point X="73.0" Y="105.0" />
  <Point X="73.0" Y="106.0" />
  <Point X="73.0" Y="107.0" />
  <Point X="73.0" Y="107.92140135134939" />
  <Point X="73.0" Y="108.0" />
  <Point X="73.0" Y="109.0" />
  <Point X="73.0" Y="110.0" />
  <Point X="72.0" Y="110.0" />
  <Point X="72.0" Y="110.34282637478564" />
  <Point X="72.0" Y="111.0" />
  <Point X="72.0" Y="112.0" />
  <Point X="72.0" Y="113.0" />
  <Point X="72.0" Y="113.7642513982219" />
  <Point X="72.0" Y="114.0" />
  <Point X="72.0" Y="115.0" />
  <Point X="71.0" Y="116.0" />
  <Point X="71.0" Y="116.77146285928507" />
  <Point X="71.0" Y="117.0" />
  <Point X="71.0" Y="118.0" />
  <Point X="71.0" Y="119.0" />
  <Point X="71.0" Y="120.0" />
  <Point X="71.0" Y="120.19288788272132" />
  <Point X="71.0" Y="121.0" />
  <Point X="71.0" Y="122.0" />
  <Point X="71.0" Y="123.0" />
  <Point X="71.0" Y="123.61431290615758" />
  <Point X="71.0" Y="124.0" />
  <Point X="71.0" Y="125.0" />
  <Point X="71.0" Y="126.0" />
  <Point X="71.0" Y="127.0" />
  <Point X="71.0" Y="127.03573792959384" />
  <Point X="71.0" Y="128.0" />
  <Point X="71.0" Y="129.0" />
  <Point X="71.0" Y="130.0" />
  <Point X="70.54283704696991" Y="130.0" />
  <Point X="70.0" Y="130.0" />
  <Point X="70.0" Y="131.0" />
  <Point X="70.0" Y="132.0" />
  <Point X="70.0" Y="132.87858797646635" />
  <Point X="70.0" Y="133.0" />
  <Point X="70.0" Y="134.0" />
  <Point X="70.0" Y="135.0" />
  <Point X="70.0" Y="136.0" />
  <Point X="70.0" Y="136.3000129999026" />
  <Point X="70.0" Y="137.0" />
  <Point X="70.0" Y="138.0" />
  <Point X="70.0" Y="139.0" />
  <Point X="70.0" Y="139.72143802333886" />
  <Point X="70.0" Y="140.0" />
  <Point X="70.0" Y="141.0" />
  <Point X="70.0" Y="142.0" />
  <Point X="70.0" Y="143.0" />
  <Point X="70.0" Y="143.14286304677512" />
  <Point X="70.0" Y="144.0" />
  <Point X="70.0" Y="145.0" />
  <Point X="69.0" Y="145.0" />
  <Point X="69.0" Y="145.56428807021138" />
  <Point X="69.0" Y="146.0" />
  <Point X="69.0" Y="147.0" />
  <Point X="69.0" Y="148.0" />
  <Point X="69.0" Y="148.98571309364763" />
  <Point X="69.0" Y="149.0" />
  <Point X="69.0" Y="150.0" />
  <Point X="69.0" Y="151.0" />
  <Point X="68.0" Y="151.0" />
  <Point X="68.0" Y="151.4071381170839" />
  <Point X="68.0" Y="152.0" />
  <Point X="68.0" Y="153.0" />
  <Point X="68.0" Y="154.0" />
  <Point X="67.17143685947985" Y="154.0" />
  <Point X="67.0" Y="154.0" />
  <Point X="67.0" Y="155.0" />
  <Point X="67.0" Y="156.0" />
  <Point X="67.0" Y="157.0" />
  <Point X="67.0" Y="157.2499881639564" />
  <Point X="67.0" Y="158.0" />
  <Point X="67.0" Y="159.0" />
  <Point X="67.0" Y="160.0" />
  <Point X="66.32858681260734" Y="160.0" />
  <Point X="66.0" Y="160.0" />
  <Point X="66.0" Y="161.0" />
  <Point X="66.0" Y="162.0" />
  <Point X="66.0" Y="163.0" />
  <Point X="66.0" Y="163.09283821082892" />
  <Point X="66.0" Y="164.0" />
  <Point X="66.0" Y="165.0" />
  <Point X="66.0" Y="166.0" />
  <Point X="66.0" Y="166.51426323426517" />
  <Point X="66.0" Y="167.0" />
  <Point X="66.0" Y="168.0" />
  <Point X="66.0" Y="169.0" />
  <Point X="66.0" Y="169.93568825770143" />
  <Point X="66.0" Y="170.0" />
  <Point X="66.0" Y="171.0" />
  <Point X="66.0" Y="172.0" />
  <Point X="66.0" Y="173.0" />
  <Point X="66.0" Y="173.35711328113769" />
  <Point X="66.0" Y="174.0" />
  <Point X="66.0" Y="175.0" />
  <Point X="66.0" Y="176.0" />
  <Point X="66.0" Y="176.77853830457394" />
  <Point X="66.0" Y="177.0" />
  <Point X="66.0" Y="178.0" />
  <Point X="66.0" Y="179.0" />
  <Point X="66.0" Y="180.0" />
  <Point X="66.0" Y="180.1999633280102" />
  <Point X="66.0" Y="181.0" />
  <Point X="66.0" Y="182.0" />
  <Point X="66.0" Y="183.0" />
  <Point X="66.0" Y="183.62138835144646" />
  <Point X="66.0" Y="184.0" />
  <Point X="67.0" Y="184.0" />
  <Point X="68.0" Y="184.0" />
  <Point X="68.0" Y="185.0" />
  <Point X="68.04281337488271" Y="185.0" />
  <Point X="69.0" Y="185.0" />
  <Point X="70.0" Y="185.0" />
  <Point X="71.0" Y="185.0" />
  <Point X="71.46423839831897" Y="185.0" />
  <Point X="72.0" Y="185.0" />
  <Point X="73.0" Y="185.0" />
  <Point X="74.0" Y="185.0" />
  <Point X="74.62625861137201" Y="185.626258611372" />
  <Point X="75.0" Y="186.0" />
  <Point X="76.0" Y="186.0" />
  <Point X="77.0" Y="186.0" />
  <Point X="77.8928748828184" Y="186.0" />
  <Point X="78.0" Y="186.0" />
  <Point X="79.0" Y="186.0" />
  <Point X="80.0" Y="186.0" />
  <Point X="81.0" Y="186.0" />
  <Point X="81.31429990625466" Y="186.0" />
  <Point X="82.0" Y="186.0" />
  <Point X="83.0" Y="186.0" />
  <Point X="84.0" Y="186.0" />
  <Point X="84.73572492969092" Y="186.0" />
  <Point X="85.0" Y="186.0" />
  <Point X="86.0" Y="186.0" />
  <Point X="87.0" Y="186.0" />
  <Point X="88.0" Y="186.0" />
  <Point X="88.15714995312717" Y="186.0" />
  <Point X="89.0" Y="186.0" />
  <Point X="90.0" Y="186.0" />
  <Point X="91.0" Y="186.0" />
  <Point X="91.57857497656343" Y="186.0" />
  <Point X="92.0" Y="186.0" />
  <Point X="93.0" Y="186.0" />
  <Point X="94.0" Y="186.0" />
  <Point X="94.99999999999969" Y="186.0" />
  <Point X="95.0" Y="186.0" />
</Project_1_Part_4>
