<?xml version="1.0" encoding="utf-8" standalone="yes"?>
<Gesture Name="left_sq_bracket6" Subject="3" Number="3" NumPts="245">
  <Point X="113.0" Y="70.0" />
  <Point X="112.0" Y="70.0" />
  <Point X="111.0" Y="70.0" />
  <Point X="110.05306580556362" Y="70.0" />
  <Point X="110.0" Y="70.0" />
  <Point X="109.0" Y="70.0" />
  <Point X="108.0" Y="70.0" />
  <Point X="107.10613161112724" Y="70.0" />
  <Point X="107.0" Y="70.0" />
  <Point X="106.0" Y="70.0" />
  <Point X="105.0" Y="70.0" />
  <Point X="104.15919741669086" Y="70.0" />
  <Point X="104.0" Y="70.0" />
  <Point X="103.0" Y="70.0" />
  <Point X="102.0" Y="70.0" />
  <Point X="101.21226322225448" Y="70.0" />
  <Point X="101.0" Y="70.0" />
  <Point X="100.0" Y="70.0" />
  <Point X="99.0" Y="69.0" />
  <Point X="98.67954259019119" Y="69.0" />
  <Point X="98.0" Y="69.0" />
  <Point X="97.0" Y="69.0" />
  <Point X="96.0" Y="69.0" />
  <Point X="95.73260839575481" Y="69.0" />
  <Point X="95.0" Y="69.0" />
  <Point X="94.0" Y="69.0" />
  <Point X="93.0" Y="69.0" />
  <Point X="92.78567420131843" Y="69.0" />
  <Point X="92.0" Y="69.0" />
  <Point X="91.0" Y="69.0" />
  <Point X="90.0" Y="69.0" />
  <Point X="89.83874000688205" Y="69.0" />
  <Point X="89.0" Y="69.0" />
  <Point X="88.0" Y="69.0" />
  <Point X="87.0" Y="69.0" />
  <Point X="86.89180581244567" Y="69.0" />
  <Point X="86.0" Y="69.0" />
  <Point X="85.0" Y="69.0" />
  <Point X="84.0" Y="69.0" />
  <Point X="83.94487161800929" Y="69.0" />
  <Point X="83.0" Y="69.0" />
  <Point X="82.0" Y="69.0" />
  <Point X="81.0" Y="69.0" />
  <Point X="81.0" Y="69.0020625764271" />
  <Point X="81.0" Y="70.0" />
  <Point X="80.0" Y="70.0" />
  <Point X="79.05100322913653" Y="70.0" />
  <Point X="79.0" Y="70.0" />
  <Point X="78.0" Y="70.0" />
  <Point X="78.0" Y="71.0" />
  <Point X="78.0" Y="71.89593096529985" />
  <Point X="78.0" Y="72.0" />
  <Point X="78.0" Y="73.0" />
  <Point X="77.0" Y="73.0" />
  <Point X="77.0" Y="73.84286515973623" />
  <Point X="77.0" Y="74.0" />
  <Point X="77.0" Y="75.0" />
  <Point X="77.0" Y="76.0" />
  <Point X="77.0" Y="76.78979935417262" />
  <Point X="77.0" Y="77.0" />
  <Point X="77.0" Y="78.0" />
  <Point X="77.0" Y="79.0" />
  <Point X="77.0" Y="79.736733548609" />
  <Point X="77.0" Y="80.0" />
  <Point X="77.0" Y="81.0" />
  <Point X="77.0" Y="82.0" />
  <Point X="77.0" Y="82.68366774304538" />
  <Point X="77.0" Y="83.0" />
  <Point X="77.0" Y="84.0" />
  <Point X="77.0" Y="85.0" />
  <Point X="77.0" Y="85.63060193748176" />
  <Point X="77.0" Y="86.0" />
  <Point X="77.0" Y="87.0" />
  <Point X="77.0" Y="88.0" />
  <Point X="77.0" Y="88.57753613191814" />
  <Point X="77.0" Y="90.0" />
  <Point X="77.0" Y="91.0" />
  <Point X="77.0" Y="91.52447032635452" />
  <Point X="77.0" Y="92.0" />
  <Point X="77.0" Y="93.0" />
  <Point X="77.0" Y="94.0" />
  <Point X="77.0" Y="94.4714045207909" />
  <Point X="77.0" Y="95.0" />
  <Point X="77.0" Y="97.0" />
  <Point X="77.0" Y="97.41833871522728" />
  <Point X="77.0" Y="98.0" />
  <Point X="77.0" Y="99.0" />
  <Point X="77.0" Y="100.0" />
  <Point X="77.0" Y="100.36527290966366" />
  <Point X="77.0" Y="101.0" />
  <Point X="77.0" Y="102.0" />
  <Point X="77.0" Y="103.0" />
  <Point X="77.0" Y="103.31220710410004" />
  <Point X="77.0" Y="104.0" />
  <Point X="77.0" Y="106.0" />
  <Point X="77.0" Y="106.25914129853642" />
  <Point X="77.0" Y="107.0" />
  <Point X="77.0" Y="108.0" />
  <Point X="77.85282415970399" Y="108.85282415970399" />
  <Point X="78.0" Y="109.0" />
  <Point X="78.0" Y="110.0" />
  <Point X="78.0" Y="111.0" />
  <Point X="78.0" Y="111.7387961250361" />
  <Point X="78.0" Y="112.0" />
  <Point X="78.0" Y="113.0" />
  <Point X="79.0" Y="114.0" />
  <Point X="79.0" Y="114.27151675709939" />
  <Point X="79.0" Y="115.0" />
  <Point X="79.0" Y="116.0" />
  <Point X="79.0" Y="117.0" />
  <Point X="79.0" Y="117.21845095153577" />
  <Point X="79.0" Y="118.0" />
  <Point X="79.0" Y="119.0" />
  <Point X="79.0" Y="120.0" />
  <Point X="79.0" Y="120.16538514597215" />
  <Point X="79.0" Y="121.0" />
  <Point X="79.0" Y="122.0" />
  <Point X="79.0" Y="123.0" />
  <Point X="79.0" Y="123.11231934040853" />
  <Point X="79.0" Y="124.0" />
  <Point X="79.0" Y="125.0" />
  <Point X="79.0" Y="126.0" />
  <Point X="79.0" Y="126.05925353484491" />
  <Point X="79.0" Y="127.0" />
  <Point X="79.0" Y="128.0" />
  <Point X="79.0" Y="129.0" />
  <Point X="79.0" Y="129.0061877292813" />
  <Point X="79.0" Y="130.0" />
  <Point X="80.0" Y="131.0" />
  <Point X="80.0" Y="131.5389083613446" />
  <Point X="80.0" Y="132.0" />
  <Point X="80.0" Y="133.0" />
  <Point X="80.0" Y="134.0" />
  <Point X="80.0" Y="134.48584255578098" />
  <Point X="80.0" Y="135.0" />
  <Point X="80.0" Y="136.0" />
  <Point X="80.0" Y="137.0" />
  <Point X="80.0" Y="137.43277675021736" />
  <Point X="80.0" Y="138.0" />
  <Point X="80.0" Y="139.0" />
  <Point X="80.0" Y="140.0" />
  <Point X="80.0" Y="140.37971094465374" />
  <Point X="80.0" Y="141.0" />
  <Point X="80.0" Y="142.0" />
  <Point X="80.0" Y="143.0" />
  <Point X="80.0" Y="143.32664513909012" />
  <Point X="80.0" Y="144.0" />
  <Point X="80.0" Y="145.0" />
  <Point X="80.0" Y="146.0" />
  <Point X="80.0" Y="146.2735793335265" />
  <Point X="80.0" Y="147.0" />
  <Point X="80.0" Y="148.0" />
  <Point X="80.0" Y="149.0" />
  <Point X="80.0" Y="149.22051352796288" />
  <Point X="80.0" Y="150.0" />
  <Point X="80.0" Y="151.0" />
  <Point X="80.0" Y="152.0" />
  <Point X="80.0" Y="152.16744772239926" />
  <Point X="80.0" Y="153.0" />
  <Point X="80.0" Y="154.0" />
  <Point X="80.0" Y="155.0" />
  <Point X="80.0" Y="155.11438191683564" />
  <Point X="80.0" Y="156.0" />
  <Point X="80.0" Y="157.0" />
  <Point X="80.0" Y="158.0" />
  <Point X="80.0" Y="158.06131611127202" />
  <Point X="80.0" Y="159.0" />
  <Point X="80.0" Y="160.0" />
  <Point X="80.0" Y="161.0" />
  <Point X="80.0" Y="161.0082503057084" />
  <Point X="80.0" Y="162.0" />
  <Point X="80.0" Y="163.0" />
  <Point X="80.0" Y="163.95518450014478" />
  <Point X="80.0" Y="164.0" />
  <Point X="80.0" Y="165.0" />
  <Point X="80.0" Y="166.0" />
  <Point X="80.0" Y="166.90211869458116" />
  <Point X="80.0" Y="167.0" />
  <Point X="80.0" Y="168.0" />
  <Point X="79.0" Y="168.0" />
  <Point X="79.0" Y="168.84905288901754" />
  <Point X="79.0" Y="169.0" />
  <Point X="79.0" Y="170.0" />
  <Point X="79.0" Y="171.0" />
  <Point X="79.0" Y="171.79598708345392" />
  <Point X="79.0" Y="172.0" />
  <Point X="78.0" Y="172.0" />
  <Point X="78.0" Y="173.0" />
  <Point X="78.0" Y="173.7429212778903" />
  <Point X="78.0" Y="174.0" />
  <Point X="78.0" Y="175.0" />
  <Point X="78.0" Y="176.0" />
  <Point X="78.0" Y="176.68985547232668" />
  <Point X="78.0" Y="177.0" />
  <Point X="78.0" Y="178.0" />
  <Point X="78.0" Y="179.0" />
  <Point X="78.0" Y="179.63678966676306" />
  <Point X="78.0" Y="180.0" />
  <Point X="78.0" Y="181.0" />
  <Point X="78.0" Y="182.0" />
  <Point X="78.0" Y="182.58372386119945" />
  <Point X="78.0" Y="183.0" />
  <Point X="78.0" Y="184.0" />
  <Point X="78.0" Y="185.0" />
  <Point X="77.46934194436417" Y="185.0" />
  <Point X="77.0" Y="185.0" />
  <Point X="78.0" Y="185.0" />
  <Point X="79.0" Y="185.0" />
  <Point X="79.4775922500722" Y="185.0" />
  <Point X="80.0" Y="185.0" />
  <Point X="81.0" Y="185.0" />
  <Point X="82.0" Y="185.0" />
  <Point X="82.42452644450859" Y="185.0" />
  <Point X="83.0" Y="185.0" />
  <Point X="84.0" Y="185.0" />
  <Point X="85.0" Y="185.0" />
  <Point X="85.37146063894497" Y="185.0" />
  <Point X="86.0" Y="185.0" />
  <Point X="87.0" Y="185.0" />
  <Point X="88.0" Y="185.0" />
  <Point X="88.31839483338135" Y="185.0" />
  <Point X="89.0" Y="185.0" />
  <Point X="90.0" Y="185.0" />
  <Point X="90.0" Y="186.0" />
  <Point X="90.26532902781773" Y="186.0" />
  <Point X="91.0" Y="186.0" />
  <Point X="92.0" Y="186.0" />
  <Point X="93.0" Y="186.0" />
  <Point X="93.21226322225411" Y="186.0" />
  <Point X="94.0" Y="186.0" />
  <Point X="95.0" Y="186.0" />
  <Point X="96.0" Y="186.0" />
  <Point X="96.15919741669049" Y="186.0" />
  <Point X="97.0" Y="186.0" />
  <Point X="98.0" Y="186.0" />
  <Point X="98.0" Y="187.0" />
  <Point X="98.10613161112687" Y="187.0" />
  <Point X="99.0" Y="187.0" />
  <Point X="100.0" Y="187.0" />
  <Point X="101.0" Y="187.0" />
  <Point X="101.05306580556325" Y="187.0" />
  <Point X="102.0" Y="187.0" />
  <Point X="102.0" Y="186.0" />
  <Point X="102.0" Y="185.00000000000037" />
  <Point X="102.0" Y="185.0" />
</Project_1_Part_4>
