<?xml version="1.0" encoding="utf-8" standalone="yes"?>
<Gesture Name="left_curly_brace9" Subject="3" Number="3" NumPts="257">
  <Point X="136.0" Y="54.0" />
  <Point X="135.0" Y="54.0" />
  <Point X="134.0" Y="54.0" />
  <Point X="133.0" Y="54.0" />
  <Point X="132.77439359626038" Y="54.0" />
  <Point X="132.0" Y="54.0" />
  <Point X="131.0" Y="54.0" />
  <Point X="130.0" Y="54.0" />
  <Point X="129.54878719252076" Y="54.0" />
  <Point X="129.0" Y="54.0" />
  <Point X="128.0" Y="55.0" />
  <Point X="127.0" Y="55.0" />
  <Point X="126.73739435115424" Y="55.0" />
  <Point X="126.0" Y="55.0" />
  <Point X="126.0" Y="56.0" />
  <Point X="125.0" Y="56.0" />
  <Point X="124.5117879474146" Y="56.0" />
  <Point X="124.0" Y="56.0" />
  <Point X="124.0" Y="57.0" />
  <Point X="123.0" Y="57.0" />
  <Point X="122.28618154367497" Y="57.0" />
  <Point X="122.0" Y="57.0" />
  <Point X="122.0" Y="58.0" />
  <Point X="122.0" Y="59.0" />
  <Point X="121.06057513993534" Y="59.0" />
  <Point X="121.0" Y="59.0" />
  <Point X="120.0" Y="59.0" />
  <Point X="120.0" Y="60.0" />
  <Point X="119.17619849306965" Y="60.823801506930344" />
  <Point X="119.0" Y="61.0" />
  <Point X="119.0" Y="62.0" />
  <Point X="118.0" Y="63.0" />
  <Point X="118.0" Y="63.56221054279773" />
  <Point X="118.0" Y="64.0" />
  <Point X="117.0" Y="64.0" />
  <Point X="117.0" Y="65.0" />
  <Point X="116.21218305346264" Y="65.0" />
  <Point X="116.0" Y="65.0" />
  <Point X="116.0" Y="66.0" />
  <Point X="116.0" Y="68.0" />
  <Point X="115.986576649723" Y="68.0" />
  <Point X="115.0" Y="68.0" />
  <Point X="115.0" Y="69.0" />
  <Point X="115.0" Y="70.0" />
  <Point X="114.83098044002949" Y="70.16901955997051" />
  <Point X="114.0" Y="71.0" />
  <Point X="114.0" Y="72.0" />
  <Point X="114.0" Y="73.0" />
  <Point X="113.96434584087955" Y="73.03565415912045" />
  <Point X="113.0" Y="74.0" />
  <Point X="113.0" Y="75.0" />
  <Point X="113.0" Y="75.86181543674968" />
  <Point X="113.0" Y="76.0" />
  <Point X="113.0" Y="77.0" />
  <Point X="112.0" Y="78.0" />
  <Point X="112.0" Y="78.6732082781162" />
  <Point X="112.0" Y="79.0" />
  <Point X="112.0" Y="80.0" />
  <Point X="111.0" Y="80.0" />
  <Point X="111.0" Y="80.89881468185584" />
  <Point X="111.0" Y="81.0" />
  <Point X="111.0" Y="82.0" />
  <Point X="111.0" Y="83.0" />
  <Point X="111.0" Y="84.0" />
  <Point X="111.0" Y="84.12442108559547" />
  <Point X="111.0" Y="85.0" />
  <Point X="110.0" Y="85.0" />
  <Point X="110.0" Y="86.0" />
  <Point X="110.0" Y="86.3500274893351" />
  <Point X="110.0" Y="87.0" />
  <Point X="110.0" Y="88.0" />
  <Point X="110.0" Y="89.0" />
  <Point X="110.0" Y="89.57563389307474" />
  <Point X="110.0" Y="90.0" />
  <Point X="110.0" Y="91.0" />
  <Point X="110.0" Y="92.0" />
  <Point X="110.0" Y="92.80124029681437" />
  <Point X="110.0" Y="93.0" />
  <Point X="110.0" Y="94.0" />
  <Point X="110.0" Y="95.0" />
  <Point X="110.0" Y="96.0" />
  <Point X="110.0" Y="96.026846700554" />
  <Point X="110.0" Y="97.0" />
  <Point X="110.0" Y="98.0" />
  <Point X="110.0" Y="99.0" />
  <Point X="110.0" Y="99.25245310429364" />
  <Point X="110.0" Y="100.0" />
  <Point X="110.0" Y="101.0" />
  <Point X="110.0" Y="102.0" />
  <Point X="110.0" Y="102.47805950803327" />
  <Point X="110.0" Y="103.0" />
  <Point X="110.0" Y="104.0" />
  <Point X="110.0" Y="105.0" />
  <Point X="110.0" Y="105.7036659117729" />
  <Point X="110.0" Y="106.0" />
  <Point X="110.0" Y="107.0" />
  <Point X="111.0" Y="108.0" />
  <Point X="111.51505875313943" Y="108.0" />
  <Point X="112.0" Y="108.0" />
  <Point X="112.0" Y="109.0" />
  <Point X="112.0" Y="110.0" />
  <Point X="112.74066515687906" Y="110.0" />
  <Point X="113.0" Y="110.0" />
  <Point X="113.0" Y="111.0" />
  <Point X="114.0" Y="112.0" />
  <Point X="114.39036395416773" Y="112.39036395416773" />
  <Point X="115.0" Y="113.0" />
  <Point X="116.0" Y="113.0" />
  <Point X="116.0" Y="114.0" />
  <Point X="116.36345083961211" Y="114.0" />
  <Point X="117.0" Y="114.0" />
  <Point X="118.0" Y="114.0" />
  <Point X="119.0" Y="114.0" />
  <Point X="119.0" Y="114.58905724335175" />
  <Point X="119.0" Y="115.0" />
  <Point X="120.0" Y="115.0" />
  <Point X="121.0" Y="115.0" />
  <Point X="121.0" Y="115.81466364709138" />
  <Point X="121.0" Y="116.0" />
  <Point X="120.0" Y="116.0" />
  <Point X="120.0" Y="117.0" />
  <Point X="119.0" Y="117.0" />
  <Point X="119.0" Y="117.04027005083101" />
  <Point X="119.0" Y="118.0" />
  <Point X="118.0" Y="118.0" />
  <Point X="118.0" Y="119.0" />
  <Point X="118.0" Y="119.26587645457064" />
  <Point X="118.0" Y="120.0" />
  <Point X="117.0" Y="120.0" />
  <Point X="117.0" Y="121.0" />
  <Point X="116.50851714168972" Y="121.0" />
  <Point X="116.0" Y="121.0" />
  <Point X="116.0" Y="122.0" />
  <Point X="115.0" Y="123.0" />
  <Point X="115.0" Y="123.3028756996768" />
  <Point X="115.0" Y="124.0" />
  <Point X="115.0" Y="125.0" />
  <Point X="115.0" Y="126.0" />
  <Point X="114.47151789658356" Y="126.0" />
  <Point X="114.0" Y="126.0" />
  <Point X="114.0" Y="127.0" />
  <Point X="114.0" Y="128.0" />
  <Point X="114.0" Y="128.75408850715607" />
  <Point X="114.0" Y="129.0" />
  <Point X="114.0" Y="130.0" />
  <Point X="114.0" Y="131.0" />
  <Point X="114.0" Y="131.9796949108957" />
  <Point X="114.0" Y="132.0" />
  <Point X="114.0" Y="133.0" />
  <Point X="114.0" Y="134.0" />
  <Point X="114.0" Y="135.0" />
  <Point X="114.0" Y="135.2053013146353" />
  <Point X="114.0" Y="136.0" />
  <Point X="113.0" Y="136.0" />
  <Point X="113.0" Y="137.0" />
  <Point X="113.0" Y="137.43090771837493" />
  <Point X="113.0" Y="138.0" />
  <Point X="113.0" Y="139.0" />
  <Point X="112.0" Y="139.0" />
  <Point X="112.0" Y="139.65651412211454" />
  <Point X="112.0" Y="140.0" />
  <Point X="112.0" Y="141.0" />
  <Point X="111.0" Y="142.0" />
  <Point X="111.0" Y="142.46790696348108" />
  <Point X="111.0" Y="143.0" />
  <Point X="111.0" Y="144.0" />
  <Point X="111.0" Y="145.0" />
  <Point X="110.30648663277928" Y="145.0" />
  <Point X="110.0" Y="145.0" />
  <Point X="110.0" Y="146.0" />
  <Point X="110.0" Y="147.0" />
  <Point X="110.0" Y="147.91911977096035" />
  <Point X="110.0" Y="148.0" />
  <Point X="110.0" Y="149.0" />
  <Point X="110.0" Y="150.0" />
  <Point X="109.0" Y="150.0" />
  <Point X="109.0" Y="150.14472617469997" />
  <Point X="109.0" Y="151.0" />
  <Point X="109.0" Y="152.0" />
  <Point X="109.0" Y="153.0" />
  <Point X="109.0" Y="153.3703325784396" />
  <Point X="109.0" Y="154.0" />
  <Point X="109.0" Y="155.0" />
  <Point X="109.0" Y="156.0" />
  <Point X="109.0" Y="156.5959389821792" />
  <Point X="109.0" Y="157.0" />
  <Point X="109.0" Y="158.0" />
  <Point X="109.0" Y="159.0" />
  <Point X="109.0" Y="159.82154538591882" />
  <Point X="109.0" Y="160.0" />
  <Point X="109.0" Y="161.0" />
  <Point X="109.0" Y="162.0" />
  <Point X="109.0" Y="163.0" />
  <Point X="109.0" Y="163.04715178965844" />
  <Point X="109.0" Y="165.0" />
  <Point X="109.0" Y="166.0" />
  <Point X="109.0" Y="166.27275819339806" />
  <Point X="109.0" Y="167.0" />
  <Point X="109.0" Y="168.0" />
  <Point X="109.0" Y="169.0" />
  <Point X="109.0" Y="169.49836459713768" />
  <Point X="109.0" Y="170.0" />
  <Point X="109.0" Y="171.0" />
  <Point X="109.0" Y="172.0" />
  <Point X="109.0" Y="172.7239710008773" />
  <Point X="109.0" Y="173.0" />
  <Point X="110.0" Y="173.0" />
  <Point X="110.0" Y="174.0" />
  <Point X="110.0" Y="174.94957740461692" />
  <Point X="110.0" Y="175.0" />
  <Point X="111.0" Y="176.0" />
  <Point X="112.0" Y="177.0" />
  <Point X="112.0" Y="177.34675668361035" />
  <Point X="112.0" Y="178.0" />
  <Point X="113.0" Y="178.0" />
  <Point X="113.0" Y="179.0" />
  <Point X="113.0" Y="179.57236308734997" />
  <Point X="113.0" Y="180.0" />
  <Point X="114.0" Y="180.0" />
  <Point X="114.0" Y="181.0" />
  <Point X="114.7979694910896" Y="181.0" />
  <Point X="115.0" Y="181.0" />
  <Point X="115.0" Y="182.0" />
  <Point X="116.0" Y="182.0" />
  <Point X="116.72377745629284" Y="182.72377745629282" />
  <Point X="117.0" Y="183.0" />
  <Point X="117.0" Y="184.0" />
  <Point X="118.0" Y="184.0" />
  <Point X="118.59041205544278" Y="184.59041205544278" />
  <Point X="119.0" Y="185.0" />
  <Point X="120.0" Y="185.0" />
  <Point X="121.0" Y="185.0" />
  <Point X="121.0" Y="185.6463615775623" />
  <Point X="121.0" Y="186.0" />
  <Point X="122.0" Y="186.0" />
  <Point X="123.0" Y="186.0" />
  <Point X="123.87196798130192" Y="186.0" />
  <Point X="124.0" Y="186.0" />
  <Point X="125.0" Y="186.0" />
  <Point X="126.0" Y="186.0" />
  <Point X="127.0" Y="186.0" />
  <Point X="127.09757438504155" Y="186.0" />
  <Point X="128.0" Y="186.0" />
  <Point X="129.0" Y="186.0" />
  <Point X="130.0" Y="186.0" />
  <Point X="130.32318078878117" Y="186.0" />
  <Point X="132.0" Y="186.0" />
  <Point X="133.0" Y="186.0" />
  <Point X="133.5487871925208" Y="186.0" />
  <Point X="134.0" Y="186.0" />
  <Point X="135.0" Y="186.0" />
  <Point X="136.0" Y="186.0" />
  <Point X="136.7743935962604" Y="186.0" />
  <Point X="137.0" Y="186.0" />
  <Point X="138.0" Y="186.0" />
  <Point X="139.0" Y="186.0" />
  <Point X="140.0" Y="186.0" />
</Project_1_Part_4>
