<?xml version="1.0" encoding="utf-8" standalone="yes"?>
<Gesture Name="left_curly_brace6" Subject="3" Number="3" NumPts="310">
  <Point X="132.0" Y="48.0" />
  <Point X="131.0" Y="48.0" />
  <Point X="130.0" Y="48.0" />
  <Point X="129.0" Y="48.0" />
  <Point X="128.0" Y="48.0" />
  <Point X="127.63951304573564" Y="48.0" />
  <Point X="127.0" Y="48.0" />
  <Point X="126.0" Y="48.0" />
  <Point X="126.0" Y="49.0" />
  <Point X="125.0" Y="49.0" />
  <Point X="124.49019446022076" Y="49.50980553977923" />
  <Point X="124.0" Y="50.0" />
  <Point X="123.0" Y="50.0" />
  <Point X="123.0" Y="51.0" />
  <Point X="122.0" Y="51.0" />
  <Point X="121.33275269958" Y="51.0" />
  <Point X="121.0" Y="51.0" />
  <Point X="120.0" Y="52.0" />
  <Point X="119.0" Y="52.0" />
  <Point X="119.0" Y="53.0" />
  <Point X="118.56617535806843" Y="53.433824641931565" />
  <Point X="118.0" Y="54.0" />
  <Point X="117.0" Y="55.0" />
  <Point X="116.0" Y="55.0" />
  <Point X="116.0" Y="56.0" />
  <Point X="115.85441947817056" Y="56.0" />
  <Point X="115.0" Y="56.0" />
  <Point X="115.0" Y="57.0" />
  <Point X="114.0" Y="58.0" />
  <Point X="114.0" Y="59.0" />
  <Point X="113.90814608627929" Y="59.0" />
  <Point X="113.0" Y="59.0" />
  <Point X="113.0" Y="60.0" />
  <Point X="112.0" Y="60.0" />
  <Point X="112.0" Y="61.0" />
  <Point X="111.68014670483994" Y="61.31985329516006" />
  <Point X="111.0" Y="62.0" />
  <Point X="111.0" Y="63.0" />
  <Point X="110.0" Y="64.0" />
  <Point X="110.0" Y="64.98440069750325" />
  <Point X="110.0" Y="65.0" />
  <Point X="110.0" Y="66.0" />
  <Point X="109.0" Y="67.0" />
  <Point X="109.0" Y="68.0" />
  <Point X="109.0" Y="68.93067408939451" />
  <Point X="109.0" Y="69.0" />
  <Point X="109.0" Y="70.0" />
  <Point X="109.0" Y="71.0" />
  <Point X="108.0" Y="72.0" />
  <Point X="108.0" Y="72.87694748128578" />
  <Point X="108.0" Y="73.0" />
  <Point X="108.0" Y="74.0" />
  <Point X="108.0" Y="75.0" />
  <Point X="108.0" Y="76.0" />
  <Point X="108.0" Y="77.0" />
  <Point X="108.0" Y="77.23743443555014" />
  <Point X="108.0" Y="78.0" />
  <Point X="108.0" Y="79.0" />
  <Point X="108.0" Y="80.0" />
  <Point X="108.0" Y="81.0" />
  <Point X="108.0" Y="81.5979213898145" />
  <Point X="108.0" Y="82.0" />
  <Point X="108.0" Y="83.0" />
  <Point X="108.0" Y="84.0" />
  <Point X="108.0" Y="85.0" />
  <Point X="108.0" Y="85.95840834407886" />
  <Point X="108.0" Y="86.0" />
  <Point X="108.0" Y="87.0" />
  <Point X="108.0" Y="88.0" />
  <Point X="109.0" Y="89.0" />
  <Point X="109.0" Y="89.90468173597013" />
  <Point X="109.0" Y="90.0" />
  <Point X="109.0" Y="91.0" />
  <Point X="110.0" Y="92.0" />
  <Point X="110.0" Y="93.0" />
  <Point X="110.0" Y="93.8509551278614" />
  <Point X="110.0" Y="94.0" />
  <Point X="111.0" Y="94.0" />
  <Point X="112.0" Y="95.0" />
  <Point X="112.0" Y="96.0" />
  <Point X="112.56372569247243" Y="96.56372569247243" />
  <Point X="113.0" Y="97.0" />
  <Point X="113.0" Y="98.0" />
  <Point X="114.0" Y="99.0" />
  <Point X="114.0" Y="100.0" />
  <Point X="114.32928834927085" Y="100.0" />
  <Point X="115.0" Y="100.0" />
  <Point X="116.0" Y="101.0" />
  <Point X="116.0" Y="102.0" />
  <Point X="117.0" Y="102.0" />
  <Point X="117.19485157581131" Y="102.19485157581131" />
  <Point X="118.0" Y="103.0" />
  <Point X="119.0" Y="104.0" />
  <Point X="120.0" Y="104.0" />
  <Point X="120.0" Y="104.8076215706803" />
  <Point X="120.0" Y="105.0" />
  <Point X="121.0" Y="105.0" />
  <Point X="121.0" Y="106.0" />
  <Point X="122.0" Y="106.0" />
  <Point X="123.0" Y="106.0" />
  <Point X="123.11887067796364" Y="106.11887067796364" />
  <Point X="124.0" Y="107.0" />
  <Point X="125.0" Y="107.0" />
  <Point X="126.0" Y="108.0" />
  <Point X="126.70016835446285" Y="108.0" />
  <Point X="127.0" Y="108.0" />
  <Point X="128.0" Y="109.0" />
  <Point X="129.0" Y="109.0" />
  <Point X="129.0" Y="110.0" />
  <Point X="129.64644174635413" Y="110.0" />
  <Point X="130.0" Y="110.0" />
  <Point X="132.0" Y="110.0" />
  <Point X="133.0" Y="111.0" />
  <Point X="133.5927151382454" Y="111.0" />
  <Point X="134.0" Y="111.0" />
  <Point X="135.0" Y="111.0" />
  <Point X="136.0" Y="111.0" />
  <Point X="137.0" Y="112.0" />
  <Point X="137.5389885301367" Y="112.0" />
  <Point X="138.0" Y="112.0" />
  <Point X="138.0" Y="113.0" />
  <Point X="139.0" Y="113.0" />
  <Point X="140.0" Y="113.0" />
  <Point X="140.89947548440105" Y="113.0" />
  <Point X="141.0" Y="113.0" />
  <Point X="141.0" Y="114.0" />
  <Point X="140.0" Y="114.0" />
  <Point X="139.0" Y="114.0" />
  <Point X="138.0" Y="114.0" />
  <Point X="138.0" Y="114.25996243866541" />
  <Point X="138.0" Y="115.0" />
  <Point X="137.0" Y="115.0" />
  <Point X="136.0" Y="115.0" />
  <Point X="136.0" Y="116.0" />
  <Point X="135.56127602687627" Y="116.43872397312373" />
  <Point X="135.0" Y="117.0" />
  <Point X="134.0" Y="117.0" />
  <Point X="133.0" Y="118.0" />
  <Point X="132.0" Y="118.0" />
  <Point X="132.0" Y="118.15250922244796" />
  <Point X="132.0" Y="119.0" />
  <Point X="131.0" Y="119.0" />
  <Point X="130.0" Y="120.0" />
  <Point X="130.0" Y="121.0" />
  <Point X="129.90121738566077" Y="121.0" />
  <Point X="129.0" Y="121.0" />
  <Point X="128.0" Y="122.0" />
  <Point X="127.0" Y="122.0" />
  <Point X="127.0" Y="123.0" />
  <Point X="126.9549439937695" Y="123.0" />
  <Point X="126.0" Y="123.0" />
  <Point X="126.0" Y="124.0" />
  <Point X="125.0" Y="124.0" />
  <Point X="125.0" Y="125.0" />
  <Point X="124.71323782257161" Y="125.28676217742839" />
  <Point X="124.0" Y="126.0" />
  <Point X="124.0" Y="127.0" />
  <Point X="123.0" Y="127.0" />
  <Point X="122.0" Y="127.0" />
  <Point X="122.0" Y="127.35181635238614" />
  <Point X="122.0" Y="128.0" />
  <Point X="122.0" Y="129.0" />
  <Point X="121.0" Y="129.0" />
  <Point X="121.0" Y="130.0" />
  <Point X="121.0" Y="130.7123033066505" />
  <Point X="121.0" Y="131.0" />
  <Point X="121.0" Y="132.0" />
  <Point X="122.0" Y="132.0" />
  <Point X="123.0" Y="132.0" />
  <Point X="123.0" Y="133.0" />
  <Point X="123.07279026091487" Y="133.0" />
  <Point X="124.0" Y="133.0" />
  <Point X="125.0" Y="133.0" />
  <Point X="125.0" Y="134.0" />
  <Point X="126.0" Y="134.0" />
  <Point X="126.43327721517923" Y="134.0" />
  <Point X="127.0" Y="134.0" />
  <Point X="128.0" Y="134.0" />
  <Point X="129.0" Y="134.0" />
  <Point X="130.0" Y="134.0" />
  <Point X="130.7937641694436" Y="134.0" />
  <Point X="131.0" Y="134.0" />
  <Point X="131.0" Y="135.0" />
  <Point X="132.0" Y="135.0" />
  <Point X="133.0" Y="135.0" />
  <Point X="133.0" Y="136.0" />
  <Point X="133.15425112370795" Y="136.0" />
  <Point X="134.0" Y="136.0" />
  <Point X="134.0" Y="137.0" />
  <Point X="134.0" Y="138.0" />
  <Point X="134.0" Y="139.0" />
  <Point X="134.0" Y="139.5147380779723" />
  <Point X="134.0" Y="140.0" />
  <Point X="134.0" Y="141.0" />
  <Point X="134.0" Y="142.0" />
  <Point X="133.0" Y="143.0" />
  <Point X="133.0" Y="143.4610114698636" />
  <Point X="133.0" Y="144.0" />
  <Point X="132.0" Y="144.0" />
  <Point X="132.0" Y="145.0" />
  <Point X="132.0" Y="146.0" />
  <Point X="131.17850157587205" Y="146.0" />
  <Point X="131.0" Y="146.0" />
  <Point X="130.0" Y="147.0" />
  <Point X="129.0" Y="148.0" />
  <Point X="129.0" Y="149.0" />
  <Point X="128.74999656130234" Y="149.25000343869766" />
  <Point X="128.0" Y="150.0" />
  <Point X="127.0" Y="151.0" />
  <Point X="126.0" Y="152.0" />
  <Point X="125.66666666666653" Y="152.33333333333346" />
  <Point X="125.0" Y="153.0" />
  <Point X="125.0" Y="154.0" />
  <Point X="124.0" Y="154.0" />
  <Point X="124.0" Y="155.0" />
  <Point X="123.70465711559036" Y="155.29534288440962" />
  <Point X="123.0" Y="156.0" />
  <Point X="122.0" Y="156.0" />
  <Point X="122.0" Y="157.0" />
  <Point X="121.03554078332766" Y="157.96445921667234" />
  <Point X="121.0" Y="158.0" />
  <Point X="121.0" Y="159.0" />
  <Point X="120.0" Y="159.0" />
  <Point X="120.0" Y="160.0" />
  <Point X="119.0" Y="160.0" />
  <Point X="118.78063801343805" Y="160.21936198656195" />
  <Point X="118.0" Y="161.0" />
  <Point X="118.0" Y="162.0" />
  <Point X="117.0" Y="163.0" />
  <Point X="117.0" Y="163.8422845259832" />
  <Point X="117.0" Y="165.0" />
  <Point X="116.0" Y="165.0" />
  <Point X="116.0" Y="166.0" />
  <Point X="115.14951213009917" Y="166.85048786990083" />
  <Point X="115.0" Y="167.0" />
  <Point X="114.0" Y="167.0" />
  <Point X="114.0" Y="169.0" />
  <Point X="113.187502579023" Y="169.812497420977" />
  <Point X="113.0" Y="170.0" />
  <Point X="113.0" Y="171.0" />
  <Point X="113.0" Y="173.0" />
  <Point X="112.22549302794684" Y="173.77450697205316" />
  <Point X="112.0" Y="174.0" />
  <Point X="111.0" Y="174.0" />
  <Point X="111.0" Y="175.0" />
  <Point X="111.0" Y="176.0" />
  <Point X="111.0" Y="177.0" />
  <Point X="111.0" Y="177.04159165592137" />
  <Point X="111.0" Y="178.0" />
  <Point X="111.0" Y="179.0" />
  <Point X="110.0" Y="179.0" />
  <Point X="110.0" Y="180.0" />
  <Point X="110.0" Y="180.40207861018573" />
  <Point X="110.0" Y="182.0" />
  <Point X="110.0" Y="183.0" />
  <Point X="110.0" Y="184.76256556445009" />
  <Point X="110.0" Y="185.0" />
  <Point X="110.0" Y="186.0" />
  <Point X="110.0" Y="187.0" />
  <Point X="110.0" Y="188.0" />
  <Point X="110.0" Y="189.0" />
  <Point X="110.0" Y="189.12305251871445" />
  <Point X="110.0" Y="190.0" />
  <Point X="110.0" Y="191.0" />
  <Point X="110.0" Y="192.0" />
  <Point X="110.0" Y="193.0" />
  <Point X="110.0" Y="193.4835394729788" />
  <Point X="110.0" Y="194.0" />
  <Point X="111.0" Y="194.0" />
  <Point X="111.0" Y="195.0" />
  <Point X="112.0" Y="196.0" />
  <Point X="112.0" Y="196.4298128648701" />
  <Point X="112.0" Y="197.0" />
  <Point X="113.0" Y="197.0" />
  <Point X="113.0" Y="198.0" />
  <Point X="114.0" Y="198.0" />
  <Point X="114.55882636128047" Y="198.55882636128047" />
  <Point X="115.0" Y="199.0" />
  <Point X="116.0" Y="200.0" />
  <Point X="117.0" Y="200.0" />
  <Point X="117.93504947472972" Y="200.93504947472974" />
  <Point X="118.0" Y="201.0" />
  <Point X="119.0" Y="201.0" />
  <Point X="120.0" Y="201.0" />
  <Point X="121.0" Y="201.0" />
  <Point X="122.0" Y="201.0" />
  <Point X="122.26863304054389" Y="201.0" />
  <Point X="123.0" Y="201.0" />
  <Point X="124.0" Y="201.0" />
  <Point X="125.0" Y="201.0" />
  <Point X="126.0" Y="201.0" />
  <Point X="126.62911999480825" Y="201.0" />
  <Point X="127.0" Y="201.0" />
  <Point X="128.0" Y="201.0" />
  <Point X="129.0" Y="201.0" />
  <Point X="130.0" Y="201.0" />
  <Point X="130.98960694907262" Y="201.0" />
  <Point X="131.0" Y="201.0" />
  <Point X="132.0" Y="201.0" />
  <Point X="133.0" Y="200.0" />
  <Point X="133.0" Y="199.0" />
  <Point X="133.9358803409639" Y="199.0" />
  <Point X="135.0" Y="199.0" />
  <Point X="136.0" Y="198.0" />
  <Point X="137.0" Y="198.0" />
  <Point X="137.62377688655093" Y="197.37622311344907" />
  <Point X="138.0" Y="197.0" />
  <Point X="139.0" Y="197.0" />
  <Point X="140.0" Y="196.0" />
  <Point X="141.0" Y="195.0" />
</Project_1_Part_4>
