<?xml version="1.0" encoding="utf-8" standalone="yes"?>
<Gesture Name="pigtail10" Subject="3" Number="3" NumPts="386">
  <Point X="57.0" Y="135.0" />
  <Point X="58.0" Y="135.0" />
  <Point X="59.0" Y="135.0" />
  <Point X="60.0" Y="135.0" />
  <Point X="61.0" Y="135.0" />
  <Point X="62.0" Y="135.0" />
  <Point X="63.0" Y="134.0" />
  <Point X="63.35215051872963" Y="134.0" />
  <Point X="64.0" Y="134.0" />
  <Point X="65.0" Y="134.0" />
  <Point X="66.0" Y="133.0" />
  <Point X="67.0" Y="133.0" />
  <Point X="67.0" Y="132.0" />
  <Point X="68.0" Y="132.0" />
  <Point X="68.70430103745926" Y="132.0" />
  <Point X="69.0" Y="132.0" />
  <Point X="70.0" Y="131.0" />
  <Point X="71.0" Y="131.0" />
  <Point X="71.0" Y="130.0" />
  <Point X="72.0" Y="130.0" />
  <Point X="73.0" Y="130.0" />
  <Point X="73.74702405937624" Y="129.25297594062377" />
  <Point X="74.0" Y="129.0" />
  <Point X="75.0" Y="129.0" />
  <Point X="76.0" Y="128.0" />
  <Point X="77.0" Y="127.0" />
  <Point X="78.0" Y="127.0" />
  <Point X="78.0" Y="126.0" />
  <Point X="78.58017495017232" Y="126.0" />
  <Point X="79.0" Y="126.0" />
  <Point X="81.0" Y="124.0" />
  <Point X="82.0" Y="124.0" />
  <Point X="83.0" Y="123.0" />
  <Point X="83.78057400489314" Y="122.21942599510686" />
  <Point X="84.0" Y="122.0" />
  <Point X="85.0" Y="121.0" />
  <Point X="86.0" Y="120.0" />
  <Point X="87.0" Y="120.0" />
  <Point X="88.0" Y="119.0" />
  <Point X="88.0" Y="118.0" />
  <Point X="88.2134081757661" Y="118.0" />
  <Point X="89.0" Y="118.0" />
  <Point X="90.0" Y="118.0" />
  <Point X="90.0" Y="117.0" />
  <Point X="91.0" Y="116.0" />
  <Point X="92.0" Y="115.0" />
  <Point X="93.0" Y="115.0" />
  <Point X="93.0" Y="114.84865486787736" />
  <Point X="93.0" Y="114.0" />
  <Point X="94.0" Y="114.0" />
  <Point X="94.0" Y="113.0" />
  <Point X="95.0" Y="113.0" />
  <Point X="96.0" Y="112.0" />
  <Point X="97.0" Y="111.0" />
  <Point X="97.06313197020212" Y="110.93686802979788" />
  <Point X="98.0" Y="110.0" />
  <Point X="98.0" Y="109.0" />
  <Point X="99.0" Y="108.0" />
  <Point X="101.0" Y="107.0" />
  <Point X="101.79115106733592" Y="107.0" />
  <Point X="102.0" Y="107.0" />
  <Point X="102.0" Y="106.0" />
  <Point X="103.0" Y="105.0" />
  <Point X="104.0" Y="104.0" />
  <Point X="104.0" Y="103.0" />
  <Point X="105.0" Y="102.0" />
  <Point X="105.22264986682137" Y="101.77735013317863" />
  <Point X="106.0" Y="101.0" />
  <Point X="107.0" Y="100.0" />
  <Point X="108.0" Y="99.0" />
  <Point X="108.0" Y="98.0" />
  <Point X="108.0" Y="97.0" />
  <Point X="108.83859785530278" Y="97.0" />
  <Point X="109.0" Y="97.0" />
  <Point X="110.0" Y="95.0" />
  <Point X="110.0" Y="94.0" />
  <Point X="111.0" Y="93.0" />
  <Point X="112.0" Y="92.0" />
  <Point X="112.0" Y="91.45953316584048" />
  <Point X="112.0" Y="91.0" />
  <Point X="113.0" Y="90.0" />
  <Point X="113.0" Y="89.0" />
  <Point X="113.0" Y="88.0" />
  <Point X="114.0" Y="88.0" />
  <Point X="114.0" Y="87.0" />
  <Point X="114.0" Y="86.10738264711085" />
  <Point X="114.0" Y="86.0" />
  <Point X="114.0" Y="85.0" />
  <Point X="115.0" Y="84.0" />
  <Point X="115.0" Y="83.0" />
  <Point X="115.0" Y="82.0" />
  <Point X="116.0" Y="81.0" />
  <Point X="116.0" Y="80.16944569075432" />
  <Point X="116.0" Y="80.0" />
  <Point X="116.0" Y="79.0" />
  <Point X="116.0" Y="78.0" />
  <Point X="117.0" Y="77.0" />
  <Point X="117.0" Y="76.0" />
  <Point X="117.0" Y="75.0" />
  <Point X="117.0" Y="74.0" />
  <Point X="117.0" Y="73.81729517202469" />
  <Point X="117.0" Y="73.0" />
  <Point X="117.0" Y="72.0" />
  <Point X="117.0" Y="71.0" />
  <Point X="117.0" Y="70.0" />
  <Point X="117.0" Y="69.0" />
  <Point X="117.0" Y="68.0" />
  <Point X="117.0" Y="67.05093109092196" />
  <Point X="117.0" Y="67.0" />
  <Point X="117.0" Y="66.0" />
  <Point X="117.0" Y="65.0" />
  <Point X="117.0" Y="63.0" />
  <Point X="117.0" Y="62.0" />
  <Point X="117.0" Y="61.0" />
  <Point X="117.0" Y="60.28456700981924" />
  <Point X="117.0" Y="60.0" />
  <Point X="117.0" Y="54.0" />
  <Point X="117.0" Y="53.51820292871652" />
  <Point X="117.0" Y="52.0" />
  <Point X="117.0" Y="51.0" />
  <Point X="116.0" Y="50.0" />
  <Point X="115.0" Y="49.0" />
  <Point X="115.0" Y="48.0" />
  <Point X="115.0" Y="47.58026597235999" />
  <Point X="115.0" Y="47.0" />
  <Point X="114.0" Y="46.0" />
  <Point X="113.0" Y="45.0" />
  <Point X="113.0" Y="44.0" />
  <Point X="112.0" Y="43.0" />
  <Point X="111.33287485940929" Y="42.33287485940928" />
  <Point X="111.0" Y="42.0" />
  <Point X="110.0" Y="41.0" />
  <Point X="109.0" Y="40.0" />
  <Point X="109.0" Y="39.0" />
  <Point X="108.0" Y="39.0" />
  <Point X="107.0" Y="38.0" />
  <Point X="106.94703274676621" Y="38.0" />
  <Point X="106.0" Y="38.0" />
  <Point X="105.0" Y="37.0" />
  <Point X="104.0" Y="37.0" />
  <Point X="103.0" Y="37.0" />
  <Point X="103.0" Y="36.0" />
  <Point X="102.0" Y="36.0" />
  <Point X="102.0" Y="35.59488222803658" />
  <Point X="102.0" Y="35.0" />
  <Point X="101.0" Y="35.0" />
  <Point X="100.0" Y="35.0" />
  <Point X="99.0" Y="35.0" />
  <Point X="98.0" Y="35.0" />
  <Point X="97.0" Y="34.0" />
  <Point X="96.24273170930695" Y="34.0" />
  <Point X="96.0" Y="34.0" />
  <Point X="95.0" Y="34.0" />
  <Point X="94.0" Y="34.0" />
  <Point X="93.0" Y="34.0" />
  <Point X="92.0" Y="34.0" />
  <Point X="91.0" Y="34.0" />
  <Point X="90.0" Y="34.0" />
  <Point X="89.47636762820423" Y="34.0" />
  <Point X="88.0" Y="34.0" />
  <Point X="87.0" Y="34.0" />
  <Point X="86.0" Y="34.0" />
  <Point X="85.0" Y="34.0" />
  <Point X="84.0" Y="34.0" />
  <Point X="83.0" Y="34.0" />
  <Point X="82.71000354710151" Y="34.0" />
  <Point X="82.0" Y="34.0" />
  <Point X="81.0" Y="34.0" />
  <Point X="80.0" Y="34.0" />
  <Point X="79.0" Y="34.0" />
  <Point X="78.0" Y="34.0" />
  <Point X="77.0" Y="34.0" />
  <Point X="76.0" Y="34.0" />
  <Point X="75.94363946599879" Y="34.0" />
  <Point X="75.0" Y="34.0" />
  <Point X="74.0" Y="34.0" />
  <Point X="74.0" Y="35.0" />
  <Point X="73.0" Y="35.0" />
  <Point X="72.0" Y="36.0" />
  <Point X="72.0" Y="37.0" />
  <Point X="71.59148894726916" Y="37.0" />
  <Point X="71.0" Y="37.0" />
  <Point X="71.0" Y="38.0" />
  <Point X="70.0" Y="38.0" />
  <Point X="70.0" Y="39.0" />
  <Point X="69.0" Y="40.0" />
  <Point X="69.0" Y="41.0" />
  <Point X="68.23933842853953" Y="41.0" />
  <Point X="68.0" Y="41.0" />
  <Point X="68.0" Y="42.0" />
  <Point X="68.0" Y="44.0" />
  <Point X="67.0" Y="44.0" />
  <Point X="67.0" Y="45.0" />
  <Point X="67.0" Y="46.0" />
  <Point X="67.0" Y="46.527025652563196" />
  <Point X="67.0" Y="47.0" />
  <Point X="66.0" Y="48.0" />
  <Point X="66.0" Y="49.0" />
  <Point X="66.0" Y="50.0" />
  <Point X="66.0" Y="51.0" />
  <Point X="66.0" Y="52.0" />
  <Point X="65.60682046335825" Y="52.7863590732835" />
  <Point X="65.0" Y="54.0" />
  <Point X="65.0" Y="55.0" />
  <Point X="65.0" Y="56.0" />
  <Point X="65.0" Y="57.0" />
  <Point X="64.0" Y="58.0" />
  <Point X="64.0" Y="58.99525871252266" />
  <Point X="64.0" Y="60.0" />
  <Point X="64.0" Y="61.0" />
  <Point X="64.0" Y="62.0" />
  <Point X="64.0" Y="63.0" />
  <Point X="64.0" Y="64.0" />
  <Point X="64.0" Y="65.0" />
  <Point X="64.0" Y="65.76162279362539" />
  <Point X="64.0" Y="66.0" />
  <Point X="64.0" Y="67.0" />
  <Point X="64.0" Y="68.0" />
  <Point X="64.0" Y="69.0" />
  <Point X="64.0" Y="70.0" />
  <Point X="64.0" Y="71.0" />
  <Point X="64.0" Y="72.0" />
  <Point X="64.0" Y="72.52798687472811" />
  <Point X="64.0" Y="73.0" />
  <Point X="64.0" Y="74.0" />
  <Point X="64.0" Y="75.0" />
  <Point X="65.0" Y="75.0" />
  <Point X="65.0" Y="76.0" />
  <Point X="66.0" Y="76.0" />
  <Point X="66.0" Y="77.0" />
  <Point X="66.0" Y="77.29435095583084" />
  <Point X="66.0" Y="78.0" />
  <Point X="67.0" Y="78.0" />
  <Point X="68.0" Y="79.0" />
  <Point X="69.0" Y="80.0" />
  <Point X="70.0" Y="80.0" />
  <Point X="70.8713591390819" Y="80.8713591390819" />
  <Point X="71.0" Y="81.0" />
  <Point X="71.0" Y="82.0" />
  <Point X="72.0" Y="82.0" />
  <Point X="73.0" Y="82.0" />
  <Point X="74.0" Y="82.0" />
  <Point X="74.0" Y="83.0" />
  <Point X="75.0" Y="83.0" />
  <Point X="75.584438430917" Y="83.0" />
  <Point X="76.0" Y="83.0" />
  <Point X="77.0" Y="83.0" />
  <Point X="78.0" Y="84.0" />
  <Point X="79.0" Y="84.0" />
  <Point X="80.0" Y="84.0" />
  <Point X="81.0" Y="84.0" />
  <Point X="81.66226839747952" Y="84.66226839747952" />
  <Point X="82.0" Y="85.0" />
  <Point X="84.0" Y="85.0" />
  <Point X="85.0" Y="85.0" />
  <Point X="86.0" Y="85.0" />
  <Point X="87.0" Y="85.0" />
  <Point X="88.28873946837626" Y="85.0" />
  <Point X="89.0" Y="85.0" />
  <Point X="90.0" Y="85.0" />
  <Point X="91.0" Y="85.0" />
  <Point X="92.0" Y="85.0" />
  <Point X="93.0" Y="85.0" />
  <Point X="94.0" Y="85.0" />
  <Point X="95.05510354947899" Y="85.0" />
  <Point X="96.0" Y="85.0" />
  <Point X="97.0" Y="85.0" />
  <Point X="99.0" Y="85.0" />
  <Point X="101.0" Y="85.0" />
  <Point X="101.82146763058171" Y="85.0" />
  <Point X="103.0" Y="85.0" />
  <Point X="105.0" Y="85.0" />
  <Point X="106.0" Y="85.0" />
  <Point X="107.0" Y="85.0" />
  <Point X="108.0" Y="85.0" />
  <Point X="108.58783171168443" Y="85.0" />
  <Point X="111.0" Y="85.0" />
  <Point X="113.0" Y="85.0" />
  <Point X="114.0" Y="85.0" />
  <Point X="115.35419579278715" Y="85.0" />
  <Point X="116.0" Y="85.0" />
  <Point X="118.0" Y="85.0" />
  <Point X="120.0" Y="85.0" />
  <Point X="122.12055987388987" Y="85.0" />
  <Point X="123.0" Y="85.0" />
  <Point X="126.0" Y="85.0" />
  <Point X="127.0" Y="85.0" />
  <Point X="128.68771609269447" Y="84.15614195365276" />
  <Point X="129.0" Y="84.0" />
  <Point X="130.0" Y="84.0" />
  <Point X="133.0" Y="84.0" />
  <Point X="135.0" Y="83.0" />
  <Point X="135.18115208109572" Y="83.0" />
  <Point X="136.0" Y="83.0" />
  <Point X="138.0" Y="83.0" />
  <Point X="141.0" Y="83.0" />
  <Point X="141.94751616219844" Y="83.0" />
  <Point X="143.0" Y="83.0" />
  <Point X="146.0" Y="82.0" />
  <Point X="147.0" Y="82.0" />
  <Point X="148.38779553997966" Y="81.30610223001017" />
  <Point X="149.0" Y="81.0" />
  <Point X="151.0" Y="81.0" />
  <Point X="152.0" Y="81.0" />
  <Point X="154.0" Y="81.0" />
  <Point X="155.04959589685373" Y="80.73760102578656" />
  <Point X="158.0" Y="80.0" />
  <Point X="160.0" Y="80.0" />
  <Point X="161.0" Y="80.0" />
  <Point X="161.72515714222078" Y="80.0" />
  <Point X="163.0" Y="80.0" />
  <Point X="165.0" Y="79.0" />
  <Point X="167.0" Y="79.0" />
  <Point X="168.12291152009382" Y="78.43854423995309" />
  <Point X="169.0" Y="78.0" />
  <Point X="174.0" Y="77.0" />
  <Point X="174.68672983583386" Y="77.0" />
  <Point X="176.0" Y="77.0" />
  <Point X="177.0" Y="77.0" />
  <Point X="178.0" Y="77.0" />
  <Point X="181.0" Y="76.0" />
  <Point X="181.2908162567682" Y="76.0" />
  <Point X="182.0" Y="76.0" />
  <Point X="183.0" Y="76.0" />
  <Point X="185.0" Y="75.0" />
  <Point X="187.0" Y="75.0" />
  <Point X="187.73442522198206" Y="74.63278738900897" />
  <Point X="189.0" Y="74.0" />
  <Point X="190.0" Y="74.0" />
  <Point X="192.0" Y="74.0" />
  <Point X="194.0" Y="74.0" />
  <Point X="194.31430928532592" Y="73.84284535733704" />
  <Point X="196.0" Y="73.0" />
  <Point X="198.0" Y="72.0" />
  <Point X="199.0" Y="72.0" />
  <Point X="200.0" Y="72.0" />
  <Point X="200.6456365900772" Y="72.0" />
  <Point X="202.0" Y="72.0" />
  <Point X="203.0" Y="71.0" />
  <Point X="205.0" Y="70.0" />
  <Point X="206.0" Y="70.0" />
  <Point X="206.76171913130705" Y="70.0" />
  <Point X="207.0" Y="70.0" />
  <Point X="209.0" Y="70.0" />
  <Point X="211.0" Y="69.0" />
  <Point X="211.0" Y="68.0" />
  <Point X="212.0" Y="68.0" />
  <Point X="212.29201523490997" Y="68.0" />
  <Point X="214.0" Y="68.0" />
  <Point X="217.0" Y="67.0" />
  <Point X="218.0" Y="66.0" />
  <Point X="218.4818880934712" Y="66.0" />
  <Point X="219.0" Y="66.0" />
  <Point X="220.0" Y="65.0" />
  <Point X="221.0" Y="65.0" />
  <Point X="222.0" Y="65.0" />
  <Point X="223.0" Y="64.0" />
  <Point X="224.0" Y="64.0" />
  <Point X="224.2968611396452" Y="63.70313886035482" />
  <Point X="225.0" Y="63.0" />
  <Point X="226.0" Y="63.0" />
  <Point X="228.0" Y="63.0" />
  <Point X="228.0" Y="62.0" />
  <Point X="229.0" Y="61.0" />
  <Point X="229.3577620061843" Y="61.0" />
  <Point X="230.0" Y="61.0" />
  <Point X="231.0" Y="60.0" />
  <Point X="232.0" Y="59.0" />
  <Point X="233.0" Y="58.0" />
  <Point X="234.0" Y="58.0" />
  <Point X="234.62330430397554" Y="57.37669569602446" />
  <Point X="235.0" Y="57.0" />
  <Point X="236.0" Y="57.0" />
  <Point X="236.0" Y="56.0" />
  <Point X="236.0" Y="55.0" />
  <Point X="237.0" Y="55.0" />
  <Point X="237.0" Y="54.0" />
  <Point X="238.0" Y="54.0" />
  <Point X="238.0" Y="53.76636408110264" />
  <Point X="238.0" Y="53.0" />
  <Point X="239.0" Y="53.0" />
  <Point X="239.0" Y="52.0" />
  <Point X="239.0" Y="51.0" />
  <Point X="239.0" Y="50.0" />
  <Point X="240.0" Y="50.0" />
  <Point X="240.0" Y="49.0" />
</Project_1_Part_4>
