<?xml version="1.0" encoding="utf-8" standalone="yes"?>
<Gesture Name="pigtail4" Subject="3" Number="3" NumPts="353">
  <Point X="88.0" Y="129.0" />
  <Point X="88.0" Y="128.0" />
  <Point X="89.0" Y="128.0" />
  <Point X="90.0" Y="127.0" />
  <Point X="91.0" Y="127.0" />
  <Point X="91.0" Y="126.20369532590064" />
  <Point X="91.0" Y="126.0" />
  <Point X="92.0" Y="126.0" />
  <Point X="92.0" Y="125.0" />
  <Point X="92.0" Y="124.0" />
  <Point X="93.0" Y="124.0" />
  <Point X="93.0" Y="123.0" />
  <Point X="93.00682291057183" Y="123.0" />
  <Point X="94.0" Y="123.0" />
  <Point X="95.0" Y="123.0" />
  <Point X="95.0" Y="122.0" />
  <Point X="96.0" Y="122.0" />
  <Point X="96.0" Y="121.0" />
  <Point X="96.15368339890588" Y="120.84631660109412" />
  <Point X="97.0" Y="120.0" />
  <Point X="98.0" Y="119.0" />
  <Point X="99.0" Y="119.0" />
  <Point X="100.0" Y="118.0" />
  <Point X="100.0" Y="117.81478130360253" />
  <Point X="100.0" Y="117.0" />
  <Point X="101.0" Y="117.0" />
  <Point X="102.0" Y="117.0" />
  <Point X="102.0" Y="116.0" />
  <Point X="103.0" Y="116.0" />
  <Point X="103.0" Y="115.60426306713006" />
  <Point X="103.0" Y="115.0" />
  <Point X="104.0" Y="115.0" />
  <Point X="104.0" Y="114.0" />
  <Point X="105.0" Y="113.0" />
  <Point X="106.0" Y="113.0" />
  <Point X="106.0" Y="112.8079583930307" />
  <Point X="106.0" Y="112.0" />
  <Point X="107.0" Y="111.0" />
  <Point X="108.0" Y="110.0" />
  <Point X="109.0" Y="110.0" />
  <Point X="109.0" Y="109.42586728130443" />
  <Point X="109.0" Y="109.0" />
  <Point X="110.0" Y="109.0" />
  <Point X="111.0" Y="108.0" />
  <Point X="112.0" Y="107.0" />
  <Point X="112.67615235482346" Y="106.32384764517654" />
  <Point X="113.0" Y="106.0" />
  <Point X="114.0" Y="105.0" />
  <Point X="115.0" Y="104.0" />
  <Point X="116.0" Y="104.0" />
  <Point X="116.0" Y="103.07589862022499" />
  <Point X="116.0" Y="103.0" />
  <Point X="117.0" Y="102.0" />
  <Point X="118.0" Y="101.0" />
  <Point X="119.0" Y="101.0" />
  <Point X="119.9236175682755" Y="100.0763824317245" />
  <Point X="120.0" Y="100.0" />
  <Point X="120.0" Y="99.0" />
  <Point X="121.0" Y="98.0" />
  <Point X="122.0" Y="98.0" />
  <Point X="122.75502338042301" Y="96.48995323915398" />
  <Point X="123.0" Y="96.0" />
  <Point X="124.0" Y="96.0" />
  <Point X="125.0" Y="95.0" />
  <Point X="125.0" Y="94.0" />
  <Point X="125.88283717045681" Y="93.11716282954319" />
  <Point X="126.0" Y="93.0" />
  <Point X="126.0" Y="92.0" />
  <Point X="128.0" Y="91.0" />
  <Point X="129.0" Y="90.0" />
  <Point X="129.27898433769192" Y="89.72101566230808" />
  <Point X="130.0" Y="89.0" />
  <Point X="131.0" Y="88.0" />
  <Point X="131.0" Y="87.0" />
  <Point X="132.0" Y="87.0" />
  <Point X="132.0" Y="86.22336545422013" />
  <Point X="132.0" Y="86.0" />
  <Point X="133.0" Y="86.0" />
  <Point X="133.0" Y="85.0" />
  <Point X="134.0" Y="84.0" />
  <Point X="135.0" Y="83.0" />
  <Point X="135.1122359887709" Y="82.88776401122911" />
  <Point X="136.0" Y="82.0" />
  <Point X="136.0" Y="81.0" />
  <Point X="138.0" Y="80.0" />
  <Point X="138.508383156006" Y="79.491616843994" />
  <Point X="139.0" Y="79.0" />
  <Point X="139.0" Y="78.0" />
  <Point X="140.0" Y="77.0" />
  <Point X="141.0" Y="76.0" />
  <Point X="141.0" Y="75.3131600965411" />
  <Point X="141.0" Y="75.0" />
  <Point X="142.0" Y="75.0" />
  <Point X="142.0" Y="74.0" />
  <Point X="143.0" Y="74.0" />
  <Point X="143.0" Y="73.0" />
  <Point X="143.63452802589842" Y="72.36547197410158" />
  <Point X="144.0" Y="72.0" />
  <Point X="144.0" Y="71.0" />
  <Point X="145.0" Y="71.0" />
  <Point X="145.0" Y="70.0" />
  <Point X="146.0" Y="70.0" />
  <Point X="146.0" Y="69.30633718596926" />
  <Point X="146.0" Y="69.0" />
  <Point X="146.0" Y="68.0" />
  <Point X="147.0" Y="67.0" />
  <Point X="148.0" Y="67.0" />
  <Point X="148.0" Y="66.0" />
  <Point X="148.34645933341776" Y="65.65354066658226" />
  <Point X="149.0" Y="65.0" />
  <Point X="149.0" Y="64.0" />
  <Point X="150.0" Y="63.0" />
  <Point X="150.0" Y="62.0" />
  <Point X="150.8720585998564" Y="62.0" />
  <Point X="151.0" Y="62.0" />
  <Point X="151.0" Y="61.0" />
  <Point X="152.0" Y="60.0" />
  <Point X="152.0" Y="59.0" />
  <Point X="153.0" Y="59.0" />
  <Point X="153.0" Y="58.331636726044245" />
  <Point X="153.0" Y="58.0" />
  <Point X="154.0" Y="58.0" />
  <Point X="154.0" Y="57.0" />
  <Point X="154.0" Y="56.0" />
  <Point X="155.0" Y="55.0" />
  <Point X="155.0" Y="54.53533205194488" />
  <Point X="155.0" Y="54.0" />
  <Point X="156.0" Y="54.0" />
  <Point X="156.0" Y="53.0" />
  <Point X="157.0" Y="52.0" />
  <Point X="157.0" Y="51.0" />
  <Point X="157.0" Y="50.73902737784551" />
  <Point X="157.0" Y="50.0" />
  <Point X="158.0" Y="50.0" />
  <Point X="158.0" Y="49.0" />
  <Point X="158.0" Y="48.0" />
  <Point X="159.0" Y="48.0" />
  <Point X="159.0" Y="47.52850914137305" />
  <Point X="159.0" Y="47.0" />
  <Point X="159.0" Y="46.0" />
  <Point X="160.0" Y="46.0" />
  <Point X="160.0" Y="45.0" />
  <Point X="160.0" Y="44.0" />
  <Point X="160.6820090950994" Y="44.0" />
  <Point X="161.0" Y="44.0" />
  <Point X="161.0" Y="43.0" />
  <Point X="161.0" Y="42.0" />
  <Point X="161.0" Y="41.0" />
  <Point X="161.0" Y="40.0" />
  <Point X="160.10747266842813" Y="40.0" />
  <Point X="160.0" Y="40.0" />
  <Point X="159.0" Y="40.0" />
  <Point X="158.0" Y="40.0" />
  <Point X="157.0" Y="40.0" />
  <Point X="156.0" Y="40.0" />
  <Point X="155.0" Y="40.0" />
  <Point X="154.89695443195566" Y="40.0" />
  <Point X="154.0" Y="40.0" />
  <Point X="153.0" Y="40.0" />
  <Point X="152.0" Y="40.0" />
  <Point X="151.0" Y="41.0" />
  <Point X="150.1006497578563" Y="41.0" />
  <Point X="150.0" Y="41.0" />
  <Point X="149.0" Y="42.0" />
  <Point X="148.0" Y="42.0" />
  <Point X="147.0" Y="43.0" />
  <Point X="146.0" Y="43.0" />
  <Point X="145.80099091017223" Y="43.199009089827776" />
  <Point X="145.0" Y="44.0" />
  <Point X="144.0" Y="44.0" />
  <Point X="143.0" Y="44.0" />
  <Point X="142.0" Y="45.0" />
  <Point X="141.33646753440377" Y="45.0" />
  <Point X="141.0" Y="45.0" />
  <Point X="141.0" Y="46.0" />
  <Point X="140.0" Y="46.0" />
  <Point X="139.0" Y="46.0" />
  <Point X="138.0" Y="47.0" />
  <Point X="138.0" Y="47.4598371396956" />
  <Point X="138.0" Y="48.0" />
  <Point X="137.0" Y="48.0" />
  <Point X="136.0" Y="49.0" />
  <Point X="135.0" Y="49.0" />
  <Point X="134.1117736053336" Y="49.88822639466639" />
  <Point X="134.0" Y="50.0" />
  <Point X="133.0" Y="51.0" />
  <Point X="133.0" Y="52.0" />
  <Point X="132.0" Y="52.0" />
  <Point X="131.0" Y="52.0" />
  <Point X="131.0" Y="52.63823292552124" />
  <Point X="131.0" Y="53.0" />
  <Point X="130.0" Y="53.0" />
  <Point X="130.0" Y="54.0" />
  <Point X="129.0" Y="54.0" />
  <Point X="129.0" Y="55.0" />
  <Point X="128.3998422978143" Y="55.600157702185705" />
  <Point X="128.0" Y="56.0" />
  <Point X="127.0" Y="57.0" />
  <Point X="127.0" Y="58.0" />
  <Point X="126.0" Y="58.0" />
  <Point X="126.0" Y="59.0" />
  <Point X="126.0" Y="59.230842273719965" />
  <Point X="126.0" Y="60.0" />
  <Point X="125.0" Y="60.0" />
  <Point X="125.0" Y="61.0" />
  <Point X="124.0" Y="62.0" />
  <Point X="124.0" Y="63.02714694781933" />
  <Point X="124.0" Y="64.0" />
  <Point X="123.0" Y="64.0" />
  <Point X="123.0" Y="65.0" />
  <Point X="123.0" Y="66.0" />
  <Point X="123.0" Y="67.0" />
  <Point X="123.0" Y="67.2376651842918" />
  <Point X="123.0" Y="68.0" />
  <Point X="122.0" Y="68.0" />
  <Point X="122.0" Y="69.0" />
  <Point X="122.0" Y="70.0" />
  <Point X="122.0" Y="71.0" />
  <Point X="122.0" Y="71.44818342076427" />
  <Point X="122.0" Y="72.0" />
  <Point X="122.0" Y="73.0" />
  <Point X="122.0" Y="74.0" />
  <Point X="122.0" Y="75.0" />
  <Point X="122.0" Y="76.0" />
  <Point X="122.0" Y="76.65870165723673" />
  <Point X="122.0" Y="77.0" />
  <Point X="122.0" Y="78.0" />
  <Point X="122.0" Y="79.0" />
  <Point X="122.0" Y="80.0" />
  <Point X="122.0" Y="81.0" />
  <Point X="122.0" Y="81.8692198937092" />
  <Point X="122.0" Y="82.0" />
  <Point X="122.0" Y="83.0" />
  <Point X="122.0" Y="84.0" />
  <Point X="122.0" Y="85.0" />
  <Point X="123.0" Y="85.0" />
  <Point X="123.0" Y="86.0" />
  <Point X="123.07973813018167" Y="86.0" />
  <Point X="124.0" Y="86.0" />
  <Point X="124.0" Y="87.0" />
  <Point X="125.0" Y="87.0" />
  <Point X="125.0" Y="88.0" />
  <Point X="126.0" Y="88.0" />
  <Point X="126.0" Y="88.29025636665413" />
  <Point X="126.0" Y="89.0" />
  <Point X="127.0" Y="89.0" />
  <Point X="128.0" Y="89.0" />
  <Point X="129.0" Y="89.0" />
  <Point X="130.0" Y="89.0" />
  <Point X="130.0" Y="89.5007746031266" />
  <Point X="130.0" Y="90.0" />
  <Point X="131.0" Y="90.0" />
  <Point X="132.0" Y="90.0" />
  <Point X="133.0" Y="90.0" />
  <Point X="134.0" Y="90.0" />
  <Point X="134.71129283959905" Y="90.0" />
  <Point X="135.0" Y="90.0" />
  <Point X="136.0" Y="90.0" />
  <Point X="137.0" Y="90.0" />
  <Point X="139.0" Y="90.0" />
  <Point X="139.92181107607152" Y="90.0" />
  <Point X="140.0" Y="90.0" />
  <Point X="141.0" Y="90.0" />
  <Point X="142.0" Y="90.0" />
  <Point X="143.0" Y="90.0" />
  <Point X="144.0" Y="90.0" />
  <Point X="145.0" Y="90.0" />
  <Point X="145.132329312544" Y="90.0" />
  <Point X="146.0" Y="90.0" />
  <Point X="147.0" Y="90.0" />
  <Point X="149.0" Y="90.0" />
  <Point X="150.0" Y="90.0" />
  <Point X="150.306652170208" Y="89.846673914896" />
  <Point X="152.0" Y="89.0" />
  <Point X="153.0" Y="89.0" />
  <Point X="154.0" Y="88.0" />
  <Point X="154.90308424561604" Y="88.0" />
  <Point X="155.0" Y="88.0" />
  <Point X="156.0" Y="88.0" />
  <Point X="157.0" Y="88.0" />
  <Point X="158.0" Y="88.0" />
  <Point X="159.0" Y="87.0" />
  <Point X="159.6993889197154" Y="87.0" />
  <Point X="160.0" Y="87.0" />
  <Point X="161.0" Y="87.0" />
  <Point X="162.0" Y="87.0" />
  <Point X="164.0" Y="86.0" />
  <Point X="164.67383917868807" Y="86.0" />
  <Point X="165.0" Y="86.0" />
  <Point X="165.0" Y="85.0" />
  <Point X="166.0" Y="85.0" />
  <Point X="167.0" Y="85.0" />
  <Point X="168.0" Y="85.0" />
  <Point X="168.79099331868198" Y="84.60450334065901" />
  <Point X="170.0" Y="84.0" />
  <Point X="171.0" Y="84.0" />
  <Point X="172.0" Y="83.0" />
  <Point X="173.0" Y="82.0" />
  <Point X="173.03038054938702" Y="82.0" />
  <Point X="174.0" Y="82.0" />
  <Point X="176.0" Y="82.0" />
  <Point X="177.0" Y="81.0" />
  <Point X="177.82668522348638" Y="81.0" />
  <Point X="178.0" Y="81.0" />
  <Point X="180.0" Y="80.0" />
  <Point X="181.0" Y="80.0" />
  <Point X="182.0" Y="79.0" />
  <Point X="182.38692192008597" Y="79.0" />
  <Point X="183.0" Y="79.0" />
  <Point X="184.0" Y="79.0" />
  <Point X="185.0" Y="79.0" />
  <Point X="185.0" Y="78.0" />
  <Point X="186.0" Y="78.0" />
  <Point X="186.59744015655843" Y="78.0" />
  <Point X="188.0" Y="78.0" />
  <Point X="188.0" Y="77.0" />
  <Point X="189.0" Y="77.0" />
  <Point X="189.0" Y="76.0" />
  <Point X="189.8079583930309" Y="76.0" />
  <Point X="191.0" Y="76.0" />
  <Point X="192.0" Y="76.0" />
  <Point X="193.0" Y="75.0" />
  <Point X="194.0" Y="75.0" />
  <Point X="194.60426306713026" Y="75.0" />
  <Point X="195.0" Y="75.0" />
  <Point X="196.0" Y="74.0" />
  <Point X="197.0" Y="74.0" />
  <Point X="198.0" Y="73.0" />
  <Point X="198.98635417885654" Y="73.0" />
  <Point X="199.0" Y="73.0" />
  <Point X="200.0" Y="73.0" />
  <Point X="201.0" Y="73.0" />
  <Point X="201.0" Y="72.0" />
  <Point X="202.0" Y="72.0" />
  <Point X="203.0" Y="72.0" />
  <Point X="203.0" Y="71.80312758467099" />
  <Point X="203.0" Y="71.0" />
  <Point X="204.0" Y="71.0" />
  <Point X="205.0" Y="71.0" />
  <Point X="206.0" Y="71.0" />
  <Point X="206.0" Y="70.0" />
  <Point X="206.40739065180148" Y="70.0" />
  <Point X="207.0" Y="70.0" />
  <Point X="208.0" Y="69.0" />
  <Point X="209.0" Y="69.0" />
  <Point X="210.0" Y="69.0" />
  <Point X="210.85114112742704" Y="68.14885887257296" />
  <Point X="211.0" Y="68.0" />
  <Point X="212.0" Y="68.0" />
  <Point X="213.0" Y="68.0" />
  <Point X="214.0" Y="68.0" />
  <Point X="214.0" Y="67.0" />
  <Point X="215.0" Y="67.0" />
</Project_1_Part_4>
