<?xml version="1.0" encoding="utf-8" standalone="yes"?>
<Gesture Name="rectangle5" Subject="3" Number="3" NumPts="447">
  <Point X="58.0" Y="88.0" />
  <Point X="58.0" Y="89.0" />
  <Point X="58.0" Y="90.0" />
  <Point X="58.0" Y="91.0" />
  <Point X="58.0" Y="92.0" />
  <Point X="58.0" Y="93.0" />
  <Point X="58.0" Y="94.0" />
  <Point X="58.0" Y="94.58241130317802" />
  <Point X="58.0" Y="95.0" />
  <Point X="58.0" Y="97.0" />
  <Point X="58.0" Y="98.0" />
  <Point X="58.0" Y="99.0" />
  <Point X="58.0" Y="100.0" />
  <Point X="58.0" Y="101.0" />
  <Point X="58.0" Y="101.16482260635604" />
  <Point X="58.0" Y="102.0" />
  <Point X="58.0" Y="103.0" />
  <Point X="58.0" Y="104.0" />
  <Point X="58.0" Y="105.0" />
  <Point X="59.0" Y="106.0" />
  <Point X="59.0" Y="107.0" />
  <Point X="59.0" Y="107.33302034716097" />
  <Point X="59.0" Y="108.0" />
  <Point X="59.0" Y="109.0" />
  <Point X="59.0" Y="111.0" />
  <Point X="59.0" Y="112.0" />
  <Point X="59.0" Y="113.0" />
  <Point X="59.0" Y="113.91543165033899" />
  <Point X="59.0" Y="114.0" />
  <Point X="59.0" Y="115.0" />
  <Point X="59.0" Y="116.0" />
  <Point X="59.0" Y="117.0" />
  <Point X="60.0" Y="117.0" />
  <Point X="60.0" Y="118.0" />
  <Point X="60.0" Y="119.0" />
  <Point X="60.0" Y="119.49784295351701" />
  <Point X="60.0" Y="121.0" />
  <Point X="60.0" Y="122.0" />
  <Point X="60.0" Y="123.0" />
  <Point X="60.0" Y="124.0" />
  <Point X="61.0" Y="125.0" />
  <Point X="61.0" Y="125.66604069432194" />
  <Point X="61.0" Y="127.0" />
  <Point X="61.0" Y="128.0" />
  <Point X="61.0" Y="129.0" />
  <Point X="61.0" Y="130.0" />
  <Point X="61.0" Y="131.0" />
  <Point X="61.0" Y="132.0" />
  <Point X="61.24845199749996" Y="132.0" />
  <Point X="62.0" Y="132.0" />
  <Point X="62.0" Y="133.0" />
  <Point X="62.0" Y="134.0" />
  <Point X="62.0" Y="135.0" />
  <Point X="63.0" Y="135.0" />
  <Point X="63.0" Y="136.0" />
  <Point X="63.0" Y="136.83086330067798" />
  <Point X="63.0" Y="137.0" />
  <Point X="63.0" Y="138.0" />
  <Point X="63.0" Y="139.0" />
  <Point X="63.0" Y="140.0" />
  <Point X="64.0" Y="140.0" />
  <Point X="64.0" Y="141.0" />
  <Point X="64.0" Y="142.0" />
  <Point X="64.0" Y="142.413274603856" />
  <Point X="64.0" Y="143.0" />
  <Point X="64.0" Y="144.0" />
  <Point X="64.0" Y="145.0" />
  <Point X="65.0" Y="146.0" />
  <Point X="65.0" Y="147.0" />
  <Point X="65.0" Y="148.0" />
  <Point X="65.0" Y="148.58147234466094" />
  <Point X="65.0" Y="149.0" />
  <Point X="65.0" Y="150.0" />
  <Point X="65.0" Y="151.0" />
  <Point X="66.0" Y="151.0" />
  <Point X="66.0" Y="152.0" />
  <Point X="66.0" Y="153.0" />
  <Point X="67.0" Y="153.0" />
  <Point X="67.0" Y="153.16388364783896" />
  <Point X="67.0" Y="154.0" />
  <Point X="67.0" Y="155.0" />
  <Point X="67.0" Y="156.0" />
  <Point X="67.0" Y="157.0" />
  <Point X="68.0" Y="157.0" />
  <Point X="68.0" Y="158.0" />
  <Point X="68.0" Y="158.74629495101698" />
  <Point X="68.0" Y="159.0" />
  <Point X="68.0" Y="160.0" />
  <Point X="68.0" Y="161.0" />
  <Point X="68.0" Y="162.0" />
  <Point X="68.0" Y="163.0" />
  <Point X="69.0" Y="163.0" />
  <Point X="69.0" Y="164.0" />
  <Point X="69.0" Y="164.328706254195" />
  <Point X="69.0" Y="165.0" />
  <Point X="69.0" Y="166.0" />
  <Point X="70.0" Y="167.0" />
  <Point X="70.0" Y="168.0" />
  <Point X="71.0" Y="168.0" />
  <Point X="71.0" Y="169.0" />
  <Point X="71.0" Y="169.49690399499994" />
  <Point X="71.0" Y="170.0" />
  <Point X="72.0" Y="170.0" />
  <Point X="72.0" Y="171.0" />
  <Point X="72.0" Y="170.0" />
  <Point X="73.0" Y="170.0" />
  <Point X="73.0" Y="169.0" />
  <Point X="74.0" Y="169.0" />
  <Point X="74.07931529817796" Y="169.0" />
  <Point X="75.0" Y="169.0" />
  <Point X="75.0" Y="168.0" />
  <Point X="76.0" Y="167.0" />
  <Point X="76.0" Y="166.0" />
  <Point X="77.0" Y="166.0" />
  <Point X="77.88212492948344" Y="165.11787507051656" />
  <Point X="78.0" Y="165.0" />
  <Point X="79.0" Y="165.0" />
  <Point X="80.0" Y="165.0" />
  <Point X="80.0" Y="164.0" />
  <Point X="81.0" Y="164.0" />
  <Point X="82.0" Y="164.0" />
  <Point X="83.0" Y="163.0" />
  <Point X="83.00149721741472" Y="163.0" />
  <Point X="84.0" Y="163.0" />
  <Point X="85.0" Y="162.0" />
  <Point X="86.0" Y="162.0" />
  <Point X="87.0" Y="162.0" />
  <Point X="88.0" Y="162.0" />
  <Point X="89.0" Y="162.0" />
  <Point X="89.16969495821965" Y="162.0" />
  <Point X="90.0" Y="162.0" />
  <Point X="91.0" Y="161.0" />
  <Point X="92.0" Y="161.0" />
  <Point X="93.0" Y="161.0" />
  <Point X="94.0" Y="161.0" />
  <Point X="95.0" Y="161.0" />
  <Point X="95.33789269902458" Y="161.0" />
  <Point X="97.0" Y="161.0" />
  <Point X="98.0" Y="160.0" />
  <Point X="99.0" Y="160.0" />
  <Point X="100.0" Y="160.0" />
  <Point X="101.0" Y="160.0" />
  <Point X="101.5060904398295" Y="160.0" />
  <Point X="102.0" Y="160.0" />
  <Point X="103.0" Y="159.0" />
  <Point X="104.0" Y="159.0" />
  <Point X="105.0" Y="159.0" />
  <Point X="107.0" Y="159.0" />
  <Point X="107.67428818063443" Y="159.0" />
  <Point X="109.0" Y="159.0" />
  <Point X="110.0" Y="159.0" />
  <Point X="111.0" Y="159.0" />
  <Point X="112.0" Y="159.0" />
  <Point X="113.0" Y="159.0" />
  <Point X="114.0" Y="159.0" />
  <Point X="114.0" Y="158.74330051618753" />
  <Point X="114.0" Y="158.0" />
  <Point X="115.0" Y="158.0" />
  <Point X="116.0" Y="158.0" />
  <Point X="117.0" Y="158.0" />
  <Point X="119.0" Y="158.0" />
  <Point X="119.83911078699049" Y="158.0" />
  <Point X="120.0" Y="158.0" />
  <Point X="121.0" Y="158.0" />
  <Point X="122.0" Y="158.0" />
  <Point X="123.0" Y="158.0" />
  <Point X="124.0" Y="158.0" />
  <Point X="126.0" Y="158.0" />
  <Point X="126.29806112837808" Y="157.7019388716219" />
  <Point X="127.0" Y="157.0" />
  <Point X="128.0" Y="157.0" />
  <Point X="129.0" Y="157.0" />
  <Point X="130.0" Y="157.0" />
  <Point X="131.0" Y="157.0" />
  <Point X="132.58971983097345" Y="157.0" />
  <Point X="133.0" Y="157.0" />
  <Point X="134.0" Y="157.0" />
  <Point X="135.0" Y="157.0" />
  <Point X="136.0" Y="157.0" />
  <Point X="137.0" Y="157.0" />
  <Point X="138.0" Y="157.0" />
  <Point X="139.0" Y="157.0" />
  <Point X="139.17213113415147" Y="157.0" />
  <Point X="140.0" Y="157.0" />
  <Point X="141.0" Y="157.0" />
  <Point X="142.0" Y="157.0" />
  <Point X="142.0" Y="156.0" />
  <Point X="143.0" Y="156.0" />
  <Point X="144.0" Y="156.0" />
  <Point X="144.7545424373295" Y="156.0" />
  <Point X="145.0" Y="156.0" />
  <Point X="146.0" Y="156.0" />
  <Point X="147.0" Y="156.0" />
  <Point X="148.0" Y="156.0" />
  <Point X="149.0" Y="156.0" />
  <Point X="150.0" Y="156.0" />
  <Point X="151.0" Y="156.0" />
  <Point X="151.3369537405075" Y="156.0" />
  <Point X="152.0" Y="156.0" />
  <Point X="153.0" Y="156.0" />
  <Point X="154.0" Y="156.0" />
  <Point X="155.0" Y="156.0" />
  <Point X="156.0" Y="156.0" />
  <Point X="156.0" Y="155.0" />
  <Point X="156.91936504368553" Y="155.0" />
  <Point X="157.0" Y="155.0" />
  <Point X="159.0" Y="155.0" />
  <Point X="160.0" Y="155.0" />
  <Point X="161.0" Y="155.0" />
  <Point X="162.0" Y="155.0" />
  <Point X="163.0" Y="155.0" />
  <Point X="163.50177634686355" Y="155.0" />
  <Point X="164.0" Y="155.0" />
  <Point X="165.0" Y="155.0" />
  <Point X="166.0" Y="155.0" />
  <Point X="167.0" Y="155.0" />
  <Point X="167.0" Y="154.0" />
  <Point X="168.0" Y="154.0" />
  <Point X="169.0" Y="154.0" />
  <Point X="169.08418765004157" Y="154.0" />
  <Point X="170.0" Y="154.0" />
  <Point X="171.0" Y="154.0" />
  <Point X="172.0" Y="154.0" />
  <Point X="173.0" Y="154.0" />
  <Point X="173.0" Y="153.0" />
  <Point X="174.0" Y="153.0" />
  <Point X="174.6665989532196" Y="153.0" />
  <Point X="175.0" Y="153.0" />
  <Point X="176.0" Y="153.0" />
  <Point X="177.0" Y="153.0" />
  <Point X="177.0" Y="152.0" />
  <Point X="178.0" Y="152.0" />
  <Point X="179.0" Y="152.0" />
  <Point X="179.0" Y="151.0" />
  <Point X="179.2490102563976" Y="151.0" />
  <Point X="180.0" Y="151.0" />
  <Point X="180.0" Y="150.0" />
  <Point X="180.0" Y="149.0" />
  <Point X="180.0" Y="148.0" />
  <Point X="180.0" Y="147.0" />
  <Point X="180.0" Y="146.0" />
  <Point X="180.0" Y="145.16857844042437" />
  <Point X="180.0" Y="145.0" />
  <Point X="179.0" Y="145.0" />
  <Point X="179.0" Y="144.0" />
  <Point X="179.0" Y="143.0" />
  <Point X="178.0" Y="143.0" />
  <Point X="178.0" Y="142.0" />
  <Point X="178.0" Y="141.0" />
  <Point X="177.70737597646905" Y="140.70737597646905" />
  <Point X="177.0" Y="140.0" />
  <Point X="177.0" Y="139.0" />
  <Point X="177.0" Y="138.0" />
  <Point X="176.0" Y="138.0" />
  <Point X="176.0" Y="137.0" />
  <Point X="176.0" Y="136.0" />
  <Point X="175.58844221336562" Y="135.58844221336562" />
  <Point X="175.0" Y="135.0" />
  <Point X="175.0" Y="134.0" />
  <Point X="174.0" Y="134.0" />
  <Point X="174.0" Y="133.0" />
  <Point X="173.0" Y="132.0" />
  <Point X="173.0" Y="131.0" />
  <Point X="173.0" Y="130.66398521800957" />
  <Point X="173.0" Y="130.0" />
  <Point X="172.0" Y="129.0" />
  <Point X="172.0" Y="128.0" />
  <Point X="171.0" Y="127.0" />
  <Point X="171.0" Y="126.0" />
  <Point X="170.0" Y="126.0" />
  <Point X="170.0" Y="125.91000103957774" />
  <Point X="170.0" Y="125.0" />
  <Point X="170.0" Y="124.0" />
  <Point X="170.0" Y="123.0" />
  <Point X="170.0" Y="122.0" />
  <Point X="170.0" Y="121.0" />
  <Point X="169.0" Y="120.0" />
  <Point X="169.0" Y="119.74180329877281" />
  <Point X="169.0" Y="119.0" />
  <Point X="169.0" Y="118.0" />
  <Point X="169.0" Y="117.0" />
  <Point X="169.0" Y="116.0" />
  <Point X="169.0" Y="115.0" />
  <Point X="169.0" Y="114.0" />
  <Point X="169.0" Y="113.15939199559479" />
  <Point X="169.0" Y="113.0" />
  <Point X="169.0" Y="112.0" />
  <Point X="169.0" Y="111.0" />
  <Point X="169.0" Y="110.0" />
  <Point X="169.0" Y="109.0" />
  <Point X="169.0" Y="108.0" />
  <Point X="169.0" Y="107.0" />
  <Point X="169.0" Y="106.57698069241677" />
  <Point X="169.0" Y="106.0" />
  <Point X="169.0" Y="105.0" />
  <Point X="169.0" Y="104.0" />
  <Point X="169.0" Y="103.0" />
  <Point X="169.0" Y="102.0" />
  <Point X="169.0" Y="101.0" />
  <Point X="169.0" Y="100.0" />
  <Point X="169.0" Y="99.99456938923875" />
  <Point X="169.0" Y="99.0" />
  <Point X="169.0" Y="98.0" />
  <Point X="169.0" Y="97.0" />
  <Point X="169.0" Y="96.0" />
  <Point X="169.0" Y="95.0" />
  <Point X="169.0" Y="94.0" />
  <Point X="169.0" Y="93.41215808606073" />
  <Point X="169.0" Y="93.0" />
  <Point X="169.0" Y="92.0" />
  <Point X="169.0" Y="91.0" />
  <Point X="169.0" Y="90.0" />
  <Point X="169.0" Y="89.0" />
  <Point X="169.0" Y="88.0" />
  <Point X="169.0" Y="87.0" />
  <Point X="169.0" Y="86.82974678288271" />
  <Point X="169.0" Y="86.0" />
  <Point X="168.0" Y="86.0" />
  <Point X="167.0" Y="86.0" />
  <Point X="166.0" Y="86.0" />
  <Point X="166.0" Y="85.0" />
  <Point X="165.0" Y="85.0" />
  <Point X="164.24733547970467" Y="85.0" />
  <Point X="164.0" Y="85.0" />
  <Point X="163.0" Y="85.0" />
  <Point X="162.0" Y="85.0" />
  <Point X="161.0" Y="85.0" />
  <Point X="160.0" Y="85.0" />
  <Point X="159.0" Y="85.0" />
  <Point X="158.0" Y="85.0" />
  <Point X="157.66492417652665" Y="85.0" />
  <Point X="157.0" Y="85.0" />
  <Point X="156.0" Y="85.0" />
  <Point X="155.0" Y="85.0" />
  <Point X="155.0" Y="84.0" />
  <Point X="154.0" Y="84.0" />
  <Point X="153.0" Y="84.0" />
  <Point X="152.08251287334863" Y="84.0" />
  <Point X="152.0" Y="84.0" />
  <Point X="151.0" Y="84.0" />
  <Point X="150.0" Y="84.0" />
  <Point X="149.0" Y="84.0" />
  <Point X="148.0" Y="84.0" />
  <Point X="147.0" Y="84.0" />
  <Point X="146.0" Y="84.0" />
  <Point X="145.5001015701706" Y="84.0" />
  <Point X="145.0" Y="84.0" />
  <Point X="144.0" Y="84.0" />
  <Point X="143.0" Y="84.0" />
  <Point X="142.0" Y="84.0" />
  <Point X="141.0" Y="84.0" />
  <Point X="140.0" Y="84.0" />
  <Point X="139.0" Y="84.0" />
  <Point X="138.9176902669926" Y="84.0" />
  <Point X="137.0" Y="84.0" />
  <Point X="136.0" Y="84.0" />
  <Point X="135.0" Y="84.0" />
  <Point X="133.0" Y="84.0" />
  <Point X="132.33527896381457" Y="84.0" />
  <Point X="131.0" Y="84.0" />
  <Point X="130.0" Y="84.0" />
  <Point X="129.0" Y="84.0" />
  <Point X="128.0" Y="84.0" />
  <Point X="126.0" Y="84.0" />
  <Point X="125.75286766063655" Y="84.0" />
  <Point X="125.0" Y="84.0" />
  <Point X="124.0" Y="84.0" />
  <Point X="123.0" Y="84.0" />
  <Point X="121.0" Y="84.0" />
  <Point X="119.17045635745853" Y="84.0" />
  <Point X="119.0" Y="84.0" />
  <Point X="118.0" Y="84.0" />
  <Point X="117.0" Y="84.0" />
  <Point X="116.0" Y="84.0" />
  <Point X="115.0" Y="84.0" />
  <Point X="114.0" Y="84.0" />
  <Point X="113.0" Y="84.0" />
  <Point X="112.58804505428051" Y="84.0" />
  <Point X="112.0" Y="84.0" />
  <Point X="111.0" Y="84.0" />
  <Point X="109.0" Y="84.0" />
  <Point X="108.0" Y="84.0" />
  <Point X="107.0" Y="84.0" />
  <Point X="106.0056337511025" Y="84.0" />
  <Point X="105.0" Y="84.0" />
  <Point X="104.0" Y="84.0" />
  <Point X="102.0" Y="84.0" />
  <Point X="101.0" Y="84.0" />
  <Point X="99.42322244792447" Y="84.0" />
  <Point X="99.0" Y="84.0" />
  <Point X="97.0" Y="84.0" />
  <Point X="96.0" Y="84.0" />
  <Point X="95.0" Y="84.0" />
  <Point X="94.0" Y="84.0" />
  <Point X="93.0" Y="84.0" />
  <Point X="92.84081114474645" Y="84.0" />
  <Point X="92.0" Y="84.0" />
  <Point X="91.0" Y="84.0" />
  <Point X="90.0" Y="84.0" />
  <Point X="89.0" Y="84.0" />
  <Point X="88.0" Y="84.0" />
  <Point X="86.44226546244904" Y="84.77886726877549" />
  <Point X="86.0" Y="85.0" />
  <Point X="85.0" Y="85.0" />
  <Point X="84.0" Y="85.0" />
  <Point X="83.0" Y="85.0" />
  <Point X="82.0" Y="85.0" />
  <Point X="81.0" Y="85.0" />
  <Point X="80.0" Y="85.0" />
  <Point X="80.0" Y="85.0879434841098" />
  <Point X="80.0" Y="86.0" />
  <Point X="78.0" Y="86.0" />
  <Point X="77.0" Y="86.0" />
  <Point X="76.0" Y="86.0" />
  <Point X="75.0" Y="86.0" />
  <Point X="74.32964521271218" Y="86.0" />
  <Point X="74.0" Y="86.0" />
  <Point X="73.0" Y="86.0" />
  <Point X="72.0" Y="86.0" />
  <Point X="71.0" Y="86.0" />
  <Point X="70.0" Y="86.0" />
  <Point X="70.0" Y="87.0" />
  <Point X="69.0" Y="87.0" />
  <Point X="68.74723390953416" Y="87.0" />
  <Point X="68.0" Y="87.0" />
  <Point X="67.0" Y="87.0" />
  <Point X="66.0" Y="87.0" />
  <Point X="65.0" Y="87.0" />
  <Point X="64.0" Y="87.0" />
  <Point X="63.0" Y="87.0" />
  <Point X="62.16482260635613" Y="87.0" />
  <Point X="62.0" Y="87.0" />
  <Point X="61.0" Y="87.0" />
  <Point X="60.0" Y="87.0" />
  <Point X="59.0" Y="87.0" />
  <Point X="58.0" Y="87.0" />
  <Point X="58.0" Y="88.0" />
  <Point X="57.0" Y="88.0" />
  <Point X="56.582411303178105" Y="88.0" />
  <Point X="56.0" Y="88.0" />
  <Point X="55.0" Y="88.0" />
  <Point X="54.0" Y="88.0" />
  <Point X="53.0" Y="88.0" />
  <Point X="52.0" Y="88.0" />
  <Point X="52.0" Y="89.0" />
  <Point X="51.00000000000008" Y="89.0" />
  <Point X="51.0" Y="89.0" />
</Project_1_Part_4>
