<?xml version="1.0" encoding="utf-8" standalone="yes"?>
<Gesture Name="rectangle8" Subject="3" Number="3" NumPts="426">
  <Point X="77.0" Y="90.0" />
  <Point X="76.0" Y="90.0" />
  <Point X="76.0" Y="91.0" />
  <Point X="76.0" Y="92.0" />
  <Point X="75.0" Y="92.0" />
  <Point X="75.0" Y="93.0" />
  <Point X="75.0" Y="94.0" />
  <Point X="75.0" Y="94.15826290076949" />
  <Point X="75.0" Y="95.0" />
  <Point X="75.0" Y="96.0" />
  <Point X="75.0" Y="97.0" />
  <Point X="75.0" Y="98.0" />
  <Point X="75.0" Y="99.0" />
  <Point X="75.0" Y="100.0" />
  <Point X="75.0" Y="100.31652580153897" />
  <Point X="75.0" Y="101.0" />
  <Point X="75.0" Y="102.0" />
  <Point X="75.0" Y="103.0" />
  <Point X="75.0" Y="104.0" />
  <Point X="75.0" Y="105.0" />
  <Point X="75.0" Y="106.0" />
  <Point X="75.0" Y="106.47478870230846" />
  <Point X="75.0" Y="107.0" />
  <Point X="75.0" Y="108.0" />
  <Point X="75.0" Y="109.0" />
  <Point X="75.0" Y="110.0" />
  <Point X="75.0" Y="111.0" />
  <Point X="75.0" Y="112.0" />
  <Point X="75.0" Y="112.63305160307794" />
  <Point X="75.0" Y="114.0" />
  <Point X="75.0" Y="115.0" />
  <Point X="75.0" Y="116.0" />
  <Point X="75.0" Y="117.0" />
  <Point X="75.0" Y="118.0" />
  <Point X="75.0" Y="118.79131450384743" />
  <Point X="75.0" Y="119.0" />
  <Point X="75.0" Y="120.0" />
  <Point X="75.0" Y="121.0" />
  <Point X="75.0" Y="122.0" />
  <Point X="75.0" Y="124.0" />
  <Point X="75.0" Y="124.94957740461692" />
  <Point X="75.0" Y="125.0" />
  <Point X="75.0" Y="126.0" />
  <Point X="75.0" Y="127.0" />
  <Point X="75.0" Y="128.0" />
  <Point X="75.0" Y="129.0" />
  <Point X="75.0" Y="130.0" />
  <Point X="75.0" Y="131.0" />
  <Point X="75.0" Y="131.1078403053864" />
  <Point X="75.0" Y="132.0" />
  <Point X="75.0" Y="133.0" />
  <Point X="74.0" Y="134.0" />
  <Point X="74.0" Y="135.0" />
  <Point X="74.0" Y="136.0" />
  <Point X="74.0" Y="136.85188964378278" />
  <Point X="74.0" Y="137.0" />
  <Point X="74.0" Y="138.0" />
  <Point X="74.0" Y="139.0" />
  <Point X="74.0" Y="141.0" />
  <Point X="74.0" Y="142.0" />
  <Point X="74.0" Y="143.0" />
  <Point X="73.9928210669008" Y="143.0071789330992" />
  <Point X="73.0" Y="144.0" />
  <Point X="73.0" Y="145.0" />
  <Point X="73.0" Y="146.0" />
  <Point X="73.0" Y="147.0" />
  <Point X="73.0" Y="148.0" />
  <Point X="73.0" Y="148.75420188294865" />
  <Point X="73.0" Y="149.0" />
  <Point X="73.0" Y="150.0" />
  <Point X="73.0" Y="151.0" />
  <Point X="73.0" Y="152.0" />
  <Point X="72.0" Y="153.0" />
  <Point X="72.0" Y="154.0" />
  <Point X="72.0" Y="154.49825122134504" />
  <Point X="72.0" Y="155.0" />
  <Point X="72.0" Y="156.0" />
  <Point X="72.0" Y="157.0" />
  <Point X="72.0" Y="158.0" />
  <Point X="72.0" Y="159.0" />
  <Point X="72.0" Y="160.0" />
  <Point X="72.0" Y="160.65651412211452" />
  <Point X="72.0" Y="161.0" />
  <Point X="72.0" Y="162.0" />
  <Point X="72.0" Y="163.0" />
  <Point X="72.0" Y="164.0" />
  <Point X="72.0" Y="165.0" />
  <Point X="72.0" Y="166.0" />
  <Point X="72.0" Y="166.814777022884" />
  <Point X="72.0" Y="167.0" />
  <Point X="73.0" Y="167.0" />
  <Point X="74.0" Y="167.0" />
  <Point X="75.0" Y="167.0" />
  <Point X="76.0" Y="167.0" />
  <Point X="77.0" Y="167.0" />
  <Point X="77.97303992365347" Y="167.0" />
  <Point X="78.0" Y="167.0" />
  <Point X="79.0" Y="167.0" />
  <Point X="80.0" Y="167.0" />
  <Point X="81.0" Y="167.0" />
  <Point X="82.0" Y="167.0" />
  <Point X="83.0" Y="167.0" />
  <Point X="84.0" Y="167.0" />
  <Point X="84.13130282442296" Y="167.0" />
  <Point X="85.0" Y="167.0" />
  <Point X="86.0" Y="167.0" />
  <Point X="87.0" Y="167.0" />
  <Point X="88.0" Y="167.0" />
  <Point X="89.0" Y="167.0" />
  <Point X="90.0" Y="167.0" />
  <Point X="90.28956572519245" Y="167.0" />
  <Point X="91.0" Y="167.0" />
  <Point X="92.0" Y="167.0" />
  <Point X="93.0" Y="167.0" />
  <Point X="94.0" Y="168.0" />
  <Point X="95.0" Y="168.0" />
  <Point X="96.0" Y="168.0" />
  <Point X="96.03361506358883" Y="168.0" />
  <Point X="97.0" Y="168.0" />
  <Point X="98.0" Y="168.0" />
  <Point X="99.0" Y="168.0" />
  <Point X="100.0" Y="168.0" />
  <Point X="101.0" Y="169.0" />
  <Point X="101.7776644019852" Y="169.0" />
  <Point X="102.0" Y="169.0" />
  <Point X="103.0" Y="169.0" />
  <Point X="104.0" Y="169.0" />
  <Point X="106.0" Y="169.0" />
  <Point X="107.0" Y="169.0" />
  <Point X="107.93592730275469" Y="169.0" />
  <Point X="108.0" Y="169.0" />
  <Point X="109.0" Y="169.0" />
  <Point X="110.0" Y="169.0" />
  <Point X="111.0" Y="169.0" />
  <Point X="113.0" Y="169.0" />
  <Point X="114.0" Y="169.0" />
  <Point X="114.09419020352418" Y="169.0" />
  <Point X="115.0" Y="169.0" />
  <Point X="116.0" Y="169.0" />
  <Point X="117.0" Y="169.0" />
  <Point X="119.0" Y="169.0" />
  <Point X="120.0" Y="169.0" />
  <Point X="120.25245310429366" Y="169.0" />
  <Point X="121.0" Y="169.0" />
  <Point X="122.0" Y="169.0" />
  <Point X="123.0" Y="169.0" />
  <Point X="124.0" Y="169.0" />
  <Point X="125.0" Y="169.0" />
  <Point X="126.0" Y="169.0" />
  <Point X="126.41071600506315" Y="169.0" />
  <Point X="127.0" Y="169.0" />
  <Point X="129.0" Y="169.0" />
  <Point X="130.0" Y="169.0" />
  <Point X="131.0" Y="169.0" />
  <Point X="132.0" Y="169.0" />
  <Point X="132.56897890583264" Y="169.0" />
  <Point X="133.0" Y="169.0" />
  <Point X="134.0" Y="169.0" />
  <Point X="135.0" Y="169.0" />
  <Point X="136.0" Y="169.0" />
  <Point X="137.0" Y="169.0" />
  <Point X="138.0" Y="169.0" />
  <Point X="138.7272418066021" Y="169.0" />
  <Point X="139.0" Y="169.0" />
  <Point X="140.0" Y="169.0" />
  <Point X="142.0" Y="169.0" />
  <Point X="143.0" Y="169.0" />
  <Point X="144.88550470737158" Y="169.0" />
  <Point X="145.0" Y="169.0" />
  <Point X="146.0" Y="169.0" />
  <Point X="147.0" Y="169.0" />
  <Point X="148.0" Y="169.0" />
  <Point X="149.0" Y="169.0" />
  <Point X="150.0" Y="169.0" />
  <Point X="151.0" Y="169.0" />
  <Point X="151.04376760814105" Y="169.0" />
  <Point X="152.0" Y="169.0" />
  <Point X="154.0" Y="169.0" />
  <Point X="155.0" Y="168.0" />
  <Point X="156.78781694653745" Y="168.0" />
  <Point X="157.0" Y="168.0" />
  <Point X="158.0" Y="168.0" />
  <Point X="159.0" Y="168.0" />
  <Point X="160.0" Y="168.0" />
  <Point X="161.0" Y="168.0" />
  <Point X="162.0" Y="168.0" />
  <Point X="162.94607984730692" Y="168.0" />
  <Point X="163.0" Y="168.0" />
  <Point X="164.0" Y="168.0" />
  <Point X="165.0" Y="168.0" />
  <Point X="166.0" Y="168.0" />
  <Point X="167.0" Y="168.0" />
  <Point X="167.0" Y="167.0" />
  <Point X="168.0" Y="167.0" />
  <Point X="168.1043427480764" Y="167.0" />
  <Point X="169.0" Y="167.0" />
  <Point X="170.0" Y="167.0" />
  <Point X="171.0" Y="167.0" />
  <Point X="172.0" Y="167.0" />
  <Point X="173.0" Y="167.0" />
  <Point X="174.0" Y="167.0" />
  <Point X="174.26260564884586" Y="167.0" />
  <Point X="175.0" Y="167.0" />
  <Point X="176.0" Y="167.0" />
  <Point X="177.0" Y="167.0" />
  <Point X="178.0" Y="166.0" />
  <Point X="179.0" Y="166.0" />
  <Point X="180.0" Y="166.0" />
  <Point X="180.00665498724226" Y="166.0" />
  <Point X="181.0" Y="166.0" />
  <Point X="181.0" Y="165.0" />
  <Point X="181.0" Y="164.0" />
  <Point X="181.0" Y="163.0" />
  <Point X="181.0" Y="162.0" />
  <Point X="181.0" Y="161.0" />
  <Point X="181.0" Y="160.83508211198827" />
  <Point X="181.0" Y="160.0" />
  <Point X="181.0" Y="159.0" />
  <Point X="181.0" Y="158.0" />
  <Point X="181.0" Y="157.0" />
  <Point X="181.0" Y="156.0" />
  <Point X="181.0" Y="155.0" />
  <Point X="181.0" Y="154.6768192112188" />
  <Point X="181.0" Y="154.0" />
  <Point X="181.0" Y="153.0" />
  <Point X="181.0" Y="152.0" />
  <Point X="181.0" Y="151.0" />
  <Point X="181.0" Y="150.0" />
  <Point X="181.0" Y="149.0" />
  <Point X="181.0" Y="148.51855631044933" />
  <Point X="181.0" Y="148.0" />
  <Point X="181.0" Y="147.0" />
  <Point X="181.0" Y="146.0" />
  <Point X="181.0" Y="145.0" />
  <Point X="181.0" Y="144.0" />
  <Point X="181.0" Y="143.0" />
  <Point X="181.0" Y="142.36029340967985" />
  <Point X="181.0" Y="142.0" />
  <Point X="181.0" Y="141.0" />
  <Point X="181.0" Y="140.0" />
  <Point X="181.0" Y="139.0" />
  <Point X="181.0" Y="138.0" />
  <Point X="181.0" Y="137.0" />
  <Point X="181.0" Y="136.20203050891038" />
  <Point X="181.0" Y="136.0" />
  <Point X="181.0" Y="135.0" />
  <Point X="181.0" Y="134.0" />
  <Point X="181.0" Y="132.0" />
  <Point X="181.0" Y="131.0" />
  <Point X="181.0" Y="130.0437676081409" />
  <Point X="181.0" Y="130.0" />
  <Point X="181.0" Y="129.0" />
  <Point X="181.0" Y="128.0" />
  <Point X="181.0" Y="126.0" />
  <Point X="181.0" Y="125.0" />
  <Point X="181.0" Y="123.88550470737142" />
  <Point X="181.0" Y="123.0" />
  <Point X="181.0" Y="122.0" />
  <Point X="181.0" Y="121.0" />
  <Point X="181.0" Y="120.0" />
  <Point X="181.0" Y="119.0" />
  <Point X="181.0" Y="118.0" />
  <Point X="181.0" Y="117.72724180660194" />
  <Point X="181.0" Y="117.0" />
  <Point X="181.0" Y="116.0" />
  <Point X="181.0" Y="115.0" />
  <Point X="181.0" Y="114.0" />
  <Point X="181.0" Y="113.0" />
  <Point X="181.0" Y="112.0" />
  <Point X="181.0" Y="111.56897890583245" />
  <Point X="181.0" Y="111.0" />
  <Point X="181.0" Y="110.0" />
  <Point X="181.0" Y="109.0" />
  <Point X="181.0" Y="108.0" />
  <Point X="181.0" Y="107.0" />
  <Point X="181.0" Y="106.0" />
  <Point X="181.0" Y="105.41071600506297" />
  <Point X="181.0" Y="105.0" />
  <Point X="181.0" Y="104.0" />
  <Point X="181.0" Y="103.0" />
  <Point X="181.0" Y="102.0" />
  <Point X="181.0" Y="101.0" />
  <Point X="181.0" Y="100.0" />
  <Point X="181.0" Y="99.25245310429348" />
  <Point X="181.0" Y="99.0" />
  <Point X="181.0" Y="98.0" />
  <Point X="181.0" Y="97.0" />
  <Point X="181.0" Y="96.0" />
  <Point X="181.0" Y="95.0" />
  <Point X="181.0" Y="94.0" />
  <Point X="181.0" Y="93.094190203524" />
  <Point X="181.0" Y="93.0" />
  <Point X="181.0" Y="92.0" />
  <Point X="181.0" Y="91.0" />
  <Point X="181.0" Y="90.0" />
  <Point X="181.0" Y="89.0" />
  <Point X="180.0" Y="89.0" />
  <Point X="179.0" Y="89.0" />
  <Point X="178.93592730275452" Y="89.0" />
  <Point X="178.0" Y="89.0" />
  <Point X="177.0" Y="88.0" />
  <Point X="176.0" Y="88.0" />
  <Point X="175.0" Y="88.0" />
  <Point X="174.0" Y="88.0" />
  <Point X="173.42857142857136" Y="87.42857142857136" />
  <Point X="173.0" Y="87.0" />
  <Point X="172.0" Y="87.0" />
  <Point X="171.0" Y="87.0" />
  <Point X="170.0" Y="87.0" />
  <Point X="169.0" Y="87.0" />
  <Point X="168.0" Y="86.0" />
  <Point X="167.86204218833484" Y="86.0" />
  <Point X="167.0" Y="86.0" />
  <Point X="166.0" Y="85.0" />
  <Point X="165.0" Y="85.0" />
  <Point X="164.0" Y="85.0" />
  <Point X="163.0" Y="85.0" />
  <Point X="162.11799284993845" Y="85.0" />
  <Point X="162.0" Y="85.0" />
  <Point X="161.0" Y="85.0" />
  <Point X="160.0" Y="85.0" />
  <Point X="159.0" Y="84.0" />
  <Point X="158.0" Y="84.0" />
  <Point X="157.0" Y="84.0" />
  <Point X="156.37394351154205" Y="84.0" />
  <Point X="156.0" Y="84.0" />
  <Point X="155.0" Y="84.0" />
  <Point X="154.0" Y="84.0" />
  <Point X="153.0" Y="84.0" />
  <Point X="152.0" Y="84.0" />
  <Point X="151.0" Y="84.0" />
  <Point X="150.21568061077258" Y="84.0" />
  <Point X="150.0" Y="84.0" />
  <Point X="149.0" Y="84.0" />
  <Point X="148.0" Y="84.0" />
  <Point X="147.0" Y="84.0" />
  <Point X="146.0" Y="84.0" />
  <Point X="145.0" Y="84.0" />
  <Point X="144.0574177100031" Y="84.0" />
  <Point X="144.0" Y="84.0" />
  <Point X="142.0" Y="84.0" />
  <Point X="141.0" Y="84.0" />
  <Point X="139.0" Y="84.0" />
  <Point X="138.0" Y="84.0" />
  <Point X="137.89915480923364" Y="84.0" />
  <Point X="137.0" Y="84.0" />
  <Point X="135.0" Y="84.0" />
  <Point X="134.0" Y="84.0" />
  <Point X="132.0" Y="84.0" />
  <Point X="131.74089190846416" Y="84.0" />
  <Point X="131.0" Y="84.0" />
  <Point X="130.0" Y="84.0" />
  <Point X="129.0" Y="84.0" />
  <Point X="128.0" Y="84.0" />
  <Point X="127.0" Y="84.0" />
  <Point X="126.0" Y="84.0" />
  <Point X="125.58262900769468" Y="84.0" />
  <Point X="125.0" Y="84.0" />
  <Point X="124.0" Y="84.0" />
  <Point X="123.0" Y="84.0" />
  <Point X="122.0" Y="84.0" />
  <Point X="121.0" Y="84.0" />
  <Point X="120.0" Y="84.0" />
  <Point X="119.42436610692519" Y="84.0" />
  <Point X="119.0" Y="84.0" />
  <Point X="118.0" Y="84.0" />
  <Point X="117.0" Y="84.0" />
  <Point X="116.0" Y="84.0" />
  <Point X="115.0" Y="84.0" />
  <Point X="113.2661032061557" Y="84.0" />
  <Point X="113.0" Y="84.0" />
  <Point X="112.0" Y="84.0" />
  <Point X="110.0" Y="84.0" />
  <Point X="109.0" Y="84.0" />
  <Point X="108.0" Y="84.0" />
  <Point X="107.10784030538622" Y="84.0" />
  <Point X="107.0" Y="84.0" />
  <Point X="106.0" Y="84.0" />
  <Point X="105.0" Y="84.0" />
  <Point X="104.0" Y="84.0" />
  <Point X="103.0" Y="84.0" />
  <Point X="102.0" Y="84.0" />
  <Point X="101.0" Y="84.0" />
  <Point X="100.94957740461673" Y="84.0" />
  <Point X="100.0" Y="84.0" />
  <Point X="100.0" Y="85.0" />
  <Point X="99.0" Y="85.0" />
  <Point X="98.0" Y="85.0" />
  <Point X="97.0" Y="85.0" />
  <Point X="96.0" Y="85.0" />
  <Point X="95.79131450384725" Y="85.0" />
  <Point X="95.0" Y="85.0" />
  <Point X="95.0" Y="86.0" />
  <Point X="94.0" Y="86.0" />
  <Point X="93.0" Y="86.0" />
  <Point X="92.0" Y="86.0" />
  <Point X="91.0" Y="86.0" />
  <Point X="90.63305160307776" Y="86.0" />
  <Point X="90.0" Y="86.0" />
  <Point X="89.0" Y="86.0" />
  <Point X="88.0" Y="86.0" />
  <Point X="87.0" Y="86.0" />
  <Point X="86.0" Y="86.0" />
  <Point X="85.0" Y="86.0" />
  <Point X="84.47478870230827" Y="86.0" />
  <Point X="84.0" Y="86.0" />
  <Point X="83.0" Y="86.0" />
  <Point X="82.0" Y="86.0" />
  <Point X="81.0" Y="86.0" />
  <Point X="80.0" Y="86.0" />
  <Point X="79.0" Y="86.0" />
  <Point X="78.31652580153879" Y="86.0" />
  <Point X="78.0" Y="86.0" />
  <Point X="77.0" Y="86.0" />
  <Point X="76.0" Y="86.0" />
  <Point X="75.0" Y="86.0" />
  <Point X="74.0" Y="86.0" />
  <Point X="73.0" Y="86.0" />
  <Point X="72.1582629007693" Y="86.0" />
  <Point X="72.0" Y="86.0" />
  <Point X="71.0" Y="86.0" />
  <Point X="70.0" Y="86.0" />
  <Point X="69.0" Y="86.0" />
  <Point X="68.0" Y="86.0" />
  <Point X="67.0" Y="86.0" />
  <Point X="66.0" Y="86.0" />
</Project_1_Part_4>
