<?xml version="1.0" encoding="utf-8" standalone="yes"?>
<Gesture Name="rectangle3" Subject="3" Number="3" NumPts="444">
  <Point X="202.0" Y="23.0" />
  <Point X="193.62259172862088" Y="26.375070958253463" />
  <Point X="185.24518345724175" Y="29.750141916506927" />
  <Point X="176.86777518586263" Y="33.12521287476039" />
  <Point X="168.4903669144835" Y="36.50028383301385" />
  <Point X="160.11295864310438" Y="39.87535479126732" />
  <Point X="151.73555037172525" Y="43.25042574952078" />
  <Point X="143.35814210034613" Y="46.62549670777424" />
  <Point X="134.980733828967" Y="50.0005676660277" />
  <Point X="126.60332555758787" Y="53.37563862428116" />
  <Point X="118.22591728620873" Y="56.75070958253462" />
  <Point X="109.84850901482959" Y="60.125780540788085" />
  <Point X="101.47110074345045" Y="63.50085149904155" />
  <Point X="93.09369247207131" Y="66.87592245729502" />
  <Point X="84.71628420069217" Y="70.25099341554848" />
  <Point X="76.33887592931303" Y="73.62606437380194" />
  <Point X="67.9614676579339" Y="77.00113533205541" />
  <Point X="63.0" Y="79.0" />
  <Point X="63.0" Y="80.0" />
  <Point X="63.0" Y="81.0" />
  <Point X="63.0" Y="82.0" />
  <Point X="63.0" Y="82.6827427317246" />
  <Point X="63.0" Y="83.0" />
  <Point X="63.0" Y="84.0" />
  <Point X="63.0" Y="85.0" />
  <Point X="63.0" Y="86.0" />
  <Point X="63.0" Y="87.0" />
  <Point X="63.0" Y="88.0" />
  <Point X="63.0" Y="89.0" />
  <Point X="63.0" Y="90.0" />
  <Point X="63.0" Y="91.0" />
  <Point X="63.0" Y="91.71446866415953" />
  <Point X="63.0" Y="92.0" />
  <Point X="63.0" Y="93.0" />
  <Point X="63.0" Y="94.0" />
  <Point X="63.0" Y="95.0" />
  <Point X="63.0" Y="96.0" />
  <Point X="63.0" Y="97.0" />
  <Point X="63.0" Y="98.0" />
  <Point X="63.0" Y="99.0" />
  <Point X="63.0" Y="100.0" />
  <Point X="63.0" Y="100.74619459659445" />
  <Point X="63.0" Y="101.0" />
  <Point X="63.0" Y="102.0" />
  <Point X="63.0" Y="103.0" />
  <Point X="63.0" Y="104.0" />
  <Point X="63.0" Y="105.0" />
  <Point X="63.0" Y="106.0" />
  <Point X="63.0" Y="107.0" />
  <Point X="63.0" Y="109.0" />
  <Point X="63.0" Y="109.77792052902937" />
  <Point X="63.0" Y="110.0" />
  <Point X="63.0" Y="112.0" />
  <Point X="63.0" Y="113.0" />
  <Point X="63.0" Y="114.0" />
  <Point X="63.0" Y="115.0" />
  <Point X="63.0" Y="116.0" />
  <Point X="63.0" Y="118.0" />
  <Point X="63.0" Y="118.8096464614643" />
  <Point X="63.0" Y="119.0" />
  <Point X="63.0" Y="120.0" />
  <Point X="63.0" Y="121.0" />
  <Point X="63.0" Y="122.0" />
  <Point X="63.0" Y="123.0" />
  <Point X="63.0" Y="124.0" />
  <Point X="63.0" Y="125.0" />
  <Point X="63.0" Y="126.0" />
  <Point X="63.0" Y="127.0" />
  <Point X="63.0" Y="127.84137239389922" />
  <Point X="63.0" Y="128.0" />
  <Point X="63.0" Y="129.0" />
  <Point X="63.0" Y="130.0" />
  <Point X="63.0" Y="131.0" />
  <Point X="63.0" Y="132.0" />
  <Point X="63.0" Y="133.0" />
  <Point X="63.0" Y="134.0" />
  <Point X="64.0" Y="135.0" />
  <Point X="64.0" Y="136.0" />
  <Point X="64.0" Y="136.45888476396104" />
  <Point X="64.0" Y="137.0" />
  <Point X="64.0" Y="138.0" />
  <Point X="64.0" Y="139.0" />
  <Point X="64.0" Y="140.0" />
  <Point X="64.0" Y="141.0" />
  <Point X="64.0" Y="142.0" />
  <Point X="64.0" Y="143.0" />
  <Point X="64.0" Y="144.0" />
  <Point X="64.0" Y="145.0" />
  <Point X="64.0" Y="145.49061069639595" />
  <Point X="64.0" Y="146.0" />
  <Point X="65.0" Y="147.0" />
  <Point X="65.0" Y="148.0" />
  <Point X="65.0" Y="149.0" />
  <Point X="65.0" Y="150.0" />
  <Point X="66.0" Y="150.0" />
  <Point X="66.0" Y="151.0" />
  <Point X="66.0" Y="152.0" />
  <Point X="66.0" Y="153.0" />
  <Point X="66.0" Y="153.10812306645778" />
  <Point X="66.0" Y="154.0" />
  <Point X="67.0" Y="154.0" />
  <Point X="67.0" Y="155.0" />
  <Point X="67.0" Y="156.0" />
  <Point X="67.0" Y="157.0" />
  <Point X="67.0" Y="158.0" />
  <Point X="68.0" Y="158.0" />
  <Point X="68.0" Y="159.0" />
  <Point X="69.0" Y="159.0" />
  <Point X="69.1398489988927" Y="159.0" />
  <Point X="70.0" Y="159.0" />
  <Point X="71.0" Y="159.0" />
  <Point X="72.0" Y="159.0" />
  <Point X="73.0" Y="159.0" />
  <Point X="74.0" Y="159.0" />
  <Point X="75.0" Y="159.0" />
  <Point X="76.0" Y="159.0" />
  <Point X="77.0" Y="159.0" />
  <Point X="78.0" Y="159.0" />
  <Point X="78.17157493132763" Y="159.0" />
  <Point X="79.0" Y="159.0" />
  <Point X="80.0" Y="159.0" />
  <Point X="81.0" Y="159.0" />
  <Point X="82.0" Y="159.0" />
  <Point X="83.0" Y="159.0" />
  <Point X="84.0" Y="159.0" />
  <Point X="85.0" Y="159.0" />
  <Point X="86.0" Y="159.0" />
  <Point X="87.0" Y="159.0" />
  <Point X="87.20330086376255" Y="159.0" />
  <Point X="89.0" Y="159.0" />
  <Point X="91.0" Y="159.0" />
  <Point X="92.0" Y="159.0" />
  <Point X="93.0" Y="159.0" />
  <Point X="94.0" Y="159.0" />
  <Point X="95.0" Y="159.0" />
  <Point X="96.0" Y="159.0" />
  <Point X="96.23502679619747" Y="159.0" />
  <Point X="98.0" Y="159.0" />
  <Point X="100.0" Y="159.0" />
  <Point X="101.0" Y="159.0" />
  <Point X="102.0" Y="159.0" />
  <Point X="103.0" Y="159.0" />
  <Point X="104.0" Y="159.0" />
  <Point X="105.0" Y="159.0" />
  <Point X="105.2667527286324" Y="159.0" />
  <Point X="106.0" Y="159.0" />
  <Point X="107.0" Y="159.0" />
  <Point X="108.0" Y="159.0" />
  <Point X="109.0" Y="159.0" />
  <Point X="111.0" Y="159.0" />
  <Point X="112.0" Y="159.0" />
  <Point X="113.0" Y="159.0" />
  <Point X="114.0" Y="159.0" />
  <Point X="114.29847866106732" Y="159.0" />
  <Point X="115.0" Y="159.0" />
  <Point X="116.0" Y="159.0" />
  <Point X="117.0" Y="159.0" />
  <Point X="118.0" Y="159.0" />
  <Point X="120.0" Y="159.0" />
  <Point X="122.0" Y="159.0" />
  <Point X="123.0" Y="159.0" />
  <Point X="123.33020459350224" Y="159.0" />
  <Point X="125.0" Y="159.0" />
  <Point X="127.0" Y="159.0" />
  <Point X="129.0" Y="159.0" />
  <Point X="130.0" Y="159.0" />
  <Point X="131.0" Y="159.0" />
  <Point X="132.36193052593717" Y="159.0" />
  <Point X="133.0" Y="159.0" />
  <Point X="134.0" Y="159.0" />
  <Point X="135.0" Y="159.0" />
  <Point X="137.0" Y="159.0" />
  <Point X="138.0" Y="159.0" />
  <Point X="139.0" Y="159.0" />
  <Point X="141.0" Y="159.0" />
  <Point X="141.3936564583721" Y="159.0" />
  <Point X="142.0" Y="159.0" />
  <Point X="143.0" Y="159.0" />
  <Point X="145.0" Y="159.0" />
  <Point X="145.0" Y="160.0" />
  <Point X="147.0" Y="160.0" />
  <Point X="148.0" Y="160.0" />
  <Point X="149.42538239080704" Y="160.0" />
  <Point X="150.0" Y="160.0" />
  <Point X="151.0" Y="160.0" />
  <Point X="152.0" Y="161.0" />
  <Point X="153.0" Y="161.0" />
  <Point X="154.0" Y="161.0" />
  <Point X="155.0" Y="162.0" />
  <Point X="156.0" Y="162.0" />
  <Point X="157.0" Y="162.0" />
  <Point X="157.62868119849577" Y="162.0" />
  <Point X="158.0" Y="162.0" />
  <Point X="159.0" Y="162.0" />
  <Point X="161.0" Y="162.0" />
  <Point X="161.0" Y="163.0" />
  <Point X="162.0" Y="163.0" />
  <Point X="163.0" Y="163.0" />
  <Point X="164.0" Y="163.0" />
  <Point X="165.0" Y="163.0" />
  <Point X="165.6604071309307" Y="163.0" />
  <Point X="167.0" Y="163.0" />
  <Point X="167.0" Y="164.0" />
  <Point X="168.0" Y="164.0" />
  <Point X="169.0" Y="164.0" />
  <Point X="171.0" Y="164.0" />
  <Point X="171.0" Y="165.0" />
  <Point X="172.0" Y="165.0" />
  <Point X="172.69213306336565" Y="165.0" />
  <Point X="173.0" Y="165.0" />
  <Point X="174.0" Y="165.0" />
  <Point X="175.0" Y="165.0" />
  <Point X="176.0" Y="165.0" />
  <Point X="177.0" Y="165.0" />
  <Point X="178.0" Y="165.0" />
  <Point X="179.0" Y="165.0" />
  <Point X="180.0" Y="165.0" />
  <Point X="181.0" Y="165.0" />
  <Point X="181.72385899580058" Y="165.0" />
  <Point X="182.0" Y="165.0" />
  <Point X="183.0" Y="165.0" />
  <Point X="184.0" Y="165.0" />
  <Point X="185.0" Y="165.0" />
  <Point X="186.0" Y="165.0" />
  <Point X="187.0" Y="165.0" />
  <Point X="188.0" Y="165.0" />
  <Point X="188.0" Y="164.0" />
  <Point X="189.0" Y="164.0" />
  <Point X="189.0" Y="163.24441507176448" />
  <Point X="189.0" Y="163.0" />
  <Point X="190.0" Y="163.0" />
  <Point X="190.0" Y="162.0" />
  <Point X="190.0" Y="161.0" />
  <Point X="190.0" Y="160.0" />
  <Point X="190.0" Y="159.0" />
  <Point X="190.0" Y="158.0" />
  <Point X="190.0" Y="157.0" />
  <Point X="191.0" Y="156.0" />
  <Point X="191.0" Y="155.62690270170265" />
  <Point X="191.0" Y="155.0" />
  <Point X="191.0" Y="154.0" />
  <Point X="192.0" Y="154.0" />
  <Point X="192.0" Y="153.0" />
  <Point X="192.0" Y="152.0" />
  <Point X="192.0" Y="151.0" />
  <Point X="192.0" Y="150.0" />
  <Point X="192.0" Y="149.0" />
  <Point X="192.0" Y="148.0" />
  <Point X="192.0" Y="147.5951767692677" />
  <Point X="192.0" Y="147.0" />
  <Point X="192.0" Y="146.0" />
  <Point X="193.0" Y="146.0" />
  <Point X="193.0" Y="145.0" />
  <Point X="193.0" Y="143.0" />
  <Point X="193.0" Y="142.0" />
  <Point X="193.0" Y="141.0" />
  <Point X="193.0" Y="140.0" />
  <Point X="193.0" Y="139.56345083683277" />
  <Point X="193.0" Y="139.0" />
  <Point X="193.0" Y="138.0" />
  <Point X="193.0" Y="136.0" />
  <Point X="193.0" Y="135.0" />
  <Point X="193.0" Y="134.0" />
  <Point X="193.0" Y="133.0" />
  <Point X="193.0" Y="132.0" />
  <Point X="193.0" Y="131.0" />
  <Point X="193.0" Y="130.53172490439783" />
  <Point X="193.0" Y="130.0" />
  <Point X="193.0" Y="128.0" />
  <Point X="193.0" Y="127.0" />
  <Point X="193.0" Y="126.0" />
  <Point X="193.0" Y="125.0" />
  <Point X="193.0" Y="124.0" />
  <Point X="193.0" Y="123.0" />
  <Point X="193.0" Y="122.0" />
  <Point X="193.0" Y="121.49999897196291" />
  <Point X="193.0" Y="121.0" />
  <Point X="193.0" Y="120.0" />
  <Point X="193.0" Y="119.0" />
  <Point X="193.0" Y="118.0" />
  <Point X="193.0" Y="117.0" />
  <Point X="193.0" Y="116.0" />
  <Point X="193.0" Y="115.0" />
  <Point X="192.0" Y="115.0" />
  <Point X="192.0" Y="114.0" />
  <Point X="192.0" Y="113.46827303952799" />
  <Point X="192.0" Y="113.0" />
  <Point X="192.0" Y="112.0" />
  <Point X="192.0" Y="111.0" />
  <Point X="191.0" Y="110.0" />
  <Point X="191.0" Y="109.0" />
  <Point X="191.0" Y="108.0" />
  <Point X="191.0" Y="107.0" />
  <Point X="191.0" Y="106.0" />
  <Point X="191.0" Y="105.0" />
  <Point X="191.0" Y="104.85076066946615" />
  <Point X="191.0" Y="104.0" />
  <Point X="191.0" Y="103.0" />
  <Point X="191.0" Y="102.0" />
  <Point X="191.0" Y="101.0" />
  <Point X="190.0" Y="100.0" />
  <Point X="190.0" Y="99.0" />
  <Point X="190.0" Y="98.0" />
  <Point X="190.0" Y="97.0" />
  <Point X="190.0" Y="96.23324829940432" />
  <Point X="190.0" Y="96.0" />
  <Point X="190.0" Y="95.0" />
  <Point X="190.0" Y="94.0" />
  <Point X="190.0" Y="93.0" />
  <Point X="190.0" Y="92.0" />
  <Point X="190.0" Y="91.0" />
  <Point X="190.0" Y="90.0" />
  <Point X="190.0" Y="89.0" />
  <Point X="190.0" Y="88.0" />
  <Point X="190.0" Y="87.2015223669694" />
  <Point X="190.0" Y="87.0" />
  <Point X="190.0" Y="86.0" />
  <Point X="190.0" Y="85.0" />
  <Point X="190.0" Y="84.0" />
  <Point X="190.0" Y="83.0" />
  <Point X="190.0" Y="82.0" />
  <Point X="190.0" Y="81.0" />
  <Point X="190.0" Y="80.0" />
  <Point X="190.0" Y="79.0" />
  <Point X="190.0" Y="78.16979643453448" />
  <Point X="190.0" Y="78.0" />
  <Point X="190.0" Y="77.0" />
  <Point X="190.0" Y="76.0" />
  <Point X="190.0" Y="75.0" />
  <Point X="189.0" Y="75.0" />
  <Point X="188.0" Y="75.0" />
  <Point X="187.0" Y="75.0" />
  <Point X="186.0" Y="75.0" />
  <Point X="185.0" Y="75.0" />
  <Point X="184.13807050209954" Y="75.0" />
  <Point X="184.0" Y="75.0" />
  <Point X="183.0" Y="75.0" />
  <Point X="182.0" Y="75.0" />
  <Point X="181.0" Y="75.0" />
  <Point X="180.0" Y="75.0" />
  <Point X="179.0" Y="75.0" />
  <Point X="178.0" Y="75.0" />
  <Point X="177.0" Y="75.0" />
  <Point X="176.0" Y="75.0" />
  <Point X="175.1063445696646" Y="75.0" />
  <Point X="175.0" Y="75.0" />
  <Point X="174.0" Y="75.0" />
  <Point X="173.0" Y="75.0" />
  <Point X="172.0" Y="75.0" />
  <Point X="171.0" Y="75.0" />
  <Point X="170.0" Y="75.0" />
  <Point X="169.0" Y="75.0" />
  <Point X="168.0" Y="75.0" />
  <Point X="167.0" Y="75.0" />
  <Point X="166.07461863722966" Y="75.0" />
  <Point X="166.0" Y="75.0" />
  <Point X="165.0" Y="75.0" />
  <Point X="163.0" Y="75.0" />
  <Point X="162.0" Y="75.0" />
  <Point X="161.0" Y="75.0" />
  <Point X="160.0" Y="75.0" />
  <Point X="159.0" Y="75.0" />
  <Point X="158.0" Y="75.0" />
  <Point X="157.04289270479472" Y="75.0" />
  <Point X="157.0" Y="75.0" />
  <Point X="156.0" Y="75.0" />
  <Point X="155.0" Y="75.0" />
  <Point X="154.0" Y="75.0" />
  <Point X="152.0" Y="75.0" />
  <Point X="151.0" Y="75.0" />
  <Point X="150.0" Y="76.0" />
  <Point X="149.0" Y="76.0" />
  <Point X="148.4253803347329" Y="76.0" />
  <Point X="148.0" Y="76.0" />
  <Point X="147.0" Y="76.0" />
  <Point X="146.0" Y="76.0" />
  <Point X="144.0" Y="76.0" />
  <Point X="143.0" Y="76.0" />
  <Point X="142.0" Y="77.0" />
  <Point X="141.0" Y="77.0" />
  <Point X="140.0" Y="77.0" />
  <Point X="139.80786796467106" Y="77.0" />
  <Point X="139.0" Y="77.0" />
  <Point X="138.0" Y="77.0" />
  <Point X="137.0" Y="77.0" />
  <Point X="136.0" Y="77.0" />
  <Point X="134.0" Y="77.0" />
  <Point X="133.0" Y="77.0" />
  <Point X="132.0" Y="77.0" />
  <Point X="131.0" Y="77.0" />
  <Point X="130.77614203223612" Y="77.0" />
  <Point X="130.0" Y="77.0" />
  <Point X="129.0" Y="77.0" />
  <Point X="128.0" Y="77.0" />
  <Point X="127.0" Y="77.0" />
  <Point X="126.0" Y="77.0" />
  <Point X="125.0" Y="78.0" />
  <Point X="123.0" Y="78.0" />
  <Point X="122.15862966217429" Y="78.0" />
  <Point X="122.0" Y="78.0" />
  <Point X="121.0" Y="78.0" />
  <Point X="120.0" Y="78.0" />
  <Point X="119.0" Y="78.0" />
  <Point X="118.0" Y="78.0" />
  <Point X="117.0" Y="78.0" />
  <Point X="116.0" Y="78.0" />
  <Point X="114.0" Y="78.0" />
  <Point X="113.12690372973937" Y="78.0" />
  <Point X="112.0" Y="78.0" />
  <Point X="112.0" Y="79.0" />
  <Point X="111.0" Y="79.0" />
  <Point X="110.0" Y="79.0" />
  <Point X="108.0" Y="79.0" />
  <Point X="107.0" Y="79.0" />
  <Point X="107.0" Y="80.0" />
  <Point X="106.09517779730444" Y="80.0" />
  <Point X="105.0" Y="80.0" />
  <Point X="104.0" Y="80.0" />
  <Point X="103.0" Y="80.0" />
  <Point X="101.0" Y="80.0" />
  <Point X="100.0" Y="80.0" />
  <Point X="99.0" Y="80.0" />
  <Point X="98.0" Y="80.0" />
  <Point X="97.06345186486952" Y="80.0" />
  <Point X="97.0" Y="80.0" />
  <Point X="96.0" Y="80.0" />
  <Point X="95.0" Y="80.0" />
  <Point X="94.0" Y="80.0" />
  <Point X="93.0" Y="80.0" />
  <Point X="92.0" Y="80.0" />
  <Point X="91.0" Y="80.0" />
  <Point X="90.0" Y="80.0" />
  <Point X="89.0" Y="80.0" />
  <Point X="88.0317259324346" Y="80.0" />
  <Point X="88.0" Y="80.0" />
  <Point X="87.0" Y="80.0" />
  <Point X="86.0" Y="80.0" />
  <Point X="85.0" Y="80.0" />
  <Point X="84.0" Y="80.0" />
  <Point X="83.0" Y="80.0" />
  <Point X="82.0" Y="80.0" />
  <Point X="81.0" Y="80.0" />
  <Point X="80.0" Y="80.0" />
  <Point X="79.0" Y="80.0" />
</Project_1_Part_4>
