<?xml version="1.0" encoding="utf-8" standalone="yes"?>
<Gesture Name="rectangle9" Subject="3" Number="3" NumPts="409">
  <Point X="209.0" Y="27.0" />
  <Point X="201.90926096212218" Y="30.852448768610788" />
  <Point X="194.81852192424435" Y="34.704897537221576" />
  <Point X="187.72778288636653" Y="38.55734630583236" />
  <Point X="180.6370438484887" Y="42.409795074443146" />
  <Point X="173.54630481061088" Y="46.26224384305393" />
  <Point X="166.45556577273305" Y="50.114692611664715" />
  <Point X="159.36482673485523" Y="53.9671413802755" />
  <Point X="152.2740876969774" Y="57.819590148886284" />
  <Point X="145.18334865909958" Y="61.67203891749707" />
  <Point X="138.09260962122175" Y="65.52448768610786" />
  <Point X="131.00187058334393" Y="69.37693645471865" />
  <Point X="123.9111315454661" Y="73.22938522332943" />
  <Point X="116.82039250758828" Y="77.08183399194021" />
  <Point X="109.72965346971046" Y="80.934282760551" />
  <Point X="102.63891443183263" Y="84.78673152916178" />
  <Point X="95.5481753939548" Y="88.63918029777258" />
  <Point X="88.45743635607698" Y="92.49162906638337" />
  <Point X="82.0" Y="96.0" />
  <Point X="82.0" Y="96.72073701397278" />
  <Point X="82.0" Y="97.0" />
  <Point X="82.0" Y="98.0" />
  <Point X="82.0" Y="99.0" />
  <Point X="82.0" Y="100.0" />
  <Point X="82.0" Y="101.0" />
  <Point X="82.0" Y="102.0" />
  <Point X="82.0" Y="103.0" />
  <Point X="82.0" Y="104.0" />
  <Point X="82.0" Y="104.79042979734783" />
  <Point X="82.0" Y="105.0" />
  <Point X="82.0" Y="106.0" />
  <Point X="82.0" Y="107.0" />
  <Point X="82.0" Y="108.0" />
  <Point X="82.0" Y="109.0" />
  <Point X="82.0" Y="110.0" />
  <Point X="82.0" Y="111.0" />
  <Point X="82.0" Y="112.0" />
  <Point X="82.0" Y="112.86012258072287" />
  <Point X="82.0" Y="113.0" />
  <Point X="82.0" Y="114.0" />
  <Point X="82.0" Y="115.0" />
  <Point X="82.0" Y="116.0" />
  <Point X="82.0" Y="117.0" />
  <Point X="83.0" Y="118.0" />
  <Point X="83.0" Y="119.0" />
  <Point X="83.0" Y="120.0" />
  <Point X="83.0" Y="120.51560180172483" />
  <Point X="83.0" Y="121.0" />
  <Point X="83.0" Y="122.0" />
  <Point X="83.0" Y="123.0" />
  <Point X="83.0" Y="124.0" />
  <Point X="83.0" Y="126.0" />
  <Point X="84.0" Y="127.0" />
  <Point X="84.0" Y="128.0" />
  <Point X="84.0" Y="128.17108102272678" />
  <Point X="84.0" Y="129.0" />
  <Point X="84.0" Y="130.0" />
  <Point X="84.0" Y="131.0" />
  <Point X="84.0" Y="132.0" />
  <Point X="84.0" Y="133.0" />
  <Point X="84.0" Y="134.0" />
  <Point X="85.0" Y="136.0" />
  <Point X="85.0" Y="136.00470582860203" />
  <Point X="85.0" Y="137.0" />
  <Point X="85.0" Y="138.0" />
  <Point X="85.0" Y="139.0" />
  <Point X="86.0" Y="140.0" />
  <Point X="86.0" Y="141.0" />
  <Point X="86.0" Y="142.0" />
  <Point X="86.0" Y="143.0" />
  <Point X="86.0" Y="143.66018504960397" />
  <Point X="86.0" Y="144.0" />
  <Point X="86.0" Y="145.0" />
  <Point X="86.0" Y="146.0" />
  <Point X="86.0" Y="147.0" />
  <Point X="86.0" Y="148.0" />
  <Point X="86.0" Y="149.0" />
  <Point X="87.0" Y="150.0" />
  <Point X="87.0" Y="151.0" />
  <Point X="87.0" Y="151.3156642706059" />
  <Point X="87.0" Y="152.0" />
  <Point X="87.0" Y="153.0" />
  <Point X="87.0" Y="154.0" />
  <Point X="87.0" Y="155.0" />
  <Point X="87.0" Y="156.0" />
  <Point X="87.0" Y="157.0" />
  <Point X="87.0" Y="158.0" />
  <Point X="87.0" Y="159.0" />
  <Point X="87.0" Y="159.38535705398095" />
  <Point X="87.0" Y="160.0" />
  <Point X="87.0" Y="161.0" />
  <Point X="87.0" Y="162.0" />
  <Point X="87.0" Y="163.0" />
  <Point X="87.0" Y="164.0" />
  <Point X="87.0" Y="165.0" />
  <Point X="87.0" Y="166.0" />
  <Point X="87.0" Y="167.0" />
  <Point X="87.0" Y="167.455049837356" />
  <Point X="87.0" Y="168.0" />
  <Point X="87.0" Y="169.0" />
  <Point X="87.0" Y="170.0" />
  <Point X="87.0" Y="171.0" />
  <Point X="87.0" Y="172.0" />
  <Point X="87.0" Y="173.0" />
  <Point X="87.0" Y="174.0" />
  <Point X="87.0" Y="175.0" />
  <Point X="87.0" Y="175.52474262073105" />
  <Point X="87.0" Y="176.0" />
  <Point X="87.0" Y="177.0" />
  <Point X="87.0" Y="178.0" />
  <Point X="87.0" Y="179.0" />
  <Point X="87.0" Y="180.0" />
  <Point X="88.0" Y="180.0" />
  <Point X="89.0" Y="180.0" />
  <Point X="90.0" Y="180.0" />
  <Point X="90.5944354041061" Y="180.0" />
  <Point X="91.0" Y="180.0" />
  <Point X="92.0" Y="180.0" />
  <Point X="93.0" Y="180.0" />
  <Point X="94.0" Y="180.0" />
  <Point X="95.0" Y="179.0" />
  <Point X="96.0" Y="179.0" />
  <Point X="97.0" Y="179.0" />
  <Point X="98.0" Y="179.0" />
  <Point X="98.24991462510805" Y="179.0" />
  <Point X="99.0" Y="179.0" />
  <Point X="100.0" Y="179.0" />
  <Point X="101.0" Y="178.0" />
  <Point X="102.0" Y="178.0" />
  <Point X="103.0" Y="178.0" />
  <Point X="105.0" Y="178.0" />
  <Point X="105.90539384611" Y="178.0" />
  <Point X="106.0" Y="178.0" />
  <Point X="107.0" Y="177.0" />
  <Point X="108.0" Y="177.0" />
  <Point X="109.0" Y="177.0" />
  <Point X="111.0" Y="177.0" />
  <Point X="112.0" Y="177.0" />
  <Point X="113.0" Y="177.0" />
  <Point X="113.50166012192446" Y="176.74916993903778" />
  <Point X="115.0" Y="176.0" />
  <Point X="116.0" Y="176.0" />
  <Point X="118.0" Y="176.0" />
  <Point X="119.0" Y="175.0" />
  <Point X="120.0" Y="175.0" />
  <Point X="120.98028431061412" Y="175.0" />
  <Point X="121.0" Y="175.0" />
  <Point X="122.0" Y="175.0" />
  <Point X="123.0" Y="175.0" />
  <Point X="124.0" Y="175.0" />
  <Point X="125.0" Y="175.0" />
  <Point X="126.0" Y="175.0" />
  <Point X="127.0" Y="175.0" />
  <Point X="128.0" Y="175.0" />
  <Point X="129.0" Y="175.0" />
  <Point X="129.03533914206375" Y="174.96466085793625" />
  <Point X="130.0" Y="174.0" />
  <Point X="131.0" Y="174.0" />
  <Point X="132.0" Y="174.0" />
  <Point X="134.0" Y="174.0" />
  <Point X="135.0" Y="174.0" />
  <Point X="136.0" Y="174.0" />
  <Point X="136.70545631499112" Y="174.0" />
  <Point X="137.0" Y="174.0" />
  <Point X="138.0" Y="174.0" />
  <Point X="139.0" Y="174.0" />
  <Point X="140.0" Y="174.0" />
  <Point X="141.0" Y="174.0" />
  <Point X="142.0" Y="174.0" />
  <Point X="143.0" Y="174.0" />
  <Point X="144.0" Y="174.0" />
  <Point X="144.0" Y="173.22485090163383" />
  <Point X="144.0" Y="173.0" />
  <Point X="145.0" Y="173.0" />
  <Point X="146.0" Y="173.0" />
  <Point X="147.0" Y="173.0" />
  <Point X="148.0" Y="173.0" />
  <Point X="149.0" Y="173.0" />
  <Point X="150.0" Y="173.0" />
  <Point X="151.0" Y="173.0" />
  <Point X="151.84484188174122" Y="173.0" />
  <Point X="152.0" Y="173.0" />
  <Point X="153.0" Y="173.0" />
  <Point X="154.0" Y="173.0" />
  <Point X="155.0" Y="173.0" />
  <Point X="156.0" Y="173.0" />
  <Point X="157.0" Y="173.0" />
  <Point X="158.0" Y="173.0" />
  <Point X="159.0" Y="173.0" />
  <Point X="159.91453466511626" Y="173.0" />
  <Point X="160.0" Y="173.0" />
  <Point X="162.0" Y="173.0" />
  <Point X="163.0" Y="173.0" />
  <Point X="164.0" Y="173.0" />
  <Point X="165.0" Y="173.0" />
  <Point X="165.0" Y="172.0" />
  <Point X="166.0" Y="172.0" />
  <Point X="166.9842274484913" Y="172.0" />
  <Point X="167.0" Y="172.0" />
  <Point X="168.0" Y="172.0" />
  <Point X="169.0" Y="172.0" />
  <Point X="170.0" Y="172.0" />
  <Point X="171.0" Y="172.0" />
  <Point X="172.0" Y="172.0" />
  <Point X="173.0" Y="172.0" />
  <Point X="173.0" Y="171.0" />
  <Point X="174.0" Y="171.0" />
  <Point X="174.0" Y="170.94607976813364" />
  <Point X="174.0" Y="170.0" />
  <Point X="174.0" Y="169.0" />
  <Point X="174.0" Y="168.0" />
  <Point X="174.0" Y="167.0" />
  <Point X="174.0" Y="166.0" />
  <Point X="174.0" Y="165.0" />
  <Point X="174.0" Y="164.0" />
  <Point X="174.79451438250666" Y="163.20548561749334" />
  <Point X="175.0" Y="163.0" />
  <Point X="175.0" Y="162.0" />
  <Point X="175.0" Y="161.0" />
  <Point X="175.0" Y="160.0" />
  <Point X="175.0" Y="159.0" />
  <Point X="175.0" Y="158.0" />
  <Point X="175.0" Y="157.0" />
  <Point X="175.0" Y="156.0" />
  <Point X="175.55090140341747" Y="155.44909859658253" />
  <Point X="176.0" Y="155.0" />
  <Point X="176.0" Y="154.0" />
  <Point X="176.0" Y="153.0" />
  <Point X="176.0" Y="152.0" />
  <Point X="176.0" Y="151.0" />
  <Point X="176.0" Y="150.0" />
  <Point X="177.0" Y="150.0" />
  <Point X="177.0" Y="149.0" />
  <Point X="177.0" Y="148.5654285427547" />
  <Point X="177.0" Y="148.0" />
  <Point X="177.0" Y="147.0" />
  <Point X="177.0" Y="146.0" />
  <Point X="177.0" Y="145.0" />
  <Point X="177.0" Y="144.0" />
  <Point X="177.0" Y="143.0" />
  <Point X="177.0" Y="142.0" />
  <Point X="177.0" Y="141.0" />
  <Point X="177.0" Y="140.49573575937964" />
  <Point X="177.0" Y="140.0" />
  <Point X="177.0" Y="139.0" />
  <Point X="177.0" Y="138.0" />
  <Point X="177.0" Y="137.0" />
  <Point X="178.0" Y="137.0" />
  <Point X="178.0" Y="136.0" />
  <Point X="178.0" Y="135.0" />
  <Point X="178.0" Y="134.0" />
  <Point X="178.0" Y="133.4260429760046" />
  <Point X="178.0" Y="133.0" />
  <Point X="178.0" Y="132.0" />
  <Point X="178.0" Y="131.0" />
  <Point X="178.0" Y="130.0" />
  <Point X="178.0" Y="129.0" />
  <Point X="178.0" Y="128.0" />
  <Point X="178.0" Y="127.0" />
  <Point X="178.0" Y="126.0" />
  <Point X="178.0" Y="125.35635019262955" />
  <Point X="178.0" Y="125.0" />
  <Point X="178.0" Y="124.0" />
  <Point X="178.0" Y="123.0" />
  <Point X="178.0" Y="122.0" />
  <Point X="178.0" Y="121.0" />
  <Point X="178.0" Y="120.0" />
  <Point X="178.0" Y="119.0" />
  <Point X="178.0" Y="118.0" />
  <Point X="178.0" Y="117.2866574092545" />
  <Point X="178.0" Y="117.0" />
  <Point X="178.0" Y="116.0" />
  <Point X="178.0" Y="115.0" />
  <Point X="178.0" Y="114.0" />
  <Point X="178.0" Y="113.0" />
  <Point X="178.0" Y="112.0" />
  <Point X="178.0" Y="111.0" />
  <Point X="178.0" Y="110.0" />
  <Point X="178.0" Y="109.21696462587946" />
  <Point X="178.0" Y="109.0" />
  <Point X="178.0" Y="108.0" />
  <Point X="178.0" Y="107.0" />
  <Point X="178.0" Y="106.0" />
  <Point X="178.0" Y="105.0" />
  <Point X="178.0" Y="104.0" />
  <Point X="178.0" Y="103.0" />
  <Point X="178.0" Y="102.0" />
  <Point X="178.0" Y="101.14727184250441" />
  <Point X="178.0" Y="101.0" />
  <Point X="178.0" Y="100.0" />
  <Point X="178.0" Y="99.0" />
  <Point X="178.0" Y="98.0" />
  <Point X="178.0" Y="97.0" />
  <Point X="178.0" Y="96.0" />
  <Point X="178.0" Y="95.0" />
  <Point X="178.0" Y="94.0" />
  <Point X="177.07757905912936" Y="94.0" />
  <Point X="177.0" Y="94.0" />
  <Point X="176.0" Y="94.0" />
  <Point X="175.0" Y="94.0" />
  <Point X="174.0" Y="94.0" />
  <Point X="173.0" Y="94.0" />
  <Point X="172.0" Y="94.0" />
  <Point X="171.0" Y="94.0" />
  <Point X="170.0" Y="93.0" />
  <Point X="169.42209983812742" Y="93.0" />
  <Point X="169.0" Y="93.0" />
  <Point X="168.0" Y="93.0" />
  <Point X="167.0" Y="93.0" />
  <Point X="166.0" Y="93.0" />
  <Point X="165.0" Y="93.0" />
  <Point X="164.0" Y="93.0" />
  <Point X="163.0" Y="93.0" />
  <Point X="162.0" Y="93.0" />
  <Point X="161.35240705475238" Y="93.0" />
  <Point X="161.0" Y="93.0" />
  <Point X="160.0" Y="93.0" />
  <Point X="159.0" Y="93.0" />
  <Point X="158.0" Y="93.0" />
  <Point X="157.0" Y="93.0" />
  <Point X="156.0" Y="93.0" />
  <Point X="155.0" Y="93.0" />
  <Point X="154.0" Y="93.0" />
  <Point X="153.28271427137733" Y="93.0" />
  <Point X="153.0" Y="93.0" />
  <Point X="152.0" Y="93.0" />
  <Point X="151.0" Y="93.0" />
  <Point X="150.0" Y="93.0" />
  <Point X="149.0" Y="93.0" />
  <Point X="147.0" Y="93.0" />
  <Point X="146.0" Y="93.0" />
  <Point X="145.21302148800228" Y="93.0" />
  <Point X="145.0" Y="93.0" />
  <Point X="144.0" Y="93.0" />
  <Point X="143.0" Y="93.0" />
  <Point X="142.0" Y="93.0" />
  <Point X="141.0" Y="93.0" />
  <Point X="140.0" Y="93.0" />
  <Point X="139.0" Y="93.0" />
  <Point X="138.0" Y="93.0" />
  <Point X="137.14332870462724" Y="93.0" />
  <Point X="137.0" Y="93.0" />
  <Point X="136.0" Y="93.0" />
  <Point X="135.0" Y="93.0" />
  <Point X="134.0" Y="93.0" />
  <Point X="133.0" Y="93.0" />
  <Point X="132.0" Y="93.0" />
  <Point X="131.0" Y="93.0" />
  <Point X="130.0" Y="93.0" />
  <Point X="129.0736359212522" Y="93.0" />
  <Point X="129.0" Y="93.0" />
  <Point X="128.0" Y="93.0" />
  <Point X="127.0" Y="93.0" />
  <Point X="125.0" Y="93.0" />
  <Point X="124.0" Y="93.0" />
  <Point X="123.0" Y="93.0" />
  <Point X="122.0" Y="93.0" />
  <Point X="121.00394313787714" Y="93.0" />
  <Point X="121.0" Y="93.0" />
  <Point X="120.0" Y="93.0" />
  <Point X="119.0" Y="93.0" />
  <Point X="118.0" Y="93.0" />
  <Point X="117.0" Y="93.0" />
  <Point X="116.0" Y="94.0" />
  <Point X="115.0" Y="94.0" />
  <Point X="114.0" Y="94.0" />
  <Point X="113.34846391687519" Y="94.0" />
  <Point X="113.0" Y="94.0" />
  <Point X="112.0" Y="94.0" />
  <Point X="111.0" Y="94.0" />
  <Point X="110.0" Y="94.0" />
  <Point X="109.0" Y="94.0" />
  <Point X="108.0" Y="94.0" />
  <Point X="108.0" Y="95.0" />
  <Point X="106.27877113350014" Y="95.0" />
  <Point X="106.0" Y="95.0" />
  <Point X="105.0" Y="95.0" />
  <Point X="104.0" Y="95.0" />
  <Point X="102.0" Y="95.0" />
  <Point X="101.0" Y="95.0" />
  <Point X="99.0" Y="95.0" />
  <Point X="98.2090783501251" Y="95.0" />
  <Point X="98.0" Y="95.0" />
  <Point X="97.0" Y="95.0" />
  <Point X="96.0" Y="95.0" />
  <Point X="95.0" Y="95.0" />
  <Point X="94.0" Y="95.0" />
  <Point X="93.0" Y="95.0" />
  <Point X="92.0" Y="95.0" />
  <Point X="91.0" Y="95.0" />
  <Point X="90.13938556675005" Y="95.0" />
  <Point X="90.0" Y="95.0" />
  <Point X="89.0" Y="95.0" />
  <Point X="88.0" Y="95.0" />
  <Point X="87.0" Y="95.0" />
  <Point X="86.0" Y="95.0" />
  <Point X="85.0" Y="95.0" />
  <Point X="84.0" Y="95.0" />
  <Point X="83.0" Y="95.0" />
  <Point X="82.069692783375" Y="95.0" />
  <Point X="82.0" Y="95.0" />
  <Point X="81.0" Y="95.0" />
  <Point X="80.0" Y="95.0" />
  <Point X="79.0" Y="95.0" />
  <Point X="78.0" Y="95.0" />
  <Point X="77.0" Y="95.0" />
  <Point X="76.0" Y="95.0" />
  <Point X="75.0" Y="95.0" />
  <Point X="74.0" Y="95.0" />
</Project_1_Part_4>
