<?xml version="1.0" encoding="utf-8" standalone="yes"?>
<Gesture Name="rectangle10" Subject="3" Number="3" NumPts="364">
  <Point X="65.0" Y="93.0" />
  <Point X="64.0" Y="93.0" />
  <Point X="64.0" Y="94.0" />
  <Point X="64.0" Y="95.0" />
  <Point X="63.0" Y="95.0" />
  <Point X="63.0" Y="96.0" />
  <Point X="63.0" Y="96.23624804780805" />
  <Point X="63.0" Y="97.0" />
  <Point X="63.0" Y="98.0" />
  <Point X="63.0" Y="99.0" />
  <Point X="62.0" Y="100.0" />
  <Point X="62.0" Y="101.0" />
  <Point X="62.0" Y="101.058282533243" />
  <Point X="62.0" Y="102.0" />
  <Point X="62.0" Y="103.0" />
  <Point X="62.0" Y="104.0" />
  <Point X="62.0" Y="105.0" />
  <Point X="62.0" Y="106.0" />
  <Point X="62.0" Y="106.29453058105105" />
  <Point X="62.0" Y="107.0" />
  <Point X="62.0" Y="108.0" />
  <Point X="62.0" Y="109.0" />
  <Point X="62.0" Y="110.0" />
  <Point X="62.0" Y="111.0" />
  <Point X="62.0" Y="111.5307786288591" />
  <Point X="62.0" Y="112.0" />
  <Point X="62.0" Y="113.0" />
  <Point X="62.0" Y="114.0" />
  <Point X="62.0" Y="115.0" />
  <Point X="62.0" Y="116.0" />
  <Point X="62.0" Y="116.76702667666714" />
  <Point X="62.0" Y="117.0" />
  <Point X="62.0" Y="118.0" />
  <Point X="62.0" Y="120.0" />
  <Point X="62.0" Y="121.0" />
  <Point X="62.0" Y="122.00327472447519" />
  <Point X="62.0" Y="123.0" />
  <Point X="62.0" Y="124.0" />
  <Point X="62.0" Y="125.0" />
  <Point X="62.0" Y="126.0" />
  <Point X="62.0" Y="127.23952277228324" />
  <Point X="62.0" Y="128.0" />
  <Point X="62.0" Y="129.0" />
  <Point X="62.0" Y="130.0" />
  <Point X="62.0" Y="131.0" />
  <Point X="62.0" Y="132.0" />
  <Point X="62.0" Y="132.47577082009127" />
  <Point X="62.0" Y="134.0" />
  <Point X="62.0" Y="135.0" />
  <Point X="62.0" Y="136.0" />
  <Point X="62.0" Y="137.0" />
  <Point X="62.0" Y="137.7120188678993" />
  <Point X="62.0" Y="138.0" />
  <Point X="62.0" Y="139.0" />
  <Point X="62.0" Y="140.0" />
  <Point X="62.0" Y="141.0" />
  <Point X="62.0" Y="142.0" />
  <Point X="62.0" Y="142.94826691570734" />
  <Point X="62.0" Y="143.0" />
  <Point X="62.0" Y="144.0" />
  <Point X="62.0" Y="145.0" />
  <Point X="62.0" Y="146.0" />
  <Point X="62.0" Y="147.0" />
  <Point X="62.0" Y="148.0" />
  <Point X="62.0" Y="148.18451496351537" />
  <Point X="62.0" Y="149.0" />
  <Point X="62.0" Y="150.0" />
  <Point X="62.0" Y="151.0" />
  <Point X="62.0" Y="152.0" />
  <Point X="62.0" Y="153.0" />
  <Point X="62.0" Y="153.4207630113234" />
  <Point X="62.0" Y="154.0" />
  <Point X="62.0" Y="155.0" />
  <Point X="62.0" Y="156.0" />
  <Point X="62.0" Y="157.0" />
  <Point X="63.0" Y="157.0" />
  <Point X="63.65701105913145" Y="157.0" />
  <Point X="64.0" Y="157.0" />
  <Point X="64.0" Y="158.0" />
  <Point X="65.0" Y="158.0" />
  <Point X="66.0" Y="158.0" />
  <Point X="67.0" Y="158.0" />
  <Point X="67.8932591069395" Y="158.0" />
  <Point X="68.0" Y="158.0" />
  <Point X="69.0" Y="158.0" />
  <Point X="71.0" Y="158.0" />
  <Point X="72.0" Y="158.0" />
  <Point X="72.79868216852071" Y="158.7986821685207" />
  <Point X="73.0" Y="159.0" />
  <Point X="74.0" Y="159.0" />
  <Point X="75.0" Y="159.0" />
  <Point X="76.0" Y="159.0" />
  <Point X="77.0" Y="159.0" />
  <Point X="77.9515416401825" Y="159.0" />
  <Point X="79.0" Y="159.0" />
  <Point X="81.0" Y="159.0" />
  <Point X="82.95681858512796" Y="159.97840929256398" />
  <Point X="83.0" Y="160.0" />
  <Point X="84.0" Y="160.0" />
  <Point X="85.0" Y="160.0" />
  <Point X="86.0" Y="160.0" />
  <Point X="87.0" Y="161.0" />
  <Point X="87.7737561959257" Y="161.0" />
  <Point X="88.0" Y="161.0" />
  <Point X="91.0" Y="162.0" />
  <Point X="92.84772658356536" Y="162.0" />
  <Point X="93.0" Y="162.0" />
  <Point X="94.0" Y="162.0" />
  <Point X="96.0" Y="162.0" />
  <Point X="97.0" Y="162.0" />
  <Point X="98.0" Y="162.0" />
  <Point X="98.08397463137341" Y="162.0" />
  <Point X="99.0" Y="162.0" />
  <Point X="102.0" Y="162.0" />
  <Point X="103.0" Y="162.0" />
  <Point X="103.32022267918146" Y="162.0" />
  <Point X="104.0" Y="162.0" />
  <Point X="105.0" Y="162.0" />
  <Point X="108.0" Y="162.0" />
  <Point X="108.5564707269895" Y="162.0" />
  <Point X="110.0" Y="162.0" />
  <Point X="111.0" Y="162.0" />
  <Point X="113.0" Y="162.0" />
  <Point X="113.79271877479755" Y="162.0" />
  <Point X="114.0" Y="162.0" />
  <Point X="116.0" Y="162.0" />
  <Point X="118.0" Y="162.0" />
  <Point X="119.0" Y="162.0" />
  <Point X="119.0289668226056" Y="162.0" />
  <Point X="120.0" Y="162.0" />
  <Point X="121.0" Y="162.0" />
  <Point X="122.0" Y="162.0" />
  <Point X="124.26521487041364" Y="162.0" />
  <Point X="125.0" Y="162.0" />
  <Point X="126.0" Y="162.0" />
  <Point X="128.0" Y="162.0" />
  <Point X="129.0" Y="162.0" />
  <Point X="129.50146291822168" Y="162.0" />
  <Point X="130.0" Y="162.0" />
  <Point X="131.0" Y="162.0" />
  <Point X="133.0" Y="162.0" />
  <Point X="134.0" Y="162.0" />
  <Point X="134.7377109660297" Y="162.0" />
  <Point X="135.0" Y="162.0" />
  <Point X="136.0" Y="162.0" />
  <Point X="137.0" Y="162.0" />
  <Point X="138.0" Y="162.0" />
  <Point X="139.97395901383774" Y="162.0" />
  <Point X="140.0" Y="162.0" />
  <Point X="141.0" Y="162.0" />
  <Point X="142.0" Y="162.0" />
  <Point X="143.0" Y="162.0" />
  <Point X="145.0" Y="162.0" />
  <Point X="145.21020706164578" Y="162.0" />
  <Point X="146.0" Y="162.0" />
  <Point X="146.0" Y="161.0" />
  <Point X="148.0" Y="161.0" />
  <Point X="149.0" Y="161.0" />
  <Point X="149.4464551094538" Y="161.0" />
  <Point X="150.0" Y="161.0" />
  <Point X="151.0" Y="161.0" />
  <Point X="152.0" Y="161.0" />
  <Point X="153.0" Y="161.0" />
  <Point X="153.0" Y="160.0" />
  <Point X="153.68270315726184" Y="160.0" />
  <Point X="154.0" Y="160.0" />
  <Point X="155.0" Y="160.0" />
  <Point X="156.0" Y="160.0" />
  <Point X="157.0" Y="160.0" />
  <Point X="157.0" Y="159.0" />
  <Point X="157.91895120506987" Y="159.0" />
  <Point X="158.0" Y="159.0" />
  <Point X="159.0" Y="158.0" />
  <Point X="160.0" Y="158.0" />
  <Point X="161.0" Y="158.0" />
  <Point X="162.0" Y="158.0" />
  <Point X="162.0" Y="157.25901430949517" />
  <Point X="162.0" Y="157.0" />
  <Point X="162.0" Y="156.0" />
  <Point X="162.0" Y="155.0" />
  <Point X="162.0" Y="154.0" />
  <Point X="162.0" Y="153.0" />
  <Point X="162.0" Y="152.02276626168714" />
  <Point X="162.0" Y="152.0" />
  <Point X="163.0" Y="152.0" />
  <Point X="163.0" Y="151.0" />
  <Point X="163.0" Y="150.0" />
  <Point X="163.0" Y="149.0" />
  <Point X="164.0" Y="149.0" />
  <Point X="164.0" Y="148.7865182138791" />
  <Point X="164.0" Y="148.0" />
  <Point X="164.0" Y="147.0" />
  <Point X="164.0" Y="146.0" />
  <Point X="164.0" Y="145.0" />
  <Point X="164.0" Y="144.0" />
  <Point X="164.0" Y="143.55027016607107" />
  <Point X="164.0" Y="143.0" />
  <Point X="165.0" Y="142.0" />
  <Point X="165.0" Y="141.0" />
  <Point X="165.0" Y="140.0" />
  <Point X="165.0" Y="139.0" />
  <Point X="165.0" Y="138.72823568063612" />
  <Point X="165.0" Y="138.0" />
  <Point X="165.0" Y="137.0" />
  <Point X="165.0" Y="136.0" />
  <Point X="165.0" Y="135.0" />
  <Point X="165.0" Y="134.0" />
  <Point X="165.0" Y="133.49198763282808" />
  <Point X="165.0" Y="133.0" />
  <Point X="166.0" Y="133.0" />
  <Point X="166.0" Y="132.0" />
  <Point X="166.0" Y="131.0" />
  <Point X="166.0" Y="130.0" />
  <Point X="166.0" Y="129.25573958502005" />
  <Point X="166.0" Y="129.0" />
  <Point X="166.0" Y="128.0" />
  <Point X="166.0" Y="127.0" />
  <Point X="166.0" Y="126.0" />
  <Point X="166.0" Y="125.0" />
  <Point X="166.0" Y="124.019491537212" />
  <Point X="166.0" Y="124.0" />
  <Point X="166.0" Y="123.0" />
  <Point X="166.0" Y="122.0" />
  <Point X="166.0" Y="121.0" />
  <Point X="166.0" Y="120.0" />
  <Point X="166.0" Y="119.0" />
  <Point X="166.0" Y="118.78324348940396" />
  <Point X="166.0" Y="118.0" />
  <Point X="166.0" Y="117.0" />
  <Point X="166.0" Y="116.0" />
  <Point X="166.0" Y="115.0" />
  <Point X="166.0" Y="114.0" />
  <Point X="166.0" Y="113.54699544159591" />
  <Point X="166.0" Y="113.0" />
  <Point X="166.0" Y="112.0" />
  <Point X="166.0" Y="111.0" />
  <Point X="166.0" Y="110.0" />
  <Point X="166.0" Y="109.0" />
  <Point X="166.0" Y="108.31074739378786" />
  <Point X="166.0" Y="108.0" />
  <Point X="166.0" Y="107.0" />
  <Point X="166.0" Y="106.0" />
  <Point X="166.0" Y="105.0" />
  <Point X="166.0" Y="104.0" />
  <Point X="166.0" Y="103.07449934597982" />
  <Point X="166.0" Y="103.0" />
  <Point X="166.0" Y="102.0" />
  <Point X="166.0" Y="101.0" />
  <Point X="166.0" Y="100.0" />
  <Point X="166.0" Y="99.0" />
  <Point X="166.0" Y="98.0" />
  <Point X="166.0" Y="97.83825129817177" />
  <Point X="166.0" Y="97.0" />
  <Point X="166.0" Y="96.0" />
  <Point X="166.0" Y="95.0" />
  <Point X="166.0" Y="94.0" />
  <Point X="166.0" Y="93.0" />
  <Point X="166.0" Y="92.60200325036372" />
  <Point X="166.0" Y="92.0" />
  <Point X="166.0" Y="91.0" />
  <Point X="166.0" Y="90.0" />
  <Point X="165.0" Y="90.0" />
  <Point X="165.0" Y="89.0" />
  <Point X="164.36575520255568" Y="89.0" />
  <Point X="164.0" Y="89.0" />
  <Point X="163.0" Y="89.0" />
  <Point X="162.0" Y="89.0" />
  <Point X="161.0" Y="89.0" />
  <Point X="160.0" Y="89.0" />
  <Point X="159.12950715474764" Y="89.0" />
  <Point X="159.0" Y="89.0" />
  <Point X="158.0" Y="89.0" />
  <Point X="157.0" Y="89.0" />
  <Point X="156.0" Y="89.0" />
  <Point X="155.0" Y="89.0" />
  <Point X="154.0" Y="89.0" />
  <Point X="153.8932591069396" Y="89.0" />
  <Point X="153.0" Y="89.0" />
  <Point X="152.0" Y="89.0" />
  <Point X="151.0" Y="89.0" />
  <Point X="150.0" Y="89.0" />
  <Point X="149.0" Y="89.0" />
  <Point X="148.65701105913158" Y="89.0" />
  <Point X="148.0" Y="89.0" />
  <Point X="147.0" Y="89.0" />
  <Point X="146.0" Y="89.0" />
  <Point X="145.0" Y="89.0" />
  <Point X="144.0" Y="89.0" />
  <Point X="143.42076301132354" Y="89.0" />
  <Point X="143.0" Y="89.0" />
  <Point X="142.0" Y="89.0" />
  <Point X="141.0" Y="89.0" />
  <Point X="140.0" Y="89.0" />
  <Point X="139.0" Y="89.0" />
  <Point X="139.0" Y="89.8154850364845" />
  <Point X="139.0" Y="90.0" />
  <Point X="138.0" Y="90.0" />
  <Point X="137.0" Y="90.0" />
  <Point X="136.0" Y="90.0" />
  <Point X="135.0" Y="90.0" />
  <Point X="134.0" Y="90.0" />
  <Point X="133.94826691570745" Y="90.0" />
  <Point X="133.0" Y="90.0" />
  <Point X="132.0" Y="90.0" />
  <Point X="131.0" Y="90.0" />
  <Point X="130.0" Y="90.0" />
  <Point X="129.0" Y="90.0" />
  <Point X="128.71201886789942" Y="90.0" />
  <Point X="128.0" Y="90.0" />
  <Point X="127.0" Y="90.0" />
  <Point X="126.0" Y="90.0" />
  <Point X="125.0" Y="90.0" />
  <Point X="124.0" Y="90.0" />
  <Point X="123.47577082009137" Y="90.0" />
  <Point X="123.0" Y="90.0" />
  <Point X="122.0" Y="90.0" />
  <Point X="121.0" Y="90.0" />
  <Point X="120.0" Y="90.0" />
  <Point X="119.0" Y="90.0" />
  <Point X="118.23952277228332" Y="90.0" />
  <Point X="118.0" Y="90.0" />
  <Point X="117.0" Y="90.0" />
  <Point X="116.0" Y="90.0" />
  <Point X="115.0" Y="90.0" />
  <Point X="114.0" Y="90.0" />
  <Point X="113.00327472447528" Y="90.0" />
  <Point X="113.0" Y="90.0" />
  <Point X="112.0" Y="90.0" />
  <Point X="111.0" Y="90.0" />
  <Point X="110.0" Y="90.0" />
  <Point X="109.0" Y="90.0" />
  <Point X="108.0" Y="90.0" />
  <Point X="107.76702667666723" Y="90.0" />
  <Point X="107.0" Y="90.0" />
  <Point X="106.0" Y="90.0" />
  <Point X="105.0" Y="90.0" />
  <Point X="104.0" Y="90.0" />
  <Point X="103.0" Y="90.0" />
  <Point X="102.53077862885918" Y="90.0" />
  <Point X="102.0" Y="90.0" />
  <Point X="101.0" Y="91.0" />
  <Point X="100.0" Y="91.0" />
  <Point X="99.0" Y="91.0" />
  <Point X="98.0" Y="91.0" />
  <Point X="97.70874414342423" Y="91.0" />
  <Point X="97.0" Y="91.0" />
  <Point X="96.0" Y="91.0" />
  <Point X="95.0" Y="91.0" />
  <Point X="94.0" Y="91.0" />
  <Point X="93.0" Y="91.0" />
  <Point X="93.0" Y="91.52750390438382" />
  <Point X="93.0" Y="92.0" />
  <Point X="92.0" Y="92.0" />
  <Point X="91.0" Y="92.0" />
  <Point X="91.0" Y="93.0" />
  <Point X="90.0" Y="93.0" />
  <Point X="89.23624804780813" Y="93.0" />
  <Point X="89.0" Y="93.0" />
  <Point X="88.0" Y="93.0" />
  <Point X="87.0" Y="93.0" />
  <Point X="86.0" Y="93.0" />
  <Point X="86.0" Y="94.0" />
  <Point X="85.00000000000009" Y="94.0" />
  <Point X="85.0" Y="94.0" />
</Project_1_Part_4>
