<?xml version="1.0" encoding="utf-8" standalone="yes"?>
<Gesture Name="right_sq_bracket6" Subject="3" Number="3" NumPts="276">
  <Point X="78.0" Y="69.0" />
  <Point X="79.0" Y="69.0" />
  <Point X="79.0" Y="68.0" />
  <Point X="80.0" Y="68.0" />
  <Point X="80.59613252676355" Y="68.0" />
  <Point X="81.0" Y="68.0" />
  <Point X="82.0" Y="68.0" />
  <Point X="83.0" Y="67.0" />
  <Point X="83.77805149115402" Y="67.0" />
  <Point X="84.0" Y="67.0" />
  <Point X="85.0" Y="67.0" />
  <Point X="86.0" Y="67.0" />
  <Point X="87.0" Y="67.0" />
  <Point X="87.37418401791757" Y="67.0" />
  <Point X="88.0" Y="67.0" />
  <Point X="89.0" Y="67.0" />
  <Point X="90.0" Y="67.0" />
  <Point X="90.97031654468113" Y="67.0" />
  <Point X="91.0" Y="67.0" />
  <Point X="92.0" Y="66.0" />
  <Point X="93.0" Y="66.0" />
  <Point X="94.0" Y="66.0" />
  <Point X="94.15223550907159" Y="66.0" />
  <Point X="95.0" Y="66.0" />
  <Point X="96.0" Y="66.0" />
  <Point X="97.74836803583514" Y="66.0" />
  <Point X="98.0" Y="66.0" />
  <Point X="99.0" Y="66.0" />
  <Point X="100.0" Y="66.0" />
  <Point X="100.95070546512267" Y="65.04929453487733" />
  <Point X="101.0" Y="65.0" />
  <Point X="102.0" Y="65.0" />
  <Point X="104.0" Y="65.0" />
  <Point X="104.52641952698916" Y="65.0" />
  <Point X="105.0" Y="65.0" />
  <Point X="106.0" Y="65.0" />
  <Point X="107.0" Y="65.0" />
  <Point X="108.0" Y="65.0" />
  <Point X="108.08665738825688" Y="64.91334261174312" />
  <Point X="109.0" Y="64.0" />
  <Point X="110.0" Y="64.0" />
  <Point X="111.0" Y="64.0" />
  <Point X="111.0" Y="63.695528981856825" />
  <Point X="111.0" Y="63.0" />
  <Point X="113.0" Y="63.0" />
  <Point X="113.90060354490673" Y="63.0" />
  <Point X="114.0" Y="63.0" />
  <Point X="115.0" Y="63.0" />
  <Point X="116.0" Y="63.0" />
  <Point X="117.0" Y="63.0" />
  <Point X="117.49673607167028" Y="63.0" />
  <Point X="118.0" Y="63.0" />
  <Point X="118.0" Y="62.0" />
  <Point X="120.0" Y="62.0" />
  <Point X="120.09286859843384" Y="62.0" />
  <Point X="121.0" Y="62.0" />
  <Point X="122.0" Y="62.0" />
  <Point X="123.0" Y="62.0" />
  <Point X="123.6890011251974" Y="62.0" />
  <Point X="124.0" Y="62.0" />
  <Point X="125.0" Y="62.0" />
  <Point X="126.0" Y="61.0" />
  <Point X="126.87092008958786" Y="61.0" />
  <Point X="127.0" Y="61.0" />
  <Point X="128.0" Y="61.0" />
  <Point X="129.0" Y="61.0" />
  <Point X="130.0" Y="61.0" />
  <Point X="130.330256072193" Y="60.669743927807" />
  <Point X="131.0" Y="60.0" />
  <Point X="132.0" Y="60.0" />
  <Point X="133.0" Y="60.0" />
  <Point X="133.6489715807419" Y="60.0" />
  <Point X="134.0" Y="60.0" />
  <Point X="135.0" Y="60.0" />
  <Point X="136.0" Y="60.0" />
  <Point X="137.0" Y="60.0" />
  <Point X="137.24510410750545" Y="60.0" />
  <Point X="138.0" Y="60.0" />
  <Point X="139.0" Y="60.0" />
  <Point X="140.0" Y="60.0" />
  <Point X="140.84123663426902" Y="60.0" />
  <Point X="141.0" Y="60.0" />
  <Point X="141.0" Y="61.0" />
  <Point X="142.0" Y="61.0" />
  <Point X="142.0" Y="62.0" />
  <Point X="142.0" Y="62.43736916103258" />
  <Point X="142.0" Y="63.0" />
  <Point X="142.0" Y="64.0" />
  <Point X="142.0" Y="65.0" />
  <Point X="142.0" Y="66.0" />
  <Point X="142.0" Y="66.03350168779613" />
  <Point X="142.0" Y="67.0" />
  <Point X="142.0" Y="68.0" />
  <Point X="142.0" Y="69.0" />
  <Point X="142.0" Y="69.62963421455969" />
  <Point X="142.0" Y="70.0" />
  <Point X="142.0" Y="71.0" />
  <Point X="142.0" Y="72.0" />
  <Point X="142.0" Y="73.0" />
  <Point X="142.0" Y="73.22576674132324" />
  <Point X="142.0" Y="74.0" />
  <Point X="142.0" Y="75.0" />
  <Point X="142.0" Y="76.0" />
  <Point X="142.0" Y="76.8218992680868" />
  <Point X="142.0" Y="77.0" />
  <Point X="142.0" Y="78.0" />
  <Point X="142.0" Y="79.0" />
  <Point X="142.0" Y="80.0" />
  <Point X="142.0" Y="80.41803179485035" />
  <Point X="142.0" Y="81.0" />
  <Point X="142.0" Y="82.0" />
  <Point X="142.0" Y="83.0" />
  <Point X="142.0" Y="84.0" />
  <Point X="142.0" Y="84.0141643216139" />
  <Point X="142.0" Y="85.0" />
  <Point X="142.0" Y="86.0" />
  <Point X="142.0" Y="87.0" />
  <Point X="142.0" Y="87.61029684837746" />
  <Point X="142.0" Y="88.0" />
  <Point X="142.0" Y="90.0" />
  <Point X="142.0" Y="91.0" />
  <Point X="142.0" Y="91.20642937514101" />
  <Point X="142.0" Y="92.0" />
  <Point X="142.0" Y="93.0" />
  <Point X="142.0" Y="94.0" />
  <Point X="142.0" Y="94.80256190190457" />
  <Point X="142.0" Y="95.0" />
  <Point X="142.0" Y="96.0" />
  <Point X="142.0" Y="97.0" />
  <Point X="142.0" Y="98.0" />
  <Point X="142.0" Y="98.39869442866812" />
  <Point X="142.0" Y="99.0" />
  <Point X="142.0" Y="100.0" />
  <Point X="142.0" Y="101.0" />
  <Point X="142.0" Y="101.99482695543168" />
  <Point X="142.0" Y="102.0" />
  <Point X="142.0" Y="104.0" />
  <Point X="142.0" Y="105.0" />
  <Point X="142.0" Y="105.59095948219523" />
  <Point X="142.0" Y="106.0" />
  <Point X="142.0" Y="107.0" />
  <Point X="142.0" Y="108.0" />
  <Point X="141.16059919057287" Y="108.83940080942712" />
  <Point X="141.0" Y="109.0" />
  <Point X="141.0" Y="110.0" />
  <Point X="141.0" Y="111.0" />
  <Point X="141.0" Y="112.0" />
  <Point X="141.0" Y="112.36901097334926" />
  <Point X="141.0" Y="113.0" />
  <Point X="141.0" Y="114.0" />
  <Point X="141.0" Y="115.0" />
  <Point X="141.0" Y="115.96514350011282" />
  <Point X="141.0" Y="116.0" />
  <Point X="141.0" Y="117.0" />
  <Point X="141.0" Y="118.0" />
  <Point X="141.0" Y="119.0" />
  <Point X="141.0" Y="119.56127602687637" />
  <Point X="141.0" Y="120.0" />
  <Point X="141.0" Y="121.0" />
  <Point X="141.0" Y="122.0" />
  <Point X="141.0" Y="123.0" />
  <Point X="141.0" Y="123.15740855363993" />
  <Point X="141.0" Y="124.0" />
  <Point X="140.0" Y="124.0" />
  <Point X="140.0" Y="125.0" />
  <Point X="140.0" Y="125.75354108040348" />
  <Point X="140.0" Y="126.0" />
  <Point X="140.0" Y="127.0" />
  <Point X="140.0" Y="128.0" />
  <Point X="140.0" Y="129.0" />
  <Point X="140.0" Y="129.34967360716703" />
  <Point X="140.0" Y="130.0" />
  <Point X="140.0" Y="131.0" />
  <Point X="140.0" Y="132.0" />
  <Point X="140.0" Y="132.9458061339306" />
  <Point X="140.0" Y="133.0" />
  <Point X="140.0" Y="134.0" />
  <Point X="140.0" Y="135.0" />
  <Point X="140.0" Y="136.0" />
  <Point X="140.0" Y="136.54193866069417" />
  <Point X="140.0" Y="137.0" />
  <Point X="140.0" Y="138.0" />
  <Point X="140.0" Y="139.0" />
  <Point X="140.0" Y="140.0" />
  <Point X="140.0" Y="140.13807118745774" />
  <Point X="140.0" Y="141.0" />
  <Point X="140.0" Y="142.0" />
  <Point X="140.0" Y="143.0" />
  <Point X="140.0" Y="143.7342037142213" />
  <Point X="140.0" Y="144.0" />
  <Point X="140.0" Y="145.0" />
  <Point X="140.0" Y="146.0" />
  <Point X="140.0" Y="147.0" />
  <Point X="140.0" Y="147.33033624098488" />
  <Point X="140.0" Y="148.0" />
  <Point X="140.0" Y="149.0" />
  <Point X="140.0" Y="150.0" />
  <Point X="140.0" Y="150.92646876774845" />
  <Point X="140.0" Y="151.0" />
  <Point X="139.0" Y="151.0" />
  <Point X="139.0" Y="152.0" />
  <Point X="138.0" Y="152.0" />
  <Point X="138.0" Y="152.52260129451201" />
  <Point X="138.0" Y="153.0" />
  <Point X="137.0" Y="153.0" />
  <Point X="137.0" Y="154.0" />
  <Point X="136.0" Y="154.0" />
  <Point X="136.0" Y="154.11873382127558" />
  <Point X="136.0" Y="155.0" />
  <Point X="135.0" Y="155.0" />
  <Point X="134.0" Y="155.0" />
  <Point X="133.28513365196085" Y="155.0" />
  <Point X="133.0" Y="155.0" />
  <Point X="133.0" Y="156.0" />
  <Point X="132.0" Y="156.0" />
  <Point X="131.0" Y="156.0" />
  <Point X="130.68900112519728" Y="156.0" />
  <Point X="130.0" Y="156.0" />
  <Point X="130.0" Y="157.0" />
  <Point X="129.0" Y="157.0" />
  <Point X="128.35856123452524" Y="157.64143876547476" />
  <Point X="128.0" Y="158.0" />
  <Point X="127.0" Y="158.0" />
  <Point X="126.0" Y="158.0" />
  <Point X="125.0" Y="158.0" />
  <Point X="124.93703188236486" Y="158.06296811763514" />
  <Point X="124.0" Y="159.0" />
  <Point X="123.0" Y="159.0" />
  <Point X="122.0" Y="159.0" />
  <Point X="121.72903066965283" Y="159.0" />
  <Point X="121.0" Y="159.0" />
  <Point X="120.0" Y="159.0" />
  <Point X="120.0" Y="160.0" />
  <Point X="119.13289814288927" Y="160.0" />
  <Point X="119.0" Y="160.0" />
  <Point X="118.0" Y="160.0" />
  <Point X="117.0" Y="160.0" />
  <Point X="116.0" Y="160.0" />
  <Point X="115.53676561612572" Y="160.0" />
  <Point X="115.0" Y="160.0" />
  <Point X="115.0" Y="161.0" />
  <Point X="114.0" Y="161.0" />
  <Point X="113.0" Y="161.0" />
  <Point X="112.94063308936217" Y="161.0" />
  <Point X="112.0" Y="161.0" />
  <Point X="111.0" Y="162.0" />
  <Point X="109.7587141249717" Y="162.0" />
  <Point X="109.0" Y="162.0" />
  <Point X="108.0" Y="162.0" />
  <Point X="107.0" Y="162.0" />
  <Point X="106.16258159820815" Y="162.0" />
  <Point X="105.0" Y="162.0" />
  <Point X="104.0" Y="162.0" />
  <Point X="103.0" Y="162.0" />
  <Point X="102.5664490714446" Y="162.0" />
  <Point X="102.0" Y="162.0" />
  <Point X="101.0" Y="162.0" />
  <Point X="101.0" Y="163.0" />
  <Point X="99.97031654468104" Y="163.0" />
  <Point X="99.0" Y="163.0" />
  <Point X="98.0" Y="163.0" />
  <Point X="97.0" Y="163.0" />
  <Point X="96.37418401791749" Y="163.0" />
  <Point X="96.0" Y="163.0" />
  <Point X="95.0" Y="163.0" />
  <Point X="94.0" Y="163.0" />
  <Point X="93.0" Y="163.0" />
  <Point X="92.77805149115393" Y="163.0" />
  <Point X="92.0" Y="163.0" />
  <Point X="91.0" Y="163.0" />
  <Point X="90.0" Y="164.0" />
  <Point X="89.59613252676347" Y="164.0" />
  <Point X="89.0" Y="164.0" />
  <Point X="88.0" Y="164.0" />
  <Point X="87.0" Y="164.0" />
  <Point X="87.0" Y="163.0" />
</Project_1_Part_4>
