<?xml version="1.0" encoding="utf-8" standalone="yes"?>
<Gesture Name="right_sq_bracket1" Subject="3" Number="3" NumPts="258">
  <Point X="126.0" Y="67.0" />
  <Point X="127.0" Y="67.0" />
  <Point X="127.0" Y="66.0" />
  <Point X="128.0" Y="66.0" />
  <Point X="128.2255020750155" Y="66.0" />
  <Point X="129.0" Y="66.0" />
  <Point X="130.0" Y="66.0" />
  <Point X="131.0" Y="66.0" />
  <Point X="131.451004150031" Y="66.0" />
  <Point X="132.0" Y="66.0" />
  <Point X="133.0" Y="66.0" />
  <Point X="134.0" Y="66.0" />
  <Point X="134.4783621392453" Y="65.52163786075471" />
  <Point X="135.0" Y="65.0" />
  <Point X="136.0" Y="65.0" />
  <Point X="137.0" Y="65.0" />
  <Point X="137.48779473768892" Y="65.0" />
  <Point X="138.0" Y="65.0" />
  <Point X="139.0" Y="65.0" />
  <Point X="140.0" Y="65.0" />
  <Point X="140.7132968127044" Y="65.0" />
  <Point X="141.0" Y="65.0" />
  <Point X="142.0" Y="65.0" />
  <Point X="143.0" Y="65.0" />
  <Point X="143.9387988877199" Y="65.0" />
  <Point X="144.0" Y="65.0" />
  <Point X="145.0" Y="65.0" />
  <Point X="146.0" Y="65.0" />
  <Point X="147.0" Y="65.0" />
  <Point X="147.1643009627354" Y="65.0" />
  <Point X="148.0" Y="65.0" />
  <Point X="149.0" Y="65.0" />
  <Point X="150.0" Y="65.0" />
  <Point X="150.3898030377509" Y="65.0" />
  <Point X="151.0" Y="65.0" />
  <Point X="152.0" Y="65.0" />
  <Point X="153.0" Y="65.0" />
  <Point X="153.6153051127664" Y="65.0" />
  <Point X="154.0" Y="65.0" />
  <Point X="155.0" Y="65.0" />
  <Point X="156.0" Y="65.0" />
  <Point X="156.8408071877819" Y="65.0" />
  <Point X="157.0" Y="65.0" />
  <Point X="158.0" Y="65.0" />
  <Point X="159.0" Y="65.0" />
  <Point X="159.0" Y="66.0" />
  <Point X="159.0" Y="66.06630926279742" />
  <Point X="159.0" Y="67.0" />
  <Point X="159.0" Y="68.0" />
  <Point X="159.0" Y="69.0" />
  <Point X="159.0" Y="69.29181133781293" />
  <Point X="159.0" Y="70.0" />
  <Point X="159.0" Y="71.0" />
  <Point X="159.0" Y="72.0" />
  <Point X="159.0" Y="72.51731341282844" />
  <Point X="159.0" Y="73.0" />
  <Point X="159.0" Y="74.0" />
  <Point X="159.0" Y="75.0" />
  <Point X="159.0" Y="75.74281548784396" />
  <Point X="159.0" Y="76.0" />
  <Point X="159.0" Y="77.0" />
  <Point X="159.0" Y="78.0" />
  <Point X="159.0" Y="78.96831756285947" />
  <Point X="159.0" Y="79.0" />
  <Point X="159.0" Y="80.0" />
  <Point X="159.0" Y="81.0" />
  <Point X="159.0" Y="82.0" />
  <Point X="159.0" Y="82.19381963787498" />
  <Point X="159.0" Y="83.0" />
  <Point X="159.0" Y="84.0" />
  <Point X="159.0" Y="85.0" />
  <Point X="159.0" Y="85.4193217128905" />
  <Point X="159.0" Y="86.0" />
  <Point X="159.0" Y="87.0" />
  <Point X="159.0" Y="88.0" />
  <Point X="159.0" Y="88.644823787906" />
  <Point X="159.0" Y="89.0" />
  <Point X="159.0" Y="90.0" />
  <Point X="159.0" Y="91.0" />
  <Point X="159.0" Y="91.87032586292152" />
  <Point X="159.0" Y="92.0" />
  <Point X="159.0" Y="93.0" />
  <Point X="159.0" Y="94.0" />
  <Point X="159.0" Y="95.0" />
  <Point X="159.0" Y="95.09582793793703" />
  <Point X="159.0" Y="96.0" />
  <Point X="159.0" Y="97.0" />
  <Point X="159.0" Y="98.0" />
  <Point X="159.0" Y="98.32133001295254" />
  <Point X="159.0" Y="99.0" />
  <Point X="159.0" Y="101.0" />
  <Point X="159.0" Y="101.54683208796806" />
  <Point X="159.0" Y="102.0" />
  <Point X="159.0" Y="103.0" />
  <Point X="159.0" Y="104.0" />
  <Point X="159.0" Y="104.77233416298357" />
  <Point X="159.0" Y="106.0" />
  <Point X="159.0" Y="107.0" />
  <Point X="159.0" Y="107.99783623799908" />
  <Point X="159.0" Y="108.0" />
  <Point X="159.0" Y="109.0" />
  <Point X="159.0" Y="110.0" />
  <Point X="159.0" Y="111.0" />
  <Point X="159.0" Y="111.2233383130146" />
  <Point X="159.0" Y="112.0" />
  <Point X="160.0" Y="113.0" />
  <Point X="160.0" Y="114.0" />
  <Point X="160.0" Y="114.034626825657" />
  <Point X="160.0" Y="116.0" />
  <Point X="160.0" Y="117.0" />
  <Point X="160.0" Y="117.26012890067251" />
  <Point X="160.0" Y="118.0" />
  <Point X="160.0" Y="119.0" />
  <Point X="161.0" Y="120.0" />
  <Point X="161.0" Y="120.07141741331492" />
  <Point X="161.0" Y="121.0" />
  <Point X="161.0" Y="122.0" />
  <Point X="161.0" Y="123.0" />
  <Point X="161.0" Y="123.29691948833043" />
  <Point X="161.0" Y="124.0" />
  <Point X="161.0" Y="125.0" />
  <Point X="161.0" Y="126.0" />
  <Point X="161.0" Y="126.52242156334594" />
  <Point X="161.0" Y="127.0" />
  <Point X="162.0" Y="128.0" />
  <Point X="162.0" Y="129.0" />
  <Point X="162.0" Y="129.33371007598836" />
  <Point X="162.0" Y="130.0" />
  <Point X="162.0" Y="131.0" />
  <Point X="163.0" Y="132.0" />
  <Point X="163.0" Y="132.14499858863078" />
  <Point X="163.0" Y="133.0" />
  <Point X="163.0" Y="134.0" />
  <Point X="163.0" Y="135.0" />
  <Point X="163.0" Y="135.37050066364628" />
  <Point X="163.0" Y="136.0" />
  <Point X="163.0" Y="137.0" />
  <Point X="163.0" Y="138.0" />
  <Point X="163.0" Y="138.59600273866178" />
  <Point X="163.0" Y="139.0" />
  <Point X="164.0" Y="139.0" />
  <Point X="164.0" Y="140.0" />
  <Point X="164.0" Y="140.82150481367728" />
  <Point X="164.0" Y="141.0" />
  <Point X="164.0" Y="142.0" />
  <Point X="164.0" Y="143.0" />
  <Point X="164.0" Y="144.0" />
  <Point X="164.04700688869278" Y="144.0" />
  <Point X="165.0" Y="144.0" />
  <Point X="165.0" Y="145.0" />
  <Point X="165.0" Y="146.0" />
  <Point X="165.0" Y="146.27250896370828" />
  <Point X="165.0" Y="147.0" />
  <Point X="165.0" Y="148.0" />
  <Point X="165.0" Y="149.0" />
  <Point X="165.49801103872377" Y="149.0" />
  <Point X="166.0" Y="149.0" />
  <Point X="166.0" Y="150.0" />
  <Point X="166.0" Y="151.0" />
  <Point X="166.0" Y="151.72351311373927" />
  <Point X="166.0" Y="152.0" />
  <Point X="167.0" Y="152.0" />
  <Point X="167.0" Y="153.0" />
  <Point X="167.0" Y="153.94901518875477" />
  <Point X="167.0" Y="154.0" />
  <Point X="167.0" Y="155.0" />
  <Point X="167.0" Y="156.0" />
  <Point X="167.83050912183262" Y="156.83050912183262" />
  <Point X="168.0" Y="157.0" />
  <Point X="168.0" Y="158.0" />
  <Point X="168.0" Y="159.0" />
  <Point X="168.0" Y="159.98580577641266" />
  <Point X="168.0" Y="160.0" />
  <Point X="168.0" Y="161.0" />
  <Point X="169.0" Y="161.0" />
  <Point X="169.0" Y="162.0" />
  <Point X="169.0" Y="162.21130785142816" />
  <Point X="169.0" Y="163.0" />
  <Point X="169.0" Y="164.0" />
  <Point X="169.0" Y="165.0" />
  <Point X="169.0" Y="165.43680992644366" />
  <Point X="169.0" Y="166.0" />
  <Point X="169.0" Y="167.0" />
  <Point X="169.0" Y="168.0" />
  <Point X="169.0" Y="168.66231200145916" />
  <Point X="169.0" Y="169.0" />
  <Point X="168.0" Y="169.0" />
  <Point X="167.0" Y="169.0" />
  <Point X="167.0" Y="169.88781407647465" />
  <Point X="167.0" Y="170.0" />
  <Point X="166.0" Y="170.0" />
  <Point X="165.0" Y="170.0" />
  <Point X="164.0" Y="170.0" />
  <Point X="164.0" Y="170.11331615149015" />
  <Point X="164.0" Y="171.0" />
  <Point X="163.0" Y="171.0" />
  <Point X="162.0" Y="171.0" />
  <Point X="162.0" Y="171.33881822650565" />
  <Point X="162.0" Y="172.0" />
  <Point X="161.0" Y="172.0" />
  <Point X="160.0" Y="172.0" />
  <Point X="159.43567969847885" Y="172.0" />
  <Point X="159.0" Y="172.0" />
  <Point X="157.0" Y="173.0" />
  <Point X="156.44624560096312" Y="173.0" />
  <Point X="156.0" Y="173.0" />
  <Point X="155.0" Y="173.0" />
  <Point X="154.0" Y="173.0" />
  <Point X="153.44898246291405" Y="173.55101753708595" />
  <Point X="153.0" Y="174.0" />
  <Point X="152.0" Y="174.0" />
  <Point X="151.0" Y="174.0" />
  <Point X="150.4094550133052" Y="174.0" />
  <Point X="150.0" Y="174.0" />
  <Point X="149.0" Y="174.0" />
  <Point X="149.0" Y="175.0" />
  <Point X="148.1839529382897" Y="175.0" />
  <Point X="148.0" Y="175.0" />
  <Point X="147.0" Y="175.0" />
  <Point X="146.0" Y="176.0" />
  <Point X="145.3726644256473" Y="176.0" />
  <Point X="145.0" Y="176.0" />
  <Point X="144.0" Y="176.0" />
  <Point X="143.0" Y="176.0" />
  <Point X="142.39695271488054" Y="176.60304728511946" />
  <Point X="142.0" Y="177.0" />
  <Point X="141.0" Y="177.0" />
  <Point X="140.0" Y="177.0" />
  <Point X="139.33587383798937" Y="177.0" />
  <Point X="139.0" Y="177.0" />
  <Point X="138.0" Y="178.0" />
  <Point X="137.0" Y="178.0" />
  <Point X="136.66383105967722" Y="178.33616894032278" />
  <Point X="136.0" Y="179.0" />
  <Point X="135.0" Y="179.0" />
  <Point X="134.0" Y="179.0" />
  <Point X="133.79727023207556" Y="179.20272976792444" />
  <Point X="133.0" Y="180.0" />
  <Point X="132.0" Y="180.0" />
  <Point X="131.0" Y="180.0" />
  <Point X="130.9020083000621" Y="180.0" />
  <Point X="130.0" Y="180.0" />
  <Point X="130.0" Y="181.0" />
  <Point X="129.0" Y="181.0" />
  <Point X="128.6765062250466" Y="181.0" />
  <Point X="128.0" Y="181.0" />
  <Point X="127.0" Y="181.0" />
  <Point X="126.0" Y="181.0" />
  <Point X="125.4510041500311" Y="181.0" />
  <Point X="125.0" Y="181.0" />
  <Point X="124.0" Y="181.0" />
  <Point X="123.0" Y="181.0" />
  <Point X="123.0" Y="180.22550207501558" />
  <Point X="123.0" Y="180.0" />
  <Point X="122.0" Y="180.0" />
  <Point X="122.0" Y="179.0" />
  <Point X="122.0" Y="178.00000000000009" />
  <Point X="122.0" Y="178.0" />
</Project_1_Part_4>
