<?xml version="1.0" encoding="utf-8" standalone="yes"?>
<Gesture Name="right_curly_brace2" Subject="3" Number="3" NumPts="306">
  <Point X="221.0" Y="17.0" />
  <Point X="215.8927470205345" Y="19.472985653214867" />
  <Point X="210.785494041069" Y="21.945971306429733" />
  <Point X="205.6782410616035" Y="24.418956959644603" />
  <Point X="200.570988082138" Y="26.891942612859474" />
  <Point X="195.4637351026725" Y="29.364928266074344" />
  <Point X="190.356482123207" Y="31.837913919289214" />
  <Point X="185.2492291437415" Y="34.310899572504084" />
  <Point X="180.141976164276" Y="36.783885225718954" />
  <Point X="175.0347231848105" Y="39.256870878933825" />
  <Point X="169.927470205345" Y="41.729856532148695" />
  <Point X="164.8202172258795" Y="44.202842185363565" />
  <Point X="159.712964246414" Y="46.675827838578435" />
  <Point X="154.6057112669485" Y="49.14881349179331" />
  <Point X="149.498458287483" Y="51.62179914500819" />
  <Point X="144.3912053080175" Y="54.09478479822307" />
  <Point X="139.28395232855203" Y="56.567770451437944" />
  <Point X="134.17669934908656" Y="59.040756104652814" />
  <Point X="129.06944636962106" Y="61.513741757867685" />
  <Point X="126.0" Y="63.0" />
  <Point X="127.0" Y="63.0" />
  <Point X="128.0" Y="63.0" />
  <Point X="128.26413046508088" Y="63.0" />
  <Point X="129.0" Y="63.0" />
  <Point X="130.0" Y="63.0" />
  <Point X="131.0" Y="63.0" />
  <Point X="132.0" Y="63.0" />
  <Point X="133.0" Y="63.0" />
  <Point X="133.9386076248962" Y="63.0" />
  <Point X="134.0" Y="63.0" />
  <Point X="135.0" Y="63.0" />
  <Point X="136.0" Y="63.0" />
  <Point X="136.0" Y="64.0" />
  <Point X="137.0" Y="64.0" />
  <Point X="138.0" Y="64.0" />
  <Point X="138.61308478471153" Y="64.0" />
  <Point X="139.0" Y="64.0" />
  <Point X="139.0" Y="65.0" />
  <Point X="140.0" Y="65.0" />
  <Point X="141.0" Y="65.0" />
  <Point X="142.0" Y="66.0" />
  <Point X="142.0" Y="66.87334838215375" />
  <Point X="142.0" Y="67.0" />
  <Point X="143.0" Y="67.0" />
  <Point X="144.0" Y="67.0" />
  <Point X="145.0" Y="68.0" />
  <Point X="146.0" Y="68.0" />
  <Point X="146.0" Y="69.0" />
  <Point X="146.09447793682006" Y="69.09447793682007" />
  <Point X="147.0" Y="70.0" />
  <Point X="147.0" Y="71.0" />
  <Point X="148.0" Y="71.0" />
  <Point X="148.0" Y="72.0" />
  <Point X="148.0" Y="73.0" />
  <Point X="148.3938755770382" Y="73.0" />
  <Point X="149.0" Y="73.0" />
  <Point X="149.0" Y="74.0" />
  <Point X="150.0" Y="74.0" />
  <Point X="150.0" Y="75.0" />
  <Point X="150.0" Y="76.0" />
  <Point X="151.0" Y="76.0" />
  <Point X="151.0" Y="76.0683527368535" />
  <Point X="151.0" Y="77.0" />
  <Point X="151.0" Y="78.0" />
  <Point X="152.0" Y="79.0" />
  <Point X="152.0" Y="80.0" />
  <Point X="152.93947361957572" Y="80.93947361957572" />
  <Point X="153.0" Y="81.0" />
  <Point X="153.0" Y="82.0" />
  <Point X="154.0" Y="83.0" />
  <Point X="154.0" Y="84.0" />
  <Point X="155.0" Y="85.0" />
  <Point X="155.0" Y="85.76045280699175" />
  <Point X="155.0" Y="86.0" />
  <Point X="155.0" Y="87.0" />
  <Point X="155.0" Y="88.0" />
  <Point X="156.0" Y="88.0" />
  <Point X="156.0" Y="89.0" />
  <Point X="156.0" Y="90.0" />
  <Point X="156.0" Y="90.43492996680706" />
  <Point X="156.0" Y="91.0" />
  <Point X="156.0" Y="92.0" />
  <Point X="157.0" Y="92.0" />
  <Point X="157.0" Y="93.0" />
  <Point X="157.0" Y="94.0" />
  <Point X="157.0" Y="95.0" />
  <Point X="157.0" Y="95.10940712662237" />
  <Point X="157.0" Y="96.0" />
  <Point X="157.0" Y="97.0" />
  <Point X="157.0" Y="98.0" />
  <Point X="157.0" Y="99.0" />
  <Point X="157.0" Y="100.0" />
  <Point X="157.0" Y="100.78388428643768" />
  <Point X="157.0" Y="101.0" />
  <Point X="156.0" Y="101.0" />
  <Point X="156.0" Y="102.0" />
  <Point X="156.0" Y="103.0" />
  <Point X="156.0" Y="104.0" />
  <Point X="155.0" Y="104.0" />
  <Point X="155.0" Y="104.458361446253" />
  <Point X="155.0" Y="105.0" />
  <Point X="154.0" Y="105.0" />
  <Point X="153.0" Y="106.0" />
  <Point X="152.0" Y="106.0" />
  <Point X="152.0" Y="107.0" />
  <Point X="152.0" Y="107.71862504369521" />
  <Point X="152.0" Y="108.0" />
  <Point X="151.0" Y="108.0" />
  <Point X="151.0" Y="109.0" />
  <Point X="150.0" Y="109.0" />
  <Point X="149.0" Y="109.0" />
  <Point X="149.0" Y="110.0" />
  <Point X="148.60689779648948" Y="110.0" />
  <Point X="148.0" Y="110.0" />
  <Point X="148.0" Y="111.0" />
  <Point X="147.0" Y="111.0" />
  <Point X="147.0" Y="112.0" />
  <Point X="146.0" Y="112.0" />
  <Point X="145.24510739273748" Y="112.75489260726252" />
  <Point X="145.0" Y="113.0" />
  <Point X="144.0" Y="113.0" />
  <Point X="143.0" Y="113.0" />
  <Point X="143.0" Y="114.0" />
  <Point X="142.0" Y="114.0" />
  <Point X="141.06107323809007" Y="114.93892676190991" />
  <Point X="141.0" Y="115.0" />
  <Point X="140.0" Y="115.0" />
  <Point X="140.0" Y="116.0" />
  <Point X="139.0" Y="116.0" />
  <Point X="138.0" Y="116.0" />
  <Point X="138.0" Y="117.0" />
  <Point X="137.41189344178972" Y="117.0" />
  <Point X="137.0" Y="117.0" />
  <Point X="136.0" Y="117.0" />
  <Point X="135.0" Y="117.0" />
  <Point X="134.0" Y="118.0" />
  <Point X="133.0" Y="118.0" />
  <Point X="132.1516298443475" Y="118.0" />
  <Point X="132.0" Y="118.0" />
  <Point X="132.0" Y="119.0" />
  <Point X="131.0" Y="119.0" />
  <Point X="131.0" Y="120.0" />
  <Point X="130.0" Y="120.0" />
  <Point X="130.0" Y="121.0" />
  <Point X="130.0" Y="121.52284731546781" />
  <Point X="130.0" Y="122.0" />
  <Point X="131.0" Y="122.0" />
  <Point X="131.0" Y="123.0" />
  <Point X="132.0" Y="123.0" />
  <Point X="133.0" Y="123.0" />
  <Point X="134.0" Y="123.0" />
  <Point X="134.19732447528312" Y="123.0" />
  <Point X="135.0" Y="123.0" />
  <Point X="135.0" Y="124.0" />
  <Point X="136.0" Y="124.0" />
  <Point X="137.0" Y="124.0" />
  <Point X="138.0" Y="124.0" />
  <Point X="138.0" Y="124.87180163509844" />
  <Point X="138.0" Y="125.0" />
  <Point X="139.0" Y="125.0" />
  <Point X="140.0" Y="125.0" />
  <Point X="141.0" Y="125.0" />
  <Point X="142.0" Y="125.0" />
  <Point X="143.0" Y="125.0" />
  <Point X="143.54627879491375" Y="125.0" />
  <Point X="144.0" Y="125.0" />
  <Point X="145.0" Y="125.0" />
  <Point X="146.0" Y="125.0" />
  <Point X="147.0" Y="125.0" />
  <Point X="148.0" Y="125.0" />
  <Point X="148.0" Y="126.0" />
  <Point X="148.22075595472907" Y="126.0" />
  <Point X="149.0" Y="126.0" />
  <Point X="150.0" Y="126.0" />
  <Point X="151.0" Y="126.0" />
  <Point X="152.0" Y="126.0" />
  <Point X="153.0" Y="126.0" />
  <Point X="153.8952331145444" Y="126.0" />
  <Point X="154.0" Y="126.0" />
  <Point X="155.0" Y="126.0" />
  <Point X="156.0" Y="126.0" />
  <Point X="157.0" Y="127.0" />
  <Point X="158.0" Y="127.0" />
  <Point X="159.0" Y="127.0" />
  <Point X="159.15549671198661" Y="127.0" />
  <Point X="160.0" Y="127.0" />
  <Point X="161.0" Y="128.0" />
  <Point X="162.0" Y="129.0" />
  <Point X="162.0" Y="130.0" />
  <Point X="162.0" Y="131.0" />
  <Point X="162.0" Y="131.00154674705573" />
  <Point X="162.0" Y="132.0" />
  <Point X="162.0" Y="133.0" />
  <Point X="162.0" Y="134.0" />
  <Point X="163.0" Y="135.0" />
  <Point X="163.0" Y="136.0" />
  <Point X="163.0" Y="136.26181034449795" />
  <Point X="163.0" Y="137.0" />
  <Point X="163.0" Y="138.0" />
  <Point X="163.0" Y="139.0" />
  <Point X="163.0" Y="140.0" />
  <Point X="163.0" Y="141.0" />
  <Point X="163.0" Y="141.93628750431327" />
  <Point X="163.0" Y="142.0" />
  <Point X="163.0" Y="143.0" />
  <Point X="162.0" Y="143.0" />
  <Point X="161.0" Y="143.0" />
  <Point X="161.0" Y="144.0" />
  <Point X="160.0" Y="145.0" />
  <Point X="159.8034488982445" Y="145.0" />
  <Point X="159.0" Y="145.0" />
  <Point X="159.0" Y="146.0" />
  <Point X="158.0" Y="146.0" />
  <Point X="157.0" Y="146.0" />
  <Point X="157.0" Y="147.0" />
  <Point X="156.1289717384292" Y="147.0" />
  <Point X="156.0" Y="147.0" />
  <Point X="155.0" Y="148.0" />
  <Point X="155.0" Y="149.0" />
  <Point X="154.0" Y="149.0" />
  <Point X="153.0" Y="149.0" />
  <Point X="152.0" Y="149.0" />
  <Point X="152.0" Y="149.13129185901303" />
  <Point X="152.0" Y="150.0" />
  <Point X="151.0" Y="150.0" />
  <Point X="150.0" Y="151.0" />
  <Point X="149.0" Y="151.0" />
  <Point X="148.0" Y="151.0" />
  <Point X="148.0" Y="151.39155545645525" />
  <Point X="148.0" Y="152.0" />
  <Point X="148.0" Y="153.0" />
  <Point X="147.0" Y="153.0" />
  <Point X="146.0" Y="154.0" />
  <Point X="145.0" Y="155.0" />
  <Point X="144.76239450847564" Y="155.0" />
  <Point X="144.0" Y="155.0" />
  <Point X="144.0" Y="156.0" />
  <Point X="144.0" Y="157.0" />
  <Point X="144.0" Y="158.0" />
  <Point X="143.0" Y="158.0" />
  <Point X="143.0" Y="158.9120826513397" />
  <Point X="143.0" Y="159.0" />
  <Point X="143.0" Y="160.0" />
  <Point X="143.0" Y="161.0" />
  <Point X="144.0" Y="161.0" />
  <Point X="144.0" Y="162.0" />
  <Point X="145.0" Y="162.0" />
  <Point X="145.586559811155" Y="162.0" />
  <Point X="146.0" Y="162.0" />
  <Point X="147.0" Y="162.0" />
  <Point X="148.0" Y="162.0" />
  <Point X="148.0" Y="163.0" />
  <Point X="149.0" Y="163.0" />
  <Point X="150.0" Y="163.0" />
  <Point X="150.26103697097034" Y="163.0" />
  <Point X="151.0" Y="163.0" />
  <Point X="152.0" Y="163.0" />
  <Point X="152.0" Y="164.0" />
  <Point X="153.0" Y="164.0" />
  <Point X="154.0" Y="164.0" />
  <Point X="154.93551413078566" Y="164.0" />
  <Point X="155.0" Y="164.0" />
  <Point X="155.0" Y="165.0" />
  <Point X="156.0" Y="165.0" />
  <Point X="156.0" Y="166.0" />
  <Point X="156.0" Y="167.0" />
  <Point X="156.0" Y="168.0" />
  <Point X="156.0" Y="168.609991290601" />
  <Point X="156.0" Y="169.0" />
  <Point X="156.0" Y="170.0" />
  <Point X="156.0" Y="171.0" />
  <Point X="155.0" Y="172.0" />
  <Point X="155.0" Y="173.0" />
  <Point X="155.0" Y="173.8702548880432" />
  <Point X="155.0" Y="174.0" />
  <Point X="154.0" Y="174.0" />
  <Point X="153.0" Y="175.0" />
  <Point X="153.0" Y="176.0" />
  <Point X="152.0" Y="176.0" />
  <Point X="152.0" Y="177.0" />
  <Point X="151.90770949384304" Y="177.09229050615696" />
  <Point X="151.0" Y="178.0" />
  <Point X="151.0" Y="179.0" />
  <Point X="150.0" Y="179.0" />
  <Point X="149.0" Y="179.0" />
  <Point X="149.0" Y="180.0" />
  <Point X="148.60921791707233" Y="180.0" />
  <Point X="148.0" Y="180.0" />
  <Point X="148.0" Y="181.0" />
  <Point X="147.0" Y="182.0" />
  <Point X="146.0" Y="182.0" />
  <Point X="146.0" Y="183.0" />
  <Point X="145.3489543196301" Y="183.0" />
  <Point X="145.0" Y="183.0" />
  <Point X="144.0" Y="183.0" />
  <Point X="144.0" Y="184.0" />
  <Point X="143.0" Y="184.0" />
  <Point X="142.0" Y="184.0" />
  <Point X="142.0" Y="185.0" />
  <Point X="141.67447715981478" Y="185.0" />
  <Point X="141.0" Y="185.0" />
  <Point X="140.0" Y="185.0" />
  <Point X="140.0" Y="186.0" />
  <Point X="139.0" Y="186.0" />
  <Point X="138.0" Y="186.0" />
  <Point X="137.0" Y="186.0" />
</Project_1_Part_4>
