<?xml version="1.0" encoding="utf-8" standalone="yes"?>
<Gesture Name="right_sq_bracket2" Subject="3" Number="3" NumPts="282">
  <Point X="213.0" Y="18.0" />
  <Point X="208.08239325114238" Y="20.569560283186863" />
  <Point X="203.16478650228476" Y="23.139120566373727" />
  <Point X="198.24717975342713" Y="25.70868084956059" />
  <Point X="193.3295730045695" Y="28.278241132747453" />
  <Point X="188.4119662557119" Y="30.847801415934317" />
  <Point X="183.49435950685427" Y="33.41736169912118" />
  <Point X="178.57675275799664" Y="35.98692198230805" />
  <Point X="173.65914600913902" Y="38.556482265494914" />
  <Point X="168.7415392602814" Y="41.12604254868178" />
  <Point X="163.82393251142378" Y="43.69560283186864" />
  <Point X="158.90632576256615" Y="46.26516311505551" />
  <Point X="153.98871901370853" Y="48.834723398242375" />
  <Point X="149.0711122648509" Y="51.40428368142924" />
  <Point X="144.1535055159933" Y="53.97384396461611" />
  <Point X="139.23589876713567" Y="56.543404247802975" />
  <Point X="134.31829201827804" Y="59.11296453098984" />
  <Point X="129.40068526942042" Y="61.68252481417671" />
  <Point X="124.4830785205628" Y="64.25208509736358" />
  <Point X="119.56547177170518" Y="66.82164538055044" />
  <Point X="114.64786502284755" Y="69.3912056637373" />
  <Point X="109.73025827398993" Y="71.96076594692417" />
  <Point X="104.81265152513232" Y="74.53032623011104" />
  <Point X="102.0" Y="76.0" />
  <Point X="103.0" Y="76.0" />
  <Point X="104.0" Y="76.0" />
  <Point X="104.37499196546494" Y="76.0" />
  <Point X="105.0" Y="76.0" />
  <Point X="106.0" Y="76.0" />
  <Point X="107.0" Y="76.0" />
  <Point X="108.0" Y="76.0" />
  <Point X="109.0" Y="76.0" />
  <Point X="109.92345987880294" Y="76.0" />
  <Point X="110.0" Y="76.0" />
  <Point X="111.0" Y="76.0" />
  <Point X="112.0" Y="76.0" />
  <Point X="113.0" Y="76.0" />
  <Point X="114.0" Y="76.0" />
  <Point X="115.0" Y="76.0" />
  <Point X="115.47192779214095" Y="76.0" />
  <Point X="116.0" Y="76.0" />
  <Point X="116.0" Y="77.0" />
  <Point X="117.0" Y="77.0" />
  <Point X="118.0" Y="77.0" />
  <Point X="119.0" Y="77.0" />
  <Point X="119.72152872283779" Y="77.72152872283779" />
  <Point X="120.0" Y="78.0" />
  <Point X="122.0" Y="78.0" />
  <Point X="123.0" Y="78.0" />
  <Point X="124.0" Y="78.0" />
  <Point X="125.0" Y="78.0" />
  <Point X="125.15465005644384" Y="78.0" />
  <Point X="126.0" Y="78.0" />
  <Point X="127.0" Y="78.0" />
  <Point X="127.0" Y="79.0" />
  <Point X="129.0" Y="79.0" />
  <Point X="129.70311796978183" Y="79.0" />
  <Point X="130.0" Y="79.0" />
  <Point X="131.0" Y="79.0" />
  <Point X="132.0" Y="79.0" />
  <Point X="133.0" Y="79.0" />
  <Point X="134.0" Y="79.0" />
  <Point X="135.0" Y="79.0" />
  <Point X="135.25158588311982" Y="79.0" />
  <Point X="136.0" Y="79.0" />
  <Point X="137.0" Y="79.0" />
  <Point X="138.0" Y="80.0" />
  <Point X="139.0" Y="80.0" />
  <Point X="140.0" Y="80.0" />
  <Point X="140.38584023408472" Y="80.0" />
  <Point X="141.0" Y="80.0" />
  <Point X="142.0" Y="80.0" />
  <Point X="143.0" Y="80.0" />
  <Point X="144.0" Y="80.0" />
  <Point X="145.0" Y="80.0" />
  <Point X="145.9343081474227" Y="80.0" />
  <Point X="146.0" Y="80.0" />
  <Point X="147.0" Y="80.0" />
  <Point X="148.0" Y="80.0" />
  <Point X="149.0" Y="80.0" />
  <Point X="149.0" Y="81.0" />
  <Point X="150.0" Y="81.0" />
  <Point X="150.4827760607607" Y="81.0" />
  <Point X="151.0" Y="81.0" />
  <Point X="152.0" Y="81.0" />
  <Point X="153.0" Y="81.0" />
  <Point X="153.0" Y="82.0" />
  <Point X="154.0" Y="82.0" />
  <Point X="155.0" Y="82.0" />
  <Point X="155.0" Y="82.0312439740987" />
  <Point X="155.0" Y="83.0" />
  <Point X="155.0" Y="84.0" />
  <Point X="155.0" Y="85.0" />
  <Point X="155.0" Y="86.0" />
  <Point X="156.0" Y="86.0" />
  <Point X="156.0" Y="86.5797118874367" />
  <Point X="156.0" Y="87.0" />
  <Point X="156.0" Y="88.0" />
  <Point X="156.0" Y="89.0" />
  <Point X="156.0" Y="90.0" />
  <Point X="157.0" Y="90.0" />
  <Point X="157.0" Y="91.0" />
  <Point X="157.0" Y="91.1281798007747" />
  <Point X="157.0" Y="92.0" />
  <Point X="157.0" Y="93.0" />
  <Point X="158.0" Y="94.0" />
  <Point X="158.0" Y="95.0" />
  <Point X="158.0" Y="96.0" />
  <Point X="158.0" Y="96.26243415173961" />
  <Point X="158.0" Y="97.0" />
  <Point X="159.0" Y="97.0" />
  <Point X="159.0" Y="98.0" />
  <Point X="159.0" Y="99.0" />
  <Point X="159.0" Y="100.0" />
  <Point X="159.8109020650776" Y="100.0" />
  <Point X="160.0" Y="100.0" />
  <Point X="160.0" Y="101.0" />
  <Point X="160.0" Y="102.0" />
  <Point X="160.0" Y="103.0" />
  <Point X="160.0" Y="104.0" />
  <Point X="160.0" Y="105.0" />
  <Point X="160.0" Y="105.35936997841561" />
  <Point X="160.0" Y="106.0" />
  <Point X="160.0" Y="107.0" />
  <Point X="161.0" Y="108.0" />
  <Point X="161.0" Y="109.0" />
  <Point X="161.0" Y="110.0" />
  <Point X="161.0" Y="110.49362432938052" />
  <Point X="161.0" Y="111.0" />
  <Point X="161.0" Y="112.0" />
  <Point X="161.0" Y="113.0" />
  <Point X="161.0" Y="114.0" />
  <Point X="161.0" Y="115.0" />
  <Point X="161.0" Y="116.0" />
  <Point X="161.0" Y="116.04209224271852" />
  <Point X="161.0" Y="117.0" />
  <Point X="161.0" Y="118.0" />
  <Point X="161.0" Y="119.0" />
  <Point X="161.0" Y="120.0" />
  <Point X="161.0" Y="121.0" />
  <Point X="161.0" Y="121.59056015605653" />
  <Point X="161.0" Y="122.0" />
  <Point X="161.0" Y="123.0" />
  <Point X="161.0" Y="124.0" />
  <Point X="161.0" Y="125.0" />
  <Point X="161.0" Y="126.0" />
  <Point X="161.0" Y="127.0" />
  <Point X="161.0" Y="127.13902806939453" />
  <Point X="161.0" Y="128.0" />
  <Point X="161.0" Y="129.0" />
  <Point X="161.0" Y="130.0" />
  <Point X="161.0" Y="131.0" />
  <Point X="161.0" Y="132.0" />
  <Point X="161.0" Y="132.68749598273251" />
  <Point X="161.0" Y="133.0" />
  <Point X="161.0" Y="134.0" />
  <Point X="161.0" Y="135.0" />
  <Point X="161.0" Y="136.0" />
  <Point X="161.0" Y="137.0" />
  <Point X="161.0" Y="138.0" />
  <Point X="161.0" Y="138.2359638960705" />
  <Point X="161.0" Y="139.0" />
  <Point X="161.0" Y="140.0" />
  <Point X="161.0" Y="141.0" />
  <Point X="161.0" Y="142.0" />
  <Point X="161.0" Y="143.0" />
  <Point X="161.0" Y="143.7844318094085" />
  <Point X="161.0" Y="144.0" />
  <Point X="161.0" Y="145.0" />
  <Point X="161.0" Y="146.0" />
  <Point X="161.0" Y="147.0" />
  <Point X="161.0" Y="148.0" />
  <Point X="161.0" Y="149.0" />
  <Point X="161.0" Y="149.33289972274648" />
  <Point X="161.0" Y="150.0" />
  <Point X="161.0" Y="151.0" />
  <Point X="161.0" Y="152.0" />
  <Point X="161.0" Y="153.0" />
  <Point X="161.0" Y="154.0" />
  <Point X="161.0" Y="154.88136763608446" />
  <Point X="161.0" Y="155.0" />
  <Point X="161.0" Y="156.0" />
  <Point X="161.0" Y="157.0" />
  <Point X="161.0" Y="158.0" />
  <Point X="161.0" Y="159.0" />
  <Point X="161.0" Y="160.0" />
  <Point X="161.0" Y="160.42983554942245" />
  <Point X="161.0" Y="161.0" />
  <Point X="161.0" Y="162.0" />
  <Point X="161.0" Y="163.0" />
  <Point X="161.0" Y="164.0" />
  <Point X="161.0" Y="165.0" />
  <Point X="161.0" Y="165.97830346276044" />
  <Point X="161.0" Y="166.0" />
  <Point X="161.0" Y="167.0" />
  <Point X="161.0" Y="168.0" />
  <Point X="161.0" Y="169.0" />
  <Point X="160.0" Y="169.0" />
  <Point X="159.0" Y="169.0" />
  <Point X="159.0" Y="169.52677137609842" />
  <Point X="159.0" Y="170.0" />
  <Point X="158.0" Y="170.0" />
  <Point X="157.0" Y="170.0" />
  <Point X="156.0" Y="171.0" />
  <Point X="155.0" Y="171.0" />
  <Point X="155.0" Y="171.66102572706333" />
  <Point X="155.0" Y="172.0" />
  <Point X="154.0" Y="172.0" />
  <Point X="153.0" Y="172.0" />
  <Point X="152.0" Y="172.0" />
  <Point X="151.0" Y="172.0" />
  <Point X="150.1447588450702" Y="172.8552411549298" />
  <Point X="150.0" Y="173.0" />
  <Point X="149.0" Y="173.0" />
  <Point X="148.0" Y="173.0" />
  <Point X="147.0" Y="173.0" />
  <Point X="146.0" Y="173.0" />
  <Point X="145.04982668309913" Y="173.95017331690087" />
  <Point X="145.0" Y="174.0" />
  <Point X="144.0" Y="174.0" />
  <Point X="143.0" Y="174.0" />
  <Point X="142.0" Y="174.0" />
  <Point X="141.0" Y="174.0" />
  <Point X="140.0" Y="174.0" />
  <Point X="139.52199765766886" Y="174.0" />
  <Point X="139.0" Y="174.0" />
  <Point X="138.0" Y="174.0" />
  <Point X="137.0" Y="174.0" />
  <Point X="137.0" Y="175.0" />
  <Point X="136.0" Y="175.0" />
  <Point X="135.0" Y="175.0" />
  <Point X="134.97352974433088" Y="175.0" />
  <Point X="134.0" Y="175.0" />
  <Point X="133.0" Y="175.0" />
  <Point X="131.0" Y="175.0" />
  <Point X="130.0" Y="175.0" />
  <Point X="129.4250618309929" Y="175.0" />
  <Point X="129.0" Y="175.0" />
  <Point X="128.0" Y="175.0" />
  <Point X="127.0" Y="175.0" />
  <Point X="126.0" Y="175.0" />
  <Point X="125.0" Y="175.0" />
  <Point X="124.0" Y="175.0" />
  <Point X="123.87659391765489" Y="175.0" />
  <Point X="123.0" Y="175.0" />
  <Point X="122.0" Y="175.0" />
  <Point X="121.0" Y="175.0" />
  <Point X="120.0" Y="175.0" />
  <Point X="119.0" Y="175.0" />
  <Point X="118.32812600431689" Y="175.0" />
  <Point X="118.0" Y="175.0" />
  <Point X="117.0" Y="175.0" />
  <Point X="116.0" Y="175.0" />
  <Point X="115.0" Y="175.0" />
  <Point X="114.0" Y="175.0" />
  <Point X="113.0" Y="175.0" />
  <Point X="112.77965809097888" Y="175.0" />
  <Point X="112.0" Y="175.0" />
  <Point X="111.0" Y="175.0" />
  <Point X="110.0" Y="175.0" />
  <Point X="109.0" Y="175.0" />
  <Point X="108.0" Y="175.0" />
  <Point X="107.23119017764088" Y="175.0" />
  <Point X="107.0" Y="175.0" />
  <Point X="106.0" Y="175.0" />
  <Point X="105.0" Y="175.0" />
  <Point X="104.0" Y="175.0" />
  <Point X="103.0" Y="175.0" />
  <Point X="102.0" Y="175.0" />
  <Point X="101.68272226430288" Y="175.0" />
  <Point X="101.0" Y="175.0" />
  <Point X="100.0" Y="175.0" />
  <Point X="99.0" Y="176.0" />
  <Point X="98.0" Y="176.0" />
  <Point X="98.0" Y="177.0" />
  <Point X="97.54846791333797" Y="177.0" />
  <Point X="97.0" Y="177.0" />
  <Point X="96.0" Y="177.0" />
  <Point X="97.0" Y="177.0" />
  <Point X="98.0" Y="177.0" />
  <Point X="99.0" Y="177.0" />
  <Point X="100.0" Y="177.0" />
</Project_1_Part_4>
