<?xml version="1.0" encoding="utf-8" standalone="yes"?>
<Gesture Name="star1" Subject="3" Number="3" NumPts="417">
  <Point X="81.0" Y="157.0" />
  <Point X="81.0" Y="156.0" />
  <Point X="81.0" Y="155.0" />
  <Point X="82.0" Y="155.0" />
  <Point X="82.0" Y="154.0" />
  <Point X="83.0" Y="153.0" />
  <Point X="83.0" Y="152.18298196896825" />
  <Point X="83.0" Y="152.0" />
  <Point X="83.0" Y="151.0" />
  <Point X="84.0" Y="151.0" />
  <Point X="84.0" Y="150.0" />
  <Point X="85.0" Y="149.0" />
  <Point X="86.0" Y="148.0" />
  <Point X="86.0" Y="147.7801775003096" />
  <Point X="86.0" Y="147.0" />
  <Point X="87.0" Y="147.0" />
  <Point X="87.0" Y="146.0" />
  <Point X="88.0" Y="145.0" />
  <Point X="88.0" Y="144.0" />
  <Point X="88.73315697028268" Y="143.2668430297173" />
  <Point X="89.0" Y="143.0" />
  <Point X="90.0" Y="142.0" />
  <Point X="90.0" Y="141.0" />
  <Point X="91.0" Y="140.0" />
  <Point X="92.0" Y="139.0" />
  <Point X="92.0" Y="138.3887821253654" />
  <Point X="92.0" Y="138.0" />
  <Point X="93.0" Y="138.0" />
  <Point X="94.0" Y="137.0" />
  <Point X="94.0" Y="136.0" />
  <Point X="94.0" Y="135.0" />
  <Point X="95.0" Y="135.0" />
  <Point X="95.0" Y="134.57176409433364" />
  <Point X="95.0" Y="133.0" />
  <Point X="96.0" Y="133.0" />
  <Point X="96.0" Y="132.0" />
  <Point X="97.0" Y="131.0" />
  <Point X="98.0" Y="131.0" />
  <Point X="98.0" Y="130.7547460633019" />
  <Point X="98.0" Y="130.0" />
  <Point X="98.0" Y="129.0" />
  <Point X="99.0" Y="129.0" />
  <Point X="99.0" Y="128.0" />
  <Point X="99.0" Y="127.0" />
  <Point X="100.0" Y="126.0" />
  <Point X="100.04403293065961" Y="125.95596706934039" />
  <Point X="101.0" Y="125.0" />
  <Point X="101.0" Y="124.0" />
  <Point X="102.0" Y="123.0" />
  <Point X="102.0" Y="122.0" />
  <Point X="103.0" Y="122.0" />
  <Point X="103.0" Y="121.5349235636115" />
  <Point X="103.0" Y="121.0" />
  <Point X="103.0" Y="120.0" />
  <Point X="104.0" Y="119.0" />
  <Point X="105.0" Y="118.0" />
  <Point X="105.0" Y="117.0" />
  <Point X="105.0" Y="116.13211909495286" />
  <Point X="105.0" Y="116.0" />
  <Point X="106.0" Y="116.0" />
  <Point X="106.0" Y="115.0" />
  <Point X="106.0" Y="114.0" />
  <Point X="107.0" Y="113.0" />
  <Point X="108.0" Y="113.0" />
  <Point X="108.0" Y="112.3151010639211" />
  <Point X="108.0" Y="112.0" />
  <Point X="108.0" Y="111.0" />
  <Point X="109.0" Y="111.0" />
  <Point X="109.0" Y="110.0" />
  <Point X="109.0" Y="109.0" />
  <Point X="110.0" Y="108.0" />
  <Point X="110.0" Y="107.49808303288935" />
  <Point X="110.0" Y="107.0" />
  <Point X="110.0" Y="106.0" />
  <Point X="111.0" Y="105.0" />
  <Point X="112.0" Y="104.0" />
  <Point X="112.0" Y="103.0" />
  <Point X="112.0" Y="102.09527856423071" />
  <Point X="112.0" Y="102.0" />
  <Point X="113.0" Y="102.0" />
  <Point X="113.0" Y="101.0" />
  <Point X="113.0" Y="100.0" />
  <Point X="114.0" Y="100.0" />
  <Point X="114.0" Y="99.0" />
  <Point X="114.0" Y="98.0" />
  <Point X="114.13595302917413" Y="98.0" />
  <Point X="115.0" Y="98.0" />
  <Point X="115.0" Y="97.0" />
  <Point X="116.0" Y="97.0" />
  <Point X="116.0" Y="96.0" />
  <Point X="117.0" Y="95.0" />
  <Point X="117.0" Y="94.04702893979412" />
  <Point X="117.0" Y="94.0" />
  <Point X="118.0" Y="94.0" />
  <Point X="118.0" Y="95.0" />
  <Point X="118.0" Y="96.0" />
  <Point X="118.0" Y="97.0" />
  <Point X="119.0" Y="98.0" />
  <Point X="119.0" Y="98.76998909123763" />
  <Point X="119.0" Y="99.0" />
  <Point X="119.0" Y="100.0" />
  <Point X="119.0" Y="101.0" />
  <Point X="120.0" Y="102.0" />
  <Point X="120.0" Y="103.0" />
  <Point X="120.0" Y="104.0" />
  <Point X="120.0" Y="104.58700712226938" />
  <Point X="120.0" Y="105.0" />
  <Point X="120.0" Y="106.0" />
  <Point X="120.0" Y="107.0" />
  <Point X="120.0" Y="108.0" />
  <Point X="121.0" Y="109.0" />
  <Point X="121.0" Y="110.40402515330113" />
  <Point X="121.0" Y="111.0" />
  <Point X="121.0" Y="112.0" />
  <Point X="121.0" Y="113.0" />
  <Point X="121.0" Y="114.0" />
  <Point X="121.0" Y="115.0" />
  <Point X="122.0" Y="116.0" />
  <Point X="122.0" Y="116.22104318433288" />
  <Point X="122.0" Y="117.0" />
  <Point X="122.0" Y="118.0" />
  <Point X="122.0" Y="119.0" />
  <Point X="122.0" Y="120.0" />
  <Point X="122.0" Y="121.0" />
  <Point X="123.0" Y="121.0" />
  <Point X="123.0" Y="121.45227477773773" />
  <Point X="123.0" Y="123.0" />
  <Point X="123.0" Y="124.0" />
  <Point X="124.0" Y="126.0" />
  <Point X="124.0" Y="127.0" />
  <Point X="124.0" Y="127.44743839364278" />
  <Point X="124.0" Y="129.0" />
  <Point X="124.0" Y="130.0" />
  <Point X="125.0" Y="130.0" />
  <Point X="125.0" Y="131.0" />
  <Point X="125.0" Y="132.0" />
  <Point X="125.0" Y="132.6786699870476" />
  <Point X="125.0" Y="133.0" />
  <Point X="125.0" Y="134.0" />
  <Point X="126.0" Y="135.0" />
  <Point X="126.0" Y="136.0" />
  <Point X="126.0" Y="137.0" />
  <Point X="126.0" Y="138.0" />
  <Point X="126.22167842081151" Y="138.44335684162303" />
  <Point X="127.0" Y="140.0" />
  <Point X="127.0" Y="141.0" />
  <Point X="128.0" Y="142.0" />
  <Point X="128.0" Y="143.0" />
  <Point X="128.0" Y="144.0" />
  <Point X="128.0" Y="144.0766380716113" />
  <Point X="128.0" Y="145.0" />
  <Point X="129.0" Y="146.0" />
  <Point X="129.0" Y="147.0" />
  <Point X="129.0" Y="148.0" />
  <Point X="130.0" Y="149.0" />
  <Point X="130.0" Y="149.47944254026996" />
  <Point X="130.0" Y="150.0" />
  <Point X="130.0" Y="151.0" />
  <Point X="131.0" Y="152.0" />
  <Point X="131.0" Y="153.0" />
  <Point X="132.0" Y="153.0" />
  <Point X="132.0" Y="154.0" />
  <Point X="132.0" Y="154.2964605713017" />
  <Point X="132.0" Y="155.0" />
  <Point X="133.0" Y="156.0" />
  <Point X="133.0" Y="157.0" />
  <Point X="133.0" Y="158.0" />
  <Point X="134.0" Y="158.0" />
  <Point X="134.0" Y="159.0" />
  <Point X="134.0" Y="159.11347860233346" />
  <Point X="134.0" Y="160.0" />
  <Point X="134.0" Y="161.0" />
  <Point X="135.0" Y="161.0" />
  <Point X="135.0" Y="162.0" />
  <Point X="136.0" Y="162.0" />
  <Point X="136.0" Y="163.0" />
  <Point X="136.3447101957383" Y="163.0" />
  <Point X="137.0" Y="163.0" />
  <Point X="137.0" Y="164.0" />
  <Point X="137.0" Y="165.0" />
  <Point X="137.0" Y="166.0" />
  <Point X="138.0" Y="166.0" />
  <Point X="138.0" Y="167.0" />
  <Point X="138.57594178914312" Y="167.0" />
  <Point X="139.0" Y="167.0" />
  <Point X="139.0" Y="168.0" />
  <Point X="140.0" Y="168.0" />
  <Point X="140.0" Y="169.0" />
  <Point X="140.0" Y="168.0" />
  <Point X="140.0" Y="167.0" />
  <Point X="140.0" Y="166.19282661745206" />
  <Point X="140.0" Y="166.0" />
  <Point X="139.0" Y="166.0" />
  <Point X="139.0" Y="165.0" />
  <Point X="139.0" Y="164.0" />
  <Point X="139.0" Y="163.0" />
  <Point X="138.0" Y="163.0" />
  <Point X="138.0" Y="162.0" />
  <Point X="137.97284358107248" Y="161.97284358107248" />
  <Point X="137.0" Y="161.0" />
  <Point X="137.0" Y="160.0" />
  <Point X="136.0" Y="159.0" />
  <Point X="135.0" Y="159.0" />
  <Point X="135.0" Y="158.0" />
  <Point X="134.55879055538855" Y="158.0" />
  <Point X="134.0" Y="158.0" />
  <Point X="134.0" Y="157.0" />
  <Point X="134.0" Y="156.0" />
  <Point X="133.0" Y="156.0" />
  <Point X="133.0" Y="155.0" />
  <Point X="132.0" Y="155.0" />
  <Point X="132.0" Y="154.32755896198373" />
  <Point X="132.0" Y="154.0" />
  <Point X="131.0" Y="154.0" />
  <Point X="131.0" Y="153.0" />
  <Point X="130.0" Y="152.0" />
  <Point X="129.0" Y="151.0" />
  <Point X="128.2396866107898" Y="150.2396866107898" />
  <Point X="127.0" Y="149.0" />
  <Point X="126.0" Y="148.0" />
  <Point X="125.0" Y="147.0" />
  <Point X="124.0" Y="147.0" />
  <Point X="123.54064727713592" Y="146.54064727713592" />
  <Point X="123.0" Y="146.0" />
  <Point X="123.0" Y="145.0" />
  <Point X="122.0" Y="145.0" />
  <Point X="122.0" Y="144.0" />
  <Point X="121.0" Y="144.0" />
  <Point X="120.0" Y="143.0" />
  <Point X="119.94757268075395" Y="143.0" />
  <Point X="119.0" Y="143.0" />
  <Point X="119.0" Y="142.0" />
  <Point X="118.0" Y="141.0" />
  <Point X="117.0" Y="141.0" />
  <Point X="116.0" Y="140.0" />
  <Point X="115.5447682120953" Y="140.0" />
  <Point X="115.0" Y="140.0" />
  <Point X="115.0" Y="139.0" />
  <Point X="114.0" Y="139.0" />
  <Point X="113.0" Y="138.0" />
  <Point X="112.0" Y="137.0" />
  <Point X="111.14196374343666" Y="137.0" />
  <Point X="110.0" Y="137.0" />
  <Point X="110.0" Y="136.0" />
  <Point X="109.0" Y="136.0" />
  <Point X="108.0" Y="135.0" />
  <Point X="108.0" Y="134.0" />
  <Point X="107.32494571240491" Y="134.0" />
  <Point X="107.0" Y="134.0" />
  <Point X="106.0" Y="134.0" />
  <Point X="105.0" Y="134.0" />
  <Point X="105.0" Y="133.0" />
  <Point X="104.0" Y="133.0" />
  <Point X="103.0" Y="133.0" />
  <Point X="102.35915910785133" Y="132.35915910785133" />
  <Point X="102.0" Y="132.0" />
  <Point X="101.0" Y="132.0" />
  <Point X="100.0" Y="131.0" />
  <Point X="99.0" Y="130.0" />
  <Point X="98.0" Y="130.0" />
  <Point X="97.10512321271452" Y="130.0" />
  <Point X="97.0" Y="130.0" />
  <Point X="96.0" Y="130.0" />
  <Point X="96.0" Y="129.0" />
  <Point X="95.0" Y="129.0" />
  <Point X="94.0" Y="129.0" />
  <Point X="94.0" Y="128.0" />
  <Point X="93.0" Y="128.0" />
  <Point X="93.0" Y="127.87389161930967" />
  <Point X="93.0" Y="127.0" />
  <Point X="92.0" Y="127.0" />
  <Point X="92.0" Y="126.0" />
  <Point X="91.0" Y="126.0" />
  <Point X="91.0" Y="125.0" />
  <Point X="90.0" Y="125.0" />
  <Point X="90.0" Y="124.64266002590483" />
  <Point X="90.0" Y="124.0" />
  <Point X="89.0" Y="124.0" />
  <Point X="89.0" Y="123.0" />
  <Point X="90.0" Y="123.0" />
  <Point X="91.0" Y="123.0" />
  <Point X="92.0" Y="123.0" />
  <Point X="92.58857156750001" Y="123.0" />
  <Point X="93.0" Y="123.0" />
  <Point X="94.0" Y="122.0" />
  <Point X="95.0" Y="122.0" />
  <Point X="96.0" Y="122.0" />
  <Point X="97.0" Y="121.0" />
  <Point X="97.99137603615867" Y="121.0" />
  <Point X="98.0" Y="121.0" />
  <Point X="99.0" Y="121.0" />
  <Point X="100.0" Y="121.0" />
  <Point X="101.0" Y="121.0" />
  <Point X="102.0" Y="121.0" />
  <Point X="103.0" Y="121.0" />
  <Point X="103.0" Y="120.0" />
  <Point X="103.22260762956351" Y="120.0" />
  <Point X="104.0" Y="120.0" />
  <Point X="105.0" Y="120.0" />
  <Point X="106.0" Y="120.0" />
  <Point X="107.0" Y="120.0" />
  <Point X="108.0" Y="120.0" />
  <Point X="109.45383922296836" Y="120.0" />
  <Point X="110.0" Y="120.0" />
  <Point X="110.0" Y="119.0" />
  <Point X="111.0" Y="119.0" />
  <Point X="112.0" Y="119.0" />
  <Point X="113.0" Y="119.0" />
  <Point X="114.0" Y="119.0" />
  <Point X="114.6850708163732" Y="119.0" />
  <Point X="115.0" Y="119.0" />
  <Point X="117.0" Y="119.0" />
  <Point X="118.0" Y="119.0" />
  <Point X="119.0" Y="118.0" />
  <Point X="120.0" Y="118.0" />
  <Point X="120.35503042875817" Y="117.64496957124183" />
  <Point X="121.0" Y="117.0" />
  <Point X="123.0" Y="117.0" />
  <Point X="124.0" Y="117.0" />
  <Point X="125.0" Y="117.0" />
  <Point X="126.0" Y="117.0" />
  <Point X="126.31910687843668" Y="117.0" />
  <Point X="127.0" Y="117.0" />
  <Point X="129.0" Y="117.0" />
  <Point X="130.0" Y="117.0" />
  <Point X="131.0" Y="116.0" />
  <Point X="132.0" Y="116.0" />
  <Point X="132.13612490946844" Y="116.0" />
  <Point X="133.0" Y="116.0" />
  <Point X="134.0" Y="116.0" />
  <Point X="135.0" Y="116.0" />
  <Point X="136.0" Y="116.0" />
  <Point X="137.0" Y="116.0" />
  <Point X="138.0" Y="116.0" />
  <Point X="138.36735650287326" Y="116.0" />
  <Point X="139.0" Y="116.0" />
  <Point X="140.0" Y="116.0" />
  <Point X="141.0" Y="116.0" />
  <Point X="142.0" Y="116.0" />
  <Point X="142.0" Y="115.0" />
  <Point X="143.0" Y="115.0" />
  <Point X="143.5985880962781" Y="115.0" />
  <Point X="144.0" Y="115.0" />
  <Point X="143.0" Y="115.0" />
  <Point X="142.0" Y="115.0" />
  <Point X="142.0" Y="116.0" />
  <Point X="141.0" Y="116.0" />
  <Point X="140.0" Y="116.0" />
  <Point X="139.17018031031708" Y="116.0" />
  <Point X="139.0" Y="116.0" />
  <Point X="139.0" Y="117.0" />
  <Point X="138.0" Y="117.0" />
  <Point X="137.0" Y="117.0" />
  <Point X="137.0" Y="118.0" />
  <Point X="136.0" Y="118.0" />
  <Point X="135.0" Y="118.0" />
  <Point X="134.93894871691225" Y="118.0" />
  <Point X="134.0" Y="118.0" />
  <Point X="134.0" Y="119.0" />
  <Point X="133.0" Y="119.0" />
  <Point X="132.0" Y="120.0" />
  <Point X="131.0" Y="120.0" />
  <Point X="130.1219306858805" Y="120.0" />
  <Point X="130.0" Y="120.0" />
  <Point X="129.0" Y="120.0" />
  <Point X="129.0" Y="121.0" />
  <Point X="128.0" Y="121.0" />
  <Point X="127.0" Y="121.0" />
  <Point X="126.0" Y="121.0" />
  <Point X="126.0" Y="122.0" />
  <Point X="125.89069909247566" Y="122.0" />
  <Point X="125.0" Y="122.0" />
  <Point X="124.0" Y="122.0" />
  <Point X="123.0" Y="122.0" />
  <Point X="122.0" Y="122.0" />
  <Point X="121.0" Y="123.0" />
  <Point X="120.34499359700547" Y="123.65500640299453" />
  <Point X="120.0" Y="124.0" />
  <Point X="119.0" Y="124.0" />
  <Point X="118.0" Y="124.0" />
  <Point X="117.0" Y="124.0" />
  <Point X="117.0" Y="125.0" />
  <Point X="116.0" Y="125.0" />
  <Point X="115.25666303041217" Y="125.0" />
  <Point X="115.0" Y="125.0" />
  <Point X="114.0" Y="125.0" />
  <Point X="113.0" Y="126.0" />
  <Point X="112.0" Y="126.0" />
  <Point X="111.0" Y="126.0" />
  <Point X="110.0" Y="127.0" />
  <Point X="110.0" Y="127.14614143824647" />
  <Point X="110.0" Y="128.0" />
  <Point X="109.0" Y="128.0" />
  <Point X="108.0" Y="128.0" />
  <Point X="108.0" Y="129.0" />
  <Point X="107.0" Y="129.0" />
  <Point X="106.0" Y="129.0" />
  <Point X="105.73315697028244" Y="129.26684302971756" />
  <Point X="105.0" Y="130.0" />
  <Point X="104.0" Y="131.0" />
  <Point X="103.0" Y="132.0" />
  <Point X="102.0" Y="132.0" />
  <Point X="102.0" Y="133.0" />
  <Point X="101.63403606206315" Y="133.0" />
  <Point X="101.0" Y="133.0" />
  <Point X="101.0" Y="134.0" />
  <Point X="100.0" Y="135.0" />
  <Point X="100.0" Y="136.0" />
  <Point X="99.0" Y="136.0" />
  <Point X="99.0" Y="137.0" />
  <Point X="98.8170180310314" Y="137.0" />
  <Point X="98.0" Y="137.0" />
  <Point X="98.0" Y="138.0" />
  <Point X="98.0" Y="139.0" />
  <Point X="97.0" Y="140.0" />
  <Point X="97.0" Y="141.0" />
  <Point X="97.0" Y="142.0" />
</Project_1_Part_4>
