<?xml version="1.0" encoding="utf-8" standalone="yes"?>
<Gesture Name="star4" Subject="3" Number="3" NumPts="529">
  <Point X="209.0" Y="27.0" />
  <Point X="201.3630836881693" Y="35.43381192697825" />
  <Point X="193.7261673763386" Y="43.8676238539565" />
  <Point X="186.0892510645079" Y="52.30143578093475" />
  <Point X="178.4523347526772" Y="60.735247707913004" />
  <Point X="170.81541844084649" Y="69.16905963489125" />
  <Point X="163.17850212901578" Y="77.6028715618695" />
  <Point X="155.54158581718508" Y="86.03668348884776" />
  <Point X="147.90466950535438" Y="94.47049541582601" />
  <Point X="140.26775319352367" Y="102.90430734280426" />
  <Point X="132.63083688169297" Y="111.33811926978251" />
  <Point X="124.99392056986227" Y="119.77193119676076" />
  <Point X="117.35700425803158" Y="128.205743123739" />
  <Point X="109.72008794620089" Y="136.63955505071726" />
  <Point X="102.08317163437019" Y="145.0733669776955" />
  <Point X="94.4462553225395" Y="153.50717890467376" />
  <Point X="94.0" Y="154.0" />
  <Point X="94.0" Y="153.0" />
  <Point X="94.0" Y="152.0" />
  <Point X="94.0" Y="151.0" />
  <Point X="94.0" Y="150.0" />
  <Point X="94.0" Y="149.0" />
  <Point X="95.0" Y="149.0" />
  <Point X="95.0" Y="148.0" />
  <Point X="95.0" Y="147.0" />
  <Point X="96.0" Y="147.0" />
  <Point X="96.0" Y="146.0" />
  <Point X="96.50405399742894" Y="145.49594600257106" />
  <Point X="97.0" Y="145.0" />
  <Point X="97.0" Y="144.0" />
  <Point X="98.0" Y="143.0" />
  <Point X="98.0" Y="142.0" />
  <Point X="99.0" Y="142.0" />
  <Point X="99.0" Y="141.0" />
  <Point X="99.0" Y="140.0" />
  <Point X="100.0" Y="139.0" />
  <Point X="101.0" Y="138.0" />
  <Point X="101.0" Y="137.0" />
  <Point X="101.30665023576891" Y="136.69334976423107" />
  <Point X="102.0" Y="136.0" />
  <Point X="103.0" Y="134.0" />
  <Point X="104.0" Y="134.0" />
  <Point X="104.0" Y="133.0" />
  <Point X="104.0" Y="132.0" />
  <Point X="105.0" Y="132.0" />
  <Point X="105.0" Y="131.0" />
  <Point X="106.0" Y="130.0" />
  <Point X="106.0" Y="129.0" />
  <Point X="106.5281076440247" Y="128.47189235597529" />
  <Point X="107.0" Y="128.0" />
  <Point X="108.0" Y="127.0" />
  <Point X="108.0" Y="126.0" />
  <Point X="109.0" Y="126.0" />
  <Point X="109.0" Y="124.0" />
  <Point X="110.0" Y="123.0" />
  <Point X="111.0" Y="122.0" />
  <Point X="111.0" Y="121.0" />
  <Point X="112.0" Y="121.0" />
  <Point X="112.0" Y="120.53231408443042" />
  <Point X="112.0" Y="119.0" />
  <Point X="113.0" Y="118.0" />
  <Point X="114.0" Y="117.0" />
  <Point X="114.0" Y="116.0" />
  <Point X="115.0" Y="115.0" />
  <Point X="116.0" Y="114.0" />
  <Point X="116.0" Y="113.0" />
  <Point X="117.0" Y="112.0" />
  <Point X="117.0" Y="111.22569872380659" />
  <Point X="117.0" Y="111.0" />
  <Point X="118.0" Y="110.0" />
  <Point X="119.0" Y="109.0" />
  <Point X="119.0" Y="108.0" />
  <Point X="119.0" Y="107.0" />
  <Point X="120.0" Y="106.0" />
  <Point X="121.0" Y="105.0" />
  <Point X="122.0" Y="104.0" />
  <Point X="122.0" Y="102.0" />
  <Point X="122.05721670260428" Y="101.94278329739572" />
  <Point X="123.0" Y="101.0" />
  <Point X="124.0" Y="100.0" />
  <Point X="124.0" Y="99.0" />
  <Point X="125.0" Y="98.0" />
  <Point X="126.0" Y="97.0" />
  <Point X="126.0" Y="96.0" />
  <Point X="126.0" Y="95.0" />
  <Point X="127.0" Y="95.0" />
  <Point X="127.0" Y="94.0" />
  <Point X="127.5669197221308" Y="93.4330802778692" />
  <Point X="129.0" Y="92.0" />
  <Point X="129.0" Y="91.0" />
  <Point X="130.0" Y="89.0" />
  <Point X="130.0" Y="88.0" />
  <Point X="131.0" Y="87.0" />
  <Point X="131.0" Y="86.0" />
  <Point X="132.0" Y="86.0" />
  <Point X="133.0" Y="85.0" />
  <Point X="133.0" Y="84.71349349468869" />
  <Point X="133.0" Y="84.0" />
  <Point X="133.0" Y="83.0" />
  <Point X="134.0" Y="83.0" />
  <Point X="134.0" Y="82.0" />
  <Point X="135.0" Y="81.0" />
  <Point X="135.0" Y="79.0" />
  <Point X="136.0" Y="79.0" />
  <Point X="137.0" Y="79.0" />
  <Point X="137.0" Y="78.0" />
  <Point X="137.0" Y="77.0" />
  <Point X="137.24997611542753" Y="77.0" />
  <Point X="138.0" Y="77.0" />
  <Point X="138.0" Y="76.0" />
  <Point X="138.0" Y="75.0" />
  <Point X="139.0" Y="75.0" />
  <Point X="139.0" Y="74.0" />
  <Point X="140.0" Y="73.0" />
  <Point X="141.0" Y="72.0" />
  <Point X="141.0" Y="71.0" />
  <Point X="142.0" Y="70.0" />
  <Point X="142.0" Y="69.0" />
  <Point X="142.0" Y="69.38501860079755" />
  <Point X="142.0" Y="70.0" />
  <Point X="142.0" Y="71.0" />
  <Point X="142.0" Y="72.0" />
  <Point X="142.0" Y="73.0" />
  <Point X="142.0" Y="74.0" />
  <Point X="142.0" Y="75.0" />
  <Point X="142.0" Y="76.0" />
  <Point X="142.0" Y="77.0" />
  <Point X="142.0" Y="78.0" />
  <Point X="142.0" Y="79.0" />
  <Point X="142.0" Y="80.0" />
  <Point X="142.0" Y="80.76270177328686" />
  <Point X="142.0" Y="81.0" />
  <Point X="142.0" Y="82.0" />
  <Point X="142.0" Y="83.0" />
  <Point X="142.0" Y="84.0" />
  <Point X="142.0" Y="85.0" />
  <Point X="142.0" Y="86.0" />
  <Point X="142.0" Y="88.0" />
  <Point X="142.0" Y="90.0" />
  <Point X="142.95720924735454" Y="91.9144184947091" />
  <Point X="143.0" Y="92.0" />
  <Point X="143.0" Y="93.0" />
  <Point X="143.0" Y="94.0" />
  <Point X="144.0" Y="95.0" />
  <Point X="144.0" Y="96.0" />
  <Point X="144.0" Y="97.0" />
  <Point X="144.0" Y="99.0" />
  <Point X="144.0" Y="101.0" />
  <Point X="145.0" Y="102.0" />
  <Point X="145.20284401931585" Y="102.40568803863168" />
  <Point X="146.0" Y="104.0" />
  <Point X="146.0" Y="106.0" />
  <Point X="146.0" Y="107.0" />
  <Point X="146.0" Y="108.0" />
  <Point X="147.0" Y="109.0" />
  <Point X="147.0" Y="110.0" />
  <Point X="148.0" Y="110.0" />
  <Point X="148.0" Y="112.0" />
  <Point X="148.0" Y="112.18097464863592" />
  <Point X="148.0" Y="113.0" />
  <Point X="148.0" Y="114.0" />
  <Point X="148.0" Y="115.0" />
  <Point X="149.0" Y="116.0" />
  <Point X="149.0" Y="117.0" />
  <Point X="149.0" Y="118.0" />
  <Point X="149.0" Y="119.0" />
  <Point X="149.0" Y="120.0" />
  <Point X="150.0" Y="121.0" />
  <Point X="150.0" Y="122.0" />
  <Point X="150.0" Y="122.73023069637904" />
  <Point X="150.0" Y="123.0" />
  <Point X="150.0" Y="124.0" />
  <Point X="150.0" Y="125.0" />
  <Point X="151.0" Y="125.0" />
  <Point X="151.0" Y="126.0" />
  <Point X="151.0" Y="127.0" />
  <Point X="152.0" Y="127.0" />
  <Point X="152.0" Y="128.0" />
  <Point X="152.0" Y="129.0" />
  <Point X="152.0" Y="130.0" />
  <Point X="153.0" Y="131.0" />
  <Point X="153.0" Y="131.69370030649526" />
  <Point X="153.0" Y="132.0" />
  <Point X="153.0" Y="133.0" />
  <Point X="153.0" Y="134.0" />
  <Point X="154.0" Y="135.0" />
  <Point X="154.0" Y="136.0" />
  <Point X="154.0" Y="137.0" />
  <Point X="154.0" Y="138.0" />
  <Point X="154.0" Y="139.0" />
  <Point X="154.0" Y="140.0" />
  <Point X="154.0" Y="141.0" />
  <Point X="154.0" Y="142.0" />
  <Point X="154.65716991661148" Y="142.0" />
  <Point X="155.0" Y="142.0" />
  <Point X="155.0" Y="143.0" />
  <Point X="155.0" Y="144.0" />
  <Point X="155.0" Y="145.0" />
  <Point X="155.0" Y="146.0" />
  <Point X="155.0" Y="147.0" />
  <Point X="156.0" Y="147.0" />
  <Point X="156.0" Y="148.0" />
  <Point X="156.0" Y="149.0" />
  <Point X="156.0" Y="150.0" />
  <Point X="156.0" Y="151.0" />
  <Point X="156.0" Y="152.0" />
  <Point X="156.0" Y="152.03485308910078" />
  <Point X="156.0" Y="153.0" />
  <Point X="156.0" Y="154.0" />
  <Point X="156.0" Y="155.0" />
  <Point X="156.0" Y="156.0" />
  <Point X="156.0" Y="157.0" />
  <Point X="156.0" Y="158.0" />
  <Point X="156.0" Y="159.0" />
  <Point X="156.0" Y="160.0" />
  <Point X="156.0" Y="159.0" />
  <Point X="156.0" Y="158.0" />
  <Point X="156.0" Y="157.0" />
  <Point X="155.58746373840992" Y="157.0" />
  <Point X="155.0" Y="157.0" />
  <Point X="155.0" Y="156.0" />
  <Point X="154.0" Y="156.0" />
  <Point X="154.0" Y="155.0" />
  <Point X="153.0" Y="155.0" />
  <Point X="153.0" Y="154.0" />
  <Point X="153.0" Y="153.0" />
  <Point X="152.0" Y="153.0" />
  <Point X="151.0" Y="152.0" />
  <Point X="151.0" Y="151.0" />
  <Point X="150.0" Y="151.0" />
  <Point X="149.73412369835052" Y="150.73412369835052" />
  <Point X="149.0" Y="150.0" />
  <Point X="148.0" Y="149.0" />
  <Point X="147.0" Y="148.0" />
  <Point X="146.0" Y="147.0" />
  <Point X="145.0" Y="146.0" />
  <Point X="144.0" Y="145.0" />
  <Point X="143.0" Y="145.0" />
  <Point X="143.0" Y="144.0" />
  <Point X="142.0" Y="144.0" />
  <Point X="142.0" Y="143.73159233004296" />
  <Point X="142.0" Y="143.0" />
  <Point X="140.0" Y="143.0" />
  <Point X="140.0" Y="142.0" />
  <Point X="139.0" Y="141.0" />
  <Point X="137.0" Y="140.0" />
  <Point X="136.0" Y="139.0" />
  <Point X="135.0" Y="138.0" />
  <Point X="134.4779308189313" Y="136.9558616378626" />
  <Point X="134.0" Y="136.0" />
  <Point X="133.0" Y="136.0" />
  <Point X="132.0" Y="136.0" />
  <Point X="131.0" Y="135.0" />
  <Point X="130.0" Y="135.0" />
  <Point X="129.0" Y="134.0" />
  <Point X="128.0" Y="133.0" />
  <Point X="128.0" Y="132.0" />
  <Point X="126.0" Y="132.0" />
  <Point X="126.0" Y="131.93364331430251" />
  <Point X="126.0" Y="131.0" />
  <Point X="125.0" Y="130.0" />
  <Point X="124.0" Y="130.0" />
  <Point X="123.0" Y="129.0" />
  <Point X="121.0" Y="128.0" />
  <Point X="120.0" Y="128.0" />
  <Point X="119.0" Y="126.0" />
  <Point X="118.0" Y="126.0" />
  <Point X="117.89854659702155" Y="125.89854659702155" />
  <Point X="117.0" Y="125.0" />
  <Point X="115.0" Y="124.0" />
  <Point X="114.0" Y="123.0" />
  <Point X="112.0" Y="123.0" />
  <Point X="112.0" Y="122.0" />
  <Point X="110.0" Y="121.0" />
  <Point X="109.13690767529032" Y="120.13690767529032" />
  <Point X="109.0" Y="120.0" />
  <Point X="108.0" Y="120.0" />
  <Point X="107.0" Y="120.0" />
  <Point X="106.0" Y="119.0" />
  <Point X="104.0" Y="118.0" />
  <Point X="103.0" Y="117.0" />
  <Point X="102.0" Y="117.0" />
  <Point X="101.0" Y="117.0" />
  <Point X="101.0" Y="116.0" />
  <Point X="100.0" Y="116.0" />
  <Point X="99.88042862094521" Y="116.0" />
  <Point X="99.0" Y="116.0" />
  <Point X="99.0" Y="115.0" />
  <Point X="97.0" Y="114.0" />
  <Point X="96.0" Y="114.0" />
  <Point X="95.0" Y="113.0" />
  <Point X="94.0" Y="113.0" />
  <Point X="93.0" Y="113.0" />
  <Point X="93.0" Y="112.0" />
  <Point X="92.0" Y="112.0" />
  <Point X="91.15302698832879" Y="112.0" />
  <Point X="91.0" Y="112.0" />
  <Point X="91.0" Y="111.0" />
  <Point X="90.0" Y="111.0" />
  <Point X="90.0" Y="110.0" />
  <Point X="89.0" Y="110.0" />
  <Point X="88.0" Y="110.0" />
  <Point X="88.0" Y="109.0" />
  <Point X="87.0" Y="109.0" />
  <Point X="86.0" Y="109.0" />
  <Point X="86.0" Y="108.0" />
  <Point X="85.0" Y="108.0" />
  <Point X="86.0" Y="108.0" />
  <Point X="86.22465618416052" Y="108.0" />
  <Point X="87.0" Y="108.0" />
  <Point X="88.0" Y="108.0" />
  <Point X="89.0" Y="108.0" />
  <Point X="90.0" Y="108.0" />
  <Point X="91.0" Y="108.0" />
  <Point X="92.0" Y="108.0" />
  <Point X="93.0" Y="108.0" />
  <Point X="94.0" Y="108.0" />
  <Point X="95.0" Y="107.0" />
  <Point X="96.0" Y="107.0" />
  <Point X="97.0" Y="107.0" />
  <Point X="97.13302502484919" Y="106.86697497515081" />
  <Point X="98.0" Y="106.0" />
  <Point X="99.0" Y="106.0" />
  <Point X="100.0" Y="106.0" />
  <Point X="101.0" Y="106.0" />
  <Point X="102.0" Y="106.0" />
  <Point X="103.0" Y="106.0" />
  <Point X="104.0" Y="105.0" />
  <Point X="105.0" Y="105.0" />
  <Point X="106.0" Y="105.0" />
  <Point X="107.0" Y="105.0" />
  <Point X="107.73738184201986" Y="105.0" />
  <Point X="108.0" Y="105.0" />
  <Point X="109.0" Y="105.0" />
  <Point X="110.0" Y="105.0" />
  <Point X="112.0" Y="104.0" />
  <Point X="113.0" Y="104.0" />
  <Point X="114.0" Y="104.0" />
  <Point X="115.0" Y="104.0" />
  <Point X="116.0" Y="103.0" />
  <Point X="118.0" Y="103.0" />
  <Point X="118.46478347463628" Y="103.0" />
  <Point X="119.0" Y="103.0" />
  <Point X="120.0" Y="103.0" />
  <Point X="122.0" Y="103.0" />
  <Point X="123.0" Y="103.0" />
  <Point X="124.0" Y="102.0" />
  <Point X="126.0" Y="102.0" />
  <Point X="127.0" Y="102.0" />
  <Point X="129.0" Y="102.0" />
  <Point X="129.4282530847525" Y="102.0" />
  <Point X="130.0" Y="102.0" />
  <Point X="132.0" Y="101.0" />
  <Point X="133.0" Y="101.0" />
  <Point X="134.0" Y="101.0" />
  <Point X="135.0" Y="101.0" />
  <Point X="136.0" Y="100.0" />
  <Point X="137.0" Y="100.0" />
  <Point X="138.0" Y="100.0" />
  <Point X="139.0" Y="100.0" />
  <Point X="140.0" Y="100.0" />
  <Point X="140.15565471736892" Y="100.0" />
  <Point X="142.0" Y="100.0" />
  <Point X="143.0" Y="100.0" />
  <Point X="144.0" Y="100.0" />
  <Point X="145.0" Y="100.0" />
  <Point X="146.0" Y="99.0" />
  <Point X="147.0" Y="99.0" />
  <Point X="148.0" Y="99.0" />
  <Point X="149.0" Y="99.0" />
  <Point X="150.0" Y="98.0" />
  <Point X="150.70491076511203" Y="98.0" />
  <Point X="152.0" Y="98.0" />
  <Point X="154.0" Y="98.0" />
  <Point X="155.0" Y="98.0" />
  <Point X="156.0" Y="98.0" />
  <Point X="157.0" Y="98.0" />
  <Point X="158.0" Y="98.0" />
  <Point X="159.0" Y="97.0" />
  <Point X="161.0" Y="97.0" />
  <Point X="161.66838037522825" Y="97.0" />
  <Point X="162.0" Y="97.0" />
  <Point X="163.0" Y="97.0" />
  <Point X="165.0" Y="96.0" />
  <Point X="166.0" Y="96.0" />
  <Point X="167.0" Y="96.0" />
  <Point X="168.0" Y="96.0" />
  <Point X="169.0" Y="96.0" />
  <Point X="170.0" Y="96.0" />
  <Point X="171.0" Y="96.0" />
  <Point X="172.0" Y="96.0" />
  <Point X="172.57275336043205" Y="95.42724663956795" />
  <Point X="173.0" Y="95.0" />
  <Point X="174.0" Y="95.0" />
  <Point X="175.0" Y="95.0" />
  <Point X="176.0" Y="95.0" />
  <Point X="177.0" Y="95.0" />
  <Point X="178.0" Y="95.0" />
  <Point X="179.0" Y="95.0" />
  <Point X="178.0" Y="95.0" />
  <Point X="177.0" Y="95.0" />
  <Point X="177.0" Y="96.0" />
  <Point X="176.0" Y="96.0" />
  <Point X="175.22653481966603" Y="96.0" />
  <Point X="175.0" Y="96.0" />
  <Point X="174.0" Y="97.0" />
  <Point X="173.0" Y="97.0" />
  <Point X="172.0" Y="97.0" />
  <Point X="171.0" Y="98.0" />
  <Point X="170.0" Y="98.0" />
  <Point X="169.0" Y="98.0" />
  <Point X="168.0" Y="98.0" />
  <Point X="168.0" Y="99.0" />
  <Point X="167.0" Y="99.0" />
  <Point X="166.0" Y="99.0" />
  <Point X="165.67727877192291" Y="99.0" />
  <Point X="165.0" Y="99.0" />
  <Point X="165.0" Y="100.0" />
  <Point X="164.0" Y="100.0" />
  <Point X="164.0" Y="101.0" />
  <Point X="163.0" Y="101.0" />
  <Point X="162.0" Y="101.0" />
  <Point X="161.0" Y="101.0" />
  <Point X="161.0" Y="102.0" />
  <Point X="160.0" Y="102.0" />
  <Point X="159.0" Y="103.0" />
  <Point X="158.0" Y="103.0" />
  <Point X="158.0" Y="103.2861908381933" />
  <Point X="158.0" Y="104.0" />
  <Point X="157.0" Y="104.0" />
  <Point X="156.0" Y="104.0" />
  <Point X="156.0" Y="105.0" />
  <Point X="155.0" Y="105.0" />
  <Point X="155.0" Y="106.0" />
  <Point X="154.0" Y="106.0" />
  <Point X="154.0" Y="107.0" />
  <Point X="153.0" Y="108.0" />
  <Point X="152.0" Y="108.0" />
  <Point X="152.0" Y="109.0" />
  <Point X="151.75033955169047" Y="109.0" />
  <Point X="151.0" Y="109.0" />
  <Point X="150.0" Y="110.0" />
  <Point X="150.0" Y="111.0" />
  <Point X="149.0" Y="112.0" />
  <Point X="148.0" Y="112.0" />
  <Point X="148.0" Y="113.0" />
  <Point X="147.0" Y="113.0" />
  <Point X="147.0" Y="114.0" />
  <Point X="146.0" Y="114.0" />
  <Point X="146.0" Y="115.0" />
  <Point X="145.43508072803937" Y="115.56491927196062" />
  <Point X="145.0" Y="116.0" />
  <Point X="144.0" Y="116.0" />
  <Point X="144.0" Y="117.0" />
  <Point X="143.0" Y="117.0" />
  <Point X="143.0" Y="118.0" />
  <Point X="142.0" Y="118.0" />
  <Point X="141.0" Y="120.0" />
  <Point X="140.0" Y="121.0" />
  <Point X="139.0" Y="122.0" />
  <Point X="139.0" Y="122.69789100392289" />
  <Point X="139.0" Y="123.0" />
  <Point X="138.0" Y="123.0" />
  <Point X="138.0" Y="124.0" />
  <Point X="137.0" Y="124.0" />
  <Point X="136.0" Y="126.0" />
  <Point X="135.0" Y="126.0" />
  <Point X="135.0" Y="127.0" />
  <Point X="134.0" Y="127.0" />
  <Point X="133.0" Y="128.0" />
  <Point X="132.0" Y="129.0" />
  <Point X="132.0" Y="129.01107907416622" />
  <Point X="132.0" Y="130.0" />
  <Point X="131.0" Y="130.0" />
  <Point X="130.0" Y="131.0" />
  <Point X="129.0" Y="131.0" />
  <Point X="129.0" Y="133.0" />
  <Point X="128.0" Y="133.0" />
  <Point X="127.0" Y="134.0" />
  <Point X="126.0" Y="134.0" />
  <Point X="126.0" Y="135.0" />
  <Point X="125.43966487809067" Y="135.0" />
  <Point X="125.0" Y="135.0" />
  <Point X="124.0" Y="136.0" />
  <Point X="123.0" Y="136.0" />
  <Point X="123.0" Y="137.0" />
  <Point X="122.0" Y="137.0" />
  <Point X="122.0" Y="138.0" />
  <Point X="121.0" Y="138.0" />
  <Point X="120.0" Y="138.0" />
  <Point X="119.0" Y="139.0" />
  <Point X="119.0" Y="140.0" />
  <Point X="118.0" Y="140.0" />
  <Point X="117.92250734078058" Y="140.07749265921942" />
  <Point X="117.0" Y="141.0" />
  <Point X="116.0" Y="141.0" />
  <Point X="115.0" Y="142.0" />
  <Point X="114.0" Y="143.0" />
  <Point X="114.0" Y="144.0" />
  <Point X="113.0" Y="144.0" />
  <Point X="112.0" Y="144.0" />
  <Point X="112.0" Y="145.0" />
  <Point X="111.0" Y="145.0" />
  <Point X="111.0" Y="146.0" />
  <Point X="110.75536634497752" Y="146.0" />
  <Point X="110.0" Y="146.0" />
  <Point X="109.0" Y="146.0" />
  <Point X="109.0" Y="147.0" />
  <Point X="109.0" Y="148.0" />
  <Point X="108.0" Y="148.0" />
  <Point X="108.0" Y="149.0" />
  <Point X="108.0" Y="150.0" />
  <Point X="107.0" Y="150.0" />
  <Point X="107.0" Y="151.0" />
  <Point X="107.0" Y="152.0" />
  <Point X="107.0" Y="153.0" />
  <Point X="107.0" Y="153.62231682751178" />
  <Point X="107.0" Y="154.0" />
  <Point X="107.0" Y="155.0" />
  <Point X="107.0" Y="156.0" />
  <Point X="107.0" Y="157.0" />
  <Point X="107.0" Y="158.0" />
  <Point X="107.0" Y="157.0" />
  <Point X="107.0" Y="156.0" />
  <Point X="107.0" Y="155.0" />
  <Point X="107.0" Y="154.0" />
  <Point X="107.0" Y="153.0" />
  <Point X="107.0" Y="152.0" />
  <Point X="107.0" Y="151.0" />
</Project_1_Part_4>
