<?xml version="1.0" encoding="utf-8" standalone="yes"?>
<Gesture Name="triangle10" Subject="3" Number="3" NumPts="405">
  <Point X="219.0" Y="13.0" />
  <Point X="211.53371478457873" Y="17.433106846656376" />
  <Point X="204.06742956915747" Y="21.86621369331275" />
  <Point X="196.6011443537362" Y="26.299320539969127" />
  <Point X="189.13485913831494" Y="30.732427386625503" />
  <Point X="181.66857392289367" Y="35.165534233281875" />
  <Point X="174.2022887074724" Y="39.59864107993825" />
  <Point X="166.73600349205114" Y="44.031747926594626" />
  <Point X="159.26971827662987" Y="48.464854773251005" />
  <Point X="151.8034330612086" Y="52.897961619907385" />
  <Point X="144.33714784578734" Y="57.331068466563764" />
  <Point X="136.87086263036608" Y="61.764175313220136" />
  <Point X="129.4045774149448" Y="66.19728215987651" />
  <Point X="123.0" Y="70.0" />
  <Point X="123.0" Y="71.0" />
  <Point X="122.76524749315902" Y="71.0" />
  <Point X="122.0" Y="71.0" />
  <Point X="122.0" Y="72.0" />
  <Point X="121.0" Y="73.0" />
  <Point X="121.0" Y="74.0" />
  <Point X="121.0" Y="75.0" />
  <Point X="120.0" Y="75.0" />
  <Point X="120.0" Y="76.0" />
  <Point X="119.0" Y="76.0" />
  <Point X="119.0" Y="76.50373255234567" />
  <Point X="119.0" Y="77.0" />
  <Point X="118.0" Y="77.0" />
  <Point X="118.0" Y="79.0" />
  <Point X="117.0" Y="80.0" />
  <Point X="117.0" Y="81.0" />
  <Point X="116.0" Y="82.0" />
  <Point X="115.0" Y="82.0" />
  <Point X="115.0" Y="82.35849903547727" />
  <Point X="115.0" Y="83.0" />
  <Point X="115.0" Y="84.0" />
  <Point X="114.0" Y="85.0" />
  <Point X="114.0" Y="86.0" />
  <Point X="113.0" Y="87.0" />
  <Point X="113.0" Y="88.0" />
  <Point X="112.0" Y="88.0" />
  <Point X="112.0" Y="89.0" />
  <Point X="111.84919850559841" Y="89.15080149440159" />
  <Point X="111.0" Y="90.0" />
  <Point X="110.0" Y="91.0" />
  <Point X="110.0" Y="92.0" />
  <Point X="110.0" Y="93.0" />
  <Point X="109.0" Y="94.0" />
  <Point X="108.0" Y="95.0" />
  <Point X="108.0" Y="96.0" />
  <Point X="107.76039512300572" Y="96.0" />
  <Point X="107.0" Y="96.0" />
  <Point X="106.0" Y="98.0" />
  <Point X="106.0" Y="99.0" />
  <Point X="105.0" Y="100.0" />
  <Point X="105.0" Y="101.0" />
  <Point X="104.0" Y="102.0" />
  <Point X="104.0" Y="102.85830338262609" />
  <Point X="104.0" Y="103.0" />
  <Point X="103.0" Y="104.0" />
  <Point X="102.0" Y="104.0" />
  <Point X="102.0" Y="106.0" />
  <Point X="101.0" Y="106.0" />
  <Point X="101.0" Y="107.0" />
  <Point X="100.0" Y="107.0" />
  <Point X="99.49586352495811" Y="108.00827295008378" />
  <Point X="99.0" Y="109.0" />
  <Point X="99.0" Y="110.0" />
  <Point X="97.0" Y="112.0" />
  <Point X="96.0" Y="113.0" />
  <Point X="96.0" Y="114.0" />
  <Point X="95.05829755362072" Y="114.94170244637928" />
  <Point X="95.0" Y="115.0" />
  <Point X="94.0" Y="117.0" />
  <Point X="93.0" Y="117.0" />
  <Point X="93.0" Y="118.0" />
  <Point X="92.0" Y="119.0" />
  <Point X="92.0" Y="120.0" />
  <Point X="91.0" Y="121.0" />
  <Point X="90.7601802270574" Y="121.4796395458852" />
  <Point X="90.0" Y="123.0" />
  <Point X="89.0" Y="123.0" />
  <Point X="89.0" Y="124.0" />
  <Point X="88.0" Y="125.0" />
  <Point X="88.0" Y="126.0" />
  <Point X="87.0" Y="126.0" />
  <Point X="86.0" Y="127.0" />
  <Point X="85.89043251712279" Y="127.10956748287721" />
  <Point X="84.0" Y="129.0" />
  <Point X="83.0" Y="131.0" />
  <Point X="82.0" Y="133.0" />
  <Point X="81.0" Y="133.0" />
  <Point X="81.0" Y="133.53758234841206" />
  <Point X="81.0" Y="134.0" />
  <Point X="80.0" Y="134.0" />
  <Point X="80.0" Y="135.0" />
  <Point X="78.0" Y="136.0" />
  <Point X="78.0" Y="137.0" />
  <Point X="77.0" Y="137.0" />
  <Point X="76.11241160878784" Y="138.77517678242432" />
  <Point X="76.0" Y="139.0" />
  <Point X="75.0" Y="140.0" />
  <Point X="74.0" Y="141.0" />
  <Point X="73.0" Y="142.0" />
  <Point X="72.0" Y="143.0" />
  <Point X="70.03779327712061" Y="144.9622067228794" />
  <Point X="70.0" Y="145.0" />
  <Point X="69.0" Y="145.0" />
  <Point X="69.0" Y="146.0" />
  <Point X="68.0" Y="147.0" />
  <Point X="68.0" Y="148.0" />
  <Point X="67.0" Y="148.0" />
  <Point X="67.0" Y="149.0" />
  <Point X="65.0183676858416" Y="149.9908161570792" />
  <Point X="65.0" Y="150.0" />
  <Point X="65.0" Y="151.0" />
  <Point X="64.0" Y="152.0" />
  <Point X="63.0" Y="152.0" />
  <Point X="63.0" Y="153.0" />
  <Point X="62.0" Y="153.0" />
  <Point X="62.0" Y="154.0" />
  <Point X="61.0" Y="155.0" />
  <Point X="61.0" Y="155.83423078606603" />
  <Point X="61.0" Y="156.0" />
  <Point X="60.0" Y="156.0" />
  <Point X="59.0" Y="157.0" />
  <Point X="59.0" Y="158.0" />
  <Point X="58.0" Y="159.0" />
  <Point X="57.0" Y="160.0" />
  <Point X="56.0" Y="161.0" />
  <Point X="55.139429855548556" Y="161.0" />
  <Point X="55.0" Y="161.0" />
  <Point X="55.0" Y="162.0" />
  <Point X="54.0" Y="163.0" />
  <Point X="54.0" Y="164.0" />
  <Point X="53.0" Y="165.0" />
  <Point X="52.0" Y="166.0" />
  <Point X="52.0" Y="167.0" />
  <Point X="51.0" Y="167.0" />
  <Point X="51.0" Y="167.30112306520996" />
  <Point X="51.0" Y="168.0" />
  <Point X="50.0" Y="168.0" />
  <Point X="50.0" Y="170.0" />
  <Point X="49.0" Y="170.0" />
  <Point X="49.0" Y="171.0" />
  <Point X="48.0" Y="171.0" />
  <Point X="48.0" Y="172.0" />
  <Point X="47.303983005624666" Y="172.69601699437533" />
  <Point X="47.0" Y="173.0" />
  <Point X="47.0" Y="174.0" />
  <Point X="46.0" Y="175.0" />
  <Point X="46.0" Y="176.0" />
  <Point X="45.0" Y="177.0" />
  <Point X="44.0" Y="178.0" />
  <Point X="44.0" Y="179.0" />
  <Point X="43.28535826669824" Y="179.71464173330176" />
  <Point X="43.0" Y="180.0" />
  <Point X="43.0" Y="181.0" />
  <Point X="42.0" Y="182.0" />
  <Point X="42.0" Y="183.0" />
  <Point X="41.0" Y="183.0" />
  <Point X="41.0" Y="184.0" />
  <Point X="42.0" Y="184.0" />
  <Point X="42.0" Y="183.0" />
  <Point X="42.865422514604774" Y="183.0" />
  <Point X="43.0" Y="183.0" />
  <Point X="43.0" Y="182.0" />
  <Point X="44.0" Y="182.0" />
  <Point X="45.0" Y="181.0" />
  <Point X="46.0" Y="181.0" />
  <Point X="46.0" Y="180.0" />
  <Point X="47.0" Y="180.0" />
  <Point X="48.0" Y="180.0" />
  <Point X="48.802143742848784" Y="179.19785625715122" />
  <Point X="49.0" Y="179.0" />
  <Point X="50.0" Y="179.0" />
  <Point X="51.0" Y="178.0" />
  <Point X="52.0" Y="177.0" />
  <Point X="53.0" Y="177.0" />
  <Point X="55.0" Y="176.0" />
  <Point X="56.0" Y="176.0" />
  <Point X="56.338887503368184" Y="176.0" />
  <Point X="57.0" Y="176.0" />
  <Point X="58.0" Y="176.0" />
  <Point X="58.0" Y="175.0" />
  <Point X="60.0" Y="174.0" />
  <Point X="61.0" Y="174.0" />
  <Point X="63.0" Y="174.0" />
  <Point X="63.78601313374619" Y="174.0" />
  <Point X="64.0" Y="174.0" />
  <Point X="65.0" Y="173.0" />
  <Point X="66.0" Y="173.0" />
  <Point X="67.0" Y="173.0" />
  <Point X="68.0" Y="172.0" />
  <Point X="70.0" Y="172.0" />
  <Point X="71.0" Y="172.0" />
  <Point X="71.6407796168778" Y="172.0" />
  <Point X="72.0" Y="172.0" />
  <Point X="74.0" Y="172.0" />
  <Point X="76.0" Y="171.0" />
  <Point X="78.0" Y="171.0" />
  <Point X="79.0" Y="171.0" />
  <Point X="79.97305203437708" Y="170.51347398281146" />
  <Point X="81.0" Y="170.0" />
  <Point X="82.0" Y="170.0" />
  <Point X="84.0" Y="170.0" />
  <Point X="87.0" Y="170.0" />
  <Point X="88.0" Y="170.0" />
  <Point X="88.5350308776338" Y="170.0" />
  <Point X="89.0" Y="170.0" />
  <Point X="92.0" Y="169.0" />
  <Point X="94.0" Y="169.0" />
  <Point X="95.0" Y="169.0" />
  <Point X="96.95044241488309" Y="168.3498525283723" />
  <Point X="98.0" Y="168.0" />
  <Point X="99.0" Y="168.0" />
  <Point X="101.0" Y="168.0" />
  <Point X="104.0" Y="167.0" />
  <Point X="105.0" Y="167.0" />
  <Point X="105.41458511288425" Y="167.0" />
  <Point X="107.0" Y="167.0" />
  <Point X="110.0" Y="167.0" />
  <Point X="111.0" Y="167.0" />
  <Point X="112.0" Y="166.0" />
  <Point X="113.68356515838896" Y="166.0" />
  <Point X="115.0" Y="166.0" />
  <Point X="116.0" Y="166.0" />
  <Point X="118.0" Y="166.0" />
  <Point X="119.0" Y="165.0" />
  <Point X="121.0" Y="165.0" />
  <Point X="121.95254520389366" Y="165.0" />
  <Point X="122.0" Y="165.0" />
  <Point X="125.0" Y="165.0" />
  <Point X="126.0" Y="165.0" />
  <Point X="127.0" Y="165.0" />
  <Point X="129.0" Y="165.0" />
  <Point X="130.63573881177146" Y="165.0" />
  <Point X="131.0" Y="165.0" />
  <Point X="132.0" Y="165.0" />
  <Point X="133.0" Y="165.0" />
  <Point X="134.0" Y="165.0" />
  <Point X="136.0" Y="165.0" />
  <Point X="138.0" Y="165.0" />
  <Point X="139.0" Y="165.0" />
  <Point X="139.31893241964926" Y="165.0" />
  <Point X="140.0" Y="165.0" />
  <Point X="142.0" Y="165.0" />
  <Point X="143.0" Y="165.0" />
  <Point X="144.0" Y="165.0" />
  <Point X="146.0" Y="165.0" />
  <Point X="147.0" Y="165.0" />
  <Point X="148.00212602752705" Y="165.0" />
  <Point X="149.0" Y="165.0" />
  <Point X="150.0" Y="165.0" />
  <Point X="151.0" Y="165.0" />
  <Point X="152.0" Y="165.0" />
  <Point X="153.0" Y="165.0" />
  <Point X="154.0" Y="165.0" />
  <Point X="155.0" Y="165.0" />
  <Point X="156.0" Y="165.0" />
  <Point X="156.68531963540485" Y="165.0" />
  <Point X="157.0" Y="165.0" />
  <Point X="158.0" Y="165.0" />
  <Point X="159.0" Y="165.0" />
  <Point X="160.0" Y="165.0" />
  <Point X="161.0" Y="165.0" />
  <Point X="162.0" Y="165.0" />
  <Point X="164.0" Y="165.0" />
  <Point X="165.0" Y="165.0" />
  <Point X="165.36851324328265" Y="165.0" />
  <Point X="166.0" Y="165.0" />
  <Point X="167.0" Y="165.0" />
  <Point X="168.0" Y="165.0" />
  <Point X="169.0" Y="165.0" />
  <Point X="170.0" Y="165.0" />
  <Point X="171.0" Y="165.0" />
  <Point X="172.0" Y="165.0" />
  <Point X="173.0" Y="165.0" />
  <Point X="174.0" Y="165.0" />
  <Point X="174.05170685116045" Y="165.0" />
  <Point X="175.0" Y="165.0" />
  <Point X="176.0" Y="165.0" />
  <Point X="177.0" Y="165.0" />
  <Point X="177.0" Y="166.0" />
  <Point X="178.0" Y="166.0" />
  <Point X="179.0" Y="166.0" />
  <Point X="180.0" Y="166.0" />
  <Point X="180.0" Y="165.0" />
  <Point X="180.0" Y="164.26509954096176" />
  <Point X="180.0" Y="164.0" />
  <Point X="180.0" Y="163.0" />
  <Point X="180.0" Y="162.0" />
  <Point X="179.0" Y="162.0" />
  <Point X="179.0" Y="161.0" />
  <Point X="179.0" Y="160.0" />
  <Point X="179.0" Y="159.0" />
  <Point X="178.0" Y="159.0" />
  <Point X="178.0" Y="158.0" />
  <Point X="177.70436285010982" Y="157.70436285010982" />
  <Point X="177.0" Y="157.0" />
  <Point X="177.0" Y="156.0" />
  <Point X="177.0" Y="155.0" />
  <Point X="176.0" Y="155.0" />
  <Point X="176.0" Y="154.0" />
  <Point X="175.0" Y="154.0" />
  <Point X="175.0" Y="153.0" />
  <Point X="175.0" Y="152.0" />
  <Point X="174.31292588757927" Y="152.0" />
  <Point X="174.0" Y="152.0" />
  <Point X="174.0" Y="151.0" />
  <Point X="174.0" Y="150.0" />
  <Point X="173.0" Y="150.0" />
  <Point X="173.0" Y="149.0" />
  <Point X="172.0" Y="148.0" />
  <Point X="172.0" Y="147.0" />
  <Point X="171.0" Y="146.0" />
  <Point X="170.6168608405628" Y="145.6168608405628" />
  <Point X="170.0" Y="145.0" />
  <Point X="170.0" Y="143.0" />
  <Point X="169.0" Y="143.0" />
  <Point X="169.0" Y="142.0" />
  <Point X="168.0" Y="141.0" />
  <Point X="167.0" Y="140.0" />
  <Point X="167.0" Y="139.01760648368918" />
  <Point X="167.0" Y="139.0" />
  <Point X="165.0" Y="138.0" />
  <Point X="165.0" Y="137.0" />
  <Point X="165.0" Y="136.0" />
  <Point X="164.0" Y="136.0" />
  <Point X="164.0" Y="134.0" />
  <Point X="163.0" Y="134.0" />
  <Point X="163.0" Y="133.57048085331118" />
  <Point X="163.0" Y="133.0" />
  <Point X="162.0" Y="132.0" />
  <Point X="161.0" Y="130.0" />
  <Point X="160.0" Y="130.0" />
  <Point X="159.0" Y="129.0" />
  <Point X="159.0" Y="128.0" />
  <Point X="158.0" Y="128.0" />
  <Point X="158.0" Y="127.95178234767937" />
  <Point X="158.0" Y="126.0" />
  <Point X="157.0" Y="126.0" />
  <Point X="156.0" Y="125.0" />
  <Point X="155.0" Y="123.0" />
  <Point X="154.0" Y="122.0" />
  <Point X="153.33308384204756" Y="122.0" />
  <Point X="153.0" Y="122.0" />
  <Point X="152.0" Y="120.0" />
  <Point X="151.0" Y="119.0" />
  <Point X="150.0" Y="118.0" />
  <Point X="150.0" Y="117.0" />
  <Point X="149.0" Y="117.0" />
  <Point X="149.0" Y="116.0" />
  <Point X="148.71438533641575" Y="116.0" />
  <Point X="148.0" Y="116.0" />
  <Point X="148.0" Y="115.0" />
  <Point X="147.0" Y="114.0" />
  <Point X="146.0" Y="113.0" />
  <Point X="145.0" Y="112.0" />
  <Point X="145.0" Y="111.0" />
  <Point X="144.0" Y="111.0" />
  <Point X="144.0" Y="110.27383241565724" />
  <Point X="144.0" Y="110.0" />
  <Point X="143.0" Y="109.0" />
  <Point X="142.0" Y="108.0" />
  <Point X="141.0" Y="108.0" />
  <Point X="140.0" Y="107.0" />
  <Point X="139.0" Y="106.0" />
  <Point X="139.0" Y="105.0" />
  <Point X="138.46789723790695" Y="104.46789723790695" />
  <Point X="138.0" Y="104.0" />
  <Point X="137.0" Y="103.0" />
  <Point X="136.0" Y="102.0" />
  <Point X="135.0" Y="101.0" />
  <Point X="135.0" Y="100.0" />
  <Point X="135.0" Y="99.0" />
  <Point X="134.0" Y="99.0" />
  <Point X="134.0" Y="98.22115369888641" />
  <Point X="134.0" Y="98.0" />
  <Point X="133.0" Y="98.0" />
  <Point X="133.0" Y="97.0" />
  <Point X="132.0" Y="96.0" />
  <Point X="132.0" Y="95.0" />
  <Point X="131.0" Y="94.0" />
  <Point X="131.0" Y="93.0" />
  <Point X="131.0" Y="92.0" />
  <Point X="131.0" Y="91.36638721575481" />
  <Point X="131.0" Y="91.0" />
  <Point X="130.0" Y="91.0" />
  <Point X="130.0" Y="90.0" />
  <Point X="130.0" Y="89.0" />
  <Point X="130.0" Y="88.0" />
  <Point X="130.0" Y="87.0" />
  <Point X="129.0" Y="87.0" />
  <Point X="129.0" Y="86.0" />
  <Point X="129.0" Y="85.0" />
  <Point X="129.0" Y="84.68319360787702" />
  <Point X="129.0" Y="84.0" />
  <Point X="129.0" Y="83.0" />
  <Point X="129.0" Y="82.0" />
  <Point X="129.0" Y="81.0" />
  <Point X="129.0" Y="80.0" />
  <Point X="129.0" Y="79.0" />
  <Point X="129.0" Y="78.0" />
  <Point X="129.0" Y="77.0" />
  <Point X="129.0" Y="76.0" />
</Project_1_Part_4>
