<?xml version="1.0" encoding="utf-8" standalone="yes"?>
<Gesture Name="triangle3" Subject="3" Number="3" NumPts="386">
  <Point X="108.0" Y="67.0" />
  <Point X="107.0" Y="67.0" />
  <Point X="107.0" Y="68.0" />
  <Point X="106.0" Y="68.0" />
  <Point X="106.0" Y="69.0" />
  <Point X="106.0" Y="70.0" />
  <Point X="105.0" Y="70.0" />
  <Point X="104.83545096972983" Y="70.16454903027017" />
  <Point X="104.0" Y="71.0" />
  <Point X="103.0" Y="72.0" />
  <Point X="103.0" Y="73.0" />
  <Point X="102.0" Y="74.0" />
  <Point X="102.0" Y="75.0" />
  <Point X="101.77722574655247" Y="75.0" />
  <Point X="101.0" Y="75.0" />
  <Point X="100.0" Y="76.0" />
  <Point X="100.0" Y="77.0" />
  <Point X="99.0" Y="78.0" />
  <Point X="99.0" Y="79.0" />
  <Point X="98.37294540101526" Y="79.0" />
  <Point X="98.0" Y="79.0" />
  <Point X="97.0" Y="80.0" />
  <Point X="97.0" Y="81.0" />
  <Point X="96.0" Y="82.0" />
  <Point X="96.0" Y="83.0" />
  <Point X="95.0" Y="83.0" />
  <Point X="95.0" Y="83.03133494452196" />
  <Point X="95.0" Y="84.0" />
  <Point X="95.0" Y="85.0" />
  <Point X="93.0" Y="86.0" />
  <Point X="93.0" Y="87.0" />
  <Point X="92.2731123044948" Y="87.7268876955052" />
  <Point X="92.0" Y="88.0" />
  <Point X="92.0" Y="89.0" />
  <Point X="91.0" Y="90.0" />
  <Point X="90.0" Y="91.0" />
  <Point X="89.0" Y="92.0" />
  <Point X="89.0" Y="92.6038276580966" />
  <Point X="89.0" Y="94.0" />
  <Point X="88.0" Y="94.0" />
  <Point X="87.0" Y="95.0" />
  <Point X="87.0" Y="96.0" />
  <Point X="86.0" Y="97.0" />
  <Point X="85.99426677564864" Y="97.00573322435136" />
  <Point X="85.0" Y="98.0" />
  <Point X="85.0" Y="99.0" />
  <Point X="84.0" Y="99.0" />
  <Point X="84.0" Y="100.0" />
  <Point X="83.0" Y="101.0" />
  <Point X="82.70839740181883" Y="101.29160259818117" />
  <Point X="82.0" Y="102.0" />
  <Point X="81.0" Y="103.0" />
  <Point X="80.0" Y="104.0" />
  <Point X="80.0" Y="105.0" />
  <Point X="79.0" Y="105.0" />
  <Point X="79.0" Y="105.40245513233516" />
  <Point X="79.0" Y="106.0" />
  <Point X="78.0" Y="107.0" />
  <Point X="77.0" Y="107.0" />
  <Point X="77.0" Y="108.0" />
  <Point X="76.0" Y="109.0" />
  <Point X="75.42955187297267" Y="109.57044812702733" />
  <Point X="75.0" Y="110.0" />
  <Point X="74.0" Y="111.0" />
  <Point X="74.0" Y="112.0" />
  <Point X="73.0" Y="112.0" />
  <Point X="73.0" Y="113.0" />
  <Point X="72.0" Y="113.0" />
  <Point X="72.0" Y="113.2110158234096" />
  <Point X="72.0" Y="114.0" />
  <Point X="71.0" Y="114.0" />
  <Point X="70.0" Y="116.0" />
  <Point X="69.0" Y="116.0" />
  <Point X="69.0" Y="117.0" />
  <Point X="68.79234468380679" Y="117.0" />
  <Point X="68.0" Y="117.0" />
  <Point X="68.0" Y="118.0" />
  <Point X="67.0" Y="119.0" />
  <Point X="66.0" Y="120.0" />
  <Point X="65.0" Y="121.0" />
  <Point X="64.86018936275399" Y="121.13981063724601" />
  <Point X="64.0" Y="122.0" />
  <Point X="64.0" Y="123.0" />
  <Point X="63.0" Y="124.0" />
  <Point X="62.0" Y="124.0" />
  <Point X="62.0" Y="125.0" />
  <Point X="62.0" Y="125.60200244489455" />
  <Point X="62.0" Y="126.0" />
  <Point X="61.0" Y="126.0" />
  <Point X="61.0" Y="127.0" />
  <Point X="60.0" Y="127.0" />
  <Point X="60.0" Y="128.0" />
  <Point X="59.0" Y="128.0" />
  <Point X="59.0" Y="128.83470991517797" />
  <Point X="59.0" Y="129.0" />
  <Point X="58.0" Y="130.0" />
  <Point X="58.0" Y="131.0" />
  <Point X="57.0" Y="132.0" />
  <Point X="57.0" Y="133.0" />
  <Point X="56.1239015848242" Y="133.8760984151758" />
  <Point X="56.0" Y="134.0" />
  <Point X="56.0" Y="135.0" />
  <Point X="55.0" Y="135.0" />
  <Point X="55.0" Y="136.0" />
  <Point X="55.0" Y="137.0" />
  <Point X="54.0" Y="137.0" />
  <Point X="54.0" Y="138.0" />
  <Point X="54.0" Y="138.05748416862548" />
  <Point X="54.0" Y="139.0" />
  <Point X="54.0" Y="140.0" />
  <Point X="53.0" Y="140.0" />
  <Point X="53.0" Y="141.0" />
  <Point X="52.0" Y="142.0" />
  <Point X="52.0" Y="142.8759780765358" />
  <Point X="52.0" Y="143.0" />
  <Point X="52.0" Y="144.0" />
  <Point X="51.0" Y="144.0" />
  <Point X="51.0" Y="145.0" />
  <Point X="51.0" Y="146.0" />
  <Point X="50.0" Y="147.0" />
  <Point X="50.0" Y="147.69447198444612" />
  <Point X="50.0" Y="148.0" />
  <Point X="50.0" Y="149.0" />
  <Point X="49.0" Y="150.0" />
  <Point X="49.0" Y="151.0" />
  <Point X="48.0" Y="151.0" />
  <Point X="48.0" Y="152.0" />
  <Point X="48.51296589235643" Y="152.0" />
  <Point X="49.0" Y="152.0" />
  <Point X="50.0" Y="152.0" />
  <Point X="51.0" Y="152.0" />
  <Point X="52.0" Y="152.0" />
  <Point X="53.0" Y="152.0" />
  <Point X="54.0" Y="152.0" />
  <Point X="54.74567336263984" Y="152.0" />
  <Point X="55.0" Y="152.0" />
  <Point X="56.0" Y="152.0" />
  <Point X="57.0" Y="152.0" />
  <Point X="58.0" Y="152.0" />
  <Point X="59.0" Y="152.0" />
  <Point X="60.0" Y="152.0" />
  <Point X="60.0" Y="151.02161916707675" />
  <Point X="60.0" Y="151.0" />
  <Point X="62.0" Y="151.0" />
  <Point X="63.0" Y="151.0" />
  <Point X="64.0" Y="151.0" />
  <Point X="65.0" Y="151.0" />
  <Point X="66.0" Y="151.0" />
  <Point X="66.21108830320665" Y="151.0" />
  <Point X="68.0" Y="151.0" />
  <Point X="69.0" Y="151.0" />
  <Point X="70.0" Y="151.0" />
  <Point X="71.0" Y="151.0" />
  <Point X="72.0" Y="151.0" />
  <Point X="72.44379577349005" Y="151.0" />
  <Point X="73.0" Y="151.0" />
  <Point X="74.0" Y="151.0" />
  <Point X="75.0" Y="151.0" />
  <Point X="76.0" Y="151.0" />
  <Point X="77.0" Y="151.0" />
  <Point X="78.67650324377345" Y="151.0" />
  <Point X="80.0" Y="151.0" />
  <Point X="81.0" Y="151.0" />
  <Point X="82.0" Y="151.0" />
  <Point X="83.0" Y="151.0" />
  <Point X="84.0" Y="151.0" />
  <Point X="84.90921071405685" Y="151.0" />
  <Point X="85.0" Y="151.0" />
  <Point X="86.0" Y="151.0" />
  <Point X="87.0" Y="151.0" />
  <Point X="88.0" Y="151.0" />
  <Point X="90.0" Y="151.0" />
  <Point X="91.0" Y="151.0" />
  <Point X="91.14191818434026" Y="151.0" />
  <Point X="92.0" Y="151.0" />
  <Point X="94.0" Y="151.0" />
  <Point X="97.0" Y="151.0" />
  <Point X="97.37462565462366" Y="151.0" />
  <Point X="98.0" Y="151.0" />
  <Point X="99.0" Y="151.0" />
  <Point X="100.0" Y="151.0" />
  <Point X="102.0" Y="151.0" />
  <Point X="103.0" Y="151.0" />
  <Point X="103.60733312490706" Y="151.0" />
  <Point X="104.0" Y="151.0" />
  <Point X="105.0" Y="151.0" />
  <Point X="106.0" Y="151.0" />
  <Point X="108.0" Y="151.0" />
  <Point X="109.0" Y="151.0" />
  <Point X="109.84004059519046" Y="151.0" />
  <Point X="112.0" Y="151.0" />
  <Point X="114.0" Y="151.0" />
  <Point X="115.0" Y="151.0" />
  <Point X="116.0" Y="151.0" />
  <Point X="116.07274806547386" Y="151.0" />
  <Point X="117.0" Y="151.0" />
  <Point X="118.0" Y="151.0" />
  <Point X="119.0" Y="151.0" />
  <Point X="120.0" Y="151.0" />
  <Point X="122.0" Y="151.0" />
  <Point X="122.30545553575726" Y="151.0" />
  <Point X="124.0" Y="151.0" />
  <Point X="125.0" Y="151.0" />
  <Point X="127.0" Y="151.0" />
  <Point X="128.53816300604066" Y="151.0" />
  <Point X="129.0" Y="151.0" />
  <Point X="130.0" Y="151.0" />
  <Point X="131.0" Y="151.0" />
  <Point X="132.0" Y="151.0" />
  <Point X="134.0" Y="151.0" />
  <Point X="134.77087047632406" Y="151.0" />
  <Point X="135.0" Y="151.0" />
  <Point X="136.0" Y="151.0" />
  <Point X="138.0" Y="151.0" />
  <Point X="139.0" Y="151.0" />
  <Point X="140.0" Y="151.0" />
  <Point X="141.0" Y="151.0" />
  <Point X="141.00357794660746" Y="151.0" />
  <Point X="143.0" Y="151.0" />
  <Point X="144.0" Y="151.0" />
  <Point X="145.0" Y="151.0" />
  <Point X="147.0" Y="151.0" />
  <Point X="147.23628541689087" Y="151.0" />
  <Point X="149.0" Y="151.0" />
  <Point X="150.0" Y="151.0" />
  <Point X="151.0" Y="151.0" />
  <Point X="152.0" Y="151.0" />
  <Point X="153.46899288717427" Y="151.0" />
  <Point X="154.0" Y="151.0" />
  <Point X="155.0" Y="151.0" />
  <Point X="157.0" Y="151.0" />
  <Point X="158.0" Y="151.0" />
  <Point X="159.0" Y="151.0" />
  <Point X="159.70170035745767" Y="151.0" />
  <Point X="160.0" Y="151.0" />
  <Point X="161.0" Y="151.0" />
  <Point X="163.0" Y="151.0" />
  <Point X="164.0" Y="151.0" />
  <Point X="165.0" Y="151.0" />
  <Point X="165.93440782774107" Y="151.0" />
  <Point X="166.0" Y="151.0" />
  <Point X="167.0" Y="151.0" />
  <Point X="169.0" Y="151.0" />
  <Point X="170.0" Y="151.0" />
  <Point X="171.0" Y="151.0" />
  <Point X="172.0" Y="151.0" />
  <Point X="172.16711529802447" Y="151.0" />
  <Point X="173.0" Y="151.0" />
  <Point X="174.0" Y="151.0" />
  <Point X="175.0" Y="151.0" />
  <Point X="175.0" Y="150.0" />
  <Point X="175.0" Y="149.0" />
  <Point X="175.0" Y="148.0" />
  <Point X="175.0" Y="147.60017723169213" />
  <Point X="175.0" Y="147.0" />
  <Point X="175.0" Y="146.0" />
  <Point X="175.0" Y="145.0" />
  <Point X="175.0" Y="144.0" />
  <Point X="174.0" Y="144.0" />
  <Point X="174.0" Y="143.0" />
  <Point X="173.36746976140873" Y="143.0" />
  <Point X="173.0" Y="143.0" />
  <Point X="173.0" Y="142.0" />
  <Point X="173.0" Y="141.0" />
  <Point X="172.0" Y="140.0" />
  <Point X="172.0" Y="139.0" />
  <Point X="171.0" Y="139.0" />
  <Point X="171.0" Y="138.5489758534984" />
  <Point X="171.0" Y="138.0" />
  <Point X="171.0" Y="137.0" />
  <Point X="170.0" Y="136.0" />
  <Point X="170.0" Y="135.0" />
  <Point X="169.0" Y="135.0" />
  <Point X="169.0" Y="134.0" />
  <Point X="168.80942195607312" Y="133.80942195607312" />
  <Point X="168.0" Y="133.0" />
  <Point X="167.0" Y="132.0" />
  <Point X="167.0" Y="131.0" />
  <Point X="166.0" Y="130.0" />
  <Point X="166.0" Y="129.0" />
  <Point X="165.81644580105677" Y="128.81644580105677" />
  <Point X="165.0" Y="128.0" />
  <Point X="164.0" Y="127.0" />
  <Point X="163.0" Y="126.0" />
  <Point X="163.0" Y="125.0" />
  <Point X="162.11636286485387" Y="124.11636286485387" />
  <Point X="162.0" Y="124.0" />
  <Point X="161.0" Y="124.0" />
  <Point X="161.0" Y="123.0" />
  <Point X="161.0" Y="122.0" />
  <Point X="160.0" Y="122.0" />
  <Point X="160.0" Y="121.0" />
  <Point X="159.0" Y="121.0" />
  <Point X="158.9518138345837" Y="120.9518138345837" />
  <Point X="158.0" Y="120.0" />
  <Point X="158.0" Y="118.0" />
  <Point X="157.0" Y="118.0" />
  <Point X="157.0" Y="117.0" />
  <Point X="156.37305124194046" Y="116.37305124194044" />
  <Point X="156.0" Y="116.0" />
  <Point X="155.0" Y="115.0" />
  <Point X="155.0" Y="114.0" />
  <Point X="154.0" Y="114.0" />
  <Point X="154.0" Y="113.0" />
  <Point X="153.08718186811063" Y="112.08718186811065" />
  <Point X="153.0" Y="112.0" />
  <Point X="152.0" Y="111.0" />
  <Point X="150.0" Y="109.0" />
  <Point X="149.0" Y="108.0" />
  <Point X="148.6799921507212" Y="107.67999215072119" />
  <Point X="148.0" Y="107.0" />
  <Point X="148.0" Y="106.0" />
  <Point X="147.0" Y="106.0" />
  <Point X="147.0" Y="104.0" />
  <Point X="146.0" Y="104.0" />
  <Point X="145.80833633926449" Y="103.80833633926449" />
  <Point X="145.0" Y="103.0" />
  <Point X="143.0" Y="101.0" />
  <Point X="142.0" Y="100.0" />
  <Point X="142.0" Y="99.15309343078273" />
  <Point X="142.0" Y="99.0" />
  <Point X="140.0" Y="97.0" />
  <Point X="139.0" Y="96.0" />
  <Point X="138.1784805422439" Y="94.35696108448782" />
  <Point X="138.0" Y="94.0" />
  <Point X="136.0" Y="93.0" />
  <Point X="136.0" Y="92.0" />
  <Point X="135.0" Y="91.0" />
  <Point X="134.0" Y="91.0" />
  <Point X="133.87036519082417" Y="90.87036519082416" />
  <Point X="133.0" Y="90.0" />
  <Point X="133.0" Y="89.0" />
  <Point X="132.0" Y="88.0" />
  <Point X="131.0" Y="87.0" />
  <Point X="131.0" Y="86.0" />
  <Point X="130.87738903580782" Y="85.87738903580781" />
  <Point X="130.0" Y="85.0" />
  <Point X="129.0" Y="85.0" />
  <Point X="129.0" Y="84.0" />
  <Point X="128.0" Y="83.0" />
  <Point X="127.0" Y="82.0" />
  <Point X="126.88441288079146" Y="81.88441288079146" />
  <Point X="126.0" Y="81.0" />
  <Point X="126.0" Y="80.0" />
  <Point X="125.0" Y="80.0" />
  <Point X="125.0" Y="79.0" />
  <Point X="123.22728217614676" Y="78.11364108807338" />
  <Point X="123.0" Y="78.0" />
  <Point X="123.0" Y="77.0" />
  <Point X="122.0" Y="77.0" />
  <Point X="122.0" Y="76.0" />
  <Point X="121.0" Y="75.0" />
  <Point X="120.0" Y="75.0" />
  <Point X="120.0" Y="74.4356152900588" />
  <Point X="120.0" Y="74.0" />
  <Point X="120.0" Y="73.0" />
  <Point X="119.0" Y="73.0" />
  <Point X="118.0" Y="72.0" />
  <Point X="118.0" Y="71.0" />
  <Point X="118.0" Y="70.0" />
  <Point X="117.6171213821485" Y="70.0" />
  <Point X="117.0" Y="70.0" />
  <Point X="116.0" Y="70.0" />
  <Point X="116.0" Y="69.0" />
  <Point X="115.0" Y="68.0" />
  <Point X="115.0" Y="67.0" />
  <Point X="114.15050134030261" Y="66.15050134030261" />
  <Point X="114.0" Y="66.0" />
  <Point X="113.0" Y="65.0" />
  <Point X="112.0" Y="65.0" />
  <Point X="112.0" Y="64.0" />
  <Point X="111.0" Y="64.0" />
  <Point X="111.0" Y="63.0" />
  <Point X="110.57173874765935" Y="62.57173874765935" />
  <Point X="110.0" Y="62.0" />
  <Point X="109.0" Y="61.0" />
  <Point X="108.0" Y="61.0" />
  <Point X="107.0" Y="60.0" />
  <Point X="106.0" Y="59.0" />
  <Point X="105.81849390790994" Y="59.0" />
  <Point X="105.0" Y="59.0" />
  <Point X="104.0" Y="58.0" />
  <Point X="104.0" Y="57.0" />
  <Point X="103.0" Y="57.0" />
  <Point X="102.0" Y="57.0" />
  <Point X="101.0" Y="57.0" />
</Project_1_Part_4>
