<?xml version="1.0" encoding="utf-8" standalone="yes"?>
<Gesture Name="triangle1" Subject="3" Number="3" NumPts="395">
  <Point X="113.0" Y="63.0" />
  <Point X="112.0" Y="63.0" />
  <Point X="111.0" Y="63.0" />
  <Point X="110.0" Y="64.0" />
  <Point X="110.0" Y="65.0" />
  <Point X="109.0" Y="65.0" />
  <Point X="108.28582651373151" Y="65.71417348626849" />
  <Point X="108.0" Y="66.0" />
  <Point X="107.0" Y="66.0" />
  <Point X="107.0" Y="67.0" />
  <Point X="106.0" Y="67.0" />
  <Point X="106.0" Y="68.0" />
  <Point X="105.0" Y="68.0" />
  <Point X="105.0" Y="69.0" />
  <Point X="104.9858665898361" Y="69.0141334101639" />
  <Point X="104.0" Y="70.0" />
  <Point X="103.0" Y="70.0" />
  <Point X="103.0" Y="71.0" />
  <Point X="102.0" Y="71.0" />
  <Point X="102.0" Y="72.0" />
  <Point X="102.0" Y="73.0" />
  <Point X="101.97001850949546" Y="73.0" />
  <Point X="101.0" Y="73.0" />
  <Point X="101.0" Y="74.0" />
  <Point X="100.0" Y="74.0" />
  <Point X="99.0" Y="75.0" />
  <Point X="98.0" Y="76.0" />
  <Point X="97.55751961729912" Y="76.44248038270088" />
  <Point X="97.0" Y="77.0" />
  <Point X="97.0" Y="78.0" />
  <Point X="96.0" Y="78.0" />
  <Point X="95.0" Y="79.0" />
  <Point X="94.0" Y="80.0" />
  <Point X="94.0" Y="80.80732846372162" />
  <Point X="94.0" Y="81.0" />
  <Point X="93.0" Y="82.0" />
  <Point X="92.0" Y="84.0" />
  <Point X="91.0" Y="84.0" />
  <Point X="90.0" Y="85.0" />
  <Point X="89.88188435010012" Y="85.11811564989988" />
  <Point X="89.0" Y="86.0" />
  <Point X="88.0" Y="87.0" />
  <Point X="87.0" Y="88.0" />
  <Point X="86.0" Y="89.0" />
  <Point X="86.0" Y="89.93439389706582" />
  <Point X="86.0" Y="90.0" />
  <Point X="85.0" Y="90.0" />
  <Point X="84.0" Y="92.0" />
  <Point X="83.0" Y="92.0" />
  <Point X="83.0" Y="93.0" />
  <Point X="82.20624908290112" Y="93.79375091709888" />
  <Point X="82.0" Y="94.0" />
  <Point X="81.0" Y="95.0" />
  <Point X="80.0" Y="95.0" />
  <Point X="80.0" Y="96.0" />
  <Point X="79.0" Y="97.0" />
  <Point X="78.07786203425954" Y="97.92213796574046" />
  <Point X="78.0" Y="98.0" />
  <Point X="77.0" Y="99.0" />
  <Point X="76.0" Y="100.0" />
  <Point X="75.0" Y="101.0" />
  <Point X="75.0" Y="102.0" />
  <Point X="74.0" Y="102.0" />
  <Point X="73.96804517514799" Y="102.06390964970402" />
  <Point X="73.0" Y="104.0" />
  <Point X="71.0" Y="106.0" />
  <Point X="70.0" Y="107.0" />
  <Point X="70.0" Y="107.01695188850039" />
  <Point X="70.0" Y="108.0" />
  <Point X="69.0" Y="109.0" />
  <Point X="68.0" Y="110.0" />
  <Point X="67.0" Y="111.0" />
  <Point X="67.0" Y="112.0" />
  <Point X="66.80148140607763" Y="112.0" />
  <Point X="66.0" Y="112.0" />
  <Point X="66.0" Y="113.0" />
  <Point X="66.0" Y="114.0" />
  <Point X="65.0" Y="114.0" />
  <Point X="64.0" Y="115.0" />
  <Point X="64.0" Y="116.0" />
  <Point X="63.79148757590944" Y="116.0" />
  <Point X="63.0" Y="116.0" />
  <Point X="63.0" Y="118.0" />
  <Point X="62.0" Y="119.0" />
  <Point X="61.0" Y="120.0" />
  <Point X="60.43127918350888" Y="120.56872081649112" />
  <Point X="60.0" Y="121.0" />
  <Point X="60.0" Y="122.0" />
  <Point X="59.0" Y="122.0" />
  <Point X="59.0" Y="123.0" />
  <Point X="59.0" Y="124.0" />
  <Point X="57.717105697240385" Y="125.28289430275962" />
  <Point X="57.0" Y="126.0" />
  <Point X="56.0" Y="127.0" />
  <Point X="55.0" Y="128.0" />
  <Point X="55.0" Y="129.0" />
  <Point X="54.0" Y="130.0" />
  <Point X="53.881611867412246" Y="130.11838813258777" />
  <Point X="53.0" Y="131.0" />
  <Point X="53.0" Y="132.0" />
  <Point X="52.0" Y="132.0" />
  <Point X="52.0" Y="133.0" />
  <Point X="52.0" Y="134.0" />
  <Point X="51.0" Y="134.0" />
  <Point X="50.87454516233029" Y="134.1254548376697" />
  <Point X="50.0" Y="135.0" />
  <Point X="50.0" Y="136.0" />
  <Point X="49.0" Y="137.0" />
  <Point X="49.0" Y="138.0" />
  <Point X="48.0" Y="138.0" />
  <Point X="48.0" Y="138.7732002006929" />
  <Point X="48.0" Y="139.0" />
  <Point X="47.0" Y="140.0" />
  <Point X="46.0" Y="141.0" />
  <Point X="46.0" Y="142.0" />
  <Point X="45.0" Y="142.0" />
  <Point X="45.0" Y="143.0" />
  <Point X="44.73909140860675" Y="143.26090859139325" />
  <Point X="44.0" Y="144.0" />
  <Point X="44.0" Y="145.0" />
  <Point X="44.0" Y="146.0" />
  <Point X="43.0" Y="146.0" />
  <Point X="43.0" Y="147.0" />
  <Point X="42.0" Y="147.0" />
  <Point X="42.0" Y="147.37897429865617" />
  <Point X="42.0" Y="148.0" />
  <Point X="42.0" Y="149.0" />
  <Point X="41.0" Y="150.0" />
  <Point X="41.0" Y="151.0" />
  <Point X="41.0" Y="152.0" />
  <Point X="41.0" Y="153.0" />
  <Point X="41.0" Y="153.38896812882436" />
  <Point X="41.0" Y="154.0" />
  <Point X="40.0" Y="154.0" />
  <Point X="40.0" Y="155.0" />
  <Point X="40.0" Y="156.0" />
  <Point X="40.0" Y="157.0" />
  <Point X="40.0" Y="158.0" />
  <Point X="40.0" Y="158.81317552136562" />
  <Point X="40.0" Y="159.0" />
  <Point X="40.0" Y="160.0" />
  <Point X="41.0" Y="160.0" />
  <Point X="42.0" Y="160.0" />
  <Point X="43.0" Y="160.0" />
  <Point X="44.0" Y="160.0" />
  <Point X="45.0" Y="160.0" />
  <Point X="45.2373829139069" Y="160.0" />
  <Point X="46.0" Y="160.0" />
  <Point X="47.0" Y="160.0" />
  <Point X="48.0" Y="160.0" />
  <Point X="49.0" Y="160.0" />
  <Point X="50.0" Y="160.0" />
  <Point X="51.0" Y="160.0" />
  <Point X="51.661590306448176" Y="160.0" />
  <Point X="52.0" Y="160.0" />
  <Point X="53.0" Y="160.0" />
  <Point X="54.0" Y="160.0" />
  <Point X="55.0" Y="160.0" />
  <Point X="56.0" Y="160.0" />
  <Point X="58.0" Y="160.0" />
  <Point X="58.08579769898945" Y="160.0" />
  <Point X="59.0" Y="160.0" />
  <Point X="61.0" Y="160.0" />
  <Point X="62.0" Y="160.0" />
  <Point X="63.0" Y="160.0" />
  <Point X="64.0" Y="160.0" />
  <Point X="64.51000509153073" Y="160.0" />
  <Point X="65.0" Y="160.0" />
  <Point X="66.0" Y="160.0" />
  <Point X="68.0" Y="160.0" />
  <Point X="69.0" Y="160.0" />
  <Point X="70.0" Y="160.0" />
  <Point X="70.934212484072" Y="160.0" />
  <Point X="71.0" Y="160.0" />
  <Point X="72.0" Y="160.0" />
  <Point X="74.0" Y="160.0" />
  <Point X="75.0" Y="160.0" />
  <Point X="77.0" Y="160.0" />
  <Point X="77.35841987661328" Y="160.0" />
  <Point X="78.0" Y="160.0" />
  <Point X="79.0" Y="160.0" />
  <Point X="80.0" Y="160.0" />
  <Point X="82.0" Y="160.0" />
  <Point X="83.0" Y="160.0" />
  <Point X="83.78262726915456" Y="160.0" />
  <Point X="84.0" Y="160.0" />
  <Point X="86.0" Y="160.0" />
  <Point X="88.0" Y="160.0" />
  <Point X="89.0" Y="160.0" />
  <Point X="90.20683466169584" Y="160.0" />
  <Point X="91.0" Y="160.0" />
  <Point X="94.0" Y="160.0" />
  <Point X="95.0" Y="160.0" />
  <Point X="96.0" Y="160.0" />
  <Point X="96.63104205423711" Y="160.0" />
  <Point X="97.0" Y="160.0" />
  <Point X="98.0" Y="160.0" />
  <Point X="100.0" Y="160.0" />
  <Point X="101.0" Y="160.0" />
  <Point X="103.0" Y="160.0" />
  <Point X="103.05524944677839" Y="160.0" />
  <Point X="104.0" Y="160.0" />
  <Point X="105.0" Y="160.0" />
  <Point X="107.0" Y="160.0" />
  <Point X="109.0" Y="160.0" />
  <Point X="109.47945683931967" Y="160.0" />
  <Point X="111.0" Y="160.0" />
  <Point X="112.0" Y="160.0" />
  <Point X="114.0" Y="160.0" />
  <Point X="115.90366423186094" Y="160.0" />
  <Point X="116.0" Y="160.0" />
  <Point X="117.0" Y="160.0" />
  <Point X="118.0" Y="160.0" />
  <Point X="119.0" Y="160.0" />
  <Point X="121.0" Y="160.0" />
  <Point X="122.0" Y="160.0" />
  <Point X="122.32787162440222" Y="160.0" />
  <Point X="125.0" Y="160.0" />
  <Point X="126.0" Y="160.0" />
  <Point X="127.0" Y="160.0" />
  <Point X="128.7520790169435" Y="160.0" />
  <Point X="129.0" Y="160.0" />
  <Point X="130.0" Y="160.0" />
  <Point X="131.0" Y="160.0" />
  <Point X="133.0" Y="160.0" />
  <Point X="134.0" Y="160.0" />
  <Point X="135.0" Y="160.0" />
  <Point X="135.17628640948476" Y="160.0" />
  <Point X="136.0" Y="160.0" />
  <Point X="138.0" Y="160.0" />
  <Point X="140.0" Y="160.0" />
  <Point X="141.0" Y="160.0" />
  <Point X="141.60049380202605" Y="160.0" />
  <Point X="142.0" Y="160.0" />
  <Point X="144.0" Y="160.0" />
  <Point X="145.0" Y="160.0" />
  <Point X="146.0" Y="160.0" />
  <Point X="148.0" Y="160.0" />
  <Point X="148.02470119456734" Y="160.0" />
  <Point X="149.0" Y="160.0" />
  <Point X="150.0" Y="160.0" />
  <Point X="151.0" Y="160.0" />
  <Point X="152.0" Y="160.0" />
  <Point X="154.0" Y="160.0" />
  <Point X="154.44890858710863" Y="160.0" />
  <Point X="155.0" Y="160.0" />
  <Point X="156.0" Y="160.0" />
  <Point X="157.0" Y="160.0" />
  <Point X="158.0" Y="160.0" />
  <Point X="159.0" Y="160.0" />
  <Point X="160.0" Y="160.0" />
  <Point X="160.87311597964992" Y="160.0" />
  <Point X="161.0" Y="160.0" />
  <Point X="162.0" Y="160.0" />
  <Point X="163.0" Y="160.0" />
  <Point X="164.0" Y="160.0" />
  <Point X="165.0" Y="160.0" />
  <Point X="166.0" Y="160.0" />
  <Point X="167.0" Y="160.0" />
  <Point X="167.29732337219122" Y="160.0" />
  <Point X="168.0" Y="160.0" />
  <Point X="169.0" Y="160.0" />
  <Point X="170.0" Y="160.0" />
  <Point X="171.0" Y="160.0" />
  <Point X="172.0" Y="160.0" />
  <Point X="173.0" Y="160.0" />
  <Point X="173.7215307647325" Y="160.0" />
  <Point X="174.0" Y="160.0" />
  <Point X="175.0" Y="160.0" />
  <Point X="176.0" Y="160.0" />
  <Point X="177.0" Y="160.0" />
  <Point X="178.0" Y="160.0" />
  <Point X="179.0" Y="160.0" />
  <Point X="179.0" Y="159.0" />
  <Point X="179.0" Y="158.8542618427262" />
  <Point X="179.0" Y="158.0" />
  <Point X="179.0" Y="157.0" />
  <Point X="179.0" Y="156.0" />
  <Point X="178.0" Y="156.0" />
  <Point X="177.0" Y="156.0" />
  <Point X="177.0" Y="155.0" />
  <Point X="176.59698763681865" Y="154.59698763681865" />
  <Point X="176.0" Y="154.0" />
  <Point X="176.0" Y="153.0" />
  <Point X="175.0" Y="152.0" />
  <Point X="174.0" Y="151.0" />
  <Point X="173.0" Y="151.0" />
  <Point X="173.0" Y="150.2484877447629" />
  <Point X="173.0" Y="150.0" />
  <Point X="172.0" Y="149.0" />
  <Point X="172.0" Y="148.0" />
  <Point X="171.0" Y="148.0" />
  <Point X="171.0" Y="147.0" />
  <Point X="170.0" Y="147.0" />
  <Point X="169.46153388309511" Y="146.46153388309511" />
  <Point X="169.0" Y="146.0" />
  <Point X="169.0" Y="145.0" />
  <Point X="168.0" Y="145.0" />
  <Point X="168.0" Y="144.0" />
  <Point X="167.0" Y="144.0" />
  <Point X="167.0" Y="143.0" />
  <Point X="166.45446717801318" Y="142.45446717801318" />
  <Point X="166.0" Y="142.0" />
  <Point X="165.0" Y="141.0" />
  <Point X="164.0" Y="140.0" />
  <Point X="163.0" Y="139.0" />
  <Point X="162.0" Y="138.0" />
  <Point X="161.9118665669985" Y="137.9118665669985" />
  <Point X="161.0" Y="137.0" />
  <Point X="160.0" Y="136.0" />
  <Point X="159.0" Y="135.0" />
  <Point X="158.0" Y="134.0" />
  <Point X="157.36926595598382" Y="133.36926595598382" />
  <Point X="157.0" Y="133.0" />
  <Point X="157.0" Y="132.0" />
  <Point X="156.0" Y="132.0" />
  <Point X="156.0" Y="131.0" />
  <Point X="155.0" Y="130.0" />
  <Point X="155.0" Y="129.0" />
  <Point X="154.5122270929068" Y="129.0" />
  <Point X="154.0" Y="129.0" />
  <Point X="153.0" Y="128.0" />
  <Point X="152.0" Y="127.0" />
  <Point X="152.0" Y="126.0" />
  <Point X="151.0" Y="125.0" />
  <Point X="150.52670542107373" Y="124.52670542107374" />
  <Point X="150.0" Y="124.0" />
  <Point X="150.0" Y="123.0" />
  <Point X="149.0" Y="122.0" />
  <Point X="148.0" Y="121.0" />
  <Point X="148.0" Y="120.0" />
  <Point X="147.39831837243216" Y="119.39831837243214" />
  <Point X="147.0" Y="119.0" />
  <Point X="146.0" Y="119.0" />
  <Point X="146.0" Y="118.0" />
  <Point X="146.0" Y="117.0" />
  <Point X="145.0" Y="116.0" />
  <Point X="144.0" Y="115.0" />
  <Point X="144.0" Y="114.96752697664084" />
  <Point X="144.0" Y="114.0" />
  <Point X="143.0" Y="113.0" />
  <Point X="143.0" Y="112.0" />
  <Point X="142.0" Y="112.0" />
  <Point X="142.0" Y="111.0" />
  <Point X="142.0" Y="110.0" />
  <Point X="141.95753314647266" Y="110.0" />
  <Point X="141.0" Y="110.0" />
  <Point X="141.0" Y="109.0" />
  <Point X="140.0" Y="107.0" />
  <Point X="139.0" Y="107.0" />
  <Point X="139.0" Y="105.76939373143117" />
  <Point X="139.0" Y="105.0" />
  <Point X="138.0" Y="105.0" />
  <Point X="138.0" Y="104.0" />
  <Point X="138.0" Y="103.0" />
  <Point X="137.0" Y="103.0" />
  <Point X="136.2599448327325" Y="101.519889665465" />
  <Point X="136.0" Y="101.0" />
  <Point X="135.0" Y="100.0" />
  <Point X="135.0" Y="99.0" />
  <Point X="135.0" Y="98.0" />
  <Point X="134.0" Y="98.0" />
  <Point X="133.0" Y="97.0" />
  <Point X="133.0" Y="96.9854740485946" />
  <Point X="133.0" Y="95.0" />
  <Point X="132.0" Y="95.0" />
  <Point X="132.0" Y="94.0" />
  <Point X="131.0" Y="93.0" />
  <Point X="130.54182082482166" Y="92.0836416496433" />
  <Point X="130.0" Y="91.0" />
  <Point X="129.0" Y="90.0" />
  <Point X="129.0" Y="89.0" />
  <Point X="128.0" Y="88.0" />
  <Point X="127.02120011524562" Y="87.02120011524562" />
  <Point X="127.0" Y="87.0" />
  <Point X="127.0" Y="86.0" />
  <Point X="126.0" Y="86.0" />
  <Point X="126.0" Y="85.0" />
  <Point X="126.0" Y="84.0" />
  <Point X="125.0" Y="84.0" />
  <Point X="125.0" Y="83.0" />
  <Point X="124.60577409796295" Y="83.0" />
  <Point X="124.0" Y="83.0" />
  <Point X="124.0" Y="82.0" />
  <Point X="123.0" Y="81.0" />
  <Point X="123.0" Y="80.0" />
  <Point X="122.0" Y="79.0" />
  <Point X="121.29995992389517" Y="78.29995992389517" />
  <Point X="121.0" Y="78.0" />
  <Point X="121.0" Y="77.0" />
  <Point X="120.0" Y="77.0" />
  <Point X="120.0" Y="76.0" />
  <Point X="120.0" Y="75.0" />
  <Point X="119.0" Y="75.0" />
  <Point X="119.0" Y="74.0" />
</Project_1_Part_4>
