<?xml version="1.0" encoding="utf-8" standalone="yes"?>
<Gesture Name="triangle9" Subject="3" Number="3" NumPts="424">
  <Point X="119.0" Y="69.0" />
  <Point X="118.0" Y="69.0" />
  <Point X="118.0" Y="70.0" />
  <Point X="117.0" Y="70.0" />
  <Point X="117.0" Y="71.0" />
  <Point X="116.0" Y="72.0" />
  <Point X="116.0" Y="73.0" />
  <Point X="115.07448974622821" Y="73.0" />
  <Point X="115.0" Y="73.0" />
  <Point X="115.0" Y="74.0" />
  <Point X="114.0" Y="74.0" />
  <Point X="114.0" Y="75.0" />
  <Point X="113.0" Y="76.0" />
  <Point X="113.0" Y="77.0" />
  <Point X="112.0" Y="77.0" />
  <Point X="112.0" Y="77.85102050754358" />
  <Point X="112.0" Y="78.0" />
  <Point X="111.0" Y="79.0" />
  <Point X="111.0" Y="80.0" />
  <Point X="111.0" Y="81.0" />
  <Point X="110.0" Y="81.0" />
  <Point X="109.0" Y="82.0" />
  <Point X="109.0" Y="83.36231719894228" />
  <Point X="109.0" Y="84.0" />
  <Point X="108.0" Y="84.0" />
  <Point X="108.0" Y="85.0" />
  <Point X="108.0" Y="86.0" />
  <Point X="107.0" Y="87.0" />
  <Point X="106.0" Y="87.0" />
  <Point X="106.0" Y="88.0" />
  <Point X="105.79647525637424" Y="88.20352474362576" />
  <Point X="105.0" Y="89.0" />
  <Point X="105.0" Y="90.0" />
  <Point X="105.0" Y="91.0" />
  <Point X="104.0" Y="92.0" />
  <Point X="104.0" Y="93.0" />
  <Point X="103.0" Y="93.0" />
  <Point X="102.43493389868797" Y="93.56506610131203" />
  <Point X="102.0" Y="94.0" />
  <Point X="102.0" Y="97.0" />
  <Point X="101.0" Y="97.0" />
  <Point X="100.0" Y="98.0" />
  <Point X="100.0" Y="99.0" />
  <Point X="99.78049932218826" Y="99.21950067781174" />
  <Point X="99.0" Y="100.0" />
  <Point X="99.0" Y="101.0" />
  <Point X="98.0" Y="101.0" />
  <Point X="97.0" Y="103.0" />
  <Point X="97.0" Y="104.0" />
  <Point X="96.1056952455431" Y="104.44715237722845" />
  <Point X="95.0" Y="105.0" />
  <Point X="95.0" Y="106.0" />
  <Point X="94.0" Y="107.0" />
  <Point X="93.0" Y="108.0" />
  <Point X="93.0" Y="109.0" />
  <Point X="92.09837392342448" Y="109.90162607657552" />
  <Point X="92.0" Y="110.0" />
  <Point X="92.0" Y="111.0" />
  <Point X="91.0" Y="112.0" />
  <Point X="90.0" Y="114.0" />
  <Point X="89.0" Y="114.0" />
  <Point X="88.30667557731643" Y="115.38664884536713" />
  <Point X="88.0" Y="116.0" />
  <Point X="87.0" Y="116.0" />
  <Point X="86.0" Y="118.0" />
  <Point X="86.0" Y="119.0" />
  <Point X="85.0" Y="119.0" />
  <Point X="84.0" Y="120.0" />
  <Point X="84.0" Y="120.00369483835347" />
  <Point X="84.0" Y="121.0" />
  <Point X="83.0" Y="122.0" />
  <Point X="82.0" Y="123.0" />
  <Point X="81.0" Y="124.0" />
  <Point X="80.0" Y="125.0" />
  <Point X="79.51452565349896" Y="125.48547434650104" />
  <Point X="79.0" Y="126.0" />
  <Point X="79.0" Y="127.0" />
  <Point X="77.0" Y="128.0" />
  <Point X="77.0" Y="129.0" />
  <Point X="76.0" Y="130.0" />
  <Point X="75.3199095635238" Y="130.6800904364762" />
  <Point X="75.0" Y="131.0" />
  <Point X="73.0" Y="132.0" />
  <Point X="73.0" Y="133.0" />
  <Point X="72.0" Y="133.0" />
  <Point X="71.0" Y="135.0" />
  <Point X="70.81433148640619" Y="135.37133702718762" />
  <Point X="70.0" Y="137.0" />
  <Point X="69.0" Y="138.0" />
  <Point X="68.0" Y="139.0" />
  <Point X="67.0" Y="139.0" />
  <Point X="66.24403186817867" Y="140.51193626364267" />
  <Point X="66.0" Y="141.0" />
  <Point X="65.0" Y="142.0" />
  <Point X="63.0" Y="143.0" />
  <Point X="62.0" Y="145.0" />
  <Point X="61.09229754715155" Y="145.0" />
  <Point X="61.0" Y="145.0" />
  <Point X="61.0" Y="146.0" />
  <Point X="60.0" Y="147.0" />
  <Point X="60.0" Y="148.0" />
  <Point X="59.0" Y="148.0" />
  <Point X="58.0" Y="149.0" />
  <Point X="58.0" Y="150.0" />
  <Point X="57.703722863791484" Y="150.29627713620852" />
  <Point X="57.0" Y="151.0" />
  <Point X="56.0" Y="151.0" />
  <Point X="55.0" Y="152.0" />
  <Point X="54.0" Y="153.0" />
  <Point X="53.0" Y="154.0" />
  <Point X="53.0" Y="155.0" />
  <Point X="52.908885855059246" Y="155.0455570724704" />
  <Point X="51.0" Y="156.0" />
  <Point X="50.0" Y="156.0" />
  <Point X="50.0" Y="157.0" />
  <Point X="50.0" Y="158.0" />
  <Point X="49.0" Y="158.0" />
  <Point X="48.14756541613005" Y="158.85243458386995" />
  <Point X="48.0" Y="159.0" />
  <Point X="47.0" Y="159.0" />
  <Point X="47.0" Y="160.0" />
  <Point X="46.0" Y="161.0" />
  <Point X="45.0" Y="162.0" />
  <Point X="45.0" Y="163.0" />
  <Point X="44.0" Y="163.0" />
  <Point X="44.0" Y="163.30260767857035" />
  <Point X="44.0" Y="164.0" />
  <Point X="43.0" Y="164.0" />
  <Point X="43.0" Y="165.0" />
  <Point X="42.0" Y="165.0" />
  <Point X="42.0" Y="166.0" />
  <Point X="41.0" Y="166.0" />
  <Point X="41.0" Y="167.0" />
  <Point X="40.357668505284764" Y="167.0" />
  <Point X="40.0" Y="167.0" />
  <Point X="40.0" Y="168.0" />
  <Point X="39.0" Y="168.0" />
  <Point X="39.0" Y="169.0" />
  <Point X="39.0" Y="170.0" />
  <Point X="38.0" Y="170.0" />
  <Point X="38.0" Y="171.0" />
  <Point X="38.0" Y="171.98205531086012" />
  <Point X="38.0" Y="172.0" />
  <Point X="38.0" Y="173.0" />
  <Point X="38.0" Y="174.0" />
  <Point X="38.0" Y="175.0" />
  <Point X="38.0" Y="176.0" />
  <Point X="39.0" Y="176.0" />
  <Point X="40.0" Y="176.0" />
  <Point X="41.0" Y="176.0" />
  <Point X="41.0" Y="176.32177912700502" />
  <Point X="41.0" Y="177.0" />
  <Point X="42.0" Y="177.0" />
  <Point X="43.0" Y="177.0" />
  <Point X="44.0" Y="177.0" />
  <Point X="45.0" Y="177.0" />
  <Point X="46.0" Y="177.0" />
  <Point X="47.0" Y="177.0" />
  <Point X="47.6615029431499" Y="177.0" />
  <Point X="48.0" Y="177.0" />
  <Point X="49.0" Y="178.0" />
  <Point X="50.0" Y="178.0" />
  <Point X="51.0" Y="178.0" />
  <Point X="52.0" Y="178.0" />
  <Point X="53.0" Y="178.0" />
  <Point X="54.0" Y="178.0" />
  <Point X="54.58701319692169" Y="178.0" />
  <Point X="55.0" Y="178.0" />
  <Point X="56.0" Y="178.0" />
  <Point X="57.0" Y="178.0" />
  <Point X="58.0" Y="178.0" />
  <Point X="59.0" Y="178.0" />
  <Point X="60.0" Y="178.0" />
  <Point X="61.0" Y="178.0" />
  <Point X="61.92673701306657" Y="178.0" />
  <Point X="63.0" Y="178.0" />
  <Point X="64.0" Y="178.0" />
  <Point X="65.0" Y="178.0" />
  <Point X="66.0" Y="178.0" />
  <Point X="68.0" Y="178.0" />
  <Point X="69.0" Y="178.0" />
  <Point X="69.26646082921145" Y="178.0" />
  <Point X="71.0" Y="178.0" />
  <Point X="72.0" Y="178.0" />
  <Point X="74.0" Y="178.0" />
  <Point X="76.0" Y="178.0" />
  <Point X="76.60618464535634" Y="178.0" />
  <Point X="77.0" Y="178.0" />
  <Point X="78.0" Y="178.0" />
  <Point X="81.0" Y="178.0" />
  <Point X="83.0" Y="178.0" />
  <Point X="83.94590846150122" Y="178.0" />
  <Point X="85.0" Y="178.0" />
  <Point X="87.0" Y="178.0" />
  <Point X="88.0" Y="178.0" />
  <Point X="90.0" Y="178.0" />
  <Point X="91.2856322776461" Y="178.0" />
  <Point X="93.0" Y="178.0" />
  <Point X="95.0" Y="178.0" />
  <Point X="97.0" Y="178.0" />
  <Point X="98.0" Y="178.0" />
  <Point X="98.62535609379098" Y="178.0" />
  <Point X="100.0" Y="178.0" />
  <Point X="102.0" Y="178.0" />
  <Point X="103.0" Y="178.0" />
  <Point X="105.0" Y="178.0" />
  <Point X="105.96507990993587" Y="178.0" />
  <Point X="108.0" Y="178.0" />
  <Point X="109.0" Y="178.0" />
  <Point X="111.0" Y="178.0" />
  <Point X="113.0" Y="178.0" />
  <Point X="113.30480372608075" Y="178.0" />
  <Point X="115.0" Y="178.0" />
  <Point X="116.0" Y="178.0" />
  <Point X="119.0" Y="178.0" />
  <Point X="120.64452754222563" Y="178.0" />
  <Point X="121.0" Y="178.0" />
  <Point X="123.0" Y="178.0" />
  <Point X="125.0" Y="178.0" />
  <Point X="127.0" Y="178.0" />
  <Point X="127.98425135837051" Y="178.0" />
  <Point X="128.0" Y="178.0" />
  <Point X="130.0" Y="177.0" />
  <Point X="134.0" Y="177.0" />
  <Point X="135.08790719701562" Y="177.0" />
  <Point X="136.0" Y="177.0" />
  <Point X="137.0" Y="177.0" />
  <Point X="139.0" Y="177.0" />
  <Point X="141.0" Y="177.0" />
  <Point X="142.42763101316052" Y="177.0" />
  <Point X="143.0" Y="177.0" />
  <Point X="145.0" Y="177.0" />
  <Point X="146.0" Y="177.0" />
  <Point X="147.0" Y="177.0" />
  <Point X="149.0" Y="176.0" />
  <Point X="149.53128685180562" Y="176.0" />
  <Point X="151.0" Y="176.0" />
  <Point X="152.0" Y="176.0" />
  <Point X="154.0" Y="176.0" />
  <Point X="156.0" Y="176.0" />
  <Point X="156.87101066795051" Y="176.0" />
  <Point X="158.0" Y="176.0" />
  <Point X="160.0" Y="176.0" />
  <Point X="161.0" Y="176.0" />
  <Point X="162.0" Y="176.0" />
  <Point X="163.0" Y="176.0" />
  <Point X="164.2107344840954" Y="176.0" />
  <Point X="165.0" Y="176.0" />
  <Point X="166.0" Y="176.0" />
  <Point X="167.0" Y="176.0" />
  <Point X="169.0" Y="176.0" />
  <Point X="170.0" Y="176.0" />
  <Point X="171.0" Y="176.0" />
  <Point X="171.5504583002403" Y="176.0" />
  <Point X="173.0" Y="176.0" />
  <Point X="174.0" Y="176.0" />
  <Point X="175.0" Y="176.0" />
  <Point X="176.0" Y="176.0" />
  <Point X="177.0" Y="176.0" />
  <Point X="178.0" Y="176.0" />
  <Point X="178.8901821163852" Y="176.0" />
  <Point X="179.0" Y="176.0" />
  <Point X="181.0" Y="176.0" />
  <Point X="182.0" Y="176.0" />
  <Point X="183.0" Y="176.0" />
  <Point X="184.0" Y="176.0" />
  <Point X="185.0" Y="176.0" />
  <Point X="186.0" Y="176.0" />
  <Point X="186.2299059325301" Y="176.0" />
  <Point X="187.0" Y="176.0" />
  <Point X="188.0" Y="176.0" />
  <Point X="189.0" Y="176.0" />
  <Point X="190.0" Y="176.0" />
  <Point X="189.0" Y="176.0" />
  <Point X="188.0" Y="176.0" />
  <Point X="187.0" Y="176.0" />
  <Point X="186.430370251325" Y="176.0" />
  <Point X="186.0" Y="176.0" />
  <Point X="185.0" Y="176.0" />
  <Point X="184.0" Y="176.0" />
  <Point X="183.0" Y="175.0" />
  <Point X="182.0" Y="174.0" />
  <Point X="181.0" Y="174.0" />
  <Point X="180.23566958426005" Y="173.23566958426005" />
  <Point X="180.0" Y="173.0" />
  <Point X="179.0" Y="173.0" />
  <Point X="178.0" Y="172.0" />
  <Point X="177.0" Y="172.0" />
  <Point X="177.0" Y="171.0" />
  <Point X="176.0" Y="171.0" />
  <Point X="175.0" Y="170.0" />
  <Point X="174.8219904309007" Y="170.0" />
  <Point X="174.0" Y="170.0" />
  <Point X="174.0" Y="169.0" />
  <Point X="173.0" Y="169.0" />
  <Point X="173.0" Y="168.0" />
  <Point X="172.0" Y="168.0" />
  <Point X="171.0" Y="168.0" />
  <Point X="171.0" Y="167.0" />
  <Point X="170.48226661475582" Y="167.0" />
  <Point X="170.0" Y="167.0" />
  <Point X="170.0" Y="166.0" />
  <Point X="169.0" Y="166.0" />
  <Point X="169.0" Y="165.0" />
  <Point X="168.0" Y="165.0" />
  <Point X="167.0" Y="164.0" />
  <Point X="166.0" Y="163.0" />
  <Point X="165.97096992335713" Y="163.0" />
  <Point X="165.0" Y="163.0" />
  <Point X="165.0" Y="162.0" />
  <Point X="165.0" Y="161.0" />
  <Point X="164.0" Y="161.0" />
  <Point X="164.0" Y="160.0" />
  <Point X="163.0" Y="160.0" />
  <Point X="162.0" Y="160.0" />
  <Point X="162.0" Y="159.63124610721223" />
  <Point X="162.0" Y="159.0" />
  <Point X="161.0" Y="158.0" />
  <Point X="161.0" Y="157.0" />
  <Point X="160.0" Y="157.0" />
  <Point X="160.0" Y="156.0" />
  <Point X="159.0" Y="156.0" />
  <Point X="158.08481704532113" Y="155.08481704532113" />
  <Point X="158.0" Y="155.0" />
  <Point X="158.0" Y="154.0" />
  <Point X="157.0" Y="153.0" />
  <Point X="157.0" Y="152.0" />
  <Point X="156.0" Y="152.0" />
  <Point X="155.0" Y="151.0" />
  <Point X="155.0" Y="150.0" />
  <Point X="154.72327568763487" Y="149.72327568763487" />
  <Point X="154.0" Y="149.0" />
  <Point X="154.0" Y="148.0" />
  <Point X="153.0" Y="148.0" />
  <Point X="153.0" Y="147.0" />
  <Point X="153.0" Y="146.0" />
  <Point X="152.0" Y="145.0" />
  <Point X="151.09735603301615" Y="145.0" />
  <Point X="151.0" Y="145.0" />
  <Point X="151.0" Y="144.0" />
  <Point X="151.0" Y="143.0" />
  <Point X="150.0" Y="142.0" />
  <Point X="149.0" Y="141.0" />
  <Point X="149.0" Y="140.0" />
  <Point X="149.0" Y="139.0" />
  <Point X="148.7072997534489" Y="138.7072997534489" />
  <Point X="148.0" Y="138.0" />
  <Point X="148.0" Y="137.0" />
  <Point X="147.0" Y="137.0" />
  <Point X="147.0" Y="136.0" />
  <Point X="146.0" Y="135.0" />
  <Point X="146.0" Y="133.0747626502188" />
  <Point X="146.0" Y="133.0" />
  <Point X="145.0" Y="133.0" />
  <Point X="144.0" Y="131.0" />
  <Point X="144.0" Y="130.0" />
  <Point X="143.0" Y="129.0" />
  <Point X="143.0" Y="128.0" />
  <Point X="143.0" Y="127.38532037394678" />
  <Point X="143.0" Y="127.0" />
  <Point X="142.0" Y="127.0" />
  <Point X="142.0" Y="125.0" />
  <Point X="141.0" Y="125.0" />
  <Point X="141.0" Y="124.0" />
  <Point X="141.0" Y="123.0" />
  <Point X="140.32513485403393" Y="122.32513485403393" />
  <Point X="140.0" Y="122.0" />
  <Point X="139.0" Y="121.0" />
  <Point X="139.0" Y="120.0" />
  <Point X="138.0" Y="118.0" />
  <Point X="137.0" Y="117.0" />
  <Point X="137.0" Y="116.18458140627608" />
  <Point X="137.0" Y="116.0" />
  <Point X="137.0" Y="115.0" />
  <Point X="136.0" Y="115.0" />
  <Point X="136.0" Y="114.0" />
  <Point X="135.0" Y="113.0" />
  <Point X="135.0" Y="112.0" />
  <Point X="134.22143295060184" Y="110.44286590120369" />
  <Point X="134.0" Y="110.0" />
  <Point X="134.0" Y="109.0" />
  <Point X="133.0" Y="109.0" />
  <Point X="133.0" Y="108.0" />
  <Point X="132.0" Y="107.0" />
  <Point X="132.0" Y="106.0" />
  <Point X="131.0" Y="106.0" />
  <Point X="131.0" Y="105.56962887623229" />
  <Point X="131.0" Y="105.0" />
  <Point X="130.0" Y="103.0" />
  <Point X="130.0" Y="102.0" />
  <Point X="129.0" Y="102.0" />
  <Point X="128.0" Y="100.0" />
  <Point X="128.0" Y="99.70204101508698" />
  <Point X="128.0" Y="99.0" />
  <Point X="128.0" Y="98.0" />
  <Point X="127.0" Y="98.0" />
  <Point X="127.0" Y="97.0" />
  <Point X="126.0" Y="97.0" />
  <Point X="126.0" Y="96.0" />
  <Point X="125.0" Y="96.0" />
  <Point X="125.0" Y="95.3623171989421" />
  <Point X="125.0" Y="95.0" />
  <Point X="125.0" Y="94.0" />
  <Point X="124.0" Y="93.0" />
  <Point X="124.0" Y="92.0" />
  <Point X="123.0" Y="91.0" />
  <Point X="122.0" Y="90.0" />
  <Point X="122.0" Y="89.26523406991649" />
  <Point X="122.0" Y="89.0" />
  <Point X="122.0" Y="88.0" />
  <Point X="121.0" Y="87.0" />
  <Point X="121.0" Y="86.0" />
  <Point X="121.0" Y="85.0" />
  <Point X="120.0" Y="85.0" />
  <Point X="120.0" Y="84.0" />
  <Point X="120.0" Y="83.3397238161447" />
  <Point X="120.0" Y="83.0" />
  <Point X="120.0" Y="82.0" />
  <Point X="120.0" Y="81.0" />
  <Point X="119.0" Y="81.0" />
  <Point X="119.0" Y="80.0" />
  <Point X="119.0" Y="79.0" />
  <Point X="119.0" Y="78.0" />
  <Point X="118.0" Y="78.0" />
</Project_1_Part_4>
