<?xml version="1.0" encoding="utf-8" standalone="yes"?>
<Gesture Name="v10" Subject="3" Number="3" NumPts="262">
  <Point X="218.0" Y="23.0" />
  <Point X="212.10923990650764" Y="25.757377065038984" />
  <Point X="206.21847981301528" Y="28.514754130077968" />
  <Point X="200.32771971952292" Y="31.27213119511695" />
  <Point X="194.43695962603056" Y="34.02950826015593" />
  <Point X="188.5461995325382" Y="36.78688532519491" />
  <Point X="182.65543943904584" Y="39.54426239023389" />
  <Point X="176.76467934555347" Y="42.30163945527287" />
  <Point X="170.8739192520611" Y="45.05901652031185" />
  <Point X="164.98315915856875" Y="47.81639358535083" />
  <Point X="159.0923990650764" Y="50.57377065038981" />
  <Point X="153.20163897158403" Y="53.33114771542879" />
  <Point X="147.31087887809167" Y="56.08852478046777" />
  <Point X="141.4201187845993" Y="58.84590184550675" />
  <Point X="135.52935869110695" Y="61.60327891054573" />
  <Point X="129.6385985976146" Y="64.3606559755847" />
  <Point X="123.74783850412221" Y="67.11803304062369" />
  <Point X="117.85707841062984" Y="69.87541010566267" />
  <Point X="111.96631831713746" Y="72.63278717070165" />
  <Point X="106.07555822364509" Y="75.39016423574063" />
  <Point X="100.18479813015271" Y="78.14754130077961" />
  <Point X="94.29403803666034" Y="80.90491836581859" />
  <Point X="88.40327794316796" Y="83.66229543085757" />
  <Point X="82.51251784967559" Y="86.41967249589655" />
  <Point X="77.0" Y="89.0" />
  <Point X="77.0" Y="89.41762871313527" />
  <Point X="77.0" Y="90.0" />
  <Point X="77.0" Y="91.0" />
  <Point X="77.0" Y="92.0" />
  <Point X="77.0" Y="93.0" />
  <Point X="77.0" Y="94.0" />
  <Point X="78.0" Y="95.0" />
  <Point X="78.0" Y="95.50758171980738" />
  <Point X="78.0" Y="96.0" />
  <Point X="78.0" Y="97.0" />
  <Point X="79.0" Y="97.0" />
  <Point X="79.0" Y="99.0" />
  <Point X="79.0" Y="100.0" />
  <Point X="79.71541407590155" Y="100.71541407590155" />
  <Point X="80.0" Y="101.0" />
  <Point X="80.0" Y="102.0" />
  <Point X="80.0" Y="103.0" />
  <Point X="81.0" Y="104.0" />
  <Point X="81.0" Y="105.0" />
  <Point X="82.0" Y="106.0" />
  <Point X="82.0" Y="106.2732741707785" />
  <Point X="82.0" Y="107.0" />
  <Point X="82.0" Y="108.0" />
  <Point X="83.0" Y="109.0" />
  <Point X="84.0" Y="110.0" />
  <Point X="84.0" Y="111.0" />
  <Point X="84.0" Y="111.94901361507752" />
  <Point X="84.0" Y="112.0" />
  <Point X="85.0" Y="113.0" />
  <Point X="85.0" Y="114.0" />
  <Point X="86.0" Y="115.0" />
  <Point X="86.0" Y="116.0" />
  <Point X="87.0" Y="117.0" />
  <Point X="87.0" Y="117.21053949700344" />
  <Point X="87.0" Y="118.0" />
  <Point X="88.0" Y="120.0" />
  <Point X="89.0" Y="122.0" />
  <Point X="89.0" Y="123.0" />
  <Point X="89.17152297043596" Y="123.17152297043596" />
  <Point X="90.0" Y="124.0" />
  <Point X="91.0" Y="125.0" />
  <Point X="91.0" Y="127.0" />
  <Point X="91.0" Y="128.0" />
  <Point X="91.64934291381502" Y="128.64934291381502" />
  <Point X="92.0" Y="129.0" />
  <Point X="93.0" Y="130.0" />
  <Point X="93.0" Y="132.0" />
  <Point X="94.0" Y="132.0" />
  <Point X="94.0" Y="133.59404899964707" />
  <Point X="94.0" Y="134.0" />
  <Point X="95.0" Y="135.0" />
  <Point X="96.0" Y="137.0" />
  <Point X="96.0" Y="139.0" />
  <Point X="96.44793402881939" Y="139.0" />
  <Point X="97.0" Y="139.0" />
  <Point X="98.0" Y="140.0" />
  <Point X="98.0" Y="142.0" />
  <Point X="99.0" Y="142.0" />
  <Point X="99.0" Y="143.5378870354915" />
  <Point X="99.0" Y="144.0" />
  <Point X="100.0" Y="145.0" />
  <Point X="101.0" Y="147.0" />
  <Point X="101.0" Y="148.0" />
  <Point X="101.9841314647898" Y="148.98413146478978" />
  <Point X="102.0" Y="149.0" />
  <Point X="103.0" Y="150.0" />
  <Point X="104.0" Y="152.0" />
  <Point X="105.0" Y="154.0" />
  <Point X="105.42099409156012" Y="154.42099409156012" />
  <Point X="106.0" Y="155.0" />
  <Point X="106.0" Y="156.0" />
  <Point X="107.0" Y="157.0" />
  <Point X="108.0" Y="158.0" />
  <Point X="109.0" Y="159.0" />
  <Point X="109.31302759731227" Y="159.31302759731227" />
  <Point X="110.0" Y="160.0" />
  <Point X="110.0" Y="161.0" />
  <Point X="110.0" Y="162.0" />
  <Point X="111.0" Y="162.0" />
  <Point X="111.0" Y="163.0" />
  <Point X="112.37083567727835" Y="163.68541783863918" />
  <Point X="113.0" Y="164.0" />
  <Point X="113.0" Y="165.0" />
  <Point X="114.0" Y="165.0" />
  <Point X="114.0" Y="166.0" />
  <Point X="115.0" Y="167.0" />
  <Point X="115.98042187279965" Y="167.98042187279967" />
  <Point X="116.0" Y="168.0" />
  <Point X="117.0" Y="169.0" />
  <Point X="118.0" Y="170.0" />
  <Point X="118.0" Y="171.0" />
  <Point X="119.0" Y="171.0" />
  <Point X="120.0" Y="172.0" />
  <Point X="120.0" Y="172.23383822891333" />
  <Point X="120.0" Y="173.0" />
  <Point X="121.0" Y="173.0" />
  <Point X="121.0" Y="174.0" />
  <Point X="122.0" Y="174.0" />
  <Point X="122.0" Y="175.0" />
  <Point X="123.0" Y="176.0" />
  <Point X="123.32379123558543" Y="176.0" />
  <Point X="124.0" Y="176.0" />
  <Point X="124.0" Y="177.0" />
  <Point X="125.0" Y="177.0" />
  <Point X="125.0" Y="178.0" />
  <Point X="126.0" Y="179.0" />
  <Point X="127.0" Y="179.0" />
  <Point X="127.0" Y="179.41374424225754" />
  <Point X="127.0" Y="180.0" />
  <Point X="128.0" Y="180.0" />
  <Point X="128.0" Y="181.0" />
  <Point X="129.0" Y="181.0" />
  <Point X="129.0" Y="182.0" />
  <Point X="130.0" Y="182.0" />
  <Point X="130.0" Y="182.91791081130273" />
  <Point X="130.0" Y="183.0" />
  <Point X="131.0" Y="183.0" />
  <Point X="131.0" Y="184.0" />
  <Point X="132.0" Y="184.0" />
  <Point X="133.0" Y="185.0" />
  <Point X="134.0" Y="185.0" />
  <Point X="134.0" Y="186.0" />
  <Point X="134.00786381797485" Y="186.0" />
  <Point X="135.0" Y="186.0" />
  <Point X="135.0" Y="187.0" />
  <Point X="135.0" Y="186.0" />
  <Point X="136.0" Y="186.0" />
  <Point X="136.0" Y="185.0" />
  <Point X="136.0" Y="184.0" />
  <Point X="136.51203038702005" Y="184.0" />
  <Point X="137.0" Y="184.0" />
  <Point X="137.0" Y="182.0" />
  <Point X="137.0" Y="181.0" />
  <Point X="138.0" Y="179.0" />
  <Point X="138.0" Y="178.21987102143453" />
  <Point X="138.0" Y="178.0" />
  <Point X="138.0" Y="177.0" />
  <Point X="138.0" Y="176.0" />
  <Point X="139.0" Y="175.0" />
  <Point X="140.0" Y="174.0" />
  <Point X="140.0" Y="173.0" />
  <Point X="140.0" Y="172.54413157713552" />
  <Point X="140.0" Y="172.0" />
  <Point X="140.0" Y="170.0" />
  <Point X="141.0" Y="170.0" />
  <Point X="141.0" Y="169.0" />
  <Point X="141.0" Y="168.0" />
  <Point X="141.6788472529557" Y="167.3211527470443" />
  <Point X="142.0" Y="167.0" />
  <Point X="142.0" Y="166.0" />
  <Point X="143.0" Y="164.0" />
  <Point X="143.0" Y="163.0" />
  <Point X="143.81120969457743" Y="161.37758061084511" />
  <Point X="144.0" Y="161.0" />
  <Point X="144.0" Y="159.0" />
  <Point X="144.0" Y="158.0" />
  <Point X="145.0" Y="158.0" />
  <Point X="145.93110702965095" Y="156.13778594069814" />
  <Point X="146.0" Y="156.0" />
  <Point X="146.0" Y="155.0" />
  <Point X="146.0" Y="153.0" />
  <Point X="147.0" Y="152.0" />
  <Point X="148.0" Y="151.0" />
  <Point X="148.0" Y="150.47830992057337" />
  <Point X="148.0" Y="149.0" />
  <Point X="148.0" Y="148.0" />
  <Point X="149.0" Y="147.0" />
  <Point X="150.0" Y="145.0" />
  <Point X="150.0" Y="144.62442489140105" />
  <Point X="150.0" Y="143.0" />
  <Point X="150.0" Y="142.0" />
  <Point X="151.0" Y="141.0" />
  <Point X="152.0" Y="139.0" />
  <Point X="152.0" Y="138.77053986222873" />
  <Point X="152.0" Y="138.0" />
  <Point X="153.0" Y="137.0" />
  <Point X="154.0" Y="136.0" />
  <Point X="154.0" Y="135.0" />
  <Point X="154.0" Y="133.09480041792972" />
  <Point X="154.0" Y="133.0" />
  <Point X="155.0" Y="132.0" />
  <Point X="156.0" Y="132.0" />
  <Point X="156.0" Y="130.0" />
  <Point X="156.0" Y="129.0" />
  <Point X="156.7036791438151" Y="128.2963208561849" />
  <Point X="157.0" Y="128.0" />
  <Point X="157.0" Y="127.0" />
  <Point X="158.0" Y="126.0" />
  <Point X="159.0" Y="124.0" />
  <Point X="159.0" Y="123.0" />
  <Point X="159.19445922928864" Y="122.61108154142272" />
  <Point X="160.0" Y="121.0" />
  <Point X="161.0" Y="121.0" />
  <Point X="161.0" Y="120.0" />
  <Point X="162.0" Y="119.0" />
  <Point X="162.0" Y="118.0" />
  <Point X="162.0" Y="117.71129091528607" />
  <Point X="162.0" Y="116.0" />
  <Point X="163.0" Y="116.0" />
  <Point X="164.0" Y="115.0" />
  <Point X="164.0" Y="114.0" />
  <Point X="164.9748613137839" Y="113.02513868621611" />
  <Point X="165.0" Y="113.0" />
  <Point X="165.0" Y="112.0" />
  <Point X="166.0" Y="111.0" />
  <Point X="166.0" Y="110.0" />
  <Point X="167.0" Y="109.0" />
  <Point X="168.0" Y="108.0" />
  <Point X="168.0" Y="107.77402558906115" />
  <Point X="168.0" Y="107.0" />
  <Point X="169.0" Y="106.0" />
  <Point X="169.0" Y="105.0" />
  <Point X="170.0" Y="105.0" />
  <Point X="170.0" Y="104.0" />
  <Point X="170.0" Y="103.0" />
  <Point X="170.31592741761096" Y="103.0" />
  <Point X="171.0" Y="103.0" />
  <Point X="171.0" Y="102.0" />
  <Point X="172.0" Y="102.0" />
  <Point X="172.0" Y="101.0" />
  <Point X="172.0" Y="100.0" />
  <Point X="173.0" Y="100.0" />
  <Point X="173.0" Y="99.17990601334384" />
  <Point X="173.0" Y="99.0" />
  <Point X="173.0" Y="98.0" />
  <Point X="174.0" Y="97.0" />
  <Point X="174.0" Y="96.0" />
  <Point X="175.0" Y="96.0" />
  <Point X="175.0" Y="95.0" />
  <Point X="175.64350040018084" Y="94.35649959981916" />
  <Point X="176.0" Y="94.0" />
  <Point X="176.0" Y="93.0" />
  <Point X="177.0" Y="93.0" />
  <Point X="177.0" Y="92.0" />
  <Point X="177.0" Y="91.0" />
  <Point X="177.0" Y="90.0" />
  <Point X="178.0" Y="90.0" />
</Project_1_Part_4>
