<?xml version="1.0" encoding="utf-8" standalone="yes"?>
<Gesture Name="x1" Subject="3" Number="3" NumPts="398">
  <Point X="70.0" Y="73.0" />
  <Point X="70.0" Y="74.0" />
  <Point X="70.0" Y="75.0" />
  <Point X="71.0" Y="76.0" />
  <Point X="71.0" Y="77.0" />
  <Point X="71.0" Y="78.0" />
  <Point X="71.75807303976329" Y="78.0" />
  <Point X="72.0" Y="78.0" />
  <Point X="72.0" Y="79.0" />
  <Point X="73.0" Y="80.0" />
  <Point X="73.0" Y="81.0" />
  <Point X="73.0" Y="82.0" />
  <Point X="74.0" Y="82.0" />
  <Point X="74.0" Y="82.51614607952658" />
  <Point X="74.0" Y="83.0" />
  <Point X="74.0" Y="84.0" />
  <Point X="75.0" Y="85.0" />
  <Point X="75.0" Y="86.0" />
  <Point X="76.0" Y="88.0" />
  <Point X="76.03815114179008" Y="88.0" />
  <Point X="77.0" Y="88.0" />
  <Point X="77.0" Y="89.0" />
  <Point X="77.0" Y="90.0" />
  <Point X="78.0" Y="91.0" />
  <Point X="79.0" Y="92.0" />
  <Point X="79.0" Y="92.38201061918028" />
  <Point X="79.0" Y="93.0" />
  <Point X="80.0" Y="93.0" />
  <Point X="80.0" Y="94.0" />
  <Point X="81.0" Y="95.0" />
  <Point X="81.0" Y="96.0" />
  <Point X="81.80616088635897" Y="96.80616088635897" />
  <Point X="82.0" Y="97.0" />
  <Point X="83.0" Y="98.0" />
  <Point X="83.0" Y="99.0" />
  <Point X="84.0" Y="100.0" />
  <Point X="85.0" Y="101.0" />
  <Point X="85.0" Y="101.65551601158758" />
  <Point X="85.0" Y="102.0" />
  <Point X="85.0" Y="103.0" />
  <Point X="86.0" Y="103.0" />
  <Point X="87.0" Y="104.0" />
  <Point X="88.0" Y="106.0" />
  <Point X="88.17752107385108" Y="106.0" />
  <Point X="89.0" Y="106.0" />
  <Point X="89.0" Y="107.0" />
  <Point X="90.0" Y="107.0" />
  <Point X="90.0" Y="108.0" />
  <Point X="91.0" Y="109.0" />
  <Point X="91.0" Y="109.93559411361437" />
  <Point X="91.0" Y="110.0" />
  <Point X="92.0" Y="110.0" />
  <Point X="93.0" Y="111.0" />
  <Point X="93.0" Y="112.0" />
  <Point X="94.0" Y="113.0" />
  <Point X="94.90471031041281" Y="113.90471031041281" />
  <Point X="95.0" Y="114.0" />
  <Point X="96.0" Y="115.0" />
  <Point X="97.0" Y="116.0" />
  <Point X="97.0" Y="117.0" />
  <Point X="98.0" Y="117.0" />
  <Point X="98.0" Y="118.0" />
  <Point X="98.20909950602167" Y="118.0" />
  <Point X="99.0" Y="118.0" />
  <Point X="99.0" Y="119.0" />
  <Point X="100.0" Y="120.0" />
  <Point X="101.0" Y="120.0" />
  <Point X="101.0" Y="121.0" />
  <Point X="101.68389426570201" Y="121.68389426570201" />
  <Point X="102.0" Y="122.0" />
  <Point X="102.0" Y="123.0" />
  <Point X="103.0" Y="123.0" />
  <Point X="104.0" Y="124.0" />
  <Point X="105.0" Y="125.0" />
  <Point X="105.0" Y="125.89681846080208" />
  <Point X="105.0" Y="126.0" />
  <Point X="106.0" Y="127.0" />
  <Point X="107.0" Y="127.0" />
  <Point X="107.0" Y="128.0" />
  <Point X="108.0" Y="129.0" />
  <Point X="108.8772917833643" Y="129.8772917833643" />
  <Point X="109.0" Y="130.0" />
  <Point X="110.0" Y="131.0" />
  <Point X="111.0" Y="133.0" />
  <Point X="112.0" Y="133.0" />
  <Point X="112.0" Y="134.0" />
  <Point X="112.34846943808269" Y="134.0" />
  <Point X="113.0" Y="134.0" />
  <Point X="114.0" Y="136.0" />
  <Point X="115.0" Y="136.0" />
  <Point X="115.0" Y="137.0" />
  <Point X="115.90841164085822" Y="137.90841164085822" />
  <Point X="116.0" Y="138.0" />
  <Point X="117.0" Y="138.0" />
  <Point X="117.0" Y="139.0" />
  <Point X="118.0" Y="139.0" />
  <Point X="118.0" Y="141.0" />
  <Point X="119.0" Y="141.0" />
  <Point X="119.03023666553645" Y="141.03023666553645" />
  <Point X="120.0" Y="142.0" />
  <Point X="121.0" Y="142.0" />
  <Point X="122.0" Y="144.0" />
  <Point X="123.0" Y="145.0" />
  <Point X="123.0" Y="145.15055260237298" />
  <Point X="123.0" Y="146.0" />
  <Point X="124.0" Y="146.0" />
  <Point X="125.0" Y="147.0" />
  <Point X="126.0" Y="147.0" />
  <Point X="126.0" Y="148.0" />
  <Point X="126.90862564213627" Y="148.0" />
  <Point X="127.0" Y="148.0" />
  <Point X="127.0" Y="150.0" />
  <Point X="128.0" Y="150.0" />
  <Point X="129.0" Y="151.0" />
  <Point X="130.0" Y="152.0" />
  <Point X="130.0" Y="152.25248511952648" />
  <Point X="130.0" Y="153.0" />
  <Point X="131.0" Y="153.0" />
  <Point X="131.0" Y="154.0" />
  <Point X="133.0" Y="154.0" />
  <Point X="133.0" Y="155.0" />
  <Point X="133.42477172166286" Y="155.0" />
  <Point X="134.0" Y="155.0" />
  <Point X="134.0" Y="156.0" />
  <Point X="135.0" Y="157.0" />
  <Point X="136.0" Y="157.0" />
  <Point X="136.0" Y="158.0" />
  <Point X="137.0" Y="158.0" />
  <Point X="137.12929077070888" Y="158.12929077070888" />
  <Point X="138.0" Y="159.0" />
  <Point X="139.0" Y="160.0" />
  <Point X="140.0" Y="160.0" />
  <Point X="140.0" Y="161.0" />
  <Point X="141.0" Y="161.0" />
  <Point X="141.0" Y="161.52670423881636" />
  <Point X="141.0" Y="162.0" />
  <Point X="142.0" Y="162.0" />
  <Point X="143.0" Y="163.0" />
  <Point X="144.0" Y="163.0" />
  <Point X="145.0" Y="163.0" />
  <Point X="145.0" Y="164.0" />
  <Point X="145.0" Y="163.71522272142033" />
  <Point X="145.0" Y="163.0" />
  <Point X="145.0" Y="162.0" />
  <Point X="145.0" Y="161.0" />
  <Point X="145.0" Y="160.0" />
  <Point X="145.0" Y="159.0" />
  <Point X="145.0" Y="158.0" />
  <Point X="145.0" Y="157.54293611928395" />
  <Point X="145.0" Y="157.0" />
  <Point X="145.0" Y="156.0" />
  <Point X="145.0" Y="155.0" />
  <Point X="145.0" Y="154.0" />
  <Point X="145.0" Y="153.0" />
  <Point X="145.0" Y="152.0" />
  <Point X="145.0" Y="151.37064951714757" />
  <Point X="145.0" Y="151.0" />
  <Point X="145.0" Y="150.0" />
  <Point X="145.0" Y="149.0" />
  <Point X="145.0" Y="148.0" />
  <Point X="145.0" Y="147.0" />
  <Point X="145.0" Y="146.0" />
  <Point X="145.0" Y="145.1983629150112" />
  <Point X="145.0" Y="145.0" />
  <Point X="145.0" Y="144.0" />
  <Point X="145.0" Y="143.0" />
  <Point X="145.0" Y="142.0" />
  <Point X="145.0" Y="140.0" />
  <Point X="145.0" Y="139.0260763128748" />
  <Point X="145.0" Y="139.0" />
  <Point X="145.0" Y="138.0" />
  <Point X="145.0" Y="137.0" />
  <Point X="145.0" Y="136.0" />
  <Point X="145.0" Y="135.0" />
  <Point X="145.0" Y="134.0" />
  <Point X="145.0" Y="133.0" />
  <Point X="145.0" Y="132.85378971073843" />
  <Point X="145.0" Y="132.0" />
  <Point X="145.0" Y="131.0" />
  <Point X="145.0" Y="129.0" />
  <Point X="145.0" Y="128.0" />
  <Point X="145.0" Y="127.0" />
  <Point X="145.0" Y="126.68150310860203" />
  <Point X="145.0" Y="125.0" />
  <Point X="145.0" Y="124.0" />
  <Point X="145.0" Y="123.0" />
  <Point X="145.0" Y="122.0" />
  <Point X="145.0" Y="121.0" />
  <Point X="145.0" Y="120.50921650646563" />
  <Point X="145.0" Y="120.0" />
  <Point X="145.0" Y="119.0" />
  <Point X="145.0" Y="118.0" />
  <Point X="145.0" Y="117.0" />
  <Point X="145.0" Y="116.0" />
  <Point X="145.0" Y="115.0" />
  <Point X="145.0" Y="114.33692990432924" />
  <Point X="145.0" Y="114.0" />
  <Point X="145.0" Y="112.0" />
  <Point X="145.0" Y="111.0" />
  <Point X="145.0" Y="110.0" />
  <Point X="145.0" Y="109.0" />
  <Point X="145.0" Y="108.16464330219284" />
  <Point X="145.0" Y="108.0" />
  <Point X="145.0" Y="107.0" />
  <Point X="145.0" Y="106.0" />
  <Point X="145.0" Y="105.0" />
  <Point X="145.0" Y="104.0" />
  <Point X="145.0" Y="103.0" />
  <Point X="145.0" Y="102.0" />
  <Point X="145.0" Y="101.99235670005645" />
  <Point X="145.0" Y="101.0" />
  <Point X="145.0" Y="100.0" />
  <Point X="145.0" Y="99.0" />
  <Point X="145.0" Y="98.0" />
  <Point X="145.0" Y="97.0" />
  <Point X="145.0" Y="96.0" />
  <Point X="145.0" Y="95.82007009792005" />
  <Point X="145.0" Y="95.0" />
  <Point X="145.0" Y="94.0" />
  <Point X="145.0" Y="93.0" />
  <Point X="145.0" Y="92.0" />
  <Point X="145.0" Y="91.0" />
  <Point X="145.0" Y="90.0" />
  <Point X="145.0" Y="89.64778349578366" />
  <Point X="145.0" Y="89.0" />
  <Point X="146.0" Y="89.0" />
  <Point X="146.0" Y="88.0" />
  <Point X="146.0" Y="87.0" />
  <Point X="146.0" Y="86.0" />
  <Point X="147.0" Y="86.0" />
  <Point X="147.0" Y="85.47549689364726" />
  <Point X="147.0" Y="85.0" />
  <Point X="147.0" Y="84.0" />
  <Point X="148.0" Y="84.0" />
  <Point X="148.0" Y="83.0" />
  <Point X="148.0" Y="82.0" />
  <Point X="148.0" Y="81.0" />
  <Point X="148.69678970848912" Y="81.0" />
  <Point X="149.0" Y="81.0" />
  <Point X="149.0" Y="80.0" />
  <Point X="149.0" Y="79.0" />
  <Point X="149.0" Y="78.0" />
  <Point X="149.0" Y="77.0" />
  <Point X="149.0" Y="76.0" />
  <Point X="149.0" Y="75.13092368937448" />
  <Point X="149.0" Y="75.0" />
  <Point X="149.0" Y="74.0" />
  <Point X="149.0" Y="73.0" />
  <Point X="149.0" Y="72.0" />
  <Point X="149.0" Y="71.0" />
  <Point X="149.0" Y="70.0" />
  <Point X="149.0" Y="69.0" />
  <Point X="149.0" Y="68.95863708723809" />
  <Point X="149.0" Y="68.0" />
  <Point X="148.0" Y="68.0" />
  <Point X="147.0" Y="68.0" />
  <Point X="146.0" Y="68.0" />
  <Point X="145.0" Y="68.0" />
  <Point X="144.14182019803164" Y="68.85817980196835" />
  <Point X="144.0" Y="69.0" />
  <Point X="143.0" Y="70.0" />
  <Point X="142.0" Y="70.0" />
  <Point X="142.0" Y="71.0" />
  <Point X="141.0" Y="71.0" />
  <Point X="140.0" Y="72.0" />
  <Point X="139.8567045700846" Y="72.0" />
  <Point X="139.0" Y="72.0" />
  <Point X="139.0" Y="73.0" />
  <Point X="138.0" Y="74.0" />
  <Point X="137.0" Y="74.0" />
  <Point X="137.0" Y="75.0" />
  <Point X="136.09863153032128" Y="75.0" />
  <Point X="136.0" Y="75.0" />
  <Point X="135.0" Y="75.0" />
  <Point X="135.0" Y="76.0" />
  <Point X="134.0" Y="76.0" />
  <Point X="133.0" Y="78.0" />
  <Point X="132.4077364857753" Y="78.5922635142247" />
  <Point X="132.0" Y="79.0" />
  <Point X="131.0" Y="80.0" />
  <Point X="131.0" Y="81.0" />
  <Point X="129.0" Y="82.0" />
  <Point X="128.33151638524853" Y="82.66848361475148" />
  <Point X="128.0" Y="83.0" />
  <Point X="128.0" Y="84.0" />
  <Point X="127.0" Y="85.0" />
  <Point X="126.0" Y="86.0" />
  <Point X="125.0" Y="87.0" />
  <Point X="124.67415745463757" Y="87.32584254536243" />
  <Point X="124.0" Y="88.0" />
  <Point X="123.0" Y="89.0" />
  <Point X="123.0" Y="90.0" />
  <Point X="122.0" Y="91.0" />
  <Point X="121.37816878741695" Y="92.24366242516611" />
  <Point X="121.0" Y="93.0" />
  <Point X="120.0" Y="93.0" />
  <Point X="120.0" Y="94.0" />
  <Point X="119.0" Y="94.0" />
  <Point X="119.0" Y="96.0" />
  <Point X="118.67332451349657" Y="96.0" />
  <Point X="118.0" Y="96.0" />
  <Point X="118.0" Y="97.0" />
  <Point X="117.0" Y="98.0" />
  <Point X="116.0" Y="99.0" />
  <Point X="115.0" Y="100.0" />
  <Point X="115.0" Y="100.25632140152054" />
  <Point X="115.0" Y="101.0" />
  <Point X="113.0" Y="103.0" />
  <Point X="113.0" Y="104.0" />
  <Point X="112.0" Y="104.0" />
  <Point X="112.0" Y="104.60018087891073" />
  <Point X="112.0" Y="105.0" />
  <Point X="111.0" Y="106.0" />
  <Point X="110.0" Y="106.0" />
  <Point X="110.0" Y="108.0" />
  <Point X="109.0" Y="108.0" />
  <Point X="109.0" Y="108.35825391867402" />
  <Point X="109.0" Y="109.0" />
  <Point X="108.0" Y="110.0" />
  <Point X="107.0" Y="111.0" />
  <Point X="106.0" Y="112.0" />
  <Point X="106.0" Y="113.0" />
  <Point X="105.79642407529452" Y="113.20357592470548" />
  <Point X="105.0" Y="114.0" />
  <Point X="104.0" Y="115.0" />
  <Point X="103.0" Y="116.0" />
  <Point X="103.0" Y="117.0" />
  <Point X="102.0" Y="117.0" />
  <Point X="102.0" Y="117.21754574870823" />
  <Point X="102.0" Y="118.0" />
  <Point X="101.0" Y="119.0" />
  <Point X="100.0" Y="120.0" />
  <Point X="99.0" Y="121.0" />
  <Point X="99.0" Y="122.0" />
  <Point X="98.89591977644568" Y="122.10408022355432" />
  <Point X="98.0" Y="123.0" />
  <Point X="97.0" Y="124.0" />
  <Point X="96.0" Y="124.0" />
  <Point X="96.0" Y="125.0" />
  <Point X="95.0" Y="126.0" />
  <Point X="95.0" Y="126.07683757874244" />
  <Point X="95.0" Y="127.0" />
  <Point X="94.0" Y="127.0" />
  <Point X="93.0" Y="128.0" />
  <Point X="92.0" Y="129.0" />
  <Point X="91.0" Y="130.0" />
  <Point X="91.0" Y="130.00648349375956" />
  <Point X="91.0" Y="131.0" />
  <Point X="91.0" Y="132.0" />
  <Point X="90.0" Y="132.0" />
  <Point X="89.0" Y="133.0" />
  <Point X="89.0" Y="134.0" />
  <Point X="88.23544346647715" Y="134.0" />
  <Point X="88.0" Y="134.0" />
  <Point X="88.0" Y="135.0" />
  <Point X="87.0" Y="135.0" />
  <Point X="87.0" Y="136.0" />
  <Point X="86.0" Y="137.0" />
  <Point X="85.0" Y="138.0" />
  <Point X="84.92333830349419" Y="138.07666169650582" />
  <Point X="84.0" Y="139.0" />
  <Point X="83.0" Y="140.0" />
  <Point X="82.0" Y="141.0" />
  <Point X="82.0" Y="142.0" />
  <Point X="81.0" Y="142.0" />
  <Point X="81.0" Y="142.03806192593015" />
  <Point X="81.0" Y="143.0" />
  <Point X="80.0" Y="143.0" />
  <Point X="80.0" Y="144.0" />
  <Point X="79.0" Y="144.0" />
  <Point X="79.0" Y="145.0" />
  <Point X="78.14415434820499" Y="145.855845651795" />
  <Point X="78.0" Y="146.0" />
  <Point X="77.0" Y="147.0" />
  <Point X="76.0" Y="148.0" />
  <Point X="75.0" Y="149.0" />
  <Point X="75.0" Y="150.0" />
  <Point X="74.48679541759404" Y="150.51320458240596" />
  <Point X="74.0" Y="151.0" />
  <Point X="74.0" Y="152.0" />
  <Point X="73.0" Y="152.0" />
  <Point X="72.0" Y="152.0" />
  <Point X="72.0" Y="153.0" />
  <Point X="71.0" Y="154.0" />
  <Point X="71.0" Y="154.06964035810074" />
  <Point X="71.0" Y="155.0" />
  <Point X="70.0" Y="155.0" />
  <Point X="70.0" Y="156.0" />
  <Point X="69.0" Y="156.0" />
  <Point X="68.0" Y="157.0" />
  <Point X="68.0" Y="157.82771339786404" />
  <Point X="68.0" Y="158.0" />
  <Point X="67.0" Y="158.0" />
  <Point X="67.0" Y="159.0" />
  <Point X="66.0" Y="159.0" />
  <Point X="65.0" Y="159.0" />
  <Point X="65.0" Y="158.0" />
  <Point X="65.0" Y="157.0" />
</Project_1_Part_4>
