<?xml version="1.0" encoding="utf-8" standalone="yes"?>
<Gesture Name="x2" Subject="3" Number="3" NumPts="377">
  <Point X="62.0" Y="68.0" />
  <Point X="61.0" Y="68.0" />
  <Point X="61.0" Y="69.0" />
  <Point X="61.0" Y="70.0" />
  <Point X="61.0" Y="71.0" />
  <Point X="61.0" Y="72.0" />
  <Point X="61.0" Y="73.0" />
  <Point X="61.0" Y="73.46867079530487" />
  <Point X="61.0" Y="74.0" />
  <Point X="61.0" Y="75.0" />
  <Point X="61.0" Y="76.0" />
  <Point X="61.0" Y="77.0" />
  <Point X="62.0" Y="78.0" />
  <Point X="62.681163561914474" Y="79.36232712382895" />
  <Point X="63.0" Y="80.0" />
  <Point X="63.0" Y="81.0" />
  <Point X="63.0" Y="83.0" />
  <Point X="64.0" Y="83.0" />
  <Point X="64.0" Y="84.0" />
  <Point X="64.0" Y="84.75573084604173" />
  <Point X="64.0" Y="85.0" />
  <Point X="65.0" Y="86.0" />
  <Point X="66.0" Y="88.0" />
  <Point X="66.0" Y="89.0" />
  <Point X="66.0" Y="90.0" />
  <Point X="66.40596421696758" Y="90.40596421696758" />
  <Point X="67.0" Y="91.0" />
  <Point X="68.0" Y="92.0" />
  <Point X="68.0" Y="93.0" />
  <Point X="69.0" Y="95.0" />
  <Point X="69.0" Y="95.97829579453261" />
  <Point X="69.0" Y="96.0" />
  <Point X="70.0" Y="96.0" />
  <Point X="70.0" Y="97.0" />
  <Point X="71.0" Y="99.0" />
  <Point X="71.98874391770941" Y="100.97748783541881" />
  <Point X="72.0" Y="101.0" />
  <Point X="72.0" Y="102.0" />
  <Point X="74.0" Y="104.0" />
  <Point X="74.0" Y="105.0" />
  <Point X="74.722283187116" Y="106.44456637423201" />
  <Point X="75.0" Y="107.0" />
  <Point X="77.0" Y="108.0" />
  <Point X="77.0" Y="109.0" />
  <Point X="78.0" Y="111.0" />
  <Point X="78.1679471160899" Y="111.33589423217983" />
  <Point X="79.0" Y="113.0" />
  <Point X="80.0" Y="115.0" />
  <Point X="81.0" Y="116.0" />
  <Point X="81.67731103110549" Y="116.67731103110549" />
  <Point X="82.0" Y="117.0" />
  <Point X="82.0" Y="118.0" />
  <Point X="83.0" Y="119.0" />
  <Point X="84.0" Y="121.0" />
  <Point X="84.9631064044582" Y="121.9631064044582" />
  <Point X="86.0" Y="123.0" />
  <Point X="86.0" Y="124.0" />
  <Point X="87.0" Y="124.0" />
  <Point X="88.0" Y="126.0" />
  <Point X="88.54179499662438" Y="126.54179499662438" />
  <Point X="89.0" Y="127.0" />
  <Point X="89.0" Y="128.0" />
  <Point X="90.0" Y="129.0" />
  <Point X="91.0" Y="130.0" />
  <Point X="92.0" Y="131.0" />
  <Point X="92.40872920006129" Y="131.4087292000613" />
  <Point X="93.0" Y="132.0" />
  <Point X="93.0" Y="133.0" />
  <Point X="94.0" Y="134.0" />
  <Point X="95.0" Y="136.0" />
  <Point X="95.98220607112347" Y="136.0" />
  <Point X="96.0" Y="136.0" />
  <Point X="96.0" Y="137.0" />
  <Point X="97.0" Y="137.0" />
  <Point X="97.0" Y="139.0" />
  <Point X="98.0" Y="139.0" />
  <Point X="99.0" Y="140.0" />
  <Point X="99.0" Y="140.03666330405525" />
  <Point X="99.0" Y="141.0" />
  <Point X="100.0" Y="142.0" />
  <Point X="101.0" Y="143.0" />
  <Point X="101.0" Y="144.0" />
  <Point X="102.0" Y="145.0" />
  <Point X="102.26269341224084" Y="145.0" />
  <Point X="103.0" Y="145.0" />
  <Point X="103.0" Y="146.0" />
  <Point X="103.0" Y="147.0" />
  <Point X="104.0" Y="147.0" />
  <Point X="105.0" Y="149.0" />
  <Point X="105.49529623004592" Y="149.0" />
  <Point X="106.0" Y="149.0" />
  <Point X="106.0" Y="150.0" />
  <Point X="107.0" Y="150.0" />
  <Point X="107.0" Y="151.0" />
  <Point X="108.0" Y="152.0" />
  <Point X="108.0" Y="153.0" />
  <Point X="108.5497534629777" Y="153.0" />
  <Point X="109.0" Y="153.0" />
  <Point X="110.0" Y="154.0" />
  <Point X="111.0" Y="155.0" />
  <Point X="111.0" Y="156.0" />
  <Point X="112.0" Y="156.0" />
  <Point X="112.0" Y="157.0" />
  <Point X="112.1899971335364" Y="157.0" />
  <Point X="113.0" Y="157.0" />
  <Point X="114.0" Y="158.0" />
  <Point X="114.0" Y="159.0" />
  <Point X="115.0" Y="160.0" />
  <Point X="116.0" Y="161.0" />
  <Point X="116.29417568377995" Y="161.29417568377994" />
  <Point X="117.0" Y="162.0" />
  <Point X="118.0" Y="162.0" />
  <Point X="118.0" Y="163.0" />
  <Point X="119.0" Y="164.0" />
  <Point X="120.0" Y="165.0" />
  <Point X="120.4540031060303" Y="165.4540031060303" />
  <Point X="121.0" Y="166.0" />
  <Point X="122.0" Y="166.0" />
  <Point X="122.0" Y="167.0" />
  <Point X="123.0" Y="168.0" />
  <Point X="124.0" Y="169.0" />
  <Point X="124.86808745809316" Y="169.0" />
  <Point X="125.0" Y="169.0" />
  <Point X="125.0" Y="170.0" />
  <Point X="126.0" Y="170.0" />
  <Point X="126.0" Y="169.0" />
  <Point X="126.0" Y="168.0" />
  <Point X="126.0" Y="167.0" />
  <Point X="126.0" Y="166.0" />
  <Point X="126.0" Y="165.66324174660198" />
  <Point X="126.0" Y="165.0" />
  <Point X="126.0" Y="164.0" />
  <Point X="125.0" Y="163.0" />
  <Point X="125.0" Y="162.0" />
  <Point X="125.0" Y="161.0" />
  <Point X="125.0" Y="160.0" />
  <Point X="125.0" Y="159.6087845136702" />
  <Point X="125.0" Y="159.0" />
  <Point X="125.0" Y="158.0" />
  <Point X="125.0" Y="157.0" />
  <Point X="125.0" Y="156.0" />
  <Point X="125.0" Y="155.0" />
  <Point X="125.0" Y="154.0" />
  <Point X="125.0" Y="153.14011371836534" />
  <Point X="125.0" Y="153.0" />
  <Point X="125.0" Y="152.0" />
  <Point X="125.0" Y="151.0" />
  <Point X="125.0" Y="150.0" />
  <Point X="125.0" Y="148.0" />
  <Point X="125.0" Y="147.0" />
  <Point X="125.0" Y="146.67144292306048" />
  <Point X="125.0" Y="146.0" />
  <Point X="125.0" Y="145.0" />
  <Point X="125.0" Y="144.0" />
  <Point X="126.0" Y="143.0" />
  <Point X="126.0" Y="142.0" />
  <Point X="126.0" Y="141.0" />
  <Point X="126.0" Y="140.6169856901287" />
  <Point X="126.0" Y="140.0" />
  <Point X="127.0" Y="138.0" />
  <Point X="127.0" Y="137.0" />
  <Point X="127.0" Y="136.0" />
  <Point X="127.0" Y="135.0" />
  <Point X="127.43530704559456" Y="134.56469295440544" />
  <Point X="128.0" Y="134.0" />
  <Point X="129.0" Y="132.0" />
  <Point X="129.0" Y="131.0" />
  <Point X="129.0" Y="130.0" />
  <Point X="130.0" Y="129.0" />
  <Point X="130.0197928207353" Y="129.0" />
  <Point X="131.0" Y="129.0" />
  <Point X="131.0" Y="127.0" />
  <Point X="132.0" Y="125.0" />
  <Point X="132.0" Y="124.0" />
  <Point X="132.1784706675538" Y="123.82152933244619" />
  <Point X="133.0" Y="123.0" />
  <Point X="133.0" Y="122.0" />
  <Point X="134.0" Y="121.0" />
  <Point X="134.0" Y="120.0" />
  <Point X="135.0" Y="120.0" />
  <Point X="135.0" Y="119.10736069090095" />
  <Point X="135.0" Y="118.0" />
  <Point X="136.0" Y="118.0" />
  <Point X="136.0" Y="117.0" />
  <Point X="137.0" Y="115.0" />
  <Point X="138.0" Y="115.0" />
  <Point X="138.0" Y="114.87475787309586" />
  <Point X="138.0" Y="114.0" />
  <Point X="139.0" Y="113.0" />
  <Point X="139.0" Y="112.0" />
  <Point X="139.0" Y="111.0" />
  <Point X="140.0" Y="111.0" />
  <Point X="140.8341734171014" Y="110.16582658289859" />
  <Point X="141.0" Y="110.0" />
  <Point X="142.0" Y="109.0" />
  <Point X="142.0" Y="108.0" />
  <Point X="143.0" Y="107.0" />
  <Point X="143.0" Y="106.0" />
  <Point X="144.0" Y="106.0" />
  <Point X="144.0" Y="105.5942705319785" />
  <Point X="144.0" Y="105.0" />
  <Point X="144.0" Y="104.0" />
  <Point X="145.0" Y="104.0" />
  <Point X="146.0" Y="103.0" />
  <Point X="146.0" Y="102.0" />
  <Point X="147.0" Y="102.0" />
  <Point X="147.0" Y="101.53981329904671" />
  <Point X="147.0" Y="101.0" />
  <Point X="148.0" Y="100.0" />
  <Point X="148.0" Y="99.0" />
  <Point X="149.0" Y="99.0" />
  <Point X="149.0" Y="98.0" />
  <Point X="150.0" Y="98.0" />
  <Point X="150.0" Y="97.48535606611493" />
  <Point X="150.0" Y="97.0" />
  <Point X="150.0" Y="96.0" />
  <Point X="151.0" Y="96.0" />
  <Point X="151.0" Y="95.0" />
  <Point X="152.0" Y="95.0" />
  <Point X="152.0" Y="94.0" />
  <Point X="152.69530851305083" Y="93.30469148694918" />
  <Point X="153.0" Y="93.0" />
  <Point X="154.0" Y="92.0" />
  <Point X="154.0" Y="91.0" />
  <Point X="155.0" Y="91.0" />
  <Point X="155.0" Y="90.0" />
  <Point X="156.0" Y="90.0" />
  <Point X="156.0" Y="89.37644160025137" />
  <Point X="156.0" Y="89.0" />
  <Point X="156.0" Y="88.0" />
  <Point X="157.0" Y="88.0" />
  <Point X="158.0" Y="87.0" />
  <Point X="158.0" Y="86.0" />
  <Point X="159.0" Y="86.0" />
  <Point X="159.0" Y="85.32198436731959" />
  <Point X="159.0" Y="85.0" />
  <Point X="160.0" Y="85.0" />
  <Point X="160.0" Y="84.0" />
  <Point X="160.0" Y="83.0" />
  <Point X="161.0" Y="83.0" />
  <Point X="162.0" Y="83.0" />
  <Point X="162.0" Y="82.0" />
  <Point X="162.0" Y="81.85331357201471" />
  <Point X="162.0" Y="81.0" />
  <Point X="163.0" Y="81.0" />
  <Point X="162.0" Y="81.0" />
  <Point X="161.0" Y="81.0" />
  <Point X="160.0" Y="81.0" />
  <Point X="159.0" Y="81.0" />
  <Point X="158.38464277670985" Y="81.0" />
  <Point X="158.0" Y="81.0" />
  <Point X="157.0" Y="81.0" />
  <Point X="156.0" Y="81.0" />
  <Point X="156.0" Y="82.0" />
  <Point X="155.0" Y="82.0" />
  <Point X="154.0" Y="82.0" />
  <Point X="153.0" Y="82.0" />
  <Point X="152.94058321824178" Y="82.0594167817582" />
  <Point X="152.0" Y="83.0" />
  <Point X="151.0" Y="83.0" />
  <Point X="151.0" Y="84.0" />
  <Point X="149.0" Y="84.0" />
  <Point X="148.0" Y="84.0" />
  <Point X="148.0" Y="84.1384852515268" />
  <Point X="148.0" Y="85.0" />
  <Point X="147.0" Y="85.0" />
  <Point X="146.0" Y="85.0" />
  <Point X="145.0" Y="85.0" />
  <Point X="144.0" Y="86.0" />
  <Point X="143.1564622796738" Y="86.84353772032618" />
  <Point X="143.0" Y="87.0" />
  <Point X="141.0" Y="87.0" />
  <Point X="139.0" Y="88.0" />
  <Point X="138.0" Y="88.0" />
  <Point X="137.0954373927206" Y="88.4522813036397" />
  <Point X="136.0" Y="89.0" />
  <Point X="136.0" Y="90.0" />
  <Point X="135.0" Y="90.0" />
  <Point X="133.0" Y="90.0" />
  <Point X="132.12040543890112" Y="90.87959456109888" />
  <Point X="132.0" Y="91.0" />
  <Point X="131.0" Y="92.0" />
  <Point X="130.0" Y="92.0" />
  <Point X="128.0" Y="93.0" />
  <Point X="126.52588537795944" Y="93.73705731102028" />
  <Point X="126.0" Y="94.0" />
  <Point X="125.0" Y="94.0" />
  <Point X="124.0" Y="95.0" />
  <Point X="123.0" Y="96.0" />
  <Point X="121.0" Y="96.0" />
  <Point X="120.96302825456877" Y="96.03697174543123" />
  <Point X="120.0" Y="97.0" />
  <Point X="119.0" Y="97.0" />
  <Point X="118.0" Y="98.0" />
  <Point X="117.0" Y="99.0" />
  <Point X="115.8566393644004" Y="99.5716803177998" />
  <Point X="115.0" Y="100.0" />
  <Point X="113.0" Y="101.0" />
  <Point X="112.0" Y="102.0" />
  <Point X="111.0" Y="103.0" />
  <Point X="110.55357623244186" Y="103.0" />
  <Point X="109.0" Y="103.0" />
  <Point X="108.0" Y="104.0" />
  <Point X="107.0" Y="105.0" />
  <Point X="106.0" Y="105.0" />
  <Point X="105.23161008561299" Y="105.76838991438701" />
  <Point X="104.0" Y="107.0" />
  <Point X="103.0" Y="107.0" />
  <Point X="102.0" Y="108.0" />
  <Point X="101.0" Y="109.0" />
  <Point X="100.10151601607069" Y="109.0" />
  <Point X="100.0" Y="109.0" />
  <Point X="99.0" Y="110.0" />
  <Point X="97.0" Y="111.0" />
  <Point X="96.0" Y="111.0" />
  <Point X="95.23219094560757" Y="112.53561810878485" />
  <Point X="95.0" Y="113.0" />
  <Point X="93.0" Y="113.0" />
  <Point X="92.0" Y="115.0" />
  <Point X="90.46748122426726" Y="115.76625938786637" />
  <Point X="90.0" Y="116.0" />
  <Point X="89.0" Y="117.0" />
  <Point X="87.0" Y="117.0" />
  <Point X="85.20974893576177" Y="118.79025106423823" />
  <Point X="85.0" Y="119.0" />
  <Point X="84.0" Y="120.0" />
  <Point X="82.0" Y="120.0" />
  <Point X="81.0" Y="121.0" />
  <Point X="80.0" Y="121.0" />
  <Point X="79.75702829469796" Y="121.24297170530204" />
  <Point X="79.0" Y="122.0" />
  <Point X="78.0" Y="123.0" />
  <Point X="76.0" Y="124.0" />
  <Point X="75.0" Y="125.0" />
  <Point X="74.66642398840314" Y="125.0" />
  <Point X="74.0" Y="125.0" />
  <Point X="73.0" Y="127.0" />
  <Point X="70.0" Y="127.0" />
  <Point X="70.0" Y="127.56617882940195" />
  <Point X="70.0" Y="128.0" />
  <Point X="69.0" Y="129.0" />
  <Point X="68.0" Y="130.0" />
  <Point X="67.0" Y="130.0" />
  <Point X="66.0" Y="131.0" />
  <Point X="66.0" Y="131.79220893758753" />
  <Point X="66.0" Y="132.0" />
  <Point X="64.0" Y="132.0" />
  <Point X="64.0" Y="133.0" />
  <Point X="63.0" Y="133.0" />
  <Point X="62.0" Y="134.0" />
  <Point X="61.40131660942455" Y="134.59868339057545" />
  <Point X="61.0" Y="135.0" />
  <Point X="60.0" Y="136.0" />
  <Point X="58.0" Y="137.0" />
  <Point X="57.0" Y="138.0" />
  <Point X="57.0" Y="138.8366283012051" />
  <Point X="57.0" Y="139.0" />
  <Point X="57.0" Y="140.0" />
  <Point X="56.0" Y="140.0" />
  <Point X="56.0" Y="141.0" />
  <Point X="55.0" Y="142.0" />
  <Point X="54.0" Y="143.0" />
  <Point X="53.66280059500802" Y="143.33719940499196" />
  <Point X="53.0" Y="144.0" />
  <Point X="53.0" Y="145.0" />
  <Point X="53.0" Y="146.0" />
  <Point X="52.0" Y="146.0" />
  <Point X="52.0" Y="147.0" />
  <Point X="52.0" Y="148.0" />
  <Point X="51.46867079530444" Y="148.0" />
  <Point X="51.0" Y="148.0" />
  <Point X="51.0" Y="149.0" />
  <Point X="51.0" Y="150.0" />
  <Point X="51.0" Y="151.0" />
  <Point X="51.0" Y="152.0" />
  <Point X="50.0" Y="152.0" />
  <Point X="50.0" Y="151.0" />
</Project_1_Part_4>
