<?xml version="1.0" encoding="utf-8" standalone="yes"?>
<Gesture Name="zig_zag8" Subject="3" Number="3" NumPts="443">
  <Point X="39.0" Y="158.0" />
  <Point X="39.0" Y="157.0" />
  <Point X="39.0" Y="156.0" />
  <Point X="39.0" Y="155.0" />
  <Point X="39.0" Y="154.0" />
  <Point X="39.0" Y="153.0" />
  <Point X="39.0" Y="152.0" />
  <Point X="39.0" Y="151.0" />
  <Point X="39.220303409192404" Y="151.0" />
  <Point X="40.0" Y="151.0" />
  <Point X="40.0" Y="150.0" />
  <Point X="40.0" Y="149.0" />
  <Point X="40.0" Y="148.0" />
  <Point X="41.0" Y="147.0" />
  <Point X="41.0" Y="146.0" />
  <Point X="42.0" Y="146.0" />
  <Point X="42.0" Y="145.97360674398828" />
  <Point X="42.0" Y="145.0" />
  <Point X="42.0" Y="144.0" />
  <Point X="42.0" Y="143.0" />
  <Point X="43.0" Y="142.0" />
  <Point X="43.0" Y="141.0" />
  <Point X="43.0" Y="140.0" />
  <Point X="43.37229776161002" Y="139.25540447677994" />
  <Point X="44.0" Y="138.0" />
  <Point X="44.0" Y="137.0" />
  <Point X="45.0" Y="137.0" />
  <Point X="45.0" Y="135.0" />
  <Point X="45.0" Y="134.0" />
  <Point X="45.36524763233577" Y="133.26950473532844" />
  <Point X="46.0" Y="132.0" />
  <Point X="47.0" Y="131.0" />
  <Point X="47.0" Y="130.0" />
  <Point X="47.0" Y="129.0" />
  <Point X="47.0" Y="128.0" />
  <Point X="47.98057354330288" Y="127.01942645669712" />
  <Point X="48.0" Y="127.0" />
  <Point X="48.0" Y="126.0" />
  <Point X="48.0" Y="125.0" />
  <Point X="49.0" Y="124.0" />
  <Point X="49.0" Y="123.0" />
  <Point X="50.0" Y="122.0" />
  <Point X="50.0" Y="121.0" />
  <Point X="50.0" Y="120.6355968740837" />
  <Point X="50.0" Y="120.0" />
  <Point X="50.0" Y="119.0" />
  <Point X="51.0" Y="119.0" />
  <Point X="51.0" Y="117.0" />
  <Point X="51.0" Y="116.0" />
  <Point X="52.0" Y="115.0" />
  <Point X="52.120556737166" Y="114.879443262834" />
  <Point X="53.0" Y="114.0" />
  <Point X="53.0" Y="113.0" />
  <Point X="53.0" Y="112.0" />
  <Point X="53.0" Y="111.0" />
  <Point X="54.0" Y="110.0" />
  <Point X="54.69871277300288" Y="108.60257445399424" />
  <Point X="55.0" Y="108.0" />
  <Point X="55.0" Y="107.0" />
  <Point X="56.0" Y="105.0" />
  <Point X="56.0" Y="104.0" />
  <Point X="57.0" Y="102.0" />
  <Point X="57.07446873387486" Y="102.0" />
  <Point X="58.0" Y="102.0" />
  <Point X="58.0" Y="101.0" />
  <Point X="58.0" Y="99.0" />
  <Point X="59.0" Y="98.0" />
  <Point X="59.0" Y="97.0" />
  <Point X="59.0" Y="96.11944141930583" />
  <Point X="59.0" Y="96.0" />
  <Point X="60.0" Y="96.0" />
  <Point X="61.0" Y="94.0" />
  <Point X="61.0" Y="93.0" />
  <Point X="62.0" Y="93.0" />
  <Point X="62.0" Y="91.13520598761322" />
  <Point X="62.0" Y="91.0" />
  <Point X="62.0" Y="90.0" />
  <Point X="63.0" Y="89.0" />
  <Point X="64.0" Y="88.0" />
  <Point X="64.0" Y="87.0" />
  <Point X="64.0" Y="86.0" />
  <Point X="65.0" Y="86.0" />
  <Point X="65.0" Y="85.743329703167" />
  <Point X="65.0" Y="85.0" />
  <Point X="65.0" Y="84.0" />
  <Point X="66.0" Y="84.0" />
  <Point X="67.0" Y="82.0" />
  <Point X="67.0" Y="81.0" />
  <Point X="68.0" Y="81.0" />
  <Point X="68.0" Y="80.7590942714744" />
  <Point X="68.0" Y="80.0" />
  <Point X="68.0" Y="79.0" />
  <Point X="69.0" Y="78.0" />
  <Point X="69.0" Y="77.0" />
  <Point X="70.0" Y="77.0" />
  <Point X="70.0" Y="76.0" />
  <Point X="71.0" Y="76.0" />
  <Point X="71.0" Y="75.95300442465509" />
  <Point X="71.0" Y="75.0" />
  <Point X="72.0" Y="74.0" />
  <Point X="72.0" Y="73.0" />
  <Point X="73.0" Y="73.0" />
  <Point X="73.0" Y="72.0" />
  <Point X="74.0" Y="71.0" />
  <Point X="74.43887185979112" Y="71.0" />
  <Point X="75.0" Y="71.0" />
  <Point X="75.0" Y="70.0" />
  <Point X="76.0" Y="70.0" />
  <Point X="76.0" Y="69.0" />
  <Point X="77.0" Y="69.0" />
  <Point X="78.0" Y="69.0" />
  <Point X="78.0" Y="70.0" />
  <Point X="78.29479214210677" Y="70.58958428421354" />
  <Point X="79.0" Y="72.0" />
  <Point X="79.0" Y="73.0" />
  <Point X="79.0" Y="74.0" />
  <Point X="79.0" Y="75.0" />
  <Point X="79.0" Y="76.0" />
  <Point X="79.0" Y="77.0" />
  <Point X="79.64341070067614" Y="77.0" />
  <Point X="80.0" Y="77.0" />
  <Point X="80.0" Y="79.0" />
  <Point X="80.0" Y="80.0" />
  <Point X="80.0" Y="81.0" />
  <Point X="80.0" Y="82.0" />
  <Point X="80.0" Y="83.0" />
  <Point X="80.61073810409455" Y="83.61073810409455" />
  <Point X="81.0" Y="84.0" />
  <Point X="81.0" Y="85.0" />
  <Point X="81.0" Y="86.0" />
  <Point X="82.0" Y="88.0" />
  <Point X="82.0" Y="90.0" />
  <Point X="82.0" Y="90.43373597918807" />
  <Point X="82.0" Y="91.0" />
  <Point X="82.0" Y="93.0" />
  <Point X="83.0" Y="94.0" />
  <Point X="83.0" Y="95.0" />
  <Point X="83.0" Y="96.0" />
  <Point X="83.87668924906004" Y="96.87668924906004" />
  <Point X="84.0" Y="97.0" />
  <Point X="84.0" Y="98.0" />
  <Point X="84.0" Y="99.0" />
  <Point X="84.0" Y="101.0" />
  <Point X="85.0" Y="102.0" />
  <Point X="85.0" Y="103.6317021104536" />
  <Point X="85.0" Y="104.0" />
  <Point X="85.0" Y="105.0" />
  <Point X="85.0" Y="106.0" />
  <Point X="86.0" Y="107.0" />
  <Point X="86.0" Y="109.0" />
  <Point X="87.0" Y="110.0" />
  <Point X="87.0" Y="110.02357839489981" />
  <Point X="87.0" Y="112.0" />
  <Point X="87.0" Y="113.0" />
  <Point X="87.0" Y="115.0" />
  <Point X="88.0" Y="116.0" />
  <Point X="88.0" Y="116.82966824171912" />
  <Point X="88.0" Y="117.0" />
  <Point X="89.0" Y="118.0" />
  <Point X="89.0" Y="119.0" />
  <Point X="89.0" Y="120.0" />
  <Point X="89.0" Y="121.0" />
  <Point X="89.0" Y="122.0" />
  <Point X="90.0" Y="123.0" />
  <Point X="90.0" Y="123.22154452616533" />
  <Point X="90.0" Y="124.0" />
  <Point X="91.0" Y="125.0" />
  <Point X="91.0" Y="126.0" />
  <Point X="91.0" Y="127.0" />
  <Point X="92.0" Y="128.0" />
  <Point X="92.0" Y="129.0" />
  <Point X="92.0" Y="129.61342081061156" />
  <Point X="92.0" Y="130.0" />
  <Point X="92.0" Y="131.0" />
  <Point X="93.0" Y="132.0" />
  <Point X="93.0" Y="133.0" />
  <Point X="93.0" Y="134.0" />
  <Point X="94.0" Y="134.0" />
  <Point X="94.0" Y="135.0" />
  <Point X="94.41951065743086" Y="135.0" />
  <Point X="95.0" Y="135.0" />
  <Point X="95.0" Y="136.0" />
  <Point X="96.0" Y="136.0" />
  <Point X="97.0" Y="136.0" />
  <Point X="97.0" Y="135.0" />
  <Point X="97.0" Y="134.0" />
  <Point X="97.0" Y="133.0" />
  <Point X="97.45241686520785" Y="132.54758313479215" />
  <Point X="98.0" Y="132.0" />
  <Point X="98.0" Y="131.0" />
  <Point X="99.0" Y="130.0" />
  <Point X="99.0" Y="129.0" />
  <Point X="99.0" Y="128.0" />
  <Point X="99.0" Y="127.0" />
  <Point X="99.0" Y="126.0" />
  <Point X="99.0" Y="125.96830964893051" />
  <Point X="99.0" Y="125.0" />
  <Point X="100.0" Y="124.0" />
  <Point X="100.0" Y="123.0" />
  <Point X="100.0" Y="122.0" />
  <Point X="100.0" Y="121.0" />
  <Point X="101.0" Y="120.0" />
  <Point X="101.0" Y="119.5764333644843" />
  <Point X="101.0" Y="119.0" />
  <Point X="101.0" Y="118.0" />
  <Point X="101.0" Y="117.0" />
  <Point X="101.0" Y="116.0" />
  <Point X="102.0" Y="116.0" />
  <Point X="102.0" Y="115.0" />
  <Point X="103.0" Y="114.0" />
  <Point X="103.0" Y="113.770343517665" />
  <Point X="103.0" Y="113.0" />
  <Point X="103.0" Y="112.0" />
  <Point X="103.0" Y="111.0" />
  <Point X="103.0" Y="110.0" />
  <Point X="104.0" Y="109.0" />
  <Point X="104.0" Y="108.0" />
  <Point X="104.0" Y="107.0" />
  <Point X="104.0" Y="106.9642536708457" />
  <Point X="104.0" Y="106.0" />
  <Point X="105.0" Y="105.0" />
  <Point X="105.0" Y="104.0" />
  <Point X="106.0" Y="103.0" />
  <Point X="106.0" Y="102.0" />
  <Point X="106.0" Y="101.0" />
  <Point X="106.0" Y="100.57237738639948" />
  <Point X="106.0" Y="100.0" />
  <Point X="107.0" Y="99.0" />
  <Point X="107.0" Y="98.0" />
  <Point X="107.0" Y="96.0" />
  <Point X="108.0" Y="95.0" />
  <Point X="108.0" Y="94.18050110195327" />
  <Point X="108.0" Y="94.0" />
  <Point X="108.0" Y="93.0" />
  <Point X="109.0" Y="93.0" />
  <Point X="109.0" Y="92.0" />
  <Point X="109.0" Y="91.0" />
  <Point X="109.0" Y="90.0" />
  <Point X="109.0" Y="89.0" />
  <Point X="110.0" Y="89.0" />
  <Point X="110.0" Y="88.96019769276086" />
  <Point X="110.0" Y="88.0" />
  <Point X="110.0" Y="87.0" />
  <Point X="110.0" Y="86.0" />
  <Point X="110.0" Y="85.0" />
  <Point X="111.0" Y="85.0" />
  <Point X="111.0" Y="84.0" />
  <Point X="111.0" Y="83.0" />
  <Point X="111.0" Y="82.73989428356845" />
  <Point X="111.0" Y="82.0" />
  <Point X="112.0" Y="81.0" />
  <Point X="112.0" Y="80.0" />
  <Point X="113.0" Y="80.0" />
  <Point X="113.0" Y="79.0" />
  <Point X="113.0" Y="78.0" />
  <Point X="113.75391411284569" Y="77.24608588715431" />
  <Point X="114.0" Y="77.0" />
  <Point X="114.0" Y="76.0" />
  <Point X="115.0" Y="75.0" />
  <Point X="116.0" Y="75.0" />
  <Point X="117.0" Y="75.0" />
  <Point X="118.0" Y="75.0" />
  <Point X="118.0" Y="76.0" />
  <Point X="118.0" Y="76.45807184769707" />
  <Point X="118.0" Y="77.0" />
  <Point X="118.0" Y="78.0" />
  <Point X="118.0" Y="79.0" />
  <Point X="118.0" Y="80.0" />
  <Point X="118.0" Y="81.0" />
  <Point X="118.0" Y="82.0" />
  <Point X="118.0" Y="83.0" />
  <Point X="118.0" Y="83.67837525688948" />
  <Point X="118.0" Y="84.0" />
  <Point X="118.0" Y="86.0" />
  <Point X="119.0" Y="88.0" />
  <Point X="119.0" Y="90.0" />
  <Point X="119.0" Y="90.66261068858209" />
  <Point X="119.0" Y="91.0" />
  <Point X="119.0" Y="93.0" />
  <Point X="119.0" Y="94.0" />
  <Point X="119.0" Y="95.0" />
  <Point X="119.0" Y="96.0" />
  <Point X="119.0" Y="97.0" />
  <Point X="119.0" Y="97.8829140977745" />
  <Point X="119.0" Y="98.0" />
  <Point X="119.0" Y="99.0" />
  <Point X="120.0" Y="101.0" />
  <Point X="120.0" Y="102.0" />
  <Point X="120.0" Y="103.0" />
  <Point X="120.0" Y="104.86714952946711" />
  <Point X="120.0" Y="106.0" />
  <Point X="120.0" Y="107.0" />
  <Point X="120.0" Y="108.0" />
  <Point X="120.0" Y="109.0" />
  <Point X="120.0" Y="111.0" />
  <Point X="120.0" Y="112.0" />
  <Point X="120.0" Y="112.08745293865952" />
  <Point X="120.0" Y="113.0" />
  <Point X="120.0" Y="115.0" />
  <Point X="120.0" Y="116.0" />
  <Point X="120.0" Y="117.0" />
  <Point X="120.0" Y="118.0" />
  <Point X="120.92472338170586" Y="118.92472338170586" />
  <Point X="121.0" Y="119.0" />
  <Point X="121.0" Y="120.0" />
  <Point X="121.0" Y="121.0" />
  <Point X="121.0" Y="123.0" />
  <Point X="121.0" Y="124.0" />
  <Point X="121.0" Y="126.11384619467125" />
  <Point X="121.0" Y="127.0" />
  <Point X="121.0" Y="128.0" />
  <Point X="121.0" Y="129.0" />
  <Point X="121.0" Y="130.0" />
  <Point X="121.0" Y="131.0" />
  <Point X="121.0" Y="132.0" />
  <Point X="121.0" Y="133.0" />
  <Point X="121.0" Y="133.33414960386366" />
  <Point X="121.0" Y="134.0" />
  <Point X="121.0" Y="135.0" />
  <Point X="122.0" Y="135.0" />
  <Point X="122.0" Y="137.0" />
  <Point X="122.0" Y="138.0" />
  <Point X="122.0" Y="139.0" />
  <Point X="122.0" Y="139.55445301305608" />
  <Point X="122.0" Y="140.0" />
  <Point X="122.0" Y="141.0" />
  <Point X="122.0" Y="142.0" />
  <Point X="122.0" Y="143.0" />
  <Point X="123.0" Y="144.0" />
  <Point X="123.0" Y="145.0" />
  <Point X="124.0" Y="145.0" />
  <Point X="124.0" Y="145.36054285987538" />
  <Point X="124.0" Y="146.0" />
  <Point X="125.0" Y="147.0" />
  <Point X="125.0" Y="146.0" />
  <Point X="126.0" Y="146.0" />
  <Point X="126.0" Y="145.0" />
  <Point X="126.0" Y="144.0" />
  <Point X="126.0" Y="143.0" />
  <Point X="126.16663270669468" Y="143.0" />
  <Point X="127.0" Y="143.0" />
  <Point X="127.0" Y="142.0" />
  <Point X="128.0" Y="141.0" />
  <Point X="128.0" Y="140.0" />
  <Point X="128.0" Y="139.0" />
  <Point X="129.0" Y="138.0" />
  <Point X="129.0" Y="137.4414910088591" />
  <Point X="129.0" Y="137.0" />
  <Point X="129.0" Y="136.0" />
  <Point X="130.0" Y="135.0" />
  <Point X="130.0" Y="134.0" />
  <Point X="131.0" Y="134.0" />
  <Point X="131.0" Y="133.0" />
  <Point X="131.0" Y="131.63540116203978" />
  <Point X="131.0" Y="131.0" />
  <Point X="132.0" Y="131.0" />
  <Point X="132.0" Y="130.0" />
  <Point X="132.0" Y="129.0" />
  <Point X="133.0" Y="128.0" />
  <Point X="133.0" Y="127.0" />
  <Point X="133.0" Y="126.0" />
  <Point X="133.1206951264794" Y="125.87930487352058" />
  <Point X="134.0" Y="125.0" />
  <Point X="135.0" Y="125.0" />
  <Point X="135.0" Y="123.0" />
  <Point X="136.0" Y="122.0" />
  <Point X="136.0" Y="121.0" />
  <Point X="136.39779350459753" Y="120.60220649540248" />
  <Point X="137.0" Y="120.0" />
  <Point X="137.0" Y="119.0" />
  <Point X="138.0" Y="118.0" />
  <Point X="138.0" Y="117.0" />
  <Point X="138.0" Y="116.0" />
  <Point X="139.0" Y="116.0" />
  <Point X="139.0" Y="115.04555874632804" />
  <Point X="139.0" Y="115.0" />
  <Point X="140.0" Y="113.0" />
  <Point X="141.0" Y="111.0" />
  <Point X="141.0" Y="110.0" />
  <Point X="142.0" Y="109.0" />
  <Point X="142.20392616303846" Y="108.79607383696154" />
  <Point X="143.0" Y="108.0" />
  <Point X="143.0" Y="107.0" />
  <Point X="144.0" Y="107.0" />
  <Point X="144.0" Y="106.0" />
  <Point X="144.0" Y="105.0" />
  <Point X="144.9366821641321" Y="103.12663567173578" />
  <Point X="145.0" Y="103.0" />
  <Point X="146.0" Y="103.0" />
  <Point X="146.0" Y="102.0" />
  <Point X="147.0" Y="101.0" />
  <Point X="147.0" Y="100.0" />
  <Point X="147.0" Y="99.0" />
  <Point X="148.17698408919048" Y="97.82301591080952" />
  <Point X="149.0" Y="97.0" />
  <Point X="149.0" Y="96.0" />
  <Point X="151.0" Y="95.0" />
  <Point X="151.0" Y="94.0" />
  <Point X="151.0" Y="93.0" />
  <Point X="151.58005041841096" Y="92.41994958158905" />
  <Point X="152.0" Y="92.0" />
  <Point X="152.0" Y="91.0" />
  <Point X="153.0" Y="90.0" />
  <Point X="154.0" Y="89.0" />
  <Point X="154.0" Y="88.0" />
  <Point X="155.0" Y="88.0" />
  <Point X="155.0" Y="87.20202210934991" />
  <Point X="155.0" Y="86.0" />
  <Point X="156.0" Y="86.0" />
  <Point X="157.0" Y="85.0" />
  <Point X="157.0" Y="83.0" />
  <Point X="158.0" Y="82.0" />
  <Point X="158.1342471746472" Y="81.86575282535283" />
  <Point X="159.0" Y="81.0" />
  <Point X="159.0" Y="80.0" />
  <Point X="160.0" Y="80.0" />
  <Point X="160.0" Y="79.0" />
  <Point X="161.0" Y="78.0" />
  <Point X="161.0" Y="77.0" />
  <Point X="161.41134555276528" Y="76.58865444723472" />
  <Point X="162.0" Y="76.0" />
  <Point X="162.0" Y="75.0" />
  <Point X="163.0" Y="75.0" />
  <Point X="164.0" Y="74.0" />
  <Point X="164.0" Y="73.0" />
  <Point X="164.0" Y="72.0" />
  <Point X="164.97360674398874" Y="72.0" />
  <Point X="165.0" Y="72.0" />
  <Point X="165.0" Y="71.0" />
  <Point X="165.0" Y="70.0" />
  <Point X="166.0" Y="70.0" />
  <Point X="166.0" Y="69.0" />
  <Point X="166.0" Y="68.0" />
  <Point X="167.0" Y="68.0" />
  <Point X="167.0" Y="67.0" />
  <Point X="167.0" Y="66.80608984681885" />
  <Point X="167.0" Y="66.0" />
  <Point X="168.0" Y="66.0" />
  <Point X="169.0" Y="66.0" />
  <Point X="169.0" Y="65.0" />
  <Point X="170.0" Y="64.0" />
  <Point X="171.0" Y="64.0" />
  <Point X="172.0" Y="64.0" />
</Project_1_Part_4>
