<?xml version="1.0" encoding="utf-8" standalone="yes"?>
<Gesture Name="zig_zag10" Subject="3" Number="3" NumPts="487">
  <Point X="60.0" Y="178.0" />
  <Point X="60.0" Y="177.0" />
  <Point X="60.0" Y="176.0" />
  <Point X="60.0" Y="175.0" />
  <Point X="60.0" Y="174.0" />
  <Point X="60.0" Y="173.0" />
  <Point X="60.0" Y="172.0" />
  <Point X="60.0" Y="171.0" />
  <Point X="60.0" Y="170.0" />
  <Point X="60.0" Y="169.53062027644324" />
  <Point X="60.0" Y="169.0" />
  <Point X="60.0" Y="168.0" />
  <Point X="61.0" Y="168.0" />
  <Point X="61.0" Y="167.0" />
  <Point X="61.0" Y="166.0" />
  <Point X="61.0" Y="165.0" />
  <Point X="62.0" Y="165.0" />
  <Point X="62.0" Y="164.0" />
  <Point X="62.0" Y="163.0612405528865" />
  <Point X="62.0" Y="163.0" />
  <Point X="63.0" Y="162.0" />
  <Point X="63.0" Y="161.0" />
  <Point X="63.0" Y="160.0" />
  <Point X="64.0" Y="159.0" />
  <Point X="64.0" Y="158.0" />
  <Point X="64.0" Y="157.0" />
  <Point X="64.70646870391231" Y="155.58706259217539" />
  <Point X="65.0" Y="155.0" />
  <Point X="65.0" Y="154.0" />
  <Point X="66.0" Y="153.0" />
  <Point X="66.0" Y="152.0" />
  <Point X="66.0" Y="151.0" />
  <Point X="67.0" Y="150.0" />
  <Point X="67.0" Y="149.0" />
  <Point X="67.0" Y="148.01540333276515" />
  <Point X="67.0" Y="148.0" />
  <Point X="68.0" Y="146.0" />
  <Point X="69.0" Y="145.0" />
  <Point X="69.0" Y="144.0" />
  <Point X="69.0" Y="143.0" />
  <Point X="69.0" Y="142.0" />
  <Point X="70.0" Y="141.0" />
  <Point X="70.27540486027588" Y="140.7245951397241" />
  <Point X="71.0" Y="140.0" />
  <Point X="71.0" Y="139.0" />
  <Point X="71.0" Y="138.0" />
  <Point X="71.0" Y="137.0" />
  <Point X="72.0" Y="136.0" />
  <Point X="72.0" Y="135.0" />
  <Point X="72.0" Y="134.0" />
  <Point X="72.46082404368957" Y="133.07835191262086" />
  <Point X="73.0" Y="132.0" />
  <Point X="74.0" Y="130.0" />
  <Point X="74.0" Y="129.0" />
  <Point X="74.0" Y="128.0" />
  <Point X="74.0" Y="127.0" />
  <Point X="75.0" Y="126.0" />
  <Point X="75.0" Y="125.38653590645971" />
  <Point X="75.0" Y="125.0" />
  <Point X="76.0" Y="123.0" />
  <Point X="76.0" Y="122.0" />
  <Point X="76.0" Y="121.0" />
  <Point X="77.0" Y="120.0" />
  <Point X="78.0" Y="118.0" />
  <Point X="78.0" Y="117.80350570027564" />
  <Point X="78.0" Y="117.0" />
  <Point X="78.0" Y="116.0" />
  <Point X="79.0" Y="115.0" />
  <Point X="79.0" Y="114.0" />
  <Point X="79.0" Y="112.0" />
  <Point X="79.0" Y="111.0" />
  <Point X="79.88505759965115" Y="110.11494240034885" />
  <Point X="80.0" Y="110.0" />
  <Point X="81.0" Y="108.0" />
  <Point X="81.0" Y="107.0" />
  <Point X="81.0" Y="106.0" />
  <Point X="81.0" Y="105.0" />
  <Point X="82.0" Y="105.0" />
  <Point X="82.0" Y="104.0" />
  <Point X="82.0" Y="103.0" />
  <Point X="82.0" Y="102.9292413554081" />
  <Point X="82.0" Y="102.0" />
  <Point X="82.0" Y="101.0" />
  <Point X="83.0" Y="101.0" />
  <Point X="83.0" Y="99.0" />
  <Point X="84.0" Y="98.0" />
  <Point X="84.0" Y="97.0" />
  <Point X="84.0" Y="96.0" />
  <Point X="84.0" Y="95.87407519422443" />
  <Point X="84.0" Y="95.0" />
  <Point X="85.0" Y="94.0" />
  <Point X="85.0" Y="93.0" />
  <Point X="85.0" Y="92.0" />
  <Point X="85.0" Y="91.0" />
  <Point X="85.0" Y="90.0" />
  <Point X="86.0" Y="90.0" />
  <Point X="86.0" Y="89.0" />
  <Point X="86.0" Y="88.81890903304077" />
  <Point X="86.0" Y="88.0" />
  <Point X="86.0" Y="87.0" />
  <Point X="87.0" Y="87.0" />
  <Point X="87.0" Y="86.0" />
  <Point X="88.0" Y="85.0" />
  <Point X="88.0" Y="84.0" />
  <Point X="88.0" Y="83.0" />
  <Point X="89.0" Y="83.0" />
  <Point X="89.0" Y="83.2362571281429" />
  <Point X="89.0" Y="84.0" />
  <Point X="90.0" Y="84.0" />
  <Point X="90.0" Y="85.0" />
  <Point X="90.0" Y="86.0" />
  <Point X="90.0" Y="87.0" />
  <Point X="90.0" Y="88.0" />
  <Point X="91.0" Y="89.0" />
  <Point X="91.0" Y="90.0" />
  <Point X="91.0" Y="90.29142328932656" />
  <Point X="91.0" Y="91.0" />
  <Point X="91.0" Y="92.0" />
  <Point X="92.0" Y="93.0" />
  <Point X="92.0" Y="94.0" />
  <Point X="92.0" Y="95.0" />
  <Point X="93.0" Y="96.0" />
  <Point X="93.0" Y="97.0" />
  <Point X="93.0" Y="97.93237588813713" />
  <Point X="93.0" Y="98.0" />
  <Point X="93.0" Y="100.0" />
  <Point X="94.0" Y="102.0" />
  <Point X="95.0" Y="104.0" />
  <Point X="95.0" Y="105.0" />
  <Point X="95.0" Y="105.9296196566943" />
  <Point X="95.0" Y="106.0" />
  <Point X="95.0" Y="107.0" />
  <Point X="96.0" Y="108.0" />
  <Point X="96.0" Y="109.0" />
  <Point X="96.0" Y="110.0" />
  <Point X="96.0" Y="111.0" />
  <Point X="97.0" Y="112.0" />
  <Point X="97.0" Y="113.0" />
  <Point X="97.40345551102439" Y="113.40345551102439" />
  <Point X="98.0" Y="114.0" />
  <Point X="98.0" Y="116.0" />
  <Point X="98.0" Y="117.0" />
  <Point X="99.0" Y="118.0" />
  <Point X="99.0" Y="119.0" />
  <Point X="99.98902398163592" Y="120.97804796327185" />
  <Point X="100.0" Y="121.0" />
  <Point X="100.0" Y="122.0" />
  <Point X="100.0" Y="123.0" />
  <Point X="101.0" Y="124.0" />
  <Point X="101.0" Y="125.0" />
  <Point X="102.0" Y="126.0" />
  <Point X="102.0" Y="128.0" />
  <Point X="102.43586732020293" Y="128.43586732020293" />
  <Point X="103.0" Y="129.0" />
  <Point X="104.0" Y="131.0" />
  <Point X="104.0" Y="132.0" />
  <Point X="104.0" Y="134.0" />
  <Point X="105.0" Y="134.0" />
  <Point X="106.0" Y="135.0" />
  <Point X="106.0" Y="135.02129409693697" />
  <Point X="106.0" Y="137.0" />
  <Point X="107.0" Y="137.0" />
  <Point X="107.0" Y="138.0" />
  <Point X="107.0" Y="139.0" />
  <Point X="108.0" Y="140.0" />
  <Point X="109.0" Y="140.0" />
  <Point X="109.0" Y="141.07646025812062" />
  <Point X="109.0" Y="142.0" />
  <Point X="110.0" Y="143.0" />
  <Point X="110.0" Y="144.0" />
  <Point X="111.0" Y="145.0" />
  <Point X="112.0" Y="146.0" />
  <Point X="112.0" Y="147.0" />
  <Point X="112.92150105841955" Y="147.92150105841955" />
  <Point X="113.0" Y="148.0" />
  <Point X="114.0" Y="149.0" />
  <Point X="115.0" Y="149.0" />
  <Point X="115.0" Y="150.0" />
  <Point X="115.0" Y="151.0" />
  <Point X="116.0" Y="152.0" />
  <Point X="117.0" Y="152.0" />
  <Point X="117.0" Y="153.0" />
  <Point X="117.0" Y="153.52993833099555" />
  <Point X="117.0" Y="154.0" />
  <Point X="118.0" Y="154.0" />
  <Point X="119.0" Y="155.0" />
  <Point X="120.0" Y="155.0" />
  <Point X="120.0" Y="156.0" />
  <Point X="121.0" Y="157.0" />
  <Point X="122.0" Y="157.0" />
  <Point X="122.0" Y="158.0" />
  <Point X="122.17089092980612" Y="158.0" />
  <Point X="123.0" Y="158.0" />
  <Point X="124.0" Y="158.0" />
  <Point X="124.0" Y="159.0" />
  <Point X="125.0" Y="159.0" />
  <Point X="126.0" Y="159.0" />
  <Point X="127.0" Y="159.0" />
  <Point X="128.0" Y="159.0" />
  <Point X="128.0" Y="158.0" />
  <Point X="128.0" Y="157.35972934663712" />
  <Point X="128.0" Y="157.0" />
  <Point X="128.0" Y="156.0" />
  <Point X="129.0" Y="156.0" />
  <Point X="129.0" Y="155.0" />
  <Point X="129.0" Y="154.0" />
  <Point X="129.0" Y="153.0" />
  <Point X="129.0" Y="152.0" />
  <Point X="129.0" Y="151.0" />
  <Point X="129.0" Y="150.0" />
  <Point X="129.0" Y="149.89034962308037" />
  <Point X="129.0" Y="149.0" />
  <Point X="130.0" Y="149.0" />
  <Point X="130.0" Y="148.0" />
  <Point X="130.0" Y="147.0" />
  <Point X="130.0" Y="146.0" />
  <Point X="130.0" Y="145.0" />
  <Point X="130.0" Y="144.0" />
  <Point X="131.0" Y="144.0" />
  <Point X="131.0" Y="143.4209698995236" />
  <Point X="131.0" Y="143.0" />
  <Point X="131.0" Y="142.0" />
  <Point X="131.0" Y="141.0" />
  <Point X="131.0" Y="140.0" />
  <Point X="131.0" Y="139.0" />
  <Point X="131.0" Y="138.0" />
  <Point X="131.0" Y="137.0" />
  <Point X="131.0" Y="136.0" />
  <Point X="131.0" Y="135.0" />
  <Point X="131.0" Y="134.95159017596686" />
  <Point X="131.0" Y="133.0" />
  <Point X="132.0" Y="133.0" />
  <Point X="132.0" Y="132.0" />
  <Point X="132.0" Y="131.0" />
  <Point X="132.0" Y="130.0" />
  <Point X="132.0" Y="129.0" />
  <Point X="132.0" Y="127.4822104524101" />
  <Point X="132.0" Y="127.0" />
  <Point X="132.0" Y="125.0" />
  <Point X="132.0" Y="124.0" />
  <Point X="132.0" Y="123.0" />
  <Point X="132.0" Y="122.0" />
  <Point X="132.0" Y="121.0" />
  <Point X="133.0" Y="120.0" />
  <Point X="133.0" Y="119.42704429122644" />
  <Point X="133.0" Y="119.0" />
  <Point X="133.0" Y="118.0" />
  <Point X="133.0" Y="116.0" />
  <Point X="133.0" Y="115.0" />
  <Point X="133.0" Y="114.0" />
  <Point X="133.0" Y="113.0" />
  <Point X="133.0" Y="112.0" />
  <Point X="133.46614657640944" Y="111.06770684718111" />
  <Point X="134.0" Y="110.0" />
  <Point X="134.0" Y="108.0" />
  <Point X="134.0" Y="107.0" />
  <Point X="134.0" Y="106.0" />
  <Point X="134.0" Y="105.0" />
  <Point X="134.0" Y="103.0" />
  <Point X="134.0" Y="102.72435282161273" />
  <Point X="134.0" Y="102.0" />
  <Point X="134.0" Y="101.0" />
  <Point X="134.0" Y="100.0" />
  <Point X="134.0" Y="99.0" />
  <Point X="134.0" Y="97.0" />
  <Point X="134.0" Y="96.0" />
  <Point X="134.0" Y="95.0" />
  <Point X="134.0" Y="94.25497309805597" />
  <Point X="134.0" Y="93.0" />
  <Point X="134.0" Y="92.0" />
  <Point X="134.0" Y="91.0" />
  <Point X="134.0" Y="90.0" />
  <Point X="135.0" Y="89.0" />
  <Point X="135.0" Y="88.0" />
  <Point X="135.0" Y="87.0" />
  <Point X="135.0" Y="86.1998069368723" />
  <Point X="135.0" Y="86.0" />
  <Point X="135.0" Y="85.0" />
  <Point X="135.0" Y="84.0" />
  <Point X="136.0" Y="84.0" />
  <Point X="136.0" Y="83.0" />
  <Point X="136.0" Y="82.0" />
  <Point X="136.0" Y="81.0" />
  <Point X="137.0" Y="81.0" />
  <Point X="137.0" Y="80.0" />
  <Point X="137.19061674548792" Y="79.80938325451207" />
  <Point X="138.0" Y="79.0" />
  <Point X="138.0" Y="78.0" />
  <Point X="138.0" Y="77.0" />
  <Point X="139.0" Y="77.0" />
  <Point X="139.0" Y="78.0" />
  <Point X="139.0" Y="79.0" />
  <Point X="139.0" Y="80.0" />
  <Point X="139.0" Y="81.0" />
  <Point X="139.0" Y="81.3247389478681" />
  <Point X="139.0" Y="82.0" />
  <Point X="139.0" Y="83.0" />
  <Point X="140.0" Y="84.0" />
  <Point X="140.0" Y="85.0" />
  <Point X="140.0" Y="86.0" />
  <Point X="140.0" Y="87.0" />
  <Point X="141.0" Y="89.0" />
  <Point X="141.0" Y="89.14383713155196" />
  <Point X="141.0" Y="90.0" />
  <Point X="141.0" Y="92.0" />
  <Point X="141.0" Y="93.0" />
  <Point X="141.0" Y="95.0" />
  <Point X="142.0" Y="96.0" />
  <Point X="142.0" Y="97.19900329273563" />
  <Point X="142.0" Y="98.0" />
  <Point X="143.0" Y="100.0" />
  <Point X="143.0" Y="101.0" />
  <Point X="143.0" Y="102.0" />
  <Point X="143.0" Y="104.0" />
  <Point X="143.0" Y="105.4323150387926" />
  <Point X="143.0" Y="106.0" />
  <Point X="144.0" Y="107.0" />
  <Point X="144.0" Y="109.0" />
  <Point X="145.0" Y="111.0" />
  <Point X="145.0" Y="113.0" />
  <Point X="145.0" Y="113.25141322247646" />
  <Point X="145.0" Y="114.0" />
  <Point X="145.0" Y="116.0" />
  <Point X="146.0" Y="118.0" />
  <Point X="146.0" Y="120.0" />
  <Point X="147.0" Y="121.0" />
  <Point X="147.0" Y="121.07051140616032" />
  <Point X="147.0" Y="122.0" />
  <Point X="147.0" Y="124.0" />
  <Point X="147.0" Y="125.0" />
  <Point X="148.0" Y="128.0" />
  <Point X="148.9741198261718" Y="128.9741198261718" />
  <Point X="149.0" Y="129.0" />
  <Point X="149.0" Y="131.0" />
  <Point X="149.0" Y="133.0" />
  <Point X="149.0" Y="135.0" />
  <Point X="150.0" Y="136.0" />
  <Point X="150.0" Y="137.01856606835923" />
  <Point X="150.0" Y="138.0" />
  <Point X="151.0" Y="139.0" />
  <Point X="151.0" Y="141.0" />
  <Point X="151.0" Y="142.0" />
  <Point X="151.0" Y="143.0" />
  <Point X="151.0" Y="144.0" />
  <Point X="151.75924334068833" Y="144.75924334068833" />
  <Point X="152.0" Y="145.0" />
  <Point X="152.0" Y="146.0" />
  <Point X="153.0" Y="148.0" />
  <Point X="153.0" Y="149.0" />
  <Point X="153.0" Y="150.0" />
  <Point X="153.0" Y="151.0" />
  <Point X="153.0" Y="152.0" />
  <Point X="153.0" Y="152.89283041322676" />
  <Point X="153.0" Y="153.0" />
  <Point X="154.0" Y="153.0" />
  <Point X="154.0" Y="154.0" />
  <Point X="154.0" Y="155.0" />
  <Point X="155.0" Y="156.0" />
  <Point X="155.0" Y="157.0" />
  <Point X="155.0" Y="158.0" />
  <Point X="155.0" Y="159.0" />
  <Point X="155.0" Y="159.9479965744104" />
  <Point X="155.0" Y="160.0" />
  <Point X="156.0" Y="161.0" />
  <Point X="156.0" Y="162.0" />
  <Point X="156.0" Y="163.0" />
  <Point X="157.0" Y="164.0" />
  <Point X="157.0" Y="165.0" />
  <Point X="158.0" Y="165.0" />
  <Point X="158.0" Y="166.0" />
  <Point X="158.58894917322098" Y="166.0" />
  <Point X="159.0" Y="166.0" />
  <Point X="159.0" Y="167.0" />
  <Point X="159.0" Y="168.0" />
  <Point X="160.0" Y="168.0" />
  <Point X="161.0" Y="168.0" />
  <Point X="161.0" Y="167.0" />
  <Point X="161.0" Y="166.0" />
  <Point X="161.0" Y="165.0" />
  <Point X="161.0" Y="164.0" />
  <Point X="161.04124475845066" Y="163.95875524154934" />
  <Point X="162.0" Y="163.0" />
  <Point X="162.0" Y="162.0" />
  <Point X="162.0" Y="161.0" />
  <Point X="163.0" Y="160.0" />
  <Point X="163.0" Y="159.0" />
  <Point X="163.0" Y="157.0" />
  <Point X="163.49446668748874" Y="156.50553331251126" />
  <Point X="164.0" Y="156.0" />
  <Point X="164.0" Y="154.0" />
  <Point X="165.0" Y="153.0" />
  <Point X="165.0" Y="152.0" />
  <Point X="165.0" Y="151.0" />
  <Point X="165.0" Y="150.0" />
  <Point X="165.59937090816774" Y="148.80125818366454" />
  <Point X="166.0" Y="148.0" />
  <Point X="166.0" Y="147.0" />
  <Point X="166.0" Y="145.0" />
  <Point X="167.0" Y="144.0" />
  <Point X="167.999068588403" Y="141.00279423479105" />
  <Point X="168.0" Y="141.0" />
  <Point X="168.0" Y="140.0" />
  <Point X="168.0" Y="138.0" />
  <Point X="169.0" Y="137.0" />
  <Point X="169.0" Y="135.0" />
  <Point X="170.0" Y="134.0" />
  <Point X="170.0" Y="133.3619927832751" />
  <Point X="170.0" Y="133.0" />
  <Point X="170.0" Y="132.0" />
  <Point X="171.0" Y="130.0" />
  <Point X="172.0" Y="128.0" />
  <Point X="172.0" Y="127.0" />
  <Point X="172.0" Y="125.36474901471793" />
  <Point X="172.0" Y="125.0" />
  <Point X="173.0" Y="124.0" />
  <Point X="173.0" Y="122.0" />
  <Point X="174.0" Y="121.0" />
  <Point X="174.0" Y="119.0" />
  <Point X="174.0" Y="117.72379641590737" />
  <Point X="174.0" Y="117.0" />
  <Point X="175.0" Y="116.0" />
  <Point X="175.0" Y="115.0" />
  <Point X="176.0" Y="113.0" />
  <Point X="176.0" Y="111.0" />
  <Point X="176.0" Y="110.0" />
  <Point X="176.06738852625384" Y="109.93261147374618" />
  <Point X="177.0" Y="109.0" />
  <Point X="177.0" Y="108.0" />
  <Point X="177.0" Y="107.0" />
  <Point X="178.0" Y="105.0" />
  <Point X="178.0" Y="104.0" />
  <Point X="179.0" Y="103.0" />
  <Point X="179.0" Y="102.49981361091272" />
  <Point X="179.0" Y="101.0" />
  <Point X="179.0" Y="99.0" />
  <Point X="180.0" Y="97.0" />
  <Point X="180.0" Y="96.0" />
  <Point X="181.0" Y="95.0" />
  <Point X="181.0" Y="94.68071542722886" />
  <Point X="181.0" Y="93.0" />
  <Point X="181.0" Y="92.0" />
  <Point X="181.0" Y="91.0" />
  <Point X="181.0" Y="90.0" />
  <Point X="182.0" Y="89.0" />
  <Point X="182.0" Y="87.0" />
  <Point X="182.0" Y="86.6255492660452" />
  <Point X="182.0" Y="85.0" />
  <Point X="183.0" Y="84.0" />
  <Point X="183.0" Y="83.0" />
  <Point X="183.0" Y="82.0" />
  <Point X="183.0" Y="81.0" />
  <Point X="183.0" Y="80.0" />
  <Point X="184.0" Y="79.0" />
  <Point X="184.0" Y="78.98459666723463" />
  <Point X="184.0" Y="78.0" />
  <Point X="185.0" Y="76.0" />
  <Point X="185.0" Y="75.0" />
  <Point X="185.0" Y="74.0" />
  <Point X="185.0" Y="73.0" />
  <Point X="185.0" Y="72.0" />
  <Point X="186.0" Y="72.0" />
  <Point X="186.0" Y="71.75128492117766" />
  <Point X="186.0" Y="71.0" />
  <Point X="186.0" Y="70.0" />
  <Point X="186.0" Y="69.0" />
  <Point X="186.0" Y="68.0" />
  <Point X="187.0" Y="68.0" />
  <Point X="187.0" Y="67.0" />
  <Point X="187.0" Y="65.0" />
  <Point X="187.50776970429706" Y="64.49223029570292" />
  <Point X="188.0" Y="64.0" />
  <Point X="189.0" Y="63.0" />
  <Point X="189.0" Y="62.0" />
  <Point X="189.0" Y="61.0" />
  <Point X="190.0" Y="61.0" />
  <Point X="190.0" Y="60.0" />
  <Point X="191.0" Y="59.0" />
  <Point X="191.0" Y="58.05516616118344" />
  <Point X="191.0" Y="58.0" />
  <Point X="192.0" Y="58.0" />
  <Point X="193.0" Y="57.0" />
  <Point X="194.0" Y="57.0" />
  <Point X="194.0" Y="56.0" />
  <Point X="195.0" Y="56.0" />
  <Point X="196.0" Y="56.0" />
  <Point X="197.0" Y="56.0" />
  <Point X="198.0" Y="56.0" />
</Project_1_Part_4>
