<?xml version="1.0" encoding="utf-8" standalone="yes"?>
<Gesture Name="zig_zag5" Subject="3" Number="3" NumPts="456">
  <Point X="67.0" Y="168.0" />
  <Point X="67.0" Y="167.0" />
  <Point X="68.0" Y="167.0" />
  <Point X="68.0" Y="166.0" />
  <Point X="68.0" Y="165.0" />
  <Point X="68.0" Y="164.0" />
  <Point X="68.0" Y="163.0" />
  <Point X="68.0" Y="162.0" />
  <Point X="68.0" Y="161.50978747792294" />
  <Point X="68.0" Y="161.0" />
  <Point X="69.0" Y="161.0" />
  <Point X="69.0" Y="160.0" />
  <Point X="69.0" Y="159.0" />
  <Point X="70.0" Y="159.0" />
  <Point X="70.0" Y="158.0" />
  <Point X="70.0" Y="157.0" />
  <Point X="70.0" Y="156.01957495584588" />
  <Point X="70.0" Y="156.0" />
  <Point X="70.0" Y="155.0" />
  <Point X="71.0" Y="155.0" />
  <Point X="71.0" Y="154.0" />
  <Point X="71.0" Y="153.0" />
  <Point X="71.0" Y="152.0" />
  <Point X="72.0" Y="151.0" />
  <Point X="72.0" Y="150.0" />
  <Point X="72.0" Y="149.94357599614193" />
  <Point X="72.0" Y="149.0" />
  <Point X="72.0" Y="148.0" />
  <Point X="73.0" Y="147.0" />
  <Point X="73.0" Y="146.0" />
  <Point X="74.0" Y="146.0" />
  <Point X="74.0" Y="145.0" />
  <Point X="74.0" Y="144.0" />
  <Point X="74.0" Y="143.86757703643798" />
  <Point X="74.0" Y="143.0" />
  <Point X="74.0" Y="142.0" />
  <Point X="75.0" Y="141.0" />
  <Point X="75.0" Y="140.0" />
  <Point X="75.0" Y="139.0" />
  <Point X="75.98763630868471" Y="137.02472738263057" />
  <Point X="76.0" Y="137.0" />
  <Point X="76.0" Y="136.0" />
  <Point X="77.0" Y="135.0" />
  <Point X="77.0" Y="133.0" />
  <Point X="77.0" Y="132.0" />
  <Point X="77.0" Y="131.0" />
  <Point X="77.74129744853457" Y="130.25870255146543" />
  <Point X="78.0" Y="130.0" />
  <Point X="78.0" Y="129.0" />
  <Point X="79.0" Y="128.0" />
  <Point X="79.0" Y="127.0" />
  <Point X="79.0" Y="125.0" />
  <Point X="80.0" Y="125.0" />
  <Point X="80.0" Y="124.28986169719899" />
  <Point X="80.0" Y="124.0" />
  <Point X="80.0" Y="123.0" />
  <Point X="80.0" Y="122.0" />
  <Point X="80.0" Y="121.0" />
  <Point X="81.0" Y="120.0" />
  <Point X="81.0" Y="119.0" />
  <Point X="81.0" Y="118.0" />
  <Point X="81.35157127172134" Y="117.29685745655732" />
  <Point X="82.0" Y="116.0" />
  <Point X="82.0" Y="115.0" />
  <Point X="83.0" Y="114.0" />
  <Point X="83.0" Y="113.0" />
  <Point X="83.0" Y="111.0" />
  <Point X="83.0" Y="110.37393175529087" />
  <Point X="83.0" Y="110.0" />
  <Point X="84.0" Y="109.0" />
  <Point X="84.0" Y="108.0" />
  <Point X="84.0" Y="107.0" />
  <Point X="84.0" Y="106.0" />
  <Point X="84.0" Y="105.0" />
  <Point X="85.0" Y="104.0" />
  <Point X="85.0" Y="103.71214635796001" />
  <Point X="85.0" Y="103.0" />
  <Point X="86.0" Y="101.0" />
  <Point X="86.0" Y="100.0" />
  <Point X="86.0" Y="99.0" />
  <Point X="86.0" Y="98.0" />
  <Point X="86.0" Y="97.0" />
  <Point X="86.0" Y="96.45800181338275" />
  <Point X="86.0" Y="96.0" />
  <Point X="87.0" Y="95.0" />
  <Point X="87.0" Y="94.0" />
  <Point X="87.0" Y="93.0" />
  <Point X="87.0" Y="92.0" />
  <Point X="87.0" Y="91.0" />
  <Point X="87.0" Y="90.0" />
  <Point X="87.0" Y="89.3820028536788" />
  <Point X="87.0" Y="89.0" />
  <Point X="88.0" Y="89.0" />
  <Point X="88.0" Y="88.0" />
  <Point X="88.0" Y="87.0" />
  <Point X="88.0" Y="86.0" />
  <Point X="89.0" Y="86.0" />
  <Point X="89.0" Y="85.0" />
  <Point X="89.0" Y="84.0" />
  <Point X="89.0" Y="83.89179033160175" />
  <Point X="89.0" Y="83.0" />
  <Point X="89.0" Y="82.0" />
  <Point X="90.0" Y="82.0" />
  <Point X="90.0" Y="83.0" />
  <Point X="90.0" Y="84.0" />
  <Point X="90.0" Y="85.0" />
  <Point X="90.0" Y="86.0" />
  <Point X="90.0" Y="86.59842219047529" />
  <Point X="90.0" Y="87.0" />
  <Point X="90.0" Y="88.0" />
  <Point X="90.0" Y="89.0" />
  <Point X="90.0" Y="90.0" />
  <Point X="91.0" Y="91.0" />
  <Point X="91.0" Y="92.0" />
  <Point X="91.0" Y="93.67442115017924" />
  <Point X="91.0" Y="94.0" />
  <Point X="92.0" Y="94.0" />
  <Point X="92.0" Y="95.0" />
  <Point X="92.0" Y="97.0" />
  <Point X="92.0" Y="99.0" />
  <Point X="92.0" Y="100.16463367225629" />
  <Point X="92.0" Y="101.0" />
  <Point X="93.0" Y="101.0" />
  <Point X="93.0" Y="102.0" />
  <Point X="93.0" Y="104.0" />
  <Point X="93.0" Y="105.0" />
  <Point X="94.0" Y="106.0" />
  <Point X="94.0" Y="106.24063263196024" />
  <Point X="94.0" Y="108.0" />
  <Point X="94.0" Y="109.0" />
  <Point X="95.0" Y="110.0" />
  <Point X="95.0" Y="112.0" />
  <Point X="95.0" Y="113.0" />
  <Point X="95.22389234560364" Y="113.22389234560364" />
  <Point X="96.0" Y="114.0" />
  <Point X="97.0" Y="116.0" />
  <Point X="97.0" Y="118.0" />
  <Point X="97.0" Y="119.0" />
  <Point X="97.81781323884888" Y="119.81781323884888" />
  <Point X="98.0" Y="120.0" />
  <Point X="98.0" Y="122.0" />
  <Point X="99.0" Y="124.0" />
  <Point X="100.0" Y="125.0" />
  <Point X="100.0" Y="126.0" />
  <Point X="100.0" Y="126.58227999369943" />
  <Point X="100.0" Y="127.0" />
  <Point X="101.0" Y="128.0" />
  <Point X="101.0" Y="129.0" />
  <Point X="101.0" Y="130.0" />
  <Point X="101.0" Y="132.0" />
  <Point X="102.0" Y="132.0" />
  <Point X="102.0" Y="132.6582789534034" />
  <Point X="102.0" Y="133.0" />
  <Point X="103.0" Y="135.0" />
  <Point X="103.0" Y="136.0" />
  <Point X="103.0" Y="137.0" />
  <Point X="104.0" Y="138.0" />
  <Point X="105.0" Y="139.0" />
  <Point X="105.0" Y="139.08399637323447" />
  <Point X="105.0" Y="140.0" />
  <Point X="105.0" Y="141.0" />
  <Point X="106.0" Y="142.0" />
  <Point X="106.0" Y="144.0" />
  <Point X="107.0" Y="144.0" />
  <Point X="107.0" Y="145.0" />
  <Point X="107.11313378487895" Y="145.11313378487895" />
  <Point X="108.0" Y="146.0" />
  <Point X="108.0" Y="147.0" />
  <Point X="109.0" Y="148.0" />
  <Point X="109.0" Y="149.0" />
  <Point X="110.0" Y="150.0" />
  <Point X="110.0" Y="151.0" />
  <Point X="110.28819350820838" Y="151.2881935082084" />
  <Point X="111.0" Y="152.0" />
  <Point X="112.0" Y="152.0" />
  <Point X="112.0" Y="153.0" />
  <Point X="113.0" Y="153.0" />
  <Point X="113.0" Y="154.0" />
  <Point X="114.0" Y="154.0" />
  <Point X="114.0" Y="155.0" />
  <Point X="114.48356612760014" Y="155.0" />
  <Point X="115.0" Y="155.0" />
  <Point X="115.0" Y="156.0" />
  <Point X="116.0" Y="156.0" />
  <Point X="117.0" Y="156.0" />
  <Point X="117.0" Y="155.0" />
  <Point X="117.0" Y="154.0" />
  <Point X="117.0" Y="153.0" />
  <Point X="117.68856548656142" Y="152.31143451343857" />
  <Point X="118.0" Y="152.0" />
  <Point X="118.0" Y="151.0" />
  <Point X="118.0" Y="150.0" />
  <Point X="118.0" Y="149.0" />
  <Point X="118.0" Y="148.0" />
  <Point X="118.0" Y="147.0" />
  <Point X="118.0" Y="146.0" />
  <Point X="118.0" Y="145.0" />
  <Point X="118.0" Y="144.95022239061885" />
  <Point X="118.0" Y="144.0" />
  <Point X="118.0" Y="143.0" />
  <Point X="118.0" Y="142.0" />
  <Point X="118.0" Y="141.0" />
  <Point X="118.0" Y="140.0" />
  <Point X="118.0" Y="139.0" />
  <Point X="119.0" Y="138.0" />
  <Point X="119.0" Y="137.8742234309149" />
  <Point X="119.0" Y="137.0" />
  <Point X="119.0" Y="136.0" />
  <Point X="119.0" Y="135.0" />
  <Point X="119.0" Y="134.0" />
  <Point X="119.0" Y="133.0" />
  <Point X="119.0" Y="132.0" />
  <Point X="120.0" Y="131.0" />
  <Point X="120.0" Y="130.79822447121094" />
  <Point X="120.0" Y="129.0" />
  <Point X="120.0" Y="128.0" />
  <Point X="120.0" Y="126.0" />
  <Point X="120.0" Y="125.0" />
  <Point X="120.0" Y="124.0" />
  <Point X="120.0" Y="123.3080119491339" />
  <Point X="120.0" Y="123.0" />
  <Point X="120.0" Y="122.0" />
  <Point X="120.0" Y="121.0" />
  <Point X="120.0" Y="120.0" />
  <Point X="120.0" Y="119.0" />
  <Point X="120.0" Y="118.0" />
  <Point X="120.0" Y="117.0" />
  <Point X="120.0" Y="116.0" />
  <Point X="120.0" Y="115.81779942705685" />
  <Point X="120.0" Y="115.0" />
  <Point X="120.0" Y="113.0" />
  <Point X="120.0" Y="112.0" />
  <Point X="120.0" Y="111.0" />
  <Point X="120.0" Y="110.0" />
  <Point X="120.0" Y="109.0" />
  <Point X="120.0" Y="108.32758690497981" />
  <Point X="120.0" Y="108.0" />
  <Point X="120.0" Y="106.0" />
  <Point X="120.0" Y="105.0" />
  <Point X="120.0" Y="104.0" />
  <Point X="120.0" Y="103.0" />
  <Point X="120.0" Y="102.0" />
  <Point X="120.0" Y="101.0" />
  <Point X="120.0" Y="100.83737438290277" />
  <Point X="120.0" Y="100.0" />
  <Point X="120.0" Y="99.0" />
  <Point X="120.0" Y="98.0" />
  <Point X="120.0" Y="97.0" />
  <Point X="120.0" Y="96.0" />
  <Point X="120.0" Y="95.0" />
  <Point X="120.0" Y="94.0" />
  <Point X="120.0" Y="93.34716186082572" />
  <Point X="120.0" Y="93.0" />
  <Point X="120.0" Y="92.0" />
  <Point X="120.0" Y="93.0" />
  <Point X="120.0" Y="94.0" />
  <Point X="120.0" Y="95.0" />
  <Point X="120.0" Y="96.0" />
  <Point X="120.0" Y="97.0" />
  <Point X="120.51118779605682" Y="98.02237559211362" />
  <Point X="121.0" Y="99.0" />
  <Point X="121.0" Y="100.0" />
  <Point X="121.0" Y="101.0" />
  <Point X="121.0" Y="102.0" />
  <Point X="121.0" Y="103.0" />
  <Point X="121.0" Y="104.0" />
  <Point X="121.0" Y="105.0" />
  <Point X="121.0" Y="105.39719520582858" />
  <Point X="121.0" Y="107.0" />
  <Point X="122.0" Y="107.0" />
  <Point X="122.0" Y="108.0" />
  <Point X="122.0" Y="110.0" />
  <Point X="123.0" Y="111.0" />
  <Point X="123.0" Y="111.47319416553253" />
  <Point X="123.0" Y="113.0" />
  <Point X="123.0" Y="114.0" />
  <Point X="123.0" Y="116.0" />
  <Point X="123.0" Y="117.0" />
  <Point X="123.0" Y="118.0" />
  <Point X="123.6812314018492" Y="118.6812314018492" />
  <Point X="124.0" Y="119.0" />
  <Point X="124.0" Y="121.0" />
  <Point X="124.0" Y="122.0" />
  <Point X="124.0" Y="123.0" />
  <Point X="125.0" Y="125.0" />
  <Point X="125.0" Y="125.80333766981374" />
  <Point X="125.0" Y="127.0" />
  <Point X="125.0" Y="128.0" />
  <Point X="125.0" Y="129.0" />
  <Point X="125.0" Y="131.0" />
  <Point X="126.0" Y="133.0" />
  <Point X="126.0" Y="133.057482214391" />
  <Point X="126.0" Y="134.0" />
  <Point X="126.0" Y="135.0" />
  <Point X="126.0" Y="136.0" />
  <Point X="127.0" Y="137.0" />
  <Point X="127.0" Y="138.0" />
  <Point X="127.0" Y="139.0" />
  <Point X="127.0" Y="140.0" />
  <Point X="127.0" Y="140.13348117409495" />
  <Point X="127.0" Y="141.0" />
  <Point X="127.0" Y="142.0" />
  <Point X="127.0" Y="143.0" />
  <Point X="128.0" Y="144.0" />
  <Point X="128.0" Y="145.0" />
  <Point X="128.0" Y="146.0" />
  <Point X="128.0" Y="147.0" />
  <Point X="128.0" Y="147.2094801337989" />
  <Point X="128.0" Y="148.0" />
  <Point X="128.0" Y="149.0" />
  <Point X="128.0" Y="150.0" />
  <Point X="129.0" Y="150.0" />
  <Point X="129.0" Y="151.0" />
  <Point X="130.0" Y="152.0" />
  <Point X="130.0" Y="153.0" />
  <Point X="130.0" Y="153.28547909350286" />
  <Point X="130.0" Y="154.0" />
  <Point X="130.0" Y="155.0" />
  <Point X="131.0" Y="156.0" />
  <Point X="131.0" Y="157.0" />
  <Point X="131.0" Y="158.0" />
  <Point X="132.0" Y="158.0" />
  <Point X="132.0" Y="159.0" />
  <Point X="132.0" Y="159.3614780532068" />
  <Point X="132.0" Y="160.0" />
  <Point X="133.0" Y="160.0" />
  <Point X="134.0" Y="161.0" />
  <Point X="134.0" Y="162.0" />
  <Point X="135.0" Y="162.0" />
  <Point X="135.0" Y="163.0" />
  <Point X="136.0" Y="163.0" />
  <Point X="136.0" Y="163.43747701291076" />
  <Point X="136.0" Y="164.0" />
  <Point X="137.0" Y="164.0" />
  <Point X="138.0" Y="165.0" />
  <Point X="138.0" Y="166.0" />
  <Point X="139.0" Y="166.0" />
  <Point X="139.0" Y="165.0" />
  <Point X="140.0" Y="164.0" />
  <Point X="140.0" Y="163.9007375897584" />
  <Point X="140.0" Y="163.0" />
  <Point X="140.0" Y="162.0" />
  <Point X="141.0" Y="161.0" />
  <Point X="141.0" Y="160.0" />
  <Point X="141.0" Y="159.0" />
  <Point X="142.0" Y="159.0" />
  <Point X="142.0" Y="158.0" />
  <Point X="142.12392850316854" Y="157.87607149683146" />
  <Point X="143.0" Y="157.0" />
  <Point X="143.0" Y="156.0" />
  <Point X="143.0" Y="155.0" />
  <Point X="143.0" Y="154.0" />
  <Point X="144.0" Y="154.0" />
  <Point X="144.0" Y="153.0" />
  <Point X="144.55958063092902" Y="151.88083873814196" />
  <Point X="145.0" Y="151.0" />
  <Point X="145.0" Y="150.0" />
  <Point X="145.0" Y="149.0" />
  <Point X="146.0" Y="148.0" />
  <Point X="146.0" Y="146.0" />
  <Point X="146.77158877618356" Y="145.22841122381644" />
  <Point X="147.0" Y="145.0" />
  <Point X="148.0" Y="144.0" />
  <Point X="148.0" Y="143.0" />
  <Point X="148.0" Y="142.0" />
  <Point X="149.0" Y="141.0" />
  <Point X="149.0" Y="140.0" />
  <Point X="149.0" Y="138.6612368531886" />
  <Point X="149.0" Y="138.0" />
  <Point X="150.0" Y="138.0" />
  <Point X="151.0" Y="136.0" />
  <Point X="151.0" Y="135.0" />
  <Point X="152.0" Y="133.0" />
  <Point X="152.0" Y="132.64316028611114" />
  <Point X="152.0" Y="132.0" />
  <Point X="153.0" Y="131.0" />
  <Point X="153.0" Y="130.0" />
  <Point X="153.0" Y="129.0" />
  <Point X="154.0" Y="128.0" />
  <Point X="154.0" Y="126.0" />
  <Point X="154.01316994244382" Y="125.98683005755619" />
  <Point X="155.0" Y="125.0" />
  <Point X="155.0" Y="124.0" />
  <Point X="155.0" Y="123.0" />
  <Point X="156.0" Y="122.0" />
  <Point X="156.847620227127" Y="119.45713931861899" />
  <Point X="157.0" Y="119.0" />
  <Point X="157.0" Y="117.0" />
  <Point X="157.0" Y="116.0" />
  <Point X="158.0" Y="115.0" />
  <Point X="159.0" Y="113.0" />
  <Point X="159.0" Y="112.64193616941364" />
  <Point X="159.0" Y="111.0" />
  <Point X="160.0" Y="109.0" />
  <Point X="161.0" Y="108.0" />
  <Point X="161.0" Y="106.0" />
  <Point X="161.0" Y="105.80200518720947" />
  <Point X="161.0" Y="105.0" />
  <Point X="162.0" Y="104.0" />
  <Point X="163.0" Y="101.0" />
  <Point X="163.0" Y="100.0" />
  <Point X="163.0" Y="99.0" />
  <Point X="163.04996096426862" Y="98.90007807146273" />
  <Point X="164.0" Y="97.0" />
  <Point X="164.0" Y="96.0" />
  <Point X="165.0" Y="95.0" />
  <Point X="165.0" Y="94.0" />
  <Point X="165.0" Y="93.0" />
  <Point X="165.0" Y="92.04835290546974" />
  <Point X="165.0" Y="92.0" />
  <Point X="166.0" Y="90.0" />
  <Point X="167.0" Y="89.0" />
  <Point X="167.0" Y="88.0" />
  <Point X="167.0" Y="87.0" />
  <Point X="167.0" Y="86.0" />
  <Point X="167.5597302258975" Y="85.44026977410249" />
  <Point X="168.0" Y="85.0" />
  <Point X="168.0" Y="84.0" />
  <Point X="168.0" Y="83.0" />
  <Point X="168.0" Y="82.0" />
  <Point X="168.0" Y="81.0" />
  <Point X="169.0" Y="81.0" />
  <Point X="169.0" Y="79.13242296356164" />
  <Point X="169.0" Y="79.0" />
  <Point X="169.0" Y="78.0" />
  <Point X="170.0" Y="78.0" />
  <Point X="170.0" Y="77.0" />
  <Point X="170.0" Y="76.0" />
  <Point X="170.0" Y="75.0" />
  <Point X="170.0" Y="74.0" />
  <Point X="170.96010220425055" Y="73.03989779574947" />
  <Point X="171.0" Y="73.0" />
  <Point X="171.0" Y="72.0" />
  <Point X="171.0" Y="71.0" />
  <Point X="171.0" Y="70.0" />
  <Point X="171.0" Y="69.0" />
  <Point X="171.0" Y="68.0" />
  <Point X="172.0" Y="68.0" />
  <Point X="172.0" Y="67.0" />
  <Point X="172.0" Y="66.56621148178063" />
  <Point X="172.0" Y="66.0" />
  <Point X="173.0" Y="65.0" />
  <Point X="173.0" Y="64.0" />
  <Point X="173.0" Y="63.0" />
  <Point X="174.0" Y="63.0" />
  <Point X="174.0" Y="62.0" />
  <Point X="174.0" Y="61.0" />
  <Point X="174.50978747792334" Y="61.0" />
  <Point X="175.0" Y="61.0" />
  <Point X="175.0" Y="60.0" />
  <Point X="176.0" Y="60.0" />
  <Point X="176.0" Y="59.0" />
  <Point X="177.0" Y="59.0" />
  <Point X="178.0" Y="59.0" />
  <Point X="178.0" Y="58.0" />
  <Point X="179.0" Y="58.0" />
</Project_1_Part_4>
