<?xml version="1.0" encoding="utf-8" standalone="yes"?>
<Gesture Name="zig_zag9" Subject="3" Number="3" NumPts="535">
  <Point X="209.0" Y="26.0" />
  <Point X="209.0" Y="25.0" />
  <Point X="210.0" Y="25.0" />
  <Point X="210.0" Y="24.0" />
  <Point X="210.0" Y="23.0" />
  <Point X="204.51417385994046" Y="28.764092683395884" />
  <Point X="196.27072514452956" Y="37.42568734813923" />
  <Point X="188.02727642911867" Y="46.08728201288257" />
  <Point X="179.78382771370775" Y="54.748876677625915" />
  <Point X="171.54037899829683" Y="63.41047134236926" />
  <Point X="163.29693028288594" Y="72.07206600711261" />
  <Point X="155.05348156747505" Y="80.73366067185596" />
  <Point X="146.81003285206413" Y="89.3952553365993" />
  <Point X="138.5665841366532" Y="98.05685000134265" />
  <Point X="130.32313542124228" Y="106.718444666086" />
  <Point X="122.07968670583138" Y="115.38003933082935" />
  <Point X="113.83623799042047" Y="124.0416339955727" />
  <Point X="105.59278927500957" Y="132.70322866031603" />
  <Point X="97.34934055959866" Y="141.36482332505938" />
  <Point X="89.10589184418775" Y="150.02641798980272" />
  <Point X="80.86244312877685" Y="158.68801265454607" />
  <Point X="72.61899441336594" Y="167.34960731928942" />
  <Point X="72.0" Y="168.0" />
  <Point X="72.0" Y="167.0" />
  <Point X="73.0" Y="167.0" />
  <Point X="73.0" Y="166.0" />
  <Point X="73.0" Y="165.0" />
  <Point X="73.0" Y="164.0" />
  <Point X="73.0" Y="163.0" />
  <Point X="74.0" Y="163.0" />
  <Point X="74.0" Y="162.0" />
  <Point X="74.0" Y="161.0" />
  <Point X="74.0" Y="160.0" />
  <Point X="74.0" Y="159.0" />
  <Point X="74.0" Y="158.94053976755907" />
  <Point X="74.0" Y="158.0" />
  <Point X="75.0" Y="157.0" />
  <Point X="75.0" Y="156.0" />
  <Point X="76.0" Y="155.0" />
  <Point X="76.0" Y="154.0" />
  <Point X="76.0" Y="153.0" />
  <Point X="76.0" Y="152.0" />
  <Point X="76.0" Y="151.0" />
  <Point X="77.0" Y="150.0" />
  <Point X="77.0" Y="149.0" />
  <Point X="77.0" Y="148.22585345990566" />
  <Point X="77.0" Y="148.0" />
  <Point X="78.0" Y="146.0" />
  <Point X="78.0" Y="145.0" />
  <Point X="79.0" Y="144.0" />
  <Point X="79.0" Y="143.0" />
  <Point X="79.0" Y="142.0" />
  <Point X="80.0" Y="141.0" />
  <Point X="80.0" Y="140.0" />
  <Point X="80.0" Y="139.0" />
  <Point X="81.0" Y="138.0" />
  <Point X="81.0" Y="137.74723512975203" />
  <Point X="81.0" Y="137.0" />
  <Point X="82.0" Y="136.0" />
  <Point X="82.0" Y="134.0" />
  <Point X="83.0" Y="134.0" />
  <Point X="83.0" Y="133.0" />
  <Point X="84.0" Y="132.0" />
  <Point X="84.0" Y="131.0" />
  <Point X="84.0" Y="130.0" />
  <Point X="85.0" Y="130.0" />
  <Point X="85.0" Y="128.6183352597255" />
  <Point X="85.0" Y="128.0" />
  <Point X="86.0" Y="127.0" />
  <Point X="87.0" Y="126.0" />
  <Point X="87.0" Y="125.0" />
  <Point X="87.0" Y="124.0" />
  <Point X="88.0" Y="124.0" />
  <Point X="88.0" Y="123.0" />
  <Point X="88.0" Y="121.0" />
  <Point X="89.0" Y="121.0" />
  <Point X="89.0" Y="120.0" />
  <Point X="89.22833143510775" Y="119.5433371297845" />
  <Point X="90.0" Y="118.0" />
  <Point X="91.0" Y="117.0" />
  <Point X="91.0" Y="116.0" />
  <Point X="91.0" Y="115.0" />
  <Point X="92.0" Y="114.0" />
  <Point X="92.0" Y="113.0" />
  <Point X="93.0" Y="112.0" />
  <Point X="93.0" Y="111.0" />
  <Point X="94.0" Y="111.0" />
  <Point X="94.0" Y="110.01081705954536" />
  <Point X="94.0" Y="109.0" />
  <Point X="95.0" Y="108.0" />
  <Point X="95.0" Y="107.0" />
  <Point X="95.0" Y="106.0" />
  <Point X="96.0" Y="105.0" />
  <Point X="97.0" Y="105.0" />
  <Point X="97.0" Y="104.0" />
  <Point X="97.0" Y="103.0" />
  <Point X="97.0" Y="102.0" />
  <Point X="98.0" Y="102.0" />
  <Point X="98.0" Y="101.0" />
  <Point X="98.0" Y="100.88191718951884" />
  <Point X="98.0" Y="100.0" />
  <Point X="99.0" Y="99.0" />
  <Point X="99.0" Y="98.0" />
  <Point X="100.0" Y="97.0" />
  <Point X="101.0" Y="96.0" />
  <Point X="101.0" Y="95.0" />
  <Point X="101.0" Y="94.0" />
  <Point X="102.0" Y="94.0" />
  <Point X="102.0" Y="93.0" />
  <Point X="102.0" Y="91.16723088186542" />
  <Point X="102.0" Y="91.0" />
  <Point X="103.0" Y="90.0" />
  <Point X="103.0" Y="89.0" />
  <Point X="104.0" Y="87.0" />
  <Point X="105.0" Y="87.0" />
  <Point X="105.0" Y="86.0" />
  <Point X="105.0" Y="85.0" />
  <Point X="105.0" Y="84.0" />
  <Point X="106.0" Y="83.0" />
  <Point X="106.0" Y="82.0" />
  <Point X="106.0" Y="81.27439898933869" />
  <Point X="106.0" Y="81.0" />
  <Point X="107.0" Y="80.0" />
  <Point X="107.0" Y="79.0" />
  <Point X="107.0" Y="78.0" />
  <Point X="108.0" Y="78.0" />
  <Point X="108.0" Y="77.0" />
  <Point X="108.0" Y="76.0" />
  <Point X="109.0" Y="76.0" />
  <Point X="109.0" Y="75.0" />
  <Point X="109.0" Y="74.0" />
  <Point X="110.0" Y="73.0" />
  <Point X="110.0" Y="72.14549911931218" />
  <Point X="110.0" Y="72.0" />
  <Point X="110.0" Y="73.0" />
  <Point X="110.0" Y="74.0" />
  <Point X="110.0" Y="75.0" />
  <Point X="110.0" Y="76.0" />
  <Point X="110.0" Y="77.0" />
  <Point X="110.0" Y="78.0" />
  <Point X="111.0" Y="78.0" />
  <Point X="111.0" Y="79.0" />
  <Point X="111.0" Y="80.0" />
  <Point X="111.0" Y="81.0" />
  <Point X="111.0" Y="82.0" />
  <Point X="111.0" Y="82.81182787546052" />
  <Point X="111.0" Y="83.0" />
  <Point X="111.0" Y="84.0" />
  <Point X="111.0" Y="85.0" />
  <Point X="112.0" Y="87.0" />
  <Point X="112.0" Y="88.0" />
  <Point X="112.0" Y="89.0" />
  <Point X="113.0" Y="90.0" />
  <Point X="113.0" Y="91.0" />
  <Point X="113.0" Y="92.0" />
  <Point X="113.0" Y="93.0" />
  <Point X="113.0" Y="94.0" />
  <Point X="113.08405613800002" Y="94.08405613800002" />
  <Point X="114.0" Y="95.0" />
  <Point X="114.0" Y="97.0" />
  <Point X="115.0" Y="98.0" />
  <Point X="115.0" Y="100.0" />
  <Point X="115.0" Y="101.0" />
  <Point X="116.0" Y="102.0" />
  <Point X="116.0" Y="103.0" />
  <Point X="116.81999279827973" Y="104.63998559655947" />
  <Point X="117.0" Y="105.0" />
  <Point X="117.0" Y="106.0" />
  <Point X="117.0" Y="107.0" />
  <Point X="118.0" Y="108.0" />
  <Point X="118.0" Y="109.0" />
  <Point X="118.0" Y="110.0" />
  <Point X="118.0" Y="111.0" />
  <Point X="119.0" Y="113.0" />
  <Point X="119.0" Y="114.0" />
  <Point X="120.0" Y="115.0" />
  <Point X="120.0" Y="115.4903235530407" />
  <Point X="120.0" Y="116.0" />
  <Point X="120.0" Y="117.0" />
  <Point X="120.0" Y="118.0" />
  <Point X="120.0" Y="119.0" />
  <Point X="121.0" Y="121.0" />
  <Point X="122.0" Y="123.0" />
  <Point X="122.0" Y="124.0" />
  <Point X="122.0" Y="125.0" />
  <Point X="123.0" Y="126.0" />
  <Point X="123.0" Y="126.56130103044073" />
  <Point X="123.0" Y="127.0" />
  <Point X="123.0" Y="128.0" />
  <Point X="123.0" Y="129.0" />
  <Point X="124.0" Y="130.0" />
  <Point X="125.0" Y="131.0" />
  <Point X="125.0" Y="132.0" />
  <Point X="125.0" Y="133.0" />
  <Point X="125.0" Y="134.0" />
  <Point X="126.0" Y="134.0" />
  <Point X="126.0" Y="135.0" />
  <Point X="126.0" Y="136.0" />
  <Point X="126.48804573710144" Y="136.48804573710146" />
  <Point X="127.0" Y="137.0" />
  <Point X="128.0" Y="139.0" />
  <Point X="128.0" Y="140.0" />
  <Point X="129.0" Y="140.0" />
  <Point X="129.0" Y="141.0" />
  <Point X="129.0" Y="143.0" />
  <Point X="130.0" Y="143.0" />
  <Point X="130.0" Y="144.0" />
  <Point X="131.0" Y="144.0" />
  <Point X="131.0" Y="144.99724635536705" />
  <Point X="131.0" Y="145.0" />
  <Point X="132.0" Y="145.0" />
  <Point X="132.0" Y="146.0" />
  <Point X="132.0" Y="147.0" />
  <Point X="133.0" Y="147.0" />
  <Point X="133.0" Y="148.0" />
  <Point X="133.0" Y="149.0" />
  <Point X="134.0" Y="149.0" />
  <Point X="134.0" Y="150.0" />
  <Point X="134.0" Y="151.0" />
  <Point X="135.0" Y="151.0" />
  <Point X="136.0" Y="151.0" />
  <Point X="136.0" Y="151.95457335013975" />
  <Point X="136.0" Y="152.0" />
  <Point X="137.0" Y="153.0" />
  <Point X="137.0" Y="154.0" />
  <Point X="138.0" Y="154.0" />
  <Point X="138.0" Y="155.0" />
  <Point X="139.0" Y="155.0" />
  <Point X="139.0" Y="156.0" />
  <Point X="140.0" Y="156.0" />
  <Point X="141.0" Y="156.0" />
  <Point X="142.0" Y="156.0" />
  <Point X="142.0" Y="155.0" />
  <Point X="142.0" Y="154.0" />
  <Point X="142.0" Y="153.50231321746062" />
  <Point X="142.0" Y="153.0" />
  <Point X="143.0" Y="152.0" />
  <Point X="143.0" Y="151.0" />
  <Point X="143.0" Y="150.0" />
  <Point X="143.0" Y="149.0" />
  <Point X="143.0" Y="148.0" />
  <Point X="143.0" Y="147.0" />
  <Point X="143.0" Y="146.0" />
  <Point X="144.0" Y="145.0" />
  <Point X="144.0" Y="144.0" />
  <Point X="144.0" Y="143.0" />
  <Point X="144.0" Y="142.3734133474341" />
  <Point X="144.0" Y="142.0" />
  <Point X="144.0" Y="141.0" />
  <Point X="144.0" Y="140.0" />
  <Point X="144.0" Y="139.0" />
  <Point X="144.0" Y="138.0" />
  <Point X="144.0" Y="137.0" />
  <Point X="144.0" Y="136.0" />
  <Point X="144.0" Y="135.0" />
  <Point X="144.0" Y="134.0" />
  <Point X="145.0" Y="133.0" />
  <Point X="145.0" Y="132.0" />
  <Point X="145.0" Y="131.0" />
  <Point X="145.0" Y="130.8302999150345" />
  <Point X="145.0" Y="130.0" />
  <Point X="145.0" Y="129.0" />
  <Point X="145.0" Y="128.0" />
  <Point X="145.0" Y="126.0" />
  <Point X="145.0" Y="125.0" />
  <Point X="145.0" Y="124.0" />
  <Point X="145.0" Y="122.0" />
  <Point X="145.0" Y="121.0" />
  <Point X="146.0" Y="120.0" />
  <Point X="146.0" Y="119.28718648263488" />
  <Point X="146.0" Y="119.0" />
  <Point X="146.0" Y="118.0" />
  <Point X="146.0" Y="116.0" />
  <Point X="146.0" Y="115.0" />
  <Point X="146.0" Y="114.0" />
  <Point X="146.0" Y="113.0" />
  <Point X="146.0" Y="112.0" />
  <Point X="146.0" Y="111.0" />
  <Point X="146.0" Y="110.0" />
  <Point X="147.0" Y="109.0" />
  <Point X="147.0" Y="108.0" />
  <Point X="147.0" Y="107.74407305023527" />
  <Point X="147.0" Y="106.0" />
  <Point X="147.0" Y="105.0" />
  <Point X="147.0" Y="103.0" />
  <Point X="147.0" Y="102.0" />
  <Point X="147.0" Y="101.0" />
  <Point X="147.0" Y="99.0" />
  <Point X="147.0" Y="98.0" />
  <Point X="147.0" Y="97.0" />
  <Point X="147.0" Y="96.0" />
  <Point X="147.0" Y="95.78674605546257" />
  <Point X="147.0" Y="95.0" />
  <Point X="147.0" Y="94.0" />
  <Point X="147.0" Y="93.0" />
  <Point X="148.0" Y="92.0" />
  <Point X="148.0" Y="91.0" />
  <Point X="148.0" Y="90.0" />
  <Point X="148.0" Y="89.0" />
  <Point X="148.0" Y="88.0" />
  <Point X="148.0" Y="87.0" />
  <Point X="149.0" Y="87.0" />
  <Point X="149.0" Y="86.0" />
  <Point X="149.0" Y="85.24363262306296" />
  <Point X="149.0" Y="85.0" />
  <Point X="149.0" Y="84.0" />
  <Point X="150.0" Y="84.0" />
  <Point X="150.0" Y="83.0" />
  <Point X="150.0" Y="82.0" />
  <Point X="151.0" Y="82.0" />
  <Point X="151.0" Y="81.0" />
  <Point X="151.0" Y="82.0" />
  <Point X="152.0" Y="82.0" />
  <Point X="152.0" Y="83.0" />
  <Point X="152.0" Y="84.0" />
  <Point X="152.0" Y="85.0" />
  <Point X="152.0" Y="85.71369437170974" />
  <Point X="152.0" Y="86.0" />
  <Point X="152.0" Y="87.0" />
  <Point X="152.0" Y="88.0" />
  <Point X="152.0" Y="89.0" />
  <Point X="152.0" Y="91.0" />
  <Point X="152.0" Y="92.0" />
  <Point X="152.0" Y="93.0" />
  <Point X="153.0" Y="93.0" />
  <Point X="153.0" Y="95.0" />
  <Point X="153.0" Y="96.0" />
  <Point X="153.0" Y="96.67102136648244" />
  <Point X="153.0" Y="97.0" />
  <Point X="153.0" Y="98.0" />
  <Point X="153.0" Y="99.0" />
  <Point X="153.0" Y="100.0" />
  <Point X="153.0" Y="101.0" />
  <Point X="153.0" Y="103.0" />
  <Point X="153.0" Y="104.0" />
  <Point X="153.0" Y="105.0" />
  <Point X="153.0" Y="106.0" />
  <Point X="154.0" Y="108.0" />
  <Point X="154.0" Y="108.39228038375535" />
  <Point X="154.0" Y="111.0" />
  <Point X="154.0" Y="112.0" />
  <Point X="154.0" Y="113.0" />
  <Point X="154.0" Y="114.0" />
  <Point X="154.0" Y="115.0" />
  <Point X="155.0" Y="116.0" />
  <Point X="155.0" Y="118.0" />
  <Point X="155.0" Y="119.93539381615496" />
  <Point X="155.0" Y="120.0" />
  <Point X="155.0" Y="121.0" />
  <Point X="155.0" Y="122.0" />
  <Point X="155.0" Y="124.0" />
  <Point X="155.0" Y="125.0" />
  <Point X="155.0" Y="127.0" />
  <Point X="155.0" Y="128.0" />
  <Point X="155.0" Y="129.0" />
  <Point X="155.0" Y="130.0" />
  <Point X="155.0" Y="131.0" />
  <Point X="155.0" Y="131.89272081092767" />
  <Point X="155.0" Y="132.0" />
  <Point X="155.0" Y="133.0" />
  <Point X="155.0" Y="134.0" />
  <Point X="155.0" Y="135.0" />
  <Point X="155.0" Y="137.0" />
  <Point X="155.0" Y="138.0" />
  <Point X="155.0" Y="139.0" />
  <Point X="155.0" Y="140.0" />
  <Point X="155.0" Y="142.0" />
  <Point X="156.0" Y="142.0" />
  <Point X="156.0" Y="142.85004780570037" />
  <Point X="156.0" Y="143.0" />
  <Point X="156.0" Y="144.0" />
  <Point X="156.0" Y="145.0" />
  <Point X="156.0" Y="146.0" />
  <Point X="156.0" Y="147.0" />
  <Point X="156.0" Y="148.0" />
  <Point X="156.0" Y="149.0" />
  <Point X="156.0" Y="150.0" />
  <Point X="156.0" Y="151.0" />
  <Point X="156.0" Y="152.0" />
  <Point X="156.0" Y="153.0" />
  <Point X="156.0" Y="154.0" />
  <Point X="156.80737480047307" Y="154.0" />
  <Point X="157.0" Y="154.0" />
  <Point X="157.0" Y="155.0" />
  <Point X="157.0" Y="156.0" />
  <Point X="158.0" Y="157.0" />
  <Point X="158.0" Y="158.0" />
  <Point X="158.0" Y="159.0" />
  <Point X="158.0" Y="160.0" />
  <Point X="158.0" Y="161.0" />
  <Point X="159.0" Y="161.0" />
  <Point X="159.0" Y="162.0" />
  <Point X="159.0" Y="163.0" />
  <Point X="159.9549393873769" Y="163.9549393873769" />
  <Point X="160.0" Y="164.0" />
  <Point X="160.0" Y="165.0" />
  <Point X="160.0" Y="166.0" />
  <Point X="161.0" Y="166.0" />
  <Point X="161.0" Y="167.0" />
  <Point X="162.0" Y="167.0" />
  <Point X="162.0" Y="168.0" />
  <Point X="163.0" Y="168.0" />
  <Point X="163.0" Y="167.0" />
  <Point X="164.0" Y="166.0" />
  <Point X="164.0" Y="165.0" />
  <Point X="164.0" Y="164.0" />
  <Point X="164.0" Y="163.52061189710082" />
  <Point X="164.0" Y="163.0" />
  <Point X="165.0" Y="163.0" />
  <Point X="165.0" Y="162.0" />
  <Point X="165.0" Y="161.0" />
  <Point X="166.0" Y="161.0" />
  <Point X="166.0" Y="160.0" />
  <Point X="166.0" Y="159.0" />
  <Point X="166.0" Y="158.0" />
  <Point X="166.0" Y="157.0" />
  <Point X="167.0" Y="157.0" />
  <Point X="167.0" Y="156.0" />
  <Point X="167.0" Y="155.0" />
  <Point X="167.0" Y="154.56328490232812" />
  <Point X="167.0" Y="154.0" />
  <Point X="168.0" Y="153.0" />
  <Point X="168.0" Y="151.0" />
  <Point X="169.0" Y="151.0" />
  <Point X="169.0" Y="150.0" />
  <Point X="169.0" Y="148.0" />
  <Point X="170.0" Y="146.0" />
  <Point X="170.0" Y="145.0" />
  <Point X="170.5259181303025" Y="144.4740818696975" />
  <Point X="171.0" Y="144.0" />
  <Point X="172.0" Y="141.0" />
  <Point X="172.0" Y="140.0" />
  <Point X="172.0" Y="138.0" />
  <Point X="173.0" Y="138.0" />
  <Point X="173.0" Y="137.0" />
  <Point X="174.0" Y="136.0" />
  <Point X="174.0" Y="135.0" />
  <Point X="174.22464275398005" Y="134.32607173805982" />
  <Point X="175.0" Y="132.0" />
  <Point X="175.0" Y="131.0" />
  <Point X="176.0" Y="130.0" />
  <Point X="176.0" Y="128.0" />
  <Point X="176.0" Y="127.0" />
  <Point X="177.0" Y="126.0" />
  <Point X="177.0" Y="125.0" />
  <Point X="177.0" Y="124.0" />
  <Point X="177.30276582782827" Y="123.3944683443435" />
  <Point X="178.0" Y="122.0" />
  <Point X="178.0" Y="121.0" />
  <Point X="179.0" Y="120.0" />
  <Point X="179.0" Y="119.0" />
  <Point X="179.0" Y="118.0" />
  <Point X="180.0" Y="117.0" />
  <Point X="180.0" Y="116.0" />
  <Point X="180.0" Y="115.0" />
  <Point X="181.0" Y="114.0" />
  <Point X="181.0" Y="113.0" />
  <Point X="181.0" Y="112.84437669755839" />
  <Point X="181.0" Y="112.0" />
  <Point X="181.0" Y="110.0" />
  <Point X="182.0" Y="109.0" />
  <Point X="182.0" Y="108.0" />
  <Point X="183.0" Y="107.0" />
  <Point X="183.0" Y="106.0" />
  <Point X="183.0" Y="104.0" />
  <Point X="183.0" Y="103.0" />
  <Point X="184.0" Y="103.0" />
  <Point X="184.0" Y="102.71547682753187" />
  <Point X="184.0" Y="101.0" />
  <Point X="185.0" Y="99.0" />
  <Point X="185.0" Y="98.0" />
  <Point X="185.0" Y="97.0" />
  <Point X="185.0" Y="96.0" />
  <Point X="186.0" Y="95.0" />
  <Point X="186.0" Y="94.0" />
  <Point X="186.0" Y="93.0" />
  <Point X="186.0" Y="92.0" />
  <Point X="186.41830218794908" Y="91.5816978120509" />
  <Point X="187.0" Y="91.0" />
  <Point X="187.0" Y="90.0" />
  <Point X="187.0" Y="89.0" />
  <Point X="188.0" Y="88.0" />
  <Point X="188.0" Y="87.0" />
  <Point X="188.0" Y="86.0" />
  <Point X="189.0" Y="86.0" />
  <Point X="189.0" Y="84.0" />
  <Point X="190.0" Y="83.0" />
  <Point X="190.0" Y="82.0" />
  <Point X="190.0" Y="81.69374506497864" />
  <Point X="190.0" Y="81.0" />
  <Point X="191.0" Y="79.0" />
  <Point X="191.0" Y="78.0" />
  <Point X="191.0" Y="77.0" />
  <Point X="192.0" Y="76.0" />
  <Point X="192.0" Y="75.0" />
  <Point X="193.0" Y="75.0" />
  <Point X="193.0" Y="73.0" />
  <Point X="194.0" Y="72.0" />
  <Point X="194.0" Y="71.80091317245191" />
  <Point X="194.0" Y="71.0" />
  <Point X="195.0" Y="70.0" />
  <Point X="195.0" Y="69.0" />
  <Point X="195.0" Y="68.0" />
  <Point X="196.0" Y="67.0" />
  <Point X="196.0" Y="66.0" />
  <Point X="197.0" Y="66.0" />
  <Point X="197.0" Y="65.0" />
  <Point X="198.0" Y="64.0" />
  <Point X="198.0" Y="63.0" />
  <Point X="198.0" Y="62.08622686479849" />
  <Point X="198.0" Y="62.0" />
  <Point X="199.0" Y="62.0" />
  <Point X="199.0" Y="61.0" />
  <Point X="200.0" Y="61.0" />
  <Point X="200.0" Y="60.0" />
  <Point X="201.0" Y="59.0" />
  <Point X="201.0" Y="58.0" />
  <Point X="202.0" Y="58.0" />
  <Point X="202.0" Y="57.0" />
  <Point X="203.0" Y="57.0" />
  <Point X="204.0" Y="56.0" />
  <Point X="205.0" Y="56.0" />
  <Point X="205.0" Y="55.957326994771975" />
  <Point X="205.0" Y="55.0" />
  <Point X="205.0" Y="54.0" />
  <Point X="206.0" Y="54.0" />
  <Point X="206.0" Y="53.0" />
  <Point X="207.0" Y="53.0" />
  <Point X="208.0" Y="53.0" />
  <Point X="208.0" Y="52.0" />
  <Point X="209.0" Y="52.0" />
  <Point X="210.0" Y="52.0" />
  <Point X="210.0" Y="51.0" />
  <Point X="211.0" Y="51.0" />
  <Point X="212.0" Y="51.0" />
</Project_1_Part_4>
