<?xml version="1.0" encoding="utf-8" standalone="yes"?>
<Gesture Name="zig_zag2" Subject="3" Number="3" NumPts="428">
  <Point X="72.0" Y="141.0" />
  <Point X="72.0" Y="140.0" />
  <Point X="72.0" Y="139.0" />
  <Point X="72.0" Y="138.0" />
  <Point X="72.0" Y="137.0" />
  <Point X="72.0" Y="136.0" />
  <Point X="72.0" Y="135.0" />
  <Point X="72.0" Y="134.29592728172167" />
  <Point X="72.0" Y="134.0" />
  <Point X="73.0" Y="133.0" />
  <Point X="73.0" Y="132.0" />
  <Point X="73.0" Y="131.0" />
  <Point X="73.0" Y="130.0" />
  <Point X="73.0" Y="129.0" />
  <Point X="73.99393187418355" Y="129.0" />
  <Point X="74.0" Y="129.0" />
  <Point X="74.0" Y="128.0" />
  <Point X="74.0" Y="127.0" />
  <Point X="74.0" Y="126.0" />
  <Point X="74.0" Y="125.0" />
  <Point X="74.0" Y="124.0" />
  <Point X="74.0" Y="123.0" />
  <Point X="74.49356378062913" Y="122.50643621937087" />
  <Point X="75.0" Y="122.0" />
  <Point X="75.0" Y="121.0" />
  <Point X="75.0" Y="119.0" />
  <Point X="75.0" Y="118.0" />
  <Point X="76.0" Y="118.0" />
  <Point X="76.0" Y="117.01213625163292" />
  <Point X="76.0" Y="117.0" />
  <Point X="76.0" Y="116.0" />
  <Point X="77.0" Y="115.0" />
  <Point X="77.0" Y="114.0" />
  <Point X="77.0" Y="113.0" />
  <Point X="77.0" Y="112.0" />
  <Point X="77.0" Y="111.0" />
  <Point X="77.2777229042723" Y="111.0" />
  <Point X="78.0" Y="111.0" />
  <Point X="78.0" Y="110.0" />
  <Point X="78.0" Y="108.0" />
  <Point X="78.0" Y="107.0" />
  <Point X="78.0" Y="106.0" />
  <Point X="78.6942343424448" Y="105.3057656575552" />
  <Point X="79.0" Y="105.0" />
  <Point X="79.0" Y="104.0" />
  <Point X="79.0" Y="103.0" />
  <Point X="79.0" Y="102.0" />
  <Point X="80.0" Y="102.0" />
  <Point X="80.0" Y="101.0" />
  <Point X="80.0" Y="100.0" />
  <Point X="80.0" Y="99.72834522154417" />
  <Point X="80.0" Y="99.0" />
  <Point X="80.0" Y="97.0" />
  <Point X="81.0" Y="96.0" />
  <Point X="81.0" Y="95.0" />
  <Point X="81.69833026100889" Y="93.60333947798222" />
  <Point X="82.0" Y="93.0" />
  <Point X="82.0" Y="92.0" />
  <Point X="82.0" Y="90.0" />
  <Point X="83.0" Y="89.0" />
  <Point X="83.0" Y="88.0" />
  <Point X="83.0" Y="87.38469488723351" />
  <Point X="83.0" Y="87.0" />
  <Point X="83.0" Y="86.0" />
  <Point X="83.0" Y="85.0" />
  <Point X="83.0" Y="84.0" />
  <Point X="84.0" Y="83.0" />
  <Point X="84.0" Y="81.09483573132829" />
  <Point X="84.0" Y="81.0" />
  <Point X="84.0" Y="80.0" />
  <Point X="84.0" Y="79.0" />
  <Point X="85.0" Y="78.0" />
  <Point X="85.0" Y="77.0" />
  <Point X="85.0" Y="76.0" />
  <Point X="86.0" Y="76.0" />
  <Point X="86.0" Y="75.80497657542307" />
  <Point X="86.0" Y="75.0" />
  <Point X="86.0" Y="74.0" />
  <Point X="86.0" Y="73.0" />
  <Point X="86.0" Y="72.0" />
  <Point X="86.0" Y="71.0" />
  <Point X="87.0" Y="70.0" />
  <Point X="87.0" Y="69.51511741951785" />
  <Point X="87.0" Y="69.0" />
  <Point X="87.0" Y="68.0" />
  <Point X="87.0" Y="67.0" />
  <Point X="88.0" Y="66.0" />
  <Point X="88.0" Y="65.0" />
  <Point X="88.0" Y="64.0" />
  <Point X="88.0" Y="63.22525826361262" />
  <Point X="88.0" Y="63.0" />
  <Point X="89.0" Y="62.0" />
  <Point X="89.0" Y="61.0" />
  <Point X="90.0" Y="61.0" />
  <Point X="90.0" Y="60.0" />
  <Point X="90.0" Y="59.0" />
  <Point X="90.0" Y="58.0" />
  <Point X="90.0646008922926" Y="58.0" />
  <Point X="91.0" Y="58.0" />
  <Point X="91.0" Y="57.0" />
  <Point X="91.0" Y="58.0" />
  <Point X="91.0" Y="59.0" />
  <Point X="91.0" Y="60.0" />
  <Point X="91.0" Y="61.0" />
  <Point X="91.76867361057091" Y="61.0" />
  <Point X="92.0" Y="61.0" />
  <Point X="92.0" Y="62.0" />
  <Point X="92.0" Y="63.0" />
  <Point X="92.0" Y="64.0" />
  <Point X="92.0" Y="65.0" />
  <Point X="92.0" Y="66.0" />
  <Point X="92.0" Y="67.0" />
  <Point X="92.47274632884924" Y="67.0" />
  <Point X="93.0" Y="67.0" />
  <Point X="93.0" Y="68.0" />
  <Point X="93.0" Y="69.0" />
  <Point X="94.0" Y="70.0" />
  <Point X="94.0" Y="71.0" />
  <Point X="94.0" Y="72.0" />
  <Point X="94.0" Y="72.76260548475446" />
  <Point X="94.0" Y="73.0" />
  <Point X="94.0" Y="74.0" />
  <Point X="95.0" Y="75.0" />
  <Point X="95.0" Y="76.0" />
  <Point X="96.0" Y="77.0" />
  <Point X="96.0" Y="78.63825107828659" />
  <Point X="96.0" Y="79.0" />
  <Point X="96.0" Y="80.0" />
  <Point X="97.0" Y="82.0" />
  <Point X="97.0" Y="84.0" />
  <Point X="97.0" Y="85.0" />
  <Point X="97.07513421020147" Y="85.07513421020147" />
  <Point X="98.0" Y="86.0" />
  <Point X="98.0" Y="87.0" />
  <Point X="99.0" Y="88.0" />
  <Point X="99.0" Y="89.0" />
  <Point X="99.0" Y="90.0" />
  <Point X="99.0" Y="90.98190141259724" />
  <Point X="99.0" Y="92.0" />
  <Point X="100.0" Y="92.0" />
  <Point X="100.0" Y="94.0" />
  <Point X="101.0" Y="96.0" />
  <Point X="101.0" Y="96.44990615337576" />
  <Point X="101.0" Y="98.0" />
  <Point X="102.0" Y="98.0" />
  <Point X="102.0" Y="99.0" />
  <Point X="102.0" Y="100.0" />
  <Point X="102.0" Y="101.0" />
  <Point X="102.8159862854926" Y="101.8159862854926" />
  <Point X="103.0" Y="102.0" />
  <Point X="103.0" Y="103.0" />
  <Point X="103.0" Y="104.0" />
  <Point X="104.0" Y="105.0" />
  <Point X="104.0" Y="106.0" />
  <Point X="105.0" Y="106.0" />
  <Point X="105.0" Y="107.0" />
  <Point X="105.0" Y="107.0296244651862" />
  <Point X="105.0" Y="108.0" />
  <Point X="105.0" Y="109.0" />
  <Point X="106.0" Y="110.0" />
  <Point X="106.0" Y="111.0" />
  <Point X="107.0" Y="112.0" />
  <Point X="107.0" Y="112.90527005871833" />
  <Point X="107.0" Y="113.0" />
  <Point X="108.0" Y="114.0" />
  <Point X="109.0" Y="114.0" />
  <Point X="109.0" Y="115.0" />
  <Point X="109.0" Y="116.0" />
  <Point X="110.0" Y="116.0" />
  <Point X="110.0" Y="117.0" />
  <Point X="110.19512921462355" Y="117.0" />
  <Point X="111.0" Y="117.0" />
  <Point X="111.0" Y="118.0" />
  <Point X="111.0" Y="117.0" />
  <Point X="112.0" Y="117.0" />
  <Point X="112.0" Y="116.0" />
  <Point X="112.0" Y="115.0" />
  <Point X="112.0" Y="114.10079806709814" />
  <Point X="112.0" Y="114.0" />
  <Point X="113.0" Y="113.0" />
  <Point X="113.0" Y="112.0" />
  <Point X="113.0" Y="111.0" />
  <Point X="113.0" Y="110.0" />
  <Point X="113.0" Y="109.0" />
  <Point X="113.0" Y="107.81093891119292" />
  <Point X="113.0" Y="107.0" />
  <Point X="114.0" Y="107.0" />
  <Point X="114.0" Y="106.0" />
  <Point X="114.0" Y="105.0" />
  <Point X="114.0" Y="104.0" />
  <Point X="114.0" Y="103.0" />
  <Point X="114.0" Y="102.1068661929146" />
  <Point X="114.0" Y="102.0" />
  <Point X="114.0" Y="100.0" />
  <Point X="115.0" Y="99.0" />
  <Point X="115.0" Y="97.0" />
  <Point X="115.0" Y="96.0" />
  <Point X="115.0" Y="95.81700703700938" />
  <Point X="115.0" Y="94.0" />
  <Point X="115.0" Y="93.0" />
  <Point X="115.0" Y="92.0" />
  <Point X="115.0" Y="91.0" />
  <Point X="115.0" Y="90.0" />
  <Point X="115.62725015858314" Y="89.37274984141686" />
  <Point X="116.0" Y="89.0" />
  <Point X="116.0" Y="87.0" />
  <Point X="116.0" Y="86.0" />
  <Point X="117.0" Y="86.0" />
  <Point X="117.0" Y="85.0" />
  <Point X="117.0" Y="84.0" />
  <Point X="117.0" Y="83.82307516282583" />
  <Point X="117.0" Y="83.0" />
  <Point X="117.0" Y="81.0" />
  <Point X="117.0" Y="80.0" />
  <Point X="117.0" Y="79.0" />
  <Point X="117.0" Y="78.0" />
  <Point X="117.0" Y="77.1190024445475" />
  <Point X="117.0" Y="77.0" />
  <Point X="117.0" Y="76.0" />
  <Point X="117.0" Y="75.0" />
  <Point X="118.0" Y="74.0" />
  <Point X="118.0" Y="73.0" />
  <Point X="118.0" Y="72.0" />
  <Point X="118.0" Y="71.0" />
  <Point X="118.0" Y="70.82914328864229" />
  <Point X="118.0" Y="70.0" />
  <Point X="118.0" Y="69.0" />
  <Point X="118.0" Y="68.0" />
  <Point X="118.0" Y="67.0" />
  <Point X="118.0" Y="66.0" />
  <Point X="118.0" Y="65.0" />
  <Point X="118.0" Y="64.12507057036396" />
  <Point X="118.0" Y="64.0" />
  <Point X="118.0" Y="63.0" />
  <Point X="118.0" Y="62.0" />
  <Point X="118.0" Y="61.0" />
  <Point X="118.0" Y="62.0" />
  <Point X="118.0" Y="63.0" />
  <Point X="118.0" Y="64.0" />
  <Point X="118.0" Y="64.57900214791437" />
  <Point X="118.0" Y="65.0" />
  <Point X="118.0" Y="66.0" />
  <Point X="118.0" Y="67.0" />
  <Point X="118.0" Y="68.0" />
  <Point X="118.0" Y="69.0" />
  <Point X="119.0" Y="71.0" />
  <Point X="119.0" Y="71.04700688869289" />
  <Point X="119.0" Y="73.0" />
  <Point X="119.0" Y="74.0" />
  <Point X="119.0" Y="76.0" />
  <Point X="120.0" Y="77.0" />
  <Point X="120.0" Y="77.33686604459811" />
  <Point X="120.0" Y="78.0" />
  <Point X="120.0" Y="79.0" />
  <Point X="120.0" Y="81.0" />
  <Point X="120.0" Y="83.0" />
  <Point X="121.0" Y="83.0" />
  <Point X="121.0" Y="83.04093876287644" />
  <Point X="121.0" Y="84.0" />
  <Point X="121.0" Y="86.0" />
  <Point X="122.0" Y="86.0" />
  <Point X="122.0" Y="87.0" />
  <Point X="122.0" Y="88.0" />
  <Point X="122.0" Y="88.74501148115476" />
  <Point X="122.0" Y="89.0" />
  <Point X="122.0" Y="90.0" />
  <Point X="122.0" Y="91.0" />
  <Point X="123.0" Y="93.0" />
  <Point X="123.0" Y="94.0" />
  <Point X="123.0" Y="95.0" />
  <Point X="123.0" Y="95.21301622193329" />
  <Point X="123.0" Y="96.0" />
  <Point X="123.0" Y="97.0" />
  <Point X="123.0" Y="98.0" />
  <Point X="124.0" Y="99.0" />
  <Point X="124.0" Y="101.0" />
  <Point X="124.5028753778385" Y="101.0" />
  <Point X="125.0" Y="101.0" />
  <Point X="125.0" Y="102.0" />
  <Point X="125.0" Y="103.0" />
  <Point X="125.0" Y="104.0" />
  <Point X="125.0" Y="105.0" />
  <Point X="125.0" Y="106.0" />
  <Point X="126.0" Y="106.0" />
  <Point X="126.0" Y="106.20694809611683" />
  <Point X="126.0" Y="107.0" />
  <Point X="126.0" Y="108.0" />
  <Point X="126.0" Y="109.0" />
  <Point X="126.0" Y="110.0" />
  <Point X="126.0" Y="111.0" />
  <Point X="127.0" Y="111.0" />
  <Point X="127.0" Y="111.91102081439516" />
  <Point X="127.0" Y="112.0" />
  <Point X="127.0" Y="113.0" />
  <Point X="127.0" Y="114.0" />
  <Point X="128.0" Y="114.0" />
  <Point X="128.0" Y="115.0" />
  <Point X="129.0" Y="115.0" />
  <Point X="129.0" Y="116.0" />
  <Point X="129.0" Y="116.61509353267348" />
  <Point X="129.0" Y="117.0" />
  <Point X="129.0" Y="118.0" />
  <Point X="130.0" Y="118.0" />
  <Point X="130.0" Y="119.0" />
  <Point X="131.0" Y="120.0" />
  <Point X="131.0" Y="121.0" />
  <Point X="131.9049526885787" Y="121.0" />
  <Point X="132.0" Y="121.0" />
  <Point X="132.0" Y="122.0" />
  <Point X="133.0" Y="122.0" />
  <Point X="134.0" Y="122.0" />
  <Point X="135.0" Y="122.0" />
  <Point X="135.0" Y="121.0" />
  <Point X="135.0" Y="120.0" />
  <Point X="135.4306459951035" Y="119.56935400489651" />
  <Point X="136.0" Y="119.0" />
  <Point X="137.0" Y="118.0" />
  <Point X="137.0" Y="117.0" />
  <Point X="138.0" Y="116.0" />
  <Point X="138.0" Y="115.0" />
  <Point X="138.0" Y="114.0" />
  <Point X="138.07045743801606" Y="114.0" />
  <Point X="139.0" Y="114.0" />
  <Point X="139.0" Y="113.0" />
  <Point X="139.0" Y="112.0" />
  <Point X="140.0" Y="111.0" />
  <Point X="141.0" Y="110.0" />
  <Point X="141.0" Y="109.05389696845181" />
  <Point X="141.0" Y="108.0" />
  <Point X="142.0" Y="108.0" />
  <Point X="142.0" Y="107.0" />
  <Point X="142.0" Y="105.0" />
  <Point X="143.0" Y="105.0" />
  <Point X="143.0" Y="104.3498242501735" />
  <Point X="143.0" Y="103.0" />
  <Point X="144.0" Y="103.0" />
  <Point X="144.0" Y="102.0" />
  <Point X="144.0" Y="101.0" />
  <Point X="145.0" Y="100.0" />
  <Point X="145.0" Y="99.05996509426828" />
  <Point X="145.0" Y="99.0" />
  <Point X="145.0" Y="97.0" />
  <Point X="145.0" Y="96.0" />
  <Point X="146.0" Y="95.0" />
  <Point X="146.0" Y="94.0" />
  <Point X="146.86966643112456" Y="93.13033356887546" />
  <Point X="147.0" Y="93.0" />
  <Point X="147.0" Y="92.0" />
  <Point X="147.0" Y="91.0" />
  <Point X="148.0" Y="90.0" />
  <Point X="148.0" Y="89.0" />
  <Point X="149.0" Y="88.0" />
  <Point X="149.0" Y="87.30867390720402" />
  <Point X="149.0" Y="87.0" />
  <Point X="149.0" Y="86.0" />
  <Point X="149.0" Y="85.0" />
  <Point X="150.0" Y="84.0" />
  <Point X="150.0" Y="83.0" />
  <Point X="150.0" Y="82.0" />
  <Point X="150.43879938292318" Y="81.12240123415363" />
  <Point X="151.0" Y="80.0" />
  <Point X="152.0" Y="79.0" />
  <Point X="152.0" Y="78.0" />
  <Point X="152.0" Y="77.0" />
  <Point X="152.0" Y="76.0" />
  <Point X="152.73183884997533" Y="75.26816115002467" />
  <Point X="153.0" Y="75.0" />
  <Point X="153.0" Y="74.0" />
  <Point X="154.0" Y="73.0" />
  <Point X="154.0" Y="72.0" />
  <Point X="154.0" Y="71.0" />
  <Point X="154.0" Y="70.0" />
  <Point X="154.4072425479913" Y="69.1855149040174" />
  <Point X="155.0" Y="68.0" />
  <Point X="155.0" Y="67.0" />
  <Point X="156.0" Y="67.0" />
  <Point X="156.0" Y="66.0" />
  <Point X="156.0" Y="65.0" />
  <Point X="156.97483633172342" Y="64.02516366827658" />
  <Point X="157.0" Y="64.0" />
  <Point X="157.0" Y="62.0" />
  <Point X="157.0" Y="61.0" />
  <Point X="157.0" Y="60.0" />
  <Point X="158.0" Y="60.0" />
  <Point X="158.0" Y="59.0" />
  <Point X="158.47269092526648" Y="58.52730907473353" />
  <Point X="159.0" Y="58.0" />
  <Point X="159.0" Y="56.0" />
  <Point X="159.0" Y="55.0" />
  <Point X="159.0" Y="54.0" />
  <Point X="160.0" Y="53.0" />
  <Point X="160.0" Y="52.45586848914534" />
  <Point X="160.0" Y="52.0" />
  <Point X="160.0" Y="51.0" />
  <Point X="161.0" Y="51.0" />
  <Point X="161.0" Y="50.0" />
  <Point X="161.0" Y="49.0" />
  <Point X="161.0" Y="48.0" />
  <Point X="161.5582139012288" Y="46.88357219754237" />
  <Point X="162.0" Y="46.0" />
  <Point X="162.0" Y="45.0" />
  <Point X="163.0" Y="45.0" />
  <Point X="163.0" Y="44.0" />
  <Point X="163.0" Y="43.0" />
  <Point X="163.0" Y="42.0" />
  <Point X="163.71620896991152" Y="42.0" />
  <Point X="164.0" Y="42.0" />
  <Point X="164.0" Y="41.0" />
  <Point X="164.0" Y="40.0" />
  <Point X="164.0" Y="39.0" />
  <Point X="165.0" Y="38.0" />
  <Point X="165.0" Y="37.0" />
  <Point X="165.0" Y="36.0" />
  <Point X="165.00429081291412" Y="35.995709187085886" />
  <Point X="166.0" Y="35.0" />
  <Point X="166.0" Y="34.0" />
  <Point X="167.0" Y="34.0" />
  <Point X="167.0" Y="33.0" />
  <Point X="167.0" Y="32.0" />
  <Point X="168.0" Y="32.0" />
  <Point X="168.0" Y="31.704072718278027" />
  <Point X="168.0" Y="31.0" />
  <Point X="168.0" Y="30.0" />
  <Point X="169.0" Y="30.0" />
  <Point X="169.0" Y="29.0" />
  <Point X="170.0" Y="29.0" />
  <Point X="170.0" Y="28.0" />
  <Point X="171.0" Y="28.0" />
</Project_1_Part_4>
